trial_id,timestamp_utc,model_type,ranking,random_seed,score,k,N,threshold,tp,fp,p_oof_mean,features,hyperparameters
1,2026-06-05T11:14:42.396300+00:00,extra,ranking_rf,1,5295,4,998,0.560330729756712,739,259,0.4994054644223942,"[""V176"", ""V191"", ""V255"", ""V160""]","{""n_estimators"": 222, ""max_depth"": 8, ""min_samples_split"": 9, ""min_samples_leaf"": 6, ""criterion"": ""entropy"", ""class_weight"": ""balanced""}"
2,2026-06-05T11:15:05.557071+00:00,extra,ranking_rf,2,5300,4,1000,0.5249795440002908,740,260,0.49741305555642384,"[""V176"", ""V191"", ""V255"", ""V160""]","{""n_estimators"": 87, ""max_depth"": 4, ""min_samples_split"": 5, ""min_samples_leaf"": 9, ""criterion"": ""gini"", ""class_weight"": null}"
3,2026-06-05T11:16:06.486755+00:00,extra,ranking_rf,3,5205,6,999,0.5645656872032426,760,239,0.4991553690491981,"[""V176"", ""V191"", ""V255"", ""V160"", ""V224"", ""V215""]","{""n_estimators"": 218, ""max_depth"": null, ""min_samples_split"": 9, ""min_samples_leaf"": 9, ""criterion"": ""gini"", ""class_weight"": ""balanced""}"
4,2026-06-05T11:17:43.463925+00:00,extra,ranking_rf,4,5280,4,998,0.5383041357996494,738,260,0.497390679332115,"[""V176"", ""V191"", ""V255"", ""V160""]","{""n_estimators"": 412, ""max_depth"": 5, ""min_samples_split"": 2, ""min_samples_leaf"": 4, ""criterion"": ""gini"", ""class_weight"": null}"
5,2026-06-05T11:18:30.669240+00:00,extra,ranking_rf,5,5315,4,1000,0.5384839399647734,741,259,0.4996391040494352,"[""V176"", ""V191"", ""V255"", ""V160""]","{""n_estimators"": 172, ""max_depth"": 5, ""min_samples_split"": 8, ""min_samples_leaf"": 8, ""criterion"": ""entropy"", ""class_weight"": ""balanced""}"
6,2026-06-05T11:20:05.965797+00:00,extra,ranking_rf,6,5180,4,1000,0.570964181001761,732,268,0.4969418668965552,"[""V176"", ""V191"", ""V255"", ""V160""]","{""n_estimators"": 405, ""max_depth"": 11, ""min_samples_split"": 8, ""min_samples_leaf"": 7, ""criterion"": ""entropy"", ""class_weight"": null}"
7,2026-06-05T11:21:50.989089+00:00,extra,ranking_rf,7,5315,7,1000,0.5734271083339573,781,219,0.49622849775796857,"[""V176"", ""V191"", ""V255"", ""V160"", ""V224"", ""V215"", ""V380""]","{""n_estimators"": 444, ""max_depth"": 14, ""min_samples_split"": 3, ""min_samples_leaf"": 4, ""criterion"": ""gini"", ""class_weight"": null}"
8,2026-06-05T11:22:45.887590+00:00,extra,ranking_rf,8,5360,4,1000,0.5502121711347082,744,256,0.4973598653628263,"[""V176"", ""V191"", ""V255"", ""V160""]","{""n_estimators"": 225, ""max_depth"": 7, ""min_samples_split"": 6, ""min_samples_leaf"": 7, ""criterion"": ""gini"", ""class_weight"": null}"
9,2026-06-05T11:24:17.883331+00:00,extra,ranking_rf,9,5290,4,999,0.5359163625619373,739,260,0.49737948190934056,"[""V176"", ""V191"", ""V255"", ""V160""]","{""n_estimators"": 390, ""max_depth"": 5, ""min_samples_split"": 3, ""min_samples_leaf"": 6, ""criterion"": ""entropy"", ""class_weight"": null}"
10,2026-06-05T11:25:59.106358+00:00,extra,ranking_rf,10,5320,3,1000,0.5293032099201848,728,272,0.49740253656966005,"[""V176"", ""V191"", ""V255""]","{""n_estimators"": 432, ""max_depth"": 9, ""min_samples_split"": 6, ""min_samples_leaf"": 6, ""criterion"": ""entropy"", ""class_weight"": null}"
11,2026-06-05T11:27:14.617802+00:00,extra,ranking_rf,11,5285,4,1000,0.5786886996559407,739,261,0.49694938234310937,"[""V176"", ""V191"", ""V255"", ""V160""]","{""n_estimators"": 315, ""max_depth"": 11, ""min_samples_split"": 7, ""min_samples_leaf"": 5, ""criterion"": ""gini"", ""class_weight"": null}"
12,2026-06-05T11:29:02.454071+00:00,extra,ranking_rf,12,5315,4,1000,0.5743472893676945,741,259,0.49725700532176254,"[""V176"", ""V191"", ""V255"", ""V160""]","{""n_estimators"": 459, ""max_depth"": 9, ""min_samples_split"": 9, ""min_samples_leaf"": 1, ""criterion"": ""entropy"", ""class_weight"": null}"
13,2026-06-05T11:30:32.661522+00:00,extra,ranking_rf,13,5340,4,998,0.5625659055382602,742,256,0.49708937358269667,"[""V176"", ""V191"", ""V255"", ""V160""]","{""n_estimators"": 381, ""max_depth"": 9, ""min_samples_split"": 5, ""min_samples_leaf"": 7, ""criterion"": ""entropy"", ""class_weight"": null}"
14,2026-06-05T11:32:16.123877+00:00,extra,ranking_rf,14,5370,4,998,0.5497242277344891,744,254,0.49964964210709006,"[""V176"", ""V191"", ""V255"", ""V160""]","{""n_estimators"": 388, ""max_depth"": 6, ""min_samples_split"": 2, ""min_samples_leaf"": 1, ""criterion"": ""entropy"", ""class_weight"": ""balanced""}"
15,2026-06-05T11:32:55.106032+00:00,extra,ranking_rf,15,5245,3,1000,0.5121258996248214,723,277,0.49762730767978103,"[""V176"", ""V191"", ""V255""]","{""n_estimators"": 157, ""max_depth"": 3, ""min_samples_split"": 2, ""min_samples_leaf"": 7, ""criterion"": ""gini"", ""class_weight"": null}"
16,2026-06-05T11:34:13.670381+00:00,extra,ranking_rf,16,5305,4,999,0.5398866219021986,740,259,0.49973936872346747,"[""V176"", ""V191"", ""V255"", ""V160""]","{""n_estimators"": 295, ""max_depth"": 5, ""min_samples_split"": 6, ""min_samples_leaf"": 6, ""criterion"": ""gini"", ""class_weight"": ""balanced""}"
17,2026-06-05T11:35:07.157891+00:00,extra,ranking_rf,17,5360,4,1000,0.5522627221238303,744,256,0.4972443114621023,"[""V176"", ""V191"", ""V255"", ""V160""]","{""n_estimators"": 219, ""max_depth"": 7, ""min_samples_split"": 8, ""min_samples_leaf"": 6, ""criterion"": ""entropy"", ""class_weight"": null}"
18,2026-06-05T11:35:47.584847+00:00,extra,ranking_rf,18,5320,4,999,0.5641497398304971,741,258,0.49710788667495964,"[""V176"", ""V191"", ""V255"", ""V160""]","{""n_estimators"": 161, ""max_depth"": 10, ""min_samples_split"": 3, ""min_samples_leaf"": 7, ""criterion"": ""entropy"", ""class_weight"": null}"
19,2026-06-05T11:37:10.050040+00:00,extra,ranking_rf,19,5365,4,999,0.5268394779782761,744,255,0.49749623989201575,"[""V176"", ""V191"", ""V255"", ""V160""]","{""n_estimators"": 348, ""max_depth"": 4, ""min_samples_split"": 5, ""min_samples_leaf"": 9, ""criterion"": ""gini"", ""class_weight"": null}"
20,2026-06-05T11:37:50.908388+00:00,extra,ranking_rf,20,5315,4,1000,0.5829684330745517,741,259,0.49897680403793127,"[""V176"", ""V191"", ""V255"", ""V160""]","{""n_estimators"": 143, ""max_depth"": 12, ""min_samples_split"": 8, ""min_samples_leaf"": 6, ""criterion"": ""gini"", ""class_weight"": ""balanced""}"
21,2026-06-05T11:39:26.952366+00:00,extra,ranking_rf,21,5275,4,999,0.5851253123614515,738,261,0.49669932634809355,"[""V176"", ""V191"", ""V255"", ""V160""]","{""n_estimators"": 405, ""max_depth"": 13, ""min_samples_split"": 4, ""min_samples_leaf"": 5, ""criterion"": ""gini"", ""class_weight"": null}"
22,2026-06-05T11:40:28.812890+00:00,extra,ranking_rf,22,5210,4,1000,0.5283739813236114,734,266,0.4973999200701339,"[""V176"", ""V191"", ""V255"", ""V160""]","{""n_estimators"": 257, ""max_depth"": 4, ""min_samples_split"": 2, ""min_samples_leaf"": 5, ""criterion"": ""entropy"", ""class_weight"": null}"
23,2026-06-05T11:42:20.638114+00:00,extra,ranking_rf,23,5280,4,995,0.5361420889161982,737,258,0.49983671690639675,"[""V176"", ""V191"", ""V255"", ""V160""]","{""n_estimators"": 423, ""max_depth"": 4, ""min_samples_split"": 6, ""min_samples_leaf"": 1, ""criterion"": ""gini"", ""class_weight"": ""balanced""}"
24,2026-06-05T11:42:58.968846+00:00,extra,ranking_rf,24,5185,7,999,0.5549580957351715,772,227,0.4992153274160937,"[""V176"", ""V191"", ""V255"", ""V160"", ""V224"", ""V215"", ""V380""]","{""n_estimators"": 133, ""max_depth"": 14, ""min_samples_split"": 8, ""min_samples_leaf"": 9, ""criterion"": ""entropy"", ""class_weight"": ""balanced""}"
25,2026-06-05T11:45:04.475129+00:00,extra,ranking_rf,25,5345,7,1000,0.5855842945058696,783,217,0.49720094855124963,"[""V176"", ""V191"", ""V255"", ""V160"", ""V224"", ""V215"", ""V380""]","{""n_estimators"": 468, ""max_depth"": 13, ""min_samples_split"": 5, ""min_samples_leaf"": 1, ""criterion"": ""entropy"", ""class_weight"": ""balanced""}"
26,2026-06-05T11:45:55.248636+00:00,extra,ranking_rf,26,5360,4,1000,0.5554920671499858,744,256,0.49964500297937614,"[""V176"", ""V191"", ""V255"", ""V160""]","{""n_estimators"": 182, ""max_depth"": 8, ""min_samples_split"": 8, ""min_samples_leaf"": 7, ""criterion"": ""gini"", ""class_weight"": ""balanced""}"
27,2026-06-05T11:47:31.854266+00:00,extra,ranking_rf,27,5270,4,1000,0.5826339690298937,738,262,0.4991205312199553,"[""V176"", ""V191"", ""V255"", ""V160""]","{""n_estimators"": 359, ""max_depth"": 13, ""min_samples_split"": 8, ""min_samples_leaf"": 7, ""criterion"": ""gini"", ""class_weight"": ""balanced""}"
28,2026-06-05T11:47:50.903485+00:00,extra,ranking_rf,28,5275,4,999,0.5675459123985972,738,261,0.4964814010656067,"[""V176"", ""V191"", ""V255"", ""V160""]","{""n_estimators"": 69, ""max_depth"": 12, ""min_samples_split"": 2, ""min_samples_leaf"": 9, ""criterion"": ""entropy"", ""class_weight"": null}"
29,2026-06-05T11:49:12.345058+00:00,extra,ranking_rf,29,5330,4,997,0.5227795700501622,741,256,0.49987273754158107,"[""V176"", ""V191"", ""V255"", ""V160""]","{""n_estimators"": 307, ""max_depth"": 3, ""min_samples_split"": 3, ""min_samples_leaf"": 6, ""criterion"": ""gini"", ""class_weight"": ""balanced""}"
30,2026-06-05T11:50:51.634965+00:00,extra,ranking_rf,30,5350,7,999,0.5578305271134811,783,216,0.4967726859686882,"[""V176"", ""V191"", ""V255"", ""V160"", ""V224"", ""V215"", ""V380""]","{""n_estimators"": 421, ""max_depth"": 10, ""min_samples_split"": 6, ""min_samples_leaf"": 3, ""criterion"": ""gini"", ""class_weight"": null}"
31,2026-06-05T11:52:23.908787+00:00,extra,ranking_rf,31,5240,4,1000,0.5774574350356602,736,264,0.4992040197454851,"[""V176"", ""V191"", ""V255"", ""V160""]","{""n_estimators"": 343, ""max_depth"": 10, ""min_samples_split"": 7, ""min_samples_leaf"": 5, ""criterion"": ""entropy"", ""class_weight"": ""balanced""}"
32,2026-06-05T11:53:36.509683+00:00,extra,ranking_rf,32,5295,8,1000,0.6287999284518878,793,207,0.49365114020646594,"[""V176"", ""V191"", ""V255"", ""V160"", ""V224"", ""V215"", ""V380"", ""V342""]","{""n_estimators"": 260, ""max_depth"": null, ""min_samples_split"": 9, ""min_samples_leaf"": 1, ""criterion"": ""entropy"", ""class_weight"": ""balanced""}"
33,2026-06-05T11:54:47.860843+00:00,extra,ranking_rf,33,5210,4,1000,0.5247863711840386,734,266,0.4999071446261315,"[""V176"", ""V191"", ""V255"", ""V160""]","{""n_estimators"": 265, ""max_depth"": 3, ""min_samples_split"": 5, ""min_samples_leaf"": 6, ""criterion"": ""gini"", ""class_weight"": ""balanced""}"
34,2026-06-05T11:55:09.298851+00:00,extra,ranking_rf,34,5185,4,999,0.5695890352462789,732,267,0.4994039348214335,"[""V176"", ""V191"", ""V255"", ""V160""]","{""n_estimators"": 70, ""max_depth"": 11, ""min_samples_split"": 9, ""min_samples_leaf"": 9, ""criterion"": ""gini"", ""class_weight"": ""balanced""}"
35,2026-06-05T11:57:13.361068+00:00,extra,ranking_rf,35,5305,4,999,0.569695776944255,740,259,0.4994412855915559,"[""V176"", ""V191"", ""V255"", ""V160""]","{""n_estimators"": 467, ""max_depth"": 10, ""min_samples_split"": 4, ""min_samples_leaf"": 7, ""criterion"": ""entropy"", ""class_weight"": ""balanced""}"
36,2026-06-05T11:58:21.840498+00:00,extra,ranking_rf,36,5240,4,1000,0.5668854102920795,736,264,0.49927971626625983,"[""V176"", ""V191"", ""V255"", ""V160""]","{""n_estimators"": 251, ""max_depth"": 10, ""min_samples_split"": 9, ""min_samples_leaf"": 8, ""criterion"": ""entropy"", ""class_weight"": ""balanced""}"
37,2026-06-05T11:59:12.923929+00:00,extra,ranking_rf,37,5445,4,998,0.5487789346663289,749,249,0.49962135021384985,"[""V176"", ""V191"", ""V255"", ""V160""]","{""n_estimators"": 183, ""max_depth"": 7, ""min_samples_split"": 4, ""min_samples_leaf"": 9, ""criterion"": ""gini"", ""class_weight"": ""balanced""}"
38,2026-06-05T12:01:12.630436+00:00,extra,ranking_rf,38,5320,4,999,0.5794427132985015,741,258,0.49909499598421536,"[""V176"", ""V191"", ""V255"", ""V160""]","{""n_estimators"": 449, ""max_depth"": 12, ""min_samples_split"": 5, ""min_samples_leaf"": 6, ""criterion"": ""gini"", ""class_weight"": ""balanced""}"
39,2026-06-05T12:03:02.330063+00:00,extra,ranking_rf,39,5225,4,1000,0.5795800877750167,735,265,0.49679785003275084,"[""V176"", ""V191"", ""V255"", ""V160""]","{""n_estimators"": 467, ""max_depth"": 12, ""min_samples_split"": 5, ""min_samples_leaf"": 6, ""criterion"": ""entropy"", ""class_weight"": null}"
40,2026-06-05T12:04:45.280575+00:00,extra,ranking_rf,40,5290,4,996,0.5387578264908117,738,258,0.49745815895920714,"[""V176"", ""V191"", ""V255"", ""V160""]","{""n_estimators"": 443, ""max_depth"": 5, ""min_samples_split"": 3, ""min_samples_leaf"": 1, ""criterion"": ""entropy"", ""class_weight"": null}"
41,2026-06-05T12:06:25.843274+00:00,extra,ranking_rf,41,5345,4,1000,0.5648534348034674,743,257,0.499397269743786,"[""V176"", ""V191"", ""V255"", ""V160""]","{""n_estimators"": 376, ""max_depth"": 9, ""min_samples_split"": 5, ""min_samples_leaf"": 8, ""criterion"": ""gini"", ""class_weight"": ""balanced""}"
42,2026-06-05T12:08:37.692768+00:00,extra,ranking_rf,42,5285,4,1000,0.5643887873783374,739,261,0.4994809365255893,"[""V176"", ""V191"", ""V255"", ""V160""]","{""n_estimators"": 498, ""max_depth"": 8, ""min_samples_split"": 5, ""min_samples_leaf"": 3, ""criterion"": ""entropy"", ""class_weight"": ""balanced""}"
43,2026-06-05T12:09:20.816273+00:00,extra,ranking_rf,43,5285,4,1000,0.5769416237194771,739,261,0.49915542881057273,"[""V176"", ""V191"", ""V255"", ""V160""]","{""n_estimators"": 152, ""max_depth"": 12, ""min_samples_split"": 5, ""min_samples_leaf"": 8, ""criterion"": ""gini"", ""class_weight"": ""balanced""}"
44,2026-06-05T12:11:03.495129+00:00,extra,ranking_rf,44,5185,6,1000,0.6250312496668581,759,241,0.4934818186390463,"[""V176"", ""V191"", ""V255"", ""V160"", ""V224"", ""V215""]","{""n_estimators"": 374, ""max_depth"": null, ""min_samples_split"": 2, ""min_samples_leaf"": 2, ""criterion"": ""entropy"", ""class_weight"": ""balanced""}"
45,2026-06-05T12:12:31.433328+00:00,extra,ranking_rf,45,5300,4,1000,0.566291566609551,740,260,0.49946753906736574,"[""V176"", ""V191"", ""V255"", ""V160""]","{""n_estimators"": 326, ""max_depth"": 8, ""min_samples_split"": 5, ""min_samples_leaf"": 2, ""criterion"": ""gini"", ""class_weight"": ""balanced""}"
46,2026-06-05T12:14:19.938995+00:00,extra,ranking_rf,46,5255,4,1000,0.5469188530254743,737,263,0.4973737210991415,"[""V176"", ""V191"", ""V255"", ""V160""]","{""n_estimators"": 464, ""max_depth"": 6, ""min_samples_split"": 5, ""min_samples_leaf"": 1, ""criterion"": ""entropy"", ""class_weight"": null}"
47,2026-06-05T12:15:24.938924+00:00,extra,ranking_rf,47,5285,4,1000,0.5239133287825773,739,261,0.49981160922026263,"[""V176"", ""V191"", ""V255"", ""V160""]","{""n_estimators"": 239, ""max_depth"": 3, ""min_samples_split"": 7, ""min_samples_leaf"": 9, ""criterion"": ""entropy"", ""class_weight"": ""balanced""}"
48,2026-06-05T12:16:10.395752+00:00,extra,ranking_rf,48,5240,4,1000,0.5484340580812743,736,264,0.4972842602940471,"[""V176"", ""V191"", ""V255"", ""V160""]","{""n_estimators"": 185, ""max_depth"": 7, ""min_samples_split"": 8, ""min_samples_leaf"": 8, ""criterion"": ""gini"", ""class_weight"": null}"
49,2026-06-05T12:16:27.054443+00:00,extra,ranking_rf,49,5435,4,1000,0.5818526514148384,749,251,0.49938666651464364,"[""V176"", ""V191"", ""V255"", ""V160""]","{""n_estimators"": 50, ""max_depth"": 10, ""min_samples_split"": 5, ""min_samples_leaf"": 2, ""criterion"": ""entropy"", ""class_weight"": ""balanced""}"
50,2026-06-05T12:18:17.865510+00:00,extra,ranking_rf,50,5285,4,1000,0.5208616923892494,739,261,0.49750694194925793,"[""V176"", ""V191"", ""V255"", ""V160""]","{""n_estimators"": 476, ""max_depth"": 3, ""min_samples_split"": 7, ""min_samples_leaf"": 9, ""criterion"": ""entropy"", ""class_weight"": null}"
51,2026-06-05T12:19:12.487091+00:00,extra,ranking_rf,51,5345,4,1000,0.5712164439245164,743,257,0.4970526411748897,"[""V176"", ""V191"", ""V255"", ""V160""]","{""n_estimators"": 226, ""max_depth"": 9, ""min_samples_split"": 2, ""min_samples_leaf"": 2, ""criterion"": ""entropy"", ""class_weight"": null}"
52,2026-06-05T12:19:43.489962+00:00,extra,ranking_rf,52,5390,4,1000,0.540567551373797,746,254,0.4998550046562067,"[""V176"", ""V191"", ""V255"", ""V160""]","{""n_estimators"": 107, ""max_depth"": 5, ""min_samples_split"": 7, ""min_samples_leaf"": 1, ""criterion"": ""gini"", ""class_weight"": ""balanced""}"
53,2026-06-05T12:20:33.651783+00:00,extra,ranking_rf,53,5335,4,999,0.5437358635552665,742,257,0.4973441055392169,"[""V176"", ""V191"", ""V255"", ""V160""]","{""n_estimators"": 206, ""max_depth"": 6, ""min_samples_split"": 5, ""min_samples_leaf"": 8, ""criterion"": ""gini"", ""class_weight"": null}"
54,2026-06-05T12:20:54.131940+00:00,extra,ranking_rf,54,5270,4,997,0.577794322582677,737,260,0.496761615445604,"[""V176"", ""V191"", ""V255"", ""V160""]","{""n_estimators"": 75, ""max_depth"": 11, ""min_samples_split"": 7, ""min_samples_leaf"": 6, ""criterion"": ""gini"", ""class_weight"": null}"
55,2026-06-05T12:21:34.474901+00:00,extra,ranking_rf,55,5270,4,1000,0.5327782955726967,738,262,0.4973893273673575,"[""V176"", ""V191"", ""V255"", ""V160""]","{""n_estimators"": 161, ""max_depth"": 4, ""min_samples_split"": 7, ""min_samples_leaf"": 3, ""criterion"": ""entropy"", ""class_weight"": null}"
56,2026-06-05T12:22:30.585334+00:00,extra,ranking_rf,56,5240,4,1000,0.5233565040547712,736,264,0.4998419323815873,"[""V176"", ""V191"", ""V255"", ""V160""]","{""n_estimators"": 204, ""max_depth"": 3, ""min_samples_split"": 9, ""min_samples_leaf"": 9, ""criterion"": ""gini"", ""class_weight"": ""balanced""}"
57,2026-06-05T12:24:03.570633+00:00,extra,ranking_rf,57,5415,4,998,0.5839343927652535,747,251,0.49679162174443425,"[""V176"", ""V191"", ""V255"", ""V160""]","{""n_estimators"": 391, ""max_depth"": 10, ""min_samples_split"": 6, ""min_samples_leaf"": 1, ""criterion"": ""gini"", ""class_weight"": null}"
58,2026-06-05T12:25:16.534264+00:00,extra,ranking_rf,58,5255,4,1000,0.586792538840081,737,263,0.49878937733759593,"[""V176"", ""V191"", ""V255"", ""V160""]","{""n_estimators"": 264, ""max_depth"": null, ""min_samples_split"": 7, ""min_samples_leaf"": 7, ""criterion"": ""entropy"", ""class_weight"": ""balanced""}"
59,2026-06-05T12:26:48.594373+00:00,extra,ranking_rf,59,5235,4,998,0.5719912115430275,735,263,0.4993153176757187,"[""V176"", ""V191"", ""V255"", ""V160""]","{""n_estimators"": 341, ""max_depth"": 11, ""min_samples_split"": 2, ""min_samples_leaf"": 8, ""criterion"": ""gini"", ""class_weight"": ""balanced""}"
60,2026-06-05T12:27:43.751055+00:00,extra,ranking_rf,60,5345,4,997,0.5360316078601821,742,255,0.49738065846302687,"[""V176"", ""V191"", ""V255"", ""V160""]","{""n_estimators"": 227, ""max_depth"": 5, ""min_samples_split"": 6, ""min_samples_leaf"": 8, ""criterion"": ""gini"", ""class_weight"": null}"
61,2026-06-05T12:28:53.122357+00:00,extra,ranking_rf,61,5305,4,999,0.5450024605002538,740,259,0.499694080781465,"[""V176"", ""V191"", ""V255"", ""V160""]","{""n_estimators"": 255, ""max_depth"": 6, ""min_samples_split"": 3, ""min_samples_leaf"": 7, ""criterion"": ""entropy"", ""class_weight"": ""balanced""}"
62,2026-06-05T12:29:35.066645+00:00,extra,ranking_rf,62,5380,4,999,0.5727033188307478,745,254,0.49938770603536603,"[""V176"", ""V191"", ""V255"", ""V160""]","{""n_estimators"": 149, ""max_depth"": 9, ""min_samples_split"": 4, ""min_samples_leaf"": 3, ""criterion"": ""gini"", ""class_weight"": ""balanced""}"
63,2026-06-05T12:29:55.934175+00:00,extra,ranking_rf,63,5230,3,1000,0.5540945748499386,722,278,0.4996511265224665,"[""V176"", ""V191"", ""V255""]","{""n_estimators"": 68, ""max_depth"": 11, ""min_samples_split"": 2, ""min_samples_leaf"": 2, ""criterion"": ""gini"", ""class_weight"": ""balanced""}"
64,2026-06-05T12:30:20.962203+00:00,extra,ranking_rf,64,5245,4,999,0.562741905560399,736,263,0.49708834654124257,"[""V176"", ""V191"", ""V255"", ""V160""]","{""n_estimators"": 94, ""max_depth"": 9, ""min_samples_split"": 6, ""min_samples_leaf"": 8, ""criterion"": ""entropy"", ""class_weight"": null}"
65,2026-06-05T12:31:03.126544+00:00,extra,ranking_rf,65,5305,4,996,0.5630368013094894,739,257,0.49724072683227544,"[""V176"", ""V191"", ""V255"", ""V160""]","{""n_estimators"": 169, ""max_depth"": 9, ""min_samples_split"": 8, ""min_samples_leaf"": 7, ""criterion"": ""gini"", ""class_weight"": null}"
66,2026-06-05T12:32:26.839656+00:00,extra,ranking_rf,66,5415,4,998,0.553921060899759,747,251,0.4972922182024584,"[""V176"", ""V191"", ""V255"", ""V160""]","{""n_estimators"": 352, ""max_depth"": 8, ""min_samples_split"": 7, ""min_samples_leaf"": 9, ""criterion"": ""entropy"", ""class_weight"": null}"
67,2026-06-05T12:32:45.851183+00:00,extra,ranking_rf,67,5215,3,994,0.5132622894570343,719,275,0.49759972578250755,"[""V176"", ""V191"", ""V255""]","{""n_estimators"": 70, ""max_depth"": 3, ""min_samples_split"": 6, ""min_samples_leaf"": 8, ""criterion"": ""entropy"", ""class_weight"": null}"
68,2026-06-05T12:34:12.783570+00:00,extra,ranking_rf,68,5375,4,1000,0.5213250389171679,745,255,0.49747449898180957,"[""V176"", ""V191"", ""V255"", ""V160""]","{""n_estimators"": 373, ""max_depth"": 3, ""min_samples_split"": 7, ""min_samples_leaf"": 6, ""criterion"": ""gini"", ""class_weight"": null}"
69,2026-06-05T12:35:52.404661+00:00,extra,ranking_rf,69,5265,8,1000,0.5558616242448187,791,209,0.49929080693495564,"[""V176"", ""V191"", ""V255"", ""V160"", ""V224"", ""V215"", ""V380"", ""V342""]","{""n_estimators"": 369, ""max_depth"": 13, ""min_samples_split"": 4, ""min_samples_leaf"": 8, ""criterion"": ""entropy"", ""class_weight"": ""balanced""}"
70,2026-06-05T12:36:23.097661+00:00,extra,ranking_rf,70,5300,4,1000,0.5774219950250792,740,260,0.49935980094165006,"[""V176"", ""V191"", ""V255"", ""V160""]","{""n_estimators"": 104, ""max_depth"": 12, ""min_samples_split"": 5, ""min_samples_leaf"": 8, ""criterion"": ""gini"", ""class_weight"": ""balanced""}"
71,2026-06-05T12:37:53.276392+00:00,extra,ranking_rf,71,5245,4,999,0.5209067268127526,736,263,0.49752640139367693,"[""V176"", ""V191"", ""V255"", ""V160""]","{""n_estimators"": 384, ""max_depth"": 3, ""min_samples_split"": 8, ""min_samples_leaf"": 3, ""criterion"": ""entropy"", ""class_weight"": null}"
72,2026-06-05T12:38:33.072171+00:00,extra,ranking_rf,72,5405,4,1000,0.5506950286160825,747,253,0.497219852095587,"[""V176"", ""V191"", ""V255"", ""V160""]","{""n_estimators"": 157, ""max_depth"": 7, ""min_samples_split"": 7, ""min_samples_leaf"": 8, ""criterion"": ""gini"", ""class_weight"": null}"
73,2026-06-05T12:39:50.342869+00:00,extra,ranking_rf,73,5300,4,997,0.5217463010239862,739,258,0.4974760605060831,"[""V176"", ""V191"", ""V255"", ""V160""]","{""n_estimators"": 325, ""max_depth"": 3, ""min_samples_split"": 8, ""min_samples_leaf"": 6, ""criterion"": ""gini"", ""class_weight"": null}"
74,2026-06-05T12:41:37.479535+00:00,extra,ranking_rf,74,5275,4,999,0.54724671132545,738,261,0.49738645711430374,"[""V176"", ""V191"", ""V255"", ""V160""]","{""n_estimators"": 456, ""max_depth"": 6, ""min_samples_split"": 4, ""min_samples_leaf"": 1, ""criterion"": ""gini"", ""class_weight"": null}"
75,2026-06-05T12:43:26.609358+00:00,extra,ranking_rf,75,5275,6,1000,0.5627073401479044,765,235,0.4969526779021093,"[""V176"", ""V191"", ""V255"", ""V160"", ""V224"", ""V215""]","{""n_estimators"": 464, ""max_depth"": 11, ""min_samples_split"": 5, ""min_samples_leaf"": 5, ""criterion"": ""gini"", ""class_weight"": null}"
76,2026-06-05T12:44:38.326652+00:00,extra,ranking_rf,76,5295,4,998,0.5687910608305131,739,259,0.49709363495478354,"[""V176"", ""V191"", ""V255"", ""V160""]","{""n_estimators"": 298, ""max_depth"": 9, ""min_samples_split"": 2, ""min_samples_leaf"": 4, ""criterion"": ""entropy"", ""class_weight"": null}"
77,2026-06-05T12:45:30.055969+00:00,extra,ranking_rf,77,5300,4,1000,0.5500763860477216,740,260,0.4972681749844057,"[""V176"", ""V191"", ""V255"", ""V160""]","{""n_estimators"": 211, ""max_depth"": 7, ""min_samples_split"": 9, ""min_samples_leaf"": 8, ""criterion"": ""entropy"", ""class_weight"": null}"
78,2026-06-05T12:46:34.427329+00:00,extra,ranking_rf,78,5290,7,999,0.5662104565920206,779,220,0.4964929033379198,"[""V176"", ""V191"", ""V255"", ""V160"", ""V224"", ""V215"", ""V380""]","{""n_estimators"": 265, ""max_depth"": 14, ""min_samples_split"": 9, ""min_samples_leaf"": 5, ""criterion"": ""entropy"", ""class_weight"": null}"
79,2026-06-05T12:47:34.327859+00:00,extra,ranking_rf,79,5305,4,999,0.535217873414886,740,259,0.49734836420786505,"[""V176"", ""V191"", ""V255"", ""V160""]","{""n_estimators"": 247, ""max_depth"": 5, ""min_samples_split"": 8, ""min_samples_leaf"": 8, ""criterion"": ""gini"", ""class_weight"": null}"
80,2026-06-05T12:49:05.597724+00:00,extra,ranking_rf,80,5285,4,1000,0.5295032857469332,739,261,0.49746796074254435,"[""V176"", ""V191"", ""V255"", ""V160""]","{""n_estimators"": 393, ""max_depth"": 4, ""min_samples_split"": 7, ""min_samples_leaf"": 4, ""criterion"": ""entropy"", ""class_weight"": null}"
81,2026-06-05T12:50:00.301005+00:00,extra,ranking_rf,81,5275,4,993,0.5456699061912392,736,257,0.49748861650934156,"[""V176"", ""V191"", ""V255"", ""V160""]","{""n_estimators"": 225, ""max_depth"": 6, ""min_samples_split"": 6, ""min_samples_leaf"": 7, ""criterion"": ""entropy"", ""class_weight"": null}"
82,2026-06-05T12:51:28.785147+00:00,extra,ranking_rf,82,5270,4,1000,0.5634085155759704,738,262,0.4971597656476686,"[""V176"", ""V191"", ""V255"", ""V160""]","{""n_estimators"": 373, ""max_depth"": 10, ""min_samples_split"": 3, ""min_samples_leaf"": 9, ""criterion"": ""entropy"", ""class_weight"": null}"
83,2026-06-05T12:52:13.572312+00:00,extra,ranking_rf,83,5265,4,998,0.5295499681262772,737,261,0.4974476143330553,"[""V176"", ""V191"", ""V255"", ""V160""]","{""n_estimators"": 181, ""max_depth"": 4, ""min_samples_split"": 4, ""min_samples_leaf"": 4, ""criterion"": ""entropy"", ""class_weight"": null}"
84,2026-06-05T12:52:51.563963+00:00,extra,ranking_rf,84,5225,4,997,0.5609558835055314,734,263,0.4994235185266673,"[""V176"", ""V191"", ""V255"", ""V160""]","{""n_estimators"": 132, ""max_depth"": 9, ""min_samples_split"": 9, ""min_samples_leaf"": 9, ""criterion"": ""entropy"", ""class_weight"": ""balanced""}"
85,2026-06-05T12:54:58.711927+00:00,extra,ranking_rf,85,5330,4,1000,0.5733825492398315,742,258,0.4992612204881656,"[""V176"", ""V191"", ""V255"", ""V160""]","{""n_estimators"": 476, ""max_depth"": 13, ""min_samples_split"": 3, ""min_samples_leaf"": 9, ""criterion"": ""entropy"", ""class_weight"": ""balanced""}"
86,2026-06-05T12:56:35.507173+00:00,extra,ranking_rf,86,5315,4,997,0.5369920896537442,740,257,0.4975041008247826,"[""V176"", ""V191"", ""V255"", ""V160""]","{""n_estimators"": 412, ""max_depth"": 5, ""min_samples_split"": 2, ""min_samples_leaf"": 5, ""criterion"": ""gini"", ""class_weight"": null}"
87,2026-06-05T12:57:24.574137+00:00,extra,ranking_rf,87,5240,7,1000,0.5723787031011358,776,224,0.49608256720849286,"[""V176"", ""V191"", ""V255"", ""V160"", ""V224"", ""V215"", ""V380""]","{""n_estimators"": 198, ""max_depth"": 14, ""min_samples_split"": 2, ""min_samples_leaf"": 4, ""criterion"": ""gini"", ""class_weight"": null}"
88,2026-06-05T12:59:06.317218+00:00,extra,ranking_rf,88,5225,4,1000,0.5301501924230229,735,265,0.49983424607517263,"[""V176"", ""V191"", ""V255"", ""V160""]","{""n_estimators"": 383, ""max_depth"": 4, ""min_samples_split"": 5, ""min_samples_leaf"": 7, ""criterion"": ""gini"", ""class_weight"": ""balanced""}"
89,2026-06-05T13:00:26.613800+00:00,extra,ranking_rf,89,5305,7,999,0.5493546272022575,780,219,0.4970371269632409,"[""V176"", ""V191"", ""V255"", ""V160"", ""V224"", ""V215"", ""V380""]","{""n_estimators"": 338, ""max_depth"": 8, ""min_samples_split"": 9, ""min_samples_leaf"": 2, ""criterion"": ""gini"", ""class_weight"": null}"
90,2026-06-05T13:02:25.820880+00:00,extra,ranking_rf,90,5215,3,1000,0.514686279761675,721,279,0.49995789261063,"[""V176"", ""V191"", ""V255""]","{""n_estimators"": 453, ""max_depth"": 3, ""min_samples_split"": 8, ""min_samples_leaf"": 5, ""criterion"": ""entropy"", ""class_weight"": ""balanced""}"
91,2026-06-05T13:03:58.463434+00:00,extra,ranking_rf,91,5315,4,1000,0.5387893194913694,741,259,0.49746248143708005,"[""V176"", ""V191"", ""V255"", ""V160""]","{""n_estimators"": 397, ""max_depth"": 5, ""min_samples_split"": 7, ""min_samples_leaf"": 3, ""criterion"": ""gini"", ""class_weight"": null}"
92,2026-06-05T13:05:00.658792+00:00,extra,ranking_rf,92,5345,3,992,0.5164230456597597,727,265,0.4999485717477608,"[""V176"", ""V191"", ""V255""]","{""n_estimators"": 228, ""max_depth"": 3, ""min_samples_split"": 8, ""min_samples_leaf"": 3, ""criterion"": ""gini"", ""class_weight"": ""balanced""}"
93,2026-06-05T13:05:49.357394+00:00,extra,ranking_rf,93,5315,4,1000,0.5630089883732663,741,259,0.4994952595263119,"[""V176"", ""V191"", ""V255"", ""V160""]","{""n_estimators"": 172, ""max_depth"": 8, ""min_samples_split"": 4, ""min_samples_leaf"": 4, ""criterion"": ""entropy"", ""class_weight"": ""balanced""}"
94,2026-06-05T13:07:54.822474+00:00,extra,ranking_rf,94,5290,3,1000,0.5344619099339096,726,274,0.4998086046310173,"[""V176"", ""V191"", ""V255""]","{""n_estimators"": 471, ""max_depth"": 9, ""min_samples_split"": 5, ""min_samples_leaf"": 5, ""criterion"": ""entropy"", ""class_weight"": ""balanced""}"
95,2026-06-05T13:09:00.515042+00:00,extra,ranking_rf,95,5335,4,999,0.5823765913093449,742,257,0.4988173901045102,"[""V176"", ""V191"", ""V255"", ""V160""]","{""n_estimators"": 237, ""max_depth"": 10, ""min_samples_split"": 4, ""min_samples_leaf"": 1, ""criterion"": ""gini"", ""class_weight"": ""balanced""}"
96,2026-06-05T13:10:48.612727+00:00,extra,ranking_rf,96,5260,6,1000,0.576915305688993,764,236,0.49624863653981927,"[""V176"", ""V191"", ""V255"", ""V160"", ""V224"", ""V215""]","{""n_estimators"": 456, ""max_depth"": 14, ""min_samples_split"": 3, ""min_samples_leaf"": 4, ""criterion"": ""gini"", ""class_weight"": null}"
97,2026-06-05T13:11:22.998869+00:00,extra,ranking_rf,97,5255,4,1000,0.5499178383654659,737,263,0.49747203109854,"[""V176"", ""V191"", ""V255"", ""V160""]","{""n_estimators"": 134, ""max_depth"": 7, ""min_samples_split"": 4, ""min_samples_leaf"": 7, ""criterion"": ""entropy"", ""class_weight"": null}"
98,2026-06-05T13:11:58.703848+00:00,extra,ranking_rf,98,5405,4,1000,0.5379721467704266,747,253,0.4975331071282333,"[""V176"", ""V191"", ""V255"", ""V160""]","{""n_estimators"": 140, ""max_depth"": 5, ""min_samples_split"": 5, ""min_samples_leaf"": 4, ""criterion"": ""entropy"", ""class_weight"": null}"
99,2026-06-05T13:12:23.513779+00:00,extra,ranking_rf,99,5255,3,998,0.5370628258136815,723,275,0.49742254271538616,"[""V176"", ""V191"", ""V255""]","{""n_estimators"": 92, ""max_depth"": 7, ""min_samples_split"": 6, ""min_samples_leaf"": 2, ""criterion"": ""gini"", ""class_weight"": null}"
100,2026-06-05T13:13:13.905431+00:00,extra,ranking_rf,100,5270,4,1000,0.5575461653221948,738,262,0.49949530271467174,"[""V176"", ""V191"", ""V255"", ""V160""]","{""n_estimators"": 179, ""max_depth"": 8, ""min_samples_split"": 5, ""min_samples_leaf"": 9, ""criterion"": ""entropy"", ""class_weight"": ""balanced""}"
101,2026-06-05T13:13:30.530798+00:00,extra,ranking_rf,101,5090,3,995,0.5193934811155757,711,284,0.4976410029166922,"[""V176"", ""V191"", ""V255""]","{""n_estimators"": 58, ""max_depth"": 4, ""min_samples_split"": 2, ""min_samples_leaf"": 4, ""criterion"": ""entropy"", ""class_weight"": null}"
102,2026-06-05T13:15:06.033389+00:00,extra,ranking_rf,102,5335,7,996,0.5707651639599339,781,215,0.4962921332181131,"[""V176"", ""V191"", ""V255"", ""V160"", ""V224"", ""V215"", ""V380""]","{""n_estimators"": 401, ""max_depth"": 11, ""min_samples_split"": 5, ""min_samples_leaf"": 2, ""criterion"": ""gini"", ""class_weight"": null}"
103,2026-06-05T13:16:28.264156+00:00,extra,ranking_rf,103,5260,3,1000,0.5213515097876831,724,276,0.4999504339438288,"[""V176"", ""V191"", ""V255""]","{""n_estimators"": 306, ""max_depth"": 4, ""min_samples_split"": 5, ""min_samples_leaf"": 3, ""criterion"": ""entropy"", ""class_weight"": ""balanced""}"
104,2026-06-05T13:17:53.322578+00:00,extra,ranking_rf,104,5250,8,1000,0.5660572860665963,790,210,0.49855923382027933,"[""V176"", ""V191"", ""V255"", ""V160"", ""V224"", ""V215"", ""V380"", ""V342""]","{""n_estimators"": 313, ""max_depth"": 13, ""min_samples_split"": 3, ""min_samples_leaf"": 4, ""criterion"": ""entropy"", ""class_weight"": ""balanced""}"
105,2026-06-05T13:18:28.782657+00:00,extra,ranking_rf,105,5225,4,1000,0.589631769610224,735,265,0.4986005047884031,"[""V176"", ""V191"", ""V255"", ""V160""]","{""n_estimators"": 119, ""max_depth"": null, ""min_samples_split"": 3, ""min_samples_leaf"": 7, ""criterion"": ""gini"", ""class_weight"": ""balanced""}"
106,2026-06-05T13:19:34.481814+00:00,extra,ranking_rf,106,5270,4,994,0.5726144349431231,736,258,0.49917419881438035,"[""V176"", ""V191"", ""V255"", ""V160""]","{""n_estimators"": 242, ""max_depth"": 11, ""min_samples_split"": 7, ""min_samples_leaf"": 7, ""criterion"": ""entropy"", ""class_weight"": ""balanced""}"
107,2026-06-05T13:21:25.913897+00:00,extra,ranking_rf,107,5350,4,999,0.5778813861928807,743,256,0.4991428194756107,"[""V176"", ""V191"", ""V255"", ""V160""]","{""n_estimators"": 416, ""max_depth"": 13, ""min_samples_split"": 4, ""min_samples_leaf"": 8, ""criterion"": ""entropy"", ""class_weight"": ""balanced""}"
108,2026-06-05T13:21:54.908443+00:00,extra,ranking_rf,108,5285,4,1000,0.5374502951594553,739,261,0.4975012492310929,"[""V176"", ""V191"", ""V255"", ""V160""]","{""n_estimators"": 112, ""max_depth"": 5, ""min_samples_split"": 2, ""min_samples_leaf"": 7, ""criterion"": ""entropy"", ""class_weight"": null}"
109,2026-06-05T13:22:32.227278+00:00,extra,ranking_rf,109,5390,4,1000,0.5291116294440568,746,254,0.49741824499305987,"[""V176"", ""V191"", ""V255"", ""V160""]","{""n_estimators"": 149, ""max_depth"": 4, ""min_samples_split"": 9, ""min_samples_leaf"": 2, ""criterion"": ""gini"", ""class_weight"": null}"
110,2026-06-05T13:23:46.408303+00:00,extra,ranking_rf,110,5285,4,997,0.5436566314656566,738,259,0.49734639829574245,"[""V176"", ""V191"", ""V255"", ""V160""]","{""n_estimators"": 312, ""max_depth"": 6, ""min_samples_split"": 7, ""min_samples_leaf"": 6, ""criterion"": ""gini"", ""class_weight"": null}"
111,2026-06-05T13:24:30.575769+00:00,extra,ranking_rf,111,5375,4,1000,0.5658755279872553,745,255,0.49733364971658667,"[""V176"", ""V191"", ""V255"", ""V160""]","{""n_estimators"": 178, ""max_depth"": 8, ""min_samples_split"": 5, ""min_samples_leaf"": 1, ""criterion"": ""gini"", ""class_weight"": null}"
112,2026-06-05T13:26:02.212454+00:00,extra,ranking_rf,112,5330,4,997,0.5373631568460766,741,256,0.4974801264376412,"[""V176"", ""V191"", ""V255"", ""V160""]","{""n_estimators"": 390, ""max_depth"": 5, ""min_samples_split"": 6, ""min_samples_leaf"": 5, ""criterion"": ""entropy"", ""class_weight"": null}"
113,2026-06-05T13:26:40.016832+00:00,extra,ranking_rf,113,5305,4,999,0.5590040630243607,740,259,0.4970288334186781,"[""V176"", ""V191"", ""V255"", ""V160""]","{""n_estimators"": 150, ""max_depth"": 9, ""min_samples_split"": 5, ""min_samples_leaf"": 9, ""criterion"": ""entropy"", ""class_weight"": null}"
114,2026-06-05T13:27:40.718533+00:00,extra,ranking_rf,114,5215,6,1000,0.6048138810548226,761,239,0.4965380684370396,"[""V176"", ""V191"", ""V255"", ""V160"", ""V224"", ""V215""]","{""n_estimators"": 215, ""max_depth"": null, ""min_samples_split"": 6, ""min_samples_leaf"": 3, ""criterion"": ""entropy"", ""class_weight"": ""balanced""}"
115,2026-06-05T13:28:13.125933+00:00,extra,ranking_rf,115,5285,4,1000,0.5343530608732115,739,261,0.4973546306419057,"[""V176"", ""V191"", ""V255"", ""V160""]","{""n_estimators"": 124, ""max_depth"": 5, ""min_samples_split"": 5, ""min_samples_leaf"": 7, ""criterion"": ""gini"", ""class_weight"": null}"
116,2026-06-05T13:29:39.990074+00:00,extra,ranking_rf,116,5330,4,1000,0.5493999524549518,742,258,0.49962591368637915,"[""V176"", ""V191"", ""V255"", ""V160""]","{""n_estimators"": 324, ""max_depth"": 6, ""min_samples_split"": 2, ""min_samples_leaf"": 3, ""criterion"": ""gini"", ""class_weight"": ""balanced""}"
117,2026-06-05T13:31:16.954125+00:00,extra,ranking_rf,117,5250,4,998,0.5808961889644315,736,262,0.49904266527242835,"[""V176"", ""V191"", ""V255"", ""V160""]","{""n_estimators"": 359, ""max_depth"": 13, ""min_samples_split"": 5, ""min_samples_leaf"": 7, ""criterion"": ""entropy"", ""class_weight"": ""balanced""}"
118,2026-06-05T13:32:02.716147+00:00,extra,ranking_rf,118,5390,4,1000,0.541298542054502,746,254,0.4997091758111447,"[""V176"", ""V191"", ""V255"", ""V160""]","{""n_estimators"": 162, ""max_depth"": 5, ""min_samples_split"": 2, ""min_samples_leaf"": 2, ""criterion"": ""gini"", ""class_weight"": ""balanced""}"
119,2026-06-05T13:33:16.534836+00:00,extra,ranking_rf,119,5270,8,996,0.5691155724764948,790,206,0.49613577969871003,"[""V176"", ""V191"", ""V255"", ""V160"", ""V224"", ""V215"", ""V380"", ""V342""]","{""n_estimators"": 306, ""max_depth"": 13, ""min_samples_split"": 9, ""min_samples_leaf"": 3, ""criterion"": ""gini"", ""class_weight"": null}"
120,2026-06-05T13:35:04.985225+00:00,extra,ranking_rf,120,5260,3,1000,0.5210675972694702,724,276,0.49754626040723704,"[""V176"", ""V191"", ""V255""]","{""n_estimators"": 468, ""max_depth"": 6, ""min_samples_split"": 4, ""min_samples_leaf"": 7, ""criterion"": ""gini"", ""class_weight"": null}"
121,2026-06-05T13:36:04.990355+00:00,extra,ranking_rf,121,5330,4,1000,0.5665015047711598,742,258,0.49916329060108344,"[""V176"", ""V191"", ""V255"", ""V160""]","{""n_estimators"": 217, ""max_depth"": 10, ""min_samples_split"": 2, ""min_samples_leaf"": 9, ""criterion"": ""gini"", ""class_weight"": ""balanced""}"
122,2026-06-05T13:37:32.576181+00:00,extra,ranking_rf,122,5320,4,999,0.520452784241212,741,258,0.49753108068378715,"[""V176"", ""V191"", ""V255"", ""V160""]","{""n_estimators"": 372, ""max_depth"": 3, ""min_samples_split"": 7, ""min_samples_leaf"": 9, ""criterion"": ""gini"", ""class_weight"": null}"
123,2026-06-05T13:39:21.030260+00:00,extra,ranking_rf,123,5250,6,999,0.5539866751296342,763,236,0.4971561726738251,"[""V176"", ""V191"", ""V255"", ""V160"", ""V224"", ""V215""]","{""n_estimators"": 460, ""max_depth"": 10, ""min_samples_split"": 4, ""min_samples_leaf"": 7, ""criterion"": ""gini"", ""class_weight"": null}"
124,2026-06-05T13:41:13.718172+00:00,extra,ranking_rf,124,5230,6,1000,0.6049091197989669,762,238,0.49645641619039627,"[""V176"", ""V191"", ""V255"", ""V160"", ""V224"", ""V215""]","{""n_estimators"": 415, ""max_depth"": null, ""min_samples_split"": 8, ""min_samples_leaf"": 3, ""criterion"": ""entropy"", ""class_weight"": ""balanced""}"
125,2026-06-05T13:42:10.779919+00:00,extra,ranking_rf,125,5315,4,1000,0.5442947666749317,741,259,0.49965723947912666,"[""V176"", ""V191"", ""V255"", ""V160""]","{""n_estimators"": 206, ""max_depth"": 6, ""min_samples_split"": 3, ""min_samples_leaf"": 8, ""criterion"": ""gini"", ""class_weight"": ""balanced""}"
126,2026-06-05T13:44:05.728775+00:00,extra,ranking_rf,126,5260,4,999,0.5385039213455382,737,262,0.4974162620337251,"[""V176"", ""V191"", ""V255"", ""V160""]","{""n_estimators"": 495, ""max_depth"": 5, ""min_samples_split"": 7, ""min_samples_leaf"": 3, ""criterion"": ""gini"", ""class_weight"": null}"
127,2026-06-05T13:45:42.251381+00:00,extra,ranking_rf,127,5295,6,999,0.5728651557406549,766,233,0.49646636771178126,"[""V176"", ""V191"", ""V255"", ""V160"", ""V224"", ""V215""]","{""n_estimators"": 408, ""max_depth"": 11, ""min_samples_split"": 9, ""min_samples_leaf"": 2, ""criterion"": ""gini"", ""class_weight"": null}"
128,2026-06-05T13:46:52.581496+00:00,extra,ranking_rf,128,5130,8,1000,0.5916935133670288,782,218,0.4959065875317512,"[""V176"", ""V191"", ""V255"", ""V160"", ""V224"", ""V215"", ""V380"", ""V342""]","{""n_estimators"": 251, ""max_depth"": null, ""min_samples_split"": 6, ""min_samples_leaf"": 3, ""criterion"": ""gini"", ""class_weight"": ""balanced""}"
129,2026-06-05T13:47:55.491274+00:00,extra,ranking_rf,129,5240,4,1000,0.5383743970935009,736,264,0.49744830308454946,"[""V176"", ""V191"", ""V255"", ""V160""]","{""n_estimators"": 260, ""max_depth"": 5, ""min_samples_split"": 5, ""min_samples_leaf"": 6, ""criterion"": ""entropy"", ""class_weight"": null}"
130,2026-06-05T13:48:36.276806+00:00,extra,ranking_rf,130,5320,4,996,0.5709921118654224,740,256,0.49939654388600413,"[""V176"", ""V191"", ""V255"", ""V160""]","{""n_estimators"": 145, ""max_depth"": 11, ""min_samples_split"": 9, ""min_samples_leaf"": 9, ""criterion"": ""entropy"", ""class_weight"": ""balanced""}"
131,2026-06-05T13:50:24.292929+00:00,extra,ranking_rf,131,5330,4,1000,0.5765933053762565,742,258,0.4968453553188891,"[""V176"", ""V191"", ""V255"", ""V160""]","{""n_estimators"": 459, ""max_depth"": 10, ""min_samples_split"": 7, ""min_samples_leaf"": 4, ""criterion"": ""entropy"", ""class_weight"": null}"
132,2026-06-05T13:52:15.722562+00:00,extra,ranking_rf,132,5330,4,1000,0.5517975363476189,742,258,0.4996897558178971,"[""V176"", ""V191"", ""V255"", ""V160""]","{""n_estimators"": 421, ""max_depth"": 7, ""min_samples_split"": 8, ""min_samples_leaf"": 8, ""criterion"": ""entropy"", ""class_weight"": ""balanced""}"
133,2026-06-05T13:53:50.569822+00:00,extra,ranking_rf,133,5385,4,998,0.5627121371872008,745,253,0.49707842160777344,"[""V176"", ""V191"", ""V255"", ""V160""]","{""n_estimators"": 403, ""max_depth"": 8, ""min_samples_split"": 4, ""min_samples_leaf"": 2, ""criterion"": ""gini"", ""class_weight"": null}"
134,2026-06-05T13:54:42.627891+00:00,extra,ranking_rf,134,5300,4,1000,0.5583023003456707,740,260,0.49718677462089317,"[""V176"", ""V191"", ""V255"", ""V160""]","{""n_estimators"": 211, ""max_depth"": 9, ""min_samples_split"": 2, ""min_samples_leaf"": 9, ""criterion"": ""entropy"", ""class_weight"": null}"
135,2026-06-05T13:55:09.497171+00:00,extra,ranking_rf,135,5385,4,998,0.5617936750122772,745,253,0.49936515595797765,"[""V176"", ""V191"", ""V255"", ""V160""]","{""n_estimators"": 88, ""max_depth"": 9, ""min_samples_split"": 2, ""min_samples_leaf"": 8, ""criterion"": ""gini"", ""class_weight"": ""balanced""}"
136,2026-06-05T13:56:01.517446+00:00,extra,ranking_rf,136,5300,4,1000,0.5808868733172587,740,260,0.496907115974396,"[""V176"", ""V191"", ""V255"", ""V160""]","{""n_estimators"": 209, ""max_depth"": 12, ""min_samples_split"": 5, ""min_samples_leaf"": 6, ""criterion"": ""entropy"", ""class_weight"": null}"
137,2026-06-05T13:57:16.004297+00:00,extra,ranking_rf,137,5275,6,1000,0.5631284449096562,765,235,0.4993780035247581,"[""V176"", ""V191"", ""V255"", ""V160"", ""V224"", ""V215""]","{""n_estimators"": 273, ""max_depth"": 11, ""min_samples_split"": 3, ""min_samples_leaf"": 6, ""criterion"": ""entropy"", ""class_weight"": ""balanced""}"
138,2026-06-05T13:58:20.925360+00:00,extra,ranking_rf,138,5275,3,1000,0.5121752740217064,725,275,0.4975697423883009,"[""V176"", ""V191"", ""V255""]","{""n_estimators"": 272, ""max_depth"": 3, ""min_samples_split"": 8, ""min_samples_leaf"": 4, ""criterion"": ""gini"", ""class_weight"": null}"
139,2026-06-05T13:59:32.388337+00:00,extra,ranking_rf,139,5375,4,1000,0.5385879124120256,745,255,0.4975818435038125,"[""V176"", ""V191"", ""V255"", ""V160""]","{""n_estimators"": 300, ""max_depth"": 5, ""min_samples_split"": 3, ""min_samples_leaf"": 2, ""criterion"": ""entropy"", ""class_weight"": null}"
140,2026-06-05T13:59:50.252124+00:00,extra,ranking_rf,140,5110,4,999,0.6069593344941173,727,272,0.4978696794275041,"[""V176"", ""V191"", ""V255"", ""V160""]","{""n_estimators"": 54, ""max_depth"": null, ""min_samples_split"": 2, ""min_samples_leaf"": 5, ""criterion"": ""entropy"", ""class_weight"": ""balanced""}"
141,2026-06-05T14:00:33.949298+00:00,extra,ranking_rf,141,5230,4,999,0.5778299273824666,735,264,0.49913074144385755,"[""V176"", ""V191"", ""V255"", ""V160""]","{""n_estimators"": 154, ""max_depth"": 14, ""min_samples_split"": 8, ""min_samples_leaf"": 8, ""criterion"": ""gini"", ""class_weight"": ""balanced""}"
142,2026-06-05T14:01:16.097286+00:00,extra,ranking_rf,142,5325,3,999,0.5263170593347203,728,271,0.497517677819974,"[""V176"", ""V191"", ""V255""]","{""n_estimators"": 168, ""max_depth"": 10, ""min_samples_split"": 3, ""min_samples_leaf"": 8, ""criterion"": ""gini"", ""class_weight"": null}"
143,2026-06-05T14:02:44.918708+00:00,extra,ranking_rf,143,5345,7,1000,0.5728698352631514,783,217,0.49853603129179735,"[""V176"", ""V191"", ""V255"", ""V160"", ""V224"", ""V215"", ""V380""]","{""n_estimators"": 327, ""max_depth"": 11, ""min_samples_split"": 7, ""min_samples_leaf"": 1, ""criterion"": ""entropy"", ""class_weight"": ""balanced""}"
144,2026-06-05T14:03:22.203890+00:00,extra,ranking_rf,144,5330,4,1000,0.5311989353173957,742,258,0.4998379022218685,"[""V176"", ""V191"", ""V255"", ""V160""]","{""n_estimators"": 128, ""max_depth"": 4, ""min_samples_split"": 3, ""min_samples_leaf"": 2, ""criterion"": ""gini"", ""class_weight"": ""balanced""}"
145,2026-06-05T14:04:58.193125+00:00,extra,ranking_rf,145,5375,4,1000,0.5602190583049841,745,255,0.49709417282051727,"[""V176"", ""V191"", ""V255"", ""V160""]","{""n_estimators"": 409, ""max_depth"": 9, ""min_samples_split"": 6, ""min_samples_leaf"": 9, ""criterion"": ""gini"", ""class_weight"": null}"
146,2026-06-05T14:05:25.043181+00:00,extra,ranking_rf,146,5220,7,998,0.5655855012014434,774,224,0.49898839413911167,"[""V176"", ""V191"", ""V255"", ""V160"", ""V224"", ""V215"", ""V380""]","{""n_estimators"": 87, ""max_depth"": 14, ""min_samples_split"": 4, ""min_samples_leaf"": 7, ""criterion"": ""entropy"", ""class_weight"": ""balanced""}"
147,2026-06-05T14:07:12.997934+00:00,extra,ranking_rf,147,5315,4,997,0.5315534565157823,740,257,0.4974894164066767,"[""V176"", ""V191"", ""V255"", ""V160""]","{""n_estimators"": 461, ""max_depth"": 4, ""min_samples_split"": 4, ""min_samples_leaf"": 2, ""criterion"": ""gini"", ""class_weight"": null}"
148,2026-06-05T14:08:17.188661+00:00,extra,ranking_rf,148,5270,4,1000,0.5694807798492726,738,262,0.4970304801920217,"[""V176"", ""V191"", ""V255"", ""V160""]","{""n_estimators"": 264, ""max_depth"": 11, ""min_samples_split"": 2, ""min_samples_leaf"": 8, ""criterion"": ""gini"", ""class_weight"": null}"
149,2026-06-05T14:08:51.483383+00:00,extra,ranking_rf,149,5360,4,1000,0.5605597487788677,744,256,0.4971257671522224,"[""V176"", ""V191"", ""V255"", ""V160""]","{""n_estimators"": 133, ""max_depth"": 8, ""min_samples_split"": 5, ""min_samples_leaf"": 4, ""criterion"": ""gini"", ""class_weight"": null}"
150,2026-06-05T14:10:15.481814+00:00,extra,ranking_rf,150,5250,4,998,0.5222043819562541,736,262,0.4975530516198534,"[""V176"", ""V191"", ""V255"", ""V160""]","{""n_estimators"": 355, ""max_depth"": 3, ""min_samples_split"": 6, ""min_samples_leaf"": 6, ""criterion"": ""gini"", ""class_weight"": null}"
151,2026-06-05T14:11:31.430612+00:00,extra,ranking_rf,151,5365,4,999,0.5565072873038233,744,255,0.4994242048790484,"[""V176"", ""V191"", ""V255"", ""V160""]","{""n_estimators"": 278, ""max_depth"": 7, ""min_samples_split"": 4, ""min_samples_leaf"": 1, ""criterion"": ""entropy"", ""class_weight"": ""balanced""}"
152,2026-06-05T14:13:33.772813+00:00,extra,ranking_rf,152,5245,4,999,0.5839403740569292,736,263,0.49905045767145495,"[""V176"", ""V191"", ""V255"", ""V160""]","{""n_estimators"": 458, ""max_depth"": 13, ""min_samples_split"": 4, ""min_samples_leaf"": 6, ""criterion"": ""entropy"", ""class_weight"": ""balanced""}"
153,2026-06-05T14:14:47.550705+00:00,extra,ranking_rf,153,5270,4,1000,0.5871499664566748,738,262,0.49887916509334446,"[""V176"", ""V191"", ""V255"", ""V160""]","{""n_estimators"": 270, ""max_depth"": 14, ""min_samples_split"": 9, ""min_samples_leaf"": 6, ""criterion"": ""entropy"", ""class_weight"": ""balanced""}"
154,2026-06-05T14:15:28.741259+00:00,extra,ranking_rf,154,5360,4,1000,0.5775506064634262,744,256,0.49926392315862106,"[""V176"", ""V191"", ""V255"", ""V160""]","{""n_estimators"": 145, ""max_depth"": 9, ""min_samples_split"": 6, ""min_samples_leaf"": 1, ""criterion"": ""gini"", ""class_weight"": ""balanced""}"
155,2026-06-05T14:16:57.793369+00:00,extra,ranking_rf,155,5330,4,1000,0.5360939825342653,742,258,0.4974637686106916,"[""V176"", ""V191"", ""V255"", ""V160""]","{""n_estimators"": 379, ""max_depth"": 5, ""min_samples_split"": 7, ""min_samples_leaf"": 6, ""criterion"": ""entropy"", ""class_weight"": null}"
156,2026-06-05T14:18:50.910024+00:00,extra,ranking_rf,156,5255,4,997,0.5692057607756155,736,261,0.4970031089769145,"[""V176"", ""V191"", ""V255"", ""V160""]","{""n_estimators"": 486, ""max_depth"": 11, ""min_samples_split"": 3, ""min_samples_leaf"": 8, ""criterion"": ""entropy"", ""class_weight"": null}"
157,2026-06-05T14:19:19.178835+00:00,extra,ranking_rf,157,5275,6,1000,0.5591425018565228,765,235,0.49917161492148243,"[""V176"", ""V191"", ""V255"", ""V160"", ""V224"", ""V215""]","{""n_estimators"": 94, ""max_depth"": 9, ""min_samples_split"": 6, ""min_samples_leaf"": 3, ""criterion"": ""entropy"", ""class_weight"": ""balanced""}"
158,2026-06-05T14:20:19.656512+00:00,extra,ranking_rf,158,5275,4,996,0.5888852204863402,737,259,0.4990489342699753,"[""V176"", ""V191"", ""V255"", ""V160""]","{""n_estimators"": 218, ""max_depth"": 11, ""min_samples_split"": 5, ""min_samples_leaf"": 3, ""criterion"": ""entropy"", ""class_weight"": ""balanced""}"
159,2026-06-05T14:22:23.211294+00:00,extra,ranking_rf,159,5300,4,1000,0.5718338819733605,740,260,0.49912850921846164,"[""V176"", ""V191"", ""V255"", ""V160""]","{""n_estimators"": 463, ""max_depth"": 12, ""min_samples_split"": 8, ""min_samples_leaf"": 9, ""criterion"": ""gini"", ""class_weight"": ""balanced""}"
160,2026-06-05T14:22:40.483055+00:00,extra,ranking_rf,160,5245,4,996,0.5556644161885216,735,261,0.49706364970010053,"[""V176"", ""V191"", ""V255"", ""V160""]","{""n_estimators"": 61, ""max_depth"": 8, ""min_samples_split"": 9, ""min_samples_leaf"": 8, ""criterion"": ""gini"", ""class_weight"": null}"
161,2026-06-05T14:24:16.900487+00:00,extra,ranking_rf,161,5205,3,999,0.5116329992153839,720,279,0.4975637957099988,"[""V176"", ""V191"", ""V255""]","{""n_estimators"": 410, ""max_depth"": 3, ""min_samples_split"": 4, ""min_samples_leaf"": 9, ""criterion"": ""entropy"", ""class_weight"": null}"
162,2026-06-05T14:24:54.407843+00:00,extra,ranking_rf,162,5345,4,997,0.5797388933355607,742,255,0.4994062766767266,"[""V176"", ""V191"", ""V255"", ""V160""]","{""n_estimators"": 128, ""max_depth"": 10, ""min_samples_split"": 5, ""min_samples_leaf"": 4, ""criterion"": ""gini"", ""class_weight"": ""balanced""}"
163,2026-06-05T14:27:08.294083+00:00,extra,ranking_rf,163,5200,6,1000,0.6043050951328743,760,240,0.4961442690029112,"[""V176"", ""V191"", ""V255"", ""V160"", ""V224"", ""V215""]","{""n_estimators"": 493, ""max_depth"": null, ""min_samples_split"": 5, ""min_samples_leaf"": 3, ""criterion"": ""gini"", ""class_weight"": ""balanced""}"
164,2026-06-05T14:28:56.473300+00:00,extra,ranking_rf,164,5270,8,999,0.5472493838300247,791,208,0.4995200435512198,"[""V176"", ""V191"", ""V255"", ""V160"", ""V224"", ""V215"", ""V380"", ""V342""]","{""n_estimators"": 403, ""max_depth"": 10, ""min_samples_split"": 8, ""min_samples_leaf"": 8, ""criterion"": ""entropy"", ""class_weight"": ""balanced""}"
165,2026-06-05T14:29:38.973190+00:00,extra,ranking_rf,165,5345,4,1000,0.5221440729728173,743,257,0.4974821523000654,"[""V176"", ""V191"", ""V255"", ""V160""]","{""n_estimators"": 170, ""max_depth"": 3, ""min_samples_split"": 4, ""min_samples_leaf"": 1, ""criterion"": ""entropy"", ""class_weight"": null}"
166,2026-06-05T14:31:36.984317+00:00,extra,ranking_rf,166,5210,4,1000,0.5759349477823075,734,266,0.49667996247963947,"[""V176"", ""V191"", ""V255"", ""V160""]","{""n_estimators"": 498, ""max_depth"": null, ""min_samples_split"": 4, ""min_samples_leaf"": 9, ""criterion"": ""gini"", ""class_weight"": null}"
167,2026-06-05T14:31:52.858938+00:00,extra,ranking_rf,167,5175,4,998,0.5262346839062821,731,267,0.49740376258547675,"[""V176"", ""V191"", ""V255"", ""V160""]","{""n_estimators"": 55, ""max_depth"": 4, ""min_samples_split"": 3, ""min_samples_leaf"": 7, ""criterion"": ""entropy"", ""class_weight"": null}"
168,2026-06-05T14:33:20.592390+00:00,extra,ranking_rf,168,5330,4,1000,0.5362954300290605,742,258,0.49742144680138534,"[""V176"", ""V191"", ""V255"", ""V160""]","{""n_estimators"": 371, ""max_depth"": 5, ""min_samples_split"": 4, ""min_samples_leaf"": 6, ""criterion"": ""gini"", ""class_weight"": null}"
169,2026-06-05T14:34:23.565516+00:00,extra,ranking_rf,169,5315,4,1000,0.5729603094860171,741,259,0.49691753256025384,"[""V176"", ""V191"", ""V255"", ""V160""]","{""n_estimators"": 263, ""max_depth"": 13, ""min_samples_split"": 9, ""min_samples_leaf"": 8, ""criterion"": ""gini"", ""class_weight"": null}"
170,2026-06-05T14:35:54.866875+00:00,extra,ranking_rf,170,5315,4,1000,0.5467334615836563,741,259,0.4996072503019399,"[""V176"", ""V191"", ""V255"", ""V160""]","{""n_estimators"": 341, ""max_depth"": 6, ""min_samples_split"": 3, ""min_samples_leaf"": 6, ""criterion"": ""gini"", ""class_weight"": ""balanced""}"
171,2026-06-05T14:37:43.679158+00:00,extra,ranking_rf,171,5210,4,1000,0.5923288006780453,734,266,0.49667302368505534,"[""V176"", ""V191"", ""V255"", ""V160""]","{""n_estimators"": 460, ""max_depth"": 14, ""min_samples_split"": 9, ""min_samples_leaf"": 5, ""criterion"": ""entropy"", ""class_weight"": null}"
172,2026-06-05T14:39:40.205957+00:00,extra,ranking_rf,172,5240,4,1000,0.581452756340466,736,264,0.49677146760154844,"[""V176"", ""V191"", ""V255"", ""V160""]","{""n_estimators"": 495, ""max_depth"": 14, ""min_samples_split"": 2, ""min_samples_leaf"": 7, ""criterion"": ""entropy"", ""class_weight"": null}"
173,2026-06-05T14:41:09.541552+00:00,extra,ranking_rf,173,5325,4,995,0.5595157309299024,740,255,0.4995706017164079,"[""V176"", ""V191"", ""V255"", ""V160""]","{""n_estimators"": 332, ""max_depth"": 7, ""min_samples_split"": 3, ""min_samples_leaf"": 3, ""criterion"": ""gini"", ""class_weight"": ""balanced""}"
174,2026-06-05T14:42:16.647226+00:00,extra,ranking_rf,174,5320,4,996,0.5584389714155519,740,256,0.49732758702685576,"[""V176"", ""V191"", ""V255"", ""V160""]","{""n_estimators"": 279, ""max_depth"": 7, ""min_samples_split"": 6, ""min_samples_leaf"": 1, ""criterion"": ""entropy"", ""class_weight"": null}"
175,2026-06-05T14:43:40.660625+00:00,extra,ranking_rf,175,5330,7,1000,0.5660201924654166,782,218,0.49649552731333096,"[""V176"", ""V191"", ""V255"", ""V160"", ""V224"", ""V215"", ""V380""]","{""n_estimators"": 351, ""max_depth"": 14, ""min_samples_split"": 7, ""min_samples_leaf"": 5, ""criterion"": ""gini"", ""class_weight"": null}"
176,2026-06-05T14:45:08.326164+00:00,extra,ranking_rf,176,5335,3,1000,0.5295967189483997,729,271,0.49986970209024256,"[""V176"", ""V191"", ""V255""]","{""n_estimators"": 326, ""max_depth"": 9, ""min_samples_split"": 6, ""min_samples_leaf"": 7, ""criterion"": ""gini"", ""class_weight"": ""balanced""}"
177,2026-06-05T14:46:48.827634+00:00,extra,ranking_rf,177,5240,7,1000,0.5708228983926573,776,224,0.4984076041598779,"[""V176"", ""V191"", ""V255"", ""V160"", ""V224"", ""V215"", ""V380""]","{""n_estimators"": 370, ""max_depth"": null, ""min_samples_split"": 7, ""min_samples_leaf"": 6, ""criterion"": ""gini"", ""class_weight"": ""balanced""}"
178,2026-06-05T14:47:14.789360+00:00,extra,ranking_rf,178,5390,4,1000,0.5372323137918649,746,254,0.4974543758581981,"[""V176"", ""V191"", ""V255"", ""V160""]","{""n_estimators"": 99, ""max_depth"": 5, ""min_samples_split"": 9, ""min_samples_leaf"": 7, ""criterion"": ""entropy"", ""class_weight"": null}"
179,2026-06-05T14:48:18.487224+00:00,extra,ranking_rf,179,5285,4,1000,0.5260949841247999,739,261,0.49987563778148286,"[""V176"", ""V191"", ""V255"", ""V160""]","{""n_estimators"": 232, ""max_depth"": 3, ""min_samples_split"": 7, ""min_samples_leaf"": 4, ""criterion"": ""entropy"", ""class_weight"": ""balanced""}"
180,2026-06-05T14:50:19.096968+00:00,extra,ranking_rf,180,5195,4,1000,0.5363495639938946,733,267,0.4997115765334332,"[""V176"", ""V191"", ""V255"", ""V160""]","{""n_estimators"": 459, ""max_depth"": 5, ""min_samples_split"": 5, ""min_samples_leaf"": 8, ""criterion"": ""gini"", ""class_weight"": ""balanced""}"
181,2026-06-05T14:51:37.911227+00:00,extra,ranking_rf,181,5300,4,1000,0.530975871584976,740,260,0.49972926247986255,"[""V176"", ""V191"", ""V255"", ""V160""]","{""n_estimators"": 291, ""max_depth"": 4, ""min_samples_split"": 8, ""min_samples_leaf"": 6, ""criterion"": ""gini"", ""class_weight"": ""balanced""}"
182,2026-06-05T14:53:00.779671+00:00,extra,ranking_rf,182,5315,7,1000,0.5707481300742636,781,219,0.49848051846044883,"[""V176"", ""V191"", ""V255"", ""V160"", ""V224"", ""V215"", ""V380""]","{""n_estimators"": 303, ""max_depth"": 11, ""min_samples_split"": 3, ""min_samples_leaf"": 2, ""criterion"": ""gini"", ""class_weight"": ""balanced""}"
183,2026-06-05T14:54:39.415078+00:00,extra,ranking_rf,183,5375,4,1000,0.5611880935559658,745,255,0.499557257463717,"[""V176"", ""V191"", ""V255"", ""V160""]","{""n_estimators"": 367, ""max_depth"": 9, ""min_samples_split"": 8, ""min_samples_leaf"": 9, ""criterion"": ""entropy"", ""class_weight"": ""balanced""}"
184,2026-06-05T14:56:11.199015+00:00,extra,ranking_rf,184,5310,3,999,0.5165718175857135,727,272,0.4999285455005851,"[""V176"", ""V191"", ""V255""]","{""n_estimators"": 343, ""max_depth"": 3, ""min_samples_split"": 6, ""min_samples_leaf"": 2, ""criterion"": ""gini"", ""class_weight"": ""balanced""}"
185,2026-06-05T14:58:18.388904+00:00,extra,ranking_rf,185,5330,4,1000,0.5509758194395754,742,258,0.4996879254958846,"[""V176"", ""V191"", ""V255"", ""V160""]","{""n_estimators"": 480, ""max_depth"": 6, ""min_samples_split"": 6, ""min_samples_leaf"": 1, ""criterion"": ""gini"", ""class_weight"": ""balanced""}"
186,2026-06-05T14:59:42.209425+00:00,extra,ranking_rf,186,5245,6,1000,0.5949229522970475,763,237,0.4972587187589251,"[""V176"", ""V191"", ""V255"", ""V160"", ""V224"", ""V215""]","{""n_estimators"": 306, ""max_depth"": 14, ""min_samples_split"": 3, ""min_samples_leaf"": 2, ""criterion"": ""gini"", ""class_weight"": ""balanced""}"
187,2026-06-05T15:00:36.796303+00:00,extra,ranking_rf,187,5220,4,998,0.5572024693900807,734,264,0.4974213589368575,"[""V176"", ""V191"", ""V255"", ""V160""]","{""n_estimators"": 223, ""max_depth"": 7, ""min_samples_split"": 6, ""min_samples_leaf"": 2, ""criterion"": ""entropy"", ""class_weight"": null}"
188,2026-06-05T15:01:21.126103+00:00,extra,ranking_rf,188,5365,4,999,0.5568863217179376,744,255,0.4993938713645312,"[""V176"", ""V191"", ""V255"", ""V160""]","{""n_estimators"": 157, ""max_depth"": 7, ""min_samples_split"": 8, ""min_samples_leaf"": 3, ""criterion"": ""entropy"", ""class_weight"": ""balanced""}"
189,2026-06-05T15:02:39.048684+00:00,extra,ranking_rf,189,5320,4,999,0.6114310618334343,741,258,0.4961378324312235,"[""V176"", ""V191"", ""V255"", ""V160""]","{""n_estimators"": 324, ""max_depth"": 14, ""min_samples_split"": 4, ""min_samples_leaf"": 2, ""criterion"": ""gini"", ""class_weight"": null}"
190,2026-06-05T15:03:11.861551+00:00,extra,ranking_rf,190,5300,4,1000,0.5663720542489629,740,260,0.4995619707145718,"[""V176"", ""V191"", ""V255"", ""V160""]","{""n_estimators"": 113, ""max_depth"": 9, ""min_samples_split"": 2, ""min_samples_leaf"": 6, ""criterion"": ""entropy"", ""class_weight"": ""balanced""}"
191,2026-06-05T15:03:43.602335+00:00,extra,ranking_rf,191,5255,4,1000,0.5198810061307405,737,263,0.49751125985188355,"[""V176"", ""V191"", ""V255"", ""V160""]","{""n_estimators"": 128, ""max_depth"": 3, ""min_samples_split"": 6, ""min_samples_leaf"": 6, ""criterion"": ""gini"", ""class_weight"": null}"
192,2026-06-05T15:05:36.569394+00:00,extra,ranking_rf,192,5320,7,996,0.559489183441689,780,216,0.4967159436628266,"[""V176"", ""V191"", ""V255"", ""V160"", ""V224"", ""V215"", ""V380""]","{""n_estimators"": 483, ""max_depth"": 14, ""min_samples_split"": 5, ""min_samples_leaf"": 7, ""criterion"": ""gini"", ""class_weight"": null}"
193,2026-06-05T15:06:18.465206+00:00,extra,ranking_rf,193,5345,4,997,0.5509210784559767,742,255,0.49953811381421237,"[""V176"", ""V191"", ""V255"", ""V160""]","{""n_estimators"": 148, ""max_depth"": 7, ""min_samples_split"": 9, ""min_samples_leaf"": 7, ""criterion"": ""entropy"", ""class_weight"": ""balanced""}"
194,2026-06-05T15:07:36.858867+00:00,extra,ranking_rf,194,5245,3,1000,0.5335167292032285,723,277,0.4996914303828855,"[""V176"", ""V191"", ""V255""]","{""n_estimators"": 288, ""max_depth"": 10, ""min_samples_split"": 8, ""min_samples_leaf"": 7, ""criterion"": ""entropy"", ""class_weight"": ""balanced""}"
195,2026-06-05T15:08:51.685175+00:00,extra,ranking_rf,195,5280,8,1000,0.5513260083472574,792,208,0.4992930216462035,"[""V176"", ""V191"", ""V255"", ""V160"", ""V224"", ""V215"", ""V380"", ""V342""]","{""n_estimators"": 275, ""max_depth"": 11, ""min_samples_split"": 4, ""min_samples_leaf"": 7, ""criterion"": ""gini"", ""class_weight"": ""balanced""}"
196,2026-06-05T15:10:23.762590+00:00,extra,ranking_rf,196,5255,4,1000,0.575687559899741,737,263,0.49910635374027024,"[""V176"", ""V191"", ""V255"", ""V160""]","{""n_estimators"": 341, ""max_depth"": 11, ""min_samples_split"": 3, ""min_samples_leaf"": 6, ""criterion"": ""entropy"", ""class_weight"": ""balanced""}"
197,2026-06-05T15:10:47.600280+00:00,extra,ranking_rf,197,5275,4,999,0.5824921969311773,738,261,0.4991183075223902,"[""V176"", ""V191"", ""V255"", ""V160""]","{""n_estimators"": 78, ""max_depth"": 12, ""min_samples_split"": 2, ""min_samples_leaf"": 8, ""criterion"": ""gini"", ""class_weight"": ""balanced""}"
198,2026-06-05T15:12:14.937560+00:00,extra,ranking_rf,198,5315,4,1000,0.577898217913471,741,259,0.49925694547253263,"[""V176"", ""V191"", ""V255"", ""V160""]","{""n_estimators"": 323, ""max_depth"": 10, ""min_samples_split"": 6, ""min_samples_leaf"": 4, ""criterion"": ""gini"", ""class_weight"": ""balanced""}"
199,2026-06-05T15:13:38.860767+00:00,extra,ranking_rf,199,5185,6,1000,0.6053521013502481,759,241,0.49659135642426455,"[""V176"", ""V191"", ""V255"", ""V160"", ""V224"", ""V215""]","{""n_estimators"": 304, ""max_depth"": null, ""min_samples_split"": 9, ""min_samples_leaf"": 3, ""criterion"": ""entropy"", ""class_weight"": ""balanced""}"
200,2026-06-05T15:15:28.845777+00:00,extra,ranking_rf,200,5260,4,990,0.5557012683570746,734,256,0.4972687854472682,"[""V176"", ""V191"", ""V255"", ""V160""]","{""n_estimators"": 470, ""max_depth"": 7, ""min_samples_split"": 8, ""min_samples_leaf"": 1, ""criterion"": ""entropy"", ""class_weight"": null}"
201,2026-06-05T15:17:01.699491+00:00,extra,ranking_rf,201,4955,8,999,0.6268373493975902,770,229,0.48519682255048463,"[""V176"", ""V191"", ""V255"", ""V160"", ""V224"", ""V215"", ""V380"", ""V342""]","{""n_estimators"": 332, ""max_depth"": null, ""min_samples_split"": 3, ""min_samples_leaf"": 1, ""criterion"": ""gini"", ""class_weight"": ""balanced""}"
202,2026-06-05T15:17:16.338746+00:00,extra,ranking_rf,202,5335,3,1000,0.5124320062911696,729,271,0.49761861243871675,"[""V176"", ""V191"", ""V255""]","{""n_estimators"": 50, ""max_depth"": 3, ""min_samples_split"": 3, ""min_samples_leaf"": 1, ""criterion"": ""entropy"", ""class_weight"": null}"
203,2026-06-05T15:19:01.549530+00:00,extra,ranking_rf,203,5240,4,994,0.5735704236406673,734,260,0.497030908438577,"[""V176"", ""V191"", ""V255"", ""V160""]","{""n_estimators"": 453, ""max_depth"": 14, ""min_samples_split"": 9, ""min_samples_leaf"": 9, ""criterion"": ""entropy"", ""class_weight"": null}"
204,2026-06-05T15:19:41.173434+00:00,extra,ranking_rf,204,5430,3,999,0.5128457380090615,735,264,0.49759157984494806,"[""V176"", ""V191"", ""V255""]","{""n_estimators"": 158, ""max_depth"": 3, ""min_samples_split"": 7, ""min_samples_leaf"": 3, ""criterion"": ""gini"", ""class_weight"": null}"
205,2026-06-05T15:20:14.532002+00:00,extra,ranking_rf,205,5420,4,991,0.5577295462289747,745,246,0.49944452967520464,"[""V176"", ""V191"", ""V255"", ""V160""]","{""n_estimators"": 115, ""max_depth"": 8, ""min_samples_split"": 6, ""min_samples_leaf"": 6, ""criterion"": ""gini"", ""class_weight"": ""balanced""}"
206,2026-06-05T15:21:54.080431+00:00,extra,ranking_rf,206,5330,4,1000,0.5559018408851696,742,258,0.4993736864333749,"[""V176"", ""V191"", ""V255"", ""V160""]","{""n_estimators"": 372, ""max_depth"": 8, ""min_samples_split"": 6, ""min_samples_leaf"": 9, ""criterion"": ""entropy"", ""class_weight"": ""balanced""}"
207,2026-06-05T15:23:12.868242+00:00,extra,ranking_rf,207,5210,4,1000,0.5784819809230298,734,266,0.49691559114764094,"[""V176"", ""V191"", ""V255"", ""V160""]","{""n_estimators"": 327, ""max_depth"": null, ""min_samples_split"": 4, ""min_samples_leaf"": 9, ""criterion"": ""gini"", ""class_weight"": null}"
208,2026-06-05T15:23:31.095576+00:00,extra,ranking_rf,208,5300,4,1000,0.5714468369428579,740,260,0.4991261520423566,"[""V176"", ""V191"", ""V255"", ""V160""]","{""n_estimators"": 56, ""max_depth"": 10, ""min_samples_split"": 4, ""min_samples_leaf"": 6, ""criterion"": ""gini"", ""class_weight"": ""balanced""}"
209,2026-06-05T15:25:33.960601+00:00,extra,ranking_rf,209,5270,4,1000,0.5450071595778865,738,262,0.499644024116248,"[""V176"", ""V191"", ""V255"", ""V160""]","{""n_estimators"": 464, ""max_depth"": 6, ""min_samples_split"": 8, ""min_samples_leaf"": 7, ""criterion"": ""gini"", ""class_weight"": ""balanced""}"
210,2026-06-05T15:26:47.904246+00:00,extra,ranking_rf,210,5330,4,1000,0.5846385229506523,742,258,0.4990479450727898,"[""V176"", ""V191"", ""V255"", ""V160""]","{""n_estimators"": 272, ""max_depth"": 10, ""min_samples_split"": 7, ""min_samples_leaf"": 1, ""criterion"": ""gini"", ""class_weight"": ""balanced""}"
211,2026-06-05T15:27:04.923247+00:00,extra,ranking_rf,211,5300,4,1000,0.5605165858686348,740,260,0.49709038157901597,"[""V176"", ""V191"", ""V255"", ""V160""]","{""n_estimators"": 60, ""max_depth"": 8, ""min_samples_split"": 9, ""min_samples_leaf"": 6, ""criterion"": ""gini"", ""class_weight"": null}"
212,2026-06-05T15:28:29.357544+00:00,extra,ranking_rf,212,5240,8,999,0.5521988005013942,789,210,0.49921862749666895,"[""V176"", ""V191"", ""V255"", ""V160"", ""V224"", ""V215"", ""V380"", ""V342""]","{""n_estimators"": 312, ""max_depth"": 11, ""min_samples_split"": 8, ""min_samples_leaf"": 7, ""criterion"": ""entropy"", ""class_weight"": ""balanced""}"
213,2026-06-05T15:29:58.226664+00:00,extra,ranking_rf,213,5270,4,997,0.5663936331188026,737,260,0.4994430909646282,"[""V176"", ""V191"", ""V255"", ""V160""]","{""n_estimators"": 330, ""max_depth"": 8, ""min_samples_split"": 7, ""min_samples_leaf"": 3, ""criterion"": ""gini"", ""class_weight"": ""balanced""}"
214,2026-06-05T15:31:31.229682+00:00,extra,ranking_rf,214,5285,4,1000,0.5340580866269287,739,261,0.49983075037250857,"[""V176"", ""V191"", ""V255"", ""V160""]","{""n_estimators"": 349, ""max_depth"": 4, ""min_samples_split"": 6, ""min_samples_leaf"": 1, ""criterion"": ""entropy"", ""class_weight"": ""balanced""}"
215,2026-06-05T15:32:13.399583+00:00,extra,ranking_rf,215,5390,7,1000,0.5633598835227598,786,214,0.4968475662502711,"[""V176"", ""V191"", ""V255"", ""V160"", ""V224"", ""V215"", ""V380""]","{""n_estimators"": 167, ""max_depth"": 10, ""min_samples_split"": 3, ""min_samples_leaf"": 2, ""criterion"": ""entropy"", ""class_weight"": null}"
216,2026-06-05T15:34:16.648144+00:00,extra,ranking_rf,216,5205,4,998,0.5965315244180901,733,265,0.4986698369806309,"[""V176"", ""V191"", ""V255"", ""V160""]","{""n_estimators"": 460, ""max_depth"": null, ""min_samples_split"": 6, ""min_samples_leaf"": 6, ""criterion"": ""entropy"", ""class_weight"": ""balanced""}"
217,2026-06-05T15:35:26.037817+00:00,extra,ranking_rf,217,5270,3,998,0.5179385571342875,724,274,0.49756101776315054,"[""V176"", ""V191"", ""V255""]","{""n_estimators"": 290, ""max_depth"": 5, ""min_samples_split"": 4, ""min_samples_leaf"": 8, ""criterion"": ""gini"", ""class_weight"": null}"
218,2026-06-05T15:36:20.387576+00:00,extra,ranking_rf,218,5315,4,1000,0.5463946354696999,741,259,0.49975412958120957,"[""V176"", ""V191"", ""V255"", ""V160""]","{""n_estimators"": 196, ""max_depth"": 6, ""min_samples_split"": 6, ""min_samples_leaf"": 7, ""criterion"": ""gini"", ""class_weight"": ""balanced""}"
219,2026-06-05T15:36:56.966726+00:00,extra,ranking_rf,219,5200,3,1000,0.526340696714116,720,280,0.4998243539108459,"[""V176"", ""V191"", ""V255""]","{""n_estimators"": 127, ""max_depth"": 6, ""min_samples_split"": 8, ""min_samples_leaf"": 9, ""criterion"": ""gini"", ""class_weight"": ""balanced""}"
220,2026-06-05T15:39:10.661480+00:00,extra,ranking_rf,220,5325,4,998,0.6068586521428584,741,257,0.49786117464780855,"[""V176"", ""V191"", ""V255"", ""V160""]","{""n_estimators"": 499, ""max_depth"": 13, ""min_samples_split"": 6, ""min_samples_leaf"": 1, ""criterion"": ""entropy"", ""class_weight"": ""balanced""}"
221,2026-06-05T15:41:03.672550+00:00,extra,ranking_rf,221,5245,6,1000,0.5734339018999243,763,237,0.498639440672884,"[""V176"", ""V191"", ""V255"", ""V160"", ""V224"", ""V215""]","{""n_estimators"": 421, ""max_depth"": 13, ""min_samples_split"": 6, ""min_samples_leaf"": 5, ""criterion"": ""gini"", ""class_weight"": ""balanced""}"
222,2026-06-05T15:42:45.593883+00:00,extra,ranking_rf,222,5245,3,1000,0.5234377912717006,723,277,0.49987819523673627,"[""V176"", ""V191"", ""V255""]","{""n_estimators"": 382, ""max_depth"": 5, ""min_samples_split"": 8, ""min_samples_leaf"": 5, ""criterion"": ""entropy"", ""class_weight"": ""balanced""}"
223,2026-06-05T15:43:37.786092+00:00,extra,ranking_rf,223,5250,8,1000,0.5692961327834217,790,210,0.4981073121402749,"[""V176"", ""V191"", ""V255"", ""V160"", ""V224"", ""V215"", ""V380"", ""V342""]","{""n_estimators"": 184, ""max_depth"": 14, ""min_samples_split"": 7, ""min_samples_leaf"": 4, ""criterion"": ""gini"", ""class_weight"": ""balanced""}"
224,2026-06-05T15:43:56.411916+00:00,extra,ranking_rf,224,5245,3,994,0.5321858181090804,721,273,0.49742539169835454,"[""V176"", ""V191"", ""V255""]","{""n_estimators"": 67, ""max_depth"": 7, ""min_samples_split"": 8, ""min_samples_leaf"": 3, ""criterion"": ""entropy"", ""class_weight"": null}"
225,2026-06-05T15:45:43.866035+00:00,extra,ranking_rf,225,5330,4,1000,0.5197989845866632,742,258,0.4975086132490786,"[""V176"", ""V191"", ""V255"", ""V160""]","{""n_estimators"": 462, ""max_depth"": 3, ""min_samples_split"": 7, ""min_samples_leaf"": 8, ""criterion"": ""gini"", ""class_weight"": null}"
226,2026-06-05T15:46:43.589599+00:00,extra,ranking_rf,226,5350,6,1000,0.5828402615719238,770,230,0.49836756214262296,"[""V176"", ""V191"", ""V255"", ""V160"", ""V224"", ""V215""]","{""n_estimators"": 213, ""max_depth"": 13, ""min_samples_split"": 2, ""min_samples_leaf"": 3, ""criterion"": ""gini"", ""class_weight"": ""balanced""}"
227,2026-06-05T15:48:22.510738+00:00,extra,ranking_rf,227,5290,4,993,0.5607347764738989,737,256,0.4994565926463468,"[""V176"", ""V191"", ""V255"", ""V160""]","{""n_estimators"": 370, ""max_depth"": 9, ""min_samples_split"": 4, ""min_samples_leaf"": 9, ""criterion"": ""gini"", ""class_weight"": ""balanced""}"
228,2026-06-05T15:48:46.504352+00:00,extra,ranking_rf,228,5365,4,999,0.5594793405179873,744,255,0.49944790998340466,"[""V176"", ""V191"", ""V255"", ""V160""]","{""n_estimators"": 82, ""max_depth"": 8, ""min_samples_split"": 2, ""min_samples_leaf"": 9, ""criterion"": ""entropy"", ""class_weight"": ""balanced""}"
229,2026-06-05T15:50:44.573644+00:00,extra,ranking_rf,229,5285,7,1000,0.5763759933260213,779,221,0.498433318161633,"[""V176"", ""V191"", ""V255"", ""V160"", ""V224"", ""V215"", ""V380""]","{""n_estimators"": 439, ""max_depth"": 14, ""min_samples_split"": 2, ""min_samples_leaf"": 4, ""criterion"": ""gini"", ""class_weight"": ""balanced""}"
230,2026-06-05T15:52:30.457070+00:00,extra,ranking_rf,230,5235,3,996,0.5401403997711068,721,275,0.4997247608760211,"[""V176"", ""V191"", ""V255""]","{""n_estimators"": 395, ""max_depth"": 10, ""min_samples_split"": 7, ""min_samples_leaf"": 4, ""criterion"": ""gini"", ""class_weight"": ""balanced""}"
231,2026-06-05T15:53:44.647879+00:00,extra,ranking_rf,231,5265,8,1000,0.5808173686669901,791,209,0.4946930795682158,"[""V176"", ""V191"", ""V255"", ""V160"", ""V224"", ""V215"", ""V380"", ""V342""]","{""n_estimators"": 306, ""max_depth"": 13, ""min_samples_split"": 2, ""min_samples_leaf"": 1, ""criterion"": ""gini"", ""class_weight"": null}"
232,2026-06-05T15:54:20.249846+00:00,extra,ranking_rf,232,5165,4,1000,0.5986560360034621,731,269,0.49612296152001034,"[""V176"", ""V191"", ""V255"", ""V160""]","{""n_estimators"": 137, ""max_depth"": null, ""min_samples_split"": 2, ""min_samples_leaf"": 5, ""criterion"": ""gini"", ""class_weight"": null}"
233,2026-06-05T15:56:28.799841+00:00,extra,ranking_rf,233,5405,4,1000,0.5452706907160697,747,253,0.4996522988447055,"[""V176"", ""V191"", ""V255"", ""V160""]","{""n_estimators"": 489, ""max_depth"": 6, ""min_samples_split"": 7, ""min_samples_leaf"": 6, ""criterion"": ""gini"", ""class_weight"": ""balanced""}"
234,2026-06-05T15:58:02.421628+00:00,extra,ranking_rf,234,5300,7,1000,0.5779270862774363,780,220,0.4980818813156346,"[""V176"", ""V191"", ""V255"", ""V160"", ""V224"", ""V215"", ""V380""]","{""n_estimators"": 345, ""max_depth"": 12, ""min_samples_split"": 7, ""min_samples_leaf"": 2, ""criterion"": ""gini"", ""class_weight"": ""balanced""}"
235,2026-06-05T16:00:05.329628+00:00,extra,ranking_rf,235,5310,3,999,0.5397167796310094,727,272,0.4998015197630033,"[""V176"", ""V191"", ""V255""]","{""n_estimators"": 465, ""max_depth"": 7, ""min_samples_split"": 6, ""min_samples_leaf"": 2, ""criterion"": ""entropy"", ""class_weight"": ""balanced""}"
236,2026-06-05T16:02:06.769236+00:00,extra,ranking_rf,236,5380,4,999,0.5573998297789442,745,254,0.49957727055651213,"[""V176"", ""V191"", ""V255"", ""V160""]","{""n_estimators"": 458, ""max_depth"": 7, ""min_samples_split"": 8, ""min_samples_leaf"": 2, ""criterion"": ""gini"", ""class_weight"": ""balanced""}"
237,2026-06-05T16:03:48.721642+00:00,extra,ranking_rf,237,5285,4,1000,0.5751397930493937,739,261,0.49687342150496616,"[""V176"", ""V191"", ""V255"", ""V160""]","{""n_estimators"": 435, ""max_depth"": 12, ""min_samples_split"": 4, ""min_samples_leaf"": 7, ""criterion"": ""entropy"", ""class_weight"": null}"
238,2026-06-05T16:05:28.220569+00:00,extra,ranking_rf,238,5290,4,996,0.5905858147883472,738,258,0.49891523222831213,"[""V176"", ""V191"", ""V255"", ""V160""]","{""n_estimators"": 369, ""max_depth"": 11, ""min_samples_split"": 6, ""min_samples_leaf"": 3, ""criterion"": ""entropy"", ""class_weight"": ""balanced""}"
239,2026-06-05T16:05:54.373920+00:00,extra,ranking_rf,239,5190,8,997,0.5631443661779785,785,212,0.4983480858035674,"[""V176"", ""V191"", ""V255"", ""V160"", ""V224"", ""V215"", ""V380"", ""V342""]","{""n_estimators"": 85, ""max_depth"": 14, ""min_samples_split"": 8, ""min_samples_leaf"": 6, ""criterion"": ""entropy"", ""class_weight"": ""balanced""}"
240,2026-06-05T16:07:59.410691+00:00,extra,ranking_rf,240,5230,4,999,0.522617448095528,735,264,0.4998461703455561,"[""V176"", ""V191"", ""V255"", ""V160""]","{""n_estimators"": 474, ""max_depth"": 3, ""min_samples_split"": 7, ""min_samples_leaf"": 9, ""criterion"": ""gini"", ""class_weight"": ""balanced""}"
241,2026-06-05T16:08:53.818337+00:00,extra,ranking_rf,241,5270,4,1000,0.5693839167260811,738,262,0.49933127903138064,"[""V176"", ""V191"", ""V255"", ""V160""]","{""n_estimators"": 193, ""max_depth"": 11, ""min_samples_split"": 6, ""min_samples_leaf"": 8, ""criterion"": ""gini"", ""class_weight"": ""balanced""}"
242,2026-06-05T16:10:46.371314+00:00,extra,ranking_rf,242,5270,4,997,0.5748568769582052,737,260,0.4970364851791839,"[""V176"", ""V191"", ""V255"", ""V160""]","{""n_estimators"": 478, ""max_depth"": 13, ""min_samples_split"": 8, ""min_samples_leaf"": 8, ""criterion"": ""gini"", ""class_weight"": null}"
243,2026-06-05T16:11:33.998980+00:00,extra,ranking_rf,243,5360,4,997,0.5561049396183241,743,254,0.4972769592185523,"[""V176"", ""V191"", ""V255"", ""V160""]","{""n_estimators"": 192, ""max_depth"": 7, ""min_samples_split"": 9, ""min_samples_leaf"": 3, ""criterion"": ""gini"", ""class_weight"": null}"
244,2026-06-05T16:13:14.632538+00:00,extra,ranking_rf,244,5265,8,1000,0.5532260477941934,791,209,0.4967171161087321,"[""V176"", ""V191"", ""V255"", ""V160"", ""V224"", ""V215"", ""V380"", ""V342""]","{""n_estimators"": 425, ""max_depth"": 10, ""min_samples_split"": 3, ""min_samples_leaf"": 3, ""criterion"": ""entropy"", ""class_weight"": null}"
245,2026-06-05T16:13:35.442302+00:00,extra,ranking_rf,245,5135,7,1000,0.5509425519295729,769,231,0.49672291692600445,"[""V176"", ""V191"", ""V255"", ""V160"", ""V224"", ""V215"", ""V380""]","{""n_estimators"": 76, ""max_depth"": 14, ""min_samples_split"": 2, ""min_samples_leaf"": 9, ""criterion"": ""entropy"", ""class_weight"": null}"
246,2026-06-05T16:15:00.624737+00:00,extra,ranking_rf,246,5300,4,1000,0.5285986536713128,740,260,0.49740106860843497,"[""V176"", ""V191"", ""V255"", ""V160""]","{""n_estimators"": 359, ""max_depth"": 4, ""min_samples_split"": 5, ""min_samples_leaf"": 8, ""criterion"": ""entropy"", ""class_weight"": null}"
247,2026-06-05T16:16:53.007929+00:00,extra,ranking_rf,247,5275,4,999,0.5996113420636223,738,261,0.49618288024330576,"[""V176"", ""V191"", ""V255"", ""V160""]","{""n_estimators"": 470, ""max_depth"": null, ""min_samples_split"": 8, ""min_samples_leaf"": 5, ""criterion"": ""entropy"", ""class_weight"": null}"
248,2026-06-05T16:17:42.693322+00:00,extra,ranking_rf,248,5270,4,1000,0.5617534453775728,738,262,0.4994760661795345,"[""V176"", ""V191"", ""V255"", ""V160""]","{""n_estimators"": 177, ""max_depth"": 9, ""min_samples_split"": 5, ""min_samples_leaf"": 9, ""criterion"": ""entropy"", ""class_weight"": ""balanced""}"
249,2026-06-05T16:19:03.697359+00:00,extra,ranking_rf,249,5350,4,999,0.5566824275447217,743,256,0.4995261819151104,"[""V176"", ""V191"", ""V255"", ""V160""]","{""n_estimators"": 304, ""max_depth"": 8, ""min_samples_split"": 5, ""min_samples_leaf"": 7, ""criterion"": ""entropy"", ""class_weight"": ""balanced""}"
250,2026-06-05T16:20:20.144693+00:00,extra,ranking_rf,250,5345,4,1000,0.5438626229336128,743,257,0.497388922943151,"[""V176"", ""V191"", ""V255"", ""V160""]","{""n_estimators"": 322, ""max_depth"": 6, ""min_samples_split"": 9, ""min_samples_leaf"": 5, ""criterion"": ""entropy"", ""class_weight"": null}"
251,2026-06-05T16:22:11.262950+00:00,extra,ranking_rf,251,5345,4,1000,0.5652507485656793,743,257,0.4994130006412822,"[""V176"", ""V191"", ""V255"", ""V160""]","{""n_estimators"": 416, ""max_depth"": 8, ""min_samples_split"": 7, ""min_samples_leaf"": 1, ""criterion"": ""entropy"", ""class_weight"": ""balanced""}"
252,2026-06-05T16:23:44.814721+00:00,extra,ranking_rf,252,5350,4,999,0.5720799140651693,743,256,0.49719923121839255,"[""V176"", ""V191"", ""V255"", ""V160""]","{""n_estimators"": 395, ""max_depth"": 9, ""min_samples_split"": 5, ""min_samples_leaf"": 2, ""criterion"": ""entropy"", ""class_weight"": null}"
253,2026-06-05T16:24:35.575203+00:00,extra,ranking_rf,253,5225,7,1000,0.561065964608026,775,225,0.49706465207187356,"[""V176"", ""V191"", ""V255"", ""V160"", ""V224"", ""V215"", ""V380""]","{""n_estimators"": 205, ""max_depth"": 14, ""min_samples_split"": 8, ""min_samples_leaf"": 7, ""criterion"": ""gini"", ""class_weight"": null}"
254,2026-06-05T16:25:51.536240+00:00,extra,ranking_rf,254,5345,4,1000,0.5671695862914277,743,257,0.4970734573829651,"[""V176"", ""V191"", ""V255"", ""V160""]","{""n_estimators"": 317, ""max_depth"": 10, ""min_samples_split"": 7, ""min_samples_leaf"": 6, ""criterion"": ""entropy"", ""class_weight"": null}"
255,2026-06-05T16:27:20.525900+00:00,extra,ranking_rf,255,5380,4,987,0.5500985186104489,741,246,0.4973793397883897,"[""V176"", ""V191"", ""V255"", ""V160""]","{""n_estimators"": 376, ""max_depth"": 7, ""min_samples_split"": 3, ""min_samples_leaf"": 7, ""criterion"": ""entropy"", ""class_weight"": null}"
256,2026-06-05T16:28:57.251903+00:00,extra,ranking_rf,256,5160,8,1000,0.5625376631013704,784,216,0.4986591498679994,"[""V176"", ""V191"", ""V255"", ""V160"", ""V224"", ""V215"", ""V380"", ""V342""]","{""n_estimators"": 357, ""max_depth"": null, ""min_samples_split"": 3, ""min_samples_leaf"": 7, ""criterion"": ""entropy"", ""class_weight"": ""balanced""}"
257,2026-06-05T16:29:48.900710+00:00,extra,ranking_rf,257,5305,4,999,0.5586775229192905,740,259,0.4971694009339022,"[""V176"", ""V191"", ""V255"", ""V160""]","{""n_estimators"": 210, ""max_depth"": 9, ""min_samples_split"": 4, ""min_samples_leaf"": 8, ""criterion"": ""entropy"", ""class_weight"": null}"
258,2026-06-05T16:31:45.032075+00:00,extra,ranking_rf,258,5345,4,997,0.5528361898172848,742,255,0.4995993219232005,"[""V176"", ""V191"", ""V255"", ""V160""]","{""n_estimators"": 440, ""max_depth"": 7, ""min_samples_split"": 9, ""min_samples_leaf"": 7, ""criterion"": ""entropy"", ""class_weight"": ""balanced""}"
259,2026-06-05T16:32:53.417513+00:00,extra,ranking_rf,259,5225,4,1000,0.5823716480133092,735,265,0.49912938893940745,"[""V176"", ""V191"", ""V255"", ""V160""]","{""n_estimators"": 249, ""max_depth"": 12, ""min_samples_split"": 3, ""min_samples_leaf"": 6, ""criterion"": ""gini"", ""class_weight"": ""balanced""}"
260,2026-06-05T16:33:33.165896+00:00,extra,ranking_rf,260,5290,6,1000,0.591878508751631,766,234,0.49547605582659815,"[""V176"", ""V191"", ""V255"", ""V160"", ""V224"", ""V215""]","{""n_estimators"": 154, ""max_depth"": null, ""min_samples_split"": 3, ""min_samples_leaf"": 4, ""criterion"": ""gini"", ""class_weight"": null}"
261,2026-06-05T16:33:49.309853+00:00,extra,ranking_rf,261,5360,4,1000,0.5341386565199275,744,256,0.4973648070475616,"[""V176"", ""V191"", ""V255"", ""V160""]","{""n_estimators"": 60, ""max_depth"": 5, ""min_samples_split"": 9, ""min_samples_leaf"": 7, ""criterion"": ""gini"", ""class_weight"": null}"
262,2026-06-05T16:35:03.700316+00:00,extra,ranking_rf,262,5350,4,999,0.5614367476048324,743,256,0.4993583689418472,"[""V176"", ""V191"", ""V255"", ""V160""]","{""n_estimators"": 274, ""max_depth"": 8, ""min_samples_split"": 9, ""min_samples_leaf"": 4, ""criterion"": ""gini"", ""class_weight"": ""balanced""}"
263,2026-06-05T16:36:04.857298+00:00,extra,ranking_rf,263,5395,4,999,0.5537524687825359,746,253,0.4973608080501883,"[""V176"", ""V191"", ""V255"", ""V160""]","{""n_estimators"": 255, ""max_depth"": 7, ""min_samples_split"": 8, ""min_samples_leaf"": 4, ""criterion"": ""entropy"", ""class_weight"": null}"
264,2026-06-05T16:36:48.204848+00:00,extra,ranking_rf,264,5260,4,999,0.574759328644991,737,262,0.49700664972951963,"[""V176"", ""V191"", ""V255"", ""V160""]","{""n_estimators"": 173, ""max_depth"": 13, ""min_samples_split"": 5, ""min_samples_leaf"": 9, ""criterion"": ""entropy"", ""class_weight"": null}"
265,2026-06-05T16:37:50.146296+00:00,extra,ranking_rf,265,5285,4,1000,0.5726041270630106,739,261,0.499239732041155,"[""V176"", ""V191"", ""V255"", ""V160""]","{""n_estimators"": 224, ""max_depth"": 11, ""min_samples_split"": 5, ""min_samples_leaf"": 9, ""criterion"": ""entropy"", ""class_weight"": ""balanced""}"
266,2026-06-05T16:38:17.207445+00:00,extra,ranking_rf,266,5315,4,1000,0.57064259227395,741,259,0.49693724379661236,"[""V176"", ""V191"", ""V255"", ""V160""]","{""n_estimators"": 103, ""max_depth"": 14, ""min_samples_split"": 9, ""min_samples_leaf"": 9, ""criterion"": ""entropy"", ""class_weight"": null}"
267,2026-06-05T16:39:41.041223+00:00,extra,ranking_rf,267,5270,4,994,0.5201785347245983,736,258,0.49751681824637817,"[""V176"", ""V191"", ""V255"", ""V160""]","{""n_estimators"": 356, ""max_depth"": 3, ""min_samples_split"": 9, ""min_samples_leaf"": 8, ""criterion"": ""gini"", ""class_weight"": null}"
268,2026-06-05T16:40:36.818226+00:00,extra,ranking_rf,268,5450,4,1000,0.5394094403409028,750,250,0.4974549676365141,"[""V176"", ""V191"", ""V255"", ""V160""]","{""n_estimators"": 230, ""max_depth"": 5, ""min_samples_split"": 6, ""min_samples_leaf"": 4, ""criterion"": ""gini"", ""class_weight"": null}"
269,2026-06-05T16:42:44.348044+00:00,extra,ranking_rf,269,5250,4,998,0.578230701160522,736,262,0.4990343574574184,"[""V176"", ""V191"", ""V255"", ""V160""]","{""n_estimators"": 481, ""max_depth"": 14, ""min_samples_split"": 3, ""min_samples_leaf"": 8, ""criterion"": ""entropy"", ""class_weight"": ""balanced""}"
270,2026-06-05T16:44:39.940434+00:00,extra,ranking_rf,270,5300,4,1000,0.5794358098190906,740,260,0.4990322981233623,"[""V176"", ""V191"", ""V255"", ""V160""]","{""n_estimators"": 430, ""max_depth"": null, ""min_samples_split"": 4, ""min_samples_leaf"": 9, ""criterion"": ""gini"", ""class_weight"": ""balanced""}"
271,2026-06-05T16:45:05.017555+00:00,extra,ranking_rf,271,5215,4,999,0.5310431604331607,734,265,0.4998273431996541,"[""V176"", ""V191"", ""V255"", ""V160""]","{""n_estimators"": 82, ""max_depth"": 4, ""min_samples_split"": 2, ""min_samples_leaf"": 8, ""criterion"": ""entropy"", ""class_weight"": ""balanced""}"
272,2026-06-05T16:46:42.127482+00:00,extra,ranking_rf,272,5350,7,999,0.5558294465085012,783,216,0.4968366885430647,"[""V176"", ""V191"", ""V255"", ""V160"", ""V224"", ""V215"", ""V380""]","{""n_estimators"": 411, ""max_depth"": 9, ""min_samples_split"": 3, ""min_samples_leaf"": 1, ""criterion"": ""entropy"", ""class_weight"": null}"
273,2026-06-05T16:48:01.149049+00:00,extra,ranking_rf,273,5275,4,996,0.572988517829295,737,259,0.4992125348851667,"[""V176"", ""V191"", ""V255"", ""V160""]","{""n_estimators"": 292, ""max_depth"": 9, ""min_samples_split"": 5, ""min_samples_leaf"": 3, ""criterion"": ""entropy"", ""class_weight"": ""balanced""}"
274,2026-06-05T16:49:09.251588+00:00,extra,ranking_rf,274,5185,3,997,0.5204255801780083,718,279,0.49757025002617095,"[""V176"", ""V191"", ""V255""]","{""n_estimators"": 289, ""max_depth"": 5, ""min_samples_split"": 4, ""min_samples_leaf"": 7, ""criterion"": ""gini"", ""class_weight"": null}"
275,2026-06-05T16:49:50.341278+00:00,extra,ranking_rf,275,5345,4,1000,0.5292787425093991,743,257,0.49748639600477906,"[""V176"", ""V191"", ""V255"", ""V160""]","{""n_estimators"": 164, ""max_depth"": 4, ""min_samples_split"": 4, ""min_samples_leaf"": 6, ""criterion"": ""entropy"", ""class_weight"": null}"
276,2026-06-05T16:51:23.946604+00:00,extra,ranking_rf,276,5245,6,1000,0.5937728214070804,763,237,0.4952118130518349,"[""V176"", ""V191"", ""V255"", ""V160"", ""V224"", ""V215""]","{""n_estimators"": 393, ""max_depth"": 14, ""min_samples_split"": 4, ""min_samples_leaf"": 2, ""criterion"": ""gini"", ""class_weight"": null}"
277,2026-06-05T16:52:22.606094+00:00,extra,ranking_rf,277,5380,4,996,0.5561220790856918,744,252,0.4994917151207891,"[""V176"", ""V191"", ""V255"", ""V160""]","{""n_estimators"": 212, ""max_depth"": 7, ""min_samples_split"": 8, ""min_samples_leaf"": 4, ""criterion"": ""gini"", ""class_weight"": ""balanced""}"
278,2026-06-05T16:54:08.503199+00:00,extra,ranking_rf,278,5285,4,1000,0.5251528159860891,739,261,0.49985547131280383,"[""V176"", ""V191"", ""V255"", ""V160""]","{""n_estimators"": 401, ""max_depth"": 3, ""min_samples_split"": 7, ""min_samples_leaf"": 3, ""criterion"": ""gini"", ""class_weight"": ""balanced""}"
279,2026-06-05T16:54:59.908303+00:00,extra,ranking_rf,279,5290,3,1000,0.5322153637060519,726,274,0.49757772140420475,"[""V176"", ""V191"", ""V255""]","{""n_estimators"": 210, ""max_depth"": 6, ""min_samples_split"": 7, ""min_samples_leaf"": 2, ""criterion"": ""entropy"", ""class_weight"": null}"
280,2026-06-05T16:55:29.387179+00:00,extra,ranking_rf,280,5260,4,990,0.5598662043179242,734,256,0.4993500816669975,"[""V176"", ""V191"", ""V255"", ""V160""]","{""n_estimators"": 99, ""max_depth"": 8, ""min_samples_split"": 4, ""min_samples_leaf"": 9, ""criterion"": ""entropy"", ""class_weight"": ""balanced""}"
281,2026-06-05T16:57:00.875363+00:00,extra,ranking_rf,281,5420,4,1000,0.5470706928499637,748,252,0.4996369752221046,"[""V176"", ""V191"", ""V255"", ""V160""]","{""n_estimators"": 343, ""max_depth"": 6, ""min_samples_split"": 3, ""min_samples_leaf"": 5, ""criterion"": ""entropy"", ""class_weight"": ""balanced""}"
282,2026-06-05T16:57:43.900650+00:00,extra,ranking_rf,282,5235,6,999,0.6441193344807804,762,237,0.4936790533562822,"[""V176"", ""V191"", ""V255"", ""V160"", ""V224"", ""V215""]","{""n_estimators"": 166, ""max_depth"": null, ""min_samples_split"": 8, ""min_samples_leaf"": 1, ""criterion"": ""entropy"", ""class_weight"": null}"
283,2026-06-05T16:59:25.122686+00:00,extra,ranking_rf,283,5270,7,1000,0.5709555838415745,778,222,0.4963799649331558,"[""V176"", ""V191"", ""V255"", ""V160"", ""V224"", ""V215"", ""V380""]","{""n_estimators"": 427, ""max_depth"": 12, ""min_samples_split"": 2, ""min_samples_leaf"": 3, ""criterion"": ""gini"", ""class_weight"": null}"
284,2026-06-05T17:00:19.508864+00:00,extra,ranking_rf,284,5295,6,999,0.5695889557023736,766,233,0.4990800078641847,"[""V176"", ""V191"", ""V255"", ""V160"", ""V224"", ""V215""]","{""n_estimators"": 193, ""max_depth"": 13, ""min_samples_split"": 9, ""min_samples_leaf"": 6, ""criterion"": ""gini"", ""class_weight"": ""balanced""}"
285,2026-06-05T17:00:51.888429+00:00,extra,ranking_rf,285,5150,4,1000,0.5781157169670311,730,270,0.49663121607132754,"[""V176"", ""V191"", ""V255"", ""V160""]","{""n_estimators"": 123, ""max_depth"": null, ""min_samples_split"": 2, ""min_samples_leaf"": 8, ""criterion"": ""entropy"", ""class_weight"": null}"
286,2026-06-05T17:01:43.669712+00:00,extra,ranking_rf,286,5305,4,999,0.565333515631467,740,259,0.4972954907984623,"[""V176"", ""V191"", ""V255"", ""V160""]","{""n_estimators"": 211, ""max_depth"": 11, ""min_samples_split"": 8, ""min_samples_leaf"": 9, ""criterion"": ""entropy"", ""class_weight"": null}"
287,2026-06-05T17:03:14.092236+00:00,extra,ranking_rf,287,5285,4,1000,0.5599420555096374,739,261,0.49717399455193007,"[""V176"", ""V191"", ""V255"", ""V160""]","{""n_estimators"": 385, ""max_depth"": 9, ""min_samples_split"": 7, ""min_samples_leaf"": 9, ""criterion"": ""gini"", ""class_weight"": null}"
288,2026-06-05T17:04:36.234519+00:00,extra,ranking_rf,288,5375,4,1000,0.5779758514681176,745,255,0.49689050964674586,"[""V176"", ""V191"", ""V255"", ""V160""]","{""n_estimators"": 349, ""max_depth"": 10, ""min_samples_split"": 9, ""min_samples_leaf"": 3, ""criterion"": ""gini"", ""class_weight"": null}"
289,2026-06-05T17:05:27.904315+00:00,extra,ranking_rf,289,5345,4,1000,0.5391691113787617,743,257,0.49747062940103387,"[""V176"", ""V191"", ""V255"", ""V160""]","{""n_estimators"": 212, ""max_depth"": 6, ""min_samples_split"": 3, ""min_samples_leaf"": 9, ""criterion"": ""entropy"", ""class_weight"": null}"
290,2026-06-05T17:06:30.538352+00:00,extra,ranking_rf,290,5270,7,1000,0.5785242402824546,778,222,0.4979104406585572,"[""V176"", ""V191"", ""V255"", ""V160"", ""V224"", ""V215"", ""V380""]","{""n_estimators"": 225, ""max_depth"": 14, ""min_samples_split"": 6, ""min_samples_leaf"": 3, ""criterion"": ""entropy"", ""class_weight"": ""balanced""}"
291,2026-06-05T17:07:14.258661+00:00,extra,ranking_rf,291,5300,4,1000,0.5637678103666047,740,260,0.4970776567998294,"[""V176"", ""V191"", ""V255"", ""V160""]","{""n_estimators"": 175, ""max_depth"": 10, ""min_samples_split"": 8, ""min_samples_leaf"": 9, ""criterion"": ""entropy"", ""class_weight"": null}"
292,2026-06-05T17:07:43.399815+00:00,extra,ranking_rf,292,5310,4,998,0.5797592752582185,740,258,0.49890190186394173,"[""V176"", ""V191"", ""V255"", ""V160""]","{""n_estimators"": 97, ""max_depth"": 12, ""min_samples_split"": 3, ""min_samples_leaf"": 6, ""criterion"": ""entropy"", ""class_weight"": ""balanced""}"
293,2026-06-05T17:08:38.357936+00:00,extra,ranking_rf,293,5285,4,1000,0.6168525473196701,739,261,0.4962158902407609,"[""V176"", ""V191"", ""V255"", ""V160""]","{""n_estimators"": 222, ""max_depth"": 14, ""min_samples_split"": 8, ""min_samples_leaf"": 1, ""criterion"": ""gini"", ""class_weight"": null}"
294,2026-06-05T17:10:43.744330+00:00,extra,ranking_rf,294,5305,4,999,0.5682292630002996,740,259,0.49942115097693457,"[""V176"", ""V191"", ""V255"", ""V160""]","{""n_estimators"": 472, ""max_depth"": 9, ""min_samples_split"": 9, ""min_samples_leaf"": 5, ""criterion"": ""entropy"", ""class_weight"": ""balanced""}"
295,2026-06-05T17:12:01.430308+00:00,extra,ranking_rf,295,5345,4,1000,0.5281504275724053,743,257,0.49743569096622176,"[""V176"", ""V191"", ""V255"", ""V160""]","{""n_estimators"": 327, ""max_depth"": 4, ""min_samples_split"": 7, ""min_samples_leaf"": 7, ""criterion"": ""gini"", ""class_weight"": null}"
296,2026-06-05T17:13:07.415363+00:00,extra,ranking_rf,296,5305,4,996,0.5459248858547207,739,257,0.49741456871560275,"[""V176"", ""V191"", ""V255"", ""V160""]","{""n_estimators"": 274, ""max_depth"": 6, ""min_samples_split"": 9, ""min_samples_leaf"": 4, ""criterion"": ""entropy"", ""class_weight"": null}"
297,2026-06-05T17:14:39.177661+00:00,extra,ranking_rf,297,5310,4,995,0.5216557666641678,739,256,0.49753491788760856,"[""V176"", ""V191"", ""V255"", ""V160""]","{""n_estimators"": 390, ""max_depth"": 3, ""min_samples_split"": 5, ""min_samples_leaf"": 5, ""criterion"": ""entropy"", ""class_weight"": null}"
298,2026-06-05T17:15:25.059128+00:00,extra,ranking_rf,298,5225,4,991,0.5594935530114641,732,259,0.4971163710521294,"[""V176"", ""V191"", ""V255"", ""V160""]","{""n_estimators"": 184, ""max_depth"": 10, ""min_samples_split"": 2, ""min_samples_leaf"": 9, ""criterion"": ""entropy"", ""class_weight"": null}"
299,2026-06-05T17:16:22.238539+00:00,extra,ranking_rf,299,5270,4,1000,0.5414840568006958,738,262,0.4997504634931851,"[""V176"", ""V191"", ""V255"", ""V160""]","{""n_estimators"": 206, ""max_depth"": 5, ""min_samples_split"": 2, ""min_samples_leaf"": 1, ""criterion"": ""gini"", ""class_weight"": ""balanced""}"
300,2026-06-05T17:17:35.230332+00:00,extra,ranking_rf,300,5290,3,1000,0.5267907003042696,726,274,0.4998295780675331,"[""V176"", ""V191"", ""V255""]","{""n_estimators"": 268, ""max_depth"": 7, ""min_samples_split"": 4, ""min_samples_leaf"": 6, ""criterion"": ""gini"", ""class_weight"": ""balanced""}"
301,2026-06-05T17:18:38.520695+00:00,extra,ranking_rf,301,5300,4,1000,0.5761818459803223,740,260,0.4971116628997321,"[""V176"", ""V191"", ""V255"", ""V160""]","{""n_estimators"": 259, ""max_depth"": 11, ""min_samples_split"": 3, ""min_samples_leaf"": 6, ""criterion"": ""entropy"", ""class_weight"": null}"
302,2026-06-05T17:20:17.285017+00:00,extra,ranking_rf,302,5380,4,999,0.5558180290057454,745,254,0.4972920159582516,"[""V176"", ""V191"", ""V255"", ""V160""]","{""n_estimators"": 423, ""max_depth"": 8, ""min_samples_split"": 2, ""min_samples_leaf"": 8, ""criterion"": ""entropy"", ""class_weight"": null}"
303,2026-06-05T17:21:52.140769+00:00,extra,ranking_rf,303,5285,4,1000,0.5710772383387233,739,261,0.497138807971216,"[""V176"", ""V191"", ""V255"", ""V160""]","{""n_estimators"": 400, ""max_depth"": 10, ""min_samples_split"": 5, ""min_samples_leaf"": 5, ""criterion"": ""entropy"", ""class_weight"": null}"
304,2026-06-05T17:22:24.957733+00:00,extra,ranking_rf,304,5150,6,995,0.6084602186182654,755,240,0.4957261310217866,"[""V176"", ""V191"", ""V255"", ""V160"", ""V224"", ""V215""]","{""n_estimators"": 109, ""max_depth"": null, ""min_samples_split"": 6, ""min_samples_leaf"": 3, ""criterion"": ""gini"", ""class_weight"": ""balanced""}"
305,2026-06-05T17:23:44.558260+00:00,extra,ranking_rf,305,5340,4,998,0.5313568181647056,742,256,0.4975243482580107,"[""V176"", ""V191"", ""V255"", ""V160""]","{""n_estimators"": 337, ""max_depth"": 4, ""min_samples_split"": 4, ""min_samples_leaf"": 2, ""criterion"": ""gini"", ""class_weight"": null}"
306,2026-06-05T17:25:35.223584+00:00,extra,ranking_rf,306,5350,4,999,0.5295853959727469,743,256,0.497426771815961,"[""V176"", ""V191"", ""V255"", ""V160""]","{""n_estimators"": 475, ""max_depth"": 4, ""min_samples_split"": 9, ""min_samples_leaf"": 4, ""criterion"": ""entropy"", ""class_weight"": null}"
307,2026-06-05T17:26:41.557549+00:00,extra,ranking_rf,307,5255,4,1000,0.5643841402447523,737,263,0.49726167298246865,"[""V176"", ""V191"", ""V255"", ""V160""]","{""n_estimators"": 274, ""max_depth"": 8, ""min_samples_split"": 3, ""min_samples_leaf"": 2, ""criterion"": ""gini"", ""class_weight"": null}"
308,2026-06-05T17:28:22.200478+00:00,extra,ranking_rf,308,5290,4,999,0.5828654011972219,739,260,0.49675917312647416,"[""V176"", ""V191"", ""V255"", ""V160""]","{""n_estimators"": 423, ""max_depth"": 12, ""min_samples_split"": 3, ""min_samples_leaf"": 5, ""criterion"": ""entropy"", ""class_weight"": null}"
309,2026-06-05T17:30:15.860183+00:00,extra,ranking_rf,309,5260,4,999,0.5275616010293823,737,262,0.49745258989707264,"[""V176"", ""V191"", ""V255"", ""V160""]","{""n_estimators"": 489, ""max_depth"": 4, ""min_samples_split"": 4, ""min_samples_leaf"": 9, ""criterion"": ""gini"", ""class_weight"": null}"
310,2026-06-05T17:32:18.518270+00:00,extra,ranking_rf,310,5320,4,999,0.524077847551898,741,258,0.49985068093014995,"[""V176"", ""V191"", ""V255"", ""V160""]","{""n_estimators"": 467, ""max_depth"": 3, ""min_samples_split"": 9, ""min_samples_leaf"": 5, ""criterion"": ""entropy"", ""class_weight"": ""balanced""}"
311,2026-06-05T17:33:07.671101+00:00,extra,ranking_rf,311,5350,4,999,0.582151992696358,743,256,0.4989763091953677,"[""V176"", ""V191"", ""V255"", ""V160""]","{""n_estimators"": 174, ""max_depth"": 10, ""min_samples_split"": 6, ""min_samples_leaf"": 2, ""criterion"": ""gini"", ""class_weight"": ""balanced""}"
312,2026-06-05T17:35:11.187907+00:00,extra,ranking_rf,312,5370,4,995,0.5454691237194124,743,252,0.4996125557136186,"[""V176"", ""V191"", ""V255"", ""V160""]","{""n_estimators"": 470, ""max_depth"": 6, ""min_samples_split"": 2, ""min_samples_leaf"": 7, ""criterion"": ""entropy"", ""class_weight"": ""balanced""}"
313,2026-06-05T17:37:00.941369+00:00,extra,ranking_rf,313,5300,4,1000,0.5892797971387478,740,260,0.49673884815713054,"[""V176"", ""V191"", ""V255"", ""V160""]","{""n_estimators"": 466, ""max_depth"": 12, ""min_samples_split"": 6, ""min_samples_leaf"": 4, ""criterion"": ""gini"", ""class_weight"": null}"
314,2026-06-05T17:37:17.832187+00:00,extra,ranking_rf,314,5195,4,1000,0.5646669864400424,733,267,0.49714163301478675,"[""V176"", ""V191"", ""V255"", ""V160""]","{""n_estimators"": 58, ""max_depth"": 11, ""min_samples_split"": 4, ""min_samples_leaf"": 8, ""criterion"": ""gini"", ""class_weight"": null}"
315,2026-06-05T17:37:36.399829+00:00,extra,ranking_rf,315,5200,4,999,0.542530113176531,733,266,0.4998236233659583,"[""V176"", ""V191"", ""V255"", ""V160""]","{""n_estimators"": 58, ""max_depth"": 5, ""min_samples_split"": 7, ""min_samples_leaf"": 4, ""criterion"": ""entropy"", ""class_weight"": ""balanced""}"
316,2026-06-05T17:39:12.952510+00:00,extra,ranking_rf,316,5330,4,1000,0.5623712396979411,742,258,0.49722639787799927,"[""V176"", ""V191"", ""V255"", ""V160""]","{""n_estimators"": 411, ""max_depth"": 8, ""min_samples_split"": 5, ""min_samples_leaf"": 3, ""criterion"": ""entropy"", ""class_weight"": null}"
317,2026-06-05T17:40:40.694888+00:00,extra,ranking_rf,317,5270,4,1000,0.5818578749198738,738,262,0.49663444927864514,"[""V176"", ""V191"", ""V255"", ""V160""]","{""n_estimators"": 367, ""max_depth"": null, ""min_samples_split"": 8, ""min_samples_leaf"": 8, ""criterion"": ""gini"", ""class_weight"": null}"
318,2026-06-05T17:41:51.845193+00:00,extra,ranking_rf,318,5305,4,999,0.5679881614975182,740,259,0.4970839160129239,"[""V176"", ""V191"", ""V255"", ""V160""]","{""n_estimators"": 297, ""max_depth"": 9, ""min_samples_split"": 4, ""min_samples_leaf"": 4, ""criterion"": ""gini"", ""class_weight"": null}"
319,2026-06-05T17:43:42.499328+00:00,extra,ranking_rf,319,5345,7,1000,0.5862127621233534,783,217,0.4953553650371636,"[""V176"", ""V191"", ""V255"", ""V160"", ""V224"", ""V215"", ""V380""]","{""n_estimators"": 469, ""max_depth"": 13, ""min_samples_split"": 8, ""min_samples_leaf"": 1, ""criterion"": ""gini"", ""class_weight"": null}"
320,2026-06-05T17:45:02.497371+00:00,extra,ranking_rf,320,5360,4,1000,0.5315998987053597,744,256,0.49742675506825873,"[""V176"", ""V191"", ""V255"", ""V160""]","{""n_estimators"": 339, ""max_depth"": 4, ""min_samples_split"": 9, ""min_samples_leaf"": 2, ""criterion"": ""gini"", ""class_weight"": null}"
321,2026-06-05T17:46:18.441775+00:00,extra,ranking_rf,321,5285,4,1000,0.5630560631709458,739,261,0.4972210241968442,"[""V176"", ""V191"", ""V255"", ""V160""]","{""n_estimators"": 319, ""max_depth"": 9, ""min_samples_split"": 4, ""min_samples_leaf"": 6, ""criterion"": ""gini"", ""class_weight"": null}"
322,2026-06-05T17:46:41.380594+00:00,extra,ranking_rf,322,5310,4,998,0.5414588783853516,740,258,0.49985022759068304,"[""V176"", ""V191"", ""V255"", ""V160""]","{""n_estimators"": 76, ""max_depth"": 6, ""min_samples_split"": 6, ""min_samples_leaf"": 9, ""criterion"": ""entropy"", ""class_weight"": ""balanced""}"
323,2026-06-05T17:48:44.946522+00:00,extra,ranking_rf,323,5190,8,1000,0.560328635000407,786,214,0.4988530716267878,"[""V176"", ""V191"", ""V255"", ""V160"", ""V224"", ""V215"", ""V380"", ""V342""]","{""n_estimators"": 466, ""max_depth"": 13, ""min_samples_split"": 3, ""min_samples_leaf"": 6, ""criterion"": ""entropy"", ""class_weight"": ""balanced""}"
324,2026-06-05T17:49:49.483665+00:00,extra,ranking_rf,324,5305,4,999,0.6084129183248781,740,259,0.498320899453876,"[""V176"", ""V191"", ""V255"", ""V160""]","{""n_estimators"": 234, ""max_depth"": 13, ""min_samples_split"": 8, ""min_samples_leaf"": 1, ""criterion"": ""gini"", ""class_weight"": ""balanced""}"
325,2026-06-05T17:50:39.551384+00:00,extra,ranking_rf,325,5260,4,987,0.568308750555411,733,254,0.4970474641947818,"[""V176"", ""V191"", ""V255"", ""V160""]","{""n_estimators"": 203, ""max_depth"": 11, ""min_samples_split"": 6, ""min_samples_leaf"": 9, ""criterion"": ""gini"", ""class_weight"": null}"
326,2026-06-05T17:51:43.945283+00:00,extra,ranking_rf,326,5305,4,999,0.5717544539678456,740,259,0.4992392507023585,"[""V176"", ""V191"", ""V255"", ""V160""]","{""n_estimators"": 235, ""max_depth"": 10, ""min_samples_split"": 3, ""min_samples_leaf"": 6, ""criterion"": ""gini"", ""class_weight"": ""balanced""}"
327,2026-06-05T17:52:33.666746+00:00,extra,ranking_rf,327,5240,4,1000,0.520744109060487,736,264,0.4974667606550914,"[""V176"", ""V191"", ""V255"", ""V160""]","{""n_estimators"": 203, ""max_depth"": 3, ""min_samples_split"": 6, ""min_samples_leaf"": 1, ""criterion"": ""entropy"", ""class_weight"": null}"
328,2026-06-05T17:54:02.394286+00:00,extra,ranking_rf,328,5245,4,999,0.5854832549383548,736,263,0.49650876095698165,"[""V176"", ""V191"", ""V255"", ""V160""]","{""n_estimators"": 371, ""max_depth"": null, ""min_samples_split"": 6, ""min_samples_leaf"": 7, ""criterion"": ""entropy"", ""class_weight"": null}"
329,2026-06-05T17:54:36.732332+00:00,extra,ranking_rf,329,5290,3,1000,0.5405274564809726,726,274,0.4973913093702698,"[""V176"", ""V191"", ""V255""]","{""n_estimators"": 134, ""max_depth"": 12, ""min_samples_split"": 4, ""min_samples_leaf"": 4, ""criterion"": ""entropy"", ""class_weight"": null}"
330,2026-06-05T17:56:21.075184+00:00,extra,ranking_rf,330,5240,4,1000,0.5729971689099194,736,264,0.49700692399518814,"[""V176"", ""V191"", ""V255"", ""V160""]","{""n_estimators"": 443, ""max_depth"": 9, ""min_samples_split"": 4, ""min_samples_leaf"": 1, ""criterion"": ""entropy"", ""class_weight"": null}"
331,2026-06-05T17:57:34.781745+00:00,extra,ranking_rf,331,5285,4,1000,0.5719859477262825,739,261,0.49928864829805625,"[""V176"", ""V191"", ""V255"", ""V160""]","{""n_estimators"": 271, ""max_depth"": 11, ""min_samples_split"": 2, ""min_samples_leaf"": 8, ""criterion"": ""gini"", ""class_weight"": ""balanced""}"
332,2026-06-05T17:59:44.211687+00:00,extra,ranking_rf,332,5225,4,1000,0.5889450387937084,735,265,0.4987549884644068,"[""V176"", ""V191"", ""V255"", ""V160""]","{""n_estimators"": 486, ""max_depth"": 13, ""min_samples_split"": 3, ""min_samples_leaf"": 5, ""criterion"": ""entropy"", ""class_weight"": ""balanced""}"
333,2026-06-05T18:00:09.946188+00:00,extra,ranking_rf,333,5255,4,1000,0.5385260572153523,737,263,0.49752676877726,"[""V176"", ""V191"", ""V255"", ""V160""]","{""n_estimators"": 97, ""max_depth"": 5, ""min_samples_split"": 2, ""min_samples_leaf"": 5, ""criterion"": ""entropy"", ""class_weight"": null}"
334,2026-06-05T18:01:25.899132+00:00,extra,ranking_rf,334,5300,4,997,0.577998131663356,739,258,0.49690888705518954,"[""V176"", ""V191"", ""V255"", ""V160""]","{""n_estimators"": 318, ""max_depth"": 10, ""min_samples_split"": 7, ""min_samples_leaf"": 4, ""criterion"": ""entropy"", ""class_weight"": null}"
335,2026-06-05T18:02:10.134490+00:00,extra,ranking_rf,335,5320,4,999,0.5380755269208022,741,258,0.49737654763942685,"[""V176"", ""V191"", ""V255"", ""V160""]","{""n_estimators"": 180, ""max_depth"": 5, ""min_samples_split"": 4, ""min_samples_leaf"": 3, ""criterion"": ""entropy"", ""class_weight"": null}"
336,2026-06-05T18:03:21.375073+00:00,extra,ranking_rf,336,5280,3,999,0.5170751866157918,725,274,0.49754471381958776,"[""V176"", ""V191"", ""V255""]","{""n_estimators"": 299, ""max_depth"": 4, ""min_samples_split"": 3, ""min_samples_leaf"": 5, ""criterion"": ""gini"", ""class_weight"": null}"
337,2026-06-05T18:05:26.063471+00:00,extra,ranking_rf,337,5170,4,999,0.5849409613467212,731,268,0.4989979127308521,"[""V176"", ""V191"", ""V255"", ""V160""]","{""n_estimators"": 469, ""max_depth"": null, ""min_samples_split"": 6, ""min_samples_leaf"": 8, ""criterion"": ""gini"", ""class_weight"": ""balanced""}"
338,2026-06-05T18:06:39.862652+00:00,extra,ranking_rf,338,5250,4,995,0.5359697654818798,735,260,0.49746602744648444,"[""V176"", ""V191"", ""V255"", ""V160""]","{""n_estimators"": 310, ""max_depth"": 5, ""min_samples_split"": 4, ""min_samples_leaf"": 9, ""criterion"": ""entropy"", ""class_weight"": null}"
339,2026-06-05T18:07:12.743615+00:00,extra,ranking_rf,339,5320,3,1000,0.5120236280505596,728,272,0.4975464317485016,"[""V176"", ""V191"", ""V255""]","{""n_estimators"": 129, ""max_depth"": 3, ""min_samples_split"": 2, ""min_samples_leaf"": 6, ""criterion"": ""entropy"", ""class_weight"": null}"
340,2026-06-05T18:07:54.617283+00:00,extra,ranking_rf,340,5225,4,1000,0.5283835123352753,735,265,0.497455617513974,"[""V176"", ""V191"", ""V255"", ""V160""]","{""n_estimators"": 168, ""max_depth"": 4, ""min_samples_split"": 9, ""min_samples_leaf"": 9, ""criterion"": ""gini"", ""class_weight"": null}"
341,2026-06-05T18:08:45.591241+00:00,extra,ranking_rf,341,5410,4,996,0.5671789906078398,746,250,0.4994327439988211,"[""V176"", ""V191"", ""V255"", ""V160""]","{""n_estimators"": 182, ""max_depth"": 8, ""min_samples_split"": 3, ""min_samples_leaf"": 3, ""criterion"": ""gini"", ""class_weight"": ""balanced""}"
342,2026-06-05T18:09:32.425624+00:00,extra,ranking_rf,342,5255,4,1000,0.5797773791443142,737,263,0.49918893148043897,"[""V176"", ""V191"", ""V255"", ""V160""]","{""n_estimators"": 165, ""max_depth"": 11, ""min_samples_split"": 7, ""min_samples_leaf"": 4, ""criterion"": ""entropy"", ""class_weight"": ""balanced""}"
343,2026-06-05T18:09:53.369072+00:00,extra,ranking_rf,343,5250,4,995,0.5221333570513225,735,260,0.49989386597678404,"[""V176"", ""V191"", ""V255"", ""V160""]","{""n_estimators"": 69, ""max_depth"": 3, ""min_samples_split"": 5, ""min_samples_leaf"": 5, ""criterion"": ""gini"", ""class_weight"": ""balanced""}"
344,2026-06-05T18:11:31.739751+00:00,extra,ranking_rf,344,5285,4,1000,0.5393169640676401,739,261,0.499732000061218,"[""V176"", ""V191"", ""V255"", ""V160""]","{""n_estimators"": 369, ""max_depth"": 5, ""min_samples_split"": 3, ""min_samples_leaf"": 3, ""criterion"": ""entropy"", ""class_weight"": ""balanced""}"
345,2026-06-05T18:12:18.962214+00:00,extra,ranking_rf,345,5290,4,996,0.5564846498513858,738,258,0.49956599330651735,"[""V176"", ""V191"", ""V255"", ""V160""]","{""n_estimators"": 167, ""max_depth"": 8, ""min_samples_split"": 2, ""min_samples_leaf"": 8, ""criterion"": ""entropy"", ""class_weight"": ""balanced""}"
346,2026-06-05T18:12:41.789670+00:00,extra,ranking_rf,346,5270,7,1000,0.5728384687756891,778,222,0.49811030711120013,"[""V176"", ""V191"", ""V255"", ""V160"", ""V224"", ""V215"", ""V380""]","{""n_estimators"": 74, ""max_depth"": 14, ""min_samples_split"": 2, ""min_samples_leaf"": 4, ""criterion"": ""entropy"", ""class_weight"": ""balanced""}"
347,2026-06-05T18:14:09.187619+00:00,extra,ranking_rf,347,5290,4,996,0.5657551024731071,738,258,0.4993175250255057,"[""V176"", ""V191"", ""V255"", ""V160""]","{""n_estimators"": 326, ""max_depth"": 10, ""min_samples_split"": 5, ""min_samples_leaf"": 9, ""criterion"": ""gini"", ""class_weight"": ""balanced""}"
348,2026-06-05T18:15:04.492803+00:00,extra,ranking_rf,348,5350,3,1000,0.5278743250641345,730,270,0.4974211510807292,"[""V176"", ""V191"", ""V255""]","{""n_estimators"": 227, ""max_depth"": 7, ""min_samples_split"": 2, ""min_samples_leaf"": 5, ""criterion"": ""entropy"", ""class_weight"": null}"
349,2026-06-05T18:15:42.693552+00:00,extra,ranking_rf,349,5255,4,994,0.5551266604388962,735,259,0.49946616775517877,"[""V176"", ""V191"", ""V255"", ""V160""]","{""n_estimators"": 133, ""max_depth"": 7, ""min_samples_split"": 2, ""min_samples_leaf"": 6, ""criterion"": ""gini"", ""class_weight"": ""balanced""}"
350,2026-06-05T18:16:40.658091+00:00,extra,ranking_rf,350,5260,4,999,0.5601844533876724,737,262,0.4970082315072864,"[""V176"", ""V191"", ""V255"", ""V160""]","{""n_estimators"": 239, ""max_depth"": 8, ""min_samples_split"": 9, ""min_samples_leaf"": 4, ""criterion"": ""entropy"", ""class_weight"": null}"
351,2026-06-05T18:17:23.611067+00:00,extra,ranking_rf,351,5300,4,1000,0.5503051689525283,740,260,0.4974375176063093,"[""V176"", ""V191"", ""V255"", ""V160""]","{""n_estimators"": 173, ""max_depth"": 7, ""min_samples_split"": 8, ""min_samples_leaf"": 7, ""criterion"": ""gini"", ""class_weight"": null}"
352,2026-06-05T18:17:53.638538+00:00,extra,ranking_rf,352,5345,4,1000,0.5720926608103957,743,257,0.4972421244126208,"[""V176"", ""V191"", ""V255"", ""V160""]","{""n_estimators"": 116, ""max_depth"": 11, ""min_samples_split"": 4, ""min_samples_leaf"": 7, ""criterion"": ""entropy"", ""class_weight"": null}"
353,2026-06-05T18:18:27.051211+00:00,extra,ranking_rf,353,5255,4,1000,0.5495782352164805,737,263,0.49967721268835996,"[""V176"", ""V191"", ""V255"", ""V160""]","{""n_estimators"": 116, ""max_depth"": 6, ""min_samples_split"": 8, ""min_samples_leaf"": 7, ""criterion"": ""gini"", ""class_weight"": ""balanced""}"
354,2026-06-05T18:19:09.079445+00:00,extra,ranking_rf,354,5290,3,1000,0.5140742521058962,726,274,0.4975681482932208,"[""V176"", ""V191"", ""V255""]","{""n_estimators"": 175, ""max_depth"": 3, ""min_samples_split"": 4, ""min_samples_leaf"": 4, ""criterion"": ""gini"", ""class_weight"": null}"
355,2026-06-05T18:20:09.953234+00:00,extra,ranking_rf,355,5390,4,1000,0.5378030338441194,746,254,0.49971734123726363,"[""V176"", ""V191"", ""V255"", ""V160""]","{""n_estimators"": 222, ""max_depth"": 5, ""min_samples_split"": 8, ""min_samples_leaf"": 8, ""criterion"": ""gini"", ""class_weight"": ""balanced""}"
356,2026-06-05T18:21:22.417564+00:00,extra,ranking_rf,356,5205,4,998,0.528768639532531,733,265,0.49742268800640616,"[""V176"", ""V191"", ""V255"", ""V160""]","{""n_estimators"": 304, ""max_depth"": 4, ""min_samples_split"": 4, ""min_samples_leaf"": 6, ""criterion"": ""gini"", ""class_weight"": null}"
357,2026-06-05T18:22:41.615410+00:00,extra,ranking_rf,357,5350,6,1000,0.5801913267600929,770,230,0.49548522072673323,"[""V176"", ""V191"", ""V255"", ""V160"", ""V224"", ""V215""]","{""n_estimators"": 329, ""max_depth"": 12, ""min_samples_split"": 2, ""min_samples_leaf"": 1, ""criterion"": ""gini"", ""class_weight"": null}"
358,2026-06-05T18:23:41.857184+00:00,extra,ranking_rf,358,5260,3,994,0.518077005231913,722,272,0.4998949372659529,"[""V176"", ""V191"", ""V255""]","{""n_estimators"": 218, ""max_depth"": 4, ""min_samples_split"": 3, ""min_samples_leaf"": 6, ""criterion"": ""entropy"", ""class_weight"": ""balanced""}"
359,2026-06-05T18:24:50.938826+00:00,extra,ranking_rf,359,5320,4,999,0.5779000271494654,741,258,0.49893746285658547,"[""V176"", ""V191"", ""V255"", ""V160""]","{""n_estimators"": 251, ""max_depth"": 14, ""min_samples_split"": 3, ""min_samples_leaf"": 8, ""criterion"": ""gini"", ""class_weight"": ""balanced""}"
360,2026-06-05T18:25:57.586045+00:00,extra,ranking_rf,360,5230,4,999,0.5211279277746024,735,264,0.4974932425734793,"[""V176"", ""V191"", ""V255"", ""V160""]","{""n_estimators"": 280, ""max_depth"": 3, ""min_samples_split"": 9, ""min_samples_leaf"": 8, ""criterion"": ""entropy"", ""class_weight"": null}"
361,2026-06-05T18:26:30.478143+00:00,extra,ranking_rf,361,5320,3,1000,0.5283307905774918,728,272,0.4999184262390283,"[""V176"", ""V191"", ""V255""]","{""n_estimators"": 114, ""max_depth"": 5, ""min_samples_split"": 7, ""min_samples_leaf"": 3, ""criterion"": ""entropy"", ""class_weight"": ""balanced""}"
362,2026-06-05T18:27:43.267741+00:00,extra,ranking_rf,362,5305,4,999,0.5837949585115582,740,259,0.4967491117770868,"[""V176"", ""V191"", ""V255"", ""V160""]","{""n_estimators"": 303, ""max_depth"": 11, ""min_samples_split"": 2, ""min_samples_leaf"": 4, ""criterion"": ""gini"", ""class_weight"": null}"
363,2026-06-05T18:28:40.960167+00:00,extra,ranking_rf,363,5260,5,995,0.5998558561363071,749,246,0.49815363885312747,"[""V176"", ""V191"", ""V255"", ""V160"", ""V224""]","{""n_estimators"": 205, ""max_depth"": 14, ""min_samples_split"": 8, ""min_samples_leaf"": 2, ""criterion"": ""entropy"", ""class_weight"": ""balanced""}"
364,2026-06-05T18:30:48.641589+00:00,extra,ranking_rf,364,5245,4,999,0.5773996314185568,736,263,0.49922258636862304,"[""V176"", ""V191"", ""V255"", ""V160""]","{""n_estimators"": 479, ""max_depth"": 14, ""min_samples_split"": 8, ""min_samples_leaf"": 9, ""criterion"": ""gini"", ""class_weight"": ""balanced""}"
365,2026-06-05T18:31:50.836585+00:00,extra,ranking_rf,365,5305,6,1000,0.577290837794952,767,233,0.4986537989601473,"[""V176"", ""V191"", ""V255"", ""V160"", ""V224"", ""V215""]","{""n_estimators"": 224, ""max_depth"": 14, ""min_samples_split"": 7, ""min_samples_leaf"": 5, ""criterion"": ""gini"", ""class_weight"": ""balanced""}"
366,2026-06-05T18:32:29.164826+00:00,extra,ranking_rf,366,5400,8,1000,0.5731437508285666,800,200,0.49836506366457417,"[""V176"", ""V191"", ""V255"", ""V160"", ""V224"", ""V215"", ""V380"", ""V342""]","{""n_estimators"": 132, ""max_depth"": 12, ""min_samples_split"": 6, ""min_samples_leaf"": 2, ""criterion"": ""entropy"", ""class_weight"": ""balanced""}"
367,2026-06-05T18:34:36.195940+00:00,extra,ranking_rf,367,5270,3,992,0.5165781866921666,722,270,0.4999653920768085,"[""V176"", ""V191"", ""V255""]","{""n_estimators"": 489, ""max_depth"": 3, ""min_samples_split"": 3, ""min_samples_leaf"": 3, ""criterion"": ""entropy"", ""class_weight"": ""balanced""}"
368,2026-06-05T18:36:47.212888+00:00,extra,ranking_rf,368,5155,6,1000,0.6397902440183099,757,243,0.49505724968979176,"[""V176"", ""V191"", ""V255"", ""V160"", ""V224"", ""V215""]","{""n_estimators"": 480, ""max_depth"": null, ""min_samples_split"": 9, ""min_samples_leaf"": 1, ""criterion"": ""entropy"", ""class_weight"": ""balanced""}"
369,2026-06-05T18:38:42.004742+00:00,extra,ranking_rf,369,5300,4,1000,0.5759478212979016,740,260,0.49926237127558754,"[""V176"", ""V191"", ""V255"", ""V160""]","{""n_estimators"": 431, ""max_depth"": 9, ""min_samples_split"": 7, ""min_samples_leaf"": 1, ""criterion"": ""gini"", ""class_weight"": ""balanced""}"
370,2026-06-05T18:40:39.445207+00:00,extra,ranking_rf,370,5285,7,1000,0.5785487687510679,779,221,0.4958012851226309,"[""V176"", ""V191"", ""V255"", ""V160"", ""V224"", ""V215"", ""V380""]","{""n_estimators"": 497, ""max_depth"": 14, ""min_samples_split"": 8, ""min_samples_leaf"": 3, ""criterion"": ""entropy"", ""class_weight"": null}"
371,2026-06-05T18:41:46.839091+00:00,extra,ranking_rf,371,5375,4,994,0.5187013433829952,743,251,0.49743143790608274,"[""V176"", ""V191"", ""V255"", ""V160""]","{""n_estimators"": 282, ""max_depth"": 3, ""min_samples_split"": 3, ""min_samples_leaf"": 9, ""criterion"": ""entropy"", ""class_weight"": null}"
372,2026-06-05T18:42:20.293071+00:00,extra,ranking_rf,372,5365,4,999,0.5441593717691261,744,255,0.49736342554215535,"[""V176"", ""V191"", ""V255"", ""V160""]","{""n_estimators"": 131, ""max_depth"": 6, ""min_samples_split"": 4, ""min_samples_leaf"": 9, ""criterion"": ""entropy"", ""class_weight"": null}"
373,2026-06-05T18:43:42.041345+00:00,extra,ranking_rf,373,5275,3,1000,0.5183384003847512,725,275,0.49993551818811793,"[""V176"", ""V191"", ""V255""]","{""n_estimators"": 305, ""max_depth"": 3, ""min_samples_split"": 8, ""min_samples_leaf"": 1, ""criterion"": ""entropy"", ""class_weight"": ""balanced""}"
374,2026-06-05T18:45:10.081508+00:00,extra,ranking_rf,374,5185,6,1000,0.6052755560379719,759,241,0.49616895809755096,"[""V176"", ""V191"", ""V255"", ""V160"", ""V224"", ""V215""]","{""n_estimators"": 320, ""max_depth"": null, ""min_samples_split"": 3, ""min_samples_leaf"": 3, ""criterion"": ""gini"", ""class_weight"": ""balanced""}"
375,2026-06-05T18:46:07.790532+00:00,extra,ranking_rf,375,5255,6,998,0.5409682150817682,763,235,0.49961586401755437,"[""V176"", ""V191"", ""V255"", ""V160"", ""V224"", ""V215""]","{""n_estimators"": 209, ""max_depth"": 7, ""min_samples_split"": 9, ""min_samples_leaf"": 8, ""criterion"": ""gini"", ""class_weight"": ""balanced""}"
376,2026-06-05T18:48:08.522399+00:00,extra,ranking_rf,376,5365,4,999,0.5417049037208767,744,255,0.49981117493065313,"[""V176"", ""V191"", ""V255"", ""V160""]","{""n_estimators"": 458, ""max_depth"": 5, ""min_samples_split"": 4, ""min_samples_leaf"": 2, ""criterion"": ""entropy"", ""class_weight"": ""balanced""}"
377,2026-06-05T18:48:51.111474+00:00,extra,ranking_rf,377,5270,4,994,0.5723473785492,736,258,0.49702746323583996,"[""V176"", ""V191"", ""V255"", ""V160""]","{""n_estimators"": 174, ""max_depth"": 12, ""min_samples_split"": 6, ""min_samples_leaf"": 7, ""criterion"": ""entropy"", ""class_weight"": null}"
378,2026-06-05T18:49:11.361428+00:00,extra,ranking_rf,378,5255,4,1000,0.5394579102171156,737,263,0.4998454552545366,"[""V176"", ""V191"", ""V255"", ""V160""]","{""n_estimators"": 65, ""max_depth"": 5, ""min_samples_split"": 7, ""min_samples_leaf"": 9, ""criterion"": ""gini"", ""class_weight"": ""balanced""}"
379,2026-06-05T18:50:22.605620+00:00,extra,ranking_rf,379,5270,7,1000,0.5657099108605164,778,222,0.49647376589295583,"[""V176"", ""V191"", ""V255"", ""V160"", ""V224"", ""V215"", ""V380""]","{""n_estimators"": 294, ""max_depth"": null, ""min_samples_split"": 7, ""min_samples_leaf"": 7, ""criterion"": ""entropy"", ""class_weight"": null}"
380,2026-06-05T18:51:33.421827+00:00,extra,ranking_rf,380,5285,4,1000,0.6108999470027563,739,261,0.4958206712432815,"[""V176"", ""V191"", ""V255"", ""V160""]","{""n_estimators"": 290, ""max_depth"": null, ""min_samples_split"": 9, ""min_samples_leaf"": 4, ""criterion"": ""gini"", ""class_weight"": null}"
381,2026-06-05T18:53:16.954542+00:00,extra,ranking_rf,381,5300,4,1000,0.5303727084926072,740,260,0.4974914675768891,"[""V176"", ""V191"", ""V255"", ""V160""]","{""n_estimators"": 444, ""max_depth"": 4, ""min_samples_split"": 4, ""min_samples_leaf"": 3, ""criterion"": ""entropy"", ""class_weight"": null}"
382,2026-06-05T18:53:52.860263+00:00,extra,ranking_rf,382,5375,4,1000,0.5705641371986673,745,255,0.4994244050763663,"[""V176"", ""V191"", ""V255"", ""V160""]","{""n_estimators"": 123, ""max_depth"": 9, ""min_samples_split"": 5, ""min_samples_leaf"": 4, ""criterion"": ""entropy"", ""class_weight"": ""balanced""}"
383,2026-06-05T18:55:55.428962+00:00,extra,ranking_rf,383,5145,8,1000,0.6300792532735723,783,217,0.4920265156401859,"[""V176"", ""V191"", ""V255"", ""V160"", ""V224"", ""V215"", ""V380"", ""V342""]","{""n_estimators"": 445, ""max_depth"": null, ""min_samples_split"": 7, ""min_samples_leaf"": 1, ""criterion"": ""entropy"", ""class_weight"": ""balanced""}"
384,2026-06-05T18:57:40.385687+00:00,extra,ranking_rf,384,5260,3,1000,0.5351382690826313,724,276,0.49968152574124486,"[""V176"", ""V191"", ""V255""]","{""n_estimators"": 393, ""max_depth"": 10, ""min_samples_split"": 5, ""min_samples_leaf"": 5, ""criterion"": ""entropy"", ""class_weight"": ""balanced""}"
385,2026-06-05T18:58:56.837517+00:00,extra,ranking_rf,385,5290,7,999,0.5684069741538162,779,220,0.49860752061097846,"[""V176"", ""V191"", ""V255"", ""V160"", ""V224"", ""V215"", ""V380""]","{""n_estimators"": 280, ""max_depth"": 12, ""min_samples_split"": 7, ""min_samples_leaf"": 4, ""criterion"": ""entropy"", ""class_weight"": ""balanced""}"
386,2026-06-05T18:59:25.578641+00:00,extra,ranking_rf,386,5385,4,998,0.5194791338127216,745,253,0.49741388645722745,"[""V176"", ""V191"", ""V255"", ""V160""]","{""n_estimators"": 112, ""max_depth"": 3, ""min_samples_split"": 7, ""min_samples_leaf"": 6, ""criterion"": ""entropy"", ""class_weight"": null}"
387,2026-06-05T19:00:30.287835+00:00,extra,ranking_rf,387,5240,4,1000,0.5897547058933754,736,264,0.49696839395352654,"[""V176"", ""V191"", ""V255"", ""V160""]","{""n_estimators"": 267, ""max_depth"": 11, ""min_samples_split"": 8, ""min_samples_leaf"": 2, ""criterion"": ""entropy"", ""class_weight"": null}"
388,2026-06-05T19:02:21.227894+00:00,extra,ranking_rf,388,5255,4,994,0.5737268942289869,735,259,0.49929398069694286,"[""V176"", ""V191"", ""V255"", ""V160""]","{""n_estimators"": 417, ""max_depth"": 9, ""min_samples_split"": 2, ""min_samples_leaf"": 3, ""criterion"": ""gini"", ""class_weight"": ""balanced""}"
389,2026-06-05T19:04:14.245605+00:00,extra,ranking_rf,389,5280,4,998,0.5797143473169454,738,260,0.4968067426275291,"[""V176"", ""V191"", ""V255"", ""V160""]","{""n_estimators"": 484, ""max_depth"": 14, ""min_samples_split"": 8, ""min_samples_leaf"": 7, ""criterion"": ""entropy"", ""class_weight"": null}"
390,2026-06-05T19:04:53.113817+00:00,extra,ranking_rf,390,5335,4,999,0.5969368707613449,742,257,0.49670336648569047,"[""V176"", ""V191"", ""V255"", ""V160""]","{""n_estimators"": 152, ""max_depth"": 12, ""min_samples_split"": 6, ""min_samples_leaf"": 2, ""criterion"": ""entropy"", ""class_weight"": null}"
391,2026-06-05T19:06:15.929826+00:00,extra,ranking_rf,391,5285,4,1000,0.5875328354504736,739,261,0.49682792368261053,"[""V176"", ""V191"", ""V255"", ""V160""]","{""n_estimators"": 347, ""max_depth"": 11, ""min_samples_split"": 2, ""min_samples_leaf"": 3, ""criterion"": ""gini"", ""class_weight"": null}"
392,2026-06-05T19:08:06.391615+00:00,extra,ranking_rf,392,5330,4,1000,0.5724740879777948,742,258,0.49918157660044515,"[""V176"", ""V191"", ""V255"", ""V160""]","{""n_estimators"": 412, ""max_depth"": 9, ""min_samples_split"": 6, ""min_samples_leaf"": 3, ""criterion"": ""gini"", ""class_weight"": ""balanced""}"
393,2026-06-05T19:08:27.580925+00:00,extra,ranking_rf,393,5285,4,1000,0.5775595355630463,739,261,0.4968127687173859,"[""V176"", ""V191"", ""V255"", ""V160""]","{""n_estimators"": 78, ""max_depth"": 11, ""min_samples_split"": 5, ""min_samples_leaf"": 4, ""criterion"": ""entropy"", ""class_weight"": null}"
394,2026-06-05T19:09:31.869412+00:00,extra,ranking_rf,394,5300,4,1000,0.5497939518247316,740,260,0.4996149118839976,"[""V176"", ""V191"", ""V255"", ""V160""]","{""n_estimators"": 233, ""max_depth"": 7, ""min_samples_split"": 2, ""min_samples_leaf"": 6, ""criterion"": ""entropy"", ""class_weight"": ""balanced""}"
395,2026-06-05T19:10:42.441762+00:00,extra,ranking_rf,395,5315,4,1000,0.5393093741160485,741,259,0.49741753254861687,"[""V176"", ""V191"", ""V255"", ""V160""]","{""n_estimators"": 293, ""max_depth"": 5, ""min_samples_split"": 8, ""min_samples_leaf"": 2, ""criterion"": ""gini"", ""class_weight"": null}"
396,2026-06-05T19:12:35.168422+00:00,extra,ranking_rf,396,5355,4,998,0.559053404841298,743,255,0.4995639587834316,"[""V176"", ""V191"", ""V255"", ""V160""]","{""n_estimators"": 422, ""max_depth"": 7, ""min_samples_split"": 7, ""min_samples_leaf"": 3, ""criterion"": ""entropy"", ""class_weight"": ""balanced""}"
397,2026-06-05T19:13:24.323502+00:00,extra,ranking_rf,397,5200,4,996,0.6144624329759174,732,264,0.4958841709329682,"[""V176"", ""V191"", ""V255"", ""V160""]","{""n_estimators"": 194, ""max_depth"": null, ""min_samples_split"": 6, ""min_samples_leaf"": 4, ""criterion"": ""entropy"", ""class_weight"": null}"
398,2026-06-05T19:13:43.990073+00:00,extra,ranking_rf,398,5245,4,999,0.5236817060646958,736,263,0.49754517204164483,"[""V176"", ""V191"", ""V255"", ""V160""]","{""n_estimators"": 73, ""max_depth"": 3, ""min_samples_split"": 6, ""min_samples_leaf"": 5, ""criterion"": ""gini"", ""class_weight"": null}"
399,2026-06-05T19:14:33.363720+00:00,extra,ranking_rf,399,5350,4,996,0.558229128730016,742,254,0.49947506430416533,"[""V176"", ""V191"", ""V255"", ""V160""]","{""n_estimators"": 176, ""max_depth"": 8, ""min_samples_split"": 3, ""min_samples_leaf"": 7, ""criterion"": ""entropy"", ""class_weight"": ""balanced""}"
400,2026-06-05T19:15:10.975219+00:00,extra,ranking_rf,400,5190,4,998,0.5860339522430359,732,266,0.4990228255839571,"[""V176"", ""V191"", ""V255"", ""V160""]","{""n_estimators"": 128, ""max_depth"": null, ""min_samples_split"": 9, ""min_samples_leaf"": 7, ""criterion"": ""gini"", ""class_weight"": ""balanced""}"
401,2026-06-05T19:16:56.958611+00:00,extra,ranking_rf,401,5375,4,1000,0.5482479276983122,745,255,0.49972223441722197,"[""V176"", ""V191"", ""V255"", ""V160""]","{""n_estimators"": 398, ""max_depth"": 6, ""min_samples_split"": 9, ""min_samples_leaf"": 4, ""criterion"": ""entropy"", ""class_weight"": ""balanced""}"
402,2026-06-05T19:18:35.614875+00:00,extra,ranking_rf,402,5330,4,1000,0.5617966115071029,742,258,0.497266037567473,"[""V176"", ""V191"", ""V255"", ""V160""]","{""n_estimators"": 418, ""max_depth"": 9, ""min_samples_split"": 9, ""min_samples_leaf"": 7, ""criterion"": ""gini"", ""class_weight"": null}"
403,2026-06-05T19:20:17.987352+00:00,extra,ranking_rf,403,5290,4,999,0.5626976549421621,739,260,0.49711399174859217,"[""V176"", ""V191"", ""V255"", ""V160""]","{""n_estimators"": 439, ""max_depth"": 9, ""min_samples_split"": 8, ""min_samples_leaf"": 7, ""criterion"": ""gini"", ""class_weight"": null}"
404,2026-06-05T19:21:20.630465+00:00,extra,ranking_rf,404,5295,4,998,0.5414142061373878,739,259,0.4997041350623098,"[""V176"", ""V191"", ""V255"", ""V160""]","{""n_estimators"": 228, ""max_depth"": 5, ""min_samples_split"": 9, ""min_samples_leaf"": 1, ""criterion"": ""entropy"", ""class_weight"": ""balanced""}"
405,2026-06-05T19:22:36.305206+00:00,extra,ranking_rf,405,5230,3,1000,0.5147156899872306,722,278,0.49989340751424877,"[""V176"", ""V191"", ""V255""]","{""n_estimators"": 281, ""max_depth"": 3, ""min_samples_split"": 6, ""min_samples_leaf"": 7, ""criterion"": ""entropy"", ""class_weight"": ""balanced""}"
406,2026-06-05T19:23:16.974096+00:00,extra,ranking_rf,406,5165,4,1000,0.5855943054179098,731,269,0.49670967355528667,"[""V176"", ""V191"", ""V255"", ""V160""]","{""n_estimators"": 159, ""max_depth"": null, ""min_samples_split"": 5, ""min_samples_leaf"": 7, ""criterion"": ""gini"", ""class_weight"": null}"
407,2026-06-05T19:24:27.666868+00:00,extra,ranking_rf,407,5350,4,999,0.5594655096902243,743,256,0.4972158726704997,"[""V176"", ""V191"", ""V255"", ""V160""]","{""n_estimators"": 293, ""max_depth"": 8, ""min_samples_split"": 7, ""min_samples_leaf"": 5, ""criterion"": ""entropy"", ""class_weight"": null}"
408,2026-06-05T19:25:54.839687+00:00,extra,ranking_rf,408,5290,4,999,0.581656283348406,739,260,0.4967847510020995,"[""V176"", ""V191"", ""V255"", ""V160""]","{""n_estimators"": 366, ""max_depth"": 12, ""min_samples_split"": 7, ""min_samples_leaf"": 5, ""criterion"": ""gini"", ""class_weight"": null}"
409,2026-06-05T19:26:17.808594+00:00,extra,ranking_rf,409,5265,5,1000,0.5740230110850402,751,249,0.4967235906891433,"[""V176"", ""V191"", ""V255"", ""V160"", ""V224""]","{""n_estimators"": 84, ""max_depth"": 14, ""min_samples_split"": 3, ""min_samples_leaf"": 5, ""criterion"": ""entropy"", ""class_weight"": null}"
410,2026-06-05T19:28:08.269584+00:00,extra,ranking_rf,410,5305,6,1000,0.5608696946589556,767,233,0.49915299441832994,"[""V176"", ""V191"", ""V255"", ""V160"", ""V224"", ""V215""]","{""n_estimators"": 413, ""max_depth"": 10, ""min_samples_split"": 6, ""min_samples_leaf"": 4, ""criterion"": ""entropy"", ""class_weight"": ""balanced""}"
411,2026-06-05T19:29:09.950884+00:00,extra,ranking_rf,411,5315,4,1000,0.5322684283558935,741,259,0.49982790923843584,"[""V176"", ""V191"", ""V255"", ""V160""]","{""n_estimators"": 224, ""max_depth"": 4, ""min_samples_split"": 4, ""min_samples_leaf"": 3, ""criterion"": ""entropy"", ""class_weight"": ""balanced""}"
412,2026-06-05T19:29:49.813420+00:00,extra,ranking_rf,412,5285,4,1000,0.5362672529108087,739,261,0.49741144488339767,"[""V176"", ""V191"", ""V255"", ""V160""]","{""n_estimators"": 158, ""max_depth"": 5, ""min_samples_split"": 9, ""min_samples_leaf"": 5, ""criterion"": ""gini"", ""class_weight"": null}"
413,2026-06-05T19:31:48.560437+00:00,extra,ranking_rf,413,5365,4,999,0.5491654047979856,744,255,0.49962358984457494,"[""V176"", ""V191"", ""V255"", ""V160""]","{""n_estimators"": 446, ""max_depth"": 6, ""min_samples_split"": 7, ""min_samples_leaf"": 3, ""criterion"": ""gini"", ""class_weight"": ""balanced""}"
414,2026-06-05T19:32:24.261939+00:00,extra,ranking_rf,414,5240,7,1000,0.5590264614360878,776,224,0.4993147782113081,"[""V176"", ""V191"", ""V255"", ""V160"", ""V224"", ""V215"", ""V380""]","{""n_estimators"": 121, ""max_depth"": 14, ""min_samples_split"": 8, ""min_samples_leaf"": 9, ""criterion"": ""entropy"", ""class_weight"": ""balanced""}"
415,2026-06-05T19:33:40.070033+00:00,extra,ranking_rf,415,5390,4,997,0.5663431916480225,745,252,0.49943309822540666,"[""V176"", ""V191"", ""V255"", ""V160""]","{""n_estimators"": 278, ""max_depth"": 8, ""min_samples_split"": 3, ""min_samples_leaf"": 2, ""criterion"": ""entropy"", ""class_weight"": ""balanced""}"
416,2026-06-05T19:35:21.659533+00:00,extra,ranking_rf,416,5340,6,999,0.5877898216521136,769,230,0.4979800205101904,"[""V176"", ""V191"", ""V255"", ""V160"", ""V224"", ""V215""]","{""n_estimators"": 379, ""max_depth"": 14, ""min_samples_split"": 4, ""min_samples_leaf"": 3, ""criterion"": ""entropy"", ""class_weight"": ""balanced""}"
417,2026-06-05T19:36:35.941451+00:00,extra,ranking_rf,417,5360,4,1000,0.5462116976074642,744,256,0.4973767718381543,"[""V176"", ""V191"", ""V255"", ""V160""]","{""n_estimators"": 312, ""max_depth"": 6, ""min_samples_split"": 6, ""min_samples_leaf"": 4, ""criterion"": ""gini"", ""class_weight"": null}"
418,2026-06-05T19:37:22.801581+00:00,extra,ranking_rf,418,5300,4,1000,0.5837179325394403,740,260,0.4988993961408436,"[""V176"", ""V191"", ""V255"", ""V160""]","{""n_estimators"": 165, ""max_depth"": 11, ""min_samples_split"": 5, ""min_samples_leaf"": 4, ""criterion"": ""gini"", ""class_weight"": ""balanced""}"
419,2026-06-05T19:38:03.673079+00:00,extra,ranking_rf,419,5330,4,1000,0.5507396283784868,742,258,0.49950793529223136,"[""V176"", ""V191"", ""V255"", ""V160""]","{""n_estimators"": 143, ""max_depth"": 7, ""min_samples_split"": 3, ""min_samples_leaf"": 9, ""criterion"": ""entropy"", ""class_weight"": ""balanced""}"
420,2026-06-05T19:38:42.084076+00:00,extra,ranking_rf,420,5265,4,998,0.5864693917489824,737,261,0.49875867983372063,"[""V176"", ""V191"", ""V255"", ""V160""]","{""n_estimators"": 132, ""max_depth"": 11, ""min_samples_split"": 2, ""min_samples_leaf"": 3, ""criterion"": ""gini"", ""class_weight"": ""balanced""}"
421,2026-06-05T19:40:36.824439+00:00,extra,ranking_rf,421,5175,3,996,0.5348926410867382,717,279,0.4974378663379935,"[""V176"", ""V191"", ""V255""]","{""n_estimators"": 483, ""max_depth"": null, ""min_samples_split"": 2, ""min_samples_leaf"": 7, ""criterion"": ""entropy"", ""class_weight"": null}"
422,2026-06-05T19:42:09.857409+00:00,extra,ranking_rf,422,5275,4,996,0.5748996318192915,737,259,0.4969867942562474,"[""V176"", ""V191"", ""V255"", ""V160""]","{""n_estimators"": 393, ""max_depth"": 12, ""min_samples_split"": 7, ""min_samples_leaf"": 8, ""criterion"": ""entropy"", ""class_weight"": null}"
423,2026-06-05T19:43:18.862616+00:00,extra,ranking_rf,423,5300,4,997,0.555772370537521,739,258,0.4994888641936035,"[""V176"", ""V191"", ""V255"", ""V160""]","{""n_estimators"": 252, ""max_depth"": 8, ""min_samples_split"": 9, ""min_samples_leaf"": 8, ""criterion"": ""entropy"", ""class_weight"": ""balanced""}"
424,2026-06-05T19:44:28.022621+00:00,extra,ranking_rf,424,5365,4,996,0.5561294768075713,743,253,0.49739724694038306,"[""V176"", ""V191"", ""V255"", ""V160""]","{""n_estimators"": 288, ""max_depth"": 7, ""min_samples_split"": 2, ""min_samples_leaf"": 1, ""criterion"": ""gini"", ""class_weight"": null}"
425,2026-06-05T19:44:48.718646+00:00,extra,ranking_rf,425,5200,3,997,0.5311255190314831,719,278,0.49972172490520295,"[""V176"", ""V191"", ""V255""]","{""n_estimators"": 66, ""max_depth"": 10, ""min_samples_split"": 6, ""min_samples_leaf"": 7, ""criterion"": ""entropy"", ""class_weight"": ""balanced""}"
426,2026-06-05T19:46:47.118022+00:00,extra,ranking_rf,426,5345,4,1000,0.56621071034064,743,257,0.49941847829777963,"[""V176"", ""V191"", ""V255"", ""V160""]","{""n_estimators"": 447, ""max_depth"": 8, ""min_samples_split"": 7, ""min_samples_leaf"": 3, ""criterion"": ""gini"", ""class_weight"": ""balanced""}"
427,2026-06-05T19:47:40.852149+00:00,extra,ranking_rf,427,5245,4,999,0.5311413812753706,736,263,0.49743654010235644,"[""V176"", ""V191"", ""V255"", ""V160""]","{""n_estimators"": 220, ""max_depth"": 4, ""min_samples_split"": 8, ""min_samples_leaf"": 4, ""criterion"": ""entropy"", ""class_weight"": null}"
428,2026-06-05T19:49:00.567118+00:00,extra,ranking_rf,428,5235,4,995,0.5301279916121447,734,261,0.497451541071656,"[""V176"", ""V191"", ""V255"", ""V160""]","{""n_estimators"": 340, ""max_depth"": 4, ""min_samples_split"": 5, ""min_samples_leaf"": 1, ""criterion"": ""entropy"", ""class_weight"": null}"
429,2026-06-05T19:50:44.842248+00:00,extra,ranking_rf,429,5290,3,1000,0.5270274554700386,726,274,0.49754481428039615,"[""V176"", ""V191"", ""V255""]","{""n_estimators"": 446, ""max_depth"": 6, ""min_samples_split"": 5, ""min_samples_leaf"": 3, ""criterion"": ""gini"", ""class_weight"": null}"
430,2026-06-05T19:52:23.573281+00:00,extra,ranking_rf,430,5305,4,999,0.5732147586504986,740,259,0.49935894888748317,"[""V176"", ""V191"", ""V255"", ""V160""]","{""n_estimators"": 369, ""max_depth"": 11, ""min_samples_split"": 3, ""min_samples_leaf"": 7, ""criterion"": ""gini"", ""class_weight"": ""balanced""}"
431,2026-06-05T19:53:35.348407+00:00,extra,ranking_rf,431,5345,4,1000,0.5479115575846097,743,257,0.49972946721956296,"[""V176"", ""V191"", ""V255"", ""V160""]","{""n_estimators"": 263, ""max_depth"": 6, ""min_samples_split"": 9, ""min_samples_leaf"": 4, ""criterion"": ""gini"", ""class_weight"": ""balanced""}"
432,2026-06-05T19:54:54.758672+00:00,extra,ranking_rf,432,5360,4,1000,0.5475605659597187,744,256,0.49962874191243206,"[""V176"", ""V191"", ""V255"", ""V160""]","{""n_estimators"": 295, ""max_depth"": 6, ""min_samples_split"": 9, ""min_samples_leaf"": 3, ""criterion"": ""gini"", ""class_weight"": ""balanced""}"
433,2026-06-05T19:55:46.408022+00:00,extra,ranking_rf,433,5290,6,1000,0.5645328676125427,766,234,0.4989482332689683,"[""V176"", ""V191"", ""V255"", ""V160"", ""V224"", ""V215""]","{""n_estimators"": 184, ""max_depth"": 11, ""min_samples_split"": 2, ""min_samples_leaf"": 5, ""criterion"": ""entropy"", ""class_weight"": ""balanced""}"
434,2026-06-05T19:56:43.609732+00:00,extra,ranking_rf,434,5400,4,998,0.5406786134736292,746,252,0.49973763973639346,"[""V176"", ""V191"", ""V255"", ""V160""]","{""n_estimators"": 208, ""max_depth"": 5, ""min_samples_split"": 9, ""min_samples_leaf"": 7, ""criterion"": ""entropy"", ""class_weight"": ""balanced""}"
435,2026-06-05T19:58:10.328531+00:00,extra,ranking_rf,435,5355,4,995,0.5493670919544091,742,253,0.49963083236475814,"[""V176"", ""V191"", ""V255"", ""V160""]","{""n_estimators"": 323, ""max_depth"": 7, ""min_samples_split"": 4, ""min_samples_leaf"": 9, ""criterion"": ""gini"", ""class_weight"": ""balanced""}"
436,2026-06-05T19:59:14.548051+00:00,extra,ranking_rf,436,5315,4,997,0.5383601157002076,740,257,0.497422239217434,"[""V176"", ""V191"", ""V255"", ""V160""]","{""n_estimators"": 267, ""max_depth"": 5, ""min_samples_split"": 6, ""min_samples_leaf"": 1, ""criterion"": ""entropy"", ""class_weight"": null}"
437,2026-06-05T20:01:02.763789+00:00,extra,ranking_rf,437,5360,4,997,0.5635945384278923,743,254,0.4973056736249727,"[""V176"", ""V191"", ""V255"", ""V160""]","{""n_estimators"": 458, ""max_depth"": 8, ""min_samples_split"": 4, ""min_samples_leaf"": 2, ""criterion"": ""entropy"", ""class_weight"": null}"
438,2026-06-05T20:01:22.206647+00:00,extra,ranking_rf,438,5260,3,1000,0.5300587036131233,724,276,0.4997351694950277,"[""V176"", ""V191"", ""V255""]","{""n_estimators"": 61, ""max_depth"": 10, ""min_samples_split"": 9, ""min_samples_leaf"": 7, ""criterion"": ""entropy"", ""class_weight"": ""balanced""}"
439,2026-06-05T20:02:28.811833+00:00,extra,ranking_rf,439,5285,4,1000,0.537448789726092,739,261,0.4974098934821891,"[""V176"", ""V191"", ""V255"", ""V160""]","{""n_estimators"": 278, ""max_depth"": 5, ""min_samples_split"": 7, ""min_samples_leaf"": 4, ""criterion"": ""gini"", ""class_weight"": null}"
440,2026-06-05T20:03:03.284090+00:00,extra,ranking_rf,440,5360,4,1000,0.5625939155139613,744,256,0.4969952764498237,"[""V176"", ""V191"", ""V255"", ""V160""]","{""n_estimators"": 134, ""max_depth"": 8, ""min_samples_split"": 6, ""min_samples_leaf"": 2, ""criterion"": ""entropy"", ""class_weight"": null}"
441,2026-06-05T20:04:41.967788+00:00,extra,ranking_rf,441,5285,4,1000,0.5220060444452292,739,261,0.49751647380419006,"[""V176"", ""V191"", ""V255"", ""V160""]","{""n_estimators"": 424, ""max_depth"": 3, ""min_samples_split"": 5, ""min_samples_leaf"": 7, ""criterion"": ""gini"", ""class_weight"": null}"
442,2026-06-05T20:05:35.233438+00:00,extra,ranking_rf,442,5230,4,999,0.5319085608947357,735,264,0.49980776657644876,"[""V176"", ""V191"", ""V255"", ""V160""]","{""n_estimators"": 191, ""max_depth"": 4, ""min_samples_split"": 9, ""min_samples_leaf"": 8, ""criterion"": ""entropy"", ""class_weight"": ""balanced""}"
443,2026-06-05T20:07:10.458075+00:00,extra,ranking_rf,443,5335,4,996,0.5516483036982816,741,255,0.4974359287910085,"[""V176"", ""V191"", ""V255"", ""V160""]","{""n_estimators"": 404, ""max_depth"": 7, ""min_samples_split"": 6, ""min_samples_leaf"": 5, ""criterion"": ""entropy"", ""class_weight"": null}"
444,2026-06-05T20:08:07.537955+00:00,extra,ranking_rf,444,5225,8,993,0.574174416220178,786,207,0.4976238589819335,"[""V176"", ""V191"", ""V255"", ""V160"", ""V224"", ""V215"", ""V380"", ""V342""]","{""n_estimators"": 203, ""max_depth"": 14, ""min_samples_split"": 2, ""min_samples_leaf"": 3, ""criterion"": ""gini"", ""class_weight"": ""balanced""}"
445,2026-06-05T20:10:03.681307+00:00,extra,ranking_rf,445,5375,4,1000,0.543790261866056,745,255,0.4996677311712876,"[""V176"", ""V191"", ""V255"", ""V160""]","{""n_estimators"": 437, ""max_depth"": 6, ""min_samples_split"": 2, ""min_samples_leaf"": 8, ""criterion"": ""entropy"", ""class_weight"": ""balanced""}"
446,2026-06-05T20:10:46.599161+00:00,extra,ranking_rf,446,5320,4,999,0.5814371069034802,741,258,0.4991735140895602,"[""V176"", ""V191"", ""V255"", ""V160""]","{""n_estimators"": 149, ""max_depth"": 10, ""min_samples_split"": 2, ""min_samples_leaf"": 3, ""criterion"": ""entropy"", ""class_weight"": ""balanced""}"
447,2026-06-05T20:11:11.694699+00:00,extra,ranking_rf,447,5320,3,1000,0.5469574606221248,728,272,0.4995503383482779,"[""V176"", ""V191"", ""V255""]","{""n_estimators"": 81, ""max_depth"": 14, ""min_samples_split"": 4, ""min_samples_leaf"": 4, ""criterion"": ""entropy"", ""class_weight"": ""balanced""}"
448,2026-06-05T20:12:47.023637+00:00,extra,ranking_rf,448,5380,4,999,0.554269140272817,745,254,0.4972450531096569,"[""V176"", ""V191"", ""V255"", ""V160""]","{""n_estimators"": 403, ""max_depth"": 8, ""min_samples_split"": 6, ""min_samples_leaf"": 9, ""criterion"": ""gini"", ""class_weight"": null}"
449,2026-06-05T20:14:08.523165+00:00,extra,ranking_rf,449,5345,4,1000,0.5467370855785748,743,257,0.4996117966505872,"[""V176"", ""V191"", ""V255"", ""V160""]","{""n_estimators"": 302, ""max_depth"": 6, ""min_samples_split"": 3, ""min_samples_leaf"": 7, ""criterion"": ""gini"", ""class_weight"": ""balanced""}"
450,2026-06-05T20:15:13.637651+00:00,extra,ranking_rf,450,5285,4,1000,0.5379097619945411,739,261,0.4997350180341629,"[""V176"", ""V191"", ""V255"", ""V160""]","{""n_estimators"": 237, ""max_depth"": 5, ""min_samples_split"": 6, ""min_samples_leaf"": 6, ""criterion"": ""gini"", ""class_weight"": ""balanced""}"
451,2026-06-05T20:15:46.474024+00:00,extra,ranking_rf,451,5260,4,999,0.5239129493515545,737,262,0.4998609688357947,"[""V176"", ""V191"", ""V255"", ""V160""]","{""n_estimators"": 113, ""max_depth"": 3, ""min_samples_split"": 7, ""min_samples_leaf"": 2, ""criterion"": ""entropy"", ""class_weight"": ""balanced""}"
452,2026-06-05T20:16:09.139776+00:00,extra,ranking_rf,452,5315,4,1000,0.5879699268610495,741,259,0.4965637981432351,"[""V176"", ""V191"", ""V255"", ""V160""]","{""n_estimators"": 81, ""max_depth"": null, ""min_samples_split"": 7, ""min_samples_leaf"": 6, ""criterion"": ""gini"", ""class_weight"": null}"
453,2026-06-05T20:17:53.721700+00:00,extra,ranking_rf,453,5370,4,995,0.5468395119162672,743,252,0.49732019520074355,"[""V176"", ""V191"", ""V255"", ""V160""]","{""n_estimators"": 444, ""max_depth"": 7, ""min_samples_split"": 2, ""min_samples_leaf"": 8, ""criterion"": ""entropy"", ""class_weight"": null}"
454,2026-06-05T20:19:38.929879+00:00,extra,ranking_rf,454,5330,4,1000,0.5334802435732919,742,258,0.49744979189727767,"[""V176"", ""V191"", ""V255"", ""V160""]","{""n_estimators"": 452, ""max_depth"": 5, ""min_samples_split"": 4, ""min_samples_leaf"": 9, ""criterion"": ""entropy"", ""class_weight"": null}"
455,2026-06-05T20:20:36.719070+00:00,extra,ranking_rf,455,5265,3,999,0.5347367825545726,724,275,0.4976101996001413,"[""V176"", ""V191"", ""V255""]","{""n_estimators"": 237, ""max_depth"": 6, ""min_samples_split"": 4, ""min_samples_leaf"": 1, ""criterion"": ""entropy"", ""class_weight"": null}"
456,2026-06-05T20:21:55.213139+00:00,extra,ranking_rf,456,5310,4,998,0.5848222132434071,740,258,0.4968737636711586,"[""V176"", ""V191"", ""V255"", ""V160""]","{""n_estimators"": 327, ""max_depth"": 13, ""min_samples_split"": 2, ""min_samples_leaf"": 6, ""criterion"": ""gini"", ""class_weight"": null}"
457,2026-06-05T20:23:44.077365+00:00,extra,ranking_rf,457,5285,7,1000,0.5641877629900877,779,221,0.49656145780112304,"[""V176"", ""V191"", ""V255"", ""V160"", ""V224"", ""V215"", ""V380""]","{""n_estimators"": 461, ""max_depth"": 13, ""min_samples_split"": 7, ""min_samples_leaf"": 5, ""criterion"": ""entropy"", ""class_weight"": null}"
458,2026-06-05T20:25:19.931842+00:00,extra,ranking_rf,458,5245,4,999,0.5785160461642734,736,263,0.49688356370452813,"[""V176"", ""V191"", ""V255"", ""V160""]","{""n_estimators"": 404, ""max_depth"": 14, ""min_samples_split"": 5, ""min_samples_leaf"": 8, ""criterion"": ""gini"", ""class_weight"": null}"
459,2026-06-05T20:27:29.838253+00:00,extra,ranking_rf,459,5275,3,1000,0.5156566114317422,725,275,0.49993748324311393,"[""V176"", ""V191"", ""V255""]","{""n_estimators"": 495, ""max_depth"": 3, ""min_samples_split"": 2, ""min_samples_leaf"": 3, ""criterion"": ""entropy"", ""class_weight"": ""balanced""}"
460,2026-06-05T20:28:33.353235+00:00,extra,ranking_rf,460,5390,7,1000,0.5780382653313649,786,214,0.49568834415074725,"[""V176"", ""V191"", ""V255"", ""V160"", ""V224"", ""V215"", ""V380""]","{""n_estimators"": 260, ""max_depth"": 12, ""min_samples_split"": 6, ""min_samples_leaf"": 1, ""criterion"": ""gini"", ""class_weight"": null}"
461,2026-06-05T20:29:42.309430+00:00,extra,ranking_rf,461,5435,4,1000,0.5477364733902024,749,251,0.4996407503186279,"[""V176"", ""V191"", ""V255"", ""V160""]","{""n_estimators"": 252, ""max_depth"": 6, ""min_samples_split"": 5, ""min_samples_leaf"": 3, ""criterion"": ""entropy"", ""class_weight"": ""balanced""}"
462,2026-06-05T20:31:14.157468+00:00,extra,ranking_rf,462,5245,4,999,0.5786341039604783,736,263,0.49895626800995013,"[""V176"", ""V191"", ""V255"", ""V160""]","{""n_estimators"": 339, ""max_depth"": 13, ""min_samples_split"": 3, ""min_samples_leaf"": 7, ""criterion"": ""entropy"", ""class_weight"": ""balanced""}"
463,2026-06-05T20:32:13.443937+00:00,extra,ranking_rf,463,5365,4,999,0.5783770053400669,744,255,0.4968010343729402,"[""V176"", ""V191"", ""V255"", ""V160""]","{""n_estimators"": 242, ""max_depth"": 11, ""min_samples_split"": 5, ""min_samples_leaf"": 5, ""criterion"": ""gini"", ""class_weight"": null}"
464,2026-06-05T20:33:01.153916+00:00,extra,ranking_rf,464,5305,4,999,0.5358810907781336,740,259,0.4997950431292722,"[""V176"", ""V191"", ""V255"", ""V160""]","{""n_estimators"": 170, ""max_depth"": 5, ""min_samples_split"": 2, ""min_samples_leaf"": 8, ""criterion"": ""entropy"", ""class_weight"": ""balanced""}"
465,2026-06-05T20:34:13.058807+00:00,extra,ranking_rf,465,5410,3,1000,0.5327149765171966,734,266,0.49985549073872443,"[""V176"", ""V191"", ""V255""]","{""n_estimators"": 269, ""max_depth"": 6, ""min_samples_split"": 9, ""min_samples_leaf"": 2, ""criterion"": ""gini"", ""class_weight"": ""balanced""}"
466,2026-06-05T20:34:52.828933+00:00,extra,ranking_rf,466,5315,4,1000,0.5394968940547469,741,259,0.4997453794926162,"[""V176"", ""V191"", ""V255"", ""V160""]","{""n_estimators"": 139, ""max_depth"": 5, ""min_samples_split"": 5, ""min_samples_leaf"": 6, ""criterion"": ""gini"", ""class_weight"": ""balanced""}"
467,2026-06-05T20:36:24.475976+00:00,extra,ranking_rf,467,5225,4,1000,0.5999950051885509,735,265,0.49624644158692516,"[""V176"", ""V191"", ""V255"", ""V160""]","{""n_estimators"": 380, ""max_depth"": null, ""min_samples_split"": 3, ""min_samples_leaf"": 5, ""criterion"": ""gini"", ""class_weight"": null}"
468,2026-06-05T20:38:19.890716+00:00,extra,ranking_rf,468,5355,4,998,0.5427748571265737,743,255,0.4973568394429073,"[""V176"", ""V191"", ""V255"", ""V160""]","{""n_estimators"": 495, ""max_depth"": 6, ""min_samples_split"": 4, ""min_samples_leaf"": 5, ""criterion"": ""entropy"", ""class_weight"": null}"
469,2026-06-05T20:39:23.292970+00:00,extra,ranking_rf,469,5300,4,988,0.5407462743691435,736,252,0.4997972711135013,"[""V176"", ""V191"", ""V255"", ""V160""]","{""n_estimators"": 230, ""max_depth"": 5, ""min_samples_split"": 9, ""min_samples_leaf"": 4, ""criterion"": ""entropy"", ""class_weight"": ""balanced""}"
470,2026-06-05T20:40:45.339652+00:00,extra,ranking_rf,470,5365,4,999,0.5474314706177889,744,255,0.4974333518522119,"[""V176"", ""V191"", ""V255"", ""V160""]","{""n_estimators"": 345, ""max_depth"": 6, ""min_samples_split"": 5, ""min_samples_leaf"": 1, ""criterion"": ""entropy"", ""class_weight"": null}"
471,2026-06-05T20:42:32.071338+00:00,extra,ranking_rf,471,5240,4,1000,0.5932992347833433,736,264,0.49858931589107824,"[""V176"", ""V191"", ""V255"", ""V160""]","{""n_estimators"": 394, ""max_depth"": null, ""min_samples_split"": 3, ""min_samples_leaf"": 6, ""criterion"": ""entropy"", ""class_weight"": ""balanced""}"
472,2026-06-05T20:44:04.453286+00:00,extra,ranking_rf,472,5320,4,993,0.5725390739692171,739,254,0.4969825306255392,"[""V176"", ""V191"", ""V255"", ""V160""]","{""n_estimators"": 391, ""max_depth"": 12, ""min_samples_split"": 4, ""min_samples_leaf"": 8, ""criterion"": ""gini"", ""class_weight"": null}"
473,2026-06-05T20:44:32.680543+00:00,extra,ranking_rf,473,5340,4,998,0.5283549736864407,742,256,0.49757455849311083,"[""V176"", ""V191"", ""V255"", ""V160""]","{""n_estimators"": 110, ""max_depth"": 4, ""min_samples_split"": 4, ""min_samples_leaf"": 4, ""criterion"": ""gini"", ""class_weight"": null}"
474,2026-06-05T20:45:48.647312+00:00,extra,ranking_rf,474,5375,3,992,0.5366014520839325,729,263,0.4997567223011567,"[""V176"", ""V191"", ""V255""]","{""n_estimators"": 280, ""max_depth"": 7, ""min_samples_split"": 2, ""min_samples_leaf"": 3, ""criterion"": ""entropy"", ""class_weight"": ""balanced""}"
475,2026-06-05T20:46:03.381299+00:00,extra,ranking_rf,475,5255,4,1000,0.5222144260298465,737,263,0.49746813405084994,"[""V176"", ""V191"", ""V255"", ""V160""]","{""n_estimators"": 50, ""max_depth"": 3, ""min_samples_split"": 3, ""min_samples_leaf"": 4, ""criterion"": ""gini"", ""class_weight"": null}"
476,2026-06-05T20:47:16.007451+00:00,extra,ranking_rf,476,5300,4,1000,0.522358277690948,740,260,0.49754676543074555,"[""V176"", ""V191"", ""V255"", ""V160""]","{""n_estimators"": 307, ""max_depth"": 3, ""min_samples_split"": 4, ""min_samples_leaf"": 5, ""criterion"": ""gini"", ""class_weight"": null}"
477,2026-06-05T20:48:34.182303+00:00,extra,ranking_rf,477,5300,4,997,0.565438280626891,739,258,0.497007536413106,"[""V176"", ""V191"", ""V255"", ""V160""]","{""n_estimators"": 329, ""max_depth"": 9, ""min_samples_split"": 8, ""min_samples_leaf"": 5, ""criterion"": ""entropy"", ""class_weight"": null}"
478,2026-06-05T20:50:04.377394+00:00,extra,ranking_rf,478,5260,3,1000,0.5324904460558499,724,276,0.49975547596198483,"[""V176"", ""V191"", ""V255""]","{""n_estimators"": 340, ""max_depth"": 11, ""min_samples_split"": 9, ""min_samples_leaf"": 8, ""criterion"": ""entropy"", ""class_weight"": ""balanced""}"
479,2026-06-05T20:51:02.881613+00:00,extra,ranking_rf,479,5330,4,1000,0.5507100768561608,742,258,0.4994735118153517,"[""V176"", ""V191"", ""V255"", ""V160""]","{""n_estimators"": 212, ""max_depth"": 7, ""min_samples_split"": 9, ""min_samples_leaf"": 8, ""criterion"": ""gini"", ""class_weight"": ""balanced""}"
480,2026-06-05T20:52:18.816834+00:00,extra,ranking_rf,480,5365,4,999,0.584294402082194,744,255,0.4991840767288717,"[""V176"", ""V191"", ""V255"", ""V160""]","{""n_estimators"": 278, ""max_depth"": 14, ""min_samples_split"": 4, ""min_samples_leaf"": 7, ""criterion"": ""entropy"", ""class_weight"": ""balanced""}"
481,2026-06-05T20:53:03.167670+00:00,extra,ranking_rf,481,5300,4,1000,0.5646450011479622,740,260,0.4972812478213378,"[""V176"", ""V191"", ""V255"", ""V160""]","{""n_estimators"": 178, ""max_depth"": 8, ""min_samples_split"": 4, ""min_samples_leaf"": 1, ""criterion"": ""entropy"", ""class_weight"": null}"
482,2026-06-05T20:54:05.679045+00:00,extra,ranking_rf,482,5245,7,999,0.5737204575329912,776,223,0.4960952615394426,"[""V176"", ""V191"", ""V255"", ""V160"", ""V224"", ""V215"", ""V380""]","{""n_estimators"": 256, ""max_depth"": 12, ""min_samples_split"": 5, ""min_samples_leaf"": 2, ""criterion"": ""entropy"", ""class_weight"": null}"
483,2026-06-05T20:54:51.783417+00:00,extra,ranking_rf,483,5300,4,997,0.5724108502558889,739,258,0.49688413085849414,"[""V176"", ""V191"", ""V255"", ""V160""]","{""n_estimators"": 186, ""max_depth"": 10, ""min_samples_split"": 2, ""min_samples_leaf"": 6, ""criterion"": ""entropy"", ""class_weight"": null}"
484,2026-06-05T20:56:37.927600+00:00,extra,ranking_rf,484,5290,4,999,0.5668636928998221,739,260,0.4969728410493723,"[""V176"", ""V191"", ""V255"", ""V160""]","{""n_estimators"": 454, ""max_depth"": 10, ""min_samples_split"": 2, ""min_samples_leaf"": 8, ""criterion"": ""entropy"", ""class_weight"": null}"
485,2026-06-05T20:57:29.408457+00:00,extra,ranking_rf,485,5305,3,1000,0.5335668924852071,727,273,0.497317489228293,"[""V176"", ""V191"", ""V255""]","{""n_estimators"": 209, ""max_depth"": 11, ""min_samples_split"": 2, ""min_samples_leaf"": 6, ""criterion"": ""gini"", ""class_weight"": null}"
486,2026-06-05T20:59:29.945534+00:00,extra,ranking_rf,486,5390,4,1000,0.5315969231621199,746,254,0.4998439341628,"[""V176"", ""V191"", ""V255"", ""V160""]","{""n_estimators"": 458, ""max_depth"": 4, ""min_samples_split"": 8, ""min_samples_leaf"": 2, ""criterion"": ""gini"", ""class_weight"": ""balanced""}"
487,2026-06-05T21:01:11.876539+00:00,extra,ranking_rf,487,5345,4,1000,0.5281316641528497,743,257,0.49742241580240554,"[""V176"", ""V191"", ""V255"", ""V160""]","{""n_estimators"": 438, ""max_depth"": 4, ""min_samples_split"": 6, ""min_samples_leaf"": 9, ""criterion"": ""gini"", ""class_weight"": null}"
488,2026-06-05T21:02:23.601752+00:00,extra,ranking_rf,488,5350,4,999,0.5884159508922164,743,256,0.49698182706389454,"[""V176"", ""V191"", ""V255"", ""V160""]","{""n_estimators"": 299, ""max_depth"": 11, ""min_samples_split"": 9, ""min_samples_leaf"": 2, ""criterion"": ""entropy"", ""class_weight"": null}"
489,2026-06-05T21:03:09.215195+00:00,extra,ranking_rf,489,5260,4,999,0.5218995317436679,737,262,0.49742894403726096,"[""V176"", ""V191"", ""V255"", ""V160""]","{""n_estimators"": 185, ""max_depth"": 3, ""min_samples_split"": 3, ""min_samples_leaf"": 5, ""criterion"": ""entropy"", ""class_weight"": null}"
490,2026-06-05T21:04:07.287376+00:00,extra,ranking_rf,490,5385,4,998,0.529219558301708,745,253,0.4998423577103403,"[""V176"", ""V191"", ""V255"", ""V160""]","{""n_estimators"": 215, ""max_depth"": 4, ""min_samples_split"": 7, ""min_samples_leaf"": 7, ""criterion"": ""entropy"", ""class_weight"": ""balanced""}"
491,2026-06-05T21:04:57.578405+00:00,extra,ranking_rf,491,5345,7,1000,0.5733545764177226,783,217,0.4955339154990241,"[""V176"", ""V191"", ""V255"", ""V160"", ""V224"", ""V215"", ""V380""]","{""n_estimators"": 204, ""max_depth"": 13, ""min_samples_split"": 5, ""min_samples_leaf"": 3, ""criterion"": ""entropy"", ""class_weight"": null}"
492,2026-06-05T21:06:35.174249+00:00,extra,ranking_rf,492,5335,4,999,0.5575670542324643,742,257,0.4972423271277341,"[""V176"", ""V191"", ""V255"", ""V160""]","{""n_estimators"": 415, ""max_depth"": 9, ""min_samples_split"": 4, ""min_samples_leaf"": 9, ""criterion"": ""entropy"", ""class_weight"": null}"
493,2026-06-05T21:06:52.710096+00:00,extra,ranking_rf,493,5235,4,998,0.5857896699678062,735,263,0.49660235143443887,"[""V176"", ""V191"", ""V255"", ""V160""]","{""n_estimators"": 62, ""max_depth"": 14, ""min_samples_split"": 4, ""min_samples_leaf"": 5, ""criterion"": ""gini"", ""class_weight"": null}"
494,2026-06-05T21:07:15.422271+00:00,extra,ranking_rf,494,5435,4,997,0.5469639015028055,748,249,0.49746595843305974,"[""V176"", ""V191"", ""V255"", ""V160""]","{""n_estimators"": 84, ""max_depth"": 6, ""min_samples_split"": 4, ""min_samples_leaf"": 2, ""criterion"": ""entropy"", ""class_weight"": null}"
495,2026-06-05T21:08:41.200197+00:00,extra,ranking_rf,495,5285,4,1000,0.58686727968945,739,261,0.49887859566139103,"[""V176"", ""V191"", ""V255"", ""V160""]","{""n_estimators"": 318, ""max_depth"": 12, ""min_samples_split"": 5, ""min_samples_leaf"": 4, ""criterion"": ""gini"", ""class_weight"": ""balanced""}"
496,2026-06-05T21:09:37.539725+00:00,extra,ranking_rf,496,5320,4,996,0.5840548816699306,740,256,0.4991436914453996,"[""V176"", ""V191"", ""V255"", ""V160""]","{""n_estimators"": 203, ""max_depth"": 12, ""min_samples_split"": 7, ""min_samples_leaf"": 5, ""criterion"": ""gini"", ""class_weight"": ""balanced""}"
497,2026-06-05T21:10:34.829664+00:00,extra,ranking_rf,497,5400,4,995,0.5756524458898303,745,250,0.4969681052287772,"[""V176"", ""V191"", ""V255"", ""V160""]","{""n_estimators"": 235, ""max_depth"": 13, ""min_samples_split"": 6, ""min_samples_leaf"": 8, ""criterion"": ""entropy"", ""class_weight"": null}"
498,2026-06-05T21:11:14.386875+00:00,extra,ranking_rf,498,5240,4,994,0.5473742202847985,734,260,0.4974818313552281,"[""V176"", ""V191"", ""V255"", ""V160""]","{""n_estimators"": 158, ""max_depth"": 6, ""min_samples_split"": 4, ""min_samples_leaf"": 1, ""criterion"": ""gini"", ""class_weight"": null}"
499,2026-06-05T21:11:58.195195+00:00,extra,ranking_rf,499,5330,4,1000,0.5677998386185306,742,258,0.4994801850966709,"[""V176"", ""V191"", ""V255"", ""V160""]","{""n_estimators"": 155, ""max_depth"": 9, ""min_samples_split"": 2, ""min_samples_leaf"": 5, ""criterion"": ""entropy"", ""class_weight"": ""balanced""}"
500,2026-06-05T21:12:47.639333+00:00,extra,ranking_rf,500,5240,4,1000,0.5207802311198636,736,264,0.4975237792164879,"[""V176"", ""V191"", ""V255"", ""V160""]","{""n_estimators"": 201, ""max_depth"": 3, ""min_samples_split"": 9, ""min_samples_leaf"": 8, ""criterion"": ""gini"", ""class_weight"": null}"
501,2026-06-05T21:14:21.985714+00:00,extra,ranking_rf,501,5420,7,1000,0.5863016686981258,788,212,0.4956860887282275,"[""V176"", ""V191"", ""V255"", ""V160"", ""V224"", ""V215"", ""V380""]","{""n_estimators"": 396, ""max_depth"": 14, ""min_samples_split"": 9, ""min_samples_leaf"": 2, ""criterion"": ""entropy"", ""class_weight"": null}"
502,2026-06-05T21:14:57.080945+00:00,extra,ranking_rf,502,5315,4,1000,0.574731027104713,741,259,0.49687947298409735,"[""V176"", ""V191"", ""V255"", ""V160""]","{""n_estimators"": 137, ""max_depth"": 12, ""min_samples_split"": 9, ""min_samples_leaf"": 8, ""criterion"": ""entropy"", ""class_weight"": null}"
503,2026-06-05T21:16:57.918597+00:00,extra,ranking_rf,503,5290,4,999,0.5841094884701654,739,260,0.4988449119417619,"[""V176"", ""V191"", ""V255"", ""V160""]","{""n_estimators"": 453, ""max_depth"": 10, ""min_samples_split"": 2, ""min_samples_leaf"": 1, ""criterion"": ""entropy"", ""class_weight"": ""balanced""}"
504,2026-06-05T21:17:26.387863+00:00,extra,ranking_rf,504,5300,4,1000,0.527654785968159,740,260,0.49742927182075525,"[""V176"", ""V191"", ""V255"", ""V160""]","{""n_estimators"": 111, ""max_depth"": 4, ""min_samples_split"": 8, ""min_samples_leaf"": 8, ""criterion"": ""gini"", ""class_weight"": null}"
505,2026-06-05T21:19:22.843645+00:00,extra,ranking_rf,505,5330,4,1000,0.5619254117167932,742,258,0.4993417039111879,"[""V176"", ""V191"", ""V255"", ""V160""]","{""n_estimators"": 441, ""max_depth"": 9, ""min_samples_split"": 8, ""min_samples_leaf"": 9, ""criterion"": ""entropy"", ""class_weight"": ""balanced""}"
506,2026-06-05T21:21:06.524684+00:00,extra,ranking_rf,506,5270,4,1000,0.5294190815046377,738,262,0.497478493617174,"[""V176"", ""V191"", ""V255"", ""V160""]","{""n_estimators"": 443, ""max_depth"": 4, ""min_samples_split"": 6, ""min_samples_leaf"": 6, ""criterion"": ""entropy"", ""class_weight"": null}"
507,2026-06-05T21:21:33.534010+00:00,extra,ranking_rf,507,5305,4,999,0.5935980214777332,740,259,0.49715607136644446,"[""V176"", ""V191"", ""V255"", ""V160""]","{""n_estimators"": 102, ""max_depth"": 14, ""min_samples_split"": 8, ""min_samples_leaf"": 5, ""criterion"": ""entropy"", ""class_weight"": null}"
508,2026-06-05T21:22:14.386273+00:00,extra,ranking_rf,508,5285,4,1000,0.5629438396144075,739,261,0.49732393321539875,"[""V176"", ""V191"", ""V255"", ""V160""]","{""n_estimators"": 162, ""max_depth"": 9, ""min_samples_split"": 6, ""min_samples_leaf"": 8, ""criterion"": ""gini"", ""class_weight"": null}"
509,2026-06-05T21:23:07.138072+00:00,extra,ranking_rf,509,5260,4,996,0.564570400817414,736,260,0.49693190786196517,"[""V176"", ""V191"", ""V255"", ""V160""]","{""n_estimators"": 215, ""max_depth"": 10, ""min_samples_split"": 9, ""min_samples_leaf"": 9, ""criterion"": ""entropy"", ""class_weight"": null}"
510,2026-06-05T21:25:01.839296+00:00,extra,ranking_rf,510,5210,4,997,0.5900984811665921,733,264,0.4988259963287508,"[""V176"", ""V191"", ""V255"", ""V160""]","{""n_estimators"": 428, ""max_depth"": 13, ""min_samples_split"": 2, ""min_samples_leaf"": 5, ""criterion"": ""entropy"", ""class_weight"": ""balanced""}"
511,2026-06-05T21:26:56.743782+00:00,extra,ranking_rf,511,5245,4,996,0.5744082920224404,735,261,0.4970587610900635,"[""V176"", ""V191"", ""V255"", ""V160""]","{""n_estimators"": 490, ""max_depth"": 12, ""min_samples_split"": 8, ""min_samples_leaf"": 8, ""criterion"": ""entropy"", ""class_weight"": null}"
512,2026-06-05T21:27:43.858485+00:00,extra,ranking_rf,512,5270,4,1000,0.5228429708309218,738,262,0.499916366044377,"[""V176"", ""V191"", ""V255"", ""V160""]","{""n_estimators"": 167, ""max_depth"": 3, ""min_samples_split"": 7, ""min_samples_leaf"": 4, ""criterion"": ""entropy"", ""class_weight"": ""balanced""}"
513,2026-06-05T21:29:53.309763+00:00,extra,ranking_rf,513,5060,7,1000,0.6415451671817333,764,236,0.48908946846412,"[""V176"", ""V191"", ""V255"", ""V160"", ""V224"", ""V215"", ""V380""]","{""n_estimators"": 467, ""max_depth"": null, ""min_samples_split"": 4, ""min_samples_leaf"": 1, ""criterion"": ""entropy"", ""class_weight"": ""balanced""}"
514,2026-06-05T21:30:48.546823+00:00,extra,ranking_rf,514,5200,4,999,0.579207838603057,733,266,0.49881543260706457,"[""V176"", ""V191"", ""V255"", ""V160""]","{""n_estimators"": 198, ""max_depth"": null, ""min_samples_split"": 8, ""min_samples_leaf"": 8, ""criterion"": ""gini"", ""class_weight"": ""balanced""}"
515,2026-06-05T21:32:28.648744+00:00,extra,ranking_rf,515,5340,4,998,0.5566659498996549,742,256,0.49951669856487635,"[""V176"", ""V191"", ""V255"", ""V160""]","{""n_estimators"": 376, ""max_depth"": 7, ""min_samples_split"": 3, ""min_samples_leaf"": 3, ""criterion"": ""gini"", ""class_weight"": ""balanced""}"
516,2026-06-05T21:33:29.259436+00:00,extra,ranking_rf,516,5305,4,996,0.5293636361784901,739,257,0.49748996306365934,"[""V176"", ""V191"", ""V255"", ""V160""]","{""n_estimators"": 251, ""max_depth"": 4, ""min_samples_split"": 4, ""min_samples_leaf"": 3, ""criterion"": ""entropy"", ""class_weight"": null}"
517,2026-06-05T21:34:51.121897+00:00,extra,ranking_rf,517,5345,4,997,0.5933072695911984,742,255,0.49874126236238037,"[""V176"", ""V191"", ""V255"", ""V160""]","{""n_estimators"": 305, ""max_depth"": 13, ""min_samples_split"": 7, ""min_samples_leaf"": 4, ""criterion"": ""gini"", ""class_weight"": ""balanced""}"
518,2026-06-05T21:35:13.864863+00:00,extra,ranking_rf,518,5375,7,1000,0.5908537363947368,785,215,0.4945110316966604,"[""V176"", ""V191"", ""V255"", ""V160"", ""V224"", ""V215"", ""V380""]","{""n_estimators"": 83, ""max_depth"": 14, ""min_samples_split"": 4, ""min_samples_leaf"": 1, ""criterion"": ""entropy"", ""class_weight"": null}"
519,2026-06-05T21:35:52.959735+00:00,extra,ranking_rf,519,5380,4,999,0.5497327707020219,745,254,0.4973354355749241,"[""V176"", ""V191"", ""V255"", ""V160""]","{""n_estimators"": 155, ""max_depth"": 7, ""min_samples_split"": 7, ""min_samples_leaf"": 8, ""criterion"": ""entropy"", ""class_weight"": null}"
520,2026-06-05T21:36:15.564978+00:00,extra,ranking_rf,520,5260,6,1000,0.5589026606382702,764,236,0.49905766209863595,"[""V176"", ""V191"", ""V255"", ""V160"", ""V224"", ""V215""]","{""n_estimators"": 74, ""max_depth"": 11, ""min_samples_split"": 3, ""min_samples_leaf"": 6, ""criterion"": ""entropy"", ""class_weight"": ""balanced""}"
521,2026-06-05T21:37:10.804269+00:00,extra,ranking_rf,521,5270,4,1000,0.6002499877794372,738,262,0.4963415651109902,"[""V176"", ""V191"", ""V255"", ""V160""]","{""n_estimators"": 222, ""max_depth"": null, ""min_samples_split"": 5, ""min_samples_leaf"": 5, ""criterion"": ""gini"", ""class_weight"": null}"
522,2026-06-05T21:37:29.520508+00:00,extra,ranking_rf,522,5245,3,1000,0.5108879806245638,723,277,0.49758616190050536,"[""V176"", ""V191"", ""V255""]","{""n_estimators"": 68, ""max_depth"": 3, ""min_samples_split"": 9, ""min_samples_leaf"": 8, ""criterion"": ""gini"", ""class_weight"": null}"
523,2026-06-05T21:39:15.418175+00:00,extra,ranking_rf,523,5285,3,998,0.5151965983105479,725,273,0.49759622371273843,"[""V176"", ""V191"", ""V255""]","{""n_estimators"": 454, ""max_depth"": 3, ""min_samples_split"": 5, ""min_samples_leaf"": 1, ""criterion"": ""gini"", ""class_weight"": null}"
524,2026-06-05T21:40:20.850943+00:00,extra,ranking_rf,524,5315,4,1000,0.6002271473207228,741,259,0.49689542518057406,"[""V176"", ""V191"", ""V255"", ""V160""]","{""n_estimators"": 268, ""max_depth"": 12, ""min_samples_split"": 9, ""min_samples_leaf"": 1, ""criterion"": ""entropy"", ""class_weight"": null}"
525,2026-06-05T21:42:16.118589+00:00,extra,ranking_rf,525,5360,4,1000,0.5368720805760593,744,256,0.4974107990362458,"[""V176"", ""V191"", ""V255"", ""V160""]","{""n_estimators"": 495, ""max_depth"": 5, ""min_samples_split"": 6, ""min_samples_leaf"": 7, ""criterion"": ""gini"", ""class_weight"": null}"
526,2026-06-05T21:42:33.202777+00:00,extra,ranking_rf,526,5330,4,1000,0.58332168606444,742,258,0.496334413387734,"[""V176"", ""V191"", ""V255"", ""V160""]","{""n_estimators"": 60, ""max_depth"": 10, ""min_samples_split"": 7, ""min_samples_leaf"": 1, ""criterion"": ""gini"", ""class_weight"": null}"
527,2026-06-05T21:44:26.431947+00:00,extra,ranking_rf,527,5345,4,1000,0.5322836403607097,743,257,0.49989523457806245,"[""V176"", ""V191"", ""V255"", ""V160""]","{""n_estimators"": 427, ""max_depth"": 4, ""min_samples_split"": 4, ""min_samples_leaf"": 5, ""criterion"": ""gini"", ""class_weight"": ""balanced""}"
528,2026-06-05T21:46:12.261514+00:00,extra,ranking_rf,528,5270,4,1000,0.5618450791076921,738,262,0.49954896856506137,"[""V176"", ""V191"", ""V255"", ""V160""]","{""n_estimators"": 396, ""max_depth"": 8, ""min_samples_split"": 3, ""min_samples_leaf"": 5, ""criterion"": ""entropy"", ""class_weight"": ""balanced""}"
529,2026-06-05T21:47:29.250917+00:00,extra,ranking_rf,529,5390,7,1000,0.5898758796316342,786,214,0.49481656473666696,"[""V176"", ""V191"", ""V255"", ""V160"", ""V224"", ""V215"", ""V380""]","{""n_estimators"": 318, ""max_depth"": 14, ""min_samples_split"": 7, ""min_samples_leaf"": 1, ""criterion"": ""gini"", ""class_weight"": null}"
530,2026-06-05T21:49:26.875650+00:00,extra,ranking_rf,530,5290,4,999,0.5857179546715959,739,260,0.49906871761127697,"[""V176"", ""V191"", ""V255"", ""V160""]","{""n_estimators"": 443, ""max_depth"": 12, ""min_samples_split"": 3, ""min_samples_leaf"": 5, ""criterion"": ""gini"", ""class_weight"": ""balanced""}"
531,2026-06-05T21:51:06.507307+00:00,extra,ranking_rf,531,5375,4,997,0.5578644996455558,744,253,0.4996372970134588,"[""V176"", ""V191"", ""V255"", ""V160""]","{""n_estimators"": 371, ""max_depth"": 7, ""min_samples_split"": 8, ""min_samples_leaf"": 1, ""criterion"": ""gini"", ""class_weight"": ""balanced""}"
532,2026-06-05T21:52:27.555937+00:00,extra,ranking_rf,532,5255,4,1000,0.5689555224161461,737,263,0.4971855273052127,"[""V176"", ""V191"", ""V255"", ""V160""]","{""n_estimators"": 338, ""max_depth"": 13, ""min_samples_split"": 6, ""min_samples_leaf"": 9, ""criterion"": ""gini"", ""class_weight"": null}"
533,2026-06-05T21:53:32.217626+00:00,extra,ranking_rf,533,5265,3,996,0.5305730597954705,723,273,0.4999257622139019,"[""V176"", ""V191"", ""V255""]","{""n_estimators"": 235, ""max_depth"": 5, ""min_samples_split"": 8, ""min_samples_leaf"": 2, ""criterion"": ""gini"", ""class_weight"": ""balanced""}"
534,2026-06-05T21:54:08.245289+00:00,extra,ranking_rf,534,5320,4,999,0.5565325379182992,741,258,0.4972192532548681,"[""V176"", ""V191"", ""V255"", ""V160""]","{""n_estimators"": 142, ""max_depth"": 8, ""min_samples_split"": 4, ""min_samples_leaf"": 8, ""criterion"": ""gini"", ""class_weight"": null}"
535,2026-06-05T21:55:46.326527+00:00,extra,ranking_rf,535,5290,4,999,0.5661619108173589,739,260,0.4970881710142681,"[""V176"", ""V191"", ""V255"", ""V160""]","{""n_estimators"": 415, ""max_depth"": 8, ""min_samples_split"": 2, ""min_samples_leaf"": 1, ""criterion"": ""gini"", ""class_weight"": null}"
536,2026-06-05T21:56:52.818656+00:00,extra,ranking_rf,536,5285,4,1000,0.5301655701103929,739,261,0.49749614598944725,"[""V176"", ""V191"", ""V255"", ""V160""]","{""n_estimators"": 279, ""max_depth"": 4, ""min_samples_split"": 9, ""min_samples_leaf"": 5, ""criterion"": ""entropy"", ""class_weight"": null}"
537,2026-06-05T21:57:16.609500+00:00,extra,ranking_rf,537,5155,3,1000,0.5410081881084644,717,283,0.4996433507574395,"[""V176"", ""V191"", ""V255""]","{""n_estimators"": 78, ""max_depth"": 13, ""min_samples_split"": 8, ""min_samples_leaf"": 6, ""criterion"": ""gini"", ""class_weight"": ""balanced""}"
538,2026-06-05T21:58:01.877052+00:00,extra,ranking_rf,538,5330,4,1000,0.6094278066438351,742,258,0.49853770192661867,"[""V176"", ""V191"", ""V255"", ""V160""]","{""n_estimators"": 158, ""max_depth"": 13, ""min_samples_split"": 8, ""min_samples_leaf"": 1, ""criterion"": ""entropy"", ""class_weight"": ""balanced""}"
539,2026-06-05T21:59:05.615078+00:00,extra,ranking_rf,539,5390,4,1000,0.5483894607261227,746,254,0.49968630002938225,"[""V176"", ""V191"", ""V255"", ""V160""]","{""n_estimators"": 233, ""max_depth"": 6, ""min_samples_split"": 7, ""min_samples_leaf"": 3, ""criterion"": ""entropy"", ""class_weight"": ""balanced""}"
540,2026-06-05T21:59:58.360202+00:00,extra,ranking_rf,540,5290,4,999,0.5483499824692117,739,260,0.49952395867868926,"[""V176"", ""V191"", ""V255"", ""V160""]","{""n_estimators"": 190, ""max_depth"": 6, ""min_samples_split"": 6, ""min_samples_leaf"": 1, ""criterion"": ""gini"", ""class_weight"": ""balanced""}"
541,2026-06-05T22:00:34.057869+00:00,extra,ranking_rf,541,5255,4,991,0.5692940137306346,734,257,0.4994367835542049,"[""V176"", ""V191"", ""V255"", ""V160""]","{""n_estimators"": 133, ""max_depth"": 11, ""min_samples_split"": 8, ""min_samples_leaf"": 8, ""criterion"": ""entropy"", ""class_weight"": ""balanced""}"
542,2026-06-05T22:02:11.974943+00:00,extra,ranking_rf,542,5305,4,999,0.5546042865729024,740,259,0.49735529898637715,"[""V176"", ""V191"", ""V255"", ""V160""]","{""n_estimators"": 440, ""max_depth"": 7, ""min_samples_split"": 2, ""min_samples_leaf"": 4, ""criterion"": ""gini"", ""class_weight"": null}"
543,2026-06-05T22:02:56.807023+00:00,extra,ranking_rf,543,5260,4,999,0.5773624301867034,737,262,0.49917737838222803,"[""V176"", ""V191"", ""V255"", ""V160""]","{""n_estimators"": 169, ""max_depth"": 9, ""min_samples_split"": 2, ""min_samples_leaf"": 2, ""criterion"": ""gini"", ""class_weight"": ""balanced""}"
544,2026-06-05T22:04:13.424068+00:00,extra,ranking_rf,544,5300,4,1000,0.6014913159225521,740,260,0.49888186197682516,"[""V176"", ""V191"", ""V255"", ""V160""]","{""n_estimators"": 299, ""max_depth"": 12, ""min_samples_split"": 9, ""min_samples_leaf"": 2, ""criterion"": ""gini"", ""class_weight"": ""balanced""}"
545,2026-06-05T22:04:35.793367+00:00,extra,ranking_rf,545,5235,4,998,0.5876393368470653,735,263,0.498694350622064,"[""V176"", ""V191"", ""V255"", ""V160""]","{""n_estimators"": 79, ""max_depth"": 12, ""min_samples_split"": 2, ""min_samples_leaf"": 4, ""criterion"": ""entropy"", ""class_weight"": ""balanced""}"
546,2026-06-05T22:06:40.701458+00:00,extra,ranking_rf,546,5375,4,1000,0.5401941938475285,745,255,0.4997232992324149,"[""V176"", ""V191"", ""V255"", ""V160""]","{""n_estimators"": 495, ""max_depth"": 5, ""min_samples_split"": 6, ""min_samples_leaf"": 6, ""criterion"": ""gini"", ""class_weight"": ""balanced""}"
547,2026-06-05T22:08:20.942542+00:00,extra,ranking_rf,547,5240,7,1000,0.5835608570482566,776,224,0.49519996321829285,"[""V176"", ""V191"", ""V255"", ""V160"", ""V224"", ""V215"", ""V380""]","{""n_estimators"": 430, ""max_depth"": null, ""min_samples_split"": 3, ""min_samples_leaf"": 4, ""criterion"": ""entropy"", ""class_weight"": null}"
548,2026-06-05T22:09:02.573455+00:00,extra,ranking_rf,548,5195,7,1000,0.5958285624985574,773,227,0.49441908527318645,"[""V176"", ""V191"", ""V255"", ""V160"", ""V224"", ""V215"", ""V380""]","{""n_estimators"": 161, ""max_depth"": null, ""min_samples_split"": 9, ""min_samples_leaf"": 3, ""criterion"": ""gini"", ""class_weight"": null}"
549,2026-06-05T22:11:08.883861+00:00,extra,ranking_rf,549,5200,4,987,0.588528871849561,729,258,0.498767373420253,"[""V176"", ""V191"", ""V255"", ""V160""]","{""n_estimators"": 471, ""max_depth"": null, ""min_samples_split"": 8, ""min_samples_leaf"": 7, ""criterion"": ""gini"", ""class_weight"": ""balanced""}"
550,2026-06-05T22:11:51.798525+00:00,extra,ranking_rf,550,5270,7,1000,0.5524754473880211,778,222,0.4968504294089347,"[""V176"", ""V191"", ""V255"", ""V160"", ""V224"", ""V215"", ""V380""]","{""n_estimators"": 170, ""max_depth"": 12, ""min_samples_split"": 7, ""min_samples_leaf"": 8, ""criterion"": ""gini"", ""class_weight"": null}"
551,2026-06-05T22:12:18.506611+00:00,extra,ranking_rf,551,5390,4,1000,0.5631196243108588,746,254,0.49962800855331846,"[""V176"", ""V191"", ""V255"", ""V160""]","{""n_estimators"": 87, ""max_depth"": 9, ""min_samples_split"": 4, ""min_samples_leaf"": 9, ""criterion"": ""entropy"", ""class_weight"": ""balanced""}"
552,2026-06-05T22:13:32.502570+00:00,extra,ranking_rf,552,5380,4,999,0.572020331352089,745,254,0.49936613944981145,"[""V176"", ""V191"", ""V255"", ""V160""]","{""n_estimators"": 271, ""max_depth"": 10, ""min_samples_split"": 4, ""min_samples_leaf"": 6, ""criterion"": ""gini"", ""class_weight"": ""balanced""}"
553,2026-06-05T22:14:07.746131+00:00,extra,ranking_rf,553,5225,4,1000,0.5841010334345379,735,265,0.49674914982259016,"[""V176"", ""V191"", ""V255"", ""V160""]","{""n_estimators"": 136, ""max_depth"": null, ""min_samples_split"": 5, ""min_samples_leaf"": 8, ""criterion"": ""gini"", ""class_weight"": null}"
554,2026-06-05T22:15:37.236825+00:00,extra,ranking_rf,554,5255,4,1000,0.55984578113237,737,263,0.49717731923332903,"[""V176"", ""V191"", ""V255"", ""V160""]","{""n_estimators"": 380, ""max_depth"": 9, ""min_samples_split"": 7, ""min_samples_leaf"": 8, ""criterion"": ""gini"", ""class_weight"": null}"
555,2026-06-05T22:17:48.555647+00:00,extra,ranking_rf,555,5225,4,997,0.573432659721676,734,263,0.4992016184520222,"[""V176"", ""V191"", ""V255"", ""V160""]","{""n_estimators"": 497, ""max_depth"": 10, ""min_samples_split"": 9, ""min_samples_leaf"": 5, ""criterion"": ""entropy"", ""class_weight"": ""balanced""}"
556,2026-06-05T22:19:49.174783+00:00,extra,ranking_rf,556,5380,3,1000,0.528597697605525,732,268,0.4999561058295656,"[""V176"", ""V191"", ""V255""]","{""n_estimators"": 460, ""max_depth"": 5, ""min_samples_split"": 8, ""min_samples_leaf"": 2, ""criterion"": ""entropy"", ""class_weight"": ""balanced""}"
557,2026-06-05T22:20:43.703483+00:00,extra,ranking_rf,557,5360,4,1000,0.6068764117636133,744,256,0.4986525565033765,"[""V176"", ""V191"", ""V255"", ""V160""]","{""n_estimators"": 193, ""max_depth"": 13, ""min_samples_split"": 9, ""min_samples_leaf"": 2, ""criterion"": ""entropy"", ""class_weight"": ""balanced""}"
558,2026-06-05T22:21:52.573690+00:00,extra,ranking_rf,558,5090,7,1000,0.6136690452937233,766,234,0.4911944329468297,"[""V176"", ""V191"", ""V255"", ""V160"", ""V224"", ""V215"", ""V380""]","{""n_estimators"": 276, ""max_depth"": null, ""min_samples_split"": 4, ""min_samples_leaf"": 2, ""criterion"": ""gini"", ""class_weight"": null}"
559,2026-06-05T22:22:36.994801+00:00,extra,ranking_rf,559,5395,4,999,0.5637634740185065,746,253,0.4995786546446283,"[""V176"", ""V191"", ""V255"", ""V160""]","{""n_estimators"": 155, ""max_depth"": 8, ""min_samples_split"": 6, ""min_samples_leaf"": 3, ""criterion"": ""entropy"", ""class_weight"": ""balanced""}"
560,2026-06-05T22:23:45.796102+00:00,extra,ranking_rf,560,5130,7,998,0.6169248527550095,768,230,0.4913954913618863,"[""V176"", ""V191"", ""V255"", ""V160"", ""V224"", ""V215"", ""V380""]","{""n_estimators"": 277, ""max_depth"": null, ""min_samples_split"": 5, ""min_samples_leaf"": 2, ""criterion"": ""entropy"", ""class_weight"": null}"
561,2026-06-05T22:24:32.599383+00:00,extra,ranking_rf,561,5395,7,999,0.5787274740367885,786,213,0.4958626765746707,"[""V176"", ""V191"", ""V255"", ""V160"", ""V224"", ""V215"", ""V380""]","{""n_estimators"": 188, ""max_depth"": 14, ""min_samples_split"": 8, ""min_samples_leaf"": 3, ""criterion"": ""gini"", ""class_weight"": null}"
562,2026-06-05T22:26:10.234808+00:00,extra,ranking_rf,562,5345,4,997,0.5911069070813129,742,255,0.498658387861802,"[""V176"", ""V191"", ""V255"", ""V160""]","{""n_estimators"": 363, ""max_depth"": 11, ""min_samples_split"": 2, ""min_samples_leaf"": 2, ""criterion"": ""gini"", ""class_weight"": ""balanced""}"
563,2026-06-05T22:26:46.706931+00:00,extra,ranking_rf,563,5330,7,1000,0.5846042869207282,782,218,0.4968589842018753,"[""V176"", ""V191"", ""V255"", ""V160"", ""V224"", ""V215"", ""V380""]","{""n_estimators"": 125, ""max_depth"": 13, ""min_samples_split"": 4, ""min_samples_leaf"": 1, ""criterion"": ""entropy"", ""class_weight"": ""balanced""}"
564,2026-06-05T22:27:11.097498+00:00,extra,ranking_rf,564,5405,4,1000,0.5830978791882453,747,253,0.499319562148964,"[""V176"", ""V191"", ""V255"", ""V160""]","{""n_estimators"": 80, ""max_depth"": 10, ""min_samples_split"": 5, ""min_samples_leaf"": 2, ""criterion"": ""entropy"", ""class_weight"": ""balanced""}"
565,2026-06-05T22:29:07.024139+00:00,extra,ranking_rf,565,5315,4,1000,0.5479896679951054,741,259,0.49742170053731133,"[""V176"", ""V191"", ""V255"", ""V160""]","{""n_estimators"": 497, ""max_depth"": 6, ""min_samples_split"": 8, ""min_samples_leaf"": 2, ""criterion"": ""gini"", ""class_weight"": null}"
566,2026-06-05T22:30:21.851944+00:00,extra,ranking_rf,566,5285,4,1000,0.5881548198354396,739,261,0.4966935215797798,"[""V176"", ""V191"", ""V255"", ""V160""]","{""n_estimators"": 310, ""max_depth"": 12, ""min_samples_split"": 2, ""min_samples_leaf"": 4, ""criterion"": ""entropy"", ""class_weight"": null}"
567,2026-06-05T22:30:56.570366+00:00,extra,ranking_rf,567,5360,7,1000,0.5854268956873292,784,216,0.4952426909998705,"[""V176"", ""V191"", ""V255"", ""V160"", ""V224"", ""V215"", ""V380""]","{""n_estimators"": 134, ""max_depth"": 14, ""min_samples_split"": 2, ""min_samples_leaf"": 2, ""criterion"": ""entropy"", ""class_weight"": null}"
568,2026-06-05T22:32:35.327323+00:00,extra,ranking_rf,568,5330,4,1000,0.5285043045267037,742,258,0.4974847224340971,"[""V176"", ""V191"", ""V255"", ""V160""]","{""n_estimators"": 422, ""max_depth"": 4, ""min_samples_split"": 5, ""min_samples_leaf"": 7, ""criterion"": ""entropy"", ""class_weight"": null}"
569,2026-06-05T22:33:47.337886+00:00,extra,ranking_rf,569,5350,3,1000,0.5147610871950187,730,270,0.4975729622112289,"[""V176"", ""V191"", ""V255""]","{""n_estimators"": 302, ""max_depth"": 3, ""min_samples_split"": 8, ""min_samples_leaf"": 2, ""criterion"": ""gini"", ""class_weight"": null}"
570,2026-06-05T22:34:09.213262+00:00,extra,ranking_rf,570,5240,4,997,0.5655551576696594,735,262,0.4969759550202394,"[""V176"", ""V191"", ""V255"", ""V160""]","{""n_estimators"": 84, ""max_depth"": 11, ""min_samples_split"": 9, ""min_samples_leaf"": 8, ""criterion"": ""gini"", ""class_weight"": null}"
571,2026-06-05T22:34:48.002135+00:00,extra,ranking_rf,571,5215,3,1000,0.5126964115435455,721,279,0.4999251798754839,"[""V176"", ""V191"", ""V255""]","{""n_estimators"": 135, ""max_depth"": 3, ""min_samples_split"": 6, ""min_samples_leaf"": 9, ""criterion"": ""gini"", ""class_weight"": ""balanced""}"
572,2026-06-05T22:36:19.094588+00:00,extra,ranking_rf,572,5240,4,994,0.5310839876533563,734,260,0.49971553659833023,"[""V176"", ""V191"", ""V255"", ""V160""]","{""n_estimators"": 339, ""max_depth"": 4, ""min_samples_split"": 3, ""min_samples_leaf"": 7, ""criterion"": ""entropy"", ""class_weight"": ""balanced""}"
573,2026-06-05T22:37:01.862345+00:00,extra,ranking_rf,573,5335,4,999,0.539082582202303,742,257,0.4975404336229813,"[""V176"", ""V191"", ""V255"", ""V160""]","{""n_estimators"": 171, ""max_depth"": 5, ""min_samples_split"": 7, ""min_samples_leaf"": 1, ""criterion"": ""entropy"", ""class_weight"": null}"
574,2026-06-05T22:37:27.204929+00:00,extra,ranking_rf,574,5300,7,1000,0.5837224801808222,780,220,0.4977336329325568,"[""V176"", ""V191"", ""V255"", ""V160"", ""V224"", ""V215"", ""V380""]","{""n_estimators"": 82, ""max_depth"": 13, ""min_samples_split"": 8, ""min_samples_leaf"": 2, ""criterion"": ""entropy"", ""class_weight"": ""balanced""}"
575,2026-06-05T22:38:21.542506+00:00,extra,ranking_rf,575,5275,4,999,0.544564659253251,738,261,0.497301985504177,"[""V176"", ""V191"", ""V255"", ""V160""]","{""n_estimators"": 221, ""max_depth"": 6, ""min_samples_split"": 4, ""min_samples_leaf"": 7, ""criterion"": ""gini"", ""class_weight"": null}"
576,2026-06-05T22:40:08.751211+00:00,extra,ranking_rf,576,5345,4,1000,0.5423901117045391,743,257,0.49739588518406125,"[""V176"", ""V191"", ""V255"", ""V160""]","{""n_estimators"": 459, ""max_depth"": 6, ""min_samples_split"": 9, ""min_samples_leaf"": 9, ""criterion"": ""gini"", ""class_weight"": null}"
577,2026-06-05T22:42:10.395230+00:00,extra,ranking_rf,577,5225,7,994,0.5710418337828759,773,221,0.4986753497542386,"[""V176"", ""V191"", ""V255"", ""V160"", ""V224"", ""V215"", ""V380""]","{""n_estimators"": 453, ""max_depth"": 14, ""min_samples_split"": 8, ""min_samples_leaf"": 5, ""criterion"": ""entropy"", ""class_weight"": ""balanced""}"
578,2026-06-05T22:43:50.654772+00:00,extra,ranking_rf,578,5320,3,988,0.5321999368036114,724,264,0.4997993668919304,"[""V176"", ""V191"", ""V255""]","{""n_estimators"": 373, ""max_depth"": 8, ""min_samples_split"": 3, ""min_samples_leaf"": 5, ""criterion"": ""entropy"", ""class_weight"": ""balanced""}"
579,2026-06-05T22:45:58.617657+00:00,extra,ranking_rf,579,5255,7,1000,0.5742671833489056,777,223,0.49827075876037163,"[""V176"", ""V191"", ""V255"", ""V160"", ""V224"", ""V215"", ""V380""]","{""n_estimators"": 479, ""max_depth"": 14, ""min_samples_split"": 8, ""min_samples_leaf"": 4, ""criterion"": ""entropy"", ""class_weight"": ""balanced""}"
580,2026-06-05T22:47:54.261141+00:00,extra,ranking_rf,580,5315,4,1000,0.5539019487889325,741,259,0.4973044526725942,"[""V176"", ""V191"", ""V255"", ""V160""]","{""n_estimators"": 495, ""max_depth"": 7, ""min_samples_split"": 2, ""min_samples_leaf"": 3, ""criterion"": ""entropy"", ""class_weight"": null}"
581,2026-06-05T22:49:57.385840+00:00,extra,ranking_rf,581,5345,4,1000,0.5658346721814979,743,257,0.4994718270879998,"[""V176"", ""V191"", ""V255"", ""V160""]","{""n_estimators"": 466, ""max_depth"": 10, ""min_samples_split"": 4, ""min_samples_leaf"": 9, ""criterion"": ""entropy"", ""class_weight"": ""balanced""}"
582,2026-06-05T22:51:03.615662+00:00,extra,ranking_rf,582,5330,7,1000,0.5851596968372813,782,218,0.4978596411712768,"[""V176"", ""V191"", ""V255"", ""V160"", ""V224"", ""V215"", ""V380""]","{""n_estimators"": 239, ""max_depth"": 13, ""min_samples_split"": 7, ""min_samples_leaf"": 2, ""criterion"": ""gini"", ""class_weight"": ""balanced""}"
583,2026-06-05T22:51:34.168471+00:00,extra,ranking_rf,583,5290,3,1000,0.52127800679641,726,274,0.4998627983091972,"[""V176"", ""V191"", ""V255""]","{""n_estimators"": 104, ""max_depth"": 5, ""min_samples_split"": 6, ""min_samples_leaf"": 5, ""criterion"": ""gini"", ""class_weight"": ""balanced""}"
584,2026-06-05T22:51:56.972043+00:00,extra,ranking_rf,584,5320,4,999,0.5814315188949075,741,258,0.4965004606339273,"[""V176"", ""V191"", ""V255"", ""V160""]","{""n_estimators"": 83, ""max_depth"": 10, ""min_samples_split"": 3, ""min_samples_leaf"": 1, ""criterion"": ""gini"", ""class_weight"": null}"
585,2026-06-05T22:53:45.681655+00:00,extra,ranking_rf,585,5300,4,1000,0.5852876258369245,740,260,0.4990929536498372,"[""V176"", ""V191"", ""V255"", ""V160""]","{""n_estimators"": 403, ""max_depth"": 11, ""min_samples_split"": 7, ""min_samples_leaf"": 4, ""criterion"": ""entropy"", ""class_weight"": ""balanced""}"
586,2026-06-05T22:55:56.489712+00:00,extra,ranking_rf,586,5170,6,1000,0.6223126405148651,758,242,0.49520435550084974,"[""V176"", ""V191"", ""V255"", ""V160"", ""V224"", ""V215""]","{""n_estimators"": 482, ""max_depth"": null, ""min_samples_split"": 8, ""min_samples_leaf"": 2, ""criterion"": ""gini"", ""class_weight"": ""balanced""}"
587,2026-06-05T22:57:56.506807+00:00,extra,ranking_rf,587,5255,4,1000,0.5759436426988168,737,263,0.4990273136130396,"[""V176"", ""V191"", ""V255"", ""V160""]","{""n_estimators"": 451, ""max_depth"": 13, ""min_samples_split"": 3, ""min_samples_leaf"": 9, ""criterion"": ""entropy"", ""class_weight"": ""balanced""}"
588,2026-06-05T22:58:17.830570+00:00,extra,ranking_rf,588,5300,7,1000,0.5853762150190585,780,220,0.4976433086421639,"[""V176"", ""V191"", ""V255"", ""V160"", ""V224"", ""V215"", ""V380""]","{""n_estimators"": 68, ""max_depth"": 13, ""min_samples_split"": 9, ""min_samples_leaf"": 1, ""criterion"": ""entropy"", ""class_weight"": ""balanced""}"
589,2026-06-05T22:59:29.786593+00:00,extra,ranking_rf,589,5330,7,1000,0.5733433873212254,782,218,0.49609051370221297,"[""V176"", ""V191"", ""V255"", ""V160"", ""V224"", ""V215"", ""V380""]","{""n_estimators"": 297, ""max_depth"": 13, ""min_samples_split"": 8, ""min_samples_leaf"": 3, ""criterion"": ""entropy"", ""class_weight"": null}"
590,2026-06-05T23:00:43.852530+00:00,extra,ranking_rf,590,5375,4,1000,0.5223987830406449,745,255,0.4998857371642718,"[""V176"", ""V191"", ""V255"", ""V160""]","{""n_estimators"": 274, ""max_depth"": 3, ""min_samples_split"": 7, ""min_samples_leaf"": 8, ""criterion"": ""entropy"", ""class_weight"": ""balanced""}"
591,2026-06-05T23:01:54.123439+00:00,extra,ranking_rf,591,5080,8,995,0.6298708920187794,777,218,0.49308468309859166,"[""V176"", ""V191"", ""V255"", ""V160"", ""V224"", ""V215"", ""V380"", ""V342""]","{""n_estimators"": 284, ""max_depth"": null, ""min_samples_split"": 9, ""min_samples_leaf"": 1, ""criterion"": ""gini"", ""class_weight"": null}"
592,2026-06-05T23:03:07.413325+00:00,extra,ranking_rf,592,5230,6,1000,0.5576584786919698,762,238,0.4993375148928206,"[""V176"", ""V191"", ""V255"", ""V160"", ""V224"", ""V215""]","{""n_estimators"": 269, ""max_depth"": 10, ""min_samples_split"": 4, ""min_samples_leaf"": 6, ""criterion"": ""entropy"", ""class_weight"": ""balanced""}"
593,2026-06-05T23:04:46.102842+00:00,extra,ranking_rf,593,5270,4,1000,0.5242957165307076,738,262,0.4998178190975538,"[""V176"", ""V191"", ""V255"", ""V160""]","{""n_estimators"": 376, ""max_depth"": 3, ""min_samples_split"": 4, ""min_samples_leaf"": 6, ""criterion"": ""entropy"", ""class_weight"": ""balanced""}"
594,2026-06-05T23:05:14.447269+00:00,extra,ranking_rf,594,5260,4,999,0.5511999750125347,737,262,0.49738594488414073,"[""V176"", ""V191"", ""V255"", ""V160""]","{""n_estimators"": 110, ""max_depth"": 7, ""min_samples_split"": 6, ""min_samples_leaf"": 8, ""criterion"": ""entropy"", ""class_weight"": null}"
595,2026-06-05T23:05:47.690840+00:00,extra,ranking_rf,595,5230,4,999,0.5323784318298979,735,264,0.4998862862233209,"[""V176"", ""V191"", ""V255"", ""V160""]","{""n_estimators"": 115, ""max_depth"": 4, ""min_samples_split"": 9, ""min_samples_leaf"": 5, ""criterion"": ""entropy"", ""class_weight"": ""balanced""}"
596,2026-06-05T23:07:31.837528+00:00,extra,ranking_rf,596,5385,4,986,0.5529089816101052,741,245,0.497357884398237,"[""V176"", ""V191"", ""V255"", ""V160""]","{""n_estimators"": 445, ""max_depth"": 7, ""min_samples_split"": 3, ""min_samples_leaf"": 4, ""criterion"": ""entropy"", ""class_weight"": null}"
597,2026-06-05T23:08:28.596044+00:00,extra,ranking_rf,597,5300,4,1000,0.5651482016505762,740,260,0.49941568446194234,"[""V176"", ""V191"", ""V255"", ""V160""]","{""n_estimators"": 205, ""max_depth"": 8, ""min_samples_split"": 7, ""min_samples_leaf"": 4, ""criterion"": ""gini"", ""class_weight"": ""balanced""}"
598,2026-06-05T23:09:19.490846+00:00,extra,ranking_rf,598,5200,3,997,0.5123069479524819,719,278,0.49758908243666644,"[""V176"", ""V191"", ""V255""]","{""n_estimators"": 210, ""max_depth"": 3, ""min_samples_split"": 3, ""min_samples_leaf"": 7, ""criterion"": ""gini"", ""class_weight"": null}"
599,2026-06-05T23:10:45.369724+00:00,extra,ranking_rf,599,5270,4,1000,0.5248884787531194,738,262,0.4999157234343358,"[""V176"", ""V191"", ""V255"", ""V160""]","{""n_estimators"": 321, ""max_depth"": 3, ""min_samples_split"": 9, ""min_samples_leaf"": 4, ""criterion"": ""entropy"", ""class_weight"": ""balanced""}"
600,2026-06-05T23:11:55.747075+00:00,extra,ranking_rf,600,5360,7,1000,0.5826591681765371,784,216,0.49488690297820614,"[""V176"", ""V191"", ""V255"", ""V160"", ""V224"", ""V215"", ""V380""]","{""n_estimators"": 291, ""max_depth"": 13, ""min_samples_split"": 5, ""min_samples_leaf"": 1, ""criterion"": ""gini"", ""class_weight"": null}"
601,2026-06-05T23:12:55.235478+00:00,extra,ranking_rf,601,5335,4,996,0.5445084243063748,741,255,0.49742675047245555,"[""V176"", ""V191"", ""V255"", ""V160""]","{""n_estimators"": 246, ""max_depth"": 6, ""min_samples_split"": 5, ""min_samples_leaf"": 4, ""criterion"": ""entropy"", ""class_weight"": null}"
602,2026-06-05T23:13:55.577562+00:00,extra,ranking_rf,602,5455,4,999,0.5420264040497922,750,249,0.4998848591066012,"[""V176"", ""V191"", ""V255"", ""V160""]","{""n_estimators"": 219, ""max_depth"": 5, ""min_samples_split"": 8, ""min_samples_leaf"": 1, ""criterion"": ""gini"", ""class_weight"": ""balanced""}"
603,2026-06-05T23:14:41.754049+00:00,extra,ranking_rf,603,5390,4,1000,0.5613422718168205,746,254,0.49715840265158295,"[""V176"", ""V191"", ""V255"", ""V160""]","{""n_estimators"": 186, ""max_depth"": 8, ""min_samples_split"": 2, ""min_samples_leaf"": 3, ""criterion"": ""gini"", ""class_weight"": null}"
604,2026-06-05T23:15:32.799041+00:00,extra,ranking_rf,604,5155,4,999,0.5299534612190898,730,269,0.4975280624507979,"[""V176"", ""V191"", ""V255"", ""V160""]","{""n_estimators"": 209, ""max_depth"": 4, ""min_samples_split"": 5, ""min_samples_leaf"": 9, ""criterion"": ""entropy"", ""class_weight"": null}"
605,2026-06-05T23:16:26.632389+00:00,extra,ranking_rf,605,5295,4,998,0.5218928695488447,739,259,0.49754511777014304,"[""V176"", ""V191"", ""V255"", ""V160""]","{""n_estimators"": 222, ""max_depth"": 3, ""min_samples_split"": 2, ""min_samples_leaf"": 8, ""criterion"": ""gini"", ""class_weight"": null}"
606,2026-06-05T23:17:12.885113+00:00,extra,ranking_rf,606,5225,4,1000,0.52899844794567,735,265,0.4975243651438019,"[""V176"", ""V191"", ""V255"", ""V160""]","{""n_estimators"": 188, ""max_depth"": 4, ""min_samples_split"": 5, ""min_samples_leaf"": 5, ""criterion"": ""entropy"", ""class_weight"": null}"
607,2026-06-05T23:17:58.494252+00:00,extra,ranking_rf,607,5225,4,1000,0.5742377240985099,735,265,0.4970858150745731,"[""V176"", ""V191"", ""V255"", ""V160""]","{""n_estimators"": 183, ""max_depth"": 13, ""min_samples_split"": 8, ""min_samples_leaf"": 9, ""criterion"": ""gini"", ""class_weight"": null}"
608,2026-06-05T23:19:47.054732+00:00,extra,ranking_rf,608,5330,4,1000,0.573537192896103,742,258,0.49924239403813536,"[""V176"", ""V191"", ""V255"", ""V160""]","{""n_estimators"": 408, ""max_depth"": 13, ""min_samples_split"": 9, ""min_samples_leaf"": 9, ""criterion"": ""gini"", ""class_weight"": ""balanced""}"
609,2026-06-05T23:20:34.401457+00:00,extra,ranking_rf,609,5345,4,997,0.5271397255453162,742,255,0.49749236167305955,"[""V176"", ""V191"", ""V255"", ""V160""]","{""n_estimators"": 191, ""max_depth"": 4, ""min_samples_split"": 7, ""min_samples_leaf"": 9, ""criterion"": ""gini"", ""class_weight"": null}"
610,2026-06-05T23:20:51.852610+00:00,extra,ranking_rf,610,5170,3,997,0.5247405081397463,717,280,0.49977225281845766,"[""V176"", ""V191"", ""V255""]","{""n_estimators"": 52, ""max_depth"": 12, ""min_samples_split"": 7, ""min_samples_leaf"": 9, ""criterion"": ""entropy"", ""class_weight"": ""balanced""}"
611,2026-06-05T23:21:26.351375+00:00,extra,ranking_rf,611,5285,4,1000,0.5564148621677971,739,261,0.49722551680627747,"[""V176"", ""V191"", ""V255"", ""V160""]","{""n_estimators"": 134, ""max_depth"": 9, ""min_samples_split"": 5, ""min_samples_leaf"": 8, ""criterion"": ""entropy"", ""class_weight"": null}"
612,2026-06-05T23:21:46.676423+00:00,extra,ranking_rf,612,5390,4,1000,0.5814884304036794,746,254,0.49913198961762334,"[""V176"", ""V191"", ""V255"", ""V160""]","{""n_estimators"": 64, ""max_depth"": 10, ""min_samples_split"": 5, ""min_samples_leaf"": 3, ""criterion"": ""entropy"", ""class_weight"": ""balanced""}"
613,2026-06-05T23:22:37.886088+00:00,extra,ranking_rf,613,5330,4,1000,0.5403703480691499,742,258,0.499653690379442,"[""V176"", ""V191"", ""V255"", ""V160""]","{""n_estimators"": 183, ""max_depth"": 5, ""min_samples_split"": 3, ""min_samples_leaf"": 3, ""criterion"": ""gini"", ""class_weight"": ""balanced""}"
614,2026-06-05T23:24:25.798061+00:00,extra,ranking_rf,614,5285,4,1000,0.5434708275372345,739,261,0.49968508113052384,"[""V176"", ""V191"", ""V255"", ""V160""]","{""n_estimators"": 404, ""max_depth"": 6, ""min_samples_split"": 8, ""min_samples_leaf"": 9, ""criterion"": ""gini"", ""class_weight"": ""balanced""}"
615,2026-06-05T23:25:11.137361+00:00,extra,ranking_rf,615,5285,4,1000,0.5464534975482976,739,261,0.4996232822494676,"[""V176"", ""V191"", ""V255"", ""V160""]","{""n_estimators"": 159, ""max_depth"": 6, ""min_samples_split"": 5, ""min_samples_leaf"": 6, ""criterion"": ""gini"", ""class_weight"": ""balanced""}"
616,2026-06-05T23:26:13.960320+00:00,extra,ranking_rf,616,5350,4,999,0.5398983791656835,743,256,0.4998167543970738,"[""V176"", ""V191"", ""V255"", ""V160""]","{""n_estimators"": 228, ""max_depth"": 5, ""min_samples_split"": 6, ""min_samples_leaf"": 4, ""criterion"": ""entropy"", ""class_weight"": ""balanced""}"
617,2026-06-05T23:26:46.181281+00:00,extra,ranking_rf,617,5205,6,999,0.5912948453680242,760,239,0.49753594937617546,"[""V176"", ""V191"", ""V255"", ""V160"", ""V224"", ""V215""]","{""n_estimators"": 108, ""max_depth"": null, ""min_samples_split"": 5, ""min_samples_leaf"": 4, ""criterion"": ""entropy"", ""class_weight"": ""balanced""}"
618,2026-06-05T23:27:41.839201+00:00,extra,ranking_rf,618,5240,8,996,0.574357732945821,788,208,0.49578321887606724,"[""V176"", ""V191"", ""V255"", ""V160"", ""V224"", ""V215"", ""V380"", ""V342""]","{""n_estimators"": 224, ""max_depth"": 13, ""min_samples_split"": 6, ""min_samples_leaf"": 2, ""criterion"": ""entropy"", ""class_weight"": null}"
619,2026-06-05T23:28:03.999548+00:00,extra,ranking_rf,619,5240,4,1000,0.5591703421644527,736,264,0.49708591200844404,"[""V176"", ""V191"", ""V255"", ""V160""]","{""n_estimators"": 81, ""max_depth"": 9, ""min_samples_split"": 6, ""min_samples_leaf"": 9, ""criterion"": ""gini"", ""class_weight"": null}"
620,2026-06-05T23:29:26.013725+00:00,extra,ranking_rf,620,5270,4,1000,0.5720740534197762,738,262,0.4991836546640101,"[""V176"", ""V191"", ""V255"", ""V160""]","{""n_estimators"": 302, ""max_depth"": 10, ""min_samples_split"": 8, ""min_samples_leaf"": 6, ""criterion"": ""gini"", ""class_weight"": ""balanced""}"
621,2026-06-05T23:30:18.220586+00:00,extra,ranking_rf,621,5280,4,998,0.5398591531069168,738,260,0.49743201281124855,"[""V176"", ""V191"", ""V255"", ""V160""]","{""n_estimators"": 213, ""max_depth"": 5, ""min_samples_split"": 5, ""min_samples_leaf"": 1, ""criterion"": ""entropy"", ""class_weight"": null}"
622,2026-06-05T23:32:07.406446+00:00,extra,ranking_rf,622,5345,4,1000,0.549173132899257,743,257,0.49730058242844516,"[""V176"", ""V191"", ""V255"", ""V160""]","{""n_estimators"": 469, ""max_depth"": 7, ""min_samples_split"": 8, ""min_samples_leaf"": 8, ""criterion"": ""entropy"", ""class_weight"": null}"
623,2026-06-05T23:33:03.883427+00:00,extra,ranking_rf,623,5305,4,993,0.544608813720696,738,255,0.4973469588771515,"[""V176"", ""V191"", ""V255"", ""V160""]","{""n_estimators"": 233, ""max_depth"": 6, ""min_samples_split"": 3, ""min_samples_leaf"": 6, ""criterion"": ""gini"", ""class_weight"": null}"
624,2026-06-05T23:33:26.514403+00:00,extra,ranking_rf,624,5130,5,1000,0.6237345457896463,742,258,0.49694024374820467,"[""V176"", ""V191"", ""V255"", ""V160"", ""V224""]","{""n_estimators"": 72, ""max_depth"": null, ""min_samples_split"": 8, ""min_samples_leaf"": 2, ""criterion"": ""entropy"", ""class_weight"": ""balanced""}"
625,2026-06-05T23:35:35.868938+00:00,extra,ranking_rf,625,5275,4,999,0.5377917465454661,738,261,0.49983251556348435,"[""V176"", ""V191"", ""V255"", ""V160""]","{""n_estimators"": 494, ""max_depth"": 5, ""min_samples_split"": 3, ""min_samples_leaf"": 9, ""criterion"": ""gini"", ""class_weight"": ""balanced""}"
626,2026-06-05T23:37:12.109414+00:00,extra,ranking_rf,626,5345,4,1000,0.5669246757776684,743,257,0.49931781455262353,"[""V176"", ""V191"", ""V255"", ""V160""]","{""n_estimators"": 357, ""max_depth"": 8, ""min_samples_split"": 6, ""min_samples_leaf"": 2, ""criterion"": ""entropy"", ""class_weight"": ""balanced""}"
627,2026-06-05T23:38:16.609484+00:00,extra,ranking_rf,627,5315,4,1000,0.5524201969069061,741,259,0.49957210549527264,"[""V176"", ""V191"", ""V255"", ""V160""]","{""n_estimators"": 234, ""max_depth"": 7, ""min_samples_split"": 3, ""min_samples_leaf"": 6, ""criterion"": ""gini"", ""class_weight"": ""balanced""}"
628,2026-06-05T23:40:16.637036+00:00,extra,ranking_rf,628,5300,4,1000,0.5437851401177024,740,260,0.49965814674669046,"[""V176"", ""V191"", ""V255"", ""V160""]","{""n_estimators"": 454, ""max_depth"": 6, ""min_samples_split"": 8, ""min_samples_leaf"": 7, ""criterion"": ""gini"", ""class_weight"": ""balanced""}"
629,2026-06-05T23:41:33.708279+00:00,extra,ranking_rf,629,5420,4,1000,0.5584922718554413,748,252,0.49966035499929495,"[""V176"", ""V191"", ""V255"", ""V160""]","{""n_estimators"": 285, ""max_depth"": 8, ""min_samples_split"": 2, ""min_samples_leaf"": 7, ""criterion"": ""gini"", ""class_weight"": ""balanced""}"
630,2026-06-05T23:43:06.893313+00:00,extra,ranking_rf,630,5195,4,1000,0.578984012823869,733,267,0.4966929560327432,"[""V176"", ""V191"", ""V255"", ""V160""]","{""n_estimators"": 391, ""max_depth"": null, ""min_samples_split"": 6, ""min_samples_leaf"": 8, ""criterion"": ""entropy"", ""class_weight"": null}"
631,2026-06-05T23:43:46.708094+00:00,extra,ranking_rf,631,5315,4,1000,0.5752669819571189,741,259,0.49924832102507605,"[""V176"", ""V191"", ""V255"", ""V160""]","{""n_estimators"": 138, ""max_depth"": 9, ""min_samples_split"": 6, ""min_samples_leaf"": 1, ""criterion"": ""gini"", ""class_weight"": ""balanced""}"
632,2026-06-05T23:44:07.321557+00:00,extra,ranking_rf,632,5200,3,1000,0.5650137991986143,720,280,0.49703901878934087,"[""V176"", ""V191"", ""V255""]","{""n_estimators"": 75, ""max_depth"": 14, ""min_samples_split"": 6, ""min_samples_leaf"": 2, ""criterion"": ""entropy"", ""class_weight"": null}"
633,2026-06-05T23:45:56.962349+00:00,extra,ranking_rf,633,5300,4,1000,0.5589993731211153,740,260,0.4995492148660864,"[""V176"", ""V191"", ""V255"", ""V160""]","{""n_estimators"": 412, ""max_depth"": 7, ""min_samples_split"": 8, ""min_samples_leaf"": 1, ""criterion"": ""gini"", ""class_weight"": ""balanced""}"
634,2026-06-05T23:47:53.307511+00:00,extra,ranking_rf,634,5160,6,996,0.6249070981509028,756,240,0.49444646000299497,"[""V176"", ""V191"", ""V255"", ""V160"", ""V224"", ""V215""]","{""n_estimators"": 426, ""max_depth"": null, ""min_samples_split"": 6, ""min_samples_leaf"": 2, ""criterion"": ""entropy"", ""class_weight"": ""balanced""}"
635,2026-06-05T23:49:22.782515+00:00,extra,ranking_rf,635,5380,3,1000,0.5204211322542502,732,268,0.4999226432080866,"[""V176"", ""V191"", ""V255""]","{""n_estimators"": 338, ""max_depth"": 4, ""min_samples_split"": 7, ""min_samples_leaf"": 3, ""criterion"": ""gini"", ""class_weight"": ""balanced""}"
636,2026-06-05T23:49:57.792946+00:00,extra,ranking_rf,636,5235,4,998,0.5508652587055554,735,263,0.4972648123502753,"[""V176"", ""V191"", ""V255"", ""V160""]","{""n_estimators"": 138, ""max_depth"": 7, ""min_samples_split"": 4, ""min_samples_leaf"": 5, ""criterion"": ""entropy"", ""class_weight"": null}"
637,2026-06-05T23:51:02.419248+00:00,extra,ranking_rf,637,5305,4,996,0.540152028769482,739,257,0.49976818820874686,"[""V176"", ""V191"", ""V255"", ""V160""]","{""n_estimators"": 238, ""max_depth"": 5, ""min_samples_split"": 2, ""min_samples_leaf"": 5, ""criterion"": ""gini"", ""class_weight"": ""balanced""}"
638,2026-06-05T23:52:20.749044+00:00,extra,ranking_rf,638,5320,3,1000,0.5285964377427187,728,272,0.4974946431658918,"[""V176"", ""V191"", ""V255""]","{""n_estimators"": 330, ""max_depth"": 9, ""min_samples_split"": 8, ""min_samples_leaf"": 6, ""criterion"": ""gini"", ""class_weight"": null}"
639,2026-06-05T23:54:05.494056+00:00,extra,ranking_rf,639,5255,4,1000,0.5714434469759694,737,263,0.49703527212819754,"[""V176"", ""V191"", ""V255"", ""V160""]","{""n_estimators"": 446, ""max_depth"": 12, ""min_samples_split"": 6, ""min_samples_leaf"": 8, ""criterion"": ""gini"", ""class_weight"": null}"
640,2026-06-05T23:55:19.345226+00:00,extra,ranking_rf,640,5330,7,1000,0.5815990080760507,782,218,0.49769194595628596,"[""V176"", ""V191"", ""V255"", ""V160"", ""V224"", ""V215"", ""V380""]","{""n_estimators"": 270, ""max_depth"": 13, ""min_samples_split"": 8, ""min_samples_leaf"": 2, ""criterion"": ""entropy"", ""class_weight"": ""balanced""}"
641,2026-06-05T23:56:06.502892+00:00,extra,ranking_rf,641,5235,5,1000,0.599115512390429,749,251,0.49756834354841,"[""V176"", ""V191"", ""V255"", ""V160"", ""V224""]","{""n_estimators"": 163, ""max_depth"": null, ""min_samples_split"": 6, ""min_samples_leaf"": 4, ""criterion"": ""entropy"", ""class_weight"": ""balanced""}"
642,2026-06-05T23:57:04.430071+00:00,extra,ranking_rf,642,5250,4,992,0.5571379781381512,734,258,0.4994896247994167,"[""V176"", ""V191"", ""V255"", ""V160""]","{""n_estimators"": 209, ""max_depth"": 8, ""min_samples_split"": 5, ""min_samples_leaf"": 9, ""criterion"": ""gini"", ""class_weight"": ""balanced""}"
643,2026-06-05T23:58:34.306447+00:00,extra,ranking_rf,643,5325,4,998,0.5882482373500975,741,257,0.49681074693290694,"[""V176"", ""V191"", ""V255"", ""V160""]","{""n_estimators"": 377, ""max_depth"": 12, ""min_samples_split"": 8, ""min_samples_leaf"": 4, ""criterion"": ""entropy"", ""class_weight"": null}"
644,2026-06-05T23:58:59.314596+00:00,extra,ranking_rf,644,5345,6,998,0.5653865606845073,769,229,0.49666249786158834,"[""V176"", ""V191"", ""V255"", ""V160"", ""V224"", ""V215""]","{""n_estimators"": 94, ""max_depth"": 10, ""min_samples_split"": 8, ""min_samples_leaf"": 3, ""criterion"": ""entropy"", ""class_weight"": null}"
645,2026-06-06T00:00:01.320205+00:00,extra,ranking_rf,645,5315,4,1000,0.5621641055018335,741,259,0.4969870710388108,"[""V176"", ""V191"", ""V255"", ""V160""]","{""n_estimators"": 255, ""max_depth"": 9, ""min_samples_split"": 7, ""min_samples_leaf"": 6, ""criterion"": ""entropy"", ""class_weight"": null}"
646,2026-06-06T00:00:28.137395+00:00,extra,ranking_rf,646,5360,4,1000,0.5388231167162387,744,256,0.49752143091478673,"[""V176"", ""V191"", ""V255"", ""V160""]","{""n_estimators"": 103, ""max_depth"": 5, ""min_samples_split"": 3, ""min_samples_leaf"": 1, ""criterion"": ""gini"", ""class_weight"": null}"
647,2026-06-06T00:02:12.812571+00:00,extra,ranking_rf,647,5315,4,1000,0.5916077590494491,741,259,0.49890021966975484,"[""V176"", ""V191"", ""V255"", ""V160""]","{""n_estimators"": 389, ""max_depth"": 11, ""min_samples_split"": 3, ""min_samples_leaf"": 2, ""criterion"": ""entropy"", ""class_weight"": ""balanced""}"
648,2026-06-06T00:04:02.777087+00:00,extra,ranking_rf,648,5375,4,1000,0.5767332051587888,745,255,0.4991886298685632,"[""V176"", ""V191"", ""V255"", ""V160""]","{""n_estimators"": 413, ""max_depth"": 12, ""min_samples_split"": 6, ""min_samples_leaf"": 8, ""criterion"": ""entropy"", ""class_weight"": ""balanced""}"
649,2026-06-06T00:05:06.751383+00:00,extra,ranking_rf,649,5245,4,999,0.5830501052601238,736,263,0.49683644504585783,"[""V176"", ""V191"", ""V255"", ""V160""]","{""n_estimators"": 264, ""max_depth"": 12, ""min_samples_split"": 3, ""min_samples_leaf"": 5, ""criterion"": ""gini"", ""class_weight"": null}"
650,2026-06-06T00:06:30.088889+00:00,extra,ranking_rf,650,5380,4,999,0.547532230104342,745,254,0.4973556361523366,"[""V176"", ""V191"", ""V255"", ""V160""]","{""n_estimators"": 352, ""max_depth"": 7, ""min_samples_split"": 2, ""min_samples_leaf"": 9, ""criterion"": ""gini"", ""class_weight"": null}"
651,2026-06-06T00:07:06.162571+00:00,extra,ranking_rf,651,5305,3,1000,0.5381071425223288,727,273,0.4974937462055874,"[""V176"", ""V191"", ""V255""]","{""n_estimators"": 142, ""max_depth"": 7, ""min_samples_split"": 8, ""min_samples_leaf"": 2, ""criterion"": ""gini"", ""class_weight"": null}"
652,2026-06-06T00:08:21.240199+00:00,extra,ranking_rf,652,5275,4,999,0.5761258606735472,738,261,0.4991169171077288,"[""V176"", ""V191"", ""V255"", ""V160""]","{""n_estimators"": 273, ""max_depth"": null, ""min_samples_split"": 5, ""min_samples_leaf"": 9, ""criterion"": ""gini"", ""class_weight"": ""balanced""}"
653,2026-06-06T00:09:48.153818+00:00,extra,ranking_rf,653,5240,4,1000,0.5273787623486809,736,264,0.497416184622809,"[""V176"", ""V191"", ""V255"", ""V160""]","{""n_estimators"": 369, ""max_depth"": 4, ""min_samples_split"": 2, ""min_samples_leaf"": 8, ""criterion"": ""entropy"", ""class_weight"": null}"
654,2026-06-06T00:10:47.179285+00:00,extra,ranking_rf,654,5300,4,1000,0.6025529800915941,740,260,0.4985586144608851,"[""V176"", ""V191"", ""V255"", ""V160""]","{""n_estimators"": 212, ""max_depth"": 13, ""min_samples_split"": 8, ""min_samples_leaf"": 3, ""criterion"": ""entropy"", ""class_weight"": ""balanced""}"
655,2026-06-06T00:12:42.451126+00:00,extra,ranking_rf,655,5330,4,1000,0.5975623181507501,742,258,0.4967057611863699,"[""V176"", ""V191"", ""V255"", ""V160""]","{""n_estimators"": 490, ""max_depth"": 12, ""min_samples_split"": 9, ""min_samples_leaf"": 1, ""criterion"": ""entropy"", ""class_weight"": null}"
656,2026-06-06T00:14:35.888893+00:00,extra,ranking_rf,656,5185,6,1000,0.6199920651987283,759,241,0.49385637079487443,"[""V176"", ""V191"", ""V255"", ""V160"", ""V224"", ""V215""]","{""n_estimators"": 473, ""max_depth"": null, ""min_samples_split"": 9, ""min_samples_leaf"": 2, ""criterion"": ""gini"", ""class_weight"": null}"
657,2026-06-06T00:15:37.288322+00:00,extra,ranking_rf,657,5305,6,1000,0.5837662666273908,767,233,0.49856920042266095,"[""V176"", ""V191"", ""V255"", ""V160"", ""V224"", ""V215""]","{""n_estimators"": 221, ""max_depth"": 12, ""min_samples_split"": 7, ""min_samples_leaf"": 1, ""criterion"": ""entropy"", ""class_weight"": ""balanced""}"
658,2026-06-06T00:17:00.442644+00:00,extra,ranking_rf,658,5355,4,998,0.5857172605605676,743,255,0.4968167364586747,"[""V176"", ""V191"", ""V255"", ""V160""]","{""n_estimators"": 348, ""max_depth"": 11, ""min_samples_split"": 4, ""min_samples_leaf"": 3, ""criterion"": ""entropy"", ""class_weight"": null}"
659,2026-06-06T00:18:58.239213+00:00,extra,ranking_rf,659,5315,4,1000,0.5342860460073049,741,259,0.4998884846449927,"[""V176"", ""V191"", ""V255"", ""V160""]","{""n_estimators"": 446, ""max_depth"": 4, ""min_samples_split"": 3, ""min_samples_leaf"": 2, ""criterion"": ""entropy"", ""class_weight"": ""balanced""}"
660,2026-06-06T00:20:19.939999+00:00,extra,ranking_rf,660,5340,8,1000,0.5798404903864509,796,204,0.49578113977638694,"[""V176"", ""V191"", ""V255"", ""V160"", ""V224"", ""V215"", ""V380"", ""V342""]","{""n_estimators"": 345, ""max_depth"": 13, ""min_samples_split"": 8, ""min_samples_leaf"": 1, ""criterion"": ""entropy"", ""class_weight"": null}"
661,2026-06-06T00:21:38.605078+00:00,extra,ranking_rf,661,5210,7,997,0.5559998314100736,773,224,0.496684094732133,"[""V176"", ""V191"", ""V255"", ""V160"", ""V224"", ""V215"", ""V380""]","{""n_estimators"": 327, ""max_depth"": null, ""min_samples_split"": 7, ""min_samples_leaf"": 9, ""criterion"": ""entropy"", ""class_weight"": null}"
662,2026-06-06T00:22:55.549427+00:00,extra,ranking_rf,662,5305,3,1000,0.5177703897871383,727,273,0.4975969543149182,"[""V176"", ""V191"", ""V255""]","{""n_estimators"": 323, ""max_depth"": 4, ""min_samples_split"": 2, ""min_samples_leaf"": 5, ""criterion"": ""entropy"", ""class_weight"": null}"
663,2026-06-06T00:24:34.905131+00:00,extra,ranking_rf,663,5210,4,1000,0.5758888251424231,734,266,0.4991149253641934,"[""V176"", ""V191"", ""V255"", ""V160""]","{""n_estimators"": 369, ""max_depth"": 12, ""min_samples_split"": 4, ""min_samples_leaf"": 7, ""criterion"": ""gini"", ""class_weight"": ""balanced""}"
664,2026-06-06T00:25:15.412006+00:00,extra,ranking_rf,664,5255,4,1000,0.5875897537752642,737,263,0.49671392511553986,"[""V176"", ""V191"", ""V255"", ""V160""]","{""n_estimators"": 160, ""max_depth"": 13, ""min_samples_split"": 7, ""min_samples_leaf"": 5, ""criterion"": ""gini"", ""class_weight"": null}"
665,2026-06-06T00:27:22.158654+00:00,extra,ranking_rf,665,5290,4,999,0.5935698311105576,739,260,0.4986543368985507,"[""V176"", ""V191"", ""V255"", ""V160""]","{""n_estimators"": 475, ""max_depth"": 14, ""min_samples_split"": 8, ""min_samples_leaf"": 5, ""criterion"": ""entropy"", ""class_weight"": ""balanced""}"
666,2026-06-06T00:28:30.340351+00:00,extra,ranking_rf,666,5305,4,996,0.5770972815151885,739,257,0.49697048057837245,"[""V176"", ""V191"", ""V255"", ""V160""]","{""n_estimators"": 283, ""max_depth"": 10, ""min_samples_split"": 8, ""min_samples_leaf"": 4, ""criterion"": ""gini"", ""class_weight"": null}"
667,2026-06-06T00:29:38.738060+00:00,extra,ranking_rf,667,5345,4,1000,0.5611548177358022,743,257,0.49716707813139327,"[""V176"", ""V191"", ""V255"", ""V160""]","{""n_estimators"": 286, ""max_depth"": 9, ""min_samples_split"": 4, ""min_samples_leaf"": 7, ""criterion"": ""entropy"", ""class_weight"": null}"
668,2026-06-06T00:30:41.842050+00:00,extra,ranking_rf,668,5315,4,1000,0.5212994083474419,741,259,0.497559203975469,"[""V176"", ""V191"", ""V255"", ""V160""]","{""n_estimators"": 263, ""max_depth"": 3, ""min_samples_split"": 9, ""min_samples_leaf"": 5, ""criterion"": ""entropy"", ""class_weight"": null}"
669,2026-06-06T00:32:22.050667+00:00,extra,ranking_rf,669,5250,4,992,0.5711488361967426,734,258,0.4993637772656175,"[""V176"", ""V191"", ""V255"", ""V160""]","{""n_estimators"": 373, ""max_depth"": 9, ""min_samples_split"": 5, ""min_samples_leaf"": 4, ""criterion"": ""gini"", ""class_weight"": ""balanced""}"
670,2026-06-06T00:34:31.187189+00:00,extra,ranking_rf,670,5310,3,993,0.5384094211926881,725,268,0.4999204673316515,"[""V176"", ""V191"", ""V255""]","{""n_estimators"": 493, ""max_depth"": 6, ""min_samples_split"": 3, ""min_samples_leaf"": 1, ""criterion"": ""entropy"", ""class_weight"": ""balanced""}"
671,2026-06-06T00:36:18.447162+00:00,extra,ranking_rf,671,5240,4,1000,0.5724637108226547,736,264,0.4993694856258764,"[""V176"", ""V191"", ""V255"", ""V160""]","{""n_estimators"": 400, ""max_depth"": 11, ""min_samples_split"": 4, ""min_samples_leaf"": 7, ""criterion"": ""entropy"", ""class_weight"": ""balanced""}"
672,2026-06-06T00:37:14.717464+00:00,extra,ranking_rf,672,5305,4,993,0.579136149908805,738,255,0.496910284987845,"[""V176"", ""V191"", ""V255"", ""V160""]","{""n_estimators"": 229, ""max_depth"": 14, ""min_samples_split"": 3, ""min_samples_leaf"": 9, ""criterion"": ""gini"", ""class_weight"": null}"
673,2026-06-06T00:38:44.261586+00:00,extra,ranking_rf,673,5195,4,1000,0.5783020952704008,733,267,0.4990179509327123,"[""V176"", ""V191"", ""V255"", ""V160""]","{""n_estimators"": 329, ""max_depth"": null, ""min_samples_split"": 3, ""min_samples_leaf"": 9, ""criterion"": ""gini"", ""class_weight"": ""balanced""}"
674,2026-06-06T00:39:04.717949+00:00,extra,ranking_rf,674,5345,4,997,0.566736834945098,742,255,0.4971432661889535,"[""V176"", ""V191"", ""V255"", ""V160""]","{""n_estimators"": 75, ""max_depth"": 10, ""min_samples_split"": 3, ""min_samples_leaf"": 7, ""criterion"": ""entropy"", ""class_weight"": null}"
675,2026-06-06T00:40:10.483806+00:00,extra,ranking_rf,675,5405,4,1000,0.5678062370765182,747,253,0.49958320574662596,"[""V176"", ""V191"", ""V255"", ""V160""]","{""n_estimators"": 239, ""max_depth"": 8, ""min_samples_split"": 8, ""min_samples_leaf"": 2, ""criterion"": ""gini"", ""class_weight"": ""balanced""}"
676,2026-06-06T00:41:04.307646+00:00,extra,ranking_rf,676,5255,4,1000,0.5393368848302906,737,263,0.49734047601057446,"[""V176"", ""V191"", ""V255"", ""V160""]","{""n_estimators"": 219, ""max_depth"": 5, ""min_samples_split"": 2, ""min_samples_leaf"": 3, ""criterion"": ""entropy"", ""class_weight"": null}"
677,2026-06-06T00:42:30.305475+00:00,extra,ranking_rf,677,5155,6,1000,0.5612071003203553,757,243,0.49676265905640477,"[""V176"", ""V191"", ""V255"", ""V160"", ""V224"", ""V215""]","{""n_estimators"": 358, ""max_depth"": null, ""min_samples_split"": 6, ""min_samples_leaf"": 9, ""criterion"": ""entropy"", ""class_weight"": null}"
678,2026-06-06T00:43:52.828077+00:00,extra,ranking_rf,678,5210,7,1000,0.5542192925038419,774,226,0.49923876879361107,"[""V176"", ""V191"", ""V255"", ""V160"", ""V224"", ""V215"", ""V380""]","{""n_estimators"": 306, ""max_depth"": 12, ""min_samples_split"": 4, ""min_samples_leaf"": 9, ""criterion"": ""gini"", ""class_weight"": ""balanced""}"
679,2026-06-06T00:44:30.503860+00:00,extra,ranking_rf,679,5255,4,1000,0.5225933480134322,737,263,0.4998612108469065,"[""V176"", ""V191"", ""V255"", ""V160""]","{""n_estimators"": 131, ""max_depth"": 3, ""min_samples_split"": 8, ""min_samples_leaf"": 3, ""criterion"": ""entropy"", ""class_weight"": ""balanced""}"
680,2026-06-06T00:45:34.500171+00:00,extra,ranking_rf,680,5260,3,1000,0.5461186479843998,724,276,0.4973443161521334,"[""V176"", ""V191"", ""V255""]","{""n_estimators"": 263, ""max_depth"": 12, ""min_samples_split"": 4, ""min_samples_leaf"": 3, ""criterion"": ""entropy"", ""class_weight"": null}"
681,2026-06-06T00:45:54.365590+00:00,extra,ranking_rf,681,5365,4,996,0.5927467832933293,743,253,0.4992264367720534,"[""V176"", ""V191"", ""V255"", ""V160""]","{""n_estimators"": 62, ""max_depth"": 11, ""min_samples_split"": 8, ""min_samples_leaf"": 2, ""criterion"": ""entropy"", ""class_weight"": ""balanced""}"
682,2026-06-06T00:46:49.914816+00:00,extra,ranking_rf,682,5410,4,999,0.5669751430618858,747,252,0.4995897583418166,"[""V176"", ""V191"", ""V255"", ""V160""]","{""n_estimators"": 199, ""max_depth"": 8, ""min_samples_split"": 8, ""min_samples_leaf"": 2, ""criterion"": ""entropy"", ""class_weight"": ""balanced""}"
683,2026-06-06T00:48:05.934093+00:00,extra,ranking_rf,683,5365,6,1000,0.5647045053058901,771,229,0.49926592871675,"[""V176"", ""V191"", ""V255"", ""V160"", ""V224"", ""V215""]","{""n_estimators"": 279, ""max_depth"": 10, ""min_samples_split"": 9, ""min_samples_leaf"": 4, ""criterion"": ""gini"", ""class_weight"": ""balanced""}"
684,2026-06-06T00:48:25.331738+00:00,extra,ranking_rf,684,5275,4,999,0.556207962250902,738,261,0.497441244595729,"[""V176"", ""V191"", ""V255"", ""V160""]","{""n_estimators"": 71, ""max_depth"": 8, ""min_samples_split"": 3, ""min_samples_leaf"": 7, ""criterion"": ""gini"", ""class_weight"": null}"
685,2026-06-06T00:49:01.039088+00:00,extra,ranking_rf,685,5250,4,998,0.5615891577439837,736,262,0.49731613512192596,"[""V176"", ""V191"", ""V255"", ""V160""]","{""n_estimators"": 141, ""max_depth"": 8, ""min_samples_split"": 4, ""min_samples_leaf"": 5, ""criterion"": ""entropy"", ""class_weight"": null}"
686,2026-06-06T00:49:58.251412+00:00,extra,ranking_rf,686,5300,4,1000,0.5476389320739816,740,260,0.4996396815673762,"[""V176"", ""V191"", ""V255"", ""V160""]","{""n_estimators"": 210, ""max_depth"": 6, ""min_samples_split"": 6, ""min_samples_leaf"": 3, ""criterion"": ""gini"", ""class_weight"": ""balanced""}"
687,2026-06-06T00:51:39.856649+00:00,extra,ranking_rf,687,5300,4,1000,0.5750283750153175,740,260,0.49704171002293895,"[""V176"", ""V191"", ""V255"", ""V160""]","{""n_estimators"": 432, ""max_depth"": 10, ""min_samples_split"": 4, ""min_samples_leaf"": 4, ""criterion"": ""entropy"", ""class_weight"": null}"
688,2026-06-06T00:52:43.745695+00:00,extra,ranking_rf,688,5315,4,1000,0.5654808457047272,741,259,0.4972807975478016,"[""V176"", ""V191"", ""V255"", ""V160""]","{""n_estimators"": 263, ""max_depth"": 8, ""min_samples_split"": 2, ""min_samples_leaf"": 2, ""criterion"": ""gini"", ""class_weight"": null}"
689,2026-06-06T00:54:37.083977+00:00,extra,ranking_rf,689,5240,4,1000,0.581492693332593,736,264,0.49666255111271496,"[""V176"", ""V191"", ""V255"", ""V160""]","{""n_estimators"": 483, ""max_depth"": 14, ""min_samples_split"": 5, ""min_samples_leaf"": 7, ""criterion"": ""entropy"", ""class_weight"": null}"
690,2026-06-06T00:54:52.749566+00:00,extra,ranking_rf,690,5355,4,998,0.5750378097041976,743,255,0.4972656943591484,"[""V176"", ""V191"", ""V255"", ""V160""]","{""n_estimators"": 52, ""max_depth"": 11, ""min_samples_split"": 7, ""min_samples_leaf"": 6, ""criterion"": ""gini"", ""class_weight"": null}"
691,2026-06-06T00:56:41.295891+00:00,extra,ranking_rf,691,5360,4,1000,0.5523494604765947,744,256,0.4995104005991781,"[""V176"", ""V191"", ""V255"", ""V160""]","{""n_estimators"": 407, ""max_depth"": 7, ""min_samples_split"": 7, ""min_samples_leaf"": 7, ""criterion"": ""entropy"", ""class_weight"": ""balanced""}"
692,2026-06-06T00:58:31.357014+00:00,extra,ranking_rf,692,5255,4,997,0.5817829769295233,736,261,0.49896112105143436,"[""V176"", ""V191"", ""V255"", ""V160""]","{""n_estimators"": 410, ""max_depth"": 13, ""min_samples_split"": 8, ""min_samples_leaf"": 7, ""criterion"": ""gini"", ""class_weight"": ""balanced""}"
693,2026-06-06T00:58:53.872583+00:00,extra,ranking_rf,693,5235,4,995,0.578059706072216,734,261,0.49656902674311815,"[""V176"", ""V191"", ""V255"", ""V160""]","{""n_estimators"": 82, ""max_depth"": null, ""min_samples_split"": 8, ""min_samples_leaf"": 7, ""criterion"": ""gini"", ""class_weight"": null}"
694,2026-06-06T01:00:03.693171+00:00,extra,ranking_rf,694,5300,4,1000,0.5643187046278735,740,260,0.4971211319843327,"[""V176"", ""V191"", ""V255"", ""V160""]","{""n_estimators"": 292, ""max_depth"": 9, ""min_samples_split"": 2, ""min_samples_leaf"": 6, ""criterion"": ""gini"", ""class_weight"": null}"
695,2026-06-06T01:01:41.515914+00:00,extra,ranking_rf,695,5255,4,1000,0.5739139284609825,737,263,0.4969539493300252,"[""V176"", ""V191"", ""V255"", ""V160""]","{""n_estimators"": 415, ""max_depth"": 13, ""min_samples_split"": 2, ""min_samples_leaf"": 8, ""criterion"": ""entropy"", ""class_weight"": null}"
696,2026-06-06T01:02:29.912863+00:00,extra,ranking_rf,696,5285,4,1000,0.550908494020534,739,261,0.4973322867221375,"[""V176"", ""V191"", ""V255"", ""V160""]","{""n_estimators"": 196, ""max_depth"": 7, ""min_samples_split"": 4, ""min_samples_leaf"": 8, ""criterion"": ""gini"", ""class_weight"": null}"
697,2026-06-06T01:04:24.513651+00:00,extra,ranking_rf,697,5290,4,999,0.5312603205212114,739,260,0.49744418742193414,"[""V176"", ""V191"", ""V255"", ""V160""]","{""n_estimators"": 497, ""max_depth"": 4, ""min_samples_split"": 9, ""min_samples_leaf"": 3, ""criterion"": ""gini"", ""class_weight"": null}"
698,2026-06-06T01:06:13.674106+00:00,extra,ranking_rf,698,5255,4,1000,0.530089356904225,737,263,0.49740058506860424,"[""V176"", ""V191"", ""V255"", ""V160""]","{""n_estimators"": 468, ""max_depth"": 4, ""min_samples_split"": 4, ""min_samples_leaf"": 4, ""criterion"": ""gini"", ""class_weight"": null}"
699,2026-06-06T01:07:07.641784+00:00,extra,ranking_rf,699,5255,4,1000,0.5824723300661716,737,263,0.4967413215883562,"[""V176"", ""V191"", ""V255"", ""V160""]","{""n_estimators"": 220, ""max_depth"": 14, ""min_samples_split"": 2, ""min_samples_leaf"": 6, ""criterion"": ""entropy"", ""class_weight"": null}"
700,2026-06-06T01:08:20.082389+00:00,extra,ranking_rf,700,5335,4,999,0.5588612390495237,742,257,0.49960594137797254,"[""V176"", ""V191"", ""V255"", ""V160""]","{""n_estimators"": 267, ""max_depth"": 7, ""min_samples_split"": 7, ""min_samples_leaf"": 1, ""criterion"": ""gini"", ""class_weight"": ""balanced""}"
701,2026-06-06T01:08:47.205188+00:00,extra,ranking_rf,701,5205,4,998,0.531723010764625,733,265,0.4974317810756811,"[""V176"", ""V191"", ""V255"", ""V160""]","{""n_estimators"": 105, ""max_depth"": 4, ""min_samples_split"": 9, ""min_samples_leaf"": 8, ""criterion"": ""gini"", ""class_weight"": null}"
702,2026-06-06T01:10:19.690084+00:00,extra,ranking_rf,702,5210,4,1000,0.5819357059808835,734,266,0.49673973228705165,"[""V176"", ""V191"", ""V255"", ""V160""]","{""n_estimators"": 390, ""max_depth"": 13, ""min_samples_split"": 6, ""min_samples_leaf"": 6, ""criterion"": ""entropy"", ""class_weight"": null}"
703,2026-06-06T01:11:30.946290+00:00,extra,ranking_rf,703,5195,4,997,0.5800661986021352,732,265,0.4988700797528869,"[""V176"", ""V191"", ""V255"", ""V160""]","{""n_estimators"": 260, ""max_depth"": 14, ""min_samples_split"": 5, ""min_samples_leaf"": 7, ""criterion"": ""gini"", ""class_weight"": ""balanced""}"
704,2026-06-06T01:13:04.011731+00:00,extra,ranking_rf,704,5130,6,999,0.6411886703191284,755,244,0.49549025473810104,"[""V176"", ""V191"", ""V255"", ""V160"", ""V224"", ""V215""]","{""n_estimators"": 336, ""max_depth"": null, ""min_samples_split"": 9, ""min_samples_leaf"": 1, ""criterion"": ""entropy"", ""class_weight"": ""balanced""}"
705,2026-06-06T01:13:46.921612+00:00,extra,ranking_rf,705,5225,4,997,0.5891450113114819,734,263,0.49670182464447443,"[""V176"", ""V191"", ""V255"", ""V160""]","{""n_estimators"": 170, ""max_depth"": 11, ""min_samples_split"": 7, ""min_samples_leaf"": 2, ""criterion"": ""entropy"", ""class_weight"": null}"
706,2026-06-06T01:14:41.564726+00:00,extra,ranking_rf,706,5290,4,999,0.58069159387163,739,260,0.4990544135150689,"[""V176"", ""V191"", ""V255"", ""V160""]","{""n_estimators"": 195, ""max_depth"": 14, ""min_samples_split"": 4, ""min_samples_leaf"": 8, ""criterion"": ""entropy"", ""class_weight"": ""balanced""}"
707,2026-06-06T01:16:23.767738+00:00,extra,ranking_rf,707,5320,4,999,0.5712834746312492,741,258,0.49702237938032995,"[""V176"", ""V191"", ""V255"", ""V160""]","{""n_estimators"": 432, ""max_depth"": 11, ""min_samples_split"": 3, ""min_samples_leaf"": 7, ""criterion"": ""entropy"", ""class_weight"": null}"
708,2026-06-06T01:17:59.262466+00:00,extra,ranking_rf,708,5140,6,1000,0.5919567886040664,756,244,0.4954231343863105,"[""V176"", ""V191"", ""V255"", ""V160"", ""V224"", ""V215""]","{""n_estimators"": 397, ""max_depth"": null, ""min_samples_split"": 3, ""min_samples_leaf"": 4, ""criterion"": ""entropy"", ""class_weight"": null}"
709,2026-06-06T01:18:52.342130+00:00,extra,ranking_rf,709,5330,4,1000,0.5228538348050304,742,258,0.4975345415860699,"[""V176"", ""V191"", ""V255"", ""V160""]","{""n_estimators"": 218, ""max_depth"": 3, ""min_samples_split"": 6, ""min_samples_leaf"": 2, ""criterion"": ""entropy"", ""class_weight"": null}"
710,2026-06-06T01:19:11.593642+00:00,extra,ranking_rf,710,5315,4,1000,0.5826304602621057,741,259,0.4993373506064153,"[""V176"", ""V191"", ""V255"", ""V160""]","{""n_estimators"": 65, ""max_depth"": 10, ""min_samples_split"": 7, ""min_samples_leaf"": 1, ""criterion"": ""entropy"", ""class_weight"": ""balanced""}"
711,2026-06-06T01:20:27.798485+00:00,extra,ranking_rf,711,5270,4,1000,0.5604982920611118,738,262,0.49954926908493363,"[""V176"", ""V191"", ""V255"", ""V160""]","{""n_estimators"": 280, ""max_depth"": 8, ""min_samples_split"": 3, ""min_samples_leaf"": 4, ""criterion"": ""entropy"", ""class_weight"": ""balanced""}"
712,2026-06-06T01:22:15.954772+00:00,extra,ranking_rf,712,5350,7,999,0.5649493977091385,783,216,0.49654828844053345,"[""V176"", ""V191"", ""V255"", ""V160"", ""V224"", ""V215"", ""V380""]","{""n_estimators"": 460, ""max_depth"": 11, ""min_samples_split"": 3, ""min_samples_leaf"": 3, ""criterion"": ""entropy"", ""class_weight"": null}"
713,2026-06-06T01:22:40.857025+00:00,extra,ranking_rf,713,5290,4,999,0.5424856518636707,739,260,0.4975188454001989,"[""V176"", ""V191"", ""V255"", ""V160""]","{""n_estimators"": 95, ""max_depth"": 6, ""min_samples_split"": 8, ""min_samples_leaf"": 6, ""criterion"": ""entropy"", ""class_weight"": null}"
714,2026-06-06T01:23:42.519112+00:00,extra,ranking_rf,714,5325,4,998,0.5626771941152695,741,257,0.4971040396921463,"[""V176"", ""V191"", ""V255"", ""V160""]","{""n_estimators"": 255, ""max_depth"": 8, ""min_samples_split"": 7, ""min_samples_leaf"": 4, ""criterion"": ""entropy"", ""class_weight"": null}"
715,2026-06-06T01:25:30.903886+00:00,extra,ranking_rf,715,5370,8,1000,0.5869818488716522,798,202,0.495324392688929,"[""V176"", ""V191"", ""V255"", ""V160"", ""V224"", ""V215"", ""V380"", ""V342""]","{""n_estimators"": 401, ""max_depth"": 14, ""min_samples_split"": 3, ""min_samples_leaf"": 1, ""criterion"": ""gini"", ""class_weight"": ""balanced""}"
716,2026-06-06T01:27:40.979640+00:00,extra,ranking_rf,716,5290,4,999,0.5843860137378518,739,260,0.49889963830653566,"[""V176"", ""V191"", ""V255"", ""V160""]","{""n_estimators"": 488, ""max_depth"": 10, ""min_samples_split"": 8, ""min_samples_leaf"": 1, ""criterion"": ""gini"", ""class_weight"": ""balanced""}"
717,2026-06-06T01:28:02.892752+00:00,extra,ranking_rf,717,5180,6,998,0.5253610818058337,758,240,0.49995784956334266,"[""V176"", ""V191"", ""V255"", ""V160"", ""V224"", ""V215""]","{""n_estimators"": 72, ""max_depth"": 4, ""min_samples_split"": 5, ""min_samples_leaf"": 4, ""criterion"": ""entropy"", ""class_weight"": ""balanced""}"
718,2026-06-06T01:28:53.306419+00:00,extra,ranking_rf,718,5290,3,1000,0.5285505985098415,726,274,0.4998762374461792,"[""V176"", ""V191"", ""V255""]","{""n_estimators"": 181, ""max_depth"": 5, ""min_samples_split"": 5, ""min_samples_leaf"": 2, ""criterion"": ""gini"", ""class_weight"": ""balanced""}"
719,2026-06-06T01:29:23.227648+00:00,extra,ranking_rf,719,5205,3,990,0.5286244403257032,717,273,0.4975413295931752,"[""V176"", ""V191"", ""V255""]","{""n_estimators"": 116, ""max_depth"": 6, ""min_samples_split"": 9, ""min_samples_leaf"": 4, ""criterion"": ""gini"", ""class_weight"": null}"
720,2026-06-06T01:31:32.182575+00:00,extra,ranking_rf,720,5395,4,999,0.5494331391904558,746,253,0.49973177432467203,"[""V176"", ""V191"", ""V255"", ""V160""]","{""n_estimators"": 487, ""max_depth"": 6, ""min_samples_split"": 8, ""min_samples_leaf"": 2, ""criterion"": ""gini"", ""class_weight"": ""balanced""}"
721,2026-06-06T01:32:34.761678+00:00,extra,ranking_rf,721,5275,7,999,0.5642844734168866,778,221,0.4986171140991455,"[""V176"", ""V191"", ""V255"", ""V160"", ""V224"", ""V215"", ""V380""]","{""n_estimators"": 225, ""max_depth"": 13, ""min_samples_split"": 6, ""min_samples_leaf"": 5, ""criterion"": ""gini"", ""class_weight"": ""balanced""}"
722,2026-06-06T01:33:39.244650+00:00,extra,ranking_rf,722,5285,4,1000,0.5330929464607695,739,261,0.49990104048425876,"[""V176"", ""V191"", ""V255"", ""V160""]","{""n_estimators"": 235, ""max_depth"": 4, ""min_samples_split"": 3, ""min_samples_leaf"": 1, ""criterion"": ""entropy"", ""class_weight"": ""balanced""}"
723,2026-06-06T01:34:22.366134+00:00,extra,ranking_rf,723,5215,4,999,0.5844128053362023,734,265,0.49924114749498194,"[""V176"", ""V191"", ""V255"", ""V160""]","{""n_estimators"": 154, ""max_depth"": 11, ""min_samples_split"": 2, ""min_samples_leaf"": 5, ""criterion"": ""gini"", ""class_weight"": ""balanced""}"
724,2026-06-06T01:36:10.159003+00:00,extra,ranking_rf,724,5310,3,996,0.5441391477829585,726,270,0.49973785935010845,"[""V176"", ""V191"", ""V255""]","{""n_estimators"": 403, ""max_depth"": 10, ""min_samples_split"": 9, ""min_samples_leaf"": 3, ""criterion"": ""gini"", ""class_weight"": ""balanced""}"
725,2026-06-06T01:36:28.714736+00:00,extra,ranking_rf,725,5175,5,1000,0.5963841534188884,745,255,0.4982853648680524,"[""V176"", ""V191"", ""V255"", ""V160"", ""V224""]","{""n_estimators"": 56, ""max_depth"": 13, ""min_samples_split"": 2, ""min_samples_leaf"": 2, ""criterion"": ""entropy"", ""class_weight"": ""balanced""}"
726,2026-06-06T01:38:17.944265+00:00,extra,ranking_rf,726,5225,4,1000,0.5225601218403946,735,265,0.4998713354635798,"[""V176"", ""V191"", ""V255"", ""V160""]","{""n_estimators"": 411, ""max_depth"": 3, ""min_samples_split"": 5, ""min_samples_leaf"": 7, ""criterion"": ""entropy"", ""class_weight"": ""balanced""}"
727,2026-06-06T01:40:05.975777+00:00,extra,ranking_rf,727,5320,4,996,0.542671988530302,740,256,0.4973747660461786,"[""V176"", ""V191"", ""V255"", ""V160""]","{""n_estimators"": 460, ""max_depth"": 6, ""min_samples_split"": 7, ""min_samples_leaf"": 7, ""criterion"": ""entropy"", ""class_weight"": null}"
728,2026-06-06T01:40:54.721216+00:00,extra,ranking_rf,728,5315,4,1000,0.5824199667549363,741,259,0.4988079387914544,"[""V176"", ""V191"", ""V255"", ""V160""]","{""n_estimators"": 172, ""max_depth"": 10, ""min_samples_split"": 6, ""min_samples_leaf"": 1, ""criterion"": ""gini"", ""class_weight"": ""balanced""}"
729,2026-06-06T01:42:19.941029+00:00,extra,ranking_rf,729,5195,4,1000,0.5797012236664432,733,267,0.49907455590805405,"[""V176"", ""V191"", ""V255"", ""V160""]","{""n_estimators"": 311, ""max_depth"": null, ""min_samples_split"": 4, ""min_samples_leaf"": 9, ""criterion"": ""entropy"", ""class_weight"": ""balanced""}"
730,2026-06-06T01:43:03.834017+00:00,extra,ranking_rf,730,5285,4,1000,0.5762307156852561,739,261,0.4968821675344379,"[""V176"", ""V191"", ""V255"", ""V160""]","{""n_estimators"": 175, ""max_depth"": 13, ""min_samples_split"": 8, ""min_samples_leaf"": 8, ""criterion"": ""entropy"", ""class_weight"": null}"
731,2026-06-06T01:44:17.581977+00:00,extra,ranking_rf,731,5425,4,999,0.5468674616747081,748,251,0.4973141322302454,"[""V176"", ""V191"", ""V255"", ""V160""]","{""n_estimators"": 310, ""max_depth"": 6, ""min_samples_split"": 2, ""min_samples_leaf"": 3, ""criterion"": ""gini"", ""class_weight"": null}"
732,2026-06-06T01:44:57.566509+00:00,extra,ranking_rf,732,5330,4,994,0.5881272320540702,740,254,0.49916511454770446,"[""V176"", ""V191"", ""V255"", ""V160""]","{""n_estimators"": 139, ""max_depth"": 13, ""min_samples_split"": 4, ""min_samples_leaf"": 6, ""criterion"": ""gini"", ""class_weight"": ""balanced""}"
733,2026-06-06T01:46:30.941209+00:00,extra,ranking_rf,733,5275,6,1000,0.5707607001479043,765,235,0.4966150256171807,"[""V176"", ""V191"", ""V255"", ""V160"", ""V224"", ""V215""]","{""n_estimators"": 395, ""max_depth"": 12, ""min_samples_split"": 5, ""min_samples_leaf"": 4, ""criterion"": ""gini"", ""class_weight"": null}"
734,2026-06-06T01:47:19.810901+00:00,extra,ranking_rf,734,5375,4,1000,0.5620565908614109,745,255,0.49947989488938327,"[""V176"", ""V191"", ""V255"", ""V160""]","{""n_estimators"": 175, ""max_depth"": 8, ""min_samples_split"": 4, ""min_samples_leaf"": 5, ""criterion"": ""entropy"", ""class_weight"": ""balanced""}"
735,2026-06-06T01:49:15.338191+00:00,extra,ranking_rf,735,5330,7,1000,0.5782041448708655,782,218,0.49595945308236633,"[""V176"", ""V191"", ""V255"", ""V160"", ""V224"", ""V215"", ""V380""]","{""n_estimators"": 495, ""max_depth"": 12, ""min_samples_split"": 8, ""min_samples_leaf"": 1, ""criterion"": ""entropy"", ""class_weight"": null}"
736,2026-06-06T01:50:10.289826+00:00,extra,ranking_rf,736,5260,3,997,0.53525338868935,723,274,0.4997285334061526,"[""V176"", ""V191"", ""V255""]","{""n_estimators"": 198, ""max_depth"": 8, ""min_samples_split"": 2, ""min_samples_leaf"": 5, ""criterion"": ""gini"", ""class_weight"": ""balanced""}"
737,2026-06-06T01:52:01.579233+00:00,extra,ranking_rf,737,5345,4,1000,0.5504392832886493,743,257,0.49978163928832164,"[""V176"", ""V191"", ""V255"", ""V160""]","{""n_estimators"": 419, ""max_depth"": 6, ""min_samples_split"": 7, ""min_samples_leaf"": 2, ""criterion"": ""gini"", ""class_weight"": ""balanced""}"
738,2026-06-06T01:52:37.765167+00:00,extra,ranking_rf,738,5315,7,997,0.5655934678107896,780,217,0.49905835703751744,"[""V176"", ""V191"", ""V255"", ""V160"", ""V224"", ""V215"", ""V380""]","{""n_estimators"": 123, ""max_depth"": null, ""min_samples_split"": 6, ""min_samples_leaf"": 8, ""criterion"": ""gini"", ""class_weight"": ""balanced""}"
739,2026-06-06T01:54:06.527113+00:00,extra,ranking_rf,739,5365,4,999,0.5297854541320439,744,255,0.4974875550778377,"[""V176"", ""V191"", ""V255"", ""V160""]","{""n_estimators"": 377, ""max_depth"": 4, ""min_samples_split"": 8, ""min_samples_leaf"": 8, ""criterion"": ""gini"", ""class_weight"": null}"
740,2026-06-06T01:54:54.654958+00:00,extra,ranking_rf,740,5195,4,1000,0.5350617296454374,733,267,0.49730078934468,"[""V176"", ""V191"", ""V255"", ""V160""]","{""n_estimators"": 195, ""max_depth"": 5, ""min_samples_split"": 2, ""min_samples_leaf"": 8, ""criterion"": ""entropy"", ""class_weight"": null}"
741,2026-06-06T01:55:52.970475+00:00,extra,ranking_rf,741,5285,4,1000,0.5894025145020877,739,261,0.49661617628881705,"[""V176"", ""V191"", ""V255"", ""V160""]","{""n_estimators"": 239, ""max_depth"": 11, ""min_samples_split"": 4, ""min_samples_leaf"": 2, ""criterion"": ""gini"", ""class_weight"": null}"
742,2026-06-06T01:57:07.636470+00:00,extra,ranking_rf,742,5320,4,993,0.5388752390611591,739,254,0.4974157847264306,"[""V176"", ""V191"", ""V255"", ""V160""]","{""n_estimators"": 314, ""max_depth"": 5, ""min_samples_split"": 2, ""min_samples_leaf"": 1, ""criterion"": ""gini"", ""class_weight"": null}"
743,2026-06-06T01:58:20.434264+00:00,extra,ranking_rf,743,5390,4,1000,0.5551925195944172,746,254,0.4994883506898088,"[""V176"", ""V191"", ""V255"", ""V160""]","{""n_estimators"": 268, ""max_depth"": 8, ""min_samples_split"": 6, ""min_samples_leaf"": 8, ""criterion"": ""entropy"", ""class_weight"": ""balanced""}"
744,2026-06-06T01:59:49.184666+00:00,extra,ranking_rf,744,5240,7,1000,0.5698947945552923,776,224,0.4984347963125079,"[""V176"", ""V191"", ""V255"", ""V160"", ""V224"", ""V215"", ""V380""]","{""n_estimators"": 328, ""max_depth"": 13, ""min_samples_split"": 2, ""min_samples_leaf"": 4, ""criterion"": ""entropy"", ""class_weight"": ""balanced""}"
745,2026-06-06T02:01:49.552078+00:00,extra,ranking_rf,745,5375,4,1000,0.5492632489813111,745,255,0.4997275508963145,"[""V176"", ""V191"", ""V255"", ""V160""]","{""n_estimators"": 455, ""max_depth"": 6, ""min_samples_split"": 6, ""min_samples_leaf"": 1, ""criterion"": ""entropy"", ""class_weight"": ""balanced""}"
746,2026-06-06T02:02:11.750836+00:00,extra,ranking_rf,746,5240,4,1000,0.5389184620850784,736,264,0.49968133624688027,"[""V176"", ""V191"", ""V255"", ""V160""]","{""n_estimators"": 73, ""max_depth"": 5, ""min_samples_split"": 3, ""min_samples_leaf"": 2, ""criterion"": ""entropy"", ""class_weight"": ""balanced""}"
747,2026-06-06T02:02:51.534299+00:00,extra,ranking_rf,747,5430,4,998,0.5640155095756667,748,250,0.497231315621423,"[""V176"", ""V191"", ""V255"", ""V160""]","{""n_estimators"": 158, ""max_depth"": 8, ""min_samples_split"": 7, ""min_samples_leaf"": 1, ""criterion"": ""gini"", ""class_weight"": null}"
748,2026-06-06T02:04:24.199520+00:00,extra,ranking_rf,748,5345,4,1000,0.5444149860991964,743,257,0.4974421130633964,"[""V176"", ""V191"", ""V255"", ""V160""]","{""n_estimators"": 398, ""max_depth"": 6, ""min_samples_split"": 6, ""min_samples_leaf"": 6, ""criterion"": ""gini"", ""class_weight"": null}"
749,2026-06-06T02:05:01.044022+00:00,extra,ranking_rf,749,5235,3,999,0.51171661951855,722,277,0.4976257468600315,"[""V176"", ""V191"", ""V255""]","{""n_estimators"": 147, ""max_depth"": 3, ""min_samples_split"": 3, ""min_samples_leaf"": 7, ""criterion"": ""gini"", ""class_weight"": null}"
750,2026-06-06T02:05:50.132256+00:00,extra,ranking_rf,750,5255,4,1000,0.5815146998426699,737,263,0.4968838615393657,"[""V176"", ""V191"", ""V255"", ""V160""]","{""n_estimators"": 197, ""max_depth"": 14, ""min_samples_split"": 9, ""min_samples_leaf"": 7, ""criterion"": ""entropy"", ""class_weight"": null}"
751,2026-06-06T02:07:55.928138+00:00,extra,ranking_rf,751,5350,4,999,0.551795708879343,743,256,0.49967422800890426,"[""V176"", ""V191"", ""V255"", ""V160""]","{""n_estimators"": 474, ""max_depth"": 7, ""min_samples_split"": 6, ""min_samples_leaf"": 8, ""criterion"": ""entropy"", ""class_weight"": ""balanced""}"
752,2026-06-06T02:08:25.034301+00:00,extra,ranking_rf,752,5170,4,999,0.6008082868942715,731,268,0.49647662352090954,"[""V176"", ""V191"", ""V255"", ""V160""]","{""n_estimators"": 111, ""max_depth"": 14, ""min_samples_split"": 8, ""min_samples_leaf"": 3, ""criterion"": ""gini"", ""class_weight"": null}"
753,2026-06-06T02:08:50.415684+00:00,extra,ranking_rf,753,5195,7,1000,0.5482507432054364,773,227,0.49718049883534804,"[""V176"", ""V191"", ""V255"", ""V160"", ""V224"", ""V215"", ""V380""]","{""n_estimators"": 95, ""max_depth"": 10, ""min_samples_split"": 9, ""min_samples_leaf"": 7, ""criterion"": ""gini"", ""class_weight"": null}"
754,2026-06-06T02:09:55.828350+00:00,extra,ranking_rf,754,5290,4,999,0.6067890238390524,739,260,0.4980703804299886,"[""V176"", ""V191"", ""V255"", ""V160""]","{""n_estimators"": 236, ""max_depth"": 14, ""min_samples_split"": 3, ""min_samples_leaf"": 3, ""criterion"": ""entropy"", ""class_weight"": ""balanced""}"
755,2026-06-06T02:11:35.769698+00:00,extra,ranking_rf,755,5325,4,998,0.5333922255633207,741,257,0.49974901773254177,"[""V176"", ""V191"", ""V255"", ""V160""]","{""n_estimators"": 375, ""max_depth"": 4, ""min_samples_split"": 9, ""min_samples_leaf"": 2, ""criterion"": ""entropy"", ""class_weight"": ""balanced""}"
756,2026-06-06T02:12:24.770669+00:00,extra,ranking_rf,756,5375,4,1000,0.5788960346516672,745,255,0.497267334286516,"[""V176"", ""V191"", ""V255"", ""V160""]","{""n_estimators"": 198, ""max_depth"": 10, ""min_samples_split"": 9, ""min_samples_leaf"": 3, ""criterion"": ""entropy"", ""class_weight"": null}"
757,2026-06-06T02:14:13.765350+00:00,extra,ranking_rf,757,5365,4,996,0.5747257262642362,743,253,0.49720908975275313,"[""V176"", ""V191"", ""V255"", ""V160""]","{""n_estimators"": 467, ""max_depth"": 9, ""min_samples_split"": 6, ""min_samples_leaf"": 1, ""criterion"": ""entropy"", ""class_weight"": null}"
758,2026-06-06T02:15:34.401485+00:00,extra,ranking_rf,758,5395,4,999,0.5566886544878302,746,253,0.4971298413783412,"[""V176"", ""V191"", ""V255"", ""V160""]","{""n_estimators"": 340, ""max_depth"": 8, ""min_samples_split"": 5, ""min_samples_leaf"": 7, ""criterion"": ""gini"", ""class_weight"": null}"
759,2026-06-06T02:16:58.411309+00:00,extra,ranking_rf,759,5260,3,1000,0.5410809282694236,724,276,0.4976066699454204,"[""V176"", ""V191"", ""V255""]","{""n_estimators"": 355, ""max_depth"": 7, ""min_samples_split"": 5, ""min_samples_leaf"": 1, ""criterion"": ""gini"", ""class_weight"": null}"
760,2026-06-06T02:17:45.521563+00:00,extra,ranking_rf,760,5230,4,999,0.5970161957810612,735,264,0.49612490743519577,"[""V176"", ""V191"", ""V255"", ""V160""]","{""n_estimators"": 186, ""max_depth"": null, ""min_samples_split"": 7, ""min_samples_leaf"": 5, ""criterion"": ""gini"", ""class_weight"": null}"
761,2026-06-06T02:19:39.245055+00:00,extra,ranking_rf,761,5255,4,997,0.5289928091592785,736,261,0.4974395965951423,"[""V176"", ""V191"", ""V255"", ""V160""]","{""n_estimators"": 491, ""max_depth"": 4, ""min_samples_split"": 6, ""min_samples_leaf"": 6, ""criterion"": ""gini"", ""class_weight"": null}"
762,2026-06-06T02:20:58.725466+00:00,extra,ranking_rf,762,5285,4,997,0.5381824190345033,738,259,0.49747899360009595,"[""V176"", ""V191"", ""V255"", ""V160""]","{""n_estimators"": 335, ""max_depth"": 5, ""min_samples_split"": 8, ""min_samples_leaf"": 5, ""criterion"": ""gini"", ""class_weight"": null}"
763,2026-06-06T02:21:29.544062+00:00,extra,ranking_rf,763,5305,4,996,0.5824564062127736,739,257,0.49873427969464446,"[""V176"", ""V191"", ""V255"", ""V160""]","{""n_estimators"": 104, ""max_depth"": 12, ""min_samples_split"": 2, ""min_samples_leaf"": 6, ""criterion"": ""entropy"", ""class_weight"": ""balanced""}"
764,2026-06-06T02:23:06.687429+00:00,extra,ranking_rf,764,5290,4,999,0.5858223723596306,739,260,0.4966883967676009,"[""V176"", ""V191"", ""V255"", ""V160""]","{""n_estimators"": 412, ""max_depth"": 11, ""min_samples_split"": 6, ""min_samples_leaf"": 3, ""criterion"": ""gini"", ""class_weight"": null}"
765,2026-06-06T02:24:12.707975+00:00,extra,ranking_rf,765,5300,4,1000,0.5867594607531907,740,260,0.49904264254493463,"[""V176"", ""V191"", ""V255"", ""V160""]","{""n_estimators"": 240, ""max_depth"": 12, ""min_samples_split"": 4, ""min_samples_leaf"": 5, ""criterion"": ""gini"", ""class_weight"": ""balanced""}"
766,2026-06-06T02:24:37.124569+00:00,extra,ranking_rf,766,5225,4,1000,0.6015608068494037,735,265,0.4988049452158308,"[""V176"", ""V191"", ""V255"", ""V160""]","{""n_estimators"": 79, ""max_depth"": null, ""min_samples_split"": 4, ""min_samples_leaf"": 5, ""criterion"": ""entropy"", ""class_weight"": ""balanced""}"
767,2026-06-06T02:26:02.426732+00:00,extra,ranking_rf,767,5335,4,999,0.5479499981493257,742,257,0.4973591655474908,"[""V176"", ""V191"", ""V255"", ""V160""]","{""n_estimators"": 362, ""max_depth"": 6, ""min_samples_split"": 4, ""min_samples_leaf"": 1, ""criterion"": ""gini"", ""class_weight"": null}"
768,2026-06-06T02:28:05.347262+00:00,extra,ranking_rf,768,5225,4,1000,0.582682030683692,735,265,0.4991082517754227,"[""V176"", ""V191"", ""V255"", ""V160""]","{""n_estimators"": 462, ""max_depth"": 13, ""min_samples_split"": 5, ""min_samples_leaf"": 7, ""criterion"": ""gini"", ""class_weight"": ""balanced""}"
769,2026-06-06T02:28:48.542739+00:00,extra,ranking_rf,769,5200,3,1000,0.5136312083844302,720,280,0.497506722139374,"[""V176"", ""V191"", ""V255""]","{""n_estimators"": 176, ""max_depth"": 3, ""min_samples_split"": 7, ""min_samples_leaf"": 5, ""criterion"": ""entropy"", ""class_weight"": null}"
770,2026-06-06T02:30:02.816862+00:00,extra,ranking_rf,770,5245,6,1000,0.5933660486440153,763,237,0.4976445002257788,"[""V176"", ""V191"", ""V255"", ""V160"", ""V224"", ""V215""]","{""n_estimators"": 270, ""max_depth"": null, ""min_samples_split"": 3, ""min_samples_leaf"": 4, ""criterion"": ""gini"", ""class_weight"": ""balanced""}"
771,2026-06-06T02:30:23.065909+00:00,extra,ranking_rf,771,5345,4,1000,0.5615467146639957,743,257,0.4974101131912959,"[""V176"", ""V191"", ""V255"", ""V160""]","{""n_estimators"": 74, ""max_depth"": 8, ""min_samples_split"": 4, ""min_samples_leaf"": 6, ""criterion"": ""gini"", ""class_weight"": null}"
772,2026-06-06T02:31:52.779073+00:00,extra,ranking_rf,772,5285,4,997,0.5660654152735815,738,259,0.4993634309655463,"[""V176"", ""V191"", ""V255"", ""V160""]","{""n_estimators"": 332, ""max_depth"": 8, ""min_samples_split"": 3, ""min_samples_leaf"": 3, ""criterion"": ""gini"", ""class_weight"": ""balanced""}"
773,2026-06-06T02:32:18.252502+00:00,extra,ranking_rf,773,5155,3,994,0.5155830748924869,715,279,0.4999404293355192,"[""V176"", ""V191"", ""V255""]","{""n_estimators"": 84, ""max_depth"": 3, ""min_samples_split"": 8, ""min_samples_leaf"": 5, ""criterion"": ""entropy"", ""class_weight"": ""balanced""}"
774,2026-06-06T02:32:38.459897+00:00,extra,ranking_rf,774,5215,3,1000,0.517244879986323,721,279,0.4975940007271989,"[""V176"", ""V191"", ""V255""]","{""n_estimators"": 75, ""max_depth"": 4, ""min_samples_split"": 5, ""min_samples_leaf"": 8, ""criterion"": ""entropy"", ""class_weight"": null}"
775,2026-06-06T02:33:15.749049+00:00,extra,ranking_rf,775,5300,4,997,0.5432400340218837,739,258,0.4996707338306278,"[""V176"", ""V191"", ""V255"", ""V160""]","{""n_estimators"": 128, ""max_depth"": 6, ""min_samples_split"": 2, ""min_samples_leaf"": 9, ""criterion"": ""gini"", ""class_weight"": ""balanced""}"
776,2026-06-06T02:35:10.755697+00:00,extra,ranking_rf,776,5285,4,1000,0.567458840572564,739,261,0.49922149788934866,"[""V176"", ""V191"", ""V255"", ""V160""]","{""n_estimators"": 434, ""max_depth"": 9, ""min_samples_split"": 9, ""min_samples_leaf"": 6, ""criterion"": ""gini"", ""class_weight"": ""balanced""}"
777,2026-06-06T02:37:04.821466+00:00,extra,ranking_rf,777,5255,4,1000,0.5615654438810993,737,263,0.4994956248572733,"[""V176"", ""V191"", ""V255"", ""V160""]","{""n_estimators"": 427, ""max_depth"": 9, ""min_samples_split"": 9, ""min_samples_leaf"": 7, ""criterion"": ""entropy"", ""class_weight"": ""balanced""}"
778,2026-06-06T02:37:42.846418+00:00,extra,ranking_rf,778,5225,4,1000,0.5367863441737868,735,265,0.4973159174263248,"[""V176"", ""V191"", ""V255"", ""V160""]","{""n_estimators"": 153, ""max_depth"": 5, ""min_samples_split"": 9, ""min_samples_leaf"": 7, ""criterion"": ""entropy"", ""class_weight"": null}"
779,2026-06-06T02:39:33.115148+00:00,extra,ranking_rf,779,5260,4,999,0.6051359871006694,737,262,0.4983416627034338,"[""V176"", ""V191"", ""V255"", ""V160""]","{""n_estimators"": 407, ""max_depth"": null, ""min_samples_split"": 6, ""min_samples_leaf"": 5, ""criterion"": ""entropy"", ""class_weight"": ""balanced""}"
780,2026-06-06T02:40:51.042937+00:00,extra,ranking_rf,780,5315,7,1000,0.5674939600792286,781,219,0.4963758510250104,"[""V176"", ""V191"", ""V255"", ""V160"", ""V224"", ""V215"", ""V380""]","{""n_estimators"": 324, ""max_depth"": 11, ""min_samples_split"": 3, ""min_samples_leaf"": 2, ""criterion"": ""gini"", ""class_weight"": null}"
781,2026-06-06T02:42:02.575471+00:00,extra,ranking_rf,781,5285,4,1000,0.5423038243067372,739,261,0.49961786111221335,"[""V176"", ""V191"", ""V255"", ""V160""]","{""n_estimators"": 263, ""max_depth"": 5, ""min_samples_split"": 3, ""min_samples_leaf"": 3, ""criterion"": ""entropy"", ""class_weight"": ""balanced""}"
782,2026-06-06T02:43:19.868283+00:00,extra,ranking_rf,782,5390,4,1000,0.5354779266841382,746,254,0.49745450396366103,"[""V176"", ""V191"", ""V255"", ""V160""]","{""n_estimators"": 326, ""max_depth"": 5, ""min_samples_split"": 8, ""min_samples_leaf"": 9, ""criterion"": ""gini"", ""class_weight"": null}"
783,2026-06-06T02:43:36.957242+00:00,extra,ranking_rf,783,5195,4,1000,0.5800656129775141,733,267,0.49693557598980787,"[""V176"", ""V191"", ""V255"", ""V160""]","{""n_estimators"": 60, ""max_depth"": 12, ""min_samples_split"": 2, ""min_samples_leaf"": 7, ""criterion"": ""gini"", ""class_weight"": null}"
784,2026-06-06T02:45:35.326053+00:00,extra,ranking_rf,784,5315,4,1000,0.5863323385642484,741,259,0.49880195977253716,"[""V176"", ""V191"", ""V255"", ""V160""]","{""n_estimators"": 443, ""max_depth"": 10, ""min_samples_split"": 4, ""min_samples_leaf"": 1, ""criterion"": ""gini"", ""class_weight"": ""balanced""}"
785,2026-06-06T02:46:24.744273+00:00,extra,ranking_rf,785,5315,4,1000,0.5590551313660731,741,259,0.4972360249690217,"[""V176"", ""V191"", ""V255"", ""V160""]","{""n_estimators"": 199, ""max_depth"": 8, ""min_samples_split"": 3, ""min_samples_leaf"": 5, ""criterion"": ""gini"", ""class_weight"": null}"
786,2026-06-06T02:47:37.937101+00:00,extra,ranking_rf,786,5345,4,1000,0.5833917305307622,743,257,0.4987816204597233,"[""V176"", ""V191"", ""V255"", ""V160""]","{""n_estimators"": 266, ""max_depth"": 10, ""min_samples_split"": 6, ""min_samples_leaf"": 1, ""criterion"": ""gini"", ""class_weight"": ""balanced""}"
787,2026-06-06T02:49:07.982061+00:00,extra,ranking_rf,787,5270,4,1000,0.5799852910050782,738,262,0.4991707038591725,"[""V176"", ""V191"", ""V255"", ""V160""]","{""n_estimators"": 336, ""max_depth"": 14, ""min_samples_split"": 9, ""min_samples_leaf"": 8, ""criterion"": ""entropy"", ""class_weight"": ""balanced""}"
788,2026-06-06T02:49:32.880634+00:00,extra,ranking_rf,788,5270,4,1000,0.5425283764527065,738,262,0.49716958092119096,"[""V176"", ""V191"", ""V255"", ""V160""]","{""n_estimators"": 95, ""max_depth"": 6, ""min_samples_split"": 6, ""min_samples_leaf"": 4, ""criterion"": ""entropy"", ""class_weight"": null}"
789,2026-06-06T02:51:41.887915+00:00,extra,ranking_rf,789,5270,4,1000,0.5885328599987871,738,262,0.49901232163651255,"[""V176"", ""V191"", ""V255"", ""V160""]","{""n_estimators"": 484, ""max_depth"": 11, ""min_samples_split"": 8, ""min_samples_leaf"": 3, ""criterion"": ""entropy"", ""class_weight"": ""balanced""}"
790,2026-06-06T02:52:08.780430+00:00,extra,ranking_rf,790,5310,4,989,0.5724901559625191,737,252,0.49720094276726307,"[""V176"", ""V191"", ""V255"", ""V160""]","{""n_estimators"": 101, ""max_depth"": 9, ""min_samples_split"": 8, ""min_samples_leaf"": 3, ""criterion"": ""gini"", ""class_weight"": null}"
791,2026-06-06T02:53:19.171688+00:00,extra,ranking_rf,791,5300,7,1000,0.575210286136817,780,220,0.49581107450821527,"[""V176"", ""V191"", ""V255"", ""V160"", ""V224"", ""V215"", ""V380""]","{""n_estimators"": 290, ""max_depth"": 12, ""min_samples_split"": 2, ""min_samples_leaf"": 1, ""criterion"": ""entropy"", ""class_weight"": null}"
792,2026-06-06T02:55:31.747594+00:00,extra,ranking_rf,792,5260,4,999,0.5946102799796594,737,262,0.4986474723515852,"[""V176"", ""V191"", ""V255"", ""V160""]","{""n_estimators"": 497, ""max_depth"": 12, ""min_samples_split"": 6, ""min_samples_leaf"": 3, ""criterion"": ""gini"", ""class_weight"": ""balanced""}"
793,2026-06-06T02:56:20.967442+00:00,extra,ranking_rf,793,5220,6,999,0.5545796718854461,761,238,0.49932820627827224,"[""V176"", ""V191"", ""V255"", ""V160"", ""V224"", ""V215""]","{""n_estimators"": 175, ""max_depth"": 11, ""min_samples_split"": 4, ""min_samples_leaf"": 9, ""criterion"": ""entropy"", ""class_weight"": ""balanced""}"
794,2026-06-06T02:57:10.254822+00:00,extra,ranking_rf,794,5260,6,1000,0.587337967675654,764,236,0.4977418807887747,"[""V176"", ""V191"", ""V255"", ""V160"", ""V224"", ""V215""]","{""n_estimators"": 175, ""max_depth"": 14, ""min_samples_split"": 5, ""min_samples_leaf"": 3, ""criterion"": ""entropy"", ""class_weight"": ""balanced""}"
795,2026-06-06T02:58:12.975392+00:00,extra,ranking_rf,795,5360,4,1000,0.5451554072126655,744,256,0.4996526221542471,"[""V176"", ""V191"", ""V255"", ""V160""]","{""n_estimators"": 229, ""max_depth"": 6, ""min_samples_split"": 6, ""min_samples_leaf"": 7, ""criterion"": ""gini"", ""class_weight"": ""balanced""}"
796,2026-06-06T02:59:34.034559+00:00,extra,ranking_rf,796,5365,4,999,0.5547299809463122,744,255,0.4972616620103625,"[""V176"", ""V191"", ""V255"", ""V160""]","{""n_estimators"": 342, ""max_depth"": 8, ""min_samples_split"": 9, ""min_samples_leaf"": 7, ""criterion"": ""entropy"", ""class_weight"": null}"
797,2026-06-06T03:00:41.799379+00:00,extra,ranking_rf,797,5395,4,999,0.5767320355654609,746,253,0.4969653943062648,"[""V176"", ""V191"", ""V255"", ""V160""]","{""n_estimators"": 280, ""max_depth"": 10, ""min_samples_split"": 8, ""min_samples_leaf"": 3, ""criterion"": ""entropy"", ""class_weight"": null}"
798,2026-06-06T03:02:34.394344+00:00,extra,ranking_rf,798,5200,3,1000,0.53641957941093,720,280,0.49977176412906893,"[""V176"", ""V191"", ""V255""]","{""n_estimators"": 419, ""max_depth"": 11, ""min_samples_split"": 9, ""min_samples_leaf"": 5, ""criterion"": ""entropy"", ""class_weight"": ""balanced""}"
799,2026-06-06T03:04:16.657818+00:00,extra,ranking_rf,799,5290,4,999,0.5622863816530512,739,260,0.49721244811012805,"[""V176"", ""V191"", ""V255"", ""V160""]","{""n_estimators"": 438, ""max_depth"": 8, ""min_samples_split"": 2, ""min_samples_leaf"": 4, ""criterion"": ""entropy"", ""class_weight"": null}"
800,2026-06-06T03:06:03.249437+00:00,extra,ranking_rf,800,5250,4,995,0.5360090309174794,735,260,0.49738212935054316,"[""V176"", ""V191"", ""V255"", ""V160""]","{""n_estimators"": 455, ""max_depth"": 5, ""min_samples_split"": 9, ""min_samples_leaf"": 7, ""criterion"": ""entropy"", ""class_weight"": null}"
801,2026-06-06T03:07:46.804837+00:00,extra,ranking_rf,801,5305,4,996,0.5901726353353931,739,257,0.4987220293022517,"[""V176"", ""V191"", ""V255"", ""V160""]","{""n_estimators"": 385, ""max_depth"": 12, ""min_samples_split"": 4, ""min_samples_leaf"": 4, ""criterion"": ""entropy"", ""class_weight"": ""balanced""}"
802,2026-06-06T03:09:03.524394+00:00,extra,ranking_rf,802,5270,3,998,0.5111343757016544,724,274,0.49757419617571086,"[""V176"", ""V191"", ""V255""]","{""n_estimators"": 324, ""max_depth"": 3, ""min_samples_split"": 9, ""min_samples_leaf"": 9, ""criterion"": ""gini"", ""class_weight"": null}"
803,2026-06-06T03:10:02.418288+00:00,extra,ranking_rf,803,5240,4,1000,0.5697006122678359,736,264,0.4971336021683269,"[""V176"", ""V191"", ""V255"", ""V160""]","{""n_estimators"": 242, ""max_depth"": 10, ""min_samples_split"": 3, ""min_samples_leaf"": 6, ""criterion"": ""gini"", ""class_weight"": null}"
804,2026-06-06T03:10:30.961593+00:00,extra,ranking_rf,804,5235,3,999,0.5116301604331811,722,277,0.49760341890933996,"[""V176"", ""V191"", ""V255""]","{""n_estimators"": 111, ""max_depth"": 3, ""min_samples_split"": 3, ""min_samples_leaf"": 7, ""criterion"": ""gini"", ""class_weight"": null}"
805,2026-06-06T03:12:10.129471+00:00,extra,ranking_rf,805,5250,6,999,0.5538749228407599,763,236,0.4994598223160278,"[""V176"", ""V191"", ""V255"", ""V160"", ""V224"", ""V215""]","{""n_estimators"": 371, ""max_depth"": 9, ""min_samples_split"": 2, ""min_samples_leaf"": 5, ""criterion"": ""entropy"", ""class_weight"": ""balanced""}"
806,2026-06-06T03:12:45.891447+00:00,extra,ranking_rf,806,5435,4,1000,0.56740752801287,749,251,0.4994858983352643,"[""V176"", ""V191"", ""V255"", ""V160""]","{""n_estimators"": 122, ""max_depth"": 9, ""min_samples_split"": 6, ""min_samples_leaf"": 4, ""criterion"": ""gini"", ""class_weight"": ""balanced""}"
807,2026-06-06T03:13:06.326856+00:00,extra,ranking_rf,807,5245,4,999,0.5648962635372836,736,263,0.4970586709550307,"[""V176"", ""V191"", ""V255"", ""V160""]","{""n_estimators"": 75, ""max_depth"": 9, ""min_samples_split"": 2, ""min_samples_leaf"": 8, ""criterion"": ""gini"", ""class_weight"": null}"
808,2026-06-06T03:15:04.677574+00:00,extra,ranking_rf,808,5395,4,999,0.5563498729452243,746,253,0.4995612109771502,"[""V176"", ""V191"", ""V255"", ""V160""]","{""n_estimators"": 446, ""max_depth"": 7, ""min_samples_split"": 5, ""min_samples_leaf"": 4, ""criterion"": ""gini"", ""class_weight"": ""balanced""}"
809,2026-06-06T03:16:15.069641+00:00,extra,ranking_rf,809,5445,4,995,0.5510143929464209,748,247,0.4973876495376473,"[""V176"", ""V191"", ""V255"", ""V160""]","{""n_estimators"": 295, ""max_depth"": 7, ""min_samples_split"": 8, ""min_samples_leaf"": 6, ""criterion"": ""entropy"", ""class_weight"": null}"
810,2026-06-06T03:17:51.653146+00:00,extra,ranking_rf,810,5200,6,1000,0.6225414179916415,760,240,0.4956469484719011,"[""V176"", ""V191"", ""V255"", ""V160"", ""V224"", ""V215""]","{""n_estimators"": 351, ""max_depth"": null, ""min_samples_split"": 9, ""min_samples_leaf"": 2, ""criterion"": ""entropy"", ""class_weight"": ""balanced""}"
811,2026-06-06T03:19:43.770160+00:00,extra,ranking_rf,811,5300,4,1000,0.5867272404181182,740,260,0.4990028563322145,"[""V176"", ""V191"", ""V255"", ""V160""]","{""n_estimators"": 422, ""max_depth"": 13, ""min_samples_split"": 2, ""min_samples_leaf"": 6, ""criterion"": ""entropy"", ""class_weight"": ""balanced""}"
812,2026-06-06T03:21:11.941829+00:00,extra,ranking_rf,812,5285,4,997,0.5223996386654647,738,259,0.49748797044069926,"[""V176"", ""V191"", ""V255"", ""V160""]","{""n_estimators"": 376, ""max_depth"": 3, ""min_samples_split"": 7, ""min_samples_leaf"": 7, ""criterion"": ""gini"", ""class_weight"": null}"
813,2026-06-06T03:22:57.424040+00:00,extra,ranking_rf,813,5210,7,997,0.5851343141941102,773,224,0.49511485073792555,"[""V176"", ""V191"", ""V255"", ""V160"", ""V224"", ""V215"", ""V380""]","{""n_estimators"": 442, ""max_depth"": null, ""min_samples_split"": 2, ""min_samples_leaf"": 4, ""criterion"": ""entropy"", ""class_weight"": null}"
814,2026-06-06T03:23:24.712003+00:00,extra,ranking_rf,814,5395,3,985,0.5207412825184381,728,257,0.49765417560449515,"[""V176"", ""V191"", ""V255""]","{""n_estimators"": 105, ""max_depth"": 4, ""min_samples_split"": 6, ""min_samples_leaf"": 2, ""criterion"": ""gini"", ""class_weight"": null}"
815,2026-06-06T03:24:24.151608+00:00,extra,ranking_rf,815,5255,4,988,0.5750265777940348,733,255,0.49925485741065995,"[""V176"", ""V191"", ""V255"", ""V160""]","{""n_estimators"": 215, ""max_depth"": 11, ""min_samples_split"": 9, ""min_samples_leaf"": 7, ""criterion"": ""gini"", ""class_weight"": ""balanced""}"
816,2026-06-06T03:25:37.038377+00:00,extra,ranking_rf,816,5205,6,999,0.6084195725427118,760,239,0.49651045222399753,"[""V176"", ""V191"", ""V255"", ""V160"", ""V224"", ""V215""]","{""n_estimators"": 262, ""max_depth"": null, ""min_samples_split"": 2, ""min_samples_leaf"": 3, ""criterion"": ""entropy"", ""class_weight"": ""balanced""}"
817,2026-06-06T03:26:11.337027+00:00,extra,ranking_rf,817,5250,4,989,0.5276909512265191,733,256,0.4974630804995584,"[""V176"", ""V191"", ""V255"", ""V160""]","{""n_estimators"": 134, ""max_depth"": 4, ""min_samples_split"": 6, ""min_samples_leaf"": 5, ""criterion"": ""gini"", ""class_weight"": null}"
818,2026-06-06T03:27:25.560652+00:00,extra,ranking_rf,818,5330,4,1000,0.5298498647740431,742,258,0.4974322978312436,"[""V176"", ""V191"", ""V255"", ""V160""]","{""n_estimators"": 313, ""max_depth"": 4, ""min_samples_split"": 8, ""min_samples_leaf"": 3, ""criterion"": ""entropy"", ""class_weight"": null}"
819,2026-06-06T03:29:04.662180+00:00,extra,ranking_rf,819,5310,4,998,0.5681900005304285,740,258,0.4972311136488072,"[""V176"", ""V191"", ""V255"", ""V160""]","{""n_estimators"": 423, ""max_depth"": 9, ""min_samples_split"": 9, ""min_samples_leaf"": 5, ""criterion"": ""entropy"", ""class_weight"": null}"
820,2026-06-06T03:31:16.316012+00:00,extra,ranking_rf,820,5300,4,1000,0.5584395926626762,740,260,0.4995647930892856,"[""V176"", ""V191"", ""V255"", ""V160""]","{""n_estimators"": 499, ""max_depth"": 7, ""min_samples_split"": 6, ""min_samples_leaf"": 2, ""criterion"": ""gini"", ""class_weight"": ""balanced""}"
821,2026-06-06T03:32:11.566825+00:00,extra,ranking_rf,821,5410,4,999,0.5385056973700407,747,252,0.497474689834442,"[""V176"", ""V191"", ""V255"", ""V160""]","{""n_estimators"": 227, ""max_depth"": 5, ""min_samples_split"": 5, ""min_samples_leaf"": 2, ""criterion"": ""entropy"", ""class_weight"": null}"
822,2026-06-06T03:33:21.565807+00:00,extra,ranking_rf,822,5280,4,998,0.5835594243823798,738,260,0.4967974322445518,"[""V176"", ""V191"", ""V255"", ""V160""]","{""n_estimators"": 289, ""max_depth"": 11, ""min_samples_split"": 6, ""min_samples_leaf"": 4, ""criterion"": ""entropy"", ""class_weight"": null}"
823,2026-06-06T03:34:42.207143+00:00,extra,ranking_rf,823,5320,4,999,0.5214824190833884,741,258,0.4975433214287388,"[""V176"", ""V191"", ""V255"", ""V160""]","{""n_estimators"": 344, ""max_depth"": 3, ""min_samples_split"": 9, ""min_samples_leaf"": 5, ""criterion"": ""entropy"", ""class_weight"": null}"
824,2026-06-06T03:35:54.603972+00:00,extra,ranking_rf,824,5290,3,1000,0.5356050255853188,726,274,0.4998239661492021,"[""V176"", ""V191"", ""V255""]","{""n_estimators"": 266, ""max_depth"": 7, ""min_samples_split"": 3, ""min_samples_leaf"": 3, ""criterion"": ""gini"", ""class_weight"": ""balanced""}"
825,2026-06-06T03:37:22.698560+00:00,extra,ranking_rf,825,5335,4,999,0.5872939900101046,742,257,0.49687124578713326,"[""V176"", ""V191"", ""V255"", ""V160""]","{""n_estimators"": 371, ""max_depth"": 12, ""min_samples_split"": 7, ""min_samples_leaf"": 4, ""criterion"": ""gini"", ""class_weight"": null}"
826,2026-06-06T03:38:46.060753+00:00,extra,ranking_rf,826,5290,4,996,0.5500044991422512,738,258,0.49957168863943113,"[""V176"", ""V191"", ""V255"", ""V160""]","{""n_estimators"": 309, ""max_depth"": 6, ""min_samples_split"": 8, ""min_samples_leaf"": 1, ""criterion"": ""entropy"", ""class_weight"": ""balanced""}"
827,2026-06-06T03:39:12.438196+00:00,extra,ranking_rf,827,5315,4,1000,0.5782376189393346,741,259,0.49673521301588863,"[""V176"", ""V191"", ""V255"", ""V160""]","{""n_estimators"": 99, ""max_depth"": 10, ""min_samples_split"": 7, ""min_samples_leaf"": 3, ""criterion"": ""entropy"", ""class_weight"": null}"
828,2026-06-06T03:39:58.866116+00:00,extra,ranking_rf,828,5260,4,987,0.5502274465546749,733,254,0.4973554021151252,"[""V176"", ""V191"", ""V255"", ""V160""]","{""n_estimators"": 187, ""max_depth"": 7, ""min_samples_split"": 7, ""min_samples_leaf"": 7, ""criterion"": ""entropy"", ""class_weight"": null}"
829,2026-06-06T03:41:29.904119+00:00,extra,ranking_rf,829,5365,4,999,0.5408159574868444,744,255,0.49966147961381613,"[""V176"", ""V191"", ""V255"", ""V160""]","{""n_estimators"": 339, ""max_depth"": 5, ""min_samples_split"": 2, ""min_samples_leaf"": 4, ""criterion"": ""gini"", ""class_weight"": ""balanced""}"
830,2026-06-06T03:43:07.456203+00:00,extra,ranking_rf,830,5335,4,999,0.5368572227958871,742,257,0.49744920737288906,"[""V176"", ""V191"", ""V255"", ""V160""]","{""n_estimators"": 417, ""max_depth"": 5, ""min_samples_split"": 2, ""min_samples_leaf"": 7, ""criterion"": ""entropy"", ""class_weight"": null}"
831,2026-06-06T03:43:40.058903+00:00,extra,ranking_rf,831,5195,4,1000,0.5225196531884037,733,267,0.4975708396483429,"[""V176"", ""V191"", ""V255"", ""V160""]","{""n_estimators"": 126, ""max_depth"": 3, ""min_samples_split"": 5, ""min_samples_leaf"": 5, ""criterion"": ""gini"", ""class_weight"": null}"
832,2026-06-06T03:44:15.306838+00:00,extra,ranking_rf,832,5330,4,1000,0.5311630997840673,742,258,0.49743518174793555,"[""V176"", ""V191"", ""V255"", ""V160""]","{""n_estimators"": 140, ""max_depth"": 4, ""min_samples_split"": 5, ""min_samples_leaf"": 2, ""criterion"": ""entropy"", ""class_weight"": null}"
833,2026-06-06T03:44:55.217373+00:00,extra,ranking_rf,833,5330,4,1000,0.6082173005025748,742,258,0.4985353819812444,"[""V176"", ""V191"", ""V255"", ""V160""]","{""n_estimators"": 139, ""max_depth"": 13, ""min_samples_split"": 6, ""min_samples_leaf"": 2, ""criterion"": ""entropy"", ""class_weight"": ""balanced""}"
834,2026-06-06T03:46:31.988947+00:00,extra,ranking_rf,834,5290,4,999,0.5668725775738649,739,260,0.49696968357443294,"[""V176"", ""V191"", ""V255"", ""V160""]","{""n_estimators"": 411, ""max_depth"": 11, ""min_samples_split"": 2, ""min_samples_leaf"": 8, ""criterion"": ""entropy"", ""class_weight"": null}"
835,2026-06-06T03:46:55.629785+00:00,extra,ranking_rf,835,5315,4,1000,0.5507781579342038,741,259,0.4997017127333359,"[""V176"", ""V191"", ""V255"", ""V160""]","{""n_estimators"": 78, ""max_depth"": 6, ""min_samples_split"": 2, ""min_samples_leaf"": 4, ""criterion"": ""gini"", ""class_weight"": ""balanced""}"
836,2026-06-06T03:47:31.945202+00:00,extra,ranking_rf,836,5225,4,1000,0.581162986137921,735,265,0.49670665968698585,"[""V176"", ""V191"", ""V255"", ""V160""]","{""n_estimators"": 143, ""max_depth"": 11, ""min_samples_split"": 2, ""min_samples_leaf"": 4, ""criterion"": ""gini"", ""class_weight"": null}"
837,2026-06-06T03:49:00.815224+00:00,extra,ranking_rf,837,5345,4,1000,0.5645791876397144,743,257,0.4993626133403277,"[""V176"", ""V191"", ""V255"", ""V160""]","{""n_estimators"": 329, ""max_depth"": 8, ""min_samples_split"": 4, ""min_samples_leaf"": 3, ""criterion"": ""gini"", ""class_weight"": ""balanced""}"
838,2026-06-06T03:49:40.697026+00:00,extra,ranking_rf,838,5480,4,1000,0.5674211026829188,752,248,0.49695512637694067,"[""V176"", ""V191"", ""V255"", ""V160""]","{""n_estimators"": 162, ""max_depth"": 10, ""min_samples_split"": 6, ""min_samples_leaf"": 7, ""criterion"": ""entropy"", ""class_weight"": null}"
839,2026-06-06T03:50:17.231936+00:00,extra,ranking_rf,839,5315,4,1000,0.5735079594730409,741,259,0.4971897993322544,"[""V176"", ""V191"", ""V255"", ""V160""]","{""n_estimators"": 143, ""max_depth"": 10, ""min_samples_split"": 8, ""min_samples_leaf"": 4, ""criterion"": ""entropy"", ""class_weight"": null}"
840,2026-06-06T03:52:07.837081+00:00,extra,ranking_rf,840,5345,4,1000,0.5902332166270722,743,257,0.4966302890213079,"[""V176"", ""V191"", ""V255"", ""V160""]","{""n_estimators"": 468, ""max_depth"": 11, ""min_samples_split"": 6, ""min_samples_leaf"": 2, ""criterion"": ""gini"", ""class_weight"": null}"
841,2026-06-06T03:52:52.463932+00:00,extra,ranking_rf,841,5260,4,990,0.5406952376064198,734,256,0.49743853738259425,"[""V176"", ""V191"", ""V255"", ""V160""]","{""n_estimators"": 179, ""max_depth"": 5, ""min_samples_split"": 6, ""min_samples_leaf"": 3, ""criterion"": ""entropy"", ""class_weight"": null}"
842,2026-06-06T03:53:19.025156+00:00,extra,ranking_rf,842,5350,4,999,0.577263983961329,743,256,0.49932054154363925,"[""V176"", ""V191"", ""V255"", ""V160""]","{""n_estimators"": 86, ""max_depth"": 11, ""min_samples_split"": 9, ""min_samples_leaf"": 6, ""criterion"": ""entropy"", ""class_weight"": ""balanced""}"
843,2026-06-06T03:53:36.588495+00:00,extra,ranking_rf,843,5250,4,995,0.5209006884646579,735,260,0.4998589921521174,"[""V176"", ""V191"", ""V255"", ""V160""]","{""n_estimators"": 54, ""max_depth"": 3, ""min_samples_split"": 5, ""min_samples_leaf"": 5, ""criterion"": ""entropy"", ""class_weight"": ""balanced""}"
844,2026-06-06T03:54:47.433562+00:00,extra,ranking_rf,844,5255,4,1000,0.5755743193802982,737,263,0.4970449911114318,"[""V176"", ""V191"", ""V255"", ""V160""]","{""n_estimators"": 293, ""max_depth"": 12, ""min_samples_split"": 5, ""min_samples_leaf"": 7, ""criterion"": ""gini"", ""class_weight"": null}"
845,2026-06-06T03:56:11.981159+00:00,extra,ranking_rf,845,5335,4,996,0.600327992235529,741,255,0.4981185929728117,"[""V176"", ""V191"", ""V255"", ""V160""]","{""n_estimators"": 311, ""max_depth"": 12, ""min_samples_split"": 6, ""min_samples_leaf"": 1, ""criterion"": ""gini"", ""class_weight"": ""balanced""}"
846,2026-06-06T03:58:26.498149+00:00,extra,ranking_rf,846,5175,8,1000,0.5925500571589113,785,215,0.4956299443113898,"[""V176"", ""V191"", ""V255"", ""V160"", ""V224"", ""V215"", ""V380"", ""V342""]","{""n_estimators"": 496, ""max_depth"": null, ""min_samples_split"": 3, ""min_samples_leaf"": 3, ""criterion"": ""entropy"", ""class_weight"": ""balanced""}"
847,2026-06-06T03:59:58.778243+00:00,extra,ranking_rf,847,5205,4,998,0.5211377673335686,733,265,0.4974820604465837,"[""V176"", ""V191"", ""V255"", ""V160""]","{""n_estimators"": 393, ""max_depth"": 3, ""min_samples_split"": 8, ""min_samples_leaf"": 8, ""criterion"": ""gini"", ""class_weight"": null}"
848,2026-06-06T04:01:46.765860+00:00,extra,ranking_rf,848,5305,4,999,0.566456137526612,740,259,0.49950705626177877,"[""V176"", ""V191"", ""V255"", ""V160""]","{""n_estimators"": 403, ""max_depth"": 8, ""min_samples_split"": 6, ""min_samples_leaf"": 1, ""criterion"": ""entropy"", ""class_weight"": ""balanced""}"
849,2026-06-06T04:02:36.465287+00:00,extra,ranking_rf,849,5280,4,995,0.5747622578319539,737,258,0.4988514927418946,"[""V176"", ""V191"", ""V255"", ""V160""]","{""n_estimators"": 176, ""max_depth"": 9, ""min_samples_split"": 2, ""min_samples_leaf"": 1, ""criterion"": ""entropy"", ""class_weight"": ""balanced""}"
850,2026-06-06T04:03:38.995532+00:00,extra,ranking_rf,850,5170,7,993,0.6142647723561441,769,224,0.4916024820850623,"[""V176"", ""V191"", ""V255"", ""V160"", ""V224"", ""V215"", ""V380""]","{""n_estimators"": 251, ""max_depth"": null, ""min_samples_split"": 5, ""min_samples_leaf"": 2, ""criterion"": ""gini"", ""class_weight"": null}"
851,2026-06-06T04:05:43.434171+00:00,extra,ranking_rf,851,5390,4,1000,0.5739218868957185,746,254,0.499045963510484,"[""V176"", ""V191"", ""V255"", ""V160""]","{""n_estimators"": 470, ""max_depth"": 9, ""min_samples_split"": 2, ""min_samples_leaf"": 1, ""criterion"": ""entropy"", ""class_weight"": ""balanced""}"
852,2026-06-06T04:06:54.462402+00:00,extra,ranking_rf,852,5300,7,1000,0.5542269968971736,780,220,0.49704650351496493,"[""V176"", ""V191"", ""V255"", ""V160"", ""V224"", ""V215"", ""V380""]","{""n_estimators"": 294, ""max_depth"": 11, ""min_samples_split"": 5, ""min_samples_leaf"": 7, ""criterion"": ""entropy"", ""class_weight"": null}"
853,2026-06-06T04:07:31.303095+00:00,extra,ranking_rf,853,5330,4,1000,0.6050163613104366,742,258,0.496060552045688,"[""V176"", ""V191"", ""V255"", ""V160""]","{""n_estimators"": 143, ""max_depth"": 14, ""min_samples_split"": 8, ""min_samples_leaf"": 3, ""criterion"": ""gini"", ""class_weight"": null}"
854,2026-06-06T04:08:55.937080+00:00,extra,ranking_rf,854,5365,4,996,0.5625288384502651,743,253,0.4971250689963692,"[""V176"", ""V191"", ""V255"", ""V160""]","{""n_estimators"": 358, ""max_depth"": 8, ""min_samples_split"": 8, ""min_samples_leaf"": 3, ""criterion"": ""entropy"", ""class_weight"": null}"
855,2026-06-06T04:09:42.267599+00:00,extra,ranking_rf,855,5275,4,999,0.5818702499641766,738,261,0.49670062355959843,"[""V176"", ""V191"", ""V255"", ""V160""]","{""n_estimators"": 186, ""max_depth"": 14, ""min_samples_split"": 6, ""min_samples_leaf"": 7, ""criterion"": ""entropy"", ""class_weight"": null}"
856,2026-06-06T04:10:30.866115+00:00,extra,ranking_rf,856,5265,3,999,0.52267257208454,724,275,0.49991885248247847,"[""V176"", ""V191"", ""V255""]","{""n_estimators"": 173, ""max_depth"": 5, ""min_samples_split"": 6, ""min_samples_leaf"": 6, ""criterion"": ""entropy"", ""class_weight"": ""balanced""}"
857,2026-06-06T04:12:29.891570+00:00,extra,ranking_rf,857,5420,4,1000,0.5384017976985558,748,252,0.4998415379444652,"[""V176"", ""V191"", ""V255"", ""V160""]","{""n_estimators"": 449, ""max_depth"": 5, ""min_samples_split"": 4, ""min_samples_leaf"": 9, ""criterion"": ""gini"", ""class_weight"": ""balanced""}"
858,2026-06-06T04:14:23.018646+00:00,extra,ranking_rf,858,5370,4,998,0.5609730110109021,744,254,0.49950147709647297,"[""V176"", ""V191"", ""V255"", ""V160""]","{""n_estimators"": 424, ""max_depth"": 9, ""min_samples_split"": 3, ""min_samples_leaf"": 9, ""criterion"": ""entropy"", ""class_weight"": ""balanced""}"
859,2026-06-06T04:16:04.026598+00:00,extra,ranking_rf,859,5290,4,999,0.5771640518040736,739,260,0.49689578484656693,"[""V176"", ""V191"", ""V255"", ""V160""]","{""n_estimators"": 430, ""max_depth"": 10, ""min_samples_split"": 2, ""min_samples_leaf"": 3, ""criterion"": ""gini"", ""class_weight"": null}"
860,2026-06-06T04:16:25.105714+00:00,extra,ranking_rf,860,5290,4,996,0.5700620937550311,738,258,0.4992876063109159,"[""V176"", ""V191"", ""V255"", ""V160""]","{""n_estimators"": 68, ""max_depth"": 11, ""min_samples_split"": 5, ""min_samples_leaf"": 9, ""criterion"": ""gini"", ""class_weight"": ""balanced""}"
861,2026-06-06T04:17:43.528727+00:00,extra,ranking_rf,861,5265,3,996,0.5215085022676267,723,273,0.499921841458603,"[""V176"", ""V191"", ""V255""]","{""n_estimators"": 291, ""max_depth"": 4, ""min_samples_split"": 5, ""min_samples_leaf"": 4, ""criterion"": ""gini"", ""class_weight"": ""balanced""}"
862,2026-06-06T04:18:45.107081+00:00,extra,ranking_rf,862,5410,4,999,0.5767097441683376,747,252,0.49917662188427164,"[""V176"", ""V191"", ""V255"", ""V160""]","{""n_estimators"": 223, ""max_depth"": 9, ""min_samples_split"": 8, ""min_samples_leaf"": 2, ""criterion"": ""entropy"", ""class_weight"": ""balanced""}"
863,2026-06-06T04:19:57.780404+00:00,extra,ranking_rf,863,5315,4,1000,0.5773877103441816,741,259,0.49901816130787063,"[""V176"", ""V191"", ""V255"", ""V160""]","{""n_estimators"": 269, ""max_depth"": 11, ""min_samples_split"": 6, ""min_samples_leaf"": 6, ""criterion"": ""gini"", ""class_weight"": ""balanced""}"
864,2026-06-06T04:21:04.920712+00:00,extra,ranking_rf,864,5325,5,1000,0.5778581652280319,755,245,0.49645636634639595,"[""V176"", ""V191"", ""V255"", ""V160"", ""V224""]","{""n_estimators"": 276, ""max_depth"": 11, ""min_samples_split"": 5, ""min_samples_leaf"": 1, ""criterion"": ""entropy"", ""class_weight"": null}"
865,2026-06-06T04:21:28.972681+00:00,extra,ranking_rf,865,5295,3,999,0.5233292620187135,726,273,0.4999024918812944,"[""V176"", ""V191"", ""V255""]","{""n_estimators"": 80, ""max_depth"": 6, ""min_samples_split"": 3, ""min_samples_leaf"": 6, ""criterion"": ""entropy"", ""class_weight"": ""balanced""}"
866,2026-06-06T04:22:50.327651+00:00,extra,ranking_rf,866,5255,4,1000,0.5555996394628678,737,263,0.4971096246243711,"[""V176"", ""V191"", ""V255"", ""V160""]","{""n_estimators"": 344, ""max_depth"": 8, ""min_samples_split"": 4, ""min_samples_leaf"": 9, ""criterion"": ""gini"", ""class_weight"": null}"
867,2026-06-06T04:23:33.092625+00:00,extra,ranking_rf,867,5395,4,999,0.5215897249511322,746,253,0.4998397719978984,"[""V176"", ""V191"", ""V255"", ""V160""]","{""n_estimators"": 152, ""max_depth"": 3, ""min_samples_split"": 5, ""min_samples_leaf"": 9, ""criterion"": ""gini"", ""class_weight"": ""balanced""}"
868,2026-06-06T04:24:51.716883+00:00,extra,ranking_rf,868,5175,8,1000,0.549055198674599,785,215,0.49692973728144063,"[""V176"", ""V191"", ""V255"", ""V160"", ""V224"", ""V215"", ""V380"", ""V342""]","{""n_estimators"": 330, ""max_depth"": 14, ""min_samples_split"": 6, ""min_samples_leaf"": 9, ""criterion"": ""gini"", ""class_weight"": null}"
869,2026-06-06T04:26:23.489926+00:00,extra,ranking_rf,869,5320,4,999,0.55826321802324,741,258,0.497210621059977,"[""V176"", ""V191"", ""V255"", ""V160""]","{""n_estimators"": 389, ""max_depth"": 8, ""min_samples_split"": 3, ""min_samples_leaf"": 6, ""criterion"": ""gini"", ""class_weight"": null}"
870,2026-06-06T04:26:44.146242+00:00,extra,ranking_rf,870,5435,4,1000,0.5613335107798161,749,251,0.49959834340734177,"[""V176"", ""V191"", ""V255"", ""V160""]","{""n_estimators"": 66, ""max_depth"": 8, ""min_samples_split"": 9, ""min_samples_leaf"": 5, ""criterion"": ""entropy"", ""class_weight"": ""balanced""}"
871,2026-06-06T04:27:48.120907+00:00,extra,ranking_rf,871,5395,4,999,0.5404869467870345,746,253,0.49740468105818564,"[""V176"", ""V191"", ""V255"", ""V160""]","{""n_estimators"": 269, ""max_depth"": 5, ""min_samples_split"": 8, ""min_samples_leaf"": 1, ""criterion"": ""entropy"", ""class_weight"": null}"
872,2026-06-06T04:28:26.519490+00:00,extra,ranking_rf,872,5240,4,1000,0.5510430931168929,736,264,0.4974281416125638,"[""V176"", ""V191"", ""V255"", ""V160""]","{""n_estimators"": 152, ""max_depth"": 7, ""min_samples_split"": 8, ""min_samples_leaf"": 9, ""criterion"": ""gini"", ""class_weight"": null}"
873,2026-06-06T04:30:37.012441+00:00,extra,ranking_rf,873,5390,4,1000,0.5819877734250821,746,254,0.4991822044611583,"[""V176"", ""V191"", ""V255"", ""V160""]","{""n_estimators"": 491, ""max_depth"": 10, ""min_samples_split"": 7, ""min_samples_leaf"": 2, ""criterion"": ""entropy"", ""class_weight"": ""balanced""}"
874,2026-06-06T04:32:14.843073+00:00,extra,ranking_rf,874,5345,4,1000,0.5298869096331561,743,257,0.49748662780222985,"[""V176"", ""V191"", ""V255"", ""V160""]","{""n_estimators"": 419, ""max_depth"": 4, ""min_samples_split"": 9, ""min_samples_leaf"": 6, ""criterion"": ""entropy"", ""class_weight"": null}"
875,2026-06-06T04:33:45.943149+00:00,extra,ranking_rf,875,5305,4,999,0.5813366065659098,740,259,0.49692111235478226,"[""V176"", ""V191"", ""V255"", ""V160""]","{""n_estimators"": 385, ""max_depth"": 10, ""min_samples_split"": 7, ""min_samples_leaf"": 2, ""criterion"": ""gini"", ""class_weight"": null}"
876,2026-06-06T04:34:53.578544+00:00,extra,ranking_rf,876,5270,4,1000,0.5655543746673598,738,262,0.4970786561290618,"[""V176"", ""V191"", ""V255"", ""V160""]","{""n_estimators"": 284, ""max_depth"": 10, ""min_samples_split"": 9, ""min_samples_leaf"": 7, ""criterion"": ""entropy"", ""class_weight"": null}"
877,2026-06-06T04:36:14.726610+00:00,extra,ranking_rf,877,5275,4,999,0.5820471813532236,738,261,0.4966924028681757,"[""V176"", ""V191"", ""V255"", ""V160""]","{""n_estimators"": 340, ""max_depth"": 13, ""min_samples_split"": 7, ""min_samples_leaf"": 6, ""criterion"": ""gini"", ""class_weight"": null}"
878,2026-06-06T04:37:16.872465+00:00,extra,ranking_rf,878,5290,4,990,0.543125295208759,736,254,0.4998251255802119,"[""V176"", ""V191"", ""V255"", ""V160""]","{""n_estimators"": 225, ""max_depth"": 5, ""min_samples_split"": 2, ""min_samples_leaf"": 1, ""criterion"": ""entropy"", ""class_weight"": ""balanced""}"
879,2026-06-06T04:37:54.531704+00:00,extra,ranking_rf,879,5305,4,999,0.5881330105280294,740,259,0.4966661272587022,"[""V176"", ""V191"", ""V255"", ""V160""]","{""n_estimators"": 147, ""max_depth"": 14, ""min_samples_split"": 5, ""min_samples_leaf"": 5, ""criterion"": ""entropy"", ""class_weight"": null}"
880,2026-06-06T04:38:42.895155+00:00,extra,ranking_rf,880,5270,4,1000,0.5238425098670295,738,262,0.4998486394197944,"[""V176"", ""V191"", ""V255"", ""V160""]","{""n_estimators"": 173, ""max_depth"": 3, ""min_samples_split"": 7, ""min_samples_leaf"": 4, ""criterion"": ""entropy"", ""class_weight"": ""balanced""}"
881,2026-06-06T04:40:12.975871+00:00,extra,ranking_rf,881,5335,3,1000,0.5155368868470037,729,271,0.4976128778538945,"[""V176"", ""V191"", ""V255""]","{""n_estimators"": 382, ""max_depth"": 3, ""min_samples_split"": 2, ""min_samples_leaf"": 1, ""criterion"": ""gini"", ""class_weight"": null}"
882,2026-06-06T04:40:46.236592+00:00,extra,ranking_rf,882,5240,7,1000,0.5569385022807201,776,224,0.49901457478456884,"[""V176"", ""V191"", ""V255"", ""V160"", ""V224"", ""V215"", ""V380""]","{""n_estimators"": 114, ""max_depth"": 12, ""min_samples_split"": 9, ""min_samples_leaf"": 8, ""criterion"": ""entropy"", ""class_weight"": ""balanced""}"
883,2026-06-06T04:42:54.168545+00:00,extra,ranking_rf,883,5220,8,1000,0.5752789687122525,788,212,0.497749575451971,"[""V176"", ""V191"", ""V255"", ""V160"", ""V224"", ""V215"", ""V380"", ""V342""]","{""n_estimators"": 474, ""max_depth"": null, ""min_samples_split"": 2, ""min_samples_leaf"": 5, ""criterion"": ""entropy"", ""class_weight"": ""balanced""}"
884,2026-06-06T04:44:03.003428+00:00,extra,ranking_rf,884,5305,4,999,0.5685580275893993,740,259,0.49933537815823836,"[""V176"", ""V191"", ""V255"", ""V160""]","{""n_estimators"": 250, ""max_depth"": 10, ""min_samples_split"": 3, ""min_samples_leaf"": 8, ""criterion"": ""gini"", ""class_weight"": ""balanced""}"
885,2026-06-06T04:45:12.945918+00:00,extra,ranking_rf,885,5220,8,1000,0.5619960841633874,788,212,0.4963630349438551,"[""V176"", ""V191"", ""V255"", ""V160"", ""V224"", ""V215"", ""V380"", ""V342""]","{""n_estimators"": 291, ""max_depth"": 12, ""min_samples_split"": 3, ""min_samples_leaf"": 4, ""criterion"": ""gini"", ""class_weight"": null}"
886,2026-06-06T04:46:50.781467+00:00,extra,ranking_rf,886,5330,4,1000,0.5540106934584915,742,258,0.4996095859467053,"[""V176"", ""V191"", ""V255"", ""V160""]","{""n_estimators"": 364, ""max_depth"": 7, ""min_samples_split"": 6, ""min_samples_leaf"": 4, ""criterion"": ""entropy"", ""class_weight"": ""balanced""}"
887,2026-06-06T04:48:19.856427+00:00,extra,ranking_rf,887,5395,4,999,0.5402804610308358,746,253,0.49979585157737966,"[""V176"", ""V191"", ""V255"", ""V160""]","{""n_estimators"": 332, ""max_depth"": 5, ""min_samples_split"": 3, ""min_samples_leaf"": 1, ""criterion"": ""entropy"", ""class_weight"": ""balanced""}"
888,2026-06-06T04:49:36.501774+00:00,extra,ranking_rf,888,5340,4,995,0.5689112326031127,741,254,0.49720388781610747,"[""V176"", ""V191"", ""V255"", ""V160""]","{""n_estimators"": 325, ""max_depth"": 9, ""min_samples_split"": 3, ""min_samples_leaf"": 5, ""criterion"": ""entropy"", ""class_weight"": null}"
889,2026-06-06T04:51:23.836153+00:00,extra,ranking_rf,889,5290,4,999,0.521084938551451,739,260,0.49754072060839755,"[""V176"", ""V191"", ""V255"", ""V160""]","{""n_estimators"": 460, ""max_depth"": 3, ""min_samples_split"": 7, ""min_samples_leaf"": 7, ""criterion"": ""entropy"", ""class_weight"": null}"
890,2026-06-06T04:52:16.765592+00:00,extra,ranking_rf,890,5285,4,1000,0.5735555043625151,739,261,0.4991845273459472,"[""V176"", ""V191"", ""V255"", ""V160""]","{""n_estimators"": 188, ""max_depth"": 12, ""min_samples_split"": 5, ""min_samples_leaf"": 9, ""criterion"": ""gini"", ""class_weight"": ""balanced""}"
891,2026-06-06T04:53:23.724779+00:00,extra,ranking_rf,891,5200,6,1000,0.5891454731652539,760,240,0.4953494927454966,"[""V176"", ""V191"", ""V255"", ""V160"", ""V224"", ""V215""]","{""n_estimators"": 272, ""max_depth"": null, ""min_samples_split"": 4, ""min_samples_leaf"": 4, ""criterion"": ""entropy"", ""class_weight"": null}"
892,2026-06-06T04:54:24.965189+00:00,extra,ranking_rf,892,5360,4,1000,0.5944540439329099,744,256,0.49664735156318673,"[""V176"", ""V191"", ""V255"", ""V160""]","{""n_estimators"": 251, ""max_depth"": 12, ""min_samples_split"": 2, ""min_samples_leaf"": 3, ""criterion"": ""entropy"", ""class_weight"": null}"
893,2026-06-06T04:55:09.001860+00:00,extra,ranking_rf,893,5315,4,1000,0.540639521724531,741,259,0.4996918958361436,"[""V176"", ""V191"", ""V255"", ""V160""]","{""n_estimators"": 155, ""max_depth"": 5, ""min_samples_split"": 7, ""min_samples_leaf"": 4, ""criterion"": ""entropy"", ""class_weight"": ""balanced""}"
894,2026-06-06T04:55:49.624897+00:00,extra,ranking_rf,894,5290,3,997,0.533162304903801,725,272,0.49988252834776165,"[""V176"", ""V191"", ""V255""]","{""n_estimators"": 142, ""max_depth"": 10, ""min_samples_split"": 2, ""min_samples_leaf"": 5, ""criterion"": ""entropy"", ""class_weight"": ""balanced""}"
895,2026-06-06T04:57:14.606963+00:00,extra,ranking_rf,895,5300,4,1000,0.5658165652341368,740,260,0.49717314819115344,"[""V176"", ""V191"", ""V255"", ""V160""]","{""n_estimators"": 356, ""max_depth"": 9, ""min_samples_split"": 8, ""min_samples_leaf"": 5, ""criterion"": ""entropy"", ""class_weight"": null}"
896,2026-06-06T04:58:27.140045+00:00,extra,ranking_rf,896,5255,7,1000,0.5747512901315771,777,223,0.49580743589283754,"[""V176"", ""V191"", ""V255"", ""V160"", ""V224"", ""V215"", ""V380""]","{""n_estimators"": 301, ""max_depth"": 12, ""min_samples_split"": 5, ""min_samples_leaf"": 2, ""criterion"": ""gini"", ""class_weight"": null}"
897,2026-06-06T04:59:58.516503+00:00,extra,ranking_rf,897,5310,4,998,0.5393631780703473,740,258,0.499766415313606,"[""V176"", ""V191"", ""V255"", ""V160""]","{""n_estimators"": 342, ""max_depth"": 5, ""min_samples_split"": 2, ""min_samples_leaf"": 6, ""criterion"": ""gini"", ""class_weight"": ""balanced""}"
898,2026-06-06T05:00:41.395247+00:00,extra,ranking_rf,898,5210,7,1000,0.61687478767707,774,226,0.49132533733925504,"[""V176"", ""V191"", ""V255"", ""V160"", ""V224"", ""V215"", ""V380""]","{""n_estimators"": 165, ""max_depth"": null, ""min_samples_split"": 2, ""min_samples_leaf"": 2, ""criterion"": ""gini"", ""class_weight"": null}"
899,2026-06-06T05:01:58.285278+00:00,extra,ranking_rf,899,5265,3,990,0.5429336772070916,721,269,0.49970614776429584,"[""V176"", ""V191"", ""V255""]","{""n_estimators"": 281, ""max_depth"": 8, ""min_samples_split"": 4, ""min_samples_leaf"": 2, ""criterion"": ""gini"", ""class_weight"": ""balanced""}"
900,2026-06-06T05:03:41.528099+00:00,extra,ranking_rf,900,5315,7,997,0.5905626633925262,780,217,0.4950951703467252,"[""V176"", ""V191"", ""V255"", ""V160"", ""V224"", ""V215"", ""V380""]","{""n_estimators"": 381, ""max_depth"": 14, ""min_samples_split"": 2, ""min_samples_leaf"": 1, ""criterion"": ""gini"", ""class_weight"": ""balanced""}"
901,2026-06-06T05:05:27.539720+00:00,extra,ranking_rf,901,5210,4,1000,0.5664378411248054,734,266,0.49712653677566176,"[""V176"", ""V191"", ""V255"", ""V160""]","{""n_estimators"": 456, ""max_depth"": 11, ""min_samples_split"": 3, ""min_samples_leaf"": 9, ""criterion"": ""gini"", ""class_weight"": null}"
902,2026-06-06T05:05:59.032047+00:00,extra,ranking_rf,902,5390,4,994,0.5585706419029807,744,250,0.4993658109117223,"[""V176"", ""V191"", ""V255"", ""V160""]","{""n_estimators"": 107, ""max_depth"": 8, ""min_samples_split"": 7, ""min_samples_leaf"": 7, ""criterion"": ""entropy"", ""class_weight"": ""balanced""}"
903,2026-06-06T05:06:29.212654+00:00,extra,ranking_rf,903,5330,4,1000,0.5394265696705494,742,258,0.4972701084278184,"[""V176"", ""V191"", ""V255"", ""V160""]","{""n_estimators"": 116, ""max_depth"": 6, ""min_samples_split"": 3, ""min_samples_leaf"": 8, ""criterion"": ""entropy"", ""class_weight"": null}"
904,2026-06-06T05:07:58.788226+00:00,extra,ranking_rf,904,5255,4,1000,0.5764610746461787,737,263,0.4968889765292461,"[""V176"", ""V191"", ""V255"", ""V160""]","{""n_estimators"": 374, ""max_depth"": null, ""min_samples_split"": 2, ""min_samples_leaf"": 9, ""criterion"": ""gini"", ""class_weight"": null}"
905,2026-06-06T05:09:26.394954+00:00,extra,ranking_rf,905,5195,4,997,0.5864822428960139,732,265,0.49669892323616815,"[""V176"", ""V191"", ""V255"", ""V160""]","{""n_estimators"": 368, ""max_depth"": 13, ""min_samples_split"": 7, ""min_samples_leaf"": 5, ""criterion"": ""entropy"", ""class_weight"": null}"
906,2026-06-06T05:10:27.579032+00:00,extra,ranking_rf,906,5320,4,999,0.5922019922228664,741,258,0.4967038129199092,"[""V176"", ""V191"", ""V255"", ""V160""]","{""n_estimators"": 250, ""max_depth"": 12, ""min_samples_split"": 8, ""min_samples_leaf"": 3, ""criterion"": ""entropy"", ""class_weight"": null}"
907,2026-06-06T05:11:49.648039+00:00,extra,ranking_rf,907,5225,4,1000,0.5748613511781976,735,265,0.4968018448778872,"[""V176"", ""V191"", ""V255"", ""V160""]","{""n_estimators"": 340, ""max_depth"": null, ""min_samples_split"": 8, ""min_samples_leaf"": 9, ""criterion"": ""entropy"", ""class_weight"": null}"
908,2026-06-06T05:13:50.355008+00:00,extra,ranking_rf,908,5255,4,1000,0.5903125533420107,737,263,0.4987287528318401,"[""V176"", ""V191"", ""V255"", ""V160""]","{""n_estimators"": 450, ""max_depth"": 13, ""min_samples_split"": 8, ""min_samples_leaf"": 5, ""criterion"": ""entropy"", ""class_weight"": ""balanced""}"
909,2026-06-06T05:15:32.990950+00:00,extra,ranking_rf,909,5265,4,998,0.5793453728076519,737,261,0.49693848709738886,"[""V176"", ""V191"", ""V255"", ""V160""]","{""n_estimators"": 436, ""max_depth"": 12, ""min_samples_split"": 4, ""min_samples_leaf"": 6, ""criterion"": ""gini"", ""class_weight"": null}"
910,2026-06-06T05:17:35.372530+00:00,extra,ranking_rf,910,5405,4,997,0.5406009268969597,746,251,0.49983598298700815,"[""V176"", ""V191"", ""V255"", ""V160""]","{""n_estimators"": 462, ""max_depth"": 5, ""min_samples_split"": 8, ""min_samples_leaf"": 1, ""criterion"": ""entropy"", ""class_weight"": ""balanced""}"
911,2026-06-06T05:18:38.013607+00:00,extra,ranking_rf,911,5315,7,1000,0.5640840282754672,781,219,0.49862184958922273,"[""V176"", ""V191"", ""V255"", ""V160"", ""V224"", ""V215"", ""V380""]","{""n_estimators"": 225, ""max_depth"": 11, ""min_samples_split"": 9, ""min_samples_leaf"": 3, ""criterion"": ""entropy"", ""class_weight"": ""balanced""}"
912,2026-06-06T05:20:14.691271+00:00,extra,ranking_rf,912,5240,4,1000,0.5610584087847701,736,264,0.49709232054020885,"[""V176"", ""V191"", ""V255"", ""V160""]","{""n_estimators"": 413, ""max_depth"": 9, ""min_samples_split"": 4, ""min_samples_leaf"": 9, ""criterion"": ""entropy"", ""class_weight"": null}"
913,2026-06-06T05:21:59.289792+00:00,extra,ranking_rf,913,5265,4,998,0.5664598220695434,737,261,0.49932717012357325,"[""V176"", ""V191"", ""V255"", ""V160""]","{""n_estimators"": 391, ""max_depth"": 10, ""min_samples_split"": 2, ""min_samples_leaf"": 8, ""criterion"": ""entropy"", ""class_weight"": ""balanced""}"
914,2026-06-06T05:23:41.883889+00:00,extra,ranking_rf,914,5360,4,1000,0.5211064918167831,744,256,0.4975418490932987,"[""V176"", ""V191"", ""V255"", ""V160""]","{""n_estimators"": 440, ""max_depth"": 3, ""min_samples_split"": 6, ""min_samples_leaf"": 1, ""criterion"": ""gini"", ""class_weight"": null}"
915,2026-06-06T05:24:35.997756+00:00,extra,ranking_rf,915,5260,6,988,0.5812806682195136,760,228,0.49817954163920314,"[""V176"", ""V191"", ""V255"", ""V160"", ""V224"", ""V215""]","{""n_estimators"": 190, ""max_depth"": null, ""min_samples_split"": 3, ""min_samples_leaf"": 5, ""criterion"": ""entropy"", ""class_weight"": ""balanced""}"
916,2026-06-06T05:26:19.939008+00:00,extra,ranking_rf,916,5320,3,1000,0.5222856482062233,728,272,0.49760787718353866,"[""V176"", ""V191"", ""V255""]","{""n_estimators"": 444, ""max_depth"": 4, ""min_samples_split"": 9, ""min_samples_leaf"": 1, ""criterion"": ""entropy"", ""class_weight"": null}"
917,2026-06-06T05:27:38.380417+00:00,extra,ranking_rf,917,5285,4,1000,0.601929284800556,739,261,0.49849180479139943,"[""V176"", ""V191"", ""V255"", ""V160""]","{""n_estimators"": 286, ""max_depth"": 12, ""min_samples_split"": 7, ""min_samples_leaf"": 1, ""criterion"": ""gini"", ""class_weight"": ""balanced""}"
918,2026-06-06T05:28:18.397975+00:00,extra,ranking_rf,918,5240,7,1000,0.5934297923087629,776,224,0.4957909805441835,"[""V176"", ""V191"", ""V255"", ""V160"", ""V224"", ""V215"", ""V380""]","{""n_estimators"": 137, ""max_depth"": 14, ""min_samples_split"": 4, ""min_samples_leaf"": 1, ""criterion"": ""gini"", ""class_weight"": ""balanced""}"
919,2026-06-06T05:29:21.939313+00:00,extra,ranking_rf,919,5210,4,1000,0.5893330480826029,734,266,0.4991298426023745,"[""V176"", ""V191"", ""V255"", ""V160""]","{""n_estimators"": 229, ""max_depth"": 13, ""min_samples_split"": 5, ""min_samples_leaf"": 5, ""criterion"": ""entropy"", ""class_weight"": ""balanced""}"
920,2026-06-06T05:29:37.491662+00:00,extra,ranking_rf,920,5225,4,997,0.5828652635639178,734,263,0.49685327877925595,"[""V176"", ""V191"", ""V255"", ""V160""]","{""n_estimators"": 52, ""max_depth"": 12, ""min_samples_split"": 8, ""min_samples_leaf"": 6, ""criterion"": ""entropy"", ""class_weight"": null}"
921,2026-06-06T05:30:14.155671+00:00,extra,ranking_rf,921,5405,4,1000,0.5846879611434224,747,253,0.49657353160987094,"[""V176"", ""V191"", ""V255"", ""V160""]","{""n_estimators"": 144, ""max_depth"": 11, ""min_samples_split"": 3, ""min_samples_leaf"": 4, ""criterion"": ""entropy"", ""class_weight"": null}"
922,2026-06-06T05:31:51.401636+00:00,extra,ranking_rf,922,5360,4,1000,0.5552857163195845,744,256,0.49730463036829226,"[""V176"", ""V191"", ""V255"", ""V160""]","{""n_estimators"": 411, ""max_depth"": 7, ""min_samples_split"": 5, ""min_samples_leaf"": 3, ""criterion"": ""entropy"", ""class_weight"": null}"
923,2026-06-06T05:33:05.654800+00:00,extra,ranking_rf,923,5180,4,1000,0.5778134483067239,732,268,0.49891537163746863,"[""V176"", ""V191"", ""V255"", ""V160""]","{""n_estimators"": 269, ""max_depth"": null, ""min_samples_split"": 4, ""min_samples_leaf"": 9, ""criterion"": ""entropy"", ""class_weight"": ""balanced""}"
924,2026-06-06T05:34:08.720735+00:00,extra,ranking_rf,924,5280,4,995,0.5647536681090989,737,258,0.49709872713126163,"[""V176"", ""V191"", ""V255"", ""V160""]","{""n_estimators"": 259, ""max_depth"": 9, ""min_samples_split"": 4, ""min_samples_leaf"": 6, ""criterion"": ""gini"", ""class_weight"": null}"
925,2026-06-06T05:36:02.317664+00:00,extra,ranking_rf,925,5290,4,999,0.5773303275352073,739,260,0.4968697532014123,"[""V176"", ""V191"", ""V255"", ""V160""]","{""n_estimators"": 487, ""max_depth"": 11, ""min_samples_split"": 3, ""min_samples_leaf"": 5, ""criterion"": ""entropy"", ""class_weight"": null}"
926,2026-06-06T05:37:43.360899+00:00,extra,ranking_rf,926,5300,4,1000,0.5204795566693782,740,260,0.49751600379307004,"[""V176"", ""V191"", ""V255"", ""V160""]","{""n_estimators"": 432, ""max_depth"": 3, ""min_samples_split"": 8, ""min_samples_leaf"": 9, ""criterion"": ""gini"", ""class_weight"": null}"
927,2026-06-06T05:39:12.257277+00:00,extra,ranking_rf,927,5315,4,1000,0.5869175330318315,741,259,0.49894087147724203,"[""V176"", ""V191"", ""V255"", ""V160""]","{""n_estimators"": 328, ""max_depth"": 12, ""min_samples_split"": 7, ""min_samples_leaf"": 5, ""criterion"": ""entropy"", ""class_weight"": ""balanced""}"
928,2026-06-06T05:39:58.580894+00:00,extra,ranking_rf,928,5285,5,999,0.5789419341542524,752,247,0.4988780898401159,"[""V176"", ""V191"", ""V255"", ""V160"", ""V224""]","{""n_estimators"": 163, ""max_depth"": 12, ""min_samples_split"": 9, ""min_samples_leaf"": 4, ""criterion"": ""gini"", ""class_weight"": ""balanced""}"
929,2026-06-06T05:40:46.231209+00:00,extra,ranking_rf,929,5305,4,999,0.545514845546974,740,259,0.49963298311829774,"[""V176"", ""V191"", ""V255"", ""V160""]","{""n_estimators"": 170, ""max_depth"": 6, ""min_samples_split"": 5, ""min_samples_leaf"": 6, ""criterion"": ""entropy"", ""class_weight"": ""balanced""}"
930,2026-06-06T05:41:33.837216+00:00,extra,ranking_rf,930,5345,4,1000,0.5385732571378002,743,257,0.497487026619399,"[""V176"", ""V191"", ""V255"", ""V160""]","{""n_estimators"": 192, ""max_depth"": 5, ""min_samples_split"": 3, ""min_samples_leaf"": 2, ""criterion"": ""gini"", ""class_weight"": null}"
931,2026-06-06T05:43:07.967215+00:00,extra,ranking_rf,931,5285,4,1000,0.5688252405275095,739,261,0.49708133085777134,"[""V176"", ""V191"", ""V255"", ""V160""]","{""n_estimators"": 399, ""max_depth"": 10, ""min_samples_split"": 4, ""min_samples_leaf"": 6, ""criterion"": ""gini"", ""class_weight"": null}"
932,2026-06-06T05:44:51.148835+00:00,extra,ranking_rf,932,5250,8,1000,0.5737834620587219,790,210,0.4953983036106347,"[""V176"", ""V191"", ""V255"", ""V160"", ""V224"", ""V215"", ""V380"", ""V342""]","{""n_estimators"": 436, ""max_depth"": 14, ""min_samples_split"": 5, ""min_samples_leaf"": 3, ""criterion"": ""entropy"", ""class_weight"": null}"
933,2026-06-06T05:46:43.575485+00:00,extra,ranking_rf,933,5355,4,998,0.5814837008322808,743,255,0.4964371428036904,"[""V176"", ""V191"", ""V255"", ""V160""]","{""n_estimators"": 478, ""max_depth"": 10, ""min_samples_split"": 2, ""min_samples_leaf"": 1, ""criterion"": ""gini"", ""class_weight"": null}"
934,2026-06-06T05:48:45.336027+00:00,extra,ranking_rf,934,5240,4,988,0.572810526680424,732,256,0.4992935541205927,"[""V176"", ""V191"", ""V255"", ""V160""]","{""n_estimators"": 457, ""max_depth"": 10, ""min_samples_split"": 7, ""min_samples_leaf"": 6, ""criterion"": ""gini"", ""class_weight"": ""balanced""}"
935,2026-06-06T05:50:03.336194+00:00,extra,ranking_rf,935,5345,4,1000,0.5651564278003275,743,257,0.49946409763895383,"[""V176"", ""V191"", ""V255"", ""V160""]","{""n_estimators"": 290, ""max_depth"": 9, ""min_samples_split"": 8, ""min_samples_leaf"": 8, ""criterion"": ""gini"", ""class_weight"": ""balanced""}"
936,2026-06-06T05:50:26.592878+00:00,extra,ranking_rf,936,5285,4,1000,0.5828968519148788,739,261,0.497039117067407,"[""V176"", ""V191"", ""V255"", ""V160""]","{""n_estimators"": 85, ""max_depth"": 12, ""min_samples_split"": 8, ""min_samples_leaf"": 6, ""criterion"": ""entropy"", ""class_weight"": null}"
937,2026-06-06T05:51:36.382606+00:00,extra,ranking_rf,937,5245,4,999,0.5332457615278853,736,263,0.4998729318148833,"[""V176"", ""V191"", ""V255"", ""V160""]","{""n_estimators"": 257, ""max_depth"": 4, ""min_samples_split"": 4, ""min_samples_leaf"": 1, ""criterion"": ""entropy"", ""class_weight"": ""balanced""}"
938,2026-06-06T05:52:31.832329+00:00,extra,ranking_rf,938,5315,4,1000,0.5670874968815989,741,259,0.4992519231499541,"[""V176"", ""V191"", ""V255"", ""V160""]","{""n_estimators"": 198, ""max_depth"": 10, ""min_samples_split"": 6, ""min_samples_leaf"": 9, ""criterion"": ""gini"", ""class_weight"": ""balanced""}"
939,2026-06-06T05:52:50.081136+00:00,extra,ranking_rf,939,5460,4,998,0.5728229917684462,750,248,0.49673274649811955,"[""V176"", ""V191"", ""V255"", ""V160""]","{""n_estimators"": 65, ""max_depth"": 9, ""min_samples_split"": 9, ""min_samples_leaf"": 3, ""criterion"": ""entropy"", ""class_weight"": null}"
940,2026-06-06T05:54:36.862850+00:00,extra,ranking_rf,940,5315,4,1000,0.5243683558050914,741,259,0.4998669916446471,"[""V176"", ""V191"", ""V255"", ""V160""]","{""n_estimators"": 402, ""max_depth"": 3, ""min_samples_split"": 4, ""min_samples_leaf"": 4, ""criterion"": ""gini"", ""class_weight"": ""balanced""}"
941,2026-06-06T05:56:47.623792+00:00,extra,ranking_rf,941,5360,4,1000,0.5590715971266602,744,256,0.4995484630160664,"[""V176"", ""V191"", ""V255"", ""V160""]","{""n_estimators"": 495, ""max_depth"": 7, ""min_samples_split"": 3, ""min_samples_leaf"": 1, ""criterion"": ""entropy"", ""class_weight"": ""balanced""}"
942,2026-06-06T05:57:19.183834+00:00,extra,ranking_rf,942,5330,4,1000,0.5556112904219893,742,258,0.49758453975173417,"[""V176"", ""V191"", ""V255"", ""V160""]","{""n_estimators"": 122, ""max_depth"": 7, ""min_samples_split"": 4, ""min_samples_leaf"": 1, ""criterion"": ""entropy"", ""class_weight"": null}"
943,2026-06-06T05:59:19.010109+00:00,extra,ranking_rf,943,5300,4,1000,0.5623457405066039,740,260,0.49956162975107016,"[""V176"", ""V191"", ""V255"", ""V160""]","{""n_estimators"": 450, ""max_depth"": 8, ""min_samples_split"": 4, ""min_samples_leaf"": 4, ""criterion"": ""gini"", ""class_weight"": ""balanced""}"
944,2026-06-06T06:00:12.213247+00:00,extra,ranking_rf,944,5330,4,1000,0.571238900054596,742,258,0.4994573272810093,"[""V176"", ""V191"", ""V255"", ""V160""]","{""n_estimators"": 189, ""max_depth"": 10, ""min_samples_split"": 4, ""min_samples_leaf"": 7, ""criterion"": ""gini"", ""class_weight"": ""balanced""}"
945,2026-06-06T06:01:17.227504+00:00,extra,ranking_rf,945,5075,7,1000,0.635294117647059,765,235,0.4893971241830065,"[""V176"", ""V191"", ""V255"", ""V160"", ""V224"", ""V215"", ""V380""]","{""n_estimators"": 255, ""max_depth"": null, ""min_samples_split"": 4, ""min_samples_leaf"": 1, ""criterion"": ""entropy"", ""class_weight"": null}"
946,2026-06-06T06:02:16.462079+00:00,extra,ranking_rf,946,5275,4,999,0.5563925646427933,738,261,0.4995520561414285,"[""V176"", ""V191"", ""V255"", ""V160""]","{""n_estimators"": 214, ""max_depth"": 8, ""min_samples_split"": 6, ""min_samples_leaf"": 9, ""criterion"": ""entropy"", ""class_weight"": ""balanced""}"
947,2026-06-06T06:02:33.436494+00:00,extra,ranking_rf,947,5175,3,999,0.5459599304261987,718,281,0.49695051043386085,"[""V176"", ""V191"", ""V255""]","{""n_estimators"": 57, ""max_depth"": null, ""min_samples_split"": 6, ""min_samples_leaf"": 4, ""criterion"": ""entropy"", ""class_weight"": null}"
948,2026-06-06T06:03:51.384595+00:00,extra,ranking_rf,948,5390,4,1000,0.5362995997655744,746,254,0.49744971523105286,"[""V176"", ""V191"", ""V255"", ""V160""]","{""n_estimators"": 328, ""max_depth"": 5, ""min_samples_split"": 7, ""min_samples_leaf"": 9, ""criterion"": ""entropy"", ""class_weight"": null}"
949,2026-06-06T06:05:24.406263+00:00,extra,ranking_rf,949,5345,4,1000,0.579470319652446,743,257,0.49920694467479826,"[""V176"", ""V191"", ""V255"", ""V160""]","{""n_estimators"": 347, ""max_depth"": 10, ""min_samples_split"": 2, ""min_samples_leaf"": 3, ""criterion"": ""entropy"", ""class_weight"": ""balanced""}"
950,2026-06-06T06:06:09.656655+00:00,extra,ranking_rf,950,5285,4,997,0.5537963579149154,738,259,0.4972818753013343,"[""V176"", ""V191"", ""V255"", ""V160""]","{""n_estimators"": 183, ""max_depth"": 7, ""min_samples_split"": 8, ""min_samples_leaf"": 3, ""criterion"": ""entropy"", ""class_weight"": null}"
951,2026-06-06T06:07:13.201112+00:00,extra,ranking_rf,951,5285,4,1000,0.5388135906150316,739,261,0.4973807398650304,"[""V176"", ""V191"", ""V255"", ""V160""]","{""n_estimators"": 265, ""max_depth"": 5, ""min_samples_split"": 9, ""min_samples_leaf"": 2, ""criterion"": ""gini"", ""class_weight"": null}"
952,2026-06-06T06:07:31.101741+00:00,extra,ranking_rf,952,5210,4,1000,0.5802491399351979,734,266,0.4968578160914314,"[""V176"", ""V191"", ""V255"", ""V160""]","{""n_estimators"": 64, ""max_depth"": 14, ""min_samples_split"": 4, ""min_samples_leaf"": 7, ""criterion"": ""gini"", ""class_weight"": null}"
953,2026-06-06T06:08:24.227562+00:00,extra,ranking_rf,953,5315,4,1000,0.5208936434167473,741,259,0.49746674621812836,"[""V176"", ""V191"", ""V255"", ""V160""]","{""n_estimators"": 220, ""max_depth"": 3, ""min_samples_split"": 9, ""min_samples_leaf"": 6, ""criterion"": ""gini"", ""class_weight"": null}"
954,2026-06-06T06:09:49.542515+00:00,extra,ranking_rf,954,5195,4,997,0.6094932425561794,732,265,0.4957945035011658,"[""V176"", ""V191"", ""V255"", ""V160""]","{""n_estimators"": 354, ""max_depth"": null, ""min_samples_split"": 8, ""min_samples_leaf"": 4, ""criterion"": ""gini"", ""class_weight"": null}"
955,2026-06-06T06:11:12.506490+00:00,extra,ranking_rf,955,5245,4,999,0.5304649579067624,736,263,0.49986404073406554,"[""V176"", ""V191"", ""V255"", ""V160""]","{""n_estimators"": 309, ""max_depth"": 4, ""min_samples_split"": 6, ""min_samples_leaf"": 6, ""criterion"": ""gini"", ""class_weight"": ""balanced""}"
956,2026-06-06T06:12:48.519169+00:00,extra,ranking_rf,956,5270,7,1000,0.5610085408155112,778,222,0.49652098446687404,"[""V176"", ""V191"", ""V255"", ""V160"", ""V224"", ""V215"", ""V380""]","{""n_estimators"": 405, ""max_depth"": 12, ""min_samples_split"": 7, ""min_samples_leaf"": 5, ""criterion"": ""entropy"", ""class_weight"": null}"
957,2026-06-06T06:14:10.798825+00:00,extra,ranking_rf,957,5250,4,995,0.5772377081511904,735,260,0.49922170468588245,"[""V176"", ""V191"", ""V255"", ""V160""]","{""n_estimators"": 305, ""max_depth"": 12, ""min_samples_split"": 5, ""min_samples_leaf"": 7, ""criterion"": ""entropy"", ""class_weight"": ""balanced""}"
958,2026-06-06T06:14:50.984700+00:00,extra,ranking_rf,958,5315,7,1000,0.5501792178156878,781,219,0.4993472646588151,"[""V176"", ""V191"", ""V255"", ""V160"", ""V224"", ""V215"", ""V380""]","{""n_estimators"": 141, ""max_depth"": 9, ""min_samples_split"": 8, ""min_samples_leaf"": 6, ""criterion"": ""gini"", ""class_weight"": ""balanced""}"
959,2026-06-06T06:15:39.752585+00:00,extra,ranking_rf,959,5390,4,1000,0.5566852864995929,746,254,0.49945476229723973,"[""V176"", ""V191"", ""V255"", ""V160""]","{""n_estimators"": 174, ""max_depth"": 7, ""min_samples_split"": 8, ""min_samples_leaf"": 3, ""criterion"": ""entropy"", ""class_weight"": ""balanced""}"
960,2026-06-06T06:16:28.579038+00:00,extra,ranking_rf,960,5360,4,1000,0.5632998848478445,744,256,0.49938146393655425,"[""V176"", ""V191"", ""V255"", ""V160""]","{""n_estimators"": 174, ""max_depth"": 9, ""min_samples_split"": 9, ""min_samples_leaf"": 6, ""criterion"": ""gini"", ""class_weight"": ""balanced""}"
961,2026-06-06T06:17:33.954164+00:00,extra,ranking_rf,961,5270,4,1000,0.5590535986546151,738,262,0.49933754784533296,"[""V176"", ""V191"", ""V255"", ""V160""]","{""n_estimators"": 239, ""max_depth"": 8, ""min_samples_split"": 8, ""min_samples_leaf"": 7, ""criterion"": ""gini"", ""class_weight"": ""balanced""}"
962,2026-06-06T06:19:44.477320+00:00,extra,ranking_rf,962,5330,4,1000,0.5996425829477575,742,258,0.4987283867037748,"[""V176"", ""V191"", ""V255"", ""V160""]","{""n_estimators"": 494, ""max_depth"": 12, ""min_samples_split"": 9, ""min_samples_leaf"": 2, ""criterion"": ""gini"", ""class_weight"": ""balanced""}"
963,2026-06-06T06:20:24.652362+00:00,extra,ranking_rf,963,5315,4,1000,0.5455981064264478,741,259,0.497259648029291,"[""V176"", ""V191"", ""V255"", ""V160""]","{""n_estimators"": 159, ""max_depth"": 6, ""min_samples_split"": 4, ""min_samples_leaf"": 8, ""criterion"": ""entropy"", ""class_weight"": null}"
964,2026-06-06T06:21:37.172728+00:00,extra,ranking_rf,964,5215,4,999,0.568153287399637,734,265,0.49941877841788085,"[""V176"", ""V191"", ""V255"", ""V160""]","{""n_estimators"": 267, ""max_depth"": 10, ""min_samples_split"": 6, ""min_samples_leaf"": 9, ""criterion"": ""entropy"", ""class_weight"": ""balanced""}"
965,2026-06-06T06:22:45.821654+00:00,extra,ranking_rf,965,5270,4,997,0.5853512867448407,737,260,0.4988019305835423,"[""V176"", ""V191"", ""V255"", ""V160""]","{""n_estimators"": 250, ""max_depth"": 14, ""min_samples_split"": 5, ""min_samples_leaf"": 7, ""criterion"": ""entropy"", ""class_weight"": ""balanced""}"
966,2026-06-06T06:24:38.949174+00:00,extra,ranking_rf,966,5365,4,999,0.5351626090718492,744,255,0.4973884711597624,"[""V176"", ""V191"", ""V255"", ""V160""]","{""n_estimators"": 487, ""max_depth"": 5, ""min_samples_split"": 4, ""min_samples_leaf"": 9, ""criterion"": ""entropy"", ""class_weight"": null}"
967,2026-06-06T06:24:54.935228+00:00,extra,ranking_rf,967,4965,8,1000,0.6137671556417041,771,229,0.4931984687381847,"[""V176"", ""V191"", ""V255"", ""V160"", ""V224"", ""V215"", ""V380"", ""V342""]","{""n_estimators"": 52, ""max_depth"": null, ""min_samples_split"": 8, ""min_samples_leaf"": 2, ""criterion"": ""entropy"", ""class_weight"": null}"
968,2026-06-06T06:26:20.732800+00:00,extra,ranking_rf,968,5345,7,1000,0.5647078918505558,783,217,0.4986226838360566,"[""V176"", ""V191"", ""V255"", ""V160"", ""V224"", ""V215"", ""V380""]","{""n_estimators"": 317, ""max_depth"": 10, ""min_samples_split"": 4, ""min_samples_leaf"": 2, ""criterion"": ""gini"", ""class_weight"": ""balanced""}"
969,2026-06-06T06:27:46.808475+00:00,extra,ranking_rf,969,5320,6,1000,0.5856306048718778,768,232,0.49573572693727636,"[""V176"", ""V191"", ""V255"", ""V160"", ""V224"", ""V215""]","{""n_estimators"": 361, ""max_depth"": 14, ""min_samples_split"": 4, ""min_samples_leaf"": 3, ""criterion"": ""gini"", ""class_weight"": null}"
970,2026-06-06T06:29:20.845385+00:00,extra,ranking_rf,970,5345,4,1000,0.565830938836388,743,257,0.4973642142405295,"[""V176"", ""V191"", ""V255"", ""V160""]","{""n_estimators"": 399, ""max_depth"": 8, ""min_samples_split"": 3, ""min_samples_leaf"": 2, ""criterion"": ""gini"", ""class_weight"": null}"
971,2026-06-06T06:30:52.203047+00:00,extra,ranking_rf,971,5230,4,999,0.5492685445860732,735,264,0.49960000351014516,"[""V176"", ""V191"", ""V255"", ""V160""]","{""n_estimators"": 341, ""max_depth"": 6, ""min_samples_split"": 9, ""min_samples_leaf"": 4, ""criterion"": ""gini"", ""class_weight"": ""balanced""}"
972,2026-06-06T06:32:11.407490+00:00,extra,ranking_rf,972,5320,4,999,0.5449071783233774,741,258,0.4972666432472688,"[""V176"", ""V191"", ""V255"", ""V160""]","{""n_estimators"": 336, ""max_depth"": 6, ""min_samples_split"": 2, ""min_samples_leaf"": 7, ""criterion"": ""gini"", ""class_weight"": null}"
973,2026-06-06T06:33:09.026452+00:00,extra,ranking_rf,973,5210,4,1000,0.5743253189214184,734,266,0.49683719074874205,"[""V176"", ""V191"", ""V255"", ""V160""]","{""n_estimators"": 236, ""max_depth"": 13, ""min_samples_split"": 5, ""min_samples_leaf"": 8, ""criterion"": ""gini"", ""class_weight"": null}"
974,2026-06-06T06:35:01.892746+00:00,extra,ranking_rf,974,5300,4,1000,0.5307431733116552,740,260,0.49750638811834413,"[""V176"", ""V191"", ""V255"", ""V160""]","{""n_estimators"": 490, ""max_depth"": 4, ""min_samples_split"": 3, ""min_samples_leaf"": 1, ""criterion"": ""gini"", ""class_weight"": null}"
975,2026-06-06T06:35:58.901488+00:00,extra,ranking_rf,975,5255,4,1000,0.5545826964957862,737,263,0.4972072184265554,"[""V176"", ""V191"", ""V255"", ""V160""]","{""n_estimators"": 234, ""max_depth"": 7, ""min_samples_split"": 5, ""min_samples_leaf"": 1, ""criterion"": ""gini"", ""class_weight"": null}"
976,2026-06-06T06:37:29.533546+00:00,extra,ranking_rf,976,5260,4,999,0.5671044628257491,737,262,0.4993677982981645,"[""V176"", ""V191"", ""V255"", ""V160""]","{""n_estimators"": 337, ""max_depth"": 9, ""min_samples_split"": 3, ""min_samples_leaf"": 6, ""criterion"": ""gini"", ""class_weight"": ""balanced""}"
977,2026-06-06T06:38:27.713780+00:00,extra,ranking_rf,977,5405,4,1000,0.557682272718849,747,253,0.4994895766258525,"[""V176"", ""V191"", ""V255"", ""V160""]","{""n_estimators"": 210, ""max_depth"": 7, ""min_samples_split"": 6, ""min_samples_leaf"": 4, ""criterion"": ""gini"", ""class_weight"": ""balanced""}"
978,2026-06-06T06:39:12.060786+00:00,extra,ranking_rf,978,5330,7,1000,0.569692282960446,782,218,0.49617276945254635,"[""V176"", ""V191"", ""V255"", ""V160"", ""V224"", ""V215"", ""V380""]","{""n_estimators"": 177, ""max_depth"": 12, ""min_samples_split"": 7, ""min_samples_leaf"": 3, ""criterion"": ""gini"", ""class_weight"": null}"
979,2026-06-06T06:40:06.162283+00:00,extra,ranking_rf,979,5375,4,1000,0.5815363623355783,745,255,0.4992604146049922,"[""V176"", ""V191"", ""V255"", ""V160""]","{""n_estimators"": 194, ""max_depth"": 11, ""min_samples_split"": 7, ""min_samples_leaf"": 5, ""criterion"": ""gini"", ""class_weight"": ""balanced""}"
980,2026-06-06T06:42:01.201942+00:00,extra,ranking_rf,980,5260,7,999,0.5497358696067949,777,222,0.4993568317723715,"[""V176"", ""V191"", ""V255"", ""V160"", ""V224"", ""V215"", ""V380""]","{""n_estimators"": 431, ""max_depth"": 9, ""min_samples_split"": 2, ""min_samples_leaf"": 5, ""criterion"": ""gini"", ""class_weight"": ""balanced""}"
981,2026-06-06T06:42:46.845522+00:00,extra,ranking_rf,981,5330,4,1000,0.5679392097203604,742,258,0.4997208033186098,"[""V176"", ""V191"", ""V255"", ""V160""]","{""n_estimators"": 159, ""max_depth"": 8, ""min_samples_split"": 9, ""min_samples_leaf"": 1, ""criterion"": ""entropy"", ""class_weight"": ""balanced""}"
982,2026-06-06T06:43:35.325032+00:00,extra,ranking_rf,982,5330,4,997,0.5399153001606216,741,256,0.4997381653396069,"[""V176"", ""V191"", ""V255"", ""V160""]","{""n_estimators"": 172, ""max_depth"": 5, ""min_samples_split"": 5, ""min_samples_leaf"": 2, ""criterion"": ""gini"", ""class_weight"": ""balanced""}"
983,2026-06-06T06:43:58.236664+00:00,extra,ranking_rf,983,5345,4,1000,0.5840933834484301,743,257,0.49681323814919404,"[""V176"", ""V191"", ""V255"", ""V160""]","{""n_estimators"": 84, ""max_depth"": 10, ""min_samples_split"": 9, ""min_samples_leaf"": 2, ""criterion"": ""gini"", ""class_weight"": null}"
984,2026-06-06T06:45:55.513148+00:00,extra,ranking_rf,984,5255,4,1000,0.5736559171722093,737,263,0.4968677593923956,"[""V176"", ""V191"", ""V255"", ""V160""]","{""n_estimators"": 499, ""max_depth"": 12, ""min_samples_split"": 4, ""min_samples_leaf"": 7, ""criterion"": ""entropy"", ""class_weight"": null}"
985,2026-06-06T06:47:52.047151+00:00,extra,ranking_rf,985,5300,7,1000,0.5793137832029799,780,220,0.4957242348732916,"[""V176"", ""V191"", ""V255"", ""V160"", ""V224"", ""V215"", ""V380""]","{""n_estimators"": 492, ""max_depth"": 14, ""min_samples_split"": 3, ""min_samples_leaf"": 3, ""criterion"": ""gini"", ""class_weight"": null}"
986,2026-06-06T06:48:23.309314+00:00,extra,ranking_rf,986,5195,4,1000,0.5444165114412896,733,267,0.49708359837003735,"[""V176"", ""V191"", ""V255"", ""V160""]","{""n_estimators"": 120, ""max_depth"": 7, ""min_samples_split"": 5, ""min_samples_leaf"": 8, ""criterion"": ""gini"", ""class_weight"": null}"
987,2026-06-06T06:50:08.410285+00:00,extra,ranking_rf,987,5225,3,989,0.5138224806269263,718,271,0.4975850607634166,"[""V176"", ""V191"", ""V255""]","{""n_estimators"": 457, ""max_depth"": 3, ""min_samples_split"": 9, ""min_samples_leaf"": 3, ""criterion"": ""gini"", ""class_weight"": null}"
988,2026-06-06T06:52:16.881180+00:00,extra,ranking_rf,988,5255,4,1000,0.5722032251703525,737,263,0.49927095312024267,"[""V176"", ""V191"", ""V255"", ""V160""]","{""n_estimators"": 485, ""max_depth"": 10, ""min_samples_split"": 9, ""min_samples_leaf"": 7, ""criterion"": ""gini"", ""class_weight"": ""balanced""}"
989,2026-06-06T06:54:05.544539+00:00,extra,ranking_rf,989,5260,4,999,0.5440957472846706,737,262,0.49962841347378306,"[""V176"", ""V191"", ""V255"", ""V160""]","{""n_estimators"": 409, ""max_depth"": 6, ""min_samples_split"": 5, ""min_samples_leaf"": 9, ""criterion"": ""gini"", ""class_weight"": ""balanced""}"
990,2026-06-06T06:55:34.122602+00:00,extra,ranking_rf,990,5305,4,999,0.5217758127292785,740,259,0.497508364201545,"[""V176"", ""V191"", ""V255"", ""V160""]","{""n_estimators"": 379, ""max_depth"": 3, ""min_samples_split"": 6, ""min_samples_leaf"": 4, ""criterion"": ""gini"", ""class_weight"": null}"
991,2026-06-06T06:57:07.160784+00:00,extra,ranking_rf,991,5300,4,997,0.5830446190497055,739,258,0.49671705104924424,"[""V176"", ""V191"", ""V255"", ""V160""]","{""n_estimators"": 394, ""max_depth"": 10, ""min_samples_split"": 2, ""min_samples_leaf"": 1, ""criterion"": ""gini"", ""class_weight"": null}"
992,2026-06-06T06:59:13.475382+00:00,extra,ranking_rf,992,5290,3,1000,0.5250809197124113,726,274,0.49996694125061825,"[""V176"", ""V191"", ""V255""]","{""n_estimators"": 480, ""max_depth"": 4, ""min_samples_split"": 2, ""min_samples_leaf"": 1, ""criterion"": ""entropy"", ""class_weight"": ""balanced""}"
993,2026-06-06T07:00:38.526812+00:00,extra,ranking_rf,993,5395,4,999,0.5369942346958901,746,253,0.4997014617203742,"[""V176"", ""V191"", ""V255"", ""V160""]","{""n_estimators"": 317, ""max_depth"": 5, ""min_samples_split"": 6, ""min_samples_leaf"": 8, ""criterion"": ""entropy"", ""class_weight"": ""balanced""}"
994,2026-06-06T07:02:48.054078+00:00,extra,ranking_rf,994,5200,4,999,0.6151082014308978,733,266,0.4978522496136655,"[""V176"", ""V191"", ""V255"", ""V160""]","{""n_estimators"": 482, ""max_depth"": null, ""min_samples_split"": 5, ""min_samples_leaf"": 4, ""criterion"": ""gini"", ""class_weight"": ""balanced""}"
995,2026-06-06T07:03:28.207692+00:00,extra,ranking_rf,995,5320,4,999,0.5310320793764094,741,258,0.4974252618022025,"[""V176"", ""V191"", ""V255"", ""V160""]","{""n_estimators"": 159, ""max_depth"": 4, ""min_samples_split"": 9, ""min_samples_leaf"": 2, ""criterion"": ""entropy"", ""class_weight"": null}"
996,2026-06-06T07:03:47.123699+00:00,extra,ranking_rf,996,5255,4,1000,0.5340869154097146,737,263,0.4999133718047069,"[""V176"", ""V191"", ""V255"", ""V160""]","{""n_estimators"": 59, ""max_depth"": 4, ""min_samples_split"": 7, ""min_samples_leaf"": 7, ""criterion"": ""entropy"", ""class_weight"": ""balanced""}"
997,2026-06-06T07:05:31.895723+00:00,extra,ranking_rf,997,5350,4,999,0.563138840941232,743,256,0.49943987953934355,"[""V176"", ""V191"", ""V255"", ""V160""]","{""n_estimators"": 395, ""max_depth"": 9, ""min_samples_split"": 7, ""min_samples_leaf"": 8, ""criterion"": ""entropy"", ""class_weight"": ""balanced""}"
998,2026-06-06T07:06:13.790669+00:00,extra,ranking_rf,998,5255,4,1000,0.5632558240404092,737,263,0.4972129832093559,"[""V176"", ""V191"", ""V255"", ""V160""]","{""n_estimators"": 166, ""max_depth"": 9, ""min_samples_split"": 8, ""min_samples_leaf"": 6, ""criterion"": ""entropy"", ""class_weight"": null}"
999,2026-06-06T07:07:48.215254+00:00,extra,ranking_rf,999,5275,3,1000,0.5172160561583093,725,275,0.49757795450670256,"[""V176"", ""V191"", ""V255""]","{""n_estimators"": 401, ""max_depth"": 4, ""min_samples_split"": 8, ""min_samples_leaf"": 5, ""criterion"": ""entropy"", ""class_weight"": null}"
1000,2026-06-06T07:09:45.332097+00:00,extra,ranking_rf,1000,5195,4,1000,0.5851662939035217,733,267,0.4967911450274614,"[""V176"", ""V191"", ""V255"", ""V160""]","{""n_estimators"": 498, ""max_depth"": 14, ""min_samples_split"": 6, ""min_samples_leaf"": 6, ""criterion"": ""gini"", ""class_weight"": null}"
