trial_id,timestamp_utc,model_type,ranking,random_seed,score,k,N,threshold,tp,fp,p_oof_mean,features,hyperparameters
1,2026-06-05T11:14:12.252282+00:00,extra,ranking_xgb,1,5090,5,996,0.5532171359284576,738,258,0.49940423431102743,"[""V11"", ""V160"", ""V255"", ""V176"", ""V191""]","{""n_estimators"": 222, ""max_depth"": 8, ""min_samples_split"": 9, ""min_samples_leaf"": 6, ""criterion"": ""entropy"", ""class_weight"": ""balanced""}"
2,2026-06-05T11:14:24.874586+00:00,extra,ranking_xgb,2,5030,5,996,0.524861429937501,734,262,0.4974902167557437,"[""V11"", ""V160"", ""V255"", ""V176"", ""V191""]","{""n_estimators"": 87, ""max_depth"": 4, ""min_samples_split"": 5, ""min_samples_leaf"": 9, ""criterion"": ""gini"", ""class_weight"": null}"
3,2026-06-05T11:14:55.401927+00:00,extra,ranking_xgb,3,5045,5,999,0.5668396336750764,736,263,0.49904722892979314,"[""V11"", ""V160"", ""V255"", ""V176"", ""V191""]","{""n_estimators"": 218, ""max_depth"": null, ""min_samples_split"": 9, ""min_samples_leaf"": 9, ""criterion"": ""gini"", ""class_weight"": ""balanced""}"
4,2026-06-05T11:15:44.325671+00:00,extra,ranking_xgb,4,5145,5,997,0.5345883132610941,742,255,0.4974535030680081,"[""V11"", ""V160"", ""V255"", ""V176"", ""V191""]","{""n_estimators"": 412, ""max_depth"": 5, ""min_samples_split"": 2, ""min_samples_leaf"": 4, ""criterion"": ""gini"", ""class_weight"": null}"
5,2026-06-05T11:16:08.511272+00:00,extra,ranking_xgb,5,4985,5,999,0.5328884215402037,732,267,0.4998536820389314,"[""V11"", ""V160"", ""V255"", ""V176"", ""V191""]","{""n_estimators"": 172, ""max_depth"": 5, ""min_samples_split"": 8, ""min_samples_leaf"": 8, ""criterion"": ""entropy"", ""class_weight"": ""balanced""}"
6,2026-06-05T11:16:56.816197+00:00,extra,ranking_xgb,6,5115,5,1000,0.5618963682041462,741,259,0.49710058213935915,"[""V11"", ""V160"", ""V255"", ""V176"", ""V191""]","{""n_estimators"": 405, ""max_depth"": 11, ""min_samples_split"": 8, ""min_samples_leaf"": 7, ""criterion"": ""entropy"", ""class_weight"": null}"
7,2026-06-05T11:17:50.084264+00:00,extra,ranking_xgb,7,5060,5,996,0.5853138660548124,736,260,0.4965948899472045,"[""V11"", ""V160"", ""V255"", ""V176"", ""V191""]","{""n_estimators"": 444, ""max_depth"": 14, ""min_samples_split"": 3, ""min_samples_leaf"": 4, ""criterion"": ""gini"", ""class_weight"": null}"
8,2026-06-05T11:18:18.220614+00:00,extra,ranking_xgb,8,5050,5,989,0.5439864125406624,733,256,0.49736465705458666,"[""V11"", ""V160"", ""V255"", ""V176"", ""V191""]","{""n_estimators"": 225, ""max_depth"": 7, ""min_samples_split"": 6, ""min_samples_leaf"": 7, ""criterion"": ""gini"", ""class_weight"": null}"
9,2026-06-05T11:19:04.437935+00:00,extra,ranking_xgb,9,5055,5,1000,0.5330435957097682,737,263,0.4974973078996431,"[""V11"", ""V160"", ""V255"", ""V176"", ""V191""]","{""n_estimators"": 390, ""max_depth"": 5, ""min_samples_split"": 3, ""min_samples_leaf"": 6, ""criterion"": ""entropy"", ""class_weight"": null}"
10,2026-06-05T11:19:56.078928+00:00,extra,ranking_xgb,10,5075,5,999,0.553784090027784,738,261,0.4972194578985035,"[""V11"", ""V160"", ""V255"", ""V176"", ""V191""]","{""n_estimators"": 432, ""max_depth"": 9, ""min_samples_split"": 6, ""min_samples_leaf"": 6, ""criterion"": ""entropy"", ""class_weight"": null}"
11,2026-06-05T11:20:34.427467+00:00,extra,ranking_xgb,11,4995,5,1000,0.5677580349928757,733,267,0.4971130991781565,"[""V11"", ""V160"", ""V255"", ""V176"", ""V191""]","{""n_estimators"": 315, ""max_depth"": 11, ""min_samples_split"": 7, ""min_samples_leaf"": 5, ""criterion"": ""gini"", ""class_weight"": null}"
12,2026-06-05T11:21:29.019308+00:00,extra,ranking_xgb,12,5085,5,1000,0.5637937447582049,739,261,0.49709815430593446,"[""V11"", ""V160"", ""V255"", ""V176"", ""V191""]","{""n_estimators"": 459, ""max_depth"": 9, ""min_samples_split"": 9, ""min_samples_leaf"": 1, ""criterion"": ""entropy"", ""class_weight"": null}"
13,2026-06-05T11:22:14.718358+00:00,extra,ranking_xgb,13,5070,5,1000,0.5551741302608129,738,262,0.49731906712080837,"[""V11"", ""V160"", ""V255"", ""V176"", ""V191""]","{""n_estimators"": 381, ""max_depth"": 9, ""min_samples_split"": 5, ""min_samples_leaf"": 7, ""criterion"": ""entropy"", ""class_weight"": null}"
14,2026-06-05T11:23:05.882991+00:00,extra,ranking_xgb,14,5050,5,998,0.544681237422466,736,262,0.49970483473845195,"[""V11"", ""V160"", ""V255"", ""V176"", ""V191""]","{""n_estimators"": 388, ""max_depth"": 6, ""min_samples_split"": 2, ""min_samples_leaf"": 1, ""criterion"": ""entropy"", ""class_weight"": ""balanced""}"
15,2026-06-05T11:23:26.141174+00:00,extra,ranking_xgb,15,4920,5,1000,0.5197900337946436,728,272,0.4975189365319761,"[""V11"", ""V160"", ""V255"", ""V176"", ""V191""]","{""n_estimators"": 157, ""max_depth"": 3, ""min_samples_split"": 2, ""min_samples_leaf"": 7, ""criterion"": ""gini"", ""class_weight"": null}"
16,2026-06-05T11:24:06.048446+00:00,extra,ranking_xgb,16,5010,5,1000,0.53626491080526,734,266,0.4998804889600464,"[""V11"", ""V160"", ""V255"", ""V176"", ""V191""]","{""n_estimators"": 295, ""max_depth"": 5, ""min_samples_split"": 6, ""min_samples_leaf"": 6, ""criterion"": ""gini"", ""class_weight"": ""balanced""}"
17,2026-06-05T11:24:33.633879+00:00,extra,ranking_xgb,17,5015,5,999,0.5472829580885393,734,265,0.49751374269947374,"[""V11"", ""V160"", ""V255"", ""V176"", ""V191""]","{""n_estimators"": 219, ""max_depth"": 7, ""min_samples_split"": 8, ""min_samples_leaf"": 6, ""criterion"": ""entropy"", ""class_weight"": null}"
18,2026-06-05T11:24:54.592263+00:00,extra,ranking_xgb,18,5220,5,1000,0.5579413526781373,748,252,0.4971636066001693,"[""V11"", ""V160"", ""V255"", ""V176"", ""V191""]","{""n_estimators"": 161, ""max_depth"": 10, ""min_samples_split"": 3, ""min_samples_leaf"": 7, ""criterion"": ""entropy"", ""class_weight"": null}"
19,2026-06-05T11:25:36.504452+00:00,extra,ranking_xgb,19,4965,5,1000,0.5238423284992193,731,269,0.49752089379832815,"[""V11"", ""V160"", ""V255"", ""V176"", ""V191""]","{""n_estimators"": 348, ""max_depth"": 4, ""min_samples_split"": 5, ""min_samples_leaf"": 9, ""criterion"": ""gini"", ""class_weight"": null}"
20,2026-06-05T11:25:57.243797+00:00,extra,ranking_xgb,20,5100,5,1000,0.5671331380262559,740,260,0.4990363358924932,"[""V11"", ""V160"", ""V255"", ""V176"", ""V191""]","{""n_estimators"": 143, ""max_depth"": 12, ""min_samples_split"": 8, ""min_samples_leaf"": 6, ""criterion"": ""gini"", ""class_weight"": ""balanced""}"
21,2026-06-05T11:26:45.688962+00:00,extra,ranking_xgb,21,5045,5,999,0.5740881288610603,736,263,0.4968588499130803,"[""V11"", ""V160"", ""V255"", ""V176"", ""V191""]","{""n_estimators"": 405, ""max_depth"": 13, ""min_samples_split"": 4, ""min_samples_leaf"": 5, ""criterion"": ""gini"", ""class_weight"": null}"
22,2026-06-05T11:27:16.749416+00:00,extra,ranking_xgb,22,4985,5,993,0.5255141961181118,730,263,0.4974649315452398,"[""V11"", ""V160"", ""V255"", ""V176"", ""V191""]","{""n_estimators"": 257, ""max_depth"": 4, ""min_samples_split"": 2, ""min_samples_leaf"": 5, ""criterion"": ""entropy"", ""class_weight"": null}"
23,2026-06-05T11:28:12.447885+00:00,extra,ranking_xgb,23,5010,5,1000,0.5305679135204528,734,266,0.4999018260356166,"[""V11"", ""V160"", ""V255"", ""V176"", ""V191""]","{""n_estimators"": 423, ""max_depth"": 4, ""min_samples_split"": 6, ""min_samples_leaf"": 1, ""criterion"": ""gini"", ""class_weight"": ""balanced""}"
24,2026-06-05T11:28:31.595757+00:00,extra,ranking_xgb,24,4965,5,1000,0.5658832121059315,731,269,0.4992217682633985,"[""V11"", ""V160"", ""V255"", ""V176"", ""V191""]","{""n_estimators"": 133, ""max_depth"": 14, ""min_samples_split"": 8, ""min_samples_leaf"": 9, ""criterion"": ""entropy"", ""class_weight"": ""balanced""}"
25,2026-06-05T11:29:33.365946+00:00,extra,ranking_xgb,25,5060,5,996,0.595451384261182,736,260,0.49808287286349207,"[""V11"", ""V160"", ""V255"", ""V176"", ""V191""]","{""n_estimators"": 468, ""max_depth"": 13, ""min_samples_split"": 5, ""min_samples_leaf"": 1, ""criterion"": ""entropy"", ""class_weight"": ""balanced""}"
26,2026-06-05T11:29:58.527188+00:00,extra,ranking_xgb,26,5085,5,1000,0.549134328423601,739,261,0.4995267068334616,"[""V11"", ""V160"", ""V255"", ""V176"", ""V191""]","{""n_estimators"": 182, ""max_depth"": 8, ""min_samples_split"": 8, ""min_samples_leaf"": 7, ""criterion"": ""gini"", ""class_weight"": ""balanced""}"
27,2026-06-05T11:30:46.506848+00:00,extra,ranking_xgb,27,4995,5,997,0.5709815818291814,732,265,0.49929813610401297,"[""V11"", ""V160"", ""V255"", ""V176"", ""V191""]","{""n_estimators"": 359, ""max_depth"": 13, ""min_samples_split"": 8, ""min_samples_leaf"": 7, ""criterion"": ""gini"", ""class_weight"": ""balanced""}"
28,2026-06-05T11:30:56.606260+00:00,extra,ranking_xgb,28,5070,5,1000,0.5549246511525073,738,262,0.49695691655382446,"[""V11"", ""V160"", ""V255"", ""V176"", ""V191""]","{""n_estimators"": 69, ""max_depth"": 12, ""min_samples_split"": 2, ""min_samples_leaf"": 9, ""criterion"": ""entropy"", ""class_weight"": null}"
29,2026-06-05T11:31:37.434099+00:00,extra,ranking_xgb,29,4965,5,1000,0.5218564177406743,731,269,0.4998539431464498,"[""V11"", ""V160"", ""V255"", ""V176"", ""V191""]","{""n_estimators"": 307, ""max_depth"": 3, ""min_samples_split"": 3, ""min_samples_leaf"": 6, ""criterion"": ""gini"", ""class_weight"": ""balanced""}"
30,2026-06-05T11:32:27.790756+00:00,extra,ranking_xgb,30,5010,5,1000,0.5688530221473621,734,266,0.49703440250732966,"[""V11"", ""V160"", ""V255"", ""V176"", ""V191""]","{""n_estimators"": 421, ""max_depth"": 10, ""min_samples_split"": 6, ""min_samples_leaf"": 3, ""criterion"": ""gini"", ""class_weight"": null}"
31,2026-06-05T11:33:13.520736+00:00,extra,ranking_xgb,31,4940,5,999,0.5651494229528017,729,270,0.49929142089073414,"[""V11"", ""V160"", ""V255"", ""V176"", ""V191""]","{""n_estimators"": 343, ""max_depth"": 10, ""min_samples_split"": 7, ""min_samples_leaf"": 5, ""criterion"": ""entropy"", ""class_weight"": ""balanced""}"
32,2026-06-05T11:33:49.990910+00:00,extra,ranking_xgb,32,4860,5,1000,0.6432179979968112,724,276,0.4973553401897416,"[""V11"", ""V160"", ""V255"", ""V176"", ""V191""]","{""n_estimators"": 260, ""max_depth"": null, ""min_samples_split"": 9, ""min_samples_leaf"": 1, ""criterion"": ""entropy"", ""class_weight"": ""balanced""}"
33,2026-06-05T11:34:25.370511+00:00,extra,ranking_xgb,33,4945,5,998,0.5234224173949015,729,269,0.4999163998630059,"[""V11"", ""V160"", ""V255"", ""V176"", ""V191""]","{""n_estimators"": 265, ""max_depth"": 3, ""min_samples_split"": 5, ""min_samples_leaf"": 6, ""criterion"": ""gini"", ""class_weight"": ""balanced""}"
34,2026-06-05T11:34:36.500903+00:00,extra,ranking_xgb,34,5075,5,999,0.5622322778391217,738,261,0.4994642102957494,"[""V11"", ""V160"", ""V255"", ""V176"", ""V191""]","{""n_estimators"": 70, ""max_depth"": 11, ""min_samples_split"": 9, ""min_samples_leaf"": 9, ""criterion"": ""gini"", ""class_weight"": ""balanced""}"
35,2026-06-05T11:35:37.587038+00:00,extra,ranking_xgb,35,4980,5,1000,0.5599156819923081,732,268,0.4994955820150063,"[""V11"", ""V160"", ""V255"", ""V176"", ""V191""]","{""n_estimators"": 467, ""max_depth"": 10, ""min_samples_split"": 4, ""min_samples_leaf"": 7, ""criterion"": ""entropy"", ""class_weight"": ""balanced""}"
36,2026-06-05T11:36:11.451080+00:00,extra,ranking_xgb,36,5070,5,1000,0.5557403873519277,738,262,0.49942542645947097,"[""V11"", ""V160"", ""V255"", ""V176"", ""V191""]","{""n_estimators"": 251, ""max_depth"": 10, ""min_samples_split"": 9, ""min_samples_leaf"": 8, ""criterion"": ""entropy"", ""class_weight"": ""balanced""}"
37,2026-06-05T11:36:36.822593+00:00,extra,ranking_xgb,37,5100,5,1000,0.5466774907528651,740,260,0.49979691928072195,"[""V11"", ""V160"", ""V255"", ""V176"", ""V191""]","{""n_estimators"": 183, ""max_depth"": 7, ""min_samples_split"": 4, ""min_samples_leaf"": 9, ""criterion"": ""gini"", ""class_weight"": ""balanced""}"
38,2026-06-05T11:37:35.786081+00:00,extra,ranking_xgb,38,5040,5,1000,0.5697968328214662,736,264,0.49899904128969674,"[""V11"", ""V160"", ""V255"", ""V176"", ""V191""]","{""n_estimators"": 449, ""max_depth"": 12, ""min_samples_split"": 5, ""min_samples_leaf"": 6, ""criterion"": ""gini"", ""class_weight"": ""balanced""}"
39,2026-06-05T11:38:31.127008+00:00,extra,ranking_xgb,39,5100,5,1000,0.5696688411492233,740,260,0.49692318337128993,"[""V11"", ""V160"", ""V255"", ""V176"", ""V191""]","{""n_estimators"": 467, ""max_depth"": 12, ""min_samples_split"": 5, ""min_samples_leaf"": 6, ""criterion"": ""entropy"", ""class_weight"": null}"
40,2026-06-05T11:39:23.780104+00:00,extra,ranking_xgb,40,5045,5,999,0.534827607285467,736,263,0.49755078772900935,"[""V11"", ""V160"", ""V255"", ""V176"", ""V191""]","{""n_estimators"": 443, ""max_depth"": 5, ""min_samples_split"": 3, ""min_samples_leaf"": 1, ""criterion"": ""entropy"", ""class_weight"": null}"
41,2026-06-05T11:40:13.486662+00:00,extra,ranking_xgb,41,5055,5,997,0.5548044565615903,736,261,0.4995131635779565,"[""V11"", ""V160"", ""V255"", ""V176"", ""V191""]","{""n_estimators"": 376, ""max_depth"": 9, ""min_samples_split"": 5, ""min_samples_leaf"": 8, ""criterion"": ""gini"", ""class_weight"": ""balanced""}"
42,2026-06-05T11:41:18.790570+00:00,extra,ranking_xgb,42,5055,5,1000,0.5580871082769981,737,263,0.49954229207125206,"[""V11"", ""V160"", ""V255"", ""V176"", ""V191""]","{""n_estimators"": 498, ""max_depth"": 8, ""min_samples_split"": 5, ""min_samples_leaf"": 3, ""criterion"": ""entropy"", ""class_weight"": ""balanced""}"
43,2026-06-05T11:41:40.525399+00:00,extra,ranking_xgb,43,4940,5,993,0.5644373034169184,727,266,0.49935988134153014,"[""V11"", ""V160"", ""V255"", ""V176"", ""V191""]","{""n_estimators"": 152, ""max_depth"": 12, ""min_samples_split"": 5, ""min_samples_leaf"": 8, ""criterion"": ""gini"", ""class_weight"": ""balanced""}"
44,2026-06-05T11:42:31.466889+00:00,extra,ranking_xgb,44,4880,5,999,0.6303078049914532,725,274,0.49472359590119575,"[""V11"", ""V160"", ""V255"", ""V176"", ""V191""]","{""n_estimators"": 374, ""max_depth"": null, ""min_samples_split"": 2, ""min_samples_leaf"": 2, ""criterion"": ""entropy"", ""class_weight"": ""balanced""}"
45,2026-06-05T11:43:14.763070+00:00,extra,ranking_xgb,45,5115,5,1000,0.5586453871338016,741,259,0.4994616190022193,"[""V11"", ""V160"", ""V255"", ""V176"", ""V191""]","{""n_estimators"": 326, ""max_depth"": 8, ""min_samples_split"": 5, ""min_samples_leaf"": 2, ""criterion"": ""gini"", ""class_weight"": ""balanced""}"
46,2026-06-05T11:44:09.299492+00:00,extra,ranking_xgb,46,5040,5,1000,0.5424485237653703,736,264,0.4974655252087221,"[""V11"", ""V160"", ""V255"", ""V176"", ""V191""]","{""n_estimators"": 464, ""max_depth"": 6, ""min_samples_split"": 5, ""min_samples_leaf"": 1, ""criterion"": ""entropy"", ""class_weight"": null}"
47,2026-06-05T11:44:41.575486+00:00,extra,ranking_xgb,47,4980,5,1000,0.5220031496274914,732,268,0.4999282744728222,"[""V11"", ""V160"", ""V255"", ""V176"", ""V191""]","{""n_estimators"": 239, ""max_depth"": 3, ""min_samples_split"": 7, ""min_samples_leaf"": 9, ""criterion"": ""entropy"", ""class_weight"": ""balanced""}"
48,2026-06-05T11:45:04.747774+00:00,extra,ranking_xgb,48,4995,5,1000,0.5433981823035444,733,267,0.4972844091824898,"[""V11"", ""V160"", ""V255"", ""V176"", ""V191""]","{""n_estimators"": 185, ""max_depth"": 7, ""min_samples_split"": 8, ""min_samples_leaf"": 8, ""criterion"": ""gini"", ""class_weight"": null}"
49,2026-06-05T11:45:13.324982+00:00,extra,ranking_xgb,49,5055,5,1000,0.5717992997062947,737,263,0.49889023348141465,"[""V11"", ""V160"", ""V255"", ""V176"", ""V191""]","{""n_estimators"": 50, ""max_depth"": 10, ""min_samples_split"": 5, ""min_samples_leaf"": 2, ""criterion"": ""entropy"", ""class_weight"": ""balanced""}"
50,2026-06-05T11:46:08.945344+00:00,extra,ranking_xgb,50,4995,5,1000,0.5198271744134109,733,267,0.4975385825239473,"[""V11"", ""V160"", ""V255"", ""V176"", ""V191""]","{""n_estimators"": 476, ""max_depth"": 3, ""min_samples_split"": 7, ""min_samples_leaf"": 9, ""criterion"": ""entropy"", ""class_weight"": null}"
51,2026-06-05T11:46:37.437572+00:00,extra,ranking_xgb,51,5040,5,1000,0.5637863075320158,736,264,0.4970709460181527,"[""V11"", ""V160"", ""V255"", ""V176"", ""V191""]","{""n_estimators"": 226, ""max_depth"": 9, ""min_samples_split"": 2, ""min_samples_leaf"": 2, ""criterion"": ""entropy"", ""class_weight"": null}"
52,2026-06-05T11:46:53.143908+00:00,extra,ranking_xgb,52,5055,5,1000,0.5394653562145589,737,263,0.4999277683758506,"[""V11"", ""V160"", ""V255"", ""V176"", ""V191""]","{""n_estimators"": 107, ""max_depth"": 5, ""min_samples_split"": 7, ""min_samples_leaf"": 1, ""criterion"": ""gini"", ""class_weight"": ""balanced""}"
53,2026-06-05T11:47:18.830516+00:00,extra,ranking_xgb,53,5060,5,999,0.5353610720667478,737,262,0.49744296333374205,"[""V11"", ""V160"", ""V255"", ""V176"", ""V191""]","{""n_estimators"": 206, ""max_depth"": 6, ""min_samples_split"": 5, ""min_samples_leaf"": 8, ""criterion"": ""gini"", ""class_weight"": null}"
54,2026-06-05T11:47:30.102701+00:00,extra,ranking_xgb,54,5070,5,1000,0.567723703076288,738,262,0.497186955554371,"[""V11"", ""V160"", ""V255"", ""V176"", ""V191""]","{""n_estimators"": 75, ""max_depth"": 11, ""min_samples_split"": 7, ""min_samples_leaf"": 6, ""criterion"": ""gini"", ""class_weight"": null}"
55,2026-06-05T11:47:50.848215+00:00,extra,ranking_xgb,55,5085,5,1000,0.5286584780214858,739,261,0.4975615624990115,"[""V11"", ""V160"", ""V255"", ""V176"", ""V191""]","{""n_estimators"": 161, ""max_depth"": 4, ""min_samples_split"": 7, ""min_samples_leaf"": 3, ""criterion"": ""entropy"", ""class_weight"": null}"
56,2026-06-05T11:48:18.422106+00:00,extra,ranking_xgb,56,4950,5,1000,0.5235255651882776,730,270,0.4999285349650917,"[""V11"", ""V160"", ""V255"", ""V176"", ""V191""]","{""n_estimators"": 204, ""max_depth"": 3, ""min_samples_split"": 9, ""min_samples_leaf"": 9, ""criterion"": ""gini"", ""class_weight"": ""balanced""}"
57,2026-06-05T11:49:05.495777+00:00,extra,ranking_xgb,57,5025,5,1000,0.5712922659505301,735,265,0.496909819217806,"[""V11"", ""V160"", ""V255"", ""V176"", ""V191""]","{""n_estimators"": 391, ""max_depth"": 10, ""min_samples_split"": 6, ""min_samples_leaf"": 1, ""criterion"": ""gini"", ""class_weight"": null}"
58,2026-06-05T11:49:41.493311+00:00,extra,ranking_xgb,58,5010,5,1000,0.572969604333461,734,266,0.4989823057619582,"[""V11"", ""V160"", ""V255"", ""V176"", ""V191""]","{""n_estimators"": 264, ""max_depth"": null, ""min_samples_split"": 7, ""min_samples_leaf"": 7, ""criterion"": ""entropy"", ""class_weight"": ""balanced""}"
59,2026-06-05T11:50:26.887225+00:00,extra,ranking_xgb,59,5060,5,996,0.5644275614486682,736,260,0.4994337654147693,"[""V11"", ""V160"", ""V255"", ""V176"", ""V191""]","{""n_estimators"": 341, ""max_depth"": 11, ""min_samples_split"": 2, ""min_samples_leaf"": 8, ""criterion"": ""gini"", ""class_weight"": ""balanced""}"
60,2026-06-05T11:50:55.075716+00:00,extra,ranking_xgb,60,4965,5,1000,0.5329375679297781,731,269,0.4974293513526809,"[""V11"", ""V160"", ""V255"", ""V176"", ""V191""]","{""n_estimators"": 227, ""max_depth"": 5, ""min_samples_split"": 6, ""min_samples_leaf"": 8, ""criterion"": ""gini"", ""class_weight"": null}"
61,2026-06-05T11:51:29.483623+00:00,extra,ranking_xgb,61,5165,5,999,0.5405280740307556,744,255,0.4997879324428324,"[""V11"", ""V160"", ""V255"", ""V176"", ""V191""]","{""n_estimators"": 255, ""max_depth"": 6, ""min_samples_split"": 3, ""min_samples_leaf"": 7, ""criterion"": ""entropy"", ""class_weight"": ""balanced""}"
62,2026-06-05T11:51:50.898826+00:00,extra,ranking_xgb,62,5040,5,1000,0.565612311480959,736,264,0.4993577952536526,"[""V11"", ""V160"", ""V255"", ""V176"", ""V191""]","{""n_estimators"": 149, ""max_depth"": 9, ""min_samples_split"": 4, ""min_samples_leaf"": 3, ""criterion"": ""gini"", ""class_weight"": ""balanced""}"
63,2026-06-05T11:52:01.672751+00:00,extra,ranking_xgb,63,4940,5,999,0.5798245106363512,729,270,0.49942295021199534,"[""V11"", ""V160"", ""V255"", ""V176"", ""V191""]","{""n_estimators"": 68, ""max_depth"": 11, ""min_samples_split"": 2, ""min_samples_leaf"": 2, ""criterion"": ""gini"", ""class_weight"": ""balanced""}"
64,2026-06-05T11:52:14.734485+00:00,extra,ranking_xgb,64,5305,5,995,0.5533160467576175,752,243,0.49747470905425106,"[""V11"", ""V160"", ""V255"", ""V176"", ""V191""]","{""n_estimators"": 94, ""max_depth"": 9, ""min_samples_split"": 6, ""min_samples_leaf"": 8, ""criterion"": ""entropy"", ""class_weight"": null}"
65,2026-06-05T11:52:36.365221+00:00,extra,ranking_xgb,65,5115,5,1000,0.5545679712006284,741,259,0.4972498194933083,"[""V11"", ""V160"", ""V255"", ""V176"", ""V191""]","{""n_estimators"": 169, ""max_depth"": 9, ""min_samples_split"": 8, ""min_samples_leaf"": 7, ""criterion"": ""gini"", ""class_weight"": null}"
66,2026-06-05T11:53:19.047065+00:00,extra,ranking_xgb,66,5030,5,999,0.5464654527588513,735,264,0.49728956976453503,"[""V11"", ""V160"", ""V255"", ""V176"", ""V191""]","{""n_estimators"": 352, ""max_depth"": 8, ""min_samples_split"": 7, ""min_samples_leaf"": 9, ""criterion"": ""entropy"", ""class_weight"": null}"
67,2026-06-05T11:53:29.508517+00:00,extra,ranking_xgb,67,4590,4,977,0.5216670961901615,685,292,0.49746692173799656,"[""V11"", ""V160"", ""V255"", ""V176""]","{""n_estimators"": 70, ""max_depth"": 3, ""min_samples_split"": 6, ""min_samples_leaf"": 8, ""criterion"": ""entropy"", ""class_weight"": null}"
68,2026-06-05T11:54:13.839220+00:00,extra,ranking_xgb,68,5090,5,993,0.521027058317286,737,256,0.4975680849831617,"[""V11"", ""V160"", ""V255"", ""V176"", ""V191""]","{""n_estimators"": 373, ""max_depth"": 3, ""min_samples_split"": 7, ""min_samples_leaf"": 6, ""criterion"": ""gini"", ""class_weight"": null}"
69,2026-06-05T11:55:03.174440+00:00,extra,ranking_xgb,69,5090,5,996,0.5713261251517135,738,258,0.4993911442161496,"[""V11"", ""V160"", ""V255"", ""V176"", ""V191""]","{""n_estimators"": 369, ""max_depth"": 13, ""min_samples_split"": 4, ""min_samples_leaf"": 8, ""criterion"": ""entropy"", ""class_weight"": ""balanced""}"
70,2026-06-05T11:55:18.711195+00:00,extra,ranking_xgb,70,5085,5,997,0.5662445820419424,738,259,0.4993947293012601,"[""V11"", ""V160"", ""V255"", ""V176"", ""V191""]","{""n_estimators"": 104, ""max_depth"": 12, ""min_samples_split"": 5, ""min_samples_leaf"": 8, ""criterion"": ""gini"", ""class_weight"": ""balanced""}"
71,2026-06-05T11:56:03.975104+00:00,extra,ranking_xgb,71,5040,5,1000,0.5194932919390893,736,264,0.4975823391117022,"[""V11"", ""V160"", ""V255"", ""V176"", ""V191""]","{""n_estimators"": 384, ""max_depth"": 3, ""min_samples_split"": 8, ""min_samples_leaf"": 3, ""criterion"": ""entropy"", ""class_weight"": null}"
72,2026-06-05T11:56:24.440744+00:00,extra,ranking_xgb,72,5115,5,1000,0.5426297205457024,741,259,0.4974657778128998,"[""V11"", ""V160"", ""V255"", ""V176"", ""V191""]","{""n_estimators"": 157, ""max_depth"": 7, ""min_samples_split"": 7, ""min_samples_leaf"": 8, ""criterion"": ""gini"", ""class_weight"": null}"
73,2026-06-05T11:57:03.257350+00:00,extra,ranking_xgb,73,4890,5,997,0.5205603708314472,725,272,0.49755161554486915,"[""V11"", ""V160"", ""V255"", ""V176"", ""V191""]","{""n_estimators"": 325, ""max_depth"": 3, ""min_samples_split"": 8, ""min_samples_leaf"": 6, ""criterion"": ""gini"", ""class_weight"": null}"
74,2026-06-05T11:57:57.217710+00:00,extra,ranking_xgb,74,5100,5,1000,0.5431999890465442,740,260,0.4974397990595041,"[""V11"", ""V160"", ""V255"", ""V176"", ""V191""]","{""n_estimators"": 456, ""max_depth"": 6, ""min_samples_split"": 4, ""min_samples_leaf"": 1, ""criterion"": ""gini"", ""class_weight"": null}"
75,2026-06-05T11:58:52.539559+00:00,extra,ranking_xgb,75,5030,5,996,0.566545526008282,734,262,0.497067330512555,"[""V11"", ""V160"", ""V255"", ""V176"", ""V191""]","{""n_estimators"": 464, ""max_depth"": 11, ""min_samples_split"": 5, ""min_samples_leaf"": 5, ""criterion"": ""gini"", ""class_weight"": null}"
76,2026-06-05T11:59:29.107396+00:00,extra,ranking_xgb,76,5225,5,999,0.5596635604815703,748,251,0.4971221606187222,"[""V11"", ""V160"", ""V255"", ""V176"", ""V191""]","{""n_estimators"": 298, ""max_depth"": 9, ""min_samples_split"": 2, ""min_samples_leaf"": 4, ""criterion"": ""entropy"", ""class_weight"": null}"
77,2026-06-05T11:59:55.670624+00:00,extra,ranking_xgb,77,5030,5,999,0.5430978006362824,735,264,0.49740572059727894,"[""V11"", ""V160"", ""V255"", ""V176"", ""V191""]","{""n_estimators"": 211, ""max_depth"": 7, ""min_samples_split"": 9, ""min_samples_leaf"": 8, ""criterion"": ""entropy"", ""class_weight"": null}"
78,2026-06-05T12:00:28.484236+00:00,extra,ranking_xgb,78,5070,5,997,0.5782508750182475,737,260,0.49654413091152727,"[""V11"", ""V160"", ""V255"", ""V176"", ""V191""]","{""n_estimators"": 265, ""max_depth"": 14, ""min_samples_split"": 9, ""min_samples_leaf"": 5, ""criterion"": ""entropy"", ""class_weight"": null}"
79,2026-06-05T12:00:58.670986+00:00,extra,ranking_xgb,79,5010,5,1000,0.533036096022003,734,266,0.4974331768199352,"[""V11"", ""V160"", ""V255"", ""V176"", ""V191""]","{""n_estimators"": 247, ""max_depth"": 5, ""min_samples_split"": 8, ""min_samples_leaf"": 8, ""criterion"": ""gini"", ""class_weight"": null}"
80,2026-06-05T12:01:45.359392+00:00,extra,ranking_xgb,80,5090,5,999,0.5285895322335976,739,260,0.4974823927902952,"[""V11"", ""V160"", ""V255"", ""V176"", ""V191""]","{""n_estimators"": 393, ""max_depth"": 4, ""min_samples_split"": 7, ""min_samples_leaf"": 4, ""criterion"": ""entropy"", ""class_weight"": null}"
81,2026-06-05T12:02:13.455298+00:00,extra,ranking_xgb,81,5070,5,1000,0.5375560529774525,738,262,0.49742180046721207,"[""V11"", ""V160"", ""V255"", ""V176"", ""V191""]","{""n_estimators"": 225, ""max_depth"": 6, ""min_samples_split"": 6, ""min_samples_leaf"": 7, ""criterion"": ""entropy"", ""class_weight"": null}"
82,2026-06-05T12:02:58.682294+00:00,extra,ranking_xgb,82,5030,5,999,0.5547631090640419,735,264,0.4972555718947322,"[""V11"", ""V160"", ""V255"", ""V176"", ""V191""]","{""n_estimators"": 373, ""max_depth"": 10, ""min_samples_split"": 3, ""min_samples_leaf"": 9, ""criterion"": ""entropy"", ""class_weight"": null}"
83,2026-06-05T12:03:21.342645+00:00,extra,ranking_xgb,83,4950,5,1000,0.5273371682837722,730,270,0.497451529422919,"[""V11"", ""V160"", ""V255"", ""V176"", ""V191""]","{""n_estimators"": 181, ""max_depth"": 4, ""min_samples_split"": 4, ""min_samples_leaf"": 4, ""criterion"": ""entropy"", ""class_weight"": null}"
84,2026-06-05T12:03:40.271666+00:00,extra,ranking_xgb,84,5160,5,1000,0.5496270645718435,744,256,0.4997512100653785,"[""V11"", ""V160"", ""V255"", ""V176"", ""V191""]","{""n_estimators"": 132, ""max_depth"": 9, ""min_samples_split"": 9, ""min_samples_leaf"": 9, ""criterion"": ""entropy"", ""class_weight"": ""balanced""}"
85,2026-06-05T12:04:42.839720+00:00,extra,ranking_xgb,85,5070,5,1000,0.5649422895306263,738,262,0.4994153396070933,"[""V11"", ""V160"", ""V255"", ""V176"", ""V191""]","{""n_estimators"": 476, ""max_depth"": 13, ""min_samples_split"": 3, ""min_samples_leaf"": 9, ""criterion"": ""entropy"", ""class_weight"": ""balanced""}"
86,2026-06-05T12:05:31.748330+00:00,extra,ranking_xgb,86,5145,5,1000,0.5326339116600204,743,257,0.49748478198322865,"[""V11"", ""V160"", ""V255"", ""V176"", ""V191""]","{""n_estimators"": 412, ""max_depth"": 5, ""min_samples_split"": 2, ""min_samples_leaf"": 5, ""criterion"": ""gini"", ""class_weight"": null}"
87,2026-06-05T12:05:56.745620+00:00,extra,ranking_xgb,87,5090,5,999,0.5857612876242414,739,260,0.49647435106456517,"[""V11"", ""V160"", ""V255"", ""V176"", ""V191""]","{""n_estimators"": 198, ""max_depth"": 14, ""min_samples_split"": 2, ""min_samples_leaf"": 4, ""criterion"": ""gini"", ""class_weight"": null}"
88,2026-06-05T12:06:47.267043+00:00,extra,ranking_xgb,88,5005,5,998,0.5277526681417357,733,265,0.49987105381612285,"[""V11"", ""V160"", ""V255"", ""V176"", ""V191""]","{""n_estimators"": 383, ""max_depth"": 4, ""min_samples_split"": 5, ""min_samples_leaf"": 7, ""criterion"": ""gini"", ""class_weight"": ""balanced""}"
89,2026-06-05T12:07:28.081739+00:00,extra,ranking_xgb,89,5040,5,1000,0.5568962719135723,736,264,0.49725672410346944,"[""V11"", ""V160"", ""V255"", ""V176"", ""V191""]","{""n_estimators"": 338, ""max_depth"": 8, ""min_samples_split"": 9, ""min_samples_leaf"": 2, ""criterion"": ""gini"", ""class_weight"": null}"
90,2026-06-05T12:08:27.277455+00:00,extra,ranking_xgb,90,5010,5,1000,0.5230907601834621,734,266,0.49990878488287854,"[""V11"", ""V160"", ""V255"", ""V176"", ""V191""]","{""n_estimators"": 453, ""max_depth"": 3, ""min_samples_split"": 8, ""min_samples_leaf"": 5, ""criterion"": ""entropy"", ""class_weight"": ""balanced""}"
91,2026-06-05T12:09:14.609473+00:00,extra,ranking_xgb,91,5100,5,1000,0.5356634678567062,740,260,0.4976211607153316,"[""V11"", ""V160"", ""V255"", ""V176"", ""V191""]","{""n_estimators"": 397, ""max_depth"": 5, ""min_samples_split"": 7, ""min_samples_leaf"": 3, ""criterion"": ""gini"", ""class_weight"": null}"
92,2026-06-05T12:09:45.748469+00:00,extra,ranking_xgb,92,4840,5,992,0.5241851970176842,720,272,0.49987955682860213,"[""V11"", ""V160"", ""V255"", ""V176"", ""V191""]","{""n_estimators"": 228, ""max_depth"": 3, ""min_samples_split"": 8, ""min_samples_leaf"": 3, ""criterion"": ""gini"", ""class_weight"": ""balanced""}"
93,2026-06-05T12:10:10.040736+00:00,extra,ranking_xgb,93,5100,5,1000,0.5548021253466295,740,260,0.49941030726474844,"[""V11"", ""V160"", ""V255"", ""V176"", ""V191""]","{""n_estimators"": 172, ""max_depth"": 8, ""min_samples_split"": 4, ""min_samples_leaf"": 4, ""criterion"": ""entropy"", ""class_weight"": ""balanced""}"
94,2026-06-05T12:11:11.764360+00:00,extra,ranking_xgb,94,5070,5,1000,0.5600706023709388,738,262,0.4995007693241885,"[""V11"", ""V160"", ""V255"", ""V176"", ""V191""]","{""n_estimators"": 471, ""max_depth"": 9, ""min_samples_split"": 5, ""min_samples_leaf"": 5, ""criterion"": ""entropy"", ""class_weight"": ""balanced""}"
95,2026-06-05T12:11:44.488626+00:00,extra,ranking_xgb,95,5145,5,997,0.5731791002013309,742,255,0.4987235879081818,"[""V11"", ""V160"", ""V255"", ""V176"", ""V191""]","{""n_estimators"": 237, ""max_depth"": 10, ""min_samples_split"": 4, ""min_samples_leaf"": 1, ""criterion"": ""gini"", ""class_weight"": ""balanced""}"
96,2026-06-05T12:12:38.864624+00:00,extra,ranking_xgb,96,5080,5,998,0.5841165786091417,738,260,0.4964206545654908,"[""V11"", ""V160"", ""V255"", ""V176"", ""V191""]","{""n_estimators"": 456, ""max_depth"": 14, ""min_samples_split"": 3, ""min_samples_leaf"": 4, ""criterion"": ""gini"", ""class_weight"": null}"
97,2026-06-05T12:12:56.477572+00:00,extra,ranking_xgb,97,5040,5,1000,0.5433064131162401,736,264,0.4972992542870154,"[""V11"", ""V160"", ""V255"", ""V176"", ""V191""]","{""n_estimators"": 134, ""max_depth"": 7, ""min_samples_split"": 4, ""min_samples_leaf"": 7, ""criterion"": ""entropy"", ""class_weight"": null}"
98,2026-06-05T12:13:15.041761+00:00,extra,ranking_xgb,98,5145,5,1000,0.5338783685491996,743,257,0.49738667650812113,"[""V11"", ""V160"", ""V255"", ""V176"", ""V191""]","{""n_estimators"": 140, ""max_depth"": 5, ""min_samples_split"": 5, ""min_samples_leaf"": 4, ""criterion"": ""entropy"", ""class_weight"": null}"
99,2026-06-05T12:13:28.015907+00:00,extra,ranking_xgb,99,5110,5,998,0.5487486191035059,740,258,0.4971999752044252,"[""V11"", ""V160"", ""V255"", ""V176"", ""V191""]","{""n_estimators"": 92, ""max_depth"": 7, ""min_samples_split"": 6, ""min_samples_leaf"": 2, ""criterion"": ""gini"", ""class_weight"": null}"
100,2026-06-05T12:13:53.032421+00:00,extra,ranking_xgb,100,4950,5,1000,0.5497323205120709,730,270,0.4997349005326043,"[""V11"", ""V160"", ""V255"", ""V176"", ""V191""]","{""n_estimators"": 179, ""max_depth"": 8, ""min_samples_split"": 5, ""min_samples_leaf"": 9, ""criterion"": ""entropy"", ""class_weight"": ""balanced""}"
101,2026-06-05T12:14:01.635446+00:00,extra,ranking_xgb,101,4995,5,1000,0.525381543897477,733,267,0.49743399790304865,"[""V11"", ""V160"", ""V255"", ""V176"", ""V191""]","{""n_estimators"": 58, ""max_depth"": 4, ""min_samples_split"": 2, ""min_samples_leaf"": 4, ""criterion"": ""entropy"", ""class_weight"": null}"
102,2026-06-05T12:14:50.030358+00:00,extra,ranking_xgb,102,5085,5,1000,0.5791515747087185,739,261,0.49678542678845306,"[""V11"", ""V160"", ""V255"", ""V176"", ""V191""]","{""n_estimators"": 401, ""max_depth"": 11, ""min_samples_split"": 5, ""min_samples_leaf"": 2, ""criterion"": ""gini"", ""class_weight"": null}"
103,2026-06-05T12:15:30.957042+00:00,extra,ranking_xgb,103,5130,5,988,0.5303999683796712,738,250,0.4998042994110419,"[""V11"", ""V160"", ""V255"", ""V176"", ""V191""]","{""n_estimators"": 306, ""max_depth"": 4, ""min_samples_split"": 5, ""min_samples_leaf"": 3, ""criterion"": ""entropy"", ""class_weight"": ""balanced""}"
104,2026-06-05T12:16:13.119297+00:00,extra,ranking_xgb,104,5025,5,1000,0.5825158132350184,735,265,0.49860716497980145,"[""V11"", ""V160"", ""V255"", ""V176"", ""V191""]","{""n_estimators"": 313, ""max_depth"": 13, ""min_samples_split"": 3, ""min_samples_leaf"": 4, ""criterion"": ""entropy"", ""class_weight"": ""balanced""}"
105,2026-06-05T12:16:30.568980+00:00,extra,ranking_xgb,105,5080,5,998,0.5795010658270773,738,260,0.49844284298611347,"[""V11"", ""V160"", ""V255"", ""V176"", ""V191""]","{""n_estimators"": 119, ""max_depth"": null, ""min_samples_split"": 3, ""min_samples_leaf"": 7, ""criterion"": ""gini"", ""class_weight"": ""balanced""}"
106,2026-06-05T12:17:03.694221+00:00,extra,ranking_xgb,106,5130,5,1000,0.5649358423181047,742,258,0.49925463044507334,"[""V11"", ""V160"", ""V255"", ""V176"", ""V191""]","{""n_estimators"": 242, ""max_depth"": 11, ""min_samples_split"": 7, ""min_samples_leaf"": 7, ""criterion"": ""entropy"", ""class_weight"": ""balanced""}"
107,2026-06-05T12:17:58.779473+00:00,extra,ranking_xgb,107,5025,5,1000,0.5659861760664834,735,265,0.4992429299475839,"[""V11"", ""V160"", ""V255"", ""V176"", ""V191""]","{""n_estimators"": 416, ""max_depth"": 13, ""min_samples_split"": 4, ""min_samples_leaf"": 8, ""criterion"": ""entropy"", ""class_weight"": ""balanced""}"
108,2026-06-05T12:18:13.496184+00:00,extra,ranking_xgb,108,5165,5,996,0.5312807139031767,743,253,0.49743418649017895,"[""V11"", ""V160"", ""V255"", ""V176"", ""V191""]","{""n_estimators"": 112, ""max_depth"": 5, ""min_samples_split"": 2, ""min_samples_leaf"": 7, ""criterion"": ""entropy"", ""class_weight"": null}"
109,2026-06-05T12:18:32.975698+00:00,extra,ranking_xgb,109,5015,5,999,0.5287484872324877,734,265,0.4975966567996378,"[""V11"", ""V160"", ""V255"", ""V176"", ""V191""]","{""n_estimators"": 149, ""max_depth"": 4, ""min_samples_split"": 9, ""min_samples_leaf"": 2, ""criterion"": ""gini"", ""class_weight"": null}"
110,2026-06-05T12:19:10.776600+00:00,extra,ranking_xgb,110,5160,5,1000,0.539326409923518,744,256,0.4974355278274696,"[""V11"", ""V160"", ""V255"", ""V176"", ""V191""]","{""n_estimators"": 312, ""max_depth"": 6, ""min_samples_split"": 7, ""min_samples_leaf"": 6, ""criterion"": ""gini"", ""class_weight"": null}"
111,2026-06-05T12:19:33.445190+00:00,extra,ranking_xgb,111,5070,5,1000,0.5553651027053054,738,262,0.49721348484241024,"[""V11"", ""V160"", ""V255"", ""V176"", ""V191""]","{""n_estimators"": 178, ""max_depth"": 8, ""min_samples_split"": 5, ""min_samples_leaf"": 1, ""criterion"": ""gini"", ""class_weight"": null}"
112,2026-06-05T12:20:19.695488+00:00,extra,ranking_xgb,112,5100,5,1000,0.533863329993768,740,260,0.49747605504753556,"[""V11"", ""V160"", ""V255"", ""V176"", ""V191""]","{""n_estimators"": 390, ""max_depth"": 5, ""min_samples_split"": 6, ""min_samples_leaf"": 5, ""criterion"": ""entropy"", ""class_weight"": null}"
113,2026-06-05T12:20:39.540891+00:00,extra,ranking_xgb,113,4980,5,1000,0.552059728772864,732,268,0.49716501064360946,"[""V11"", ""V160"", ""V255"", ""V176"", ""V191""]","{""n_estimators"": 150, ""max_depth"": 9, ""min_samples_split"": 5, ""min_samples_leaf"": 9, ""criterion"": ""entropy"", ""class_weight"": null}"
114,2026-06-05T12:21:10.194949+00:00,extra,ranking_xgb,114,4925,8,999,0.5920741841418548,768,231,0.49585392369750536,"[""V11"", ""V160"", ""V255"", ""V176"", ""V191"", ""V224"", ""V215"", ""V380""]","{""n_estimators"": 215, ""max_depth"": null, ""min_samples_split"": 6, ""min_samples_leaf"": 3, ""criterion"": ""entropy"", ""class_weight"": ""balanced""}"
115,2026-06-05T12:21:26.198439+00:00,extra,ranking_xgb,115,4980,5,1000,0.5329890452324367,732,268,0.4975416443608721,"[""V11"", ""V160"", ""V255"", ""V176"", ""V191""]","{""n_estimators"": 124, ""max_depth"": 5, ""min_samples_split"": 5, ""min_samples_leaf"": 7, ""criterion"": ""gini"", ""class_weight"": null}"
116,2026-06-05T12:22:09.192676+00:00,extra,ranking_xgb,116,5055,5,1000,0.5442532914869853,737,263,0.49973778676456876,"[""V11"", ""V160"", ""V255"", ""V176"", ""V191""]","{""n_estimators"": 324, ""max_depth"": 6, ""min_samples_split"": 2, ""min_samples_leaf"": 3, ""criterion"": ""gini"", ""class_weight"": ""balanced""}"
117,2026-06-05T12:22:57.385628+00:00,extra,ranking_xgb,117,5000,5,999,0.572314952483876,733,266,0.4992650106688096,"[""V11"", ""V160"", ""V255"", ""V176"", ""V191""]","{""n_estimators"": 359, ""max_depth"": 13, ""min_samples_split"": 5, ""min_samples_leaf"": 7, ""criterion"": ""entropy"", ""class_weight"": ""balanced""}"
118,2026-06-05T12:23:20.447134+00:00,extra,ranking_xgb,118,4995,5,1000,0.5382464195646717,733,267,0.4997630292664448,"[""V11"", ""V160"", ""V255"", ""V176"", ""V191""]","{""n_estimators"": 162, ""max_depth"": 5, ""min_samples_split"": 2, ""min_samples_leaf"": 2, ""criterion"": ""gini"", ""class_weight"": ""balanced""}"
119,2026-06-05T12:23:57.857146+00:00,extra,ranking_xgb,119,5010,5,1000,0.585256774112304,734,266,0.49660079299953774,"[""V11"", ""V160"", ""V255"", ""V176"", ""V191""]","{""n_estimators"": 306, ""max_depth"": 13, ""min_samples_split"": 9, ""min_samples_leaf"": 3, ""criterion"": ""gini"", ""class_weight"": null}"
120,2026-06-05T12:24:53.041632+00:00,extra,ranking_xgb,120,4995,5,1000,0.5397803272071288,733,267,0.4973606404880144,"[""V11"", ""V160"", ""V255"", ""V176"", ""V191""]","{""n_estimators"": 468, ""max_depth"": 6, ""min_samples_split"": 4, ""min_samples_leaf"": 7, ""criterion"": ""gini"", ""class_weight"": null}"
121,2026-06-05T12:25:23.026457+00:00,extra,ranking_xgb,121,5235,5,1000,0.5572683776779713,749,251,0.4993757272907156,"[""V11"", ""V160"", ""V255"", ""V176"", ""V191""]","{""n_estimators"": 217, ""max_depth"": 10, ""min_samples_split"": 2, ""min_samples_leaf"": 9, ""criterion"": ""gini"", ""class_weight"": ""balanced""}"
122,2026-06-05T12:26:07.123386+00:00,extra,ranking_xgb,122,4980,5,1000,0.5190661638534478,732,268,0.49754491358988673,"[""V11"", ""V160"", ""V255"", ""V176"", ""V191""]","{""n_estimators"": 372, ""max_depth"": 3, ""min_samples_split"": 7, ""min_samples_leaf"": 9, ""criterion"": ""gini"", ""class_weight"": null}"
123,2026-06-05T12:27:01.503593+00:00,extra,ranking_xgb,123,5100,5,1000,0.5585737819531366,740,260,0.4972734341702957,"[""V11"", ""V160"", ""V255"", ""V176"", ""V191""]","{""n_estimators"": 460, ""max_depth"": 10, ""min_samples_split"": 4, ""min_samples_leaf"": 7, ""criterion"": ""gini"", ""class_weight"": null}"
124,2026-06-05T12:27:57.536689+00:00,extra,ranking_xgb,124,4960,5,998,0.6093651954942004,730,268,0.4975659524675111,"[""V11"", ""V160"", ""V255"", ""V176"", ""V191""]","{""n_estimators"": 415, ""max_depth"": null, ""min_samples_split"": 8, ""min_samples_leaf"": 3, ""criterion"": ""entropy"", ""class_weight"": ""balanced""}"
125,2026-06-05T12:28:25.858117+00:00,extra,ranking_xgb,125,5010,5,1000,0.538304027934462,734,266,0.4997672158704074,"[""V11"", ""V160"", ""V255"", ""V176"", ""V191""]","{""n_estimators"": 206, ""max_depth"": 6, ""min_samples_split"": 3, ""min_samples_leaf"": 8, ""criterion"": ""gini"", ""class_weight"": ""balanced""}"
126,2026-06-05T12:29:24.188027+00:00,extra,ranking_xgb,126,5025,5,1000,0.535420585622911,735,265,0.4974840364808868,"[""V11"", ""V160"", ""V255"", ""V176"", ""V191""]","{""n_estimators"": 495, ""max_depth"": 5, ""min_samples_split"": 7, ""min_samples_leaf"": 3, ""criterion"": ""gini"", ""class_weight"": null}"
127,2026-06-05T12:30:12.693589+00:00,extra,ranking_xgb,127,5195,5,999,0.5781387768264062,746,253,0.49686482705270985,"[""V11"", ""V160"", ""V255"", ""V176"", ""V191""]","{""n_estimators"": 408, ""max_depth"": 11, ""min_samples_split"": 9, ""min_samples_leaf"": 2, ""criterion"": ""gini"", ""class_weight"": null}"
128,2026-06-05T12:30:47.368756+00:00,extra,ranking_xgb,128,4950,5,1000,0.6098277663594087,730,270,0.4966887336995276,"[""V11"", ""V160"", ""V255"", ""V176"", ""V191""]","{""n_estimators"": 251, ""max_depth"": null, ""min_samples_split"": 6, ""min_samples_leaf"": 3, ""criterion"": ""gini"", ""class_weight"": ""balanced""}"
129,2026-06-05T12:31:18.711587+00:00,extra,ranking_xgb,129,5060,5,999,0.5345173395771701,737,262,0.49744963064816494,"[""V11"", ""V160"", ""V255"", ""V176"", ""V191""]","{""n_estimators"": 260, ""max_depth"": 5, ""min_samples_split"": 5, ""min_samples_leaf"": 6, ""criterion"": ""entropy"", ""class_weight"": null}"
130,2026-06-05T12:31:39.495670+00:00,extra,ranking_xgb,130,4965,5,1000,0.563705187949725,731,269,0.49942326065213655,"[""V11"", ""V160"", ""V255"", ""V176"", ""V191""]","{""n_estimators"": 145, ""max_depth"": 11, ""min_samples_split"": 9, ""min_samples_leaf"": 9, ""criterion"": ""entropy"", ""class_weight"": ""balanced""}"
131,2026-06-05T12:32:33.766320+00:00,extra,ranking_xgb,131,5040,5,1000,0.5647792391219387,736,264,0.4971481267173534,"[""V11"", ""V160"", ""V255"", ""V176"", ""V191""]","{""n_estimators"": 459, ""max_depth"": 10, ""min_samples_split"": 7, ""min_samples_leaf"": 4, ""criterion"": ""entropy"", ""class_weight"": null}"
132,2026-06-05T12:33:29.137763+00:00,extra,ranking_xgb,132,5090,5,999,0.5452423787852885,739,260,0.499704617799899,"[""V11"", ""V160"", ""V255"", ""V176"", ""V191""]","{""n_estimators"": 421, ""max_depth"": 7, ""min_samples_split"": 8, ""min_samples_leaf"": 8, ""criterion"": ""entropy"", ""class_weight"": ""balanced""}"
133,2026-06-05T12:34:17.213266+00:00,extra,ranking_xgb,133,5120,5,999,0.5566854443745731,741,258,0.49721078308766226,"[""V11"", ""V160"", ""V255"", ""V176"", ""V191""]","{""n_estimators"": 403, ""max_depth"": 8, ""min_samples_split"": 4, ""min_samples_leaf"": 2, ""criterion"": ""gini"", ""class_weight"": null}"
134,2026-06-05T12:34:43.842796+00:00,extra,ranking_xgb,134,5070,5,1000,0.5530021082276123,738,262,0.497355281396781,"[""V11"", ""V160"", ""V255"", ""V176"", ""V191""]","{""n_estimators"": 211, ""max_depth"": 9, ""min_samples_split"": 2, ""min_samples_leaf"": 9, ""criterion"": ""entropy"", ""class_weight"": null}"
135,2026-06-05T12:34:57.623854+00:00,extra,ranking_xgb,135,5280,5,1000,0.5560407372238433,752,248,0.49990843497546905,"[""V11"", ""V160"", ""V255"", ""V176"", ""V191""]","{""n_estimators"": 88, ""max_depth"": 9, ""min_samples_split"": 2, ""min_samples_leaf"": 8, ""criterion"": ""gini"", ""class_weight"": ""balanced""}"
136,2026-06-05T12:35:23.949942+00:00,extra,ranking_xgb,136,5105,5,999,0.566551939441763,740,259,0.4968216111297612,"[""V11"", ""V160"", ""V255"", ""V176"", ""V191""]","{""n_estimators"": 209, ""max_depth"": 12, ""min_samples_split"": 5, ""min_samples_leaf"": 6, ""criterion"": ""entropy"", ""class_weight"": null}"
137,2026-06-05T12:36:01.051931+00:00,extra,ranking_xgb,137,5115,5,994,0.5685954071392533,739,255,0.4992357169125173,"[""V11"", ""V160"", ""V255"", ""V176"", ""V191""]","{""n_estimators"": 273, ""max_depth"": 11, ""min_samples_split"": 3, ""min_samples_leaf"": 6, ""criterion"": ""entropy"", ""class_weight"": ""balanced""}"
138,2026-06-05T12:36:33.866734+00:00,extra,ranking_xgb,138,5020,5,998,0.5194058793772818,734,264,0.4975495134740875,"[""V11"", ""V160"", ""V255"", ""V176"", ""V191""]","{""n_estimators"": 272, ""max_depth"": 3, ""min_samples_split"": 8, ""min_samples_leaf"": 4, ""criterion"": ""gini"", ""class_weight"": null}"
139,2026-06-05T12:37:10.258517+00:00,extra,ranking_xgb,139,5055,5,1000,0.5358935422472755,737,263,0.4975514197024673,"[""V11"", ""V160"", ""V255"", ""V176"", ""V191""]","{""n_estimators"": 300, ""max_depth"": 5, ""min_samples_split"": 3, ""min_samples_leaf"": 2, ""criterion"": ""entropy"", ""class_weight"": null}"
140,2026-06-05T12:37:19.278688+00:00,extra,ranking_xgb,140,5130,5,1000,0.59100562138474,742,258,0.4980605428981112,"[""V11"", ""V160"", ""V255"", ""V176"", ""V191""]","{""n_estimators"": 54, ""max_depth"": null, ""min_samples_split"": 2, ""min_samples_leaf"": 5, ""criterion"": ""entropy"", ""class_weight"": ""balanced""}"
141,2026-06-05T12:37:41.442000+00:00,extra,ranking_xgb,141,5100,5,1000,0.5674525150676281,740,260,0.4994337825222124,"[""V11"", ""V160"", ""V255"", ""V176"", ""V191""]","{""n_estimators"": 154, ""max_depth"": 14, ""min_samples_split"": 8, ""min_samples_leaf"": 8, ""criterion"": ""gini"", ""class_weight"": ""balanced""}"
142,2026-06-05T12:38:03.009042+00:00,extra,ranking_xgb,142,4980,5,1000,0.557014891187748,732,268,0.49731038148139867,"[""V11"", ""V160"", ""V255"", ""V176"", ""V191""]","{""n_estimators"": 168, ""max_depth"": 10, ""min_samples_split"": 3, ""min_samples_leaf"": 8, ""criterion"": ""gini"", ""class_weight"": null}"
143,2026-06-05T12:38:46.825167+00:00,extra,ranking_xgb,143,5060,5,999,0.5804786289450804,737,262,0.49886789682573124,"[""V11"", ""V160"", ""V255"", ""V176"", ""V191""]","{""n_estimators"": 327, ""max_depth"": 11, ""min_samples_split"": 7, ""min_samples_leaf"": 1, ""criterion"": ""entropy"", ""class_weight"": ""balanced""}"
144,2026-06-05T12:39:04.918921+00:00,extra,ranking_xgb,144,5005,5,995,0.5301423763013574,732,263,0.49985384401411265,"[""V11"", ""V160"", ""V255"", ""V176"", ""V191""]","{""n_estimators"": 128, ""max_depth"": 4, ""min_samples_split"": 3, ""min_samples_leaf"": 2, ""criterion"": ""gini"", ""class_weight"": ""balanced""}"
145,2026-06-05T12:39:53.600499+00:00,extra,ranking_xgb,145,5115,5,1000,0.5528585056475982,741,259,0.4971964540159499,"[""V11"", ""V160"", ""V255"", ""V176"", ""V191""]","{""n_estimators"": 409, ""max_depth"": 9, ""min_samples_split"": 6, ""min_samples_leaf"": 9, ""criterion"": ""gini"", ""class_weight"": null}"
146,2026-06-05T12:40:07.247756+00:00,extra,ranking_xgb,146,5025,5,1000,0.576362282462685,735,265,0.4988587958629144,"[""V11"", ""V160"", ""V255"", ""V176"", ""V191""]","{""n_estimators"": 87, ""max_depth"": 14, ""min_samples_split"": 4, ""min_samples_leaf"": 7, ""criterion"": ""entropy"", ""class_weight"": ""balanced""}"
147,2026-06-05T12:41:01.127262+00:00,extra,ranking_xgb,147,5055,5,997,0.5280181034940401,736,261,0.49756113867061585,"[""V11"", ""V160"", ""V255"", ""V176"", ""V191""]","{""n_estimators"": 461, ""max_depth"": 4, ""min_samples_split"": 4, ""min_samples_leaf"": 2, ""criterion"": ""gini"", ""class_weight"": null}"
148,2026-06-05T12:41:33.321349+00:00,extra,ranking_xgb,148,5015,5,999,0.5620166313388422,734,265,0.49703467814305,"[""V11"", ""V160"", ""V255"", ""V176"", ""V191""]","{""n_estimators"": 264, ""max_depth"": 11, ""min_samples_split"": 2, ""min_samples_leaf"": 8, ""criterion"": ""gini"", ""class_weight"": null}"
149,2026-06-05T12:41:50.461033+00:00,extra,ranking_xgb,149,5010,5,1000,0.5527933292505326,734,266,0.49714050337430027,"[""V11"", ""V160"", ""V255"", ""V176"", ""V191""]","{""n_estimators"": 133, ""max_depth"": 8, ""min_samples_split"": 5, ""min_samples_leaf"": 4, ""criterion"": ""gini"", ""class_weight"": null}"
150,2026-06-05T12:42:32.890801+00:00,extra,ranking_xgb,150,4975,5,998,0.521419349508962,731,267,0.4975739562385614,"[""V11"", ""V160"", ""V255"", ""V176"", ""V191""]","{""n_estimators"": 355, ""max_depth"": 3, ""min_samples_split"": 6, ""min_samples_leaf"": 6, ""criterion"": ""gini"", ""class_weight"": null}"
151,2026-06-05T12:43:10.517624+00:00,extra,ranking_xgb,151,4965,5,1000,0.5529143935599056,731,269,0.49959944927757016,"[""V11"", ""V160"", ""V255"", ""V176"", ""V191""]","{""n_estimators"": 278, ""max_depth"": 7, ""min_samples_split"": 4, ""min_samples_leaf"": 1, ""criterion"": ""entropy"", ""class_weight"": ""balanced""}"
152,2026-06-05T12:44:10.539006+00:00,extra,ranking_xgb,152,4995,5,1000,0.5743804932512656,733,267,0.4990113842703776,"[""V11"", ""V160"", ""V255"", ""V176"", ""V191""]","{""n_estimators"": 458, ""max_depth"": 13, ""min_samples_split"": 4, ""min_samples_leaf"": 6, ""criterion"": ""entropy"", ""class_weight"": ""balanced""}"
153,2026-06-05T12:44:46.944790+00:00,extra,ranking_xgb,153,5055,5,1000,0.5782712070009745,737,263,0.4991191340671805,"[""V11"", ""V160"", ""V255"", ""V176"", ""V191""]","{""n_estimators"": 270, ""max_depth"": 14, ""min_samples_split"": 9, ""min_samples_leaf"": 6, ""criterion"": ""entropy"", ""class_weight"": ""balanced""}"
154,2026-06-05T12:45:07.913383+00:00,extra,ranking_xgb,154,5105,5,996,0.5667637924788341,739,257,0.49913943542580264,"[""V11"", ""V160"", ""V255"", ""V176"", ""V191""]","{""n_estimators"": 145, ""max_depth"": 9, ""min_samples_split"": 6, ""min_samples_leaf"": 1, ""criterion"": ""gini"", ""class_weight"": ""balanced""}"
155,2026-06-05T12:45:53.051876+00:00,extra,ranking_xgb,155,5045,5,999,0.5332733218077008,736,263,0.4974909664491428,"[""V11"", ""V160"", ""V255"", ""V176"", ""V191""]","{""n_estimators"": 379, ""max_depth"": 5, ""min_samples_split"": 7, ""min_samples_leaf"": 6, ""criterion"": ""entropy"", ""class_weight"": null}"
156,2026-06-05T12:46:50.603080+00:00,extra,ranking_xgb,156,5045,5,999,0.5604779837341894,736,263,0.49714621691749,"[""V11"", ""V160"", ""V255"", ""V176"", ""V191""]","{""n_estimators"": 486, ""max_depth"": 11, ""min_samples_split"": 3, ""min_samples_leaf"": 8, ""criterion"": ""entropy"", ""class_weight"": null}"
157,2026-06-05T12:47:05.053730+00:00,extra,ranking_xgb,157,5085,5,1000,0.5641398056221064,739,261,0.4995226940906385,"[""V11"", ""V160"", ""V255"", ""V176"", ""V191""]","{""n_estimators"": 94, ""max_depth"": 9, ""min_samples_split"": 6, ""min_samples_leaf"": 3, ""criterion"": ""entropy"", ""class_weight"": ""balanced""}"
158,2026-06-05T12:47:35.292476+00:00,extra,ranking_xgb,158,5055,5,1000,0.5772211539110335,737,263,0.4991124176587542,"[""V11"", ""V160"", ""V255"", ""V176"", ""V191""]","{""n_estimators"": 218, ""max_depth"": 11, ""min_samples_split"": 5, ""min_samples_leaf"": 3, ""criterion"": ""entropy"", ""class_weight"": ""balanced""}"
159,2026-06-05T12:48:36.024566+00:00,extra,ranking_xgb,159,5070,5,1000,0.5630865303036424,738,262,0.4993703120561412,"[""V11"", ""V160"", ""V255"", ""V176"", ""V191""]","{""n_estimators"": 463, ""max_depth"": 12, ""min_samples_split"": 8, ""min_samples_leaf"": 9, ""criterion"": ""gini"", ""class_weight"": ""balanced""}"
160,2026-06-05T12:48:45.048186+00:00,extra,ranking_xgb,160,4970,5,999,0.5480499224984294,731,268,0.49726486724674296,"[""V11"", ""V160"", ""V255"", ""V176"", ""V191""]","{""n_estimators"": 61, ""max_depth"": 8, ""min_samples_split"": 9, ""min_samples_leaf"": 8, ""criterion"": ""gini"", ""class_weight"": null}"
161,2026-06-05T12:49:33.005663+00:00,extra,ranking_xgb,161,4855,5,998,0.5190216376296325,723,275,0.49751692199416536,"[""V11"", ""V160"", ""V255"", ""V176"", ""V191""]","{""n_estimators"": 410, ""max_depth"": 3, ""min_samples_split"": 4, ""min_samples_leaf"": 9, ""criterion"": ""entropy"", ""class_weight"": null}"
162,2026-06-05T12:49:51.416728+00:00,extra,ranking_xgb,162,5160,5,1000,0.5696569189381335,744,256,0.499139327913889,"[""V11"", ""V160"", ""V255"", ""V176"", ""V191""]","{""n_estimators"": 128, ""max_depth"": 10, ""min_samples_split"": 5, ""min_samples_leaf"": 4, ""criterion"": ""gini"", ""class_weight"": ""balanced""}"
163,2026-06-05T12:50:57.463495+00:00,extra,ranking_xgb,163,4905,5,1000,0.6089502833678531,727,273,0.49725192153200715,"[""V11"", ""V160"", ""V255"", ""V176"", ""V191""]","{""n_estimators"": 493, ""max_depth"": null, ""min_samples_split"": 5, ""min_samples_leaf"": 3, ""criterion"": ""gini"", ""class_weight"": ""balanced""}"
164,2026-06-05T12:51:50.506320+00:00,extra,ranking_xgb,164,5120,5,999,0.5594535245841596,741,258,0.49947979342806775,"[""V11"", ""V160"", ""V255"", ""V176"", ""V191""]","{""n_estimators"": 403, ""max_depth"": 10, ""min_samples_split"": 8, ""min_samples_leaf"": 8, ""criterion"": ""entropy"", ""class_weight"": ""balanced""}"
165,2026-06-05T12:52:12.040522+00:00,extra,ranking_xgb,165,5040,5,1000,0.5195924362626873,736,264,0.4974476105819062,"[""V11"", ""V160"", ""V255"", ""V176"", ""V191""]","{""n_estimators"": 170, ""max_depth"": 3, ""min_samples_split"": 4, ""min_samples_leaf"": 1, ""criterion"": ""entropy"", ""class_weight"": null}"
166,2026-06-05T12:53:11.529266+00:00,extra,ranking_xgb,166,4980,5,1000,0.5643269565854262,732,268,0.4969122884150628,"[""V11"", ""V160"", ""V255"", ""V176"", ""V191""]","{""n_estimators"": 498, ""max_depth"": null, ""min_samples_split"": 4, ""min_samples_leaf"": 9, ""criterion"": ""gini"", ""class_weight"": null}"
167,2026-06-05T12:53:19.572105+00:00,extra,ranking_xgb,167,4910,5,987,0.524915550399762,723,264,0.4975199039498011,"[""V11"", ""V160"", ""V255"", ""V176"", ""V191""]","{""n_estimators"": 55, ""max_depth"": 4, ""min_samples_split"": 3, ""min_samples_leaf"": 7, ""criterion"": ""entropy"", ""class_weight"": null}"
168,2026-06-05T12:54:03.814104+00:00,extra,ranking_xgb,168,5090,5,999,0.5327331079680493,739,260,0.49757032289270425,"[""V11"", ""V160"", ""V255"", ""V176"", ""V191""]","{""n_estimators"": 371, ""max_depth"": 5, ""min_samples_split"": 4, ""min_samples_leaf"": 6, ""criterion"": ""gini"", ""class_weight"": null}"
169,2026-06-05T12:54:35.750949+00:00,extra,ranking_xgb,169,5070,5,1000,0.563983208972792,738,262,0.49703367621824673,"[""V11"", ""V160"", ""V255"", ""V176"", ""V191""]","{""n_estimators"": 263, ""max_depth"": 13, ""min_samples_split"": 9, ""min_samples_leaf"": 8, ""criterion"": ""gini"", ""class_weight"": null}"
170,2026-06-05T12:55:21.070472+00:00,extra,ranking_xgb,170,5045,5,993,0.5419022305905262,734,259,0.4997110342490896,"[""V11"", ""V160"", ""V255"", ""V176"", ""V191""]","{""n_estimators"": 341, ""max_depth"": 6, ""min_samples_split"": 3, ""min_samples_leaf"": 6, ""criterion"": ""gini"", ""class_weight"": ""balanced""}"
171,2026-06-05T12:56:15.783799+00:00,extra,ranking_xgb,171,5055,5,997,0.5790241437316217,736,261,0.49652352786244874,"[""V11"", ""V160"", ""V255"", ""V176"", ""V191""]","{""n_estimators"": 460, ""max_depth"": 14, ""min_samples_split"": 9, ""min_samples_leaf"": 5, ""criterion"": ""entropy"", ""class_weight"": null}"
172,2026-06-05T12:57:14.867748+00:00,extra,ranking_xgb,172,5030,5,993,0.5717507032035635,733,260,0.4968703707603323,"[""V11"", ""V160"", ""V255"", ""V176"", ""V191""]","{""n_estimators"": 495, ""max_depth"": 14, ""min_samples_split"": 2, ""min_samples_leaf"": 7, ""criterion"": ""entropy"", ""class_weight"": null}"
173,2026-06-05T12:57:58.783636+00:00,extra,ranking_xgb,173,5060,5,999,0.5526193109569096,737,262,0.4996431261472456,"[""V11"", ""V160"", ""V255"", ""V176"", ""V191""]","{""n_estimators"": 332, ""max_depth"": 7, ""min_samples_split"": 3, ""min_samples_leaf"": 3, ""criterion"": ""gini"", ""class_weight"": ""balanced""}"
174,2026-06-05T12:58:33.225505+00:00,extra,ranking_xgb,174,5190,5,1000,0.549604361676559,746,254,0.4973269933839707,"[""V11"", ""V160"", ""V255"", ""V176"", ""V191""]","{""n_estimators"": 279, ""max_depth"": 7, ""min_samples_split"": 6, ""min_samples_leaf"": 1, ""criterion"": ""entropy"", ""class_weight"": null}"
175,2026-06-05T12:59:15.675991+00:00,extra,ranking_xgb,175,5005,5,998,0.5759893929577938,733,265,0.49676288398509577,"[""V11"", ""V160"", ""V255"", ""V176"", ""V191""]","{""n_estimators"": 351, ""max_depth"": 14, ""min_samples_split"": 7, ""min_samples_leaf"": 5, ""criterion"": ""gini"", ""class_weight"": null}"
176,2026-06-05T12:59:59.044802+00:00,extra,ranking_xgb,176,5010,5,997,0.5557773878443569,733,264,0.49951852127800683,"[""V11"", ""V160"", ""V255"", ""V176"", ""V191""]","{""n_estimators"": 326, ""max_depth"": 9, ""min_samples_split"": 6, ""min_samples_leaf"": 7, ""criterion"": ""gini"", ""class_weight"": ""balanced""}"
177,2026-06-05T13:00:48.724579+00:00,extra,ranking_xgb,177,4920,5,1000,0.5807650613660886,728,272,0.49857933823339756,"[""V11"", ""V160"", ""V255"", ""V176"", ""V191""]","{""n_estimators"": 370, ""max_depth"": null, ""min_samples_split"": 7, ""min_samples_leaf"": 6, ""criterion"": ""gini"", ""class_weight"": ""balanced""}"
178,2026-06-05T13:01:02.310625+00:00,extra,ranking_xgb,178,5115,5,1000,0.5331792963574385,741,259,0.49743519170383205,"[""V11"", ""V160"", ""V255"", ""V176"", ""V191""]","{""n_estimators"": 99, ""max_depth"": 5, ""min_samples_split"": 9, ""min_samples_leaf"": 7, ""criterion"": ""entropy"", ""class_weight"": null}"
179,2026-06-05T13:01:33.772050+00:00,extra,ranking_xgb,179,4820,5,999,0.5247444925080846,721,278,0.4998752151861818,"[""V11"", ""V160"", ""V255"", ""V176"", ""V191""]","{""n_estimators"": 232, ""max_depth"": 3, ""min_samples_split"": 7, ""min_samples_leaf"": 4, ""criterion"": ""entropy"", ""class_weight"": ""balanced""}"
180,2026-06-05T13:02:33.280552+00:00,extra,ranking_xgb,180,4965,5,1000,0.5335568196603168,731,269,0.49977455128041026,"[""V11"", ""V160"", ""V255"", ""V176"", ""V191""]","{""n_estimators"": 459, ""max_depth"": 5, ""min_samples_split"": 5, ""min_samples_leaf"": 8, ""criterion"": ""gini"", ""class_weight"": ""balanced""}"
181,2026-06-05T13:03:12.383381+00:00,extra,ranking_xgb,181,5010,5,1000,0.5300260778505832,734,266,0.4999238751551202,"[""V11"", ""V160"", ""V255"", ""V176"", ""V191""]","{""n_estimators"": 291, ""max_depth"": 4, ""min_samples_split"": 8, ""min_samples_leaf"": 6, ""criterion"": ""gini"", ""class_weight"": ""balanced""}"
182,2026-06-05T13:03:53.263815+00:00,extra,ranking_xgb,182,5085,5,997,0.580823924762416,738,259,0.4986206156411189,"[""V11"", ""V160"", ""V255"", ""V176"", ""V191""]","{""n_estimators"": 303, ""max_depth"": 11, ""min_samples_split"": 3, ""min_samples_leaf"": 2, ""criterion"": ""gini"", ""class_weight"": ""balanced""}"
183,2026-06-05T13:04:41.946383+00:00,extra,ranking_xgb,183,5035,5,986,0.5555369184211452,731,255,0.4996375783479007,"[""V11"", ""V160"", ""V255"", ""V176"", ""V191""]","{""n_estimators"": 367, ""max_depth"": 9, ""min_samples_split"": 8, ""min_samples_leaf"": 9, ""criterion"": ""entropy"", ""class_weight"": ""balanced""}"
184,2026-06-05T13:05:27.550869+00:00,extra,ranking_xgb,184,4965,5,994,0.5234244458828958,729,265,0.4999594297126391,"[""V11"", ""V160"", ""V255"", ""V176"", ""V191""]","{""n_estimators"": 343, ""max_depth"": 3, ""min_samples_split"": 6, ""min_samples_leaf"": 2, ""criterion"": ""gini"", ""class_weight"": ""balanced""}"
185,2026-06-05T13:06:30.165939+00:00,extra,ranking_xgb,185,5175,5,1000,0.5457542077935577,745,255,0.49969098443039395,"[""V11"", ""V160"", ""V255"", ""V176"", ""V191""]","{""n_estimators"": 480, ""max_depth"": 6, ""min_samples_split"": 6, ""min_samples_leaf"": 1, ""criterion"": ""gini"", ""class_weight"": ""balanced""}"
186,2026-06-05T13:07:11.683791+00:00,extra,ranking_xgb,186,4995,8,1000,0.5833508900430664,773,227,0.49754785784751704,"[""V11"", ""V160"", ""V255"", ""V176"", ""V191"", ""V224"", ""V215"", ""V380""]","{""n_estimators"": 306, ""max_depth"": 14, ""min_samples_split"": 3, ""min_samples_leaf"": 2, ""criterion"": ""gini"", ""class_weight"": ""balanced""}"
187,2026-06-05T13:07:39.624848+00:00,extra,ranking_xgb,187,5035,5,995,0.5482972185581626,734,261,0.4973908518351247,"[""V11"", ""V160"", ""V255"", ""V176"", ""V191""]","{""n_estimators"": 223, ""max_depth"": 7, ""min_samples_split"": 6, ""min_samples_leaf"": 2, ""criterion"": ""entropy"", ""class_weight"": null}"
188,2026-06-05T13:08:02.089093+00:00,extra,ranking_xgb,188,5160,5,1000,0.5499492685948815,744,256,0.4996426778865933,"[""V11"", ""V160"", ""V255"", ""V176"", ""V191""]","{""n_estimators"": 157, ""max_depth"": 7, ""min_samples_split"": 8, ""min_samples_leaf"": 3, ""criterion"": ""entropy"", ""class_weight"": ""balanced""}"
189,2026-06-05T13:08:41.615951+00:00,extra,ranking_xgb,189,4965,5,1000,0.5970674003812647,731,269,0.4961001490759541,"[""V11"", ""V160"", ""V255"", ""V176"", ""V191""]","{""n_estimators"": 324, ""max_depth"": 14, ""min_samples_split"": 4, ""min_samples_leaf"": 2, ""criterion"": ""gini"", ""class_weight"": null}"
190,2026-06-05T13:08:58.097179+00:00,extra,ranking_xgb,190,5045,5,999,0.558269050543759,736,263,0.4995442451550383,"[""V11"", ""V160"", ""V255"", ""V176"", ""V191""]","{""n_estimators"": 113, ""max_depth"": 9, ""min_samples_split"": 2, ""min_samples_leaf"": 6, ""criterion"": ""entropy"", ""class_weight"": ""balanced""}"
191,2026-06-05T13:09:14.430259+00:00,extra,ranking_xgb,191,5025,5,1000,0.5204597254282486,735,265,0.4975670508874705,"[""V11"", ""V160"", ""V255"", ""V176"", ""V191""]","{""n_estimators"": 128, ""max_depth"": 3, ""min_samples_split"": 6, ""min_samples_leaf"": 6, ""criterion"": ""gini"", ""class_weight"": null}"
192,2026-06-05T13:10:11.832163+00:00,extra,ranking_xgb,192,5015,5,996,0.570837316213346,733,263,0.4969127560323336,"[""V11"", ""V160"", ""V255"", ""V176"", ""V191""]","{""n_estimators"": 483, ""max_depth"": 14, ""min_samples_split"": 5, ""min_samples_leaf"": 7, ""criterion"": ""gini"", ""class_weight"": null}"
193,2026-06-05T13:10:33.206659+00:00,extra,ranking_xgb,193,5135,5,999,0.5480527998101368,742,257,0.4995702349341551,"[""V11"", ""V160"", ""V255"", ""V176"", ""V191""]","{""n_estimators"": 148, ""max_depth"": 7, ""min_samples_split"": 9, ""min_samples_leaf"": 7, ""criterion"": ""entropy"", ""class_weight"": ""balanced""}"
194,2026-06-05T13:11:12.290914+00:00,extra,ranking_xgb,194,5130,5,1000,0.5577400709288396,742,258,0.4994315443852802,"[""V11"", ""V160"", ""V255"", ""V176"", ""V191""]","{""n_estimators"": 288, ""max_depth"": 10, ""min_samples_split"": 8, ""min_samples_leaf"": 7, ""criterion"": ""entropy"", ""class_weight"": ""balanced""}"
195,2026-06-05T13:11:49.486468+00:00,extra,ranking_xgb,195,5015,5,993,0.56646831661178,732,261,0.4994192562849028,"[""V11"", ""V160"", ""V255"", ""V176"", ""V191""]","{""n_estimators"": 275, ""max_depth"": 11, ""min_samples_split"": 4, ""min_samples_leaf"": 7, ""criterion"": ""gini"", ""class_weight"": ""balanced""}"
196,2026-06-05T13:12:34.840664+00:00,extra,ranking_xgb,196,4995,5,991,0.5675634566680618,730,261,0.49926010603889626,"[""V11"", ""V160"", ""V255"", ""V176"", ""V191""]","{""n_estimators"": 341, ""max_depth"": 11, ""min_samples_split"": 3, ""min_samples_leaf"": 6, ""criterion"": ""entropy"", ""class_weight"": ""balanced""}"
197,2026-06-05T13:12:47.466682+00:00,extra,ranking_xgb,197,4985,5,999,0.5667644850817148,732,267,0.4994997521591968,"[""V11"", ""V160"", ""V255"", ""V176"", ""V191""]","{""n_estimators"": 78, ""max_depth"": 12, ""min_samples_split"": 2, ""min_samples_leaf"": 8, ""criterion"": ""gini"", ""class_weight"": ""balanced""}"
198,2026-06-05T13:13:30.620804+00:00,extra,ranking_xgb,198,5105,5,999,0.5679872435794814,740,259,0.4991162094094223,"[""V11"", ""V160"", ""V255"", ""V176"", ""V191""]","{""n_estimators"": 323, ""max_depth"": 10, ""min_samples_split"": 6, ""min_samples_leaf"": 4, ""criterion"": ""gini"", ""class_weight"": ""balanced""}"
199,2026-06-05T13:14:12.451322+00:00,extra,ranking_xgb,199,4895,5,999,0.6100678701684152,726,273,0.49725910520522937,"[""V11"", ""V160"", ""V255"", ""V176"", ""V191""]","{""n_estimators"": 304, ""max_depth"": null, ""min_samples_split"": 9, ""min_samples_leaf"": 3, ""criterion"": ""entropy"", ""class_weight"": ""balanced""}"
200,2026-06-05T13:15:07.890964+00:00,extra,ranking_xgb,200,5115,5,1000,0.5482310543016831,741,259,0.49742619512780784,"[""V11"", ""V160"", ""V255"", ""V176"", ""V191""]","{""n_estimators"": 470, ""max_depth"": 7, ""min_samples_split"": 8, ""min_samples_leaf"": 1, ""criterion"": ""entropy"", ""class_weight"": null}"
201,2026-06-05T13:15:54.717652+00:00,extra,ranking_xgb,201,4695,9,999,0.6402786144578312,766,233,0.48672090828313247,"[""V11"", ""V160"", ""V255"", ""V176"", ""V191"", ""V224"", ""V215"", ""V380"", ""V342""]","{""n_estimators"": 332, ""max_depth"": null, ""min_samples_split"": 3, ""min_samples_leaf"": 1, ""criterion"": ""gini"", ""class_weight"": ""balanced""}"
202,2026-06-05T13:16:02.330510+00:00,extra,ranking_xgb,202,4785,5,1000,0.5194683527585989,719,281,0.4975212874873618,"[""V11"", ""V160"", ""V255"", ""V176"", ""V191""]","{""n_estimators"": 50, ""max_depth"": 3, ""min_samples_split"": 3, ""min_samples_leaf"": 1, ""criterion"": ""entropy"", ""class_weight"": null}"
203,2026-06-05T13:16:56.132235+00:00,extra,ranking_xgb,203,5130,5,1000,0.5618093151789216,742,258,0.49693404898515253,"[""V11"", ""V160"", ""V255"", ""V176"", ""V191""]","{""n_estimators"": 453, ""max_depth"": 14, ""min_samples_split"": 9, ""min_samples_leaf"": 9, ""criterion"": ""entropy"", ""class_weight"": null}"
204,2026-06-05T13:17:16.351445+00:00,extra,ranking_xgb,204,4910,5,999,0.5206322411769626,727,272,0.49760933589660233,"[""V11"", ""V160"", ""V255"", ""V176"", ""V191""]","{""n_estimators"": 158, ""max_depth"": 3, ""min_samples_split"": 7, ""min_samples_leaf"": 3, ""criterion"": ""gini"", ""class_weight"": null}"
205,2026-06-05T13:17:33.142836+00:00,extra,ranking_xgb,205,4965,5,1000,0.5525992979751383,731,269,0.49949579900411734,"[""V11"", ""V160"", ""V255"", ""V176"", ""V191""]","{""n_estimators"": 115, ""max_depth"": 8, ""min_samples_split"": 6, ""min_samples_leaf"": 6, ""criterion"": ""gini"", ""class_weight"": ""balanced""}"
206,2026-06-05T13:18:22.342755+00:00,extra,ranking_xgb,206,5080,5,995,0.5490996245704731,737,258,0.49951539714191984,"[""V11"", ""V160"", ""V255"", ""V176"", ""V191""]","{""n_estimators"": 372, ""max_depth"": 8, ""min_samples_split"": 6, ""min_samples_leaf"": 9, ""criterion"": ""entropy"", ""class_weight"": ""balanced""}"
207,2026-06-05T13:19:01.858899+00:00,extra,ranking_xgb,207,5025,5,1000,0.5662365625264921,735,265,0.49695491537629205,"[""V11"", ""V160"", ""V255"", ""V176"", ""V191""]","{""n_estimators"": 327, ""max_depth"": null, ""min_samples_split"": 4, ""min_samples_leaf"": 9, ""criterion"": ""gini"", ""class_weight"": null}"
208,2026-06-05T13:19:10.877642+00:00,extra,ranking_xgb,208,4950,5,997,0.5604201030938387,729,268,0.4994583307247497,"[""V11"", ""V160"", ""V255"", ""V176"", ""V191""]","{""n_estimators"": 56, ""max_depth"": 10, ""min_samples_split"": 4, ""min_samples_leaf"": 6, ""criterion"": ""gini"", ""class_weight"": ""balanced""}"
209,2026-06-05T13:20:11.041632+00:00,extra,ranking_xgb,209,5220,5,1000,0.5403475187013285,748,252,0.4997829746664393,"[""V11"", ""V160"", ""V255"", ""V176"", ""V191""]","{""n_estimators"": 464, ""max_depth"": 6, ""min_samples_split"": 8, ""min_samples_leaf"": 7, ""criterion"": ""gini"", ""class_weight"": ""balanced""}"
210,2026-06-05T13:20:47.990232+00:00,extra,ranking_xgb,210,5120,5,999,0.571715840242731,741,258,0.4987478907286455,"[""V11"", ""V160"", ""V255"", ""V176"", ""V191""]","{""n_estimators"": 272, ""max_depth"": 10, ""min_samples_split"": 7, ""min_samples_leaf"": 1, ""criterion"": ""gini"", ""class_weight"": ""balanced""}"
211,2026-06-05T13:20:56.841539+00:00,extra,ranking_xgb,211,4965,5,997,0.5509098494282869,730,267,0.4974762126064452,"[""V11"", ""V160"", ""V255"", ""V176"", ""V191""]","{""n_estimators"": 60, ""max_depth"": 8, ""min_samples_split"": 9, ""min_samples_leaf"": 6, ""criterion"": ""gini"", ""class_weight"": null}"
212,2026-06-05T13:21:38.638900+00:00,extra,ranking_xgb,212,5040,5,997,0.5669146478140924,735,262,0.49928087514076785,"[""V11"", ""V160"", ""V255"", ""V176"", ""V191""]","{""n_estimators"": 312, ""max_depth"": 11, ""min_samples_split"": 8, ""min_samples_leaf"": 7, ""criterion"": ""entropy"", ""class_weight"": ""balanced""}"
213,2026-06-05T13:22:22.260159+00:00,extra,ranking_xgb,213,5015,5,996,0.5571946680458852,733,263,0.49950608731125795,"[""V11"", ""V160"", ""V255"", ""V176"", ""V191""]","{""n_estimators"": 330, ""max_depth"": 8, ""min_samples_split"": 7, ""min_samples_leaf"": 3, ""criterion"": ""gini"", ""class_weight"": ""balanced""}"
214,2026-06-05T13:23:08.610659+00:00,extra,ranking_xgb,214,5055,5,1000,0.5317458832122248,737,263,0.499853816614154,"[""V11"", ""V160"", ""V255"", ""V176"", ""V191""]","{""n_estimators"": 349, ""max_depth"": 4, ""min_samples_split"": 6, ""min_samples_leaf"": 1, ""criterion"": ""entropy"", ""class_weight"": ""balanced""}"
215,2026-06-05T13:23:30.083095+00:00,extra,ranking_xgb,215,5085,5,1000,0.57095923766454,739,261,0.49697405386877425,"[""V11"", ""V160"", ""V255"", ""V176"", ""V191""]","{""n_estimators"": 167, ""max_depth"": 10, ""min_samples_split"": 3, ""min_samples_leaf"": 2, ""criterion"": ""entropy"", ""class_weight"": null}"
216,2026-06-05T13:24:30.934145+00:00,extra,ranking_xgb,216,5050,5,992,0.5833187695469254,734,258,0.49868516225557324,"[""V11"", ""V160"", ""V255"", ""V176"", ""V191""]","{""n_estimators"": 460, ""max_depth"": null, ""min_samples_split"": 6, ""min_samples_leaf"": 6, ""criterion"": ""entropy"", ""class_weight"": ""balanced""}"
217,2026-06-05T13:25:06.044309+00:00,extra,ranking_xgb,217,5040,5,1000,0.5322480313444679,736,264,0.4974235492318294,"[""V11"", ""V160"", ""V255"", ""V176"", ""V191""]","{""n_estimators"": 290, ""max_depth"": 5, ""min_samples_split"": 4, ""min_samples_leaf"": 8, ""criterion"": ""gini"", ""class_weight"": null}"
218,2026-06-05T13:25:32.866954+00:00,extra,ranking_xgb,218,5040,5,1000,0.542604198336508,736,264,0.4999093780772246,"[""V11"", ""V160"", ""V255"", ""V176"", ""V191""]","{""n_estimators"": 196, ""max_depth"": 6, ""min_samples_split"": 6, ""min_samples_leaf"": 7, ""criterion"": ""gini"", ""class_weight"": ""balanced""}"
219,2026-06-05T13:25:50.890235+00:00,extra,ranking_xgb,219,5130,5,1000,0.540124401936055,742,258,0.4997526028057753,"[""V11"", ""V160"", ""V255"", ""V176"", ""V191""]","{""n_estimators"": 127, ""max_depth"": 6, ""min_samples_split"": 8, ""min_samples_leaf"": 9, ""criterion"": ""gini"", ""class_weight"": ""balanced""}"
220,2026-06-05T13:26:56.635345+00:00,extra,ranking_xgb,220,5085,5,1000,0.5933631661689112,739,261,0.4980672529361929,"[""V11"", ""V160"", ""V255"", ""V176"", ""V191""]","{""n_estimators"": 499, ""max_depth"": 13, ""min_samples_split"": 6, ""min_samples_leaf"": 1, ""criterion"": ""entropy"", ""class_weight"": ""balanced""}"
221,2026-06-05T13:27:52.068110+00:00,extra,ranking_xgb,221,5015,5,996,0.5784749398414374,733,263,0.4990485045346875,"[""V11"", ""V160"", ""V255"", ""V176"", ""V191""]","{""n_estimators"": 421, ""max_depth"": 13, ""min_samples_split"": 6, ""min_samples_leaf"": 5, ""criterion"": ""gini"", ""class_weight"": ""balanced""}"
222,2026-06-05T13:28:42.324581+00:00,extra,ranking_xgb,222,5105,5,999,0.5364807449432338,740,259,0.49983204912674317,"[""V11"", ""V160"", ""V255"", ""V176"", ""V191""]","{""n_estimators"": 382, ""max_depth"": 5, ""min_samples_split"": 8, ""min_samples_leaf"": 5, ""criterion"": ""entropy"", ""class_weight"": ""balanced""}"
223,2026-06-05T13:29:08.127663+00:00,extra,ranking_xgb,223,5115,5,1000,0.5876771924721698,741,259,0.4986938177304129,"[""V11"", ""V160"", ""V255"", ""V176"", ""V191""]","{""n_estimators"": 184, ""max_depth"": 14, ""min_samples_split"": 7, ""min_samples_leaf"": 4, ""criterion"": ""gini"", ""class_weight"": ""balanced""}"
224,2026-06-05T13:29:18.105730+00:00,extra,ranking_xgb,224,5145,5,1000,0.546141640755508,743,257,0.49709768802019155,"[""V11"", ""V160"", ""V255"", ""V176"", ""V191""]","{""n_estimators"": 67, ""max_depth"": 7, ""min_samples_split"": 8, ""min_samples_leaf"": 3, ""criterion"": ""entropy"", ""class_weight"": null}"
225,2026-06-05T13:30:12.056346+00:00,extra,ranking_xgb,225,4970,5,999,0.5197968689595065,731,268,0.49755847577489676,"[""V11"", ""V160"", ""V255"", ""V176"", ""V191""]","{""n_estimators"": 462, ""max_depth"": 3, ""min_samples_split"": 7, ""min_samples_leaf"": 8, ""criterion"": ""gini"", ""class_weight"": null}"
226,2026-06-05T13:30:41.503916+00:00,extra,ranking_xgb,226,5025,5,1000,0.5881832635188198,735,265,0.49864181333839536,"[""V11"", ""V160"", ""V255"", ""V176"", ""V191""]","{""n_estimators"": 213, ""max_depth"": 13, ""min_samples_split"": 2, ""min_samples_leaf"": 3, ""criterion"": ""gini"", ""class_weight"": ""balanced""}"
227,2026-06-05T13:31:30.702374+00:00,extra,ranking_xgb,227,5085,5,1000,0.5539323426543173,739,261,0.4995356408122703,"[""V11"", ""V160"", ""V255"", ""V176"", ""V191""]","{""n_estimators"": 370, ""max_depth"": 9, ""min_samples_split"": 4, ""min_samples_leaf"": 9, ""criterion"": ""gini"", ""class_weight"": ""balanced""}"
228,2026-06-05T13:31:43.648536+00:00,extra,ranking_xgb,228,5165,5,999,0.5536317075979525,744,255,0.49979077423157175,"[""V11"", ""V160"", ""V255"", ""V176"", ""V191""]","{""n_estimators"": 82, ""max_depth"": 8, ""min_samples_split"": 2, ""min_samples_leaf"": 9, ""criterion"": ""entropy"", ""class_weight"": ""balanced""}"
229,2026-06-05T13:32:41.403463+00:00,extra,ranking_xgb,229,5085,5,1000,0.5864399104995878,739,261,0.4987601032050521,"[""V11"", ""V160"", ""V255"", ""V176"", ""V191""]","{""n_estimators"": 439, ""max_depth"": 14, ""min_samples_split"": 2, ""min_samples_leaf"": 4, ""criterion"": ""gini"", ""class_weight"": ""balanced""}"
230,2026-06-05T13:33:33.282921+00:00,extra,ranking_xgb,230,5085,5,1000,0.5681810002205266,739,261,0.49924120669673666,"[""V11"", ""V160"", ""V255"", ""V176"", ""V191""]","{""n_estimators"": 395, ""max_depth"": 10, ""min_samples_split"": 7, ""min_samples_leaf"": 4, ""criterion"": ""gini"", ""class_weight"": ""balanced""}"
231,2026-06-05T13:34:10.800285+00:00,extra,ranking_xgb,231,5055,5,1000,0.5911279527938634,737,263,0.49528294981035415,"[""V11"", ""V160"", ""V255"", ""V176"", ""V191""]","{""n_estimators"": 306, ""max_depth"": 13, ""min_samples_split"": 2, ""min_samples_leaf"": 1, ""criterion"": ""gini"", ""class_weight"": null}"
232,2026-06-05T13:34:29.065219+00:00,extra,ranking_xgb,232,4990,5,992,0.589279625949178,730,262,0.4966294866319581,"[""V11"", ""V160"", ""V255"", ""V176"", ""V191""]","{""n_estimators"": 137, ""max_depth"": null, ""min_samples_split"": 2, ""min_samples_leaf"": 5, ""criterion"": ""gini"", ""class_weight"": null}"
233,2026-06-05T13:35:32.938026+00:00,extra,ranking_xgb,233,5135,5,987,0.5413305917173554,738,249,0.49974461435200385,"[""V11"", ""V160"", ""V255"", ""V176"", ""V191""]","{""n_estimators"": 489, ""max_depth"": 6, ""min_samples_split"": 7, ""min_samples_leaf"": 6, ""criterion"": ""gini"", ""class_weight"": ""balanced""}"
234,2026-06-05T13:36:19.035450+00:00,extra,ranking_xgb,234,4995,5,1000,0.5869102212792636,733,267,0.498775718763504,"[""V11"", ""V160"", ""V255"", ""V176"", ""V191""]","{""n_estimators"": 345, ""max_depth"": 12, ""min_samples_split"": 7, ""min_samples_leaf"": 2, ""criterion"": ""gini"", ""class_weight"": ""balanced""}"
235,2026-06-05T13:37:19.686126+00:00,extra,ranking_xgb,235,5125,5,995,0.5521083055359726,740,255,0.49968491829675815,"[""V11"", ""V160"", ""V255"", ""V176"", ""V191""]","{""n_estimators"": 465, ""max_depth"": 7, ""min_samples_split"": 6, ""min_samples_leaf"": 2, ""criterion"": ""entropy"", ""class_weight"": ""balanced""}"
236,2026-06-05T13:38:19.528052+00:00,extra,ranking_xgb,236,5145,5,1000,0.5536015934018841,743,257,0.49969136235836686,"[""V11"", ""V160"", ""V255"", ""V176"", ""V191""]","{""n_estimators"": 458, ""max_depth"": 7, ""min_samples_split"": 8, ""min_samples_leaf"": 2, ""criterion"": ""gini"", ""class_weight"": ""balanced""}"
237,2026-06-05T13:39:11.390215+00:00,extra,ranking_xgb,237,5100,5,1000,0.5640996552087519,740,260,0.4969027489441765,"[""V11"", ""V160"", ""V255"", ""V176"", ""V191""]","{""n_estimators"": 435, ""max_depth"": 12, ""min_samples_split"": 4, ""min_samples_leaf"": 7, ""criterion"": ""entropy"", ""class_weight"": null}"
238,2026-06-05T13:40:00.431723+00:00,extra,ranking_xgb,238,4995,5,1000,0.5784902801355926,733,267,0.4990495985057711,"[""V11"", ""V160"", ""V255"", ""V176"", ""V191""]","{""n_estimators"": 369, ""max_depth"": 11, ""min_samples_split"": 6, ""min_samples_leaf"": 3, ""criterion"": ""entropy"", ""class_weight"": ""balanced""}"
239,2026-06-05T13:40:13.870483+00:00,extra,ranking_xgb,239,4920,5,1000,0.5810007832024101,728,272,0.49904149651891166,"[""V11"", ""V160"", ""V255"", ""V176"", ""V191""]","{""n_estimators"": 85, ""max_depth"": 14, ""min_samples_split"": 8, ""min_samples_leaf"": 6, ""criterion"": ""entropy"", ""class_weight"": ""balanced""}"
240,2026-06-05T13:41:15.411226+00:00,extra,ranking_xgb,240,5060,5,999,0.5218332302473216,737,262,0.4999248228249525,"[""V11"", ""V160"", ""V255"", ""V176"", ""V191""]","{""n_estimators"": 474, ""max_depth"": 3, ""min_samples_split"": 7, ""min_samples_leaf"": 9, ""criterion"": ""gini"", ""class_weight"": ""balanced""}"
241,2026-06-05T13:41:41.954954+00:00,extra,ranking_xgb,241,5040,5,994,0.5616850500785254,734,260,0.4995812108702903,"[""V11"", ""V160"", ""V255"", ""V176"", ""V191""]","{""n_estimators"": 193, ""max_depth"": 11, ""min_samples_split"": 6, ""min_samples_leaf"": 8, ""criterion"": ""gini"", ""class_weight"": ""balanced""}"
242,2026-06-05T13:42:38.513639+00:00,extra,ranking_xgb,242,5045,5,993,0.563902409769177,734,259,0.4970366511599892,"[""V11"", ""V160"", ""V255"", ""V176"", ""V191""]","{""n_estimators"": 478, ""max_depth"": 13, ""min_samples_split"": 8, ""min_samples_leaf"": 8, ""criterion"": ""gini"", ""class_weight"": null}"
243,2026-06-05T13:43:02.328414+00:00,extra,ranking_xgb,243,5025,5,1000,0.54817932709129,735,265,0.4973723136282189,"[""V11"", ""V160"", ""V255"", ""V176"", ""V191""]","{""n_estimators"": 192, ""max_depth"": 7, ""min_samples_split"": 9, ""min_samples_leaf"": 3, ""criterion"": ""gini"", ""class_weight"": null}"
244,2026-06-05T13:43:52.899348+00:00,extra,ranking_xgb,244,5045,5,999,0.5670695021785362,736,263,0.4970291276534766,"[""V11"", ""V160"", ""V255"", ""V176"", ""V191""]","{""n_estimators"": 425, ""max_depth"": 10, ""min_samples_split"": 3, ""min_samples_leaf"": 3, ""criterion"": ""entropy"", ""class_weight"": null}"
245,2026-06-05T13:44:04.202755+00:00,extra,ranking_xgb,245,5085,5,994,0.5611596462477163,737,257,0.4969845318926651,"[""V11"", ""V160"", ""V255"", ""V176"", ""V191""]","{""n_estimators"": 76, ""max_depth"": 14, ""min_samples_split"": 2, ""min_samples_leaf"": 9, ""criterion"": ""entropy"", ""class_weight"": null}"
246,2026-06-05T13:44:47.189135+00:00,extra,ranking_xgb,246,4940,5,999,0.5257242927952901,729,270,0.49752354172758795,"[""V11"", ""V160"", ""V255"", ""V176"", ""V191""]","{""n_estimators"": 359, ""max_depth"": 4, ""min_samples_split"": 5, ""min_samples_leaf"": 8, ""criterion"": ""entropy"", ""class_weight"": null}"
247,2026-06-05T13:45:43.513891+00:00,extra,ranking_xgb,247,5145,5,1000,0.5845547858899126,743,257,0.4962592174231957,"[""V11"", ""V160"", ""V255"", ""V176"", ""V191""]","{""n_estimators"": 470, ""max_depth"": null, ""min_samples_split"": 8, ""min_samples_leaf"": 5, ""criterion"": ""entropy"", ""class_weight"": null}"
248,2026-06-05T13:46:08.211360+00:00,extra,ranking_xgb,248,5060,5,999,0.5533361455075734,737,262,0.49943652403637534,"[""V11"", ""V160"", ""V255"", ""V176"", ""V191""]","{""n_estimators"": 177, ""max_depth"": 9, ""min_samples_split"": 5, ""min_samples_leaf"": 9, ""criterion"": ""entropy"", ""class_weight"": ""balanced""}"
249,2026-06-05T13:46:48.941096+00:00,extra,ranking_xgb,249,4995,5,1000,0.5508133183194208,733,267,0.49964202260719665,"[""V11"", ""V160"", ""V255"", ""V176"", ""V191""]","{""n_estimators"": 304, ""max_depth"": 8, ""min_samples_split"": 5, ""min_samples_leaf"": 7, ""criterion"": ""entropy"", ""class_weight"": ""balanced""}"
250,2026-06-05T13:47:27.485404+00:00,extra,ranking_xgb,250,5080,5,995,0.5407545405419607,737,258,0.497509818698672,"[""V11"", ""V160"", ""V255"", ""V176"", ""V191""]","{""n_estimators"": 322, ""max_depth"": 6, ""min_samples_split"": 9, ""min_samples_leaf"": 5, ""criterion"": ""entropy"", ""class_weight"": null}"
251,2026-06-05T13:48:22.757164+00:00,extra,ranking_xgb,251,5115,5,1000,0.5587793675983305,741,259,0.49952816100128294,"[""V11"", ""V160"", ""V255"", ""V176"", ""V191""]","{""n_estimators"": 416, ""max_depth"": 8, ""min_samples_split"": 7, ""min_samples_leaf"": 1, ""criterion"": ""entropy"", ""class_weight"": ""balanced""}"
252,2026-06-05T13:49:09.921560+00:00,extra,ranking_xgb,252,5090,5,999,0.563346789425229,739,260,0.49712708879508116,"[""V11"", ""V160"", ""V255"", ""V176"", ""V191""]","{""n_estimators"": 395, ""max_depth"": 9, ""min_samples_split"": 5, ""min_samples_leaf"": 2, ""criterion"": ""entropy"", ""class_weight"": null}"
253,2026-06-05T13:49:35.544052+00:00,extra,ranking_xgb,253,5040,5,1000,0.5713813987784786,736,264,0.4968290924897595,"[""V11"", ""V160"", ""V255"", ""V176"", ""V191""]","{""n_estimators"": 205, ""max_depth"": 14, ""min_samples_split"": 8, ""min_samples_leaf"": 7, ""criterion"": ""gini"", ""class_weight"": null}"
254,2026-06-05T13:50:13.768631+00:00,extra,ranking_xgb,254,5035,5,998,0.561357526754466,735,263,0.49721080644642435,"[""V11"", ""V160"", ""V255"", ""V176"", ""V191""]","{""n_estimators"": 317, ""max_depth"": 10, ""min_samples_split"": 7, ""min_samples_leaf"": 6, ""criterion"": ""entropy"", ""class_weight"": null}"
255,2026-06-05T13:50:58.606962+00:00,extra,ranking_xgb,255,5085,5,1000,0.5431135291939068,739,261,0.4974881296888043,"[""V11"", ""V160"", ""V255"", ""V176"", ""V191""]","{""n_estimators"": 376, ""max_depth"": 7, ""min_samples_split"": 3, ""min_samples_leaf"": 7, ""criterion"": ""entropy"", ""class_weight"": null}"
256,2026-06-05T13:51:46.716328+00:00,extra,ranking_xgb,256,5070,5,997,0.5761168457648159,737,260,0.4990923456812143,"[""V11"", ""V160"", ""V255"", ""V176"", ""V191""]","{""n_estimators"": 357, ""max_depth"": null, ""min_samples_split"": 3, ""min_samples_leaf"": 7, ""criterion"": ""entropy"", ""class_weight"": ""balanced""}"
257,2026-06-05T13:52:13.194316+00:00,extra,ranking_xgb,257,5115,5,1000,0.5511512352389208,741,259,0.4971743135303801,"[""V11"", ""V160"", ""V255"", ""V176"", ""V191""]","{""n_estimators"": 210, ""max_depth"": 9, ""min_samples_split"": 4, ""min_samples_leaf"": 8, ""criterion"": ""entropy"", ""class_weight"": null}"
258,2026-06-05T13:53:10.929815+00:00,extra,ranking_xgb,258,5115,5,1000,0.5465729004683382,741,259,0.4997678406049283,"[""V11"", ""V160"", ""V255"", ""V176"", ""V191""]","{""n_estimators"": 440, ""max_depth"": 7, ""min_samples_split"": 9, ""min_samples_leaf"": 7, ""criterion"": ""entropy"", ""class_weight"": ""balanced""}"
259,2026-06-05T13:53:44.754957+00:00,extra,ranking_xgb,259,4965,5,997,0.5742259264132469,730,267,0.4992269861882012,"[""V11"", ""V160"", ""V255"", ""V176"", ""V191""]","{""n_estimators"": 249, ""max_depth"": 12, ""min_samples_split"": 3, ""min_samples_leaf"": 6, ""criterion"": ""gini"", ""class_weight"": ""balanced""}"
260,2026-06-05T13:54:05.238400+00:00,extra,ranking_xgb,260,5010,5,1000,0.5970326894236594,734,266,0.49614268647056,"[""V11"", ""V160"", ""V255"", ""V176"", ""V191""]","{""n_estimators"": 154, ""max_depth"": null, ""min_samples_split"": 3, ""min_samples_leaf"": 4, ""criterion"": ""gini"", ""class_weight"": null}"
261,2026-06-05T13:54:14.081948+00:00,extra,ranking_xgb,261,4995,5,1000,0.5280397828679628,733,267,0.4974271833025523,"[""V11"", ""V160"", ""V255"", ""V176"", ""V191""]","{""n_estimators"": 60, ""max_depth"": 5, ""min_samples_split"": 9, ""min_samples_leaf"": 7, ""criterion"": ""gini"", ""class_weight"": null}"
262,2026-06-05T13:54:50.989045+00:00,extra,ranking_xgb,262,5115,5,997,0.5551260458623004,740,257,0.4995412630708455,"[""V11"", ""V160"", ""V255"", ""V176"", ""V191""]","{""n_estimators"": 274, ""max_depth"": 8, ""min_samples_split"": 9, ""min_samples_leaf"": 4, ""criterion"": ""gini"", ""class_weight"": ""balanced""}"
263,2026-06-05T13:55:22.030103+00:00,extra,ranking_xgb,263,5085,5,991,0.5495433028177211,736,255,0.4974320693085978,"[""V11"", ""V160"", ""V255"", ""V176"", ""V191""]","{""n_estimators"": 255, ""max_depth"": 7, ""min_samples_split"": 8, ""min_samples_leaf"": 4, ""criterion"": ""entropy"", ""class_weight"": null}"
264,2026-06-05T13:55:44.161504+00:00,extra,ranking_xgb,264,4955,5,999,0.5618036980878356,730,269,0.4970496918356758,"[""V11"", ""V160"", ""V255"", ""V176"", ""V191""]","{""n_estimators"": 173, ""max_depth"": 13, ""min_samples_split"": 5, ""min_samples_leaf"": 9, ""criterion"": ""entropy"", ""class_weight"": null}"
265,2026-06-05T13:56:15.004424+00:00,extra,ranking_xgb,265,5175,5,1000,0.5604729475177327,745,255,0.4995315946848914,"[""V11"", ""V160"", ""V255"", ""V176"", ""V191""]","{""n_estimators"": 224, ""max_depth"": 11, ""min_samples_split"": 5, ""min_samples_leaf"": 9, ""criterion"": ""entropy"", ""class_weight"": ""balanced""}"
266,2026-06-05T13:56:29.145323+00:00,extra,ranking_xgb,266,4965,5,1000,0.563289218236299,731,269,0.4968373928035924,"[""V11"", ""V160"", ""V255"", ""V176"", ""V191""]","{""n_estimators"": 103, ""max_depth"": 14, ""min_samples_split"": 9, ""min_samples_leaf"": 9, ""criterion"": ""entropy"", ""class_weight"": null}"
267,2026-06-05T13:57:11.729822+00:00,extra,ranking_xgb,267,5095,5,998,0.519465376270877,739,259,0.49758345766808526,"[""V11"", ""V160"", ""V255"", ""V176"", ""V191""]","{""n_estimators"": 356, ""max_depth"": 3, ""min_samples_split"": 9, ""min_samples_leaf"": 8, ""criterion"": ""gini"", ""class_weight"": null}"
268,2026-06-05T13:57:40.132506+00:00,extra,ranking_xgb,268,4980,5,1000,0.5354498011353102,732,268,0.4974114456746717,"[""V11"", ""V160"", ""V255"", ""V176"", ""V191""]","{""n_estimators"": 230, ""max_depth"": 5, ""min_samples_split"": 6, ""min_samples_leaf"": 4, ""criterion"": ""gini"", ""class_weight"": null}"
269,2026-06-05T13:58:43.411110+00:00,extra,ranking_xgb,269,5045,5,999,0.5672572958526886,736,263,0.49909885403701837,"[""V11"", ""V160"", ""V255"", ""V176"", ""V191""]","{""n_estimators"": 481, ""max_depth"": 14, ""min_samples_split"": 3, ""min_samples_leaf"": 8, ""criterion"": ""entropy"", ""class_weight"": ""balanced""}"
270,2026-06-05T13:59:40.529408+00:00,extra,ranking_xgb,270,5025,5,1000,0.5706066844348882,735,265,0.49920624290702414,"[""V11"", ""V160"", ""V255"", ""V176"", ""V191""]","{""n_estimators"": 430, ""max_depth"": null, ""min_samples_split"": 4, ""min_samples_leaf"": 9, ""criterion"": ""gini"", ""class_weight"": ""balanced""}"
271,2026-06-05T13:59:53.478046+00:00,extra,ranking_xgb,271,5030,5,999,0.5280391712026601,735,264,0.49981351636100335,"[""V11"", ""V160"", ""V255"", ""V176"", ""V191""]","{""n_estimators"": 82, ""max_depth"": 4, ""min_samples_split"": 2, ""min_samples_leaf"": 8, ""criterion"": ""entropy"", ""class_weight"": ""balanced""}"
272,2026-06-05T14:00:42.506375+00:00,extra,ranking_xgb,272,5080,5,998,0.5636163185859627,738,260,0.4970356734356241,"[""V11"", ""V160"", ""V255"", ""V176"", ""V191""]","{""n_estimators"": 411, ""max_depth"": 9, ""min_samples_split"": 3, ""min_samples_leaf"": 1, ""criterion"": ""entropy"", ""class_weight"": null}"
273,2026-06-05T14:01:22.096557+00:00,extra,ranking_xgb,273,5055,5,997,0.5650083322430668,736,261,0.4993613569053168,"[""V11"", ""V160"", ""V255"", ""V176"", ""V191""]","{""n_estimators"": 292, ""max_depth"": 9, ""min_samples_split"": 5, ""min_samples_leaf"": 3, ""criterion"": ""entropy"", ""class_weight"": ""balanced""}"
274,2026-06-05T14:01:57.279368+00:00,extra,ranking_xgb,274,4965,5,1000,0.5346336271382142,731,269,0.4975219765473803,"[""V11"", ""V160"", ""V255"", ""V176"", ""V191""]","{""n_estimators"": 289, ""max_depth"": 5, ""min_samples_split"": 4, ""min_samples_leaf"": 7, ""criterion"": ""gini"", ""class_weight"": null}"
275,2026-06-05T14:02:18.181628+00:00,extra,ranking_xgb,275,5060,5,999,0.5282864147957308,737,262,0.4976230286775165,"[""V11"", ""V160"", ""V255"", ""V176"", ""V191""]","{""n_estimators"": 164, ""max_depth"": 4, ""min_samples_split"": 4, ""min_samples_leaf"": 6, ""criterion"": ""entropy"", ""class_weight"": null}"
276,2026-06-05T14:03:05.327066+00:00,extra,ranking_xgb,276,5040,5,1000,0.5973883522255657,736,264,0.4959491426199087,"[""V11"", ""V160"", ""V255"", ""V176"", ""V191""]","{""n_estimators"": 393, ""max_depth"": 14, ""min_samples_split"": 4, ""min_samples_leaf"": 2, ""criterion"": ""gini"", ""class_weight"": null}"
277,2026-06-05T14:03:34.835789+00:00,extra,ranking_xgb,277,5055,5,1000,0.5491764087259586,737,263,0.4996284316813635,"[""V11"", ""V160"", ""V255"", ""V176"", ""V191""]","{""n_estimators"": 212, ""max_depth"": 7, ""min_samples_split"": 8, ""min_samples_leaf"": 4, ""criterion"": ""gini"", ""class_weight"": ""balanced""}"
278,2026-06-05T14:04:26.975081+00:00,extra,ranking_xgb,278,5015,5,999,0.5244719798370673,734,265,0.49988704019688673,"[""V11"", ""V160"", ""V255"", ""V176"", ""V191""]","{""n_estimators"": 401, ""max_depth"": 3, ""min_samples_split"": 7, ""min_samples_leaf"": 3, ""criterion"": ""gini"", ""class_weight"": ""balanced""}"
279,2026-06-05T14:04:53.488844+00:00,extra,ranking_xgb,279,5175,5,1000,0.5424042319478908,745,255,0.4974795496865705,"[""V11"", ""V160"", ""V255"", ""V176"", ""V191""]","{""n_estimators"": 210, ""max_depth"": 6, ""min_samples_split"": 7, ""min_samples_leaf"": 2, ""criterion"": ""entropy"", ""class_weight"": null}"
280,2026-06-05T14:05:08.344051+00:00,extra,ranking_xgb,280,5165,5,996,0.5508264610219253,743,253,0.4996574519004422,"[""V11"", ""V160"", ""V255"", ""V176"", ""V191""]","{""n_estimators"": 99, ""max_depth"": 8, ""min_samples_split"": 4, ""min_samples_leaf"": 9, ""criterion"": ""entropy"", ""class_weight"": ""balanced""}"
281,2026-06-05T14:05:53.815215+00:00,extra,ranking_xgb,281,5085,5,1000,0.5435296329531656,739,261,0.4997217336489737,"[""V11"", ""V160"", ""V255"", ""V176"", ""V191""]","{""n_estimators"": 343, ""max_depth"": 6, ""min_samples_split"": 3, ""min_samples_leaf"": 5, ""criterion"": ""entropy"", ""class_weight"": ""balanced""}"
282,2026-06-05T14:06:16.094078+00:00,extra,ranking_xgb,282,4785,8,1000,0.6280981067125645,759,241,0.4920273350545036,"[""V11"", ""V160"", ""V255"", ""V176"", ""V191"", ""V224"", ""V215"", ""V380""]","{""n_estimators"": 166, ""max_depth"": null, ""min_samples_split"": 8, ""min_samples_leaf"": 1, ""criterion"": ""entropy"", ""class_weight"": null}"
283,2026-06-05T14:07:07.031062+00:00,extra,ranking_xgb,283,5040,5,994,0.5810786307021806,734,260,0.49670046565371806,"[""V11"", ""V160"", ""V255"", ""V176"", ""V191""]","{""n_estimators"": 427, ""max_depth"": 12, ""min_samples_split"": 2, ""min_samples_leaf"": 3, ""criterion"": ""gini"", ""class_weight"": null}"
284,2026-06-05T14:07:33.795585+00:00,extra,ranking_xgb,284,5100,5,1000,0.5724818394628328,740,260,0.4988522671137565,"[""V11"", ""V160"", ""V255"", ""V176"", ""V191""]","{""n_estimators"": 193, ""max_depth"": 13, ""min_samples_split"": 9, ""min_samples_leaf"": 6, ""criterion"": ""gini"", ""class_weight"": ""balanced""}"
285,2026-06-05T14:07:49.974892+00:00,extra,ranking_xgb,285,5070,5,1000,0.5716819639074289,738,262,0.49684124345688113,"[""V11"", ""V160"", ""V255"", ""V176"", ""V191""]","{""n_estimators"": 123, ""max_depth"": null, ""min_samples_split"": 2, ""min_samples_leaf"": 8, ""criterion"": ""entropy"", ""class_weight"": null}"
286,2026-06-05T14:08:16.718099+00:00,extra,ranking_xgb,286,5055,5,1000,0.5581714340972845,737,263,0.4971108992763231,"[""V11"", ""V160"", ""V255"", ""V176"", ""V191""]","{""n_estimators"": 211, ""max_depth"": 11, ""min_samples_split"": 8, ""min_samples_leaf"": 9, ""criterion"": ""entropy"", ""class_weight"": null}"
287,2026-06-05T14:09:02.760618+00:00,extra,ranking_xgb,287,5155,5,998,0.555184569310806,743,255,0.49724579180801665,"[""V11"", ""V160"", ""V255"", ""V176"", ""V191""]","{""n_estimators"": 385, ""max_depth"": 9, ""min_samples_split"": 7, ""min_samples_leaf"": 9, ""criterion"": ""gini"", ""class_weight"": null}"
288,2026-06-05T14:09:44.876721+00:00,extra,ranking_xgb,288,5095,5,998,0.5702992235651831,739,259,0.49701105524838257,"[""V11"", ""V160"", ""V255"", ""V176"", ""V191""]","{""n_estimators"": 349, ""max_depth"": 10, ""min_samples_split"": 9, ""min_samples_leaf"": 3, ""criterion"": ""gini"", ""class_weight"": null}"
289,2026-06-05T14:10:11.477228+00:00,extra,ranking_xgb,289,5115,5,997,0.5362991495506156,740,257,0.4973796039894467,"[""V11"", ""V160"", ""V255"", ""V176"", ""V191""]","{""n_estimators"": 212, ""max_depth"": 6, ""min_samples_split"": 3, ""min_samples_leaf"": 9, ""criterion"": ""entropy"", ""class_weight"": null}"
290,2026-06-05T14:10:42.587851+00:00,extra,ranking_xgb,290,5040,5,1000,0.5899587273007625,736,264,0.49828496848385145,"[""V11"", ""V160"", ""V255"", ""V176"", ""V191""]","{""n_estimators"": 225, ""max_depth"": 14, ""min_samples_split"": 6, ""min_samples_leaf"": 3, ""criterion"": ""entropy"", ""class_weight"": ""balanced""}"
291,2026-06-05T14:11:04.901471+00:00,extra,ranking_xgb,291,5160,5,1000,0.5544879924077633,744,256,0.4972380298421558,"[""V11"", ""V160"", ""V255"", ""V176"", ""V191""]","{""n_estimators"": 175, ""max_depth"": 10, ""min_samples_split"": 8, ""min_samples_leaf"": 9, ""criterion"": ""entropy"", ""class_weight"": null}"
292,2026-06-05T14:11:19.710239+00:00,extra,ranking_xgb,292,5180,5,999,0.5711386758808406,745,254,0.49931619249280673,"[""V11"", ""V160"", ""V255"", ""V176"", ""V191""]","{""n_estimators"": 97, ""max_depth"": 12, ""min_samples_split"": 3, ""min_samples_leaf"": 6, ""criterion"": ""entropy"", ""class_weight"": ""balanced""}"
293,2026-06-05T14:11:47.656292+00:00,extra,ranking_xgb,293,5100,5,1000,0.6018437038266868,740,260,0.4961803659623523,"[""V11"", ""V160"", ""V255"", ""V176"", ""V191""]","{""n_estimators"": 222, ""max_depth"": 14, ""min_samples_split"": 8, ""min_samples_leaf"": 1, ""criterion"": ""gini"", ""class_weight"": null}"
294,2026-06-05T14:12:49.176003+00:00,extra,ranking_xgb,294,5135,5,999,0.5606263433392956,742,257,0.4994739227882237,"[""V11"", ""V160"", ""V255"", ""V176"", ""V191""]","{""n_estimators"": 472, ""max_depth"": 9, ""min_samples_split"": 9, ""min_samples_leaf"": 5, ""criterion"": ""entropy"", ""class_weight"": ""balanced""}"
295,2026-06-05T14:13:28.017157+00:00,extra,ranking_xgb,295,5030,5,996,0.527122677383828,734,262,0.49751018251990664,"[""V11"", ""V160"", ""V255"", ""V176"", ""V191""]","{""n_estimators"": 327, ""max_depth"": 4, ""min_samples_split"": 7, ""min_samples_leaf"": 7, ""criterion"": ""gini"", ""class_weight"": null}"
296,2026-06-05T14:14:01.435404+00:00,extra,ranking_xgb,296,5045,5,999,0.5425447013591294,736,263,0.49740265307229636,"[""V11"", ""V160"", ""V255"", ""V176"", ""V191""]","{""n_estimators"": 274, ""max_depth"": 6, ""min_samples_split"": 9, ""min_samples_leaf"": 4, ""criterion"": ""entropy"", ""class_weight"": null}"
297,2026-06-05T14:14:47.315983+00:00,extra,ranking_xgb,297,5015,5,999,0.5197644666076242,734,265,0.4975662493690571,"[""V11"", ""V160"", ""V255"", ""V176"", ""V191""]","{""n_estimators"": 390, ""max_depth"": 3, ""min_samples_split"": 5, ""min_samples_leaf"": 5, ""criterion"": ""entropy"", ""class_weight"": null}"
298,2026-06-05T14:15:10.438074+00:00,extra,ranking_xgb,298,4950,5,1000,0.5518676193927425,730,270,0.4972883022383469,"[""V11"", ""V160"", ""V255"", ""V176"", ""V191""]","{""n_estimators"": 184, ""max_depth"": 10, ""min_samples_split"": 2, ""min_samples_leaf"": 9, ""criterion"": ""entropy"", ""class_weight"": null}"
299,2026-06-05T14:15:38.957825+00:00,extra,ranking_xgb,299,5010,5,994,0.5394535712766373,732,262,0.49972960334852196,"[""V11"", ""V160"", ""V255"", ""V176"", ""V191""]","{""n_estimators"": 206, ""max_depth"": 5, ""min_samples_split"": 2, ""min_samples_leaf"": 1, ""criterion"": ""gini"", ""class_weight"": ""balanced""}"
300,2026-06-05T14:16:14.975038+00:00,extra,ranking_xgb,300,4940,7,997,0.5402619692835441,755,242,0.4996277966347505,"[""V11"", ""V160"", ""V255"", ""V176"", ""V191"", ""V224"", ""V215""]","{""n_estimators"": 268, ""max_depth"": 7, ""min_samples_split"": 4, ""min_samples_leaf"": 6, ""criterion"": ""gini"", ""class_weight"": ""balanced""}"
301,2026-06-05T14:16:46.630027+00:00,extra,ranking_xgb,301,5040,5,1000,0.5659726474367839,736,264,0.49694836146762145,"[""V11"", ""V160"", ""V255"", ""V176"", ""V191""]","{""n_estimators"": 259, ""max_depth"": 11, ""min_samples_split"": 3, ""min_samples_leaf"": 6, ""criterion"": ""entropy"", ""class_weight"": null}"
302,2026-06-05T14:17:37.131992+00:00,extra,ranking_xgb,302,5175,5,1000,0.5478497950131999,745,255,0.49726629578634973,"[""V11"", ""V160"", ""V255"", ""V176"", ""V191""]","{""n_estimators"": 423, ""max_depth"": 8, ""min_samples_split"": 2, ""min_samples_leaf"": 8, ""criterion"": ""entropy"", ""class_weight"": null}"
303,2026-06-05T14:18:24.655161+00:00,extra,ranking_xgb,303,5055,5,1000,0.5639654330344102,737,263,0.49708696636555577,"[""V11"", ""V160"", ""V255"", ""V176"", ""V191""]","{""n_estimators"": 400, ""max_depth"": 10, ""min_samples_split"": 5, ""min_samples_leaf"": 5, ""criterion"": ""entropy"", ""class_weight"": null}"
304,2026-06-05T14:18:41.137878+00:00,extra,ranking_xgb,304,4915,5,998,0.6143344448295442,727,271,0.497072487826144,"[""V11"", ""V160"", ""V255"", ""V176"", ""V191""]","{""n_estimators"": 109, ""max_depth"": null, ""min_samples_split"": 6, ""min_samples_leaf"": 3, ""criterion"": ""gini"", ""class_weight"": ""balanced""}"
305,2026-06-05T14:19:21.277289+00:00,extra,ranking_xgb,305,4995,5,1000,0.5290734062371668,733,267,0.49760646915458984,"[""V11"", ""V160"", ""V255"", ""V176"", ""V191""]","{""n_estimators"": 337, ""max_depth"": 4, ""min_samples_split"": 4, ""min_samples_leaf"": 2, ""criterion"": ""gini"", ""class_weight"": null}"
306,2026-06-05T14:20:16.691903+00:00,extra,ranking_xgb,306,4995,5,1000,0.5274773934428216,733,267,0.49758450698062223,"[""V11"", ""V160"", ""V255"", ""V176"", ""V191""]","{""n_estimators"": 475, ""max_depth"": 4, ""min_samples_split"": 9, ""min_samples_leaf"": 4, ""criterion"": ""entropy"", ""class_weight"": null}"
307,2026-06-05T14:20:50.366513+00:00,extra,ranking_xgb,307,5070,5,1000,0.557482632183975,738,262,0.4972113241713378,"[""V11"", ""V160"", ""V255"", ""V176"", ""V191""]","{""n_estimators"": 274, ""max_depth"": 8, ""min_samples_split"": 3, ""min_samples_leaf"": 2, ""criterion"": ""gini"", ""class_weight"": null}"
308,2026-06-05T14:21:40.921059+00:00,extra,ranking_xgb,308,5035,5,995,0.5724331411789272,734,261,0.49700188019488706,"[""V11"", ""V160"", ""V255"", ""V176"", ""V191""]","{""n_estimators"": 423, ""max_depth"": 12, ""min_samples_split"": 3, ""min_samples_leaf"": 5, ""criterion"": ""entropy"", ""class_weight"": null}"
309,2026-06-05T14:22:38.295321+00:00,extra,ranking_xgb,309,5130,5,991,0.525962033174888,739,252,0.4975763926682358,"[""V11"", ""V160"", ""V255"", ""V176"", ""V191""]","{""n_estimators"": 489, ""max_depth"": 4, ""min_samples_split"": 4, ""min_samples_leaf"": 9, ""criterion"": ""gini"", ""class_weight"": null}"
310,2026-06-05T14:23:38.564210+00:00,extra,ranking_xgb,310,4950,5,997,0.5227012155448115,729,268,0.49989692575994704,"[""V11"", ""V160"", ""V255"", ""V176"", ""V191""]","{""n_estimators"": 467, ""max_depth"": 3, ""min_samples_split"": 9, ""min_samples_leaf"": 5, ""criterion"": ""entropy"", ""class_weight"": ""balanced""}"
311,2026-06-05T14:24:03.278528+00:00,extra,ranking_xgb,311,5115,5,1000,0.5724294972145092,741,259,0.4991212857302733,"[""V11"", ""V160"", ""V255"", ""V176"", ""V191""]","{""n_estimators"": 174, ""max_depth"": 10, ""min_samples_split"": 6, ""min_samples_leaf"": 2, ""criterion"": ""gini"", ""class_weight"": ""balanced""}"
312,2026-06-05T14:25:04.713889+00:00,extra,ranking_xgb,312,5045,5,993,0.541840080169356,734,259,0.4997936826228059,"[""V11"", ""V160"", ""V255"", ""V176"", ""V191""]","{""n_estimators"": 470, ""max_depth"": 6, ""min_samples_split"": 2, ""min_samples_leaf"": 7, ""criterion"": ""entropy"", ""class_weight"": ""balanced""}"
313,2026-06-05T14:26:00.147921+00:00,extra,ranking_xgb,313,5025,5,994,0.578235781634033,733,261,0.4967294755161769,"[""V11"", ""V160"", ""V255"", ""V176"", ""V191""]","{""n_estimators"": 466, ""max_depth"": 12, ""min_samples_split"": 6, ""min_samples_leaf"": 4, ""criterion"": ""gini"", ""class_weight"": null}"
314,2026-06-05T14:26:08.790475+00:00,extra,ranking_xgb,314,5130,5,994,0.5558935135173186,740,254,0.497255359251976,"[""V11"", ""V160"", ""V255"", ""V176"", ""V191""]","{""n_estimators"": 58, ""max_depth"": 11, ""min_samples_split"": 4, ""min_samples_leaf"": 8, ""criterion"": ""gini"", ""class_weight"": null}"
315,2026-06-05T14:26:17.939189+00:00,extra,ranking_xgb,315,5040,5,1000,0.5362189997424839,736,264,0.49973669949724997,"[""V11"", ""V160"", ""V255"", ""V176"", ""V191""]","{""n_estimators"": 58, ""max_depth"": 5, ""min_samples_split"": 7, ""min_samples_leaf"": 4, ""criterion"": ""entropy"", ""class_weight"": ""balanced""}"
316,2026-06-05T14:27:06.897000+00:00,extra,ranking_xgb,316,5025,5,997,0.5557610093945837,734,263,0.4972853854221712,"[""V11"", ""V160"", ""V255"", ""V176"", ""V191""]","{""n_estimators"": 411, ""max_depth"": 8, ""min_samples_split"": 5, ""min_samples_leaf"": 3, ""criterion"": ""entropy"", ""class_weight"": null}"
317,2026-06-05T14:27:51.525750+00:00,extra,ranking_xgb,317,5055,5,1000,0.5718969906937685,737,263,0.49680462598329894,"[""V11"", ""V160"", ""V255"", ""V176"", ""V191""]","{""n_estimators"": 367, ""max_depth"": null, ""min_samples_split"": 8, ""min_samples_leaf"": 8, ""criterion"": ""gini"", ""class_weight"": null}"
318,2026-06-05T14:28:27.886762+00:00,extra,ranking_xgb,318,5100,5,1000,0.5588644014230273,740,260,0.49709012034764466,"[""V11"", ""V160"", ""V255"", ""V176"", ""V191""]","{""n_estimators"": 297, ""max_depth"": 9, ""min_samples_split"": 4, ""min_samples_leaf"": 4, ""criterion"": ""gini"", ""class_weight"": null}"
319,2026-06-05T14:29:23.937665+00:00,extra,ranking_xgb,319,5160,5,1000,0.5919473705650079,744,256,0.49637594044424604,"[""V11"", ""V160"", ""V255"", ""V176"", ""V191""]","{""n_estimators"": 469, ""max_depth"": 13, ""min_samples_split"": 8, ""min_samples_leaf"": 1, ""criterion"": ""gini"", ""class_weight"": null}"
320,2026-06-05T14:30:04.369527+00:00,extra,ranking_xgb,320,5015,5,993,0.5284619225335403,732,261,0.4975175141886819,"[""V11"", ""V160"", ""V255"", ""V176"", ""V191""]","{""n_estimators"": 339, ""max_depth"": 4, ""min_samples_split"": 9, ""min_samples_leaf"": 2, ""criterion"": ""gini"", ""class_weight"": null}"
321,2026-06-05T14:30:42.838045+00:00,extra,ranking_xgb,321,5070,5,997,0.5560591785218078,737,260,0.4972067562944908,"[""V11"", ""V160"", ""V255"", ""V176"", ""V191""]","{""n_estimators"": 319, ""max_depth"": 9, ""min_samples_split"": 4, ""min_samples_leaf"": 6, ""criterion"": ""gini"", ""class_weight"": null}"
322,2026-06-05T14:30:55.239230+00:00,extra,ranking_xgb,322,5090,5,999,0.5400249137229014,739,260,0.4995787217401924,"[""V11"", ""V160"", ""V255"", ""V176"", ""V191""]","{""n_estimators"": 76, ""max_depth"": 6, ""min_samples_split"": 6, ""min_samples_leaf"": 9, ""criterion"": ""entropy"", ""class_weight"": ""balanced""}"
323,2026-06-05T14:31:56.458170+00:00,extra,ranking_xgb,323,5040,5,994,0.574563090923269,734,260,0.49896255620251784,"[""V11"", ""V160"", ""V255"", ""V176"", ""V191""]","{""n_estimators"": 466, ""max_depth"": 13, ""min_samples_split"": 3, ""min_samples_leaf"": 6, ""criterion"": ""entropy"", ""class_weight"": ""balanced""}"
324,2026-06-05T14:32:28.686820+00:00,extra,ranking_xgb,324,5055,5,1000,0.5952065042181031,737,263,0.49827956506104126,"[""V11"", ""V160"", ""V255"", ""V176"", ""V191""]","{""n_estimators"": 234, ""max_depth"": 13, ""min_samples_split"": 8, ""min_samples_leaf"": 1, ""criterion"": ""gini"", ""class_weight"": ""balanced""}"
325,2026-06-05T14:32:53.985031+00:00,extra,ranking_xgb,325,5065,5,998,0.5579591817317467,737,261,0.497101383291468,"[""V11"", ""V160"", ""V255"", ""V176"", ""V191""]","{""n_estimators"": 203, ""max_depth"": 11, ""min_samples_split"": 6, ""min_samples_leaf"": 9, ""criterion"": ""gini"", ""class_weight"": null}"
326,2026-06-05T14:33:26.308451+00:00,extra,ranking_xgb,326,5115,5,1000,0.5642080821629187,741,259,0.49952357648137574,"[""V11"", ""V160"", ""V255"", ""V176"", ""V191""]","{""n_estimators"": 235, ""max_depth"": 10, ""min_samples_split"": 3, ""min_samples_leaf"": 6, ""criterion"": ""gini"", ""class_weight"": ""balanced""}"
327,2026-06-05T14:33:51.327296+00:00,extra,ranking_xgb,327,5070,5,1000,0.5189230788174887,738,262,0.49750061078889884,"[""V11"", ""V160"", ""V255"", ""V176"", ""V191""]","{""n_estimators"": 203, ""max_depth"": 3, ""min_samples_split"": 6, ""min_samples_leaf"": 1, ""criterion"": ""entropy"", ""class_weight"": null}"
328,2026-06-05T14:34:36.212872+00:00,extra,ranking_xgb,328,5120,5,996,0.5743447578093164,740,256,0.49663908738224655,"[""V11"", ""V160"", ""V255"", ""V176"", ""V191""]","{""n_estimators"": 371, ""max_depth"": null, ""min_samples_split"": 6, ""min_samples_leaf"": 7, ""criterion"": ""entropy"", ""class_weight"": null}"
329,2026-06-05T14:34:53.523954+00:00,extra,ranking_xgb,329,5225,5,999,0.5760962431458899,748,251,0.4968923952906845,"[""V11"", ""V160"", ""V255"", ""V176"", ""V191""]","{""n_estimators"": 134, ""max_depth"": 12, ""min_samples_split"": 4, ""min_samples_leaf"": 4, ""criterion"": ""entropy"", ""class_weight"": null}"
330,2026-06-05T14:35:46.273465+00:00,extra,ranking_xgb,330,5070,5,1000,0.5629743239379836,738,262,0.4970321168988486,"[""V11"", ""V160"", ""V255"", ""V176"", ""V191""]","{""n_estimators"": 443, ""max_depth"": 9, ""min_samples_split"": 4, ""min_samples_leaf"": 1, ""criterion"": ""entropy"", ""class_weight"": null}"
331,2026-06-05T14:36:22.686092+00:00,extra,ranking_xgb,331,5115,5,1000,0.5630422989448566,741,259,0.49958250386697656,"[""V11"", ""V160"", ""V255"", ""V176"", ""V191""]","{""n_estimators"": 271, ""max_depth"": 11, ""min_samples_split"": 2, ""min_samples_leaf"": 8, ""criterion"": ""gini"", ""class_weight"": ""balanced""}"
332,2026-06-05T14:37:26.285999+00:00,extra,ranking_xgb,332,4980,5,1000,0.577965773825829,732,268,0.49903090620442464,"[""V11"", ""V160"", ""V255"", ""V176"", ""V191""]","{""n_estimators"": 486, ""max_depth"": 13, ""min_samples_split"": 3, ""min_samples_leaf"": 5, ""criterion"": ""entropy"", ""class_weight"": ""balanced""}"
333,2026-06-05T14:37:39.499349+00:00,extra,ranking_xgb,333,5055,5,1000,0.5326390584848074,737,263,0.49743595395879076,"[""V11"", ""V160"", ""V255"", ""V176"", ""V191""]","{""n_estimators"": 97, ""max_depth"": 5, ""min_samples_split"": 2, ""min_samples_leaf"": 5, ""criterion"": ""entropy"", ""class_weight"": null}"
334,2026-06-05T14:38:17.829762+00:00,extra,ranking_xgb,334,5035,5,995,0.5668804099528065,734,261,0.4970019959613034,"[""V11"", ""V160"", ""V255"", ""V176"", ""V191""]","{""n_estimators"": 318, ""max_depth"": 10, ""min_samples_split"": 7, ""min_samples_leaf"": 4, ""criterion"": ""entropy"", ""class_weight"": null}"
335,2026-06-05T14:38:40.478273+00:00,extra,ranking_xgb,335,5155,5,998,0.5338530878538176,743,255,0.49741914725532954,"[""V11"", ""V160"", ""V255"", ""V176"", ""V191""]","{""n_estimators"": 180, ""max_depth"": 5, ""min_samples_split"": 4, ""min_samples_leaf"": 3, ""criterion"": ""entropy"", ""class_weight"": null}"
336,2026-06-05T14:39:16.595144+00:00,extra,ranking_xgb,336,5030,5,996,0.527763407923424,734,262,0.49749349411896265,"[""V11"", ""V160"", ""V255"", ""V176"", ""V191""]","{""n_estimators"": 299, ""max_depth"": 4, ""min_samples_split"": 3, ""min_samples_leaf"": 5, ""criterion"": ""gini"", ""class_weight"": null}"
337,2026-06-05T14:40:18.358706+00:00,extra,ranking_xgb,337,4930,5,998,0.5720901323493787,728,270,0.49898246605386504,"[""V11"", ""V160"", ""V255"", ""V176"", ""V191""]","{""n_estimators"": 469, ""max_depth"": null, ""min_samples_split"": 6, ""min_samples_leaf"": 8, ""criterion"": ""gini"", ""class_weight"": ""balanced""}"
338,2026-06-05T14:40:55.432487+00:00,extra,ranking_xgb,338,5130,5,1000,0.5318707558167535,742,258,0.49750737880173673,"[""V11"", ""V160"", ""V255"", ""V176"", ""V191""]","{""n_estimators"": 310, ""max_depth"": 5, ""min_samples_split"": 4, ""min_samples_leaf"": 9, ""criterion"": ""entropy"", ""class_weight"": null}"
339,2026-06-05T14:41:12.162640+00:00,extra,ranking_xgb,339,4945,5,992,0.5219999737477117,727,265,0.49755539046768316,"[""V11"", ""V160"", ""V255"", ""V176"", ""V191""]","{""n_estimators"": 129, ""max_depth"": 3, ""min_samples_split"": 2, ""min_samples_leaf"": 6, ""criterion"": ""entropy"", ""class_weight"": null}"
340,2026-06-05T14:41:33.432306+00:00,extra,ranking_xgb,340,5040,5,1000,0.52484094658738,736,264,0.4975533842927017,"[""V11"", ""V160"", ""V255"", ""V176"", ""V191""]","{""n_estimators"": 168, ""max_depth"": 4, ""min_samples_split"": 9, ""min_samples_leaf"": 9, ""criterion"": ""gini"", ""class_weight"": null}"
341,2026-06-05T14:41:58.490235+00:00,extra,ranking_xgb,341,5060,7,1000,0.5512401237506376,764,236,0.49932183408380215,"[""V11"", ""V160"", ""V255"", ""V176"", ""V191"", ""V224"", ""V215""]","{""n_estimators"": 182, ""max_depth"": 8, ""min_samples_split"": 3, ""min_samples_leaf"": 3, ""criterion"": ""gini"", ""class_weight"": ""balanced""}"
342,2026-06-05T14:42:21.921290+00:00,extra,ranking_xgb,342,5045,5,999,0.5708417868298215,736,263,0.4989391611765633,"[""V11"", ""V160"", ""V255"", ""V176"", ""V191""]","{""n_estimators"": 165, ""max_depth"": 11, ""min_samples_split"": 7, ""min_samples_leaf"": 4, ""criterion"": ""entropy"", ""class_weight"": ""balanced""}"
343,2026-06-05T14:42:33.082725+00:00,extra,ranking_xgb,343,4810,4,999,0.5252185827314542,707,292,0.49998273536559784,"[""V11"", ""V160"", ""V255"", ""V176""]","{""n_estimators"": 69, ""max_depth"": 3, ""min_samples_split"": 5, ""min_samples_leaf"": 5, ""criterion"": ""gini"", ""class_weight"": ""balanced""}"
344,2026-06-05T14:43:21.515954+00:00,extra,ranking_xgb,344,5040,5,1000,0.5363718190391362,736,264,0.4997545082286641,"[""V11"", ""V160"", ""V255"", ""V176"", ""V191""]","{""n_estimators"": 369, ""max_depth"": 5, ""min_samples_split"": 3, ""min_samples_leaf"": 3, ""criterion"": ""entropy"", ""class_weight"": ""balanced""}"
345,2026-06-05T14:43:44.959117+00:00,extra,ranking_xgb,345,5015,5,999,0.5509671075881262,734,265,0.4994180095122909,"[""V11"", ""V160"", ""V255"", ""V176"", ""V191""]","{""n_estimators"": 167, ""max_depth"": 8, ""min_samples_split"": 2, ""min_samples_leaf"": 8, ""criterion"": ""entropy"", ""class_weight"": ""balanced""}"
346,2026-06-05T14:43:57.055511+00:00,extra,ranking_xgb,346,4965,5,1000,0.5880891816029483,731,269,0.4989931051479513,"[""V11"", ""V160"", ""V255"", ""V176"", ""V191""]","{""n_estimators"": 74, ""max_depth"": 14, ""min_samples_split"": 2, ""min_samples_leaf"": 4, ""criterion"": ""entropy"", ""class_weight"": ""balanced""}"
347,2026-06-05T14:44:40.255486+00:00,extra,ranking_xgb,347,5135,5,999,0.5549313322171819,742,257,0.4995426385291961,"[""V11"", ""V160"", ""V255"", ""V176"", ""V191""]","{""n_estimators"": 326, ""max_depth"": 10, ""min_samples_split"": 5, ""min_samples_leaf"": 9, ""criterion"": ""gini"", ""class_weight"": ""balanced""}"
348,2026-06-05T14:45:08.485904+00:00,extra,ranking_xgb,348,5055,5,1000,0.5471219375677783,737,263,0.4976096757601248,"[""V11"", ""V160"", ""V255"", ""V176"", ""V191""]","{""n_estimators"": 227, ""max_depth"": 7, ""min_samples_split"": 2, ""min_samples_leaf"": 5, ""criterion"": ""entropy"", ""class_weight"": null}"
349,2026-06-05T14:45:27.542694+00:00,extra,ranking_xgb,349,5100,5,997,0.5504081434376318,739,258,0.4996244211096293,"[""V11"", ""V160"", ""V255"", ""V176"", ""V191""]","{""n_estimators"": 133, ""max_depth"": 7, ""min_samples_split"": 2, ""min_samples_leaf"": 6, ""criterion"": ""gini"", ""class_weight"": ""balanced""}"
350,2026-06-05T14:45:56.927210+00:00,extra,ranking_xgb,350,5100,5,1000,0.5538081309747422,740,260,0.49735430210946235,"[""V11"", ""V160"", ""V255"", ""V176"", ""V191""]","{""n_estimators"": 239, ""max_depth"": 8, ""min_samples_split"": 9, ""min_samples_leaf"": 4, ""criterion"": ""entropy"", ""class_weight"": null}"
351,2026-06-05T14:46:18.824519+00:00,extra,ranking_xgb,351,5105,5,999,0.544755279496209,740,259,0.497383338657557,"[""V11"", ""V160"", ""V255"", ""V176"", ""V191""]","{""n_estimators"": 173, ""max_depth"": 7, ""min_samples_split"": 8, ""min_samples_leaf"": 7, ""criterion"": ""gini"", ""class_weight"": null}"
352,2026-06-05T14:46:34.146328+00:00,extra,ranking_xgb,352,5175,5,1000,0.558333149376481,745,255,0.4970990778536425,"[""V11"", ""V160"", ""V255"", ""V176"", ""V191""]","{""n_estimators"": 116, ""max_depth"": 11, ""min_samples_split"": 4, ""min_samples_leaf"": 7, ""criterion"": ""entropy"", ""class_weight"": null}"
353,2026-06-05T14:46:50.874803+00:00,extra,ranking_xgb,353,5160,5,1000,0.5421659135398216,744,256,0.49968796154149203,"[""V11"", ""V160"", ""V255"", ""V176"", ""V191""]","{""n_estimators"": 116, ""max_depth"": 6, ""min_samples_split"": 8, ""min_samples_leaf"": 7, ""criterion"": ""gini"", ""class_weight"": ""balanced""}"
354,2026-06-05T14:47:12.774173+00:00,extra,ranking_xgb,354,4905,5,1000,0.5203577299078759,727,273,0.4975124087934755,"[""V11"", ""V160"", ""V255"", ""V176"", ""V191""]","{""n_estimators"": 175, ""max_depth"": 3, ""min_samples_split"": 4, ""min_samples_leaf"": 4, ""criterion"": ""gini"", ""class_weight"": null}"
355,2026-06-05T14:47:43.187196+00:00,extra,ranking_xgb,355,5070,5,1000,0.5352190529710505,738,262,0.4997959362125038,"[""V11"", ""V160"", ""V255"", ""V176"", ""V191""]","{""n_estimators"": 222, ""max_depth"": 5, ""min_samples_split"": 8, ""min_samples_leaf"": 8, ""criterion"": ""gini"", ""class_weight"": ""balanced""}"
356,2026-06-05T14:48:19.880608+00:00,extra,ranking_xgb,356,5055,5,994,0.5261203680970149,735,259,0.4974515022617024,"[""V11"", ""V160"", ""V255"", ""V176"", ""V191""]","{""n_estimators"": 304, ""max_depth"": 4, ""min_samples_split"": 4, ""min_samples_leaf"": 6, ""criterion"": ""gini"", ""class_weight"": null}"
357,2026-06-05T14:48:59.704846+00:00,extra,ranking_xgb,357,4965,5,1000,0.5848518158781859,731,269,0.4958000203227539,"[""V11"", ""V160"", ""V255"", ""V176"", ""V191""]","{""n_estimators"": 329, ""max_depth"": 12, ""min_samples_split"": 2, ""min_samples_leaf"": 1, ""criterion"": ""gini"", ""class_weight"": null}"
358,2026-06-05T14:49:29.781850+00:00,extra,ranking_xgb,358,4975,5,998,0.5304175492111838,731,267,0.4999136352738079,"[""V11"", ""V160"", ""V255"", ""V176"", ""V191""]","{""n_estimators"": 218, ""max_depth"": 4, ""min_samples_split"": 3, ""min_samples_leaf"": 6, ""criterion"": ""entropy"", ""class_weight"": ""balanced""}"
359,2026-06-05T14:50:03.813442+00:00,extra,ranking_xgb,359,5150,5,999,0.5692099108943831,743,256,0.4992821382262417,"[""V11"", ""V160"", ""V255"", ""V176"", ""V191""]","{""n_estimators"": 251, ""max_depth"": 14, ""min_samples_split"": 3, ""min_samples_leaf"": 8, ""criterion"": ""gini"", ""class_weight"": ""balanced""}"
360,2026-06-05T14:50:37.560883+00:00,extra,ranking_xgb,360,4970,5,996,0.5208968319070096,730,266,0.4976130890607166,"[""V11"", ""V160"", ""V255"", ""V176"", ""V191""]","{""n_estimators"": 280, ""max_depth"": 3, ""min_samples_split"": 9, ""min_samples_leaf"": 8, ""criterion"": ""entropy"", ""class_weight"": null}"
361,2026-06-05T14:50:54.078566+00:00,extra,ranking_xgb,361,5085,5,997,0.5366387830413851,738,259,0.49983086128418536,"[""V11"", ""V160"", ""V255"", ""V176"", ""V191""]","{""n_estimators"": 114, ""max_depth"": 5, ""min_samples_split"": 7, ""min_samples_leaf"": 3, ""criterion"": ""entropy"", ""class_weight"": ""balanced""}"
362,2026-06-05T14:51:31.145737+00:00,extra,ranking_xgb,362,4985,5,999,0.5730498901384672,732,267,0.4971577295735922,"[""V11"", ""V160"", ""V255"", ""V176"", ""V191""]","{""n_estimators"": 303, ""max_depth"": 11, ""min_samples_split"": 2, ""min_samples_leaf"": 4, ""criterion"": ""gini"", ""class_weight"": null}"
363,2026-06-05T14:51:59.716443+00:00,extra,ranking_xgb,363,5145,5,1000,0.5997023554125377,743,257,0.4983949139888181,"[""V11"", ""V160"", ""V255"", ""V176"", ""V191""]","{""n_estimators"": 205, ""max_depth"": 14, ""min_samples_split"": 8, ""min_samples_leaf"": 2, ""criterion"": ""entropy"", ""class_weight"": ""balanced""}"
364,2026-06-05T14:53:02.296594+00:00,extra,ranking_xgb,364,4980,5,1000,0.5645190744384795,732,268,0.4992314320060086,"[""V11"", ""V160"", ""V255"", ""V176"", ""V191""]","{""n_estimators"": 479, ""max_depth"": 14, ""min_samples_split"": 8, ""min_samples_leaf"": 9, ""criterion"": ""gini"", ""class_weight"": ""balanced""}"
365,2026-06-05T14:53:33.328539+00:00,extra,ranking_xgb,365,5040,5,1000,0.5830741695544134,736,264,0.49879563678732136,"[""V11"", ""V160"", ""V255"", ""V176"", ""V191""]","{""n_estimators"": 224, ""max_depth"": 14, ""min_samples_split"": 7, ""min_samples_leaf"": 5, ""criterion"": ""gini"", ""class_weight"": ""balanced""}"
366,2026-06-05T14:53:52.270772+00:00,extra,ranking_xgb,366,5085,5,1000,0.5850645672585354,739,261,0.4985488389995584,"[""V11"", ""V160"", ""V255"", ""V176"", ""V191""]","{""n_estimators"": 132, ""max_depth"": 12, ""min_samples_split"": 6, ""min_samples_leaf"": 2, ""criterion"": ""entropy"", ""class_weight"": ""balanced""}"
367,2026-06-05T14:54:55.639961+00:00,extra,ranking_xgb,367,4940,5,996,0.5239977764862888,728,268,0.4999125344636297,"[""V11"", ""V160"", ""V255"", ""V176"", ""V191""]","{""n_estimators"": 489, ""max_depth"": 3, ""min_samples_split"": 3, ""min_samples_leaf"": 3, ""criterion"": ""entropy"", ""class_weight"": ""balanced""}"
368,2026-06-05T14:56:00.533531+00:00,extra,ranking_xgb,368,4800,5,1000,0.6432880566308609,720,280,0.4967245327870027,"[""V11"", ""V160"", ""V255"", ""V176"", ""V191""]","{""n_estimators"": 480, ""max_depth"": null, ""min_samples_split"": 9, ""min_samples_leaf"": 1, ""criterion"": ""entropy"", ""class_weight"": ""balanced""}"
369,2026-06-05T14:56:57.352167+00:00,extra,ranking_xgb,369,5100,5,1000,0.5665308754450921,740,260,0.49940227674708676,"[""V11"", ""V160"", ""V255"", ""V176"", ""V191""]","{""n_estimators"": 431, ""max_depth"": 9, ""min_samples_split"": 7, ""min_samples_leaf"": 1, ""criterion"": ""gini"", ""class_weight"": ""balanced""}"
370,2026-06-05T14:57:56.610979+00:00,extra,ranking_xgb,370,5075,5,999,0.592705892696301,738,261,0.49642603447810124,"[""V11"", ""V160"", ""V255"", ""V176"", ""V191""]","{""n_estimators"": 497, ""max_depth"": 14, ""min_samples_split"": 8, ""min_samples_leaf"": 3, ""criterion"": ""entropy"", ""class_weight"": null}"
371,2026-06-05T14:58:30.787788+00:00,extra,ranking_xgb,371,5065,5,995,0.5188128926643786,736,259,0.49750305579523135,"[""V11"", ""V160"", ""V255"", ""V176"", ""V191""]","{""n_estimators"": 282, ""max_depth"": 3, ""min_samples_split"": 3, ""min_samples_leaf"": 9, ""criterion"": ""entropy"", ""class_weight"": null}"
372,2026-06-05T14:58:47.682069+00:00,extra,ranking_xgb,372,5055,5,1000,0.5359510994668091,737,263,0.4975195597915179,"[""V11"", ""V160"", ""V255"", ""V176"", ""V191""]","{""n_estimators"": 131, ""max_depth"": 6, ""min_samples_split"": 4, ""min_samples_leaf"": 9, ""criterion"": ""entropy"", ""class_weight"": null}"
373,2026-06-05T14:59:28.115998+00:00,extra,ranking_xgb,373,5055,5,1000,0.5243382962264348,737,263,0.49990514251756285,"[""V11"", ""V160"", ""V255"", ""V176"", ""V191""]","{""n_estimators"": 305, ""max_depth"": 3, ""min_samples_split"": 8, ""min_samples_leaf"": 1, ""criterion"": ""entropy"", ""class_weight"": ""balanced""}"
374,2026-06-05T15:00:11.435782+00:00,extra,ranking_xgb,374,5000,5,999,0.6090312421199024,733,266,0.49704754222345093,"[""V11"", ""V160"", ""V255"", ""V176"", ""V191""]","{""n_estimators"": 320, ""max_depth"": null, ""min_samples_split"": 3, ""min_samples_leaf"": 3, ""criterion"": ""gini"", ""class_weight"": ""balanced""}"
375,2026-06-05T15:00:40.488303+00:00,extra,ranking_xgb,375,5160,5,1000,0.5463559868628166,744,256,0.49969361795763395,"[""V11"", ""V160"", ""V255"", ""V176"", ""V191""]","{""n_estimators"": 209, ""max_depth"": 7, ""min_samples_split"": 9, ""min_samples_leaf"": 8, ""criterion"": ""gini"", ""class_weight"": ""balanced""}"
376,2026-06-05T15:01:39.963395+00:00,extra,ranking_xgb,376,5025,5,997,0.5385959716663854,734,263,0.49989018540175095,"[""V11"", ""V160"", ""V255"", ""V176"", ""V191""]","{""n_estimators"": 458, ""max_depth"": 5, ""min_samples_split"": 4, ""min_samples_leaf"": 2, ""criterion"": ""entropy"", ""class_weight"": ""balanced""}"
377,2026-06-05T15:02:02.092750+00:00,extra,ranking_xgb,377,5145,5,1000,0.5656054572368912,743,257,0.4970520074317485,"[""V11"", ""V160"", ""V255"", ""V176"", ""V191""]","{""n_estimators"": 174, ""max_depth"": 12, ""min_samples_split"": 6, ""min_samples_leaf"": 7, ""criterion"": ""entropy"", ""class_weight"": null}"
378,2026-06-05T15:02:12.593667+00:00,extra,ranking_xgb,378,4935,5,1000,0.5391889842112115,729,271,0.4998561841378217,"[""V11"", ""V160"", ""V255"", ""V176"", ""V191""]","{""n_estimators"": 65, ""max_depth"": 5, ""min_samples_split"": 7, ""min_samples_leaf"": 9, ""criterion"": ""gini"", ""class_weight"": ""balanced""}"
379,2026-06-05T15:02:48.772388+00:00,extra,ranking_xgb,379,5055,5,1000,0.5735250191794566,737,263,0.4966956056429155,"[""V11"", ""V160"", ""V255"", ""V176"", ""V191""]","{""n_estimators"": 294, ""max_depth"": null, ""min_samples_split"": 7, ""min_samples_leaf"": 7, ""criterion"": ""entropy"", ""class_weight"": null}"
380,2026-06-05T15:03:25.021838+00:00,extra,ranking_xgb,380,5015,5,999,0.5954662069727803,734,265,0.4960184164680436,"[""V11"", ""V160"", ""V255"", ""V176"", ""V191""]","{""n_estimators"": 290, ""max_depth"": null, ""min_samples_split"": 9, ""min_samples_leaf"": 4, ""criterion"": ""gini"", ""class_weight"": null}"
381,2026-06-05T15:04:17.099327+00:00,extra,ranking_xgb,381,4995,5,1000,0.5276588887203256,733,267,0.49748739481705545,"[""V11"", ""V160"", ""V255"", ""V176"", ""V191""]","{""n_estimators"": 444, ""max_depth"": 4, ""min_samples_split"": 4, ""min_samples_leaf"": 3, ""criterion"": ""entropy"", ""class_weight"": null}"
382,2026-06-05T15:04:34.689836+00:00,extra,ranking_xgb,382,5180,5,999,0.563503287480584,745,254,0.49939494032105614,"[""V11"", ""V160"", ""V255"", ""V176"", ""V191""]","{""n_estimators"": 123, ""max_depth"": 9, ""min_samples_split"": 5, ""min_samples_leaf"": 4, ""criterion"": ""entropy"", ""class_weight"": ""balanced""}"
383,2026-06-05T15:05:35.277124+00:00,extra,ranking_xgb,383,4815,8,1000,0.6261616586624938,761,239,0.49301166113362177,"[""V11"", ""V160"", ""V255"", ""V176"", ""V191"", ""V224"", ""V215"", ""V380""]","{""n_estimators"": 445, ""max_depth"": null, ""min_samples_split"": 7, ""min_samples_leaf"": 1, ""criterion"": ""entropy"", ""class_weight"": ""balanced""}"
384,2026-06-05T15:06:26.938318+00:00,extra,ranking_xgb,384,4980,5,1000,0.565473517518455,732,268,0.4994915908641713,"[""V11"", ""V160"", ""V255"", ""V176"", ""V191""]","{""n_estimators"": 393, ""max_depth"": 10, ""min_samples_split"": 5, ""min_samples_leaf"": 5, ""criterion"": ""entropy"", ""class_weight"": ""balanced""}"
385,2026-06-05T15:07:04.759268+00:00,extra,ranking_xgb,385,5115,5,1000,0.5771729299713912,741,259,0.4990905469974432,"[""V11"", ""V160"", ""V255"", ""V176"", ""V191""]","{""n_estimators"": 280, ""max_depth"": 12, ""min_samples_split"": 7, ""min_samples_leaf"": 4, ""criterion"": ""entropy"", ""class_weight"": ""balanced""}"
386,2026-06-05T15:07:19.400870+00:00,extra,ranking_xgb,386,5070,5,1000,0.5199407420300995,738,262,0.49758912881854767,"[""V11"", ""V160"", ""V255"", ""V176"", ""V191""]","{""n_estimators"": 112, ""max_depth"": 3, ""min_samples_split"": 7, ""min_samples_leaf"": 6, ""criterion"": ""entropy"", ""class_weight"": null}"
387,2026-06-05T15:07:52.052612+00:00,extra,ranking_xgb,387,5025,5,1000,0.5799290321175756,735,265,0.497033695689041,"[""V11"", ""V160"", ""V255"", ""V176"", ""V191""]","{""n_estimators"": 267, ""max_depth"": 11, ""min_samples_split"": 8, ""min_samples_leaf"": 2, ""criterion"": ""entropy"", ""class_weight"": null}"
388,2026-06-05T15:08:47.097925+00:00,extra,ranking_xgb,388,5085,5,1000,0.564095207924199,739,261,0.49936896977828327,"[""V11"", ""V160"", ""V255"", ""V176"", ""V191""]","{""n_estimators"": 417, ""max_depth"": 9, ""min_samples_split"": 2, ""min_samples_leaf"": 3, ""criterion"": ""gini"", ""class_weight"": ""balanced""}"
389,2026-06-05T15:09:44.528007+00:00,extra,ranking_xgb,389,5010,5,991,0.5687092335015409,731,260,0.496951501440145,"[""V11"", ""V160"", ""V255"", ""V176"", ""V191""]","{""n_estimators"": 484, ""max_depth"": 14, ""min_samples_split"": 8, ""min_samples_leaf"": 7, ""criterion"": ""entropy"", ""class_weight"": null}"
390,2026-06-05T15:10:04.490181+00:00,extra,ranking_xgb,390,5025,5,1000,0.5839883237118667,735,265,0.49678457392662495,"[""V11"", ""V160"", ""V255"", ""V176"", ""V191""]","{""n_estimators"": 152, ""max_depth"": 12, ""min_samples_split"": 6, ""min_samples_leaf"": 2, ""criterion"": ""entropy"", ""class_weight"": null}"
391,2026-06-05T15:10:46.485141+00:00,extra,ranking_xgb,391,5055,5,1000,0.5757985742166714,737,263,0.4968315275881585,"[""V11"", ""V160"", ""V255"", ""V176"", ""V191""]","{""n_estimators"": 347, ""max_depth"": 11, ""min_samples_split"": 2, ""min_samples_leaf"": 3, ""criterion"": ""gini"", ""class_weight"": null}"
392,2026-06-05T15:11:40.692851+00:00,extra,ranking_xgb,392,5025,5,1000,0.5650318508030951,735,265,0.49934658156164624,"[""V11"", ""V160"", ""V255"", ""V176"", ""V191""]","{""n_estimators"": 412, ""max_depth"": 9, ""min_samples_split"": 6, ""min_samples_leaf"": 3, ""criterion"": ""gini"", ""class_weight"": ""balanced""}"
393,2026-06-05T15:11:52.213722+00:00,extra,ranking_xgb,393,5160,5,1000,0.5679163875925577,744,256,0.49681772555394066,"[""V11"", ""V160"", ""V255"", ""V176"", ""V191""]","{""n_estimators"": 78, ""max_depth"": 11, ""min_samples_split"": 5, ""min_samples_leaf"": 4, ""criterion"": ""entropy"", ""class_weight"": null}"
394,2026-06-05T15:12:23.951187+00:00,extra,ranking_xgb,394,5145,5,1000,0.5454657246081304,743,257,0.499676485693569,"[""V11"", ""V160"", ""V255"", ""V176"", ""V191""]","{""n_estimators"": 233, ""max_depth"": 7, ""min_samples_split"": 2, ""min_samples_leaf"": 6, ""criterion"": ""entropy"", ""class_weight"": ""balanced""}"
395,2026-06-05T15:12:59.463623+00:00,extra,ranking_xgb,395,5055,5,1000,0.5357569184147942,737,263,0.49752312746329225,"[""V11"", ""V160"", ""V255"", ""V176"", ""V191""]","{""n_estimators"": 293, ""max_depth"": 5, ""min_samples_split"": 8, ""min_samples_leaf"": 2, ""criterion"": ""gini"", ""class_weight"": null}"
396,2026-06-05T15:13:55.000082+00:00,extra,ranking_xgb,396,5010,5,1000,0.5522808011697818,734,266,0.4996903462539611,"[""V11"", ""V160"", ""V255"", ""V176"", ""V191""]","{""n_estimators"": 422, ""max_depth"": 7, ""min_samples_split"": 7, ""min_samples_leaf"": 3, ""criterion"": ""entropy"", ""class_weight"": ""balanced""}"
397,2026-06-05T15:14:19.757963+00:00,extra,ranking_xgb,397,5075,5,999,0.5946878718626238,738,261,0.4955222495596603,"[""V11"", ""V160"", ""V255"", ""V176"", ""V191""]","{""n_estimators"": 194, ""max_depth"": null, ""min_samples_split"": 6, ""min_samples_leaf"": 4, ""criterion"": ""entropy"", ""class_weight"": null}"
398,2026-06-05T15:14:30.681281+00:00,extra,ranking_xgb,398,4665,5,1000,0.5195428100529865,711,289,0.49749984159570404,"[""V11"", ""V160"", ""V255"", ""V176"", ""V191""]","{""n_estimators"": 73, ""max_depth"": 3, ""min_samples_split"": 6, ""min_samples_leaf"": 5, ""criterion"": ""gini"", ""class_weight"": null}"
399,2026-06-05T15:14:55.200048+00:00,extra,ranking_xgb,399,5040,5,1000,0.5514479146536421,736,264,0.499569393419292,"[""V11"", ""V160"", ""V255"", ""V176"", ""V191""]","{""n_estimators"": 176, ""max_depth"": 8, ""min_samples_split"": 3, ""min_samples_leaf"": 7, ""criterion"": ""entropy"", ""class_weight"": ""balanced""}"
400,2026-06-05T15:15:13.621767+00:00,extra,ranking_xgb,400,5025,5,1000,0.5788868995957708,735,265,0.49885873001614006,"[""V11"", ""V160"", ""V255"", ""V176"", ""V191""]","{""n_estimators"": 128, ""max_depth"": null, ""min_samples_split"": 9, ""min_samples_leaf"": 7, ""criterion"": ""gini"", ""class_weight"": ""balanced""}"
401,2026-06-05T15:16:05.666007+00:00,extra,ranking_xgb,401,4995,5,1000,0.5435831969080763,733,267,0.4997132936796613,"[""V11"", ""V160"", ""V255"", ""V176"", ""V191""]","{""n_estimators"": 398, ""max_depth"": 6, ""min_samples_split"": 9, ""min_samples_leaf"": 4, ""criterion"": ""entropy"", ""class_weight"": ""balanced""}"
402,2026-06-05T15:16:55.456894+00:00,extra,ranking_xgb,402,5145,5,1000,0.554577822355461,743,257,0.4972608470005587,"[""V11"", ""V160"", ""V255"", ""V176"", ""V191""]","{""n_estimators"": 418, ""max_depth"": 9, ""min_samples_split"": 9, ""min_samples_leaf"": 7, ""criterion"": ""gini"", ""class_weight"": null}"
403,2026-06-05T15:17:47.507101+00:00,extra,ranking_xgb,403,5145,5,1000,0.5541784498001244,743,257,0.4972480066507477,"[""V11"", ""V160"", ""V255"", ""V176"", ""V191""]","{""n_estimators"": 439, ""max_depth"": 9, ""min_samples_split"": 8, ""min_samples_leaf"": 7, ""criterion"": ""gini"", ""class_weight"": null}"
404,2026-06-05T15:18:18.920844+00:00,extra,ranking_xgb,404,5130,5,997,0.5386215597325397,741,256,0.4998918853290449,"[""V11"", ""V160"", ""V255"", ""V176"", ""V191""]","{""n_estimators"": 228, ""max_depth"": 5, ""min_samples_split"": 9, ""min_samples_leaf"": 1, ""criterion"": ""entropy"", ""class_weight"": ""balanced""}"
405,2026-06-05T15:18:56.361579+00:00,extra,ranking_xgb,405,5000,5,999,0.5219146023526915,733,266,0.4999432535897404,"[""V11"", ""V160"", ""V255"", ""V176"", ""V191""]","{""n_estimators"": 281, ""max_depth"": 3, ""min_samples_split"": 6, ""min_samples_leaf"": 7, ""criterion"": ""entropy"", ""class_weight"": ""balanced""}"
406,2026-06-05T15:19:17.199078+00:00,extra,ranking_xgb,406,5010,5,1000,0.5752534993338642,734,266,0.4967873968360199,"[""V11"", ""V160"", ""V255"", ""V176"", ""V191""]","{""n_estimators"": 159, ""max_depth"": null, ""min_samples_split"": 5, ""min_samples_leaf"": 7, ""criterion"": ""gini"", ""class_weight"": null}"
407,2026-06-05T15:19:52.957953+00:00,extra,ranking_xgb,407,5130,5,1000,0.5496279362783655,742,258,0.49740397852105517,"[""V11"", ""V160"", ""V255"", ""V176"", ""V191""]","{""n_estimators"": 293, ""max_depth"": 8, ""min_samples_split"": 7, ""min_samples_leaf"": 5, ""criterion"": ""entropy"", ""class_weight"": null}"
408,2026-06-05T15:20:37.002384+00:00,extra,ranking_xgb,408,5055,5,1000,0.5698650967525867,737,263,0.4970515996500073,"[""V11"", ""V160"", ""V255"", ""V176"", ""V191""]","{""n_estimators"": 366, ""max_depth"": 12, ""min_samples_split"": 7, ""min_samples_leaf"": 5, ""criterion"": ""gini"", ""class_weight"": null}"
409,2026-06-05T15:20:49.208387+00:00,extra,ranking_xgb,409,5120,5,999,0.5788849972250559,741,258,0.49698079591918587,"[""V11"", ""V160"", ""V255"", ""V176"", ""V191""]","{""n_estimators"": 84, ""max_depth"": 14, ""min_samples_split"": 3, ""min_samples_leaf"": 5, ""criterion"": ""entropy"", ""class_weight"": null}"
410,2026-06-05T15:21:43.572662+00:00,extra,ranking_xgb,410,5135,5,999,0.5690314687492235,742,257,0.4993495142393391,"[""V11"", ""V160"", ""V255"", ""V176"", ""V191""]","{""n_estimators"": 413, ""max_depth"": 10, ""min_samples_split"": 6, ""min_samples_leaf"": 4, ""criterion"": ""entropy"", ""class_weight"": ""balanced""}"
411,2026-06-05T15:22:14.293743+00:00,extra,ranking_xgb,411,5010,5,1000,0.5288199780331962,734,266,0.4998814622359354,"[""V11"", ""V160"", ""V255"", ""V176"", ""V191""]","{""n_estimators"": 224, ""max_depth"": 4, ""min_samples_split"": 4, ""min_samples_leaf"": 3, ""criterion"": ""entropy"", ""class_weight"": ""balanced""}"
412,2026-06-05T15:22:34.652017+00:00,extra,ranking_xgb,412,5045,5,999,0.5340558851586239,736,263,0.4975254028825715,"[""V11"", ""V160"", ""V255"", ""V176"", ""V191""]","{""n_estimators"": 158, ""max_depth"": 5, ""min_samples_split"": 9, ""min_samples_leaf"": 5, ""criterion"": ""gini"", ""class_weight"": null}"
413,2026-06-05T15:23:32.976166+00:00,extra,ranking_xgb,413,5085,5,1000,0.5453479158196182,739,261,0.4996146838555809,"[""V11"", ""V160"", ""V255"", ""V176"", ""V191""]","{""n_estimators"": 446, ""max_depth"": 6, ""min_samples_split"": 7, ""min_samples_leaf"": 3, ""criterion"": ""gini"", ""class_weight"": ""balanced""}"
414,2026-06-05T15:23:50.365051+00:00,extra,ranking_xgb,414,5055,5,997,0.5659892468373229,736,261,0.4993359400576072,"[""V11"", ""V160"", ""V255"", ""V176"", ""V191""]","{""n_estimators"": 121, ""max_depth"": 14, ""min_samples_split"": 8, ""min_samples_leaf"": 9, ""criterion"": ""entropy"", ""class_weight"": ""balanced""}"
415,2026-06-05T15:24:28.157279+00:00,extra,ranking_xgb,415,5135,5,999,0.5590994751312478,742,257,0.499552463406099,"[""V11"", ""V160"", ""V255"", ""V176"", ""V191""]","{""n_estimators"": 278, ""max_depth"": 8, ""min_samples_split"": 3, ""min_samples_leaf"": 2, ""criterion"": ""entropy"", ""class_weight"": ""balanced""}"
416,2026-06-05T15:25:18.524499+00:00,extra,ranking_xgb,416,4970,5,999,0.5922902262552037,731,268,0.49853509460312095,"[""V11"", ""V160"", ""V255"", ""V176"", ""V191""]","{""n_estimators"": 379, ""max_depth"": 14, ""min_samples_split"": 4, ""min_samples_leaf"": 3, ""criterion"": ""entropy"", ""class_weight"": ""balanced""}"
417,2026-06-05T15:25:56.000945+00:00,extra,ranking_xgb,417,5095,5,986,0.5415145139648309,735,251,0.4974438521777358,"[""V11"", ""V160"", ""V255"", ""V176"", ""V191""]","{""n_estimators"": 312, ""max_depth"": 6, ""min_samples_split"": 6, ""min_samples_leaf"": 4, ""criterion"": ""gini"", ""class_weight"": null}"
418,2026-06-05T15:26:19.402503+00:00,extra,ranking_xgb,418,4985,5,996,0.5720891613071118,731,265,0.4990623353549321,"[""V11"", ""V160"", ""V255"", ""V176"", ""V191""]","{""n_estimators"": 165, ""max_depth"": 11, ""min_samples_split"": 5, ""min_samples_leaf"": 4, ""criterion"": ""gini"", ""class_weight"": ""balanced""}"
419,2026-06-05T15:26:40.240752+00:00,extra,ranking_xgb,419,5055,5,1000,0.5441542785925374,737,263,0.49964120344734686,"[""V11"", ""V160"", ""V255"", ""V176"", ""V191""]","{""n_estimators"": 143, ""max_depth"": 7, ""min_samples_split"": 3, ""min_samples_leaf"": 9, ""criterion"": ""entropy"", ""class_weight"": ""balanced""}"
420,2026-06-05T15:26:59.089779+00:00,extra,ranking_xgb,420,4990,5,998,0.5752681813505574,732,266,0.4991993823292272,"[""V11"", ""V160"", ""V255"", ""V176"", ""V191""]","{""n_estimators"": 132, ""max_depth"": 11, ""min_samples_split"": 2, ""min_samples_leaf"": 3, ""criterion"": ""gini"", ""class_weight"": ""balanced""}"
421,2026-06-05T15:27:56.801293+00:00,extra,ranking_xgb,421,4950,5,1000,0.5748855389824594,730,270,0.49684958085129766,"[""V11"", ""V160"", ""V255"", ""V176"", ""V191""]","{""n_estimators"": 483, ""max_depth"": null, ""min_samples_split"": 2, ""min_samples_leaf"": 7, ""criterion"": ""entropy"", ""class_weight"": null}"
422,2026-06-05T15:28:43.595939+00:00,extra,ranking_xgb,422,5085,5,1000,0.5628298523125844,739,261,0.497129424350511,"[""V11"", ""V160"", ""V255"", ""V176"", ""V191""]","{""n_estimators"": 393, ""max_depth"": 12, ""min_samples_split"": 7, ""min_samples_leaf"": 8, ""criterion"": ""entropy"", ""class_weight"": null}"
423,2026-06-05T15:29:17.514684+00:00,extra,ranking_xgb,423,5120,5,999,0.549165541072716,741,258,0.49964888377738553,"[""V11"", ""V160"", ""V255"", ""V176"", ""V191""]","{""n_estimators"": 252, ""max_depth"": 8, ""min_samples_split"": 9, ""min_samples_leaf"": 8, ""criterion"": ""entropy"", ""class_weight"": ""balanced""}"
424,2026-06-05T15:29:52.702972+00:00,extra,ranking_xgb,424,5085,5,1000,0.5493691342469055,739,261,0.49742151730509715,"[""V11"", ""V160"", ""V255"", ""V176"", ""V191""]","{""n_estimators"": 288, ""max_depth"": 7, ""min_samples_split"": 2, ""min_samples_leaf"": 1, ""criterion"": ""gini"", ""class_weight"": null}"
425,2026-06-05T15:30:03.155528+00:00,extra,ranking_xgb,425,5225,5,996,0.5567036282093359,747,249,0.4994612687083009,"[""V11"", ""V160"", ""V255"", ""V176"", ""V191""]","{""n_estimators"": 66, ""max_depth"": 10, ""min_samples_split"": 6, ""min_samples_leaf"": 7, ""criterion"": ""entropy"", ""class_weight"": ""balanced""}"
426,2026-06-05T15:31:01.742697+00:00,extra,ranking_xgb,426,4985,5,999,0.5582707226984878,732,267,0.49942784575631083,"[""V11"", ""V160"", ""V255"", ""V176"", ""V191""]","{""n_estimators"": 447, ""max_depth"": 8, ""min_samples_split"": 7, ""min_samples_leaf"": 3, ""criterion"": ""gini"", ""class_weight"": ""balanced""}"
427,2026-06-05T15:31:29.015902+00:00,extra,ranking_xgb,427,4955,5,996,0.5291599669802839,729,267,0.49748096226673816,"[""V11"", ""V160"", ""V255"", ""V176"", ""V191""]","{""n_estimators"": 220, ""max_depth"": 4, ""min_samples_split"": 8, ""min_samples_leaf"": 4, ""criterion"": ""entropy"", ""class_weight"": null}"
428,2026-06-05T15:32:09.438231+00:00,extra,ranking_xgb,428,4965,5,1000,0.5285601066421266,731,269,0.4974872118652736,"[""V11"", ""V160"", ""V255"", ""V176"", ""V191""]","{""n_estimators"": 340, ""max_depth"": 4, ""min_samples_split"": 5, ""min_samples_leaf"": 1, ""criterion"": ""entropy"", ""class_weight"": null}"
429,2026-06-05T15:33:01.949549+00:00,extra,ranking_xgb,429,5055,5,1000,0.5411481982751909,737,263,0.49738242250342674,"[""V11"", ""V160"", ""V255"", ""V176"", ""V191""]","{""n_estimators"": 446, ""max_depth"": 6, ""min_samples_split"": 5, ""min_samples_leaf"": 3, ""criterion"": ""gini"", ""class_weight"": null}"
430,2026-06-05T15:33:50.847749+00:00,extra,ranking_xgb,430,5015,5,999,0.563430852882232,734,265,0.49938464879158256,"[""V11"", ""V160"", ""V255"", ""V176"", ""V191""]","{""n_estimators"": 369, ""max_depth"": 11, ""min_samples_split"": 3, ""min_samples_leaf"": 7, ""criterion"": ""gini"", ""class_weight"": ""balanced""}"
431,2026-06-05T15:34:26.074937+00:00,extra,ranking_xgb,431,5130,5,1000,0.5427127088257843,742,258,0.49973855778469534,"[""V11"", ""V160"", ""V255"", ""V176"", ""V191""]","{""n_estimators"": 263, ""max_depth"": 6, ""min_samples_split"": 9, ""min_samples_leaf"": 4, ""criterion"": ""gini"", ""class_weight"": ""balanced""}"
432,2026-06-05T15:35:05.629436+00:00,extra,ranking_xgb,432,4995,5,1000,0.5433166657156672,733,267,0.4997211106236273,"[""V11"", ""V160"", ""V255"", ""V176"", ""V191""]","{""n_estimators"": 295, ""max_depth"": 6, ""min_samples_split"": 9, ""min_samples_leaf"": 3, ""criterion"": ""gini"", ""class_weight"": ""balanced""}"
433,2026-06-05T15:35:31.161389+00:00,extra,ranking_xgb,433,4980,5,1000,0.5696627644971469,732,268,0.49921479472738245,"[""V11"", ""V160"", ""V255"", ""V176"", ""V191""]","{""n_estimators"": 184, ""max_depth"": 11, ""min_samples_split"": 2, ""min_samples_leaf"": 5, ""criterion"": ""entropy"", ""class_weight"": ""balanced""}"
434,2026-06-05T15:35:59.901104+00:00,extra,ranking_xgb,434,4950,5,1000,0.5337472308471842,730,270,0.4997383155532358,"[""V11"", ""V160"", ""V255"", ""V176"", ""V191""]","{""n_estimators"": 208, ""max_depth"": 5, ""min_samples_split"": 9, ""min_samples_leaf"": 7, ""criterion"": ""entropy"", ""class_weight"": ""balanced""}"
435,2026-06-05T15:36:42.583390+00:00,extra,ranking_xgb,435,5040,5,1000,0.5439449600156779,736,264,0.49964980439879253,"[""V11"", ""V160"", ""V255"", ""V176"", ""V191""]","{""n_estimators"": 323, ""max_depth"": 7, ""min_samples_split"": 4, ""min_samples_leaf"": 9, ""criterion"": ""gini"", ""class_weight"": ""balanced""}"
436,2026-06-05T15:37:14.807500+00:00,extra,ranking_xgb,436,5025,5,1000,0.536637062957389,735,265,0.497544456599528,"[""V11"", ""V160"", ""V255"", ""V176"", ""V191""]","{""n_estimators"": 267, ""max_depth"": 5, ""min_samples_split"": 6, ""min_samples_leaf"": 1, ""criterion"": ""entropy"", ""class_weight"": null}"
437,2026-06-05T15:38:08.747105+00:00,extra,ranking_xgb,437,5140,5,995,0.5584666846534382,741,254,0.4973348092436355,"[""V11"", ""V160"", ""V255"", ""V176"", ""V191""]","{""n_estimators"": 458, ""max_depth"": 8, ""min_samples_split"": 4, ""min_samples_leaf"": 2, ""criterion"": ""entropy"", ""class_weight"": null}"
438,2026-06-05T15:38:18.417398+00:00,extra,ranking_xgb,438,4965,5,1000,0.5633051296242136,731,269,0.49922407882390546,"[""V11"", ""V160"", ""V255"", ""V176"", ""V191""]","{""n_estimators"": 61, ""max_depth"": 10, ""min_samples_split"": 9, ""min_samples_leaf"": 7, ""criterion"": ""entropy"", ""class_weight"": ""balanced""}"
439,2026-06-05T15:38:52.332782+00:00,extra,ranking_xgb,439,5105,5,999,0.5346353042154675,740,259,0.4974653378841258,"[""V11"", ""V160"", ""V255"", ""V176"", ""V191""]","{""n_estimators"": 278, ""max_depth"": 5, ""min_samples_split"": 7, ""min_samples_leaf"": 4, ""criterion"": ""gini"", ""class_weight"": null}"
440,2026-06-05T15:39:09.883648+00:00,extra,ranking_xgb,440,5120,5,996,0.5568676340629596,740,256,0.4971641089890089,"[""V11"", ""V160"", ""V255"", ""V176"", ""V191""]","{""n_estimators"": 134, ""max_depth"": 8, ""min_samples_split"": 6, ""min_samples_leaf"": 2, ""criterion"": ""entropy"", ""class_weight"": null}"
441,2026-06-05T15:39:59.887158+00:00,extra,ranking_xgb,441,4955,5,996,0.5206447631222286,729,267,0.497557748750819,"[""V11"", ""V160"", ""V255"", ""V176"", ""V191""]","{""n_estimators"": 424, ""max_depth"": 3, ""min_samples_split"": 5, ""min_samples_leaf"": 7, ""criterion"": ""gini"", ""class_weight"": null}"
442,2026-06-05T15:40:25.852634+00:00,extra,ranking_xgb,442,5090,5,999,0.5295144863798453,739,260,0.4998702865093386,"[""V11"", ""V160"", ""V255"", ""V176"", ""V191""]","{""n_estimators"": 191, ""max_depth"": 4, ""min_samples_split"": 9, ""min_samples_leaf"": 8, ""criterion"": ""entropy"", ""class_weight"": ""balanced""}"
443,2026-06-05T15:41:13.674706+00:00,extra,ranking_xgb,443,5110,5,998,0.5463307305802265,740,258,0.4973684329925984,"[""V11"", ""V160"", ""V255"", ""V176"", ""V191""]","{""n_estimators"": 404, ""max_depth"": 7, ""min_samples_split"": 6, ""min_samples_leaf"": 5, ""criterion"": ""entropy"", ""class_weight"": null}"
444,2026-06-05T15:41:41.848595+00:00,extra,ranking_xgb,444,5085,5,1000,0.5933208467434009,739,261,0.49849937053180193,"[""V11"", ""V160"", ""V255"", ""V176"", ""V191""]","{""n_estimators"": 203, ""max_depth"": 14, ""min_samples_split"": 2, ""min_samples_leaf"": 3, ""criterion"": ""gini"", ""class_weight"": ""balanced""}"
445,2026-06-05T15:42:39.047945+00:00,extra,ranking_xgb,445,5090,5,999,0.5388965579861423,739,260,0.49966415960315647,"[""V11"", ""V160"", ""V255"", ""V176"", ""V191""]","{""n_estimators"": 437, ""max_depth"": 6, ""min_samples_split"": 2, ""min_samples_leaf"": 8, ""criterion"": ""entropy"", ""class_weight"": ""balanced""}"
446,2026-06-05T15:43:00.428912+00:00,extra,ranking_xgb,446,5075,5,996,0.5708580183187989,737,259,0.4992170753813445,"[""V11"", ""V160"", ""V255"", ""V176"", ""V191""]","{""n_estimators"": 149, ""max_depth"": 10, ""min_samples_split"": 2, ""min_samples_leaf"": 3, ""criterion"": ""entropy"", ""class_weight"": ""balanced""}"
447,2026-06-05T15:43:13.385017+00:00,extra,ranking_xgb,447,5135,5,999,0.5884569329959743,742,257,0.4985529526247576,"[""V11"", ""V160"", ""V255"", ""V176"", ""V191""]","{""n_estimators"": 81, ""max_depth"": 14, ""min_samples_split"": 4, ""min_samples_leaf"": 4, ""criterion"": ""entropy"", ""class_weight"": ""balanced""}"
448,2026-06-05T15:44:00.906637+00:00,extra,ranking_xgb,448,5060,5,999,0.5467508287224357,737,262,0.4973563990657897,"[""V11"", ""V160"", ""V255"", ""V176"", ""V191""]","{""n_estimators"": 403, ""max_depth"": 8, ""min_samples_split"": 6, ""min_samples_leaf"": 9, ""criterion"": ""gini"", ""class_weight"": null}"
449,2026-06-05T15:44:41.189603+00:00,extra,ranking_xgb,449,5025,5,1000,0.5420033914896255,735,265,0.4997241092208551,"[""V11"", ""V160"", ""V255"", ""V176"", ""V191""]","{""n_estimators"": 302, ""max_depth"": 6, ""min_samples_split"": 3, ""min_samples_leaf"": 7, ""criterion"": ""gini"", ""class_weight"": ""balanced""}"
450,2026-06-05T15:45:13.252879+00:00,extra,ranking_xgb,450,4950,5,994,0.5338290371109805,728,266,0.49981132249430793,"[""V11"", ""V160"", ""V255"", ""V176"", ""V191""]","{""n_estimators"": 237, ""max_depth"": 5, ""min_samples_split"": 6, ""min_samples_leaf"": 6, ""criterion"": ""gini"", ""class_weight"": ""balanced""}"
451,2026-06-05T15:45:29.498197+00:00,extra,ranking_xgb,451,4995,5,1000,0.5231695242372639,733,267,0.49993648510856675,"[""V11"", ""V160"", ""V255"", ""V176"", ""V191""]","{""n_estimators"": 113, ""max_depth"": 3, ""min_samples_split"": 7, ""min_samples_leaf"": 2, ""criterion"": ""entropy"", ""class_weight"": ""balanced""}"
452,2026-06-05T15:45:41.404080+00:00,extra,ranking_xgb,452,5025,5,1000,0.577876145950283,735,265,0.4963808438233037,"[""V11"", ""V160"", ""V255"", ""V176"", ""V191""]","{""n_estimators"": 81, ""max_depth"": null, ""min_samples_split"": 7, ""min_samples_leaf"": 6, ""criterion"": ""gini"", ""class_weight"": null}"
453,2026-06-05T15:46:33.824900+00:00,extra,ranking_xgb,453,5005,5,998,0.5418203529217076,733,265,0.497306770837476,"[""V11"", ""V160"", ""V255"", ""V176"", ""V191""]","{""n_estimators"": 444, ""max_depth"": 7, ""min_samples_split"": 2, ""min_samples_leaf"": 8, ""criterion"": ""entropy"", ""class_weight"": null}"
454,2026-06-05T15:47:26.880466+00:00,extra,ranking_xgb,454,5130,5,1000,0.5311816896102965,742,258,0.4974345893240595,"[""V11"", ""V160"", ""V255"", ""V176"", ""V191""]","{""n_estimators"": 452, ""max_depth"": 5, ""min_samples_split"": 4, ""min_samples_leaf"": 9, ""criterion"": ""entropy"", ""class_weight"": null}"
455,2026-06-05T15:47:56.026773+00:00,extra,ranking_xgb,455,5115,5,1000,0.5422674062509292,741,259,0.49757430359514976,"[""V11"", ""V160"", ""V255"", ""V176"", ""V191""]","{""n_estimators"": 237, ""max_depth"": 6, ""min_samples_split"": 4, ""min_samples_leaf"": 1, ""criterion"": ""entropy"", ""class_weight"": null}"
456,2026-06-05T15:48:35.334237+00:00,extra,ranking_xgb,456,5105,5,999,0.5714478303293024,740,259,0.4968220123140741,"[""V11"", ""V160"", ""V255"", ""V176"", ""V191""]","{""n_estimators"": 327, ""max_depth"": 13, ""min_samples_split"": 2, ""min_samples_leaf"": 6, ""criterion"": ""gini"", ""class_weight"": null}"
457,2026-06-05T15:49:29.912106+00:00,extra,ranking_xgb,457,4910,8,999,0.5603876644965661,767,232,0.4965812774829725,"[""V11"", ""V160"", ""V255"", ""V176"", ""V191"", ""V224"", ""V215"", ""V380""]","{""n_estimators"": 461, ""max_depth"": 13, ""min_samples_split"": 7, ""min_samples_leaf"": 5, ""criterion"": ""entropy"", ""class_weight"": null}"
458,2026-06-05T15:50:17.905060+00:00,extra,ranking_xgb,458,5070,5,1000,0.5661299032822299,738,262,0.4969732839516681,"[""V11"", ""V160"", ""V255"", ""V176"", ""V191""]","{""n_estimators"": 404, ""max_depth"": 14, ""min_samples_split"": 5, ""min_samples_leaf"": 8, ""criterion"": ""gini"", ""class_weight"": null}"
459,2026-06-05T15:51:22.134287+00:00,extra,ranking_xgb,459,5010,5,1000,0.5225416779565781,734,266,0.4999347461240826,"[""V11"", ""V160"", ""V255"", ""V176"", ""V191""]","{""n_estimators"": 495, ""max_depth"": 3, ""min_samples_split"": 2, ""min_samples_leaf"": 3, ""criterion"": ""entropy"", ""class_weight"": ""balanced""}"
460,2026-06-05T15:51:54.006496+00:00,extra,ranking_xgb,460,5100,5,1000,0.5854126548268537,740,260,0.496187589463323,"[""V11"", ""V160"", ""V255"", ""V176"", ""V191""]","{""n_estimators"": 260, ""max_depth"": 12, ""min_samples_split"": 6, ""min_samples_leaf"": 1, ""criterion"": ""gini"", ""class_weight"": null}"
461,2026-06-05T15:52:27.809928+00:00,extra,ranking_xgb,461,5025,5,1000,0.5439887849406274,735,265,0.4995749770847302,"[""V11"", ""V160"", ""V255"", ""V176"", ""V191""]","{""n_estimators"": 252, ""max_depth"": 6, ""min_samples_split"": 5, ""min_samples_leaf"": 3, ""criterion"": ""entropy"", ""class_weight"": ""balanced""}"
462,2026-06-05T15:53:12.809773+00:00,extra,ranking_xgb,462,5005,5,995,0.5718596448010828,732,263,0.49912887858518545,"[""V11"", ""V160"", ""V255"", ""V176"", ""V191""]","{""n_estimators"": 339, ""max_depth"": 13, ""min_samples_split"": 3, ""min_samples_leaf"": 7, ""criterion"": ""entropy"", ""class_weight"": ""balanced""}"
463,2026-06-05T15:53:42.623975+00:00,extra,ranking_xgb,463,5025,5,1000,0.5651737155869244,735,265,0.49707207370417616,"[""V11"", ""V160"", ""V255"", ""V176"", ""V191""]","{""n_estimators"": 242, ""max_depth"": 11, ""min_samples_split"": 5, ""min_samples_leaf"": 5, ""criterion"": ""gini"", ""class_weight"": null}"
464,2026-06-05T15:54:06.312923+00:00,extra,ranking_xgb,464,5010,5,994,0.5347699018345171,732,262,0.49983422865203136,"[""V11"", ""V160"", ""V255"", ""V176"", ""V191""]","{""n_estimators"": 170, ""max_depth"": 5, ""min_samples_split"": 2, ""min_samples_leaf"": 8, ""criterion"": ""entropy"", ""class_weight"": ""balanced""}"
465,2026-06-05T15:54:42.344221+00:00,extra,ranking_xgb,465,5100,5,1000,0.5449755284665128,740,260,0.4998247891773193,"[""V11"", ""V160"", ""V255"", ""V176"", ""V191""]","{""n_estimators"": 269, ""max_depth"": 6, ""min_samples_split"": 9, ""min_samples_leaf"": 2, ""criterion"": ""gini"", ""class_weight"": ""balanced""}"
466,2026-06-05T15:55:02.345813+00:00,extra,ranking_xgb,466,5060,5,999,0.5367563592997814,737,262,0.4998318841300833,"[""V11"", ""V160"", ""V255"", ""V176"", ""V191""]","{""n_estimators"": 139, ""max_depth"": 5, ""min_samples_split"": 5, ""min_samples_leaf"": 6, ""criterion"": ""gini"", ""class_weight"": ""balanced""}"
467,2026-06-05T15:55:48.273222+00:00,extra,ranking_xgb,467,5085,5,1000,0.5859960301532017,739,261,0.496166295331515,"[""V11"", ""V160"", ""V255"", ""V176"", ""V191""]","{""n_estimators"": 380, ""max_depth"": null, ""min_samples_split"": 3, ""min_samples_leaf"": 5, ""criterion"": ""gini"", ""class_weight"": null}"
468,2026-06-05T15:56:46.591952+00:00,extra,ranking_xgb,468,5055,5,1000,0.5395510159928265,737,263,0.49748754406104,"[""V11"", ""V160"", ""V255"", ""V176"", ""V191""]","{""n_estimators"": 495, ""max_depth"": 6, ""min_samples_split"": 4, ""min_samples_leaf"": 5, ""criterion"": ""entropy"", ""class_weight"": null}"
469,2026-06-05T15:57:17.894937+00:00,extra,ranking_xgb,469,4965,5,1000,0.5368931049429809,731,269,0.49980402806521534,"[""V11"", ""V160"", ""V255"", ""V176"", ""V191""]","{""n_estimators"": 230, ""max_depth"": 5, ""min_samples_split"": 9, ""min_samples_leaf"": 4, ""criterion"": ""entropy"", ""class_weight"": ""balanced""}"
470,2026-06-05T15:57:59.225519+00:00,extra,ranking_xgb,470,5090,5,999,0.5434541195056988,739,260,0.497417186350057,"[""V11"", ""V160"", ""V255"", ""V176"", ""V191""]","{""n_estimators"": 345, ""max_depth"": 6, ""min_samples_split"": 5, ""min_samples_leaf"": 1, ""criterion"": ""entropy"", ""class_weight"": null}"
471,2026-06-05T15:58:51.613122+00:00,extra,ranking_xgb,471,5040,5,1000,0.579962681029912,736,264,0.4988144746281463,"[""V11"", ""V160"", ""V255"", ""V176"", ""V191""]","{""n_estimators"": 394, ""max_depth"": null, ""min_samples_split"": 3, ""min_samples_leaf"": 6, ""criterion"": ""entropy"", ""class_weight"": ""balanced""}"
472,2026-06-05T15:59:38.044128+00:00,extra,ranking_xgb,472,5025,5,1000,0.5634138360976236,735,265,0.4970734225897813,"[""V11"", ""V160"", ""V255"", ""V176"", ""V191""]","{""n_estimators"": 391, ""max_depth"": 12, ""min_samples_split"": 4, ""min_samples_leaf"": 8, ""criterion"": ""gini"", ""class_weight"": null}"
473,2026-06-05T15:59:52.591059+00:00,extra,ranking_xgb,473,4875,5,1000,0.5270232844313943,725,275,0.4975169260247649,"[""V11"", ""V160"", ""V255"", ""V176"", ""V191""]","{""n_estimators"": 110, ""max_depth"": 4, ""min_samples_split"": 4, ""min_samples_leaf"": 4, ""criterion"": ""gini"", ""class_weight"": null}"
474,2026-06-05T16:00:30.366458+00:00,extra,ranking_xgb,474,5090,5,999,0.5528981052468422,739,260,0.4997091493735541,"[""V11"", ""V160"", ""V255"", ""V176"", ""V191""]","{""n_estimators"": 280, ""max_depth"": 7, ""min_samples_split"": 2, ""min_samples_leaf"": 3, ""criterion"": ""entropy"", ""class_weight"": ""balanced""}"
475,2026-06-05T16:00:37.962760+00:00,extra,ranking_xgb,475,4980,5,1000,0.5186799516905058,732,268,0.4975282498203541,"[""V11"", ""V160"", ""V255"", ""V176"", ""V191""]","{""n_estimators"": 50, ""max_depth"": 3, ""min_samples_split"": 3, ""min_samples_leaf"": 4, ""criterion"": ""gini"", ""class_weight"": null}"
476,2026-06-05T16:01:14.730328+00:00,extra,ranking_xgb,476,5070,5,1000,0.5200932538675391,738,262,0.49756987682917814,"[""V11"", ""V160"", ""V255"", ""V176"", ""V191""]","{""n_estimators"": 307, ""max_depth"": 3, ""min_samples_split"": 4, ""min_samples_leaf"": 5, ""criterion"": ""gini"", ""class_weight"": null}"
477,2026-06-05T16:01:54.151827+00:00,extra,ranking_xgb,477,5085,5,1000,0.5564343362731594,739,261,0.49738569564554846,"[""V11"", ""V160"", ""V255"", ""V176"", ""V191""]","{""n_estimators"": 329, ""max_depth"": 9, ""min_samples_split"": 8, ""min_samples_leaf"": 5, ""criterion"": ""entropy"", ""class_weight"": null}"
478,2026-06-05T16:02:39.338467+00:00,extra,ranking_xgb,478,4985,5,999,0.5603563662324339,732,267,0.49938152086972476,"[""V11"", ""V160"", ""V255"", ""V176"", ""V191""]","{""n_estimators"": 340, ""max_depth"": 11, ""min_samples_split"": 9, ""min_samples_leaf"": 8, ""criterion"": ""entropy"", ""class_weight"": ""balanced""}"
479,2026-06-05T16:03:08.748718+00:00,extra,ranking_xgb,479,5010,5,1000,0.546517252877226,734,266,0.49966855958846845,"[""V11"", ""V160"", ""V255"", ""V176"", ""V191""]","{""n_estimators"": 212, ""max_depth"": 7, ""min_samples_split"": 9, ""min_samples_leaf"": 8, ""criterion"": ""gini"", ""class_weight"": ""balanced""}"
480,2026-06-05T16:03:46.242742+00:00,extra,ranking_xgb,480,5055,5,1000,0.5703757753300203,737,263,0.4992106073609245,"[""V11"", ""V160"", ""V255"", ""V176"", ""V191""]","{""n_estimators"": 278, ""max_depth"": 14, ""min_samples_split"": 4, ""min_samples_leaf"": 7, ""criterion"": ""entropy"", ""class_weight"": ""balanced""}"
481,2026-06-05T16:04:08.633584+00:00,extra,ranking_xgb,481,5015,5,999,0.5576878583994959,734,265,0.4971125222272821,"[""V11"", ""V160"", ""V255"", ""V176"", ""V191""]","{""n_estimators"": 178, ""max_depth"": 8, ""min_samples_split"": 4, ""min_samples_leaf"": 1, ""criterion"": ""entropy"", ""class_weight"": null}"
482,2026-06-05T16:04:40.075465+00:00,extra,ranking_xgb,482,5010,5,1000,0.5849604972407657,734,266,0.4966756237396692,"[""V11"", ""V160"", ""V255"", ""V176"", ""V191""]","{""n_estimators"": 256, ""max_depth"": 12, ""min_samples_split"": 5, ""min_samples_leaf"": 2, ""criterion"": ""entropy"", ""class_weight"": null}"
483,2026-06-05T16:05:03.349141+00:00,extra,ranking_xgb,483,5025,5,1000,0.5587972273843808,735,265,0.4972212989984993,"[""V11"", ""V160"", ""V255"", ""V176"", ""V191""]","{""n_estimators"": 186, ""max_depth"": 10, ""min_samples_split"": 2, ""min_samples_leaf"": 6, ""criterion"": ""entropy"", ""class_weight"": null}"
484,2026-06-05T16:05:56.939166+00:00,extra,ranking_xgb,484,4995,5,1000,0.5574589512955851,733,267,0.49718263011918845,"[""V11"", ""V160"", ""V255"", ""V176"", ""V191""]","{""n_estimators"": 454, ""max_depth"": 10, ""min_samples_split"": 2, ""min_samples_leaf"": 8, ""criterion"": ""entropy"", ""class_weight"": null}"
485,2026-06-05T16:06:23.160049+00:00,extra,ranking_xgb,485,5145,5,1000,0.5614726059663114,743,257,0.49681511622504204,"[""V11"", ""V160"", ""V255"", ""V176"", ""V191""]","{""n_estimators"": 209, ""max_depth"": 11, ""min_samples_split"": 2, ""min_samples_leaf"": 6, ""criterion"": ""gini"", ""class_weight"": null}"
486,2026-06-05T16:07:22.552449+00:00,extra,ranking_xgb,486,5025,5,1000,0.5298247142654258,735,265,0.4998578716092713,"[""V11"", ""V160"", ""V255"", ""V176"", ""V191""]","{""n_estimators"": 458, ""max_depth"": 4, ""min_samples_split"": 8, ""min_samples_leaf"": 2, ""criterion"": ""gini"", ""class_weight"": ""balanced""}"
487,2026-06-05T16:08:14.109512+00:00,extra,ranking_xgb,487,4955,5,999,0.5245950707222461,730,269,0.49755062624760577,"[""V11"", ""V160"", ""V255"", ""V176"", ""V191""]","{""n_estimators"": 438, ""max_depth"": 4, ""min_samples_split"": 6, ""min_samples_leaf"": 9, ""criterion"": ""gini"", ""class_weight"": null}"
488,2026-06-05T16:08:50.583778+00:00,extra,ranking_xgb,488,5045,5,996,0.5769996666395011,735,261,0.49722680663240754,"[""V11"", ""V160"", ""V255"", ""V176"", ""V191""]","{""n_estimators"": 299, ""max_depth"": 11, ""min_samples_split"": 9, ""min_samples_leaf"": 2, ""criterion"": ""entropy"", ""class_weight"": null}"
489,2026-06-05T16:09:13.396425+00:00,extra,ranking_xgb,489,4940,5,993,0.5201126283658764,727,266,0.49757733181070674,"[""V11"", ""V160"", ""V255"", ""V176"", ""V191""]","{""n_estimators"": 185, ""max_depth"": 3, ""min_samples_split"": 3, ""min_samples_leaf"": 5, ""criterion"": ""entropy"", ""class_weight"": null}"
490,2026-06-05T16:09:43.017533+00:00,extra,ranking_xgb,490,4995,5,1000,0.5279329217404807,733,267,0.4998945209524475,"[""V11"", ""V160"", ""V255"", ""V176"", ""V191""]","{""n_estimators"": 215, ""max_depth"": 4, ""min_samples_split"": 7, ""min_samples_leaf"": 7, ""criterion"": ""entropy"", ""class_weight"": ""balanced""}"
491,2026-06-05T16:10:08.502529+00:00,extra,ranking_xgb,491,5000,5,999,0.5855236781606885,733,266,0.4964136101351938,"[""V11"", ""V160"", ""V255"", ""V176"", ""V191""]","{""n_estimators"": 204, ""max_depth"": 13, ""min_samples_split"": 5, ""min_samples_leaf"": 3, ""criterion"": ""entropy"", ""class_weight"": null}"
492,2026-06-05T16:10:57.866568+00:00,extra,ranking_xgb,492,5145,5,1000,0.5531392093243583,743,257,0.4972255304844595,"[""V11"", ""V160"", ""V255"", ""V176"", ""V191""]","{""n_estimators"": 415, ""max_depth"": 9, ""min_samples_split"": 4, ""min_samples_leaf"": 9, ""criterion"": ""entropy"", ""class_weight"": null}"
493,2026-06-05T16:11:06.822661+00:00,extra,ranking_xgb,493,4930,5,998,0.5782148250100214,728,270,0.4967182875992861,"[""V11"", ""V160"", ""V255"", ""V176"", ""V191""]","{""n_estimators"": 62, ""max_depth"": 14, ""min_samples_split"": 4, ""min_samples_leaf"": 5, ""criterion"": ""gini"", ""class_weight"": null}"
494,2026-06-05T16:11:18.947030+00:00,extra,ranking_xgb,494,5130,5,997,0.5428632207595718,741,256,0.49737573470135604,"[""V11"", ""V160"", ""V255"", ""V176"", ""V191""]","{""n_estimators"": 84, ""max_depth"": 6, ""min_samples_split"": 4, ""min_samples_leaf"": 2, ""criterion"": ""entropy"", ""class_weight"": null}"
495,2026-06-05T16:12:01.458794+00:00,extra,ranking_xgb,495,4990,5,998,0.5753163923528498,732,266,0.49887150282851545,"[""V11"", ""V160"", ""V255"", ""V176"", ""V191""]","{""n_estimators"": 318, ""max_depth"": 12, ""min_samples_split"": 5, ""min_samples_leaf"": 4, ""criterion"": ""gini"", ""class_weight"": ""balanced""}"
496,2026-06-05T16:12:29.499029+00:00,extra,ranking_xgb,496,5060,5,999,0.5703577827824746,737,262,0.49898746216604906,"[""V11"", ""V160"", ""V255"", ""V176"", ""V191""]","{""n_estimators"": 203, ""max_depth"": 12, ""min_samples_split"": 7, ""min_samples_leaf"": 5, ""criterion"": ""gini"", ""class_weight"": ""balanced""}"
497,2026-06-05T16:12:58.504458+00:00,extra,ranking_xgb,497,5015,5,999,0.5643679989341138,734,265,0.49694391020656037,"[""V11"", ""V160"", ""V255"", ""V176"", ""V191""]","{""n_estimators"": 235, ""max_depth"": 13, ""min_samples_split"": 6, ""min_samples_leaf"": 8, ""criterion"": ""entropy"", ""class_weight"": null}"
498,2026-06-05T16:13:18.886039+00:00,extra,ranking_xgb,498,5080,5,998,0.5431416217465384,738,260,0.4973335436798779,"[""V11"", ""V160"", ""V255"", ""V176"", ""V191""]","{""n_estimators"": 158, ""max_depth"": 6, ""min_samples_split"": 4, ""min_samples_leaf"": 1, ""criterion"": ""gini"", ""class_weight"": null}"
499,2026-06-05T16:13:40.954105+00:00,extra,ranking_xgb,499,5070,5,991,0.5616688449833641,735,256,0.4996364698101019,"[""V11"", ""V160"", ""V255"", ""V176"", ""V191""]","{""n_estimators"": 155, ""max_depth"": 9, ""min_samples_split"": 2, ""min_samples_leaf"": 5, ""criterion"": ""entropy"", ""class_weight"": ""balanced""}"
500,2026-06-05T16:14:05.607149+00:00,extra,ranking_xgb,500,5000,5,999,0.520526036300403,733,266,0.4975430850859042,"[""V11"", ""V160"", ""V255"", ""V176"", ""V191""]","{""n_estimators"": 201, ""max_depth"": 3, ""min_samples_split"": 9, ""min_samples_leaf"": 8, ""criterion"": ""gini"", ""class_weight"": null}"
501,2026-06-05T16:14:52.997149+00:00,extra,ranking_xgb,501,5065,5,998,0.5962025106486996,737,261,0.49647515284365556,"[""V11"", ""V160"", ""V255"", ""V176"", ""V191""]","{""n_estimators"": 396, ""max_depth"": 14, ""min_samples_split"": 9, ""min_samples_leaf"": 2, ""criterion"": ""entropy"", ""class_weight"": null}"
502,2026-06-05T16:15:10.894554+00:00,extra,ranking_xgb,502,5220,5,1000,0.5622941170243533,748,252,0.4970722793416142,"[""V11"", ""V160"", ""V255"", ""V176"", ""V191""]","{""n_estimators"": 137, ""max_depth"": 12, ""min_samples_split"": 9, ""min_samples_leaf"": 8, ""criterion"": ""entropy"", ""class_weight"": null}"
503,2026-06-05T16:16:10.259492+00:00,extra,ranking_xgb,503,5085,5,1000,0.5711420686112211,739,261,0.49892799292652534,"[""V11"", ""V160"", ""V255"", ""V176"", ""V191""]","{""n_estimators"": 453, ""max_depth"": 10, ""min_samples_split"": 2, ""min_samples_leaf"": 1, ""criterion"": ""entropy"", ""class_weight"": ""balanced""}"
504,2026-06-05T16:16:24.900296+00:00,extra,ranking_xgb,504,5040,5,991,0.5251866815123329,733,258,0.49746516681190533,"[""V11"", ""V160"", ""V255"", ""V176"", ""V191""]","{""n_estimators"": 111, ""max_depth"": 4, ""min_samples_split"": 8, ""min_samples_leaf"": 8, ""criterion"": ""gini"", ""class_weight"": null}"
505,2026-06-05T16:17:22.689342+00:00,extra,ranking_xgb,505,5115,5,1000,0.5547552974364961,741,259,0.4996279400658031,"[""V11"", ""V160"", ""V255"", ""V176"", ""V191""]","{""n_estimators"": 441, ""max_depth"": 9, ""min_samples_split"": 8, ""min_samples_leaf"": 9, ""criterion"": ""entropy"", ""class_weight"": ""balanced""}"
506,2026-06-05T16:18:14.684092+00:00,extra,ranking_xgb,506,5000,5,996,0.5278359237734686,732,264,0.49752030856582424,"[""V11"", ""V160"", ""V255"", ""V176"", ""V191""]","{""n_estimators"": 443, ""max_depth"": 4, ""min_samples_split"": 6, ""min_samples_leaf"": 6, ""criterion"": ""entropy"", ""class_weight"": null}"
507,2026-06-05T16:18:28.718682+00:00,extra,ranking_xgb,507,4965,5,1000,0.5793481709453985,731,269,0.4968538929411329,"[""V11"", ""V160"", ""V255"", ""V176"", ""V191""]","{""n_estimators"": 102, ""max_depth"": 14, ""min_samples_split"": 8, ""min_samples_leaf"": 5, ""criterion"": ""entropy"", ""class_weight"": null}"
508,2026-06-05T16:18:49.532936+00:00,extra,ranking_xgb,508,5090,5,999,0.5546544251985824,739,260,0.4971690734086818,"[""V11"", ""V160"", ""V255"", ""V176"", ""V191""]","{""n_estimators"": 162, ""max_depth"": 9, ""min_samples_split"": 6, ""min_samples_leaf"": 8, ""criterion"": ""gini"", ""class_weight"": null}"
509,2026-06-05T16:19:16.437796+00:00,extra,ranking_xgb,509,4970,5,999,0.5548998365119232,731,268,0.4971365146612636,"[""V11"", ""V160"", ""V255"", ""V176"", ""V191""]","{""n_estimators"": 215, ""max_depth"": 10, ""min_samples_split"": 9, ""min_samples_leaf"": 9, ""criterion"": ""entropy"", ""class_weight"": null}"
510,2026-06-05T16:20:12.979653+00:00,extra,ranking_xgb,510,5070,5,1000,0.5752991589254625,738,262,0.4989492431785078,"[""V11"", ""V160"", ""V255"", ""V176"", ""V191""]","{""n_estimators"": 428, ""max_depth"": 13, ""min_samples_split"": 2, ""min_samples_leaf"": 5, ""criterion"": ""entropy"", ""class_weight"": ""balanced""}"
511,2026-06-05T16:21:11.045346+00:00,extra,ranking_xgb,511,5070,5,1000,0.5611389874865628,738,262,0.49702366298163897,"[""V11"", ""V160"", ""V255"", ""V176"", ""V191""]","{""n_estimators"": 490, ""max_depth"": 12, ""min_samples_split"": 8, ""min_samples_leaf"": 8, ""criterion"": ""entropy"", ""class_weight"": null}"
512,2026-06-05T16:21:34.407411+00:00,extra,ranking_xgb,512,4905,5,1000,0.5230485960465671,727,273,0.49993839902390735,"[""V11"", ""V160"", ""V255"", ""V176"", ""V191""]","{""n_estimators"": 167, ""max_depth"": 3, ""min_samples_split"": 7, ""min_samples_leaf"": 4, ""criterion"": ""entropy"", ""class_weight"": ""balanced""}"
513,2026-06-05T16:22:38.295789+00:00,extra,ranking_xgb,513,4755,8,1000,0.6287781676445645,757,243,0.4891832797026845,"[""V11"", ""V160"", ""V255"", ""V176"", ""V191"", ""V224"", ""V215"", ""V380""]","{""n_estimators"": 467, ""max_depth"": null, ""min_samples_split"": 4, ""min_samples_leaf"": 1, ""criterion"": ""entropy"", ""class_weight"": ""balanced""}"
514,2026-06-05T16:23:05.661924+00:00,extra,ranking_xgb,514,4995,5,1000,0.5716531358852295,733,267,0.4989703128106805,"[""V11"", ""V160"", ""V255"", ""V176"", ""V191""]","{""n_estimators"": 198, ""max_depth"": null, ""min_samples_split"": 8, ""min_samples_leaf"": 8, ""criterion"": ""gini"", ""class_weight"": ""balanced""}"
515,2026-06-05T16:23:55.256545+00:00,extra,ranking_xgb,515,5020,5,998,0.5506260572325338,734,264,0.4996118176728904,"[""V11"", ""V160"", ""V255"", ""V176"", ""V191""]","{""n_estimators"": 376, ""max_depth"": 7, ""min_samples_split"": 3, ""min_samples_leaf"": 3, ""criterion"": ""gini"", ""class_weight"": ""balanced""}"
516,2026-06-05T16:24:25.467152+00:00,extra,ranking_xgb,516,4875,5,1000,0.5279698041310572,725,275,0.49758938574623823,"[""V11"", ""V160"", ""V255"", ""V176"", ""V191""]","{""n_estimators"": 251, ""max_depth"": 4, ""min_samples_split"": 4, ""min_samples_leaf"": 3, ""criterion"": ""entropy"", ""class_weight"": null}"
517,2026-06-05T16:25:06.436108+00:00,extra,ranking_xgb,517,5040,5,1000,0.582602846565761,736,264,0.49891665899326854,"[""V11"", ""V160"", ""V255"", ""V176"", ""V191""]","{""n_estimators"": 305, ""max_depth"": 13, ""min_samples_split"": 7, ""min_samples_leaf"": 4, ""criterion"": ""gini"", ""class_weight"": ""balanced""}"
518,2026-06-05T16:25:18.702611+00:00,extra,ranking_xgb,518,5010,8,1000,0.5859315347445836,774,226,0.49539472378828725,"[""V11"", ""V160"", ""V255"", ""V176"", ""V191"", ""V224"", ""V215"", ""V380""]","{""n_estimators"": 83, ""max_depth"": 14, ""min_samples_split"": 4, ""min_samples_leaf"": 1, ""criterion"": ""entropy"", ""class_weight"": null}"
519,2026-06-05T16:25:38.643784+00:00,extra,ranking_xgb,519,5090,5,999,0.5447848394810569,739,260,0.49746410005573943,"[""V11"", ""V160"", ""V255"", ""V176"", ""V191""]","{""n_estimators"": 155, ""max_depth"": 7, ""min_samples_split"": 7, ""min_samples_leaf"": 8, ""criterion"": ""entropy"", ""class_weight"": null}"
520,2026-06-05T16:25:50.634593+00:00,extra,ranking_xgb,520,5160,5,1000,0.5692118965695938,744,256,0.49925330599101053,"[""V11"", ""V160"", ""V255"", ""V176"", ""V191""]","{""n_estimators"": 74, ""max_depth"": 11, ""min_samples_split"": 3, ""min_samples_leaf"": 6, ""criterion"": ""entropy"", ""class_weight"": ""balanced""}"
521,2026-06-05T16:26:18.651630+00:00,extra,ranking_xgb,521,5040,5,1000,0.5864467233984921,736,264,0.4962013926125397,"[""V11"", ""V160"", ""V255"", ""V176"", ""V191""]","{""n_estimators"": 222, ""max_depth"": null, ""min_samples_split"": 5, ""min_samples_leaf"": 5, ""criterion"": ""gini"", ""class_weight"": null}"
522,2026-06-05T16:26:28.527538+00:00,extra,ranking_xgb,522,4705,4,996,0.5221775003395894,699,297,0.49755744310510763,"[""V11"", ""V160"", ""V255"", ""V176""]","{""n_estimators"": 68, ""max_depth"": 3, ""min_samples_split"": 9, ""min_samples_leaf"": 8, ""criterion"": ""gini"", ""class_weight"": null}"
523,2026-06-05T16:27:21.517710+00:00,extra,ranking_xgb,523,4905,5,1000,0.5214129760275251,727,273,0.4975598825827703,"[""V11"", ""V160"", ""V255"", ""V176"", ""V191""]","{""n_estimators"": 454, ""max_depth"": 3, ""min_samples_split"": 5, ""min_samples_leaf"": 1, ""criterion"": ""gini"", ""class_weight"": null}"
524,2026-06-05T16:27:54.252918+00:00,extra,ranking_xgb,524,5005,5,998,0.5831221167859342,733,265,0.49643406799178136,"[""V11"", ""V160"", ""V255"", ""V176"", ""V191""]","{""n_estimators"": 268, ""max_depth"": 12, ""min_samples_split"": 9, ""min_samples_leaf"": 1, ""criterion"": ""entropy"", ""class_weight"": null}"
525,2026-06-05T16:28:52.428736+00:00,extra,ranking_xgb,525,5115,5,1000,0.5324504220311123,741,259,0.49752627366718316,"[""V11"", ""V160"", ""V255"", ""V176"", ""V191""]","{""n_estimators"": 495, ""max_depth"": 5, ""min_samples_split"": 6, ""min_samples_leaf"": 7, ""criterion"": ""gini"", ""class_weight"": null}"
526,2026-06-05T16:29:01.336780+00:00,extra,ranking_xgb,526,4880,8,996,0.5627975470944372,764,232,0.4962330171238229,"[""V11"", ""V160"", ""V255"", ""V176"", ""V191"", ""V224"", ""V215"", ""V380""]","{""n_estimators"": 60, ""max_depth"": 10, ""min_samples_split"": 7, ""min_samples_leaf"": 1, ""criterion"": ""gini"", ""class_weight"": null}"
527,2026-06-05T16:29:57.088906+00:00,extra,ranking_xgb,527,4980,5,997,0.5292394807131375,731,266,0.49988824817605926,"[""V11"", ""V160"", ""V255"", ""V176"", ""V191""]","{""n_estimators"": 427, ""max_depth"": 4, ""min_samples_split"": 4, ""min_samples_leaf"": 5, ""criterion"": ""gini"", ""class_weight"": ""balanced""}"
528,2026-06-05T16:30:48.970008+00:00,extra,ranking_xgb,528,5065,5,998,0.5545179641132075,737,261,0.49951402561759717,"[""V11"", ""V160"", ""V255"", ""V176"", ""V191""]","{""n_estimators"": 396, ""max_depth"": 8, ""min_samples_split"": 3, ""min_samples_leaf"": 5, ""criterion"": ""entropy"", ""class_weight"": ""balanced""}"
529,2026-06-05T16:31:27.629419+00:00,extra,ranking_xgb,529,5040,5,1000,0.6004831225372297,736,264,0.49607500073662586,"[""V11"", ""V160"", ""V255"", ""V176"", ""V191""]","{""n_estimators"": 318, ""max_depth"": 14, ""min_samples_split"": 7, ""min_samples_leaf"": 1, ""criterion"": ""gini"", ""class_weight"": null}"
530,2026-06-05T16:32:25.996685+00:00,extra,ranking_xgb,530,5025,5,997,0.5754167521362482,734,263,0.4989986567264937,"[""V11"", ""V160"", ""V255"", ""V176"", ""V191""]","{""n_estimators"": 443, ""max_depth"": 12, ""min_samples_split"": 3, ""min_samples_leaf"": 5, ""criterion"": ""gini"", ""class_weight"": ""balanced""}"
531,2026-06-05T16:33:15.156858+00:00,extra,ranking_xgb,531,5070,5,1000,0.5525671604112623,738,262,0.49961681456415097,"[""V11"", ""V160"", ""V255"", ""V176"", ""V191""]","{""n_estimators"": 371, ""max_depth"": 7, ""min_samples_split"": 8, ""min_samples_leaf"": 1, ""criterion"": ""gini"", ""class_weight"": ""balanced""}"
532,2026-06-05T16:33:55.729308+00:00,extra,ranking_xgb,532,5025,5,997,0.5586068727532594,734,263,0.497046929347254,"[""V11"", ""V160"", ""V255"", ""V176"", ""V191""]","{""n_estimators"": 338, ""max_depth"": 13, ""min_samples_split"": 6, ""min_samples_leaf"": 9, ""criterion"": ""gini"", ""class_weight"": null}"
533,2026-06-05T16:34:27.568453+00:00,extra,ranking_xgb,533,4895,5,999,0.5383637429496242,726,273,0.49993462459218135,"[""V11"", ""V160"", ""V255"", ""V176"", ""V191""]","{""n_estimators"": 235, ""max_depth"": 5, ""min_samples_split"": 8, ""min_samples_leaf"": 2, ""criterion"": ""gini"", ""class_weight"": ""balanced""}"
534,2026-06-05T16:34:46.252795+00:00,extra,ranking_xgb,534,5255,5,999,0.5481024396096911,750,249,0.4971933793984222,"[""V11"", ""V160"", ""V255"", ""V176"", ""V191""]","{""n_estimators"": 142, ""max_depth"": 8, ""min_samples_split"": 4, ""min_samples_leaf"": 8, ""criterion"": ""gini"", ""class_weight"": null}"
535,2026-06-05T16:35:35.644303+00:00,extra,ranking_xgb,535,5115,5,1000,0.5570159976995085,741,259,0.4970722500070966,"[""V11"", ""V160"", ""V255"", ""V176"", ""V191""]","{""n_estimators"": 415, ""max_depth"": 8, ""min_samples_split"": 2, ""min_samples_leaf"": 1, ""criterion"": ""gini"", ""class_weight"": null}"
536,2026-06-05T16:36:09.646098+00:00,extra,ranking_xgb,536,4905,5,1000,0.5267281397581338,727,273,0.49750286014587525,"[""V11"", ""V160"", ""V255"", ""V176"", ""V191""]","{""n_estimators"": 279, ""max_depth"": 4, ""min_samples_split"": 9, ""min_samples_leaf"": 5, ""criterion"": ""entropy"", ""class_weight"": null}"
537,2026-06-05T16:36:22.263032+00:00,extra,ranking_xgb,537,5195,5,999,0.5764391213842718,746,253,0.4991626560890887,"[""V11"", ""V160"", ""V255"", ""V176"", ""V191""]","{""n_estimators"": 78, ""max_depth"": 13, ""min_samples_split"": 8, ""min_samples_leaf"": 6, ""criterion"": ""gini"", ""class_weight"": ""balanced""}"
538,2026-06-05T16:36:44.905537+00:00,extra,ranking_xgb,538,5070,5,1000,0.5952832739490416,738,262,0.49844467879873483,"[""V11"", ""V160"", ""V255"", ""V176"", ""V191""]","{""n_estimators"": 158, ""max_depth"": 13, ""min_samples_split"": 8, ""min_samples_leaf"": 1, ""criterion"": ""entropy"", ""class_weight"": ""balanced""}"
539,2026-06-05T16:37:16.735305+00:00,extra,ranking_xgb,539,5100,5,1000,0.5434543121050792,740,260,0.49968421510474065,"[""V11"", ""V160"", ""V255"", ""V176"", ""V191""]","{""n_estimators"": 233, ""max_depth"": 6, ""min_samples_split"": 7, ""min_samples_leaf"": 3, ""criterion"": ""entropy"", ""class_weight"": ""balanced""}"
540,2026-06-05T16:37:42.847224+00:00,extra,ranking_xgb,540,5045,5,999,0.5449828706914005,736,263,0.4997364939640711,"[""V11"", ""V160"", ""V255"", ""V176"", ""V191""]","{""n_estimators"": 190, ""max_depth"": 6, ""min_samples_split"": 6, ""min_samples_leaf"": 1, ""criterion"": ""gini"", ""class_weight"": ""balanced""}"
541,2026-06-05T16:38:01.721311+00:00,extra,ranking_xgb,541,5105,5,999,0.5595362524861803,740,259,0.4994431790615825,"[""V11"", ""V160"", ""V255"", ""V176"", ""V191""]","{""n_estimators"": 133, ""max_depth"": 11, ""min_samples_split"": 8, ""min_samples_leaf"": 8, ""criterion"": ""entropy"", ""class_weight"": ""balanced""}"
542,2026-06-05T16:38:53.829568+00:00,extra,ranking_xgb,542,5175,5,1000,0.5471413625513849,745,255,0.4973875560472148,"[""V11"", ""V160"", ""V255"", ""V176"", ""V191""]","{""n_estimators"": 440, ""max_depth"": 7, ""min_samples_split"": 2, ""min_samples_leaf"": 4, ""criterion"": ""gini"", ""class_weight"": null}"
543,2026-06-05T16:39:17.603455+00:00,extra,ranking_xgb,543,5045,5,999,0.5676678638269766,736,263,0.4997132707212572,"[""V11"", ""V160"", ""V255"", ""V176"", ""V191""]","{""n_estimators"": 169, ""max_depth"": 9, ""min_samples_split"": 2, ""min_samples_leaf"": 2, ""criterion"": ""gini"", ""class_weight"": ""balanced""}"
544,2026-06-05T16:39:57.890512+00:00,extra,ranking_xgb,544,4990,5,998,0.5881879312374027,732,266,0.4988252720653734,"[""V11"", ""V160"", ""V255"", ""V176"", ""V191""]","{""n_estimators"": 299, ""max_depth"": 12, ""min_samples_split"": 9, ""min_samples_leaf"": 2, ""criterion"": ""gini"", ""class_weight"": ""balanced""}"
545,2026-06-05T16:40:10.599636+00:00,extra,ranking_xgb,545,5070,5,1000,0.5790647434426122,738,262,0.49883711175906864,"[""V11"", ""V160"", ""V255"", ""V176"", ""V191""]","{""n_estimators"": 79, ""max_depth"": 12, ""min_samples_split"": 2, ""min_samples_leaf"": 4, ""criterion"": ""entropy"", ""class_weight"": ""balanced""}"
546,2026-06-05T16:41:15.124554+00:00,extra,ranking_xgb,546,5120,5,999,0.5355471533054659,741,258,0.499801258208905,"[""V11"", ""V160"", ""V255"", ""V176"", ""V191""]","{""n_estimators"": 495, ""max_depth"": 5, ""min_samples_split"": 6, ""min_samples_leaf"": 6, ""criterion"": ""gini"", ""class_weight"": ""balanced""}"
547,2026-06-05T16:42:07.307804+00:00,extra,ranking_xgb,547,5100,5,1000,0.5956283141329343,740,260,0.4959536948801986,"[""V11"", ""V160"", ""V255"", ""V176"", ""V191""]","{""n_estimators"": 430, ""max_depth"": null, ""min_samples_split"": 3, ""min_samples_leaf"": 4, ""criterion"": ""entropy"", ""class_weight"": null}"
548,2026-06-05T16:42:28.421430+00:00,extra,ranking_xgb,548,5085,5,1000,0.6081525527509622,739,261,0.49520317364491545,"[""V11"", ""V160"", ""V255"", ""V176"", ""V191""]","{""n_estimators"": 161, ""max_depth"": null, ""min_samples_split"": 9, ""min_samples_leaf"": 3, ""criterion"": ""gini"", ""class_weight"": null}"
549,2026-06-05T16:43:30.270239+00:00,extra,ranking_xgb,549,5090,5,999,0.5776433178156415,739,260,0.4988582482526714,"[""V11"", ""V160"", ""V255"", ""V176"", ""V191""]","{""n_estimators"": 471, ""max_depth"": null, ""min_samples_split"": 8, ""min_samples_leaf"": 7, ""criterion"": ""gini"", ""class_weight"": ""balanced""}"
550,2026-06-05T16:43:51.942313+00:00,extra,ranking_xgb,550,4955,5,999,0.5603354925674296,730,269,0.49700854984026027,"[""V11"", ""V160"", ""V255"", ""V176"", ""V191""]","{""n_estimators"": 170, ""max_depth"": 12, ""min_samples_split"": 7, ""min_samples_leaf"": 8, ""criterion"": ""gini"", ""class_weight"": null}"
551,2026-06-05T16:44:05.511226+00:00,extra,ranking_xgb,551,5075,5,999,0.5543927253846476,738,261,0.49952932898485736,"[""V11"", ""V160"", ""V255"", ""V176"", ""V191""]","{""n_estimators"": 87, ""max_depth"": 9, ""min_samples_split"": 4, ""min_samples_leaf"": 9, ""criterion"": ""entropy"", ""class_weight"": ""balanced""}"
552,2026-06-05T16:44:41.868212+00:00,extra,ranking_xgb,552,5075,5,999,0.5634606379473939,738,261,0.49934104160608184,"[""V11"", ""V160"", ""V255"", ""V176"", ""V191""]","{""n_estimators"": 271, ""max_depth"": 10, ""min_samples_split"": 4, ""min_samples_leaf"": 6, ""criterion"": ""gini"", ""class_weight"": ""balanced""}"
553,2026-06-05T16:44:59.766400+00:00,extra,ranking_xgb,553,4980,5,1000,0.5691396032977502,732,268,0.4968036611405899,"[""V11"", ""V160"", ""V255"", ""V176"", ""V191""]","{""n_estimators"": 136, ""max_depth"": null, ""min_samples_split"": 5, ""min_samples_leaf"": 8, ""criterion"": ""gini"", ""class_weight"": null}"
554,2026-06-05T16:45:44.926499+00:00,extra,ranking_xgb,554,5160,5,997,0.5527728887633558,743,254,0.49739628325369506,"[""V11"", ""V160"", ""V255"", ""V176"", ""V191""]","{""n_estimators"": 380, ""max_depth"": 9, ""min_samples_split"": 7, ""min_samples_leaf"": 8, ""criterion"": ""gini"", ""class_weight"": null}"
555,2026-06-05T16:46:50.062795+00:00,extra,ranking_xgb,555,4995,5,1000,0.5649549480402465,733,267,0.4994426134465855,"[""V11"", ""V160"", ""V255"", ""V176"", ""V191""]","{""n_estimators"": 497, ""max_depth"": 10, ""min_samples_split"": 9, ""min_samples_leaf"": 5, ""criterion"": ""entropy"", ""class_weight"": ""balanced""}"
556,2026-06-05T16:47:49.688381+00:00,extra,ranking_xgb,556,5040,5,1000,0.5379644619533569,736,264,0.4998136886985782,"[""V11"", ""V160"", ""V255"", ""V176"", ""V191""]","{""n_estimators"": 460, ""max_depth"": 5, ""min_samples_split"": 8, ""min_samples_leaf"": 2, ""criterion"": ""entropy"", ""class_weight"": ""balanced""}"
557,2026-06-05T16:48:16.312908+00:00,extra,ranking_xgb,557,5085,5,1000,0.5912134134243914,739,261,0.498323315009892,"[""V11"", ""V160"", ""V255"", ""V176"", ""V191""]","{""n_estimators"": 193, ""max_depth"": 13, ""min_samples_split"": 9, ""min_samples_leaf"": 2, ""criterion"": ""entropy"", ""class_weight"": ""balanced""}"
558,2026-06-05T16:48:51.243303+00:00,extra,ranking_xgb,558,4895,8,999,0.6073385753491576,766,233,0.4912676559511786,"[""V11"", ""V160"", ""V255"", ""V176"", ""V191"", ""V224"", ""V215"", ""V380""]","{""n_estimators"": 276, ""max_depth"": null, ""min_samples_split"": 4, ""min_samples_leaf"": 2, ""criterion"": ""gini"", ""class_weight"": null}"
559,2026-06-05T16:49:13.416440+00:00,extra,ranking_xgb,559,4995,5,1000,0.5582938242032423,733,267,0.4996689216166352,"[""V11"", ""V160"", ""V255"", ""V176"", ""V191""]","{""n_estimators"": 155, ""max_depth"": 8, ""min_samples_split"": 6, ""min_samples_leaf"": 3, ""criterion"": ""entropy"", ""class_weight"": ""balanced""}"
560,2026-06-05T16:49:48.542625+00:00,extra,ranking_xgb,560,4860,8,1000,0.6087213820257518,764,236,0.49201746630782917,"[""V11"", ""V160"", ""V255"", ""V176"", ""V191"", ""V224"", ""V215"", ""V380""]","{""n_estimators"": 277, ""max_depth"": null, ""min_samples_split"": 5, ""min_samples_leaf"": 2, ""criterion"": ""entropy"", ""class_weight"": null}"
561,2026-06-05T16:50:12.172948+00:00,extra,ranking_xgb,561,5035,5,998,0.591091702500497,735,263,0.49647031750417736,"[""V11"", ""V160"", ""V255"", ""V176"", ""V191""]","{""n_estimators"": 188, ""max_depth"": 14, ""min_samples_split"": 8, ""min_samples_leaf"": 3, ""criterion"": ""gini"", ""class_weight"": null}"
562,2026-06-05T16:51:00.439389+00:00,extra,ranking_xgb,562,4980,5,1000,0.5801378443776716,732,268,0.49881454541701425,"[""V11"", ""V160"", ""V255"", ""V176"", ""V191""]","{""n_estimators"": 363, ""max_depth"": 11, ""min_samples_split"": 2, ""min_samples_leaf"": 2, ""criterion"": ""gini"", ""class_weight"": ""balanced""}"
563,2026-06-05T16:51:18.474325+00:00,extra,ranking_xgb,563,5040,8,1000,0.5798360978026951,776,224,0.4970317676995629,"[""V11"", ""V160"", ""V255"", ""V176"", ""V191"", ""V224"", ""V215"", ""V380""]","{""n_estimators"": 125, ""max_depth"": 13, ""min_samples_split"": 4, ""min_samples_leaf"": 1, ""criterion"": ""entropy"", ""class_weight"": ""balanced""}"
564,2026-06-05T16:51:31.297148+00:00,extra,ranking_xgb,564,5145,5,1000,0.5737059579961292,743,257,0.49911437790094915,"[""V11"", ""V160"", ""V255"", ""V176"", ""V191""]","{""n_estimators"": 80, ""max_depth"": 10, ""min_samples_split"": 5, ""min_samples_leaf"": 2, ""criterion"": ""entropy"", ""class_weight"": ""balanced""}"
565,2026-06-05T16:52:29.868172+00:00,extra,ranking_xgb,565,5175,5,1000,0.5447611734216141,745,255,0.4974201515730918,"[""V11"", ""V160"", ""V255"", ""V176"", ""V191""]","{""n_estimators"": 497, ""max_depth"": 6, ""min_samples_split"": 8, ""min_samples_leaf"": 2, ""criterion"": ""gini"", ""class_weight"": null}"
566,2026-06-05T16:53:07.473825+00:00,extra,ranking_xgb,566,5190,5,1000,0.5760369427434497,746,254,0.49668978162676997,"[""V11"", ""V160"", ""V255"", ""V176"", ""V191""]","{""n_estimators"": 310, ""max_depth"": 12, ""min_samples_split"": 2, ""min_samples_leaf"": 4, ""criterion"": ""entropy"", ""class_weight"": null}"
567,2026-06-05T16:53:25.108350+00:00,extra,ranking_xgb,567,5025,5,1000,0.5970559235339676,735,265,0.49619897411081026,"[""V11"", ""V160"", ""V255"", ""V176"", ""V191""]","{""n_estimators"": 134, ""max_depth"": 14, ""min_samples_split"": 2, ""min_samples_leaf"": 2, ""criterion"": ""entropy"", ""class_weight"": null}"
568,2026-06-05T16:54:15.037273+00:00,extra,ranking_xgb,568,5010,5,1000,0.5265131609837594,734,266,0.4975430440095868,"[""V11"", ""V160"", ""V255"", ""V176"", ""V191""]","{""n_estimators"": 422, ""max_depth"": 4, ""min_samples_split"": 5, ""min_samples_leaf"": 7, ""criterion"": ""entropy"", ""class_weight"": null}"
569,2026-06-05T16:54:51.218665+00:00,extra,ranking_xgb,569,4970,5,993,0.5219082134006798,729,264,0.4975433552644656,"[""V11"", ""V160"", ""V255"", ""V176"", ""V191""]","{""n_estimators"": 302, ""max_depth"": 3, ""min_samples_split"": 8, ""min_samples_leaf"": 2, ""criterion"": ""gini"", ""class_weight"": null}"
570,2026-06-05T16:55:03.399591+00:00,extra,ranking_xgb,570,5045,5,999,0.5594689867022783,736,263,0.49694602467485754,"[""V11"", ""V160"", ""V255"", ""V176"", ""V191""]","{""n_estimators"": 84, ""max_depth"": 11, ""min_samples_split"": 9, ""min_samples_leaf"": 8, ""criterion"": ""gini"", ""class_weight"": null}"
571,2026-06-05T16:55:22.503016+00:00,extra,ranking_xgb,571,5000,5,999,0.5226943447698371,733,266,0.4999587003424973,"[""V11"", ""V160"", ""V255"", ""V176"", ""V191""]","{""n_estimators"": 135, ""max_depth"": 3, ""min_samples_split"": 6, ""min_samples_leaf"": 9, ""criterion"": ""gini"", ""class_weight"": ""balanced""}"
572,2026-06-05T16:56:07.124250+00:00,extra,ranking_xgb,572,5130,5,1000,0.5283198021092215,742,258,0.4998010222886609,"[""V11"", ""V160"", ""V255"", ""V176"", ""V191""]","{""n_estimators"": 339, ""max_depth"": 4, ""min_samples_split"": 3, ""min_samples_leaf"": 7, ""criterion"": ""entropy"", ""class_weight"": ""balanced""}"
573,2026-06-05T16:56:28.666488+00:00,extra,ranking_xgb,573,5040,5,1000,0.5357430000653376,736,264,0.49766943917403766,"[""V11"", ""V160"", ""V255"", ""V176"", ""V191""]","{""n_estimators"": 171, ""max_depth"": 5, ""min_samples_split"": 7, ""min_samples_leaf"": 1, ""criterion"": ""entropy"", ""class_weight"": null}"
574,2026-06-05T16:56:41.805683+00:00,extra,ranking_xgb,574,5195,5,999,0.5941239523389723,746,253,0.49829516792116446,"[""V11"", ""V160"", ""V255"", ""V176"", ""V191""]","{""n_estimators"": 82, ""max_depth"": 13, ""min_samples_split"": 8, ""min_samples_leaf"": 2, ""criterion"": ""entropy"", ""class_weight"": ""balanced""}"
575,2026-06-05T16:57:09.389349+00:00,extra,ranking_xgb,575,5060,5,999,0.5400349951378982,737,262,0.49753398888751965,"[""V11"", ""V160"", ""V255"", ""V176"", ""V191""]","{""n_estimators"": 221, ""max_depth"": 6, ""min_samples_split"": 4, ""min_samples_leaf"": 7, ""criterion"": ""gini"", ""class_weight"": null}"
576,2026-06-05T16:58:02.997290+00:00,extra,ranking_xgb,576,5130,5,1000,0.5356690894628311,742,258,0.4974677151395341,"[""V11"", ""V160"", ""V255"", ""V176"", ""V191""]","{""n_estimators"": 459, ""max_depth"": 6, ""min_samples_split"": 9, ""min_samples_leaf"": 9, ""criterion"": ""gini"", ""class_weight"": null}"
577,2026-06-05T16:59:02.544018+00:00,extra,ranking_xgb,577,5075,5,996,0.578792804021067,737,259,0.49882196451516175,"[""V11"", ""V160"", ""V255"", ""V176"", ""V191""]","{""n_estimators"": 453, ""max_depth"": 14, ""min_samples_split"": 8, ""min_samples_leaf"": 5, ""criterion"": ""entropy"", ""class_weight"": ""balanced""}"
578,2026-06-05T16:59:51.792167+00:00,extra,ranking_xgb,578,5165,5,999,0.5547465548702121,744,255,0.49955518288796447,"[""V11"", ""V160"", ""V255"", ""V176"", ""V191""]","{""n_estimators"": 373, ""max_depth"": 8, ""min_samples_split"": 3, ""min_samples_leaf"": 5, ""criterion"": ""entropy"", ""class_weight"": ""balanced""}"
579,2026-06-05T17:00:54.585548+00:00,extra,ranking_xgb,579,5030,5,999,0.5836614432568811,735,264,0.4987024242595073,"[""V11"", ""V160"", ""V255"", ""V176"", ""V191""]","{""n_estimators"": 479, ""max_depth"": 14, ""min_samples_split"": 8, ""min_samples_leaf"": 4, ""criterion"": ""entropy"", ""class_weight"": ""balanced""}"
580,2026-06-05T17:01:53.067638+00:00,extra,ranking_xgb,580,5150,5,999,0.5490777041562586,743,256,0.49736102554960526,"[""V11"", ""V160"", ""V255"", ""V176"", ""V191""]","{""n_estimators"": 495, ""max_depth"": 7, ""min_samples_split"": 2, ""min_samples_leaf"": 3, ""criterion"": ""entropy"", ""class_weight"": null}"
581,2026-06-05T17:02:53.544779+00:00,extra,ranking_xgb,581,5105,5,999,0.5575584845518669,740,259,0.4995865424531847,"[""V11"", ""V160"", ""V255"", ""V176"", ""V191""]","{""n_estimators"": 466, ""max_depth"": 10, ""min_samples_split"": 4, ""min_samples_leaf"": 9, ""criterion"": ""entropy"", ""class_weight"": ""balanced""}"
582,2026-06-05T17:03:26.230699+00:00,extra,ranking_xgb,582,5070,5,994,0.5948472506883511,736,258,0.4984506269124675,"[""V11"", ""V160"", ""V255"", ""V176"", ""V191""]","{""n_estimators"": 239, ""max_depth"": 13, ""min_samples_split"": 7, ""min_samples_leaf"": 2, ""criterion"": ""gini"", ""class_weight"": ""balanced""}"
583,2026-06-05T17:03:41.623082+00:00,extra,ranking_xgb,583,5130,5,1000,0.5357288944648717,742,258,0.4998509778308233,"[""V11"", ""V160"", ""V255"", ""V176"", ""V191""]","{""n_estimators"": 104, ""max_depth"": 5, ""min_samples_split"": 6, ""min_samples_leaf"": 5, ""criterion"": ""gini"", ""class_weight"": ""balanced""}"
584,2026-06-05T17:03:53.616165+00:00,extra,ranking_xgb,584,4890,5,1000,0.5688163984313747,726,274,0.4966301068353627,"[""V11"", ""V160"", ""V255"", ""V176"", ""V191""]","{""n_estimators"": 83, ""max_depth"": 10, ""min_samples_split"": 3, ""min_samples_leaf"": 1, ""criterion"": ""gini"", ""class_weight"": null}"
585,2026-06-05T17:04:46.786753+00:00,extra,ranking_xgb,585,5015,5,999,0.5724374898041645,734,265,0.49908573137112305,"[""V11"", ""V160"", ""V255"", ""V176"", ""V191""]","{""n_estimators"": 403, ""max_depth"": 11, ""min_samples_split"": 7, ""min_samples_leaf"": 4, ""criterion"": ""entropy"", ""class_weight"": ""balanced""}"
586,2026-06-05T17:05:51.192549+00:00,extra,ranking_xgb,586,4970,5,999,0.6270029647835733,731,268,0.4966034914386124,"[""V11"", ""V160"", ""V255"", ""V176"", ""V191""]","{""n_estimators"": 482, ""max_depth"": null, ""min_samples_split"": 8, ""min_samples_leaf"": 2, ""criterion"": ""gini"", ""class_weight"": ""balanced""}"
587,2026-06-05T17:06:50.179312+00:00,extra,ranking_xgb,587,5055,5,1000,0.5667414513876877,737,263,0.49938785816504716,"[""V11"", ""V160"", ""V255"", ""V176"", ""V191""]","{""n_estimators"": 451, ""max_depth"": 13, ""min_samples_split"": 3, ""min_samples_leaf"": 9, ""criterion"": ""entropy"", ""class_weight"": ""balanced""}"
588,2026-06-05T17:07:01.026753+00:00,extra,ranking_xgb,588,5130,8,1000,0.5786720448638862,782,218,0.4975063238646471,"[""V11"", ""V160"", ""V255"", ""V176"", ""V191"", ""V224"", ""V215"", ""V380""]","{""n_estimators"": 68, ""max_depth"": 13, ""min_samples_split"": 9, ""min_samples_leaf"": 1, ""criterion"": ""entropy"", ""class_weight"": ""balanced""}"
589,2026-06-05T17:07:37.151308+00:00,extra,ranking_xgb,589,5085,5,994,0.5868113297038193,737,257,0.4963864222206592,"[""V11"", ""V160"", ""V255"", ""V176"", ""V191""]","{""n_estimators"": 297, ""max_depth"": 13, ""min_samples_split"": 8, ""min_samples_leaf"": 3, ""criterion"": ""entropy"", ""class_weight"": null}"
590,2026-06-05T17:08:13.499841+00:00,extra,ranking_xgb,590,4970,5,999,0.5216607011030171,731,268,0.4998623442739777,"[""V11"", ""V160"", ""V255"", ""V176"", ""V191""]","{""n_estimators"": 274, ""max_depth"": 3, ""min_samples_split"": 7, ""min_samples_leaf"": 8, ""criterion"": ""entropy"", ""class_weight"": ""balanced""}"
591,2026-06-05T17:08:49.049241+00:00,extra,ranking_xgb,591,4885,4,999,0.6371478873239436,712,287,0.49711433350100614,"[""V11"", ""V160"", ""V255"", ""V176""]","{""n_estimators"": 284, ""max_depth"": null, ""min_samples_split"": 9, ""min_samples_leaf"": 1, ""criterion"": ""gini"", ""class_weight"": null}"
592,2026-06-05T17:09:25.054232+00:00,extra,ranking_xgb,592,5040,5,1000,0.5607461096424238,736,264,0.49948309304060323,"[""V11"", ""V160"", ""V255"", ""V176"", ""V191""]","{""n_estimators"": 269, ""max_depth"": 10, ""min_samples_split"": 4, ""min_samples_leaf"": 6, ""criterion"": ""entropy"", ""class_weight"": ""balanced""}"
593,2026-06-05T17:10:14.091499+00:00,extra,ranking_xgb,593,5000,5,999,0.5228997576584106,733,266,0.4999171335954499,"[""V11"", ""V160"", ""V255"", ""V176"", ""V191""]","{""n_estimators"": 376, ""max_depth"": 3, ""min_samples_split"": 4, ""min_samples_leaf"": 6, ""criterion"": ""entropy"", ""class_weight"": ""balanced""}"
594,2026-06-05T17:10:28.554691+00:00,extra,ranking_xgb,594,5085,5,1000,0.5456314840561493,739,261,0.49734528974314873,"[""V11"", ""V160"", ""V255"", ""V176"", ""V191""]","{""n_estimators"": 110, ""max_depth"": 7, ""min_samples_split"": 6, ""min_samples_leaf"": 8, ""criterion"": ""entropy"", ""class_weight"": null}"
595,2026-06-05T17:10:45.003960+00:00,extra,ranking_xgb,595,5010,5,1000,0.5282532258155616,734,266,0.49981753137914003,"[""V11"", ""V160"", ""V255"", ""V176"", ""V191""]","{""n_estimators"": 115, ""max_depth"": 4, ""min_samples_split"": 9, ""min_samples_leaf"": 5, ""criterion"": ""entropy"", ""class_weight"": ""balanced""}"
596,2026-06-05T17:11:37.476470+00:00,extra,ranking_xgb,596,5160,5,997,0.547500960318878,743,254,0.4973890441550429,"[""V11"", ""V160"", ""V255"", ""V176"", ""V191""]","{""n_estimators"": 445, ""max_depth"": 7, ""min_samples_split"": 3, ""min_samples_leaf"": 4, ""criterion"": ""entropy"", ""class_weight"": null}"
597,2026-06-05T17:12:05.946348+00:00,extra,ranking_xgb,597,5025,5,1000,0.5564107105633059,735,265,0.49949330311805396,"[""V11"", ""V160"", ""V255"", ""V176"", ""V191""]","{""n_estimators"": 205, ""max_depth"": 8, ""min_samples_split"": 7, ""min_samples_leaf"": 4, ""criterion"": ""gini"", ""class_weight"": ""balanced""}"
598,2026-06-05T17:12:31.953426+00:00,extra,ranking_xgb,598,5040,5,1000,0.5193132236315589,736,264,0.49756999850213124,"[""V11"", ""V160"", ""V255"", ""V176"", ""V191""]","{""n_estimators"": 210, ""max_depth"": 3, ""min_samples_split"": 3, ""min_samples_leaf"": 7, ""criterion"": ""gini"", ""class_weight"": null}"
599,2026-06-05T17:13:14.247701+00:00,extra,ranking_xgb,599,4965,5,1000,0.5230152328211154,731,269,0.49984821583167593,"[""V11"", ""V160"", ""V255"", ""V176"", ""V191""]","{""n_estimators"": 321, ""max_depth"": 3, ""min_samples_split"": 9, ""min_samples_leaf"": 4, ""criterion"": ""entropy"", ""class_weight"": ""balanced""}"
600,2026-06-05T17:13:49.667473+00:00,extra,ranking_xgb,600,4980,5,1000,0.5908167293156908,732,268,0.49548598237555636,"[""V11"", ""V160"", ""V255"", ""V176"", ""V191""]","{""n_estimators"": 291, ""max_depth"": 13, ""min_samples_split"": 5, ""min_samples_leaf"": 1, ""criterion"": ""gini"", ""class_weight"": null}"
601,2026-06-05T17:14:19.535432+00:00,extra,ranking_xgb,601,5150,5,999,0.5403050900446309,743,256,0.49738924282470787,"[""V11"", ""V160"", ""V255"", ""V176"", ""V191""]","{""n_estimators"": 246, ""max_depth"": 6, ""min_samples_split"": 5, ""min_samples_leaf"": 4, ""criterion"": ""entropy"", ""class_weight"": null}"
602,2026-06-05T17:14:49.756565+00:00,extra,ranking_xgb,602,5180,5,999,0.5379408103465073,745,254,0.4997887630286029,"[""V11"", ""V160"", ""V255"", ""V176"", ""V191""]","{""n_estimators"": 219, ""max_depth"": 5, ""min_samples_split"": 8, ""min_samples_leaf"": 1, ""criterion"": ""gini"", ""class_weight"": ""balanced""}"
603,2026-06-05T17:15:13.013874+00:00,extra,ranking_xgb,603,5055,5,1000,0.5564517958512532,737,263,0.497372349922444,"[""V11"", ""V160"", ""V255"", ""V176"", ""V191""]","{""n_estimators"": 186, ""max_depth"": 8, ""min_samples_split"": 2, ""min_samples_leaf"": 3, ""criterion"": ""gini"", ""class_weight"": null}"
604,2026-06-05T17:15:39.069436+00:00,extra,ranking_xgb,604,4950,5,1000,0.5263645702681364,730,270,0.4975410353288694,"[""V11"", ""V160"", ""V255"", ""V176"", ""V191""]","{""n_estimators"": 209, ""max_depth"": 4, ""min_samples_split"": 5, ""min_samples_leaf"": 9, ""criterion"": ""entropy"", ""class_weight"": null}"
605,2026-06-05T17:16:06.576942+00:00,extra,ranking_xgb,605,4950,5,1000,0.5194699625339697,730,270,0.4975484318267867,"[""V11"", ""V160"", ""V255"", ""V176"", ""V191""]","{""n_estimators"": 222, ""max_depth"": 3, ""min_samples_split"": 2, ""min_samples_leaf"": 8, ""criterion"": ""gini"", ""class_weight"": null}"
606,2026-06-05T17:16:29.778755+00:00,extra,ranking_xgb,606,4990,5,998,0.528561572184347,732,266,0.49753594173811705,"[""V11"", ""V160"", ""V255"", ""V176"", ""V191""]","{""n_estimators"": 188, ""max_depth"": 4, ""min_samples_split"": 5, ""min_samples_leaf"": 5, ""criterion"": ""entropy"", ""class_weight"": null}"
607,2026-06-05T17:16:52.650431+00:00,extra,ranking_xgb,607,5115,5,1000,0.5624232640746915,741,259,0.49698043981299933,"[""V11"", ""V160"", ""V255"", ""V176"", ""V191""]","{""n_estimators"": 183, ""max_depth"": 13, ""min_samples_split"": 8, ""min_samples_leaf"": 9, ""criterion"": ""gini"", ""class_weight"": null}"
608,2026-06-05T17:17:46.465614+00:00,extra,ranking_xgb,608,5090,5,999,0.5634950355926216,739,260,0.4994207123978378,"[""V11"", ""V160"", ""V255"", ""V176"", ""V191""]","{""n_estimators"": 408, ""max_depth"": 13, ""min_samples_split"": 9, ""min_samples_leaf"": 9, ""criterion"": ""gini"", ""class_weight"": ""balanced""}"
609,2026-06-05T17:18:09.847130+00:00,extra,ranking_xgb,609,5010,5,1000,0.5244657449778247,734,266,0.4975632956187721,"[""V11"", ""V160"", ""V255"", ""V176"", ""V191""]","{""n_estimators"": 191, ""max_depth"": 4, ""min_samples_split"": 7, ""min_samples_leaf"": 9, ""criterion"": ""gini"", ""class_weight"": null}"
610,2026-06-05T17:18:18.621651+00:00,extra,ranking_xgb,610,5020,5,998,0.5617705475927519,734,264,0.49946242502849125,"[""V11"", ""V160"", ""V255"", ""V176"", ""V191""]","{""n_estimators"": 52, ""max_depth"": 12, ""min_samples_split"": 7, ""min_samples_leaf"": 9, ""criterion"": ""entropy"", ""class_weight"": ""balanced""}"
611,2026-06-05T17:18:35.966598+00:00,extra,ranking_xgb,611,5055,5,1000,0.5479935451551806,737,263,0.4971405026576009,"[""V11"", ""V160"", ""V255"", ""V176"", ""V191""]","{""n_estimators"": 134, ""max_depth"": 9, ""min_samples_split"": 5, ""min_samples_leaf"": 8, ""criterion"": ""entropy"", ""class_weight"": null}"
612,2026-06-05T17:18:46.162007+00:00,extra,ranking_xgb,612,5100,5,1000,0.5703201340582863,740,260,0.49923228495561706,"[""V11"", ""V160"", ""V255"", ""V176"", ""V191""]","{""n_estimators"": 64, ""max_depth"": 10, ""min_samples_split"": 5, ""min_samples_leaf"": 3, ""criterion"": ""entropy"", ""class_weight"": ""balanced""}"
613,2026-06-05T17:19:11.352711+00:00,extra,ranking_xgb,613,4995,5,997,0.5356423909006685,732,265,0.49980906852064116,"[""V11"", ""V160"", ""V255"", ""V176"", ""V191""]","{""n_estimators"": 183, ""max_depth"": 5, ""min_samples_split"": 3, ""min_samples_leaf"": 3, ""criterion"": ""gini"", ""class_weight"": ""balanced""}"
614,2026-06-05T17:20:04.440781+00:00,extra,ranking_xgb,614,5130,5,1000,0.5384313515503719,742,258,0.49974185759898526,"[""V11"", ""V160"", ""V255"", ""V176"", ""V191""]","{""n_estimators"": 404, ""max_depth"": 6, ""min_samples_split"": 8, ""min_samples_leaf"": 9, ""criterion"": ""gini"", ""class_weight"": ""balanced""}"
615,2026-06-05T17:20:27.006980+00:00,extra,ranking_xgb,615,5070,5,1000,0.5417647501183082,738,262,0.4997923286239069,"[""V11"", ""V160"", ""V255"", ""V176"", ""V191""]","{""n_estimators"": 159, ""max_depth"": 6, ""min_samples_split"": 5, ""min_samples_leaf"": 6, ""criterion"": ""gini"", ""class_weight"": ""balanced""}"
616,2026-06-05T17:20:58.039474+00:00,extra,ranking_xgb,616,4935,5,1000,0.5369066518679453,729,271,0.49969602657808193,"[""V11"", ""V160"", ""V255"", ""V176"", ""V191""]","{""n_estimators"": 228, ""max_depth"": 5, ""min_samples_split"": 6, ""min_samples_leaf"": 4, ""criterion"": ""entropy"", ""class_weight"": ""balanced""}"
617,2026-06-05T17:21:14.222095+00:00,extra,ranking_xgb,617,4950,5,1000,0.6005887246108189,730,270,0.49823468413433075,"[""V11"", ""V160"", ""V255"", ""V176"", ""V191""]","{""n_estimators"": 108, ""max_depth"": null, ""min_samples_split"": 5, ""min_samples_leaf"": 4, ""criterion"": ""entropy"", ""class_weight"": ""balanced""}"
618,2026-06-05T17:21:42.294017+00:00,extra,ranking_xgb,618,5055,5,1000,0.5908750023341224,737,263,0.496303256494754,"[""V11"", ""V160"", ""V255"", ""V176"", ""V191""]","{""n_estimators"": 224, ""max_depth"": 13, ""min_samples_split"": 6, ""min_samples_leaf"": 2, ""criterion"": ""entropy"", ""class_weight"": null}"
619,2026-06-05T17:21:54.074792+00:00,extra,ranking_xgb,619,5175,5,1000,0.5491945803509145,745,255,0.49730309854116495,"[""V11"", ""V160"", ""V255"", ""V176"", ""V191""]","{""n_estimators"": 81, ""max_depth"": 9, ""min_samples_split"": 6, ""min_samples_leaf"": 9, ""criterion"": ""gini"", ""class_weight"": null}"
620,2026-06-05T17:22:34.476497+00:00,extra,ranking_xgb,620,5170,5,998,0.5613294588781137,744,254,0.499378532837228,"[""V11"", ""V160"", ""V255"", ""V176"", ""V191""]","{""n_estimators"": 302, ""max_depth"": 10, ""min_samples_split"": 8, ""min_samples_leaf"": 6, ""criterion"": ""gini"", ""class_weight"": ""balanced""}"
621,2026-06-05T17:23:01.145398+00:00,extra,ranking_xgb,621,4965,5,1000,0.5349289339062412,731,269,0.4975074194777773,"[""V11"", ""V160"", ""V255"", ""V176"", ""V191""]","{""n_estimators"": 213, ""max_depth"": 5, ""min_samples_split"": 5, ""min_samples_leaf"": 1, ""criterion"": ""entropy"", ""class_weight"": null}"
622,2026-06-05T17:23:56.168508+00:00,extra,ranking_xgb,622,5075,5,999,0.5427441440229848,738,261,0.49737199898703127,"[""V11"", ""V160"", ""V255"", ""V176"", ""V191""]","{""n_estimators"": 469, ""max_depth"": 7, ""min_samples_split"": 8, ""min_samples_leaf"": 8, ""criterion"": ""entropy"", ""class_weight"": null}"
623,2026-06-05T17:24:24.891507+00:00,extra,ranking_xgb,623,5125,5,995,0.5385533881820891,740,255,0.49744636273181786,"[""V11"", ""V160"", ""V255"", ""V176"", ""V191""]","{""n_estimators"": 233, ""max_depth"": 6, ""min_samples_split"": 3, ""min_samples_leaf"": 6, ""criterion"": ""gini"", ""class_weight"": null}"
624,2026-06-05T17:24:37.067833+00:00,extra,ranking_xgb,624,4875,5,1000,0.6283667209629851,725,275,0.49642711192758016,"[""V11"", ""V160"", ""V255"", ""V176"", ""V191""]","{""n_estimators"": 72, ""max_depth"": null, ""min_samples_split"": 8, ""min_samples_leaf"": 2, ""criterion"": ""entropy"", ""class_weight"": ""balanced""}"
625,2026-06-05T17:25:41.213719+00:00,extra,ranking_xgb,625,5020,5,998,0.5346111152573385,734,264,0.49978818633346056,"[""V11"", ""V160"", ""V255"", ""V176"", ""V191""]","{""n_estimators"": 494, ""max_depth"": 5, ""min_samples_split"": 3, ""min_samples_leaf"": 9, ""criterion"": ""gini"", ""class_weight"": ""balanced""}"
626,2026-06-05T17:26:28.805648+00:00,extra,ranking_xgb,626,5025,5,1000,0.559648412704999,735,265,0.4994729678296028,"[""V11"", ""V160"", ""V255"", ""V176"", ""V191""]","{""n_estimators"": 357, ""max_depth"": 8, ""min_samples_split"": 6, ""min_samples_leaf"": 2, ""criterion"": ""entropy"", ""class_weight"": ""balanced""}"
627,2026-06-05T17:27:00.605779+00:00,extra,ranking_xgb,627,5110,5,998,0.5455491146740363,740,258,0.499717652919509,"[""V11"", ""V160"", ""V255"", ""V176"", ""V191""]","{""n_estimators"": 234, ""max_depth"": 7, ""min_samples_split"": 3, ""min_samples_leaf"": 6, ""criterion"": ""gini"", ""class_weight"": ""balanced""}"
628,2026-06-05T17:27:59.638368+00:00,extra,ranking_xgb,628,5040,5,1000,0.5425304221280629,736,264,0.49980925630635736,"[""V11"", ""V160"", ""V255"", ""V176"", ""V191""]","{""n_estimators"": 454, ""max_depth"": 6, ""min_samples_split"": 8, ""min_samples_leaf"": 7, ""criterion"": ""gini"", ""class_weight"": ""balanced""}"
629,2026-06-05T17:28:38.024855+00:00,extra,ranking_xgb,629,5100,5,1000,0.5491510353582861,740,260,0.4995936024968567,"[""V11"", ""V160"", ""V255"", ""V176"", ""V191""]","{""n_estimators"": 285, ""max_depth"": 8, ""min_samples_split"": 2, ""min_samples_leaf"": 7, ""criterion"": ""gini"", ""class_weight"": ""balanced""}"
630,2026-06-05T17:29:24.851502+00:00,extra,ranking_xgb,630,5055,5,994,0.5710930071971654,735,259,0.4970050668909123,"[""V11"", ""V160"", ""V255"", ""V176"", ""V191""]","{""n_estimators"": 391, ""max_depth"": null, ""min_samples_split"": 6, ""min_samples_leaf"": 8, ""criterion"": ""entropy"", ""class_weight"": null}"
631,2026-06-05T17:29:44.695138+00:00,extra,ranking_xgb,631,5115,5,1000,0.5663040382323051,741,259,0.4990804634904245,"[""V11"", ""V160"", ""V255"", ""V176"", ""V191""]","{""n_estimators"": 138, ""max_depth"": 9, ""min_samples_split"": 6, ""min_samples_leaf"": 1, ""criterion"": ""gini"", ""class_weight"": ""balanced""}"
632,2026-06-05T17:29:56.043023+00:00,extra,ranking_xgb,632,4965,5,1000,0.6010165055338035,731,269,0.4963338288084644,"[""V11"", ""V160"", ""V255"", ""V176"", ""V191""]","{""n_estimators"": 75, ""max_depth"": 14, ""min_samples_split"": 6, ""min_samples_leaf"": 2, ""criterion"": ""entropy"", ""class_weight"": null}"
633,2026-06-05T17:30:50.033712+00:00,extra,ranking_xgb,633,5085,5,997,0.5515930114004193,738,259,0.4996362269299483,"[""V11"", ""V160"", ""V255"", ""V176"", ""V191""]","{""n_estimators"": 412, ""max_depth"": 7, ""min_samples_split"": 8, ""min_samples_leaf"": 1, ""criterion"": ""gini"", ""class_weight"": ""balanced""}"
634,2026-06-05T17:31:47.538662+00:00,extra,ranking_xgb,634,4910,7,1000,0.612752372782838,754,246,0.4943864232351483,"[""V11"", ""V160"", ""V255"", ""V176"", ""V191"", ""V224"", ""V215""]","{""n_estimators"": 426, ""max_depth"": null, ""min_samples_split"": 6, ""min_samples_leaf"": 2, ""criterion"": ""entropy"", ""class_weight"": ""balanced""}"
635,2026-06-05T17:32:32.043917+00:00,extra,ranking_xgb,635,5035,5,995,0.5308272871827568,734,261,0.49983940185396114,"[""V11"", ""V160"", ""V255"", ""V176"", ""V191""]","{""n_estimators"": 338, ""max_depth"": 4, ""min_samples_split"": 7, ""min_samples_leaf"": 3, ""criterion"": ""gini"", ""class_weight"": ""balanced""}"
636,2026-06-05T17:32:50.258753+00:00,extra,ranking_xgb,636,4995,5,1000,0.5461197215877716,733,267,0.4975894051810733,"[""V11"", ""V160"", ""V255"", ""V176"", ""V191""]","{""n_estimators"": 138, ""max_depth"": 7, ""min_samples_split"": 4, ""min_samples_leaf"": 5, ""criterion"": ""entropy"", ""class_weight"": null}"
637,2026-06-05T17:33:22.528634+00:00,extra,ranking_xgb,637,4965,5,1000,0.5370106188487135,731,269,0.4998231421214504,"[""V11"", ""V160"", ""V255"", ""V176"", ""V191""]","{""n_estimators"": 238, ""max_depth"": 5, ""min_samples_split"": 2, ""min_samples_leaf"": 5, ""criterion"": ""gini"", ""class_weight"": ""balanced""}"
638,2026-06-05T17:34:01.852209+00:00,extra,ranking_xgb,638,5075,5,990,0.5560138378324321,735,255,0.4973185164838382,"[""V11"", ""V160"", ""V255"", ""V176"", ""V191""]","{""n_estimators"": 330, ""max_depth"": 9, ""min_samples_split"": 8, ""min_samples_leaf"": 6, ""criterion"": ""gini"", ""class_weight"": null}"
639,2026-06-05T17:34:54.773565+00:00,extra,ranking_xgb,639,5105,5,999,0.562119800841757,740,259,0.49719326198234887,"[""V11"", ""V160"", ""V255"", ""V176"", ""V191""]","{""n_estimators"": 446, ""max_depth"": 12, ""min_samples_split"": 6, ""min_samples_leaf"": 8, ""criterion"": ""gini"", ""class_weight"": null}"
640,2026-06-05T17:35:31.339001+00:00,extra,ranking_xgb,640,5025,5,1000,0.5917620504789955,735,265,0.4987898455455235,"[""V11"", ""V160"", ""V255"", ""V176"", ""V191""]","{""n_estimators"": 270, ""max_depth"": 13, ""min_samples_split"": 8, ""min_samples_leaf"": 2, ""criterion"": ""entropy"", ""class_weight"": ""balanced""}"
641,2026-06-05T17:35:54.778213+00:00,extra,ranking_xgb,641,4905,5,1000,0.5961127687262658,727,273,0.4976966993309027,"[""V11"", ""V160"", ""V255"", ""V176"", ""V191""]","{""n_estimators"": 163, ""max_depth"": null, ""min_samples_split"": 6, ""min_samples_leaf"": 4, ""criterion"": ""entropy"", ""class_weight"": ""balanced""}"
642,2026-06-05T17:36:23.683742+00:00,extra,ranking_xgb,642,5065,5,998,0.5474060803137379,737,261,0.49964852494435236,"[""V11"", ""V160"", ""V255"", ""V176"", ""V191""]","{""n_estimators"": 209, ""max_depth"": 8, ""min_samples_split"": 5, ""min_samples_leaf"": 9, ""criterion"": ""gini"", ""class_weight"": ""balanced""}"
643,2026-06-05T17:37:08.775705+00:00,extra,ranking_xgb,643,5115,5,1000,0.5766082571588537,741,259,0.4970307354285444,"[""V11"", ""V160"", ""V255"", ""V176"", ""V191""]","{""n_estimators"": 377, ""max_depth"": 12, ""min_samples_split"": 8, ""min_samples_leaf"": 4, ""criterion"": ""entropy"", ""class_weight"": null}"
644,2026-06-05T17:37:21.865402+00:00,extra,ranking_xgb,644,5075,5,999,0.5668115769540951,738,261,0.4969176445885546,"[""V11"", ""V160"", ""V255"", ""V176"", ""V191""]","{""n_estimators"": 94, ""max_depth"": 10, ""min_samples_split"": 8, ""min_samples_leaf"": 3, ""criterion"": ""entropy"", ""class_weight"": null}"
645,2026-06-05T17:37:52.827398+00:00,extra,ranking_xgb,645,4935,5,1000,0.5534066719568492,729,271,0.49716424657078623,"[""V11"", ""V160"", ""V255"", ""V176"", ""V191""]","{""n_estimators"": 255, ""max_depth"": 9, ""min_samples_split"": 7, ""min_samples_leaf"": 6, ""criterion"": ""entropy"", ""class_weight"": null}"
646,2026-06-05T17:38:06.808750+00:00,extra,ranking_xgb,646,5170,5,998,0.5343869115193425,744,254,0.4975636399098579,"[""V11"", ""V160"", ""V255"", ""V176"", ""V191""]","{""n_estimators"": 103, ""max_depth"": 5, ""min_samples_split"": 3, ""min_samples_leaf"": 1, ""criterion"": ""gini"", ""class_weight"": null}"
647,2026-06-05T17:38:58.223319+00:00,extra,ranking_xgb,647,5140,5,998,0.5799651417963555,742,256,0.4989655293261514,"[""V11"", ""V160"", ""V255"", ""V176"", ""V191""]","{""n_estimators"": 389, ""max_depth"": 11, ""min_samples_split"": 3, ""min_samples_leaf"": 2, ""criterion"": ""entropy"", ""class_weight"": ""balanced""}"
648,2026-06-05T17:39:52.691417+00:00,extra,ranking_xgb,648,5075,5,999,0.5675852271875454,738,261,0.4993451970235872,"[""V11"", ""V160"", ""V255"", ""V176"", ""V191""]","{""n_estimators"": 413, ""max_depth"": 12, ""min_samples_split"": 6, ""min_samples_leaf"": 8, ""criterion"": ""entropy"", ""class_weight"": ""balanced""}"
649,2026-06-05T17:40:24.822769+00:00,extra,ranking_xgb,649,5010,5,1000,0.5710554392572462,734,266,0.4970673549442898,"[""V11"", ""V160"", ""V255"", ""V176"", ""V191""]","{""n_estimators"": 264, ""max_depth"": 12, ""min_samples_split"": 3, ""min_samples_leaf"": 5, ""criterion"": ""gini"", ""class_weight"": null}"
650,2026-06-05T17:41:07.127005+00:00,extra,ranking_xgb,650,5165,5,996,0.5412866567195649,743,253,0.4974694671922259,"[""V11"", ""V160"", ""V255"", ""V176"", ""V191""]","{""n_estimators"": 352, ""max_depth"": 7, ""min_samples_split"": 2, ""min_samples_leaf"": 9, ""criterion"": ""gini"", ""class_weight"": null}"
651,2026-06-05T17:41:25.870409+00:00,extra,ranking_xgb,651,5085,5,1000,0.5495446135192888,739,261,0.4972537905210791,"[""V11"", ""V160"", ""V255"", ""V176"", ""V191""]","{""n_estimators"": 142, ""max_depth"": 7, ""min_samples_split"": 8, ""min_samples_leaf"": 2, ""criterion"": ""gini"", ""class_weight"": null}"
652,2026-06-05T17:42:03.062424+00:00,extra,ranking_xgb,652,5130,5,1000,0.5649519658832638,742,258,0.499060837147323,"[""V11"", ""V160"", ""V255"", ""V176"", ""V191""]","{""n_estimators"": 273, ""max_depth"": null, ""min_samples_split"": 5, ""min_samples_leaf"": 9, ""criterion"": ""gini"", ""class_weight"": ""balanced""}"
653,2026-06-05T17:42:46.975671+00:00,extra,ranking_xgb,653,5040,5,997,0.5260749693631732,735,262,0.4975071317939969,"[""V11"", ""V160"", ""V255"", ""V176"", ""V191""]","{""n_estimators"": 369, ""max_depth"": 4, ""min_samples_split"": 2, ""min_samples_leaf"": 8, ""criterion"": ""entropy"", ""class_weight"": null}"
654,2026-06-05T17:43:16.285492+00:00,extra,ranking_xgb,654,5070,5,1000,0.5866989190218657,738,262,0.4986825479299972,"[""V11"", ""V160"", ""V255"", ""V176"", ""V191""]","{""n_estimators"": 212, ""max_depth"": 13, ""min_samples_split"": 8, ""min_samples_leaf"": 3, ""criterion"": ""entropy"", ""class_weight"": ""balanced""}"
655,2026-06-05T17:44:14.479432+00:00,extra,ranking_xgb,655,5115,5,1000,0.5854078481199801,741,259,0.4967885596756361,"[""V11"", ""V160"", ""V255"", ""V176"", ""V191""]","{""n_estimators"": 490, ""max_depth"": 12, ""min_samples_split"": 9, ""min_samples_leaf"": 1, ""criterion"": ""entropy"", ""class_weight"": null}"
656,2026-06-05T17:45:12.057555+00:00,extra,ranking_xgb,656,4890,5,1000,0.6245378170005819,726,274,0.49528661872556223,"[""V11"", ""V160"", ""V255"", ""V176"", ""V191""]","{""n_estimators"": 473, ""max_depth"": null, ""min_samples_split"": 9, ""min_samples_leaf"": 2, ""criterion"": ""gini"", ""class_weight"": null}"
657,2026-06-05T17:45:42.554883+00:00,extra,ranking_xgb,657,5000,7,997,0.5741353393019127,759,238,0.4983696574649268,"[""V11"", ""V160"", ""V255"", ""V176"", ""V191"", ""V224"", ""V215""]","{""n_estimators"": 221, ""max_depth"": 12, ""min_samples_split"": 7, ""min_samples_leaf"": 1, ""criterion"": ""entropy"", ""class_weight"": ""balanced""}"
658,2026-06-05T17:46:24.502379+00:00,extra,ranking_xgb,658,5100,5,1000,0.5741712295787523,740,260,0.49685648681415767,"[""V11"", ""V160"", ""V255"", ""V176"", ""V191""]","{""n_estimators"": 348, ""max_depth"": 11, ""min_samples_split"": 4, ""min_samples_leaf"": 3, ""criterion"": ""entropy"", ""class_weight"": null}"
659,2026-06-05T17:47:22.546688+00:00,extra,ranking_xgb,659,5040,5,1000,0.5309108612709955,736,264,0.4999461745967259,"[""V11"", ""V160"", ""V255"", ""V176"", ""V191""]","{""n_estimators"": 446, ""max_depth"": 4, ""min_samples_split"": 3, ""min_samples_leaf"": 2, ""criterion"": ""entropy"", ""class_weight"": ""balanced""}"
660,2026-06-05T17:48:04.445223+00:00,extra,ranking_xgb,660,5030,5,996,0.5922957133957429,734,262,0.49649710507727723,"[""V11"", ""V160"", ""V255"", ""V176"", ""V191""]","{""n_estimators"": 345, ""max_depth"": 13, ""min_samples_split"": 8, ""min_samples_leaf"": 1, ""criterion"": ""entropy"", ""class_weight"": null}"
661,2026-06-05T17:48:43.934676+00:00,extra,ranking_xgb,661,4920,5,1000,0.5658360077619631,728,272,0.49686573421201513,"[""V11"", ""V160"", ""V255"", ""V176"", ""V191""]","{""n_estimators"": 327, ""max_depth"": null, ""min_samples_split"": 7, ""min_samples_leaf"": 9, ""criterion"": ""entropy"", ""class_weight"": null}"
662,2026-06-05T17:49:22.236792+00:00,extra,ranking_xgb,662,5070,5,988,0.5275601591622524,734,254,0.4975861235021416,"[""V11"", ""V160"", ""V255"", ""V176"", ""V191""]","{""n_estimators"": 323, ""max_depth"": 4, ""min_samples_split"": 2, ""min_samples_leaf"": 5, ""criterion"": ""entropy"", ""class_weight"": null}"
663,2026-06-05T17:50:11.073543+00:00,extra,ranking_xgb,663,5055,5,1000,0.5651325611339278,737,263,0.49928467398308,"[""V11"", ""V160"", ""V255"", ""V176"", ""V191""]","{""n_estimators"": 369, ""max_depth"": 12, ""min_samples_split"": 4, ""min_samples_leaf"": 7, ""criterion"": ""gini"", ""class_weight"": ""balanced""}"
664,2026-06-05T17:50:31.909867+00:00,extra,ranking_xgb,664,5025,5,1000,0.5735055887348028,735,265,0.49693401650558544,"[""V11"", ""V160"", ""V255"", ""V176"", ""V191""]","{""n_estimators"": 160, ""max_depth"": 13, ""min_samples_split"": 7, ""min_samples_leaf"": 5, ""criterion"": ""gini"", ""class_weight"": null}"
665,2026-06-05T17:51:34.399487+00:00,extra,ranking_xgb,665,5095,5,998,0.5825916198805489,739,259,0.4987350364111466,"[""V11"", ""V160"", ""V255"", ""V176"", ""V191""]","{""n_estimators"": 475, ""max_depth"": 14, ""min_samples_split"": 8, ""min_samples_leaf"": 5, ""criterion"": ""entropy"", ""class_weight"": ""balanced""}"
666,2026-06-05T17:52:09.122499+00:00,extra,ranking_xgb,666,5025,5,1000,0.5676245402474696,735,265,0.49704535111978604,"[""V11"", ""V160"", ""V255"", ""V176"", ""V191""]","{""n_estimators"": 283, ""max_depth"": 10, ""min_samples_split"": 8, ""min_samples_leaf"": 4, ""criterion"": ""gini"", ""class_weight"": null}"
667,2026-06-05T17:52:44.083418+00:00,extra,ranking_xgb,667,5085,5,1000,0.5527242444503556,739,261,0.4970639137591235,"[""V11"", ""V160"", ""V255"", ""V176"", ""V191""]","{""n_estimators"": 286, ""max_depth"": 9, ""min_samples_split"": 4, ""min_samples_leaf"": 7, ""criterion"": ""entropy"", ""class_weight"": null}"
668,2026-06-05T17:53:15.519358+00:00,extra,ranking_xgb,668,4995,5,1000,0.5189580362283982,733,267,0.49757362985332093,"[""V11"", ""V160"", ""V255"", ""V176"", ""V191""]","{""n_estimators"": 263, ""max_depth"": 3, ""min_samples_split"": 9, ""min_samples_leaf"": 5, ""criterion"": ""entropy"", ""class_weight"": null}"
669,2026-06-05T17:54:04.895686+00:00,extra,ranking_xgb,669,5030,5,996,0.5619151651955954,734,262,0.49932355437296827,"[""V11"", ""V160"", ""V255"", ""V176"", ""V191""]","{""n_estimators"": 373, ""max_depth"": 9, ""min_samples_split"": 5, ""min_samples_leaf"": 4, ""criterion"": ""gini"", ""class_weight"": ""balanced""}"
670,2026-06-05T17:55:09.282658+00:00,extra,ranking_xgb,670,5085,5,1000,0.5462688551455749,739,261,0.4997767528084394,"[""V11"", ""V160"", ""V255"", ""V176"", ""V191""]","{""n_estimators"": 493, ""max_depth"": 6, ""min_samples_split"": 3, ""min_samples_leaf"": 1, ""criterion"": ""entropy"", ""class_weight"": ""balanced""}"
671,2026-06-05T17:56:01.899416+00:00,extra,ranking_xgb,671,5015,5,999,0.564537228288683,734,265,0.49937443674746285,"[""V11"", ""V160"", ""V255"", ""V176"", ""V191""]","{""n_estimators"": 400, ""max_depth"": 11, ""min_samples_split"": 4, ""min_samples_leaf"": 7, ""criterion"": ""entropy"", ""class_weight"": ""balanced""}"
672,2026-06-05T17:56:30.359854+00:00,extra,ranking_xgb,672,5115,5,1000,0.5632550485643707,741,259,0.4969549696439235,"[""V11"", ""V160"", ""V255"", ""V176"", ""V191""]","{""n_estimators"": 229, ""max_depth"": 14, ""min_samples_split"": 3, ""min_samples_leaf"": 9, ""criterion"": ""gini"", ""class_weight"": null}"
673,2026-06-05T17:57:14.368997+00:00,extra,ranking_xgb,673,5100,5,1000,0.5697852575760973,740,260,0.4991034590131654,"[""V11"", ""V160"", ""V255"", ""V176"", ""V191""]","{""n_estimators"": 329, ""max_depth"": null, ""min_samples_split"": 3, ""min_samples_leaf"": 9, ""criterion"": ""gini"", ""class_weight"": ""balanced""}"
674,2026-06-05T17:57:25.597308+00:00,extra,ranking_xgb,674,5100,5,997,0.556470710850016,739,258,0.4970626741411227,"[""V11"", ""V160"", ""V255"", ""V176"", ""V191""]","{""n_estimators"": 75, ""max_depth"": 10, ""min_samples_split"": 3, ""min_samples_leaf"": 7, ""criterion"": ""entropy"", ""class_weight"": null}"
675,2026-06-05T17:57:58.113046+00:00,extra,ranking_xgb,675,5210,5,990,0.5592208179721598,744,246,0.4993787186150403,"[""V11"", ""V160"", ""V255"", ""V176"", ""V191""]","{""n_estimators"": 239, ""max_depth"": 8, ""min_samples_split"": 8, ""min_samples_leaf"": 2, ""criterion"": ""gini"", ""class_weight"": ""balanced""}"
676,2026-06-05T17:58:25.331513+00:00,extra,ranking_xgb,676,4915,5,998,0.5338042504433582,727,271,0.4975456172474083,"[""V11"", ""V160"", ""V255"", ""V176"", ""V191""]","{""n_estimators"": 219, ""max_depth"": 5, ""min_samples_split"": 2, ""min_samples_leaf"": 3, ""criterion"": ""entropy"", ""class_weight"": null}"
677,2026-06-05T17:59:08.725913+00:00,extra,ranking_xgb,677,4970,5,999,0.5643193251617804,731,268,0.4968211567421223,"[""V11"", ""V160"", ""V255"", ""V176"", ""V191""]","{""n_estimators"": 358, ""max_depth"": null, ""min_samples_split"": 6, ""min_samples_leaf"": 9, ""criterion"": ""entropy"", ""class_weight"": null}"
678,2026-06-05T17:59:49.749982+00:00,extra,ranking_xgb,678,5145,5,1000,0.5625387019758988,743,257,0.4992768041357806,"[""V11"", ""V160"", ""V255"", ""V176"", ""V191""]","{""n_estimators"": 306, ""max_depth"": 12, ""min_samples_split"": 4, ""min_samples_leaf"": 9, ""criterion"": ""gini"", ""class_weight"": ""balanced""}"
679,2026-06-05T18:00:08.191624+00:00,extra,ranking_xgb,679,4965,5,1000,0.5225664880694965,731,269,0.49990511104352325,"[""V11"", ""V160"", ""V255"", ""V176"", ""V191""]","{""n_estimators"": 131, ""max_depth"": 3, ""min_samples_split"": 8, ""min_samples_leaf"": 3, ""criterion"": ""entropy"", ""class_weight"": ""balanced""}"
680,2026-06-05T18:00:40.269151+00:00,extra,ranking_xgb,680,5195,5,999,0.5816993374626113,746,253,0.4965657300720688,"[""V11"", ""V160"", ""V255"", ""V176"", ""V191""]","{""n_estimators"": 263, ""max_depth"": 12, ""min_samples_split"": 4, ""min_samples_leaf"": 3, ""criterion"": ""entropy"", ""class_weight"": null}"
681,2026-06-05T18:00:50.171036+00:00,extra,ranking_xgb,681,5045,7,1000,0.5700406685769789,763,237,0.49875696335718095,"[""V11"", ""V160"", ""V255"", ""V176"", ""V191"", ""V224"", ""V215""]","{""n_estimators"": 62, ""max_depth"": 11, ""min_samples_split"": 8, ""min_samples_leaf"": 2, ""criterion"": ""entropy"", ""class_weight"": ""balanced""}"
682,2026-06-05T18:01:17.467113+00:00,extra,ranking_xgb,682,5130,5,1000,0.5607776741058612,742,258,0.4996456942267731,"[""V11"", ""V160"", ""V255"", ""V176"", ""V191""]","{""n_estimators"": 199, ""max_depth"": 8, ""min_samples_split"": 8, ""min_samples_leaf"": 2, ""criterion"": ""entropy"", ""class_weight"": ""balanced""}"
683,2026-06-05T18:01:55.316969+00:00,extra,ranking_xgb,683,4995,5,1000,0.5687077395992824,733,267,0.4992550175499735,"[""V11"", ""V160"", ""V255"", ""V176"", ""V191""]","{""n_estimators"": 279, ""max_depth"": 10, ""min_samples_split"": 9, ""min_samples_leaf"": 4, ""criterion"": ""gini"", ""class_weight"": ""balanced""}"
684,2026-06-05T18:02:06.052885+00:00,extra,ranking_xgb,684,5145,5,1000,0.5456617504346529,743,257,0.49734537509315196,"[""V11"", ""V160"", ""V255"", ""V176"", ""V191""]","{""n_estimators"": 71, ""max_depth"": 8, ""min_samples_split"": 3, ""min_samples_leaf"": 7, ""criterion"": ""gini"", ""class_weight"": null}"
685,2026-06-05T18:02:24.639585+00:00,extra,ranking_xgb,685,5190,5,1000,0.5514046535860858,746,254,0.49743450903179776,"[""V11"", ""V160"", ""V255"", ""V176"", ""V191""]","{""n_estimators"": 141, ""max_depth"": 8, ""min_samples_split"": 4, ""min_samples_leaf"": 5, ""criterion"": ""entropy"", ""class_weight"": null}"
686,2026-06-05T18:02:53.765138+00:00,extra,ranking_xgb,686,5045,5,996,0.5442311282250927,735,261,0.49988444404036375,"[""V11"", ""V160"", ""V255"", ""V176"", ""V191""]","{""n_estimators"": 210, ""max_depth"": 6, ""min_samples_split"": 6, ""min_samples_leaf"": 3, ""criterion"": ""gini"", ""class_weight"": ""balanced""}"
687,2026-06-05T18:03:45.126212+00:00,extra,ranking_xgb,687,5050,5,995,0.5674517005554842,735,260,0.4971366064627673,"[""V11"", ""V160"", ""V255"", ""V176"", ""V191""]","{""n_estimators"": 432, ""max_depth"": 10, ""min_samples_split"": 4, ""min_samples_leaf"": 4, ""criterion"": ""entropy"", ""class_weight"": null}"
688,2026-06-05T18:04:17.115732+00:00,extra,ranking_xgb,688,5070,5,997,0.5574573857517297,737,260,0.4970492217582119,"[""V11"", ""V160"", ""V255"", ""V176"", ""V191""]","{""n_estimators"": 263, ""max_depth"": 8, ""min_samples_split"": 2, ""min_samples_leaf"": 2, ""criterion"": ""gini"", ""class_weight"": null}"
689,2026-06-05T18:05:14.497875+00:00,extra,ranking_xgb,689,4995,5,1000,0.5709723309277664,733,267,0.496860780432807,"[""V11"", ""V160"", ""V255"", ""V176"", ""V191""]","{""n_estimators"": 483, ""max_depth"": 14, ""min_samples_split"": 5, ""min_samples_leaf"": 7, ""criterion"": ""entropy"", ""class_weight"": null}"
690,2026-06-05T18:05:22.379815+00:00,extra,ranking_xgb,690,4965,5,1000,0.5651063794611985,731,269,0.4970624807508265,"[""V11"", ""V160"", ""V255"", ""V176"", ""V191""]","{""n_estimators"": 52, ""max_depth"": 11, ""min_samples_split"": 7, ""min_samples_leaf"": 6, ""criterion"": ""gini"", ""class_weight"": null}"
691,2026-06-05T18:06:16.077698+00:00,extra,ranking_xgb,691,5070,5,991,0.5474106767857395,735,256,0.49962675411146346,"[""V11"", ""V160"", ""V255"", ""V176"", ""V191""]","{""n_estimators"": 407, ""max_depth"": 7, ""min_samples_split"": 7, ""min_samples_leaf"": 7, ""criterion"": ""entropy"", ""class_weight"": ""balanced""}"
692,2026-06-05T18:07:10.037791+00:00,extra,ranking_xgb,692,5070,5,1000,0.5680125625482093,738,262,0.4992366407888474,"[""V11"", ""V160"", ""V255"", ""V176"", ""V191""]","{""n_estimators"": 410, ""max_depth"": 13, ""min_samples_split"": 8, ""min_samples_leaf"": 7, ""criterion"": ""gini"", ""class_weight"": ""balanced""}"
693,2026-06-05T18:07:22.137006+00:00,extra,ranking_xgb,693,5010,5,1000,0.5681210817931802,734,266,0.4968133972148117,"[""V11"", ""V160"", ""V255"", ""V176"", ""V191""]","{""n_estimators"": 82, ""max_depth"": null, ""min_samples_split"": 8, ""min_samples_leaf"": 7, ""criterion"": ""gini"", ""class_weight"": null}"
694,2026-06-05T18:07:57.729956+00:00,extra,ranking_xgb,694,4995,5,1000,0.5556561115770784,733,267,0.49723205527912817,"[""V11"", ""V160"", ""V255"", ""V176"", ""V191""]","{""n_estimators"": 292, ""max_depth"": 9, ""min_samples_split"": 2, ""min_samples_leaf"": 6, ""criterion"": ""gini"", ""class_weight"": null}"
695,2026-06-05T18:08:47.141557+00:00,extra,ranking_xgb,695,5090,5,993,0.5631773182281218,737,256,0.49696763925063253,"[""V11"", ""V160"", ""V255"", ""V176"", ""V191""]","{""n_estimators"": 415, ""max_depth"": 13, ""min_samples_split"": 2, ""min_samples_leaf"": 8, ""criterion"": ""entropy"", ""class_weight"": null}"
696,2026-06-05T18:09:11.242380+00:00,extra,ranking_xgb,696,5025,5,1000,0.543164136053557,735,265,0.49748532979953813,"[""V11"", ""V160"", ""V255"", ""V176"", ""V191""]","{""n_estimators"": 196, ""max_depth"": 7, ""min_samples_split"": 4, ""min_samples_leaf"": 8, ""criterion"": ""gini"", ""class_weight"": null}"
697,2026-06-05T18:10:09.432665+00:00,extra,ranking_xgb,697,5000,5,990,0.5283830902581476,730,260,0.4975127734074233,"[""V11"", ""V160"", ""V255"", ""V176"", ""V191""]","{""n_estimators"": 497, ""max_depth"": 4, ""min_samples_split"": 9, ""min_samples_leaf"": 3, ""criterion"": ""gini"", ""class_weight"": null}"
698,2026-06-05T18:11:04.095391+00:00,extra,ranking_xgb,698,4975,5,998,0.5275790758415257,731,267,0.49754558853441866,"[""V11"", ""V160"", ""V255"", ""V176"", ""V191""]","{""n_estimators"": 468, ""max_depth"": 4, ""min_samples_split"": 4, ""min_samples_leaf"": 4, ""criterion"": ""gini"", ""class_weight"": null}"
699,2026-06-05T18:11:31.602428+00:00,extra,ranking_xgb,699,5085,5,1000,0.5709228310784086,739,261,0.4967213553747486,"[""V11"", ""V160"", ""V255"", ""V176"", ""V191""]","{""n_estimators"": 220, ""max_depth"": 14, ""min_samples_split"": 2, ""min_samples_leaf"": 6, ""criterion"": ""entropy"", ""class_weight"": null}"
700,2026-06-05T18:12:07.590680+00:00,extra,ranking_xgb,700,5085,5,1000,0.5536563836727904,739,261,0.4995636007474528,"[""V11"", ""V160"", ""V255"", ""V176"", ""V191""]","{""n_estimators"": 267, ""max_depth"": 7, ""min_samples_split"": 7, ""min_samples_leaf"": 1, ""criterion"": ""gini"", ""class_weight"": ""balanced""}"
701,2026-06-05T18:12:21.729029+00:00,extra,ranking_xgb,701,5100,5,1000,0.5251772723181436,740,260,0.4973496040370328,"[""V11"", ""V160"", ""V255"", ""V176"", ""V191""]","{""n_estimators"": 105, ""max_depth"": 4, ""min_samples_split"": 9, ""min_samples_leaf"": 8, ""criterion"": ""gini"", ""class_weight"": null}"
702,2026-06-05T18:13:08.281595+00:00,extra,ranking_xgb,702,5025,5,1000,0.5694061112203445,735,265,0.49706755731391533,"[""V11"", ""V160"", ""V255"", ""V176"", ""V191""]","{""n_estimators"": 390, ""max_depth"": 13, ""min_samples_split"": 6, ""min_samples_leaf"": 6, ""criterion"": ""entropy"", ""class_weight"": null}"
703,2026-06-05T18:13:43.413424+00:00,extra,ranking_xgb,703,4920,5,1000,0.5736902459033008,728,272,0.49905290648880785,"[""V11"", ""V160"", ""V255"", ""V176"", ""V191""]","{""n_estimators"": 260, ""max_depth"": 14, ""min_samples_split"": 5, ""min_samples_leaf"": 7, ""criterion"": ""gini"", ""class_weight"": ""balanced""}"
704,2026-06-05T18:14:29.758774+00:00,extra,ranking_xgb,704,4815,5,1000,0.6438581447510763,721,279,0.4967727160398603,"[""V11"", ""V160"", ""V255"", ""V176"", ""V191""]","{""n_estimators"": 336, ""max_depth"": null, ""min_samples_split"": 9, ""min_samples_leaf"": 1, ""criterion"": ""entropy"", ""class_weight"": ""balanced""}"
705,2026-06-05T18:14:51.633592+00:00,extra,ranking_xgb,705,5190,5,1000,0.5779475599493191,746,254,0.4969286992090194,"[""V11"", ""V160"", ""V255"", ""V176"", ""V191""]","{""n_estimators"": 170, ""max_depth"": 11, ""min_samples_split"": 7, ""min_samples_leaf"": 2, ""criterion"": ""entropy"", ""class_weight"": null}"
706,2026-06-05T18:15:18.403787+00:00,extra,ranking_xgb,706,5030,5,999,0.5696050294291667,735,264,0.49909486698111766,"[""V11"", ""V160"", ""V255"", ""V176"", ""V191""]","{""n_estimators"": 195, ""max_depth"": 14, ""min_samples_split"": 4, ""min_samples_leaf"": 8, ""criterion"": ""entropy"", ""class_weight"": ""balanced""}"
707,2026-06-05T18:16:09.735041+00:00,extra,ranking_xgb,707,5130,5,1000,0.5617223053473784,742,258,0.49711065858600306,"[""V11"", ""V160"", ""V255"", ""V176"", ""V191""]","{""n_estimators"": 432, ""max_depth"": 11, ""min_samples_split"": 3, ""min_samples_leaf"": 7, ""criterion"": ""entropy"", ""class_weight"": null}"
708,2026-06-05T18:16:58.023678+00:00,extra,ranking_xgb,708,5060,5,999,0.5941690374953191,737,262,0.4958967986942817,"[""V11"", ""V160"", ""V255"", ""V176"", ""V191""]","{""n_estimators"": 397, ""max_depth"": null, ""min_samples_split"": 3, ""min_samples_leaf"": 4, ""criterion"": ""entropy"", ""class_weight"": null}"
709,2026-06-05T18:17:25.139944+00:00,extra,ranking_xgb,709,4980,5,1000,0.520833419472456,732,268,0.4974914304069893,"[""V11"", ""V160"", ""V255"", ""V176"", ""V191""]","{""n_estimators"": 218, ""max_depth"": 3, ""min_samples_split"": 6, ""min_samples_leaf"": 2, ""criterion"": ""entropy"", ""class_weight"": null}"
710,2026-06-05T18:17:35.533244+00:00,extra,ranking_xgb,710,5045,5,999,0.5760906258328948,736,263,0.49910878263160013,"[""V11"", ""V160"", ""V255"", ""V176"", ""V191""]","{""n_estimators"": 65, ""max_depth"": 10, ""min_samples_split"": 7, ""min_samples_leaf"": 1, ""criterion"": ""entropy"", ""class_weight"": ""balanced""}"
711,2026-06-05T18:18:13.515621+00:00,extra,ranking_xgb,711,5100,5,1000,0.5549723584309699,740,260,0.4996984940486096,"[""V11"", ""V160"", ""V255"", ""V176"", ""V191""]","{""n_estimators"": 280, ""max_depth"": 8, ""min_samples_split"": 3, ""min_samples_leaf"": 4, ""criterion"": ""entropy"", ""class_weight"": ""balanced""}"
712,2026-06-05T18:19:08.300719+00:00,extra,ranking_xgb,712,5070,5,1000,0.5749943875099528,738,262,0.4968378773171402,"[""V11"", ""V160"", ""V255"", ""V176"", ""V191""]","{""n_estimators"": 460, ""max_depth"": 11, ""min_samples_split"": 3, ""min_samples_leaf"": 3, ""criterion"": ""entropy"", ""class_weight"": null}"
713,2026-06-05T18:19:21.322716+00:00,extra,ranking_xgb,713,5070,5,1000,0.5387159259835821,738,262,0.4975899032922647,"[""V11"", ""V160"", ""V255"", ""V176"", ""V191""]","{""n_estimators"": 95, ""max_depth"": 6, ""min_samples_split"": 8, ""min_samples_leaf"": 6, ""criterion"": ""entropy"", ""class_weight"": null}"
714,2026-06-05T18:19:52.319482+00:00,extra,ranking_xgb,714,5115,5,1000,0.5553866580623478,741,259,0.4975691309483008,"[""V11"", ""V160"", ""V255"", ""V176"", ""V191""]","{""n_estimators"": 255, ""max_depth"": 8, ""min_samples_split"": 7, ""min_samples_leaf"": 4, ""criterion"": ""entropy"", ""class_weight"": null}"
715,2026-06-05T18:20:45.799758+00:00,extra,ranking_xgb,715,4935,8,1000,0.58505936150349,769,231,0.49587192258603663,"[""V11"", ""V160"", ""V255"", ""V176"", ""V191"", ""V224"", ""V215"", ""V380""]","{""n_estimators"": 401, ""max_depth"": 14, ""min_samples_split"": 3, ""min_samples_leaf"": 1, ""criterion"": ""gini"", ""class_weight"": ""balanced""}"
716,2026-06-05T18:21:50.090707+00:00,extra,ranking_xgb,716,5040,5,1000,0.5736330920657049,736,264,0.4991254091359257,"[""V11"", ""V160"", ""V255"", ""V176"", ""V191""]","{""n_estimators"": 488, ""max_depth"": 10, ""min_samples_split"": 8, ""min_samples_leaf"": 1, ""criterion"": ""gini"", ""class_weight"": ""balanced""}"
717,2026-06-05T18:22:01.848753+00:00,extra,ranking_xgb,717,5085,5,1000,0.5299939345053405,739,261,0.49977488264920755,"[""V11"", ""V160"", ""V255"", ""V176"", ""V191""]","{""n_estimators"": 72, ""max_depth"": 4, ""min_samples_split"": 5, ""min_samples_leaf"": 4, ""criterion"": ""entropy"", ""class_weight"": ""balanced""}"
718,2026-06-05T18:22:26.907776+00:00,extra,ranking_xgb,718,5060,5,999,0.5394311085843737,737,262,0.4998642119060451,"[""V11"", ""V160"", ""V255"", ""V176"", ""V191""]","{""n_estimators"": 181, ""max_depth"": 5, ""min_samples_split"": 5, ""min_samples_leaf"": 2, ""criterion"": ""gini"", ""class_weight"": ""balanced""}"
719,2026-06-05T18:22:42.103161+00:00,extra,ranking_xgb,719,5145,5,1000,0.5428390837221081,743,257,0.49751958433226773,"[""V11"", ""V160"", ""V255"", ""V176"", ""V191""]","{""n_estimators"": 116, ""max_depth"": 6, ""min_samples_split"": 9, ""min_samples_leaf"": 4, ""criterion"": ""gini"", ""class_weight"": null}"
720,2026-06-05T18:23:45.608890+00:00,extra,ranking_xgb,720,5080,5,998,0.545405620402142,738,260,0.49986582063488494,"[""V11"", ""V160"", ""V255"", ""V176"", ""V191""]","{""n_estimators"": 487, ""max_depth"": 6, ""min_samples_split"": 8, ""min_samples_leaf"": 2, ""criterion"": ""gini"", ""class_weight"": ""balanced""}"
721,2026-06-05T18:24:16.611396+00:00,extra,ranking_xgb,721,5100,5,1000,0.5771735058579114,740,260,0.4989369119993622,"[""V11"", ""V160"", ""V255"", ""V176"", ""V191""]","{""n_estimators"": 225, ""max_depth"": 13, ""min_samples_split"": 6, ""min_samples_leaf"": 5, ""criterion"": ""gini"", ""class_weight"": ""balanced""}"
722,2026-06-05T18:24:48.427264+00:00,extra,ranking_xgb,722,5010,5,1000,0.5319909003767822,734,266,0.499911808348555,"[""V11"", ""V160"", ""V255"", ""V176"", ""V191""]","{""n_estimators"": 235, ""max_depth"": 4, ""min_samples_split"": 3, ""min_samples_leaf"": 1, ""criterion"": ""entropy"", ""class_weight"": ""balanced""}"
723,2026-06-05T18:25:10.418858+00:00,extra,ranking_xgb,723,5055,5,997,0.5713691074647721,736,261,0.4994337015973585,"[""V11"", ""V160"", ""V255"", ""V176"", ""V191""]","{""n_estimators"": 154, ""max_depth"": 11, ""min_samples_split"": 2, ""min_samples_leaf"": 5, ""criterion"": ""gini"", ""class_weight"": ""balanced""}"
724,2026-06-05T18:26:03.685748+00:00,extra,ranking_xgb,724,4965,5,1000,0.5717402172570296,731,269,0.4992881040676085,"[""V11"", ""V160"", ""V255"", ""V176"", ""V191""]","{""n_estimators"": 403, ""max_depth"": 10, ""min_samples_split"": 9, ""min_samples_leaf"": 3, ""criterion"": ""gini"", ""class_weight"": ""balanced""}"
725,2026-06-05T18:26:12.768405+00:00,extra,ranking_xgb,725,5010,5,1000,0.5948047705351758,734,266,0.4983439340363716,"[""V11"", ""V160"", ""V255"", ""V176"", ""V191""]","{""n_estimators"": 56, ""max_depth"": 13, ""min_samples_split"": 2, ""min_samples_leaf"": 2, ""criterion"": ""entropy"", ""class_weight"": ""balanced""}"
726,2026-06-05T18:27:05.847304+00:00,extra,ranking_xgb,726,5005,5,998,0.5217707159051745,733,265,0.499903870615712,"[""V11"", ""V160"", ""V255"", ""V176"", ""V191""]","{""n_estimators"": 411, ""max_depth"": 3, ""min_samples_split"": 5, ""min_samples_leaf"": 7, ""criterion"": ""entropy"", ""class_weight"": ""balanced""}"
727,2026-06-05T18:27:59.961060+00:00,extra,ranking_xgb,727,5060,5,999,0.5380499552952999,737,262,0.49740027588805424,"[""V11"", ""V160"", ""V255"", ""V176"", ""V191""]","{""n_estimators"": 460, ""max_depth"": 6, ""min_samples_split"": 7, ""min_samples_leaf"": 7, ""criterion"": ""entropy"", ""class_weight"": null}"
728,2026-06-05T18:28:24.230927+00:00,extra,ranking_xgb,728,5040,5,1000,0.5725568106633282,736,264,0.4988560685443971,"[""V11"", ""V160"", ""V255"", ""V176"", ""V191""]","{""n_estimators"": 172, ""max_depth"": 10, ""min_samples_split"": 6, ""min_samples_leaf"": 1, ""criterion"": ""gini"", ""class_weight"": ""balanced""}"
729,2026-06-05T18:29:06.170964+00:00,extra,ranking_xgb,729,4940,5,996,0.5675969394739572,728,268,0.49905655083518713,"[""V11"", ""V160"", ""V255"", ""V176"", ""V191""]","{""n_estimators"": 311, ""max_depth"": null, ""min_samples_split"": 4, ""min_samples_leaf"": 9, ""criterion"": ""entropy"", ""class_weight"": ""balanced""}"
730,2026-06-05T18:29:28.500443+00:00,extra,ranking_xgb,730,5070,5,1000,0.5690363154189542,738,262,0.4970163372732636,"[""V11"", ""V160"", ""V255"", ""V176"", ""V191""]","{""n_estimators"": 175, ""max_depth"": 13, ""min_samples_split"": 8, ""min_samples_leaf"": 8, ""criterion"": ""entropy"", ""class_weight"": null}"
731,2026-06-05T18:30:05.835830+00:00,extra,ranking_xgb,731,5055,5,1000,0.5419708086183862,737,263,0.49741604237292647,"[""V11"", ""V160"", ""V255"", ""V176"", ""V191""]","{""n_estimators"": 310, ""max_depth"": 6, ""min_samples_split"": 2, ""min_samples_leaf"": 3, ""criterion"": ""gini"", ""class_weight"": null}"
732,2026-06-05T18:30:25.888676+00:00,extra,ranking_xgb,732,5105,5,999,0.5724463575659502,740,259,0.499063460462591,"[""V11"", ""V160"", ""V255"", ""V176"", ""V191""]","{""n_estimators"": 139, ""max_depth"": 13, ""min_samples_split"": 4, ""min_samples_leaf"": 6, ""criterion"": ""gini"", ""class_weight"": ""balanced""}"
733,2026-06-05T18:31:13.180760+00:00,extra,ranking_xgb,733,5090,5,999,0.5746379892701858,739,260,0.4968814772763678,"[""V11"", ""V160"", ""V255"", ""V176"", ""V191""]","{""n_estimators"": 395, ""max_depth"": 12, ""min_samples_split"": 5, ""min_samples_leaf"": 4, ""criterion"": ""gini"", ""class_weight"": null}"
734,2026-06-05T18:31:37.612384+00:00,extra,ranking_xgb,734,4980,5,1000,0.5529119019851524,732,268,0.4996245872079,"[""V11"", ""V160"", ""V255"", ""V176"", ""V191""]","{""n_estimators"": 175, ""max_depth"": 8, ""min_samples_split"": 4, ""min_samples_leaf"": 5, ""criterion"": ""entropy"", ""class_weight"": ""balanced""}"
735,2026-06-05T18:32:36.293750+00:00,extra,ranking_xgb,735,5010,5,1000,0.5845958324824191,734,266,0.4966913633634659,"[""V11"", ""V160"", ""V255"", ""V176"", ""V191""]","{""n_estimators"": 495, ""max_depth"": 12, ""min_samples_split"": 8, ""min_samples_leaf"": 1, ""criterion"": ""entropy"", ""class_weight"": null}"
736,2026-06-05T18:33:03.504957+00:00,extra,ranking_xgb,736,5150,5,999,0.5563084050344486,743,256,0.49943046273268393,"[""V11"", ""V160"", ""V255"", ""V176"", ""V191""]","{""n_estimators"": 198, ""max_depth"": 8, ""min_samples_split"": 2, ""min_samples_leaf"": 5, ""criterion"": ""gini"", ""class_weight"": ""balanced""}"
737,2026-06-05T18:33:59.006769+00:00,extra,ranking_xgb,737,5150,5,993,0.54639360012148,741,252,0.49961804610850274,"[""V11"", ""V160"", ""V255"", ""V176"", ""V191""]","{""n_estimators"": 419, ""max_depth"": 6, ""min_samples_split"": 7, ""min_samples_leaf"": 2, ""criterion"": ""gini"", ""class_weight"": ""balanced""}"
738,2026-06-05T18:34:16.947348+00:00,extra,ranking_xgb,738,4995,5,1000,0.5727226464182147,733,267,0.49913117102749377,"[""V11"", ""V160"", ""V255"", ""V176"", ""V191""]","{""n_estimators"": 123, ""max_depth"": null, ""min_samples_split"": 6, ""min_samples_leaf"": 8, ""criterion"": ""gini"", ""class_weight"": ""balanced""}"
739,2026-06-05T18:35:01.608453+00:00,extra,ranking_xgb,739,5010,5,991,0.5277611790764247,731,260,0.4975137165497848,"[""V11"", ""V160"", ""V255"", ""V176"", ""V191""]","{""n_estimators"": 377, ""max_depth"": 4, ""min_samples_split"": 8, ""min_samples_leaf"": 8, ""criterion"": ""gini"", ""class_weight"": null}"
740,2026-06-05T18:35:25.760976+00:00,extra,ranking_xgb,740,5115,5,1000,0.5305976917894746,741,259,0.4976553526886614,"[""V11"", ""V160"", ""V255"", ""V176"", ""V191""]","{""n_estimators"": 195, ""max_depth"": 5, ""min_samples_split"": 2, ""min_samples_leaf"": 8, ""criterion"": ""entropy"", ""class_weight"": null}"
741,2026-06-05T18:35:55.449387+00:00,extra,ranking_xgb,741,5090,5,999,0.5785864700504454,739,260,0.4966232574025769,"[""V11"", ""V160"", ""V255"", ""V176"", ""V191""]","{""n_estimators"": 239, ""max_depth"": 11, ""min_samples_split"": 4, ""min_samples_leaf"": 2, ""criterion"": ""gini"", ""class_weight"": null}"
742,2026-06-05T18:36:33.237417+00:00,extra,ranking_xgb,742,5040,5,1000,0.5364473767988243,736,264,0.49750644588825554,"[""V11"", ""V160"", ""V255"", ""V176"", ""V191""]","{""n_estimators"": 314, ""max_depth"": 5, ""min_samples_split"": 2, ""min_samples_leaf"": 1, ""criterion"": ""gini"", ""class_weight"": null}"
743,2026-06-05T18:37:09.289213+00:00,extra,ranking_xgb,743,5190,5,1000,0.5496130892331463,746,254,0.49974271953820515,"[""V11"", ""V160"", ""V255"", ""V176"", ""V191""]","{""n_estimators"": 268, ""max_depth"": 8, ""min_samples_split"": 6, ""min_samples_leaf"": 8, ""criterion"": ""entropy"", ""class_weight"": ""balanced""}"
744,2026-06-05T18:37:53.148268+00:00,extra,ranking_xgb,744,5075,5,999,0.5831058367450628,738,261,0.49891074606286145,"[""V11"", ""V160"", ""V255"", ""V176"", ""V191""]","{""n_estimators"": 328, ""max_depth"": 13, ""min_samples_split"": 2, ""min_samples_leaf"": 4, ""criterion"": ""entropy"", ""class_weight"": ""balanced""}"
745,2026-06-05T18:38:52.940146+00:00,extra,ranking_xgb,745,5160,5,994,0.5443906102306862,742,252,0.4997939060657958,"[""V11"", ""V160"", ""V255"", ""V176"", ""V191""]","{""n_estimators"": 455, ""max_depth"": 6, ""min_samples_split"": 6, ""min_samples_leaf"": 1, ""criterion"": ""entropy"", ""class_weight"": ""balanced""}"
746,2026-06-05T18:39:05.030894+00:00,extra,ranking_xgb,746,5100,5,1000,0.5346976706545761,740,260,0.49980294696534666,"[""V11"", ""V160"", ""V255"", ""V176"", ""V191""]","{""n_estimators"": 73, ""max_depth"": 5, ""min_samples_split"": 3, ""min_samples_leaf"": 2, ""criterion"": ""entropy"", ""class_weight"": ""balanced""}"
747,2026-06-05T18:39:25.718580+00:00,extra,ranking_xgb,747,5100,5,1000,0.5557701470533887,740,260,0.4972175930093167,"[""V11"", ""V160"", ""V255"", ""V176"", ""V191""]","{""n_estimators"": 158, ""max_depth"": 8, ""min_samples_split"": 7, ""min_samples_leaf"": 1, ""criterion"": ""gini"", ""class_weight"": null}"
748,2026-06-05T18:40:12.634310+00:00,extra,ranking_xgb,748,5070,5,1000,0.5400951773162197,738,262,0.497479813123448,"[""V11"", ""V160"", ""V255"", ""V176"", ""V191""]","{""n_estimators"": 398, ""max_depth"": 6, ""min_samples_split"": 6, ""min_samples_leaf"": 6, ""criterion"": ""gini"", ""class_weight"": null}"
749,2026-06-05T18:40:31.979442+00:00,extra,ranking_xgb,749,4975,5,998,0.5190039590603606,731,267,0.49753512330713967,"[""V11"", ""V160"", ""V255"", ""V176"", ""V191""]","{""n_estimators"": 147, ""max_depth"": 3, ""min_samples_split"": 3, ""min_samples_leaf"": 7, ""criterion"": ""gini"", ""class_weight"": null}"
750,2026-06-05T18:40:56.721340+00:00,extra,ranking_xgb,750,5005,5,998,0.57017979030757,733,265,0.4968335217764272,"[""V11"", ""V160"", ""V255"", ""V176"", ""V191""]","{""n_estimators"": 197, ""max_depth"": 14, ""min_samples_split"": 9, ""min_samples_leaf"": 7, ""criterion"": ""entropy"", ""class_weight"": null}"
751,2026-06-05T18:41:58.839452+00:00,extra,ranking_xgb,751,5105,5,999,0.5466585482146048,740,259,0.4995906912138993,"[""V11"", ""V160"", ""V255"", ""V176"", ""V191""]","{""n_estimators"": 474, ""max_depth"": 7, ""min_samples_split"": 6, ""min_samples_leaf"": 8, ""criterion"": ""entropy"", ""class_weight"": ""balanced""}"
752,2026-06-05T18:42:13.904263+00:00,extra,ranking_xgb,752,5000,5,996,0.592040169329151,732,264,0.4959096901703195,"[""V11"", ""V160"", ""V255"", ""V176"", ""V191""]","{""n_estimators"": 111, ""max_depth"": 14, ""min_samples_split"": 8, ""min_samples_leaf"": 3, ""criterion"": ""gini"", ""class_weight"": null}"
753,2026-06-05T18:42:27.108524+00:00,extra,ranking_xgb,753,4995,5,1000,0.5575960398408051,733,267,0.49711056769699774,"[""V11"", ""V160"", ""V255"", ""V176"", ""V191""]","{""n_estimators"": 95, ""max_depth"": 10, ""min_samples_split"": 9, ""min_samples_leaf"": 7, ""criterion"": ""gini"", ""class_weight"": null}"
754,2026-06-05T18:42:59.834690+00:00,extra,ranking_xgb,754,5040,5,1000,0.5936381065312774,736,264,0.498740314727855,"[""V11"", ""V160"", ""V255"", ""V176"", ""V191""]","{""n_estimators"": 236, ""max_depth"": 14, ""min_samples_split"": 3, ""min_samples_leaf"": 3, ""criterion"": ""entropy"", ""class_weight"": ""balanced""}"
755,2026-06-05T18:43:49.374350+00:00,extra,ranking_xgb,755,4940,5,999,0.5309061202370178,729,270,0.49985128520778516,"[""V11"", ""V160"", ""V255"", ""V176"", ""V191""]","{""n_estimators"": 375, ""max_depth"": 4, ""min_samples_split"": 9, ""min_samples_leaf"": 2, ""criterion"": ""entropy"", ""class_weight"": ""balanced""}"
756,2026-06-05T18:44:14.225123+00:00,extra,ranking_xgb,756,5040,5,1000,0.56726529697707,736,264,0.49707771149645713,"[""V11"", ""V160"", ""V255"", ""V176"", ""V191""]","{""n_estimators"": 198, ""max_depth"": 10, ""min_samples_split"": 9, ""min_samples_leaf"": 3, ""criterion"": ""entropy"", ""class_weight"": null}"
757,2026-06-05T18:45:09.624055+00:00,extra,ranking_xgb,757,4995,5,1000,0.5640663213153302,733,267,0.49714677283936765,"[""V11"", ""V160"", ""V255"", ""V176"", ""V191""]","{""n_estimators"": 467, ""max_depth"": 9, ""min_samples_split"": 6, ""min_samples_leaf"": 1, ""criterion"": ""entropy"", ""class_weight"": null}"
758,2026-06-05T18:45:50.505372+00:00,extra,ranking_xgb,758,5005,7,999,0.5431774178623195,760,239,0.49727601429076457,"[""V11"", ""V160"", ""V255"", ""V176"", ""V191"", ""V224"", ""V215""]","{""n_estimators"": 340, ""max_depth"": 8, ""min_samples_split"": 5, ""min_samples_leaf"": 7, ""criterion"": ""gini"", ""class_weight"": null}"
759,2026-06-05T18:46:33.530463+00:00,extra,ranking_xgb,759,5085,5,1000,0.5509800144424577,739,261,0.49752445692534986,"[""V11"", ""V160"", ""V255"", ""V176"", ""V191""]","{""n_estimators"": 355, ""max_depth"": 7, ""min_samples_split"": 5, ""min_samples_leaf"": 1, ""criterion"": ""gini"", ""class_weight"": null}"
760,2026-06-05T18:46:57.292197+00:00,extra,ranking_xgb,760,5040,5,1000,0.5843300103993552,736,264,0.49646104352075154,"[""V11"", ""V160"", ""V255"", ""V176"", ""V191""]","{""n_estimators"": 186, ""max_depth"": null, ""min_samples_split"": 7, ""min_samples_leaf"": 5, ""criterion"": ""gini"", ""class_weight"": null}"
761,2026-06-05T18:47:55.188769+00:00,extra,ranking_xgb,761,5035,5,998,0.5269795064427261,735,263,0.49749623828621314,"[""V11"", ""V160"", ""V255"", ""V176"", ""V191""]","{""n_estimators"": 491, ""max_depth"": 4, ""min_samples_split"": 6, ""min_samples_leaf"": 6, ""criterion"": ""gini"", ""class_weight"": null}"
762,2026-06-05T18:48:35.431733+00:00,extra,ranking_xgb,762,4995,5,1000,0.5348500240779555,733,267,0.497509362272467,"[""V11"", ""V160"", ""V255"", ""V176"", ""V191""]","{""n_estimators"": 335, ""max_depth"": 5, ""min_samples_split"": 8, ""min_samples_leaf"": 5, ""criterion"": ""gini"", ""class_weight"": null}"
763,2026-06-05T18:48:51.055301+00:00,extra,ranking_xgb,763,5175,5,1000,0.567145780787885,745,255,0.49936479978860426,"[""V11"", ""V160"", ""V255"", ""V176"", ""V191""]","{""n_estimators"": 104, ""max_depth"": 12, ""min_samples_split"": 2, ""min_samples_leaf"": 6, ""criterion"": ""entropy"", ""class_weight"": ""balanced""}"
764,2026-06-05T18:49:40.449887+00:00,extra,ranking_xgb,764,5040,5,1000,0.5731887327326253,736,264,0.49685986763876105,"[""V11"", ""V160"", ""V255"", ""V176"", ""V191""]","{""n_estimators"": 412, ""max_depth"": 11, ""min_samples_split"": 6, ""min_samples_leaf"": 3, ""criterion"": ""gini"", ""class_weight"": null}"
765,2026-06-05T18:50:13.455798+00:00,extra,ranking_xgb,765,4990,5,998,0.5761118939712391,732,266,0.4990853518490094,"[""V11"", ""V160"", ""V255"", ""V176"", ""V191""]","{""n_estimators"": 240, ""max_depth"": 12, ""min_samples_split"": 4, ""min_samples_leaf"": 5, ""criterion"": ""gini"", ""class_weight"": ""balanced""}"
766,2026-06-05T18:50:26.348562+00:00,extra,ranking_xgb,766,5040,5,1000,0.5860224329344275,736,264,0.49831515671489013,"[""V11"", ""V160"", ""V255"", ""V176"", ""V191""]","{""n_estimators"": 79, ""max_depth"": null, ""min_samples_split"": 4, ""min_samples_leaf"": 5, ""criterion"": ""entropy"", ""class_weight"": ""balanced""}"
767,2026-06-05T18:51:09.982704+00:00,extra,ranking_xgb,767,5050,5,998,0.5433469090913098,736,262,0.49739682548147285,"[""V11"", ""V160"", ""V255"", ""V176"", ""V191""]","{""n_estimators"": 362, ""max_depth"": 6, ""min_samples_split"": 4, ""min_samples_leaf"": 1, ""criterion"": ""gini"", ""class_weight"": null}"
768,2026-06-05T18:52:10.594738+00:00,extra,ranking_xgb,768,5100,5,1000,0.5694668371665144,740,260,0.49924880728515875,"[""V11"", ""V160"", ""V255"", ""V176"", ""V191""]","{""n_estimators"": 462, ""max_depth"": 13, ""min_samples_split"": 5, ""min_samples_leaf"": 7, ""criterion"": ""gini"", ""class_weight"": ""balanced""}"
769,2026-06-05T18:52:32.585007+00:00,extra,ranking_xgb,769,4915,5,971,0.5212606139108343,718,253,0.49756207275440517,"[""V11"", ""V160"", ""V255"", ""V176"", ""V191""]","{""n_estimators"": 176, ""max_depth"": 3, ""min_samples_split"": 7, ""min_samples_leaf"": 5, ""criterion"": ""entropy"", ""class_weight"": null}"
770,2026-06-05T18:53:09.989367+00:00,extra,ranking_xgb,770,4965,5,1000,0.599380649952761,731,269,0.4978971021034953,"[""V11"", ""V160"", ""V255"", ""V176"", ""V191""]","{""n_estimators"": 270, ""max_depth"": null, ""min_samples_split"": 3, ""min_samples_leaf"": 4, ""criterion"": ""gini"", ""class_weight"": ""balanced""}"
771,2026-06-05T18:53:21.102159+00:00,extra,ranking_xgb,771,5135,5,999,0.5506517015680185,742,257,0.49727480939637464,"[""V11"", ""V160"", ""V255"", ""V176"", ""V191""]","{""n_estimators"": 74, ""max_depth"": 8, ""min_samples_split"": 4, ""min_samples_leaf"": 6, ""criterion"": ""gini"", ""class_weight"": null}"
772,2026-06-05T18:54:05.497876+00:00,extra,ranking_xgb,772,5100,5,1000,0.5599954081110513,740,260,0.4994614441151557,"[""V11"", ""V160"", ""V255"", ""V176"", ""V191""]","{""n_estimators"": 332, ""max_depth"": 8, ""min_samples_split"": 3, ""min_samples_leaf"": 3, ""criterion"": ""gini"", ""class_weight"": ""balanced""}"
773,2026-06-05T18:54:18.618577+00:00,extra,ranking_xgb,773,4995,5,1000,0.5244176634571274,733,267,0.4999075361899275,"[""V11"", ""V160"", ""V255"", ""V176"", ""V191""]","{""n_estimators"": 84, ""max_depth"": 3, ""min_samples_split"": 8, ""min_samples_leaf"": 5, ""criterion"": ""entropy"", ""class_weight"": ""balanced""}"
774,2026-06-05T18:54:29.885626+00:00,extra,ranking_xgb,774,4970,5,999,0.5290113152078323,731,268,0.49760618766118814,"[""V11"", ""V160"", ""V255"", ""V176"", ""V191""]","{""n_estimators"": 75, ""max_depth"": 4, ""min_samples_split"": 5, ""min_samples_leaf"": 8, ""criterion"": ""entropy"", ""class_weight"": null}"
775,2026-06-05T18:54:48.198031+00:00,extra,ranking_xgb,775,5025,5,1000,0.5408337719815701,735,265,0.49986596644432857,"[""V11"", ""V160"", ""V255"", ""V176"", ""V191""]","{""n_estimators"": 128, ""max_depth"": 6, ""min_samples_split"": 2, ""min_samples_leaf"": 9, ""criterion"": ""gini"", ""class_weight"": ""balanced""}"
776,2026-06-05T18:55:45.356228+00:00,extra,ranking_xgb,776,5070,5,1000,0.5599800500986691,738,262,0.4995473701855268,"[""V11"", ""V160"", ""V255"", ""V176"", ""V191""]","{""n_estimators"": 434, ""max_depth"": 9, ""min_samples_split"": 9, ""min_samples_leaf"": 6, ""criterion"": ""gini"", ""class_weight"": ""balanced""}"
777,2026-06-05T18:56:41.644958+00:00,extra,ranking_xgb,777,5120,5,999,0.5566348409722064,741,258,0.499564688750379,"[""V11"", ""V160"", ""V255"", ""V176"", ""V191""]","{""n_estimators"": 427, ""max_depth"": 9, ""min_samples_split"": 9, ""min_samples_leaf"": 7, ""criterion"": ""entropy"", ""class_weight"": ""balanced""}"
778,2026-06-05T18:57:01.618053+00:00,extra,ranking_xgb,778,4980,5,1000,0.532711237493791,732,268,0.4976030506041629,"[""V11"", ""V160"", ""V255"", ""V176"", ""V191""]","{""n_estimators"": 153, ""max_depth"": 5, ""min_samples_split"": 9, ""min_samples_leaf"": 7, ""criterion"": ""entropy"", ""class_weight"": null}"
779,2026-06-05T18:57:56.308040+00:00,extra,ranking_xgb,779,5010,5,997,0.5892613612127752,733,264,0.4981512756589037,"[""V11"", ""V160"", ""V255"", ""V176"", ""V191""]","{""n_estimators"": 407, ""max_depth"": null, ""min_samples_split"": 6, ""min_samples_leaf"": 5, ""criterion"": ""entropy"", ""class_weight"": ""balanced""}"
780,2026-06-05T18:58:35.490482+00:00,extra,ranking_xgb,780,5130,5,1000,0.578168770563118,742,258,0.49669114948188,"[""V11"", ""V160"", ""V255"", ""V176"", ""V191""]","{""n_estimators"": 324, ""max_depth"": 11, ""min_samples_split"": 3, ""min_samples_leaf"": 2, ""criterion"": ""gini"", ""class_weight"": null}"
781,2026-06-05T18:59:10.661957+00:00,extra,ranking_xgb,781,5070,5,1000,0.5373641601191365,738,262,0.4997315766528981,"[""V11"", ""V160"", ""V255"", ""V176"", ""V191""]","{""n_estimators"": 263, ""max_depth"": 5, ""min_samples_split"": 3, ""min_samples_leaf"": 3, ""criterion"": ""entropy"", ""class_weight"": ""balanced""}"
782,2026-06-05T18:59:49.546113+00:00,extra,ranking_xgb,782,5000,5,999,0.5307487955280007,733,266,0.49753676595635354,"[""V11"", ""V160"", ""V255"", ""V176"", ""V191""]","{""n_estimators"": 326, ""max_depth"": 5, ""min_samples_split"": 8, ""min_samples_leaf"": 9, ""criterion"": ""gini"", ""class_weight"": null}"
783,2026-06-05T18:59:58.442777+00:00,extra,ranking_xgb,783,5030,5,996,0.5663022158738283,734,262,0.49693634259277597,"[""V11"", ""V160"", ""V255"", ""V176"", ""V191""]","{""n_estimators"": 60, ""max_depth"": 12, ""min_samples_split"": 2, ""min_samples_leaf"": 7, ""criterion"": ""gini"", ""class_weight"": null}"
784,2026-06-05T19:00:57.043695+00:00,extra,ranking_xgb,784,5060,5,996,0.5730171822693799,736,260,0.49869341108570314,"[""V11"", ""V160"", ""V255"", ""V176"", ""V191""]","{""n_estimators"": 443, ""max_depth"": 10, ""min_samples_split"": 4, ""min_samples_leaf"": 1, ""criterion"": ""gini"", ""class_weight"": ""balanced""}"
785,2026-06-05T19:01:21.885585+00:00,extra,ranking_xgb,785,5070,5,1000,0.5510753098275682,738,262,0.497429773083093,"[""V11"", ""V160"", ""V255"", ""V176"", ""V191""]","{""n_estimators"": 199, ""max_depth"": 8, ""min_samples_split"": 3, ""min_samples_leaf"": 5, ""criterion"": ""gini"", ""class_weight"": null}"
786,2026-06-05T19:01:57.742737+00:00,extra,ranking_xgb,786,5175,5,1000,0.5726042797980899,745,255,0.49909647423628994,"[""V11"", ""V160"", ""V255"", ""V176"", ""V191""]","{""n_estimators"": 266, ""max_depth"": 10, ""min_samples_split"": 6, ""min_samples_leaf"": 1, ""criterion"": ""gini"", ""class_weight"": ""balanced""}"
787,2026-06-05T19:02:42.396333+00:00,extra,ranking_xgb,787,5060,5,999,0.5673909667940653,737,262,0.4993336821237361,"[""V11"", ""V160"", ""V255"", ""V176"", ""V191""]","{""n_estimators"": 336, ""max_depth"": 14, ""min_samples_split"": 9, ""min_samples_leaf"": 8, ""criterion"": ""entropy"", ""class_weight"": ""balanced""}"
788,2026-06-05T19:02:55.464631+00:00,extra,ranking_xgb,788,4970,5,999,0.5377990092612849,731,268,0.49757395969799617,"[""V11"", ""V160"", ""V255"", ""V176"", ""V191""]","{""n_estimators"": 95, ""max_depth"": 6, ""min_samples_split"": 6, ""min_samples_leaf"": 4, ""criterion"": ""entropy"", ""class_weight"": null}"
789,2026-06-05T19:03:58.910709+00:00,extra,ranking_xgb,789,5070,5,1000,0.5764494287034452,738,262,0.4991435524553847,"[""V11"", ""V160"", ""V255"", ""V176"", ""V191""]","{""n_estimators"": 484, ""max_depth"": 11, ""min_samples_split"": 8, ""min_samples_leaf"": 3, ""criterion"": ""entropy"", ""class_weight"": ""balanced""}"
790,2026-06-05T19:04:12.926559+00:00,extra,ranking_xgb,790,5085,5,1000,0.5613361264657583,739,261,0.49721063034441243,"[""V11"", ""V160"", ""V255"", ""V176"", ""V191""]","{""n_estimators"": 101, ""max_depth"": 9, ""min_samples_split"": 8, ""min_samples_leaf"": 3, ""criterion"": ""gini"", ""class_weight"": null}"
791,2026-06-05T19:04:48.546411+00:00,extra,ranking_xgb,791,5055,5,1000,0.5829553633256495,737,263,0.49595220272572743,"[""V11"", ""V160"", ""V255"", ""V176"", ""V191""]","{""n_estimators"": 290, ""max_depth"": 12, ""min_samples_split"": 2, ""min_samples_leaf"": 1, ""criterion"": ""entropy"", ""class_weight"": null}"
792,2026-06-05T19:05:54.012750+00:00,extra,ranking_xgb,792,5055,5,997,0.5826227198227032,736,261,0.49876077254084794,"[""V11"", ""V160"", ""V255"", ""V176"", ""V191""]","{""n_estimators"": 497, ""max_depth"": 12, ""min_samples_split"": 6, ""min_samples_leaf"": 3, ""criterion"": ""gini"", ""class_weight"": ""balanced""}"
793,2026-06-05T19:06:18.629107+00:00,extra,ranking_xgb,793,5010,5,1000,0.5585733834546762,734,266,0.49939941641903535,"[""V11"", ""V160"", ""V255"", ""V176"", ""V191""]","{""n_estimators"": 175, ""max_depth"": 11, ""min_samples_split"": 4, ""min_samples_leaf"": 9, ""criterion"": ""entropy"", ""class_weight"": ""balanced""}"
794,2026-06-05T19:06:43.398803+00:00,extra,ranking_xgb,794,5085,5,994,0.5954311152312907,737,257,0.498215764557076,"[""V11"", ""V160"", ""V255"", ""V176"", ""V191""]","{""n_estimators"": 175, ""max_depth"": 14, ""min_samples_split"": 5, ""min_samples_leaf"": 3, ""criterion"": ""entropy"", ""class_weight"": ""balanced""}"
795,2026-06-05T19:07:14.776014+00:00,extra,ranking_xgb,795,5115,5,1000,0.5401711780443444,741,259,0.4997252422395767,"[""V11"", ""V160"", ""V255"", ""V176"", ""V191""]","{""n_estimators"": 229, ""max_depth"": 6, ""min_samples_split"": 6, ""min_samples_leaf"": 7, ""criterion"": ""gini"", ""class_weight"": ""balanced""}"
796,2026-06-05T19:07:55.914684+00:00,extra,ranking_xgb,796,5085,5,1000,0.5489965703658816,739,261,0.4973589632285529,"[""V11"", ""V160"", ""V255"", ""V176"", ""V191""]","{""n_estimators"": 342, ""max_depth"": 8, ""min_samples_split"": 9, ""min_samples_leaf"": 7, ""criterion"": ""entropy"", ""class_weight"": null}"
797,2026-06-05T19:08:30.398909+00:00,extra,ranking_xgb,797,4965,5,1000,0.5676521385184542,731,269,0.4969928334597632,"[""V11"", ""V160"", ""V255"", ""V176"", ""V191""]","{""n_estimators"": 280, ""max_depth"": 10, ""min_samples_split"": 8, ""min_samples_leaf"": 3, ""criterion"": ""entropy"", ""class_weight"": null}"
798,2026-06-05T19:09:25.871328+00:00,extra,ranking_xgb,798,5070,5,1000,0.5687997126669594,738,262,0.49915718060543707,"[""V11"", ""V160"", ""V255"", ""V176"", ""V191""]","{""n_estimators"": 419, ""max_depth"": 11, ""min_samples_split"": 9, ""min_samples_leaf"": 5, ""criterion"": ""entropy"", ""class_weight"": ""balanced""}"
799,2026-06-05T19:10:17.914296+00:00,extra,ranking_xgb,799,5030,5,999,0.5549697104816277,735,264,0.49726583355255843,"[""V11"", ""V160"", ""V255"", ""V176"", ""V191""]","{""n_estimators"": 438, ""max_depth"": 8, ""min_samples_split"": 2, ""min_samples_leaf"": 4, ""criterion"": ""entropy"", ""class_weight"": null}"
800,2026-06-05T19:11:11.508618+00:00,extra,ranking_xgb,800,5090,5,999,0.5325718884893036,739,260,0.4974841778866101,"[""V11"", ""V160"", ""V255"", ""V176"", ""V191""]","{""n_estimators"": 455, ""max_depth"": 5, ""min_samples_split"": 9, ""min_samples_leaf"": 7, ""criterion"": ""entropy"", ""class_weight"": null}"
801,2026-06-05T19:12:02.715531+00:00,extra,ranking_xgb,801,5100,5,1000,0.5791573799956281,740,260,0.4989960766353931,"[""V11"", ""V160"", ""V255"", ""V176"", ""V191""]","{""n_estimators"": 385, ""max_depth"": 12, ""min_samples_split"": 4, ""min_samples_leaf"": 4, ""criterion"": ""entropy"", ""class_weight"": ""balanced""}"
802,2026-06-05T19:12:41.244450+00:00,extra,ranking_xgb,802,5070,5,1000,0.5190062331305365,738,262,0.4975787668794319,"[""V11"", ""V160"", ""V255"", ""V176"", ""V191""]","{""n_estimators"": 324, ""max_depth"": 3, ""min_samples_split"": 9, ""min_samples_leaf"": 9, ""criterion"": ""gini"", ""class_weight"": null}"
803,2026-06-05T19:13:11.336758+00:00,extra,ranking_xgb,803,5010,5,1000,0.5603490404443195,734,266,0.49711969791847116,"[""V11"", ""V160"", ""V255"", ""V176"", ""V191""]","{""n_estimators"": 242, ""max_depth"": 10, ""min_samples_split"": 3, ""min_samples_leaf"": 6, ""criterion"": ""gini"", ""class_weight"": null}"
804,2026-06-05T19:13:25.888261+00:00,extra,ranking_xgb,804,4955,5,990,0.5189688705112535,727,263,0.4975986232651244,"[""V11"", ""V160"", ""V255"", ""V176"", ""V191""]","{""n_estimators"": 111, ""max_depth"": 3, ""min_samples_split"": 3, ""min_samples_leaf"": 7, ""criterion"": ""gini"", ""class_weight"": null}"
805,2026-06-05T19:14:15.229840+00:00,extra,ranking_xgb,805,5160,5,1000,0.559990139080318,744,256,0.4994787631992489,"[""V11"", ""V160"", ""V255"", ""V176"", ""V191""]","{""n_estimators"": 371, ""max_depth"": 9, ""min_samples_split"": 2, ""min_samples_leaf"": 5, ""criterion"": ""entropy"", ""class_weight"": ""balanced""}"
806,2026-06-05T19:14:32.776737+00:00,extra,ranking_xgb,806,5085,5,1000,0.5594801323631516,739,261,0.49969642966810235,"[""V11"", ""V160"", ""V255"", ""V176"", ""V191""]","{""n_estimators"": 122, ""max_depth"": 9, ""min_samples_split"": 6, ""min_samples_leaf"": 4, ""criterion"": ""gini"", ""class_weight"": ""balanced""}"
807,2026-06-05T19:14:44.111766+00:00,extra,ranking_xgb,807,5115,5,994,0.5547554043886942,739,255,0.4973259192797599,"[""V11"", ""V160"", ""V255"", ""V176"", ""V191""]","{""n_estimators"": 75, ""max_depth"": 9, ""min_samples_split"": 2, ""min_samples_leaf"": 8, ""criterion"": ""gini"", ""class_weight"": null}"
808,2026-06-05T19:15:42.759129+00:00,extra,ranking_xgb,808,5100,5,1000,0.5493371698454873,740,260,0.4996086837138557,"[""V11"", ""V160"", ""V255"", ""V176"", ""V191""]","{""n_estimators"": 446, ""max_depth"": 7, ""min_samples_split"": 5, ""min_samples_leaf"": 4, ""criterion"": ""gini"", ""class_weight"": ""balanced""}"
809,2026-06-05T19:16:18.702759+00:00,extra,ranking_xgb,809,5120,5,999,0.5441156550200587,741,258,0.497431897109784,"[""V11"", ""V160"", ""V255"", ""V176"", ""V191""]","{""n_estimators"": 295, ""max_depth"": 7, ""min_samples_split"": 8, ""min_samples_leaf"": 6, ""criterion"": ""entropy"", ""class_weight"": null}"
810,2026-06-05T19:17:07.000263+00:00,extra,ranking_xgb,810,4935,5,1000,0.62681281136841,729,271,0.49683616724220203,"[""V11"", ""V160"", ""V255"", ""V176"", ""V191""]","{""n_estimators"": 351, ""max_depth"": null, ""min_samples_split"": 9, ""min_samples_leaf"": 2, ""criterion"": ""entropy"", ""class_weight"": ""balanced""}"
811,2026-06-05T19:18:02.926946+00:00,extra,ranking_xgb,811,5055,5,1000,0.5734529553571389,737,263,0.49900297901147367,"[""V11"", ""V160"", ""V255"", ""V176"", ""V191""]","{""n_estimators"": 422, ""max_depth"": 13, ""min_samples_split"": 2, ""min_samples_leaf"": 6, ""criterion"": ""entropy"", ""class_weight"": ""balanced""}"
812,2026-06-05T19:18:47.554036+00:00,extra,ranking_xgb,812,4905,5,988,0.5196958343160405,723,265,0.4975944064482135,"[""V11"", ""V160"", ""V255"", ""V176"", ""V191""]","{""n_estimators"": 376, ""max_depth"": 3, ""min_samples_split"": 7, ""min_samples_leaf"": 7, ""criterion"": ""gini"", ""class_weight"": null}"
813,2026-06-05T19:19:41.525430+00:00,extra,ranking_xgb,813,5070,5,1000,0.5965180712810745,738,262,0.495926095483035,"[""V11"", ""V160"", ""V255"", ""V176"", ""V191""]","{""n_estimators"": 442, ""max_depth"": null, ""min_samples_split"": 2, ""min_samples_leaf"": 4, ""criterion"": ""entropy"", ""class_weight"": null}"
814,2026-06-05T19:19:55.661174+00:00,extra,ranking_xgb,814,5130,5,1000,0.5273099554359988,742,258,0.4976251780096396,"[""V11"", ""V160"", ""V255"", ""V176"", ""V191""]","{""n_estimators"": 105, ""max_depth"": 4, ""min_samples_split"": 6, ""min_samples_leaf"": 2, ""criterion"": ""gini"", ""class_weight"": null}"
815,2026-06-05T19:20:25.481067+00:00,extra,ranking_xgb,815,5070,5,997,0.5656438235400914,737,260,0.49928523139225345,"[""V11"", ""V160"", ""V255"", ""V176"", ""V191""]","{""n_estimators"": 215, ""max_depth"": 11, ""min_samples_split"": 9, ""min_samples_leaf"": 7, ""criterion"": ""gini"", ""class_weight"": ""balanced""}"
816,2026-06-05T19:21:01.921075+00:00,extra,ranking_xgb,816,4925,5,999,0.6118072191726613,728,271,0.4971973032364922,"[""V11"", ""V160"", ""V255"", ""V176"", ""V191""]","{""n_estimators"": 262, ""max_depth"": null, ""min_samples_split"": 2, ""min_samples_leaf"": 3, ""criterion"": ""entropy"", ""class_weight"": ""balanced""}"
817,2026-06-05T19:21:19.203778+00:00,extra,ranking_xgb,817,5175,5,1000,0.5265038696007245,745,255,0.49758290643219805,"[""V11"", ""V160"", ""V255"", ""V176"", ""V191""]","{""n_estimators"": 134, ""max_depth"": 4, ""min_samples_split"": 6, ""min_samples_leaf"": 5, ""criterion"": ""gini"", ""class_weight"": null}"
818,2026-06-05T19:21:56.845358+00:00,extra,ranking_xgb,818,4890,5,997,0.5269789930598965,725,272,0.4975124250813966,"[""V11"", ""V160"", ""V255"", ""V176"", ""V191""]","{""n_estimators"": 313, ""max_depth"": 4, ""min_samples_split"": 8, ""min_samples_leaf"": 3, ""criterion"": ""entropy"", ""class_weight"": null}"
819,2026-06-05T19:22:47.404967+00:00,extra,ranking_xgb,819,5145,5,1000,0.5586325789829476,743,257,0.4973363767915991,"[""V11"", ""V160"", ""V255"", ""V176"", ""V191""]","{""n_estimators"": 423, ""max_depth"": 9, ""min_samples_split"": 9, ""min_samples_leaf"": 5, ""criterion"": ""entropy"", ""class_weight"": null}"
820,2026-06-05T19:23:53.134558+00:00,extra,ranking_xgb,820,5145,5,994,0.5522563827844205,741,253,0.49978470069346176,"[""V11"", ""V160"", ""V255"", ""V176"", ""V191""]","{""n_estimators"": 499, ""max_depth"": 7, ""min_samples_split"": 6, ""min_samples_leaf"": 2, ""criterion"": ""gini"", ""class_weight"": ""balanced""}"
821,2026-06-05T19:24:21.468578+00:00,extra,ranking_xgb,821,5060,5,996,0.536247029598496,736,260,0.49753468900642167,"[""V11"", ""V160"", ""V255"", ""V176"", ""V191""]","{""n_estimators"": 227, ""max_depth"": 5, ""min_samples_split"": 5, ""min_samples_leaf"": 2, ""criterion"": ""entropy"", ""class_weight"": null}"
822,2026-06-05T19:24:57.025449+00:00,extra,ranking_xgb,822,5085,5,1000,0.5707421695750886,739,261,0.4969004049400364,"[""V11"", ""V160"", ""V255"", ""V176"", ""V191""]","{""n_estimators"": 289, ""max_depth"": 11, ""min_samples_split"": 6, ""min_samples_leaf"": 4, ""criterion"": ""entropy"", ""class_weight"": null}"
823,2026-06-05T19:25:38.068219+00:00,extra,ranking_xgb,823,5070,5,1000,0.5195347614346635,738,262,0.4975273111835335,"[""V11"", ""V160"", ""V255"", ""V176"", ""V191""]","{""n_estimators"": 344, ""max_depth"": 3, ""min_samples_split"": 9, ""min_samples_leaf"": 5, ""criterion"": ""entropy"", ""class_weight"": null}"
824,2026-06-05T19:26:13.918379+00:00,extra,ranking_xgb,824,5125,5,992,0.5514011777972949,739,253,0.4997178148431313,"[""V11"", ""V160"", ""V255"", ""V176"", ""V191""]","{""n_estimators"": 266, ""max_depth"": 7, ""min_samples_split"": 3, ""min_samples_leaf"": 3, ""criterion"": ""gini"", ""class_weight"": ""balanced""}"
825,2026-06-05T19:26:58.724009+00:00,extra,ranking_xgb,825,4890,5,1000,0.5766402721429209,726,274,0.4969646913047192,"[""V11"", ""V160"", ""V255"", ""V176"", ""V191""]","{""n_estimators"": 371, ""max_depth"": 12, ""min_samples_split"": 7, ""min_samples_leaf"": 4, ""criterion"": ""gini"", ""class_weight"": null}"
826,2026-06-05T19:27:40.154643+00:00,extra,ranking_xgb,826,5055,5,1000,0.5455971465344014,737,263,0.49974738646822864,"[""V11"", ""V160"", ""V255"", ""V176"", ""V191""]","{""n_estimators"": 309, ""max_depth"": 6, ""min_samples_split"": 8, ""min_samples_leaf"": 1, ""criterion"": ""entropy"", ""class_weight"": ""balanced""}"
827,2026-06-05T19:27:53.956722+00:00,extra,ranking_xgb,827,4995,5,1000,0.5706340272219435,733,267,0.4970080229091716,"[""V11"", ""V160"", ""V255"", ""V176"", ""V191""]","{""n_estimators"": 99, ""max_depth"": 10, ""min_samples_split"": 7, ""min_samples_leaf"": 3, ""criterion"": ""entropy"", ""class_weight"": null}"
828,2026-06-05T19:28:17.244270+00:00,extra,ranking_xgb,828,5055,5,1000,0.5425366329930617,737,263,0.49736874320121244,"[""V11"", ""V160"", ""V255"", ""V176"", ""V191""]","{""n_estimators"": 187, ""max_depth"": 7, ""min_samples_split"": 7, ""min_samples_leaf"": 7, ""criterion"": ""entropy"", ""class_weight"": null}"
829,2026-06-05T19:29:02.261914+00:00,extra,ranking_xgb,829,5100,5,1000,0.5367424918153241,740,260,0.49980763388753546,"[""V11"", ""V160"", ""V255"", ""V176"", ""V191""]","{""n_estimators"": 339, ""max_depth"": 5, ""min_samples_split"": 2, ""min_samples_leaf"": 4, ""criterion"": ""gini"", ""class_weight"": ""balanced""}"
830,2026-06-05T19:29:51.775075+00:00,extra,ranking_xgb,830,5100,5,1000,0.5322105029130081,740,260,0.4974748575716367,"[""V11"", ""V160"", ""V255"", ""V176"", ""V191""]","{""n_estimators"": 417, ""max_depth"": 5, ""min_samples_split"": 2, ""min_samples_leaf"": 7, ""criterion"": ""entropy"", ""class_weight"": null}"
831,2026-06-05T19:30:07.848239+00:00,extra,ranking_xgb,831,4855,5,998,0.5206449037199219,723,275,0.4975878091567385,"[""V11"", ""V160"", ""V255"", ""V176"", ""V191""]","{""n_estimators"": 126, ""max_depth"": 3, ""min_samples_split"": 5, ""min_samples_leaf"": 5, ""criterion"": ""gini"", ""class_weight"": null}"
832,2026-06-05T19:30:26.461692+00:00,extra,ranking_xgb,832,5025,5,1000,0.529232299444721,735,265,0.49764521855323185,"[""V11"", ""V160"", ""V255"", ""V176"", ""V191""]","{""n_estimators"": 140, ""max_depth"": 4, ""min_samples_split"": 5, ""min_samples_leaf"": 2, ""criterion"": ""entropy"", ""class_weight"": null}"
833,2026-06-05T19:30:46.682562+00:00,extra,ranking_xgb,833,4920,5,1000,0.5938839610009378,728,272,0.4987141411444927,"[""V11"", ""V160"", ""V255"", ""V176"", ""V191""]","{""n_estimators"": 139, ""max_depth"": 13, ""min_samples_split"": 6, ""min_samples_leaf"": 2, ""criterion"": ""entropy"", ""class_weight"": ""balanced""}"
834,2026-06-05T19:31:35.901270+00:00,extra,ranking_xgb,834,5030,5,996,0.5584392240776163,734,262,0.49716113077881147,"[""V11"", ""V160"", ""V255"", ""V176"", ""V191""]","{""n_estimators"": 411, ""max_depth"": 11, ""min_samples_split"": 2, ""min_samples_leaf"": 8, ""criterion"": ""entropy"", ""class_weight"": null}"
835,2026-06-05T19:31:48.591075+00:00,extra,ranking_xgb,835,5025,5,1000,0.5441921658938306,735,265,0.49986887152351867,"[""V11"", ""V160"", ""V255"", ""V176"", ""V191""]","{""n_estimators"": 78, ""max_depth"": 6, ""min_samples_split"": 2, ""min_samples_leaf"": 4, ""criterion"": ""gini"", ""class_weight"": ""balanced""}"
836,2026-06-05T19:32:07.508984+00:00,extra,ranking_xgb,836,5025,5,1000,0.5719333052764547,735,265,0.49699893954193947,"[""V11"", ""V160"", ""V255"", ""V176"", ""V191""]","{""n_estimators"": 143, ""max_depth"": 11, ""min_samples_split"": 2, ""min_samples_leaf"": 4, ""criterion"": ""gini"", ""class_weight"": null}"
837,2026-06-05T19:32:51.386392+00:00,extra,ranking_xgb,837,5040,5,1000,0.5591657017099094,736,264,0.4996383091091492,"[""V11"", ""V160"", ""V255"", ""V176"", ""V191""]","{""n_estimators"": 329, ""max_depth"": 8, ""min_samples_split"": 4, ""min_samples_leaf"": 3, ""criterion"": ""gini"", ""class_weight"": ""balanced""}"
838,2026-06-05T19:33:12.406664+00:00,extra,ranking_xgb,838,5085,5,1000,0.5562610963953312,739,261,0.49723450546059555,"[""V11"", ""V160"", ""V255"", ""V176"", ""V191""]","{""n_estimators"": 162, ""max_depth"": 10, ""min_samples_split"": 6, ""min_samples_leaf"": 7, ""criterion"": ""entropy"", ""class_weight"": null}"
839,2026-06-05T19:33:31.234865+00:00,extra,ranking_xgb,839,5090,5,999,0.5681757748157608,739,260,0.4969611363505261,"[""V11"", ""V160"", ""V255"", ""V176"", ""V191""]","{""n_estimators"": 143, ""max_depth"": 10, ""min_samples_split"": 8, ""min_samples_leaf"": 4, ""criterion"": ""entropy"", ""class_weight"": null}"
840,2026-06-05T19:34:27.023656+00:00,extra,ranking_xgb,840,5100,5,1000,0.5780712110043968,740,260,0.4966604907472839,"[""V11"", ""V160"", ""V255"", ""V176"", ""V191""]","{""n_estimators"": 468, ""max_depth"": 11, ""min_samples_split"": 6, ""min_samples_leaf"": 2, ""criterion"": ""gini"", ""class_weight"": null}"
841,2026-06-05T19:34:49.547639+00:00,extra,ranking_xgb,841,5130,5,1000,0.5329461231353174,742,258,0.4974767759789502,"[""V11"", ""V160"", ""V255"", ""V176"", ""V191""]","{""n_estimators"": 179, ""max_depth"": 5, ""min_samples_split"": 6, ""min_samples_leaf"": 3, ""criterion"": ""entropy"", ""class_weight"": null}"
842,2026-06-05T19:35:03.179406+00:00,extra,ranking_xgb,842,5055,5,997,0.5686770950337077,736,261,0.49954591074793026,"[""V11"", ""V160"", ""V255"", ""V176"", ""V191""]","{""n_estimators"": 86, ""max_depth"": 11, ""min_samples_split"": 9, ""min_samples_leaf"": 6, ""criterion"": ""entropy"", ""class_weight"": ""balanced""}"
843,2026-06-05T19:35:12.047211+00:00,extra,ranking_xgb,843,4990,5,992,0.5201173940471734,730,262,0.49986741888808595,"[""V11"", ""V160"", ""V255"", ""V176"", ""V191""]","{""n_estimators"": 54, ""max_depth"": 3, ""min_samples_split"": 5, ""min_samples_leaf"": 5, ""criterion"": ""entropy"", ""class_weight"": ""balanced""}"
844,2026-06-05T19:35:47.959449+00:00,extra,ranking_xgb,844,5070,5,1000,0.5638559603805896,738,262,0.49701727455970424,"[""V11"", ""V160"", ""V255"", ""V176"", ""V191""]","{""n_estimators"": 293, ""max_depth"": 12, ""min_samples_split"": 5, ""min_samples_leaf"": 7, ""criterion"": ""gini"", ""class_weight"": null}"
845,2026-06-05T19:36:29.911590+00:00,extra,ranking_xgb,845,5090,5,999,0.5878875585989853,739,260,0.4981840520962507,"[""V11"", ""V160"", ""V255"", ""V176"", ""V191""]","{""n_estimators"": 311, ""max_depth"": 12, ""min_samples_split"": 6, ""min_samples_leaf"": 1, ""criterion"": ""gini"", ""class_weight"": ""balanced""}"
846,2026-06-05T19:37:36.517008+00:00,extra,ranking_xgb,846,4860,5,1000,0.6107377481319934,724,276,0.49699854486809847,"[""V11"", ""V160"", ""V255"", ""V176"", ""V191""]","{""n_estimators"": 496, ""max_depth"": null, ""min_samples_split"": 3, ""min_samples_leaf"": 3, ""criterion"": ""entropy"", ""class_weight"": ""balanced""}"
847,2026-06-05T19:38:23.005699+00:00,extra,ranking_xgb,847,4920,5,1000,0.5195404316212665,728,272,0.49755329616146954,"[""V11"", ""V160"", ""V255"", ""V176"", ""V191""]","{""n_estimators"": 393, ""max_depth"": 3, ""min_samples_split"": 8, ""min_samples_leaf"": 8, ""criterion"": ""gini"", ""class_weight"": null}"
848,2026-06-05T19:39:16.612254+00:00,extra,ranking_xgb,848,5085,5,1000,0.5593725820891747,739,261,0.4996750407390751,"[""V11"", ""V160"", ""V255"", ""V176"", ""V191""]","{""n_estimators"": 403, ""max_depth"": 8, ""min_samples_split"": 6, ""min_samples_leaf"": 1, ""criterion"": ""entropy"", ""class_weight"": ""balanced""}"
849,2026-06-05T19:39:41.469278+00:00,extra,ranking_xgb,849,5100,5,997,0.5659519212906579,739,258,0.4991870064591043,"[""V11"", ""V160"", ""V255"", ""V176"", ""V191""]","{""n_estimators"": 176, ""max_depth"": 9, ""min_samples_split"": 2, ""min_samples_leaf"": 1, ""criterion"": ""entropy"", ""class_weight"": ""balanced""}"
850,2026-06-05T19:40:13.560722+00:00,extra,ranking_xgb,850,4905,5,1000,0.6272038527475183,727,273,0.4939993008689125,"[""V11"", ""V160"", ""V255"", ""V176"", ""V191""]","{""n_estimators"": 251, ""max_depth"": null, ""min_samples_split"": 5, ""min_samples_leaf"": 2, ""criterion"": ""gini"", ""class_weight"": null}"
851,2026-06-05T19:41:15.376226+00:00,extra,ranking_xgb,851,5005,5,998,0.5665367525579794,733,265,0.4990036554687924,"[""V11"", ""V160"", ""V255"", ""V176"", ""V191""]","{""n_estimators"": 470, ""max_depth"": 9, ""min_samples_split"": 2, ""min_samples_leaf"": 1, ""criterion"": ""entropy"", ""class_weight"": ""balanced""}"
852,2026-06-05T19:41:51.540522+00:00,extra,ranking_xgb,852,5040,5,1000,0.5613845063853928,736,264,0.4970378421767281,"[""V11"", ""V160"", ""V255"", ""V176"", ""V191""]","{""n_estimators"": 294, ""max_depth"": 11, ""min_samples_split"": 5, ""min_samples_leaf"": 7, ""criterion"": ""entropy"", ""class_weight"": null}"
853,2026-06-05T19:42:10.559176+00:00,extra,ranking_xgb,853,5115,5,1000,0.5912522471910233,741,259,0.49626306173145,"[""V11"", ""V160"", ""V255"", ""V176"", ""V191""]","{""n_estimators"": 143, ""max_depth"": 14, ""min_samples_split"": 8, ""min_samples_leaf"": 3, ""criterion"": ""gini"", ""class_weight"": null}"
854,2026-06-05T19:42:53.839274+00:00,extra,ranking_xgb,854,5165,5,999,0.5552274204188117,744,255,0.49731693383691966,"[""V11"", ""V160"", ""V255"", ""V176"", ""V191""]","{""n_estimators"": 358, ""max_depth"": 8, ""min_samples_split"": 8, ""min_samples_leaf"": 3, ""criterion"": ""entropy"", ""class_weight"": null}"
855,2026-06-05T19:43:17.504671+00:00,extra,ranking_xgb,855,4895,5,999,0.574886175243156,726,273,0.49693614887733256,"[""V11"", ""V160"", ""V255"", ""V176"", ""V191""]","{""n_estimators"": 186, ""max_depth"": 14, ""min_samples_split"": 6, ""min_samples_leaf"": 7, ""criterion"": ""entropy"", ""class_weight"": null}"
856,2026-06-05T19:43:41.681439+00:00,extra,ranking_xgb,856,5005,5,998,0.5356217606631535,733,265,0.4999148187923852,"[""V11"", ""V160"", ""V255"", ""V176"", ""V191""]","{""n_estimators"": 173, ""max_depth"": 5, ""min_samples_split"": 6, ""min_samples_leaf"": 6, ""criterion"": ""entropy"", ""class_weight"": ""balanced""}"
857,2026-06-05T19:44:40.387553+00:00,extra,ranking_xgb,857,4995,5,997,0.5338529637591015,732,265,0.49982231103804153,"[""V11"", ""V160"", ""V255"", ""V176"", ""V191""]","{""n_estimators"": 449, ""max_depth"": 5, ""min_samples_split"": 4, ""min_samples_leaf"": 9, ""criterion"": ""gini"", ""class_weight"": ""balanced""}"
858,2026-06-05T19:45:36.422754+00:00,extra,ranking_xgb,858,5040,5,997,0.5516686125719967,735,262,0.49951646099906155,"[""V11"", ""V160"", ""V255"", ""V176"", ""V191""]","{""n_estimators"": 424, ""max_depth"": 9, ""min_samples_split"": 3, ""min_samples_leaf"": 9, ""criterion"": ""entropy"", ""class_weight"": ""balanced""}"
859,2026-06-05T19:46:28.201215+00:00,extra,ranking_xgb,859,5115,5,997,0.5675221773720395,740,257,0.4970558296674331,"[""V11"", ""V160"", ""V255"", ""V176"", ""V191""]","{""n_estimators"": 430, ""max_depth"": 10, ""min_samples_split"": 2, ""min_samples_leaf"": 3, ""criterion"": ""gini"", ""class_weight"": null}"
860,2026-06-05T19:46:39.008778+00:00,extra,ranking_xgb,860,5015,5,996,0.5647836763283968,733,263,0.4994809078560217,"[""V11"", ""V160"", ""V255"", ""V176"", ""V191""]","{""n_estimators"": 68, ""max_depth"": 11, ""min_samples_split"": 5, ""min_samples_leaf"": 9, ""criterion"": ""gini"", ""class_weight"": ""balanced""}"
861,2026-06-05T19:47:18.068082+00:00,extra,ranking_xgb,861,4980,5,1000,0.528183453710255,732,268,0.49981234958569076,"[""V11"", ""V160"", ""V255"", ""V176"", ""V191""]","{""n_estimators"": 291, ""max_depth"": 4, ""min_samples_split"": 5, ""min_samples_leaf"": 4, ""criterion"": ""gini"", ""class_weight"": ""balanced""}"
862,2026-06-05T19:47:49.068042+00:00,extra,ranking_xgb,862,5070,5,1000,0.5678905141362609,738,262,0.49950890768458084,"[""V11"", ""V160"", ""V255"", ""V176"", ""V191""]","{""n_estimators"": 223, ""max_depth"": 9, ""min_samples_split"": 8, ""min_samples_leaf"": 2, ""criterion"": ""entropy"", ""class_weight"": ""balanced""}"
863,2026-06-05T19:48:25.528113+00:00,extra,ranking_xgb,863,5085,5,1000,0.566172686923318,739,261,0.49921114902542385,"[""V11"", ""V160"", ""V255"", ""V176"", ""V191""]","{""n_estimators"": 269, ""max_depth"": 11, ""min_samples_split"": 6, ""min_samples_leaf"": 6, ""criterion"": ""gini"", ""class_weight"": ""balanced""}"
864,2026-06-05T19:48:59.403644+00:00,extra,ranking_xgb,864,5145,5,1000,0.578802161302837,743,257,0.4966685717580022,"[""V11"", ""V160"", ""V255"", ""V176"", ""V191""]","{""n_estimators"": 276, ""max_depth"": 11, ""min_samples_split"": 5, ""min_samples_leaf"": 1, ""criterion"": ""entropy"", ""class_weight"": null}"
865,2026-06-05T19:49:12.271319+00:00,extra,ranking_xgb,865,5115,5,997,0.5411245726802243,740,257,0.49974671925298436,"[""V11"", ""V160"", ""V255"", ""V176"", ""V191""]","{""n_estimators"": 80, ""max_depth"": 6, ""min_samples_split"": 3, ""min_samples_leaf"": 6, ""criterion"": ""entropy"", ""class_weight"": ""balanced""}"
866,2026-06-05T19:49:53.970770+00:00,extra,ranking_xgb,866,5115,5,1000,0.547258529351208,741,259,0.4973404379917013,"[""V11"", ""V160"", ""V255"", ""V176"", ""V191""]","{""n_estimators"": 344, ""max_depth"": 8, ""min_samples_split"": 4, ""min_samples_leaf"": 9, ""criterion"": ""gini"", ""class_weight"": null}"
867,2026-06-05T19:50:15.824784+00:00,extra,ranking_xgb,867,5060,5,999,0.5215381446140167,737,262,0.49986557837406215,"[""V11"", ""V160"", ""V255"", ""V176"", ""V191""]","{""n_estimators"": 152, ""max_depth"": 3, ""min_samples_split"": 5, ""min_samples_leaf"": 9, ""criterion"": ""gini"", ""class_weight"": ""balanced""}"
868,2026-06-05T19:50:55.625920+00:00,extra,ranking_xgb,868,5120,5,999,0.5626303594098679,741,258,0.49718078907872376,"[""V11"", ""V160"", ""V255"", ""V176"", ""V191""]","{""n_estimators"": 330, ""max_depth"": 14, ""min_samples_split"": 6, ""min_samples_leaf"": 9, ""criterion"": ""gini"", ""class_weight"": null}"
869,2026-06-05T19:51:41.916109+00:00,extra,ranking_xgb,869,5080,5,998,0.5518966013616726,738,260,0.4972530340230667,"[""V11"", ""V160"", ""V255"", ""V176"", ""V191""]","{""n_estimators"": 389, ""max_depth"": 8, ""min_samples_split"": 3, ""min_samples_leaf"": 6, ""criterion"": ""gini"", ""class_weight"": null}"
870,2026-06-05T19:51:52.740884+00:00,extra,ranking_xgb,870,5075,5,999,0.5500144395415043,738,261,0.499727124655017,"[""V11"", ""V160"", ""V255"", ""V176"", ""V191""]","{""n_estimators"": 66, ""max_depth"": 8, ""min_samples_split"": 9, ""min_samples_leaf"": 5, ""criterion"": ""entropy"", ""class_weight"": ""balanced""}"
871,2026-06-05T19:52:25.354390+00:00,extra,ranking_xgb,871,5115,5,1000,0.5366553425284161,741,259,0.49753523607028527,"[""V11"", ""V160"", ""V255"", ""V176"", ""V191""]","{""n_estimators"": 269, ""max_depth"": 5, ""min_samples_split"": 8, ""min_samples_leaf"": 1, ""criterion"": ""entropy"", ""class_weight"": null}"
872,2026-06-05T19:52:45.298464+00:00,extra,ranking_xgb,872,5190,5,1000,0.5436431140443753,746,254,0.4974446172718022,"[""V11"", ""V160"", ""V255"", ""V176"", ""V191""]","{""n_estimators"": 152, ""max_depth"": 7, ""min_samples_split"": 8, ""min_samples_leaf"": 9, ""criterion"": ""gini"", ""class_weight"": null}"
873,2026-06-05T19:53:50.125347+00:00,extra,ranking_xgb,873,5085,5,1000,0.5738735437915277,739,261,0.49926241483597766,"[""V11"", ""V160"", ""V255"", ""V176"", ""V191""]","{""n_estimators"": 491, ""max_depth"": 10, ""min_samples_split"": 7, ""min_samples_leaf"": 2, ""criterion"": ""entropy"", ""class_weight"": ""balanced""}"
874,2026-06-05T19:54:39.891816+00:00,extra,ranking_xgb,874,5015,5,999,0.5271032281555698,734,265,0.4975412309224197,"[""V11"", ""V160"", ""V255"", ""V176"", ""V191""]","{""n_estimators"": 419, ""max_depth"": 4, ""min_samples_split"": 9, ""min_samples_leaf"": 6, ""criterion"": ""entropy"", ""class_weight"": null}"
875,2026-06-05T19:55:26.260935+00:00,extra,ranking_xgb,875,5130,5,1000,0.572805978116534,742,258,0.4970100886045449,"[""V11"", ""V160"", ""V255"", ""V176"", ""V191""]","{""n_estimators"": 385, ""max_depth"": 10, ""min_samples_split"": 7, ""min_samples_leaf"": 2, ""criterion"": ""gini"", ""class_weight"": null}"
876,2026-06-05T19:56:01.167060+00:00,extra,ranking_xgb,876,5070,5,1000,0.5580337245664876,738,262,0.49720910231402216,"[""V11"", ""V160"", ""V255"", ""V176"", ""V191""]","{""n_estimators"": 284, ""max_depth"": 10, ""min_samples_split"": 9, ""min_samples_leaf"": 7, ""criterion"": ""entropy"", ""class_weight"": null}"
877,2026-06-05T19:56:42.232908+00:00,extra,ranking_xgb,877,5025,5,1000,0.5698415757107194,735,265,0.4969447263926696,"[""V11"", ""V160"", ""V255"", ""V176"", ""V191""]","{""n_estimators"": 340, ""max_depth"": 13, ""min_samples_split"": 7, ""min_samples_leaf"": 6, ""criterion"": ""gini"", ""class_weight"": null}"
878,2026-06-05T19:57:13.261467+00:00,extra,ranking_xgb,878,5080,5,998,0.538062486517714,738,260,0.49991366577181795,"[""V11"", ""V160"", ""V255"", ""V176"", ""V191""]","{""n_estimators"": 225, ""max_depth"": 5, ""min_samples_split"": 2, ""min_samples_leaf"": 1, ""criterion"": ""entropy"", ""class_weight"": ""balanced""}"
879,2026-06-05T19:57:32.729364+00:00,extra,ranking_xgb,879,5145,5,1000,0.5762347133857401,743,257,0.4967539698162136,"[""V11"", ""V160"", ""V255"", ""V176"", ""V191""]","{""n_estimators"": 147, ""max_depth"": 14, ""min_samples_split"": 5, ""min_samples_leaf"": 5, ""criterion"": ""entropy"", ""class_weight"": null}"
880,2026-06-05T19:57:56.807800+00:00,extra,ranking_xgb,880,4905,5,1000,0.5225366019480604,727,273,0.49989801659563854,"[""V11"", ""V160"", ""V255"", ""V176"", ""V191""]","{""n_estimators"": 173, ""max_depth"": 3, ""min_samples_split"": 7, ""min_samples_leaf"": 4, ""criterion"": ""entropy"", ""class_weight"": ""balanced""}"
881,2026-06-05T19:58:42.221244+00:00,extra,ranking_xgb,881,4950,5,1000,0.520669136741403,730,270,0.4975780929252789,"[""V11"", ""V160"", ""V255"", ""V176"", ""V191""]","{""n_estimators"": 382, ""max_depth"": 3, ""min_samples_split"": 2, ""min_samples_leaf"": 1, ""criterion"": ""gini"", ""class_weight"": null}"
882,2026-06-05T19:58:59.079176+00:00,extra,ranking_xgb,882,5150,5,999,0.5677540343244921,743,256,0.49945214076410976,"[""V11"", ""V160"", ""V255"", ""V176"", ""V191""]","{""n_estimators"": 114, ""max_depth"": 12, ""min_samples_split"": 9, ""min_samples_leaf"": 8, ""criterion"": ""entropy"", ""class_weight"": ""balanced""}"
883,2026-06-05T20:00:02.297555+00:00,extra,ranking_xgb,883,5060,5,999,0.5870076314772039,737,262,0.49836570329087715,"[""V11"", ""V160"", ""V255"", ""V176"", ""V191""]","{""n_estimators"": 474, ""max_depth"": null, ""min_samples_split"": 2, ""min_samples_leaf"": 5, ""criterion"": ""entropy"", ""class_weight"": ""balanced""}"
884,2026-06-05T20:00:36.380812+00:00,extra,ranking_xgb,884,5040,5,1000,0.5611672653094291,736,264,0.49950740840407054,"[""V11"", ""V160"", ""V255"", ""V176"", ""V191""]","{""n_estimators"": 250, ""max_depth"": 10, ""min_samples_split"": 3, ""min_samples_leaf"": 8, ""criterion"": ""gini"", ""class_weight"": ""balanced""}"
885,2026-06-05T20:01:12.302153+00:00,extra,ranking_xgb,885,5075,5,999,0.5763237744277497,738,261,0.4967120696760834,"[""V11"", ""V160"", ""V255"", ""V176"", ""V191""]","{""n_estimators"": 291, ""max_depth"": 12, ""min_samples_split"": 3, ""min_samples_leaf"": 4, ""criterion"": ""gini"", ""class_weight"": null}"
886,2026-06-05T20:02:00.994173+00:00,extra,ranking_xgb,886,5130,5,1000,0.5481950084388828,742,258,0.4996764522494241,"[""V11"", ""V160"", ""V255"", ""V176"", ""V191""]","{""n_estimators"": 364, ""max_depth"": 7, ""min_samples_split"": 6, ""min_samples_leaf"": 4, ""criterion"": ""entropy"", ""class_weight"": ""balanced""}"
887,2026-06-05T20:02:44.746621+00:00,extra,ranking_xgb,887,5130,5,994,0.5383943372275549,740,254,0.499821988457531,"[""V11"", ""V160"", ""V255"", ""V176"", ""V191""]","{""n_estimators"": 332, ""max_depth"": 5, ""min_samples_split"": 3, ""min_samples_leaf"": 1, ""criterion"": ""entropy"", ""class_weight"": ""balanced""}"
888,2026-06-05T20:03:23.952900+00:00,extra,ranking_xgb,888,5105,5,999,0.5571325090917358,740,259,0.49727756182995647,"[""V11"", ""V160"", ""V255"", ""V176"", ""V191""]","{""n_estimators"": 325, ""max_depth"": 9, ""min_samples_split"": 3, ""min_samples_leaf"": 5, ""criterion"": ""entropy"", ""class_weight"": null}"
889,2026-06-05T20:04:17.805705+00:00,extra,ranking_xgb,889,4890,5,1000,0.519816699742096,726,274,0.49754189750903627,"[""V11"", ""V160"", ""V255"", ""V176"", ""V191""]","{""n_estimators"": 460, ""max_depth"": 3, ""min_samples_split"": 7, ""min_samples_leaf"": 7, ""criterion"": ""entropy"", ""class_weight"": null}"
890,2026-06-05T20:04:43.912775+00:00,extra,ranking_xgb,890,5105,5,999,0.5628615889542381,740,259,0.49941515524065927,"[""V11"", ""V160"", ""V255"", ""V176"", ""V191""]","{""n_estimators"": 188, ""max_depth"": 12, ""min_samples_split"": 5, ""min_samples_leaf"": 9, ""criterion"": ""gini"", ""class_weight"": ""balanced""}"
891,2026-06-05T20:05:18.161320+00:00,extra,ranking_xgb,891,4995,8,1000,0.576739906262937,773,227,0.49542477739183904,"[""V11"", ""V160"", ""V255"", ""V176"", ""V191"", ""V224"", ""V215"", ""V380""]","{""n_estimators"": 272, ""max_depth"": null, ""min_samples_split"": 4, ""min_samples_leaf"": 4, ""criterion"": ""entropy"", ""class_weight"": null}"
892,2026-06-05T20:05:49.254375+00:00,extra,ranking_xgb,892,5140,5,998,0.5806617605817456,742,256,0.49660187038828973,"[""V11"", ""V160"", ""V255"", ""V176"", ""V191""]","{""n_estimators"": 251, ""max_depth"": 12, ""min_samples_split"": 2, ""min_samples_leaf"": 3, ""criterion"": ""entropy"", ""class_weight"": null}"
893,2026-06-05T20:06:11.535159+00:00,extra,ranking_xgb,893,5070,5,1000,0.536648146567841,738,262,0.49977370572591207,"[""V11"", ""V160"", ""V255"", ""V176"", ""V191""]","{""n_estimators"": 155, ""max_depth"": 5, ""min_samples_split"": 7, ""min_samples_leaf"": 4, ""criterion"": ""entropy"", ""class_weight"": ""balanced""}"
894,2026-06-05T20:06:32.037197+00:00,extra,ranking_xgb,894,5040,5,1000,0.5627750871160461,736,264,0.4993941112237824,"[""V11"", ""V160"", ""V255"", ""V176"", ""V191""]","{""n_estimators"": 142, ""max_depth"": 10, ""min_samples_split"": 2, ""min_samples_leaf"": 5, ""criterion"": ""entropy"", ""class_weight"": ""balanced""}"
895,2026-06-05T20:07:15.165073+00:00,extra,ranking_xgb,895,4995,5,1000,0.5573561250457318,733,267,0.49725751348085506,"[""V11"", ""V160"", ""V255"", ""V176"", ""V191""]","{""n_estimators"": 356, ""max_depth"": 9, ""min_samples_split"": 8, ""min_samples_leaf"": 5, ""criterion"": ""entropy"", ""class_weight"": null}"
896,2026-06-05T20:07:52.433689+00:00,extra,ranking_xgb,896,5100,5,1000,0.5847293402127778,740,260,0.49650001868993815,"[""V11"", ""V160"", ""V255"", ""V176"", ""V191""]","{""n_estimators"": 301, ""max_depth"": 12, ""min_samples_split"": 5, ""min_samples_leaf"": 2, ""criterion"": ""gini"", ""class_weight"": null}"
897,2026-06-05T20:08:37.580731+00:00,extra,ranking_xgb,897,5110,5,998,0.5366679387301296,740,258,0.49983657824817584,"[""V11"", ""V160"", ""V255"", ""V176"", ""V191""]","{""n_estimators"": 342, ""max_depth"": 5, ""min_samples_split"": 2, ""min_samples_leaf"": 6, ""criterion"": ""gini"", ""class_weight"": ""balanced""}"
898,2026-06-05T20:09:00.013079+00:00,extra,ranking_xgb,898,4820,7,1000,0.6136412127222429,748,252,0.4916444456772555,"[""V11"", ""V160"", ""V255"", ""V176"", ""V191"", ""V224"", ""V215""]","{""n_estimators"": 165, ""max_depth"": null, ""min_samples_split"": 2, ""min_samples_leaf"": 2, ""criterion"": ""gini"", ""class_weight"": null}"
899,2026-06-05T20:09:38.247550+00:00,extra,ranking_xgb,899,5145,5,1000,0.5614371748092086,743,257,0.49953038815285256,"[""V11"", ""V160"", ""V255"", ""V176"", ""V191""]","{""n_estimators"": 281, ""max_depth"": 8, ""min_samples_split"": 4, ""min_samples_leaf"": 2, ""criterion"": ""gini"", ""class_weight"": ""balanced""}"
900,2026-06-05T20:10:29.417402+00:00,extra,ranking_xgb,900,4950,5,1000,0.598734655037213,730,270,0.49654668779229105,"[""V11"", ""V160"", ""V255"", ""V176"", ""V191""]","{""n_estimators"": 381, ""max_depth"": 14, ""min_samples_split"": 2, ""min_samples_leaf"": 1, ""criterion"": ""gini"", ""class_weight"": ""balanced""}"
901,2026-06-05T20:11:23.878807+00:00,extra,ranking_xgb,901,5120,5,999,0.5565599698369756,741,258,0.4970237822289468,"[""V11"", ""V160"", ""V255"", ""V176"", ""V191""]","{""n_estimators"": 456, ""max_depth"": 11, ""min_samples_split"": 3, ""min_samples_leaf"": 9, ""criterion"": ""gini"", ""class_weight"": null}"
902,2026-06-05T20:11:39.684340+00:00,extra,ranking_xgb,902,5010,5,1000,0.5512682816707126,734,266,0.4996891497320727,"[""V11"", ""V160"", ""V255"", ""V176"", ""V191""]","{""n_estimators"": 107, ""max_depth"": 8, ""min_samples_split"": 7, ""min_samples_leaf"": 7, ""criterion"": ""entropy"", ""class_weight"": ""balanced""}"
903,2026-06-05T20:11:55.033209+00:00,extra,ranking_xgb,903,5065,5,998,0.537443508078325,737,261,0.49756839658378094,"[""V11"", ""V160"", ""V255"", ""V176"", ""V191""]","{""n_estimators"": 116, ""max_depth"": 6, ""min_samples_split"": 3, ""min_samples_leaf"": 8, ""criterion"": ""entropy"", ""class_weight"": null}"
904,2026-06-05T20:12:40.563753+00:00,extra,ranking_xgb,904,5040,5,1000,0.5662599823455347,736,264,0.4970068162886173,"[""V11"", ""V160"", ""V255"", ""V176"", ""V191""]","{""n_estimators"": 374, ""max_depth"": null, ""min_samples_split"": 2, ""min_samples_leaf"": 9, ""criterion"": ""gini"", ""class_weight"": null}"
905,2026-06-05T20:13:25.220491+00:00,extra,ranking_xgb,905,4980,5,1000,0.5742715638873109,732,268,0.496853747749762,"[""V11"", ""V160"", ""V255"", ""V176"", ""V191""]","{""n_estimators"": 368, ""max_depth"": 13, ""min_samples_split"": 7, ""min_samples_leaf"": 5, ""criterion"": ""entropy"", ""class_weight"": null}"
906,2026-06-05T20:13:56.380617+00:00,extra,ranking_xgb,906,5100,5,1000,0.5797297869326282,740,260,0.4967800163316626,"[""V11"", ""V160"", ""V255"", ""V176"", ""V191""]","{""n_estimators"": 250, ""max_depth"": 12, ""min_samples_split"": 8, ""min_samples_leaf"": 3, ""criterion"": ""entropy"", ""class_weight"": null}"
907,2026-06-05T20:14:37.764896+00:00,extra,ranking_xgb,907,4955,5,993,0.5639088288291567,728,265,0.4969198131432266,"[""V11"", ""V160"", ""V255"", ""V176"", ""V191""]","{""n_estimators"": 340, ""max_depth"": null, ""min_samples_split"": 8, ""min_samples_leaf"": 9, ""criterion"": ""entropy"", ""class_weight"": null}"
908,2026-06-05T20:15:37.167250+00:00,extra,ranking_xgb,908,5120,5,999,0.5780835118403334,741,258,0.4990527009476129,"[""V11"", ""V160"", ""V255"", ""V176"", ""V191""]","{""n_estimators"": 450, ""max_depth"": 13, ""min_samples_split"": 8, ""min_samples_leaf"": 5, ""criterion"": ""entropy"", ""class_weight"": ""balanced""}"
909,2026-06-05T20:16:29.165392+00:00,extra,ranking_xgb,909,4985,5,993,0.5700837436680413,730,263,0.4970725465659753,"[""V11"", ""V160"", ""V255"", ""V176"", ""V191""]","{""n_estimators"": 436, ""max_depth"": 12, ""min_samples_split"": 4, ""min_samples_leaf"": 6, ""criterion"": ""gini"", ""class_weight"": null}"
910,2026-06-05T20:17:29.531537+00:00,extra,ranking_xgb,910,5055,5,1000,0.5371757825456036,737,263,0.4998225101746558,"[""V11"", ""V160"", ""V255"", ""V176"", ""V191""]","{""n_estimators"": 462, ""max_depth"": 5, ""min_samples_split"": 8, ""min_samples_leaf"": 1, ""criterion"": ""entropy"", ""class_weight"": ""balanced""}"
911,2026-06-05T20:18:00.679820+00:00,extra,ranking_xgb,911,5155,5,998,0.5760095488058358,743,255,0.49908246861937416,"[""V11"", ""V160"", ""V255"", ""V176"", ""V191""]","{""n_estimators"": 225, ""max_depth"": 11, ""min_samples_split"": 9, ""min_samples_leaf"": 3, ""criterion"": ""entropy"", ""class_weight"": ""balanced""}"
912,2026-06-05T20:18:50.065650+00:00,extra,ranking_xgb,912,5025,5,1000,0.552464241662387,735,265,0.4973331691385132,"[""V11"", ""V160"", ""V255"", ""V176"", ""V191""]","{""n_estimators"": 413, ""max_depth"": 9, ""min_samples_split"": 4, ""min_samples_leaf"": 9, ""criterion"": ""entropy"", ""class_weight"": null}"
913,2026-06-05T20:19:41.769856+00:00,extra,ranking_xgb,913,5085,5,1000,0.5580062064073267,739,261,0.49951258008211336,"[""V11"", ""V160"", ""V255"", ""V176"", ""V191""]","{""n_estimators"": 391, ""max_depth"": 10, ""min_samples_split"": 2, ""min_samples_leaf"": 8, ""criterion"": ""entropy"", ""class_weight"": ""balanced""}"
914,2026-06-05T20:20:33.767855+00:00,extra,ranking_xgb,914,5055,5,1000,0.5205892223804702,737,263,0.4975643482086403,"[""V11"", ""V160"", ""V255"", ""V176"", ""V191""]","{""n_estimators"": 440, ""max_depth"": 3, ""min_samples_split"": 6, ""min_samples_leaf"": 1, ""criterion"": ""gini"", ""class_weight"": null}"
915,2026-06-05T20:21:00.499816+00:00,extra,ranking_xgb,915,4995,5,1000,0.5839399645969832,733,267,0.49848418958672663,"[""V11"", ""V160"", ""V255"", ""V176"", ""V191""]","{""n_estimators"": 190, ""max_depth"": null, ""min_samples_split"": 3, ""min_samples_leaf"": 5, ""criterion"": ""entropy"", ""class_weight"": ""balanced""}"
916,2026-06-05T20:21:52.952413+00:00,extra,ranking_xgb,916,5010,5,1000,0.528788743849386,734,266,0.49752059589313924,"[""V11"", ""V160"", ""V255"", ""V176"", ""V191""]","{""n_estimators"": 444, ""max_depth"": 4, ""min_samples_split"": 9, ""min_samples_leaf"": 1, ""criterion"": ""entropy"", ""class_weight"": null}"
917,2026-06-05T20:22:31.686704+00:00,extra,ranking_xgb,917,5105,5,999,0.5872061560700842,740,259,0.49853492448455056,"[""V11"", ""V160"", ""V255"", ""V176"", ""V191""]","{""n_estimators"": 286, ""max_depth"": 12, ""min_samples_split"": 7, ""min_samples_leaf"": 1, ""criterion"": ""gini"", ""class_weight"": ""balanced""}"
918,2026-06-05T20:22:51.755686+00:00,extra,ranking_xgb,918,5010,5,1000,0.6029788571687957,734,266,0.49748175379430976,"[""V11"", ""V160"", ""V255"", ""V176"", ""V191""]","{""n_estimators"": 137, ""max_depth"": 14, ""min_samples_split"": 4, ""min_samples_leaf"": 1, ""criterion"": ""gini"", ""class_weight"": ""balanced""}"
919,2026-06-05T20:23:23.804759+00:00,extra,ranking_xgb,919,5045,5,999,0.5784659490152394,736,263,0.4988386089437774,"[""V11"", ""V160"", ""V255"", ""V176"", ""V191""]","{""n_estimators"": 229, ""max_depth"": 13, ""min_samples_split"": 5, ""min_samples_leaf"": 5, ""criterion"": ""entropy"", ""class_weight"": ""balanced""}"
920,2026-06-05T20:23:31.776923+00:00,extra,ranking_xgb,920,5020,5,998,0.5676430151611271,734,264,0.49646831508089145,"[""V11"", ""V160"", ""V255"", ""V176"", ""V191""]","{""n_estimators"": 52, ""max_depth"": 12, ""min_samples_split"": 8, ""min_samples_leaf"": 6, ""criterion"": ""entropy"", ""class_weight"": null}"
921,2026-06-05T20:23:50.844091+00:00,extra,ranking_xgb,921,5070,5,1000,0.5722198615400171,738,262,0.4968724164971719,"[""V11"", ""V160"", ""V255"", ""V176"", ""V191""]","{""n_estimators"": 144, ""max_depth"": 11, ""min_samples_split"": 3, ""min_samples_leaf"": 4, ""criterion"": ""entropy"", ""class_weight"": null}"
922,2026-06-05T20:24:39.795196+00:00,extra,ranking_xgb,922,5090,5,999,0.549005011174726,739,260,0.4973411980147858,"[""V11"", ""V160"", ""V255"", ""V176"", ""V191""]","{""n_estimators"": 411, ""max_depth"": 7, ""min_samples_split"": 5, ""min_samples_leaf"": 3, ""criterion"": ""entropy"", ""class_weight"": null}"
923,2026-06-05T20:25:16.356569+00:00,extra,ranking_xgb,923,5070,5,997,0.5697270376198472,737,260,0.4991013527368984,"[""V11"", ""V160"", ""V255"", ""V176"", ""V191""]","{""n_estimators"": 269, ""max_depth"": null, ""min_samples_split"": 4, ""min_samples_leaf"": 9, ""criterion"": ""entropy"", ""class_weight"": ""balanced""}"
924,2026-06-05T20:25:48.068154+00:00,extra,ranking_xgb,924,5100,5,1000,0.5559289777393593,740,260,0.4971218067899741,"[""V11"", ""V160"", ""V255"", ""V176"", ""V191""]","{""n_estimators"": 259, ""max_depth"": 9, ""min_samples_split"": 4, ""min_samples_leaf"": 6, ""criterion"": ""gini"", ""class_weight"": null}"
925,2026-06-05T20:26:46.017150+00:00,extra,ranking_xgb,925,5090,5,999,0.5664209681121569,739,260,0.4969269243763771,"[""V11"", ""V160"", ""V255"", ""V176"", ""V191""]","{""n_estimators"": 487, ""max_depth"": 11, ""min_samples_split"": 3, ""min_samples_leaf"": 5, ""criterion"": ""entropy"", ""class_weight"": null}"
926,2026-06-05T20:27:37.123306+00:00,extra,ranking_xgb,926,5025,5,1000,0.518857004994908,735,265,0.49752791870423263,"[""V11"", ""V160"", ""V255"", ""V176"", ""V191""]","{""n_estimators"": 432, ""max_depth"": 3, ""min_samples_split"": 8, ""min_samples_leaf"": 9, ""criterion"": ""gini"", ""class_weight"": null}"
927,2026-06-05T20:28:21.129560+00:00,extra,ranking_xgb,927,5040,5,1000,0.5743627406116864,736,264,0.49913956353954053,"[""V11"", ""V160"", ""V255"", ""V176"", ""V191""]","{""n_estimators"": 328, ""max_depth"": 12, ""min_samples_split"": 7, ""min_samples_leaf"": 5, ""criterion"": ""entropy"", ""class_weight"": ""balanced""}"
928,2026-06-05T20:28:44.518295+00:00,extra,ranking_xgb,928,4995,5,1000,0.5790768070629039,733,267,0.49890809012506154,"[""V11"", ""V160"", ""V255"", ""V176"", ""V191""]","{""n_estimators"": 163, ""max_depth"": 12, ""min_samples_split"": 9, ""min_samples_leaf"": 4, ""criterion"": ""gini"", ""class_weight"": ""balanced""}"
929,2026-06-05T20:29:08.293673+00:00,extra,ranking_xgb,929,5020,5,992,0.5410889851254216,732,260,0.4996752207464021,"[""V11"", ""V160"", ""V255"", ""V176"", ""V191""]","{""n_estimators"": 170, ""max_depth"": 6, ""min_samples_split"": 5, ""min_samples_leaf"": 6, ""criterion"": ""entropy"", ""class_weight"": ""balanced""}"
930,2026-06-05T20:29:32.018494+00:00,extra,ranking_xgb,930,5100,5,1000,0.5346010130614408,740,260,0.4975237177230107,"[""V11"", ""V160"", ""V255"", ""V176"", ""V191""]","{""n_estimators"": 192, ""max_depth"": 5, ""min_samples_split"": 3, ""min_samples_leaf"": 2, ""criterion"": ""gini"", ""class_weight"": null}"
931,2026-06-05T20:30:19.751869+00:00,extra,ranking_xgb,931,5080,5,998,0.5593908472834914,738,260,0.4971016311464864,"[""V11"", ""V160"", ""V255"", ""V176"", ""V191""]","{""n_estimators"": 399, ""max_depth"": 10, ""min_samples_split"": 4, ""min_samples_leaf"": 6, ""criterion"": ""gini"", ""class_weight"": null}"
932,2026-06-05T20:31:12.441335+00:00,extra,ranking_xgb,932,4990,5,995,0.5901142434077788,731,264,0.4963141946723401,"[""V11"", ""V160"", ""V255"", ""V176"", ""V191""]","{""n_estimators"": 436, ""max_depth"": 14, ""min_samples_split"": 5, ""min_samples_leaf"": 3, ""criterion"": ""entropy"", ""class_weight"": null}"
933,2026-06-05T20:32:09.369485+00:00,extra,ranking_xgb,933,5015,7,1000,0.5628187427578153,761,239,0.49654249536317446,"[""V11"", ""V160"", ""V255"", ""V176"", ""V191"", ""V224"", ""V215""]","{""n_estimators"": 478, ""max_depth"": 10, ""min_samples_split"": 2, ""min_samples_leaf"": 1, ""criterion"": ""gini"", ""class_weight"": null}"
934,2026-06-05T20:33:09.805066+00:00,extra,ranking_xgb,934,5025,5,1000,0.5616419694814191,735,265,0.4994393380063153,"[""V11"", ""V160"", ""V255"", ""V176"", ""V191""]","{""n_estimators"": 457, ""max_depth"": 10, ""min_samples_split"": 7, ""min_samples_leaf"": 6, ""criterion"": ""gini"", ""class_weight"": ""balanced""}"
935,2026-06-05T20:33:49.049458+00:00,extra,ranking_xgb,935,5235,5,1000,0.5551624706050248,749,251,0.49955235110966495,"[""V11"", ""V160"", ""V255"", ""V176"", ""V191""]","{""n_estimators"": 290, ""max_depth"": 9, ""min_samples_split"": 8, ""min_samples_leaf"": 8, ""criterion"": ""gini"", ""class_weight"": ""balanced""}"
936,2026-06-05T20:34:01.603008+00:00,extra,ranking_xgb,936,5135,5,999,0.5723939961519393,742,257,0.4968571763426305,"[""V11"", ""V160"", ""V255"", ""V176"", ""V191""]","{""n_estimators"": 85, ""max_depth"": 12, ""min_samples_split"": 8, ""min_samples_leaf"": 6, ""criterion"": ""entropy"", ""class_weight"": null}"
937,2026-06-05T20:34:36.000376+00:00,extra,ranking_xgb,937,4920,5,1000,0.5299693897492153,728,272,0.4999367825573785,"[""V11"", ""V160"", ""V255"", ""V176"", ""V191""]","{""n_estimators"": 257, ""max_depth"": 4, ""min_samples_split"": 4, ""min_samples_leaf"": 1, ""criterion"": ""entropy"", ""class_weight"": ""balanced""}"
938,2026-06-05T20:35:03.187811+00:00,extra,ranking_xgb,938,5160,5,1000,0.5599900242565039,744,256,0.4995645690552505,"[""V11"", ""V160"", ""V255"", ""V176"", ""V191""]","{""n_estimators"": 198, ""max_depth"": 10, ""min_samples_split"": 6, ""min_samples_leaf"": 9, ""criterion"": ""gini"", ""class_weight"": ""balanced""}"
939,2026-06-05T20:35:12.671930+00:00,extra,ranking_xgb,939,5250,5,997,0.563881169249119,749,248,0.4971837384567451,"[""V11"", ""V160"", ""V255"", ""V176"", ""V191""]","{""n_estimators"": 65, ""max_depth"": 9, ""min_samples_split"": 9, ""min_samples_leaf"": 3, ""criterion"": ""entropy"", ""class_weight"": null}"
940,2026-06-05T20:36:05.299087+00:00,extra,ranking_xgb,940,5025,5,1000,0.5235049319517452,735,265,0.49989404457132425,"[""V11"", ""V160"", ""V255"", ""V176"", ""V191""]","{""n_estimators"": 402, ""max_depth"": 3, ""min_samples_split"": 4, ""min_samples_leaf"": 4, ""criterion"": ""gini"", ""class_weight"": ""balanced""}"
941,2026-06-05T20:37:10.387039+00:00,extra,ranking_xgb,941,5110,5,998,0.552219214927176,740,258,0.4995959627559566,"[""V11"", ""V160"", ""V255"", ""V176"", ""V191""]","{""n_estimators"": 495, ""max_depth"": 7, ""min_samples_split"": 3, ""min_samples_leaf"": 1, ""criterion"": ""entropy"", ""class_weight"": ""balanced""}"
942,2026-06-05T20:37:26.378076+00:00,extra,ranking_xgb,942,5070,5,1000,0.5485946281154463,738,262,0.49754055919137624,"[""V11"", ""V160"", ""V255"", ""V176"", ""V191""]","{""n_estimators"": 122, ""max_depth"": 7, ""min_samples_split"": 4, ""min_samples_leaf"": 1, ""criterion"": ""entropy"", ""class_weight"": null}"
943,2026-06-05T20:38:25.779136+00:00,extra,ranking_xgb,943,5010,5,1000,0.5567441513880195,734,266,0.4995571617201767,"[""V11"", ""V160"", ""V255"", ""V176"", ""V191""]","{""n_estimators"": 450, ""max_depth"": 8, ""min_samples_split"": 4, ""min_samples_leaf"": 4, ""criterion"": ""gini"", ""class_weight"": ""balanced""}"
944,2026-06-05T20:38:51.865214+00:00,extra,ranking_xgb,944,5085,5,1000,0.5609106162522435,739,261,0.49944552767864353,"[""V11"", ""V160"", ""V255"", ""V176"", ""V191""]","{""n_estimators"": 189, ""max_depth"": 10, ""min_samples_split"": 4, ""min_samples_leaf"": 7, ""criterion"": ""gini"", ""class_weight"": ""balanced""}"
945,2026-06-05T20:39:25.578083+00:00,extra,ranking_xgb,945,4685,7,1000,0.6333333333333333,739,261,0.4906188235294118,"[""V11"", ""V160"", ""V255"", ""V176"", ""V191"", ""V224"", ""V215""]","{""n_estimators"": 255, ""max_depth"": null, ""min_samples_split"": 4, ""min_samples_leaf"": 1, ""criterion"": ""entropy"", ""class_weight"": null}"
946,2026-06-05T20:39:55.392040+00:00,extra,ranking_xgb,946,5175,5,1000,0.546272451843014,745,255,0.4997208727232226,"[""V11"", ""V160"", ""V255"", ""V176"", ""V191""]","{""n_estimators"": 214, ""max_depth"": 8, ""min_samples_split"": 6, ""min_samples_leaf"": 9, ""criterion"": ""entropy"", ""class_weight"": ""balanced""}"
947,2026-06-05T20:40:04.282031+00:00,extra,ranking_xgb,947,4955,5,999,0.590602132708311,730,269,0.4955944171257572,"[""V11"", ""V160"", ""V255"", ""V176"", ""V191""]","{""n_estimators"": 57, ""max_depth"": null, ""min_samples_split"": 6, ""min_samples_leaf"": 4, ""criterion"": ""entropy"", ""class_weight"": null}"
948,2026-06-05T20:40:43.508044+00:00,extra,ranking_xgb,948,5085,5,1000,0.5326985521750364,739,261,0.49747361216072394,"[""V11"", ""V160"", ""V255"", ""V176"", ""V191""]","{""n_estimators"": 328, ""max_depth"": 5, ""min_samples_split"": 7, ""min_samples_leaf"": 9, ""criterion"": ""entropy"", ""class_weight"": null}"
949,2026-06-05T20:41:29.814799+00:00,extra,ranking_xgb,949,5105,5,999,0.570388328640285,740,259,0.49905843063722416,"[""V11"", ""V160"", ""V255"", ""V176"", ""V191""]","{""n_estimators"": 347, ""max_depth"": 10, ""min_samples_split"": 2, ""min_samples_leaf"": 3, ""criterion"": ""entropy"", ""class_weight"": ""balanced""}"
950,2026-06-05T20:41:52.861597+00:00,extra,ranking_xgb,950,5245,5,998,0.5478050453063854,749,249,0.4973236787998863,"[""V11"", ""V160"", ""V255"", ""V176"", ""V191""]","{""n_estimators"": 183, ""max_depth"": 7, ""min_samples_split"": 8, ""min_samples_leaf"": 3, ""criterion"": ""entropy"", ""class_weight"": null}"
951,2026-06-05T20:42:25.059077+00:00,extra,ranking_xgb,951,5040,5,1000,0.5368539316063973,736,264,0.4975223268324522,"[""V11"", ""V160"", ""V255"", ""V176"", ""V191""]","{""n_estimators"": 265, ""max_depth"": 5, ""min_samples_split"": 9, ""min_samples_leaf"": 2, ""criterion"": ""gini"", ""class_weight"": null}"
952,2026-06-05T20:42:34.355319+00:00,extra,ranking_xgb,952,5055,5,1000,0.5643026377490317,737,263,0.49669292499907897,"[""V11"", ""V160"", ""V255"", ""V176"", ""V191""]","{""n_estimators"": 64, ""max_depth"": 14, ""min_samples_split"": 4, ""min_samples_leaf"": 7, ""criterion"": ""gini"", ""class_weight"": null}"
953,2026-06-05T20:43:01.750917+00:00,extra,ranking_xgb,953,4955,5,996,0.5211432750418578,729,267,0.4975952455734852,"[""V11"", ""V160"", ""V255"", ""V176"", ""V191""]","{""n_estimators"": 220, ""max_depth"": 3, ""min_samples_split"": 9, ""min_samples_leaf"": 6, ""criterion"": ""gini"", ""class_weight"": null}"
954,2026-06-05T20:43:45.719059+00:00,extra,ranking_xgb,954,4965,5,1000,0.5953901335076256,731,269,0.4958920522556925,"[""V11"", ""V160"", ""V255"", ""V176"", ""V191""]","{""n_estimators"": 354, ""max_depth"": null, ""min_samples_split"": 8, ""min_samples_leaf"": 4, ""criterion"": ""gini"", ""class_weight"": null}"
955,2026-06-05T20:44:26.815467+00:00,extra,ranking_xgb,955,5040,5,1000,0.5291515308340022,736,264,0.49989196263668745,"[""V11"", ""V160"", ""V255"", ""V176"", ""V191""]","{""n_estimators"": 309, ""max_depth"": 4, ""min_samples_split"": 6, ""min_samples_leaf"": 6, ""criterion"": ""gini"", ""class_weight"": ""balanced""}"
956,2026-06-05T20:45:15.661492+00:00,extra,ranking_xgb,956,5075,5,999,0.5731256478046195,738,261,0.4970216114411317,"[""V11"", ""V160"", ""V255"", ""V176"", ""V191""]","{""n_estimators"": 405, ""max_depth"": 12, ""min_samples_split"": 7, ""min_samples_leaf"": 5, ""criterion"": ""entropy"", ""class_weight"": null}"
957,2026-06-05T20:45:56.773826+00:00,extra,ranking_xgb,957,5085,5,1000,0.5628846027012802,739,261,0.49928122081245563,"[""V11"", ""V160"", ""V255"", ""V176"", ""V191""]","{""n_estimators"": 305, ""max_depth"": 12, ""min_samples_split"": 5, ""min_samples_leaf"": 7, ""criterion"": ""entropy"", ""class_weight"": ""balanced""}"
958,2026-06-05T20:46:17.270597+00:00,extra,ranking_xgb,958,5080,5,998,0.5579132615350784,738,260,0.4994079870307183,"[""V11"", ""V160"", ""V255"", ""V176"", ""V191""]","{""n_estimators"": 141, ""max_depth"": 9, ""min_samples_split"": 8, ""min_samples_leaf"": 6, ""criterion"": ""gini"", ""class_weight"": ""balanced""}"
959,2026-06-05T20:46:41.635532+00:00,extra,ranking_xgb,959,4995,5,1000,0.5516542843434903,733,267,0.4996541753422467,"[""V11"", ""V160"", ""V255"", ""V176"", ""V191""]","{""n_estimators"": 174, ""max_depth"": 7, ""min_samples_split"": 8, ""min_samples_leaf"": 3, ""criterion"": ""entropy"", ""class_weight"": ""balanced""}"
960,2026-06-05T20:47:05.981316+00:00,extra,ranking_xgb,960,5035,5,998,0.5550752033383379,735,263,0.4995467514537666,"[""V11"", ""V160"", ""V255"", ""V176"", ""V191""]","{""n_estimators"": 174, ""max_depth"": 9, ""min_samples_split"": 9, ""min_samples_leaf"": 6, ""criterion"": ""gini"", ""class_weight"": ""balanced""}"
961,2026-06-05T20:47:38.578113+00:00,extra,ranking_xgb,961,5200,5,998,0.5532782498455343,746,252,0.4996668874533745,"[""V11"", ""V160"", ""V255"", ""V176"", ""V191""]","{""n_estimators"": 239, ""max_depth"": 8, ""min_samples_split"": 8, ""min_samples_leaf"": 7, ""criterion"": ""gini"", ""class_weight"": ""balanced""}"
962,2026-06-05T20:48:43.465369+00:00,extra,ranking_xgb,962,5130,5,1000,0.5862564367615745,742,258,0.4988355806055546,"[""V11"", ""V160"", ""V255"", ""V176"", ""V191""]","{""n_estimators"": 494, ""max_depth"": 12, ""min_samples_split"": 9, ""min_samples_leaf"": 2, ""criterion"": ""gini"", ""class_weight"": ""balanced""}"
963,2026-06-05T20:49:04.159338+00:00,extra,ranking_xgb,963,5085,5,1000,0.53747426445166,739,261,0.4973569530237691,"[""V11"", ""V160"", ""V255"", ""V176"", ""V191""]","{""n_estimators"": 159, ""max_depth"": 6, ""min_samples_split"": 4, ""min_samples_leaf"": 8, ""criterion"": ""entropy"", ""class_weight"": null}"
964,2026-06-05T20:49:40.207050+00:00,extra,ranking_xgb,964,4985,5,999,0.5615341690992545,732,267,0.4994628536491723,"[""V11"", ""V160"", ""V255"", ""V176"", ""V191""]","{""n_estimators"": 267, ""max_depth"": 10, ""min_samples_split"": 6, ""min_samples_leaf"": 9, ""criterion"": ""entropy"", ""class_weight"": ""balanced""}"
965,2026-06-05T20:50:14.277310+00:00,extra,ranking_xgb,965,4980,5,997,0.5702719364151129,731,266,0.4991840876644823,"[""V11"", ""V160"", ""V255"", ""V176"", ""V191""]","{""n_estimators"": 250, ""max_depth"": 14, ""min_samples_split"": 5, ""min_samples_leaf"": 7, ""criterion"": ""entropy"", ""class_weight"": ""balanced""}"
966,2026-06-05T20:51:11.834925+00:00,extra,ranking_xgb,966,5070,5,1000,0.5307832257778685,738,262,0.4974739654511541,"[""V11"", ""V160"", ""V255"", ""V176"", ""V191""]","{""n_estimators"": 487, ""max_depth"": 5, ""min_samples_split"": 4, ""min_samples_leaf"": 9, ""criterion"": ""entropy"", ""class_weight"": null}"
967,2026-06-05T20:51:20.206423+00:00,extra,ranking_xgb,967,4920,5,1000,0.6315733041468335,728,272,0.49490906655508304,"[""V11"", ""V160"", ""V255"", ""V176"", ""V191""]","{""n_estimators"": 52, ""max_depth"": null, ""min_samples_split"": 8, ""min_samples_leaf"": 2, ""criterion"": ""entropy"", ""class_weight"": null}"
968,2026-06-05T20:52:02.707111+00:00,extra,ranking_xgb,968,5105,5,999,0.5729979258563869,740,259,0.499179811425401,"[""V11"", ""V160"", ""V255"", ""V176"", ""V191""]","{""n_estimators"": 317, ""max_depth"": 10, ""min_samples_split"": 4, ""min_samples_leaf"": 2, ""criterion"": ""gini"", ""class_weight"": ""balanced""}"
969,2026-06-05T20:52:46.485582+00:00,extra,ranking_xgb,969,5010,5,1000,0.5898882679608344,734,266,0.49612105646350413,"[""V11"", ""V160"", ""V255"", ""V176"", ""V191""]","{""n_estimators"": 361, ""max_depth"": 14, ""min_samples_split"": 4, ""min_samples_leaf"": 3, ""criterion"": ""gini"", ""class_weight"": null}"
970,2026-06-05T20:53:33.803874+00:00,extra,ranking_xgb,970,5135,5,999,0.556607673430434,742,257,0.49720120309494475,"[""V11"", ""V160"", ""V255"", ""V176"", ""V191""]","{""n_estimators"": 399, ""max_depth"": 8, ""min_samples_split"": 3, ""min_samples_leaf"": 2, ""criterion"": ""gini"", ""class_weight"": null}"
971,2026-06-05T20:54:18.945438+00:00,extra,ranking_xgb,971,5055,5,1000,0.5446502490800621,737,263,0.4997218820222005,"[""V11"", ""V160"", ""V255"", ""V176"", ""V191""]","{""n_estimators"": 341, ""max_depth"": 6, ""min_samples_split"": 9, ""min_samples_leaf"": 4, ""criterion"": ""gini"", ""class_weight"": ""balanced""}"
972,2026-06-05T20:54:59.113406+00:00,extra,ranking_xgb,972,5120,5,999,0.5402659786974102,741,258,0.49740698189220567,"[""V11"", ""V160"", ""V255"", ""V176"", ""V191""]","{""n_estimators"": 336, ""max_depth"": 6, ""min_samples_split"": 2, ""min_samples_leaf"": 7, ""criterion"": ""gini"", ""class_weight"": null}"
973,2026-06-05T20:55:28.385325+00:00,extra,ranking_xgb,973,5055,5,1000,0.5619884248360177,737,263,0.4971502412560346,"[""V11"", ""V160"", ""V255"", ""V176"", ""V191""]","{""n_estimators"": 236, ""max_depth"": 13, ""min_samples_split"": 5, ""min_samples_leaf"": 8, ""criterion"": ""gini"", ""class_weight"": null}"
974,2026-06-05T20:56:26.235359+00:00,extra,ranking_xgb,974,5100,5,1000,0.5286987612311668,740,260,0.49754986887560826,"[""V11"", ""V160"", ""V255"", ""V176"", ""V191""]","{""n_estimators"": 490, ""max_depth"": 4, ""min_samples_split"": 3, ""min_samples_leaf"": 1, ""criterion"": ""gini"", ""class_weight"": null}"
975,2026-06-05T20:56:55.017612+00:00,extra,ranking_xgb,975,5055,5,1000,0.5492451313661021,737,263,0.4973142373510322,"[""V11"", ""V160"", ""V255"", ""V176"", ""V191""]","{""n_estimators"": 234, ""max_depth"": 7, ""min_samples_split"": 5, ""min_samples_leaf"": 1, ""criterion"": ""gini"", ""class_weight"": null}"
976,2026-06-05T20:57:39.631070+00:00,extra,ranking_xgb,976,5035,5,998,0.5595552688915146,735,263,0.49950451349531816,"[""V11"", ""V160"", ""V255"", ""V176"", ""V191""]","{""n_estimators"": 337, ""max_depth"": 9, ""min_samples_split"": 3, ""min_samples_leaf"": 6, ""criterion"": ""gini"", ""class_weight"": ""balanced""}"
977,2026-06-05T20:58:08.778288+00:00,extra,ranking_xgb,977,5140,5,998,0.5506130245886767,742,256,0.49960464251218084,"[""V11"", ""V160"", ""V255"", ""V176"", ""V191""]","{""n_estimators"": 210, ""max_depth"": 7, ""min_samples_split"": 6, ""min_samples_leaf"": 4, ""criterion"": ""gini"", ""class_weight"": ""balanced""}"
978,2026-06-05T20:58:31.185621+00:00,extra,ranking_xgb,978,5075,5,999,0.5826597621010197,738,261,0.49694700249033524,"[""V11"", ""V160"", ""V255"", ""V176"", ""V191""]","{""n_estimators"": 177, ""max_depth"": 12, ""min_samples_split"": 7, ""min_samples_leaf"": 3, ""criterion"": ""gini"", ""class_weight"": null}"
979,2026-06-05T20:58:57.530347+00:00,extra,ranking_xgb,979,4980,5,1000,0.5709537064075229,732,268,0.49927582957975863,"[""V11"", ""V160"", ""V255"", ""V176"", ""V191""]","{""n_estimators"": 194, ""max_depth"": 11, ""min_samples_split"": 7, ""min_samples_leaf"": 5, ""criterion"": ""gini"", ""class_weight"": ""balanced""}"
980,2026-06-05T20:59:53.669034+00:00,extra,ranking_xgb,980,5090,5,999,0.5600616983163978,739,260,0.4994931441028524,"[""V11"", ""V160"", ""V255"", ""V176"", ""V191""]","{""n_estimators"": 431, ""max_depth"": 9, ""min_samples_split"": 2, ""min_samples_leaf"": 5, ""criterion"": ""gini"", ""class_weight"": ""balanced""}"
981,2026-06-05T21:00:16.061905+00:00,extra,ranking_xgb,981,5090,5,999,0.5588156037859162,739,260,0.49938490651320344,"[""V11"", ""V160"", ""V255"", ""V176"", ""V191""]","{""n_estimators"": 159, ""max_depth"": 8, ""min_samples_split"": 9, ""min_samples_leaf"": 1, ""criterion"": ""entropy"", ""class_weight"": ""balanced""}"
982,2026-06-05T21:00:39.976669+00:00,extra,ranking_xgb,982,5100,5,1000,0.537841381922479,740,260,0.4997356677295566,"[""V11"", ""V160"", ""V255"", ""V176"", ""V191""]","{""n_estimators"": 172, ""max_depth"": 5, ""min_samples_split"": 5, ""min_samples_leaf"": 2, ""criterion"": ""gini"", ""class_weight"": ""balanced""}"
983,2026-06-05T21:00:52.084678+00:00,extra,ranking_xgb,983,5055,5,1000,0.5731631009583148,737,263,0.49695021206882173,"[""V11"", ""V160"", ""V255"", ""V176"", ""V191""]","{""n_estimators"": 84, ""max_depth"": 10, ""min_samples_split"": 9, ""min_samples_leaf"": 2, ""criterion"": ""gini"", ""class_weight"": null}"
984,2026-06-05T21:01:50.947482+00:00,extra,ranking_xgb,984,5010,5,1000,0.5644488077203453,734,266,0.49699877327888736,"[""V11"", ""V160"", ""V255"", ""V176"", ""V191""]","{""n_estimators"": 499, ""max_depth"": 12, ""min_samples_split"": 4, ""min_samples_leaf"": 7, ""criterion"": ""entropy"", ""class_weight"": null}"
985,2026-06-05T21:02:49.002729+00:00,extra,ranking_xgb,985,5070,5,997,0.5909996751408617,737,260,0.49622326737837064,"[""V11"", ""V160"", ""V255"", ""V176"", ""V191""]","{""n_estimators"": 492, ""max_depth"": 14, ""min_samples_split"": 3, ""min_samples_leaf"": 3, ""criterion"": ""gini"", ""class_weight"": null}"
986,2026-06-05T21:03:04.524786+00:00,extra,ranking_xgb,986,5025,5,1000,0.5399553340087094,735,265,0.49743148254058933,"[""V11"", ""V160"", ""V255"", ""V176"", ""V191""]","{""n_estimators"": 120, ""max_depth"": 7, ""min_samples_split"": 5, ""min_samples_leaf"": 8, ""criterion"": ""gini"", ""class_weight"": null}"
987,2026-06-05T21:03:57.764786+00:00,extra,ranking_xgb,987,4955,5,999,0.5209432121194504,730,269,0.49760600592619514,"[""V11"", ""V160"", ""V255"", ""V176"", ""V191""]","{""n_estimators"": 457, ""max_depth"": 3, ""min_samples_split"": 9, ""min_samples_leaf"": 3, ""criterion"": ""gini"", ""class_weight"": null}"
988,2026-06-05T21:05:00.884777+00:00,extra,ranking_xgb,988,5115,5,1000,0.5608238524712945,741,259,0.4993959580493656,"[""V11"", ""V160"", ""V255"", ""V176"", ""V191""]","{""n_estimators"": 485, ""max_depth"": 10, ""min_samples_split"": 9, ""min_samples_leaf"": 7, ""criterion"": ""gini"", ""class_weight"": ""balanced""}"
989,2026-06-05T21:05:54.498214+00:00,extra,ranking_xgb,989,4905,5,1000,0.5387536430219922,727,273,0.4997496167297748,"[""V11"", ""V160"", ""V255"", ""V176"", ""V191""]","{""n_estimators"": 409, ""max_depth"": 6, ""min_samples_split"": 5, ""min_samples_leaf"": 9, ""criterion"": ""gini"", ""class_weight"": ""balanced""}"
990,2026-06-05T21:06:39.246189+00:00,extra,ranking_xgb,990,4895,5,999,0.5206316573691849,726,273,0.4975573791367466,"[""V11"", ""V160"", ""V255"", ""V176"", ""V191""]","{""n_estimators"": 379, ""max_depth"": 3, ""min_samples_split"": 6, ""min_samples_leaf"": 4, ""criterion"": ""gini"", ""class_weight"": null}"
991,2026-06-05T21:07:26.000127+00:00,extra,ranking_xgb,991,4995,5,1000,0.5701237230248305,733,267,0.4964303883353768,"[""V11"", ""V160"", ""V255"", ""V176"", ""V191""]","{""n_estimators"": 394, ""max_depth"": 10, ""min_samples_split"": 2, ""min_samples_leaf"": 1, ""criterion"": ""gini"", ""class_weight"": null}"
992,2026-06-05T21:08:28.198430+00:00,extra,ranking_xgb,992,4880,5,993,0.5318998199100302,723,270,0.4999270001619565,"[""V11"", ""V160"", ""V255"", ""V176"", ""V191""]","{""n_estimators"": 480, ""max_depth"": 4, ""min_samples_split"": 2, ""min_samples_leaf"": 1, ""criterion"": ""entropy"", ""class_weight"": ""balanced""}"
993,2026-06-05T21:09:09.852553+00:00,extra,ranking_xgb,993,5145,5,1000,0.5345416743330389,743,257,0.4998030284127209,"[""V11"", ""V160"", ""V255"", ""V176"", ""V191""]","{""n_estimators"": 317, ""max_depth"": 5, ""min_samples_split"": 6, ""min_samples_leaf"": 8, ""criterion"": ""entropy"", ""class_weight"": ""balanced""}"
994,2026-06-05T21:10:13.920613+00:00,extra,ranking_xgb,994,5040,5,988,0.6009654882132086,732,256,0.49774762301525355,"[""V11"", ""V160"", ""V255"", ""V176"", ""V191""]","{""n_estimators"": 482, ""max_depth"": null, ""min_samples_split"": 5, ""min_samples_leaf"": 4, ""criterion"": ""gini"", ""class_weight"": ""balanced""}"
995,2026-06-05T21:10:34.189300+00:00,extra,ranking_xgb,995,4955,5,996,0.52767616934054,729,267,0.49756924613249615,"[""V11"", ""V160"", ""V255"", ""V176"", ""V191""]","{""n_estimators"": 159, ""max_depth"": 4, ""min_samples_split"": 9, ""min_samples_leaf"": 2, ""criterion"": ""entropy"", ""class_weight"": null}"
996,2026-06-05T21:10:43.564645+00:00,extra,ranking_xgb,996,4980,5,1000,0.5296305318991669,732,268,0.4998866040468221,"[""V11"", ""V160"", ""V255"", ""V176"", ""V191""]","{""n_estimators"": 59, ""max_depth"": 4, ""min_samples_split"": 7, ""min_samples_leaf"": 7, ""criterion"": ""entropy"", ""class_weight"": ""balanced""}"
997,2026-06-05T21:11:35.460769+00:00,extra,ranking_xgb,997,5060,5,996,0.555364000700003,736,260,0.49956265722117704,"[""V11"", ""V160"", ""V255"", ""V176"", ""V191""]","{""n_estimators"": 395, ""max_depth"": 9, ""min_samples_split"": 7, ""min_samples_leaf"": 8, ""criterion"": ""entropy"", ""class_weight"": ""balanced""}"
998,2026-06-05T21:11:56.685893+00:00,extra,ranking_xgb,998,5145,5,1000,0.5555842340212415,743,257,0.4973653100462491,"[""V11"", ""V160"", ""V255"", ""V176"", ""V191""]","{""n_estimators"": 166, ""max_depth"": 9, ""min_samples_split"": 8, ""min_samples_leaf"": 6, ""criterion"": ""entropy"", ""class_weight"": null}"
999,2026-06-05T21:12:43.766466+00:00,extra,ranking_xgb,999,4965,5,1000,0.5264781331671502,731,269,0.4975704715111114,"[""V11"", ""V160"", ""V255"", ""V176"", ""V191""]","{""n_estimators"": 401, ""max_depth"": 4, ""min_samples_split"": 8, ""min_samples_leaf"": 5, ""criterion"": ""entropy"", ""class_weight"": null}"
1000,2026-06-05T21:13:42.854986+00:00,extra,ranking_xgb,1000,5025,5,1000,0.5730711528610365,735,265,0.49682969260368226,"[""V11"", ""V160"", ""V255"", ""V176"", ""V191""]","{""n_estimators"": 498, ""max_depth"": 14, ""min_samples_split"": 6, ""min_samples_leaf"": 6, ""criterion"": ""gini"", ""class_weight"": null}"
