trial_id,timestamp_utc,model_type,ranking,random_seed,score,k,N,threshold,tp,fp,p_oof_mean,features,hyperparameters
1,2026-06-05T11:14:37.623115+00:00,extra,ranking_total,1,5515,6,1000,0.546026722545584,781,219,0.4993930370601287,"[""V176"", ""V255"", ""V191"", ""V160"", ""V215"", ""V380""]","{""n_estimators"": 222, ""max_depth"": 8, ""min_samples_split"": 9, ""min_samples_leaf"": 6, ""criterion"": ""entropy"", ""class_weight"": ""balanced""}"
2,2026-06-05T11:14:57.875442+00:00,extra,ranking_total,2,5435,7,1000,0.5186027467727393,789,211,0.4974511760939406,"[""V176"", ""V255"", ""V191"", ""V160"", ""V215"", ""V380"", ""V342""]","{""n_estimators"": 87, ""max_depth"": 4, ""min_samples_split"": 5, ""min_samples_leaf"": 9, ""criterion"": ""gini"", ""class_weight"": null}"
3,2026-06-05T11:15:57.482054+00:00,extra,ranking_total,3,5415,6,999,0.5643824423645327,774,225,0.4989712577735199,"[""V176"", ""V255"", ""V191"", ""V160"", ""V215"", ""V380""]","{""n_estimators"": 218, ""max_depth"": null, ""min_samples_split"": 9, ""min_samples_leaf"": 9, ""criterion"": ""gini"", ""class_weight"": ""balanced""}"
4,2026-06-05T11:17:35.342052+00:00,extra,ranking_total,4,5480,7,1000,0.5262484895266568,792,208,0.4973380685916989,"[""V176"", ""V255"", ""V191"", ""V160"", ""V215"", ""V380"", ""V342""]","{""n_estimators"": 412, ""max_depth"": 5, ""min_samples_split"": 2, ""min_samples_leaf"": 4, ""criterion"": ""gini"", ""class_weight"": null}"
5,2026-06-05T11:18:19.897016+00:00,extra,ranking_total,5,5410,6,1000,0.5287206066364939,774,226,0.4996692155654625,"[""V176"", ""V255"", ""V191"", ""V160"", ""V215"", ""V380""]","{""n_estimators"": 172, ""max_depth"": 5, ""min_samples_split"": 8, ""min_samples_leaf"": 8, ""criterion"": ""entropy"", ""class_weight"": ""balanced""}"
6,2026-06-05T11:19:56.699161+00:00,extra,ranking_total,6,5495,7,1000,0.5527001366906832,793,207,0.49687658637817983,"[""V176"", ""V255"", ""V191"", ""V160"", ""V215"", ""V380"", ""V342""]","{""n_estimators"": 405, ""max_depth"": 11, ""min_samples_split"": 8, ""min_samples_leaf"": 7, ""criterion"": ""entropy"", ""class_weight"": null}"
7,2026-06-05T11:21:45.352060+00:00,extra,ranking_total,7,5405,7,1000,0.5709220548936355,787,213,0.4960890073475961,"[""V176"", ""V255"", ""V191"", ""V160"", ""V215"", ""V380"", ""V342""]","{""n_estimators"": 444, ""max_depth"": 14, ""min_samples_split"": 3, ""min_samples_leaf"": 4, ""criterion"": ""gini"", ""class_weight"": null}"
8,2026-06-05T11:22:36.926097+00:00,extra,ranking_total,8,5460,6,999,0.5383063961355357,777,222,0.49707774244360897,"[""V176"", ""V255"", ""V191"", ""V160"", ""V215"", ""V380""]","{""n_estimators"": 225, ""max_depth"": 7, ""min_samples_split"": 6, ""min_samples_leaf"": 7, ""criterion"": ""gini"", ""class_weight"": null}"
9,2026-06-05T11:24:06.638277+00:00,extra,ranking_total,9,5330,7,1000,0.525093744307169,782,218,0.4973654368303427,"[""V176"", ""V255"", ""V191"", ""V160"", ""V215"", ""V380"", ""V342""]","{""n_estimators"": 390, ""max_depth"": 5, ""min_samples_split"": 3, ""min_samples_leaf"": 6, ""criterion"": ""entropy"", ""class_weight"": null}"
10,2026-06-05T11:25:48.949317+00:00,extra,ranking_total,10,5390,4,1000,0.5638586220143187,746,254,0.4971463689019098,"[""V176"", ""V255"", ""V191"", ""V160""]","{""n_estimators"": 432, ""max_depth"": 9, ""min_samples_split"": 6, ""min_samples_leaf"": 6, ""criterion"": ""entropy"", ""class_weight"": null}"
11,2026-06-05T11:27:05.676636+00:00,extra,ranking_total,11,5425,7,999,0.5574701452007756,788,211,0.4969665404466412,"[""V176"", ""V255"", ""V191"", ""V160"", ""V215"", ""V380"", ""V342""]","{""n_estimators"": 315, ""max_depth"": 11, ""min_samples_split"": 7, ""min_samples_leaf"": 5, ""criterion"": ""gini"", ""class_weight"": null}"
12,2026-06-05T11:28:54.539397+00:00,extra,ranking_total,12,5410,7,999,0.5541381264839784,787,212,0.4968842206675084,"[""V176"", ""V255"", ""V191"", ""V160"", ""V215"", ""V380"", ""V342""]","{""n_estimators"": 459, ""max_depth"": 9, ""min_samples_split"": 9, ""min_samples_leaf"": 1, ""criterion"": ""entropy"", ""class_weight"": null}"
13,2026-06-05T11:30:24.463276+00:00,extra,ranking_total,13,5410,6,1000,0.5473738729116928,774,226,0.49708456840880516,"[""V176"", ""V255"", ""V191"", ""V160"", ""V215"", ""V380""]","{""n_estimators"": 381, ""max_depth"": 9, ""min_samples_split"": 5, ""min_samples_leaf"": 7, ""criterion"": ""entropy"", ""class_weight"": null}"
14,2026-06-05T11:32:08.761160+00:00,extra,ranking_total,14,5390,5,999,0.544691083698476,759,240,0.49962979439707234,"[""V176"", ""V255"", ""V191"", ""V160"", ""V215""]","{""n_estimators"": 388, ""max_depth"": 6, ""min_samples_split"": 2, ""min_samples_leaf"": 1, ""criterion"": ""entropy"", ""class_weight"": ""balanced""}"
15,2026-06-05T11:32:44.675806+00:00,extra,ranking_total,15,5340,5,1000,0.5173105680886274,756,244,0.497445827541744,"[""V176"", ""V255"", ""V191"", ""V160"", ""V215""]","{""n_estimators"": 157, ""max_depth"": 3, ""min_samples_split"": 2, ""min_samples_leaf"": 7, ""criterion"": ""gini"", ""class_weight"": null}"
16,2026-06-05T11:34:00.304801+00:00,extra,ranking_total,16,5405,7,1000,0.5270147003544289,787,213,0.49979066040666387,"[""V176"", ""V255"", ""V191"", ""V160"", ""V215"", ""V380"", ""V342""]","{""n_estimators"": 295, ""max_depth"": 5, ""min_samples_split"": 6, ""min_samples_leaf"": 6, ""criterion"": ""gini"", ""class_weight"": ""balanced""}"
17,2026-06-05T11:34:51.378011+00:00,extra,ranking_total,17,5410,6,1000,0.5412909227220278,774,226,0.49728719602059557,"[""V176"", ""V255"", ""V191"", ""V160"", ""V215"", ""V380""]","{""n_estimators"": 219, ""max_depth"": 7, ""min_samples_split"": 8, ""min_samples_leaf"": 6, ""criterion"": ""entropy"", ""class_weight"": null}"
18,2026-06-05T11:35:28.502334+00:00,extra,ranking_total,18,5420,7,1000,0.5461406854796327,788,212,0.49696315297872407,"[""V176"", ""V255"", ""V191"", ""V160"", ""V215"", ""V380"", ""V342""]","{""n_estimators"": 161, ""max_depth"": 10, ""min_samples_split"": 3, ""min_samples_leaf"": 7, ""criterion"": ""entropy"", ""class_weight"": null}"
19,2026-06-05T11:36:47.743848+00:00,extra,ranking_total,19,5445,6,999,0.5186649831947483,776,223,0.4974318801449517,"[""V176"", ""V255"", ""V191"", ""V160"", ""V215"", ""V380""]","{""n_estimators"": 348, ""max_depth"": 4, ""min_samples_split"": 5, ""min_samples_leaf"": 9, ""criterion"": ""gini"", ""class_weight"": null}"
20,2026-06-05T11:37:26.314362+00:00,extra,ranking_total,20,5440,7,999,0.555128170673134,789,210,0.49896433370963095,"[""V176"", ""V255"", ""V191"", ""V160"", ""V215"", ""V380"", ""V342""]","{""n_estimators"": 143, ""max_depth"": 12, ""min_samples_split"": 8, ""min_samples_leaf"": 6, ""criterion"": ""gini"", ""class_weight"": ""balanced""}"
21,2026-06-05T11:39:04.494970+00:00,extra,ranking_total,21,5395,6,1000,0.5724154390144538,773,227,0.49647598381828045,"[""V176"", ""V255"", ""V191"", ""V160"", ""V215"", ""V380""]","{""n_estimators"": 405, ""max_depth"": 13, ""min_samples_split"": 4, ""min_samples_leaf"": 5, ""criterion"": ""gini"", ""class_weight"": null}"
22,2026-06-05T11:40:03.191061+00:00,extra,ranking_total,22,5495,7,1000,0.5181588739578783,793,207,0.4975189246795836,"[""V176"", ""V255"", ""V191"", ""V160"", ""V215"", ""V380"", ""V342""]","{""n_estimators"": 257, ""max_depth"": 4, ""min_samples_split"": 2, ""min_samples_leaf"": 5, ""criterion"": ""entropy"", ""class_weight"": null}"
23,2026-06-05T11:41:56.089183+00:00,extra,ranking_total,23,5485,7,999,0.5230350830187364,792,207,0.49980313258080805,"[""V176"", ""V255"", ""V191"", ""V160"", ""V215"", ""V380"", ""V342""]","{""n_estimators"": 423, ""max_depth"": 4, ""min_samples_split"": 6, ""min_samples_leaf"": 1, ""criterion"": ""gini"", ""class_weight"": ""balanced""}"
24,2026-06-05T11:42:31.367739+00:00,extra,ranking_total,24,5380,6,1000,0.5615794726618314,772,228,0.499166718163245,"[""V176"", ""V255"", ""V191"", ""V160"", ""V215"", ""V380""]","{""n_estimators"": 133, ""max_depth"": 14, ""min_samples_split"": 8, ""min_samples_leaf"": 9, ""criterion"": ""entropy"", ""class_weight"": ""balanced""}"
25,2026-06-05T11:44:42.823632+00:00,extra,ranking_total,25,5505,6,999,0.5916125148078082,780,219,0.49712639965578803,"[""V176"", ""V255"", ""V191"", ""V160"", ""V215"", ""V380""]","{""n_estimators"": 468, ""max_depth"": 13, ""min_samples_split"": 5, ""min_samples_leaf"": 1, ""criterion"": ""entropy"", ""class_weight"": ""balanced""}"
26,2026-06-05T11:45:32.759609+00:00,extra,ranking_total,26,5460,5,1000,0.5499907925025525,764,236,0.4995460906739267,"[""V176"", ""V255"", ""V191"", ""V160"", ""V215""]","{""n_estimators"": 182, ""max_depth"": 8, ""min_samples_split"": 8, ""min_samples_leaf"": 7, ""criterion"": ""gini"", ""class_weight"": ""balanced""}"
27,2026-06-05T11:47:08.682787+00:00,extra,ranking_total,27,5375,7,1000,0.5615855182500893,785,215,0.4988989642500894,"[""V176"", ""V255"", ""V191"", ""V160"", ""V215"", ""V380"", ""V342""]","{""n_estimators"": 359, ""max_depth"": 13, ""min_samples_split"": 8, ""min_samples_leaf"": 7, ""criterion"": ""gini"", ""class_weight"": ""balanced""}"
28,2026-06-05T11:47:26.361511+00:00,extra,ranking_total,28,5275,5,998,0.5610564558739388,751,247,0.4969660774397613,"[""V176"", ""V255"", ""V191"", ""V160"", ""V215""]","{""n_estimators"": 69, ""max_depth"": 12, ""min_samples_split"": 2, ""min_samples_leaf"": 9, ""criterion"": ""entropy"", ""class_weight"": null}"
29,2026-06-05T11:48:45.990739+00:00,extra,ranking_total,29,5290,8,998,0.5160693934010477,792,206,0.499853913863106,"[""V176"", ""V255"", ""V191"", ""V160"", ""V215"", ""V380"", ""V342"", ""V483""]","{""n_estimators"": 307, ""max_depth"": 3, ""min_samples_split"": 3, ""min_samples_leaf"": 6, ""criterion"": ""gini"", ""class_weight"": ""balanced""}"
30,2026-06-05T11:50:26.567546+00:00,extra,ranking_total,30,5455,7,999,0.5571545700352729,790,209,0.4966266428550459,"[""V176"", ""V255"", ""V191"", ""V160"", ""V215"", ""V380"", ""V342""]","{""n_estimators"": 421, ""max_depth"": 10, ""min_samples_split"": 6, ""min_samples_leaf"": 3, ""criterion"": ""gini"", ""class_weight"": null}"
31,2026-06-05T11:51:57.693254+00:00,extra,ranking_total,31,5455,7,999,0.5534337843000894,790,209,0.4991106222992825,"[""V176"", ""V255"", ""V191"", ""V160"", ""V215"", ""V380"", ""V342""]","{""n_estimators"": 343, ""max_depth"": 10, ""min_samples_split"": 7, ""min_samples_leaf"": 5, ""criterion"": ""entropy"", ""class_weight"": ""balanced""}"
32,2026-06-05T11:53:14.192709+00:00,extra,ranking_total,32,5345,7,1000,0.6361392765015538,783,217,0.4937646644832844,"[""V176"", ""V255"", ""V191"", ""V160"", ""V215"", ""V380"", ""V342""]","{""n_estimators"": 260, ""max_depth"": null, ""min_samples_split"": 9, ""min_samples_leaf"": 1, ""criterion"": ""entropy"", ""class_weight"": ""balanced""}"
33,2026-06-05T11:54:22.466560+00:00,extra,ranking_total,33,5335,7,999,0.5170694246232604,782,217,0.4998575801357507,"[""V176"", ""V255"", ""V191"", ""V160"", ""V215"", ""V380"", ""V342""]","{""n_estimators"": 265, ""max_depth"": 3, ""min_samples_split"": 5, ""min_samples_leaf"": 6, ""criterion"": ""gini"", ""class_weight"": ""balanced""}"
34,2026-06-05T11:54:41.248907+00:00,extra,ranking_total,34,5300,7,1000,0.5502866708359745,780,220,0.499190540064286,"[""V176"", ""V255"", ""V191"", ""V160"", ""V215"", ""V380"", ""V342""]","{""n_estimators"": 70, ""max_depth"": 11, ""min_samples_split"": 9, ""min_samples_leaf"": 9, ""criterion"": ""gini"", ""class_weight"": ""balanced""}"
35,2026-06-05T11:56:44.747106+00:00,extra,ranking_total,35,5415,6,999,0.5567325157852588,774,225,0.49929115446797834,"[""V176"", ""V255"", ""V191"", ""V160"", ""V215"", ""V380""]","{""n_estimators"": 467, ""max_depth"": 10, ""min_samples_split"": 4, ""min_samples_leaf"": 7, ""criterion"": ""entropy"", ""class_weight"": ""balanced""}"
36,2026-06-05T11:57:50.601532+00:00,extra,ranking_total,36,5440,7,999,0.5455832920898535,789,210,0.49938770743537353,"[""V176"", ""V255"", ""V191"", ""V160"", ""V215"", ""V380"", ""V342""]","{""n_estimators"": 251, ""max_depth"": 10, ""min_samples_split"": 9, ""min_samples_leaf"": 8, ""criterion"": ""entropy"", ""class_weight"": ""balanced""}"
37,2026-06-05T11:58:38.501533+00:00,extra,ranking_total,37,5410,7,999,0.5364228755426349,787,212,0.4996132398206846,"[""V176"", ""V255"", ""V191"", ""V160"", ""V215"", ""V380"", ""V342""]","{""n_estimators"": 183, ""max_depth"": 7, ""min_samples_split"": 4, ""min_samples_leaf"": 9, ""criterion"": ""gini"", ""class_weight"": ""balanced""}"
38,2026-06-05T12:00:39.776834+00:00,extra,ranking_total,38,5455,7,996,0.5601216362770443,789,207,0.4989686936643985,"[""V176"", ""V255"", ""V191"", ""V160"", ""V215"", ""V380"", ""V342""]","{""n_estimators"": 449, ""max_depth"": 12, ""min_samples_split"": 5, ""min_samples_leaf"": 6, ""criterion"": ""gini"", ""class_weight"": ""balanced""}"
39,2026-06-05T12:02:33.879477+00:00,extra,ranking_total,39,5410,6,1000,0.5639622848862672,774,226,0.4966367361260467,"[""V176"", ""V255"", ""V191"", ""V160"", ""V215"", ""V380""]","{""n_estimators"": 467, ""max_depth"": 12, ""min_samples_split"": 5, ""min_samples_leaf"": 6, ""criterion"": ""entropy"", ""class_weight"": null}"
40,2026-06-05T12:04:18.587449+00:00,extra,ranking_total,40,5370,5,1000,0.532807137031838,758,242,0.4974401958123184,"[""V176"", ""V255"", ""V191"", ""V160"", ""V215""]","{""n_estimators"": 443, ""max_depth"": 5, ""min_samples_split"": 3, ""min_samples_leaf"": 1, ""criterion"": ""entropy"", ""class_weight"": null}"
41,2026-06-05T12:05:54.440702+00:00,extra,ranking_total,41,5450,7,1000,0.5457968317094255,790,210,0.4993081835049403,"[""V176"", ""V255"", ""V191"", ""V160"", ""V215"", ""V380"", ""V342""]","{""n_estimators"": 376, ""max_depth"": 9, ""min_samples_split"": 5, ""min_samples_leaf"": 8, ""criterion"": ""gini"", ""class_weight"": ""balanced""}"
42,2026-06-05T12:08:07.545560+00:00,extra,ranking_total,42,5470,6,1000,0.5509298158169613,778,222,0.49945387825667376,"[""V176"", ""V255"", ""V191"", ""V160"", ""V215"", ""V380""]","{""n_estimators"": 498, ""max_depth"": 8, ""min_samples_split"": 5, ""min_samples_leaf"": 3, ""criterion"": ""entropy"", ""class_weight"": ""balanced""}"
43,2026-06-05T12:08:47.914966+00:00,extra,ranking_total,43,5365,6,1000,0.563084056844469,771,229,0.49903238126203014,"[""V176"", ""V255"", ""V191"", ""V160"", ""V215"", ""V380""]","{""n_estimators"": 152, ""max_depth"": 12, ""min_samples_split"": 5, ""min_samples_leaf"": 8, ""criterion"": ""gini"", ""class_weight"": ""balanced""}"
44,2026-06-05T12:10:35.308450+00:00,extra,ranking_total,44,5285,7,997,0.6194538340558139,778,219,0.4923482271546047,"[""V176"", ""V255"", ""V191"", ""V160"", ""V215"", ""V380"", ""V342""]","{""n_estimators"": 374, ""max_depth"": null, ""min_samples_split"": 2, ""min_samples_leaf"": 2, ""criterion"": ""entropy"", ""class_weight"": ""balanced""}"
45,2026-06-05T12:12:00.103253+00:00,extra,ranking_total,45,5495,7,1000,0.5477184222068195,793,207,0.4992781846072001,"[""V176"", ""V255"", ""V191"", ""V160"", ""V215"", ""V380"", ""V342""]","{""n_estimators"": 326, ""max_depth"": 8, ""min_samples_split"": 5, ""min_samples_leaf"": 2, ""criterion"": ""gini"", ""class_weight"": ""balanced""}"
46,2026-06-05T12:13:45.339336+00:00,extra,ranking_total,46,5435,7,1000,0.5339666310049433,789,211,0.49738660517166844,"[""V176"", ""V255"", ""V191"", ""V160"", ""V215"", ""V380"", ""V342""]","{""n_estimators"": 464, ""max_depth"": 6, ""min_samples_split"": 5, ""min_samples_leaf"": 1, ""criterion"": ""entropy"", ""class_weight"": null}"
47,2026-06-05T12:14:48.396470+00:00,extra,ranking_total,47,5365,6,1000,0.517684425098859,771,229,0.49982808785535626,"[""V176"", ""V255"", ""V191"", ""V160"", ""V215"", ""V380""]","{""n_estimators"": 239, ""max_depth"": 3, ""min_samples_split"": 7, ""min_samples_leaf"": 9, ""criterion"": ""entropy"", ""class_weight"": ""balanced""}"
48,2026-06-05T12:15:31.985933+00:00,extra,ranking_total,48,5465,7,1000,0.5347969253836282,791,209,0.4972401355779217,"[""V176"", ""V255"", ""V191"", ""V160"", ""V215"", ""V380"", ""V342""]","{""n_estimators"": 185, ""max_depth"": 7, ""min_samples_split"": 8, ""min_samples_leaf"": 8, ""criterion"": ""gini"", ""class_weight"": null}"
49,2026-06-05T12:15:46.298078+00:00,extra,ranking_total,49,5545,6,1000,0.5657696363580861,783,217,0.4989220559480121,"[""V176"", ""V255"", ""V191"", ""V160"", ""V215"", ""V380""]","{""n_estimators"": 50, ""max_depth"": 10, ""min_samples_split"": 5, ""min_samples_leaf"": 2, ""criterion"": ""entropy"", ""class_weight"": ""balanced""}"
50,2026-06-05T12:17:35.871244+00:00,extra,ranking_total,50,5375,7,1000,0.5130955198519683,785,215,0.49751443083734176,"[""V176"", ""V255"", ""V191"", ""V160"", ""V215"", ""V380"", ""V342""]","{""n_estimators"": 476, ""max_depth"": 3, ""min_samples_split"": 7, ""min_samples_leaf"": 9, ""criterion"": ""entropy"", ""class_weight"": null}"
51,2026-06-05T12:18:29.298571+00:00,extra,ranking_total,51,5520,7,998,0.5522292728497058,794,204,0.4966238127001876,"[""V176"", ""V255"", ""V191"", ""V160"", ""V215"", ""V380"", ""V342""]","{""n_estimators"": 226, ""max_depth"": 9, ""min_samples_split"": 2, ""min_samples_leaf"": 2, ""criterion"": ""entropy"", ""class_weight"": null}"
52,2026-06-05T12:18:55.953165+00:00,extra,ranking_total,52,5410,6,1000,0.5324455208553563,774,226,0.4998910315458208,"[""V176"", ""V255"", ""V191"", ""V160"", ""V215"", ""V380""]","{""n_estimators"": 107, ""max_depth"": 5, ""min_samples_split"": 7, ""min_samples_leaf"": 1, ""criterion"": ""gini"", ""class_weight"": ""balanced""}"
53,2026-06-05T12:19:43.647244+00:00,extra,ranking_total,53,5375,7,1000,0.5279548153544456,785,215,0.49734112398852304,"[""V176"", ""V255"", ""V191"", ""V160"", ""V215"", ""V380"", ""V342""]","{""n_estimators"": 206, ""max_depth"": 6, ""min_samples_split"": 5, ""min_samples_leaf"": 8, ""criterion"": ""gini"", ""class_weight"": null}"
54,2026-06-05T12:20:01.228757+00:00,extra,ranking_total,54,5480,4,1000,0.5727751944658049,752,248,0.4966864694334762,"[""V176"", ""V255"", ""V191"", ""V160""]","{""n_estimators"": 75, ""max_depth"": 11, ""min_samples_split"": 7, ""min_samples_leaf"": 6, ""criterion"": ""gini"", ""class_weight"": null}"
55,2026-06-05T12:20:36.686124+00:00,extra,ranking_total,55,5360,7,1000,0.5216510415800424,784,216,0.4973811979106169,"[""V176"", ""V255"", ""V191"", ""V160"", ""V215"", ""V380"", ""V342""]","{""n_estimators"": 161, ""max_depth"": 4, ""min_samples_split"": 7, ""min_samples_leaf"": 3, ""criterion"": ""entropy"", ""class_weight"": null}"
56,2026-06-05T12:21:27.803738+00:00,extra,ranking_total,56,5260,4,999,0.5231164716835398,737,262,0.49985333877975435,"[""V176"", ""V255"", ""V191"", ""V160""]","{""n_estimators"": 204, ""max_depth"": 3, ""min_samples_split"": 9, ""min_samples_leaf"": 9, ""criterion"": ""gini"", ""class_weight"": ""balanced""}"
57,2026-06-05T12:23:03.529906+00:00,extra,ranking_total,57,5545,6,1000,0.5668725927936497,783,217,0.4963327879824202,"[""V176"", ""V255"", ""V191"", ""V160"", ""V215"", ""V380""]","{""n_estimators"": 391, ""max_depth"": 10, ""min_samples_split"": 6, ""min_samples_leaf"": 1, ""criterion"": ""gini"", ""class_weight"": null}"
58,2026-06-05T12:24:13.334513+00:00,extra,ranking_total,58,5350,6,1000,0.5708306362047648,770,230,0.49838662097301367,"[""V176"", ""V255"", ""V191"", ""V160"", ""V215"", ""V380""]","{""n_estimators"": 264, ""max_depth"": null, ""min_samples_split"": 7, ""min_samples_leaf"": 7, ""criterion"": ""entropy"", ""class_weight"": ""balanced""}"
59,2026-06-05T12:25:41.897776+00:00,extra,ranking_total,59,5390,5,999,0.5663778985221385,759,240,0.49917354150506815,"[""V176"", ""V255"", ""V191"", ""V160"", ""V215""]","{""n_estimators"": 341, ""max_depth"": 11, ""min_samples_split"": 2, ""min_samples_leaf"": 8, ""criterion"": ""gini"", ""class_weight"": ""balanced""}"
60,2026-06-05T12:26:31.322983+00:00,extra,ranking_total,60,5475,6,999,0.5284224859247465,778,221,0.49731536206007004,"[""V176"", ""V255"", ""V191"", ""V160"", ""V215"", ""V380""]","{""n_estimators"": 227, ""max_depth"": 5, ""min_samples_split"": 6, ""min_samples_leaf"": 8, ""criterion"": ""gini"", ""class_weight"": null}"
61,2026-06-05T12:27:35.991470+00:00,extra,ranking_total,61,5405,7,1000,0.5326711261315246,787,213,0.49977420688480995,"[""V176"", ""V255"", ""V191"", ""V160"", ""V215"", ""V380"", ""V342""]","{""n_estimators"": 255, ""max_depth"": 6, ""min_samples_split"": 3, ""min_samples_leaf"": 7, ""criterion"": ""entropy"", ""class_weight"": ""balanced""}"
62,2026-06-05T12:28:12.273298+00:00,extra,ranking_total,62,5440,7,999,0.5523608075182203,789,210,0.4990782590059249,"[""V176"", ""V255"", ""V191"", ""V160"", ""V215"", ""V380"", ""V342""]","{""n_estimators"": 149, ""max_depth"": 9, ""min_samples_split"": 4, ""min_samples_leaf"": 3, ""criterion"": ""gini"", ""class_weight"": ""balanced""}"
63,2026-06-05T12:28:31.300675+00:00,extra,ranking_total,63,5455,6,1000,0.5775373802981923,777,223,0.49792117492324695,"[""V176"", ""V255"", ""V191"", ""V160"", ""V215"", ""V380""]","{""n_estimators"": 68, ""max_depth"": 11, ""min_samples_split"": 2, ""min_samples_leaf"": 2, ""criterion"": ""gini"", ""class_weight"": ""balanced""}"
64,2026-06-05T12:28:53.540946+00:00,extra,ranking_total,64,5345,5,999,0.5543461277148876,756,243,0.49723674418412994,"[""V176"", ""V255"", ""V191"", ""V160"", ""V215""]","{""n_estimators"": 94, ""max_depth"": 9, ""min_samples_split"": 6, ""min_samples_leaf"": 8, ""criterion"": ""entropy"", ""class_weight"": null}"
65,2026-06-05T12:29:31.738319+00:00,extra,ranking_total,65,5515,6,997,0.5502145875574403,780,217,0.49695605303450846,"[""V176"", ""V255"", ""V191"", ""V160"", ""V215"", ""V380""]","{""n_estimators"": 169, ""max_depth"": 9, ""min_samples_split"": 8, ""min_samples_leaf"": 7, ""criterion"": ""gini"", ""class_weight"": null}"
66,2026-06-05T12:30:55.560090+00:00,extra,ranking_total,66,5425,6,1000,0.5406516086610309,775,225,0.4971000208035679,"[""V176"", ""V255"", ""V191"", ""V160"", ""V215"", ""V380""]","{""n_estimators"": 352, ""max_depth"": 8, ""min_samples_split"": 7, ""min_samples_leaf"": 9, ""criterion"": ""entropy"", ""class_weight"": null}"
67,2026-06-05T12:31:12.376762+00:00,extra,ranking_total,67,5285,5,999,0.5198866812274451,752,247,0.49755563468866093,"[""V176"", ""V255"", ""V191"", ""V160"", ""V215""]","{""n_estimators"": 70, ""max_depth"": 3, ""min_samples_split"": 6, ""min_samples_leaf"": 8, ""criterion"": ""entropy"", ""class_weight"": null}"
68,2026-06-05T12:32:37.710791+00:00,extra,ranking_total,68,5470,6,1000,0.5152883497079399,778,222,0.49750007071716945,"[""V176"", ""V255"", ""V191"", ""V160"", ""V215"", ""V380""]","{""n_estimators"": 373, ""max_depth"": 3, ""min_samples_split"": 7, ""min_samples_leaf"": 6, ""criterion"": ""gini"", ""class_weight"": null}"
69,2026-06-05T12:34:16.097645+00:00,extra,ranking_total,69,5415,7,998,0.5567949666180381,787,211,0.49910345645471416,"[""V176"", ""V255"", ""V191"", ""V160"", ""V215"", ""V380"", ""V342""]","{""n_estimators"": 369, ""max_depth"": 13, ""min_samples_split"": 4, ""min_samples_leaf"": 8, ""criterion"": ""entropy"", ""class_weight"": ""balanced""}"
70,2026-06-05T12:34:42.852699+00:00,extra,ranking_total,70,5340,4,998,0.5773885479525288,742,256,0.4993988701204586,"[""V176"", ""V255"", ""V191"", ""V160""]","{""n_estimators"": 104, ""max_depth"": 12, ""min_samples_split"": 5, ""min_samples_leaf"": 8, ""criterion"": ""gini"", ""class_weight"": ""balanced""}"
71,2026-06-05T12:36:09.197258+00:00,extra,ranking_total,71,5380,4,999,0.5213075677039073,745,254,0.4975056876768023,"[""V176"", ""V255"", ""V191"", ""V160""]","{""n_estimators"": 384, ""max_depth"": 3, ""min_samples_split"": 8, ""min_samples_leaf"": 3, ""criterion"": ""entropy"", ""class_weight"": null}"
72,2026-06-05T12:36:44.680298+00:00,extra,ranking_total,72,5335,7,999,0.5326374599102952,782,217,0.49725597867609406,"[""V176"", ""V255"", ""V191"", ""V160"", ""V215"", ""V380"", ""V342""]","{""n_estimators"": 157, ""max_depth"": 7, ""min_samples_split"": 7, ""min_samples_leaf"": 8, ""criterion"": ""gini"", ""class_weight"": null}"
73,2026-06-05T12:37:59.696986+00:00,extra,ranking_total,73,5350,3,1000,0.5139245832319166,730,270,0.49757266011193585,"[""V176"", ""V255"", ""V191""]","{""n_estimators"": 325, ""max_depth"": 3, ""min_samples_split"": 8, ""min_samples_leaf"": 6, ""criterion"": ""gini"", ""class_weight"": null}"
74,2026-06-05T12:39:46.126851+00:00,extra,ranking_total,74,5440,6,1000,0.5352563592414205,776,224,0.49717769267506556,"[""V176"", ""V255"", ""V191"", ""V160"", ""V215"", ""V380""]","{""n_estimators"": 456, ""max_depth"": 6, ""min_samples_split"": 4, ""min_samples_leaf"": 1, ""criterion"": ""gini"", ""class_weight"": null}"
75,2026-06-05T12:41:36.759369+00:00,extra,ranking_total,75,5440,6,997,0.5623154638158997,775,222,0.49672197853524375,"[""V176"", ""V255"", ""V191"", ""V160"", ""V215"", ""V380""]","{""n_estimators"": 464, ""max_depth"": 11, ""min_samples_split"": 5, ""min_samples_leaf"": 5, ""criterion"": ""gini"", ""class_weight"": null}"
76,2026-06-05T12:42:46.435749+00:00,extra,ranking_total,76,5465,6,998,0.5539746315882197,777,221,0.4969376909533531,"[""V176"", ""V255"", ""V191"", ""V160"", ""V215"", ""V380""]","{""n_estimators"": 298, ""max_depth"": 9, ""min_samples_split"": 2, ""min_samples_leaf"": 4, ""criterion"": ""entropy"", ""class_weight"": null}"
77,2026-06-05T12:43:35.193889+00:00,extra,ranking_total,77,5495,7,1000,0.5330500414425275,793,207,0.4973199607858025,"[""V176"", ""V255"", ""V191"", ""V160"", ""V215"", ""V380"", ""V342""]","{""n_estimators"": 211, ""max_depth"": 7, ""min_samples_split"": 9, ""min_samples_leaf"": 8, ""criterion"": ""entropy"", ""class_weight"": null}"
78,2026-06-05T12:44:40.410722+00:00,extra,ranking_total,78,5450,7,997,0.5666285447351184,789,208,0.49627252142200967,"[""V176"", ""V255"", ""V191"", ""V160"", ""V215"", ""V380"", ""V342""]","{""n_estimators"": 265, ""max_depth"": 14, ""min_samples_split"": 9, ""min_samples_leaf"": 5, ""criterion"": ""entropy"", ""class_weight"": null}"
79,2026-06-05T12:45:37.506518+00:00,extra,ranking_total,79,5365,6,1000,0.5265809571878385,771,229,0.4974175318587452,"[""V176"", ""V255"", ""V191"", ""V160"", ""V215"", ""V380""]","{""n_estimators"": 247, ""max_depth"": 5, ""min_samples_split"": 8, ""min_samples_leaf"": 8, ""criterion"": ""gini"", ""class_weight"": null}"
80,2026-06-05T12:47:06.818776+00:00,extra,ranking_total,80,5400,6,999,0.5224723228661833,773,226,0.497472014442586,"[""V176"", ""V255"", ""V191"", ""V160"", ""V215"", ""V380""]","{""n_estimators"": 393, ""max_depth"": 4, ""min_samples_split"": 7, ""min_samples_leaf"": 4, ""criterion"": ""entropy"", ""class_weight"": null}"
81,2026-06-05T12:47:59.232907+00:00,extra,ranking_total,81,5510,7,1000,0.5295773068419294,794,206,0.4972841990908228,"[""V176"", ""V255"", ""V191"", ""V160"", ""V215"", ""V380"", ""V342""]","{""n_estimators"": 225, ""max_depth"": 6, ""min_samples_split"": 6, ""min_samples_leaf"": 7, ""criterion"": ""entropy"", ""class_weight"": null}"
82,2026-06-05T12:49:28.344322+00:00,extra,ranking_total,82,5405,7,1000,0.5426893568817128,787,213,0.4970385165719709,"[""V176"", ""V255"", ""V191"", ""V160"", ""V215"", ""V380"", ""V342""]","{""n_estimators"": 373, ""max_depth"": 10, ""min_samples_split"": 3, ""min_samples_leaf"": 9, ""criterion"": ""entropy"", ""class_weight"": null}"
83,2026-06-05T12:50:10.937692+00:00,extra,ranking_total,83,5295,6,999,0.520753506872548,766,233,0.4974078087611002,"[""V176"", ""V255"", ""V191"", ""V160"", ""V215"", ""V380""]","{""n_estimators"": 181, ""max_depth"": 4, ""min_samples_split"": 4, ""min_samples_leaf"": 4, ""criterion"": ""entropy"", ""class_weight"": null}"
84,2026-06-05T12:50:45.464294+00:00,extra,ranking_total,84,5365,6,1000,0.5463878448089025,771,229,0.4993480819831277,"[""V176"", ""V255"", ""V191"", ""V160"", ""V215"", ""V380""]","{""n_estimators"": 132, ""max_depth"": 9, ""min_samples_split"": 9, ""min_samples_leaf"": 9, ""criterion"": ""entropy"", ""class_weight"": ""balanced""}"
85,2026-06-05T12:52:56.303985+00:00,extra,ranking_total,85,5365,6,1000,0.5600844800906726,771,229,0.49915377173114794,"[""V176"", ""V255"", ""V191"", ""V160"", ""V215"", ""V380""]","{""n_estimators"": 476, ""max_depth"": 13, ""min_samples_split"": 3, ""min_samples_leaf"": 9, ""criterion"": ""entropy"", ""class_weight"": ""balanced""}"
86,2026-06-05T12:54:31.098577+00:00,extra,ranking_total,86,5390,7,1000,0.5251080183496286,786,214,0.497410965093492,"[""V176"", ""V255"", ""V191"", ""V160"", ""V215"", ""V380"", ""V342""]","{""n_estimators"": 412, ""max_depth"": 5, ""min_samples_split"": 2, ""min_samples_leaf"": 5, ""criterion"": ""gini"", ""class_weight"": null}"
87,2026-06-05T12:55:18.796185+00:00,extra,ranking_total,87,5350,6,1000,0.5783984693460132,770,230,0.4960988775565351,"[""V176"", ""V255"", ""V191"", ""V160"", ""V215"", ""V380""]","{""n_estimators"": 198, ""max_depth"": 14, ""min_samples_split"": 2, ""min_samples_leaf"": 4, ""criterion"": ""gini"", ""class_weight"": null}"
88,2026-06-05T12:56:57.941248+00:00,extra,ranking_total,88,5375,7,1000,0.5219786654463535,785,215,0.4997131781195947,"[""V176"", ""V255"", ""V191"", ""V160"", ""V215"", ""V380"", ""V342""]","{""n_estimators"": 383, ""max_depth"": 4, ""min_samples_split"": 5, ""min_samples_leaf"": 7, ""criterion"": ""gini"", ""class_weight"": ""balanced""}"
89,2026-06-05T12:58:17.988442+00:00,extra,ranking_total,89,5510,7,1000,0.545820830124775,794,206,0.4969984058967704,"[""V176"", ""V255"", ""V191"", ""V160"", ""V215"", ""V380"", ""V342""]","{""n_estimators"": 338, ""max_depth"": 8, ""min_samples_split"": 9, ""min_samples_leaf"": 2, ""criterion"": ""gini"", ""class_weight"": null}"
90,2026-06-05T13:00:15.991661+00:00,extra,ranking_total,90,5455,7,999,0.5161916377745253,790,209,0.4998714050425666,"[""V176"", ""V255"", ""V191"", ""V160"", ""V215"", ""V380"", ""V342""]","{""n_estimators"": 453, ""max_depth"": 3, ""min_samples_split"": 8, ""min_samples_leaf"": 5, ""criterion"": ""entropy"", ""class_weight"": ""balanced""}"
91,2026-06-05T13:01:46.847288+00:00,extra,ranking_total,91,5320,7,999,0.5264274512629347,781,218,0.4973363994694832,"[""V176"", ""V255"", ""V191"", ""V160"", ""V215"", ""V380"", ""V342""]","{""n_estimators"": 397, ""max_depth"": 5, ""min_samples_split"": 7, ""min_samples_leaf"": 3, ""criterion"": ""gini"", ""class_weight"": null}"
92,2026-06-05T13:02:46.478106+00:00,extra,ranking_total,92,5280,5,1000,0.5212072518122249,752,248,0.4999110076934931,"[""V176"", ""V255"", ""V191"", ""V160"", ""V215""]","{""n_estimators"": 228, ""max_depth"": 3, ""min_samples_split"": 8, ""min_samples_leaf"": 3, ""criterion"": ""gini"", ""class_weight"": ""balanced""}"
93,2026-06-05T13:03:32.919877+00:00,extra,ranking_total,93,5510,7,997,0.546894474417839,793,204,0.49935510950786466,"[""V176"", ""V255"", ""V191"", ""V160"", ""V215"", ""V380"", ""V342""]","{""n_estimators"": 172, ""max_depth"": 8, ""min_samples_split"": 4, ""min_samples_leaf"": 4, ""criterion"": ""entropy"", ""class_weight"": ""balanced""}"
94,2026-06-05T13:05:37.012884+00:00,extra,ranking_total,94,5490,7,995,0.5496254207995405,791,204,0.49923962668185634,"[""V176"", ""V255"", ""V191"", ""V160"", ""V215"", ""V380"", ""V342""]","{""n_estimators"": 471, ""max_depth"": 9, ""min_samples_split"": 5, ""min_samples_leaf"": 5, ""criterion"": ""entropy"", ""class_weight"": ""balanced""}"
95,2026-06-05T13:06:40.081907+00:00,extra,ranking_total,95,5600,7,1000,0.562155929860925,800,200,0.4981879596842973,"[""V176"", ""V255"", ""V191"", ""V160"", ""V215"", ""V380"", ""V342""]","{""n_estimators"": 237, ""max_depth"": 10, ""min_samples_split"": 4, ""min_samples_leaf"": 1, ""criterion"": ""gini"", ""class_weight"": ""balanced""}"
96,2026-06-05T13:08:33.214354+00:00,extra,ranking_total,96,5485,7,999,0.5720902347261034,792,207,0.4960871885375998,"[""V176"", ""V255"", ""V191"", ""V160"", ""V215"", ""V380"", ""V342""]","{""n_estimators"": 456, ""max_depth"": 14, ""min_samples_split"": 3, ""min_samples_leaf"": 4, ""criterion"": ""gini"", ""class_weight"": null}"
97,2026-06-05T13:09:04.075076+00:00,extra,ranking_total,97,5485,6,1000,0.5380439497736524,779,221,0.4972833049655792,"[""V176"", ""V255"", ""V191"", ""V160"", ""V215"", ""V380""]","{""n_estimators"": 134, ""max_depth"": 7, ""min_samples_split"": 4, ""min_samples_leaf"": 7, ""criterion"": ""entropy"", ""class_weight"": null}"
98,2026-06-05T13:09:36.190758+00:00,extra,ranking_total,98,5410,4,999,0.5389197825223594,747,252,0.49748370332623526,"[""V176"", ""V255"", ""V191"", ""V160""]","{""n_estimators"": 140, ""max_depth"": 5, ""min_samples_split"": 5, ""min_samples_leaf"": 4, ""criterion"": ""entropy"", ""class_weight"": null}"
99,2026-06-05T13:09:57.719188+00:00,extra,ranking_total,99,5340,5,1000,0.5514203795499939,756,244,0.4973388193473482,"[""V176"", ""V255"", ""V191"", ""V160"", ""V215""]","{""n_estimators"": 92, ""max_depth"": 7, ""min_samples_split"": 6, ""min_samples_leaf"": 2, ""criterion"": ""gini"", ""class_weight"": null}"
100,2026-06-05T13:10:44.903799+00:00,extra,ranking_total,100,5360,7,1000,0.5412030086847924,784,216,0.49974021889163034,"[""V176"", ""V255"", ""V191"", ""V160"", ""V215"", ""V380"", ""V342""]","{""n_estimators"": 179, ""max_depth"": 8, ""min_samples_split"": 5, ""min_samples_leaf"": 9, ""criterion"": ""entropy"", ""class_weight"": ""balanced""}"
101,2026-06-05T13:10:59.676904+00:00,extra,ranking_total,101,5300,7,1000,0.5199769105214608,780,220,0.4974280603412355,"[""V176"", ""V255"", ""V191"", ""V160"", ""V215"", ""V380"", ""V342""]","{""n_estimators"": 58, ""max_depth"": 4, ""min_samples_split"": 2, ""min_samples_leaf"": 4, ""criterion"": ""entropy"", ""class_weight"": null}"
102,2026-06-05T13:12:38.307686+00:00,extra,ranking_total,102,5420,7,994,0.5678795969409394,786,208,0.4963499237767992,"[""V176"", ""V255"", ""V191"", ""V160"", ""V215"", ""V380"", ""V342""]","{""n_estimators"": 401, ""max_depth"": 11, ""min_samples_split"": 5, ""min_samples_leaf"": 2, ""criterion"": ""gini"", ""class_weight"": null}"
103,2026-06-05T13:13:58.792438+00:00,extra,ranking_total,103,5455,7,999,0.5222101159745456,790,209,0.49987692929904426,"[""V176"", ""V255"", ""V191"", ""V160"", ""V215"", ""V380"", ""V342""]","{""n_estimators"": 306, ""max_depth"": 4, ""min_samples_split"": 5, ""min_samples_leaf"": 3, ""criterion"": ""entropy"", ""class_weight"": ""balanced""}"
104,2026-06-05T13:15:21.846541+00:00,extra,ranking_total,104,5450,7,1000,0.5695336245817924,790,210,0.49837023811782044,"[""V176"", ""V255"", ""V191"", ""V160"", ""V215"", ""V380"", ""V342""]","{""n_estimators"": 313, ""max_depth"": 13, ""min_samples_split"": 3, ""min_samples_leaf"": 4, ""criterion"": ""entropy"", ""class_weight"": ""balanced""}"
105,2026-06-05T13:15:54.872747+00:00,extra,ranking_total,105,5395,6,1000,0.5736095237374695,773,227,0.49864661585696596,"[""V176"", ""V255"", ""V191"", ""V160"", ""V215"", ""V380""]","{""n_estimators"": 119, ""max_depth"": null, ""min_samples_split"": 3, ""min_samples_leaf"": 7, ""criterion"": ""gini"", ""class_weight"": ""balanced""}"
106,2026-06-05T13:16:59.333763+00:00,extra,ranking_total,106,5350,6,1000,0.5604889138783219,770,230,0.4990185470289855,"[""V176"", ""V255"", ""V191"", ""V160"", ""V215"", ""V380""]","{""n_estimators"": 242, ""max_depth"": 11, ""min_samples_split"": 7, ""min_samples_leaf"": 7, ""criterion"": ""entropy"", ""class_weight"": ""balanced""}"
107,2026-06-05T13:18:51.108138+00:00,extra,ranking_total,107,5360,7,994,0.5579492714295633,782,212,0.49911934257504764,"[""V176"", ""V255"", ""V191"", ""V160"", ""V215"", ""V380"", ""V342""]","{""n_estimators"": 416, ""max_depth"": 13, ""min_samples_split"": 4, ""min_samples_leaf"": 8, ""criterion"": ""entropy"", ""class_weight"": ""balanced""}"
108,2026-06-05T13:19:15.920100+00:00,extra,ranking_total,108,5275,7,996,0.5257151763185933,777,219,0.49727588878288537,"[""V176"", ""V255"", ""V191"", ""V160"", ""V215"", ""V380"", ""V342""]","{""n_estimators"": 112, ""max_depth"": 5, ""min_samples_split"": 2, ""min_samples_leaf"": 7, ""criterion"": ""entropy"", ""class_weight"": null}"
109,2026-06-05T13:19:49.799203+00:00,extra,ranking_total,109,5365,3,1000,0.5216424504392154,731,269,0.4976131402672678,"[""V176"", ""V255"", ""V191""]","{""n_estimators"": 149, ""max_depth"": 4, ""min_samples_split"": 9, ""min_samples_leaf"": 2, ""criterion"": ""gini"", ""class_weight"": null}"
110,2026-06-05T13:21:03.351335+00:00,extra,ranking_total,110,5390,7,994,0.5298505390570873,784,210,0.49731583230399085,"[""V176"", ""V255"", ""V191"", ""V160"", ""V215"", ""V380"", ""V342""]","{""n_estimators"": 312, ""max_depth"": 6, ""min_samples_split"": 7, ""min_samples_leaf"": 6, ""criterion"": ""gini"", ""class_weight"": null}"
111,2026-06-05T13:21:45.808453+00:00,extra,ranking_total,111,5490,6,999,0.5528602633670663,779,220,0.49698680979005894,"[""V176"", ""V255"", ""V191"", ""V160"", ""V215"", ""V380""]","{""n_estimators"": 178, ""max_depth"": 8, ""min_samples_split"": 5, ""min_samples_leaf"": 1, ""criterion"": ""gini"", ""class_weight"": null}"
112,2026-06-05T13:23:16.752166+00:00,extra,ranking_total,112,5360,4,1000,0.5362838614382044,744,256,0.49742780737033826,"[""V176"", ""V255"", ""V191"", ""V160""]","{""n_estimators"": 390, ""max_depth"": 5, ""min_samples_split"": 6, ""min_samples_leaf"": 5, ""criterion"": ""entropy"", ""class_weight"": null}"
113,2026-06-05T13:23:51.916285+00:00,extra,ranking_total,113,5440,6,1000,0.5439223662537069,776,224,0.4971329267894238,"[""V176"", ""V255"", ""V191"", ""V160"", ""V215"", ""V380""]","{""n_estimators"": 150, ""max_depth"": 9, ""min_samples_split"": 5, ""min_samples_leaf"": 9, ""criterion"": ""entropy"", ""class_weight"": null}"
114,2026-06-05T13:24:52.291379+00:00,extra,ranking_total,114,5385,5,1000,0.620200422524802,759,241,0.4961918901995883,"[""V176"", ""V255"", ""V191"", ""V160"", ""V215""]","{""n_estimators"": 215, ""max_depth"": null, ""min_samples_split"": 6, ""min_samples_leaf"": 3, ""criterion"": ""entropy"", ""class_weight"": ""balanced""}"
115,2026-06-05T13:25:20.636654+00:00,extra,ranking_total,115,5360,7,1000,0.52468671545981,784,216,0.49749179475900274,"[""V176"", ""V255"", ""V191"", ""V160"", ""V215"", ""V380"", ""V342""]","{""n_estimators"": 124, ""max_depth"": 5, ""min_samples_split"": 5, ""min_samples_leaf"": 7, ""criterion"": ""gini"", ""class_weight"": null}"
116,2026-06-05T13:26:43.897315+00:00,extra,ranking_total,116,5480,7,1000,0.5342691789705641,792,208,0.49946520542453055,"[""V176"", ""V255"", ""V191"", ""V160"", ""V215"", ""V380"", ""V342""]","{""n_estimators"": 324, ""max_depth"": 6, ""min_samples_split"": 2, ""min_samples_leaf"": 3, ""criterion"": ""gini"", ""class_weight"": ""balanced""}"
117,2026-06-05T13:28:20.104519+00:00,extra,ranking_total,117,5525,7,1000,0.5607272955735968,795,205,0.4990017805043237,"[""V176"", ""V255"", ""V191"", ""V160"", ""V215"", ""V380"", ""V342""]","{""n_estimators"": 359, ""max_depth"": 13, ""min_samples_split"": 5, ""min_samples_leaf"": 7, ""criterion"": ""entropy"", ""class_weight"": ""balanced""}"
118,2026-06-05T13:29:01.424622+00:00,extra,ranking_total,118,5455,6,1000,0.5313331255768898,777,223,0.49971030840653363,"[""V176"", ""V255"", ""V191"", ""V160"", ""V215"", ""V380""]","{""n_estimators"": 162, ""max_depth"": 5, ""min_samples_split"": 2, ""min_samples_leaf"": 2, ""criterion"": ""gini"", ""class_weight"": ""balanced""}"
119,2026-06-05T13:30:15.774452+00:00,extra,ranking_total,119,5455,6,1000,0.5782070364730327,777,223,0.4958690767080927,"[""V176"", ""V255"", ""V191"", ""V160"", ""V215"", ""V380""]","{""n_estimators"": 306, ""max_depth"": 13, ""min_samples_split"": 9, ""min_samples_leaf"": 3, ""criterion"": ""gini"", ""class_weight"": null}"
120,2026-06-05T13:32:03.843601+00:00,extra,ranking_total,120,5555,7,1000,0.5294249749268202,797,203,0.4972219271533035,"[""V176"", ""V255"", ""V191"", ""V160"", ""V215"", ""V380"", ""V342""]","{""n_estimators"": 468, ""max_depth"": 6, ""min_samples_split"": 4, ""min_samples_leaf"": 7, ""criterion"": ""gini"", ""class_weight"": null}"
121,2026-06-05T13:33:01.260632+00:00,extra,ranking_total,121,5390,7,1000,0.5463669987247384,786,214,0.49934863026431775,"[""V176"", ""V255"", ""V191"", ""V160"", ""V215"", ""V380"", ""V342""]","{""n_estimators"": 217, ""max_depth"": 10, ""min_samples_split"": 2, ""min_samples_leaf"": 9, ""criterion"": ""gini"", ""class_weight"": ""balanced""}"
122,2026-06-05T13:34:25.560341+00:00,extra,ranking_total,122,5420,7,1000,0.512929226246507,788,212,0.497541865738221,"[""V176"", ""V255"", ""V191"", ""V160"", ""V215"", ""V380"", ""V342""]","{""n_estimators"": 372, ""max_depth"": 3, ""min_samples_split"": 7, ""min_samples_leaf"": 9, ""criterion"": ""gini"", ""class_weight"": null}"
123,2026-06-05T13:36:14.403688+00:00,extra,ranking_total,123,5495,7,1000,0.5482031057135398,793,207,0.4969580988267806,"[""V176"", ""V255"", ""V191"", ""V160"", ""V215"", ""V380"", ""V342""]","{""n_estimators"": 460, ""max_depth"": 10, ""min_samples_split"": 4, ""min_samples_leaf"": 7, ""criterion"": ""gini"", ""class_weight"": null}"
124,2026-06-05T13:38:14.463245+00:00,extra,ranking_total,124,5430,8,1000,0.5918398147583728,802,198,0.4957400541579783,"[""V176"", ""V255"", ""V191"", ""V160"", ""V215"", ""V380"", ""V342"", ""V483""]","{""n_estimators"": 415, ""max_depth"": null, ""min_samples_split"": 8, ""min_samples_leaf"": 3, ""criterion"": ""entropy"", ""class_weight"": ""balanced""}"
125,2026-06-05T13:39:08.713515+00:00,extra,ranking_total,125,5510,7,1000,0.5304269222730295,794,206,0.49953554239268677,"[""V176"", ""V255"", ""V191"", ""V160"", ""V215"", ""V380"", ""V342""]","{""n_estimators"": 206, ""max_depth"": 6, ""min_samples_split"": 3, ""min_samples_leaf"": 8, ""criterion"": ""gini"", ""class_weight"": ""balanced""}"
126,2026-06-05T13:41:03.183600+00:00,extra,ranking_total,126,5330,4,991,0.5391363494584884,739,252,0.4973571583562797,"[""V176"", ""V255"", ""V191"", ""V160""]","{""n_estimators"": 495, ""max_depth"": 5, ""min_samples_split"": 7, ""min_samples_leaf"": 3, ""criterion"": ""gini"", ""class_weight"": null}"
127,2026-06-05T13:42:42.680156+00:00,extra,ranking_total,127,5560,7,999,0.5659895449125317,797,202,0.4963808001115629,"[""V176"", ""V255"", ""V191"", ""V160"", ""V215"", ""V380"", ""V342""]","{""n_estimators"": 408, ""max_depth"": 11, ""min_samples_split"": 9, ""min_samples_leaf"": 2, ""criterion"": ""gini"", ""class_weight"": null}"
128,2026-06-05T13:43:53.812506+00:00,extra,ranking_total,128,5380,7,999,0.602208293815353,785,214,0.49527529449359065,"[""V176"", ""V255"", ""V191"", ""V160"", ""V215"", ""V380"", ""V342""]","{""n_estimators"": 251, ""max_depth"": null, ""min_samples_split"": 6, ""min_samples_leaf"": 3, ""criterion"": ""gini"", ""class_weight"": ""balanced""}"
129,2026-06-05T13:44:52.477990+00:00,extra,ranking_total,129,5490,6,999,0.5288282074484151,779,220,0.49737520405652247,"[""V176"", ""V255"", ""V191"", ""V160"", ""V215"", ""V380""]","{""n_estimators"": 260, ""max_depth"": 5, ""min_samples_split"": 5, ""min_samples_leaf"": 6, ""criterion"": ""entropy"", ""class_weight"": null}"
130,2026-06-05T13:45:30.082239+00:00,extra,ranking_total,130,5380,6,1000,0.5543286837278673,772,228,0.49921955367675475,"[""V176"", ""V255"", ""V191"", ""V160"", ""V215"", ""V380""]","{""n_estimators"": 145, ""max_depth"": 11, ""min_samples_split"": 9, ""min_samples_leaf"": 9, ""criterion"": ""entropy"", ""class_weight"": ""balanced""}"
131,2026-06-05T13:47:21.293419+00:00,extra,ranking_total,131,5435,7,1000,0.5536043493852093,789,211,0.49676480786342964,"[""V176"", ""V255"", ""V191"", ""V160"", ""V215"", ""V380"", ""V342""]","{""n_estimators"": 459, ""max_depth"": 10, ""min_samples_split"": 7, ""min_samples_leaf"": 4, ""criterion"": ""entropy"", ""class_weight"": null}"
132,2026-06-05T13:49:13.905628+00:00,extra,ranking_total,132,5435,7,1000,0.535560082801783,789,211,0.4996544378666642,"[""V176"", ""V255"", ""V191"", ""V160"", ""V215"", ""V380"", ""V342""]","{""n_estimators"": 421, ""max_depth"": 7, ""min_samples_split"": 8, ""min_samples_leaf"": 8, ""criterion"": ""entropy"", ""class_weight"": ""balanced""}"
133,2026-06-05T13:50:49.274103+00:00,extra,ranking_total,133,5470,7,999,0.5458977727023934,791,208,0.496876823440296,"[""V176"", ""V255"", ""V191"", ""V160"", ""V215"", ""V380"", ""V342""]","{""n_estimators"": 403, ""max_depth"": 8, ""min_samples_split"": 4, ""min_samples_leaf"": 2, ""criterion"": ""gini"", ""class_weight"": null}"
134,2026-06-05T13:51:37.433974+00:00,extra,ranking_total,134,5420,7,1000,0.5423410308560979,788,212,0.4971668390155437,"[""V176"", ""V255"", ""V191"", ""V160"", ""V215"", ""V380"", ""V342""]","{""n_estimators"": 211, ""max_depth"": 9, ""min_samples_split"": 2, ""min_samples_leaf"": 9, ""criterion"": ""entropy"", ""class_weight"": null}"
135,2026-06-05T13:52:00.998725+00:00,extra,ranking_total,135,5440,6,1000,0.5502439532786642,776,224,0.4993802893980254,"[""V176"", ""V255"", ""V191"", ""V160"", ""V215"", ""V380""]","{""n_estimators"": 88, ""max_depth"": 9, ""min_samples_split"": 2, ""min_samples_leaf"": 8, ""criterion"": ""gini"", ""class_weight"": ""balanced""}"
136,2026-06-05T13:52:50.577262+00:00,extra,ranking_total,136,5440,6,994,0.5631575828845939,774,220,0.4965198138258507,"[""V176"", ""V255"", ""V191"", ""V160"", ""V215"", ""V380""]","{""n_estimators"": 209, ""max_depth"": 12, ""min_samples_split"": 5, ""min_samples_leaf"": 6, ""criterion"": ""entropy"", ""class_weight"": null}"
137,2026-06-05T13:54:04.956645+00:00,extra,ranking_total,137,5410,6,1000,0.5624511011757045,774,226,0.49901270769915246,"[""V176"", ""V255"", ""V191"", ""V160"", ""V215"", ""V380""]","{""n_estimators"": 273, ""max_depth"": 11, ""min_samples_split"": 3, ""min_samples_leaf"": 6, ""criterion"": ""entropy"", ""class_weight"": ""balanced""}"
138,2026-06-05T13:55:05.956139+00:00,extra,ranking_total,138,5455,7,999,0.5134231128119641,790,209,0.49752668073549455,"[""V176"", ""V255"", ""V191"", ""V160"", ""V215"", ""V380"", ""V342""]","{""n_estimators"": 272, ""max_depth"": 3, ""min_samples_split"": 8, ""min_samples_leaf"": 4, ""criterion"": ""gini"", ""class_weight"": null}"
139,2026-06-05T13:56:12.944537+00:00,extra,ranking_total,139,5440,6,1000,0.529815391654162,776,224,0.49743458559015763,"[""V176"", ""V255"", ""V191"", ""V160"", ""V215"", ""V380""]","{""n_estimators"": 300, ""max_depth"": 5, ""min_samples_split"": 3, ""min_samples_leaf"": 2, ""criterion"": ""entropy"", ""class_weight"": null}"
140,2026-06-05T13:56:28.496504+00:00,extra,ranking_total,140,5425,6,1000,0.5875663240051162,775,225,0.49744827376069733,"[""V176"", ""V255"", ""V191"", ""V160"", ""V215"", ""V380""]","{""n_estimators"": 54, ""max_depth"": null, ""min_samples_split"": 2, ""min_samples_leaf"": 5, ""criterion"": ""entropy"", ""class_weight"": ""balanced""}"
141,2026-06-05T13:57:10.836837+00:00,extra,ranking_total,141,5360,7,1000,0.5560388769972596,784,216,0.49915743155103764,"[""V176"", ""V255"", ""V191"", ""V160"", ""V215"", ""V380"", ""V342""]","{""n_estimators"": 154, ""max_depth"": 14, ""min_samples_split"": 8, ""min_samples_leaf"": 8, ""criterion"": ""gini"", ""class_weight"": ""balanced""}"
142,2026-06-05T13:57:51.583518+00:00,extra,ranking_total,142,5295,5,1000,0.5573520392324739,753,247,0.4970409400078705,"[""V176"", ""V255"", ""V191"", ""V160"", ""V215""]","{""n_estimators"": 168, ""max_depth"": 10, ""min_samples_split"": 3, ""min_samples_leaf"": 8, ""criterion"": ""gini"", ""class_weight"": null}"
143,2026-06-05T13:59:21.518872+00:00,extra,ranking_total,143,5510,7,1000,0.568550949683257,794,206,0.49843555135922435,"[""V176"", ""V255"", ""V191"", ""V160"", ""V215"", ""V380"", ""V342""]","{""n_estimators"": 327, ""max_depth"": 11, ""min_samples_split"": 7, ""min_samples_leaf"": 1, ""criterion"": ""entropy"", ""class_weight"": ""balanced""}"
144,2026-06-05T13:59:55.667078+00:00,extra,ranking_total,144,5395,4,996,0.5311289523126969,745,251,0.49980451285387306,"[""V176"", ""V255"", ""V191"", ""V160""]","{""n_estimators"": 128, ""max_depth"": 4, ""min_samples_split"": 3, ""min_samples_leaf"": 2, ""criterion"": ""gini"", ""class_weight"": ""balanced""}"
145,2026-06-05T14:01:30.738325+00:00,extra,ranking_total,145,5480,7,1000,0.5410282287146703,792,208,0.49712359397391154,"[""V176"", ""V255"", ""V191"", ""V160"", ""V215"", ""V380"", ""V342""]","{""n_estimators"": 409, ""max_depth"": 9, ""min_samples_split"": 6, ""min_samples_leaf"": 9, ""criterion"": ""gini"", ""class_weight"": null}"
146,2026-06-05T14:01:54.625624+00:00,extra,ranking_total,146,5345,7,1000,0.5644042300890011,783,217,0.498489526909299,"[""V176"", ""V255"", ""V191"", ""V160"", ""V215"", ""V380"", ""V342""]","{""n_estimators"": 87, ""max_depth"": 14, ""min_samples_split"": 4, ""min_samples_leaf"": 7, ""criterion"": ""entropy"", ""class_weight"": ""balanced""}"
147,2026-06-05T14:03:42.020014+00:00,extra,ranking_total,147,5380,7,999,0.5203929950417422,785,214,0.4974537120395238,"[""V176"", ""V255"", ""V191"", ""V160"", ""V215"", ""V380"", ""V342""]","{""n_estimators"": 461, ""max_depth"": 4, ""min_samples_split"": 4, ""min_samples_leaf"": 2, ""criterion"": ""gini"", ""class_weight"": null}"
148,2026-06-05T14:04:44.955264+00:00,extra,ranking_total,148,5420,6,998,0.5541913996336856,774,224,0.4969491230553762,"[""V176"", ""V255"", ""V191"", ""V160"", ""V215"", ""V380""]","{""n_estimators"": 264, ""max_depth"": 11, ""min_samples_split"": 2, ""min_samples_leaf"": 8, ""criterion"": ""gini"", ""class_weight"": null}"
149,2026-06-05T14:05:14.899311+00:00,extra,ranking_total,149,5355,5,1000,0.5554230952216315,757,243,0.4972972191864344,"[""V176"", ""V255"", ""V191"", ""V160"", ""V215""]","{""n_estimators"": 133, ""max_depth"": 8, ""min_samples_split"": 5, ""min_samples_leaf"": 4, ""criterion"": ""gini"", ""class_weight"": null}"
150,2026-06-05T14:06:35.080376+00:00,extra,ranking_total,150,5345,7,1000,0.5148396683153976,783,217,0.49755227408038116,"[""V176"", ""V255"", ""V191"", ""V160"", ""V215"", ""V380"", ""V342""]","{""n_estimators"": 355, ""max_depth"": 3, ""min_samples_split"": 6, ""min_samples_leaf"": 6, ""criterion"": ""gini"", ""class_weight"": null}"
151,2026-06-05T14:07:49.149007+00:00,extra,ranking_total,151,5495,7,1000,0.5409322742798738,793,207,0.49938732979865724,"[""V176"", ""V255"", ""V191"", ""V160"", ""V215"", ""V380"", ""V342""]","{""n_estimators"": 278, ""max_depth"": 7, ""min_samples_split"": 4, ""min_samples_leaf"": 1, ""criterion"": ""entropy"", ""class_weight"": ""balanced""}"
152,2026-06-05T14:09:52.517394+00:00,extra,ranking_total,152,5325,6,999,0.5686069134865033,768,231,0.49890193091545715,"[""V176"", ""V255"", ""V191"", ""V160"", ""V215"", ""V380""]","{""n_estimators"": 458, ""max_depth"": 13, ""min_samples_split"": 4, ""min_samples_leaf"": 6, ""criterion"": ""entropy"", ""class_weight"": ""balanced""}"
153,2026-06-05T14:11:05.671028+00:00,extra,ranking_total,153,5395,6,1000,0.5704720512016958,773,227,0.498488671709341,"[""V176"", ""V255"", ""V191"", ""V160"", ""V215"", ""V380""]","{""n_estimators"": 270, ""max_depth"": 14, ""min_samples_split"": 9, ""min_samples_leaf"": 6, ""criterion"": ""entropy"", ""class_weight"": ""balanced""}"
154,2026-06-05T14:11:44.206970+00:00,extra,ranking_total,154,5445,5,1000,0.5690355576626406,763,237,0.4989569585454707,"[""V176"", ""V255"", ""V191"", ""V160"", ""V215""]","{""n_estimators"": 145, ""max_depth"": 9, ""min_samples_split"": 6, ""min_samples_leaf"": 1, ""criterion"": ""gini"", ""class_weight"": ""balanced""}"
155,2026-06-05T14:13:12.191710+00:00,extra,ranking_total,155,5425,7,999,0.5242489140672558,788,211,0.4973747486181599,"[""V176"", ""V255"", ""V191"", ""V160"", ""V215"", ""V380"", ""V342""]","{""n_estimators"": 379, ""max_depth"": 5, ""min_samples_split"": 7, ""min_samples_leaf"": 6, ""criterion"": ""entropy"", ""class_weight"": null}"
156,2026-06-05T14:15:07.382907+00:00,extra,ranking_total,156,5465,7,1000,0.5508258266680287,791,209,0.49687690654270444,"[""V176"", ""V255"", ""V191"", ""V160"", ""V215"", ""V380"", ""V342""]","{""n_estimators"": 486, ""max_depth"": 11, ""min_samples_split"": 3, ""min_samples_leaf"": 8, ""criterion"": ""entropy"", ""class_weight"": null}"
157,2026-06-05T14:15:32.327595+00:00,extra,ranking_total,157,5510,7,1000,0.5539726402718189,794,206,0.499170074539979,"[""V176"", ""V255"", ""V191"", ""V160"", ""V215"", ""V380"", ""V342""]","{""n_estimators"": 94, ""max_depth"": 9, ""min_samples_split"": 6, ""min_samples_leaf"": 3, ""criterion"": ""entropy"", ""class_weight"": ""balanced""}"
158,2026-06-05T14:16:29.204579+00:00,extra,ranking_total,158,5435,7,1000,0.5651593395581676,789,211,0.49850765014578813,"[""V176"", ""V255"", ""V191"", ""V160"", ""V215"", ""V380"", ""V342""]","{""n_estimators"": 218, ""max_depth"": 11, ""min_samples_split"": 5, ""min_samples_leaf"": 3, ""criterion"": ""entropy"", ""class_weight"": ""balanced""}"
159,2026-06-05T14:18:33.821609+00:00,extra,ranking_total,159,5465,7,1000,0.5515519376186808,791,209,0.49924008993847585,"[""V176"", ""V255"", ""V191"", ""V160"", ""V215"", ""V380"", ""V342""]","{""n_estimators"": 463, ""max_depth"": 12, ""min_samples_split"": 8, ""min_samples_leaf"": 9, ""criterion"": ""gini"", ""class_weight"": ""balanced""}"
160,2026-06-05T14:18:48.788375+00:00,extra,ranking_total,160,5405,7,1000,0.5359770938855012,787,213,0.49731830531358173,"[""V176"", ""V255"", ""V191"", ""V160"", ""V215"", ""V380"", ""V342""]","{""n_estimators"": 61, ""max_depth"": 8, ""min_samples_split"": 9, ""min_samples_leaf"": 8, ""criterion"": ""gini"", ""class_weight"": null}"
161,2026-06-05T14:20:23.075567+00:00,extra,ranking_total,161,5355,7,998,0.5134314952065154,783,215,0.49751867658507215,"[""V176"", ""V255"", ""V191"", ""V160"", ""V215"", ""V380"", ""V342""]","{""n_estimators"": 410, ""max_depth"": 3, ""min_samples_split"": 4, ""min_samples_leaf"": 9, ""criterion"": ""entropy"", ""class_weight"": null}"
162,2026-06-05T14:20:56.621175+00:00,extra,ranking_total,162,5360,7,997,0.5584963775233545,783,214,0.49882028856524774,"[""V176"", ""V255"", ""V191"", ""V160"", ""V215"", ""V380"", ""V342""]","{""n_estimators"": 128, ""max_depth"": 10, ""min_samples_split"": 5, ""min_samples_leaf"": 4, ""criterion"": ""gini"", ""class_weight"": ""balanced""}"
163,2026-06-05T14:23:15.566657+00:00,extra,ranking_total,163,5340,7,998,0.5993517244295191,782,216,0.4956735697181215,"[""V176"", ""V255"", ""V191"", ""V160"", ""V215"", ""V380"", ""V342""]","{""n_estimators"": 493, ""max_depth"": null, ""min_samples_split"": 5, ""min_samples_leaf"": 3, ""criterion"": ""gini"", ""class_weight"": ""balanced""}"
164,2026-06-05T14:25:03.914477+00:00,extra,ranking_total,164,5370,5,1000,0.5597794826216691,758,242,0.499294670543748,"[""V176"", ""V255"", ""V191"", ""V160"", ""V215""]","{""n_estimators"": 403, ""max_depth"": 10, ""min_samples_split"": 8, ""min_samples_leaf"": 8, ""criterion"": ""entropy"", ""class_weight"": ""balanced""}"
165,2026-06-05T14:25:42.570445+00:00,extra,ranking_total,165,5350,6,1000,0.5144101079868065,770,230,0.4975090511771524,"[""V176"", ""V255"", ""V191"", ""V160"", ""V215"", ""V380""]","{""n_estimators"": 170, ""max_depth"": 3, ""min_samples_split"": 4, ""min_samples_leaf"": 1, ""criterion"": ""entropy"", ""class_weight"": null}"
166,2026-06-05T14:27:43.668461+00:00,extra,ranking_total,166,5510,7,1000,0.5555443583693132,794,206,0.4964272055931128,"[""V176"", ""V255"", ""V191"", ""V160"", ""V215"", ""V380"", ""V342""]","{""n_estimators"": 498, ""max_depth"": null, ""min_samples_split"": 4, ""min_samples_leaf"": 9, ""criterion"": ""gini"", ""class_weight"": null}"
167,2026-06-05T14:27:57.215602+00:00,extra,ranking_total,167,5250,5,1000,0.5192721839867322,750,250,0.49734273764306464,"[""V176"", ""V255"", ""V191"", ""V160"", ""V215""]","{""n_estimators"": 55, ""max_depth"": 4, ""min_samples_split"": 3, ""min_samples_leaf"": 7, ""criterion"": ""entropy"", ""class_weight"": null}"
168,2026-06-05T14:29:23.769895+00:00,extra,ranking_total,168,5435,7,1000,0.5229539924330483,789,211,0.49736176044828734,"[""V176"", ""V255"", ""V191"", ""V160"", ""V215"", ""V380"", ""V342""]","{""n_estimators"": 371, ""max_depth"": 5, ""min_samples_split"": 4, ""min_samples_leaf"": 6, ""criterion"": ""gini"", ""class_weight"": null}"
169,2026-06-05T14:30:25.813084+00:00,extra,ranking_total,169,5420,7,1000,0.5534707700565479,788,212,0.4967804574424042,"[""V176"", ""V255"", ""V191"", ""V160"", ""V215"", ""V380"", ""V342""]","{""n_estimators"": 263, ""max_depth"": 13, ""min_samples_split"": 9, ""min_samples_leaf"": 8, ""criterion"": ""gini"", ""class_weight"": null}"
170,2026-06-05T14:31:54.058626+00:00,extra,ranking_total,170,5425,6,994,0.5372257092414681,773,221,0.4995598106881934,"[""V176"", ""V255"", ""V191"", ""V160"", ""V215"", ""V380""]","{""n_estimators"": 341, ""max_depth"": 6, ""min_samples_split"": 3, ""min_samples_leaf"": 6, ""criterion"": ""gini"", ""class_weight"": ""balanced""}"
171,2026-06-05T14:33:45.121585+00:00,extra,ranking_total,171,5495,7,1000,0.5665739342719547,793,207,0.49636403432006937,"[""V176"", ""V255"", ""V191"", ""V160"", ""V215"", ""V380"", ""V342""]","{""n_estimators"": 460, ""max_depth"": 14, ""min_samples_split"": 9, ""min_samples_leaf"": 5, ""criterion"": ""entropy"", ""class_weight"": null}"
172,2026-06-05T14:35:45.583525+00:00,extra,ranking_total,172,5440,6,994,0.5655345229118286,774,220,0.49676071381133824,"[""V176"", ""V255"", ""V191"", ""V160"", ""V215"", ""V380""]","{""n_estimators"": 495, ""max_depth"": 14, ""min_samples_split"": 2, ""min_samples_leaf"": 7, ""criterion"": ""entropy"", ""class_weight"": null}"
173,2026-06-05T14:37:12.073721+00:00,extra,ranking_total,173,5510,7,1000,0.5407474737176694,794,206,0.4994803448600202,"[""V176"", ""V255"", ""V191"", ""V160"", ""V215"", ""V380"", ""V342""]","{""n_estimators"": 332, ""max_depth"": 7, ""min_samples_split"": 3, ""min_samples_leaf"": 3, ""criterion"": ""gini"", ""class_weight"": ""balanced""}"
174,2026-06-05T14:38:18.203848+00:00,extra,ranking_total,174,5525,7,1000,0.5394536667292164,795,205,0.49691827642158626,"[""V176"", ""V255"", ""V191"", ""V160"", ""V215"", ""V380"", ""V342""]","{""n_estimators"": 279, ""max_depth"": 7, ""min_samples_split"": 6, ""min_samples_leaf"": 1, ""criterion"": ""entropy"", ""class_weight"": null}"
175,2026-06-05T14:39:44.028227+00:00,extra,ranking_total,175,5420,7,997,0.5662394904383214,787,210,0.4963544369200941,"[""V176"", ""V255"", ""V191"", ""V160"", ""V215"", ""V380"", ""V342""]","{""n_estimators"": 351, ""max_depth"": 14, ""min_samples_split"": 7, ""min_samples_leaf"": 5, ""criterion"": ""gini"", ""class_weight"": null}"
176,2026-06-05T14:41:08.933049+00:00,extra,ranking_total,176,5485,6,1000,0.5495514075785057,779,221,0.4994049304846723,"[""V176"", ""V255"", ""V191"", ""V160"", ""V215"", ""V380""]","{""n_estimators"": 326, ""max_depth"": 9, ""min_samples_split"": 6, ""min_samples_leaf"": 7, ""criterion"": ""gini"", ""class_weight"": ""balanced""}"
177,2026-06-05T14:42:51.877524+00:00,extra,ranking_total,177,5415,6,999,0.5795620489661188,774,225,0.49831136551240524,"[""V176"", ""V255"", ""V191"", ""V160"", ""V215"", ""V380""]","{""n_estimators"": 370, ""max_depth"": null, ""min_samples_split"": 7, ""min_samples_leaf"": 6, ""criterion"": ""gini"", ""class_weight"": ""balanced""}"
178,2026-06-05T14:43:14.927805+00:00,extra,ranking_total,178,5290,6,1000,0.527271453162349,766,234,0.49737011170859224,"[""V176"", ""V255"", ""V191"", ""V160"", ""V215"", ""V380""]","{""n_estimators"": 99, ""max_depth"": 5, ""min_samples_split"": 9, ""min_samples_leaf"": 7, ""criterion"": ""entropy"", ""class_weight"": null}"
179,2026-06-05T14:44:15.506170+00:00,extra,ranking_total,179,5380,6,1000,0.519586107293971,772,228,0.4998630010904907,"[""V176"", ""V255"", ""V191"", ""V160"", ""V215"", ""V380""]","{""n_estimators"": 232, ""max_depth"": 3, ""min_samples_split"": 7, ""min_samples_leaf"": 4, ""criterion"": ""entropy"", ""class_weight"": ""balanced""}"
180,2026-06-05T14:46:16.207869+00:00,extra,ranking_total,180,5375,4,1000,0.5373595660655687,745,255,0.49980712145106837,"[""V176"", ""V255"", ""V191"", ""V160""]","{""n_estimators"": 459, ""max_depth"": 5, ""min_samples_split"": 5, ""min_samples_leaf"": 8, ""criterion"": ""gini"", ""class_weight"": ""balanced""}"
181,2026-06-05T14:47:30.928486+00:00,extra,ranking_total,181,5360,6,998,0.5225456538917989,770,228,0.4997966492785044,"[""V176"", ""V255"", ""V191"", ""V160"", ""V215"", ""V380""]","{""n_estimators"": 291, ""max_depth"": 4, ""min_samples_split"": 8, ""min_samples_leaf"": 6, ""criterion"": ""gini"", ""class_weight"": ""balanced""}"
182,2026-06-05T14:48:53.262280+00:00,extra,ranking_total,182,5445,7,998,0.5688135577369875,789,209,0.4983867041261572,"[""V176"", ""V255"", ""V191"", ""V160"", ""V215"", ""V380"", ""V342""]","{""n_estimators"": 303, ""max_depth"": 11, ""min_samples_split"": 3, ""min_samples_leaf"": 2, ""criterion"": ""gini"", ""class_weight"": ""balanced""}"
183,2026-06-05T14:50:28.720788+00:00,extra,ranking_total,183,5390,7,1000,0.5433048068525393,786,214,0.4994403147531647,"[""V176"", ""V255"", ""V191"", ""V160"", ""V215"", ""V380"", ""V342""]","{""n_estimators"": 367, ""max_depth"": 9, ""min_samples_split"": 8, ""min_samples_leaf"": 9, ""criterion"": ""entropy"", ""class_weight"": ""balanced""}"
184,2026-06-05T14:51:55.241559+00:00,extra,ranking_total,184,5305,6,1000,0.5192673797593201,767,233,0.4998842925466246,"[""V176"", ""V255"", ""V191"", ""V160"", ""V215"", ""V380""]","{""n_estimators"": 343, ""max_depth"": 3, ""min_samples_split"": 6, ""min_samples_leaf"": 2, ""criterion"": ""gini"", ""class_weight"": ""balanced""}"
185,2026-06-05T14:54:01.345178+00:00,extra,ranking_total,185,5535,7,998,0.5359527321988684,795,203,0.49955234395748976,"[""V176"", ""V255"", ""V191"", ""V160"", ""V215"", ""V380"", ""V342""]","{""n_estimators"": 480, ""max_depth"": 6, ""min_samples_split"": 6, ""min_samples_leaf"": 1, ""criterion"": ""gini"", ""class_weight"": ""balanced""}"
186,2026-06-05T14:55:24.750400+00:00,extra,ranking_total,186,5425,6,994,0.5964253916112496,773,221,0.496991262577873,"[""V176"", ""V255"", ""V191"", ""V160"", ""V215"", ""V380""]","{""n_estimators"": 306, ""max_depth"": 14, ""min_samples_split"": 3, ""min_samples_leaf"": 2, ""criterion"": ""gini"", ""class_weight"": ""balanced""}"
187,2026-06-05T14:56:17.803723+00:00,extra,ranking_total,187,5555,7,997,0.5394463290954687,796,201,0.49702658673076533,"[""V176"", ""V255"", ""V191"", ""V160"", ""V215"", ""V380"", ""V342""]","{""n_estimators"": 223, ""max_depth"": 7, ""min_samples_split"": 6, ""min_samples_leaf"": 2, ""criterion"": ""entropy"", ""class_weight"": null}"
188,2026-06-05T14:56:57.262302+00:00,extra,ranking_total,188,5405,6,998,0.5449340699645588,773,225,0.49977852330260847,"[""V176"", ""V255"", ""V191"", ""V160"", ""V215"", ""V380""]","{""n_estimators"": 157, ""max_depth"": 7, ""min_samples_split"": 8, ""min_samples_leaf"": 3, ""criterion"": ""entropy"", ""class_weight"": ""balanced""}"
189,2026-06-05T14:58:18.547171+00:00,extra,ranking_total,189,5500,6,1000,0.5925939314416908,780,220,0.49499879261287116,"[""V176"", ""V255"", ""V191"", ""V160"", ""V215"", ""V380""]","{""n_estimators"": 324, ""max_depth"": 14, ""min_samples_split"": 4, ""min_samples_leaf"": 2, ""criterion"": ""gini"", ""class_weight"": null}"
190,2026-06-05T14:58:48.435936+00:00,extra,ranking_total,190,5340,4,992,0.5642273086921181,740,252,0.49953030073785065,"[""V176"", ""V255"", ""V191"", ""V160""]","{""n_estimators"": 113, ""max_depth"": 9, ""min_samples_split"": 2, ""min_samples_leaf"": 6, ""criterion"": ""entropy"", ""class_weight"": ""balanced""}"
191,2026-06-05T14:59:17.543369+00:00,extra,ranking_total,191,5260,3,1000,0.5127993099317629,724,276,0.4975935071077108,"[""V176"", ""V255"", ""V191""]","{""n_estimators"": 128, ""max_depth"": 3, ""min_samples_split"": 6, ""min_samples_leaf"": 6, ""criterion"": ""gini"", ""class_weight"": null}"
192,2026-06-05T15:01:16.966965+00:00,extra,ranking_total,192,5360,7,1000,0.5593173237674063,784,216,0.4967418306029261,"[""V176"", ""V255"", ""V191"", ""V160"", ""V215"", ""V380"", ""V342""]","{""n_estimators"": 483, ""max_depth"": 14, ""min_samples_split"": 5, ""min_samples_leaf"": 7, ""criterion"": ""gini"", ""class_weight"": null}"
193,2026-06-05T15:01:56.255563+00:00,extra,ranking_total,193,5435,7,1000,0.5358955335180404,789,211,0.49952075285254816,"[""V176"", ""V255"", ""V191"", ""V160"", ""V215"", ""V380"", ""V342""]","{""n_estimators"": 148, ""max_depth"": 7, ""min_samples_split"": 9, ""min_samples_leaf"": 7, ""criterion"": ""entropy"", ""class_weight"": ""balanced""}"
194,2026-06-05T15:03:11.112192+00:00,extra,ranking_total,194,5395,6,1000,0.5568376358522003,773,227,0.4992265635253338,"[""V176"", ""V255"", ""V191"", ""V160"", ""V215"", ""V380""]","{""n_estimators"": 288, ""max_depth"": 10, ""min_samples_split"": 8, ""min_samples_leaf"": 7, ""criterion"": ""entropy"", ""class_weight"": ""balanced""}"
195,2026-06-05T15:04:25.210225+00:00,extra,ranking_total,195,5465,7,1000,0.5541597584504804,791,209,0.4992832840171865,"[""V176"", ""V255"", ""V191"", ""V160"", ""V215"", ""V380"", ""V342""]","{""n_estimators"": 275, ""max_depth"": 11, ""min_samples_split"": 4, ""min_samples_leaf"": 7, ""criterion"": ""gini"", ""class_weight"": ""balanced""}"
196,2026-06-05T15:05:53.887111+00:00,extra,ranking_total,196,5450,7,1000,0.5535249253636711,790,210,0.49911129101214335,"[""V176"", ""V255"", ""V191"", ""V160"", ""V215"", ""V380"", ""V342""]","{""n_estimators"": 341, ""max_depth"": 11, ""min_samples_split"": 3, ""min_samples_leaf"": 6, ""criterion"": ""entropy"", ""class_weight"": ""balanced""}"
197,2026-06-05T15:06:14.642565+00:00,extra,ranking_total,197,5410,6,1000,0.5636318307481074,774,226,0.49846907650851363,"[""V176"", ""V255"", ""V191"", ""V160"", ""V215"", ""V380""]","{""n_estimators"": 78, ""max_depth"": 12, ""min_samples_split"": 2, ""min_samples_leaf"": 8, ""criterion"": ""gini"", ""class_weight"": ""balanced""}"
198,2026-06-05T15:07:40.633055+00:00,extra,ranking_total,198,5510,7,1000,0.556590970740004,794,206,0.4990754307023228,"[""V176"", ""V255"", ""V191"", ""V160"", ""V215"", ""V380"", ""V342""]","{""n_estimators"": 323, ""max_depth"": 10, ""min_samples_split"": 6, ""min_samples_leaf"": 4, ""criterion"": ""gini"", ""class_weight"": ""balanced""}"
199,2026-06-05T15:09:07.651665+00:00,extra,ranking_total,199,5350,6,1000,0.610891666120844,770,230,0.49618423753157975,"[""V176"", ""V255"", ""V191"", ""V160"", ""V215"", ""V380""]","{""n_estimators"": 304, ""max_depth"": null, ""min_samples_split"": 9, ""min_samples_leaf"": 3, ""criterion"": ""entropy"", ""class_weight"": ""balanced""}"
200,2026-06-05T15:10:57.999787+00:00,extra,ranking_total,200,5525,7,1000,0.539656663836021,795,205,0.49721369898270024,"[""V176"", ""V255"", ""V191"", ""V160"", ""V215"", ""V380"", ""V342""]","{""n_estimators"": 470, ""max_depth"": 7, ""min_samples_split"": 8, ""min_samples_leaf"": 1, ""criterion"": ""entropy"", ""class_weight"": null}"
201,2026-06-05T15:12:37.469238+00:00,extra,ranking_total,201,5180,7,1000,0.6374472891566262,772,228,0.4870880161558045,"[""V176"", ""V255"", ""V191"", ""V160"", ""V215"", ""V380"", ""V342""]","{""n_estimators"": 332, ""max_depth"": null, ""min_samples_split"": 3, ""min_samples_leaf"": 1, ""criterion"": ""gini"", ""class_weight"": ""balanced""}"
202,2026-06-05T15:12:50.632985+00:00,extra,ranking_total,202,5190,5,1000,0.5147479791136099,746,254,0.49746741537909295,"[""V176"", ""V255"", ""V191"", ""V160"", ""V215""]","{""n_estimators"": 50, ""max_depth"": 3, ""min_samples_split"": 3, ""min_samples_leaf"": 1, ""criterion"": ""entropy"", ""class_weight"": null}"
203,2026-06-05T15:14:36.976792+00:00,extra,ranking_total,203,5375,7,1000,0.5533627643626746,785,215,0.4968485779013954,"[""V176"", ""V255"", ""V191"", ""V160"", ""V215"", ""V380"", ""V342""]","{""n_estimators"": 453, ""max_depth"": 14, ""min_samples_split"": 9, ""min_samples_leaf"": 9, ""criterion"": ""entropy"", ""class_weight"": null}"
204,2026-06-05T15:15:11.316923+00:00,extra,ranking_total,204,5270,7,1000,0.5155574756845096,778,222,0.4975696795594314,"[""V176"", ""V255"", ""V191"", ""V160"", ""V215"", ""V380"", ""V342""]","{""n_estimators"": 158, ""max_depth"": 3, ""min_samples_split"": 7, ""min_samples_leaf"": 3, ""criterion"": ""gini"", ""class_weight"": null}"
205,2026-06-05T15:15:42.352131+00:00,extra,ranking_total,205,5440,6,1000,0.5443648427251796,776,224,0.4992884448637228,"[""V176"", ""V255"", ""V191"", ""V160"", ""V215"", ""V380""]","{""n_estimators"": 115, ""max_depth"": 8, ""min_samples_split"": 6, ""min_samples_leaf"": 6, ""criterion"": ""gini"", ""class_weight"": ""balanced""}"
206,2026-06-05T15:17:21.359269+00:00,extra,ranking_total,206,5450,7,1000,0.5395526205432142,790,210,0.499542969938744,"[""V176"", ""V255"", ""V191"", ""V160"", ""V215"", ""V380"", ""V342""]","{""n_estimators"": 372, ""max_depth"": 8, ""min_samples_split"": 6, ""min_samples_leaf"": 9, ""criterion"": ""entropy"", ""class_weight"": ""balanced""}"
207,2026-06-05T15:18:40.497959+00:00,extra,ranking_total,207,5315,7,1000,0.5564801724600944,781,219,0.4966461618931006,"[""V176"", ""V255"", ""V191"", ""V160"", ""V215"", ""V380"", ""V342""]","{""n_estimators"": 327, ""max_depth"": null, ""min_samples_split"": 4, ""min_samples_leaf"": 9, ""criterion"": ""gini"", ""class_weight"": null}"
208,2026-06-05T15:18:55.812136+00:00,extra,ranking_total,208,5365,4,999,0.568286895915486,744,255,0.4991063063112979,"[""V176"", ""V255"", ""V191"", ""V160""]","{""n_estimators"": 56, ""max_depth"": 10, ""min_samples_split"": 4, ""min_samples_leaf"": 6, ""criterion"": ""gini"", ""class_weight"": ""balanced""}"
209,2026-06-05T15:20:54.365099+00:00,extra,ranking_total,209,5425,7,999,0.5313092074617973,788,211,0.4996435945588027,"[""V176"", ""V255"", ""V191"", ""V160"", ""V215"", ""V380"", ""V342""]","{""n_estimators"": 464, ""max_depth"": 6, ""min_samples_split"": 8, ""min_samples_leaf"": 7, ""criterion"": ""gini"", ""class_weight"": ""balanced""}"
210,2026-06-05T15:22:07.076716+00:00,extra,ranking_total,210,5550,6,999,0.5690960458474668,783,216,0.49866813363499407,"[""V176"", ""V255"", ""V191"", ""V160"", ""V215"", ""V380""]","{""n_estimators"": 272, ""max_depth"": 10, ""min_samples_split"": 7, ""min_samples_leaf"": 1, ""criterion"": ""gini"", ""class_weight"": ""balanced""}"
211,2026-06-05T15:22:22.504486+00:00,extra,ranking_total,211,5375,4,997,0.5613330469092911,744,253,0.49736219791421354,"[""V176"", ""V255"", ""V191"", ""V160""]","{""n_estimators"": 60, ""max_depth"": 8, ""min_samples_split"": 9, ""min_samples_leaf"": 6, ""criterion"": ""gini"", ""class_weight"": null}"
212,2026-06-05T15:23:44.818346+00:00,extra,ranking_total,212,5450,7,1000,0.5551144598976895,790,210,0.49914479650384236,"[""V176"", ""V255"", ""V191"", ""V160"", ""V215"", ""V380"", ""V342""]","{""n_estimators"": 312, ""max_depth"": 11, ""min_samples_split"": 8, ""min_samples_leaf"": 7, ""criterion"": ""entropy"", ""class_weight"": ""balanced""}"
213,2026-06-05T15:25:10.977074+00:00,extra,ranking_total,213,5410,6,1000,0.5520503728445937,774,226,0.4992652141356857,"[""V176"", ""V255"", ""V191"", ""V160"", ""V215"", ""V380""]","{""n_estimators"": 330, ""max_depth"": 8, ""min_samples_split"": 7, ""min_samples_leaf"": 3, ""criterion"": ""gini"", ""class_weight"": ""balanced""}"
214,2026-06-05T15:26:43.018251+00:00,extra,ranking_total,214,5375,7,1000,0.5237064906021468,785,215,0.49983291326772317,"[""V176"", ""V255"", ""V191"", ""V160"", ""V215"", ""V380"", ""V342""]","{""n_estimators"": 349, ""max_depth"": 4, ""min_samples_split"": 6, ""min_samples_leaf"": 1, ""criterion"": ""entropy"", ""class_weight"": ""balanced""}"
215,2026-06-05T15:27:23.090763+00:00,extra,ranking_total,215,5510,7,1000,0.5605345705215287,794,206,0.496486403007206,"[""V176"", ""V255"", ""V191"", ""V160"", ""V215"", ""V380"", ""V342""]","{""n_estimators"": 167, ""max_depth"": 10, ""min_samples_split"": 3, ""min_samples_leaf"": 2, ""criterion"": ""entropy"", ""class_weight"": null}"
216,2026-06-05T15:29:31.118016+00:00,extra,ranking_total,216,5410,6,1000,0.5817158413824878,774,226,0.49812674956771424,"[""V176"", ""V255"", ""V191"", ""V160"", ""V215"", ""V380""]","{""n_estimators"": 460, ""max_depth"": null, ""min_samples_split"": 6, ""min_samples_leaf"": 6, ""criterion"": ""entropy"", ""class_weight"": ""balanced""}"
217,2026-06-05T15:30:36.860622+00:00,extra,ranking_total,217,5425,7,999,0.5233100986213358,788,211,0.49731565138954337,"[""V176"", ""V255"", ""V191"", ""V160"", ""V215"", ""V380"", ""V342""]","{""n_estimators"": 290, ""max_depth"": 5, ""min_samples_split"": 4, ""min_samples_leaf"": 8, ""criterion"": ""gini"", ""class_weight"": null}"
218,2026-06-05T15:31:27.270702+00:00,extra,ranking_total,218,5345,4,1000,0.5469642512803785,743,257,0.49973651276626213,"[""V176"", ""V255"", ""V191"", ""V160""]","{""n_estimators"": 196, ""max_depth"": 6, ""min_samples_split"": 6, ""min_samples_leaf"": 7, ""criterion"": ""gini"", ""class_weight"": ""balanced""}"
219,2026-06-05T15:32:00.733541+00:00,extra,ranking_total,219,5350,7,999,0.5332404577200967,783,216,0.4997070756807305,"[""V176"", ""V255"", ""V191"", ""V160"", ""V215"", ""V380"", ""V342""]","{""n_estimators"": 127, ""max_depth"": 6, ""min_samples_split"": 8, ""min_samples_leaf"": 9, ""criterion"": ""gini"", ""class_weight"": ""balanced""}"
220,2026-06-05T15:34:17.690894+00:00,extra,ranking_total,220,5550,6,999,0.5922588281280159,783,216,0.49733534212528796,"[""V176"", ""V255"", ""V191"", ""V160"", ""V215"", ""V380""]","{""n_estimators"": 499, ""max_depth"": 13, ""min_samples_split"": 6, ""min_samples_leaf"": 1, ""criterion"": ""entropy"", ""class_weight"": ""balanced""}"
221,2026-06-05T15:36:12.319332+00:00,extra,ranking_total,221,5390,7,1000,0.5673782819572497,786,214,0.49858856356993875,"[""V176"", ""V255"", ""V191"", ""V160"", ""V215"", ""V380"", ""V342""]","{""n_estimators"": 421, ""max_depth"": 13, ""min_samples_split"": 6, ""min_samples_leaf"": 5, ""criterion"": ""gini"", ""class_weight"": ""balanced""}"
222,2026-06-05T15:37:54.348791+00:00,extra,ranking_total,222,5320,4,984,0.5388835856859021,736,248,0.49984653420042835,"[""V176"", ""V255"", ""V191"", ""V160""]","{""n_estimators"": 382, ""max_depth"": 5, ""min_samples_split"": 8, ""min_samples_leaf"": 5, ""criterion"": ""entropy"", ""class_weight"": ""balanced""}"
223,2026-06-05T15:38:44.810466+00:00,extra,ranking_total,223,5335,6,997,0.5826887811904976,768,229,0.4983293140469472,"[""V176"", ""V255"", ""V191"", ""V160"", ""V215"", ""V380""]","{""n_estimators"": 184, ""max_depth"": 14, ""min_samples_split"": 7, ""min_samples_leaf"": 4, ""criterion"": ""gini"", ""class_weight"": ""balanced""}"
224,2026-06-05T15:39:00.950565+00:00,extra,ranking_total,224,5355,5,997,0.5438824807563842,756,241,0.4971686230446079,"[""V176"", ""V255"", ""V191"", ""V160"", ""V215""]","{""n_estimators"": 67, ""max_depth"": 7, ""min_samples_split"": 8, ""min_samples_leaf"": 3, ""criterion"": ""entropy"", ""class_weight"": null}"
225,2026-06-05T15:40:45.195406+00:00,extra,ranking_total,225,5365,7,999,0.5132114152376829,784,215,0.4975132977336283,"[""V176"", ""V255"", ""V191"", ""V160"", ""V215"", ""V380"", ""V342""]","{""n_estimators"": 462, ""max_depth"": 3, ""min_samples_split"": 7, ""min_samples_leaf"": 8, ""criterion"": ""gini"", ""class_weight"": null}"
226,2026-06-05T15:41:43.249856+00:00,extra,ranking_total,226,5455,6,1000,0.5851822509265704,777,223,0.4981130049391489,"[""V176"", ""V255"", ""V191"", ""V160"", ""V215"", ""V380""]","{""n_estimators"": 213, ""max_depth"": 13, ""min_samples_split"": 2, ""min_samples_leaf"": 3, ""criterion"": ""gini"", ""class_weight"": ""balanced""}"
227,2026-06-05T15:43:21.234220+00:00,extra,ranking_total,227,5390,7,1000,0.5431300696064387,786,214,0.49954841325214766,"[""V176"", ""V255"", ""V191"", ""V160"", ""V215"", ""V380"", ""V342""]","{""n_estimators"": 370, ""max_depth"": 9, ""min_samples_split"": 4, ""min_samples_leaf"": 9, ""criterion"": ""gini"", ""class_weight"": ""balanced""}"
228,2026-06-05T15:43:43.490680+00:00,extra,ranking_total,228,5390,7,1000,0.5407062645788454,786,214,0.4993857866499247,"[""V176"", ""V255"", ""V191"", ""V160"", ""V215"", ""V380"", ""V342""]","{""n_estimators"": 82, ""max_depth"": 8, ""min_samples_split"": 2, ""min_samples_leaf"": 9, ""criterion"": ""entropy"", ""class_weight"": ""balanced""}"
229,2026-06-05T15:45:45.331807+00:00,extra,ranking_total,229,5425,7,999,0.5745338921977049,788,211,0.4980340536696949,"[""V176"", ""V255"", ""V191"", ""V160"", ""V215"", ""V380"", ""V342""]","{""n_estimators"": 439, ""max_depth"": 14, ""min_samples_split"": 2, ""min_samples_leaf"": 4, ""criterion"": ""gini"", ""class_weight"": ""balanced""}"
230,2026-06-05T15:47:30.992368+00:00,extra,ranking_total,230,5440,6,1000,0.5639140139632471,776,224,0.49905017951375996,"[""V176"", ""V255"", ""V191"", ""V160"", ""V215"", ""V380""]","{""n_estimators"": 395, ""max_depth"": 10, ""min_samples_split"": 7, ""min_samples_leaf"": 4, ""criterion"": ""gini"", ""class_weight"": ""balanced""}"
231,2026-06-05T15:48:48.221744+00:00,extra,ranking_total,231,5410,7,999,0.5813318322134443,787,212,0.49419661743603455,"[""V176"", ""V255"", ""V191"", ""V160"", ""V215"", ""V380"", ""V342""]","{""n_estimators"": 306, ""max_depth"": 13, ""min_samples_split"": 2, ""min_samples_leaf"": 1, ""criterion"": ""gini"", ""class_weight"": null}"
232,2026-06-05T15:49:23.149116+00:00,extra,ranking_total,232,5335,5,998,0.5972077057691814,755,243,0.4957577612459574,"[""V176"", ""V255"", ""V191"", ""V160"", ""V215""]","{""n_estimators"": 137, ""max_depth"": null, ""min_samples_split"": 2, ""min_samples_leaf"": 5, ""criterion"": ""gini"", ""class_weight"": null}"
233,2026-06-05T15:51:28.143728+00:00,extra,ranking_total,233,5380,6,1000,0.5353493939288965,772,228,0.49962351814622163,"[""V176"", ""V255"", ""V191"", ""V160"", ""V215"", ""V380""]","{""n_estimators"": 489, ""max_depth"": 6, ""min_samples_split"": 7, ""min_samples_leaf"": 6, ""criterion"": ""gini"", ""class_weight"": ""balanced""}"
234,2026-06-05T15:53:02.748834+00:00,extra,ranking_total,234,5545,6,1000,0.5814785461215909,783,217,0.49790511453601266,"[""V176"", ""V255"", ""V191"", ""V160"", ""V215"", ""V380""]","{""n_estimators"": 345, ""max_depth"": 12, ""min_samples_split"": 7, ""min_samples_leaf"": 2, ""criterion"": ""gini"", ""class_weight"": ""balanced""}"
235,2026-06-05T15:55:05.465543+00:00,extra,ranking_total,235,5455,7,999,0.5414776221588338,790,209,0.49937071170721364,"[""V176"", ""V255"", ""V191"", ""V160"", ""V215"", ""V380"", ""V342""]","{""n_estimators"": 465, ""max_depth"": 7, ""min_samples_split"": 6, ""min_samples_leaf"": 2, ""criterion"": ""entropy"", ""class_weight"": ""balanced""}"
236,2026-06-05T15:57:03.347056+00:00,extra,ranking_total,236,5440,7,999,0.5425100602834632,789,210,0.49936051504266443,"[""V176"", ""V255"", ""V191"", ""V160"", ""V215"", ""V380"", ""V342""]","{""n_estimators"": 458, ""max_depth"": 7, ""min_samples_split"": 8, ""min_samples_leaf"": 2, ""criterion"": ""gini"", ""class_weight"": ""balanced""}"
237,2026-06-05T15:58:45.878731+00:00,extra,ranking_total,237,5335,6,1000,0.5594185253378761,769,231,0.4967773316793028,"[""V176"", ""V255"", ""V191"", ""V160"", ""V215"", ""V380""]","{""n_estimators"": 435, ""max_depth"": 12, ""min_samples_split"": 4, ""min_samples_leaf"": 7, ""criterion"": ""entropy"", ""class_weight"": null}"
238,2026-06-05T16:00:24.637141+00:00,extra,ranking_total,238,5470,7,999,0.5657860818503234,791,208,0.4986923374214178,"[""V176"", ""V255"", ""V191"", ""V160"", ""V215"", ""V380"", ""V342""]","{""n_estimators"": 369, ""max_depth"": 11, ""min_samples_split"": 6, ""min_samples_leaf"": 3, ""criterion"": ""entropy"", ""class_weight"": ""balanced""}"
239,2026-06-05T16:00:48.073022+00:00,extra,ranking_total,239,5455,5,998,0.584995738627702,763,235,0.49888232104383823,"[""V176"", ""V255"", ""V191"", ""V160"", ""V215""]","{""n_estimators"": 85, ""max_depth"": 14, ""min_samples_split"": 8, ""min_samples_leaf"": 6, ""criterion"": ""entropy"", ""class_weight"": ""balanced""}"
240,2026-06-05T16:02:50.569869+00:00,extra,ranking_total,240,5300,7,1000,0.516126618282581,780,220,0.4998638707426904,"[""V176"", ""V255"", ""V191"", ""V160"", ""V215"", ""V380"", ""V342""]","{""n_estimators"": 474, ""max_depth"": 3, ""min_samples_split"": 7, ""min_samples_leaf"": 9, ""criterion"": ""gini"", ""class_weight"": ""balanced""}"
241,2026-06-05T16:03:39.907964+00:00,extra,ranking_total,241,5315,8,999,0.5481955704841097,794,205,0.49922121310654466,"[""V176"", ""V255"", ""V191"", ""V160"", ""V215"", ""V380"", ""V342"", ""V483""]","{""n_estimators"": 193, ""max_depth"": 11, ""min_samples_split"": 6, ""min_samples_leaf"": 8, ""criterion"": ""gini"", ""class_weight"": ""balanced""}"
242,2026-06-05T16:05:34.770844+00:00,extra,ranking_total,242,5360,7,1000,0.5546251568893901,784,216,0.496924160183632,"[""V176"", ""V255"", ""V191"", ""V160"", ""V215"", ""V380"", ""V342""]","{""n_estimators"": 478, ""max_depth"": 13, ""min_samples_split"": 8, ""min_samples_leaf"": 8, ""criterion"": ""gini"", ""class_weight"": null}"
243,2026-06-05T16:06:19.565970+00:00,extra,ranking_total,243,5570,7,1000,0.5384909762481258,798,202,0.4970471765880076,"[""V176"", ""V255"", ""V191"", ""V160"", ""V215"", ""V380"", ""V342""]","{""n_estimators"": 192, ""max_depth"": 7, ""min_samples_split"": 9, ""min_samples_leaf"": 3, ""criterion"": ""gini"", ""class_weight"": null}"
244,2026-06-05T16:08:02.512915+00:00,extra,ranking_total,244,5495,7,1000,0.5561219652142941,793,207,0.49664555802138527,"[""V176"", ""V255"", ""V191"", ""V160"", ""V215"", ""V380"", ""V342""]","{""n_estimators"": 425, ""max_depth"": 10, ""min_samples_split"": 3, ""min_samples_leaf"": 3, ""criterion"": ""entropy"", ""class_weight"": null}"
245,2026-06-05T16:08:21.187653+00:00,extra,ranking_total,245,5410,7,996,0.5509215447666945,786,210,0.49674323078694926,"[""V176"", ""V255"", ""V191"", ""V160"", ""V215"", ""V380"", ""V342""]","{""n_estimators"": 76, ""max_depth"": 14, ""min_samples_split"": 2, ""min_samples_leaf"": 9, ""criterion"": ""entropy"", ""class_weight"": null}"
246,2026-06-05T16:09:44.616592+00:00,extra,ranking_total,246,5360,7,1000,0.5199758086915973,784,216,0.4974946932696503,"[""V176"", ""V255"", ""V191"", ""V160"", ""V215"", ""V380"", ""V342""]","{""n_estimators"": 359, ""max_depth"": 4, ""min_samples_split"": 5, ""min_samples_leaf"": 8, ""criterion"": ""entropy"", ""class_weight"": null}"
247,2026-06-05T16:11:43.105780+00:00,extra,ranking_total,247,5435,7,1000,0.5769361953639811,789,211,0.4958146163842533,"[""V176"", ""V255"", ""V191"", ""V160"", ""V215"", ""V380"", ""V342""]","{""n_estimators"": 470, ""max_depth"": null, ""min_samples_split"": 8, ""min_samples_leaf"": 5, ""criterion"": ""entropy"", ""class_weight"": null}"
248,2026-06-05T16:12:29.177433+00:00,extra,ranking_total,248,5355,5,997,0.5555004050200604,756,241,0.4995745128783003,"[""V176"", ""V255"", ""V191"", ""V160"", ""V215""]","{""n_estimators"": 177, ""max_depth"": 9, ""min_samples_split"": 5, ""min_samples_leaf"": 9, ""criterion"": ""entropy"", ""class_weight"": ""balanced""}"
249,2026-06-05T16:13:49.780314+00:00,extra,ranking_total,249,5485,6,1000,0.546997397245646,779,221,0.4995070905618368,"[""V176"", ""V255"", ""V191"", ""V160"", ""V215"", ""V380""]","{""n_estimators"": 304, ""max_depth"": 8, ""min_samples_split"": 5, ""min_samples_leaf"": 7, ""criterion"": ""entropy"", ""class_weight"": ""balanced""}"
250,2026-06-05T16:15:02.799375+00:00,extra,ranking_total,250,5425,6,1000,0.5342619721247152,775,225,0.4972918664848261,"[""V176"", ""V255"", ""V191"", ""V160"", ""V215"", ""V380""]","{""n_estimators"": 322, ""max_depth"": 6, ""min_samples_split"": 9, ""min_samples_leaf"": 5, ""criterion"": ""entropy"", ""class_weight"": null}"
251,2026-06-05T16:16:51.938970+00:00,extra,ranking_total,251,5480,7,1000,0.5485364112666222,792,208,0.4992811646581565,"[""V176"", ""V255"", ""V191"", ""V160"", ""V215"", ""V380"", ""V342""]","{""n_estimators"": 416, ""max_depth"": 8, ""min_samples_split"": 7, ""min_samples_leaf"": 1, ""criterion"": ""entropy"", ""class_weight"": ""balanced""}"
252,2026-06-05T16:18:26.622957+00:00,extra,ranking_total,252,5435,6,998,0.5582405759945115,775,223,0.496746609792442,"[""V176"", ""V255"", ""V191"", ""V160"", ""V215"", ""V380""]","{""n_estimators"": 395, ""max_depth"": 9, ""min_samples_split"": 5, ""min_samples_leaf"": 2, ""criterion"": ""entropy"", ""class_weight"": null}"
253,2026-06-05T16:19:16.640804+00:00,extra,ranking_total,253,5395,6,997,0.5656694098958328,772,225,0.4966327089505674,"[""V176"", ""V255"", ""V191"", ""V160"", ""V215"", ""V380""]","{""n_estimators"": 205, ""max_depth"": 14, ""min_samples_split"": 8, ""min_samples_leaf"": 7, ""criterion"": ""gini"", ""class_weight"": null}"
254,2026-06-05T16:20:32.069961+00:00,extra,ranking_total,254,5485,7,999,0.5510726738298211,792,207,0.49705652494571056,"[""V176"", ""V255"", ""V191"", ""V160"", ""V215"", ""V380"", ""V342""]","{""n_estimators"": 317, ""max_depth"": 10, ""min_samples_split"": 7, ""min_samples_leaf"": 6, ""criterion"": ""entropy"", ""class_weight"": null}"
255,2026-06-05T16:21:58.172889+00:00,extra,ranking_total,255,5435,7,997,0.5346862062359503,788,209,0.49729962686534684,"[""V176"", ""V255"", ""V191"", ""V160"", ""V215"", ""V380"", ""V342""]","{""n_estimators"": 376, ""max_depth"": 7, ""min_samples_split"": 3, ""min_samples_leaf"": 7, ""criterion"": ""entropy"", ""class_weight"": null}"
256,2026-06-05T16:23:34.876248+00:00,extra,ranking_total,256,5440,6,1000,0.5727161016947426,776,224,0.49862333817093696,"[""V176"", ""V255"", ""V191"", ""V160"", ""V215"", ""V380""]","{""n_estimators"": 357, ""max_depth"": null, ""min_samples_split"": 3, ""min_samples_leaf"": 7, ""criterion"": ""entropy"", ""class_weight"": ""balanced""}"
257,2026-06-05T16:24:24.819823+00:00,extra,ranking_total,257,5370,5,1000,0.5554569798010699,758,242,0.49709656840816363,"[""V176"", ""V255"", ""V191"", ""V160"", ""V215""]","{""n_estimators"": 210, ""max_depth"": 9, ""min_samples_split"": 4, ""min_samples_leaf"": 8, ""criterion"": ""entropy"", ""class_weight"": null}"
258,2026-06-05T16:26:20.473785+00:00,extra,ranking_total,258,5420,7,1000,0.5378680126864565,788,212,0.4995667400460856,"[""V176"", ""V255"", ""V191"", ""V160"", ""V215"", ""V380"", ""V342""]","{""n_estimators"": 440, ""max_depth"": 7, ""min_samples_split"": 9, ""min_samples_leaf"": 7, ""criterion"": ""entropy"", ""class_weight"": ""balanced""}"
259,2026-06-05T16:27:26.155018+00:00,extra,ranking_total,259,5410,6,1000,0.566307692542585,774,226,0.49901602098664516,"[""V176"", ""V255"", ""V191"", ""V160"", ""V215"", ""V380""]","{""n_estimators"": 249, ""max_depth"": 12, ""min_samples_split"": 3, ""min_samples_leaf"": 6, ""criterion"": ""gini"", ""class_weight"": ""balanced""}"
260,2026-06-05T16:28:04.844838+00:00,extra,ranking_total,260,5360,7,1000,0.5875165589536634,784,216,0.4952388752926049,"[""V176"", ""V255"", ""V191"", ""V160"", ""V215"", ""V380"", ""V342""]","{""n_estimators"": 154, ""max_depth"": null, ""min_samples_split"": 3, ""min_samples_leaf"": 4, ""criterion"": ""gini"", ""class_weight"": null}"
261,2026-06-05T16:28:19.057435+00:00,extra,ranking_total,261,5275,4,999,0.5315714278146982,738,261,0.4973668868608656,"[""V176"", ""V255"", ""V191"", ""V160""]","{""n_estimators"": 60, ""max_depth"": 5, ""min_samples_split"": 9, ""min_samples_leaf"": 7, ""criterion"": ""gini"", ""class_weight"": null}"
262,2026-06-05T16:29:31.093235+00:00,extra,ranking_total,262,5465,7,1000,0.5441434453382293,791,209,0.4993532418390246,"[""V176"", ""V255"", ""V191"", ""V160"", ""V215"", ""V380"", ""V342""]","{""n_estimators"": 274, ""max_depth"": 8, ""min_samples_split"": 9, ""min_samples_leaf"": 4, ""criterion"": ""gini"", ""class_weight"": ""balanced""}"
263,2026-06-05T16:30:31.635704+00:00,extra,ranking_total,263,5385,5,1000,0.5484328505926147,759,241,0.4972168662817903,"[""V176"", ""V255"", ""V191"", ""V160"", ""V215""]","{""n_estimators"": 255, ""max_depth"": 7, ""min_samples_split"": 8, ""min_samples_leaf"": 4, ""criterion"": ""entropy"", ""class_weight"": null}"
264,2026-06-05T16:31:13.948339+00:00,extra,ranking_total,264,5410,7,999,0.5543281181577299,787,212,0.49687652651204756,"[""V176"", ""V255"", ""V191"", ""V160"", ""V215"", ""V380"", ""V342""]","{""n_estimators"": 173, ""max_depth"": 13, ""min_samples_split"": 5, ""min_samples_leaf"": 9, ""criterion"": ""entropy"", ""class_weight"": null}"
265,2026-06-05T16:32:12.974610+00:00,extra,ranking_total,265,5455,6,1000,0.5561446999833537,777,223,0.49929353697781553,"[""V176"", ""V255"", ""V191"", ""V160"", ""V215"", ""V380""]","{""n_estimators"": 224, ""max_depth"": 11, ""min_samples_split"": 5, ""min_samples_leaf"": 9, ""criterion"": ""entropy"", ""class_weight"": ""balanced""}"
266,2026-06-05T16:32:38.033642+00:00,extra,ranking_total,266,5260,6,1000,0.5602853163061838,764,236,0.49671411896391676,"[""V176"", ""V255"", ""V191"", ""V160"", ""V215"", ""V380""]","{""n_estimators"": 103, ""max_depth"": 14, ""min_samples_split"": 9, ""min_samples_leaf"": 9, ""criterion"": ""entropy"", ""class_weight"": null}"
267,2026-06-05T16:33:58.522076+00:00,extra,ranking_total,267,5370,8,1000,0.5120983274244808,798,202,0.49756510387369424,"[""V176"", ""V255"", ""V191"", ""V160"", ""V215"", ""V380"", ""V342"", ""V483""]","{""n_estimators"": 356, ""max_depth"": 3, ""min_samples_split"": 9, ""min_samples_leaf"": 8, ""criterion"": ""gini"", ""class_weight"": null}"
268,2026-06-05T16:34:50.645958+00:00,extra,ranking_total,268,5400,6,999,0.5278506532113827,773,226,0.4973172584601216,"[""V176"", ""V255"", ""V191"", ""V160"", ""V215"", ""V380""]","{""n_estimators"": 230, ""max_depth"": 5, ""min_samples_split"": 6, ""min_samples_leaf"": 4, ""criterion"": ""gini"", ""class_weight"": null}"
269,2026-06-05T16:36:59.724529+00:00,extra,ranking_total,269,5465,7,1000,0.5584065997496602,791,209,0.49911168424619173,"[""V176"", ""V255"", ""V191"", ""V160"", ""V215"", ""V380"", ""V342""]","{""n_estimators"": 481, ""max_depth"": 14, ""min_samples_split"": 3, ""min_samples_leaf"": 8, ""criterion"": ""entropy"", ""class_weight"": ""balanced""}"
270,2026-06-05T16:38:56.262632+00:00,extra,ranking_total,270,5315,6,998,0.5673182668833574,767,231,0.49875662454095054,"[""V176"", ""V255"", ""V191"", ""V160"", ""V215"", ""V380""]","{""n_estimators"": 430, ""max_depth"": null, ""min_samples_split"": 4, ""min_samples_leaf"": 9, ""criterion"": ""gini"", ""class_weight"": ""balanced""}"
271,2026-06-05T16:39:18.515040+00:00,extra,ranking_total,271,5390,4,1000,0.5292281364829706,746,254,0.4998199142621574,"[""V176"", ""V255"", ""V191"", ""V160""]","{""n_estimators"": 82, ""max_depth"": 4, ""min_samples_split"": 2, ""min_samples_leaf"": 8, ""criterion"": ""entropy"", ""class_weight"": ""balanced""}"
272,2026-06-05T16:40:58.574815+00:00,extra,ranking_total,272,5485,7,999,0.5528642746999817,792,207,0.49651504525069506,"[""V176"", ""V255"", ""V191"", ""V160"", ""V215"", ""V380"", ""V342""]","{""n_estimators"": 411, ""max_depth"": 9, ""min_samples_split"": 3, ""min_samples_leaf"": 1, ""criterion"": ""entropy"", ""class_weight"": null}"
273,2026-06-05T16:42:16.729696+00:00,extra,ranking_total,273,5425,7,999,0.5536476451072103,788,211,0.4990614878988512,"[""V176"", ""V255"", ""V191"", ""V160"", ""V215"", ""V380"", ""V342""]","{""n_estimators"": 292, ""max_depth"": 9, ""min_samples_split"": 5, ""min_samples_leaf"": 3, ""criterion"": ""entropy"", ""class_weight"": ""balanced""}"
274,2026-06-05T16:43:24.253584+00:00,extra,ranking_total,274,5355,5,1000,0.5316519304529393,757,243,0.4974105908283913,"[""V176"", ""V255"", ""V191"", ""V160"", ""V215""]","{""n_estimators"": 289, ""max_depth"": 5, ""min_samples_split"": 4, ""min_samples_leaf"": 7, ""criterion"": ""gini"", ""class_weight"": null}"
275,2026-06-05T16:44:01.274004+00:00,extra,ranking_total,275,5425,7,999,0.5205548696517954,788,211,0.49748241951602756,"[""V176"", ""V255"", ""V191"", ""V160"", ""V215"", ""V380"", ""V342""]","{""n_estimators"": 164, ""max_depth"": 4, ""min_samples_split"": 4, ""min_samples_leaf"": 6, ""criterion"": ""entropy"", ""class_weight"": null}"
276,2026-06-05T16:45:39.313923+00:00,extra,ranking_total,276,5465,7,1000,0.5859934653247565,791,209,0.49497045715504867,"[""V176"", ""V255"", ""V191"", ""V160"", ""V215"", ""V380"", ""V342""]","{""n_estimators"": 393, ""max_depth"": 14, ""min_samples_split"": 4, ""min_samples_leaf"": 2, ""criterion"": ""gini"", ""class_weight"": null}"
277,2026-06-05T16:46:34.233226+00:00,extra,ranking_total,277,5435,7,1000,0.5387261850680358,789,211,0.49947186586056697,"[""V176"", ""V255"", ""V191"", ""V160"", ""V215"", ""V380"", ""V342""]","{""n_estimators"": 212, ""max_depth"": 7, ""min_samples_split"": 8, ""min_samples_leaf"": 4, ""criterion"": ""gini"", ""class_weight"": ""balanced""}"
278,2026-06-05T16:48:16.953161+00:00,extra,ranking_total,278,5310,4,998,0.525557784998137,740,258,0.499849152928872,"[""V176"", ""V255"", ""V191"", ""V160""]","{""n_estimators"": 401, ""max_depth"": 3, ""min_samples_split"": 7, ""min_samples_leaf"": 3, ""criterion"": ""gini"", ""class_weight"": ""balanced""}"
279,2026-06-05T16:49:06.147099+00:00,extra,ranking_total,279,5500,6,1000,0.536024551643397,780,220,0.4971995991176421,"[""V176"", ""V255"", ""V191"", ""V160"", ""V215"", ""V380""]","{""n_estimators"": 210, ""max_depth"": 6, ""min_samples_split"": 7, ""min_samples_leaf"": 2, ""criterion"": ""entropy"", ""class_weight"": null}"
280,2026-06-05T16:49:32.283871+00:00,extra,ranking_total,280,5395,6,1000,0.5435418454197279,773,227,0.4994752898651732,"[""V176"", ""V255"", ""V191"", ""V160"", ""V215"", ""V380""]","{""n_estimators"": 99, ""max_depth"": 8, ""min_samples_split"": 4, ""min_samples_leaf"": 9, ""criterion"": ""entropy"", ""class_weight"": ""balanced""}"
281,2026-06-05T16:51:01.664913+00:00,extra,ranking_total,281,5390,7,1000,0.5342799234641842,786,214,0.49954516776659147,"[""V176"", ""V255"", ""V191"", ""V160"", ""V215"", ""V380"", ""V342""]","{""n_estimators"": 343, ""max_depth"": 6, ""min_samples_split"": 3, ""min_samples_leaf"": 5, ""criterion"": ""entropy"", ""class_weight"": ""balanced""}"
282,2026-06-05T16:51:46.196899+00:00,extra,ranking_total,282,5350,6,1000,0.6457401032702235,770,230,0.4936597905909352,"[""V176"", ""V255"", ""V191"", ""V160"", ""V215"", ""V380""]","{""n_estimators"": 166, ""max_depth"": null, ""min_samples_split"": 8, ""min_samples_leaf"": 1, ""criterion"": ""entropy"", ""class_weight"": null}"
283,2026-06-05T16:53:29.677820+00:00,extra,ranking_total,283,5545,6,1000,0.5769695751193238,783,217,0.4961186191386183,"[""V176"", ""V255"", ""V191"", ""V160"", ""V215"", ""V380""]","{""n_estimators"": 427, ""max_depth"": 12, ""min_samples_split"": 2, ""min_samples_leaf"": 3, ""criterion"": ""gini"", ""class_weight"": null}"
284,2026-06-05T16:54:22.227713+00:00,extra,ranking_total,284,5375,7,1000,0.5626643882202984,785,215,0.49880620053193125,"[""V176"", ""V255"", ""V191"", ""V160"", ""V215"", ""V380"", ""V342""]","{""n_estimators"": 193, ""max_depth"": 13, ""min_samples_split"": 9, ""min_samples_leaf"": 6, ""criterion"": ""gini"", ""class_weight"": ""balanced""}"
285,2026-06-05T16:54:53.155734+00:00,extra,ranking_total,285,5290,6,1000,0.566307504666908,766,234,0.4964205087852612,"[""V176"", ""V255"", ""V191"", ""V160"", ""V215"", ""V380""]","{""n_estimators"": 123, ""max_depth"": null, ""min_samples_split"": 2, ""min_samples_leaf"": 8, ""criterion"": ""entropy"", ""class_weight"": null}"
286,2026-06-05T16:55:43.756180+00:00,extra,ranking_total,286,5350,6,1000,0.5516945197679824,770,230,0.49703475381523066,"[""V176"", ""V255"", ""V191"", ""V160"", ""V215"", ""V380""]","{""n_estimators"": 211, ""max_depth"": 11, ""min_samples_split"": 8, ""min_samples_leaf"": 9, ""criterion"": ""entropy"", ""class_weight"": null}"
287,2026-06-05T16:57:13.784119+00:00,extra,ranking_total,287,5450,7,1000,0.5412263044920751,790,210,0.49722270665303697,"[""V176"", ""V255"", ""V191"", ""V160"", ""V215"", ""V380"", ""V342""]","{""n_estimators"": 385, ""max_depth"": 9, ""min_samples_split"": 7, ""min_samples_leaf"": 9, ""criterion"": ""gini"", ""class_weight"": null}"
288,2026-06-05T16:58:38.063794+00:00,extra,ranking_total,288,5420,7,1000,0.557836317009616,788,212,0.49672275589298914,"[""V176"", ""V255"", ""V191"", ""V160"", ""V215"", ""V380"", ""V342""]","{""n_estimators"": 349, ""max_depth"": 10, ""min_samples_split"": 9, ""min_samples_leaf"": 3, ""criterion"": ""gini"", ""class_weight"": null}"
289,2026-06-05T16:59:27.296789+00:00,extra,ranking_total,289,5345,4,997,0.5407915102673294,742,255,0.4973725460298372,"[""V176"", ""V255"", ""V191"", ""V160""]","{""n_estimators"": 212, ""max_depth"": 6, ""min_samples_split"": 3, ""min_samples_leaf"": 9, ""criterion"": ""entropy"", ""class_weight"": null}"
290,2026-06-05T17:00:29.823181+00:00,extra,ranking_total,290,5505,6,999,0.58837430106855,780,219,0.49747286193529383,"[""V176"", ""V255"", ""V191"", ""V160"", ""V215"", ""V380""]","{""n_estimators"": 225, ""max_depth"": 14, ""min_samples_split"": 6, ""min_samples_leaf"": 3, ""criterion"": ""entropy"", ""class_weight"": ""balanced""}"
291,2026-06-05T17:01:10.908585+00:00,extra,ranking_total,291,5375,7,1000,0.5458739423046056,785,215,0.4972730358083196,"[""V176"", ""V255"", ""V191"", ""V160"", ""V215"", ""V380"", ""V342""]","{""n_estimators"": 175, ""max_depth"": 10, ""min_samples_split"": 8, ""min_samples_leaf"": 9, ""criterion"": ""entropy"", ""class_weight"": null}"
292,2026-06-05T17:01:36.284166+00:00,extra,ranking_total,292,5345,7,1000,0.561067004265811,783,217,0.49874425191063393,"[""V176"", ""V255"", ""V191"", ""V160"", ""V215"", ""V380"", ""V342""]","{""n_estimators"": 97, ""max_depth"": 12, ""min_samples_split"": 3, ""min_samples_leaf"": 6, ""criterion"": ""entropy"", ""class_weight"": ""balanced""}"
293,2026-06-05T17:02:31.102174+00:00,extra,ranking_total,293,5560,6,1000,0.599670902357868,784,216,0.495460291836182,"[""V176"", ""V255"", ""V191"", ""V160"", ""V215"", ""V380""]","{""n_estimators"": 222, ""max_depth"": 14, ""min_samples_split"": 8, ""min_samples_leaf"": 1, ""criterion"": ""gini"", ""class_weight"": null}"
294,2026-06-05T17:04:38.596555+00:00,extra,ranking_total,294,5330,7,1000,0.5489178218723688,782,218,0.4991949632567369,"[""V176"", ""V255"", ""V191"", ""V160"", ""V215"", ""V380"", ""V342""]","{""n_estimators"": 472, ""max_depth"": 9, ""min_samples_split"": 9, ""min_samples_leaf"": 5, ""criterion"": ""entropy"", ""class_weight"": ""balanced""}"
295,2026-06-05T17:05:51.357871+00:00,extra,ranking_total,295,5485,6,1000,0.5202971037429086,779,221,0.497497857670946,"[""V176"", ""V255"", ""V191"", ""V160"", ""V215"", ""V380""]","{""n_estimators"": 327, ""max_depth"": 4, ""min_samples_split"": 7, ""min_samples_leaf"": 7, ""criterion"": ""gini"", ""class_weight"": null}"
296,2026-06-05T17:06:54.461649+00:00,extra,ranking_total,296,5380,7,999,0.5321176157061619,785,214,0.497133609385887,"[""V176"", ""V255"", ""V191"", ""V160"", ""V215"", ""V380"", ""V342""]","{""n_estimators"": 274, ""max_depth"": 6, ""min_samples_split"": 9, ""min_samples_leaf"": 4, ""criterion"": ""entropy"", ""class_weight"": null}"
297,2026-06-05T17:08:22.627745+00:00,extra,ranking_total,297,5380,7,999,0.5141026849234268,785,214,0.4975191668966365,"[""V176"", ""V255"", ""V191"", ""V160"", ""V215"", ""V380"", ""V342""]","{""n_estimators"": 390, ""max_depth"": 3, ""min_samples_split"": 5, ""min_samples_leaf"": 5, ""criterion"": ""entropy"", ""class_weight"": null}"
298,2026-06-05T17:09:07.085703+00:00,extra,ranking_total,298,5500,7,999,0.5427232607816137,793,206,0.49707630909661005,"[""V176"", ""V255"", ""V191"", ""V160"", ""V215"", ""V380"", ""V342""]","{""n_estimators"": 184, ""max_depth"": 10, ""min_samples_split"": 2, ""min_samples_leaf"": 9, ""criterion"": ""entropy"", ""class_weight"": null}"
299,2026-06-05T17:10:00.736569+00:00,extra,ranking_total,299,5380,6,1000,0.5311434765774413,772,228,0.49953652001991633,"[""V176"", ""V255"", ""V191"", ""V160"", ""V215"", ""V380""]","{""n_estimators"": 206, ""max_depth"": 5, ""min_samples_split"": 2, ""min_samples_leaf"": 1, ""criterion"": ""gini"", ""class_weight"": ""balanced""}"
300,2026-06-05T17:11:07.897604+00:00,extra,ranking_total,300,5425,6,1000,0.5404343831388877,775,225,0.49942000676728493,"[""V176"", ""V255"", ""V191"", ""V160"", ""V215"", ""V380""]","{""n_estimators"": 268, ""max_depth"": 7, ""min_samples_split"": 4, ""min_samples_leaf"": 6, ""criterion"": ""gini"", ""class_weight"": ""balanced""}"
301,2026-06-05T17:12:09.807123+00:00,extra,ranking_total,301,5455,5,998,0.5686295771024811,763,235,0.49699208642399706,"[""V176"", ""V255"", ""V191"", ""V160"", ""V215""]","{""n_estimators"": 259, ""max_depth"": 11, ""min_samples_split"": 3, ""min_samples_leaf"": 6, ""criterion"": ""entropy"", ""class_weight"": null}"
302,2026-06-05T17:13:49.418810+00:00,extra,ranking_total,302,5450,7,1000,0.5377387644103122,790,210,0.497194659663677,"[""V176"", ""V255"", ""V191"", ""V160"", ""V215"", ""V380"", ""V342""]","{""n_estimators"": 423, ""max_depth"": 8, ""min_samples_split"": 2, ""min_samples_leaf"": 8, ""criterion"": ""entropy"", ""class_weight"": null}"
303,2026-06-05T17:15:25.540626+00:00,extra,ranking_total,303,5435,7,1000,0.5517130293368073,789,211,0.4968934566323022,"[""V176"", ""V255"", ""V191"", ""V160"", ""V215"", ""V380"", ""V342""]","{""n_estimators"": 400, ""max_depth"": 10, ""min_samples_split"": 5, ""min_samples_leaf"": 5, ""criterion"": ""entropy"", ""class_weight"": null}"
304,2026-06-05T17:15:56.200546+00:00,extra,ranking_total,304,5365,6,1000,0.6130648066343308,771,229,0.49589334161847093,"[""V176"", ""V255"", ""V191"", ""V160"", ""V215"", ""V380""]","{""n_estimators"": 109, ""max_depth"": null, ""min_samples_split"": 6, ""min_samples_leaf"": 3, ""criterion"": ""gini"", ""class_weight"": ""balanced""}"
305,2026-06-05T17:17:12.431906+00:00,extra,ranking_total,305,5405,7,1000,0.5193847227622278,787,213,0.49744604847754215,"[""V176"", ""V255"", ""V191"", ""V160"", ""V215"", ""V380"", ""V342""]","{""n_estimators"": 337, ""max_depth"": 4, ""min_samples_split"": 4, ""min_samples_leaf"": 2, ""criterion"": ""gini"", ""class_weight"": null}"
306,2026-06-05T17:19:01.818048+00:00,extra,ranking_total,306,5420,7,1000,0.520089765597374,788,212,0.49744237763381427,"[""V176"", ""V255"", ""V191"", ""V160"", ""V215"", ""V380"", ""V342""]","{""n_estimators"": 475, ""max_depth"": 4, ""min_samples_split"": 9, ""min_samples_leaf"": 4, ""criterion"": ""entropy"", ""class_weight"": null}"
307,2026-06-05T17:20:06.222101+00:00,extra,ranking_total,307,5385,7,998,0.5469486875541066,785,213,0.49696127868267614,"[""V176"", ""V255"", ""V191"", ""V160"", ""V215"", ""V380"", ""V342""]","{""n_estimators"": 274, ""max_depth"": 8, ""min_samples_split"": 3, ""min_samples_leaf"": 2, ""criterion"": ""gini"", ""class_weight"": null}"
308,2026-06-05T17:21:49.014447+00:00,extra,ranking_total,308,5385,7,998,0.5603379983427277,785,213,0.4964997257055765,"[""V176"", ""V255"", ""V191"", ""V160"", ""V215"", ""V380"", ""V342""]","{""n_estimators"": 423, ""max_depth"": 12, ""min_samples_split"": 3, ""min_samples_leaf"": 5, ""criterion"": ""entropy"", ""class_weight"": null}"
309,2026-06-05T17:23:40.300592+00:00,extra,ranking_total,309,5375,4,1000,0.5274334556958614,745,255,0.4974724716365061,"[""V176"", ""V255"", ""V191"", ""V160""]","{""n_estimators"": 489, ""max_depth"": 4, ""min_samples_split"": 4, ""min_samples_leaf"": 9, ""criterion"": ""gini"", ""class_weight"": null}"
310,2026-06-05T17:25:40.173796+00:00,extra,ranking_total,310,5340,6,999,0.5183939402091955,769,230,0.4998524810796452,"[""V176"", ""V255"", ""V191"", ""V160"", ""V215"", ""V380""]","{""n_estimators"": 467, ""max_depth"": 3, ""min_samples_split"": 9, ""min_samples_leaf"": 5, ""criterion"": ""entropy"", ""class_weight"": ""balanced""}"
311,2026-06-05T17:26:27.195421+00:00,extra,ranking_total,311,5525,7,997,0.5614824330797729,794,203,0.4987559561884962,"[""V176"", ""V255"", ""V191"", ""V160"", ""V215"", ""V380"", ""V342""]","{""n_estimators"": 174, ""max_depth"": 10, ""min_samples_split"": 6, ""min_samples_leaf"": 2, ""criterion"": ""gini"", ""class_weight"": ""balanced""}"
312,2026-06-05T17:28:30.791458+00:00,extra,ranking_total,312,5440,6,1000,0.5344282882610646,776,224,0.4996396098032325,"[""V176"", ""V255"", ""V191"", ""V160"", ""V215"", ""V380""]","{""n_estimators"": 470, ""max_depth"": 6, ""min_samples_split"": 2, ""min_samples_leaf"": 7, ""criterion"": ""entropy"", ""class_weight"": ""balanced""}"
313,2026-06-05T17:30:23.357561+00:00,extra,ranking_total,313,5410,7,999,0.5654057771916308,787,212,0.4964550132050308,"[""V176"", ""V255"", ""V191"", ""V160"", ""V215"", ""V380"", ""V342""]","{""n_estimators"": 466, ""max_depth"": 12, ""min_samples_split"": 6, ""min_samples_leaf"": 4, ""criterion"": ""gini"", ""class_weight"": null}"
314,2026-06-05T17:30:37.436573+00:00,extra,ranking_total,314,5315,7,1000,0.5488352744608348,781,219,0.4967655168394612,"[""V176"", ""V255"", ""V191"", ""V160"", ""V215"", ""V380"", ""V342""]","{""n_estimators"": 58, ""max_depth"": 11, ""min_samples_split"": 4, ""min_samples_leaf"": 8, ""criterion"": ""gini"", ""class_weight"": null}"
315,2026-06-05T17:30:53.374312+00:00,extra,ranking_total,315,5375,4,1000,0.5449414826624639,745,255,0.49935639129508164,"[""V176"", ""V255"", ""V191"", ""V160""]","{""n_estimators"": 58, ""max_depth"": 5, ""min_samples_split"": 7, ""min_samples_leaf"": 4, ""criterion"": ""entropy"", ""class_weight"": ""balanced""}"
316,2026-06-05T17:32:30.288906+00:00,extra,ranking_total,316,5510,7,997,0.5446817906036335,793,204,0.497026618397745,"[""V176"", ""V255"", ""V191"", ""V160"", ""V215"", ""V380"", ""V342""]","{""n_estimators"": 411, ""max_depth"": 8, ""min_samples_split"": 5, ""min_samples_leaf"": 3, ""criterion"": ""entropy"", ""class_weight"": null}"
317,2026-06-05T17:33:59.560385+00:00,extra,ranking_total,317,5380,7,999,0.5617973955225098,785,214,0.4964123024610097,"[""V176"", ""V255"", ""V191"", ""V160"", ""V215"", ""V380"", ""V342""]","{""n_estimators"": 367, ""max_depth"": null, ""min_samples_split"": 8, ""min_samples_leaf"": 8, ""criterion"": ""gini"", ""class_weight"": null}"
318,2026-06-05T17:35:08.162961+00:00,extra,ranking_total,318,5405,7,1000,0.5487188248004794,787,213,0.4969829190197468,"[""V176"", ""V255"", ""V191"", ""V160"", ""V215"", ""V380"", ""V342""]","{""n_estimators"": 297, ""max_depth"": 9, ""min_samples_split"": 4, ""min_samples_leaf"": 4, ""criterion"": ""gini"", ""class_weight"": null}"
319,2026-06-05T17:37:05.419486+00:00,extra,ranking_total,319,5530,6,1000,0.591410617275326,782,218,0.4954725869285696,"[""V176"", ""V255"", ""V191"", ""V160"", ""V215"", ""V380""]","{""n_estimators"": 469, ""max_depth"": 13, ""min_samples_split"": 8, ""min_samples_leaf"": 1, ""criterion"": ""gini"", ""class_weight"": null}"
320,2026-06-05T17:38:23.340701+00:00,extra,ranking_total,320,5440,6,1000,0.5230867953613452,776,224,0.4975119296174137,"[""V176"", ""V255"", ""V191"", ""V160"", ""V215"", ""V380""]","{""n_estimators"": 339, ""max_depth"": 4, ""min_samples_split"": 9, ""min_samples_leaf"": 2, ""criterion"": ""gini"", ""class_weight"": null}"
321,2026-06-05T17:39:38.093401+00:00,extra,ranking_total,321,5405,7,1000,0.5453182031547357,787,213,0.4968849484402108,"[""V176"", ""V255"", ""V191"", ""V160"", ""V215"", ""V380"", ""V342""]","{""n_estimators"": 319, ""max_depth"": 9, ""min_samples_split"": 4, ""min_samples_leaf"": 6, ""criterion"": ""gini"", ""class_weight"": null}"
322,2026-06-05T17:39:57.798414+00:00,extra,ranking_total,322,5210,5,999,0.5398303049206026,747,252,0.49966524722358246,"[""V176"", ""V255"", ""V191"", ""V160"", ""V215""]","{""n_estimators"": 76, ""max_depth"": 6, ""min_samples_split"": 6, ""min_samples_leaf"": 9, ""criterion"": ""entropy"", ""class_weight"": ""balanced""}"
323,2026-06-05T17:42:04.047816+00:00,extra,ranking_total,323,5390,7,1000,0.5614778177151375,786,214,0.49873239027417166,"[""V176"", ""V255"", ""V191"", ""V160"", ""V215"", ""V380"", ""V342""]","{""n_estimators"": 466, ""max_depth"": 13, ""min_samples_split"": 3, ""min_samples_leaf"": 6, ""criterion"": ""entropy"", ""class_weight"": ""balanced""}"
324,2026-06-05T17:43:05.771421+00:00,extra,ranking_total,324,5510,6,998,0.5924053082724184,780,218,0.49713331591874904,"[""V176"", ""V255"", ""V191"", ""V160"", ""V215"", ""V380""]","{""n_estimators"": 234, ""max_depth"": 13, ""min_samples_split"": 8, ""min_samples_leaf"": 1, ""criterion"": ""gini"", ""class_weight"": ""balanced""}"
325,2026-06-05T17:43:51.908561+00:00,extra,ranking_total,325,5350,7,999,0.546166303755139,783,216,0.4970013284163412,"[""V176"", ""V255"", ""V191"", ""V160"", ""V215"", ""V380"", ""V342""]","{""n_estimators"": 203, ""max_depth"": 11, ""min_samples_split"": 6, ""min_samples_leaf"": 9, ""criterion"": ""gini"", ""class_weight"": null}"
326,2026-06-05T17:44:54.217097+00:00,extra,ranking_total,326,5380,6,1000,0.5588581228078707,772,228,0.4992263569913159,"[""V176"", ""V255"", ""V191"", ""V160"", ""V215"", ""V380""]","{""n_estimators"": 235, ""max_depth"": 10, ""min_samples_split"": 3, ""min_samples_leaf"": 6, ""criterion"": ""gini"", ""class_weight"": ""balanced""}"
327,2026-06-05T17:45:38.626837+00:00,extra,ranking_total,327,5395,6,997,0.5144390832362457,772,225,0.4975007795630726,"[""V176"", ""V255"", ""V191"", ""V160"", ""V215"", ""V380""]","{""n_estimators"": 203, ""max_depth"": 3, ""min_samples_split"": 6, ""min_samples_leaf"": 1, ""criterion"": ""entropy"", ""class_weight"": null}"
328,2026-06-05T17:47:11.473506+00:00,extra,ranking_total,328,5390,7,1000,0.5676131386359239,786,214,0.4962677494733681,"[""V176"", ""V255"", ""V191"", ""V160"", ""V215"", ""V380"", ""V342""]","{""n_estimators"": 371, ""max_depth"": null, ""min_samples_split"": 6, ""min_samples_leaf"": 7, ""criterion"": ""entropy"", ""class_weight"": null}"
329,2026-06-05T17:47:41.934472+00:00,extra,ranking_total,329,5380,6,1000,0.5727475814779875,772,228,0.4966086287363108,"[""V176"", ""V255"", ""V191"", ""V160"", ""V215"", ""V380""]","{""n_estimators"": 134, ""max_depth"": 12, ""min_samples_split"": 4, ""min_samples_leaf"": 4, ""criterion"": ""entropy"", ""class_weight"": null}"
330,2026-06-05T17:49:27.565054+00:00,extra,ranking_total,330,5540,6,998,0.5571105563154046,782,216,0.49651551398249577,"[""V176"", ""V255"", ""V191"", ""V160"", ""V215"", ""V380""]","{""n_estimators"": 443, ""max_depth"": 9, ""min_samples_split"": 4, ""min_samples_leaf"": 1, ""criterion"": ""entropy"", ""class_weight"": null}"
331,2026-06-05T17:50:38.283164+00:00,extra,ranking_total,331,5450,6,998,0.5572885740321228,776,222,0.4993701975123632,"[""V176"", ""V255"", ""V191"", ""V160"", ""V215"", ""V380""]","{""n_estimators"": 271, ""max_depth"": 11, ""min_samples_split"": 2, ""min_samples_leaf"": 8, ""criterion"": ""gini"", ""class_weight"": ""balanced""}"
332,2026-06-05T17:52:49.208605+00:00,extra,ranking_total,332,5440,6,1000,0.5740357188231187,776,224,0.4987689065629871,"[""V176"", ""V255"", ""V191"", ""V160"", ""V215"", ""V380""]","{""n_estimators"": 486, ""max_depth"": 13, ""min_samples_split"": 3, ""min_samples_leaf"": 5, ""criterion"": ""entropy"", ""class_weight"": ""balanced""}"
333,2026-06-05T17:53:11.683344+00:00,extra,ranking_total,333,5410,6,1000,0.5298362319459959,774,226,0.4973623895706249,"[""V176"", ""V255"", ""V191"", ""V160"", ""V215"", ""V380""]","{""n_estimators"": 97, ""max_depth"": 5, ""min_samples_split"": 2, ""min_samples_leaf"": 5, ""criterion"": ""entropy"", ""class_weight"": null}"
334,2026-06-05T17:54:28.443062+00:00,extra,ranking_total,334,5525,7,997,0.5560561028822408,794,203,0.4968454832073666,"[""V176"", ""V255"", ""V191"", ""V160"", ""V215"", ""V380"", ""V342""]","{""n_estimators"": 318, ""max_depth"": 10, ""min_samples_split"": 7, ""min_samples_leaf"": 4, ""criterion"": ""entropy"", ""class_weight"": null}"
335,2026-06-05T17:55:09.829653+00:00,extra,ranking_total,335,5415,6,999,0.5297586873412473,774,225,0.49735605501240243,"[""V176"", ""V255"", ""V191"", ""V160"", ""V215"", ""V380""]","{""n_estimators"": 180, ""max_depth"": 5, ""min_samples_split"": 4, ""min_samples_leaf"": 3, ""criterion"": ""entropy"", ""class_weight"": null}"
336,2026-06-05T17:56:18.342773+00:00,extra,ranking_total,336,5340,6,996,0.5214734585728571,768,228,0.4974547958929832,"[""V176"", ""V255"", ""V191"", ""V160"", ""V215"", ""V380""]","{""n_estimators"": 299, ""max_depth"": 4, ""min_samples_split"": 3, ""min_samples_leaf"": 5, ""criterion"": ""gini"", ""class_weight"": null}"
337,2026-06-05T17:58:27.652981+00:00,extra,ranking_total,337,5345,7,1000,0.5633079415958574,783,217,0.4987141079599823,"[""V176"", ""V255"", ""V191"", ""V160"", ""V215"", ""V380"", ""V342""]","{""n_estimators"": 469, ""max_depth"": null, ""min_samples_split"": 6, ""min_samples_leaf"": 8, ""criterion"": ""gini"", ""class_weight"": ""balanced""}"
338,2026-06-05T17:59:38.520522+00:00,extra,ranking_total,338,5415,6,999,0.525585175188495,774,225,0.4974776202737362,"[""V176"", ""V255"", ""V191"", ""V160"", ""V215"", ""V380""]","{""n_estimators"": 310, ""max_depth"": 5, ""min_samples_split"": 4, ""min_samples_leaf"": 9, ""criterion"": ""entropy"", ""class_weight"": null}"
339,2026-06-05T18:00:08.487554+00:00,extra,ranking_total,339,5350,3,1000,0.5125081558906975,730,270,0.4975516706406461,"[""V176"", ""V255"", ""V191""]","{""n_estimators"": 129, ""max_depth"": 3, ""min_samples_split"": 2, ""min_samples_leaf"": 6, ""criterion"": ""entropy"", ""class_weight"": null}"
340,2026-06-05T18:00:47.060785+00:00,extra,ranking_total,340,5315,4,991,0.5282054280159317,738,253,0.4973809647186778,"[""V176"", ""V255"", ""V191"", ""V160""]","{""n_estimators"": 168, ""max_depth"": 4, ""min_samples_split"": 9, ""min_samples_leaf"": 9, ""criterion"": ""gini"", ""class_weight"": null}"
341,2026-06-05T18:01:33.898055+00:00,extra,ranking_total,341,5375,5,999,0.5567013166682847,758,241,0.4992558496610552,"[""V176"", ""V255"", ""V191"", ""V160"", ""V215""]","{""n_estimators"": 182, ""max_depth"": 8, ""min_samples_split"": 3, ""min_samples_leaf"": 3, ""criterion"": ""gini"", ""class_weight"": ""balanced""}"
342,2026-06-05T18:02:18.046485+00:00,extra,ranking_total,342,5405,5,999,0.57421685407391,760,239,0.499280114059039,"[""V176"", ""V255"", ""V191"", ""V160"", ""V215""]","{""n_estimators"": 165, ""max_depth"": 11, ""min_samples_split"": 7, ""min_samples_leaf"": 4, ""criterion"": ""entropy"", ""class_weight"": ""balanced""}"
343,2026-06-05T18:02:35.666115+00:00,extra,ranking_total,343,5260,6,1000,0.5171402901925949,764,236,0.4998027639153728,"[""V176"", ""V255"", ""V191"", ""V160"", ""V215"", ""V380""]","{""n_estimators"": 69, ""max_depth"": 3, ""min_samples_split"": 5, ""min_samples_leaf"": 5, ""criterion"": ""gini"", ""class_weight"": ""balanced""}"
344,2026-06-05T18:04:11.055572+00:00,extra,ranking_total,344,5390,7,997,0.5280573403139518,785,212,0.49974918655691636,"[""V176"", ""V255"", ""V191"", ""V160"", ""V215"", ""V380"", ""V342""]","{""n_estimators"": 369, ""max_depth"": 5, ""min_samples_split"": 3, ""min_samples_leaf"": 3, ""criterion"": ""entropy"", ""class_weight"": ""balanced""}"
345,2026-06-05T18:04:55.537564+00:00,extra,ranking_total,345,5365,6,1000,0.5439240451531699,771,229,0.4994547750892924,"[""V176"", ""V255"", ""V191"", ""V160"", ""V215"", ""V380""]","{""n_estimators"": 167, ""max_depth"": 8, ""min_samples_split"": 2, ""min_samples_leaf"": 8, ""criterion"": ""entropy"", ""class_weight"": ""balanced""}"
346,2026-06-05T18:05:16.469456+00:00,extra,ranking_total,346,5395,6,997,0.5833734392299178,772,225,0.4986369921619872,"[""V176"", ""V255"", ""V191"", ""V160"", ""V215"", ""V380""]","{""n_estimators"": 74, ""max_depth"": 14, ""min_samples_split"": 2, ""min_samples_leaf"": 4, ""criterion"": ""entropy"", ""class_weight"": ""balanced""}"
347,2026-06-05T18:06:40.578837+00:00,extra,ranking_total,347,5400,6,999,0.5499193432063746,773,226,0.4994114151672647,"[""V176"", ""V255"", ""V191"", ""V160"", ""V215"", ""V380""]","{""n_estimators"": 326, ""max_depth"": 10, ""min_samples_split"": 5, ""min_samples_leaf"": 9, ""criterion"": ""gini"", ""class_weight"": ""balanced""}"
348,2026-06-05T18:07:34.973155+00:00,extra,ranking_total,348,5395,7,999,0.5358462127992549,786,213,0.4973066594632272,"[""V176"", ""V255"", ""V191"", ""V160"", ""V215"", ""V380"", ""V342""]","{""n_estimators"": 227, ""max_depth"": 7, ""min_samples_split"": 2, ""min_samples_leaf"": 5, ""criterion"": ""entropy"", ""class_weight"": null}"
349,2026-06-05T18:08:09.686724+00:00,extra,ranking_total,349,5360,7,997,0.5384169587026125,783,214,0.49945811435344056,"[""V176"", ""V255"", ""V191"", ""V160"", ""V215"", ""V380"", ""V342""]","{""n_estimators"": 133, ""max_depth"": 7, ""min_samples_split"": 2, ""min_samples_leaf"": 6, ""criterion"": ""gini"", ""class_weight"": ""balanced""}"
350,2026-06-05T18:09:05.553757+00:00,extra,ranking_total,350,5420,4,1000,0.5592737892162526,748,252,0.4972358550147695,"[""V176"", ""V255"", ""V191"", ""V160""]","{""n_estimators"": 239, ""max_depth"": 8, ""min_samples_split"": 9, ""min_samples_leaf"": 4, ""criterion"": ""entropy"", ""class_weight"": null}"
351,2026-06-05T18:09:45.518289+00:00,extra,ranking_total,351,5335,6,1000,0.5403819110838461,769,231,0.4972755490960837,"[""V176"", ""V255"", ""V191"", ""V160"", ""V215"", ""V380""]","{""n_estimators"": 173, ""max_depth"": 7, ""min_samples_split"": 8, ""min_samples_leaf"": 7, ""criterion"": ""gini"", ""class_weight"": null}"
352,2026-06-05T18:10:13.790283+00:00,extra,ranking_total,352,5430,4,995,0.5737728261181212,747,248,0.49704089562685533,"[""V176"", ""V255"", ""V191"", ""V160""]","{""n_estimators"": 116, ""max_depth"": 11, ""min_samples_split"": 4, ""min_samples_leaf"": 7, ""criterion"": ""entropy"", ""class_weight"": null}"
353,2026-06-05T18:10:45.655700+00:00,extra,ranking_total,353,5430,6,999,0.5367087099557141,775,224,0.499580463354532,"[""V176"", ""V255"", ""V191"", ""V160"", ""V215"", ""V380""]","{""n_estimators"": 116, ""max_depth"": 6, ""min_samples_split"": 8, ""min_samples_leaf"": 7, ""criterion"": ""gini"", ""class_weight"": ""balanced""}"
354,2026-06-05T18:11:25.170884+00:00,extra,ranking_total,354,5255,7,1000,0.5141149818908948,777,223,0.49758535115551095,"[""V176"", ""V255"", ""V191"", ""V160"", ""V215"", ""V380"", ""V342""]","{""n_estimators"": 175, ""max_depth"": 3, ""min_samples_split"": 4, ""min_samples_leaf"": 4, ""criterion"": ""gini"", ""class_weight"": null}"
355,2026-06-05T18:12:21.496688+00:00,extra,ranking_total,355,5405,6,998,0.52938258226357,773,225,0.4997891281332072,"[""V176"", ""V255"", ""V191"", ""V160"", ""V215"", ""V380""]","{""n_estimators"": 222, ""max_depth"": 5, ""min_samples_split"": 8, ""min_samples_leaf"": 8, ""criterion"": ""gini"", ""class_weight"": ""balanced""}"
356,2026-06-05T18:13:30.837000+00:00,extra,ranking_total,356,5405,7,1000,0.5198743524418535,787,213,0.4974349588081974,"[""V176"", ""V255"", ""V191"", ""V160"", ""V215"", ""V380"", ""V342""]","{""n_estimators"": 304, ""max_depth"": 4, ""min_samples_split"": 4, ""min_samples_leaf"": 6, ""criterion"": ""gini"", ""class_weight"": null}"
357,2026-06-05T18:14:50.957990+00:00,extra,ranking_total,357,5505,6,999,0.5817640131719627,780,219,0.49510202634895967,"[""V176"", ""V255"", ""V191"", ""V160"", ""V215"", ""V380""]","{""n_estimators"": 329, ""max_depth"": 12, ""min_samples_split"": 2, ""min_samples_leaf"": 1, ""criterion"": ""gini"", ""class_weight"": null}"
358,2026-06-05T18:15:47.933971+00:00,extra,ranking_total,358,5340,5,1000,0.5283571094795185,756,244,0.4997666310043849,"[""V176"", ""V255"", ""V191"", ""V160"", ""V215""]","{""n_estimators"": 218, ""max_depth"": 4, ""min_samples_split"": 3, ""min_samples_leaf"": 6, ""criterion"": ""entropy"", ""class_weight"": ""balanced""}"
359,2026-06-05T18:16:53.918481+00:00,extra,ranking_total,359,5410,6,1000,0.5647405181768643,774,226,0.49904458629488374,"[""V176"", ""V255"", ""V191"", ""V160"", ""V215"", ""V380""]","{""n_estimators"": 251, ""max_depth"": 14, ""min_samples_split"": 3, ""min_samples_leaf"": 8, ""criterion"": ""gini"", ""class_weight"": ""balanced""}"
360,2026-06-05T18:17:56.721563+00:00,extra,ranking_total,360,5365,7,999,0.5139524190817009,784,215,0.4975041583573416,"[""V176"", ""V255"", ""V191"", ""V160"", ""V215"", ""V380"", ""V342""]","{""n_estimators"": 280, ""max_depth"": 3, ""min_samples_split"": 9, ""min_samples_leaf"": 8, ""criterion"": ""entropy"", ""class_weight"": null}"
361,2026-06-05T18:18:26.666159+00:00,extra,ranking_total,361,5425,6,1000,0.5312145526123891,775,225,0.49959529544039943,"[""V176"", ""V255"", ""V191"", ""V160"", ""V215"", ""V380""]","{""n_estimators"": 114, ""max_depth"": 5, ""min_samples_split"": 7, ""min_samples_leaf"": 3, ""criterion"": ""entropy"", ""class_weight"": ""balanced""}"
362,2026-06-05T18:19:41.000766+00:00,extra,ranking_total,362,5420,7,1000,0.5590837743454169,788,212,0.4964363294852701,"[""V176"", ""V255"", ""V191"", ""V160"", ""V215"", ""V380"", ""V342""]","{""n_estimators"": 303, ""max_depth"": 11, ""min_samples_split"": 2, ""min_samples_leaf"": 4, ""criterion"": ""gini"", ""class_weight"": null}"
363,2026-06-05T18:20:35.859573+00:00,extra,ranking_total,363,5430,6,996,0.5966431281692876,774,222,0.4974942684403726,"[""V176"", ""V255"", ""V191"", ""V160"", ""V215"", ""V380""]","{""n_estimators"": 205, ""max_depth"": 14, ""min_samples_split"": 8, ""min_samples_leaf"": 2, ""criterion"": ""entropy"", ""class_weight"": ""balanced""}"
364,2026-06-05T18:22:44.285528+00:00,extra,ranking_total,364,5435,7,1000,0.5563013074947769,789,211,0.49900929879425804,"[""V176"", ""V255"", ""V191"", ""V160"", ""V215"", ""V380"", ""V342""]","{""n_estimators"": 479, ""max_depth"": 14, ""min_samples_split"": 8, ""min_samples_leaf"": 9, ""criterion"": ""gini"", ""class_weight"": ""balanced""}"
365,2026-06-05T18:23:43.706385+00:00,extra,ranking_total,365,5285,4,1000,0.5904743108021003,739,261,0.4988190952874782,"[""V176"", ""V255"", ""V191"", ""V160""]","{""n_estimators"": 224, ""max_depth"": 14, ""min_samples_split"": 7, ""min_samples_leaf"": 5, ""criterion"": ""gini"", ""class_weight"": ""balanced""}"
366,2026-06-05T18:24:19.219613+00:00,extra,ranking_total,366,5485,6,1000,0.5824479787262816,779,221,0.49786462058054365,"[""V176"", ""V255"", ""V191"", ""V160"", ""V215"", ""V380""]","{""n_estimators"": 132, ""max_depth"": 12, ""min_samples_split"": 6, ""min_samples_leaf"": 2, ""criterion"": ""entropy"", ""class_weight"": ""balanced""}"
367,2026-06-05T18:26:26.660319+00:00,extra,ranking_total,367,5270,4,1000,0.525479548653856,738,262,0.49986741560194226,"[""V176"", ""V255"", ""V191"", ""V160""]","{""n_estimators"": 489, ""max_depth"": 3, ""min_samples_split"": 3, ""min_samples_leaf"": 3, ""criterion"": ""entropy"", ""class_weight"": ""balanced""}"
368,2026-06-05T18:28:49.680520+00:00,extra,ranking_total,368,5260,6,994,0.6463829283438575,762,232,0.4949030248680554,"[""V176"", ""V255"", ""V191"", ""V160"", ""V215"", ""V380""]","{""n_estimators"": 480, ""max_depth"": null, ""min_samples_split"": 9, ""min_samples_leaf"": 1, ""criterion"": ""entropy"", ""class_weight"": ""balanced""}"
369,2026-06-05T18:30:42.953349+00:00,extra,ranking_total,369,5490,6,999,0.5617528435354779,779,220,0.49883769774681525,"[""V176"", ""V255"", ""V191"", ""V160"", ""V215"", ""V380""]","{""n_estimators"": 431, ""max_depth"": 9, ""min_samples_split"": 7, ""min_samples_leaf"": 1, ""criterion"": ""gini"", ""class_weight"": ""balanced""}"
370,2026-06-05T18:32:46.192948+00:00,extra,ranking_total,370,5445,6,996,0.587606580791759,775,221,0.495944452111569,"[""V176"", ""V255"", ""V191"", ""V160"", ""V215"", ""V380""]","{""n_estimators"": 497, ""max_depth"": 14, ""min_samples_split"": 8, ""min_samples_leaf"": 3, ""criterion"": ""entropy"", ""class_weight"": null}"
371,2026-06-05T18:33:50.737544+00:00,extra,ranking_total,371,5375,7,1000,0.5130601256475011,785,215,0.4974709788644367,"[""V176"", ""V255"", ""V191"", ""V160"", ""V215"", ""V380"", ""V342""]","{""n_estimators"": 282, ""max_depth"": 3, ""min_samples_split"": 3, ""min_samples_leaf"": 9, ""criterion"": ""entropy"", ""class_weight"": null}"
372,2026-06-05T18:34:21.116543+00:00,extra,ranking_total,372,5480,7,1000,0.529264887802195,792,208,0.4973291520971602,"[""V176"", ""V255"", ""V191"", ""V160"", ""V215"", ""V380"", ""V342""]","{""n_estimators"": 131, ""max_depth"": 6, ""min_samples_split"": 4, ""min_samples_leaf"": 9, ""criterion"": ""entropy"", ""class_weight"": null}"
373,2026-06-05T18:35:39.875060+00:00,extra,ranking_total,373,5335,7,999,0.5183122743466769,782,217,0.49984610571578453,"[""V176"", ""V255"", ""V191"", ""V160"", ""V215"", ""V380"", ""V342""]","{""n_estimators"": 305, ""max_depth"": 3, ""min_samples_split"": 8, ""min_samples_leaf"": 1, ""criterion"": ""entropy"", ""class_weight"": ""balanced""}"
374,2026-06-05T18:37:09.556512+00:00,extra,ranking_total,374,5375,6,998,0.6079413014112621,771,227,0.49596075666820433,"[""V176"", ""V255"", ""V191"", ""V160"", ""V215"", ""V380""]","{""n_estimators"": 320, ""max_depth"": null, ""min_samples_split"": 3, ""min_samples_leaf"": 3, ""criterion"": ""gini"", ""class_weight"": ""balanced""}"
375,2026-06-05T18:38:02.687524+00:00,extra,ranking_total,375,5475,6,996,0.5394101866924158,777,219,0.49950926825939235,"[""V176"", ""V255"", ""V191"", ""V160"", ""V215"", ""V380""]","{""n_estimators"": 209, ""max_depth"": 7, ""min_samples_split"": 9, ""min_samples_leaf"": 8, ""criterion"": ""gini"", ""class_weight"": ""balanced""}"
376,2026-06-05T18:40:02.962381+00:00,extra,ranking_total,376,5395,7,999,0.5286925963589307,786,213,0.49975063443235784,"[""V176"", ""V255"", ""V191"", ""V160"", ""V215"", ""V380"", ""V342""]","{""n_estimators"": 458, ""max_depth"": 5, ""min_samples_split"": 4, ""min_samples_leaf"": 2, ""criterion"": ""entropy"", ""class_weight"": ""balanced""}"
377,2026-06-05T18:40:44.571859+00:00,extra,ranking_total,377,5345,7,1000,0.5541615753996432,783,217,0.49678013601078785,"[""V176"", ""V255"", ""V191"", ""V160"", ""V215"", ""V380"", ""V342""]","{""n_estimators"": 174, ""max_depth"": 12, ""min_samples_split"": 6, ""min_samples_leaf"": 7, ""criterion"": ""entropy"", ""class_weight"": null}"
378,2026-06-05T18:41:02.614865+00:00,extra,ranking_total,378,5230,3,994,0.5243269781008426,720,274,0.4999783792000589,"[""V176"", ""V255"", ""V191""]","{""n_estimators"": 65, ""max_depth"": 5, ""min_samples_split"": 7, ""min_samples_leaf"": 9, ""criterion"": ""gini"", ""class_weight"": ""balanced""}"
379,2026-06-05T18:42:15.966047+00:00,extra,ranking_total,379,5375,7,1000,0.5657518924317415,785,215,0.49642999616324895,"[""V176"", ""V255"", ""V191"", ""V160"", ""V215"", ""V380"", ""V342""]","{""n_estimators"": 294, ""max_depth"": null, ""min_samples_split"": 7, ""min_samples_leaf"": 7, ""criterion"": ""entropy"", ""class_weight"": null}"
380,2026-06-05T18:43:29.017952+00:00,extra,ranking_total,380,5420,7,1000,0.5876520294714661,788,212,0.4947537825680918,"[""V176"", ""V255"", ""V191"", ""V160"", ""V215"", ""V380"", ""V342""]","{""n_estimators"": 290, ""max_depth"": null, ""min_samples_split"": 9, ""min_samples_leaf"": 4, ""criterion"": ""gini"", ""class_weight"": null}"
381,2026-06-05T18:45:10.497558+00:00,extra,ranking_total,381,5385,4,995,0.530725719858493,744,251,0.4974608316542114,"[""V176"", ""V255"", ""V191"", ""V160""]","{""n_estimators"": 444, ""max_depth"": 4, ""min_samples_split"": 4, ""min_samples_leaf"": 3, ""criterion"": ""entropy"", ""class_weight"": null}"
382,2026-06-05T18:45:43.705330+00:00,extra,ranking_total,382,5400,7,998,0.5496630659056623,786,212,0.49925918499257366,"[""V176"", ""V255"", ""V191"", ""V160"", ""V215"", ""V380"", ""V342""]","{""n_estimators"": 123, ""max_depth"": 9, ""min_samples_split"": 5, ""min_samples_leaf"": 4, ""criterion"": ""entropy"", ""class_weight"": ""balanced""}"
383,2026-06-05T18:47:52.795695+00:00,extra,ranking_total,383,5300,7,1000,0.6384344646241079,780,220,0.49237015238410675,"[""V176"", ""V255"", ""V191"", ""V160"", ""V215"", ""V380"", ""V342""]","{""n_estimators"": 445, ""max_depth"": null, ""min_samples_split"": 7, ""min_samples_leaf"": 1, ""criterion"": ""entropy"", ""class_weight"": ""balanced""}"
384,2026-06-05T18:49:37.190458+00:00,extra,ranking_total,384,5485,6,1000,0.5610753081333221,779,221,0.499199565483006,"[""V176"", ""V255"", ""V191"", ""V160"", ""V215"", ""V380""]","{""n_estimators"": 393, ""max_depth"": 10, ""min_samples_split"": 5, ""min_samples_leaf"": 5, ""criterion"": ""entropy"", ""class_weight"": ""balanced""}"
385,2026-06-05T18:50:50.828475+00:00,extra,ranking_total,385,5445,6,996,0.5719374026863969,775,221,0.49840430162157606,"[""V176"", ""V255"", ""V191"", ""V160"", ""V215"", ""V380""]","{""n_estimators"": 280, ""max_depth"": 12, ""min_samples_split"": 7, ""min_samples_leaf"": 4, ""criterion"": ""entropy"", ""class_weight"": ""balanced""}"
386,2026-06-05T18:51:16.231879+00:00,extra,ranking_total,386,5420,4,1000,0.5187777843788625,748,252,0.4975242203696236,"[""V176"", ""V255"", ""V191"", ""V160""]","{""n_estimators"": 112, ""max_depth"": 3, ""min_samples_split"": 7, ""min_samples_leaf"": 6, ""criterion"": ""entropy"", ""class_weight"": null}"
387,2026-06-05T18:52:20.124423+00:00,extra,ranking_total,387,5455,6,1000,0.5748604608007529,777,223,0.496427704140457,"[""V176"", ""V255"", ""V191"", ""V160"", ""V215"", ""V380""]","{""n_estimators"": 267, ""max_depth"": 11, ""min_samples_split"": 8, ""min_samples_leaf"": 2, ""criterion"": ""entropy"", ""class_weight"": null}"
388,2026-06-05T18:54:13.179048+00:00,extra,ranking_total,388,5480,7,1000,0.5519459181770863,792,208,0.49913931780869436,"[""V176"", ""V255"", ""V191"", ""V160"", ""V215"", ""V380"", ""V342""]","{""n_estimators"": 417, ""max_depth"": 9, ""min_samples_split"": 2, ""min_samples_leaf"": 3, ""criterion"": ""gini"", ""class_weight"": ""balanced""}"
389,2026-06-05T18:56:10.953109+00:00,extra,ranking_total,389,5365,6,1000,0.563403507344261,771,229,0.4966586308449449,"[""V176"", ""V255"", ""V191"", ""V160"", ""V215"", ""V380""]","{""n_estimators"": 484, ""max_depth"": 14, ""min_samples_split"": 8, ""min_samples_leaf"": 7, ""criterion"": ""entropy"", ""class_weight"": null}"
390,2026-06-05T18:56:47.051560+00:00,extra,ranking_total,390,5380,6,1000,0.5783186290423958,772,228,0.4959863072239304,"[""V176"", ""V255"", ""V191"", ""V160"", ""V215"", ""V380""]","{""n_estimators"": 152, ""max_depth"": 12, ""min_samples_split"": 6, ""min_samples_leaf"": 2, ""criterion"": ""entropy"", ""class_weight"": null}"
391,2026-06-05T18:58:10.364063+00:00,extra,ranking_total,391,5455,6,1000,0.5708203151388053,777,223,0.4964052307799202,"[""V176"", ""V255"", ""V191"", ""V160"", ""V215"", ""V380""]","{""n_estimators"": 347, ""max_depth"": 11, ""min_samples_split"": 2, ""min_samples_leaf"": 3, ""criterion"": ""gini"", ""class_weight"": null}"
392,2026-06-05T19:00:00.090659+00:00,extra,ranking_total,392,5465,7,1000,0.553089041062642,791,209,0.49909332339910023,"[""V176"", ""V255"", ""V191"", ""V160"", ""V215"", ""V380"", ""V342""]","{""n_estimators"": 412, ""max_depth"": 9, ""min_samples_split"": 6, ""min_samples_leaf"": 3, ""criterion"": ""gini"", ""class_weight"": ""balanced""}"
393,2026-06-05T19:00:19.001876+00:00,extra,ranking_total,393,5360,5,999,0.5700794169935807,757,242,0.4967480097327876,"[""V176"", ""V255"", ""V191"", ""V160"", ""V215""]","{""n_estimators"": 78, ""max_depth"": 11, ""min_samples_split"": 5, ""min_samples_leaf"": 4, ""criterion"": ""entropy"", ""class_weight"": null}"
394,2026-06-05T19:01:19.158549+00:00,extra,ranking_total,394,5390,7,1000,0.536556363994479,786,214,0.4993943823046706,"[""V176"", ""V255"", ""V191"", ""V160"", ""V215"", ""V380"", ""V342""]","{""n_estimators"": 233, ""max_depth"": 7, ""min_samples_split"": 2, ""min_samples_leaf"": 6, ""criterion"": ""entropy"", ""class_weight"": ""balanced""}"
395,2026-06-05T19:02:24.590342+00:00,extra,ranking_total,395,5450,4,1000,0.5397680911718521,750,250,0.4974877675684165,"[""V176"", ""V255"", ""V191"", ""V160""]","{""n_estimators"": 293, ""max_depth"": 5, ""min_samples_split"": 8, ""min_samples_leaf"": 2, ""criterion"": ""gini"", ""class_weight"": null}"
396,2026-06-05T19:04:17.393567+00:00,extra,ranking_total,396,5470,6,1000,0.544180604471586,778,222,0.499442919264764,"[""V176"", ""V255"", ""V191"", ""V160"", ""V215"", ""V380""]","{""n_estimators"": 422, ""max_depth"": 7, ""min_samples_split"": 7, ""min_samples_leaf"": 3, ""criterion"": ""entropy"", ""class_weight"": ""balanced""}"
397,2026-06-05T19:05:07.079205+00:00,extra,ranking_total,397,5345,7,997,0.5860862640251379,782,215,0.4951714603293527,"[""V176"", ""V255"", ""V191"", ""V160"", ""V215"", ""V380"", ""V342""]","{""n_estimators"": 194, ""max_depth"": null, ""min_samples_split"": 6, ""min_samples_leaf"": 4, ""criterion"": ""entropy"", ""class_weight"": null}"
398,2026-06-05T19:05:24.939227+00:00,extra,ranking_total,398,5230,4,999,0.5222921799963649,735,264,0.49743147242914226,"[""V176"", ""V255"", ""V191"", ""V160""]","{""n_estimators"": 73, ""max_depth"": 3, ""min_samples_split"": 6, ""min_samples_leaf"": 5, ""criterion"": ""gini"", ""class_weight"": null}"
399,2026-06-05T19:06:10.681376+00:00,extra,ranking_total,399,5525,7,1000,0.5428497053209074,795,205,0.4995367352125006,"[""V176"", ""V255"", ""V191"", ""V160"", ""V215"", ""V380"", ""V342""]","{""n_estimators"": 176, ""max_depth"": 8, ""min_samples_split"": 3, ""min_samples_leaf"": 7, ""criterion"": ""entropy"", ""class_weight"": ""balanced""}"
400,2026-06-05T19:06:45.244710+00:00,extra,ranking_total,400,5360,7,1000,0.567270937918313,784,216,0.4988399595140443,"[""V176"", ""V255"", ""V191"", ""V160"", ""V215"", ""V380"", ""V342""]","{""n_estimators"": 128, ""max_depth"": null, ""min_samples_split"": 9, ""min_samples_leaf"": 7, ""criterion"": ""gini"", ""class_weight"": ""balanced""}"
401,2026-06-05T19:08:28.217712+00:00,extra,ranking_total,401,5440,7,999,0.533736427932588,789,210,0.4995709957839378,"[""V176"", ""V255"", ""V191"", ""V160"", ""V215"", ""V380"", ""V342""]","{""n_estimators"": 398, ""max_depth"": 6, ""min_samples_split"": 9, ""min_samples_leaf"": 4, ""criterion"": ""entropy"", ""class_weight"": ""balanced""}"
402,2026-06-05T19:10:08.203413+00:00,extra,ranking_total,402,5425,7,999,0.5451076855384627,788,211,0.4969972580737965,"[""V176"", ""V255"", ""V191"", ""V160"", ""V215"", ""V380"", ""V342""]","{""n_estimators"": 418, ""max_depth"": 9, ""min_samples_split"": 9, ""min_samples_leaf"": 7, ""criterion"": ""gini"", ""class_weight"": null}"
403,2026-06-05T19:11:52.674966+00:00,extra,ranking_total,403,5395,6,1000,0.5476094429440793,773,227,0.49707735366348477,"[""V176"", ""V255"", ""V191"", ""V160"", ""V215"", ""V380""]","{""n_estimators"": 439, ""max_depth"": 9, ""min_samples_split"": 8, ""min_samples_leaf"": 7, ""criterion"": ""gini"", ""class_weight"": null}"
404,2026-06-05T19:12:54.100926+00:00,extra,ranking_total,404,5500,6,1000,0.5300341397937663,780,220,0.4997324587518682,"[""V176"", ""V255"", ""V191"", ""V160"", ""V215"", ""V380""]","{""n_estimators"": 228, ""max_depth"": 5, ""min_samples_split"": 9, ""min_samples_leaf"": 1, ""criterion"": ""entropy"", ""class_weight"": ""balanced""}"
405,2026-06-05T19:14:08.872647+00:00,extra,ranking_total,405,5330,4,1000,0.522527757197425,742,258,0.49983332379260337,"[""V176"", ""V255"", ""V191"", ""V160""]","{""n_estimators"": 281, ""max_depth"": 3, ""min_samples_split"": 6, ""min_samples_leaf"": 7, ""criterion"": ""entropy"", ""class_weight"": ""balanced""}"
406,2026-06-05T19:14:46.539861+00:00,extra,ranking_total,406,5335,6,1000,0.5758616970063268,769,231,0.4960796481533557,"[""V176"", ""V255"", ""V191"", ""V160"", ""V215"", ""V380""]","{""n_estimators"": 159, ""max_depth"": null, ""min_samples_split"": 5, ""min_samples_leaf"": 7, ""criterion"": ""gini"", ""class_weight"": null}"
407,2026-06-05T19:15:56.118425+00:00,extra,ranking_total,407,5455,6,1000,0.5448956263056471,777,223,0.4971644411304848,"[""V176"", ""V255"", ""V191"", ""V160"", ""V215"", ""V380""]","{""n_estimators"": 293, ""max_depth"": 8, ""min_samples_split"": 7, ""min_samples_leaf"": 5, ""criterion"": ""entropy"", ""class_weight"": null}"
408,2026-06-05T19:17:24.854300+00:00,extra,ranking_total,408,5480,7,1000,0.5579926957412349,792,208,0.4964804740577155,"[""V176"", ""V255"", ""V191"", ""V160"", ""V215"", ""V380"", ""V342""]","{""n_estimators"": 366, ""max_depth"": 12, ""min_samples_split"": 7, ""min_samples_leaf"": 5, ""criterion"": ""gini"", ""class_weight"": null}"
409,2026-06-05T19:17:45.695740+00:00,extra,ranking_total,409,5390,5,999,0.5829446810207267,759,240,0.4964190511969856,"[""V176"", ""V255"", ""V191"", ""V160"", ""V215""]","{""n_estimators"": 84, ""max_depth"": 14, ""min_samples_split"": 3, ""min_samples_leaf"": 5, ""criterion"": ""entropy"", ""class_weight"": null}"
410,2026-06-05T19:19:37.542432+00:00,extra,ranking_total,410,5420,7,1000,0.5548129228828048,788,212,0.4989379216742765,"[""V176"", ""V255"", ""V191"", ""V160"", ""V215"", ""V380"", ""V342""]","{""n_estimators"": 413, ""max_depth"": 10, ""min_samples_split"": 6, ""min_samples_leaf"": 4, ""criterion"": ""entropy"", ""class_weight"": ""balanced""}"
411,2026-06-05T19:20:34.753805+00:00,extra,ranking_total,411,5405,4,1000,0.5317924021466832,747,253,0.49990656060808303,"[""V176"", ""V255"", ""V191"", ""V160""]","{""n_estimators"": 224, ""max_depth"": 4, ""min_samples_split"": 4, ""min_samples_leaf"": 3, ""criterion"": ""entropy"", ""class_weight"": ""balanced""}"
412,2026-06-05T19:21:09.584376+00:00,extra,ranking_total,412,5390,7,1000,0.525816692345591,786,214,0.4972663725366138,"[""V176"", ""V255"", ""V191"", ""V160"", ""V215"", ""V380"", ""V342""]","{""n_estimators"": 158, ""max_depth"": 5, ""min_samples_split"": 9, ""min_samples_leaf"": 5, ""criterion"": ""gini"", ""class_weight"": null}"
413,2026-06-05T19:23:04.434055+00:00,extra,ranking_total,413,5465,4,1000,0.5499354402086664,751,249,0.49964544700758395,"[""V176"", ""V255"", ""V191"", ""V160""]","{""n_estimators"": 446, ""max_depth"": 6, ""min_samples_split"": 7, ""min_samples_leaf"": 3, ""criterion"": ""gini"", ""class_weight"": ""balanced""}"
414,2026-06-05T19:23:37.120079+00:00,extra,ranking_total,414,5415,5,1000,0.5699192182937433,761,239,0.49913262448182066,"[""V176"", ""V255"", ""V191"", ""V160"", ""V215""]","{""n_estimators"": 121, ""max_depth"": 14, ""min_samples_split"": 8, ""min_samples_leaf"": 9, ""criterion"": ""entropy"", ""class_weight"": ""balanced""}"
415,2026-06-05T19:24:49.936453+00:00,extra,ranking_total,415,5410,6,1000,0.5520345240071264,774,226,0.4991663881464676,"[""V176"", ""V255"", ""V191"", ""V160"", ""V215"", ""V380""]","{""n_estimators"": 278, ""max_depth"": 8, ""min_samples_split"": 3, ""min_samples_leaf"": 2, ""criterion"": ""entropy"", ""class_weight"": ""balanced""}"
416,2026-06-05T19:26:32.341689+00:00,extra,ranking_total,416,5455,6,1000,0.5881117737800496,777,223,0.49790492565496935,"[""V176"", ""V255"", ""V191"", ""V160"", ""V215"", ""V380""]","{""n_estimators"": 379, ""max_depth"": 14, ""min_samples_split"": 4, ""min_samples_leaf"": 3, ""criterion"": ""entropy"", ""class_weight"": ""balanced""}"
417,2026-06-05T19:27:44.348146+00:00,extra,ranking_total,417,5375,7,1000,0.5322299728438228,785,215,0.49738532113100775,"[""V176"", ""V255"", ""V191"", ""V160"", ""V215"", ""V380"", ""V342""]","{""n_estimators"": 312, ""max_depth"": 6, ""min_samples_split"": 6, ""min_samples_leaf"": 4, ""criterion"": ""gini"", ""class_weight"": null}"
418,2026-06-05T19:28:28.642664+00:00,extra,ranking_total,418,5465,7,1000,0.5625089536770541,791,209,0.4990327527099207,"[""V176"", ""V255"", ""V191"", ""V160"", ""V215"", ""V380"", ""V342""]","{""n_estimators"": 165, ""max_depth"": 11, ""min_samples_split"": 5, ""min_samples_leaf"": 4, ""criterion"": ""gini"", ""class_weight"": ""balanced""}"
419,2026-06-05T19:29:06.493445+00:00,extra,ranking_total,419,5390,5,996,0.5470997227770765,758,238,0.49948760708059653,"[""V176"", ""V255"", ""V191"", ""V160"", ""V215""]","{""n_estimators"": 143, ""max_depth"": 7, ""min_samples_split"": 3, ""min_samples_leaf"": 9, ""criterion"": ""entropy"", ""class_weight"": ""balanced""}"
420,2026-06-05T19:29:41.617163+00:00,extra,ranking_total,420,5480,7,1000,0.5682330718623911,792,208,0.49857966835050765,"[""V176"", ""V255"", ""V191"", ""V160"", ""V215"", ""V380"", ""V342""]","{""n_estimators"": 132, ""max_depth"": 11, ""min_samples_split"": 2, ""min_samples_leaf"": 3, ""criterion"": ""gini"", ""class_weight"": ""balanced""}"
421,2026-06-05T19:31:41.753955+00:00,extra,ranking_total,421,5385,6,996,0.5738568232239524,771,225,0.4964015474205572,"[""V176"", ""V255"", ""V191"", ""V160"", ""V215"", ""V380""]","{""n_estimators"": 483, ""max_depth"": null, ""min_samples_split"": 2, ""min_samples_leaf"": 7, ""criterion"": ""entropy"", ""class_weight"": null}"
422,2026-06-05T19:33:16.375981+00:00,extra,ranking_total,422,5430,6,999,0.5584138564869932,775,224,0.4969109869396225,"[""V176"", ""V255"", ""V191"", ""V160"", ""V215"", ""V380""]","{""n_estimators"": 393, ""max_depth"": 12, ""min_samples_split"": 7, ""min_samples_leaf"": 8, ""criterion"": ""entropy"", ""class_weight"": null}"
423,2026-06-05T19:34:23.415759+00:00,extra,ranking_total,423,5390,5,999,0.5480392159659293,759,240,0.49944285003973365,"[""V176"", ""V255"", ""V191"", ""V160"", ""V215""]","{""n_estimators"": 252, ""max_depth"": 8, ""min_samples_split"": 9, ""min_samples_leaf"": 8, ""criterion"": ""entropy"", ""class_weight"": ""balanced""}"
424,2026-06-05T19:35:28.457897+00:00,extra,ranking_total,424,5585,7,1000,0.539323202758772,799,201,0.49686234200092366,"[""V176"", ""V255"", ""V191"", ""V160"", ""V215"", ""V380"", ""V342""]","{""n_estimators"": 288, ""max_depth"": 7, ""min_samples_split"": 2, ""min_samples_leaf"": 1, ""criterion"": ""gini"", ""class_weight"": null}"
425,2026-06-05T19:35:46.448042+00:00,extra,ranking_total,425,5330,7,1000,0.5494509235348206,782,218,0.4992576139563098,"[""V176"", ""V255"", ""V191"", ""V160"", ""V215"", ""V380"", ""V342""]","{""n_estimators"": 66, ""max_depth"": 10, ""min_samples_split"": 6, ""min_samples_leaf"": 7, ""criterion"": ""entropy"", ""class_weight"": ""balanced""}"
426,2026-06-05T19:37:41.866363+00:00,extra,ranking_total,426,5450,7,1000,0.5474637112697116,790,210,0.4992285309901133,"[""V176"", ""V255"", ""V191"", ""V160"", ""V215"", ""V380"", ""V342""]","{""n_estimators"": 447, ""max_depth"": 8, ""min_samples_split"": 7, ""min_samples_leaf"": 3, ""criterion"": ""gini"", ""class_weight"": ""balanced""}"
427,2026-06-05T19:38:30.746843+00:00,extra,ranking_total,427,5300,6,998,0.5215103777266618,766,232,0.4974754216991063,"[""V176"", ""V255"", ""V191"", ""V160"", ""V215"", ""V380""]","{""n_estimators"": 220, ""max_depth"": 4, ""min_samples_split"": 8, ""min_samples_leaf"": 4, ""criterion"": ""entropy"", ""class_weight"": null}"
428,2026-06-05T19:39:50.601326+00:00,extra,ranking_total,428,5390,7,1000,0.5200413615400742,786,214,0.49749201281577426,"[""V176"", ""V255"", ""V191"", ""V160"", ""V215"", ""V380"", ""V342""]","{""n_estimators"": 340, ""max_depth"": 4, ""min_samples_split"": 5, ""min_samples_leaf"": 1, ""criterion"": ""entropy"", ""class_weight"": null}"
429,2026-06-05T19:41:36.902644+00:00,extra,ranking_total,429,5480,7,1000,0.5323907766440009,792,208,0.4972939972057798,"[""V176"", ""V255"", ""V191"", ""V160"", ""V215"", ""V380"", ""V342""]","{""n_estimators"": 446, ""max_depth"": 6, ""min_samples_split"": 5, ""min_samples_leaf"": 3, ""criterion"": ""gini"", ""class_weight"": null}"
430,2026-06-05T19:43:14.348785+00:00,extra,ranking_total,430,5390,7,1000,0.5542895235606012,786,214,0.4991904186065356,"[""V176"", ""V255"", ""V191"", ""V160"", ""V215"", ""V380"", ""V342""]","{""n_estimators"": 369, ""max_depth"": 11, ""min_samples_split"": 3, ""min_samples_leaf"": 7, ""criterion"": ""gini"", ""class_weight"": ""balanced""}"
431,2026-06-05T19:44:24.913037+00:00,extra,ranking_total,431,5425,7,999,0.5343551163049479,788,211,0.49969954974703323,"[""V176"", ""V255"", ""V191"", ""V160"", ""V215"", ""V380"", ""V342""]","{""n_estimators"": 263, ""max_depth"": 6, ""min_samples_split"": 9, ""min_samples_leaf"": 4, ""criterion"": ""gini"", ""class_weight"": ""balanced""}"
432,2026-06-05T19:45:41.337620+00:00,extra,ranking_total,432,5425,6,1000,0.5374756078047233,775,225,0.49960525661731015,"[""V176"", ""V255"", ""V191"", ""V160"", ""V215"", ""V380""]","{""n_estimators"": 295, ""max_depth"": 6, ""min_samples_split"": 9, ""min_samples_leaf"": 3, ""criterion"": ""gini"", ""class_weight"": ""balanced""}"
433,2026-06-05T19:46:30.680827+00:00,extra,ranking_total,433,5450,7,1000,0.5579775396728722,790,210,0.49885530074376494,"[""V176"", ""V255"", ""V191"", ""V160"", ""V215"", ""V380"", ""V342""]","{""n_estimators"": 184, ""max_depth"": 11, ""min_samples_split"": 2, ""min_samples_leaf"": 5, ""criterion"": ""entropy"", ""class_weight"": ""balanced""}"
434,2026-06-05T19:47:24.792642+00:00,extra,ranking_total,434,5335,7,999,0.526129715360819,782,217,0.4997471810240717,"[""V176"", ""V255"", ""V191"", ""V160"", ""V215"", ""V380"", ""V342""]","{""n_estimators"": 208, ""max_depth"": 5, ""min_samples_split"": 9, ""min_samples_leaf"": 7, ""criterion"": ""entropy"", ""class_weight"": ""balanced""}"
435,2026-06-05T19:48:49.276882+00:00,extra,ranking_total,435,5495,7,1000,0.5334620770636161,793,207,0.49958542523602556,"[""V176"", ""V255"", ""V191"", ""V160"", ""V215"", ""V380"", ""V342""]","{""n_estimators"": 323, ""max_depth"": 7, ""min_samples_split"": 4, ""min_samples_leaf"": 9, ""criterion"": ""gini"", ""class_weight"": ""balanced""}"
436,2026-06-05T19:49:50.910196+00:00,extra,ranking_total,436,5390,7,1000,0.5260934944095188,786,214,0.497428468027651,"[""V176"", ""V255"", ""V191"", ""V160"", ""V215"", ""V380"", ""V342""]","{""n_estimators"": 267, ""max_depth"": 5, ""min_samples_split"": 6, ""min_samples_leaf"": 1, ""criterion"": ""entropy"", ""class_weight"": null}"
437,2026-06-05T19:51:37.399428+00:00,extra,ranking_total,437,5480,7,1000,0.5466619102931667,792,208,0.4970178076844776,"[""V176"", ""V255"", ""V191"", ""V160"", ""V215"", ""V380"", ""V342""]","{""n_estimators"": 458, ""max_depth"": 8, ""min_samples_split"": 4, ""min_samples_leaf"": 2, ""criterion"": ""entropy"", ""class_weight"": null}"
438,2026-06-05T19:51:54.828419+00:00,extra,ranking_total,438,5370,7,995,0.5504667546610398,783,212,0.4994410455927213,"[""V176"", ""V255"", ""V191"", ""V160"", ""V215"", ""V380"", ""V342""]","{""n_estimators"": 61, ""max_depth"": 10, ""min_samples_split"": 9, ""min_samples_leaf"": 7, ""criterion"": ""entropy"", ""class_weight"": ""balanced""}"
439,2026-06-05T19:52:57.731084+00:00,extra,ranking_total,439,5290,6,1000,0.5290009742584365,766,234,0.49736538507111616,"[""V176"", ""V255"", ""V191"", ""V160"", ""V215"", ""V380""]","{""n_estimators"": 278, ""max_depth"": 5, ""min_samples_split"": 7, ""min_samples_leaf"": 4, ""criterion"": ""gini"", ""class_weight"": null}"
440,2026-06-05T19:53:29.003347+00:00,extra,ranking_total,440,5395,6,997,0.5510287339951319,772,225,0.49713567642806444,"[""V176"", ""V255"", ""V191"", ""V160"", ""V215"", ""V380""]","{""n_estimators"": 134, ""max_depth"": 8, ""min_samples_split"": 6, ""min_samples_leaf"": 2, ""criterion"": ""entropy"", ""class_weight"": null}"
441,2026-06-05T19:55:04.584806+00:00,extra,ranking_total,441,5500,7,999,0.514670334542961,793,206,0.49753467978738736,"[""V176"", ""V255"", ""V191"", ""V160"", ""V215"", ""V380"", ""V342""]","{""n_estimators"": 424, ""max_depth"": 3, ""min_samples_split"": 5, ""min_samples_leaf"": 7, ""criterion"": ""gini"", ""class_weight"": null}"
442,2026-06-05T19:55:54.251807+00:00,extra,ranking_total,442,5375,7,1000,0.522304824826652,785,215,0.49968079468383203,"[""V176"", ""V255"", ""V191"", ""V160"", ""V215"", ""V380"", ""V342""]","{""n_estimators"": 191, ""max_depth"": 4, ""min_samples_split"": 9, ""min_samples_leaf"": 8, ""criterion"": ""entropy"", ""class_weight"": ""balanced""}"
443,2026-06-05T19:57:28.146309+00:00,extra,ranking_total,443,5480,7,1000,0.5350707311635874,792,208,0.49731430598357046,"[""V176"", ""V255"", ""V191"", ""V160"", ""V215"", ""V380"", ""V342""]","{""n_estimators"": 404, ""max_depth"": 7, ""min_samples_split"": 6, ""min_samples_leaf"": 5, ""criterion"": ""entropy"", ""class_weight"": null}"
444,2026-06-05T19:58:22.613327+00:00,extra,ranking_total,444,5440,6,1000,0.5893968464737369,776,224,0.4974394442134979,"[""V176"", ""V255"", ""V191"", ""V160"", ""V215"", ""V380""]","{""n_estimators"": 203, ""max_depth"": 14, ""min_samples_split"": 2, ""min_samples_leaf"": 3, ""criterion"": ""gini"", ""class_weight"": ""balanced""}"
445,2026-06-05T20:00:16.470659+00:00,extra,ranking_total,445,5450,7,1000,0.5306123479046975,790,210,0.49970919303459466,"[""V176"", ""V255"", ""V191"", ""V160"", ""V215"", ""V380"", ""V342""]","{""n_estimators"": 437, ""max_depth"": 6, ""min_samples_split"": 2, ""min_samples_leaf"": 8, ""criterion"": ""entropy"", ""class_weight"": ""balanced""}"
446,2026-06-05T20:00:54.517148+00:00,extra,ranking_total,446,5500,6,1000,0.5656833505881811,780,220,0.49888311043642025,"[""V176"", ""V255"", ""V191"", ""V160"", ""V215"", ""V380""]","{""n_estimators"": 149, ""max_depth"": 10, ""min_samples_split"": 2, ""min_samples_leaf"": 3, ""criterion"": ""entropy"", ""class_weight"": ""balanced""}"
447,2026-06-05T20:01:17.311544+00:00,extra,ranking_total,447,5395,7,999,0.5762516794897908,786,213,0.49781984214026614,"[""V176"", ""V255"", ""V191"", ""V160"", ""V215"", ""V380"", ""V342""]","{""n_estimators"": 81, ""max_depth"": 14, ""min_samples_split"": 4, ""min_samples_leaf"": 4, ""criterion"": ""entropy"", ""class_weight"": ""balanced""}"
448,2026-06-05T20:02:54.072806+00:00,extra,ranking_total,448,5410,6,1000,0.5414113695444884,774,226,0.4970900334892267,"[""V176"", ""V255"", ""V191"", ""V160"", ""V215"", ""V380""]","{""n_estimators"": 403, ""max_depth"": 8, ""min_samples_split"": 6, ""min_samples_leaf"": 9, ""criterion"": ""gini"", ""class_weight"": null}"
449,2026-06-05T20:04:10.752983+00:00,extra,ranking_total,449,5390,4,1000,0.5457065600572477,746,254,0.4997235135934675,"[""V176"", ""V255"", ""V191"", ""V160""]","{""n_estimators"": 302, ""max_depth"": 6, ""min_samples_split"": 3, ""min_samples_leaf"": 7, ""criterion"": ""gini"", ""class_weight"": ""balanced""}"
450,2026-06-05T20:05:12.357293+00:00,extra,ranking_total,450,5485,6,1000,0.530914964077634,779,221,0.49968153872468574,"[""V176"", ""V255"", ""V191"", ""V160"", ""V215"", ""V380""]","{""n_estimators"": 237, ""max_depth"": 5, ""min_samples_split"": 6, ""min_samples_leaf"": 6, ""criterion"": ""gini"", ""class_weight"": ""balanced""}"
451,2026-06-05T20:05:42.198223+00:00,extra,ranking_total,451,5405,4,1000,0.5243599914540625,747,253,0.49983917273899586,"[""V176"", ""V255"", ""V191"", ""V160""]","{""n_estimators"": 113, ""max_depth"": 3, ""min_samples_split"": 7, ""min_samples_leaf"": 2, ""criterion"": ""entropy"", ""class_weight"": ""balanced""}"
452,2026-06-05T20:06:02.307147+00:00,extra,ranking_total,452,5325,8,1000,0.5642934190311482,795,205,0.4962909568696671,"[""V176"", ""V255"", ""V191"", ""V160"", ""V215"", ""V380"", ""V342"", ""V483""]","{""n_estimators"": 81, ""max_depth"": null, ""min_samples_split"": 7, ""min_samples_leaf"": 6, ""criterion"": ""gini"", ""class_weight"": null}"
453,2026-06-05T20:07:46.960359+00:00,extra,ranking_total,453,5515,6,1000,0.5369542344738992,781,219,0.4974140772968509,"[""V176"", ""V255"", ""V191"", ""V160"", ""V215"", ""V380""]","{""n_estimators"": 444, ""max_depth"": 7, ""min_samples_split"": 2, ""min_samples_leaf"": 8, ""criterion"": ""entropy"", ""class_weight"": null}"
454,2026-06-05T20:09:32.247614+00:00,extra,ranking_total,454,5480,7,1000,0.5239700950913684,792,208,0.4974810388660815,"[""V176"", ""V255"", ""V191"", ""V160"", ""V215"", ""V380"", ""V342""]","{""n_estimators"": 452, ""max_depth"": 5, ""min_samples_split"": 4, ""min_samples_leaf"": 9, ""criterion"": ""entropy"", ""class_weight"": null}"
455,2026-06-05T20:10:27.012562+00:00,extra,ranking_total,455,5355,6,999,0.5360268468232198,770,229,0.49717245292998885,"[""V176"", ""V255"", ""V191"", ""V160"", ""V215"", ""V380""]","{""n_estimators"": 237, ""max_depth"": 6, ""min_samples_split"": 4, ""min_samples_leaf"": 1, ""criterion"": ""entropy"", ""class_weight"": null}"
456,2026-06-05T20:11:45.193600+00:00,extra,ranking_total,456,5480,7,1000,0.5592679231735971,792,208,0.49661945718858785,"[""V176"", ""V255"", ""V191"", ""V160"", ""V215"", ""V380"", ""V342""]","{""n_estimators"": 327, ""max_depth"": 13, ""min_samples_split"": 2, ""min_samples_leaf"": 6, ""criterion"": ""gini"", ""class_weight"": null}"
457,2026-06-05T20:13:38.277037+00:00,extra,ranking_total,457,5420,6,998,0.571141898219036,774,224,0.49641552806870703,"[""V176"", ""V255"", ""V191"", ""V160"", ""V215"", ""V380""]","{""n_estimators"": 461, ""max_depth"": 13, ""min_samples_split"": 7, ""min_samples_leaf"": 5, ""criterion"": ""entropy"", ""class_weight"": null}"
458,2026-06-05T20:15:16.107070+00:00,extra,ranking_total,458,5410,6,1000,0.5631768988775742,774,226,0.49681854478174864,"[""V176"", ""V255"", ""V191"", ""V160"", ""V215"", ""V380""]","{""n_estimators"": 404, ""max_depth"": 14, ""min_samples_split"": 5, ""min_samples_leaf"": 8, ""criterion"": ""gini"", ""class_weight"": null}"
459,2026-06-05T20:17:23.948770+00:00,extra,ranking_total,459,5440,6,997,0.5184390705561979,775,222,0.4998568644664695,"[""V176"", ""V255"", ""V191"", ""V160"", ""V215"", ""V380""]","{""n_estimators"": 495, ""max_depth"": 3, ""min_samples_split"": 2, ""min_samples_leaf"": 3, ""criterion"": ""entropy"", ""class_weight"": ""balanced""}"
460,2026-06-05T20:18:30.180377+00:00,extra,ranking_total,460,5540,7,1000,0.576798450359406,796,204,0.49565015921528177,"[""V176"", ""V255"", ""V191"", ""V160"", ""V215"", ""V380"", ""V342""]","{""n_estimators"": 260, ""max_depth"": 12, ""min_samples_split"": 6, ""min_samples_leaf"": 1, ""criterion"": ""gini"", ""class_weight"": null}"
461,2026-06-05T20:19:36.805269+00:00,extra,ranking_total,461,5440,6,1000,0.5378482171951121,776,224,0.4996856983908392,"[""V176"", ""V255"", ""V191"", ""V160"", ""V215"", ""V380""]","{""n_estimators"": 252, ""max_depth"": 6, ""min_samples_split"": 5, ""min_samples_leaf"": 3, ""criterion"": ""entropy"", ""class_weight"": ""balanced""}"
462,2026-06-05T20:21:06.818680+00:00,extra,ranking_total,462,5410,7,996,0.5599139788037835,786,210,0.49898701949428176,"[""V176"", ""V255"", ""V191"", ""V160"", ""V215"", ""V380"", ""V342""]","{""n_estimators"": 339, ""max_depth"": 13, ""min_samples_split"": 3, ""min_samples_leaf"": 7, ""criterion"": ""entropy"", ""class_weight"": ""balanced""}"
463,2026-06-05T20:22:03.601077+00:00,extra,ranking_total,463,5400,7,998,0.5550254337023062,786,212,0.49665701878823654,"[""V176"", ""V255"", ""V191"", ""V160"", ""V215"", ""V380"", ""V342""]","{""n_estimators"": 242, ""max_depth"": 11, ""min_samples_split"": 5, ""min_samples_leaf"": 5, ""criterion"": ""gini"", ""class_weight"": null}"
464,2026-06-05T20:22:49.107793+00:00,extra,ranking_total,464,5360,4,1000,0.5355548883023228,744,256,0.49983290025761534,"[""V176"", ""V255"", ""V191"", ""V160""]","{""n_estimators"": 170, ""max_depth"": 5, ""min_samples_split"": 2, ""min_samples_leaf"": 8, ""criterion"": ""entropy"", ""class_weight"": ""balanced""}"
465,2026-06-05T20:24:01.378063+00:00,extra,ranking_total,465,5440,4,996,0.5488811431530943,748,248,0.49964416747507895,"[""V176"", ""V255"", ""V191"", ""V160""]","{""n_estimators"": 269, ""max_depth"": 6, ""min_samples_split"": 9, ""min_samples_leaf"": 2, ""criterion"": ""gini"", ""class_weight"": ""balanced""}"
466,2026-06-05T20:24:37.035378+00:00,extra,ranking_total,466,5330,7,1000,0.527131876607984,782,218,0.499722136614595,"[""V176"", ""V255"", ""V191"", ""V160"", ""V215"", ""V380"", ""V342""]","{""n_estimators"": 139, ""max_depth"": 5, ""min_samples_split"": 5, ""min_samples_leaf"": 6, ""criterion"": ""gini"", ""class_weight"": ""balanced""}"
467,2026-06-05T20:26:11.977197+00:00,extra,ranking_total,467,5310,6,999,0.5839890648999528,767,232,0.4958076132298019,"[""V176"", ""V255"", ""V191"", ""V160"", ""V215"", ""V380""]","{""n_estimators"": 380, ""max_depth"": null, ""min_samples_split"": 3, ""min_samples_leaf"": 5, ""criterion"": ""gini"", ""class_weight"": null}"
468,2026-06-05T20:28:06.189252+00:00,extra,ranking_total,468,5405,7,1000,0.5297787367758073,787,213,0.497277173791774,"[""V176"", ""V255"", ""V191"", ""V160"", ""V215"", ""V380"", ""V342""]","{""n_estimators"": 495, ""max_depth"": 6, ""min_samples_split"": 4, ""min_samples_leaf"": 5, ""criterion"": ""entropy"", ""class_weight"": null}"
469,2026-06-05T20:29:06.808928+00:00,extra,ranking_total,469,5500,6,1000,0.5312463355938396,780,220,0.49964066967152776,"[""V176"", ""V255"", ""V191"", ""V160"", ""V215"", ""V380""]","{""n_estimators"": 230, ""max_depth"": 5, ""min_samples_split"": 9, ""min_samples_leaf"": 4, ""criterion"": ""entropy"", ""class_weight"": ""balanced""}"
470,2026-06-05T20:30:27.234056+00:00,extra,ranking_total,470,5400,4,998,0.5484141755577796,746,252,0.4975010667776157,"[""V176"", ""V255"", ""V191"", ""V160""]","{""n_estimators"": 345, ""max_depth"": 6, ""min_samples_split"": 5, ""min_samples_leaf"": 1, ""criterion"": ""entropy"", ""class_weight"": null}"
471,2026-06-05T20:32:16.794541+00:00,extra,ranking_total,471,5355,5,1000,0.5884350836975312,757,243,0.49846230757673676,"[""V176"", ""V255"", ""V191"", ""V160"", ""V215""]","{""n_estimators"": 394, ""max_depth"": null, ""min_samples_split"": 3, ""min_samples_leaf"": 6, ""criterion"": ""entropy"", ""class_weight"": ""balanced""}"
472,2026-06-05T20:33:50.675276+00:00,extra,ranking_total,472,5390,7,1000,0.5530152136994889,786,214,0.4969882985993165,"[""V176"", ""V255"", ""V191"", ""V160"", ""V215"", ""V380"", ""V342""]","{""n_estimators"": 391, ""max_depth"": 12, ""min_samples_split"": 4, ""min_samples_leaf"": 8, ""criterion"": ""gini"", ""class_weight"": null}"
473,2026-06-05T20:34:14.417320+00:00,extra,ranking_total,473,5300,3,998,0.5182297019014563,726,272,0.4975141133609521,"[""V176"", ""V255"", ""V191""]","{""n_estimators"": 110, ""max_depth"": 4, ""min_samples_split"": 4, ""min_samples_leaf"": 4, ""criterion"": ""gini"", ""class_weight"": null}"
474,2026-06-05T20:35:24.648479+00:00,extra,ranking_total,474,5380,5,998,0.5506422227401988,758,240,0.49939187891426856,"[""V176"", ""V255"", ""V191"", ""V160"", ""V215""]","{""n_estimators"": 280, ""max_depth"": 7, ""min_samples_split"": 2, ""min_samples_leaf"": 3, ""criterion"": ""entropy"", ""class_weight"": ""balanced""}"
475,2026-06-05T20:35:36.795725+00:00,extra,ranking_total,475,5220,6,999,0.515728107215312,761,238,0.497597473260692,"[""V176"", ""V255"", ""V191"", ""V160"", ""V215"", ""V380""]","{""n_estimators"": 50, ""max_depth"": 3, ""min_samples_split"": 3, ""min_samples_leaf"": 4, ""criterion"": ""gini"", ""class_weight"": null}"
476,2026-06-05T20:36:45.151725+00:00,extra,ranking_total,476,5290,7,999,0.5138715163725678,779,220,0.4975366042379508,"[""V176"", ""V255"", ""V191"", ""V160"", ""V215"", ""V380"", ""V342""]","{""n_estimators"": 307, ""max_depth"": 3, ""min_samples_split"": 4, ""min_samples_leaf"": 5, ""criterion"": ""gini"", ""class_weight"": null}"
477,2026-06-05T20:38:04.849667+00:00,extra,ranking_total,477,5435,7,1000,0.5468746072991922,789,211,0.49702458866690047,"[""V176"", ""V255"", ""V191"", ""V160"", ""V215"", ""V380"", ""V342""]","{""n_estimators"": 329, ""max_depth"": 9, ""min_samples_split"": 8, ""min_samples_leaf"": 5, ""criterion"": ""entropy"", ""class_weight"": null}"
478,2026-06-05T20:39:37.722079+00:00,extra,ranking_total,478,5450,7,1000,0.5521362671533383,790,210,0.4992863151264539,"[""V176"", ""V255"", ""V191"", ""V160"", ""V215"", ""V380"", ""V342""]","{""n_estimators"": 340, ""max_depth"": 11, ""min_samples_split"": 9, ""min_samples_leaf"": 8, ""criterion"": ""entropy"", ""class_weight"": ""balanced""}"
479,2026-06-05T20:40:33.103591+00:00,extra,ranking_total,479,5425,7,996,0.5369537055851585,787,209,0.49952238107034935,"[""V176"", ""V255"", ""V191"", ""V160"", ""V215"", ""V380"", ""V342""]","{""n_estimators"": 212, ""max_depth"": 7, ""min_samples_split"": 9, ""min_samples_leaf"": 8, ""criterion"": ""gini"", ""class_weight"": ""balanced""}"
480,2026-06-05T20:41:47.794832+00:00,extra,ranking_total,480,5510,7,1000,0.5612457925301425,794,206,0.498892864244078,"[""V176"", ""V255"", ""V191"", ""V160"", ""V215"", ""V380"", ""V342""]","{""n_estimators"": 278, ""max_depth"": 14, ""min_samples_split"": 4, ""min_samples_leaf"": 7, ""criterion"": ""entropy"", ""class_weight"": ""balanced""}"
481,2026-06-05T20:42:30.670437+00:00,extra,ranking_total,481,5380,6,1000,0.5543360827091216,772,228,0.4969496190608141,"[""V176"", ""V255"", ""V191"", ""V160"", ""V215"", ""V380""]","{""n_estimators"": 178, ""max_depth"": 8, ""min_samples_split"": 4, ""min_samples_leaf"": 1, ""criterion"": ""entropy"", ""class_weight"": null}"
482,2026-06-05T20:43:33.992570+00:00,extra,ranking_total,482,5410,6,1000,0.5803808175085612,774,226,0.4957708263879039,"[""V176"", ""V255"", ""V191"", ""V160"", ""V215"", ""V380""]","{""n_estimators"": 256, ""max_depth"": 12, ""min_samples_split"": 5, ""min_samples_leaf"": 2, ""criterion"": ""entropy"", ""class_weight"": null}"
483,2026-06-05T20:44:17.016985+00:00,extra,ranking_total,483,5435,7,1000,0.5503190271300396,789,211,0.49682075873749565,"[""V176"", ""V255"", ""V191"", ""V160"", ""V215"", ""V380"", ""V342""]","{""n_estimators"": 186, ""max_depth"": 10, ""min_samples_split"": 2, ""min_samples_leaf"": 6, ""criterion"": ""entropy"", ""class_weight"": null}"
484,2026-06-05T20:46:03.869216+00:00,extra,ranking_total,484,5365,6,1000,0.5514701759182613,771,229,0.4970460298182981,"[""V176"", ""V255"", ""V191"", ""V160"", ""V215"", ""V380""]","{""n_estimators"": 454, ""max_depth"": 10, ""min_samples_split"": 2, ""min_samples_leaf"": 8, ""criterion"": ""entropy"", ""class_weight"": null}"
485,2026-06-05T20:46:53.948640+00:00,extra,ranking_total,485,5380,7,999,0.5533292577194764,785,214,0.4969022628021987,"[""V176"", ""V255"", ""V191"", ""V160"", ""V215"", ""V380"", ""V342""]","{""n_estimators"": 209, ""max_depth"": 11, ""min_samples_split"": 2, ""min_samples_leaf"": 6, ""criterion"": ""gini"", ""class_weight"": null}"
486,2026-06-05T20:48:53.911422+00:00,extra,ranking_total,486,5425,7,999,0.5228193530736678,788,211,0.49983545265695367,"[""V176"", ""V255"", ""V191"", ""V160"", ""V215"", ""V380"", ""V342""]","{""n_estimators"": 458, ""max_depth"": 4, ""min_samples_split"": 8, ""min_samples_leaf"": 2, ""criterion"": ""gini"", ""class_weight"": ""balanced""}"
487,2026-06-05T20:50:35.676096+00:00,extra,ranking_total,487,5425,6,997,0.5203569305650039,774,223,0.49746084719616984,"[""V176"", ""V255"", ""V191"", ""V160"", ""V215"", ""V380""]","{""n_estimators"": 438, ""max_depth"": 4, ""min_samples_split"": 6, ""min_samples_leaf"": 9, ""criterion"": ""gini"", ""class_weight"": null}"
488,2026-06-05T20:51:47.615974+00:00,extra,ranking_total,488,5465,7,1000,0.5663846006356273,791,209,0.49628433581154985,"[""V176"", ""V255"", ""V191"", ""V160"", ""V215"", ""V380"", ""V342""]","{""n_estimators"": 299, ""max_depth"": 11, ""min_samples_split"": 9, ""min_samples_leaf"": 2, ""criterion"": ""entropy"", ""class_weight"": null}"
489,2026-06-05T20:52:29.243444+00:00,extra,ranking_total,489,5465,7,1000,0.5136273997731697,791,209,0.49742551035953303,"[""V176"", ""V255"", ""V191"", ""V160"", ""V215"", ""V380"", ""V342""]","{""n_estimators"": 185, ""max_depth"": 3, ""min_samples_split"": 3, ""min_samples_leaf"": 5, ""criterion"": ""entropy"", ""class_weight"": null}"
490,2026-06-05T20:53:25.045257+00:00,extra,ranking_total,490,5330,7,1000,0.5212578129684419,782,218,0.4997884401965392,"[""V176"", ""V255"", ""V191"", ""V160"", ""V215"", ""V380"", ""V342""]","{""n_estimators"": 215, ""max_depth"": 4, ""min_samples_split"": 7, ""min_samples_leaf"": 7, ""criterion"": ""entropy"", ""class_weight"": ""balanced""}"
491,2026-06-05T20:54:15.357799+00:00,extra,ranking_total,491,5510,7,1000,0.5737221383524796,794,206,0.49604829204851514,"[""V176"", ""V255"", ""V191"", ""V160"", ""V215"", ""V380"", ""V342""]","{""n_estimators"": 204, ""max_depth"": 13, ""min_samples_split"": 5, ""min_samples_leaf"": 3, ""criterion"": ""entropy"", ""class_weight"": null}"
492,2026-06-05T20:55:52.477593+00:00,extra,ranking_total,492,5560,7,999,0.5431649210040946,797,202,0.4971994392371223,"[""V176"", ""V255"", ""V191"", ""V160"", ""V215"", ""V380"", ""V342""]","{""n_estimators"": 415, ""max_depth"": 9, ""min_samples_split"": 4, ""min_samples_leaf"": 9, ""criterion"": ""entropy"", ""class_weight"": null}"
493,2026-06-05T20:56:07.777220+00:00,extra,ranking_total,493,5420,7,1000,0.5655976132901241,788,212,0.4971045175261834,"[""V176"", ""V255"", ""V191"", ""V160"", ""V215"", ""V380"", ""V342""]","{""n_estimators"": 62, ""max_depth"": 14, ""min_samples_split"": 4, ""min_samples_leaf"": 5, ""criterion"": ""gini"", ""class_weight"": null}"
494,2026-06-05T20:56:27.527476+00:00,extra,ranking_total,494,5390,4,1000,0.5480194394263835,746,254,0.4973963140994598,"[""V176"", ""V255"", ""V191"", ""V160""]","{""n_estimators"": 84, ""max_depth"": 6, ""min_samples_split"": 4, ""min_samples_leaf"": 2, ""criterion"": ""entropy"", ""class_weight"": null}"
495,2026-06-05T20:57:54.175224+00:00,extra,ranking_total,495,5485,6,1000,0.5706414451354812,779,221,0.49861562287033667,"[""V176"", ""V255"", ""V191"", ""V160"", ""V215"", ""V380""]","{""n_estimators"": 318, ""max_depth"": 12, ""min_samples_split"": 5, ""min_samples_leaf"": 4, ""criterion"": ""gini"", ""class_weight"": ""balanced""}"
496,2026-06-05T20:58:48.146373+00:00,extra,ranking_total,496,5330,7,1000,0.5609100525096198,782,218,0.49858240823047456,"[""V176"", ""V255"", ""V191"", ""V160"", ""V215"", ""V380"", ""V342""]","{""n_estimators"": 203, ""max_depth"": 12, ""min_samples_split"": 7, ""min_samples_leaf"": 5, ""criterion"": ""gini"", ""class_weight"": ""balanced""}"
497,2026-06-05T20:59:44.694420+00:00,extra,ranking_total,497,5390,6,998,0.5598287779234593,772,226,0.49663997191060244,"[""V176"", ""V255"", ""V191"", ""V160"", ""V215"", ""V380""]","{""n_estimators"": 235, ""max_depth"": 13, ""min_samples_split"": 6, ""min_samples_leaf"": 8, ""criterion"": ""entropy"", ""class_weight"": null}"
498,2026-06-05T21:00:20.789318+00:00,extra,ranking_total,498,5380,6,1000,0.5351066497461793,772,228,0.4972627423091737,"[""V176"", ""V255"", ""V191"", ""V160"", ""V215"", ""V380""]","{""n_estimators"": 158, ""max_depth"": 6, ""min_samples_split"": 4, ""min_samples_leaf"": 1, ""criterion"": ""gini"", ""class_weight"": null}"
499,2026-06-05T21:01:02.685925+00:00,extra,ranking_total,499,5540,7,1000,0.5478868450787586,796,204,0.49924696166954874,"[""V176"", ""V255"", ""V191"", ""V160"", ""V215"", ""V380"", ""V342""]","{""n_estimators"": 155, ""max_depth"": 9, ""min_samples_split"": 2, ""min_samples_leaf"": 5, ""criterion"": ""entropy"", ""class_weight"": ""balanced""}"
500,2026-06-05T21:01:47.286706+00:00,extra,ranking_total,500,5315,5,999,0.5184881023580397,754,245,0.4975204643401128,"[""V176"", ""V255"", ""V191"", ""V160"", ""V215""]","{""n_estimators"": 201, ""max_depth"": 3, ""min_samples_split"": 9, ""min_samples_leaf"": 8, ""criterion"": ""gini"", ""class_weight"": null}"
501,2026-06-05T21:03:26.642415+00:00,extra,ranking_total,501,5500,6,1000,0.5938199233688838,780,220,0.49544820175675913,"[""V176"", ""V255"", ""V191"", ""V160"", ""V215"", ""V380""]","{""n_estimators"": 396, ""max_depth"": 14, ""min_samples_split"": 9, ""min_samples_leaf"": 2, ""criterion"": ""entropy"", ""class_weight"": null}"
502,2026-06-05T21:03:58.751351+00:00,extra,ranking_total,502,5460,5,1000,0.5660370080820543,764,236,0.4969949394464416,"[""V176"", ""V255"", ""V191"", ""V160"", ""V215""]","{""n_estimators"": 137, ""max_depth"": 12, ""min_samples_split"": 9, ""min_samples_leaf"": 8, ""criterion"": ""entropy"", ""class_weight"": null}"
503,2026-06-05T21:05:59.389952+00:00,extra,ranking_total,503,5545,6,1000,0.5673172741320165,783,217,0.4984214513194167,"[""V176"", ""V255"", ""V191"", ""V160"", ""V215"", ""V380""]","{""n_estimators"": 453, ""max_depth"": 10, ""min_samples_split"": 2, ""min_samples_leaf"": 1, ""criterion"": ""entropy"", ""class_weight"": ""balanced""}"
504,2026-06-05T21:06:24.738846+00:00,extra,ranking_total,504,5290,4,999,0.5282235303633929,739,260,0.4974914787692104,"[""V176"", ""V255"", ""V191"", ""V160""]","{""n_estimators"": 111, ""max_depth"": 4, ""min_samples_split"": 8, ""min_samples_leaf"": 8, ""criterion"": ""gini"", ""class_weight"": null}"
505,2026-06-05T21:08:20.549333+00:00,extra,ranking_total,505,5525,7,1000,0.5436881446855133,795,205,0.4995489308678707,"[""V176"", ""V255"", ""V191"", ""V160"", ""V215"", ""V380"", ""V342""]","{""n_estimators"": 441, ""max_depth"": 9, ""min_samples_split"": 8, ""min_samples_leaf"": 9, ""criterion"": ""entropy"", ""class_weight"": ""balanced""}"
506,2026-06-05T21:10:04.066035+00:00,extra,ranking_total,506,5360,7,1000,0.5195087083005696,784,216,0.4974409927396438,"[""V176"", ""V255"", ""V191"", ""V160"", ""V215"", ""V380"", ""V342""]","{""n_estimators"": 443, ""max_depth"": 4, ""min_samples_split"": 6, ""min_samples_leaf"": 6, ""criterion"": ""entropy"", ""class_weight"": null}"
507,2026-06-05T21:10:28.623722+00:00,extra,ranking_total,507,5395,6,1000,0.576631117033499,773,227,0.495983544107318,"[""V176"", ""V255"", ""V191"", ""V160"", ""V215"", ""V380""]","{""n_estimators"": 102, ""max_depth"": 14, ""min_samples_split"": 8, ""min_samples_leaf"": 5, ""criterion"": ""entropy"", ""class_weight"": null}"
508,2026-06-05T21:11:06.626030+00:00,extra,ranking_total,508,5365,7,999,0.5443121043626667,784,215,0.49714765253166443,"[""V176"", ""V255"", ""V191"", ""V160"", ""V215"", ""V380"", ""V342""]","{""n_estimators"": 162, ""max_depth"": 9, ""min_samples_split"": 6, ""min_samples_leaf"": 8, ""criterion"": ""gini"", ""class_weight"": null}"
509,2026-06-05T21:11:56.539800+00:00,extra,ranking_total,509,5410,6,997,0.5470050101816631,773,224,0.4970044013467402,"[""V176"", ""V255"", ""V191"", ""V160"", ""V215"", ""V380""]","{""n_estimators"": 215, ""max_depth"": 10, ""min_samples_split"": 9, ""min_samples_leaf"": 9, ""criterion"": ""entropy"", ""class_weight"": null}"
510,2026-06-05T21:13:53.310573+00:00,extra,ranking_total,510,5410,6,1000,0.5729639399022249,774,226,0.49863098669389294,"[""V176"", ""V255"", ""V191"", ""V160"", ""V215"", ""V380""]","{""n_estimators"": 428, ""max_depth"": 13, ""min_samples_split"": 2, ""min_samples_leaf"": 5, ""criterion"": ""entropy"", ""class_weight"": ""balanced""}"
511,2026-06-05T21:15:52.745471+00:00,extra,ranking_total,511,5390,7,1000,0.5510575264440676,786,214,0.49690102852241463,"[""V176"", ""V255"", ""V191"", ""V160"", ""V215"", ""V380"", ""V342""]","{""n_estimators"": 490, ""max_depth"": 12, ""min_samples_split"": 8, ""min_samples_leaf"": 8, ""criterion"": ""entropy"", ""class_weight"": null}"
512,2026-06-05T21:16:37.611776+00:00,extra,ranking_total,512,5415,6,999,0.517189547170108,774,225,0.4997797104441058,"[""V176"", ""V255"", ""V191"", ""V160"", ""V215"", ""V380""]","{""n_estimators"": 167, ""max_depth"": 3, ""min_samples_split"": 7, ""min_samples_leaf"": 4, ""criterion"": ""entropy"", ""class_weight"": ""balanced""}"
513,2026-06-05T21:18:55.230948+00:00,extra,ranking_total,513,5185,6,1000,0.6475023958548585,759,241,0.49027118949537746,"[""V176"", ""V255"", ""V191"", ""V160"", ""V215"", ""V380""]","{""n_estimators"": 467, ""max_depth"": null, ""min_samples_split"": 4, ""min_samples_leaf"": 1, ""criterion"": ""entropy"", ""class_weight"": ""balanced""}"
514,2026-06-05T21:19:50.011725+00:00,extra,ranking_total,514,5315,7,1000,0.5618970755418706,781,219,0.4988110450469181,"[""V176"", ""V255"", ""V191"", ""V160"", ""V215"", ""V380"", ""V342""]","{""n_estimators"": 198, ""max_depth"": null, ""min_samples_split"": 8, ""min_samples_leaf"": 8, ""criterion"": ""gini"", ""class_weight"": ""balanced""}"
515,2026-06-05T21:21:28.703200+00:00,extra,ranking_total,515,5465,7,1000,0.5412054220997692,791,209,0.49953511231582,"[""V176"", ""V255"", ""V191"", ""V160"", ""V215"", ""V380"", ""V342""]","{""n_estimators"": 376, ""max_depth"": 7, ""min_samples_split"": 3, ""min_samples_leaf"": 3, ""criterion"": ""gini"", ""class_weight"": ""balanced""}"
516,2026-06-05T21:22:25.531061+00:00,extra,ranking_total,516,5340,6,999,0.5225729282829661,769,230,0.4974159687894856,"[""V176"", ""V255"", ""V191"", ""V160"", ""V215"", ""V380""]","{""n_estimators"": 251, ""max_depth"": 4, ""min_samples_split"": 4, ""min_samples_leaf"": 3, ""criterion"": ""entropy"", ""class_weight"": null}"
517,2026-06-05T21:23:48.233193+00:00,extra,ranking_total,517,5465,7,1000,0.5691082510011427,791,209,0.49831284129826536,"[""V176"", ""V255"", ""V191"", ""V160"", ""V215"", ""V380"", ""V342""]","{""n_estimators"": 305, ""max_depth"": 13, ""min_samples_split"": 7, ""min_samples_leaf"": 4, ""criterion"": ""gini"", ""class_weight"": ""balanced""}"
518,2026-06-05T21:24:09.254195+00:00,extra,ranking_total,518,5445,8,1000,0.5821153946787366,803,197,0.49444642300442554,"[""V176"", ""V255"", ""V191"", ""V160"", ""V215"", ""V380"", ""V342"", ""V483""]","{""n_estimators"": 83, ""max_depth"": 14, ""min_samples_split"": 4, ""min_samples_leaf"": 1, ""criterion"": ""entropy"", ""class_weight"": null}"
519,2026-06-05T21:24:46.635447+00:00,extra,ranking_total,519,5350,6,1000,0.5384044785112965,770,230,0.49721753618394815,"[""V176"", ""V255"", ""V191"", ""V160"", ""V215"", ""V380""]","{""n_estimators"": 155, ""max_depth"": 7, ""min_samples_split"": 7, ""min_samples_leaf"": 8, ""criterion"": ""entropy"", ""class_weight"": null}"
520,2026-06-05T21:25:07.169959+00:00,extra,ranking_total,520,5390,7,1000,0.5550280914040293,786,214,0.498805097614688,"[""V176"", ""V255"", ""V191"", ""V160"", ""V215"", ""V380"", ""V342""]","{""n_estimators"": 74, ""max_depth"": 11, ""min_samples_split"": 3, ""min_samples_leaf"": 6, ""criterion"": ""entropy"", ""class_weight"": ""balanced""}"
521,2026-06-05T21:26:01.825242+00:00,extra,ranking_total,521,5335,6,1000,0.5860783850876283,769,231,0.4957217032380902,"[""V176"", ""V255"", ""V191"", ""V160"", ""V215"", ""V380""]","{""n_estimators"": 222, ""max_depth"": null, ""min_samples_split"": 5, ""min_samples_leaf"": 5, ""criterion"": ""gini"", ""class_weight"": null}"
522,2026-06-05T21:26:17.785572+00:00,extra,ranking_total,522,5170,3,1000,0.5112868229928476,718,282,0.4975713417613295,"[""V176"", ""V255"", ""V191""]","{""n_estimators"": 68, ""max_depth"": 3, ""min_samples_split"": 9, ""min_samples_leaf"": 8, ""criterion"": ""gini"", ""class_weight"": null}"
523,2026-06-05T21:28:01.018833+00:00,extra,ranking_total,523,5420,7,997,0.5143532517591184,787,210,0.4975464777501045,"[""V176"", ""V255"", ""V191"", ""V160"", ""V215"", ""V380"", ""V342""]","{""n_estimators"": 454, ""max_depth"": 3, ""min_samples_split"": 5, ""min_samples_leaf"": 1, ""criterion"": ""gini"", ""class_weight"": null}"
524,2026-06-05T21:29:05.688740+00:00,extra,ranking_total,524,5495,7,1000,0.5751631158699169,793,207,0.49606357532068796,"[""V176"", ""V255"", ""V191"", ""V160"", ""V215"", ""V380"", ""V342""]","{""n_estimators"": 268, ""max_depth"": 12, ""min_samples_split"": 9, ""min_samples_leaf"": 1, ""criterion"": ""entropy"", ""class_weight"": null}"
525,2026-06-05T21:30:59.070772+00:00,extra,ranking_total,525,5395,6,1000,0.5269111792942736,773,227,0.49739673016499564,"[""V176"", ""V255"", ""V191"", ""V160"", ""V215"", ""V380""]","{""n_estimators"": 495, ""max_depth"": 5, ""min_samples_split"": 6, ""min_samples_leaf"": 7, ""criterion"": ""gini"", ""class_weight"": null}"
526,2026-06-05T21:31:15.039484+00:00,extra,ranking_total,526,5325,6,999,0.5691212427550147,768,231,0.49641857283747776,"[""V176"", ""V255"", ""V191"", ""V160"", ""V215"", ""V380""]","{""n_estimators"": 60, ""max_depth"": 10, ""min_samples_split"": 7, ""min_samples_leaf"": 1, ""criterion"": ""gini"", ""class_weight"": null}"
527,2026-06-05T21:33:06.657635+00:00,extra,ranking_total,527,5430,7,998,0.5209860693880931,788,210,0.49985128620837666,"[""V176"", ""V255"", ""V191"", ""V160"", ""V215"", ""V380"", ""V342""]","{""n_estimators"": 427, ""max_depth"": 4, ""min_samples_split"": 4, ""min_samples_leaf"": 5, ""criterion"": ""gini"", ""class_weight"": ""balanced""}"
528,2026-06-05T21:34:50.692231+00:00,extra,ranking_total,528,5380,7,999,0.5438649957127368,785,214,0.49936136922349267,"[""V176"", ""V255"", ""V191"", ""V160"", ""V215"", ""V380"", ""V342""]","{""n_estimators"": 396, ""max_depth"": 8, ""min_samples_split"": 3, ""min_samples_leaf"": 5, ""criterion"": ""entropy"", ""class_weight"": ""balanced""}"
529,2026-06-05T21:36:10.664685+00:00,extra,ranking_total,529,5600,7,1000,0.5891952489271102,800,200,0.4950441478519697,"[""V176"", ""V255"", ""V191"", ""V160"", ""V215"", ""V380"", ""V342""]","{""n_estimators"": 318, ""max_depth"": 14, ""min_samples_split"": 7, ""min_samples_leaf"": 1, ""criterion"": ""gini"", ""class_weight"": null}"
530,2026-06-05T21:38:11.435358+00:00,extra,ranking_total,530,5425,7,996,0.5645602762228857,787,209,0.4989509619964749,"[""V176"", ""V255"", ""V191"", ""V160"", ""V215"", ""V380"", ""V342""]","{""n_estimators"": 443, ""max_depth"": 12, ""min_samples_split"": 3, ""min_samples_leaf"": 5, ""criterion"": ""gini"", ""class_weight"": ""balanced""}"
531,2026-06-05T21:39:47.515257+00:00,extra,ranking_total,531,5510,7,1000,0.5408673319096813,794,206,0.4994115679473471,"[""V176"", ""V255"", ""V191"", ""V160"", ""V215"", ""V380"", ""V342""]","{""n_estimators"": 371, ""max_depth"": 7, ""min_samples_split"": 8, ""min_samples_leaf"": 1, ""criterion"": ""gini"", ""class_weight"": ""balanced""}"
532,2026-06-05T21:41:09.135953+00:00,extra,ranking_total,532,5345,7,1000,0.5490138005976741,783,217,0.49692830540540206,"[""V176"", ""V255"", ""V191"", ""V160"", ""V215"", ""V380"", ""V342""]","{""n_estimators"": 338, ""max_depth"": 13, ""min_samples_split"": 6, ""min_samples_leaf"": 9, ""criterion"": ""gini"", ""class_weight"": null}"
533,2026-06-05T21:42:09.020261+00:00,extra,ranking_total,533,5370,5,1000,0.5366114615162151,758,242,0.4997309930145502,"[""V176"", ""V255"", ""V191"", ""V160"", ""V215""]","{""n_estimators"": 235, ""max_depth"": 5, ""min_samples_split"": 8, ""min_samples_leaf"": 2, ""criterion"": ""gini"", ""class_weight"": ""balanced""}"
534,2026-06-05T21:42:41.964283+00:00,extra,ranking_total,534,5410,6,1000,0.5434586991966275,774,226,0.4970747619361925,"[""V176"", ""V255"", ""V191"", ""V160"", ""V215"", ""V380""]","{""n_estimators"": 142, ""max_depth"": 8, ""min_samples_split"": 4, ""min_samples_leaf"": 8, ""criterion"": ""gini"", ""class_weight"": null}"
535,2026-06-05T21:44:21.685911+00:00,extra,ranking_total,535,5395,6,1000,0.5516493530674147,773,227,0.4969088180844986,"[""V176"", ""V255"", ""V191"", ""V160"", ""V215"", ""V380""]","{""n_estimators"": 415, ""max_depth"": 8, ""min_samples_split"": 2, ""min_samples_leaf"": 1, ""criterion"": ""gini"", ""class_weight"": null}"
536,2026-06-05T21:45:26.313160+00:00,extra,ranking_total,536,5420,7,1000,0.5203167202408753,788,212,0.4974358275648926,"[""V176"", ""V255"", ""V191"", ""V160"", ""V215"", ""V380"", ""V342""]","{""n_estimators"": 279, ""max_depth"": 4, ""min_samples_split"": 9, ""min_samples_leaf"": 5, ""criterion"": ""entropy"", ""class_weight"": null}"
537,2026-06-05T21:45:47.052461+00:00,extra,ranking_total,537,5395,6,1000,0.5701549032832559,773,227,0.4985970634255564,"[""V176"", ""V255"", ""V191"", ""V160"", ""V215"", ""V380""]","{""n_estimators"": 78, ""max_depth"": 13, ""min_samples_split"": 8, ""min_samples_leaf"": 6, ""criterion"": ""gini"", ""class_weight"": ""balanced""}"
538,2026-06-05T21:46:31.104822+00:00,extra,ranking_total,538,5555,7,1000,0.5835711659837758,797,203,0.49742007653265247,"[""V176"", ""V255"", ""V191"", ""V160"", ""V215"", ""V380"", ""V342""]","{""n_estimators"": 158, ""max_depth"": 13, ""min_samples_split"": 8, ""min_samples_leaf"": 1, ""criterion"": ""entropy"", ""class_weight"": ""balanced""}"
539,2026-06-05T21:47:32.187241+00:00,extra,ranking_total,539,5405,7,1000,0.5348038854196091,787,213,0.49958464497790483,"[""V176"", ""V255"", ""V191"", ""V160"", ""V215"", ""V380"", ""V342""]","{""n_estimators"": 233, ""max_depth"": 6, ""min_samples_split"": 7, ""min_samples_leaf"": 3, ""criterion"": ""entropy"", ""class_weight"": ""balanced""}"
540,2026-06-05T21:48:22.408283+00:00,extra,ranking_total,540,5455,6,1000,0.5395889480815741,777,223,0.4996129437874035,"[""V176"", ""V255"", ""V191"", ""V160"", ""V215"", ""V380""]","{""n_estimators"": 190, ""max_depth"": 6, ""min_samples_split"": 6, ""min_samples_leaf"": 1, ""criterion"": ""gini"", ""class_weight"": ""balanced""}"
541,2026-06-05T21:48:57.592051+00:00,extra,ranking_total,541,5405,7,1000,0.5517752133385911,787,213,0.4991676347161856,"[""V176"", ""V255"", ""V191"", ""V160"", ""V215"", ""V380"", ""V342""]","{""n_estimators"": 133, ""max_depth"": 11, ""min_samples_split"": 8, ""min_samples_leaf"": 8, ""criterion"": ""entropy"", ""class_weight"": ""balanced""}"
542,2026-06-05T21:50:41.889164+00:00,extra,ranking_total,542,5525,7,1000,0.5369008619906752,795,205,0.4972046416154554,"[""V176"", ""V255"", ""V191"", ""V160"", ""V215"", ""V380"", ""V342""]","{""n_estimators"": 440, ""max_depth"": 7, ""min_samples_split"": 2, ""min_samples_leaf"": 4, ""criterion"": ""gini"", ""class_weight"": null}"
543,2026-06-05T21:51:27.958877+00:00,extra,ranking_total,543,5480,7,1000,0.556748593251546,792,208,0.4986981278369036,"[""V176"", ""V255"", ""V191"", ""V160"", ""V215"", ""V380"", ""V342""]","{""n_estimators"": 169, ""max_depth"": 9, ""min_samples_split"": 2, ""min_samples_leaf"": 2, ""criterion"": ""gini"", ""class_weight"": ""balanced""}"
544,2026-06-05T21:52:49.662201+00:00,extra,ranking_total,544,5575,7,999,0.5749727487156301,798,201,0.4981456087669748,"[""V176"", ""V255"", ""V191"", ""V160"", ""V215"", ""V380"", ""V342""]","{""n_estimators"": 299, ""max_depth"": 12, ""min_samples_split"": 9, ""min_samples_leaf"": 2, ""criterion"": ""gini"", ""class_weight"": ""balanced""}"
545,2026-06-05T21:53:10.103736+00:00,extra,ranking_total,545,5385,6,999,0.572927872693315,772,227,0.49836065532380425,"[""V176"", ""V255"", ""V191"", ""V160"", ""V215"", ""V380""]","{""n_estimators"": 79, ""max_depth"": 12, ""min_samples_split"": 2, ""min_samples_leaf"": 4, ""criterion"": ""entropy"", ""class_weight"": ""balanced""}"
546,2026-06-05T21:55:20.103407+00:00,extra,ranking_total,546,5495,7,1000,0.5273226408427039,793,207,0.4997626726936269,"[""V176"", ""V255"", ""V191"", ""V160"", ""V215"", ""V380"", ""V342""]","{""n_estimators"": 495, ""max_depth"": 5, ""min_samples_split"": 6, ""min_samples_leaf"": 6, ""criterion"": ""gini"", ""class_weight"": ""balanced""}"
547,2026-06-05T21:57:10.476746+00:00,extra,ranking_total,547,5315,5,999,0.605403073712474,754,245,0.49525154725908177,"[""V176"", ""V255"", ""V191"", ""V160"", ""V215""]","{""n_estimators"": 430, ""max_depth"": null, ""min_samples_split"": 3, ""min_samples_leaf"": 4, ""criterion"": ""entropy"", ""class_weight"": null}"
548,2026-06-05T21:57:51.385323+00:00,extra,ranking_total,548,5275,7,999,0.5977465703197133,778,221,0.494353764322566,"[""V176"", ""V255"", ""V191"", ""V160"", ""V215"", ""V380"", ""V342""]","{""n_estimators"": 161, ""max_depth"": null, ""min_samples_split"": 9, ""min_samples_leaf"": 3, ""criterion"": ""gini"", ""class_weight"": null}"
549,2026-06-05T22:00:00.901756+00:00,extra,ranking_total,549,5360,7,994,0.5674504309280002,782,212,0.4985336501447485,"[""V176"", ""V255"", ""V191"", ""V160"", ""V215"", ""V380"", ""V342""]","{""n_estimators"": 471, ""max_depth"": null, ""min_samples_split"": 8, ""min_samples_leaf"": 7, ""criterion"": ""gini"", ""class_weight"": ""balanced""}"
550,2026-06-05T22:00:39.792977+00:00,extra,ranking_total,550,5360,4,1000,0.57144919993672,744,256,0.49699431845262204,"[""V176"", ""V255"", ""V191"", ""V160""]","{""n_estimators"": 170, ""max_depth"": 12, ""min_samples_split"": 7, ""min_samples_leaf"": 8, ""criterion"": ""gini"", ""class_weight"": null}"
551,2026-06-05T22:01:02.050096+00:00,extra,ranking_total,551,5360,4,1000,0.5613779452845742,744,256,0.4994940305198176,"[""V176"", ""V255"", ""V191"", ""V160""]","{""n_estimators"": 87, ""max_depth"": 9, ""min_samples_split"": 4, ""min_samples_leaf"": 9, ""criterion"": ""entropy"", ""class_weight"": ""balanced""}"
552,2026-06-05T22:02:09.547192+00:00,extra,ranking_total,552,5435,7,1000,0.5505377449257702,789,211,0.4993394288877871,"[""V176"", ""V255"", ""V191"", ""V160"", ""V215"", ""V380"", ""V342""]","{""n_estimators"": 271, ""max_depth"": 10, ""min_samples_split"": 4, ""min_samples_leaf"": 6, ""criterion"": ""gini"", ""class_weight"": ""balanced""}"
553,2026-06-05T22:02:41.982222+00:00,extra,ranking_total,553,5410,6,997,0.5676596647561675,773,224,0.4964869442147461,"[""V176"", ""V255"", ""V191"", ""V160"", ""V215"", ""V380""]","{""n_estimators"": 136, ""max_depth"": null, ""min_samples_split"": 5, ""min_samples_leaf"": 8, ""criterion"": ""gini"", ""class_weight"": null}"
554,2026-06-05T22:04:06.832080+00:00,extra,ranking_total,554,5410,7,999,0.5432956920553803,787,212,0.4970943835905788,"[""V176"", ""V255"", ""V191"", ""V160"", ""V215"", ""V380"", ""V342""]","{""n_estimators"": 380, ""max_depth"": 9, ""min_samples_split"": 7, ""min_samples_leaf"": 8, ""criterion"": ""gini"", ""class_weight"": null}"
555,2026-06-05T22:06:13.249390+00:00,extra,ranking_total,555,5480,7,1000,0.5540193525541551,792,208,0.4991747772306978,"[""V176"", ""V255"", ""V191"", ""V160"", ""V215"", ""V380"", ""V342""]","{""n_estimators"": 497, ""max_depth"": 10, ""min_samples_split"": 9, ""min_samples_leaf"": 5, ""criterion"": ""entropy"", ""class_weight"": ""balanced""}"
556,2026-06-05T22:08:07.139610+00:00,extra,ranking_total,556,5380,7,999,0.5288740858134043,785,214,0.49966747934794675,"[""V176"", ""V255"", ""V191"", ""V160"", ""V215"", ""V380"", ""V342""]","{""n_estimators"": 460, ""max_depth"": 5, ""min_samples_split"": 8, ""min_samples_leaf"": 2, ""criterion"": ""entropy"", ""class_weight"": ""balanced""}"
557,2026-06-05T22:08:59.209368+00:00,extra,ranking_total,557,5485,6,1000,0.589600941193639,779,221,0.4979774408525397,"[""V176"", ""V255"", ""V191"", ""V160"", ""V215"", ""V380""]","{""n_estimators"": 193, ""max_depth"": 13, ""min_samples_split"": 9, ""min_samples_leaf"": 2, ""criterion"": ""entropy"", ""class_weight"": ""balanced""}"
558,2026-06-05T22:10:12.603370+00:00,extra,ranking_total,558,5370,7,998,0.6166667219339126,784,214,0.4905150049618427,"[""V176"", ""V255"", ""V191"", ""V160"", ""V215"", ""V380"", ""V342""]","{""n_estimators"": 276, ""max_depth"": null, ""min_samples_split"": 4, ""min_samples_leaf"": 2, ""criterion"": ""gini"", ""class_weight"": null}"
559,2026-06-05T22:10:52.642094+00:00,extra,ranking_total,559,5415,6,996,0.5507239408321475,773,223,0.4993355987130979,"[""V176"", ""V255"", ""V191"", ""V160"", ""V215"", ""V380""]","{""n_estimators"": 155, ""max_depth"": 8, ""min_samples_split"": 6, ""min_samples_leaf"": 3, ""criterion"": ""entropy"", ""class_weight"": ""balanced""}"
560,2026-06-05T22:12:05.622563+00:00,extra,ranking_total,560,5320,7,999,0.6170349422333858,781,218,0.49106437817254034,"[""V176"", ""V255"", ""V191"", ""V160"", ""V215"", ""V380"", ""V342""]","{""n_estimators"": 277, ""max_depth"": null, ""min_samples_split"": 5, ""min_samples_leaf"": 2, ""criterion"": ""entropy"", ""class_weight"": null}"
561,2026-06-05T22:12:50.536940+00:00,extra,ranking_total,561,5400,6,999,0.5852400504682932,773,226,0.4956622915006192,"[""V176"", ""V255"", ""V191"", ""V160"", ""V215"", ""V380""]","{""n_estimators"": 188, ""max_depth"": 14, ""min_samples_split"": 8, ""min_samples_leaf"": 3, ""criterion"": ""gini"", ""class_weight"": null}"
562,2026-06-05T22:14:30.303551+00:00,extra,ranking_total,562,5440,7,999,0.5680549892436388,789,210,0.4981474343522107,"[""V176"", ""V255"", ""V191"", ""V160"", ""V215"", ""V380"", ""V342""]","{""n_estimators"": 363, ""max_depth"": 11, ""min_samples_split"": 2, ""min_samples_leaf"": 2, ""criterion"": ""gini"", ""class_weight"": ""balanced""}"
563,2026-06-05T22:15:05.853581+00:00,extra,ranking_total,563,5430,5,997,0.5978258717638595,761,236,0.49714726850836377,"[""V176"", ""V255"", ""V191"", ""V160"", ""V215""]","{""n_estimators"": 125, ""max_depth"": 13, ""min_samples_split"": 4, ""min_samples_leaf"": 1, ""criterion"": ""entropy"", ""class_weight"": ""balanced""}"
564,2026-06-05T22:15:28.745712+00:00,extra,ranking_total,564,5450,7,1000,0.5641545866805363,790,210,0.4987435698754661,"[""V176"", ""V255"", ""V191"", ""V160"", ""V215"", ""V380"", ""V342""]","{""n_estimators"": 80, ""max_depth"": 10, ""min_samples_split"": 5, ""min_samples_leaf"": 2, ""criterion"": ""entropy"", ""class_weight"": ""balanced""}"
565,2026-06-05T22:17:26.040942+00:00,extra,ranking_total,565,5495,7,1000,0.5326844982825161,793,207,0.4971145360426972,"[""V176"", ""V255"", ""V191"", ""V160"", ""V215"", ""V380"", ""V342""]","{""n_estimators"": 497, ""max_depth"": 6, ""min_samples_split"": 8, ""min_samples_leaf"": 2, ""criterion"": ""gini"", ""class_weight"": null}"
566,2026-06-05T22:18:41.812685+00:00,extra,ranking_total,566,5420,7,1000,0.5645154891417953,788,212,0.49645051654265626,"[""V176"", ""V255"", ""V191"", ""V160"", ""V215"", ""V380"", ""V342""]","{""n_estimators"": 310, ""max_depth"": 12, ""min_samples_split"": 2, ""min_samples_leaf"": 4, ""criterion"": ""entropy"", ""class_weight"": null}"
567,2026-06-05T22:19:16.063823+00:00,extra,ranking_total,567,5420,7,1000,0.5863555710814911,788,212,0.49497851936424997,"[""V176"", ""V255"", ""V191"", ""V160"", ""V215"", ""V380"", ""V342""]","{""n_estimators"": 134, ""max_depth"": 14, ""min_samples_split"": 2, ""min_samples_leaf"": 2, ""criterion"": ""entropy"", ""class_weight"": null}"
568,2026-06-05T22:20:53.124732+00:00,extra,ranking_total,568,5415,8,1000,0.5191567957832427,801,199,0.49751957264824215,"[""V176"", ""V255"", ""V191"", ""V160"", ""V215"", ""V380"", ""V342"", ""V483""]","{""n_estimators"": 422, ""max_depth"": 4, ""min_samples_split"": 5, ""min_samples_leaf"": 7, ""criterion"": ""entropy"", ""class_weight"": null}"
569,2026-06-05T22:22:01.302081+00:00,extra,ranking_total,569,5360,7,1000,0.5138830081698386,784,216,0.49751902553570543,"[""V176"", ""V255"", ""V191"", ""V160"", ""V215"", ""V380"", ""V342""]","{""n_estimators"": 302, ""max_depth"": 3, ""min_samples_split"": 8, ""min_samples_leaf"": 2, ""criterion"": ""gini"", ""class_weight"": null}"
570,2026-06-05T22:22:21.353627+00:00,extra,ranking_total,570,5530,6,1000,0.5551374247484192,782,218,0.4970949009605865,"[""V176"", ""V255"", ""V191"", ""V160"", ""V215"", ""V380""]","{""n_estimators"": 84, ""max_depth"": 11, ""min_samples_split"": 9, ""min_samples_leaf"": 8, ""criterion"": ""gini"", ""class_weight"": null}"
571,2026-06-05T22:22:56.242444+00:00,extra,ranking_total,571,5275,6,1000,0.5169075102390244,765,235,0.49980042796162333,"[""V176"", ""V255"", ""V191"", ""V160"", ""V215"", ""V380""]","{""n_estimators"": 135, ""max_depth"": 3, ""min_samples_split"": 6, ""min_samples_leaf"": 9, ""criterion"": ""gini"", ""class_weight"": ""balanced""}"
572,2026-06-05T22:24:24.846098+00:00,extra,ranking_total,572,5390,7,997,0.5217156564780734,785,212,0.4997897741311881,"[""V176"", ""V255"", ""V191"", ""V160"", ""V215"", ""V380"", ""V342""]","{""n_estimators"": 339, ""max_depth"": 4, ""min_samples_split"": 3, ""min_samples_leaf"": 7, ""criterion"": ""entropy"", ""class_weight"": ""balanced""}"
573,2026-06-05T22:25:04.309698+00:00,extra,ranking_total,573,5450,7,1000,0.5277477364078714,790,210,0.49734882157049426,"[""V176"", ""V255"", ""V191"", ""V160"", ""V215"", ""V380"", ""V342""]","{""n_estimators"": 171, ""max_depth"": 5, ""min_samples_split"": 7, ""min_samples_leaf"": 1, ""criterion"": ""entropy"", ""class_weight"": null}"
574,2026-06-05T22:25:26.014625+00:00,extra,ranking_total,574,5355,6,999,0.5895485943615195,770,229,0.4979521274860527,"[""V176"", ""V255"", ""V191"", ""V160"", ""V215"", ""V380""]","{""n_estimators"": 82, ""max_depth"": 13, ""min_samples_split"": 8, ""min_samples_leaf"": 2, ""criterion"": ""entropy"", ""class_weight"": ""balanced""}"
575,2026-06-05T22:26:17.110672+00:00,extra,ranking_total,575,5375,7,1000,0.5316470807833515,785,215,0.497444119250367,"[""V176"", ""V255"", ""V191"", ""V160"", ""V215"", ""V380"", ""V342""]","{""n_estimators"": 221, ""max_depth"": 6, ""min_samples_split"": 4, ""min_samples_leaf"": 7, ""criterion"": ""gini"", ""class_weight"": null}"
576,2026-06-05T22:28:05.676306+00:00,extra,ranking_total,576,5315,7,1000,0.5273826034274958,781,219,0.4973615652020703,"[""V176"", ""V255"", ""V191"", ""V160"", ""V215"", ""V380"", ""V342""]","{""n_estimators"": 459, ""max_depth"": 6, ""min_samples_split"": 9, ""min_samples_leaf"": 9, ""criterion"": ""gini"", ""class_weight"": null}"
577,2026-06-05T22:30:09.771019+00:00,extra,ranking_total,577,5380,6,997,0.5766974077178136,771,226,0.4983678800435318,"[""V176"", ""V255"", ""V191"", ""V160"", ""V215"", ""V380""]","{""n_estimators"": 453, ""max_depth"": 14, ""min_samples_split"": 8, ""min_samples_leaf"": 5, ""criterion"": ""entropy"", ""class_weight"": ""balanced""}"
578,2026-06-05T22:31:48.805481+00:00,extra,ranking_total,578,5490,7,998,0.5437863650737015,792,206,0.4994748743463366,"[""V176"", ""V255"", ""V191"", ""V160"", ""V215"", ""V380"", ""V342""]","{""n_estimators"": 373, ""max_depth"": 8, ""min_samples_split"": 3, ""min_samples_leaf"": 5, ""criterion"": ""entropy"", ""class_weight"": ""balanced""}"
579,2026-06-05T22:33:59.147459+00:00,extra,ranking_total,579,5420,7,1000,0.5731762234082699,788,212,0.49829234690454993,"[""V176"", ""V255"", ""V191"", ""V160"", ""V215"", ""V380"", ""V342""]","{""n_estimators"": 479, ""max_depth"": 14, ""min_samples_split"": 8, ""min_samples_leaf"": 4, ""criterion"": ""entropy"", ""class_weight"": ""balanced""}"
580,2026-06-05T22:35:55.786592+00:00,extra,ranking_total,580,5420,4,1000,0.554087418144072,748,252,0.49722430009420915,"[""V176"", ""V255"", ""V191"", ""V160""]","{""n_estimators"": 495, ""max_depth"": 7, ""min_samples_split"": 2, ""min_samples_leaf"": 3, ""criterion"": ""entropy"", ""class_weight"": null}"
581,2026-06-05T22:38:00.538800+00:00,extra,ranking_total,581,5445,7,998,0.5462484861251948,789,209,0.49939149662053917,"[""V176"", ""V255"", ""V191"", ""V160"", ""V215"", ""V380"", ""V342""]","{""n_estimators"": 466, ""max_depth"": 10, ""min_samples_split"": 4, ""min_samples_leaf"": 9, ""criterion"": ""entropy"", ""class_weight"": ""balanced""}"
582,2026-06-05T22:39:04.548477+00:00,extra,ranking_total,582,5470,6,1000,0.5895357067948198,778,222,0.49773720365748003,"[""V176"", ""V255"", ""V191"", ""V160"", ""V215"", ""V380""]","{""n_estimators"": 239, ""max_depth"": 13, ""min_samples_split"": 7, ""min_samples_leaf"": 2, ""criterion"": ""gini"", ""class_weight"": ""balanced""}"
583,2026-06-05T22:39:32.259908+00:00,extra,ranking_total,583,5275,6,1000,0.5308995259002705,765,235,0.49961112958217835,"[""V176"", ""V255"", ""V191"", ""V160"", ""V215"", ""V380""]","{""n_estimators"": 104, ""max_depth"": 5, ""min_samples_split"": 6, ""min_samples_leaf"": 5, ""criterion"": ""gini"", ""class_weight"": ""balanced""}"
584,2026-06-05T22:39:52.139179+00:00,extra,ranking_total,584,5425,6,1000,0.5679638561008558,775,225,0.49628523273081093,"[""V176"", ""V255"", ""V191"", ""V160"", ""V215"", ""V380""]","{""n_estimators"": 83, ""max_depth"": 10, ""min_samples_split"": 3, ""min_samples_leaf"": 1, ""criterion"": ""gini"", ""class_weight"": null}"
585,2026-06-05T22:41:41.565288+00:00,extra,ranking_total,585,5440,6,994,0.5680945393127981,774,220,0.4987852127103222,"[""V176"", ""V255"", ""V191"", ""V160"", ""V215"", ""V380""]","{""n_estimators"": 403, ""max_depth"": 11, ""min_samples_split"": 7, ""min_samples_leaf"": 4, ""criterion"": ""entropy"", ""class_weight"": ""balanced""}"
586,2026-06-05T22:44:01.343383+00:00,extra,ranking_total,586,5305,6,997,0.6289510735702273,766,231,0.4950099408816035,"[""V176"", ""V255"", ""V191"", ""V160"", ""V215"", ""V380""]","{""n_estimators"": 482, ""max_depth"": null, ""min_samples_split"": 8, ""min_samples_leaf"": 2, ""criterion"": ""gini"", ""class_weight"": ""balanced""}"
587,2026-06-05T22:46:02.375749+00:00,extra,ranking_total,587,5380,6,1000,0.5622534848148609,772,228,0.4991416868774474,"[""V176"", ""V255"", ""V191"", ""V160"", ""V215"", ""V380""]","{""n_estimators"": 451, ""max_depth"": 13, ""min_samples_split"": 3, ""min_samples_leaf"": 9, ""criterion"": ""entropy"", ""class_weight"": ""balanced""}"
588,2026-06-05T22:46:21.139225+00:00,extra,ranking_total,588,5510,7,1000,0.5864498521320324,794,206,0.4981000430660106,"[""V176"", ""V255"", ""V191"", ""V160"", ""V215"", ""V380"", ""V342""]","{""n_estimators"": 68, ""max_depth"": 13, ""min_samples_split"": 9, ""min_samples_leaf"": 1, ""criterion"": ""entropy"", ""class_weight"": ""balanced""}"
589,2026-06-05T22:47:34.486903+00:00,extra,ranking_total,589,5390,7,1000,0.5740807044743832,786,214,0.49584655150788004,"[""V176"", ""V255"", ""V191"", ""V160"", ""V215"", ""V380"", ""V342""]","{""n_estimators"": 297, ""max_depth"": 13, ""min_samples_split"": 8, ""min_samples_leaf"": 3, ""criterion"": ""entropy"", ""class_weight"": null}"
590,2026-06-05T22:48:45.606968+00:00,extra,ranking_total,590,5375,7,1000,0.5157666185066568,785,215,0.49986512856658993,"[""V176"", ""V255"", ""V191"", ""V160"", ""V215"", ""V380"", ""V342""]","{""n_estimators"": 274, ""max_depth"": 3, ""min_samples_split"": 7, ""min_samples_leaf"": 8, ""criterion"": ""entropy"", ""class_weight"": ""balanced""}"
591,2026-06-05T22:50:00.626643+00:00,extra,ranking_total,591,5425,6,1000,0.6425637156270962,775,225,0.49406246898055006,"[""V176"", ""V255"", ""V191"", ""V160"", ""V215"", ""V380""]","{""n_estimators"": 284, ""max_depth"": null, ""min_samples_split"": 9, ""min_samples_leaf"": 1, ""criterion"": ""gini"", ""class_weight"": null}"
592,2026-06-05T22:51:09.825149+00:00,extra,ranking_total,592,5345,7,997,0.5503180792410308,782,215,0.49916456554333183,"[""V176"", ""V255"", ""V191"", ""V160"", ""V215"", ""V380"", ""V342""]","{""n_estimators"": 269, ""max_depth"": 10, ""min_samples_split"": 4, ""min_samples_leaf"": 6, ""criterion"": ""entropy"", ""class_weight"": ""balanced""}"
593,2026-06-05T22:52:44.686459+00:00,extra,ranking_total,593,5405,7,1000,0.5159141610654785,787,213,0.4998304290094601,"[""V176"", ""V255"", ""V191"", ""V160"", ""V215"", ""V380"", ""V342""]","{""n_estimators"": 376, ""max_depth"": 3, ""min_samples_split"": 4, ""min_samples_leaf"": 6, ""criterion"": ""entropy"", ""class_weight"": ""balanced""}"
594,2026-06-05T22:53:10.517610+00:00,extra,ranking_total,594,5500,7,999,0.5356449205316375,793,206,0.4970780027790794,"[""V176"", ""V255"", ""V191"", ""V160"", ""V215"", ""V380"", ""V342""]","{""n_estimators"": 110, ""max_depth"": 7, ""min_samples_split"": 6, ""min_samples_leaf"": 8, ""criterion"": ""entropy"", ""class_weight"": null}"
595,2026-06-05T22:53:40.747277+00:00,extra,ranking_total,595,5305,7,999,0.5217841785011508,780,219,0.49973338558270824,"[""V176"", ""V255"", ""V191"", ""V160"", ""V215"", ""V380"", ""V342""]","{""n_estimators"": 115, ""max_depth"": 4, ""min_samples_split"": 9, ""min_samples_leaf"": 5, ""criterion"": ""entropy"", ""class_weight"": ""balanced""}"
596,2026-06-05T22:55:23.277308+00:00,extra,ranking_total,596,5485,6,1000,0.5406984954525706,779,221,0.4971988348649813,"[""V176"", ""V255"", ""V191"", ""V160"", ""V215"", ""V380""]","{""n_estimators"": 445, ""max_depth"": 7, ""min_samples_split"": 3, ""min_samples_leaf"": 4, ""criterion"": ""entropy"", ""class_weight"": null}"
597,2026-06-05T22:56:15.989882+00:00,extra,ranking_total,597,5375,7,1000,0.5459242690829011,785,215,0.4990282899130409,"[""V176"", ""V255"", ""V191"", ""V160"", ""V215"", ""V380"", ""V342""]","{""n_estimators"": 205, ""max_depth"": 8, ""min_samples_split"": 7, ""min_samples_leaf"": 4, ""criterion"": ""gini"", ""class_weight"": ""balanced""}"
598,2026-06-05T22:57:03.181321+00:00,extra,ranking_total,598,5450,7,1000,0.5130223729435138,790,210,0.4974529873604428,"[""V176"", ""V255"", ""V191"", ""V160"", ""V215"", ""V380"", ""V342""]","{""n_estimators"": 210, ""max_depth"": 3, ""min_samples_split"": 3, ""min_samples_leaf"": 7, ""criterion"": ""gini"", ""class_weight"": null}"
599,2026-06-05T22:58:25.789343+00:00,extra,ranking_total,599,5330,7,1000,0.5166052249034577,782,218,0.4998402754795934,"[""V176"", ""V255"", ""V191"", ""V160"", ""V215"", ""V380"", ""V342""]","{""n_estimators"": 321, ""max_depth"": 3, ""min_samples_split"": 9, ""min_samples_leaf"": 4, ""criterion"": ""entropy"", ""class_weight"": ""balanced""}"
600,2026-06-05T22:59:37.905390+00:00,extra,ranking_total,600,5515,7,999,0.5833099516940177,794,205,0.49470380166110134,"[""V176"", ""V255"", ""V191"", ""V160"", ""V215"", ""V380"", ""V342""]","{""n_estimators"": 291, ""max_depth"": 13, ""min_samples_split"": 5, ""min_samples_leaf"": 1, ""criterion"": ""gini"", ""class_weight"": null}"
601,2026-06-05T23:00:35.193777+00:00,extra,ranking_total,601,5520,7,998,0.531516047764533,794,204,0.49734028965805854,"[""V176"", ""V255"", ""V191"", ""V160"", ""V215"", ""V380"", ""V342""]","{""n_estimators"": 246, ""max_depth"": 6, ""min_samples_split"": 5, ""min_samples_leaf"": 4, ""criterion"": ""entropy"", ""class_weight"": null}"
602,2026-06-05T23:01:32.515606+00:00,extra,ranking_total,602,5365,6,1000,0.5329370375395086,771,229,0.4996987258017643,"[""V176"", ""V255"", ""V191"", ""V160"", ""V215"", ""V380""]","{""n_estimators"": 219, ""max_depth"": 5, ""min_samples_split"": 8, ""min_samples_leaf"": 1, ""criterion"": ""gini"", ""class_weight"": ""balanced""}"
603,2026-06-05T23:02:15.642057+00:00,extra,ranking_total,603,5430,6,999,0.5494829906654868,775,224,0.496927019841832,"[""V176"", ""V255"", ""V191"", ""V160"", ""V215"", ""V380""]","{""n_estimators"": 186, ""max_depth"": 8, ""min_samples_split"": 2, ""min_samples_leaf"": 3, ""criterion"": ""gini"", ""class_weight"": null}"
604,2026-06-05T23:03:03.394428+00:00,extra,ranking_total,604,5435,7,1000,0.5196620659480292,789,211,0.4975622728928596,"[""V176"", ""V255"", ""V191"", ""V160"", ""V215"", ""V380"", ""V342""]","{""n_estimators"": 209, ""max_depth"": 4, ""min_samples_split"": 5, ""min_samples_leaf"": 9, ""criterion"": ""entropy"", ""class_weight"": null}"
605,2026-06-05T23:03:54.477900+00:00,extra,ranking_total,605,5380,6,1000,0.5158211769286036,772,228,0.49757456366918495,"[""V176"", ""V255"", ""V191"", ""V160"", ""V215"", ""V380""]","{""n_estimators"": 222, ""max_depth"": 3, ""min_samples_split"": 2, ""min_samples_leaf"": 8, ""criterion"": ""gini"", ""class_weight"": null}"
606,2026-06-05T23:04:37.206236+00:00,extra,ranking_total,606,5455,6,1000,0.5217428009557609,777,223,0.49745920653050807,"[""V176"", ""V255"", ""V191"", ""V160"", ""V215"", ""V380""]","{""n_estimators"": 188, ""max_depth"": 4, ""min_samples_split"": 5, ""min_samples_leaf"": 5, ""criterion"": ""entropy"", ""class_weight"": null}"
607,2026-06-05T23:05:20.706817+00:00,extra,ranking_total,607,5365,7,999,0.550335401242818,784,215,0.49676966771387887,"[""V176"", ""V255"", ""V191"", ""V160"", ""V215"", ""V380"", ""V342""]","{""n_estimators"": 183, ""max_depth"": 13, ""min_samples_split"": 8, ""min_samples_leaf"": 9, ""criterion"": ""gini"", ""class_weight"": null}"
608,2026-06-05T23:07:08.882722+00:00,extra,ranking_total,608,5420,7,1000,0.5560751140386933,788,212,0.4991267962359966,"[""V176"", ""V255"", ""V191"", ""V160"", ""V215"", ""V380"", ""V342""]","{""n_estimators"": 408, ""max_depth"": 13, ""min_samples_split"": 9, ""min_samples_leaf"": 9, ""criterion"": ""gini"", ""class_weight"": ""balanced""}"
609,2026-06-05T23:07:52.844930+00:00,extra,ranking_total,609,5390,4,1000,0.5268693091856148,746,254,0.49744219848635896,"[""V176"", ""V255"", ""V191"", ""V160""]","{""n_estimators"": 191, ""max_depth"": 4, ""min_samples_split"": 7, ""min_samples_leaf"": 9, ""criterion"": ""gini"", ""class_weight"": null}"
610,2026-06-05T23:08:07.127144+00:00,extra,ranking_total,610,5440,6,1000,0.561235328669191,776,224,0.49904792834470046,"[""V176"", ""V255"", ""V191"", ""V160"", ""V215"", ""V380""]","{""n_estimators"": 52, ""max_depth"": 12, ""min_samples_split"": 7, ""min_samples_leaf"": 9, ""criterion"": ""entropy"", ""class_weight"": ""balanced""}"
611,2026-06-05T23:08:37.203927+00:00,extra,ranking_total,611,5460,6,999,0.5416282133742232,777,222,0.49708477274123214,"[""V176"", ""V255"", ""V191"", ""V160"", ""V215"", ""V380""]","{""n_estimators"": 134, ""max_depth"": 9, ""min_samples_split"": 5, ""min_samples_leaf"": 8, ""criterion"": ""entropy"", ""class_weight"": null}"
612,2026-06-05T23:08:54.582942+00:00,extra,ranking_total,612,5435,4,997,0.5815055538125081,748,249,0.4993870827913632,"[""V176"", ""V255"", ""V191"", ""V160""]","{""n_estimators"": 64, ""max_depth"": 10, ""min_samples_split"": 5, ""min_samples_leaf"": 3, ""criterion"": ""entropy"", ""class_weight"": ""balanced""}"
613,2026-06-05T23:09:43.160918+00:00,extra,ranking_total,613,5510,7,1000,0.5275380697770787,794,206,0.4996551475499692,"[""V176"", ""V255"", ""V191"", ""V160"", ""V215"", ""V380"", ""V342""]","{""n_estimators"": 183, ""max_depth"": 5, ""min_samples_split"": 3, ""min_samples_leaf"": 3, ""criterion"": ""gini"", ""class_weight"": ""balanced""}"
614,2026-06-05T23:11:29.140851+00:00,extra,ranking_total,614,5360,7,1000,0.5308622252816356,784,216,0.49968759440526317,"[""V176"", ""V255"", ""V191"", ""V160"", ""V215"", ""V380"", ""V342""]","{""n_estimators"": 404, ""max_depth"": 6, ""min_samples_split"": 8, ""min_samples_leaf"": 9, ""criterion"": ""gini"", ""class_weight"": ""balanced""}"
615,2026-06-05T23:12:10.317337+00:00,extra,ranking_total,615,5465,7,1000,0.5312256180373334,791,209,0.4997283929870788,"[""V176"", ""V255"", ""V191"", ""V160"", ""V215"", ""V380"", ""V342""]","{""n_estimators"": 159, ""max_depth"": 6, ""min_samples_split"": 5, ""min_samples_leaf"": 6, ""criterion"": ""gini"", ""class_weight"": ""balanced""}"
616,2026-06-05T23:13:10.126066+00:00,extra,ranking_total,616,5340,5,1000,0.5343744956467251,756,244,0.4997441433257326,"[""V176"", ""V255"", ""V191"", ""V160"", ""V215""]","{""n_estimators"": 228, ""max_depth"": 5, ""min_samples_split"": 6, ""min_samples_leaf"": 4, ""criterion"": ""entropy"", ""class_weight"": ""balanced""}"
617,2026-06-05T23:13:39.837411+00:00,extra,ranking_total,617,5260,3,1000,0.5467348791495198,724,276,0.49925946426872814,"[""V176"", ""V255"", ""V191""]","{""n_estimators"": 108, ""max_depth"": null, ""min_samples_split"": 5, ""min_samples_leaf"": 4, ""criterion"": ""entropy"", ""class_weight"": ""balanced""}"
618,2026-06-05T23:14:34.471806+00:00,extra,ranking_total,618,5480,7,1000,0.5785197610958196,792,208,0.49549398552382046,"[""V176"", ""V255"", ""V191"", ""V160"", ""V215"", ""V380"", ""V342""]","{""n_estimators"": 224, ""max_depth"": 13, ""min_samples_split"": 6, ""min_samples_leaf"": 2, ""criterion"": ""entropy"", ""class_weight"": null}"
619,2026-06-05T23:14:53.799423+00:00,extra,ranking_total,619,5340,5,1000,0.5550802698657852,756,244,0.49709213598616586,"[""V176"", ""V255"", ""V191"", ""V160"", ""V215""]","{""n_estimators"": 81, ""max_depth"": 9, ""min_samples_split"": 6, ""min_samples_leaf"": 9, ""criterion"": ""gini"", ""class_weight"": null}"
620,2026-06-05T23:16:14.827278+00:00,extra,ranking_total,620,5435,7,1000,0.5512423747865766,789,211,0.4993072094403944,"[""V176"", ""V255"", ""V191"", ""V160"", ""V215"", ""V380"", ""V342""]","{""n_estimators"": 302, ""max_depth"": 10, ""min_samples_split"": 8, ""min_samples_leaf"": 6, ""criterion"": ""gini"", ""class_weight"": ""balanced""}"
621,2026-06-05T23:17:03.015594+00:00,extra,ranking_total,621,5435,7,997,0.5272138542972596,788,209,0.4973344180246186,"[""V176"", ""V255"", ""V191"", ""V160"", ""V215"", ""V380"", ""V342""]","{""n_estimators"": 213, ""max_depth"": 5, ""min_samples_split"": 5, ""min_samples_leaf"": 1, ""criterion"": ""entropy"", ""class_weight"": null}"
622,2026-06-05T23:18:54.762708+00:00,extra,ranking_total,622,5405,7,1000,0.5330782822278793,787,213,0.49717192395574367,"[""V176"", ""V255"", ""V191"", ""V160"", ""V215"", ""V380"", ""V342""]","{""n_estimators"": 469, ""max_depth"": 7, ""min_samples_split"": 8, ""min_samples_leaf"": 8, ""criterion"": ""entropy"", ""class_weight"": null}"
623,2026-06-05T23:19:49.397967+00:00,extra,ranking_total,623,5385,8,1000,0.5287724935119799,799,201,0.49732509867245933,"[""V176"", ""V255"", ""V191"", ""V160"", ""V215"", ""V380"", ""V342"", ""V483""]","{""n_estimators"": 233, ""max_depth"": 6, ""min_samples_split"": 3, ""min_samples_leaf"": 6, ""criterion"": ""gini"", ""class_weight"": null}"
624,2026-06-05T23:20:11.021342+00:00,extra,ranking_total,624,5465,7,1000,0.6189735074575559,791,209,0.4940116218462743,"[""V176"", ""V255"", ""V191"", ""V160"", ""V215"", ""V380"", ""V342""]","{""n_estimators"": 72, ""max_depth"": null, ""min_samples_split"": 8, ""min_samples_leaf"": 2, ""criterion"": ""entropy"", ""class_weight"": ""balanced""}"
625,2026-06-05T23:22:20.897358+00:00,extra,ranking_total,625,5405,4,1000,0.5375218105762001,747,253,0.49976781088957295,"[""V176"", ""V255"", ""V191"", ""V160""]","{""n_estimators"": 494, ""max_depth"": 5, ""min_samples_split"": 3, ""min_samples_leaf"": 9, ""criterion"": ""gini"", ""class_weight"": ""balanced""}"
626,2026-06-05T23:23:56.422071+00:00,extra,ranking_total,626,5530,6,1000,0.553718517170897,782,218,0.49910944172398974,"[""V176"", ""V255"", ""V191"", ""V160"", ""V215"", ""V380""]","{""n_estimators"": 357, ""max_depth"": 8, ""min_samples_split"": 6, ""min_samples_leaf"": 2, ""criterion"": ""entropy"", ""class_weight"": ""balanced""}"
627,2026-06-05T23:24:56.770754+00:00,extra,ranking_total,627,5380,6,1000,0.5398757648191148,772,228,0.49943494583216363,"[""V176"", ""V255"", ""V191"", ""V160"", ""V215"", ""V380""]","{""n_estimators"": 234, ""max_depth"": 7, ""min_samples_split"": 3, ""min_samples_leaf"": 6, ""criterion"": ""gini"", ""class_weight"": ""balanced""}"
628,2026-06-05T23:26:58.023582+00:00,extra,ranking_total,628,5380,6,1000,0.5365713542058186,772,228,0.49963165752921324,"[""V176"", ""V255"", ""V191"", ""V160"", ""V215"", ""V380""]","{""n_estimators"": 454, ""max_depth"": 6, ""min_samples_split"": 8, ""min_samples_leaf"": 7, ""criterion"": ""gini"", ""class_weight"": ""balanced""}"
629,2026-06-05T23:28:13.845451+00:00,extra,ranking_total,629,5425,7,999,0.5412530833992998,788,211,0.49928186184445356,"[""V176"", ""V255"", ""V191"", ""V160"", ""V215"", ""V380"", ""V342""]","{""n_estimators"": 285, ""max_depth"": 8, ""min_samples_split"": 2, ""min_samples_leaf"": 7, ""criterion"": ""gini"", ""class_weight"": ""balanced""}"
630,2026-06-05T23:29:51.569206+00:00,extra,ranking_total,630,5395,6,1000,0.5675083709380158,773,227,0.49648789990625763,"[""V176"", ""V255"", ""V191"", ""V160"", ""V215"", ""V380""]","{""n_estimators"": 391, ""max_depth"": null, ""min_samples_split"": 6, ""min_samples_leaf"": 8, ""criterion"": ""entropy"", ""class_weight"": null}"
631,2026-06-05T23:30:28.188275+00:00,extra,ranking_total,631,5440,6,1000,0.5628339091434372,776,224,0.49899886541375,"[""V176"", ""V255"", ""V191"", ""V160"", ""V215"", ""V380""]","{""n_estimators"": 138, ""max_depth"": 9, ""min_samples_split"": 6, ""min_samples_leaf"": 1, ""criterion"": ""gini"", ""class_weight"": ""balanced""}"
632,2026-06-05T23:30:47.383696+00:00,extra,ranking_total,632,5475,5,1000,0.6011155264696588,765,235,0.4956619461183687,"[""V176"", ""V255"", ""V191"", ""V160"", ""V215""]","{""n_estimators"": 75, ""max_depth"": 14, ""min_samples_split"": 6, ""min_samples_leaf"": 2, ""criterion"": ""entropy"", ""class_weight"": null}"
633,2026-06-05T23:32:36.966216+00:00,extra,ranking_total,633,5495,7,1000,0.5421060454695017,793,207,0.4994113620877733,"[""V176"", ""V255"", ""V191"", ""V160"", ""V215"", ""V380"", ""V342""]","{""n_estimators"": 412, ""max_depth"": 7, ""min_samples_split"": 8, ""min_samples_leaf"": 1, ""criterion"": ""gini"", ""class_weight"": ""balanced""}"
634,2026-06-05T23:34:42.592996+00:00,extra,ranking_total,634,5310,6,999,0.6270044190818886,767,232,0.49408736022816,"[""V176"", ""V255"", ""V191"", ""V160"", ""V215"", ""V380""]","{""n_estimators"": 426, ""max_depth"": null, ""min_samples_split"": 6, ""min_samples_leaf"": 2, ""criterion"": ""entropy"", ""class_weight"": ""balanced""}"
635,2026-06-05T23:36:13.208294+00:00,extra,ranking_total,635,5390,4,1000,0.5347683218303286,746,254,0.499844422967838,"[""V176"", ""V255"", ""V191"", ""V160""]","{""n_estimators"": 338, ""max_depth"": 4, ""min_samples_split"": 7, ""min_samples_leaf"": 3, ""criterion"": ""gini"", ""class_weight"": ""balanced""}"
636,2026-06-05T23:36:45.508551+00:00,extra,ranking_total,636,5420,7,1000,0.5350322301096699,788,212,0.4972873953647785,"[""V176"", ""V255"", ""V191"", ""V160"", ""V215"", ""V380"", ""V342""]","{""n_estimators"": 138, ""max_depth"": 7, ""min_samples_split"": 4, ""min_samples_leaf"": 5, ""criterion"": ""entropy"", ""class_weight"": null}"
637,2026-06-05T23:37:48.214342+00:00,extra,ranking_total,637,5450,7,1000,0.5275551510938257,790,210,0.4997112523187818,"[""V176"", ""V255"", ""V191"", ""V160"", ""V215"", ""V380"", ""V342""]","{""n_estimators"": 238, ""max_depth"": 5, ""min_samples_split"": 2, ""min_samples_leaf"": 5, ""criterion"": ""gini"", ""class_weight"": ""balanced""}"
638,2026-06-05T23:39:07.965689+00:00,extra,ranking_total,638,5495,7,1000,0.5457709944224248,793,207,0.4971353642849025,"[""V176"", ""V255"", ""V191"", ""V160"", ""V215"", ""V380"", ""V342""]","{""n_estimators"": 330, ""max_depth"": 9, ""min_samples_split"": 8, ""min_samples_leaf"": 6, ""criterion"": ""gini"", ""class_weight"": null}"
639,2026-06-05T23:40:53.119080+00:00,extra,ranking_total,639,5420,7,1000,0.5515250884033075,788,212,0.49689994318378056,"[""V176"", ""V255"", ""V191"", ""V160"", ""V215"", ""V380"", ""V342""]","{""n_estimators"": 446, ""max_depth"": 12, ""min_samples_split"": 6, ""min_samples_leaf"": 8, ""criterion"": ""gini"", ""class_weight"": null}"
640,2026-06-05T23:42:07.670677+00:00,extra,ranking_total,640,5500,6,1000,0.5888176970234767,780,220,0.4979008290886967,"[""V176"", ""V255"", ""V191"", ""V160"", ""V215"", ""V380""]","{""n_estimators"": 270, ""max_depth"": 13, ""min_samples_split"": 8, ""min_samples_leaf"": 2, ""criterion"": ""entropy"", ""class_weight"": ""balanced""}"
641,2026-06-05T23:42:53.237458+00:00,extra,ranking_total,641,5395,6,1000,0.597487404603511,773,227,0.4969894551633559,"[""V176"", ""V255"", ""V191"", ""V160"", ""V215"", ""V380""]","{""n_estimators"": 163, ""max_depth"": null, ""min_samples_split"": 6, ""min_samples_leaf"": 4, ""criterion"": ""entropy"", ""class_weight"": ""balanced""}"
642,2026-06-05T23:43:48.891094+00:00,extra,ranking_total,642,5330,5,999,0.5469302469117884,755,244,0.4996537168883413,"[""V176"", ""V255"", ""V191"", ""V160"", ""V215""]","{""n_estimators"": 209, ""max_depth"": 8, ""min_samples_split"": 5, ""min_samples_leaf"": 9, ""criterion"": ""gini"", ""class_weight"": ""balanced""}"
643,2026-06-05T23:45:20.573721+00:00,extra,ranking_total,643,5450,7,1000,0.5631533357192597,790,210,0.4965902340324751,"[""V176"", ""V255"", ""V191"", ""V160"", ""V215"", ""V380"", ""V342""]","{""n_estimators"": 377, ""max_depth"": 12, ""min_samples_split"": 8, ""min_samples_leaf"": 4, ""criterion"": ""entropy"", ""class_weight"": null}"
644,2026-06-05T23:45:43.608406+00:00,extra,ranking_total,644,5490,6,999,0.5651510187418012,779,220,0.4965513885926277,"[""V176"", ""V255"", ""V191"", ""V160"", ""V215"", ""V380""]","{""n_estimators"": 94, ""max_depth"": 10, ""min_samples_split"": 8, ""min_samples_leaf"": 3, ""criterion"": ""entropy"", ""class_weight"": null}"
645,2026-06-05T23:46:42.134530+00:00,extra,ranking_total,645,5420,7,1000,0.5457283026325755,788,212,0.4972387781014655,"[""V176"", ""V255"", ""V191"", ""V160"", ""V215"", ""V380"", ""V342""]","{""n_estimators"": 255, ""max_depth"": 9, ""min_samples_split"": 7, ""min_samples_leaf"": 6, ""criterion"": ""entropy"", ""class_weight"": null}"
646,2026-06-05T23:47:06.101670+00:00,extra,ranking_total,646,5225,5,999,0.534849006994341,748,251,0.4974479086944002,"[""V176"", ""V255"", ""V191"", ""V160"", ""V215""]","{""n_estimators"": 103, ""max_depth"": 5, ""min_samples_split"": 3, ""min_samples_leaf"": 1, ""criterion"": ""gini"", ""class_weight"": null}"
647,2026-06-05T23:48:49.976858+00:00,extra,ranking_total,647,5420,6,995,0.5748750556211772,773,222,0.49852044750950697,"[""V176"", ""V255"", ""V191"", ""V160"", ""V215"", ""V380""]","{""n_estimators"": 389, ""max_depth"": 11, ""min_samples_split"": 3, ""min_samples_leaf"": 2, ""criterion"": ""entropy"", ""class_weight"": ""balanced""}"
648,2026-06-05T23:50:41.277699+00:00,extra,ranking_total,648,5425,7,996,0.555874959637055,787,209,0.49912178822651065,"[""V176"", ""V255"", ""V191"", ""V160"", ""V215"", ""V380"", ""V342""]","{""n_estimators"": 413, ""max_depth"": 12, ""min_samples_split"": 6, ""min_samples_leaf"": 8, ""criterion"": ""entropy"", ""class_weight"": ""balanced""}"
649,2026-06-05T23:51:41.866882+00:00,extra,ranking_total,649,5415,6,999,0.5649508018070162,774,225,0.4967056969351292,"[""V176"", ""V255"", ""V191"", ""V160"", ""V215"", ""V380""]","{""n_estimators"": 264, ""max_depth"": 12, ""min_samples_split"": 3, ""min_samples_leaf"": 5, ""criterion"": ""gini"", ""class_weight"": null}"
650,2026-06-05T23:53:03.106699+00:00,extra,ranking_total,650,5500,6,1000,0.5368878157360327,780,220,0.49720470012293333,"[""V176"", ""V255"", ""V191"", ""V160"", ""V215"", ""V380""]","{""n_estimators"": 352, ""max_depth"": 7, ""min_samples_split"": 2, ""min_samples_leaf"": 9, ""criterion"": ""gini"", ""class_weight"": null}"
651,2026-06-05T23:53:35.743030+00:00,extra,ranking_total,651,5525,7,1000,0.5392057186866474,795,205,0.4972505666395291,"[""V176"", ""V255"", ""V191"", ""V160"", ""V215"", ""V380"", ""V342""]","{""n_estimators"": 142, ""max_depth"": 7, ""min_samples_split"": 8, ""min_samples_leaf"": 2, ""criterion"": ""gini"", ""class_weight"": null}"
652,2026-06-05T23:54:49.852645+00:00,extra,ranking_total,652,5390,7,1000,0.5567316683324782,786,214,0.4989418603258586,"[""V176"", ""V255"", ""V191"", ""V160"", ""V215"", ""V380"", ""V342""]","{""n_estimators"": 273, ""max_depth"": null, ""min_samples_split"": 5, ""min_samples_leaf"": 9, ""criterion"": ""gini"", ""class_weight"": ""balanced""}"
653,2026-06-05T23:56:15.370765+00:00,extra,ranking_total,653,5360,7,1000,0.5193787917793669,784,216,0.49742675655955826,"[""V176"", ""V255"", ""V191"", ""V160"", ""V215"", ""V380"", ""V342""]","{""n_estimators"": 369, ""max_depth"": 4, ""min_samples_split"": 2, ""min_samples_leaf"": 8, ""criterion"": ""entropy"", ""class_weight"": null}"
654,2026-06-05T23:57:13.660602+00:00,extra,ranking_total,654,5505,6,999,0.5814744726046618,780,219,0.497973528730366,"[""V176"", ""V255"", ""V191"", ""V160"", ""V215"", ""V380""]","{""n_estimators"": 212, ""max_depth"": 13, ""min_samples_split"": 8, ""min_samples_leaf"": 3, ""criterion"": ""entropy"", ""class_weight"": ""balanced""}"
655,2026-06-05T23:59:13.633267+00:00,extra,ranking_total,655,5500,6,1000,0.5818376707751207,780,220,0.496119407159346,"[""V176"", ""V255"", ""V191"", ""V160"", ""V215"", ""V380""]","{""n_estimators"": 490, ""max_depth"": 12, ""min_samples_split"": 9, ""min_samples_leaf"": 1, ""criterion"": ""entropy"", ""class_weight"": null}"
656,2026-06-06T00:01:18.487779+00:00,extra,ranking_total,656,5390,7,1000,0.6138331087631331,786,214,0.49291048693406236,"[""V176"", ""V255"", ""V191"", ""V160"", ""V215"", ""V380"", ""V342""]","{""n_estimators"": 473, ""max_depth"": null, ""min_samples_split"": 9, ""min_samples_leaf"": 2, ""criterion"": ""gini"", ""class_weight"": null}"
657,2026-06-06T00:02:16.690172+00:00,extra,ranking_total,657,5465,6,998,0.5855023084319116,777,221,0.49794307284530676,"[""V176"", ""V255"", ""V191"", ""V160"", ""V215"", ""V380""]","{""n_estimators"": 221, ""max_depth"": 12, ""min_samples_split"": 7, ""min_samples_leaf"": 1, ""criterion"": ""entropy"", ""class_weight"": ""balanced""}"
658,2026-06-06T00:03:41.433872+00:00,extra,ranking_total,658,5500,6,1000,0.568027986774555,780,220,0.4963887109661282,"[""V176"", ""V255"", ""V191"", ""V160"", ""V215"", ""V380""]","{""n_estimators"": 348, ""max_depth"": 11, ""min_samples_split"": 4, ""min_samples_leaf"": 3, ""criterion"": ""entropy"", ""class_weight"": null}"
659,2026-06-06T00:05:39.338914+00:00,extra,ranking_total,659,5420,7,1000,0.5233580773291651,788,212,0.4997777876107651,"[""V176"", ""V255"", ""V191"", ""V160"", ""V215"", ""V380"", ""V342""]","{""n_estimators"": 446, ""max_depth"": 4, ""min_samples_split"": 3, ""min_samples_leaf"": 2, ""criterion"": ""entropy"", ""class_weight"": ""balanced""}"
660,2026-06-06T00:07:04.900417+00:00,extra,ranking_total,660,5465,7,1000,0.5816693283355114,791,209,0.49571724823410634,"[""V176"", ""V255"", ""V191"", ""V160"", ""V215"", ""V380"", ""V342""]","{""n_estimators"": 345, ""max_depth"": 13, ""min_samples_split"": 8, ""min_samples_leaf"": 1, ""criterion"": ""entropy"", ""class_weight"": null}"
661,2026-06-06T00:08:24.625657+00:00,extra,ranking_total,661,5470,6,1000,0.5624292944221637,778,222,0.4967203420797069,"[""V176"", ""V255"", ""V191"", ""V160"", ""V215"", ""V380""]","{""n_estimators"": 327, ""max_depth"": null, ""min_samples_split"": 7, ""min_samples_leaf"": 9, ""criterion"": ""entropy"", ""class_weight"": null}"
662,2026-06-06T00:09:40.080228+00:00,extra,ranking_total,662,5405,7,1000,0.5186182666870041,787,213,0.4975089134731328,"[""V176"", ""V255"", ""V191"", ""V160"", ""V215"", ""V380"", ""V342""]","{""n_estimators"": 323, ""max_depth"": 4, ""min_samples_split"": 2, ""min_samples_leaf"": 5, ""criterion"": ""entropy"", ""class_weight"": null}"
663,2026-06-06T00:11:19.999105+00:00,extra,ranking_total,663,5345,6,998,0.5620965859082746,769,229,0.49904224107878037,"[""V176"", ""V255"", ""V191"", ""V160"", ""V215"", ""V380""]","{""n_estimators"": 369, ""max_depth"": 12, ""min_samples_split"": 4, ""min_samples_leaf"": 7, ""criterion"": ""gini"", ""class_weight"": ""balanced""}"
664,2026-06-06T00:11:58.337945+00:00,extra,ranking_total,664,5395,6,1000,0.5671445867833802,773,227,0.49630393591972954,"[""V176"", ""V255"", ""V191"", ""V160"", ""V215"", ""V380""]","{""n_estimators"": 160, ""max_depth"": 13, ""min_samples_split"": 7, ""min_samples_leaf"": 5, ""criterion"": ""gini"", ""class_weight"": null}"
665,2026-06-06T00:14:05.126253+00:00,extra,ranking_total,665,5390,6,998,0.5783478007888513,772,226,0.4984983488138322,"[""V176"", ""V255"", ""V191"", ""V160"", ""V215"", ""V380""]","{""n_estimators"": 475, ""max_depth"": 14, ""min_samples_split"": 8, ""min_samples_leaf"": 5, ""criterion"": ""entropy"", ""class_weight"": ""balanced""}"
666,2026-06-06T00:15:12.802100+00:00,extra,ranking_total,666,5420,7,1000,0.5556105854443361,788,212,0.49687556874847494,"[""V176"", ""V255"", ""V191"", ""V160"", ""V215"", ""V380"", ""V342""]","{""n_estimators"": 283, ""max_depth"": 10, ""min_samples_split"": 8, ""min_samples_leaf"": 4, ""criterion"": ""gini"", ""class_weight"": null}"
667,2026-06-06T00:16:20.306996+00:00,extra,ranking_total,667,5465,7,1000,0.5437883242123084,791,209,0.4971401335161795,"[""V176"", ""V255"", ""V191"", ""V160"", ""V215"", ""V380"", ""V342""]","{""n_estimators"": 286, ""max_depth"": 9, ""min_samples_split"": 4, ""min_samples_leaf"": 7, ""criterion"": ""entropy"", ""class_weight"": null}"
668,2026-06-06T00:17:20.636651+00:00,extra,ranking_total,668,5390,7,1000,0.5130861758592363,786,214,0.49752366563035083,"[""V176"", ""V255"", ""V191"", ""V160"", ""V215"", ""V380"", ""V342""]","{""n_estimators"": 263, ""max_depth"": 3, ""min_samples_split"": 9, ""min_samples_leaf"": 5, ""criterion"": ""entropy"", ""class_weight"": null}"
669,2026-06-06T00:18:58.546535+00:00,extra,ranking_total,669,5420,7,1000,0.5507346841861862,788,212,0.49919969150515353,"[""V176"", ""V255"", ""V191"", ""V160"", ""V215"", ""V380"", ""V342""]","{""n_estimators"": 373, ""max_depth"": 9, ""min_samples_split"": 5, ""min_samples_leaf"": 4, ""criterion"": ""gini"", ""class_weight"": ""balanced""}"
670,2026-06-06T00:21:06.300047+00:00,extra,ranking_total,670,5510,7,1000,0.5352129019762477,794,206,0.49947959866246344,"[""V176"", ""V255"", ""V191"", ""V160"", ""V215"", ""V380"", ""V342""]","{""n_estimators"": 493, ""max_depth"": 6, ""min_samples_split"": 3, ""min_samples_leaf"": 1, ""criterion"": ""entropy"", ""class_weight"": ""balanced""}"
671,2026-06-06T00:22:54.449678+00:00,extra,ranking_total,671,5470,7,999,0.5502825151884116,791,208,0.4991784001895396,"[""V176"", ""V255"", ""V191"", ""V160"", ""V215"", ""V380"", ""V342""]","{""n_estimators"": 400, ""max_depth"": 11, ""min_samples_split"": 4, ""min_samples_leaf"": 7, ""criterion"": ""entropy"", ""class_weight"": ""balanced""}"
672,2026-06-06T00:23:49.882834+00:00,extra,ranking_total,672,5365,6,1000,0.5590143735644447,771,229,0.4966727336573313,"[""V176"", ""V255"", ""V191"", ""V160"", ""V215"", ""V380""]","{""n_estimators"": 229, ""max_depth"": 14, ""min_samples_split"": 3, ""min_samples_leaf"": 9, ""criterion"": ""gini"", ""class_weight"": null}"
673,2026-06-06T00:25:18.419700+00:00,extra,ranking_total,673,5410,6,1000,0.5660262850298993,774,226,0.4987772299282522,"[""V176"", ""V255"", ""V191"", ""V160"", ""V215"", ""V380""]","{""n_estimators"": 329, ""max_depth"": null, ""min_samples_split"": 3, ""min_samples_leaf"": 9, ""criterion"": ""gini"", ""class_weight"": ""balanced""}"
674,2026-06-06T00:25:36.771444+00:00,extra,ranking_total,674,5340,5,1000,0.5618226285238485,756,244,0.49683299578989937,"[""V176"", ""V255"", ""V191"", ""V160"", ""V215""]","{""n_estimators"": 75, ""max_depth"": 10, ""min_samples_split"": 3, ""min_samples_leaf"": 7, ""criterion"": ""entropy"", ""class_weight"": null}"
675,2026-06-06T00:26:40.624879+00:00,extra,ranking_total,675,5410,6,1000,0.552610927603039,774,226,0.4994923258407489,"[""V176"", ""V255"", ""V191"", ""V160"", ""V215"", ""V380""]","{""n_estimators"": 239, ""max_depth"": 8, ""min_samples_split"": 8, ""min_samples_leaf"": 2, ""criterion"": ""gini"", ""class_weight"": ""balanced""}"
676,2026-06-06T00:27:32.152880+00:00,extra,ranking_total,676,5370,5,1000,0.5351667588284745,758,242,0.49740405172807406,"[""V176"", ""V255"", ""V191"", ""V160"", ""V215""]","{""n_estimators"": 219, ""max_depth"": 5, ""min_samples_split"": 2, ""min_samples_leaf"": 3, ""criterion"": ""entropy"", ""class_weight"": null}"
677,2026-06-06T00:28:58.658171+00:00,extra,ranking_total,677,5410,6,1000,0.560736878404996,774,226,0.49665394153677733,"[""V176"", ""V255"", ""V191"", ""V160"", ""V215"", ""V380""]","{""n_estimators"": 358, ""max_depth"": null, ""min_samples_split"": 6, ""min_samples_leaf"": 9, ""criterion"": ""entropy"", ""class_weight"": null}"
678,2026-06-06T00:30:19.629436+00:00,extra,ranking_total,678,5435,7,1000,0.5537694088800009,789,211,0.49916673805297507,"[""V176"", ""V255"", ""V191"", ""V160"", ""V215"", ""V380"", ""V342""]","{""n_estimators"": 306, ""max_depth"": 12, ""min_samples_split"": 4, ""min_samples_leaf"": 9, ""criterion"": ""gini"", ""class_weight"": ""balanced""}"
679,2026-06-06T00:30:53.805395+00:00,extra,ranking_total,679,5315,5,999,0.5212727418240418,754,245,0.4999530010737364,"[""V176"", ""V255"", ""V191"", ""V160"", ""V215""]","{""n_estimators"": 131, ""max_depth"": 3, ""min_samples_split"": 8, ""min_samples_leaf"": 3, ""criterion"": ""entropy"", ""class_weight"": ""balanced""}"
680,2026-06-06T00:31:57.975069+00:00,extra,ranking_total,680,5480,7,1000,0.5690527077052758,792,208,0.4960727036667735,"[""V176"", ""V255"", ""V191"", ""V160"", ""V215"", ""V380"", ""V342""]","{""n_estimators"": 263, ""max_depth"": 12, ""min_samples_split"": 4, ""min_samples_leaf"": 3, ""criterion"": ""entropy"", ""class_weight"": null}"
681,2026-06-06T00:32:15.224877+00:00,extra,ranking_total,681,5315,5,999,0.5844805046894869,754,245,0.4988745551801312,"[""V176"", ""V255"", ""V191"", ""V160"", ""V215""]","{""n_estimators"": 62, ""max_depth"": 11, ""min_samples_split"": 8, ""min_samples_leaf"": 2, ""criterion"": ""entropy"", ""class_weight"": ""balanced""}"
682,2026-06-06T00:33:07.486574+00:00,extra,ranking_total,682,5425,6,1000,0.5516226229440457,775,225,0.4993066593007892,"[""V176"", ""V255"", ""V191"", ""V160"", ""V215"", ""V380""]","{""n_estimators"": 199, ""max_depth"": 8, ""min_samples_split"": 8, ""min_samples_leaf"": 2, ""criterion"": ""entropy"", ""class_weight"": ""balanced""}"
683,2026-06-06T00:34:21.743463+00:00,extra,ranking_total,683,5375,7,1000,0.5559219986639599,785,215,0.4988881817852449,"[""V176"", ""V255"", ""V191"", ""V160"", ""V215"", ""V380"", ""V342""]","{""n_estimators"": 279, ""max_depth"": 10, ""min_samples_split"": 9, ""min_samples_leaf"": 4, ""criterion"": ""gini"", ""class_weight"": ""balanced""}"
684,2026-06-06T00:34:38.463834+00:00,extra,ranking_total,684,5465,7,1000,0.536605766550926,791,209,0.49712596956032024,"[""V176"", ""V255"", ""V191"", ""V160"", ""V215"", ""V380"", ""V342""]","{""n_estimators"": 71, ""max_depth"": 8, ""min_samples_split"": 3, ""min_samples_leaf"": 7, ""criterion"": ""gini"", ""class_weight"": null}"
685,2026-06-06T00:35:13.532661+00:00,extra,ranking_total,685,5425,6,1000,0.5486405278427385,775,225,0.49721416319972633,"[""V176"", ""V255"", ""V191"", ""V160"", ""V215"", ""V380""]","{""n_estimators"": 141, ""max_depth"": 8, ""min_samples_split"": 4, ""min_samples_leaf"": 5, ""criterion"": ""entropy"", ""class_weight"": null}"
686,2026-06-06T00:36:08.396903+00:00,extra,ranking_total,686,5465,4,1000,0.5475266268990014,751,249,0.4995523138603468,"[""V176"", ""V255"", ""V191"", ""V160""]","{""n_estimators"": 210, ""max_depth"": 6, ""min_samples_split"": 6, ""min_samples_leaf"": 3, ""criterion"": ""gini"", ""class_weight"": ""balanced""}"
687,2026-06-06T00:37:51.767912+00:00,extra,ranking_total,687,5585,7,1000,0.5529332270408782,799,201,0.4968329714917285,"[""V176"", ""V255"", ""V191"", ""V160"", ""V215"", ""V380"", ""V342""]","{""n_estimators"": 432, ""max_depth"": 10, ""min_samples_split"": 4, ""min_samples_leaf"": 4, ""criterion"": ""entropy"", ""class_weight"": null}"
688,2026-06-06T00:38:53.641025+00:00,extra,ranking_total,688,5470,6,1000,0.5506777630116697,778,222,0.4970516776281878,"[""V176"", ""V255"", ""V191"", ""V160"", ""V215"", ""V380""]","{""n_estimators"": 263, ""max_depth"": 8, ""min_samples_split"": 2, ""min_samples_leaf"": 2, ""criterion"": ""gini"", ""class_weight"": null}"
689,2026-06-06T00:40:50.229411+00:00,extra,ranking_total,689,5420,6,998,0.5662109560826799,774,224,0.49658473201236036,"[""V176"", ""V255"", ""V191"", ""V160"", ""V215"", ""V380""]","{""n_estimators"": 483, ""max_depth"": 14, ""min_samples_split"": 5, ""min_samples_leaf"": 7, ""criterion"": ""entropy"", ""class_weight"": null}"
690,2026-06-06T00:41:04.326206+00:00,extra,ranking_total,690,5310,5,1000,0.5650356760774484,754,246,0.49639139614067374,"[""V176"", ""V255"", ""V191"", ""V160"", ""V215""]","{""n_estimators"": 52, ""max_depth"": 11, ""min_samples_split"": 7, ""min_samples_leaf"": 6, ""criterion"": ""gini"", ""class_weight"": null}"
691,2026-06-06T00:42:50.078744+00:00,extra,ranking_total,691,5435,7,1000,0.5376972135668537,789,211,0.49949896510001174,"[""V176"", ""V255"", ""V191"", ""V160"", ""V215"", ""V380"", ""V342""]","{""n_estimators"": 407, ""max_depth"": 7, ""min_samples_split"": 7, ""min_samples_leaf"": 7, ""criterion"": ""entropy"", ""class_weight"": ""balanced""}"
692,2026-06-06T00:44:39.945880+00:00,extra,ranking_total,692,5500,6,1000,0.565904700557342,780,220,0.49890298377341,"[""V176"", ""V255"", ""V191"", ""V160"", ""V215"", ""V380""]","{""n_estimators"": 410, ""max_depth"": 13, ""min_samples_split"": 8, ""min_samples_leaf"": 7, ""criterion"": ""gini"", ""class_weight"": ""balanced""}"
693,2026-06-06T00:45:00.712801+00:00,extra,ranking_total,693,5315,7,1000,0.5609615155213812,781,219,0.496564789725779,"[""V176"", ""V255"", ""V191"", ""V160"", ""V215"", ""V380"", ""V342""]","{""n_estimators"": 82, ""max_depth"": null, ""min_samples_split"": 8, ""min_samples_leaf"": 7, ""criterion"": ""gini"", ""class_weight"": null}"
694,2026-06-06T00:46:09.689803+00:00,extra,ranking_total,694,5395,7,999,0.5447945339729091,786,213,0.49704070527613475,"[""V176"", ""V255"", ""V191"", ""V160"", ""V215"", ""V380"", ""V342""]","{""n_estimators"": 292, ""max_depth"": 9, ""min_samples_split"": 2, ""min_samples_leaf"": 6, ""criterion"": ""gini"", ""class_weight"": null}"
695,2026-06-06T00:47:49.983995+00:00,extra,ranking_total,695,5415,6,996,0.5575815714186902,773,223,0.4967002081746081,"[""V176"", ""V255"", ""V191"", ""V160"", ""V215"", ""V380""]","{""n_estimators"": 415, ""max_depth"": 13, ""min_samples_split"": 2, ""min_samples_leaf"": 8, ""criterion"": ""entropy"", ""class_weight"": null}"
696,2026-06-06T00:48:36.310261+00:00,extra,ranking_total,696,5410,7,999,0.5337654258003749,787,212,0.4972939304520877,"[""V176"", ""V255"", ""V191"", ""V160"", ""V215"", ""V380"", ""V342""]","{""n_estimators"": 196, ""max_depth"": 7, ""min_samples_split"": 4, ""min_samples_leaf"": 8, ""criterion"": ""gini"", ""class_weight"": null}"
697,2026-06-06T00:50:32.046650+00:00,extra,ranking_total,697,5410,6,1000,0.5218315463146936,774,226,0.4974190856209919,"[""V176"", ""V255"", ""V191"", ""V160"", ""V215"", ""V380""]","{""n_estimators"": 497, ""max_depth"": 4, ""min_samples_split"": 9, ""min_samples_leaf"": 3, ""criterion"": ""gini"", ""class_weight"": null}"
698,2026-06-06T00:52:17.414829+00:00,extra,ranking_total,698,5345,7,1000,0.5209082724246037,783,217,0.4974416310330159,"[""V176"", ""V255"", ""V191"", ""V160"", ""V215"", ""V380"", ""V342""]","{""n_estimators"": 468, ""max_depth"": 4, ""min_samples_split"": 4, ""min_samples_leaf"": 4, ""criterion"": ""gini"", ""class_weight"": null}"
699,2026-06-06T00:53:10.056213+00:00,extra,ranking_total,699,5415,6,999,0.5686490448657078,774,225,0.49657679529873366,"[""V176"", ""V255"", ""V191"", ""V160"", ""V215"", ""V380""]","{""n_estimators"": 220, ""max_depth"": 14, ""min_samples_split"": 2, ""min_samples_leaf"": 6, ""criterion"": ""entropy"", ""class_weight"": null}"
700,2026-06-06T00:54:20.127376+00:00,extra,ranking_total,700,5500,6,1000,0.5458363618287904,780,220,0.4993957149115686,"[""V176"", ""V255"", ""V191"", ""V160"", ""V215"", ""V380""]","{""n_estimators"": 267, ""max_depth"": 7, ""min_samples_split"": 7, ""min_samples_leaf"": 1, ""criterion"": ""gini"", ""class_weight"": ""balanced""}"
701,2026-06-06T00:54:45.565834+00:00,extra,ranking_total,701,5355,6,999,0.5208931438068533,770,229,0.49750924938803376,"[""V176"", ""V255"", ""V191"", ""V160"", ""V215"", ""V380""]","{""n_estimators"": 105, ""max_depth"": 4, ""min_samples_split"": 9, ""min_samples_leaf"": 8, ""criterion"": ""gini"", ""class_weight"": null}"
702,2026-06-06T00:56:21.762410+00:00,extra,ranking_total,702,5380,7,999,0.5601202894585918,785,214,0.49654715456437226,"[""V176"", ""V255"", ""V191"", ""V160"", ""V215"", ""V380"", ""V342""]","{""n_estimators"": 390, ""max_depth"": 13, ""min_samples_split"": 6, ""min_samples_leaf"": 6, ""criterion"": ""entropy"", ""class_weight"": null}"
703,2026-06-06T00:57:32.451688+00:00,extra,ranking_total,703,5390,7,1000,0.5634937449140389,786,214,0.4986843472180761,"[""V176"", ""V255"", ""V191"", ""V160"", ""V215"", ""V380"", ""V342""]","{""n_estimators"": 260, ""max_depth"": 14, ""min_samples_split"": 5, ""min_samples_leaf"": 7, ""criterion"": ""gini"", ""class_weight"": ""balanced""}"
704,2026-06-06T00:59:11.496376+00:00,extra,ranking_total,704,5310,7,998,0.6390385759866463,780,218,0.4941841294352972,"[""V176"", ""V255"", ""V191"", ""V160"", ""V215"", ""V380"", ""V342""]","{""n_estimators"": 336, ""max_depth"": null, ""min_samples_split"": 9, ""min_samples_leaf"": 1, ""criterion"": ""entropy"", ""class_weight"": ""balanced""}"
705,2026-06-06T00:59:51.514624+00:00,extra,ranking_total,705,5530,7,999,0.5665056087807209,795,204,0.49638250283611024,"[""V176"", ""V255"", ""V191"", ""V160"", ""V215"", ""V380"", ""V342""]","{""n_estimators"": 170, ""max_depth"": 11, ""min_samples_split"": 7, ""min_samples_leaf"": 2, ""criterion"": ""entropy"", ""class_weight"": null}"
706,2026-06-06T01:00:43.305053+00:00,extra,ranking_total,706,5355,6,996,0.5638508135306892,769,227,0.4989569719409328,"[""V176"", ""V255"", ""V191"", ""V160"", ""V215"", ""V380""]","{""n_estimators"": 195, ""max_depth"": 14, ""min_samples_split"": 4, ""min_samples_leaf"": 8, ""criterion"": ""entropy"", ""class_weight"": ""balanced""}"
707,2026-06-06T01:02:27.968554+00:00,extra,ranking_total,707,5395,6,1000,0.5581217468407357,773,227,0.49699514544220635,"[""V176"", ""V255"", ""V191"", ""V160"", ""V215"", ""V380""]","{""n_estimators"": 432, ""max_depth"": 11, ""min_samples_split"": 3, ""min_samples_leaf"": 7, ""criterion"": ""entropy"", ""class_weight"": null}"
708,2026-06-06T01:04:08.709803+00:00,extra,ranking_total,708,5515,7,999,0.5866670086728611,794,205,0.49497454961946796,"[""V176"", ""V255"", ""V191"", ""V160"", ""V215"", ""V380"", ""V342""]","{""n_estimators"": 397, ""max_depth"": null, ""min_samples_split"": 3, ""min_samples_leaf"": 4, ""criterion"": ""entropy"", ""class_weight"": null}"
709,2026-06-06T01:04:58.452018+00:00,extra,ranking_total,709,5300,4,1000,0.5223944453440411,740,260,0.4975339855547419,"[""V176"", ""V255"", ""V191"", ""V160""]","{""n_estimators"": 218, ""max_depth"": 3, ""min_samples_split"": 6, ""min_samples_leaf"": 2, ""criterion"": ""entropy"", ""class_weight"": null}"
710,2026-06-06T01:05:15.553827+00:00,extra,ranking_total,710,5510,7,1000,0.5630302193862541,794,206,0.49857916812616015,"[""V176"", ""V255"", ""V191"", ""V160"", ""V215"", ""V380"", ""V342""]","{""n_estimators"": 65, ""max_depth"": 10, ""min_samples_split"": 7, ""min_samples_leaf"": 1, ""criterion"": ""entropy"", ""class_weight"": ""balanced""}"
711,2026-06-06T01:06:27.557881+00:00,extra,ranking_total,711,5440,7,999,0.5448472596342983,789,210,0.49942381729592106,"[""V176"", ""V255"", ""V191"", ""V160"", ""V215"", ""V380"", ""V342""]","{""n_estimators"": 280, ""max_depth"": 8, ""min_samples_split"": 3, ""min_samples_leaf"": 4, ""criterion"": ""entropy"", ""class_weight"": ""balanced""}"
712,2026-06-06T01:08:17.857983+00:00,extra,ranking_total,712,5495,7,1000,0.5626666270523338,793,207,0.49644861632869414,"[""V176"", ""V255"", ""V191"", ""V160"", ""V215"", ""V380"", ""V342""]","{""n_estimators"": 460, ""max_depth"": 11, ""min_samples_split"": 3, ""min_samples_leaf"": 3, ""criterion"": ""entropy"", ""class_weight"": null}"
713,2026-06-06T01:08:40.300939+00:00,extra,ranking_total,713,5375,7,1000,0.5292182048151639,785,215,0.4974470356869426,"[""V176"", ""V255"", ""V191"", ""V160"", ""V215"", ""V380"", ""V342""]","{""n_estimators"": 95, ""max_depth"": 6, ""min_samples_split"": 8, ""min_samples_leaf"": 6, ""criterion"": ""entropy"", ""class_weight"": null}"
714,2026-06-06T01:09:39.549972+00:00,extra,ranking_total,714,5575,7,999,0.5430467807242514,798,201,0.4969660258003154,"[""V176"", ""V255"", ""V191"", ""V160"", ""V215"", ""V380"", ""V342""]","{""n_estimators"": 255, ""max_depth"": 8, ""min_samples_split"": 7, ""min_samples_leaf"": 4, ""criterion"": ""entropy"", ""class_weight"": null}"
715,2026-06-06T01:11:33.144461+00:00,extra,ranking_total,715,5365,6,1000,0.5983119129479806,771,229,0.4957294798788498,"[""V176"", ""V255"", ""V191"", ""V160"", ""V215"", ""V380""]","{""n_estimators"": 401, ""max_depth"": 14, ""min_samples_split"": 3, ""min_samples_leaf"": 1, ""criterion"": ""gini"", ""class_weight"": ""balanced""}"
716,2026-06-06T01:13:45.548273+00:00,extra,ranking_total,716,5515,6,1000,0.5683301206653003,781,219,0.498635036067131,"[""V176"", ""V255"", ""V191"", ""V160"", ""V215"", ""V380""]","{""n_estimators"": 488, ""max_depth"": 10, ""min_samples_split"": 8, ""min_samples_leaf"": 1, ""criterion"": ""gini"", ""class_weight"": ""balanced""}"
717,2026-06-06T01:14:04.575925+00:00,extra,ranking_total,717,5350,6,1000,0.5225176601297252,770,230,0.4997441894652714,"[""V176"", ""V255"", ""V191"", ""V160"", ""V215"", ""V380""]","{""n_estimators"": 72, ""max_depth"": 4, ""min_samples_split"": 5, ""min_samples_leaf"": 4, ""criterion"": ""entropy"", ""class_weight"": ""balanced""}"
718,2026-06-06T01:14:51.401000+00:00,extra,ranking_total,718,5385,5,1000,0.5367297772116275,759,241,0.4997666445489255,"[""V176"", ""V255"", ""V191"", ""V160"", ""V215""]","{""n_estimators"": 181, ""max_depth"": 5, ""min_samples_split"": 5, ""min_samples_leaf"": 2, ""criterion"": ""gini"", ""class_weight"": ""balanced""}"
719,2026-06-06T01:15:18.353542+00:00,extra,ranking_total,719,5330,5,999,0.5409705041894987,755,244,0.49742445388897866,"[""V176"", ""V255"", ""V191"", ""V160"", ""V215""]","{""n_estimators"": 116, ""max_depth"": 6, ""min_samples_split"": 9, ""min_samples_leaf"": 4, ""criterion"": ""gini"", ""class_weight"": null}"
720,2026-06-06T01:17:27.278884+00:00,extra,ranking_total,720,5495,7,1000,0.5354334897484749,793,207,0.49965651028333224,"[""V176"", ""V255"", ""V191"", ""V160"", ""V215"", ""V380"", ""V342""]","{""n_estimators"": 487, ""max_depth"": 6, ""min_samples_split"": 8, ""min_samples_leaf"": 2, ""criterion"": ""gini"", ""class_weight"": ""balanced""}"
721,2026-06-06T01:18:28.474987+00:00,extra,ranking_total,721,5480,7,1000,0.5661187153386759,792,208,0.498753265481685,"[""V176"", ""V255"", ""V191"", ""V160"", ""V215"", ""V380"", ""V342""]","{""n_estimators"": 225, ""max_depth"": 13, ""min_samples_split"": 6, ""min_samples_leaf"": 5, ""criterion"": ""gini"", ""class_weight"": ""balanced""}"
722,2026-06-06T01:19:29.800600+00:00,extra,ranking_total,722,5280,4,998,0.5322625610002718,738,260,0.49980919600633605,"[""V176"", ""V255"", ""V191"", ""V160""]","{""n_estimators"": 235, ""max_depth"": 4, ""min_samples_split"": 3, ""min_samples_leaf"": 1, ""criterion"": ""entropy"", ""class_weight"": ""balanced""}"
723,2026-06-06T01:20:09.644239+00:00,extra,ranking_total,723,5410,7,999,0.5592515566378746,787,212,0.49892751650131667,"[""V176"", ""V255"", ""V191"", ""V160"", ""V215"", ""V380"", ""V342""]","{""n_estimators"": 154, ""max_depth"": 11, ""min_samples_split"": 2, ""min_samples_leaf"": 5, ""criterion"": ""gini"", ""class_weight"": ""balanced""}"
724,2026-06-06T01:21:55.919276+00:00,extra,ranking_total,724,5555,7,1000,0.5589386783494419,797,203,0.49879827538058824,"[""V176"", ""V255"", ""V191"", ""V160"", ""V215"", ""V380"", ""V342""]","{""n_estimators"": 403, ""max_depth"": 10, ""min_samples_split"": 9, ""min_samples_leaf"": 3, ""criterion"": ""gini"", ""class_weight"": ""balanced""}"
725,2026-06-06T01:22:11.914010+00:00,extra,ranking_total,725,5415,7,998,0.5840109048175987,787,211,0.49734247141135873,"[""V176"", ""V255"", ""V191"", ""V160"", ""V215"", ""V380"", ""V342""]","{""n_estimators"": 56, ""max_depth"": 13, ""min_samples_split"": 2, ""min_samples_leaf"": 2, ""criterion"": ""entropy"", ""class_weight"": ""balanced""}"
726,2026-06-06T01:24:00.418670+00:00,extra,ranking_total,726,5395,3,1000,0.5141442543036583,733,267,0.4999248470297712,"[""V176"", ""V255"", ""V191""]","{""n_estimators"": 411, ""max_depth"": 3, ""min_samples_split"": 5, ""min_samples_leaf"": 7, ""criterion"": ""entropy"", ""class_weight"": ""balanced""}"
727,2026-06-06T01:25:48.302242+00:00,extra,ranking_total,727,5570,7,1000,0.5292380749151905,798,202,0.49745943035758844,"[""V176"", ""V255"", ""V191"", ""V160"", ""V215"", ""V380"", ""V342""]","{""n_estimators"": 460, ""max_depth"": 6, ""min_samples_split"": 7, ""min_samples_leaf"": 7, ""criterion"": ""entropy"", ""class_weight"": null}"
728,2026-06-06T01:26:33.816945+00:00,extra,ranking_total,728,5465,7,1000,0.5623848193498023,791,209,0.4988477982055375,"[""V176"", ""V255"", ""V191"", ""V160"", ""V215"", ""V380"", ""V342""]","{""n_estimators"": 172, ""max_depth"": 10, ""min_samples_split"": 6, ""min_samples_leaf"": 1, ""criterion"": ""gini"", ""class_weight"": ""balanced""}"
729,2026-06-06T01:27:58.778079+00:00,extra,ranking_total,729,5360,7,1000,0.5593531679167439,784,216,0.49866663926038035,"[""V176"", ""V255"", ""V191"", ""V160"", ""V215"", ""V380"", ""V342""]","{""n_estimators"": 311, ""max_depth"": null, ""min_samples_split"": 4, ""min_samples_leaf"": 9, ""criterion"": ""entropy"", ""class_weight"": ""balanced""}"
730,2026-06-06T01:28:41.391941+00:00,extra,ranking_total,730,5340,4,998,0.5759130638648271,742,256,0.4967875374101015,"[""V176"", ""V255"", ""V191"", ""V160""]","{""n_estimators"": 175, ""max_depth"": 13, ""min_samples_split"": 8, ""min_samples_leaf"": 8, ""criterion"": ""entropy"", ""class_weight"": null}"
731,2026-06-06T01:29:53.446154+00:00,extra,ranking_total,731,5495,7,1000,0.5323973880961249,793,207,0.4972205224346254,"[""V176"", ""V255"", ""V191"", ""V160"", ""V215"", ""V380"", ""V342""]","{""n_estimators"": 310, ""max_depth"": 6, ""min_samples_split"": 2, ""min_samples_leaf"": 3, ""criterion"": ""gini"", ""class_weight"": null}"
732,2026-06-06T01:30:31.662155+00:00,extra,ranking_total,732,5320,7,999,0.5624380763474239,781,218,0.4986467363740971,"[""V176"", ""V255"", ""V191"", ""V160"", ""V215"", ""V380"", ""V342""]","{""n_estimators"": 139, ""max_depth"": 13, ""min_samples_split"": 4, ""min_samples_leaf"": 6, ""criterion"": ""gini"", ""class_weight"": ""balanced""}"
733,2026-06-06T01:32:07.537584+00:00,extra,ranking_total,733,5540,7,1000,0.5625749733452184,796,204,0.49636958670825715,"[""V176"", ""V255"", ""V191"", ""V160"", ""V215"", ""V380"", ""V342""]","{""n_estimators"": 395, ""max_depth"": 12, ""min_samples_split"": 5, ""min_samples_leaf"": 4, ""criterion"": ""gini"", ""class_weight"": null}"
734,2026-06-06T01:32:54.453516+00:00,extra,ranking_total,734,5435,7,1000,0.5430053878842628,789,211,0.49928902412960524,"[""V176"", ""V255"", ""V191"", ""V160"", ""V215"", ""V380"", ""V342""]","{""n_estimators"": 175, ""max_depth"": 8, ""min_samples_split"": 4, ""min_samples_leaf"": 5, ""criterion"": ""entropy"", ""class_weight"": ""balanced""}"
735,2026-06-06T01:34:57.167218+00:00,extra,ranking_total,735,5530,6,1000,0.5826897616511053,782,218,0.4962642856697295,"[""V176"", ""V255"", ""V191"", ""V160"", ""V215"", ""V380""]","{""n_estimators"": 495, ""max_depth"": 12, ""min_samples_split"": 8, ""min_samples_leaf"": 1, ""criterion"": ""entropy"", ""class_weight"": null}"
736,2026-06-06T01:35:50.441897+00:00,extra,ranking_total,736,5360,7,1000,0.5441844437391824,784,216,0.4993863759171748,"[""V176"", ""V255"", ""V191"", ""V160"", ""V215"", ""V380"", ""V342""]","{""n_estimators"": 198, ""max_depth"": 8, ""min_samples_split"": 2, ""min_samples_leaf"": 5, ""criterion"": ""gini"", ""class_weight"": ""balanced""}"
737,2026-06-06T01:37:43.205355+00:00,extra,ranking_total,737,5665,7,999,0.5340224970143659,804,195,0.49951813992835414,"[""V176"", ""V255"", ""V191"", ""V160"", ""V215"", ""V380"", ""V342""]","{""n_estimators"": 419, ""max_depth"": 6, ""min_samples_split"": 7, ""min_samples_leaf"": 2, ""criterion"": ""gini"", ""class_weight"": ""balanced""}"
738,2026-06-06T01:38:17.978951+00:00,extra,ranking_total,738,5445,5,1000,0.5807648603710629,763,237,0.4987911125536093,"[""V176"", ""V255"", ""V191"", ""V160"", ""V215""]","{""n_estimators"": 123, ""max_depth"": null, ""min_samples_split"": 6, ""min_samples_leaf"": 8, ""criterion"": ""gini"", ""class_weight"": ""balanced""}"
739,2026-06-06T01:39:46.176750+00:00,extra,ranking_total,739,5405,7,1000,0.5187851718663652,787,213,0.49747323553216666,"[""V176"", ""V255"", ""V191"", ""V160"", ""V215"", ""V380"", ""V342""]","{""n_estimators"": 377, ""max_depth"": 4, ""min_samples_split"": 8, ""min_samples_leaf"": 8, ""criterion"": ""gini"", ""class_weight"": null}"
740,2026-06-06T01:40:32.465550+00:00,extra,ranking_total,740,5420,7,1000,0.5232634071053128,788,212,0.49738207616743085,"[""V176"", ""V255"", ""V191"", ""V160"", ""V215"", ""V380"", ""V342""]","{""n_estimators"": 195, ""max_depth"": 5, ""min_samples_split"": 2, ""min_samples_leaf"": 8, ""criterion"": ""entropy"", ""class_weight"": null}"
741,2026-06-06T01:41:30.863443+00:00,extra,ranking_total,741,5460,6,999,0.570931590550938,777,222,0.49602862182246743,"[""V176"", ""V255"", ""V191"", ""V160"", ""V215"", ""V380""]","{""n_estimators"": 239, ""max_depth"": 11, ""min_samples_split"": 4, ""min_samples_leaf"": 2, ""criterion"": ""gini"", ""class_weight"": null}"
742,2026-06-06T01:42:43.804015+00:00,extra,ranking_total,742,5330,4,1000,0.5382455324885285,742,258,0.49743278746211056,"[""V176"", ""V255"", ""V191"", ""V160""]","{""n_estimators"": 314, ""max_depth"": 5, ""min_samples_split"": 2, ""min_samples_leaf"": 1, ""criterion"": ""gini"", ""class_weight"": null}"
743,2026-06-06T01:43:52.611018+00:00,extra,ranking_total,743,5465,7,1000,0.5403588202639654,791,209,0.4995678330935991,"[""V176"", ""V255"", ""V191"", ""V160"", ""V215"", ""V380"", ""V342""]","{""n_estimators"": 268, ""max_depth"": 8, ""min_samples_split"": 6, ""min_samples_leaf"": 8, ""criterion"": ""entropy"", ""class_weight"": ""balanced""}"
744,2026-06-06T01:45:22.592906+00:00,extra,ranking_total,744,5425,7,999,0.5702919714602022,788,211,0.4983920101995018,"[""V176"", ""V255"", ""V191"", ""V160"", ""V215"", ""V380"", ""V342""]","{""n_estimators"": 328, ""max_depth"": 13, ""min_samples_split"": 2, ""min_samples_leaf"": 4, ""criterion"": ""entropy"", ""class_weight"": ""balanced""}"
745,2026-06-06T01:47:23.324946+00:00,extra,ranking_total,745,5560,7,999,0.5362487216607106,797,202,0.49962744224417655,"[""V176"", ""V255"", ""V191"", ""V160"", ""V215"", ""V380"", ""V342""]","{""n_estimators"": 455, ""max_depth"": 6, ""min_samples_split"": 6, ""min_samples_leaf"": 1, ""criterion"": ""entropy"", ""class_weight"": ""balanced""}"
746,2026-06-06T01:47:42.662468+00:00,extra,ranking_total,746,5395,6,1000,0.5296176790492962,773,227,0.4995998913748576,"[""V176"", ""V255"", ""V191"", ""V160"", ""V215"", ""V380""]","{""n_estimators"": 73, ""max_depth"": 5, ""min_samples_split"": 3, ""min_samples_leaf"": 2, ""criterion"": ""entropy"", ""class_weight"": ""balanced""}"
747,2026-06-06T01:48:20.217207+00:00,extra,ranking_total,747,5470,4,999,0.5646123606657844,751,248,0.4971868567797268,"[""V176"", ""V255"", ""V191"", ""V160""]","{""n_estimators"": 158, ""max_depth"": 8, ""min_samples_split"": 7, ""min_samples_leaf"": 1, ""criterion"": ""gini"", ""class_weight"": null}"
748,2026-06-06T01:49:50.589606+00:00,extra,ranking_total,748,5465,7,1000,0.5309460879520667,791,209,0.49748760995301927,"[""V176"", ""V255"", ""V191"", ""V160"", ""V215"", ""V380"", ""V342""]","{""n_estimators"": 398, ""max_depth"": 6, ""min_samples_split"": 6, ""min_samples_leaf"": 6, ""criterion"": ""gini"", ""class_weight"": null}"
749,2026-06-06T01:50:23.562145+00:00,extra,ranking_total,749,5345,4,1000,0.520418817978034,743,257,0.49748927550333755,"[""V176"", ""V255"", ""V191"", ""V160""]","{""n_estimators"": 147, ""max_depth"": 3, ""min_samples_split"": 3, ""min_samples_leaf"": 7, ""criterion"": ""gini"", ""class_weight"": null}"
750,2026-06-06T01:51:09.488211+00:00,extra,ranking_total,750,5380,6,1000,0.5669386702357522,772,228,0.4967408661974876,"[""V176"", ""V255"", ""V191"", ""V160"", ""V215"", ""V380""]","{""n_estimators"": 197, ""max_depth"": 14, ""min_samples_split"": 9, ""min_samples_leaf"": 7, ""criterion"": ""entropy"", ""class_weight"": null}"
751,2026-06-06T01:53:15.503926+00:00,extra,ranking_total,751,5410,7,999,0.5359795610425361,787,212,0.499614700994761,"[""V176"", ""V255"", ""V191"", ""V160"", ""V215"", ""V380"", ""V342""]","{""n_estimators"": 474, ""max_depth"": 7, ""min_samples_split"": 6, ""min_samples_leaf"": 8, ""criterion"": ""entropy"", ""class_weight"": ""balanced""}"
752,2026-06-06T01:53:42.802212+00:00,extra,ranking_total,752,5415,6,999,0.58497119250171,774,225,0.4959121082943131,"[""V176"", ""V255"", ""V191"", ""V160"", ""V215"", ""V380""]","{""n_estimators"": 111, ""max_depth"": 14, ""min_samples_split"": 8, ""min_samples_leaf"": 3, ""criterion"": ""gini"", ""class_weight"": null}"
753,2026-06-06T01:54:05.886741+00:00,extra,ranking_total,753,5305,6,1000,0.5501919187379355,767,233,0.4971301662397199,"[""V176"", ""V255"", ""V191"", ""V160"", ""V215"", ""V380""]","{""n_estimators"": 95, ""max_depth"": 10, ""min_samples_split"": 9, ""min_samples_leaf"": 7, ""criterion"": ""gini"", ""class_weight"": null}"
754,2026-06-06T01:55:10.890477+00:00,extra,ranking_total,754,5470,7,996,0.5815200254733268,790,206,0.49785042482855923,"[""V176"", ""V255"", ""V191"", ""V160"", ""V215"", ""V380"", ""V342""]","{""n_estimators"": 236, ""max_depth"": 14, ""min_samples_split"": 3, ""min_samples_leaf"": 3, ""criterion"": ""entropy"", ""class_weight"": ""balanced""}"
755,2026-06-06T01:56:49.104657+00:00,extra,ranking_total,755,5350,7,999,0.5241107304635477,783,216,0.499854552333797,"[""V176"", ""V255"", ""V191"", ""V160"", ""V215"", ""V380"", ""V342""]","{""n_estimators"": 375, ""max_depth"": 4, ""min_samples_split"": 9, ""min_samples_leaf"": 2, ""criterion"": ""entropy"", ""class_weight"": ""balanced""}"
756,2026-06-06T01:57:37.373860+00:00,extra,ranking_total,756,5455,7,999,0.5563751479924852,790,209,0.4966984426207003,"[""V176"", ""V255"", ""V191"", ""V160"", ""V215"", ""V380"", ""V342""]","{""n_estimators"": 198, ""max_depth"": 10, ""min_samples_split"": 9, ""min_samples_leaf"": 3, ""criterion"": ""entropy"", ""class_weight"": null}"
757,2026-06-06T01:59:29.390189+00:00,extra,ranking_total,757,5530,6,1000,0.5590590213405313,782,218,0.4966305756228422,"[""V176"", ""V255"", ""V191"", ""V160"", ""V215"", ""V380""]","{""n_estimators"": 467, ""max_depth"": 9, ""min_samples_split"": 6, ""min_samples_leaf"": 1, ""criterion"": ""entropy"", ""class_weight"": null}"
758,2026-06-06T02:00:47.895180+00:00,extra,ranking_total,758,5465,7,1000,0.5396151993458692,791,209,0.4971020567004769,"[""V176"", ""V255"", ""V191"", ""V160"", ""V215"", ""V380"", ""V342""]","{""n_estimators"": 340, ""max_depth"": 8, ""min_samples_split"": 5, ""min_samples_leaf"": 7, ""criterion"": ""gini"", ""class_weight"": null}"
759,2026-06-06T02:02:09.930987+00:00,extra,ranking_total,759,5510,7,1000,0.5401289375313906,794,206,0.49703694970898604,"[""V176"", ""V255"", ""V191"", ""V160"", ""V215"", ""V380"", ""V342""]","{""n_estimators"": 355, ""max_depth"": 7, ""min_samples_split"": 5, ""min_samples_leaf"": 1, ""criterion"": ""gini"", ""class_weight"": null}"
760,2026-06-06T02:02:56.803538+00:00,extra,ranking_total,760,5395,6,1000,0.5831681337501465,773,227,0.495907255643132,"[""V176"", ""V255"", ""V191"", ""V160"", ""V215"", ""V380""]","{""n_estimators"": 186, ""max_depth"": null, ""min_samples_split"": 7, ""min_samples_leaf"": 5, ""criterion"": ""gini"", ""class_weight"": null}"
761,2026-06-06T02:04:46.847148+00:00,extra,ranking_total,761,5410,6,1000,0.5219317082643247,774,226,0.4974077913707476,"[""V176"", ""V255"", ""V191"", ""V160"", ""V215"", ""V380""]","{""n_estimators"": 491, ""max_depth"": 4, ""min_samples_split"": 6, ""min_samples_leaf"": 6, ""criterion"": ""gini"", ""class_weight"": null}"
762,2026-06-06T02:06:03.803520+00:00,extra,ranking_total,762,5420,7,1000,0.5253783541412966,788,212,0.497380616155974,"[""V176"", ""V255"", ""V191"", ""V160"", ""V215"", ""V380"", ""V342""]","{""n_estimators"": 335, ""max_depth"": 5, ""min_samples_split"": 8, ""min_samples_leaf"": 5, ""criterion"": ""gini"", ""class_weight"": null}"
763,2026-06-06T02:06:31.480919+00:00,extra,ranking_total,763,5370,5,1000,0.572167198648492,758,242,0.4988512601414377,"[""V176"", ""V255"", ""V191"", ""V160"", ""V215""]","{""n_estimators"": 104, ""max_depth"": 12, ""min_samples_split"": 2, ""min_samples_leaf"": 6, ""criterion"": ""entropy"", ""class_weight"": ""balanced""}"
764,2026-06-06T02:08:10.669539+00:00,extra,ranking_total,764,5485,7,996,0.5629402440514254,791,205,0.4964752347350801,"[""V176"", ""V255"", ""V191"", ""V160"", ""V215"", ""V380"", ""V342""]","{""n_estimators"": 412, ""max_depth"": 11, ""min_samples_split"": 6, ""min_samples_leaf"": 3, ""criterion"": ""gini"", ""class_weight"": null}"
765,2026-06-06T02:09:16.358199+00:00,extra,ranking_total,765,5450,7,1000,0.5632356045822722,790,210,0.4986849203040167,"[""V176"", ""V255"", ""V191"", ""V160"", ""V215"", ""V380"", ""V342""]","{""n_estimators"": 240, ""max_depth"": 12, ""min_samples_split"": 4, ""min_samples_leaf"": 5, ""criterion"": ""gini"", ""class_weight"": ""balanced""}"
766,2026-06-06T02:09:39.036380+00:00,extra,ranking_total,766,5345,7,1000,0.5800460365758107,783,217,0.49763979544870074,"[""V176"", ""V255"", ""V191"", ""V160"", ""V215"", ""V380"", ""V342""]","{""n_estimators"": 79, ""max_depth"": null, ""min_samples_split"": 4, ""min_samples_leaf"": 5, ""criterion"": ""entropy"", ""class_weight"": ""balanced""}"
767,2026-06-06T02:11:04.580315+00:00,extra,ranking_total,767,5435,7,997,0.5335119527112498,788,209,0.4972549905691678,"[""V176"", ""V255"", ""V191"", ""V160"", ""V215"", ""V380"", ""V342""]","{""n_estimators"": 362, ""max_depth"": 6, ""min_samples_split"": 4, ""min_samples_leaf"": 1, ""criterion"": ""gini"", ""class_weight"": null}"
768,2026-06-06T02:13:09.672356+00:00,extra,ranking_total,768,5405,7,1000,0.5632151086458396,787,213,0.4990401535833361,"[""V176"", ""V255"", ""V191"", ""V160"", ""V215"", ""V380"", ""V342""]","{""n_estimators"": 462, ""max_depth"": 13, ""min_samples_split"": 5, ""min_samples_leaf"": 7, ""criterion"": ""gini"", ""class_weight"": ""balanced""}"
769,2026-06-06T02:13:50.307029+00:00,extra,ranking_total,769,5340,5,1000,0.5194551475852666,756,244,0.49751062071339874,"[""V176"", ""V255"", ""V191"", ""V160"", ""V215""]","{""n_estimators"": 176, ""max_depth"": 3, ""min_samples_split"": 7, ""min_samples_leaf"": 5, ""criterion"": ""entropy"", ""class_weight"": null}"
770,2026-06-06T02:15:05.941507+00:00,extra,ranking_total,770,5365,6,1000,0.5982826251222615,771,229,0.496929958198164,"[""V176"", ""V255"", ""V191"", ""V160"", ""V215"", ""V380""]","{""n_estimators"": 270, ""max_depth"": null, ""min_samples_split"": 3, ""min_samples_leaf"": 4, ""criterion"": ""gini"", ""class_weight"": ""balanced""}"
771,2026-06-06T02:15:24.175907+00:00,extra,ranking_total,771,5375,7,1000,0.5434179655984236,785,215,0.4972169066662365,"[""V176"", ""V255"", ""V191"", ""V160"", ""V215"", ""V380"", ""V342""]","{""n_estimators"": 74, ""max_depth"": 8, ""min_samples_split"": 4, ""min_samples_leaf"": 6, ""criterion"": ""gini"", ""class_weight"": null}"
772,2026-06-06T02:16:53.706314+00:00,extra,ranking_total,772,5525,7,1000,0.5472512789149848,795,205,0.4992955597755341,"[""V176"", ""V255"", ""V191"", ""V160"", ""V215"", ""V380"", ""V342""]","{""n_estimators"": 332, ""max_depth"": 8, ""min_samples_split"": 3, ""min_samples_leaf"": 3, ""criterion"": ""gini"", ""class_weight"": ""balanced""}"
773,2026-06-06T02:17:15.743545+00:00,extra,ranking_total,773,5295,6,999,0.5183542910448369,766,233,0.49988714231888953,"[""V176"", ""V255"", ""V191"", ""V160"", ""V215"", ""V380""]","{""n_estimators"": 84, ""max_depth"": 3, ""min_samples_split"": 8, ""min_samples_leaf"": 5, ""criterion"": ""entropy"", ""class_weight"": ""balanced""}"
774,2026-06-06T02:17:32.744909+00:00,extra,ranking_total,774,5340,6,999,0.523257528458538,769,230,0.49751768302060484,"[""V176"", ""V255"", ""V191"", ""V160"", ""V215"", ""V380""]","{""n_estimators"": 75, ""max_depth"": 4, ""min_samples_split"": 5, ""min_samples_leaf"": 8, ""criterion"": ""entropy"", ""class_weight"": null}"
775,2026-06-06T02:18:05.959445+00:00,extra,ranking_total,775,5370,4,998,0.5430388118562266,744,254,0.49969467485893226,"[""V176"", ""V255"", ""V191"", ""V160""]","{""n_estimators"": 128, ""max_depth"": 6, ""min_samples_split"": 2, ""min_samples_leaf"": 9, ""criterion"": ""gini"", ""class_weight"": ""balanced""}"
776,2026-06-06T02:20:01.800349+00:00,extra,ranking_total,776,5500,6,1000,0.5522056519838462,780,220,0.499210265785599,"[""V176"", ""V255"", ""V191"", ""V160"", ""V215"", ""V380""]","{""n_estimators"": 434, ""max_depth"": 9, ""min_samples_split"": 9, ""min_samples_leaf"": 6, ""criterion"": ""gini"", ""class_weight"": ""balanced""}"
777,2026-06-06T02:21:53.103629+00:00,extra,ranking_total,777,5390,7,1000,0.5449888208858,786,214,0.49943930698759526,"[""V176"", ""V255"", ""V191"", ""V160"", ""V215"", ""V380"", ""V342""]","{""n_estimators"": 427, ""max_depth"": 9, ""min_samples_split"": 9, ""min_samples_leaf"": 7, ""criterion"": ""entropy"", ""class_weight"": ""balanced""}"
778,2026-06-06T02:22:29.679530+00:00,extra,ranking_total,778,5420,7,1000,0.5249242635536896,788,212,0.497424472848532,"[""V176"", ""V255"", ""V191"", ""V160"", ""V215"", ""V380"", ""V342""]","{""n_estimators"": 153, ""max_depth"": 5, ""min_samples_split"": 9, ""min_samples_leaf"": 7, ""criterion"": ""entropy"", ""class_weight"": null}"
779,2026-06-06T02:24:24.668665+00:00,extra,ranking_total,779,5395,6,1000,0.5862988838644486,773,227,0.4977674177780309,"[""V176"", ""V255"", ""V191"", ""V160"", ""V215"", ""V380""]","{""n_estimators"": 407, ""max_depth"": null, ""min_samples_split"": 6, ""min_samples_leaf"": 5, ""criterion"": ""entropy"", ""class_weight"": ""balanced""}"
780,2026-06-06T02:25:44.941824+00:00,extra,ranking_total,780,5470,7,999,0.567318879034166,791,208,0.49590086477963086,"[""V176"", ""V255"", ""V191"", ""V160"", ""V215"", ""V380"", ""V342""]","{""n_estimators"": 324, ""max_depth"": 11, ""min_samples_split"": 3, ""min_samples_leaf"": 2, ""criterion"": ""gini"", ""class_weight"": null}"
781,2026-06-06T02:26:53.289003+00:00,extra,ranking_total,781,5365,4,999,0.5414862874136981,744,255,0.4997161579186621,"[""V176"", ""V255"", ""V191"", ""V160""]","{""n_estimators"": 263, ""max_depth"": 5, ""min_samples_split"": 3, ""min_samples_leaf"": 3, ""criterion"": ""entropy"", ""class_weight"": ""balanced""}"
782,2026-06-06T02:28:09.254312+00:00,extra,ranking_total,782,5470,6,1000,0.5262264779393678,778,222,0.4974310012182365,"[""V176"", ""V255"", ""V191"", ""V160"", ""V215"", ""V380""]","{""n_estimators"": 326, ""max_depth"": 5, ""min_samples_split"": 8, ""min_samples_leaf"": 9, ""criterion"": ""gini"", ""class_weight"": null}"
783,2026-06-06T02:28:24.230760+00:00,extra,ranking_total,783,5380,6,1000,0.5671775456291898,772,228,0.4966231457976825,"[""V176"", ""V255"", ""V191"", ""V160"", ""V215"", ""V380""]","{""n_estimators"": 60, ""max_depth"": 12, ""min_samples_split"": 2, ""min_samples_leaf"": 7, ""criterion"": ""gini"", ""class_weight"": null}"
784,2026-06-06T02:30:23.256944+00:00,extra,ranking_total,784,5445,7,995,0.5631336584398474,788,207,0.4983505590788593,"[""V176"", ""V255"", ""V191"", ""V160"", ""V215"", ""V380"", ""V342""]","{""n_estimators"": 443, ""max_depth"": 10, ""min_samples_split"": 4, ""min_samples_leaf"": 1, ""criterion"": ""gini"", ""class_weight"": ""balanced""}"
785,2026-06-06T02:31:08.862757+00:00,extra,ranking_total,785,5405,7,1000,0.5404552187988272,787,213,0.49740250834573146,"[""V176"", ""V255"", ""V191"", ""V160"", ""V215"", ""V380"", ""V342""]","{""n_estimators"": 199, ""max_depth"": 8, ""min_samples_split"": 3, ""min_samples_leaf"": 5, ""criterion"": ""gini"", ""class_weight"": null}"
786,2026-06-06T02:32:19.328202+00:00,extra,ranking_total,786,5390,6,998,0.5682454843344198,772,226,0.4984393765041504,"[""V176"", ""V255"", ""V191"", ""V160"", ""V215"", ""V380""]","{""n_estimators"": 266, ""max_depth"": 10, ""min_samples_split"": 6, ""min_samples_leaf"": 1, ""criterion"": ""gini"", ""class_weight"": ""balanced""}"
787,2026-06-06T02:33:51.335145+00:00,extra,ranking_total,787,5390,7,1000,0.5590456984808353,786,214,0.49908165402817484,"[""V176"", ""V255"", ""V191"", ""V160"", ""V215"", ""V380"", ""V342""]","{""n_estimators"": 336, ""max_depth"": 14, ""min_samples_split"": 9, ""min_samples_leaf"": 8, ""criterion"": ""entropy"", ""class_weight"": ""balanced""}"
788,2026-06-06T02:34:13.757676+00:00,extra,ranking_total,788,5395,3,997,0.5247657147812174,732,265,0.49736937905889717,"[""V176"", ""V255"", ""V191""]","{""n_estimators"": 95, ""max_depth"": 6, ""min_samples_split"": 6, ""min_samples_leaf"": 4, ""criterion"": ""entropy"", ""class_weight"": null}"
789,2026-06-06T02:36:24.543009+00:00,extra,ranking_total,789,5545,6,1000,0.5712722545809961,783,217,0.49855303949927565,"[""V176"", ""V255"", ""V191"", ""V160"", ""V215"", ""V380""]","{""n_estimators"": 484, ""max_depth"": 11, ""min_samples_split"": 8, ""min_samples_leaf"": 3, ""criterion"": ""entropy"", ""class_weight"": ""balanced""}"
790,2026-06-06T02:36:48.982522+00:00,extra,ranking_total,790,5470,7,999,0.5514359401148445,791,208,0.4968918819906377,"[""V176"", ""V255"", ""V191"", ""V160"", ""V215"", ""V380"", ""V342""]","{""n_estimators"": 101, ""max_depth"": 9, ""min_samples_split"": 8, ""min_samples_leaf"": 3, ""criterion"": ""gini"", ""class_weight"": null}"
791,2026-06-06T02:38:01.334672+00:00,extra,ranking_total,791,5380,6,1000,0.5808061817438374,772,228,0.49528263773691944,"[""V176"", ""V255"", ""V191"", ""V160"", ""V215"", ""V380""]","{""n_estimators"": 290, ""max_depth"": 12, ""min_samples_split"": 2, ""min_samples_leaf"": 1, ""criterion"": ""entropy"", ""class_weight"": null}"
792,2026-06-06T02:40:17.364411+00:00,extra,ranking_total,792,5420,7,1000,0.5716307303569498,788,212,0.4981533339115914,"[""V176"", ""V255"", ""V191"", ""V160"", ""V215"", ""V380"", ""V342""]","{""n_estimators"": 497, ""max_depth"": 12, ""min_samples_split"": 6, ""min_samples_leaf"": 3, ""criterion"": ""gini"", ""class_weight"": ""balanced""}"
793,2026-06-06T02:41:03.576007+00:00,extra,ranking_total,793,5345,7,1000,0.5493090109234647,783,217,0.49939122706329,"[""V176"", ""V255"", ""V191"", ""V160"", ""V215"", ""V380"", ""V342""]","{""n_estimators"": 175, ""max_depth"": 11, ""min_samples_split"": 4, ""min_samples_leaf"": 9, ""criterion"": ""entropy"", ""class_weight"": ""balanced""}"
794,2026-06-06T02:41:49.683867+00:00,extra,ranking_total,794,5385,5,1000,0.5966134612028986,759,241,0.49769060349718347,"[""V176"", ""V255"", ""V191"", ""V160"", ""V215""]","{""n_estimators"": 175, ""max_depth"": 14, ""min_samples_split"": 5, ""min_samples_leaf"": 3, ""criterion"": ""entropy"", ""class_weight"": ""balanced""}"
795,2026-06-06T02:42:49.182817+00:00,extra,ranking_total,795,5455,7,993,0.5308812455092059,788,205,0.499673496160937,"[""V176"", ""V255"", ""V191"", ""V160"", ""V215"", ""V380"", ""V342""]","{""n_estimators"": 229, ""max_depth"": 6, ""min_samples_split"": 6, ""min_samples_leaf"": 7, ""criterion"": ""gini"", ""class_weight"": ""balanced""}"
796,2026-06-06T02:44:08.899623+00:00,extra,ranking_total,796,5390,7,1000,0.5401467858402438,786,214,0.4969528063459413,"[""V176"", ""V255"", ""V191"", ""V160"", ""V215"", ""V380"", ""V342""]","{""n_estimators"": 342, ""max_depth"": 8, ""min_samples_split"": 9, ""min_samples_leaf"": 7, ""criterion"": ""entropy"", ""class_weight"": null}"
797,2026-06-06T02:45:15.815934+00:00,extra,ranking_total,797,5530,6,1000,0.5613140742753234,782,218,0.4965396576470004,"[""V176"", ""V255"", ""V191"", ""V160"", ""V215"", ""V380""]","{""n_estimators"": 280, ""max_depth"": 10, ""min_samples_split"": 8, ""min_samples_leaf"": 3, ""criterion"": ""entropy"", ""class_weight"": null}"
798,2026-06-06T02:47:08.538414+00:00,extra,ranking_total,798,5400,7,998,0.5580986557415161,786,212,0.4988225086388062,"[""V176"", ""V255"", ""V191"", ""V160"", ""V215"", ""V380"", ""V342""]","{""n_estimators"": 419, ""max_depth"": 11, ""min_samples_split"": 9, ""min_samples_leaf"": 5, ""criterion"": ""entropy"", ""class_weight"": ""balanced""}"
799,2026-06-06T02:48:52.766290+00:00,extra,ranking_total,799,5405,7,1000,0.5425962990046941,787,213,0.4970771040631711,"[""V176"", ""V255"", ""V191"", ""V160"", ""V215"", ""V380"", ""V342""]","{""n_estimators"": 438, ""max_depth"": 8, ""min_samples_split"": 2, ""min_samples_leaf"": 4, ""criterion"": ""entropy"", ""class_weight"": null}"
800,2026-06-06T02:50:40.164315+00:00,extra,ranking_total,800,5350,7,999,0.524527981698206,783,216,0.49749305739859884,"[""V176"", ""V255"", ""V191"", ""V160"", ""V215"", ""V380"", ""V342""]","{""n_estimators"": 455, ""max_depth"": 5, ""min_samples_split"": 9, ""min_samples_leaf"": 7, ""criterion"": ""entropy"", ""class_weight"": null}"
801,2026-06-06T02:52:24.442946+00:00,extra,ranking_total,801,5465,7,1000,0.5659503165061285,791,209,0.498645880822012,"[""V176"", ""V255"", ""V191"", ""V160"", ""V215"", ""V380"", ""V342""]","{""n_estimators"": 385, ""max_depth"": 12, ""min_samples_split"": 4, ""min_samples_leaf"": 4, ""criterion"": ""entropy"", ""class_weight"": ""balanced""}"
802,2026-06-06T02:53:38.753989+00:00,extra,ranking_total,802,5315,7,1000,0.5143010847475217,781,219,0.49753819992558385,"[""V176"", ""V255"", ""V191"", ""V160"", ""V215"", ""V380"", ""V342""]","{""n_estimators"": 324, ""max_depth"": 3, ""min_samples_split"": 9, ""min_samples_leaf"": 9, ""criterion"": ""gini"", ""class_weight"": null}"
803,2026-06-06T02:54:36.992935+00:00,extra,ranking_total,803,5420,7,1000,0.5522580077310383,788,212,0.49690887819956886,"[""V176"", ""V255"", ""V191"", ""V160"", ""V215"", ""V380"", ""V342""]","{""n_estimators"": 242, ""max_depth"": 10, ""min_samples_split"": 3, ""min_samples_leaf"": 6, ""criterion"": ""gini"", ""class_weight"": null}"
804,2026-06-06T02:55:01.950173+00:00,extra,ranking_total,804,5275,6,1000,0.5134953842462884,765,235,0.49752816760003277,"[""V176"", ""V255"", ""V191"", ""V160"", ""V215"", ""V380""]","{""n_estimators"": 111, ""max_depth"": 3, ""min_samples_split"": 3, ""min_samples_leaf"": 7, ""criterion"": ""gini"", ""class_weight"": null}"
805,2026-06-06T02:56:41.867461+00:00,extra,ranking_total,805,5435,7,1000,0.5477602720043848,789,211,0.4992257224139278,"[""V176"", ""V255"", ""V191"", ""V160"", ""V215"", ""V380"", ""V342""]","{""n_estimators"": 371, ""max_depth"": 9, ""min_samples_split"": 2, ""min_samples_leaf"": 5, ""criterion"": ""entropy"", ""class_weight"": ""balanced""}"
806,2026-06-06T02:57:13.946130+00:00,extra,ranking_total,806,5420,4,1000,0.566289005286378,748,252,0.4992953287473807,"[""V176"", ""V255"", ""V191"", ""V160""]","{""n_estimators"": 122, ""max_depth"": 9, ""min_samples_split"": 6, ""min_samples_leaf"": 4, ""criterion"": ""gini"", ""class_weight"": ""balanced""}"
807,2026-06-06T02:57:31.187843+00:00,extra,ranking_total,807,5325,5,1000,0.552590982559463,755,245,0.49677992631078266,"[""V176"", ""V255"", ""V191"", ""V160"", ""V215""]","{""n_estimators"": 75, ""max_depth"": 9, ""min_samples_split"": 2, ""min_samples_leaf"": 8, ""criterion"": ""gini"", ""class_weight"": null}"
808,2026-06-06T02:59:27.293840+00:00,extra,ranking_total,808,5455,7,999,0.539488602042433,790,209,0.4994602709224927,"[""V176"", ""V255"", ""V191"", ""V160"", ""V215"", ""V380"", ""V342""]","{""n_estimators"": 446, ""max_depth"": 7, ""min_samples_split"": 5, ""min_samples_leaf"": 4, ""criterion"": ""gini"", ""class_weight"": ""balanced""}"
809,2026-06-06T03:00:36.944529+00:00,extra,ranking_total,809,5510,7,1000,0.5338816591155554,794,206,0.49723001340640766,"[""V176"", ""V255"", ""V191"", ""V160"", ""V215"", ""V380"", ""V342""]","{""n_estimators"": 295, ""max_depth"": 7, ""min_samples_split"": 8, ""min_samples_leaf"": 6, ""criterion"": ""entropy"", ""class_weight"": null}"
810,2026-06-06T03:02:15.807787+00:00,extra,ranking_total,810,5370,6,999,0.6259611572426486,771,228,0.4953411534319304,"[""V176"", ""V255"", ""V191"", ""V160"", ""V215"", ""V380""]","{""n_estimators"": 351, ""max_depth"": null, ""min_samples_split"": 9, ""min_samples_leaf"": 2, ""criterion"": ""entropy"", ""class_weight"": ""balanced""}"
811,2026-06-06T03:04:08.695176+00:00,extra,ranking_total,811,5330,6,998,0.5690345582825559,768,230,0.4987828196522326,"[""V176"", ""V255"", ""V191"", ""V160"", ""V215"", ""V380""]","{""n_estimators"": 422, ""max_depth"": 13, ""min_samples_split"": 2, ""min_samples_leaf"": 6, ""criterion"": ""entropy"", ""class_weight"": ""balanced""}"
812,2026-06-06T03:05:35.011931+00:00,extra,ranking_total,812,5315,4,1000,0.5217213464348217,741,259,0.49750424337072163,"[""V176"", ""V255"", ""V191"", ""V160""]","{""n_estimators"": 376, ""max_depth"": 3, ""min_samples_split"": 7, ""min_samples_leaf"": 7, ""criterion"": ""gini"", ""class_weight"": null}"
813,2026-06-06T03:07:27.147631+00:00,extra,ranking_total,813,5330,7,1000,0.5871181178416737,782,218,0.49491516360231746,"[""V176"", ""V255"", ""V191"", ""V160"", ""V215"", ""V380"", ""V342""]","{""n_estimators"": 442, ""max_depth"": null, ""min_samples_split"": 2, ""min_samples_leaf"": 4, ""criterion"": ""entropy"", ""class_weight"": null}"
814,2026-06-06T03:07:50.020464+00:00,extra,ranking_total,814,5325,5,1000,0.5288582296775867,755,245,0.4975658464464767,"[""V176"", ""V255"", ""V191"", ""V160"", ""V215""]","{""n_estimators"": 105, ""max_depth"": 4, ""min_samples_split"": 6, ""min_samples_leaf"": 2, ""criterion"": ""gini"", ""class_weight"": null}"
815,2026-06-06T03:08:47.960822+00:00,extra,ranking_total,815,5400,6,999,0.5605717814414115,773,226,0.49919859152928514,"[""V176"", ""V255"", ""V191"", ""V160"", ""V215"", ""V380""]","{""n_estimators"": 215, ""max_depth"": 11, ""min_samples_split"": 9, ""min_samples_leaf"": 7, ""criterion"": ""gini"", ""class_weight"": ""balanced""}"
816,2026-06-06T03:10:02.710762+00:00,extra,ranking_total,816,5435,7,1000,0.6013874428715947,789,211,0.49542352247544524,"[""V176"", ""V255"", ""V191"", ""V160"", ""V215"", ""V380"", ""V342""]","{""n_estimators"": 262, ""max_depth"": null, ""min_samples_split"": 2, ""min_samples_leaf"": 3, ""criterion"": ""entropy"", ""class_weight"": ""balanced""}"
817,2026-06-06T03:10:33.306682+00:00,extra,ranking_total,817,5395,4,999,0.5276281859134331,746,253,0.4974733868146571,"[""V176"", ""V255"", ""V191"", ""V160""]","{""n_estimators"": 134, ""max_depth"": 4, ""min_samples_split"": 6, ""min_samples_leaf"": 5, ""criterion"": ""gini"", ""class_weight"": null}"
818,2026-06-06T03:11:47.164229+00:00,extra,ranking_total,818,5380,6,1000,0.5234560036669154,772,228,0.4974587674258066,"[""V176"", ""V255"", ""V191"", ""V160"", ""V215"", ""V380""]","{""n_estimators"": 313, ""max_depth"": 4, ""min_samples_split"": 8, ""min_samples_leaf"": 3, ""criterion"": ""entropy"", ""class_weight"": null}"
819,2026-06-06T03:13:28.120326+00:00,extra,ranking_total,819,5450,7,1000,0.5477708438179074,790,210,0.49692265295010585,"[""V176"", ""V255"", ""V191"", ""V160"", ""V215"", ""V380"", ""V342""]","{""n_estimators"": 423, ""max_depth"": 9, ""min_samples_split"": 9, ""min_samples_leaf"": 5, ""criterion"": ""entropy"", ""class_weight"": null}"
820,2026-06-06T03:15:38.137673+00:00,extra,ranking_total,820,5470,6,1000,0.5459301165417916,778,222,0.49944835869535664,"[""V176"", ""V255"", ""V191"", ""V160"", ""V215"", ""V380""]","{""n_estimators"": 499, ""max_depth"": 7, ""min_samples_split"": 6, ""min_samples_leaf"": 2, ""criterion"": ""gini"", ""class_weight"": ""balanced""}"
821,2026-06-06T03:16:31.115999+00:00,extra,ranking_total,821,5475,6,999,0.5296831852993024,778,221,0.49738102458239375,"[""V176"", ""V255"", ""V191"", ""V160"", ""V215"", ""V380""]","{""n_estimators"": 227, ""max_depth"": 5, ""min_samples_split"": 5, ""min_samples_leaf"": 2, ""criterion"": ""entropy"", ""class_weight"": null}"
822,2026-06-06T03:17:40.205357+00:00,extra,ranking_total,822,5425,6,1000,0.5679340921748969,775,225,0.4966550948273567,"[""V176"", ""V255"", ""V191"", ""V160"", ""V215"", ""V380""]","{""n_estimators"": 289, ""max_depth"": 11, ""min_samples_split"": 6, ""min_samples_leaf"": 4, ""criterion"": ""entropy"", ""class_weight"": null}"
823,2026-06-06T03:18:57.489869+00:00,extra,ranking_total,823,5375,7,1000,0.5142683659370574,785,215,0.4975420805372426,"[""V176"", ""V255"", ""V191"", ""V160"", ""V215"", ""V380"", ""V342""]","{""n_estimators"": 344, ""max_depth"": 3, ""min_samples_split"": 9, ""min_samples_leaf"": 5, ""criterion"": ""entropy"", ""class_weight"": null}"
824,2026-06-06T03:20:07.885188+00:00,extra,ranking_total,824,5500,6,1000,0.5438012517998224,780,220,0.4994163370495272,"[""V176"", ""V255"", ""V191"", ""V160"", ""V215"", ""V380""]","{""n_estimators"": 266, ""max_depth"": 7, ""min_samples_split"": 3, ""min_samples_leaf"": 3, ""criterion"": ""gini"", ""class_weight"": ""balanced""}"
825,2026-06-06T03:21:37.783524+00:00,extra,ranking_total,825,5455,6,1000,0.5709951594957821,777,223,0.49633511214718057,"[""V176"", ""V255"", ""V191"", ""V160"", ""V215"", ""V380""]","{""n_estimators"": 371, ""max_depth"": 12, ""min_samples_split"": 7, ""min_samples_leaf"": 4, ""criterion"": ""gini"", ""class_weight"": null}"
826,2026-06-06T03:22:56.970417+00:00,extra,ranking_total,826,5420,4,1000,0.5494900446322094,748,252,0.49960152841819344,"[""V176"", ""V255"", ""V191"", ""V160""]","{""n_estimators"": 309, ""max_depth"": 6, ""min_samples_split"": 8, ""min_samples_leaf"": 1, ""criterion"": ""entropy"", ""class_weight"": ""balanced""}"
827,2026-06-06T03:23:21.299419+00:00,extra,ranking_total,827,5355,5,1000,0.5697909290161641,757,243,0.49677978606309664,"[""V176"", ""V255"", ""V191"", ""V160"", ""V215""]","{""n_estimators"": 99, ""max_depth"": 10, ""min_samples_split"": 7, ""min_samples_leaf"": 3, ""criterion"": ""entropy"", ""class_weight"": null}"
828,2026-06-06T03:24:06.142037+00:00,extra,ranking_total,828,5380,6,1000,0.5363216268345753,772,228,0.49713282257161234,"[""V176"", ""V255"", ""V191"", ""V160"", ""V215"", ""V380""]","{""n_estimators"": 187, ""max_depth"": 7, ""min_samples_split"": 7, ""min_samples_leaf"": 7, ""criterion"": ""entropy"", ""class_weight"": null}"
829,2026-06-06T03:25:33.512272+00:00,extra,ranking_total,829,5435,7,1000,0.5273290798139157,789,211,0.49975821862279635,"[""V176"", ""V255"", ""V191"", ""V160"", ""V215"", ""V380"", ""V342""]","{""n_estimators"": 339, ""max_depth"": 5, ""min_samples_split"": 2, ""min_samples_leaf"": 4, ""criterion"": ""gini"", ""class_weight"": ""balanced""}"
830,2026-06-06T03:27:09.220570+00:00,extra,ranking_total,830,5370,6,999,0.5270554163398133,771,228,0.4973880675820017,"[""V176"", ""V255"", ""V191"", ""V160"", ""V215"", ""V380""]","{""n_estimators"": 417, ""max_depth"": 5, ""min_samples_split"": 2, ""min_samples_leaf"": 7, ""criterion"": ""entropy"", ""class_weight"": null}"
831,2026-06-06T03:27:37.622946+00:00,extra,ranking_total,831,5260,3,994,0.5152486615508441,722,272,0.4975755586515824,"[""V176"", ""V255"", ""V191""]","{""n_estimators"": 126, ""max_depth"": 3, ""min_samples_split"": 5, ""min_samples_leaf"": 5, ""criterion"": ""gini"", ""class_weight"": null}"
832,2026-06-06T03:28:09.808606+00:00,extra,ranking_total,832,5380,7,999,0.5223352122419935,785,214,0.4975391090968249,"[""V176"", ""V255"", ""V191"", ""V160"", ""V215"", ""V380"", ""V342""]","{""n_estimators"": 140, ""max_depth"": 4, ""min_samples_split"": 5, ""min_samples_leaf"": 2, ""criterion"": ""entropy"", ""class_weight"": null}"
833,2026-06-06T03:28:48.375906+00:00,extra,ranking_total,833,5435,7,1000,0.5811141268682782,789,211,0.4973342421352178,"[""V176"", ""V255"", ""V191"", ""V160"", ""V215"", ""V380"", ""V342""]","{""n_estimators"": 139, ""max_depth"": 13, ""min_samples_split"": 6, ""min_samples_leaf"": 2, ""criterion"": ""entropy"", ""class_weight"": ""balanced""}"
834,2026-06-06T03:30:26.171147+00:00,extra,ranking_total,834,5465,7,1000,0.5480864514765647,791,209,0.4969695521358228,"[""V176"", ""V255"", ""V191"", ""V160"", ""V215"", ""V380"", ""V342""]","{""n_estimators"": 411, ""max_depth"": 11, ""min_samples_split"": 2, ""min_samples_leaf"": 8, ""criterion"": ""entropy"", ""class_weight"": null}"
835,2026-06-06T03:30:47.244795+00:00,extra,ranking_total,835,5480,5,999,0.5438504153873219,765,234,0.4999057731518733,"[""V176"", ""V255"", ""V191"", ""V160"", ""V215""]","{""n_estimators"": 78, ""max_depth"": 6, ""min_samples_split"": 2, ""min_samples_leaf"": 4, ""criterion"": ""gini"", ""class_weight"": ""balanced""}"
836,2026-06-06T03:31:21.694355+00:00,extra,ranking_total,836,5420,7,1000,0.5577981335540708,788,212,0.4965769571068104,"[""V176"", ""V255"", ""V191"", ""V160"", ""V215"", ""V380"", ""V342""]","{""n_estimators"": 143, ""max_depth"": 11, ""min_samples_split"": 2, ""min_samples_leaf"": 4, ""criterion"": ""gini"", ""class_weight"": null}"
837,2026-06-06T03:32:48.598465+00:00,extra,ranking_total,837,5380,6,1000,0.5525386691344318,772,228,0.4992980736348534,"[""V176"", ""V255"", ""V191"", ""V160"", ""V215"", ""V380""]","{""n_estimators"": 329, ""max_depth"": 8, ""min_samples_split"": 4, ""min_samples_leaf"": 3, ""criterion"": ""gini"", ""class_weight"": ""balanced""}"
838,2026-06-06T03:33:27.711128+00:00,extra,ranking_total,838,5345,5,999,0.5589855558768028,756,243,0.49710095782124036,"[""V176"", ""V255"", ""V191"", ""V160"", ""V215""]","{""n_estimators"": 162, ""max_depth"": 10, ""min_samples_split"": 6, ""min_samples_leaf"": 7, ""criterion"": ""entropy"", ""class_weight"": null}"
839,2026-06-06T03:34:01.906901+00:00,extra,ranking_total,839,5380,5,998,0.5691941747746555,758,240,0.4969248855660001,"[""V176"", ""V255"", ""V191"", ""V160"", ""V215""]","{""n_estimators"": 143, ""max_depth"": 10, ""min_samples_split"": 8, ""min_samples_leaf"": 4, ""criterion"": ""entropy"", ""class_weight"": null}"
840,2026-06-06T03:35:56.798249+00:00,extra,ranking_total,840,5495,7,1000,0.5675969058142247,793,207,0.4963194585888675,"[""V176"", ""V255"", ""V191"", ""V160"", ""V215"", ""V380"", ""V342""]","{""n_estimators"": 468, ""max_depth"": 11, ""min_samples_split"": 6, ""min_samples_leaf"": 2, ""criterion"": ""gini"", ""class_weight"": null}"
841,2026-06-06T03:36:37.922476+00:00,extra,ranking_total,841,5360,7,1000,0.5268790148968343,784,216,0.49749491948005886,"[""V176"", ""V255"", ""V191"", ""V160"", ""V215"", ""V380"", ""V342""]","{""n_estimators"": 179, ""max_depth"": 5, ""min_samples_split"": 6, ""min_samples_leaf"": 3, ""criterion"": ""entropy"", ""class_weight"": null}"
842,2026-06-06T03:37:00.665443+00:00,extra,ranking_total,842,5320,6,1000,0.5607858745881433,768,232,0.4991507209494188,"[""V176"", ""V255"", ""V191"", ""V160"", ""V215"", ""V380""]","{""n_estimators"": 86, ""max_depth"": 11, ""min_samples_split"": 9, ""min_samples_leaf"": 6, ""criterion"": ""entropy"", ""class_weight"": ""balanced""}"
843,2026-06-06T03:37:16.161307+00:00,extra,ranking_total,843,5525,4,1000,0.5222035280535221,755,245,0.49992754029365644,"[""V176"", ""V255"", ""V191"", ""V160""]","{""n_estimators"": 54, ""max_depth"": 3, ""min_samples_split"": 5, ""min_samples_leaf"": 5, ""criterion"": ""entropy"", ""class_weight"": ""balanced""}"
844,2026-06-06T03:38:24.764327+00:00,extra,ranking_total,844,5420,7,1000,0.5549365221701941,788,212,0.49688833391351434,"[""V176"", ""V255"", ""V191"", ""V160"", ""V215"", ""V380"", ""V342""]","{""n_estimators"": 293, ""max_depth"": 12, ""min_samples_split"": 5, ""min_samples_leaf"": 7, ""criterion"": ""gini"", ""class_weight"": null}"
845,2026-06-06T03:39:49.046258+00:00,extra,ranking_total,845,5455,6,1000,0.5855270460038938,777,223,0.49734940427158764,"[""V176"", ""V255"", ""V191"", ""V160"", ""V215"", ""V380""]","{""n_estimators"": 311, ""max_depth"": 12, ""min_samples_split"": 6, ""min_samples_leaf"": 1, ""criterion"": ""gini"", ""class_weight"": ""balanced""}"
846,2026-06-06T03:42:09.595666+00:00,extra,ranking_total,846,5425,7,999,0.6007062365266368,788,211,0.4955479577099357,"[""V176"", ""V255"", ""V191"", ""V160"", ""V215"", ""V380"", ""V342""]","{""n_estimators"": 496, ""max_depth"": null, ""min_samples_split"": 3, ""min_samples_leaf"": 3, ""criterion"": ""entropy"", ""class_weight"": ""balanced""}"
847,2026-06-06T03:43:38.583243+00:00,extra,ranking_total,847,5335,7,999,0.5143881233766253,782,217,0.4975340128386628,"[""V176"", ""V255"", ""V191"", ""V160"", ""V215"", ""V380"", ""V342""]","{""n_estimators"": 393, ""max_depth"": 3, ""min_samples_split"": 8, ""min_samples_leaf"": 8, ""criterion"": ""gini"", ""class_weight"": null}"
848,2026-06-06T03:45:26.702902+00:00,extra,ranking_total,848,5510,7,1000,0.548284889570498,794,206,0.49918021004141017,"[""V176"", ""V255"", ""V191"", ""V160"", ""V215"", ""V380"", ""V342""]","{""n_estimators"": 403, ""max_depth"": 8, ""min_samples_split"": 6, ""min_samples_leaf"": 1, ""criterion"": ""entropy"", ""class_weight"": ""balanced""}"
849,2026-06-06T03:46:14.496825+00:00,extra,ranking_total,849,5495,5,999,0.568126215671059,766,233,0.49902630971114065,"[""V176"", ""V255"", ""V191"", ""V160"", ""V215""]","{""n_estimators"": 176, ""max_depth"": 9, ""min_samples_split"": 2, ""min_samples_leaf"": 1, ""criterion"": ""entropy"", ""class_weight"": ""balanced""}"
850,2026-06-06T03:47:20.700221+00:00,extra,ranking_total,850,5330,7,1000,0.616971279658101,782,218,0.4914527791901914,"[""V176"", ""V255"", ""V191"", ""V160"", ""V215"", ""V380"", ""V342""]","{""n_estimators"": 251, ""max_depth"": null, ""min_samples_split"": 5, ""min_samples_leaf"": 2, ""criterion"": ""gini"", ""class_weight"": null}"
851,2026-06-06T03:49:28.923363+00:00,extra,ranking_total,851,5495,7,1000,0.5549331597864483,793,207,0.49876966267600054,"[""V176"", ""V255"", ""V191"", ""V160"", ""V215"", ""V380"", ""V342""]","{""n_estimators"": 470, ""max_depth"": 9, ""min_samples_split"": 2, ""min_samples_leaf"": 1, ""criterion"": ""entropy"", ""class_weight"": ""balanced""}"
852,2026-06-06T03:50:39.392954+00:00,extra,ranking_total,852,5375,7,1000,0.5523801873397427,785,215,0.4968658789161702,"[""V176"", ""V255"", ""V191"", ""V160"", ""V215"", ""V380"", ""V342""]","{""n_estimators"": 294, ""max_depth"": 11, ""min_samples_split"": 5, ""min_samples_leaf"": 7, ""criterion"": ""entropy"", ""class_weight"": null}"
853,2026-06-06T03:51:13.525867+00:00,extra,ranking_total,853,5330,7,1000,0.580933122493191,782,218,0.49570542019845687,"[""V176"", ""V255"", ""V191"", ""V160"", ""V215"", ""V380"", ""V342""]","{""n_estimators"": 143, ""max_depth"": 14, ""min_samples_split"": 8, ""min_samples_leaf"": 3, ""criterion"": ""gini"", ""class_weight"": null}"
854,2026-06-06T03:52:37.595102+00:00,extra,ranking_total,854,5435,4,1000,0.5625472848002403,749,251,0.4972042478537297,"[""V176"", ""V255"", ""V191"", ""V160""]","{""n_estimators"": 358, ""max_depth"": 8, ""min_samples_split"": 8, ""min_samples_leaf"": 3, ""criterion"": ""entropy"", ""class_weight"": null}"
855,2026-06-06T03:53:23.663296+00:00,extra,ranking_total,855,5380,6,1000,0.5680698342036119,772,228,0.49664123221611917,"[""V176"", ""V255"", ""V191"", ""V160"", ""V215"", ""V380""]","{""n_estimators"": 186, ""max_depth"": 14, ""min_samples_split"": 6, ""min_samples_leaf"": 7, ""criterion"": ""entropy"", ""class_weight"": null}"
856,2026-06-06T03:54:08.205261+00:00,extra,ranking_total,856,5375,4,1000,0.5371314056220573,745,255,0.4996996816666957,"[""V176"", ""V255"", ""V191"", ""V160""]","{""n_estimators"": 173, ""max_depth"": 5, ""min_samples_split"": 6, ""min_samples_leaf"": 6, ""criterion"": ""entropy"", ""class_weight"": ""balanced""}"
857,2026-06-06T03:56:03.154440+00:00,extra,ranking_total,857,5425,7,999,0.5268713945656148,788,211,0.4997349875591581,"[""V176"", ""V255"", ""V191"", ""V160"", ""V215"", ""V380"", ""V342""]","{""n_estimators"": 449, ""max_depth"": 5, ""min_samples_split"": 4, ""min_samples_leaf"": 9, ""criterion"": ""gini"", ""class_weight"": ""balanced""}"
858,2026-06-06T03:57:55.277962+00:00,extra,ranking_total,858,5420,7,1000,0.5433038489305047,788,212,0.4994267118079042,"[""V176"", ""V255"", ""V191"", ""V160"", ""V215"", ""V380"", ""V342""]","{""n_estimators"": 424, ""max_depth"": 9, ""min_samples_split"": 3, ""min_samples_leaf"": 9, ""criterion"": ""entropy"", ""class_weight"": ""balanced""}"
859,2026-06-06T03:59:38.282292+00:00,extra,ranking_total,859,5455,6,1000,0.5621265641912677,777,223,0.49653042192746527,"[""V176"", ""V255"", ""V191"", ""V160"", ""V215"", ""V380""]","{""n_estimators"": 430, ""max_depth"": 10, ""min_samples_split"": 2, ""min_samples_leaf"": 3, ""criterion"": ""gini"", ""class_weight"": null}"
860,2026-06-06T03:59:56.571046+00:00,extra,ranking_total,860,5325,6,999,0.5537485675596825,768,231,0.49903915243958075,"[""V176"", ""V255"", ""V191"", ""V160"", ""V215"", ""V380""]","{""n_estimators"": 68, ""max_depth"": 11, ""min_samples_split"": 5, ""min_samples_leaf"": 9, ""criterion"": ""gini"", ""class_weight"": ""balanced""}"
861,2026-06-06T04:01:15.742396+00:00,extra,ranking_total,861,5420,7,1000,0.5234858265120466,788,212,0.49987117293811845,"[""V176"", ""V255"", ""V191"", ""V160"", ""V215"", ""V380"", ""V342""]","{""n_estimators"": 291, ""max_depth"": 4, ""min_samples_split"": 5, ""min_samples_leaf"": 4, ""criterion"": ""gini"", ""class_weight"": ""balanced""}"
862,2026-06-06T04:02:15.784187+00:00,extra,ranking_total,862,5465,7,1000,0.5554747853890799,791,209,0.49901351012636497,"[""V176"", ""V255"", ""V191"", ""V160"", ""V215"", ""V380"", ""V342""]","{""n_estimators"": 223, ""max_depth"": 9, ""min_samples_split"": 8, ""min_samples_leaf"": 2, ""criterion"": ""entropy"", ""class_weight"": ""balanced""}"
863,2026-06-06T04:03:27.401630+00:00,extra,ranking_total,863,5495,7,1000,0.5569543732475818,793,207,0.4991869583738399,"[""V176"", ""V255"", ""V191"", ""V160"", ""V215"", ""V380"", ""V342""]","{""n_estimators"": 269, ""max_depth"": 11, ""min_samples_split"": 6, ""min_samples_leaf"": 6, ""criterion"": ""gini"", ""class_weight"": ""balanced""}"
864,2026-06-06T04:04:34.087826+00:00,extra,ranking_total,864,5400,6,999,0.5719220335287792,773,226,0.4959494589625143,"[""V176"", ""V255"", ""V191"", ""V160"", ""V215"", ""V380""]","{""n_estimators"": 276, ""max_depth"": 11, ""min_samples_split"": 5, ""min_samples_leaf"": 1, ""criterion"": ""entropy"", ""class_weight"": null}"
865,2026-06-06T04:04:55.541402+00:00,extra,ranking_total,865,5355,8,1000,0.5329592715781379,797,203,0.49973361444221065,"[""V176"", ""V255"", ""V191"", ""V160"", ""V215"", ""V380"", ""V342"", ""V483""]","{""n_estimators"": 80, ""max_depth"": 6, ""min_samples_split"": 3, ""min_samples_leaf"": 6, ""criterion"": ""entropy"", ""class_weight"": ""balanced""}"
866,2026-06-06T04:06:16.190868+00:00,extra,ranking_total,866,5355,7,998,0.538607566694943,783,215,0.4972457929372224,"[""V176"", ""V255"", ""V191"", ""V160"", ""V215"", ""V380"", ""V342""]","{""n_estimators"": 344, ""max_depth"": 8, ""min_samples_split"": 4, ""min_samples_leaf"": 9, ""criterion"": ""gini"", ""class_weight"": null}"
867,2026-06-06T04:06:55.573469+00:00,extra,ranking_total,867,5265,5,1000,0.5173378536321199,751,249,0.4998873606870995,"[""V176"", ""V255"", ""V191"", ""V160"", ""V215""]","{""n_estimators"": 152, ""max_depth"": 3, ""min_samples_split"": 5, ""min_samples_leaf"": 9, ""criterion"": ""gini"", ""class_weight"": ""balanced""}"
868,2026-06-06T04:08:14.976843+00:00,extra,ranking_total,868,5350,7,999,0.5523167366348892,783,216,0.49692978794946413,"[""V176"", ""V255"", ""V191"", ""V160"", ""V215"", ""V380"", ""V342""]","{""n_estimators"": 330, ""max_depth"": 14, ""min_samples_split"": 6, ""min_samples_leaf"": 9, ""criterion"": ""gini"", ""class_weight"": null}"
869,2026-06-06T04:09:47.227338+00:00,extra,ranking_total,869,5435,7,1000,0.5416955552437721,789,211,0.49729447119880116,"[""V176"", ""V255"", ""V191"", ""V160"", ""V215"", ""V380"", ""V342""]","{""n_estimators"": 389, ""max_depth"": 8, ""min_samples_split"": 3, ""min_samples_leaf"": 6, ""criterion"": ""gini"", ""class_weight"": null}"
870,2026-06-06T04:10:04.994311+00:00,extra,ranking_total,870,5310,5,1000,0.5548981529455318,754,246,0.4997013113697225,"[""V176"", ""V255"", ""V191"", ""V160"", ""V215""]","{""n_estimators"": 66, ""max_depth"": 8, ""min_samples_split"": 9, ""min_samples_leaf"": 5, ""criterion"": ""entropy"", ""class_weight"": ""balanced""}"
871,2026-06-06T04:11:06.581059+00:00,extra,ranking_total,871,5420,6,998,0.5305865711657216,774,224,0.4973461561108894,"[""V176"", ""V255"", ""V191"", ""V160"", ""V215"", ""V380""]","{""n_estimators"": 269, ""max_depth"": 5, ""min_samples_split"": 8, ""min_samples_leaf"": 1, ""criterion"": ""entropy"", ""class_weight"": null}"
872,2026-06-06T04:11:42.716245+00:00,extra,ranking_total,872,5345,7,1000,0.5329964199300601,783,217,0.49712231378456984,"[""V176"", ""V255"", ""V191"", ""V160"", ""V215"", ""V380"", ""V342""]","{""n_estimators"": 152, ""max_depth"": 7, ""min_samples_split"": 8, ""min_samples_leaf"": 9, ""criterion"": ""gini"", ""class_weight"": null}"
873,2026-06-06T04:13:53.186285+00:00,extra,ranking_total,873,5465,7,1000,0.5603916177025083,791,209,0.498768940575064,"[""V176"", ""V255"", ""V191"", ""V160"", ""V215"", ""V380"", ""V342""]","{""n_estimators"": 491, ""max_depth"": 10, ""min_samples_split"": 7, ""min_samples_leaf"": 2, ""criterion"": ""entropy"", ""class_weight"": ""balanced""}"
874,2026-06-06T04:15:29.749263+00:00,extra,ranking_total,874,5500,7,999,0.5199912017573217,793,206,0.49747336147322474,"[""V176"", ""V255"", ""V191"", ""V160"", ""V215"", ""V380"", ""V342""]","{""n_estimators"": 419, ""max_depth"": 4, ""min_samples_split"": 9, ""min_samples_leaf"": 6, ""criterion"": ""entropy"", ""class_weight"": null}"
875,2026-06-06T04:17:02.259940+00:00,extra,ranking_total,875,5470,7,999,0.5600311433680125,791,208,0.4966934669091599,"[""V176"", ""V255"", ""V191"", ""V160"", ""V215"", ""V380"", ""V342""]","{""n_estimators"": 385, ""max_depth"": 10, ""min_samples_split"": 7, ""min_samples_leaf"": 2, ""criterion"": ""gini"", ""class_weight"": null}"
876,2026-06-06T04:18:10.484595+00:00,extra,ranking_total,876,5480,7,997,0.547917417128172,791,206,0.4969047910023112,"[""V176"", ""V255"", ""V191"", ""V160"", ""V215"", ""V380"", ""V342""]","{""n_estimators"": 284, ""max_depth"": 10, ""min_samples_split"": 9, ""min_samples_leaf"": 7, ""criterion"": ""entropy"", ""class_weight"": null}"
877,2026-06-06T04:19:32.684185+00:00,extra,ranking_total,877,5465,6,998,0.5659910853587781,777,221,0.4965703707981271,"[""V176"", ""V255"", ""V191"", ""V160"", ""V215"", ""V380""]","{""n_estimators"": 340, ""max_depth"": 13, ""min_samples_split"": 7, ""min_samples_leaf"": 6, ""criterion"": ""gini"", ""class_weight"": null}"
878,2026-06-06T04:20:29.216745+00:00,extra,ranking_total,878,5360,7,1000,0.5296390309541403,784,216,0.49967855754152135,"[""V176"", ""V255"", ""V191"", ""V160"", ""V215"", ""V380"", ""V342""]","{""n_estimators"": 225, ""max_depth"": 5, ""min_samples_split"": 2, ""min_samples_leaf"": 1, ""criterion"": ""entropy"", ""class_weight"": ""balanced""}"
879,2026-06-06T04:21:04.935692+00:00,extra,ranking_total,879,5370,7,998,0.5649634768249312,784,214,0.49643863303331154,"[""V176"", ""V255"", ""V191"", ""V160"", ""V215"", ""V380"", ""V342""]","{""n_estimators"": 147, ""max_depth"": 14, ""min_samples_split"": 5, ""min_samples_leaf"": 5, ""criterion"": ""entropy"", ""class_weight"": null}"
880,2026-06-06T04:21:48.919625+00:00,extra,ranking_total,880,5390,6,998,0.518717441743708,772,226,0.49981575469214423,"[""V176"", ""V255"", ""V191"", ""V160"", ""V215"", ""V380""]","{""n_estimators"": 173, ""max_depth"": 3, ""min_samples_split"": 7, ""min_samples_leaf"": 4, ""criterion"": ""entropy"", ""class_weight"": ""balanced""}"
881,2026-06-06T04:23:16.900729+00:00,extra,ranking_total,881,5335,4,999,0.521383325918465,742,257,0.4975267355170152,"[""V176"", ""V255"", ""V191"", ""V160""]","{""n_estimators"": 382, ""max_depth"": 3, ""min_samples_split"": 2, ""min_samples_leaf"": 1, ""criterion"": ""gini"", ""class_weight"": null}"
882,2026-06-06T04:23:47.378526+00:00,extra,ranking_total,882,5465,7,1000,0.5546256919014645,791,209,0.4991334815267408,"[""V176"", ""V255"", ""V191"", ""V160"", ""V215"", ""V380"", ""V342""]","{""n_estimators"": 114, ""max_depth"": 12, ""min_samples_split"": 9, ""min_samples_leaf"": 8, ""criterion"": ""entropy"", ""class_weight"": ""balanced""}"
883,2026-06-06T04:26:00.670436+00:00,extra,ranking_total,883,5390,7,997,0.57797369851307,785,212,0.4978239504806854,"[""V176"", ""V255"", ""V191"", ""V160"", ""V215"", ""V380"", ""V342""]","{""n_estimators"": 474, ""max_depth"": null, ""min_samples_split"": 2, ""min_samples_leaf"": 5, ""criterion"": ""entropy"", ""class_weight"": ""balanced""}"
884,2026-06-06T04:27:06.482581+00:00,extra,ranking_total,884,5425,6,1000,0.555917186071244,775,225,0.4992973019633272,"[""V176"", ""V255"", ""V191"", ""V160"", ""V215"", ""V380""]","{""n_estimators"": 250, ""max_depth"": 10, ""min_samples_split"": 3, ""min_samples_leaf"": 8, ""criterion"": ""gini"", ""class_weight"": ""balanced""}"
885,2026-06-06T04:28:18.179182+00:00,extra,ranking_total,885,5450,7,1000,0.5654379330064482,790,210,0.49640384658885606,"[""V176"", ""V255"", ""V191"", ""V160"", ""V215"", ""V380"", ""V342""]","{""n_estimators"": 291, ""max_depth"": 12, ""min_samples_split"": 3, ""min_samples_leaf"": 4, ""criterion"": ""gini"", ""class_weight"": null}"
886,2026-06-06T04:29:53.895483+00:00,extra,ranking_total,886,5410,7,999,0.5388287174001377,787,212,0.4995130612642748,"[""V176"", ""V255"", ""V191"", ""V160"", ""V215"", ""V380"", ""V342""]","{""n_estimators"": 364, ""max_depth"": 7, ""min_samples_split"": 6, ""min_samples_leaf"": 4, ""criterion"": ""entropy"", ""class_weight"": ""balanced""}"
887,2026-06-06T04:31:20.895158+00:00,extra,ranking_total,887,5375,4,1000,0.5407780886650229,745,255,0.499667073249323,"[""V176"", ""V255"", ""V191"", ""V160""]","{""n_estimators"": 332, ""max_depth"": 5, ""min_samples_split"": 3, ""min_samples_leaf"": 1, ""criterion"": ""entropy"", ""class_weight"": ""balanced""}"
888,2026-06-06T04:32:39.067639+00:00,extra,ranking_total,888,5465,7,1000,0.5480878278574223,791,209,0.4970867574091437,"[""V176"", ""V255"", ""V191"", ""V160"", ""V215"", ""V380"", ""V342""]","{""n_estimators"": 325, ""max_depth"": 9, ""min_samples_split"": 3, ""min_samples_leaf"": 5, ""criterion"": ""entropy"", ""class_weight"": null}"
889,2026-06-06T04:34:24.190098+00:00,extra,ranking_total,889,5475,7,998,0.5134123524134352,791,207,0.49749349156239386,"[""V176"", ""V255"", ""V191"", ""V160"", ""V215"", ""V380"", ""V342""]","{""n_estimators"": 460, ""max_depth"": 3, ""min_samples_split"": 7, ""min_samples_leaf"": 7, ""criterion"": ""entropy"", ""class_weight"": null}"
890,2026-06-06T04:35:12.971959+00:00,extra,ranking_total,890,5395,7,999,0.5535884956446022,786,213,0.49915115585179726,"[""V176"", ""V255"", ""V191"", ""V160"", ""V215"", ""V380"", ""V342""]","{""n_estimators"": 188, ""max_depth"": 12, ""min_samples_split"": 5, ""min_samples_leaf"": 9, ""criterion"": ""gini"", ""class_weight"": ""balanced""}"
891,2026-06-06T04:36:21.645435+00:00,extra,ranking_total,891,5345,7,1000,0.5845888044692502,783,217,0.49493645767269934,"[""V176"", ""V255"", ""V191"", ""V160"", ""V215"", ""V380"", ""V342""]","{""n_estimators"": 272, ""max_depth"": null, ""min_samples_split"": 4, ""min_samples_leaf"": 4, ""criterion"": ""entropy"", ""class_weight"": null}"
892,2026-06-06T04:37:22.409639+00:00,extra,ranking_total,892,5425,6,1000,0.5760540909285544,775,225,0.4964036095447751,"[""V176"", ""V255"", ""V191"", ""V160"", ""V215"", ""V380""]","{""n_estimators"": 251, ""max_depth"": 12, ""min_samples_split"": 2, ""min_samples_leaf"": 3, ""criterion"": ""entropy"", ""class_weight"": null}"
893,2026-06-06T04:38:02.302271+00:00,extra,ranking_total,893,5350,6,1000,0.5301300528980709,770,230,0.4997032515603467,"[""V176"", ""V255"", ""V191"", ""V160"", ""V215"", ""V380""]","{""n_estimators"": 155, ""max_depth"": 5, ""min_samples_split"": 7, ""min_samples_leaf"": 4, ""criterion"": ""entropy"", ""class_weight"": ""balanced""}"
894,2026-06-06T04:38:39.265461+00:00,extra,ranking_total,894,5405,7,1000,0.553400501718195,787,213,0.499144984214486,"[""V176"", ""V255"", ""V191"", ""V160"", ""V215"", ""V380"", ""V342""]","{""n_estimators"": 142, ""max_depth"": 10, ""min_samples_split"": 2, ""min_samples_leaf"": 5, ""criterion"": ""entropy"", ""class_weight"": ""balanced""}"
895,2026-06-06T04:40:04.591477+00:00,extra,ranking_total,895,5465,7,1000,0.5460869648940896,791,209,0.49702268302661795,"[""V176"", ""V255"", ""V191"", ""V160"", ""V215"", ""V380"", ""V342""]","{""n_estimators"": 356, ""max_depth"": 9, ""min_samples_split"": 8, ""min_samples_leaf"": 5, ""criterion"": ""entropy"", ""class_weight"": null}"
896,2026-06-06T04:41:17.760777+00:00,extra,ranking_total,896,5455,6,1000,0.5798215406138508,777,223,0.4958571823460634,"[""V176"", ""V255"", ""V191"", ""V160"", ""V215"", ""V380""]","{""n_estimators"": 301, ""max_depth"": 12, ""min_samples_split"": 5, ""min_samples_leaf"": 2, ""criterion"": ""gini"", ""class_weight"": null}"
897,2026-06-06T04:42:46.701126+00:00,extra,ranking_total,897,5410,6,1000,0.5301686827507089,774,226,0.4996665396334234,"[""V176"", ""V255"", ""V191"", ""V160"", ""V215"", ""V380""]","{""n_estimators"": 342, ""max_depth"": 5, ""min_samples_split"": 2, ""min_samples_leaf"": 6, ""criterion"": ""gini"", ""class_weight"": ""balanced""}"
898,2026-06-06T04:43:30.035284+00:00,extra,ranking_total,898,5270,7,1000,0.6187710158483548,778,222,0.49089706913177344,"[""V176"", ""V255"", ""V191"", ""V160"", ""V215"", ""V380"", ""V342""]","{""n_estimators"": 165, ""max_depth"": null, ""min_samples_split"": 2, ""min_samples_leaf"": 2, ""criterion"": ""gini"", ""class_weight"": null}"
899,2026-06-06T04:44:43.006874+00:00,extra,ranking_total,899,5410,6,1000,0.5540587697953816,774,226,0.49920391726812274,"[""V176"", ""V255"", ""V191"", ""V160"", ""V215"", ""V380""]","{""n_estimators"": 281, ""max_depth"": 8, ""min_samples_split"": 4, ""min_samples_leaf"": 2, ""criterion"": ""gini"", ""class_weight"": ""balanced""}"
900,2026-06-06T04:46:29.964953+00:00,extra,ranking_total,900,5440,7,999,0.5882578068016677,789,210,0.4948962123265577,"[""V176"", ""V255"", ""V191"", ""V160"", ""V215"", ""V380"", ""V342""]","{""n_estimators"": 381, ""max_depth"": 14, ""min_samples_split"": 2, ""min_samples_leaf"": 1, ""criterion"": ""gini"", ""class_weight"": ""balanced""}"
901,2026-06-06T04:48:20.249408+00:00,extra,ranking_total,901,5400,6,999,0.5526454158035355,773,226,0.497003358480918,"[""V176"", ""V255"", ""V191"", ""V160"", ""V215"", ""V380""]","{""n_estimators"": 456, ""max_depth"": 11, ""min_samples_split"": 3, ""min_samples_leaf"": 9, ""criterion"": ""gini"", ""class_weight"": null}"
902,2026-06-06T04:48:47.445909+00:00,extra,ranking_total,902,5410,6,1000,0.5451954522072304,774,226,0.49951522391327324,"[""V176"", ""V255"", ""V191"", ""V160"", ""V215"", ""V380""]","{""n_estimators"": 107, ""max_depth"": 8, ""min_samples_split"": 7, ""min_samples_leaf"": 7, ""criterion"": ""entropy"", ""class_weight"": ""balanced""}"
903,2026-06-06T04:49:14.338698+00:00,extra,ranking_total,903,5420,7,1000,0.53040248183163,788,212,0.49731019518109953,"[""V176"", ""V255"", ""V191"", ""V160"", ""V215"", ""V380"", ""V342""]","{""n_estimators"": 116, ""max_depth"": 6, ""min_samples_split"": 3, ""min_samples_leaf"": 8, ""criterion"": ""entropy"", ""class_weight"": null}"
904,2026-06-06T04:50:45.946353+00:00,extra,ranking_total,904,5410,6,997,0.5619687863318975,773,224,0.49673665192849764,"[""V176"", ""V255"", ""V191"", ""V160"", ""V215"", ""V380""]","{""n_estimators"": 374, ""max_depth"": null, ""min_samples_split"": 2, ""min_samples_leaf"": 9, ""criterion"": ""gini"", ""class_weight"": null}"
905,2026-06-06T04:52:14.616394+00:00,extra,ranking_total,905,5460,6,999,0.5699624360578447,777,222,0.49653262638671203,"[""V176"", ""V255"", ""V191"", ""V160"", ""V215"", ""V380""]","{""n_estimators"": 368, ""max_depth"": 13, ""min_samples_split"": 7, ""min_samples_leaf"": 5, ""criterion"": ""entropy"", ""class_weight"": null}"
906,2026-06-06T04:53:15.815444+00:00,extra,ranking_total,906,5455,7,996,0.5676937907098644,789,207,0.4960107315430876,"[""V176"", ""V255"", ""V191"", ""V160"", ""V215"", ""V380"", ""V342""]","{""n_estimators"": 250, ""max_depth"": 12, ""min_samples_split"": 8, ""min_samples_leaf"": 3, ""criterion"": ""entropy"", ""class_weight"": null}"
907,2026-06-06T04:54:39.448010+00:00,extra,ranking_total,907,5405,7,1000,0.5532492819220767,787,213,0.4968222936703034,"[""V176"", ""V255"", ""V191"", ""V160"", ""V215"", ""V380"", ""V342""]","{""n_estimators"": 340, ""max_depth"": null, ""min_samples_split"": 8, ""min_samples_leaf"": 9, ""criterion"": ""entropy"", ""class_weight"": null}"
908,2026-06-06T04:56:40.338619+00:00,extra,ranking_total,908,5425,6,1000,0.5736139428462677,775,225,0.4984055269100707,"[""V176"", ""V255"", ""V191"", ""V160"", ""V215"", ""V380""]","{""n_estimators"": 450, ""max_depth"": 13, ""min_samples_split"": 8, ""min_samples_leaf"": 5, ""criterion"": ""entropy"", ""class_weight"": ""balanced""}"
909,2026-06-06T04:58:26.295015+00:00,extra,ranking_total,909,5440,6,1000,0.5618591967174839,776,224,0.49667265007896566,"[""V176"", ""V255"", ""V191"", ""V160"", ""V215"", ""V380""]","{""n_estimators"": 436, ""max_depth"": 12, ""min_samples_split"": 4, ""min_samples_leaf"": 6, ""criterion"": ""gini"", ""class_weight"": null}"
910,2026-06-06T05:00:25.890136+00:00,extra,ranking_total,910,5525,7,1000,0.528270001754315,795,205,0.49963479255693954,"[""V176"", ""V255"", ""V191"", ""V160"", ""V215"", ""V380"", ""V342""]","{""n_estimators"": 462, ""max_depth"": 5, ""min_samples_split"": 8, ""min_samples_leaf"": 1, ""criterion"": ""entropy"", ""class_weight"": ""balanced""}"
911,2026-06-06T05:01:25.650965+00:00,extra,ranking_total,911,5400,6,999,0.5696982946211205,773,226,0.4990032481023839,"[""V176"", ""V255"", ""V191"", ""V160"", ""V215"", ""V380""]","{""n_estimators"": 225, ""max_depth"": 11, ""min_samples_split"": 9, ""min_samples_leaf"": 3, ""criterion"": ""entropy"", ""class_weight"": ""balanced""}"
912,2026-06-06T05:03:03.265006+00:00,extra,ranking_total,912,5485,7,999,0.5419434883494456,792,207,0.49710927396188653,"[""V176"", ""V255"", ""V191"", ""V160"", ""V215"", ""V380"", ""V342""]","{""n_estimators"": 413, ""max_depth"": 9, ""min_samples_split"": 4, ""min_samples_leaf"": 9, ""criterion"": ""entropy"", ""class_weight"": null}"
913,2026-06-06T05:04:48.679212+00:00,extra,ranking_total,913,5510,7,1000,0.5468182790324158,794,206,0.49918978203938,"[""V176"", ""V255"", ""V191"", ""V160"", ""V215"", ""V380"", ""V342""]","{""n_estimators"": 391, ""max_depth"": 10, ""min_samples_split"": 2, ""min_samples_leaf"": 8, ""criterion"": ""entropy"", ""class_weight"": ""balanced""}"
914,2026-06-06T05:06:30.168425+00:00,extra,ranking_total,914,5435,7,997,0.5144382669581117,788,209,0.49752570798047163,"[""V176"", ""V255"", ""V191"", ""V160"", ""V215"", ""V380"", ""V342""]","{""n_estimators"": 440, ""max_depth"": 3, ""min_samples_split"": 6, ""min_samples_leaf"": 1, ""criterion"": ""gini"", ""class_weight"": null}"
915,2026-06-06T05:07:22.596050+00:00,extra,ranking_total,915,5350,6,1000,0.5824370440302659,770,230,0.49817045175267083,"[""V176"", ""V255"", ""V191"", ""V160"", ""V215"", ""V380""]","{""n_estimators"": 190, ""max_depth"": null, ""min_samples_split"": 3, ""min_samples_leaf"": 5, ""criterion"": ""entropy"", ""class_weight"": ""balanced""}"
916,2026-06-06T05:09:05.529563+00:00,extra,ranking_total,916,5385,8,1000,0.5196571136088997,799,201,0.49745497470290095,"[""V176"", ""V255"", ""V191"", ""V160"", ""V215"", ""V380"", ""V342"", ""V483""]","{""n_estimators"": 444, ""max_depth"": 4, ""min_samples_split"": 9, ""min_samples_leaf"": 1, ""criterion"": ""entropy"", ""class_weight"": null}"
917,2026-06-06T05:10:22.257946+00:00,extra,ranking_total,917,5470,6,1000,0.5848611745612602,778,222,0.4974478827169989,"[""V176"", ""V255"", ""V191"", ""V160"", ""V215"", ""V380""]","{""n_estimators"": 286, ""max_depth"": 12, ""min_samples_split"": 7, ""min_samples_leaf"": 1, ""criterion"": ""gini"", ""class_weight"": ""balanced""}"
918,2026-06-06T05:11:00.530689+00:00,extra,ranking_total,918,5465,7,1000,0.5912816629512894,791,209,0.49522500434930955,"[""V176"", ""V255"", ""V191"", ""V160"", ""V215"", ""V380"", ""V342""]","{""n_estimators"": 137, ""max_depth"": 14, ""min_samples_split"": 4, ""min_samples_leaf"": 1, ""criterion"": ""gini"", ""class_weight"": ""balanced""}"
919,2026-06-06T05:12:03.092568+00:00,extra,ranking_total,919,5495,7,1000,0.5662904107365407,793,207,0.4985753570402063,"[""V176"", ""V255"", ""V191"", ""V160"", ""V215"", ""V380"", ""V342""]","{""n_estimators"": 229, ""max_depth"": 13, ""min_samples_split"": 5, ""min_samples_leaf"": 5, ""criterion"": ""entropy"", ""class_weight"": ""balanced""}"
920,2026-06-06T05:12:16.357417+00:00,extra,ranking_total,920,5390,5,999,0.5701602490542675,759,240,0.49682526642278646,"[""V176"", ""V255"", ""V191"", ""V160"", ""V215""]","{""n_estimators"": 52, ""max_depth"": 12, ""min_samples_split"": 8, ""min_samples_leaf"": 6, ""criterion"": ""entropy"", ""class_weight"": null}"
921,2026-06-06T05:12:51.058668+00:00,extra,ranking_total,921,5315,4,1000,0.5833728386817132,741,259,0.49699531785605594,"[""V176"", ""V255"", ""V191"", ""V160""]","{""n_estimators"": 144, ""max_depth"": 11, ""min_samples_split"": 3, ""min_samples_leaf"": 4, ""criterion"": ""entropy"", ""class_weight"": null}"
922,2026-06-06T05:14:26.491713+00:00,extra,ranking_total,922,5435,7,1000,0.5385158709576785,789,211,0.49710681340627433,"[""V176"", ""V255"", ""V191"", ""V160"", ""V215"", ""V380"", ""V342""]","{""n_estimators"": 411, ""max_depth"": 7, ""min_samples_split"": 5, ""min_samples_leaf"": 3, ""criterion"": ""entropy"", ""class_weight"": null}"
923,2026-06-06T05:15:39.914421+00:00,extra,ranking_total,923,5430,6,999,0.5643194115586002,775,224,0.49897371882379604,"[""V176"", ""V255"", ""V191"", ""V160"", ""V215"", ""V380""]","{""n_estimators"": 269, ""max_depth"": null, ""min_samples_split"": 4, ""min_samples_leaf"": 9, ""criterion"": ""entropy"", ""class_weight"": ""balanced""}"
924,2026-06-06T05:16:40.839682+00:00,extra,ranking_total,924,5330,4,1000,0.5641093861733953,742,258,0.4971316293630918,"[""V176"", ""V255"", ""V191"", ""V160""]","{""n_estimators"": 259, ""max_depth"": 9, ""min_samples_split"": 4, ""min_samples_leaf"": 6, ""criterion"": ""gini"", ""class_weight"": null}"
925,2026-06-06T05:18:38.106077+00:00,extra,ranking_total,925,5425,6,1000,0.5621778397922754,775,225,0.496722405209914,"[""V176"", ""V255"", ""V191"", ""V160"", ""V215"", ""V380""]","{""n_estimators"": 487, ""max_depth"": 11, ""min_samples_split"": 3, ""min_samples_leaf"": 5, ""criterion"": ""entropy"", ""class_weight"": null}"
926,2026-06-06T05:20:17.252245+00:00,extra,ranking_total,926,5365,7,999,0.513470068568658,784,215,0.497521453936398,"[""V176"", ""V255"", ""V191"", ""V160"", ""V215"", ""V380"", ""V342""]","{""n_estimators"": 432, ""max_depth"": 3, ""min_samples_split"": 8, ""min_samples_leaf"": 9, ""criterion"": ""gini"", ""class_weight"": null}"
927,2026-06-06T05:21:45.466898+00:00,extra,ranking_total,927,5455,7,999,0.5617461928897247,790,209,0.49865296741055964,"[""V176"", ""V255"", ""V191"", ""V160"", ""V215"", ""V380"", ""V342""]","{""n_estimators"": 328, ""max_depth"": 12, ""min_samples_split"": 7, ""min_samples_leaf"": 5, ""criterion"": ""entropy"", ""class_weight"": ""balanced""}"
928,2026-06-06T05:22:29.395178+00:00,extra,ranking_total,928,5345,7,1000,0.5670759145955496,783,217,0.49842745629633917,"[""V176"", ""V255"", ""V191"", ""V160"", ""V215"", ""V380"", ""V342""]","{""n_estimators"": 163, ""max_depth"": 12, ""min_samples_split"": 9, ""min_samples_leaf"": 4, ""criterion"": ""gini"", ""class_weight"": ""balanced""}"
929,2026-06-06T05:23:14.654022+00:00,extra,ranking_total,929,5345,7,1000,0.5321213659547281,783,217,0.49962426912417224,"[""V176"", ""V255"", ""V191"", ""V160"", ""V215"", ""V380"", ""V342""]","{""n_estimators"": 170, ""max_depth"": 6, ""min_samples_split"": 5, ""min_samples_leaf"": 6, ""criterion"": ""entropy"", ""class_weight"": ""balanced""}"
930,2026-06-06T05:23:59.123553+00:00,extra,ranking_total,930,5365,5,998,0.533747889202641,757,241,0.49748231904882584,"[""V176"", ""V255"", ""V191"", ""V160"", ""V215""]","{""n_estimators"": 192, ""max_depth"": 5, ""min_samples_split"": 3, ""min_samples_leaf"": 2, ""criterion"": ""gini"", ""class_weight"": null}"
931,2026-06-06T05:25:34.248048+00:00,extra,ranking_total,931,5450,6,998,0.5540757103060033,776,222,0.4969515694327636,"[""V176"", ""V255"", ""V191"", ""V160"", ""V215"", ""V380""]","{""n_estimators"": 399, ""max_depth"": 10, ""min_samples_split"": 4, ""min_samples_leaf"": 6, ""criterion"": ""gini"", ""class_weight"": null}"
932,2026-06-06T05:27:22.846130+00:00,extra,ranking_total,932,5450,6,992,0.5862862025931953,774,218,0.49586161230157805,"[""V176"", ""V255"", ""V191"", ""V160"", ""V215"", ""V380""]","{""n_estimators"": 436, ""max_depth"": 14, ""min_samples_split"": 5, ""min_samples_leaf"": 3, ""criterion"": ""entropy"", ""class_weight"": null}"
933,2026-06-06T05:29:19.773868+00:00,extra,ranking_total,933,5485,6,1000,0.565854324490643,779,221,0.4962045277942586,"[""V176"", ""V255"", ""V191"", ""V160"", ""V215"", ""V380""]","{""n_estimators"": 478, ""max_depth"": 10, ""min_samples_split"": 2, ""min_samples_leaf"": 1, ""criterion"": ""gini"", ""class_weight"": null}"
934,2026-06-06T05:31:20.272683+00:00,extra,ranking_total,934,5450,7,997,0.5518785643217891,789,208,0.49919677098053106,"[""V176"", ""V255"", ""V191"", ""V160"", ""V215"", ""V380"", ""V342""]","{""n_estimators"": 457, ""max_depth"": 10, ""min_samples_split"": 7, ""min_samples_leaf"": 6, ""criterion"": ""gini"", ""class_weight"": ""balanced""}"
935,2026-06-06T05:32:35.041591+00:00,extra,ranking_total,935,5335,7,999,0.5460060871934317,782,217,0.4994290648465007,"[""V176"", ""V255"", ""V191"", ""V160"", ""V215"", ""V380"", ""V342""]","{""n_estimators"": 290, ""max_depth"": 9, ""min_samples_split"": 8, ""min_samples_leaf"": 8, ""criterion"": ""gini"", ""class_weight"": ""balanced""}"
936,2026-06-06T05:32:55.820748+00:00,extra,ranking_total,936,5355,5,1000,0.5708414461385806,757,243,0.4968252570527955,"[""V176"", ""V255"", ""V191"", ""V160"", ""V215""]","{""n_estimators"": 85, ""max_depth"": 12, ""min_samples_split"": 8, ""min_samples_leaf"": 6, ""criterion"": ""entropy"", ""class_weight"": null}"
937,2026-06-06T05:34:02.134593+00:00,extra,ranking_total,937,5370,5,1000,0.5275850686945505,758,242,0.4998017055564615,"[""V176"", ""V255"", ""V191"", ""V160"", ""V215""]","{""n_estimators"": 257, ""max_depth"": 4, ""min_samples_split"": 4, ""min_samples_leaf"": 1, ""criterion"": ""entropy"", ""class_weight"": ""balanced""}"
938,2026-06-06T05:34:54.864572+00:00,extra,ranking_total,938,5330,7,1000,0.5480467639622582,782,218,0.4991563603652794,"[""V176"", ""V255"", ""V191"", ""V160"", ""V215"", ""V380"", ""V342""]","{""n_estimators"": 198, ""max_depth"": 10, ""min_samples_split"": 6, ""min_samples_leaf"": 9, ""criterion"": ""gini"", ""class_weight"": ""balanced""}"
939,2026-06-06T05:35:10.675551+00:00,extra,ranking_total,939,5510,7,1000,0.5543581513134189,794,206,0.49711048980214584,"[""V176"", ""V255"", ""V191"", ""V160"", ""V215"", ""V380"", ""V342""]","{""n_estimators"": 65, ""max_depth"": 9, ""min_samples_split"": 9, ""min_samples_leaf"": 3, ""criterion"": ""entropy"", ""class_weight"": null}"
940,2026-06-06T05:36:52.657943+00:00,extra,ranking_total,940,5345,4,1000,0.5239178686536494,743,257,0.4998264477390867,"[""V176"", ""V255"", ""V191"", ""V160""]","{""n_estimators"": 402, ""max_depth"": 3, ""min_samples_split"": 4, ""min_samples_leaf"": 4, ""criterion"": ""gini"", ""class_weight"": ""balanced""}"
941,2026-06-06T05:39:04.360242+00:00,extra,ranking_total,941,5465,7,1000,0.5413464487692039,791,209,0.49935084191725865,"[""V176"", ""V255"", ""V191"", ""V160"", ""V215"", ""V380"", ""V342""]","{""n_estimators"": 495, ""max_depth"": 7, ""min_samples_split"": 3, ""min_samples_leaf"": 1, ""criterion"": ""entropy"", ""class_weight"": ""balanced""}"
942,2026-06-06T05:39:31.890965+00:00,extra,ranking_total,942,5420,7,1000,0.5392588127083924,788,212,0.49704658309041705,"[""V176"", ""V255"", ""V191"", ""V160"", ""V215"", ""V380"", ""V342""]","{""n_estimators"": 122, ""max_depth"": 7, ""min_samples_split"": 4, ""min_samples_leaf"": 1, ""criterion"": ""entropy"", ""class_weight"": null}"
943,2026-06-06T05:41:29.797761+00:00,extra,ranking_total,943,5390,7,1000,0.5446580944589182,786,214,0.49925325749729454,"[""V176"", ""V255"", ""V191"", ""V160"", ""V215"", ""V380"", ""V342""]","{""n_estimators"": 450, ""max_depth"": 8, ""min_samples_split"": 4, ""min_samples_leaf"": 4, ""criterion"": ""gini"", ""class_weight"": ""balanced""}"
944,2026-06-06T05:42:19.340203+00:00,extra,ranking_total,944,5370,5,1000,0.5616337371773894,758,242,0.49930516402814473,"[""V176"", ""V255"", ""V191"", ""V160"", ""V215""]","{""n_estimators"": 189, ""max_depth"": 10, ""min_samples_split"": 4, ""min_samples_leaf"": 7, ""criterion"": ""gini"", ""class_weight"": ""balanced""}"
945,2026-06-06T05:43:28.651772+00:00,extra,ranking_total,945,5155,7,999,0.6424836601307187,770,229,0.4890028758169935,"[""V176"", ""V255"", ""V191"", ""V160"", ""V215"", ""V380"", ""V342""]","{""n_estimators"": 255, ""max_depth"": null, ""min_samples_split"": 4, ""min_samples_leaf"": 1, ""criterion"": ""entropy"", ""class_weight"": null}"
946,2026-06-06T05:44:23.892145+00:00,extra,ranking_total,946,5395,6,1000,0.5427448689436808,773,227,0.4996643346033446,"[""V176"", ""V255"", ""V191"", ""V160"", ""V215"", ""V380""]","{""n_estimators"": 214, ""max_depth"": 8, ""min_samples_split"": 6, ""min_samples_leaf"": 9, ""criterion"": ""entropy"", ""class_weight"": ""balanced""}"
947,2026-06-06T05:44:39.729064+00:00,extra,ranking_total,947,5360,7,1000,0.5857495951901709,784,216,0.49486563864424543,"[""V176"", ""V255"", ""V191"", ""V160"", ""V215"", ""V380"", ""V342""]","{""n_estimators"": 57, ""max_depth"": null, ""min_samples_split"": 6, ""min_samples_leaf"": 4, ""criterion"": ""entropy"", ""class_weight"": null}"
948,2026-06-06T05:45:58.644266+00:00,extra,ranking_total,948,5345,4,1000,0.5366982124527924,743,257,0.49744224446352747,"[""V176"", ""V255"", ""V191"", ""V160""]","{""n_estimators"": 328, ""max_depth"": 5, ""min_samples_split"": 7, ""min_samples_leaf"": 9, ""criterion"": ""entropy"", ""class_weight"": null}"
949,2026-06-06T05:47:32.546948+00:00,extra,ranking_total,949,5485,6,1000,0.5641761960894894,779,221,0.4989020424822249,"[""V176"", ""V255"", ""V191"", ""V160"", ""V215"", ""V380""]","{""n_estimators"": 347, ""max_depth"": 10, ""min_samples_split"": 2, ""min_samples_leaf"": 3, ""criterion"": ""entropy"", ""class_weight"": ""balanced""}"
950,2026-06-06T05:48:13.493596+00:00,extra,ranking_total,950,5450,7,1000,0.536966523912944,790,210,0.4971603204890516,"[""V176"", ""V255"", ""V191"", ""V160"", ""V215"", ""V380"", ""V342""]","{""n_estimators"": 183, ""max_depth"": 7, ""min_samples_split"": 8, ""min_samples_leaf"": 3, ""criterion"": ""entropy"", ""class_weight"": null}"
951,2026-06-06T05:49:14.715059+00:00,extra,ranking_total,951,5420,4,988,0.5402496955129167,744,244,0.4974519665613016,"[""V176"", ""V255"", ""V191"", ""V160""]","{""n_estimators"": 265, ""max_depth"": 5, ""min_samples_split"": 9, ""min_samples_leaf"": 2, ""criterion"": ""gini"", ""class_weight"": null}"
952,2026-06-06T05:49:31.277702+00:00,extra,ranking_total,952,5310,5,1000,0.5724894099020783,754,246,0.49656548386286886,"[""V176"", ""V255"", ""V191"", ""V160"", ""V215""]","{""n_estimators"": 64, ""max_depth"": 14, ""min_samples_split"": 4, ""min_samples_leaf"": 7, ""criterion"": ""gini"", ""class_weight"": null}"
953,2026-06-06T05:50:21.599341+00:00,extra,ranking_total,953,5450,7,1000,0.5137509894216267,790,210,0.4975875643294743,"[""V176"", ""V255"", ""V191"", ""V160"", ""V215"", ""V380"", ""V342""]","{""n_estimators"": 220, ""max_depth"": 3, ""min_samples_split"": 9, ""min_samples_leaf"": 6, ""criterion"": ""gini"", ""class_weight"": null}"
954,2026-06-06T05:51:52.024252+00:00,extra,ranking_total,954,5355,5,997,0.6033250642892054,756,241,0.4950739089369297,"[""V176"", ""V255"", ""V191"", ""V160"", ""V215""]","{""n_estimators"": 354, ""max_depth"": null, ""min_samples_split"": 8, ""min_samples_leaf"": 4, ""criterion"": ""gini"", ""class_weight"": null}"
955,2026-06-06T05:53:14.517508+00:00,extra,ranking_total,955,5385,6,999,0.5223564448669709,772,227,0.4998740962237545,"[""V176"", ""V255"", ""V191"", ""V160"", ""V215"", ""V380""]","{""n_estimators"": 309, ""max_depth"": 4, ""min_samples_split"": 6, ""min_samples_leaf"": 6, ""criterion"": ""gini"", ""class_weight"": ""balanced""}"
956,2026-06-06T05:54:52.556125+00:00,extra,ranking_total,956,5395,7,996,0.5592916211733556,785,211,0.496476958950056,"[""V176"", ""V255"", ""V191"", ""V160"", ""V215"", ""V380"", ""V342""]","{""n_estimators"": 405, ""max_depth"": 12, ""min_samples_split"": 7, ""min_samples_leaf"": 5, ""criterion"": ""entropy"", ""class_weight"": null}"
957,2026-06-06T05:56:13.137942+00:00,extra,ranking_total,957,5350,6,1000,0.5612136127284358,770,230,0.498929872537486,"[""V176"", ""V255"", ""V191"", ""V160"", ""V215"", ""V380""]","{""n_estimators"": 305, ""max_depth"": 12, ""min_samples_split"": 5, ""min_samples_leaf"": 7, ""criterion"": ""entropy"", ""class_weight"": ""balanced""}"
958,2026-06-06T05:56:48.258842+00:00,extra,ranking_total,958,5370,8,1000,0.5455773317583485,798,202,0.4993655328981561,"[""V176"", ""V255"", ""V191"", ""V160"", ""V215"", ""V380"", ""V342"", ""V483""]","{""n_estimators"": 141, ""max_depth"": 9, ""min_samples_split"": 8, ""min_samples_leaf"": 6, ""criterion"": ""gini"", ""class_weight"": ""balanced""}"
959,2026-06-06T05:57:34.165841+00:00,extra,ranking_total,959,5480,7,1000,0.5400647608914952,792,208,0.4995140401514489,"[""V176"", ""V255"", ""V191"", ""V160"", ""V215"", ""V380"", ""V342""]","{""n_estimators"": 174, ""max_depth"": 7, ""min_samples_split"": 8, ""min_samples_leaf"": 3, ""criterion"": ""entropy"", ""class_weight"": ""balanced""}"
960,2026-06-06T05:58:21.397419+00:00,extra,ranking_total,960,5430,6,999,0.5518908797500177,775,224,0.4992988007868791,"[""V176"", ""V255"", ""V191"", ""V160"", ""V215"", ""V380""]","{""n_estimators"": 174, ""max_depth"": 9, ""min_samples_split"": 9, ""min_samples_leaf"": 6, ""criterion"": ""gini"", ""class_weight"": ""balanced""}"
961,2026-06-06T05:59:24.342470+00:00,extra,ranking_total,961,5425,7,999,0.5438846558866571,788,211,0.49948497140215214,"[""V176"", ""V255"", ""V191"", ""V160"", ""V215"", ""V380"", ""V342""]","{""n_estimators"": 239, ""max_depth"": 8, ""min_samples_split"": 8, ""min_samples_leaf"": 7, ""criterion"": ""gini"", ""class_weight"": ""balanced""}"
962,2026-06-06T06:01:40.113880+00:00,extra,ranking_total,962,5480,7,1000,0.5750497429808501,792,208,0.4981922456588689,"[""V176"", ""V255"", ""V191"", ""V160"", ""V215"", ""V380"", ""V342""]","{""n_estimators"": 494, ""max_depth"": 12, ""min_samples_split"": 9, ""min_samples_leaf"": 2, ""criterion"": ""gini"", ""class_weight"": ""balanced""}"
963,2026-06-06T06:02:16.423654+00:00,extra,ranking_total,963,5335,4,993,0.5455317549018477,740,253,0.49730661715025337,"[""V176"", ""V255"", ""V191"", ""V160""]","{""n_estimators"": 159, ""max_depth"": 6, ""min_samples_split"": 4, ""min_samples_leaf"": 8, ""criterion"": ""entropy"", ""class_weight"": null}"
964,2026-06-06T06:03:26.777032+00:00,extra,ranking_total,964,5455,6,1000,0.5513311250060448,777,223,0.49932279469853863,"[""V176"", ""V255"", ""V191"", ""V160"", ""V215"", ""V380""]","{""n_estimators"": 267, ""max_depth"": 10, ""min_samples_split"": 6, ""min_samples_leaf"": 9, ""criterion"": ""entropy"", ""class_weight"": ""balanced""}"
965,2026-06-06T06:04:32.469559+00:00,extra,ranking_total,965,5365,6,997,0.5666000853920864,770,227,0.4989719874979931,"[""V176"", ""V255"", ""V191"", ""V160"", ""V215"", ""V380""]","{""n_estimators"": 250, ""max_depth"": 14, ""min_samples_split"": 5, ""min_samples_leaf"": 7, ""criterion"": ""entropy"", ""class_weight"": ""balanced""}"
966,2026-06-06T06:06:23.634172+00:00,extra,ranking_total,966,5380,6,997,0.5261514934486455,771,226,0.4973833251538794,"[""V176"", ""V255"", ""V191"", ""V160"", ""V215"", ""V380""]","{""n_estimators"": 487, ""max_depth"": 5, ""min_samples_split"": 4, ""min_samples_leaf"": 9, ""criterion"": ""entropy"", ""class_weight"": null}"
967,2026-06-06T06:06:38.808383+00:00,extra,ranking_total,967,5300,7,1000,0.623128616534711,780,220,0.4921323805508581,"[""V176"", ""V255"", ""V191"", ""V160"", ""V215"", ""V380"", ""V342""]","{""n_estimators"": 52, ""max_depth"": null, ""min_samples_split"": 8, ""min_samples_leaf"": 2, ""criterion"": ""entropy"", ""class_weight"": null}"
968,2026-06-06T06:08:02.799101+00:00,extra,ranking_total,968,5485,6,997,0.5677045850467233,778,219,0.49840295904162357,"[""V176"", ""V255"", ""V191"", ""V160"", ""V215"", ""V380""]","{""n_estimators"": 317, ""max_depth"": 10, ""min_samples_split"": 4, ""min_samples_leaf"": 2, ""criterion"": ""gini"", ""class_weight"": ""balanced""}"
969,2026-06-06T06:09:33.715727+00:00,extra,ranking_total,969,5470,6,1000,0.5875142407559434,778,222,0.4960290236009074,"[""V176"", ""V255"", ""V191"", ""V160"", ""V215"", ""V380""]","{""n_estimators"": 361, ""max_depth"": 14, ""min_samples_split"": 4, ""min_samples_leaf"": 3, ""criterion"": ""gini"", ""class_weight"": null}"
970,2026-06-06T06:11:06.101299+00:00,extra,ranking_total,970,5495,7,1000,0.546975692507667,793,207,0.4970425755468822,"[""V176"", ""V255"", ""V191"", ""V160"", ""V215"", ""V380"", ""V342""]","{""n_estimators"": 399, ""max_depth"": 8, ""min_samples_split"": 3, ""min_samples_leaf"": 2, ""criterion"": ""gini"", ""class_weight"": null}"
971,2026-06-06T06:12:35.854351+00:00,extra,ranking_total,971,5375,6,998,0.5379089414440936,771,227,0.49966103736211426,"[""V176"", ""V255"", ""V191"", ""V160"", ""V215"", ""V380""]","{""n_estimators"": 341, ""max_depth"": 6, ""min_samples_split"": 9, ""min_samples_leaf"": 4, ""criterion"": ""gini"", ""class_weight"": ""balanced""}"
972,2026-06-06T06:13:52.754659+00:00,extra,ranking_total,972,5510,7,1000,0.5300830926775768,794,206,0.49725715491639333,"[""V176"", ""V255"", ""V191"", ""V160"", ""V215"", ""V380"", ""V342""]","{""n_estimators"": 336, ""max_depth"": 6, ""min_samples_split"": 2, ""min_samples_leaf"": 7, ""criterion"": ""gini"", ""class_weight"": null}"
973,2026-06-06T06:14:50.952628+00:00,extra,ranking_total,973,5410,6,1000,0.5601534702188358,774,226,0.4968963422509365,"[""V176"", ""V255"", ""V191"", ""V160"", ""V215"", ""V380""]","{""n_estimators"": 236, ""max_depth"": 13, ""min_samples_split"": 5, ""min_samples_leaf"": 8, ""criterion"": ""gini"", ""class_weight"": null}"
974,2026-06-06T06:16:44.352891+00:00,extra,ranking_total,974,5380,6,997,0.5230227504823111,771,226,0.4973529944512005,"[""V176"", ""V255"", ""V191"", ""V160"", ""V215"", ""V380""]","{""n_estimators"": 490, ""max_depth"": 4, ""min_samples_split"": 3, ""min_samples_leaf"": 1, ""criterion"": ""gini"", ""class_weight"": null}"
975,2026-06-06T06:17:39.002920+00:00,extra,ranking_total,975,5465,7,1000,0.5405182177594332,791,209,0.4971791191907194,"[""V176"", ""V255"", ""V191"", ""V160"", ""V215"", ""V380"", ""V342""]","{""n_estimators"": 234, ""max_depth"": 7, ""min_samples_split"": 5, ""min_samples_leaf"": 1, ""criterion"": ""gini"", ""class_weight"": null}"
976,2026-06-06T06:19:08.498598+00:00,extra,ranking_total,976,5390,7,1000,0.5491840279563173,786,214,0.4991556658704098,"[""V176"", ""V255"", ""V191"", ""V160"", ""V215"", ""V380"", ""V342""]","{""n_estimators"": 337, ""max_depth"": 9, ""min_samples_split"": 3, ""min_samples_leaf"": 6, ""criterion"": ""gini"", ""class_weight"": ""balanced""}"
977,2026-06-06T06:20:02.942338+00:00,extra,ranking_total,977,5455,6,1000,0.5428290672090812,777,223,0.49940853212478953,"[""V176"", ""V255"", ""V191"", ""V160"", ""V215"", ""V380""]","{""n_estimators"": 210, ""max_depth"": 7, ""min_samples_split"": 6, ""min_samples_leaf"": 4, ""criterion"": ""gini"", ""class_weight"": ""balanced""}"
978,2026-06-06T06:20:46.152175+00:00,extra,ranking_total,978,5395,7,999,0.5689075758830523,786,213,0.4960748728786597,"[""V176"", ""V255"", ""V191"", ""V160"", ""V215"", ""V380"", ""V342""]","{""n_estimators"": 177, ""max_depth"": 12, ""min_samples_split"": 7, ""min_samples_leaf"": 3, ""criterion"": ""gini"", ""class_weight"": null}"
979,2026-06-06T06:21:37.937821+00:00,extra,ranking_total,979,5395,6,1000,0.5654807814415173,773,227,0.49896188703725763,"[""V176"", ""V255"", ""V191"", ""V160"", ""V215"", ""V380""]","{""n_estimators"": 194, ""max_depth"": 11, ""min_samples_split"": 7, ""min_samples_leaf"": 5, ""criterion"": ""gini"", ""class_weight"": ""balanced""}"
980,2026-06-06T06:23:35.756552+00:00,extra,ranking_total,980,5420,7,1000,0.5488843636278561,788,212,0.4992175357395177,"[""V176"", ""V255"", ""V191"", ""V160"", ""V215"", ""V380"", ""V342""]","{""n_estimators"": 431, ""max_depth"": 9, ""min_samples_split"": 2, ""min_samples_leaf"": 5, ""criterion"": ""gini"", ""class_weight"": ""balanced""}"
981,2026-06-06T06:24:18.351915+00:00,extra,ranking_total,981,5435,6,998,0.5543318656972983,775,223,0.4991803380448241,"[""V176"", ""V255"", ""V191"", ""V160"", ""V215"", ""V380""]","{""n_estimators"": 159, ""max_depth"": 8, ""min_samples_split"": 9, ""min_samples_leaf"": 1, ""criterion"": ""entropy"", ""class_weight"": ""balanced""}"
982,2026-06-06T06:25:04.168028+00:00,extra,ranking_total,982,5405,4,1000,0.5409314235559834,747,253,0.49970428491544,"[""V176"", ""V255"", ""V191"", ""V160""]","{""n_estimators"": 172, ""max_depth"": 5, ""min_samples_split"": 5, ""min_samples_leaf"": 2, ""criterion"": ""gini"", ""class_weight"": ""balanced""}"
983,2026-06-06T06:25:24.270794+00:00,extra,ranking_total,983,5385,6,999,0.5655134929053824,772,227,0.496596337844779,"[""V176"", ""V255"", ""V191"", ""V160"", ""V215"", ""V380""]","{""n_estimators"": 84, ""max_depth"": 10, ""min_samples_split"": 9, ""min_samples_leaf"": 2, ""criterion"": ""gini"", ""class_weight"": null}"
984,2026-06-06T06:27:25.040920+00:00,extra,ranking_total,984,5455,6,1000,0.560917018181923,777,223,0.4968078724023588,"[""V176"", ""V255"", ""V191"", ""V160"", ""V215"", ""V380""]","{""n_estimators"": 499, ""max_depth"": 12, ""min_samples_split"": 4, ""min_samples_leaf"": 7, ""criterion"": ""entropy"", ""class_weight"": null}"
985,2026-06-06T06:29:26.713078+00:00,extra,ranking_total,985,5430,6,999,0.5861681884537554,775,224,0.49564002827812254,"[""V176"", ""V255"", ""V191"", ""V160"", ""V215"", ""V380""]","{""n_estimators"": 492, ""max_depth"": 14, ""min_samples_split"": 3, ""min_samples_leaf"": 3, ""criterion"": ""gini"", ""class_weight"": null}"
986,2026-06-06T06:29:54.859277+00:00,extra,ranking_total,986,5520,7,998,0.5330321921090145,794,204,0.4973591629822362,"[""V176"", ""V255"", ""V191"", ""V160"", ""V215"", ""V380"", ""V342""]","{""n_estimators"": 120, ""max_depth"": 7, ""min_samples_split"": 5, ""min_samples_leaf"": 8, ""criterion"": ""gini"", ""class_weight"": null}"
987,2026-06-06T06:31:38.507095+00:00,extra,ranking_total,987,5400,7,998,0.5139127191804832,786,212,0.4975149318323348,"[""V176"", ""V255"", ""V191"", ""V160"", ""V215"", ""V380"", ""V342""]","{""n_estimators"": 457, ""max_depth"": 3, ""min_samples_split"": 9, ""min_samples_leaf"": 3, ""criterion"": ""gini"", ""class_weight"": null}"
988,2026-06-06T06:33:48.340211+00:00,extra,ranking_total,988,5530,7,999,0.5517475703130161,795,204,0.4992144186839184,"[""V176"", ""V255"", ""V191"", ""V160"", ""V215"", ""V380"", ""V342""]","{""n_estimators"": 485, ""max_depth"": 10, ""min_samples_split"": 9, ""min_samples_leaf"": 7, ""criterion"": ""gini"", ""class_weight"": ""balanced""}"
989,2026-06-06T06:35:36.997050+00:00,extra,ranking_total,989,5335,6,1000,0.5337638584973736,769,231,0.4997372500919604,"[""V176"", ""V255"", ""V191"", ""V160"", ""V215"", ""V380""]","{""n_estimators"": 409, ""max_depth"": 6, ""min_samples_split"": 5, ""min_samples_leaf"": 9, ""criterion"": ""gini"", ""class_weight"": ""balanced""}"
990,2026-06-06T06:37:03.077121+00:00,extra,ranking_total,990,5395,6,1000,0.5164461814641236,773,227,0.4974906676854117,"[""V176"", ""V255"", ""V191"", ""V160"", ""V215"", ""V380""]","{""n_estimators"": 379, ""max_depth"": 3, ""min_samples_split"": 6, ""min_samples_leaf"": 4, ""criterion"": ""gini"", ""class_weight"": null}"
991,2026-06-06T06:38:38.576268+00:00,extra,ranking_total,991,5500,6,1000,0.5669038508011945,780,220,0.49606977670868657,"[""V176"", ""V255"", ""V191"", ""V160"", ""V215"", ""V380""]","{""n_estimators"": 394, ""max_depth"": 10, ""min_samples_split"": 2, ""min_samples_leaf"": 1, ""criterion"": ""gini"", ""class_weight"": null}"
992,2026-06-06T06:40:44.828557+00:00,extra,ranking_total,992,5390,4,1000,0.5351616170550018,746,254,0.4998732560450475,"[""V176"", ""V255"", ""V191"", ""V160""]","{""n_estimators"": 480, ""max_depth"": 4, ""min_samples_split"": 2, ""min_samples_leaf"": 1, ""criterion"": ""entropy"", ""class_weight"": ""balanced""}"
993,2026-06-06T06:42:06.326966+00:00,extra,ranking_total,993,5365,4,996,0.5379069326667731,743,253,0.49972335490065223,"[""V176"", ""V255"", ""V191"", ""V160""]","{""n_estimators"": 317, ""max_depth"": 5, ""min_samples_split"": 6, ""min_samples_leaf"": 8, ""criterion"": ""entropy"", ""class_weight"": ""balanced""}"
994,2026-06-06T06:44:24.081799+00:00,extra,ranking_total,994,5350,7,999,0.5874364719846785,783,216,0.4968823484725197,"[""V176"", ""V255"", ""V191"", ""V160"", ""V215"", ""V380"", ""V342""]","{""n_estimators"": 482, ""max_depth"": null, ""min_samples_split"": 5, ""min_samples_leaf"": 4, ""criterion"": ""gini"", ""class_weight"": ""balanced""}"
995,2026-06-06T06:45:01.842885+00:00,extra,ranking_total,995,5330,3,998,0.5181216661103634,728,270,0.4975681003830968,"[""V176"", ""V255"", ""V191""]","{""n_estimators"": 159, ""max_depth"": 4, ""min_samples_split"": 9, ""min_samples_leaf"": 2, ""criterion"": ""entropy"", ""class_weight"": null}"
996,2026-06-06T06:45:18.429312+00:00,extra,ranking_total,996,5390,4,1000,0.5334633385165487,746,254,0.4998121402649741,"[""V176"", ""V255"", ""V191"", ""V160""]","{""n_estimators"": 59, ""max_depth"": 4, ""min_samples_split"": 7, ""min_samples_leaf"": 7, ""criterion"": ""entropy"", ""class_weight"": ""balanced""}"
997,2026-06-06T06:47:01.963070+00:00,extra,ranking_total,997,5405,7,1000,0.5435151089919785,787,213,0.499364064318447,"[""V176"", ""V255"", ""V191"", ""V160"", ""V215"", ""V380"", ""V342""]","{""n_estimators"": 395, ""max_depth"": 9, ""min_samples_split"": 7, ""min_samples_leaf"": 8, ""criterion"": ""entropy"", ""class_weight"": ""balanced""}"
998,2026-06-06T06:47:41.090194+00:00,extra,ranking_total,998,5510,7,1000,0.5432916306957873,794,206,0.4970750543412225,"[""V176"", ""V255"", ""V191"", ""V160"", ""V215"", ""V380"", ""V342""]","{""n_estimators"": 166, ""max_depth"": 9, ""min_samples_split"": 8, ""min_samples_leaf"": 6, ""criterion"": ""entropy"", ""class_weight"": null}"
999,2026-06-06T06:49:14.377322+00:00,extra,ranking_total,999,5380,7,999,0.5196553382519556,785,214,0.49743473932093785,"[""V176"", ""V255"", ""V191"", ""V160"", ""V215"", ""V380"", ""V342""]","{""n_estimators"": 401, ""max_depth"": 4, ""min_samples_split"": 8, ""min_samples_leaf"": 5, ""criterion"": ""entropy"", ""class_weight"": null}"
1000,2026-06-06T06:51:14.515810+00:00,extra,ranking_total,1000,5450,7,1000,0.5617116881339573,790,210,0.4964875058636872,"[""V176"", ""V255"", ""V191"", ""V160"", ""V215"", ""V380"", ""V342""]","{""n_estimators"": 498, ""max_depth"": 14, ""min_samples_split"": 6, ""min_samples_leaf"": 6, ""criterion"": ""gini"", ""class_weight"": null}"
