trial_id,timestamp_utc,model_type,ranking,random_seed,score,k,N,threshold,tp,fp,p_oof_mean,features,hyperparameters
1,2026-06-05T11:14:42.728583+00:00,lgbm,ranking_total,1,4635,6,999,0.8565707938602765,722,277,0.4976651165097316,"[""V176"", ""V255"", ""V191"", ""V160"", ""V215"", ""V380""]","{""n_estimators"": 272, ""learning_rate"": 0.11892669273375274, ""num_leaves"": 84, ""min_child_samples"": 13, ""colsample_bytree"": 0.9289728088113784, ""reg_alpha"": 0.8472517387841254, ""reg_lambda"": 1.7471273935719447}"
2,2026-06-05T11:15:14.121629+00:00,lgbm,ranking_total,2,4890,7,995,0.8787984463099934,751,244,0.4959451644656856,"[""V176"", ""V255"", ""V191"", ""V160"", ""V215"", ""V380"", ""V342""]","{""n_estimators"": 137, ""learning_rate"": 0.17957772164083027, ""num_leaves"": 92, ""min_child_samples"": 19, ""colsample_bytree"": 0.6511662863159199, ""reg_alpha"": 0.14675589081711304, ""reg_lambda"": 0.6846771895375956}"
3,2026-06-05T11:16:08.816058+00:00,lgbm,ranking_total,3,4790,7,1000,0.8157071231937074,746,254,0.49332239981583087,"[""V176"", ""V255"", ""V191"", ""V160"", ""V215"", ""V380"", ""V342""]","{""n_estimators"": 268, ""learning_rate"": 0.05776231172598103, ""num_leaves"": 92, ""min_child_samples"": 32, ""colsample_bytree"": 0.973865305763939, ""reg_alpha"": 0.48474909678375566, ""reg_lambda"": 1.1410728742232146}"
4,2026-06-05T11:16:56.988156+00:00,lgbm,ranking_total,4,4640,7,1000,0.8490902198576536,736,264,0.4965427585296942,"[""V176"", ""V255"", ""V191"", ""V160"", ""V215"", ""V380"", ""V342""]","{""n_estimators"": 252, ""learning_rate"": 0.13622217339271572, ""num_leaves"": 76, ""min_child_samples"": 18, ""colsample_bytree"": 0.7554138025988315, ""reg_alpha"": 0.8929469543476547, ""reg_lambda"": 2.292586177866876}"
5,2026-06-05T11:17:47.517999+00:00,lgbm,ranking_total,5,4675,6,997,0.8791486776449329,724,273,0.5010764140035817,"[""V176"", ""V255"", ""V191"", ""V160"", ""V215"", ""V380""]","{""n_estimators"": 222, ""learning_rate"": 0.16509321832720067, ""num_leaves"": 89, ""min_child_samples"": 11, ""colsample_bytree"": 0.9278104741678237, ""reg_alpha"": 0.6090356014499725, ""reg_lambda"": 1.6951124104274733}"
6,2026-06-05T11:18:18.029850+00:00,lgbm,ranking_total,6,4845,7,995,0.8414250093291559,748,247,0.5007578044337986,"[""V176"", ""V255"", ""V191"", ""V160"", ""V215"", ""V380"", ""V342""]","{""n_estimators"": 306, ""learning_rate"": 0.16060984592660646, ""num_leaves"": 36, ""min_child_samples"": 19, ""colsample_bytree"": 0.7442055943974146, ""reg_alpha"": 0.6117438629026457, ""reg_lambda"": 2.031815712960631}"
7,2026-06-05T11:19:25.830543+00:00,lgbm,ranking_total,7,4670,7,1000,0.8706288161811234,738,262,0.4934881374166711,"[""V176"", ""V255"", ""V191"", ""V160"", ""V215"", ""V380"", ""V342""]","{""n_estimators"": 301, ""learning_rate"": 0.07979697079517659, ""num_leaves"": 99, ""min_child_samples"": 26, ""colsample_bytree"": 0.9925144076163026, ""reg_alpha"": 0.09947169221801577, ""reg_lambda"": 1.7169472339571628}"
8,2026-06-05T11:20:21.121814+00:00,lgbm,ranking_total,8,4710,7,998,0.7989394591256851,740,258,0.4944332434096506,"[""V176"", ""V255"", ""V191"", ""V160"", ""V215"", ""V380"", ""V342""]","{""n_estimators"": 275, ""learning_rate"": 0.06410086197396977, ""num_leaves"": 87, ""min_child_samples"": 29, ""colsample_bytree"": 0.8617325889154706, ""reg_alpha"": 0.9779895119966027, ""reg_lambda"": 1.5769917408208673}"
9,2026-06-05T11:21:06.870272+00:00,lgbm,ranking_total,9,4695,8,1000,0.8258935751153897,753,247,0.49412394575101426,"[""V176"", ""V255"", ""V191"", ""V160"", ""V215"", ""V380"", ""V342"", ""V483""]","{""n_estimators"": 233, ""learning_rate"": 0.08662754609903955, ""num_leaves"": 83, ""min_child_samples"": 31, ""colsample_bytree"": 0.8830314628867483, ""reg_alpha"": 0.40192511322106916, ""reg_lambda"": 2.24417716977584}"
10,2026-06-05T11:21:47.496275+00:00,lgbm,ranking_total,10,4765,7,999,0.8319558099083477,744,255,0.4943145062263771,"[""V176"", ""V255"", ""V191"", ""V160"", ""V215"", ""V380"", ""V342""]","{""n_estimators"": 226, ""learning_rate"": 0.1048695546713918, ""num_leaves"": 76, ""min_child_samples"": 32, ""colsample_bytree"": 0.5710555427272692, ""reg_alpha"": 0.21855867562607822, ""reg_lambda"": 1.337016361020905}"
11,2026-06-05T11:22:24.043716+00:00,lgbm,ranking_total,11,4955,7,1000,0.7858455461210551,757,243,0.5033742612988658,"[""V176"", ""V255"", ""V191"", ""V160"", ""V215"", ""V380"", ""V342""]","{""n_estimators"": 365, ""learning_rate"": 0.07481417278284423, ""num_leaves"": 35, ""min_child_samples"": 10, ""colsample_bytree"": 0.7215074738443041, ""reg_alpha"": 0.8319113589712009, ""reg_lambda"": 1.6666434738754725}"
12,2026-06-05T11:23:20.062591+00:00,lgbm,ranking_total,12,4865,7,1000,0.783728886187365,751,249,0.49779663991992146,"[""V176"", ""V255"", ""V191"", ""V160"", ""V215"", ""V380"", ""V342""]","{""n_estimators"": 291, ""learning_rate"": 0.032921286223143685, ""num_leaves"": 75, ""min_child_samples"": 23, ""colsample_bytree"": 0.9631414801634982, ""reg_alpha"": 0.10517515603771133, ""reg_lambda"": 0.9514254333493233}"
13,2026-06-05T11:23:41.905992+00:00,lgbm,ranking_total,13,4865,7,1000,0.8062649193631827,751,249,0.5056839116253398,"[""V176"", ""V255"", ""V191"", ""V160"", ""V215"", ""V380"", ""V342""]","{""n_estimators"": 255, ""learning_rate"": 0.14100745447731072, ""num_leaves"": 22, ""min_child_samples"": 13, ""colsample_bytree"": 0.8618009016460737, ""reg_alpha"": 0.3504782760049925, ""reg_lambda"": 0.5679283425318427}"
14,2026-06-05T11:24:16.028970+00:00,lgbm,ranking_total,14,4690,6,1000,0.7736522347530729,726,274,0.4995611153089375,"[""V176"", ""V255"", ""V191"", ""V160"", ""V215"", ""V380""]","{""n_estimators"": 276, ""learning_rate"": 0.06563118300523685, ""num_leaves"": 45, ""min_child_samples"": 45, ""colsample_bytree"": 0.8758307569065782, ""reg_alpha"": 0.6073433442080506, ""reg_lambda"": 2.088042700910767}"
15,2026-06-05T11:24:39.593853+00:00,lgbm,ranking_total,15,4785,7,989,0.8521703997862599,742,247,0.5020604340121385,"[""V176"", ""V255"", ""V191"", ""V160"", ""V215"", ""V380"", ""V342""]","{""n_estimators"": 207, ""learning_rate"": 0.16828401577453878, ""num_leaves"": 42, ""min_child_samples"": 17, ""colsample_bytree"": 0.6831411980392297, ""reg_alpha"": 0.1490051098893279, ""reg_lambda"": 0.9025715136170944}"
16,2026-06-05T11:25:00.711384+00:00,lgbm,ranking_total,16,4985,5,993,0.7358724212593934,730,263,0.49935701299785284,"[""V176"", ""V255"", ""V191"", ""V160"", ""V215""]","{""n_estimators"": 345, ""learning_rate"": 0.05683438873814977, ""num_leaves"": 20, ""min_child_samples"": 38, ""colsample_bytree"": 0.9093058864600991, ""reg_alpha"": 0.9266428241878765, ""reg_lambda"": 0.5499060646581486}"
17,2026-06-05T11:26:03.452116+00:00,lgbm,ranking_total,17,4795,7,999,0.841346372838072,746,253,0.4980402262073696,"[""V176"", ""V255"", ""V191"", ""V160"", ""V215"", ""V380"", ""V342""]","{""n_estimators"": 269, ""learning_rate"": 0.0789984238779135, ""num_leaves"": 89, ""min_child_samples"": 11, ""colsample_bytree"": 0.6543083900421931, ""reg_alpha"": 0.1391945731694164, ""reg_lambda"": 1.9089282784325023}"
18,2026-06-05T11:26:19.815629+00:00,lgbm,ranking_total,18,5260,5,998,0.7239728485166477,750,248,0.4998299358273229,"[""V176"", ""V255"", ""V191"", ""V160"", ""V215""]","{""n_estimators"": 211, ""learning_rate"": 0.057266665768534036, ""num_leaves"": 26, ""min_child_samples"": 32, ""colsample_bytree"": 0.9444324115958078, ""reg_alpha"": 0.8068213297947158, ""reg_lambda"": 1.3204465010215867}"
19,2026-06-05T11:27:49.009443+00:00,lgbm,ranking_total,19,4910,7,1000,0.807952421060218,754,246,0.49996380314810884,"[""V176"", ""V255"", ""V191"", ""V160"", ""V215"", ""V380"", ""V342""]","{""n_estimators"": 398, ""learning_rate"": 0.04140161511166397, ""num_leaves"": 89, ""min_child_samples"": 12, ""colsample_bytree"": 0.6019862024118613, ""reg_alpha"": 0.011506733790797474, ""reg_lambda"": 1.3537829665526069}"
20,2026-06-05T11:28:18.346000+00:00,lgbm,ranking_total,20,4955,7,1000,0.7983309337364556,757,243,0.4960442894546675,"[""V176"", ""V255"", ""V191"", ""V160"", ""V215"", ""V380"", ""V342""]","{""n_estimators"": 193, ""learning_rate"": 0.09457023444911432, ""num_leaves"": 60, ""min_child_samples"": 29, ""colsample_bytree"": 0.5690658437381597, ""reg_alpha"": 0.33144656327093147, ""reg_lambda"": 0.6659991300137857}"
21,2026-06-05T11:28:47.810642+00:00,lgbm,ranking_total,21,4775,7,1000,0.8502444156695084,745,255,0.5022341935732315,"[""V176"", ""V255"", ""V191"", ""V160"", ""V215"", ""V380"", ""V342""]","{""n_estimators"": 371, ""learning_rate"": 0.17316184098817117, ""num_leaves"": 29, ""min_child_samples"": 30, ""colsample_bytree"": 0.5179447928084266, ""reg_alpha"": 0.6917575817588839, ""reg_lambda"": 1.2573618840108163}"
22,2026-06-05T11:29:38.374561+00:00,lgbm,ranking_total,22,4615,7,999,0.8138895086173156,734,265,0.4925177162058995,"[""V176"", ""V255"", ""V191"", ""V160"", ""V215"", ""V380"", ""V342""]","{""n_estimators"": 307, ""learning_rate"": 0.07336644896847253, ""num_leaves"": 68, ""min_child_samples"": 45, ""colsample_bytree"": 0.6029613826337195, ""reg_alpha"": 0.0507732566953768, ""reg_lambda"": 1.1045437879292337}"
23,2026-06-05T11:29:56.213596+00:00,lgbm,ranking_total,23,4925,5,999,0.7673914617778842,728,271,0.49938896298820257,"[""V176"", ""V255"", ""V191"", ""V160"", ""V215""]","{""n_estimators"": 232, ""learning_rate"": 0.10225215926450489, ""num_leaves"": 28, ""min_child_samples"": 41, ""colsample_bytree"": 0.9466550919060888, ""reg_alpha"": 0.23463765301586204, ""reg_lambda"": 0.5227931621730999}"
24,2026-06-05T11:30:26.251639+00:00,lgbm,ranking_total,24,4700,7,1000,0.8418725383142466,740,260,0.4969916907304365,"[""V176"", ""V255"", ""V191"", ""V160"", ""V215"", ""V380"", ""V342""]","{""n_estimators"": 183, ""learning_rate"": 0.13036456877026253, ""num_leaves"": 93, ""min_child_samples"": 41, ""colsample_bytree"": 0.7869541914054952, ""reg_alpha"": 0.441913684354887, ""reg_lambda"": 0.8679902876487255}"
25,2026-06-05T11:30:57.685744+00:00,lgbm,ranking_total,25,5045,7,1000,0.7475123703165066,763,237,0.5001073042178368,"[""V176"", ""V255"", ""V191"", ""V160"", ""V215"", ""V380"", ""V342""]","{""n_estimators"": 292, ""learning_rate"": 0.03792819298788975, ""num_leaves"": 37, ""min_child_samples"": 11, ""colsample_bytree"": 0.9919746345320952, ""reg_alpha"": 0.5090196634817197, ""reg_lambda"": 2.074361801094647}"
26,2026-06-05T11:31:19.612589+00:00,lgbm,ranking_total,26,4820,7,1000,0.8186294528878445,748,252,0.503172087511366,"[""V176"", ""V255"", ""V191"", ""V160"", ""V215"", ""V380"", ""V342""]","{""n_estimators"": 232, ""learning_rate"": 0.13440989611552312, ""num_leaves"": 35, ""min_child_samples"": 33, ""colsample_bytree"": 0.7055500639625566, ""reg_alpha"": 0.11737554713471554, ""reg_lambda"": 1.86993748874827}"
27,2026-06-05T11:32:22.277408+00:00,lgbm,ranking_total,27,4760,7,1000,0.8315186887882248,744,256,0.49613266529837374,"[""V176"", ""V255"", ""V191"", ""V160"", ""V215"", ""V380"", ""V342""]","{""n_estimators"": 362, ""learning_rate"": 0.0742374740931738, ""num_leaves"": 97, ""min_child_samples"": 36, ""colsample_bytree"": 0.5542495443967037, ""reg_alpha"": 0.22611233047772372, ""reg_lambda"": 2.0015694572954197}"
28,2026-06-05T11:32:38.142049+00:00,lgbm,ranking_total,28,4885,6,997,0.7489587689237034,738,259,0.49728381592239046,"[""V176"", ""V255"", ""V191"", ""V160"", ""V215"", ""V380""]","{""n_estimators"": 119, ""learning_rate"": 0.10212022596737415, ""num_leaves"": 51, ""min_child_samples"": 47, ""colsample_bytree"": 0.6922940030074893, ""reg_alpha"": 0.293847121145253, ""reg_lambda"": 2.1819386615335095}"
29,2026-06-05T11:33:18.382142+00:00,lgbm,ranking_total,29,4780,7,999,0.7819275521727245,745,254,0.4988875118715081,"[""V176"", ""V255"", ""V191"", ""V160"", ""V215"", ""V380"", ""V342""]","{""n_estimators"": 357, ""learning_rate"": 0.05562346409399763, ""num_leaves"": 42, ""min_child_samples"": 42, ""colsample_bytree"": 0.6987961843500585, ""reg_alpha"": 0.7813082062734761, ""reg_lambda"": 1.5219859633062263}"
30,2026-06-05T11:34:08.196328+00:00,lgbm,ranking_total,30,4705,7,999,0.8359069419302679,740,259,0.49564921950867347,"[""V176"", ""V255"", ""V191"", ""V160"", ""V215"", ""V380"", ""V342""]","{""n_estimators"": 336, ""learning_rate"": 0.08197486177823288, ""num_leaves"": 60, ""min_child_samples"": 42, ""colsample_bytree"": 0.7451413104411924, ""reg_alpha"": 0.33329412745160514, ""reg_lambda"": 1.1619199324642981}"
31,2026-06-05T11:35:04.246773+00:00,lgbm,ranking_total,31,4475,7,1000,0.8737707497171923,725,275,0.4970061834378854,"[""V176"", ""V255"", ""V191"", ""V160"", ""V215"", ""V380"", ""V342""]","{""n_estimators"": 393, ""learning_rate"": 0.16754669731193983, ""num_leaves"": 65, ""min_child_samples"": 22, ""colsample_bytree"": 0.5818253630513767, ""reg_alpha"": 0.9626078136743187, ""reg_lambda"": 1.1933236807595313}"
32,2026-06-05T11:35:39.690157+00:00,lgbm,ranking_total,32,4985,7,1000,0.7381674859023218,759,241,0.4979521784649858,"[""V176"", ""V255"", ""V191"", ""V160"", ""V215"", ""V380"", ""V342""]","{""n_estimators"": 310, ""learning_rate"": 0.034348740307359654, ""num_leaves"": 43, ""min_child_samples"": 38, ""colsample_bytree"": 0.6040827309523606, ""reg_alpha"": 0.13691704884382816, ""reg_lambda"": 2.3167476045798003}"
33,2026-06-05T11:36:42.424624+00:00,lgbm,ranking_total,33,4795,6,1000,0.7669792053662635,733,267,0.4964797670977783,"[""V176"", ""V255"", ""V191"", ""V160"", ""V215"", ""V380""]","{""n_estimators"": 315, ""learning_rate"": 0.03894847665657604, ""num_leaves"": 74, ""min_child_samples"": 34, ""colsample_bytree"": 0.8769978759313732, ""reg_alpha"": 0.7317397804275537, ""reg_lambda"": 1.2072022274298453}"
34,2026-06-05T11:37:07.774120+00:00,lgbm,ranking_total,34,4675,6,1000,0.8213629889981773,725,275,0.49502685681738556,"[""V176"", ""V255"", ""V191"", ""V160"", ""V215"", ""V380""]","{""n_estimators"": 120, ""learning_rate"": 0.13345238646489616, ""num_leaves"": 86, ""min_child_samples"": 28, ""colsample_bytree"": 0.960345649198814, ""reg_alpha"": 0.10994201056954023, ""reg_lambda"": 2.00184728480935}"
35,2026-06-05T11:37:38.235403+00:00,lgbm,ranking_total,35,4625,7,991,0.8239966718277623,732,259,0.4951996934853107,"[""V176"", ""V255"", ""V191"", ""V160"", ""V215"", ""V380"", ""V342""]","{""n_estimators"": 222, ""learning_rate"": 0.14701506907870124, ""num_leaves"": 88, ""min_child_samples"": 45, ""colsample_bytree"": 0.5069454241601093, ""reg_alpha"": 0.9361585360849233, ""reg_lambda"": 1.3531487634710668}"
36,2026-06-05T11:38:24.943152+00:00,lgbm,ranking_total,36,4760,7,997,0.8340881590579601,743,254,0.49325709455963823,"[""V176"", ""V255"", ""V191"", ""V160"", ""V215"", ""V380"", ""V342""]","{""n_estimators"": 301, ""learning_rate"": 0.09746926044115752, ""num_leaves"": 75, ""min_child_samples"": 43, ""colsample_bytree"": 0.623053428819122, ""reg_alpha"": 0.02812563491787612, ""reg_lambda"": 1.8921674357555305}"
37,2026-06-05T11:38:59.866012+00:00,lgbm,ranking_total,37,4925,7,1000,0.7558124413954345,755,245,0.49405460340697316,"[""V176"", ""V255"", ""V191"", ""V160"", ""V215"", ""V380"", ""V342""]","{""n_estimators"": 233, ""learning_rate"": 0.043145850153581286, ""num_leaves"": 60, ""min_child_samples"": 43, ""colsample_bytree"": 0.9123794106512273, ""reg_alpha"": 0.8630435005378658, ""reg_lambda"": 0.6824609244348792}"
38,2026-06-05T11:39:39.322557+00:00,lgbm,ranking_total,38,5015,7,1000,0.8025331690255131,761,239,0.4997130347790083,"[""V176"", ""V255"", ""V191"", ""V160"", ""V215"", ""V380"", ""V342""]","{""n_estimators"": 351, ""learning_rate"": 0.05891925434357364, ""num_leaves"": 42, ""min_child_samples"": 45, ""colsample_bytree"": 0.9290893624880314, ""reg_alpha"": 0.06693954842863636, ""reg_lambda"": 1.7493182829838358}"
39,2026-06-05T11:39:50.623142+00:00,lgbm,ranking_total,39,4940,6,998,0.7544074697405321,742,256,0.5001490730421518,"[""V176"", ""V255"", ""V191"", ""V160"", ""V215"", ""V380""]","{""n_estimators"": 153, ""learning_rate"": 0.16697481633447067, ""num_leaves"": 24, ""min_child_samples"": 12, ""colsample_bytree"": 0.7011369155110199, ""reg_alpha"": 0.9056774571982121, ""reg_lambda"": 1.549490797521574}"
40,2026-06-05T11:40:12.852602+00:00,lgbm,ranking_total,40,4850,7,991,0.8065002876961549,747,244,0.4997153882560212,"[""V176"", ""V255"", ""V191"", ""V160"", ""V215"", ""V380"", ""V342""]","{""n_estimators"": 205, ""learning_rate"": 0.14968485319239078, ""num_leaves"": 40, ""min_child_samples"": 16, ""colsample_bytree"": 0.5610249334151005, ""reg_alpha"": 0.602002006791438, ""reg_lambda"": 1.5510291667291674}"
41,2026-06-05T11:41:17.278815+00:00,lgbm,ranking_total,41,5000,7,1000,0.7795941045924868,760,240,0.4999189878397916,"[""V176"", ""V255"", ""V191"", ""V160"", ""V215"", ""V380"", ""V342""]","{""n_estimators"": 319, ""learning_rate"": 0.03830490601677901, ""num_leaves"": 76, ""min_child_samples"": 11, ""colsample_bytree"": 0.7251752934836355, ""reg_alpha"": 0.3039123053407655, ""reg_lambda"": 1.5527990485942909}"
42,2026-06-05T11:41:38.706485+00:00,lgbm,ranking_total,42,5135,5,999,0.7273973105172316,742,257,0.49757854603667356,"[""V176"", ""V255"", ""V191"", ""V160"", ""V215""]","{""n_estimators"": 180, ""learning_rate"": 0.053303901452723304, ""num_leaves"": 43, ""min_child_samples"": 31, ""colsample_bytree"": 0.8019328444744065, ""reg_alpha"": 0.19093066277973914, ""reg_lambda"": 1.8370314345206915}"
43,2026-06-05T11:41:57.662311+00:00,lgbm,ranking_total,43,4825,5,995,0.7969337177210744,720,275,0.502367825330553,"[""V176"", ""V255"", ""V191"", ""V160"", ""V215""]","{""n_estimators"": 202, ""learning_rate"": 0.1494814480290349, ""num_leaves"": 34, ""min_child_samples"": 17, ""colsample_bytree"": 0.7993292420985183, ""reg_alpha"": 0.15601864044243652, ""reg_lambda"": 0.8119890406724053}"
44,2026-06-05T11:43:09.373165+00:00,lgbm,ranking_total,44,4870,7,999,0.788376556523007,751,248,0.4954152398430839,"[""V176"", ""V255"", ""V191"", ""V160"", ""V215"", ""V380"", ""V342""]","{""n_estimators"": 355, ""learning_rate"": 0.045437213853066, ""num_leaves"": 78, ""min_child_samples"": 26, ""colsample_bytree"": 0.5860662807790155, ""reg_alpha"": 0.8110363919968716, ""reg_lambda"": 0.6494827071739764}"
45,2026-06-05T11:44:14.803126+00:00,lgbm,ranking_total,45,4955,7,1000,0.8639998726432774,757,243,0.49895358358781394,"[""V176"", ""V255"", ""V191"", ""V160"", ""V215"", ""V380"", ""V342""]","{""n_estimators"": 376, ""learning_rate"": 0.09488125596731464, ""num_leaves"": 65, ""min_child_samples"": 13, ""colsample_bytree"": 0.6802504181281428, ""reg_alpha"": 0.35931083780807194, ""reg_lambda"": 1.7184767612363034}"
46,2026-06-05T11:44:57.778557+00:00,lgbm,ranking_total,46,4565,7,1000,0.8663174751562422,731,269,0.4944131534697133,"[""V176"", ""V255"", ""V191"", ""V160"", ""V215"", ""V380"", ""V342""]","{""n_estimators"": 231, ""learning_rate"": 0.13072195002598386, ""num_leaves"": 81, ""min_child_samples"": 31, ""colsample_bytree"": 0.7222347479859015, ""reg_alpha"": 0.47280796975548534, ""reg_lambda"": 0.5970440018128917}"
47,2026-06-05T11:45:53.579951+00:00,lgbm,ranking_total,47,4670,7,1000,0.8199342624708256,738,262,0.4950306336230729,"[""V176"", ""V255"", ""V191"", ""V160"", ""V215"", ""V380"", ""V342""]","{""n_estimators"": 289, ""learning_rate"": 0.06870702382344793, ""num_leaves"": 78, ""min_child_samples"": 29, ""colsample_bytree"": 0.8790379323249089, ""reg_alpha"": 0.3130769356316798, ""reg_lambda"": 2.3744747149767953}"
48,2026-06-05T11:46:12.783958+00:00,lgbm,ranking_total,48,4970,6,998,0.7944323547689647,744,254,0.5032573132472727,"[""V176"", ""V255"", ""V191"", ""V160"", ""V215"", ""V380""]","{""n_estimators"": 235, ""learning_rate"": 0.15776362557837711, ""num_leaves"": 28, ""min_child_samples"": 18, ""colsample_bytree"": 0.91171558704774, ""reg_alpha"": 0.37206340363327506, ""reg_lambda"": 2.456519466632673}"
49,2026-06-05T11:46:31.235956+00:00,lgbm,ranking_total,49,4835,7,1000,0.7592166716457345,749,251,0.4963575470614263,"[""V176"", ""V255"", ""V191"", ""V160"", ""V215"", ""V380"", ""V342""]","{""n_estimators"": 100, ""learning_rate"": 0.09397256466549626, ""num_leaves"": 88, ""min_child_samples"": 37, ""colsample_bytree"": 0.8468884129039063, ""reg_alpha"": 0.10821174675251732, ""reg_lambda"": 2.4266630608509567}"
50,2026-06-05T11:47:23.804830+00:00,lgbm,ranking_total,50,4745,7,1000,0.8151444445288762,743,257,0.49778035513254615,"[""V176"", ""V255"", ""V191"", ""V160"", ""V215"", ""V380"", ""V342""]","{""n_estimators"": 273, ""learning_rate"": 0.06705927479427215, ""num_leaves"": 74, ""min_child_samples"": 22, ""colsample_bytree"": 0.8416383799874935, ""reg_alpha"": 0.5668846594996723, ""reg_lambda"": 1.5939317604860634}"
51,2026-06-05T11:48:01.635908+00:00,lgbm,ranking_total,51,4830,7,998,0.7644360990842264,748,250,0.4968253524535905,"[""V176"", ""V255"", ""V191"", ""V160"", ""V215"", ""V380"", ""V342""]","{""n_estimators"": 276, ""learning_rate"": 0.049376187653932466, ""num_leaves"": 53, ""min_child_samples"": 40, ""colsample_bytree"": 0.6981649548613884, ""reg_alpha"": 0.37731509769112404, ""reg_lambda"": 2.493148460309299}"
52,2026-06-05T11:48:39.158244+00:00,lgbm,ranking_total,52,4970,7,994,0.738416352389951,756,238,0.4952267376720233,"[""V176"", ""V255"", ""V191"", ""V160"", ""V215"", ""V380"", ""V342""]","{""n_estimators"": 157, ""learning_rate"": 0.03670682733044191, ""num_leaves"": 93, ""min_child_samples"": 15, ""colsample_bytree"": 0.8220098635099155, ""reg_alpha"": 0.2842129987402895, ""reg_lambda"": 2.3986756133000102}"
53,2026-06-05T11:49:11.977222+00:00,lgbm,ranking_total,53,5145,5,1000,0.7216373966853573,743,257,0.4987713760416027,"[""V176"", ""V255"", ""V191"", ""V160"", ""V215""]","{""n_estimators"": 256, ""learning_rate"": 0.0339176972354801, ""num_leaves"": 43, ""min_child_samples"": 32, ""colsample_bytree"": 0.8092108846748052, ""reg_alpha"": 0.09828446533689916, ""reg_lambda"": 1.7402626197537177}"
54,2026-06-05T11:49:31.313317+00:00,lgbm,ranking_total,54,4870,6,1000,0.7812483115406178,738,262,0.4979966819192493,"[""V176"", ""V255"", ""V191"", ""V160"", ""V215"", ""V380""]","{""n_estimators"": 125, ""learning_rate"": 0.1318132484270247, ""num_leaves"": 57, ""min_child_samples"": 32, ""colsample_bytree"": 0.8871656044790572, ""reg_alpha"": 0.7242331172209213, ""reg_lambda"": 1.4058264915266077}"
55,2026-06-05T11:49:51.838562+00:00,lgbm,ranking_total,55,4960,6,1000,0.7507127087501803,744,256,0.4995521872546625,"[""V176"", ""V255"", ""V191"", ""V160"", ""V215"", ""V380""]","{""n_estimators"": 211, ""learning_rate"": 0.059089998859807286, ""num_leaves"": 35, ""min_child_samples"": 33, ""colsample_bytree"": 0.995753733509342, ""reg_alpha"": 0.23628026998494156, ""reg_lambda"": 0.9340601111789972}"
56,2026-06-05T11:50:24.649125+00:00,lgbm,ranking_total,56,4645,6,1000,0.8581069663138003,723,277,0.497361536396221,"[""V176"", ""V255"", ""V191"", ""V160"", ""V215"", ""V380""]","{""n_estimators"": 254, ""learning_rate"": 0.17574838799846812, ""num_leaves"": 49, ""min_child_samples"": 47, ""colsample_bytree"": 0.7655619149036266, ""reg_alpha"": 0.2855442354647988, ""reg_lambda"": 2.225260754103279}"
57,2026-06-05T11:50:51.775098+00:00,lgbm,ranking_total,57,4805,7,1000,0.8144520155285028,747,253,0.5013286772157823,"[""V176"", ""V255"", ""V191"", ""V160"", ""V215"", ""V380"", ""V342""]","{""n_estimators"": 292, ""learning_rate"": 0.13105524370037064, ""num_leaves"": 34, ""min_child_samples"": 33, ""colsample_bytree"": 0.6343252668077108, ""reg_alpha"": 0.9580958892301569, ""reg_lambda"": 0.6923882048920007}"
58,2026-06-05T11:51:43.044809+00:00,lgbm,ranking_total,58,4715,7,1000,0.7915771113309887,741,259,0.49529009455438133,"[""V176"", ""V255"", ""V191"", ""V160"", ""V215"", ""V380"", ""V342""]","{""n_estimators"": 314, ""learning_rate"": 0.0645715649327592, ""num_leaves"": 99, ""min_child_samples"": 44, ""colsample_bytree"": 0.8512218801899101, ""reg_alpha"": 0.8062254678090192, ""reg_lambda"": 2.3742668599948202}"
59,2026-06-05T11:52:29.317562+00:00,lgbm,ranking_total,59,4675,7,999,0.8760165489960869,738,261,0.49808281318022785,"[""V176"", ""V255"", ""V191"", ""V160"", ""V215"", ""V380"", ""V342""]","{""n_estimators"": 391, ""learning_rate"": 0.15501320405066674, ""num_leaves"": 45, ""min_child_samples"": 24, ""colsample_bytree"": 0.9812501522735583, ""reg_alpha"": 0.9650639859718202, ""reg_lambda"": 1.57542331948331}"
60,2026-06-05T11:52:59.874983+00:00,lgbm,ranking_total,60,4880,7,1000,0.8451779965767703,752,248,0.5015810501020346,"[""V176"", ""V255"", ""V191"", ""V160"", ""V215"", ""V380"", ""V342""]","{""n_estimators"": 277, ""learning_rate"": 0.15069251815736728, ""num_leaves"": 43, ""min_child_samples"": 25, ""colsample_bytree"": 0.5420784704307291, ""reg_alpha"": 0.5735736839376276, ""reg_lambda"": 1.0638795337258256}"
61,2026-06-05T11:53:25.947256+00:00,lgbm,ranking_total,61,4635,7,992,0.8263468925810669,733,259,0.501570699165018,"[""V176"", ""V255"", ""V191"", ""V160"", ""V215"", ""V380"", ""V342""]","{""n_estimators"": 305, ""learning_rate"": 0.1461976957920333, ""num_leaves"": 30, ""min_child_samples"": 25, ""colsample_bytree"": 0.8158161776727049, ""reg_alpha"": 0.7410731581372827, ""reg_lambda"": 1.99685605463764}"
62,2026-06-05T11:53:45.618376+00:00,lgbm,ranking_total,62,4700,6,998,0.8056158926186198,726,272,0.49977101244098593,"[""V176"", ""V255"", ""V191"", ""V160"", ""V215"", ""V380""]","{""n_estimators"": 199, ""learning_rate"": 0.15936471124889298, ""num_leaves"": 36, ""min_child_samples"": 44, ""colsample_bytree"": 0.7457478194122256, ""reg_alpha"": 0.5542916208769794, ""reg_lambda"": 0.9746394593066623}"
63,2026-06-05T11:53:55.911611+00:00,lgbm,ranking_total,63,5130,7,998,0.7431212744764242,768,230,0.5003875788042976,"[""V176"", ""V255"", ""V191"", ""V160"", ""V215"", ""V380"", ""V342""]","{""n_estimators"": 118, ""learning_rate"": 0.11134514148061071, ""num_leaves"": 29, ""min_child_samples"": 21, ""colsample_bytree"": 0.7057009999048872, ""reg_alpha"": 0.6314153737307647, ""reg_lambda"": 1.081886474532268}"
64,2026-06-05T11:54:16.867866+00:00,lgbm,ranking_total,64,4800,6,999,0.7648497097041687,733,266,0.4997435335599144,"[""V176"", ""V255"", ""V191"", ""V160"", ""V215"", ""V380""]","{""n_estimators"": 144, ""learning_rate"": 0.10290383956907082, ""num_leaves"": 52, ""min_child_samples"": 27, ""colsample_bytree"": 0.9109119480588979, ""reg_alpha"": 0.747134048491792, ""reg_lambda"": 2.0710991361154134}"
65,2026-06-05T11:54:55.563370+00:00,lgbm,ranking_total,65,4605,8,1000,0.8212265259641178,747,253,0.49485409478254605,"[""V176"", ""V255"", ""V191"", ""V160"", ""V215"", ""V380"", ""V342"", ""V483""]","{""n_estimators"": 219, ""learning_rate"": 0.11277179628118034, ""num_leaves"": 71, ""min_child_samples"": 31, ""colsample_bytree"": 0.8077179242359511, ""reg_alpha"": 0.8637684234480363, ""reg_lambda"": 1.934906531793765}"
66,2026-06-05T11:55:31.757862+00:00,lgbm,ranking_total,66,5075,7,997,0.7379064469779661,764,233,0.49541461354719957,"[""V176"", ""V255"", ""V191"", ""V160"", ""V215"", ""V380"", ""V342""]","{""n_estimators"": 217, ""learning_rate"": 0.034710407925387085, ""num_leaves"": 91, ""min_child_samples"": 39, ""colsample_bytree"": 0.6516881904392051, ""reg_alpha"": 0.16295022250708835, ""reg_lambda"": 1.8986275064555331}"
67,2026-06-05T11:55:53.826766+00:00,lgbm,ranking_total,67,5045,7,1000,0.7524768251629022,763,237,0.4962315658068983,"[""V176"", ""V255"", ""V191"", ""V160"", ""V215"", ""V380"", ""V342""]","{""n_estimators"": 120, ""learning_rate"": 0.059310349896959456, ""num_leaves"": 71, ""min_child_samples"": 23, ""colsample_bytree"": 0.8395544377228157, ""reg_alpha"": 0.19445005733386767, ""reg_lambda"": 1.002420766973987}"
68,2026-06-05T11:56:17.152541+00:00,lgbm,ranking_total,68,4620,7,998,0.844505586677242,734,264,0.5013440388573832,"[""V176"", ""V255"", ""V191"", ""V160"", ""V215"", ""V380"", ""V342""]","{""n_estimators"": 302, ""learning_rate"": 0.17270294161799465, ""num_leaves"": 29, ""min_child_samples"": 37, ""colsample_bytree"": 0.529998964780309, ""reg_alpha"": 0.38627778104270893, ""reg_lambda"": 0.9262997173687113}"
69,2026-06-05T11:56:54.042768+00:00,lgbm,ranking_total,69,4925,7,997,0.7718380875055809,754,243,0.49875096373061517,"[""V176"", ""V255"", ""V191"", ""V160"", ""V215"", ""V380"", ""V342""]","{""n_estimators"": 302, ""learning_rate"": 0.05209432919976728, ""num_leaves"": 48, ""min_child_samples"": 34, ""colsample_bytree"": 0.5309588473155646, ""reg_alpha"": 0.3690112442318513, ""reg_lambda"": 1.1453328146761317}"
70,2026-06-05T11:57:23.030646+00:00,lgbm,ranking_total,70,4830,8,1000,0.810380639101488,762,238,0.493295419449057,"[""V176"", ""V255"", ""V191"", ""V160"", ""V215"", ""V380"", ""V342"", ""V483""]","{""n_estimators"": 154, ""learning_rate"": 0.09023680732667563, ""num_leaves"": 75, ""min_child_samples"": 30, ""colsample_bytree"": 0.9301618991842455, ""reg_alpha"": 0.14305329511753428, ""reg_lambda"": 1.0626445875313442}"
71,2026-06-05T11:58:18.979507+00:00,lgbm,ranking_total,71,4775,7,1000,0.8772211769526277,745,255,0.49924433728988754,"[""V176"", ""V255"", ""V191"", ""V160"", ""V215"", ""V380"", ""V342""]","{""n_estimators"": 314, ""learning_rate"": 0.16086394416138233, ""num_leaves"": 80, ""min_child_samples"": 10, ""colsample_bytree"": 0.5852866668881198, ""reg_alpha"": 0.8616193096936352, ""reg_lambda"": 0.5647805312206462}"
72,2026-06-05T11:58:55.388959+00:00,lgbm,ranking_total,72,4670,7,1000,0.8373927880044421,738,262,0.4952962951745641,"[""V176"", ""V255"", ""V191"", ""V160"", ""V215"", ""V380"", ""V342""]","{""n_estimators"": 207, ""learning_rate"": 0.14386799520246607, ""num_leaves"": 75, ""min_child_samples"": 28, ""colsample_bytree"": 0.5847643871477171, ""reg_alpha"": 0.7633312552296422, ""reg_lambda"": 0.8955616611630361}"
73,2026-06-05T12:00:05.941516+00:00,lgbm,ranking_total,73,4535,6,998,0.8729679224015312,715,283,0.49888139074771426,"[""V176"", ""V255"", ""V191"", ""V160"", ""V215"", ""V380""]","{""n_estimators"": 375, ""learning_rate"": 0.13265139499180312, ""num_leaves"": 89, ""min_child_samples"": 25, ""colsample_bytree"": 0.7063073218632174, ""reg_alpha"": 0.5878474760251806, ""reg_lambda"": 1.9321475765839922}"
74,2026-06-05T12:00:34.212752+00:00,lgbm,ranking_total,74,4930,5,998,0.7806194490758146,728,270,0.501698927575318,"[""V176"", ""V255"", ""V191"", ""V160"", ""V215""]","{""n_estimators"": 246, ""learning_rate"": 0.11079313964534203, ""num_leaves"": 36, ""min_child_samples"": 18, ""colsample_bytree"": 0.8051286135564981, ""reg_alpha"": 0.4929889836111917, ""reg_lambda"": 0.9289239955828703}"
75,2026-06-05T12:00:51.185763+00:00,lgbm,ranking_total,75,4790,5,996,0.7764760682626737,718,278,0.49982159634442225,"[""V176"", ""V255"", ""V191"", ""V160"", ""V215""]","{""n_estimators"": 237, ""learning_rate"": 0.16973444274872976, ""num_leaves"": 24, ""min_child_samples"": 19, ""colsample_bytree"": 0.7757866540881264, ""reg_alpha"": 0.6891046897349038, ""reg_lambda"": 2.1964777814363656}"
76,2026-06-05T12:01:19.659027+00:00,lgbm,ranking_total,76,4700,7,1000,0.8220617550341323,740,260,0.5017519247713687,"[""V176"", ""V255"", ""V191"", ""V160"", ""V215"", ""V380"", ""V342""]","{""n_estimators"": 348, ""learning_rate"": 0.136833756416251, ""num_leaves"": 28, ""min_child_samples"": 10, ""colsample_bytree"": 0.9648290885870345, ""reg_alpha"": 0.6796920413761299, ""reg_lambda"": 1.5885516328496678}"
77,2026-06-05T12:01:41.463887+00:00,lgbm,ranking_total,77,4845,6,996,0.7595301037940991,735,261,0.5004477908270735,"[""V176"", ""V255"", ""V191"", ""V160"", ""V215"", ""V380""]","{""n_estimators"": 261, ""learning_rate"": 0.10769894579684795, ""num_leaves"": 20, ""min_child_samples"": 36, ""colsample_bytree"": 0.8560135409001765, ""reg_alpha"": 0.35924847506220126, ""reg_lambda"": 2.213371037875266}"
78,2026-06-05T12:02:28.283872+00:00,lgbm,ranking_total,78,4950,5,1000,0.7477829338305315,730,270,0.4972266910218166,"[""V176"", ""V255"", ""V191"", ""V160"", ""V215""]","{""n_estimators"": 315, ""learning_rate"": 0.034854890676806416, ""num_leaves"": 57, ""min_child_samples"": 34, ""colsample_bytree"": 0.9040251824532433, ""reg_alpha"": 0.34115110179783437, ""reg_lambda"": 2.2779641647063333}"
79,2026-06-05T12:03:12.847701+00:00,lgbm,ranking_total,79,4640,6,998,0.8814390570374493,722,276,0.4981716483239118,"[""V176"", ""V255"", ""V191"", ""V160"", ""V215"", ""V380""]","{""n_estimators"": 297, ""learning_rate"": 0.16309995384621956, ""num_leaves"": 60, ""min_child_samples"": 39, ""colsample_bytree"": 0.9826486250781302, ""reg_alpha"": 0.4440198242192893, ""reg_lambda"": 2.1624697531216963}"
80,2026-06-05T12:03:43.747720+00:00,lgbm,ranking_total,80,4775,7,997,0.8022450897875312,744,253,0.4995084415924428,"[""V176"", ""V255"", ""V191"", ""V160"", ""V215"", ""V380"", ""V342""]","{""n_estimators"": 289, ""learning_rate"": 0.10021011389221726, ""num_leaves"": 40, ""min_child_samples"": 34, ""colsample_bytree"": 0.574589082726054, ""reg_alpha"": 0.820277935819415, ""reg_lambda"": 1.1427280632192758}"
81,2026-06-05T12:04:08.073564+00:00,lgbm,ranking_total,81,4865,7,1000,0.8036734411378207,751,249,0.5027628593169967,"[""V176"", ""V255"", ""V191"", ""V160"", ""V215"", ""V380"", ""V342""]","{""n_estimators"": 275, ""learning_rate"": 0.13142344873332196, ""num_leaves"": 30, ""min_child_samples"": 13, ""colsample_bytree"": 0.8989686329218449, ""reg_alpha"": 0.8825398436572417, ""reg_lambda"": 1.9820235999174913}"
82,2026-06-05T12:05:14.347904+00:00,lgbm,ranking_total,82,4640,7,1000,0.8558864441057176,736,264,0.49610514456117755,"[""V176"", ""V255"", ""V191"", ""V160"", ""V215"", ""V380"", ""V342""]","{""n_estimators"": 293, ""learning_rate"": 0.08112733150339524, ""num_leaves"": 95, ""min_child_samples"": 21, ""colsample_bytree"": 0.9569095928225133, ""reg_alpha"": 0.8374647283763942, ""reg_lambda"": 0.6189761314498119}"
83,2026-06-05T12:05:44.881348+00:00,lgbm,ranking_total,83,5010,7,998,0.749271254572285,760,238,0.498450829673521,"[""V176"", ""V255"", ""V191"", ""V160"", ""V215"", ""V380"", ""V342""]","{""n_estimators"": 231, ""learning_rate"": 0.04320206370863776, ""num_leaves"": 47, ""min_child_samples"": 23, ""colsample_bytree"": 0.8903221293465879, ""reg_alpha"": 0.7757529055931681, ""reg_lambda"": 1.8112362021078747}"
84,2026-06-05T12:06:14.329463+00:00,lgbm,ranking_total,84,4840,7,999,0.835540760720088,749,250,0.5040699262322526,"[""V176"", ""V255"", ""V191"", ""V160"", ""V215"", ""V380"", ""V342""]","{""n_estimators"": 182, ""learning_rate"": 0.11484862523204188, ""num_leaves"": 59, ""min_child_samples"": 10, ""colsample_bytree"": 0.9534267514092118, ""reg_alpha"": 0.27373308559780285, ""reg_lambda"": 0.6564112805826088}"
85,2026-06-05T12:07:41.103107+00:00,lgbm,ranking_total,85,4775,7,1000,0.8913606785440371,745,255,0.4966019476501804,"[""V176"", ""V255"", ""V191"", ""V160"", ""V215"", ""V380"", ""V342""]","{""n_estimators"": 341, ""learning_rate"": 0.08553634741733987, ""num_leaves"": 98, ""min_child_samples"": 10, ""colsample_bytree"": 0.8633781937159153, ""reg_alpha"": 0.2754019958793309, ""reg_lambda"": 0.7196162679540223}"
86,2026-06-05T12:08:28.929068+00:00,lgbm,ranking_total,86,4730,7,1000,0.8621525077690011,742,258,0.4975029380769317,"[""V176"", ""V255"", ""V191"", ""V160"", ""V215"", ""V380"", ""V342""]","{""n_estimators"": 260, ""learning_rate"": 0.10634296029681105, ""num_leaves"": 71, ""min_child_samples"": 23, ""colsample_bytree"": 0.8268993561962978, ""reg_alpha"": 0.2735065343522666, ""reg_lambda"": 1.5462521567000684}"
87,2026-06-05T12:09:08.805664+00:00,lgbm,ranking_total,87,4520,7,1000,0.8406046640600473,728,272,0.49706772557661477,"[""V176"", ""V255"", ""V191"", ""V160"", ""V215"", ""V380"", ""V342""]","{""n_estimators"": 248, ""learning_rate"": 0.17896065653163168, ""num_leaves"": 48, ""min_child_samples"": 45, ""colsample_bytree"": 0.5564031219280988, ""reg_alpha"": 0.7280879037635531, ""reg_lambda"": 2.0669811168921286}"
88,2026-06-05T12:09:30.889230+00:00,lgbm,ranking_total,88,4895,7,997,0.75897217958262,752,245,0.5017916368781649,"[""V176"", ""V255"", ""V191"", ""V160"", ""V215"", ""V380"", ""V342""]","{""n_estimators"": 287, ""learning_rate"": 0.07100475866817983, ""num_leaves"": 26, ""min_child_samples"": 16, ""colsample_bytree"": 0.7822822080580327, ""reg_alpha"": 0.6237014596808104, ""reg_lambda"": 2.3579493693627853}"
89,2026-06-05T12:10:12.582220+00:00,lgbm,ranking_total,89,4685,7,1000,0.8602476294405208,739,261,0.4962448040124117,"[""V176"", ""V255"", ""V191"", ""V160"", ""V215"", ""V380"", ""V342""]","{""n_estimators"": 388, ""learning_rate"": 0.10607245323196202, ""num_leaves"": 40, ""min_child_samples"": 47, ""colsample_bytree"": 0.8611118260770707, ""reg_alpha"": 0.23140504743380175, ""reg_lambda"": 0.7602565842470284}"
90,2026-06-05T12:10:56.003155+00:00,lgbm,ranking_total,90,4795,6,1000,0.8010110199542846,733,267,0.4982495815603116,"[""V176"", ""V255"", ""V191"", ""V160"", ""V215"", ""V380""]","{""n_estimators"": 386, ""learning_rate"": 0.06839057014675053, ""num_leaves"": 42, ""min_child_samples"": 47, ""colsample_bytree"": 0.8174003867960912, ""reg_alpha"": 0.24792124342910993, ""reg_lambda"": 1.1608573966115001}"
91,2026-06-05T12:11:34.246256+00:00,lgbm,ranking_total,91,4915,7,999,0.7863586892714602,754,245,0.4944450356464337,"[""V176"", ""V255"", ""V191"", ""V160"", ""V215"", ""V380"", ""V342""]","{""n_estimators"": 257, ""learning_rate"": 0.053652849151411094, ""num_leaves"": 87, ""min_child_samples"": 49, ""colsample_bytree"": 0.9522488654026469, ""reg_alpha"": 0.18607826266704097, ""reg_lambda"": 1.0354190288263234}"
92,2026-06-05T12:12:09.337510+00:00,lgbm,ranking_total,92,4610,7,1000,0.8686480957950318,734,266,0.49589940449499526,"[""V176"", ""V255"", ""V191"", ""V160"", ""V215"", ""V380"", ""V342""]","{""n_estimators"": 278, ""learning_rate"": 0.17861761331076226, ""num_leaves"": 49, ""min_child_samples"": 46, ""colsample_bytree"": 0.7291885455147279, ""reg_alpha"": 0.5388698924508895, ""reg_lambda"": 1.141626589072497}"
93,2026-06-05T12:12:31.438159+00:00,lgbm,ranking_total,93,4840,7,999,0.8574698840306358,749,250,0.5037119226976694,"[""V176"", ""V255"", ""V191"", ""V160"", ""V215"", ""V380"", ""V342""]","{""n_estimators"": 222, ""learning_rate"": 0.16710351190184977, ""num_leaves"": 38, ""min_child_samples"": 21, ""colsample_bytree"": 0.9121371152954908, ""reg_alpha"": 0.00799211859966853, ""reg_lambda"": 0.685489831214652}"
94,2026-06-05T12:13:14.713588+00:00,lgbm,ranking_total,94,4840,7,987,0.8080061215729105,745,242,0.49629120994383336,"[""V176"", ""V255"", ""V191"", ""V160"", ""V215"", ""V380"", ""V342""]","{""n_estimators"": 252, ""learning_rate"": 0.07608615140153549, ""num_leaves"": 68, ""min_child_samples"": 23, ""colsample_bytree"": 0.5671243952946167, ""reg_alpha"": 0.5207866877270976, ""reg_lambda"": 0.7303720377532232}"
95,2026-06-05T12:14:08.385503+00:00,lgbm,ranking_total,95,4515,8,1000,0.9090747386883972,741,259,0.4932315088026867,"[""V176"", ""V255"", ""V191"", ""V160"", ""V215"", ""V380"", ""V342"", ""V483""]","{""n_estimators"": 287, ""learning_rate"": 0.1477736639312146, ""num_leaves"": 87, ""min_child_samples"": 32, ""colsample_bytree"": 0.6941508742077875, ""reg_alpha"": 0.22282193148487783, ""reg_lambda"": 0.7314011679873935}"
96,2026-06-05T12:15:34.848693+00:00,lgbm,ranking_total,96,4660,7,999,0.8362974772501299,737,262,0.49721382395254415,"[""V176"", ""V255"", ""V191"", ""V160"", ""V215"", ""V380"", ""V342""]","{""n_estimators"": 397, ""learning_rate"": 0.058603202793627435, ""num_leaves"": 82, ""min_child_samples"": 15, ""colsample_bytree"": 0.8594629477947032, ""reg_alpha"": 0.5329833834341422, ""reg_lambda"": 2.2389242000082286}"
97,2026-06-05T12:16:14.739924+00:00,lgbm,ranking_total,97,4865,7,1000,0.8034767409430049,751,249,0.4958512230426532,"[""V176"", ""V255"", ""V191"", ""V160"", ""V215"", ""V380"", ""V342""]","{""n_estimators"": 184, ""learning_rate"": 0.101283994886468, ""num_leaves"": 86, ""min_child_samples"": 16, ""colsample_bytree"": 0.5462004075378271, ""reg_alpha"": 0.5619739983126795, ""reg_lambda"": 1.6428239303723517}"
98,2026-06-05T12:16:50.028864+00:00,lgbm,ranking_total,98,4730,7,1000,0.8384810646612715,742,258,0.4977287632387413,"[""V176"", ""V255"", ""V191"", ""V160"", ""V215"", ""V380"", ""V342""]","{""n_estimators"": 190, ""learning_rate"": 0.15326010834824572, ""num_leaves"": 71, ""min_child_samples"": 17, ""colsample_bytree"": 0.6422905045143158, ""reg_alpha"": 0.7712165880097541, ""reg_lambda"": 1.0978872644715552}"
99,2026-06-05T12:17:21.401847+00:00,lgbm,ranking_total,99,4970,7,1000,0.8234456709140752,758,242,0.49960430564063674,"[""V176"", ""V255"", ""V191"", ""V160"", ""V215"", ""V380"", ""V342""]","{""n_estimators"": 142, ""learning_rate"": 0.1150783523176327, ""num_leaves"": 85, ""min_child_samples"": 14, ""colsample_bytree"": 0.7489371389373092, ""reg_alpha"": 0.11891018660926722, ""reg_lambda"": 1.2771190455657404}"
100,2026-06-05T12:17:58.559012+00:00,lgbm,ranking_total,100,4605,8,1000,0.8547527027017436,747,253,0.49551180058025274,"[""V176"", ""V255"", ""V191"", ""V160"", ""V215"", ""V380"", ""V342"", ""V483""]","{""n_estimators"": 229, ""learning_rate"": 0.1383809511602801, ""num_leaves"": 60, ""min_child_samples"": 19, ""colsample_bytree"": 0.8670313024202227, ""reg_alpha"": 0.7010090560320762, ""reg_lambda"": 0.8866262073161812}"
101,2026-06-05T12:18:23.783157+00:00,lgbm,ranking_total,101,4735,7,999,0.7993958973052085,742,257,0.4963523707495685,"[""V176"", ""V255"", ""V191"", ""V160"", ""V215"", ""V380"", ""V342""]","{""n_estimators"": 108, ""learning_rate"": 0.1306733450424329, ""num_leaves"": 99, ""min_child_samples"": 20, ""colsample_bytree"": 0.5023594280954863, ""reg_alpha"": 0.12156912078311422, ""reg_lambda"": 1.8414981694535573}"
102,2026-06-05T12:18:54.313999+00:00,lgbm,ranking_total,102,4790,7,1000,0.7609031703115249,746,254,0.49530482472471515,"[""V176"", ""V255"", ""V191"", ""V160"", ""V215"", ""V380"", ""V342""]","{""n_estimators"": 111, ""learning_rate"": 0.11560013803022097, ""num_leaves"": 83, ""min_child_samples"": 33, ""colsample_bytree"": 0.5857608281125515, ""reg_alpha"": 0.6852769816973125, ""reg_lambda"": 2.167793725272153}"
103,2026-06-05T12:20:08.147222+00:00,lgbm,ranking_total,103,4745,7,1000,0.8580941652196814,743,257,0.49499372492346727,"[""V176"", ""V255"", ""V191"", ""V160"", ""V215"", ""V380"", ""V342""]","{""n_estimators"": 356, ""learning_rate"": 0.08963361525087085, ""num_leaves"": 86, ""min_child_samples"": 19, ""colsample_bytree"": 0.5861533835866215, ""reg_alpha"": 0.5283437532726564, ""reg_lambda"": 0.9765320168755198}"
104,2026-06-05T12:21:22.270463+00:00,lgbm,ranking_total,104,4670,7,1000,0.8432944865159232,738,262,0.49744668322733704,"[""V176"", ""V255"", ""V191"", ""V160"", ""V215"", ""V380"", ""V342""]","{""n_estimators"": 363, ""learning_rate"": 0.06886410240927554, ""num_leaves"": 77, ""min_child_samples"": 16, ""colsample_bytree"": 0.9138161238103206, ""reg_alpha"": 0.587171260125725, ""reg_lambda"": 1.418707491289424}"
105,2026-06-05T12:21:38.542763+00:00,lgbm,ranking_total,105,5105,7,997,0.7278865009900826,766,231,0.4975538588916739,"[""V176"", ""V255"", ""V191"", ""V160"", ""V215"", ""V380"", ""V342""]","{""n_estimators"": 169, ""learning_rate"": 0.04865121226195061, ""num_leaves"": 34, ""min_child_samples"": 48, ""colsample_bytree"": 0.6492372877700416, ""reg_alpha"": 0.18570674210061677, ""reg_lambda"": 2.044274614648864}"
106,2026-06-05T12:22:27.398715+00:00,lgbm,ranking_total,106,4685,7,1000,0.806947071194239,739,261,0.49653857105381666,"[""V176"", ""V255"", ""V191"", ""V160"", ""V215"", ""V380"", ""V342""]","{""n_estimators"": 292, ""learning_rate"": 0.07923980012555377, ""num_leaves"": 93, ""min_child_samples"": 46, ""colsample_bytree"": 0.8247726898852246, ""reg_alpha"": 0.9160376901599767, ""reg_lambda"": 1.968839601631307}"
107,2026-06-05T12:23:11.714475+00:00,lgbm,ranking_total,107,4680,8,1000,0.8322389509884954,752,248,0.49983876264754545,"[""V176"", ""V255"", ""V191"", ""V160"", ""V215"", ""V380"", ""V342"", ""V483""]","{""n_estimators"": 395, ""learning_rate"": 0.10144038280423547, ""num_leaves"": 40, ""min_child_samples"": 20, ""colsample_bytree"": 0.926029908737652, ""reg_alpha"": 0.7388102113969359, ""reg_lambda"": 2.448863178686053}"
108,2026-06-05T12:23:43.371359+00:00,lgbm,ranking_total,108,4550,7,1000,0.8329721898044492,730,270,0.4955180900527187,"[""V176"", ""V255"", ""V191"", ""V160"", ""V215"", ""V380"", ""V342""]","{""n_estimators"": 162, ""learning_rate"": 0.17865872311008818, ""num_leaves"": 90, ""min_child_samples"": 24, ""colsample_bytree"": 0.5382522725510016, ""reg_alpha"": 0.8958253215347363, ""reg_lambda"": 1.2706916205956225}"
109,2026-06-05T12:24:18.077947+00:00,lgbm,ranking_total,109,4550,7,1000,0.8392789101008384,730,270,0.49363511063750765,"[""V176"", ""V255"", ""V191"", ""V160"", ""V215"", ""V380"", ""V342""]","{""n_estimators"": 199, ""learning_rate"": 0.1660827953007679, ""num_leaves"": 95, ""min_child_samples"": 32, ""colsample_bytree"": 0.5645571432898695, ""reg_alpha"": 0.6862414577769264, ""reg_lambda"": 1.8673498819290386}"
110,2026-06-05T12:24:50.573230+00:00,lgbm,ranking_total,110,4730,7,1000,0.8218984731232281,742,258,0.5017116901163681,"[""V176"", ""V255"", ""V191"", ""V160"", ""V215"", ""V380"", ""V342""]","{""n_estimators"": 362, ""learning_rate"": 0.12530708434964685, ""num_leaves"": 33, ""min_child_samples"": 25, ""colsample_bytree"": 0.5972846241030003, ""reg_alpha"": 0.7749536640090757, ""reg_lambda"": 1.915786882361624}"
111,2026-06-05T12:25:12.695710+00:00,lgbm,ranking_total,111,4725,6,999,0.7996633803087948,728,271,0.49973223634577235,"[""V176"", ""V255"", ""V191"", ""V160"", ""V215"", ""V380""]","{""n_estimators"": 228, ""learning_rate"": 0.1519279911277317, ""num_leaves"": 35, ""min_child_samples"": 35, ""colsample_bytree"": 0.8063912907776708, ""reg_alpha"": 0.6794905525204168, ""reg_lambda"": 1.8649262584451798}"
112,2026-06-05T12:26:01.429957+00:00,lgbm,ranking_total,112,4985,7,1000,0.8622669823738559,759,241,0.5023840197487117,"[""V176"", ""V255"", ""V191"", ""V160"", ""V215"", ""V380"", ""V342""]","{""n_estimators"": 312, ""learning_rate"": 0.09540885290567552, ""num_leaves"": 61, ""min_child_samples"": 12, ""colsample_bytree"": 0.6476626522014381, ""reg_alpha"": 0.1491629571394898, ""reg_lambda"": 0.5449566490883235}"
113,2026-06-05T12:26:44.775952+00:00,lgbm,ranking_total,113,4715,7,1000,0.8571268199104038,741,259,0.49760226801626867,"[""V176"", ""V255"", ""V191"", ""V160"", ""V215"", ""V380"", ""V342""]","{""n_estimators"": 200, ""learning_rate"": 0.13613633130524821, ""num_leaves"": 85, ""min_child_samples"": 15, ""colsample_bytree"": 0.7382508135472597, ""reg_alpha"": 0.6089615362342131, ""reg_lambda"": 1.0053604402364154}"
114,2026-06-05T12:27:47.106484+00:00,lgbm,ranking_total,114,4945,7,993,0.8001061630830179,754,239,0.49966664376625775,"[""V176"", ""V255"", ""V191"", ""V160"", ""V215"", ""V380"", ""V342""]","{""n_estimators"": 265, ""learning_rate"": 0.04847894274507119, ""num_leaves"": 94, ""min_child_samples"": 12, ""colsample_bytree"": 0.7182467737893041, ""reg_alpha"": 0.12767773423351192, ""reg_lambda"": 1.6517157488498662}"
115,2026-06-05T12:28:01.598989+00:00,lgbm,ranking_total,115,5135,4,1000,0.6906552209657097,729,271,0.49782034708146566,"[""V176"", ""V255"", ""V191"", ""V160""]","{""n_estimators"": 174, ""learning_rate"": 0.048962816374836786, ""num_leaves"": 29, ""min_child_samples"": 24, ""colsample_bytree"": 0.689661641170102, ""reg_alpha"": 0.20538570375512588, ""reg_lambda"": 1.6829465139070363}"
116,2026-06-05T12:28:28.391288+00:00,lgbm,ranking_total,116,4815,5,1000,0.7553549367768952,721,279,0.5006467453228421,"[""V176"", ""V255"", ""V191"", ""V160"", ""V215""]","{""n_estimators"": 374, ""learning_rate"": 0.07373504262727618, ""num_leaves"": 26, ""min_child_samples"": 26, ""colsample_bytree"": 0.7884003743629017, ""reg_alpha"": 0.7278717122573454, ""reg_lambda"": 0.8810808064971258}"
117,2026-06-05T12:28:50.181412+00:00,lgbm,ranking_total,117,4710,7,995,0.7954734617169613,739,256,0.4964689395538946,"[""V176"", ""V255"", ""V191"", ""V160"", ""V215"", ""V380"", ""V342""]","{""n_estimators"": 149, ""learning_rate"": 0.10604634876825417, ""num_leaves"": 62, ""min_child_samples"": 41, ""colsample_bytree"": 0.6949045091268145, ""reg_alpha"": 0.6202518794071722, ""reg_lambda"": 0.6779330444037013}"
118,2026-06-05T12:29:11.331416+00:00,lgbm,ranking_total,118,4985,7,1000,0.7535025455238584,759,241,0.49758802773239813,"[""V176"", ""V255"", ""V191"", ""V160"", ""V215"", ""V380"", ""V342""]","{""n_estimators"": 212, ""learning_rate"": 0.07489996661157097, ""num_leaves"": 39, ""min_child_samples"": 43, ""colsample_bytree"": 0.5203578143806888, ""reg_alpha"": 0.9897162089613579, ""reg_lambda"": 1.7137404538005918}"
119,2026-06-05T12:29:40.828219+00:00,lgbm,ranking_total,119,5055,7,998,0.745864967882562,763,235,0.4995835800068382,"[""V176"", ""V255"", ""V191"", ""V160"", ""V215"", ""V380"", ""V342""]","{""n_estimators"": 356, ""learning_rate"": 0.04711449799590322, ""num_leaves"": 29, ""min_child_samples"": 12, ""colsample_bytree"": 0.6899014325493036, ""reg_alpha"": 0.9863839815389219, ""reg_lambda"": 1.8395527918763201}"
120,2026-06-05T12:29:59.040242+00:00,lgbm,ranking_total,120,5090,7,1000,0.748233182545453,766,234,0.495717593404566,"[""V176"", ""V255"", ""V191"", ""V160"", ""V215"", ""V380"", ""V342""]","{""n_estimators"": 126, ""learning_rate"": 0.0606071576410507, ""num_leaves"": 59, ""min_child_samples"": 46, ""colsample_bytree"": 0.8154157441549342, ""reg_alpha"": 0.056925165405689815, ""reg_lambda"": 0.5855377655399634}"
121,2026-06-05T12:30:21.274560+00:00,lgbm,ranking_total,121,4885,6,1000,0.7615610827165573,739,261,0.5013826910651333,"[""V176"", ""V255"", ""V191"", ""V160"", ""V215"", ""V380""]","{""n_estimators"": 267, ""learning_rate"": 0.08483242628681525, ""num_leaves"": 30, ""min_child_samples"": 30, ""colsample_bytree"": 0.7668362779575022, ""reg_alpha"": 0.9592985286159484, ""reg_lambda"": 2.404987124419548}"
122,2026-06-05T12:31:23.849847+00:00,lgbm,ranking_total,122,4490,7,1000,0.9150747153944055,726,274,0.4977812367333269,"[""V176"", ""V255"", ""V191"", ""V160"", ""V215"", ""V380"", ""V342""]","{""n_estimators"": 364, ""learning_rate"": 0.1786814106624154, ""num_leaves"": 85, ""min_child_samples"": 29, ""colsample_bytree"": 0.9150890691488169, ""reg_alpha"": 0.40791941490448025, ""reg_lambda"": 1.6115811996654688}"
123,2026-06-05T12:32:18.936835+00:00,lgbm,ranking_total,123,4765,6,997,0.8119489807668274,730,267,0.4977942285249414,"[""V176"", ""V255"", ""V191"", ""V160"", ""V215"", ""V380""]","{""n_estimators"": 372, ""learning_rate"": 0.06323581897623679, ""num_leaves"": 79, ""min_child_samples"": 44, ""colsample_bytree"": 0.9670044130946718, ""reg_alpha"": 0.9206277520545487, ""reg_lambda"": 0.999954703282909}"
124,2026-06-05T12:32:53.509554+00:00,lgbm,ranking_total,124,4745,7,1000,0.8312160731932883,743,257,0.4934392823607099,"[""V176"", ""V255"", ""V191"", ""V160"", ""V215"", ""V380"", ""V342""]","{""n_estimators"": 198, ""learning_rate"": 0.11269721536243368, ""num_leaves"": 77, ""min_child_samples"": 32, ""colsample_bytree"": 0.7054621863545094, ""reg_alpha"": 0.5796942970226101, ""reg_lambda"": 0.7799015252607691}"
125,2026-06-05T12:33:49.366391+00:00,lgbm,ranking_total,125,4685,8,999,0.8973192111207446,752,247,0.49724165848591384,"[""V176"", ""V255"", ""V191"", ""V160"", ""V215"", ""V380"", ""V342"", ""V483""]","{""n_estimators"": 256, ""learning_rate"": 0.14182072273284196, ""num_leaves"": 86, ""min_child_samples"": 10, ""colsample_bytree"": 0.7802080042090487, ""reg_alpha"": 0.25477224792532105, ""reg_lambda"": 0.8628665308350683}"
126,2026-06-05T12:34:40.246223+00:00,lgbm,ranking_total,126,5150,7,1000,0.7486769589555098,770,230,0.49553947633540874,"[""V176"", ""V255"", ""V191"", ""V160"", ""V215"", ""V380"", ""V342""]","{""n_estimators"": 257, ""learning_rate"": 0.03862960427521346, ""num_leaves"": 87, ""min_child_samples"": 23, ""colsample_bytree"": 0.5655425748553515, ""reg_alpha"": 0.7885440068182308, ""reg_lambda"": 1.5133722218798455}"
127,2026-06-05T12:34:54.570819+00:00,lgbm,ranking_total,127,5220,5,1000,0.6985498697785301,748,252,0.4979975320243278,"[""V176"", ""V255"", ""V191"", ""V160"", ""V215""]","{""n_estimators"": 211, ""learning_rate"": 0.049221610805100055, ""num_leaves"": 23, ""min_child_samples"": 26, ""colsample_bytree"": 0.5577392813355209, ""reg_alpha"": 0.7477276197510565, ""reg_lambda"": 1.2660914402030914}"
128,2026-06-05T12:35:39.874274+00:00,lgbm,ranking_total,128,4985,7,1000,0.7696847605689874,759,241,0.5016319858907061,"[""V176"", ""V255"", ""V191"", ""V160"", ""V215"", ""V380"", ""V342""]","{""n_estimators"": 301, ""learning_rate"": 0.03825204965468082, ""num_leaves"": 56, ""min_child_samples"": 13, ""colsample_bytree"": 0.8863953239764543, ""reg_alpha"": 0.5521488787070138, ""reg_lambda"": 0.6725537981767742}"
129,2026-06-05T12:36:04.798956+00:00,lgbm,ranking_total,129,4630,6,994,0.8376976787806322,720,274,0.5021945314370094,"[""V176"", ""V255"", ""V191"", ""V160"", ""V215"", ""V380""]","{""n_estimators"": 310, ""learning_rate"": 0.16380285754406246, ""num_leaves"": 30, ""min_child_samples"": 44, ""colsample_bytree"": 0.7597552025278074, ""reg_alpha"": 0.3660724509170249, ""reg_lambda"": 1.2204385368615291}"
130,2026-06-05T12:36:38.892344+00:00,lgbm,ranking_total,130,4720,6,1000,0.7942675936434543,728,272,0.496000165157576,"[""V176"", ""V255"", ""V191"", ""V160"", ""V215"", ""V380""]","{""n_estimators"": 195, ""learning_rate"": 0.10187462665318671, ""num_leaves"": 82, ""min_child_samples"": 32, ""colsample_bytree"": 0.6047265938433048, ""reg_alpha"": 0.9543038868631366, ""reg_lambda"": 1.0388448817877372}"
131,2026-06-05T12:36:57.516511+00:00,lgbm,ranking_total,131,5015,7,1000,0.7554120947028429,761,239,0.49976722289064,"[""V176"", ""V255"", ""V191"", ""V160"", ""V215"", ""V380"", ""V342""]","{""n_estimators"": 217, ""learning_rate"": 0.07673165416913849, ""num_leaves"": 30, ""min_child_samples"": 27, ""colsample_bytree"": 0.8811695445101059, ""reg_alpha"": 0.8520387330735313, ""reg_lambda"": 2.227254947719649}"
132,2026-06-05T12:37:33.764620+00:00,lgbm,ranking_total,132,4670,7,1000,0.8639699246979526,738,262,0.49721350958222377,"[""V176"", ""V255"", ""V191"", ""V160"", ""V215"", ""V380"", ""V342""]","{""n_estimators"": 322, ""learning_rate"": 0.17221637487604047, ""num_leaves"": 45, ""min_child_samples"": 47, ""colsample_bytree"": 0.5495231007285762, ""reg_alpha"": 0.6331399100979177, ""reg_lambda"": 1.704874459716038}"
133,2026-06-05T12:37:53.705914+00:00,lgbm,ranking_total,133,4865,7,1000,0.7694342028810903,751,249,0.497962296531245,"[""V176"", ""V255"", ""V191"", ""V160"", ""V215"", ""V380"", ""V342""]","{""n_estimators"": 181, ""learning_rate"": 0.09638895328563186, ""num_leaves"": 41, ""min_child_samples"": 44, ""colsample_bytree"": 0.6784508873859674, ""reg_alpha"": 0.9621219337587389, ""reg_lambda"": 1.2124797094374162}"
134,2026-06-05T12:38:10.124028+00:00,lgbm,ranking_total,134,5065,5,998,0.7397808497298273,737,261,0.5004996267726901,"[""V176"", ""V255"", ""V191"", ""V160"", ""V215""]","{""n_estimators"": 261, ""learning_rate"": 0.08441203876919393, ""num_leaves"": 21, ""min_child_samples"": 31, ""colsample_bytree"": 0.9775230353247479, ""reg_alpha"": 0.6595084458780579, ""reg_lambda"": 1.8662512348764715}"
135,2026-06-05T12:38:33.761391+00:00,lgbm,ranking_total,135,4870,7,999,0.7699287833541792,751,248,0.49661316573843794,"[""V176"", ""V255"", ""V191"", ""V160"", ""V215"", ""V380"", ""V342""]","{""n_estimators"": 138, ""learning_rate"": 0.09716463672707178, ""num_leaves"": 70, ""min_child_samples"": 30, ""colsample_bytree"": 0.5976059387068254, ""reg_alpha"": 0.4975485718501105, ""reg_lambda"": 1.9861019359777878}"
136,2026-06-05T12:39:37.253754+00:00,lgbm,ranking_total,136,4775,7,1000,0.8061721001115478,745,255,0.4968777845578814,"[""V176"", ""V255"", ""V191"", ""V160"", ""V215"", ""V380"", ""V342""]","{""n_estimators"": 259, ""learning_rate"": 0.047441552871124476, ""num_leaves"": 95, ""min_child_samples"": 15, ""colsample_bytree"": 0.9314911566944506, ""reg_alpha"": 0.7821322605557758, ""reg_lambda"": 0.8150839997560393}"
137,2026-06-05T12:39:59.587367+00:00,lgbm,ranking_total,137,4805,7,1000,0.8374430678554396,747,253,0.5036701462209822,"[""V176"", ""V255"", ""V191"", ""V160"", ""V215"", ""V380"", ""V342""]","{""n_estimators"": 323, ""learning_rate"": 0.1716123112456886, ""num_leaves"": 25, ""min_child_samples"": 19, ""colsample_bytree"": 0.5762094992339503, ""reg_alpha"": 0.24207133023642236, ""reg_lambda"": 1.209380927278719}"
138,2026-06-05T12:40:33.996610+00:00,lgbm,ranking_total,138,4765,7,999,0.8287142340064423,744,255,0.5008160232558501,"[""V176"", ""V255"", ""V191"", ""V160"", ""V215"", ""V380"", ""V342""]","{""n_estimators"": 322, ""learning_rate"": 0.10592190327705148, ""num_leaves"": 39, ""min_child_samples"": 21, ""colsample_bytree"": 0.8499951763546784, ""reg_alpha"": 0.4996003448516475, ""reg_lambda"": 1.5054060438497259}"
139,2026-06-05T12:41:23.146032+00:00,lgbm,ranking_total,139,4490,7,1000,0.8827932267078454,726,274,0.4962317017674347,"[""V176"", ""V255"", ""V191"", ""V160"", ""V215"", ""V380"", ""V342""]","{""n_estimators"": 350, ""learning_rate"": 0.1512865051313081, ""num_leaves"": 89, ""min_child_samples"": 44, ""colsample_bytree"": 0.976119219786671, ""reg_alpha"": 0.8401008250536687, ""reg_lambda"": 0.6551690309357898}"
140,2026-06-05T12:41:33.483825+00:00,lgbm,ranking_total,140,5205,5,1000,0.6847195828180481,747,253,0.497993033991033,"[""V176"", ""V255"", ""V191"", ""V160"", ""V215""]","{""n_estimators"": 104, ""learning_rate"": 0.05803429970880393, ""num_leaves"": 32, ""min_child_samples"": 11, ""colsample_bytree"": 0.6971804311832832, ""reg_alpha"": 0.5128335890037787, ""reg_lambda"": 0.8839062924084353}"
141,2026-06-05T12:41:57.398766+00:00,lgbm,ranking_total,141,4915,7,999,0.7483247844078419,754,245,0.4985043444685207,"[""V176"", ""V255"", ""V191"", ""V160"", ""V215"", ""V380"", ""V342""]","{""n_estimators"": 204, ""learning_rate"": 0.057421068894191435, ""num_leaves"": 42, ""min_child_samples"": 23, ""colsample_bytree"": 0.7264177288732055, ""reg_alpha"": 0.5203813091067112, ""reg_lambda"": 2.3310088116025574}"
142,2026-06-05T12:42:46.471437+00:00,lgbm,ranking_total,142,4885,7,999,0.8227318077228655,752,247,0.49686649826457724,"[""V176"", ""V255"", ""V191"", ""V160"", ""V215"", ""V380"", ""V342""]","{""n_estimators"": 218, ""learning_rate"": 0.08342561772733356, ""num_leaves"": 87, ""min_child_samples"": 12, ""colsample_bytree"": 0.7106930943988997, ""reg_alpha"": 0.7142072212214646, ""reg_lambda"": 0.8088717728518473}"
143,2026-06-05T12:43:18.838382+00:00,lgbm,ranking_total,143,4910,7,1000,0.8237647661071541,754,246,0.5034466227695334,"[""V176"", ""V255"", ""V191"", ""V160"", ""V215"", ""V380"", ""V342""]","{""n_estimators"": 377, ""learning_rate"": 0.08648257273190565, ""num_leaves"": 32, ""min_child_samples"": 36, ""colsample_bytree"": 0.9162357063860624, ""reg_alpha"": 0.19988418727312518, ""reg_lambda"": 0.7545085150306838}"
144,2026-06-05T12:43:43.452757+00:00,lgbm,ranking_total,144,4805,7,1000,0.8338256521676284,747,253,0.49441909989735594,"[""V176"", ""V255"", ""V191"", ""V160"", ""V215"", ""V380"", ""V342""]","{""n_estimators"": 178, ""learning_rate"": 0.14602142342174954, ""num_leaves"": 53, ""min_child_samples"": 44, ""colsample_bytree"": 0.9192559027073458, ""reg_alpha"": 0.2723008362078637, ""reg_lambda"": 1.1789374929857381}"
145,2026-06-05T12:44:04.383948+00:00,lgbm,ranking_total,145,4810,5,998,0.7589841952029235,720,278,0.4999386656354149,"[""V176"", ""V255"", ""V191"", ""V160"", ""V215""]","{""n_estimators"": 316, ""learning_rate"": 0.10151017457825774, ""num_leaves"": 23, ""min_child_samples"": 44, ""colsample_bytree"": 0.8555532642735031, ""reg_alpha"": 0.5079745153204936, ""reg_lambda"": 1.4180876376839335}"
146,2026-06-05T12:44:19.318877+00:00,lgbm,ranking_total,146,5415,5,1000,0.6827422694169493,761,239,0.4956929786422638,"[""V176"", ""V255"", ""V191"", ""V160"", ""V215""]","{""n_estimators"": 137, ""learning_rate"": 0.03030446993790147, ""num_leaves"": 38, ""min_child_samples"": 36, ""colsample_bytree"": 0.8261287768300702, ""reg_alpha"": 0.7707390295296226, ""reg_lambda"": 1.6962791587134505}"
147,2026-06-05T12:45:35.479505+00:00,lgbm,ranking_total,147,4765,7,999,0.8355565039525094,744,255,0.4959069579235008,"[""V176"", ""V255"", ""V191"", ""V160"", ""V215"", ""V380"", ""V342""]","{""n_estimators"": 354, ""learning_rate"": 0.07497309103042094, ""num_leaves"": 93, ""min_child_samples"": 19, ""colsample_bytree"": 0.666927309890459, ""reg_alpha"": 0.9023607146649215, ""reg_lambda"": 1.225663633532224}"
148,2026-06-05T12:46:18.820193+00:00,lgbm,ranking_total,148,4820,7,1000,0.7847813397917978,748,252,0.5003185086235118,"[""V176"", ""V255"", ""V191"", ""V160"", ""V215"", ""V380"", ""V342""]","{""n_estimators"": 314, ""learning_rate"": 0.058835382647419, ""num_leaves"": 50, ""min_child_samples"": 19, ""colsample_bytree"": 0.8456281601353183, ""reg_alpha"": 0.937811078045349, ""reg_lambda"": 2.3828322359535354}"
149,2026-06-05T12:46:50.875677+00:00,lgbm,ranking_total,149,5045,7,1000,0.7387825867928581,763,237,0.4952121612622974,"[""V176"", ""V255"", ""V191"", ""V160"", ""V215"", ""V380"", ""V342""]","{""n_estimators"": 183, ""learning_rate"": 0.054657011188911336, ""num_leaves"": 71, ""min_child_samples"": 24, ""colsample_bytree"": 0.5312225629307301, ""reg_alpha"": 0.5757539121949001, ""reg_lambda"": 1.7128102619789942}"
150,2026-06-05T12:46:59.368079+00:00,lgbm,ranking_total,150,4985,7,1000,0.7600139426390928,759,241,0.498702434721614,"[""V176"", ""V255"", ""V191"", ""V160"", ""V215"", ""V380"", ""V342""]","{""n_estimators"": 128, ""learning_rate"": 0.17695554049768736, ""num_leaves"": 21, ""min_child_samples"": 33, ""colsample_bytree"": 0.9190360939175932, ""reg_alpha"": 0.909790357768232, ""reg_lambda"": 2.221963972097451}"
151,2026-06-05T12:47:36.851462+00:00,lgbm,ranking_total,151,4560,7,998,0.8718769406758176,730,268,0.49532956048271515,"[""V176"", ""V255"", ""V191"", ""V160"", ""V215"", ""V380"", ""V342""]","{""n_estimators"": 328, ""learning_rate"": 0.16977221540134954, ""num_leaves"": 45, ""min_child_samples"": 46, ""colsample_bytree"": 0.6745403695779909, ""reg_alpha"": 0.5568058156759184, ""reg_lambda"": 1.791238113524163}"
152,2026-06-05T12:48:31.154309+00:00,lgbm,ranking_total,152,4775,7,1000,0.80093629459263,745,255,0.49926284234494633,"[""V176"", ""V255"", ""V191"", ""V160"", ""V215"", ""V380"", ""V342""]","{""n_estimators"": 318, ""learning_rate"": 0.05652325516482365, ""num_leaves"": 64, ""min_child_samples"": 17, ""colsample_bytree"": 0.9001569385371901, ""reg_alpha"": 0.5744945095930365, ""reg_lambda"": 2.0399415453017875}"
153,2026-06-05T12:49:34.679781+00:00,lgbm,ranking_total,153,4865,7,1000,0.842499315355535,751,249,0.49652725148486077,"[""V176"", ""V255"", ""V191"", ""V160"", ""V215"", ""V380"", ""V342""]","{""n_estimators"": 320, ""learning_rate"": 0.07527076044340861, ""num_leaves"": 79, ""min_child_samples"": 16, ""colsample_bytree"": 0.6626866522660745, ""reg_alpha"": 0.32093241081432944, ""reg_lambda"": 1.3110819096512476}"
154,2026-06-05T12:50:17.916959+00:00,lgbm,ranking_total,154,4565,7,997,0.841224078746494,730,267,0.49731494473484,"[""V176"", ""V255"", ""V191"", ""V160"", ""V215"", ""V380"", ""V342""]","{""n_estimators"": 195, ""learning_rate"": 0.13273302703632162, ""num_leaves"": 92, ""min_child_samples"": 17, ""colsample_bytree"": 0.7905670518257912, ""reg_alpha"": 0.9966051317474433, ""reg_lambda"": 1.7905942023921582}"
155,2026-06-05T12:50:55.836758+00:00,lgbm,ranking_total,155,4735,7,999,0.8654708372307235,742,257,0.4986600967502656,"[""V176"", ""V255"", ""V191"", ""V160"", ""V215"", ""V380"", ""V342""]","{""n_estimators"": 377, ""learning_rate"": 0.12458259110172397, ""num_leaves"": 39, ""min_child_samples"": 32, ""colsample_bytree"": 0.6451656664406809, ""reg_alpha"": 0.11695670208609432, ""reg_lambda"": 1.775026183078698}"
156,2026-06-05T12:52:00.154117+00:00,lgbm,ranking_total,156,4645,7,999,0.8917047745515675,736,263,0.49360577749996265,"[""V176"", ""V255"", ""V191"", ""V160"", ""V215"", ""V380"", ""V342""]","{""n_estimators"": 354, ""learning_rate"": 0.1129130219368032, ""num_leaves"": 89, ""min_child_samples"": 32, ""colsample_bytree"": 0.5533133378281505, ""reg_alpha"": 0.1854379611656044, ""reg_lambda"": 0.9802128956250178}"
157,2026-06-05T12:52:29.845975+00:00,lgbm,ranking_total,157,4705,6,1000,0.8386534931509955,727,273,0.49721812434782386,"[""V176"", ""V255"", ""V191"", ""V160"", ""V215"", ""V380""]","{""n_estimators"": 144, ""learning_rate"": 0.16517441886551715, ""num_leaves"": 83, ""min_child_samples"": 20, ""colsample_bytree"": 0.774583676777455, ""reg_alpha"": 0.5965327159933547, ""reg_lambda"": 1.2140131268290018}"
158,2026-06-05T12:53:05.719761+00:00,lgbm,ranking_total,158,4850,7,1000,0.8028497153639916,750,250,0.5009973663817101,"[""V176"", ""V255"", ""V191"", ""V160"", ""V215"", ""V380"", ""V342""]","{""n_estimators"": 268, ""learning_rate"": 0.09366085587280305, ""num_leaves"": 51, ""min_child_samples"": 12, ""colsample_bytree"": 0.5367229516020656, ""reg_alpha"": 0.8857325890401884, ""reg_lambda"": 0.7715830004283635}"
159,2026-06-05T12:53:55.744713+00:00,lgbm,ranking_total,159,4835,7,1000,0.7825388933593009,749,251,0.49658208617340205,"[""V176"", ""V255"", ""V191"", ""V160"", ""V215"", ""V380"", ""V342""]","{""n_estimators"": 306, ""learning_rate"": 0.05325101024336133, ""num_leaves"": 65, ""min_child_samples"": 28, ""colsample_bytree"": 0.7756083665912601, ""reg_alpha"": 0.7441971488103182, ""reg_lambda"": 2.142094357318757}"
160,2026-06-05T12:54:08.397971+00:00,lgbm,ranking_total,160,5265,5,1000,0.7056140137606514,751,249,0.49710071876992296,"[""V176"", ""V255"", ""V191"", ""V160"", ""V215""]","{""n_estimators"": 111, ""learning_rate"": 0.06271829433335971, ""num_leaves"": 40, ""min_child_samples"": 22, ""colsample_bytree"": 0.7365379736309288, ""reg_alpha"": 0.2824145110604416, ""reg_lambda"": 1.8280946410028431}"
161,2026-06-05T12:54:23.415888+00:00,lgbm,ranking_total,161,5005,7,999,0.761808700472896,760,239,0.5002392862425411,"[""V176"", ""V255"", ""V191"", ""V160"", ""V215"", ""V380"", ""V342""]","{""n_estimators"": 254, ""learning_rate"": 0.07851518623551931, ""num_leaves"": 21, ""min_child_samples"": 38, ""colsample_bytree"": 0.7466781234987354, ""reg_alpha"": 0.0033083759146649294, ""reg_lambda"": 0.7880204346395085}"
162,2026-06-05T12:54:46.374640+00:00,lgbm,ranking_total,162,5180,7,1000,0.7458532776237176,772,228,0.49708275566776366,"[""V176"", ""V255"", ""V191"", ""V160"", ""V215"", ""V380"", ""V342""]","{""n_estimators"": 178, ""learning_rate"": 0.05167442629248821, ""num_leaves"": 51, ""min_child_samples"": 46, ""colsample_bytree"": 0.7511907372444331, ""reg_alpha"": 0.04371410032391265, ""reg_lambda"": 2.1327310594349242}"
163,2026-06-05T12:55:09.618482+00:00,lgbm,ranking_total,163,5115,7,998,0.7413278826997144,767,231,0.496923995835079,"[""V176"", ""V255"", ""V191"", ""V160"", ""V215"", ""V380"", ""V342""]","{""n_estimators"": 161, ""learning_rate"": 0.04687972223540658, ""num_leaves"": 82, ""min_child_samples"": 49, ""colsample_bytree"": 0.9242284793255533, ""reg_alpha"": 0.30271841790579557, ""reg_lambda"": 1.1053750472102215}"
164,2026-06-05T12:55:25.030431+00:00,lgbm,ranking_total,164,5000,7,1000,0.7657104301655171,760,240,0.5019826165145175,"[""V176"", ""V255"", ""V191"", ""V160"", ""V215"", ""V380"", ""V342""]","{""n_estimators"": 242, ""learning_rate"": 0.10111344915950261, ""num_leaves"": 22, ""min_child_samples"": 17, ""colsample_bytree"": 0.6463422993757437, ""reg_alpha"": 0.8102013340069713, ""reg_lambda"": 0.5543148318357833}"
165,2026-06-05T12:55:52.090635+00:00,lgbm,ranking_total,165,4950,5,994,0.7435266298308858,728,266,0.4987901684985525,"[""V176"", ""V255"", ""V191"", ""V160"", ""V215""]","{""n_estimators"": 220, ""learning_rate"": 0.05860889767114333, ""num_leaves"": 47, ""min_child_samples"": 34, ""colsample_bytree"": 0.7430323747390309, ""reg_alpha"": 0.7117797684855637, ""reg_lambda"": 0.6579684003458004}"
166,2026-06-05T12:56:42.705509+00:00,lgbm,ranking_total,166,4955,7,1000,0.7533541742120367,757,243,0.4953556405753534,"[""V176"", ""V255"", ""V191"", ""V160"", ""V215"", ""V380"", ""V342""]","{""n_estimators"": 320, ""learning_rate"": 0.037147476721460446, ""num_leaves"": 77, ""min_child_samples"": 39, ""colsample_bytree"": 0.5516419074313679, ""reg_alpha"": 0.6197597295972174, ""reg_lambda"": 1.169552805760431}"
167,2026-06-05T12:57:08.668099+00:00,lgbm,ranking_total,167,4975,6,1000,0.7340143018616685,745,255,0.4976435043046873,"[""V176"", ""V255"", ""V191"", ""V160"", ""V215"", ""V380""]","{""n_estimators"": 105, ""learning_rate"": 0.0557526507533458, ""num_leaves"": 96, ""min_child_samples"": 14, ""colsample_bytree"": 0.8926337146824461, ""reg_alpha"": 0.5959530838548679, ""reg_lambda"": 1.6989667183131152}"
168,2026-06-05T12:57:33.297043+00:00,lgbm,ranking_total,168,5040,5,1000,0.7345817524858554,736,264,0.49961693358604425,"[""V176"", ""V255"", ""V191"", ""V160"", ""V215""]","{""n_estimators"": 366, ""learning_rate"": 0.05476732482396274, ""num_leaves"": 23, ""min_child_samples"": 17, ""colsample_bytree"": 0.9832156582555602, ""reg_alpha"": 0.967243775474068, ""reg_lambda"": 1.5015986771217842}"
169,2026-06-05T12:58:19.366360+00:00,lgbm,ranking_total,169,4845,7,992,0.7620840078066473,747,245,0.49546156623247445,"[""V176"", ""V255"", ""V191"", ""V160"", ""V215"", ""V380"", ""V342""]","{""n_estimators"": 313, ""learning_rate"": 0.043888164819232585, ""num_leaves"": 65, ""min_child_samples"": 41, ""colsample_bytree"": 0.6687481707892988, ""reg_alpha"": 0.8464454721898408, ""reg_lambda"": 1.8028610988669476}"
170,2026-06-05T12:59:39.261518+00:00,lgbm,ranking_total,170,4790,7,1000,0.8131216694835647,746,254,0.49772658913821105,"[""V176"", ""V255"", ""V191"", ""V160"", ""V215"", ""V380"", ""V342""]","{""n_estimators"": 391, ""learning_rate"": 0.04670127724212554, ""num_leaves"": 78, ""min_child_samples"": 13, ""colsample_bytree"": 0.927794063372582, ""reg_alpha"": 0.9025598536073296, ""reg_lambda"": 1.2602629833117571}"
171,2026-06-05T13:00:02.618223+00:00,lgbm,ranking_total,171,5150,7,1000,0.7467404329091537,770,230,0.4976051022851241,"[""V176"", ""V255"", ""V191"", ""V160"", ""V215"", ""V380"", ""V342""]","{""n_estimators"": 139, ""learning_rate"": 0.06402926738771375, ""num_leaves"": 64, ""min_child_samples"": 20, ""colsample_bytree"": 0.752219044558678, ""reg_alpha"": 0.5969377161760959, ""reg_lambda"": 1.5505136125670995}"
172,2026-06-05T13:00:12.913323+00:00,lgbm,ranking_total,172,5070,5,1000,0.7187909147358273,738,262,0.5001719856617615,"[""V176"", ""V255"", ""V191"", ""V160"", ""V215""]","{""n_estimators"": 122, ""learning_rate"": 0.10327640867484081, ""num_leaves"": 29, ""min_child_samples"": 11, ""colsample_bytree"": 0.6136019281865086, ""reg_alpha"": 0.1577425930112365, ""reg_lambda"": 1.7230705341145636}"
173,2026-06-05T13:01:02.943158+00:00,lgbm,ranking_total,173,4925,7,1000,0.7730394321979719,755,245,0.4988621730639062,"[""V176"", ""V255"", ""V191"", ""V160"", ""V215"", ""V380"", ""V342""]","{""n_estimators"": 382, ""learning_rate"": 0.04828592992343915, ""num_leaves"": 51, ""min_child_samples"": 24, ""colsample_bytree"": 0.5874892014097743, ""reg_alpha"": 0.7851754248958366, ""reg_lambda"": 1.7588279676396745}"
174,2026-06-05T13:01:32.734294+00:00,lgbm,ranking_total,174,5090,7,1000,0.736116932946473,766,234,0.49818381290648295,"[""V176"", ""V255"", ""V191"", ""V160"", ""V215"", ""V380"", ""V342""]","{""n_estimators"": 329, ""learning_rate"": 0.03368262012587677, ""num_leaves"": 33, ""min_child_samples"": 42, ""colsample_bytree"": 0.7408170535517205, ""reg_alpha"": 0.6936470985889719, ""reg_lambda"": 1.688260000440332}"
175,2026-06-05T13:01:54.059708+00:00,lgbm,ranking_total,175,4760,5,996,0.8018118991164743,716,280,0.5039979666020512,"[""V176"", ""V255"", ""V191"", ""V160"", ""V215""]","{""n_estimators"": 168, ""learning_rate"": 0.1653795046248979, ""num_leaves"": 48, ""min_child_samples"": 18, ""colsample_bytree"": 0.6420986559869397, ""reg_alpha"": 0.38969516805746707, ""reg_lambda"": 1.049653407310252}"
176,2026-06-05T13:03:18.569188+00:00,lgbm,ranking_total,176,4625,7,1000,0.8945354719056711,735,265,0.5002066026082509,"[""V176"", ""V255"", ""V191"", ""V160"", ""V215"", ""V380"", ""V342""]","{""n_estimators"": 376, ""learning_rate"": 0.09266590014027212, ""num_leaves"": 87, ""min_child_samples"": 11, ""colsample_bytree"": 0.814130781626996, ""reg_alpha"": 0.017371559812111248, ""reg_lambda"": 2.4209961850438644}"
177,2026-06-05T13:03:54.509426+00:00,lgbm,ranking_total,177,4930,6,1000,0.7626716194153319,742,258,0.5015304223537713,"[""V176"", ""V255"", ""V191"", ""V160"", ""V215"", ""V380""]","{""n_estimators"": 289, ""learning_rate"": 0.06189074068948038, ""num_leaves"": 44, ""min_child_samples"": 10, ""colsample_bytree"": 0.8933325854419415, ""reg_alpha"": 0.8810090116776624, ""reg_lambda"": 2.227419193984578}"
178,2026-06-05T13:04:15.955251+00:00,lgbm,ranking_total,178,4765,7,993,0.804668875540637,742,251,0.4983822595061142,"[""V176"", ""V255"", ""V191"", ""V160"", ""V215"", ""V380"", ""V342""]","{""n_estimators"": 149, ""learning_rate"": 0.14806235587500516, ""num_leaves"": 56, ""min_child_samples"": 27, ""colsample_bytree"": 0.6408232174407307, ""reg_alpha"": 0.6272335242881981, ""reg_lambda"": 1.5991802966503894}"
179,2026-06-05T13:04:42.705073+00:00,lgbm,ranking_total,179,5075,7,1000,0.7554480766201804,765,235,0.4981859528052262,"[""V176"", ""V255"", ""V191"", ""V160"", ""V215"", ""V380"", ""V342""]","{""n_estimators"": 282, ""learning_rate"": 0.052411990953639145, ""num_leaves"": 35, ""min_child_samples"": 38, ""colsample_bytree"": 0.7378108640436893, ""reg_alpha"": 0.5213366514187823, ""reg_lambda"": 2.2215664529475876}"
180,2026-06-05T13:04:53.064249+00:00,lgbm,ranking_total,180,5065,5,998,0.7137492599843622,737,261,0.4998592686747557,"[""V176"", ""V255"", ""V191"", ""V160"", ""V215""]","{""n_estimators"": 123, ""learning_rate"": 0.08693273715853742, ""num_leaves"": 30, ""min_child_samples"": 44, ""colsample_bytree"": 0.6972384652934005, ""reg_alpha"": 0.028300742738684215, ""reg_lambda"": 0.8552527400316374}"
181,2026-06-05T13:05:43.695895+00:00,lgbm,ranking_total,181,4600,7,999,0.8751033887000033,733,266,0.49977035069758075,"[""V176"", ""V255"", ""V191"", ""V160"", ""V215"", ""V380"", ""V342""]","{""n_estimators"": 341, ""learning_rate"": 0.17422540973342518, ""num_leaves"": 49, ""min_child_samples"": 15, ""colsample_bytree"": 0.8056877338915471, ""reg_alpha"": 0.7843884075452996, ""reg_lambda"": 2.312175743162089}"
182,2026-06-05T13:06:05.338961+00:00,lgbm,ranking_total,182,5135,7,1000,0.7543383308742877,769,231,0.4992389861418238,"[""V176"", ""V255"", ""V191"", ""V160"", ""V215"", ""V380"", ""V342""]","{""n_estimators"": 353, ""learning_rate"": 0.053966590442608535, ""num_leaves"": 21, ""min_child_samples"": 48, ""colsample_bytree"": 0.7528372049549055, ""reg_alpha"": 0.1421199901561, ""reg_lambda"": 0.5183909260740318}"
183,2026-06-05T13:06:51.496589+00:00,lgbm,ranking_total,183,4880,7,1000,0.7673536910441416,752,248,0.495186290601142,"[""V176"", ""V255"", ""V191"", ""V160"", ""V215"", ""V380"", ""V342""]","{""n_estimators"": 290, ""learning_rate"": 0.03942952002312457, ""num_leaves"": 92, ""min_child_samples"": 44, ""colsample_bytree"": 0.9887014929039428, ""reg_alpha"": 0.2718843032212668, ""reg_lambda"": 2.2486496956314337}"
184,2026-06-05T13:07:18.933731+00:00,lgbm,ranking_total,184,4970,6,998,0.8255877432680838,744,254,0.5029062411929923,"[""V176"", ""V255"", ""V191"", ""V160"", ""V215"", ""V380""]","{""n_estimators"": 393, ""learning_rate"": 0.13563047814289741, ""num_leaves"": 25, ""min_child_samples"": 33, ""colsample_bytree"": 0.7291734574938755, ""reg_alpha"": 0.15146594921874967, ""reg_lambda"": 1.6958486894079472}"
185,2026-06-05T13:08:00.793168+00:00,lgbm,ranking_total,185,4895,7,1000,0.8071449745957776,753,247,0.5006004612875671,"[""V176"", ""V255"", ""V191"", ""V160"", ""V215"", ""V380"", ""V342""]","{""n_estimators"": 372, ""learning_rate"": 0.06721404743079595, ""num_leaves"": 43, ""min_child_samples"": 34, ""colsample_bytree"": 0.6912598787603923, ""reg_alpha"": 0.058890108248636164, ""reg_lambda"": 1.6277521119310974}"
186,2026-06-05T13:08:22.845874+00:00,lgbm,ranking_total,186,5045,7,1000,0.7988834901549808,763,237,0.5028502177518067,"[""V176"", ""V255"", ""V191"", ""V160"", ""V215"", ""V380"", ""V342""]","{""n_estimators"": 356, ""learning_rate"": 0.14617401225311394, ""num_leaves"": 21, ""min_child_samples"": 16, ""colsample_bytree"": 0.609816620927432, ""reg_alpha"": 0.6568132260112238, ""reg_lambda"": 2.2799238038297265}"
187,2026-06-05T13:09:02.285368+00:00,lgbm,ranking_total,187,5015,7,1000,0.7530154729893386,761,239,0.4991535542569481,"[""V176"", ""V255"", ""V191"", ""V160"", ""V215"", ""V380"", ""V342""]","{""n_estimators"": 273, ""learning_rate"": 0.03764098280163358, ""num_leaves"": 50, ""min_child_samples"": 10, ""colsample_bytree"": 0.9297129139702724, ""reg_alpha"": 0.6707593440597835, ""reg_lambda"": 1.7773314775862452}"
188,2026-06-05T13:09:49.484338+00:00,lgbm,ranking_total,188,4655,7,1000,0.8340256559463531,737,263,0.49462152484611505,"[""V176"", ""V255"", ""V191"", ""V160"", ""V215"", ""V380"", ""V342""]","{""n_estimators"": 207, ""learning_rate"": 0.1155424857324776, ""num_leaves"": 99, ""min_child_samples"": 20, ""colsample_bytree"": 0.5234154563561593, ""reg_alpha"": 0.5127709858214969, ""reg_lambda"": 1.5303239943184574}"
189,2026-06-05T13:10:13.993721+00:00,lgbm,ranking_total,189,4875,5,1000,0.7929345493503622,725,275,0.5012192908734476,"[""V176"", ""V255"", ""V191"", ""V160"", ""V215""]","{""n_estimators"": 374, ""learning_rate"": 0.1206134625409059, ""num_leaves"": 22, ""min_child_samples"": 10, ""colsample_bytree"": 0.904467122416429, ""reg_alpha"": 0.32155545730676904, ""reg_lambda"": 1.038479946568671}"
190,2026-06-05T13:10:31.787442+00:00,lgbm,ranking_total,190,5080,7,999,0.73671772800933,765,234,0.4975951818389951,"[""V176"", ""V255"", ""V191"", ""V160"", ""V215"", ""V380"", ""V342""]","{""n_estimators"": 163, ""learning_rate"": 0.06400920597228983, ""num_leaves"": 39, ""min_child_samples"": 38, ""colsample_bytree"": 0.7492175395763907, ""reg_alpha"": 0.5476191119614777, ""reg_lambda"": 1.8985494973414982}"
191,2026-06-05T13:10:58.660115+00:00,lgbm,ranking_total,191,4825,7,996,0.825523898383983,747,249,0.4951601543240285,"[""V176"", ""V255"", ""V191"", ""V160"", ""V215"", ""V380"", ""V342""]","{""n_estimators"": 178, ""learning_rate"": 0.13960260252712686, ""num_leaves"": 57, ""min_child_samples"": 34, ""colsample_bytree"": 0.8452692766106198, ""reg_alpha"": 0.7426215026307573, ""reg_lambda"": 1.688091349924788}"
192,2026-06-05T13:11:22.671091+00:00,lgbm,ranking_total,192,4850,7,1000,0.7280304329207286,750,250,0.49733225119978025,"[""V176"", ""V255"", ""V191"", ""V160"", ""V215"", ""V380"", ""V342""]","{""n_estimators"": 103, ""learning_rate"": 0.06832633894112093, ""num_leaves"": 89, ""min_child_samples"": 11, ""colsample_bytree"": 0.6086104598966886, ""reg_alpha"": 0.31387776466292616, ""reg_lambda"": 2.137124733697909}"
193,2026-06-05T13:12:01.312425+00:00,lgbm,ranking_total,193,4940,7,1000,0.7521072523841134,756,244,0.49621436971563543,"[""V176"", ""V255"", ""V191"", ""V160"", ""V215"", ""V380"", ""V342""]","{""n_estimators"": 198, ""learning_rate"": 0.0461772232867126, ""num_leaves"": 74, ""min_child_samples"": 18, ""colsample_bytree"": 0.718702671848187, ""reg_alpha"": 0.6642680116682651, ""reg_lambda"": 1.8022601630121982}"
194,2026-06-05T13:12:43.925754+00:00,lgbm,ranking_total,194,4970,7,1000,0.802437395715181,758,242,0.49981901070329643,"[""V176"", ""V255"", ""V191"", ""V160"", ""V215"", ""V380"", ""V342""]","{""n_estimators"": 338, ""learning_rate"": 0.0726996003796947, ""num_leaves"": 45, ""min_child_samples"": 18, ""colsample_bytree"": 0.8515770653438034, ""reg_alpha"": 0.8395091781396117, ""reg_lambda"": 1.788392210039253}"
195,2026-06-05T13:13:06.945934+00:00,lgbm,ranking_total,195,4865,7,1000,0.7869060545018535,751,249,0.5004229759655454,"[""V176"", ""V255"", ""V191"", ""V160"", ""V215"", ""V380"", ""V342""]","{""n_estimators"": 325, ""learning_rate"": 0.09131245127156759, ""num_leaves"": 25, ""min_child_samples"": 41, ""colsample_bytree"": 0.7596778554786234, ""reg_alpha"": 0.4283412596246906, ""reg_lambda"": 0.7015227338661758}"
196,2026-06-05T13:14:26.135524+00:00,lgbm,ranking_total,196,4825,7,999,0.8045154316987333,748,251,0.4961050979887015,"[""V176"", ""V255"", ""V191"", ""V160"", ""V215"", ""V380"", ""V342""]","{""n_estimators"": 391, ""learning_rate"": 0.04472572553026431, ""num_leaves"": 81, ""min_child_samples"": 21, ""colsample_bytree"": 0.7138404571098071, ""reg_alpha"": 0.8789506050758562, ""reg_lambda"": 0.7681173143984859}"
197,2026-06-05T13:14:45.723158+00:00,lgbm,ranking_total,197,4910,7,1000,0.7630961884148367,754,246,0.4991405260032149,"[""V176"", ""V255"", ""V191"", ""V160"", ""V215"", ""V380"", ""V342""]","{""n_estimators"": 128, ""learning_rate"": 0.08878802528006066, ""num_leaves"": 59, ""min_child_samples"": 25, ""colsample_bytree"": 0.5065610874711887, ""reg_alpha"": 0.26209441877351025, ""reg_lambda"": 1.3516045026633772}"
198,2026-06-05T13:15:41.877636+00:00,lgbm,ranking_total,198,4610,7,1000,0.8605285640660445,734,266,0.4965239258733516,"[""V176"", ""V255"", ""V191"", ""V160"", ""V215"", ""V380"", ""V342""]","{""n_estimators"": 373, ""learning_rate"": 0.12915192624707095, ""num_leaves"": 56, ""min_child_samples"": 24, ""colsample_bytree"": 0.8684272682992709, ""reg_alpha"": 0.9021805877649903, ""reg_lambda"": 1.8193316947967226}"
199,2026-06-05T13:16:38.824313+00:00,lgbm,ranking_total,199,4435,7,990,0.856932587692276,719,271,0.4963117758057675,"[""V176"", ""V255"", ""V191"", ""V160"", ""V215"", ""V380"", ""V342""]","{""n_estimators"": 354, ""learning_rate"": 0.128073044745896, ""num_leaves"": 94, ""min_child_samples"": 35, ""colsample_bytree"": 0.5976944791540973, ""reg_alpha"": 0.7852680715474866, ""reg_lambda"": 1.388864181889534}"
200,2026-06-05T13:17:55.662111+00:00,lgbm,ranking_total,200,4640,7,1000,0.8960085059197175,736,264,0.4965634108370231,"[""V176"", ""V255"", ""V191"", ""V160"", ""V215"", ""V380"", ""V342""]","{""n_estimators"": 388, ""learning_rate"": 0.12127629071463422, ""num_leaves"": 86, ""min_child_samples"": 23, ""colsample_bytree"": 0.6517771984034864, ""reg_alpha"": 0.41878694701822894, ""reg_lambda"": 1.5047035011571324}"
201,2026-06-05T13:19:10.982570+00:00,lgbm,ranking_total,201,4495,7,990,0.8745407392129637,723,267,0.4951322040254294,"[""V176"", ""V255"", ""V191"", ""V160"", ""V215"", ""V380"", ""V342""]","{""n_estimators"": 382, ""learning_rate"": 0.10412154439078355, ""num_leaves"": 88, ""min_child_samples"": 22, ""colsample_bytree"": 0.7869657381033177, ""reg_alpha"": 0.8216205835555538, ""reg_lambda"": 0.7323036992165994}"
202,2026-06-05T13:19:19.544195+00:00,lgbm,ranking_total,202,5025,5,1000,0.7148966343271164,735,265,0.4986705724264859,"[""V176"", ""V255"", ""V191"", ""V160"", ""V215""]","{""n_estimators"": 100, ""learning_rate"": 0.10943063573674948, ""num_leaves"": 29, ""min_child_samples"": 45, ""colsample_bytree"": 0.5700184067411065, ""reg_alpha"": 0.26751188209745125, ""reg_lambda"": 0.7952089055653504}"
203,2026-06-05T13:20:00.831767+00:00,lgbm,ranking_total,203,4780,7,999,0.8042729806961809,745,254,0.4996768078282452,"[""V176"", ""V255"", ""V191"", ""V160"", ""V215"", ""V380"", ""V342""]","{""n_estimators"": 251, ""learning_rate"": 0.0696081466493077, ""num_leaves"": 60, ""min_child_samples"": 17, ""colsample_bytree"": 0.9974960509669222, ""reg_alpha"": 0.5714755379709365, ""reg_lambda"": 1.6992139983709957}"
204,2026-06-05T13:20:22.965003+00:00,lgbm,ranking_total,204,4760,7,1000,0.7850218036131735,744,256,0.5003594465571134,"[""V176"", ""V255"", ""V191"", ""V160"", ""V215"", ""V380"", ""V342""]","{""n_estimators"": 208, ""learning_rate"": 0.13008419326201648, ""num_leaves"": 38, ""min_child_samples"": 18, ""colsample_bytree"": 0.539516309743178, ""reg_alpha"": 0.9723690373431715, ""reg_lambda"": 2.2175415785283845}"
205,2026-06-05T13:20:42.294510+00:00,lgbm,ranking_total,205,4705,6,1000,0.7659817860301258,727,273,0.49879701415705585,"[""V176"", ""V255"", ""V191"", ""V160"", ""V215"", ""V380""]","{""n_estimators"": 165, ""learning_rate"": 0.12829994668945977, ""num_leaves"": 33, ""min_child_samples"": 47, ""colsample_bytree"": 0.8040855564145546, ""reg_alpha"": 0.9229843608530119, ""reg_lambda"": 1.14574536337076}"
206,2026-06-05T13:21:25.179809+00:00,lgbm,ranking_total,206,4705,7,999,0.8507149777038312,740,259,0.5002036060818358,"[""V176"", ""V255"", ""V191"", ""V160"", ""V215"", ""V380"", ""V342""]","{""n_estimators"": 392, ""learning_rate"": 0.11414131624210533, ""num_leaves"": 40, ""min_child_samples"": 26, ""colsample_bytree"": 0.9816805308046518, ""reg_alpha"": 0.5633214669475244, ""reg_lambda"": 1.9898945431456116}"
207,2026-06-05T13:22:17.908628+00:00,lgbm,ranking_total,207,4415,7,1000,0.8866871951679725,721,279,0.499694258090351,"[""V176"", ""V255"", ""V191"", ""V160"", ""V215"", ""V380"", ""V342""]","{""n_estimators"": 377, ""learning_rate"": 0.17985417554329092, ""num_leaves"": 56, ""min_child_samples"": 20, ""colsample_bytree"": 0.7908538882675772, ""reg_alpha"": 0.8849049792337347, ""reg_lambda"": 1.747624372648323}"
208,2026-06-05T13:22:33.514303+00:00,lgbm,ranking_total,208,4715,7,991,0.8040431170016191,738,253,0.4986724131766945,"[""V176"", ""V255"", ""V191"", ""V160"", ""V215"", ""V380"", ""V342""]","{""n_estimators"": 106, ""learning_rate"": 0.15722845826226012, ""num_leaves"": 52, ""min_child_samples"": 24, ""colsample_bytree"": 0.962910444892521, ""reg_alpha"": 0.5117663341436028, ""reg_lambda"": 1.8095145603972314}"
209,2026-06-05T13:23:24.734098+00:00,lgbm,ranking_total,209,5070,7,998,0.7389706119333453,764,234,0.49530307634900467,"[""V176"", ""V255"", ""V191"", ""V160"", ""V215"", ""V380"", ""V342""]","{""n_estimators"": 298, ""learning_rate"": 0.03350177929008783, ""num_leaves"": 79, ""min_child_samples"": 36, ""colsample_bytree"": 0.529854991889521, ""reg_alpha"": 0.418705323308301, ""reg_lambda"": 2.1642613729926516}"
210,2026-06-05T13:24:11.560091+00:00,lgbm,ranking_total,210,4620,7,998,0.8748360698459532,734,264,0.5010635699625451,"[""V176"", ""V255"", ""V191"", ""V160"", ""V215"", ""V380"", ""V342""]","{""n_estimators"": 322, ""learning_rate"": 0.16097048178849752, ""num_leaves"": 53, ""min_child_samples"": 17, ""colsample_bytree"": 0.9587245271608059, ""reg_alpha"": 0.9357902210144977, ""reg_lambda"": 1.3564149395920682}"
211,2026-06-05T13:24:20.180370+00:00,lgbm,ranking_total,211,5155,7,999,0.7319223100157216,770,229,0.5000200407103206,"[""V176"", ""V255"", ""V191"", ""V160"", ""V215"", ""V380"", ""V342""]","{""n_estimators"": 110, ""learning_rate"": 0.10018382918407927, ""num_leaves"": 25, ""min_child_samples"": 16, ""colsample_bytree"": 0.7285965513601189, ""reg_alpha"": 0.053478703742404154, ""reg_lambda"": 1.4602978393800143}"
212,2026-06-05T13:24:45.770676+00:00,lgbm,ranking_total,212,5095,5,995,0.7315786491721971,738,257,0.49920941665611474,"[""V176"", ""V255"", ""V191"", ""V160"", ""V215""]","{""n_estimators"": 362, ""learning_rate"": 0.04966536942067986, ""num_leaves"": 24, ""min_child_samples"": 21, ""colsample_bytree"": 0.9900310954608564, ""reg_alpha"": 0.2986180555414827, ""reg_lambda"": 2.428184281522854}"
213,2026-06-05T13:25:48.022275+00:00,lgbm,ranking_total,213,4580,7,997,0.8073669000857124,731,266,0.49480964400502,"[""V176"", ""V255"", ""V191"", ""V160"", ""V215"", ""V380"", ""V342""]","{""n_estimators"": 380, ""learning_rate"": 0.054995490064870076, ""num_leaves"": 82, ""min_child_samples"": 40, ""colsample_bytree"": 0.5050036852443185, ""reg_alpha"": 0.3132543992799237, ""reg_lambda"": 1.1058874470147235}"
214,2026-06-05T13:26:12.332939+00:00,lgbm,ranking_total,214,4825,7,999,0.7951748560695927,748,251,0.5011228076742219,"[""V176"", ""V255"", ""V191"", ""V160"", ""V215"", ""V380"", ""V342""]","{""n_estimators"": 399, ""learning_rate"": 0.11755807569516415, ""num_leaves"": 21, ""min_child_samples"": 28, ""colsample_bytree"": 0.6423065616281649, ""reg_alpha"": 0.9158857742082411, ""reg_lambda"": 1.46972050325986}"
215,2026-06-05T13:26:35.281144+00:00,lgbm,ranking_total,215,4640,7,1000,0.8450156544270133,736,264,0.5009780812333093,"[""V176"", ""V255"", ""V191"", ""V160"", ""V215"", ""V380"", ""V342""]","{""n_estimators"": 217, ""learning_rate"": 0.158943504045596, ""num_leaves"": 40, ""min_child_samples"": 40, ""colsample_bytree"": 0.7031879068737881, ""reg_alpha"": 0.017896960236637893, ""reg_lambda"": 1.5373638083667316}"
216,2026-06-05T13:26:50.561987+00:00,lgbm,ranking_total,216,5000,5,999,0.6932118333531007,733,266,0.49653238088235685,"[""V176"", ""V255"", ""V191"", ""V160"", ""V215""]","{""n_estimators"": 114, ""learning_rate"": 0.05729833318629864, ""num_leaves"": 51, ""min_child_samples"": 36, ""colsample_bytree"": 0.5421134668229535, ""reg_alpha"": 0.9159393159907345, ""reg_lambda"": 1.7154015258010695}"
217,2026-06-05T13:28:06.574629+00:00,lgbm,ranking_total,217,4780,6,1000,0.9058975850988951,732,268,0.49927907344370215,"[""V176"", ""V255"", ""V191"", ""V160"", ""V215"", ""V380""]","{""n_estimators"": 340, ""learning_rate"": 0.09243471664895639, ""num_leaves"": 89, ""min_child_samples"": 21, ""colsample_bytree"": 0.996723589342766, ""reg_alpha"": 0.00926707119987813, ""reg_lambda"": 0.9945799402068451}"
218,2026-06-05T13:28:34.693150+00:00,lgbm,ranking_total,218,5210,5,999,0.7138938106248262,747,252,0.4970792787374129,"[""V176"", ""V255"", ""V191"", ""V160"", ""V215""]","{""n_estimators"": 246, ""learning_rate"": 0.031177044727003382, ""num_leaves"": 41, ""min_child_samples"": 36, ""colsample_bytree"": 0.7669986401883673, ""reg_alpha"": 0.6420463247343455, ""reg_lambda"": 1.4510422084686474}"
219,2026-06-05T13:29:01.291317+00:00,lgbm,ranking_total,219,4605,8,997,0.8349438855341834,746,251,0.4931723900738035,"[""V176"", ""V255"", ""V191"", ""V160"", ""V215"", ""V380"", ""V342"", ""V483""]","{""n_estimators"": 177, ""learning_rate"": 0.16984946066388845, ""num_leaves"": 76, ""min_child_samples"": 45, ""colsample_bytree"": 0.8988338368731641, ""reg_alpha"": 0.8919570695867239, ""reg_lambda"": 1.092583495779856}"
220,2026-06-05T13:29:48.259473+00:00,lgbm,ranking_total,220,4670,7,1000,0.7969713270250687,738,262,0.49708459343945033,"[""V176"", ""V255"", ""V191"", ""V160"", ""V215"", ""V380"", ""V342""]","{""n_estimators"": 352, ""learning_rate"": 0.07142509932704197, ""num_leaves"": 52, ""min_child_samples"": 39, ""colsample_bytree"": 0.6358285871494881, ""reg_alpha"": 0.9117296837727787, ""reg_lambda"": 1.9022996096081561}"
221,2026-06-05T13:30:08.852320+00:00,lgbm,ranking_total,221,4940,7,1000,0.7747197633799808,756,244,0.5004336510413079,"[""V176"", ""V255"", ""V191"", ""V160"", ""V215"", ""V380"", ""V342""]","{""n_estimators"": 320, ""learning_rate"": 0.08604801266974449, ""num_leaves"": 22, ""min_child_samples"": 37, ""colsample_bytree"": 0.7952371376917048, ""reg_alpha"": 0.47170821055432666, ""reg_lambda"": 1.3016826947049411}"
222,2026-06-05T13:30:35.819062+00:00,lgbm,ranking_total,222,4780,6,994,0.8453976547788032,730,264,0.5017844955839742,"[""V176"", ""V255"", ""V191"", ""V160"", ""V215"", ""V380""]","{""n_estimators"": 330, ""learning_rate"": 0.17464610229589525, ""num_leaves"": 29, ""min_child_samples"": 45, ""colsample_bytree"": 0.9459292030633419, ""reg_alpha"": 0.6901547843250104, ""reg_lambda"": 1.138299698449518}"
223,2026-06-05T13:30:59.333106+00:00,lgbm,ranking_total,223,5045,7,1000,0.754779767006968,763,237,0.49964212798416385,"[""V176"", ""V255"", ""V191"", ""V160"", ""V215"", ""V380"", ""V342""]","{""n_estimators"": 234, ""learning_rate"": 0.06186453769205195, ""num_leaves"": 34, ""min_child_samples"": 12, ""colsample_bytree"": 0.9482306080079275, ""reg_alpha"": 0.737329475857481, ""reg_lambda"": 1.858509111108715}"
224,2026-06-05T13:31:20.947921+00:00,lgbm,ranking_total,224,4960,7,999,0.8128563331239499,757,242,0.5019704106597391,"[""V176"", ""V255"", ""V191"", ""V160"", ""V215"", ""V380"", ""V342""]","{""n_estimators"": 117, ""learning_rate"": 0.14825504337429724, ""num_leaves"": 67, ""min_child_samples"": 12, ""colsample_bytree"": 0.8548022677637188, ""reg_alpha"": 0.037785591435732235, ""reg_lambda"": 2.237368367835643}"
225,2026-06-05T13:32:16.452367+00:00,lgbm,ranking_total,225,4685,7,1000,0.858312757176089,739,261,0.49528346780584,"[""V176"", ""V255"", ""V191"", ""V160"", ""V215"", ""V380"", ""V342""]","{""n_estimators"": 289, ""learning_rate"": 0.09555724564104191, ""num_leaves"": 78, ""min_child_samples"": 30, ""colsample_bytree"": 0.8467464086190873, ""reg_alpha"": 0.2890519247207126, ""reg_lambda"": 1.9246778670786557}"
226,2026-06-05T13:32:56.739751+00:00,lgbm,ranking_total,226,4595,7,997,0.8389648525343297,732,265,0.4954949766747945,"[""V176"", ""V255"", ""V191"", ""V160"", ""V215"", ""V380"", ""V342""]","{""n_estimators"": 263, ""learning_rate"": 0.1250395452251532, ""num_leaves"": 66, ""min_child_samples"": 41, ""colsample_bytree"": 0.7963183368773351, ""reg_alpha"": 0.8953442360305133, ""reg_lambda"": 1.7025082026481346}"
227,2026-06-05T13:33:48.840362+00:00,lgbm,ranking_total,227,4755,7,992,0.8133715855598859,741,251,0.4952330789788741,"[""V176"", ""V255"", ""V191"", ""V160"", ""V215"", ""V380"", ""V342""]","{""n_estimators"": 238, ""learning_rate"": 0.08172402045057728, ""num_leaves"": 96, ""min_child_samples"": 23, ""colsample_bytree"": 0.6583542451998667, ""reg_alpha"": 0.936476769606501, ""reg_lambda"": 1.4472352826526305}"
228,2026-06-05T13:34:02.329786+00:00,lgbm,ranking_total,228,5340,5,1000,0.685389507749788,756,244,0.49687551758478293,"[""V176"", ""V255"", ""V191"", ""V160"", ""V215""]","{""n_estimators"": 132, ""learning_rate"": 0.045106844433286816, ""num_leaves"": 22, ""min_child_samples"": 25, ""colsample_bytree"": 0.7260321838869483, ""reg_alpha"": 0.11717626165416895, ""reg_lambda"": 2.1509698605079595}"
229,2026-06-05T13:34:40.797133+00:00,lgbm,ranking_total,229,4610,7,1000,0.835872828597294,734,266,0.4968702265973767,"[""V176"", ""V255"", ""V191"", ""V160"", ""V215"", ""V380"", ""V342""]","{""n_estimators"": 244, ""learning_rate"": 0.11126141503532347, ""num_leaves"": 64, ""min_child_samples"": 34, ""colsample_bytree"": 0.6730415125767796, ""reg_alpha"": 0.4390290042342089, ""reg_lambda"": 1.6780981765104581}"
230,2026-06-05T13:35:25.642666+00:00,lgbm,ranking_total,230,4650,6,999,0.7870791855083573,723,276,0.4964585590045548,"[""V176"", ""V255"", ""V191"", ""V160"", ""V215"", ""V380""]","{""n_estimators"": 268, ""learning_rate"": 0.07143948917933815, ""num_leaves"": 70, ""min_child_samples"": 31, ""colsample_bytree"": 0.6052751778508192, ""reg_alpha"": 0.905717914324927, ""reg_lambda"": 1.3904555939757943}"
231,2026-06-05T13:36:00.410267+00:00,lgbm,ranking_total,231,5060,7,1000,0.7435410456307888,764,236,0.4997573051033598,"[""V176"", ""V255"", ""V191"", ""V160"", ""V215"", ""V380"", ""V342""]","{""n_estimators"": 356, ""learning_rate"": 0.035007819327307094, ""num_leaves"": 35, ""min_child_samples"": 28, ""colsample_bytree"": 0.6570611900601098, ""reg_alpha"": 0.9358842864512585, ""reg_lambda"": 1.9900332658245832}"
232,2026-06-05T13:36:40.935417+00:00,lgbm,ranking_total,232,4605,7,998,0.8238969922309555,733,265,0.49484675777812737,"[""V176"", ""V255"", ""V191"", ""V160"", ""V215"", ""V380"", ""V342""]","{""n_estimators"": 187, ""learning_rate"": 0.12083752064132218, ""num_leaves"": 93, ""min_child_samples"": 21, ""colsample_bytree"": 0.5677524444287445, ""reg_alpha"": 0.4884003313398978, ""reg_lambda"": 1.9559838012371877}"
233,2026-06-05T13:36:50.775037+00:00,lgbm,ranking_total,233,5090,5,996,0.706560491808318,738,258,0.4983713726613401,"[""V176"", ""V255"", ""V191"", ""V160"", ""V215""]","{""n_estimators"": 105, ""learning_rate"": 0.08192080807035734, ""num_leaves"": 30, ""min_child_samples"": 12, ""colsample_bytree"": 0.7364401493615957, ""reg_alpha"": 0.5550306386060736, ""reg_lambda"": 1.491033939240321}"
234,2026-06-05T13:37:16.033276+00:00,lgbm,ranking_total,234,4680,5,1000,0.8035642848477258,712,288,0.5020631275835007,"[""V176"", ""V255"", ""V191"", ""V160"", ""V215""]","{""n_estimators"": 395, ""learning_rate"": 0.16383233977707495, ""num_leaves"": 23, ""min_child_samples"": 31, ""colsample_bytree"": 0.5705108245793935, ""reg_alpha"": 0.2655620511503798, ""reg_lambda"": 2.402107791876403}"
235,2026-06-05T13:37:34.890526+00:00,lgbm,ranking_total,235,4760,7,1000,0.8034450375435946,744,256,0.5014548698552119,"[""V176"", ""V255"", ""V191"", ""V160"", ""V215"", ""V380"", ""V342""]","{""n_estimators"": 285, ""learning_rate"": 0.16686006652589733, ""num_leaves"": 23, ""min_child_samples"": 49, ""colsample_bytree"": 0.6233098879444414, ""reg_alpha"": 0.6988074142774017, ""reg_lambda"": 2.2328586383926723}"
236,2026-06-05T13:37:52.805771+00:00,lgbm,ranking_total,236,4955,5,993,0.7552812751056475,728,265,0.5015704635906195,"[""V176"", ""V255"", ""V191"", ""V160"", ""V215""]","{""n_estimators"": 194, ""learning_rate"": 0.10840605698476806, ""num_leaves"": 32, ""min_child_samples"": 13, ""colsample_bytree"": 0.8126897027009687, ""reg_alpha"": 0.8382609313431852, ""reg_lambda"": 0.6758486148186451}"
237,2026-06-05T13:38:10.452737+00:00,lgbm,ranking_total,237,4940,7,1000,0.7817549413254201,756,244,0.5045346461383658,"[""V176"", ""V255"", ""V191"", ""V160"", ""V215"", ""V380"", ""V342""]","{""n_estimators"": 134, ""learning_rate"": 0.15160790278872252, ""num_leaves"": 33, ""min_child_samples"": 12, ""colsample_bytree"": 0.9143833769751437, ""reg_alpha"": 0.3511277858645949, ""reg_lambda"": 2.2062034155782366}"
238,2026-06-05T13:38:40.448141+00:00,lgbm,ranking_total,238,5180,7,1000,0.7257079575892138,772,228,0.4986285150118505,"[""V176"", ""V255"", ""V191"", ""V160"", ""V215"", ""V380"", ""V342""]","{""n_estimators"": 359, ""learning_rate"": 0.03209366013691968, ""num_leaves"": 29, ""min_child_samples"": 18, ""colsample_bytree"": 0.5803100828714565, ""reg_alpha"": 0.9796225431373057, ""reg_lambda"": 1.6644441741881915}"
239,2026-06-05T13:39:09.556860+00:00,lgbm,ranking_total,239,4805,7,1000,0.784261332470894,747,253,0.49696127674820073,"[""V176"", ""V255"", ""V191"", ""V160"", ""V215"", ""V380"", ""V342""]","{""n_estimators"": 135, ""learning_rate"": 0.09953285701416689, ""num_leaves"": 80, ""min_child_samples"": 15, ""colsample_bytree"": 0.5495952403063364, ""reg_alpha"": 0.3152628536368358, ""reg_lambda"": 1.00915664381902}"
240,2026-06-05T13:39:32.192214+00:00,lgbm,ranking_total,240,4840,7,999,0.8097006145067126,749,250,0.49885335463662084,"[""V176"", ""V255"", ""V191"", ""V160"", ""V215"", ""V380"", ""V342""]","{""n_estimators"": 133, ""learning_rate"": 0.14554905051957598, ""num_leaves"": 61, ""min_child_samples"": 13, ""colsample_bytree"": 0.7621014061712326, ""reg_alpha"": 0.5328028949271685, ""reg_lambda"": 1.4823709989840093}"
241,2026-06-05T13:40:10.577434+00:00,lgbm,ranking_total,241,4525,7,999,0.8691310891561368,728,271,0.49520880869988615,"[""V176"", ""V255"", ""V191"", ""V160"", ""V215"", ""V380"", ""V342""]","{""n_estimators"": 243, ""learning_rate"": 0.17510892528710162, ""num_leaves"": 62, ""min_child_samples"": 32, ""colsample_bytree"": 0.6219563774272732, ""reg_alpha"": 0.3319849538408909, ""reg_lambda"": 2.0855837810367888}"
242,2026-06-05T13:40:51.659917+00:00,lgbm,ranking_total,242,4745,7,1000,0.8447626838088096,743,257,0.49867711333476017,"[""V176"", ""V255"", ""V191"", ""V160"", ""V215"", ""V380"", ""V342""]","{""n_estimators"": 386, ""learning_rate"": 0.11674598563041767, ""num_leaves"": 36, ""min_child_samples"": 34, ""colsample_bytree"": 0.8644325910050258, ""reg_alpha"": 0.8421489832591994, ""reg_lambda"": 0.5007871942403499}"
243,2026-06-05T13:41:19.093716+00:00,lgbm,ranking_total,243,5000,8,990,0.774479748561539,770,220,0.5050161482756063,"[""V176"", ""V255"", ""V191"", ""V160"", ""V215"", ""V380"", ""V342"", ""V483""]","{""n_estimators"": 242, ""learning_rate"": 0.06264402492553454, ""num_leaves"": 42, ""min_child_samples"": 11, ""colsample_bytree"": 0.7898645777124222, ""reg_alpha"": 0.33680757379048387, ""reg_lambda"": 0.7149739970118776}"
244,2026-06-05T13:42:19.435212+00:00,lgbm,ranking_total,244,4630,6,994,0.886842927330249,720,274,0.49924618553447353,"[""V176"", ""V255"", ""V191"", ""V160"", ""V215"", ""V380""]","{""n_estimators"": 381, ""learning_rate"": 0.14729879814876548, ""num_leaves"": 61, ""min_child_samples"": 15, ""colsample_bytree"": 0.7021399927273173, ""reg_alpha"": 0.44586233839611844, ""reg_lambda"": 1.965327804885954}"
245,2026-06-05T13:42:29.427061+00:00,lgbm,ranking_total,245,5205,5,1000,0.6742383089898625,747,253,0.4964905740991451,"[""V176"", ""V255"", ""V191"", ""V160"", ""V215""]","{""n_estimators"": 126, ""learning_rate"": 0.04489155764552884, ""num_leaves"": 27, ""min_child_samples"": 37, ""colsample_bytree"": 0.5361968750798346, ""reg_alpha"": 0.21764472246441158, ""reg_lambda"": 2.4809685758267177}"
246,2026-06-05T13:43:28.662027+00:00,lgbm,ranking_total,246,4790,7,1000,0.7979649400709647,746,254,0.497848393978908,"[""V176"", ""V255"", ""V191"", ""V160"", ""V215"", ""V380"", ""V342""]","{""n_estimators"": 399, ""learning_rate"": 0.04687950069217968, ""num_leaves"": 57, ""min_child_samples"": 24, ""colsample_bytree"": 0.9246762278638235, ""reg_alpha"": 0.9518362968827864, ""reg_lambda"": 0.8623653413904719}"
247,2026-06-05T13:44:19.244030+00:00,lgbm,ranking_total,247,4640,7,1000,0.8804616254246398,736,264,0.49617528326757376,"[""V176"", ""V255"", ""V191"", ""V160"", ""V215"", ""V380"", ""V342""]","{""n_estimators"": 258, ""learning_rate"": 0.16686996631600068, ""num_leaves"": 84, ""min_child_samples"": 19, ""colsample_bytree"": 0.5034784448393309, ""reg_alpha"": 0.41054942859112586, ""reg_lambda"": 1.6508809846060728}"
248,2026-06-05T13:44:46.447733+00:00,lgbm,ranking_total,248,4895,7,1000,0.7539125305888201,753,247,0.49668601808616747,"[""V176"", ""V255"", ""V191"", ""V160"", ""V215"", ""V380"", ""V342""]","{""n_estimators"": 227, ""learning_rate"": 0.06114791204133052, ""num_leaves"": 48, ""min_child_samples"": 43, ""colsample_bytree"": 0.5429549279963759, ""reg_alpha"": 0.6263472137598457, ""reg_lambda"": 1.2646864905494406}"
249,2026-06-05T13:45:26.014763+00:00,lgbm,ranking_total,249,4630,7,999,0.8636522460803937,735,264,0.49853911617810154,"[""V176"", ""V255"", ""V191"", ""V160"", ""V215"", ""V380"", ""V342""]","{""n_estimators"": 354, ""learning_rate"": 0.14815447041955032, ""num_leaves"": 42, ""min_child_samples"": 36, ""colsample_bytree"": 0.8826291992141525, ""reg_alpha"": 0.8042017731540182, ""reg_lambda"": 1.51832263160002}"
250,2026-06-05T13:46:04.082486+00:00,lgbm,ranking_total,250,4880,7,1000,0.7434031784228093,752,248,0.49727337275305217,"[""V176"", ""V255"", ""V191"", ""V160"", ""V215"", ""V380"", ""V342""]","{""n_estimators"": 372, ""learning_rate"": 0.036441153734278586, ""num_leaves"": 40, ""min_child_samples"": 45, ""colsample_bytree"": 0.5687850218359104, ""reg_alpha"": 0.7934458586029054, ""reg_lambda"": 1.573754924716907}"
251,2026-06-05T13:46:25.253187+00:00,lgbm,ranking_total,251,5090,7,1000,0.7651580446889227,766,234,0.49772730892810957,"[""V176"", ""V255"", ""V191"", ""V160"", ""V215"", ""V380"", ""V342""]","{""n_estimators"": 177, ""learning_rate"": 0.07089954611203525, ""num_leaves"": 45, ""min_child_samples"": 38, ""colsample_bytree"": 0.8570088454873785, ""reg_alpha"": 0.5802736178340193, ""reg_lambda"": 1.1677974017594446}"
252,2026-06-05T13:46:40.671190+00:00,lgbm,ranking_total,252,5210,7,1000,0.7330057120167186,774,226,0.4988802898006541,"[""V176"", ""V255"", ""V191"", ""V160"", ""V215"", ""V380"", ""V342""]","{""n_estimators"": 133, ""learning_rate"": 0.06989199869007884, ""num_leaves"": 41, ""min_child_samples"": 13, ""colsample_bytree"": 0.6761594029228795, ""reg_alpha"": 0.890875185594891, ""reg_lambda"": 1.5687873275872468}"
253,2026-06-05T13:47:03.304256+00:00,lgbm,ranking_total,253,4715,7,1000,0.8248142377448492,741,259,0.49936412288445897,"[""V176"", ""V255"", ""V191"", ""V160"", ""V215"", ""V380"", ""V342""]","{""n_estimators"": 255, ""learning_rate"": 0.15818480219676073, ""num_leaves"": 33, ""min_child_samples"": 41, ""colsample_bytree"": 0.75581465186391, ""reg_alpha"": 0.7519911630452604, ""reg_lambda"": 1.196231126960565}"
254,2026-06-05T13:47:55.372808+00:00,lgbm,ranking_total,254,4640,7,1000,0.874709473168499,736,264,0.4984811440747013,"[""V176"", ""V255"", ""V191"", ""V160"", ""V215"", ""V380"", ""V342""]","{""n_estimators"": 367, ""learning_rate"": 0.10765766421350724, ""num_leaves"": 56, ""min_child_samples"": 31, ""colsample_bytree"": 0.753894396664428, ""reg_alpha"": 0.04692032259772305, ""reg_lambda"": 1.7419824477914316}"
255,2026-06-05T13:48:29.946672+00:00,lgbm,ranking_total,255,4740,7,995,0.8277332209857512,741,254,0.5007262577962869,"[""V176"", ""V255"", ""V191"", ""V160"", ""V215"", ""V380"", ""V342""]","{""n_estimators"": 397, ""learning_rate"": 0.1260177224432955, ""num_leaves"": 27, ""min_child_samples"": 43, ""colsample_bytree"": 0.7393853782135867, ""reg_alpha"": 0.41786362971838353, ""reg_lambda"": 1.8584087352165106}"
256,2026-06-05T13:48:48.894504+00:00,lgbm,ranking_total,256,5050,6,1000,0.7384523064827684,750,250,0.49944407510210415,"[""V176"", ""V255"", ""V191"", ""V160"", ""V215"", ""V380""]","{""n_estimators"": 269, ""learning_rate"": 0.06345530756018841, ""num_leaves"": 25, ""min_child_samples"": 31, ""colsample_bytree"": 0.7280841255880613, ""reg_alpha"": 0.3300825460801403, ""reg_lambda"": 1.2602334645367024}"
257,2026-06-05T13:49:34.009502+00:00,lgbm,ranking_total,257,4625,7,1000,0.8920808288685957,735,265,0.49295514614726854,"[""V176"", ""V255"", ""V191"", ""V160"", ""V215"", ""V380"", ""V342""]","{""n_estimators"": 260, ""learning_rate"": 0.15515954999564666, ""num_leaves"": 85, ""min_child_samples"": 35, ""colsample_bytree"": 0.5421215433097002, ""reg_alpha"": 0.02599217720858482, ""reg_lambda"": 1.3058744871452856}"
258,2026-06-05T13:50:19.555597+00:00,lgbm,ranking_total,258,4495,6,1000,0.8660429346702333,713,287,0.49942397877422573,"[""V176"", ""V255"", ""V191"", ""V160"", ""V215"", ""V380""]","{""n_estimators"": 315, ""learning_rate"": 0.15099842361629012, ""num_leaves"": 61, ""min_child_samples"": 33, ""colsample_bytree"": 0.608856006559098, ""reg_alpha"": 0.554834217880487, ""reg_lambda"": 1.2934318978235986}"
259,2026-06-05T13:50:55.206557+00:00,lgbm,ranking_total,259,5015,5,996,0.7322729405242078,733,263,0.49765496777742435,"[""V176"", ""V255"", ""V191"", ""V160"", ""V215""]","{""n_estimators"": 299, ""learning_rate"": 0.03446832961358194, ""num_leaves"": 46, ""min_child_samples"": 45, ""colsample_bytree"": 0.7878602140750637, ""reg_alpha"": 0.15094773395085193, ""reg_lambda"": 1.763860127724088}"
260,2026-06-05T13:51:24.424476+00:00,lgbm,ranking_total,260,4730,7,1000,0.8629493062985077,742,258,0.501879230233405,"[""V176"", ""V255"", ""V191"", ""V160"", ""V215"", ""V380"", ""V342""]","{""n_estimators"": 204, ""learning_rate"": 0.16084961000924436, ""num_leaves"": 47, ""min_child_samples"": 24, ""colsample_bytree"": 0.8800888385941465, ""reg_alpha"": 0.30204142528251743, ""reg_lambda"": 0.5015691341598554}"
261,2026-06-05T13:51:41.345355+00:00,lgbm,ranking_total,261,5180,5,996,0.6965519254768006,744,252,0.49634700222530065,"[""V176"", ""V255"", ""V191"", ""V160"", ""V215""]","{""n_estimators"": 110, ""learning_rate"": 0.0390949105667837, ""num_leaves"": 61, ""min_child_samples"": 41, ""colsample_bytree"": 0.8187394428339103, ""reg_alpha"": 0.17038880155372327, ""reg_lambda"": 1.321458800204435}"
262,2026-06-05T13:52:21.074296+00:00,lgbm,ranking_total,262,4565,7,1000,0.8879708834641956,731,269,0.4987142039880089,"[""V176"", ""V255"", ""V191"", ""V160"", ""V215"", ""V380"", ""V342""]","{""n_estimators"": 324, ""learning_rate"": 0.1769456897889942, ""num_leaves"": 46, ""min_child_samples"": 45, ""colsample_bytree"": 0.9316964917215163, ""reg_alpha"": 0.43922464600145283, ""reg_lambda"": 2.352705474361874}"
263,2026-06-05T13:53:22.917534+00:00,lgbm,ranking_total,263,4930,7,999,0.7744868512228171,755,244,0.49413255910430853,"[""V176"", ""V255"", ""V191"", ""V160"", ""V215"", ""V380"", ""V342""]","{""n_estimators"": 305, ""learning_rate"": 0.043546544373714254, ""num_leaves"": 99, ""min_child_samples"": 29, ""colsample_bytree"": 0.7445481001082628, ""reg_alpha"": 0.7324657435847909, ""reg_lambda"": 1.7978019897973179}"
264,2026-06-05T13:53:44.685021+00:00,lgbm,ranking_total,264,4835,7,1000,0.8068028404143163,749,251,0.500223978683245,"[""V176"", ""V255"", ""V191"", ""V160"", ""V215"", ""V380"", ""V342""]","{""n_estimators"": 223, ""learning_rate"": 0.1436798433489625, ""num_leaves"": 35, ""min_child_samples"": 35, ""colsample_bytree"": 0.7608012954590857, ""reg_alpha"": 0.9169100912335882, ""reg_lambda"": 0.9137420213942471}"
265,2026-06-05T13:54:29.177543+00:00,lgbm,ranking_total,265,4765,7,999,0.8162096789405422,744,255,0.49651984775411,"[""V176"", ""V255"", ""V191"", ""V160"", ""V215"", ""V380"", ""V342""]","{""n_estimators"": 274, ""learning_rate"": 0.09972306032205212, ""num_leaves"": 96, ""min_child_samples"": 38, ""colsample_bytree"": 0.5867435210197581, ""reg_alpha"": 0.6158333353777803, ""reg_lambda"": 2.3695096605495785}"
266,2026-06-05T13:54:42.156476+00:00,lgbm,ranking_total,266,5225,5,999,0.6982027520803307,748,251,0.4980781457909776,"[""V176"", ""V255"", ""V191"", ""V160"", ""V215""]","{""n_estimators"": 153, ""learning_rate"": 0.04018684732935793, ""num_leaves"": 28, ""min_child_samples"": 45, ""colsample_bytree"": 0.8425126933306704, ""reg_alpha"": 0.2290901302047219, ""reg_lambda"": 0.8154635215155481}"
267,2026-06-05T13:55:43.051514+00:00,lgbm,ranking_total,267,4745,7,1000,0.768362820482413,743,257,0.49384544684808135,"[""V176"", ""V255"", ""V191"", ""V160"", ""V215"", ""V380"", ""V342""]","{""n_estimators"": 315, ""learning_rate"": 0.030368306127775174, ""num_leaves"": 80, ""min_child_samples"": 30, ""colsample_bytree"": 0.9481918093852778, ""reg_alpha"": 0.9997891279428791, ""reg_lambda"": 0.7399680055925422}"
268,2026-06-05T13:56:38.867979+00:00,lgbm,ranking_total,268,4865,7,1000,0.8712820209786354,751,249,0.49705289206881714,"[""V176"", ""V255"", ""V191"", ""V160"", ""V215"", ""V380"", ""V342""]","{""n_estimators"": 280, ""learning_rate"": 0.12205777828218502, ""num_leaves"": 77, ""min_child_samples"": 12, ""colsample_bytree"": 0.6444774157726019, ""reg_alpha"": 0.5321140871666049, ""reg_lambda"": 0.6664312534647967}"
269,2026-06-05T13:57:24.291743+00:00,lgbm,ranking_total,269,4640,6,995,0.8572290977803612,721,274,0.49601249518209095,"[""V176"", ""V255"", ""V191"", ""V160"", ""V215"", ""V380""]","{""n_estimators"": 237, ""learning_rate"": 0.13428331557145257, ""num_leaves"": 78, ""min_child_samples"": 24, ""colsample_bytree"": 0.6767351613816155, ""reg_alpha"": 0.4732750852318528, ""reg_lambda"": 1.2414815875134522}"
270,2026-06-05T13:57:44.880108+00:00,lgbm,ranking_total,270,4685,7,1000,0.8067083491693278,739,261,0.49404888814317494,"[""V176"", ""V255"", ""V191"", ""V160"", ""V215"", ""V380"", ""V342""]","{""n_estimators"": 140, ""learning_rate"": 0.16822191896073613, ""num_leaves"": 80, ""min_child_samples"": 46, ""colsample_bytree"": 0.6377464833341197, ""reg_alpha"": 0.44570557286446155, ""reg_lambda"": 1.382972044228378}"
271,2026-06-05T13:58:00.599555+00:00,lgbm,ranking_total,271,4820,7,1000,0.8003126135191164,748,252,0.5023349497583638,"[""V176"", ""V255"", ""V191"", ""V160"", ""V215"", ""V380"", ""V342""]","{""n_estimators"": 132, ""learning_rate"": 0.13766703800309016, ""num_leaves"": 43, ""min_child_samples"": 16, ""colsample_bytree"": 0.9517209307687221, ""reg_alpha"": 0.13635583162360498, ""reg_lambda"": 0.8260340700644973}"
272,2026-06-05T13:58:38.822547+00:00,lgbm,ranking_total,272,4780,7,999,0.8053180171331517,745,254,0.498161733865257,"[""V176"", ""V255"", ""V191"", ""V160"", ""V215"", ""V380"", ""V342""]","{""n_estimators"": 197, ""learning_rate"": 0.08064621135191208, ""num_leaves"": 73, ""min_child_samples"": 18, ""colsample_bytree"": 0.8183175736768152, ""reg_alpha"": 0.44821627516708384, ""reg_lambda"": 1.8529725663595151}"
273,2026-06-05T13:59:36.117674+00:00,lgbm,ranking_total,273,4820,7,1000,0.8695464948166615,748,252,0.4987708416378007,"[""V176"", ""V255"", ""V191"", ""V160"", ""V215"", ""V380"", ""V342""]","{""n_estimators"": 342, ""learning_rate"": 0.09320291595001225, ""num_leaves"": 66, ""min_child_samples"": 20, ""colsample_bytree"": 0.6250865774800993, ""reg_alpha"": 0.019743443829227658, ""reg_lambda"": 1.028796109890846}"
274,2026-06-05T14:00:12.134020+00:00,lgbm,ranking_total,274,4850,7,1000,0.8130667929757823,750,250,0.5003021515658224,"[""V176"", ""V255"", ""V191"", ""V160"", ""V215"", ""V380"", ""V342""]","{""n_estimators"": 339, ""learning_rate"": 0.0813666719924036, ""num_leaves"": 39, ""min_child_samples"": 39, ""colsample_bytree"": 0.907104562986123, ""reg_alpha"": 0.4143691175678975, ""reg_lambda"": 1.6292596745063228}"
275,2026-06-05T14:00:55.279936+00:00,lgbm,ranking_total,275,4805,7,997,0.8771000134756781,746,251,0.4974545739245195,"[""V176"", ""V255"", ""V191"", ""V160"", ""V215"", ""V380"", ""V342""]","{""n_estimators"": 214, ""learning_rate"": 0.16206126384520947, ""num_leaves"": 75, ""min_child_samples"": 12, ""colsample_bytree"": 0.7650315180094905, ""reg_alpha"": 0.026033254689211804, ""reg_lambda"": 2.4125813211322353}"
276,2026-06-05T14:01:22.287381+00:00,lgbm,ranking_total,276,4660,7,999,0.8343846412422115,737,262,0.49464061915045215,"[""V176"", ""V255"", ""V191"", ""V160"", ""V215"", ""V380"", ""V342""]","{""n_estimators"": 158, ""learning_rate"": 0.14339603850882188, ""num_leaves"": 69, ""min_child_samples"": 28, ""colsample_bytree"": 0.5514995454930457, ""reg_alpha"": 0.23285752317168384, ""reg_lambda"": 0.733035310375773}"
277,2026-06-05T14:02:10.502482+00:00,lgbm,ranking_total,277,4700,7,1000,0.8110181705351043,740,260,0.49608425403988476,"[""V176"", ""V255"", ""V191"", ""V160"", ""V215"", ""V380"", ""V342""]","{""n_estimators"": 262, ""learning_rate"": 0.07589930174192255, ""num_leaves"": 71, ""min_child_samples"": 25, ""colsample_bytree"": 0.9938732069591505, ""reg_alpha"": 0.8743503629729205, ""reg_lambda"": 2.40673707101465}"
278,2026-06-05T14:02:29.494686+00:00,lgbm,ranking_total,278,5170,7,999,0.7284337111028145,771,228,0.4992627272765873,"[""V176"", ""V255"", ""V191"", ""V160"", ""V215"", ""V380"", ""V342""]","{""n_estimators"": 166, ""learning_rate"": 0.04183772391231255, ""num_leaves"": 40, ""min_child_samples"": 22, ""colsample_bytree"": 0.79790678321044, ""reg_alpha"": 0.6060609124711706, ""reg_lambda"": 0.642798048278209}"
279,2026-06-05T14:03:07.225806+00:00,lgbm,ranking_total,279,4805,7,1000,0.8296979463686176,747,253,0.49863241589063745,"[""V176"", ""V255"", ""V191"", ""V160"", ""V215"", ""V380"", ""V342""]","{""n_estimators"": 260, ""learning_rate"": 0.10425777342978289, ""num_leaves"": 53, ""min_child_samples"": 20, ""colsample_bytree"": 0.8690717563269741, ""reg_alpha"": 0.6080074069468113, ""reg_lambda"": 1.0183523414424807}"
280,2026-06-05T14:03:17.962081+00:00,lgbm,ranking_total,280,5465,5,996,0.6815741227281321,763,233,0.49718981465429135,"[""V176"", ""V255"", ""V191"", ""V160"", ""V215""]","{""n_estimators"": 149, ""learning_rate"": 0.03953699144700008, ""num_leaves"": 23, ""min_child_samples"": 47, ""colsample_bytree"": 0.6095850031207506, ""reg_alpha"": 0.15087369103425463, ""reg_lambda"": 1.6673296979892682}"
281,2026-06-05T14:04:25.037333+00:00,lgbm,ranking_total,281,4685,7,1000,0.886374480597187,739,261,0.4936314693455725,"[""V176"", ""V255"", ""V191"", ""V160"", ""V215"", ""V380"", ""V342""]","{""n_estimators"": 393, ""learning_rate"": 0.1123064471530981, ""num_leaves"": 64, ""min_child_samples"": 32, ""colsample_bytree"": 0.6520102793909576, ""reg_alpha"": 0.24654465153699656, ""reg_lambda"": 1.3848011927621138}"
282,2026-06-05T14:04:45.971988+00:00,lgbm,ranking_total,282,5000,7,1000,0.7540167999707762,760,240,0.5001838169236132,"[""V176"", ""V255"", ""V191"", ""V160"", ""V215"", ""V380"", ""V342""]","{""n_estimators"": 216, ""learning_rate"": 0.07599166149783432, ""num_leaves"": 35, ""min_child_samples"": 22, ""colsample_bytree"": 0.5891853246709723, ""reg_alpha"": 0.32130162901908565, ""reg_lambda"": 1.7748681393003163}"
283,2026-06-05T14:05:35.035377+00:00,lgbm,ranking_total,283,4715,7,1000,0.845470422853623,741,259,0.49593564482166075,"[""V176"", ""V255"", ""V191"", ""V160"", ""V215"", ""V380"", ""V342""]","{""n_estimators"": 332, ""learning_rate"": 0.08875835386701669, ""num_leaves"": 93, ""min_child_samples"": 47, ""colsample_bytree"": 0.5154264678292537, ""reg_alpha"": 0.09897735709007804, ""reg_lambda"": 0.700828349365316}"
284,2026-06-05T14:05:51.871654+00:00,lgbm,ranking_total,284,4720,6,997,0.7791422512116551,727,270,0.5000735017280739,"[""V176"", ""V255"", ""V191"", ""V160"", ""V215"", ""V380""]","{""n_estimators"": 243, ""learning_rate"": 0.1574453919305912, ""num_leaves"": 24, ""min_child_samples"": 44, ""colsample_bytree"": 0.5859323076301932, ""reg_alpha"": 0.7941641342825657, ""reg_lambda"": 2.3642838247106392}"
285,2026-06-05T14:06:19.015941+00:00,lgbm,ranking_total,285,5040,5,1000,0.7353912248263793,736,264,0.4977409603393042,"[""V176"", ""V255"", ""V191"", ""V160"", ""V215""]","{""n_estimators"": 173, ""learning_rate"": 0.04553848181747301, ""num_leaves"": 59, ""min_child_samples"": 29, ""colsample_bytree"": 0.9392388861092404, ""reg_alpha"": 0.13156324180064272, ""reg_lambda"": 1.6710605511165457}"
286,2026-06-05T14:06:40.137416+00:00,lgbm,ranking_total,286,4985,6,998,0.7548271675284259,745,253,0.5030730516359657,"[""V176"", ""V255"", ""V191"", ""V160"", ""V215"", ""V380""]","{""n_estimators"": 261, ""learning_rate"": 0.07253927959862808, ""num_leaves"": 28, ""min_child_samples"": 12, ""colsample_bytree"": 0.8478105424472013, ""reg_alpha"": 0.5298301099547509, ""reg_lambda"": 0.510466623001929}"
287,2026-06-05T14:07:42.305100+00:00,lgbm,ranking_total,287,4510,7,999,0.913619721379483,727,272,0.49519345669858467,"[""V176"", ""V255"", ""V191"", ""V160"", ""V215"", ""V380"", ""V342""]","{""n_estimators"": 393, ""learning_rate"": 0.15172140823493374, ""num_leaves"": 63, ""min_child_samples"": 31, ""colsample_bytree"": 0.9109823959489055, ""reg_alpha"": 0.3613127276286475, ""reg_lambda"": 1.0672657216098898}"
288,2026-06-05T14:08:25.779955+00:00,lgbm,ranking_total,288,4555,7,999,0.8633031793197137,730,269,0.4989347933479168,"[""V176"", ""V255"", ""V191"", ""V160"", ""V215"", ""V380"", ""V342""]","{""n_estimators"": 399, ""learning_rate"": 0.13661296803393747, ""num_leaves"": 34, ""min_child_samples"": 40, ""colsample_bytree"": 0.7969492086075958, ""reg_alpha"": 0.35679889483834193, ""reg_lambda"": 1.396366714762916}"
289,2026-06-05T14:09:05.052359+00:00,lgbm,ranking_total,289,4670,7,997,0.82641541405955,737,260,0.49805853698467784,"[""V176"", ""V255"", ""V191"", ""V160"", ""V215"", ""V380"", ""V342""]","{""n_estimators"": 262, ""learning_rate"": 0.08441114311855188, ""num_leaves"": 61, ""min_child_samples"": 34, ""colsample_bytree"": 0.625832546584229, ""reg_alpha"": 0.01908389360339835, ""reg_lambda"": 0.50381883491572}"
290,2026-06-05T14:09:24.563944+00:00,lgbm,ranking_total,290,5225,7,1000,0.718972098641751,775,225,0.4980101425183426,"[""V176"", ""V255"", ""V191"", ""V160"", ""V215"", ""V380"", ""V342""]","{""n_estimators"": 275, ""learning_rate"": 0.03531703292234474, ""num_leaves"": 22, ""min_child_samples"": 11, ""colsample_bytree"": 0.8581635285112887, ""reg_alpha"": 0.888073726127388, ""reg_lambda"": 1.4119139270277665}"
291,2026-06-05T14:09:54.817952+00:00,lgbm,ranking_total,291,5050,7,999,0.7772480899304864,763,236,0.5014971605269926,"[""V176"", ""V255"", ""V191"", ""V160"", ""V215"", ""V380"", ""V342""]","{""n_estimators"": 225, ""learning_rate"": 0.06936914825042625, ""num_leaves"": 49, ""min_child_samples"": 16, ""colsample_bytree"": 0.6998988402092841, ""reg_alpha"": 0.4384801170337632, ""reg_lambda"": 1.5317277456331169}"
292,2026-06-05T14:10:10.456558+00:00,lgbm,ranking_total,292,4940,4,1000,0.7178730643241605,716,284,0.4985926192683806,"[""V176"", ""V255"", ""V191"", ""V160""]","{""n_estimators"": 147, ""learning_rate"": 0.08930201486613445, ""num_leaves"": 38, ""min_child_samples"": 41, ""colsample_bytree"": 0.7888973147261185, ""reg_alpha"": 0.3827368077501895, ""reg_lambda"": 1.2709509189518904}"
293,2026-06-05T14:10:52.051446+00:00,lgbm,ranking_total,293,4480,6,1000,0.8509522244499802,712,288,0.4969609138113971,"[""V176"", ""V255"", ""V191"", ""V160"", ""V215"", ""V380""]","{""n_estimators"": 272, ""learning_rate"": 0.12986291681397055, ""num_leaves"": 61, ""min_child_samples"": 39, ""colsample_bytree"": 0.8900163607784006, ""reg_alpha"": 0.6102172990253353, ""reg_lambda"": 1.3322238232272818}"
294,2026-06-05T14:11:22.808407+00:00,lgbm,ranking_total,294,4815,7,998,0.7852677488351111,747,251,0.4969869995155108,"[""V176"", ""V255"", ""V191"", ""V160"", ""V215"", ""V380"", ""V342""]","{""n_estimators"": 177, ""learning_rate"": 0.08686948485864997, ""num_leaves"": 75, ""min_child_samples"": 46, ""colsample_bytree"": 0.8283178210102742, ""reg_alpha"": 0.8601810108928938, ""reg_lambda"": 0.5115840909595195}"
295,2026-06-05T14:11:59.687564+00:00,lgbm,ranking_total,295,5060,7,997,0.771978540810016,763,234,0.49997589049389973,"[""V176"", ""V255"", ""V191"", ""V160"", ""V215"", ""V380"", ""V342""]","{""n_estimators"": 377, ""learning_rate"": 0.050448409212640336, ""num_leaves"": 37, ""min_child_samples"": 33, ""colsample_bytree"": 0.6091926784153103, ""reg_alpha"": 0.4548610474844579, ""reg_lambda"": 0.5112662738954297}"
296,2026-06-05T14:12:42.999550+00:00,lgbm,ranking_total,296,4760,7,1000,0.8355915473728344,744,256,0.49817250994405676,"[""V176"", ""V255"", ""V191"", ""V160"", ""V215"", ""V380"", ""V342""]","{""n_estimators"": 324, ""learning_rate"": 0.08851767286461257, ""num_leaves"": 51, ""min_child_samples"": 46, ""colsample_bytree"": 0.9488974352163685, ""reg_alpha"": 0.3828647258331257, ""reg_lambda"": 1.777463970147332}"
297,2026-06-05T14:13:25.580507+00:00,lgbm,ranking_total,297,4760,7,1000,0.8678547102546968,744,256,0.4958087725334719,"[""V176"", ""V255"", ""V191"", ""V160"", ""V215"", ""V380"", ""V342""]","{""n_estimators"": 263, ""learning_rate"": 0.13853710555163834, ""num_leaves"": 84, ""min_child_samples"": 38, ""colsample_bytree"": 0.6935747807468136, ""reg_alpha"": 0.6439338401179046, ""reg_lambda"": 0.636684664378486}"
298,2026-06-05T14:14:11.464924+00:00,lgbm,ranking_total,298,4715,7,1000,0.805572897445649,741,259,0.49550787941629915,"[""V176"", ""V255"", ""V191"", ""V160"", ""V215"", ""V380"", ""V342""]","{""n_estimators"": 234, ""learning_rate"": 0.09621791689031776, ""num_leaves"": 88, ""min_child_samples"": 25, ""colsample_bytree"": 0.5294727512825298, ""reg_alpha"": 0.9716600253162436, ""reg_lambda"": 1.918103482123702}"
299,2026-06-05T14:14:54.388279+00:00,lgbm,ranking_total,299,4700,7,1000,0.8555628835792934,740,260,0.4996656797671383,"[""V176"", ""V255"", ""V191"", ""V160"", ""V215"", ""V380"", ""V342""]","{""n_estimators"": 256, ""learning_rate"": 0.11569857514536964, ""num_leaves"": 66, ""min_child_samples"": 24, ""colsample_bytree"": 0.7732759419921333, ""reg_alpha"": 0.08833748297232258, ""reg_lambda"": 2.1827129613349334}"
300,2026-06-05T14:15:28.987351+00:00,lgbm,ranking_total,300,4640,7,1000,0.8486558519851866,736,264,0.5004463360749383,"[""V176"", ""V255"", ""V191"", ""V160"", ""V215"", ""V380"", ""V342""]","{""n_estimators"": 318, ""learning_rate"": 0.15319438579099165, ""num_leaves"": 40, ""min_child_samples"": 29, ""colsample_bytree"": 0.9811396760360347, ""reg_alpha"": 0.9776587772149412, ""reg_lambda"": 1.8476887248687839}"
301,2026-06-05T14:16:37.661424+00:00,lgbm,ranking_total,301,4970,7,1000,0.8290125218478912,758,242,0.49656382815712174,"[""V176"", ""V255"", ""V191"", ""V160"", ""V215"", ""V380"", ""V342""]","{""n_estimators"": 309, ""learning_rate"": 0.06306679042542987, ""num_leaves"": 94, ""min_child_samples"": 19, ""colsample_bytree"": 0.6453878518832088, ""reg_alpha"": 0.24107792750279944, ""reg_lambda"": 2.064092865920392}"
302,2026-06-05T14:17:11.148228+00:00,lgbm,ranking_total,302,4640,7,1000,0.8482692521098352,736,264,0.49506620413025704,"[""V176"", ""V255"", ""V191"", ""V160"", ""V215"", ""V380"", ""V342""]","{""n_estimators"": 168, ""learning_rate"": 0.13116475766736496, ""num_leaves"": 81, ""min_child_samples"": 25, ""colsample_bytree"": 0.9915862882554043, ""reg_alpha"": 0.5218332923592578, ""reg_lambda"": 1.2821128655992167}"
303,2026-06-05T14:17:27.737651+00:00,lgbm,ranking_total,303,4965,6,996,0.7643214794878886,743,253,0.4963756905143355,"[""V176"", ""V255"", ""V191"", ""V160"", ""V215"", ""V380""]","{""n_estimators"": 124, ""learning_rate"": 0.10037353295146655, ""num_leaves"": 53, ""min_child_samples"": 49, ""colsample_bytree"": 0.772833283539288, ""reg_alpha"": 0.13160124920745608, ""reg_lambda"": 0.8064219076379575}"
304,2026-06-05T14:17:38.222239+00:00,lgbm,ranking_total,304,5370,5,1000,0.6923616534180911,758,242,0.49668679245725,"[""V176"", ""V255"", ""V191"", ""V160"", ""V215""]","{""n_estimators"": 159, ""learning_rate"": 0.038279705734217614, ""num_leaves"": 21, ""min_child_samples"": 46, ""colsample_bytree"": 0.7326537400889839, ""reg_alpha"": 0.030831661978163782, ""reg_lambda"": 1.8780087446463558}"
305,2026-06-05T14:18:14.672262+00:00,lgbm,ranking_total,305,4805,7,1000,0.84580242946424,747,253,0.5033766914321235,"[""V176"", ""V255"", ""V191"", ""V160"", ""V215"", ""V380"", ""V342""]","{""n_estimators"": 387, ""learning_rate"": 0.13164168346259758, ""num_leaves"": 35, ""min_child_samples"": 14, ""colsample_bytree"": 0.6735390020999343, ""reg_alpha"": 0.4092565463375928, ""reg_lambda"": 1.7050008764292963}"
306,2026-06-05T14:18:57.279096+00:00,lgbm,ranking_total,306,4400,7,1000,0.8710940028652596,720,280,0.49560259237838145,"[""V176"", ""V255"", ""V191"", ""V160"", ""V215"", ""V380"", ""V342""]","{""n_estimators"": 311, ""learning_rate"": 0.17248188382340834, ""num_leaves"": 88, ""min_child_samples"": 44, ""colsample_bytree"": 0.7404491656028118, ""reg_alpha"": 0.6044895584617341, ""reg_lambda"": 2.462068288666777}"
307,2026-06-05T14:19:23.952046+00:00,lgbm,ranking_total,307,4745,7,1000,0.8307329794489686,743,257,0.5032270664636018,"[""V176"", ""V255"", ""V191"", ""V160"", ""V215"", ""V380"", ""V342""]","{""n_estimators"": 324, ""learning_rate"": 0.15125956709123425, ""num_leaves"": 29, ""min_child_samples"": 25, ""colsample_bytree"": 0.9386387325003447, ""reg_alpha"": 0.8025358097438697, ""reg_lambda"": 2.494396349756795}"
308,2026-06-05T14:20:26.566401+00:00,lgbm,ranking_total,308,4700,7,1000,0.859407291368461,740,260,0.4973955544188204,"[""V176"", ""V255"", ""V191"", ""V160"", ""V215"", ""V380"", ""V342""]","{""n_estimators"": 277, ""learning_rate"": 0.09279276296372731, ""num_leaves"": 81, ""min_child_samples"": 12, ""colsample_bytree"": 0.9411453880785455, ""reg_alpha"": 0.7922740711468014, ""reg_lambda"": 0.5461155503341086}"
309,2026-06-05T14:20:42.443060+00:00,lgbm,ranking_total,309,5140,7,999,0.6903146739576427,769,230,0.49655577408671614,"[""V176"", ""V255"", ""V191"", ""V160"", ""V215"", ""V380"", ""V342""]","{""n_estimators"": 140, ""learning_rate"": 0.03323024103249465, ""num_leaves"": 44, ""min_child_samples"": 43, ""colsample_bytree"": 0.5570335955018217, ""reg_alpha"": 0.07892641923364319, ""reg_lambda"": 1.6074310726894445}"
310,2026-06-05T14:21:18.685138+00:00,lgbm,ranking_total,310,4830,7,998,0.8569557072440788,748,250,0.4999238090062252,"[""V176"", ""V255"", ""V191"", ""V160"", ""V215"", ""V380"", ""V342""]","{""n_estimators"": 363, ""learning_rate"": 0.1517259724397549, ""num_leaves"": 37, ""min_child_samples"": 13, ""colsample_bytree"": 0.7440601539182209, ""reg_alpha"": 0.30275093358063787, ""reg_lambda"": 1.8300942796338593}"
311,2026-06-05T14:21:32.634392+00:00,lgbm,ranking_total,311,5120,7,1000,0.7787182231105457,768,232,0.5019955953763239,"[""V176"", ""V255"", ""V191"", ""V160"", ""V215"", ""V380"", ""V342""]","{""n_estimators"": 224, ""learning_rate"": 0.1302852906107485, ""num_leaves"": 21, ""min_child_samples"": 18, ""colsample_bytree"": 0.8052251200648237, ""reg_alpha"": 0.7826943380695135, ""reg_lambda"": 1.1257228694997465}"
312,2026-06-05T14:22:22.322382+00:00,lgbm,ranking_total,312,4610,7,1000,0.8535208215943394,734,266,0.49634240951631725,"[""V176"", ""V255"", ""V191"", ""V160"", ""V215"", ""V380"", ""V342""]","{""n_estimators"": 292, ""learning_rate"": 0.09592558932201153, ""num_leaves"": 76, ""min_child_samples"": 37, ""colsample_bytree"": 0.8098194382696109, ""reg_alpha"": 0.27187069963996946, ""reg_lambda"": 1.8777128501888984}"
313,2026-06-05T14:22:30.221703+00:00,lgbm,ranking_total,313,5255,5,996,0.6957315090718609,749,247,0.49859069873308154,"[""V176"", ""V255"", ""V191"", ""V160"", ""V215""]","{""n_estimators"": 120, ""learning_rate"": 0.09280830297978974, ""num_leaves"": 20, ""min_child_samples"": 12, ""colsample_bytree"": 0.679799324351094, ""reg_alpha"": 0.9771621185250934, ""reg_lambda"": 2.3881272626594434}"
314,2026-06-05T14:22:44.064267+00:00,lgbm,ranking_total,314,5090,7,1000,0.7337819451006324,766,234,0.4963054314247544,"[""V176"", ""V255"", ""V191"", ""V160"", ""V215"", ""V380"", ""V342""]","{""n_estimators"": 108, ""learning_rate"": 0.06979591453459602, ""num_leaves"": 51, ""min_child_samples"": 49, ""colsample_bytree"": 0.6893058963788067, ""reg_alpha"": 0.4816709976363658, ""reg_lambda"": 0.9132825368770654}"
315,2026-06-05T14:23:02.927501+00:00,lgbm,ranking_total,315,4615,6,1000,0.8100674750133787,721,279,0.49964684722412295,"[""V176"", ""V255"", ""V191"", ""V160"", ""V215"", ""V380""]","{""n_estimators"": 108, ""learning_rate"": 0.1756813435128427, ""num_leaves"": 71, ""min_child_samples"": 32, ""colsample_bytree"": 0.9869386024147473, ""reg_alpha"": 0.5994698399156411, ""reg_lambda"": 2.331616518309042}"
316,2026-06-05T14:23:41.390474+00:00,lgbm,ranking_total,316,4895,7,1000,0.7824818175097467,753,247,0.4978449555177849,"[""V176"", ""V255"", ""V191"", ""V160"", ""V215"", ""V380"", ""V342""]","{""n_estimators"": 199, ""learning_rate"": 0.07187481782328597, ""num_leaves"": 75, ""min_child_samples"": 12, ""colsample_bytree"": 0.6578237691964646, ""reg_alpha"": 0.9969002677304639, ""reg_lambda"": 1.3461861124188241}"
317,2026-06-05T14:24:20.254696+00:00,lgbm,ranking_total,317,4645,7,999,0.8332583693682296,736,263,0.4935178877319704,"[""V176"", ""V255"", ""V191"", ""V160"", ""V215"", ""V380"", ""V342""]","{""n_estimators"": 187, ""learning_rate"": 0.123320046033273, ""num_leaves"": 88, ""min_child_samples"": 25, ""colsample_bytree"": 0.9014250903938312, ""reg_alpha"": 0.7429798671654654, ""reg_lambda"": 2.1762304673154107}"
318,2026-06-05T14:25:15.120570+00:00,lgbm,ranking_total,318,4655,7,1000,0.8910804392569884,737,263,0.49530458109542014,"[""V176"", ""V255"", ""V191"", ""V160"", ""V215"", ""V380"", ""V342""]","{""n_estimators"": 347, ""learning_rate"": 0.12912136799801383, ""num_leaves"": 87, ""min_child_samples"": 40, ""colsample_bytree"": 0.7883755144258491, ""reg_alpha"": 0.18784549130322148, ""reg_lambda"": 1.916268993061655}"
319,2026-06-05T14:25:40.276921+00:00,lgbm,ranking_total,319,4745,7,1000,0.8561243412033194,743,257,0.4946671364412514,"[""V176"", ""V255"", ""V191"", ""V160"", ""V215"", ""V380"", ""V342""]","{""n_estimators"": 174, ""learning_rate"": 0.16458765516091345, ""num_leaves"": 71, ""min_child_samples"": 47, ""colsample_bytree"": 0.7027937349000819, ""reg_alpha"": 0.21823588186349363, ""reg_lambda"": 0.5484907303531086}"
320,2026-06-05T14:27:05.638423+00:00,lgbm,ranking_total,320,4915,7,999,0.7962026095085047,754,245,0.4971691366911885,"[""V176"", ""V255"", ""V191"", ""V160"", ""V215"", ""V380"", ""V342""]","{""n_estimators"": 389, ""learning_rate"": 0.040616065839952906, ""num_leaves"": 86, ""min_child_samples"": 14, ""colsample_bytree"": 0.7293597811040807, ""reg_alpha"": 0.6597167421624353, ""reg_lambda"": 2.1504459384564365}"
321,2026-06-05T14:27:31.751023+00:00,lgbm,ranking_total,321,4775,7,1000,0.8380842147891517,745,255,0.50181950050212,"[""V176"", ""V255"", ""V191"", ""V160"", ""V215"", ""V380"", ""V342""]","{""n_estimators"": 369, ""learning_rate"": 0.16651852710839354, ""num_leaves"": 25, ""min_child_samples"": 23, ""colsample_bytree"": 0.7003459175719987, ""reg_alpha"": 0.7084118531149277, ""reg_lambda"": 1.745593574479142}"
322,2026-06-05T14:27:52.194320+00:00,lgbm,ranking_total,322,5105,7,1000,0.7013057744964873,767,233,0.4958049410122052,"[""V176"", ""V255"", ""V191"", ""V160"", ""V215"", ""V380"", ""V342""]","{""n_estimators"": 126, ""learning_rate"": 0.04168685380741865, ""num_leaves"": 61, ""min_child_samples"": 18, ""colsample_bytree"": 0.6238357290223108, ""reg_alpha"": 0.7528847175751155, ""reg_lambda"": 1.5533512725690752}"
323,2026-06-05T14:28:13.864177+00:00,lgbm,ranking_total,323,5115,5,1000,0.7066541550394319,741,259,0.4986840427041347,"[""V176"", ""V255"", ""V191"", ""V160"", ""V215""]","{""n_estimators"": 173, ""learning_rate"": 0.05125380944201404, ""num_leaves"": 45, ""min_child_samples"": 15, ""colsample_bytree"": 0.5383125842266332, ""reg_alpha"": 0.9594488783027716, ""reg_lambda"": 2.367750886070767}"
324,2026-06-05T14:28:54.138779+00:00,lgbm,ranking_total,324,4705,7,999,0.8424661434060249,740,259,0.4959323528129177,"[""V176"", ""V255"", ""V191"", ""V160"", ""V215"", ""V380"", ""V342""]","{""n_estimators"": 284, ""learning_rate"": 0.12483944972270741, ""num_leaves"": 64, ""min_child_samples"": 46, ""colsample_bytree"": 0.937740289742661, ""reg_alpha"": 0.9759942405546389, ""reg_lambda"": 1.6578988991062098}"
325,2026-06-05T14:29:18.202294+00:00,lgbm,ranking_total,325,4880,7,1000,0.770263722391931,752,248,0.4974659175616668,"[""V176"", ""V255"", ""V191"", ""V160"", ""V215"", ""V380"", ""V342""]","{""n_estimators"": 253, ""learning_rate"": 0.06827636485619218, ""num_leaves"": 36, ""min_child_samples"": 45, ""colsample_bytree"": 0.6524737747152977, ""reg_alpha"": 0.08895770161654826, ""reg_lambda"": 1.6096209771872427}"
326,2026-06-05T14:30:08.591167+00:00,lgbm,ranking_total,326,4745,7,1000,0.9140069714036552,743,257,0.4968868421553054,"[""V176"", ""V255"", ""V191"", ""V160"", ""V215"", ""V380"", ""V342""]","{""n_estimators"": 285, ""learning_rate"": 0.17715728195684363, ""num_leaves"": 67, ""min_child_samples"": 19, ""colsample_bytree"": 0.8685250608630399, ""reg_alpha"": 0.01541218757451357, ""reg_lambda"": 2.2317931173799104}"
327,2026-06-05T14:31:02.398515+00:00,lgbm,ranking_total,327,4590,8,1000,0.8656067309047971,746,254,0.4941361698083849,"[""V176"", ""V255"", ""V191"", ""V160"", ""V215"", ""V380"", ""V342"", ""V483""]","{""n_estimators"": 253, ""learning_rate"": 0.14558400711401823, ""num_leaves"": 99, ""min_child_samples"": 26, ""colsample_bytree"": 0.6551883888308643, ""reg_alpha"": 0.6248661922251587, ""reg_lambda"": 1.2361134028759446}"
328,2026-06-05T14:31:28.954946+00:00,lgbm,ranking_total,328,4940,7,1000,0.8022295454249699,756,244,0.49676049371515557,"[""V176"", ""V255"", ""V191"", ""V160"", ""V215"", ""V380"", ""V342""]","{""n_estimators"": 154, ""learning_rate"": 0.08801859214613672, ""num_leaves"": 73, ""min_child_samples"": 34, ""colsample_bytree"": 0.8398756843981485, ""reg_alpha"": 0.028971866059812834, ""reg_lambda"": 1.24780779400087}"
329,2026-06-05T14:32:02.693526+00:00,lgbm,ranking_total,329,5135,7,1000,0.7686358021324858,769,231,0.5033244274112129,"[""V176"", ""V255"", ""V191"", ""V160"", ""V215"", ""V380"", ""V342""]","{""n_estimators"": 184, ""learning_rate"": 0.048946298869842406, ""num_leaves"": 73, ""min_child_samples"": 11, ""colsample_bytree"": 0.7219792855729827, ""reg_alpha"": 0.055872990428564195, ""reg_lambda"": 0.6283296781601235}"
330,2026-06-05T14:32:50.570945+00:00,lgbm,ranking_total,330,4675,7,999,0.8351810274063046,738,261,0.49487764036720544,"[""V176"", ""V255"", ""V191"", ""V160"", ""V215"", ""V380"", ""V342""]","{""n_estimators"": 246, ""learning_rate"": 0.08864544253490902, ""num_leaves"": 84, ""min_child_samples"": 27, ""colsample_bytree"": 0.9293293550039676, ""reg_alpha"": 0.7499228969963815, ""reg_lambda"": 1.4303544859523236}"
331,2026-06-05T14:33:39.523654+00:00,lgbm,ranking_total,331,4855,7,999,0.7765191991611274,750,249,0.49608633595589036,"[""V176"", ""V255"", ""V191"", ""V160"", ""V215"", ""V380"", ""V342""]","{""n_estimators"": 321, ""learning_rate"": 0.059485532846810706, ""num_leaves"": 64, ""min_child_samples"": 44, ""colsample_bytree"": 0.5058899539825923, ""reg_alpha"": 0.7519816998518797, ""reg_lambda"": 2.3667683164958344}"
332,2026-06-05T14:33:59.095374+00:00,lgbm,ranking_total,332,5080,5,992,0.7120209947575904,736,256,0.4980005082549693,"[""V176"", ""V255"", ""V191"", ""V160"", ""V215""]","{""n_estimators"": 253, ""learning_rate"": 0.04739872485408747, ""num_leaves"": 28, ""min_child_samples"": 42, ""colsample_bytree"": 0.6234827772110849, ""reg_alpha"": 0.08933988911643365, ""reg_lambda"": 1.8924170410315773}"
333,2026-06-05T14:34:15.850431+00:00,lgbm,ranking_total,333,4925,7,1000,0.7894654544233255,755,245,0.5042083140767692,"[""V176"", ""V255"", ""V191"", ""V160"", ""V215"", ""V380"", ""V342""]","{""n_estimators"": 147, ""learning_rate"": 0.13375634256385313, ""num_leaves"": 42, ""min_child_samples"": 14, ""colsample_bytree"": 0.6318597604708351, ""reg_alpha"": 0.3175599739074225, ""reg_lambda"": 1.0115065246308381}"
334,2026-06-05T14:35:17.839609+00:00,lgbm,ranking_total,334,4530,8,1000,0.9145090663060317,742,258,0.4909210441136216,"[""V176"", ""V255"", ""V191"", ""V160"", ""V215"", ""V380"", ""V342"", ""V483""]","{""n_estimators"": 368, ""learning_rate"": 0.13934260918485103, ""num_leaves"": 71, ""min_child_samples"": 29, ""colsample_bytree"": 0.524151832874745, ""reg_alpha"": 0.10453018817247084, ""reg_lambda"": 0.6948750312327308}"
335,2026-06-05T14:35:55.660115+00:00,lgbm,ranking_total,335,4595,7,1000,0.8752228473820807,733,267,0.49438019042025955,"[""V176"", ""V255"", ""V191"", ""V160"", ""V215"", ""V380"", ""V342""]","{""n_estimators"": 230, ""learning_rate"": 0.1721652585631072, ""num_leaves"": 92, ""min_child_samples"": 37, ""colsample_bytree"": 0.682356782892898, ""reg_alpha"": 0.33445764549226176, ""reg_lambda"": 1.8932052675343558}"
336,2026-06-05T14:36:46.337903+00:00,lgbm,ranking_total,336,4625,7,1000,0.871648796999034,735,265,0.49640838654406044,"[""V176"", ""V255"", ""V191"", ""V160"", ""V215"", ""V380"", ""V342""]","{""n_estimators"": 349, ""learning_rate"": 0.15814355808743813, ""num_leaves"": 70, ""min_child_samples"": 36, ""colsample_bytree"": 0.5215735862193637, ""reg_alpha"": 0.752875668757888, ""reg_lambda"": 1.6816251097233021}"
337,2026-06-05T14:36:54.439969+00:00,lgbm,ranking_total,337,5225,7,1000,0.7472314162451307,775,225,0.49946234203286766,"[""V176"", ""V255"", ""V191"", ""V160"", ""V215"", ""V380"", ""V342""]","{""n_estimators"": 128, ""learning_rate"": 0.16448554749680913, ""num_leaves"": 20, ""min_child_samples"": 14, ""colsample_bytree"": 0.6151899831800524, ""reg_alpha"": 0.9538727732229593, ""reg_lambda"": 1.1773938045529673}"
338,2026-06-05T14:37:45.370130+00:00,lgbm,ranking_total,338,4670,7,1000,0.8324527430647655,738,262,0.49462876889484086,"[""V176"", ""V255"", ""V191"", ""V160"", ""V215"", ""V380"", ""V342""]","{""n_estimators"": 360, ""learning_rate"": 0.09822560074206524, ""num_leaves"": 79, ""min_child_samples"": 43, ""colsample_bytree"": 0.6826725957741444, ""reg_alpha"": 0.9580571892115066, ""reg_lambda"": 1.7571444711024984}"
339,2026-06-05T14:38:02.494266+00:00,lgbm,ranking_total,339,5075,7,1000,0.745851720047502,765,235,0.4981038251551333,"[""V176"", ""V255"", ""V191"", ""V160"", ""V215"", ""V380"", ""V342""]","{""n_estimators"": 179, ""learning_rate"": 0.060672963964680054, ""num_leaves"": 35, ""min_child_samples"": 46, ""colsample_bytree"": 0.7594947318574614, ""reg_alpha"": 0.2701087529531748, ""reg_lambda"": 0.9172166302097711}"
340,2026-06-05T14:38:42.130615+00:00,lgbm,ranking_total,340,4885,6,1000,0.7550415130611502,739,261,0.4949962154461785,"[""V176"", ""V255"", ""V191"", ""V160"", ""V215"", ""V380""]","{""n_estimators"": 218, ""learning_rate"": 0.041814869387014356, ""num_leaves"": 76, ""min_child_samples"": 32, ""colsample_bytree"": 0.8293634411791868, ""reg_alpha"": 0.5929214133503339, ""reg_lambda"": 1.2544944141035241}"
341,2026-06-05T14:39:17.424222+00:00,lgbm,ranking_total,341,4685,7,1000,0.7932476759209719,739,261,0.495510540705319,"[""V176"", ""V255"", ""V191"", ""V160"", ""V215"", ""V380"", ""V342""]","{""n_estimators"": 232, ""learning_rate"": 0.07251193885324253, ""num_leaves"": 69, ""min_child_samples"": 43, ""colsample_bytree"": 0.6715941074514055, ""reg_alpha"": 0.49375258600106375, ""reg_lambda"": 1.022606620917708}"
342,2026-06-05T14:39:43.529000+00:00,lgbm,ranking_total,342,5025,7,998,0.7734269890557188,761,237,0.5006306694057695,"[""V176"", ""V255"", ""V191"", ""V160"", ""V215"", ""V380"", ""V342""]","{""n_estimators"": 215, ""learning_rate"": 0.07667615435251432, ""num_leaves"": 43, ""min_child_samples"": 12, ""colsample_bytree"": 0.8489916955659383, ""reg_alpha"": 0.6781478734094868, ""reg_lambda"": 1.9455336154871434}"
343,2026-06-05T14:39:56.899693+00:00,lgbm,ranking_total,343,4955,7,994,0.8033544581079395,755,239,0.5059459754705716,"[""V176"", ""V255"", ""V191"", ""V160"", ""V215"", ""V380"", ""V342""]","{""n_estimators"": 119, ""learning_rate"": 0.17789611751844833, ""num_leaves"": 42, ""min_child_samples"": 14, ""colsample_bytree"": 0.559241246187243, ""reg_alpha"": 0.13214054942810016, ""reg_lambda"": 1.0048931454499752}"
344,2026-06-05T14:40:34.751281+00:00,lgbm,ranking_total,344,4615,7,999,0.8443893614237595,734,265,0.4950610645437664,"[""V176"", ""V255"", ""V191"", ""V160"", ""V215"", ""V380"", ""V342""]","{""n_estimators"": 213, ""learning_rate"": 0.1269028520189526, ""num_leaves"": 76, ""min_child_samples"": 32, ""colsample_bytree"": 0.7100155273996355, ""reg_alpha"": 0.23901746103887622, ""reg_lambda"": 2.3424431275591346}"
345,2026-06-05T14:41:22.593569+00:00,lgbm,ranking_total,345,4700,7,1000,0.8675808187997176,740,260,0.4967952445601125,"[""V176"", ""V255"", ""V191"", ""V160"", ""V215"", ""V380"", ""V342""]","{""n_estimators"": 217, ""learning_rate"": 0.12842941735242108, ""num_leaves"": 91, ""min_child_samples"": 15, ""colsample_bytree"": 0.5092195233806427, ""reg_alpha"": 0.2247970176223506, ""reg_lambda"": 1.1680505501263614}"
346,2026-06-05T14:41:52.644457+00:00,lgbm,ranking_total,346,4865,7,1000,0.8227361722691061,751,249,0.4955892399459033,"[""V176"", ""V255"", ""V191"", ""V160"", ""V215"", ""V380"", ""V342""]","{""n_estimators"": 124, ""learning_rate"": 0.13431275218526, ""num_leaves"": 99, ""min_child_samples"": 19, ""colsample_bytree"": 0.98083310053527, ""reg_alpha"": 0.8602821994139622, ""reg_lambda"": 1.3894685878567108}"
347,2026-06-05T14:42:51.251735+00:00,lgbm,ranking_total,347,4565,7,1000,0.8849158701421946,731,269,0.4964676281978391,"[""V176"", ""V255"", ""V191"", ""V160"", ""V215"", ""V380"", ""V342""]","{""n_estimators"": 376, ""learning_rate"": 0.12509799444202585, ""num_leaves"": 92, ""min_child_samples"": 38, ""colsample_bytree"": 0.7363364005217559, ""reg_alpha"": 0.5637820880912534, ""reg_lambda"": 0.8015163044364577}"
348,2026-06-05T14:43:51.322896+00:00,lgbm,ranking_total,348,4535,6,998,0.8787041023153603,715,283,0.4969244933274782,"[""V176"", ""V255"", ""V191"", ""V160"", ""V215"", ""V380""]","{""n_estimators"": 277, ""learning_rate"": 0.13074538471663089, ""num_leaves"": 86, ""min_child_samples"": 19, ""colsample_bytree"": 0.8475307254359676, ""reg_alpha"": 0.22025383015694355, ""reg_lambda"": 2.173497375412854}"
349,2026-06-05T14:44:17.961422+00:00,lgbm,ranking_total,349,4820,7,994,0.7810010909489802,746,248,0.4966393513895413,"[""V176"", ""V255"", ""V191"", ""V160"", ""V215"", ""V380"", ""V342""]","{""n_estimators"": 183, ""learning_rate"": 0.08588220698865184, ""num_leaves"": 55, ""min_child_samples"": 24, ""colsample_bytree"": 0.6555677072938755, ""reg_alpha"": 0.7560800147305349, ""reg_lambda"": 1.808648654373059}"
350,2026-06-05T14:45:00.330631+00:00,lgbm,ranking_total,350,4595,7,1000,0.8367787193317615,733,267,0.4959391969363106,"[""V176"", ""V255"", ""V191"", ""V160"", ""V215"", ""V380"", ""V342""]","{""n_estimators"": 289, ""learning_rate"": 0.11948146101554281, ""num_leaves"": 67, ""min_child_samples"": 41, ""colsample_bytree"": 0.663705942169558, ""reg_alpha"": 0.762509591246402, ""reg_lambda"": 2.214053143624229}"
351,2026-06-05T14:45:36.490554+00:00,lgbm,ranking_total,351,4805,7,1000,0.8475954300471554,747,253,0.4972942679393302,"[""V176"", ""V255"", ""V191"", ""V160"", ""V215"", ""V380"", ""V342""]","{""n_estimators"": 223, ""learning_rate"": 0.14626781044481169, ""num_leaves"": 62, ""min_child_samples"": 16, ""colsample_bytree"": 0.6416294656553388, ""reg_alpha"": 0.6219954348591543, ""reg_lambda"": 0.5651359608683351}"
352,2026-06-05T14:45:51.276594+00:00,lgbm,ranking_total,352,5220,5,997,0.7092380709641408,747,250,0.49742754664154964,"[""V176"", ""V255"", ""V191"", ""V160"", ""V215""]","{""n_estimators"": 166, ""learning_rate"": 0.04587461302022504, ""num_leaves"": 31, ""min_child_samples"": 48, ""colsample_bytree"": 0.7960180111922126, ""reg_alpha"": 0.24962935876559522, ""reg_lambda"": 1.403158384009144}"
353,2026-06-05T14:46:14.876567+00:00,lgbm,ranking_total,353,4800,7,995,0.8182302126831424,745,250,0.5011027576616964,"[""V176"", ""V255"", ""V191"", ""V160"", ""V215"", ""V380"", ""V342""]","{""n_estimators"": 166, ""learning_rate"": 0.16013796235809646, ""num_leaves"": 52, ""min_child_samples"": 13, ""colsample_bytree"": 0.6598514247716118, ""reg_alpha"": 0.8603674686283763, ""reg_lambda"": 1.7861301333632131}"
354,2026-06-05T14:46:59.769399+00:00,lgbm,ranking_total,354,4565,7,1000,0.8957866342852792,731,269,0.49523544587936014,"[""V176"", ""V255"", ""V191"", ""V160"", ""V215"", ""V380"", ""V342""]","{""n_estimators"": 225, ""learning_rate"": 0.17498243547566733, ""num_leaves"": 87, ""min_child_samples"": 27, ""colsample_bytree"": 0.6082072434626062, ""reg_alpha"": 0.1407860912770118, ""reg_lambda"": 1.404930369388484}"
355,2026-06-05T14:47:38.202953+00:00,lgbm,ranking_total,355,4725,6,999,0.8202942773430357,728,271,0.4996078875623796,"[""V176"", ""V255"", ""V191"", ""V160"", ""V215"", ""V380""]","{""n_estimators"": 272, ""learning_rate"": 0.10979073113193559, ""num_leaves"": 73, ""min_child_samples"": 48, ""colsample_bytree"": 0.900024383160223, ""reg_alpha"": 0.7999936645118981, ""reg_lambda"": 1.6647290521233222}"
356,2026-06-05T14:48:30.313067+00:00,lgbm,ranking_total,356,4805,7,1000,0.8141134770051431,747,253,0.49837233950746784,"[""V176"", ""V255"", ""V191"", ""V160"", ""V215"", ""V380"", ""V342""]","{""n_estimators"": 354, ""learning_rate"": 0.0718265332863699, ""num_leaves"": 55, ""min_child_samples"": 27, ""colsample_bytree"": 0.8606438602201361, ""reg_alpha"": 0.868192176217387, ""reg_lambda"": 1.7575627678650854}"
357,2026-06-05T14:49:35.385980+00:00,lgbm,ranking_total,357,4565,7,997,0.8783939110221577,730,267,0.4971554390366553,"[""V176"", ""V255"", ""V191"", ""V160"", ""V215"", ""V380"", ""V342""]","{""n_estimators"": 379, ""learning_rate"": 0.13268947880723003, ""num_leaves"": 71, ""min_child_samples"": 23, ""colsample_bytree"": 0.7580835726398898, ""reg_alpha"": 0.793280493432946, ""reg_lambda"": 1.4289573333298842}"
358,2026-06-05T14:50:38.447455+00:00,lgbm,ranking_total,358,4640,7,1000,0.9025884524046798,736,264,0.4977794661756055,"[""V176"", ""V255"", ""V191"", ""V160"", ""V215"", ""V380"", ""V342""]","{""n_estimators"": 268, ""learning_rate"": 0.14545709662360917, ""num_leaves"": 98, ""min_child_samples"": 19, ""colsample_bytree"": 0.9394913862994894, ""reg_alpha"": 0.35274281823981735, ""reg_lambda"": 1.6845758774364996}"
359,2026-06-05T14:51:33.508156+00:00,lgbm,ranking_total,359,4865,7,1000,0.8042630609843575,751,249,0.49542889665295553,"[""V176"", ""V255"", ""V191"", ""V160"", ""V215"", ""V380"", ""V342""]","{""n_estimators"": 301, ""learning_rate"": 0.06112923412342196, ""num_leaves"": 75, ""min_child_samples"": 31, ""colsample_bytree"": 0.8512570157975696, ""reg_alpha"": 0.8535250215147252, ""reg_lambda"": 1.680401666922525}"
360,2026-06-05T14:51:57.455144+00:00,lgbm,ranking_total,360,4880,7,1000,0.8342082872711659,752,248,0.5038793313819784,"[""V176"", ""V255"", ""V191"", ""V160"", ""V215"", ""V380"", ""V342""]","{""n_estimators"": 330, ""learning_rate"": 0.13500351368438862, ""num_leaves"": 27, ""min_child_samples"": 30, ""colsample_bytree"": 0.6625892498903766, ""reg_alpha"": 0.20257416952616114, ""reg_lambda"": 0.8497967959807522}"
361,2026-06-05T14:52:22.244489+00:00,lgbm,ranking_total,361,4835,7,1000,0.8123269729005483,749,251,0.4957178122800084,"[""V176"", ""V255"", ""V191"", ""V160"", ""V215"", ""V380"", ""V342""]","{""n_estimators"": 164, ""learning_rate"": 0.12642490216515065, ""num_leaves"": 86, ""min_child_samples"": 45, ""colsample_bytree"": 0.6452440635361507, ""reg_alpha"": 0.44474177658417524, ""reg_lambda"": 0.9123752417529116}"
362,2026-06-05T14:53:21.475751+00:00,lgbm,ranking_total,362,4685,7,1000,0.8292250350833615,739,261,0.495805036376799,"[""V176"", ""V255"", ""V191"", ""V160"", ""V215"", ""V380"", ""V342""]","{""n_estimators"": 353, ""learning_rate"": 0.07582095410021564, ""num_leaves"": 96, ""min_child_samples"": 37, ""colsample_bytree"": 0.7049996084658205, ""reg_alpha"": 0.6160375182864001, ""reg_lambda"": 1.6890818599112654}"
363,2026-06-05T14:53:40.095718+00:00,lgbm,ranking_total,363,4910,7,1000,0.8251408069234112,754,246,0.50206138742412,"[""V176"", ""V255"", ""V191"", ""V160"", ""V215"", ""V380"", ""V342""]","{""n_estimators"": 255, ""learning_rate"": 0.17797994846575416, ""num_leaves"": 26, ""min_child_samples"": 48, ""colsample_bytree"": 0.7353479716224671, ""reg_alpha"": 0.2577402679344116, ""reg_lambda"": 1.7311955831483121}"
364,2026-06-05T14:54:30.418168+00:00,lgbm,ranking_total,364,4595,7,991,0.873556493250238,730,261,0.4980159308434959,"[""V176"", ""V255"", ""V191"", ""V160"", ""V215"", ""V380"", ""V342""]","{""n_estimators"": 311, ""learning_rate"": 0.14341777178106108, ""num_leaves"": 85, ""min_child_samples"": 36, ""colsample_bytree"": 0.8883445014866744, ""reg_alpha"": 0.8748613670494237, ""reg_lambda"": 0.5743510596416619}"
365,2026-06-05T14:55:03.848137+00:00,lgbm,ranking_total,365,4885,7,999,0.7524887523401408,752,247,0.4985349826958676,"[""V176"", ""V255"", ""V191"", ""V160"", ""V215"", ""V380"", ""V342""]","{""n_estimators"": 274, ""learning_rate"": 0.046419451049379515, ""num_leaves"": 47, ""min_child_samples"": 40, ""colsample_bytree"": 0.5421277800268414, ""reg_alpha"": 0.6156495064736484, ""reg_lambda"": 1.2794282454771864}"
366,2026-06-05T14:55:35.509436+00:00,lgbm,ranking_total,366,4640,7,1000,0.8527143893867363,736,264,0.4983361187153683,"[""V176"", ""V255"", ""V191"", ""V160"", ""V215"", ""V380"", ""V342""]","{""n_estimators"": 182, ""learning_rate"": 0.16523721729398075, ""num_leaves"": 64, ""min_child_samples"": 15, ""colsample_bytree"": 0.7942810329093077, ""reg_alpha"": 0.5438872190428523, ""reg_lambda"": 1.2361418258839914}"
367,2026-06-05T14:55:46.931426+00:00,lgbm,ranking_total,367,4925,4,1000,0.7307471576767179,715,285,0.5018559790583771,"[""V176"", ""V255"", ""V191"", ""V160""]","{""n_estimators"": 158, ""learning_rate"": 0.15872831186700215, ""num_leaves"": 24, ""min_child_samples"": 10, ""colsample_bytree"": 0.635459452739287, ""reg_alpha"": 0.2821407658278343, ""reg_lambda"": 1.5559245668746147}"
368,2026-06-05T14:56:36.255669+00:00,lgbm,ranking_total,368,4870,7,993,0.7898181041547915,749,244,0.4945717636536113,"[""V176"", ""V255"", ""V191"", ""V160"", ""V215"", ""V380"", ""V342""]","{""n_estimators"": 339, ""learning_rate"": 0.04935587218967262, ""num_leaves"": 84, ""min_child_samples"": 48, ""colsample_bytree"": 0.6434469225413697, ""reg_alpha"": 0.2664424643054586, ""reg_lambda"": 0.7925705449319531}"
369,2026-06-05T14:57:05.412597+00:00,lgbm,ranking_total,369,5125,5,992,0.7195948282830831,739,253,0.4965978456446433,"[""V176"", ""V255"", ""V191"", ""V160"", ""V215""]","{""n_estimators"": 201, ""learning_rate"": 0.030011402707162536, ""num_leaves"": 54, ""min_child_samples"": 32, ""colsample_bytree"": 0.9492396970698862, ""reg_alpha"": 0.18524847384402698, ""reg_lambda"": 1.8877866883942895}"
370,2026-06-05T14:58:12.134665+00:00,lgbm,ranking_total,370,4730,7,1000,0.8459418879932902,742,258,0.4942514136560852,"[""V176"", ""V255"", ""V191"", ""V160"", ""V215"", ""V380"", ""V342""]","{""n_estimators"": 370, ""learning_rate"": 0.08151734476708297, ""num_leaves"": 78, ""min_child_samples"": 30, ""colsample_bytree"": 0.7224637278643733, ""reg_alpha"": 0.7908507098730625, ""reg_lambda"": 0.7186442347721651}"
371,2026-06-05T14:59:01.986299+00:00,lgbm,ranking_total,371,4515,8,1000,0.8560649270178144,741,259,0.49765818720777405,"[""V176"", ""V255"", ""V191"", ""V160"", ""V215"", ""V380"", ""V342"", ""V483""]","{""n_estimators"": 332, ""learning_rate"": 0.14501101512581716, ""num_leaves"": 60, ""min_child_samples"": 21, ""colsample_bytree"": 0.5387558427901555, ""reg_alpha"": 0.975778564882776, ""reg_lambda"": 1.148301584395339}"
372,2026-06-05T14:59:39.282876+00:00,lgbm,ranking_total,372,4630,7,999,0.8336636292718267,735,264,0.4951250744227359,"[""V176"", ""V255"", ""V191"", ""V160"", ""V215"", ""V380"", ""V342""]","{""n_estimators"": 181, ""learning_rate"": 0.11590435067434614, ""num_leaves"": 80, ""min_child_samples"": 22, ""colsample_bytree"": 0.9061995671550499, ""reg_alpha"": 0.35415221016228793, ""reg_lambda"": 2.4821189710321816}"
373,2026-06-05T15:00:40.764589+00:00,lgbm,ranking_total,373,4630,8,992,0.8362711442999585,746,246,0.4940444170699133,"[""V176"", ""V255"", ""V191"", ""V160"", ""V215"", ""V380"", ""V342"", ""V483""]","{""n_estimators"": 355, ""learning_rate"": 0.07911073537331786, ""num_leaves"": 67, ""min_child_samples"": 23, ""colsample_bytree"": 0.7055798960631745, ""reg_alpha"": 0.7144212649727857, ""reg_lambda"": 1.9090653895029828}"
374,2026-06-05T15:02:02.262282+00:00,lgbm,ranking_total,374,4620,7,998,0.9003541495283881,734,264,0.4972818573141355,"[""V176"", ""V255"", ""V191"", ""V160"", ""V215"", ""V380"", ""V342""]","{""n_estimators"": 370, ""learning_rate"": 0.10677850862956277, ""num_leaves"": 86, ""min_child_samples"": 19, ""colsample_bytree"": 0.9227009607237391, ""reg_alpha"": 0.056927656490677325, ""reg_lambda"": 2.474487225060999}"
375,2026-06-05T15:02:39.348083+00:00,lgbm,ranking_total,375,4855,7,996,0.8000943018334532,749,247,0.4961737952084284,"[""V176"", ""V255"", ""V191"", ""V160"", ""V215"", ""V380"", ""V342""]","{""n_estimators"": 259, ""learning_rate"": 0.06892040900137308, ""num_leaves"": 60, ""min_child_samples"": 49, ""colsample_bytree"": 0.8297799152681381, ""reg_alpha"": 0.3959941250990566, ""reg_lambda"": 1.302432505204486}"
376,2026-06-05T15:03:06.096933+00:00,lgbm,ranking_total,376,5040,5,1000,0.7177626354185652,736,264,0.499228990898962,"[""V176"", ""V255"", ""V191"", ""V160"", ""V215""]","{""n_estimators"": 352, ""learning_rate"": 0.03805517874984324, ""num_leaves"": 27, ""min_child_samples"": 27, ""colsample_bytree"": 0.6076515150391649, ""reg_alpha"": 0.4879677067839532, ""reg_lambda"": 0.9882373406510596}"
377,2026-06-05T15:03:24.225140+00:00,lgbm,ranking_total,377,4955,7,1000,0.7543725900551391,757,243,0.5001112336166681,"[""V176"", ""V255"", ""V191"", ""V160"", ""V215"", ""V380"", ""V342""]","{""n_estimators"": 224, ""learning_rate"": 0.07748001671969318, ""num_leaves"": 29, ""min_child_samples"": 29, ""colsample_bytree"": 0.5376707918773884, ""reg_alpha"": 0.7107748300346693, ""reg_lambda"": 1.1469834206193732}"
378,2026-06-05T15:03:34.557282+00:00,lgbm,ranking_total,378,5130,6,999,0.714118000076166,755,244,0.49761475726149285,"[""V176"", ""V255"", ""V191"", ""V160"", ""V215"", ""V380""]","{""n_estimators"": 115, ""learning_rate"": 0.07454771599279605, ""num_leaves"": 30, ""min_child_samples"": 33, ""colsample_bytree"": 0.6714959845732916, ""reg_alpha"": 0.7504038072414057, ""reg_lambda"": 0.7407100756229803}"
379,2026-06-05T15:04:29.901006+00:00,lgbm,ranking_total,379,4810,7,999,0.8661790037950043,747,252,0.5003604231023572,"[""V176"", ""V255"", ""V191"", ""V160"", ""V215"", ""V380"", ""V342""]","{""n_estimators"": 344, ""learning_rate"": 0.10287032386406186, ""num_leaves"": 59, ""min_child_samples"": 16, ""colsample_bytree"": 0.8844581918411785, ""reg_alpha"": 0.1733125896733142, ""reg_lambda"": 1.8079417213251996}"
380,2026-06-05T15:05:09.072104+00:00,lgbm,ranking_total,380,4800,7,992,0.7985351879995103,744,248,0.4991657736612757,"[""V176"", ""V255"", ""V191"", ""V160"", ""V215"", ""V380"", ""V342""]","{""n_estimators"": 340, ""learning_rate"": 0.07471929873768608, ""num_leaves"": 38, ""min_child_samples"": 44, ""colsample_bytree"": 0.7905029420064373, ""reg_alpha"": 0.5049676979551255, ""reg_lambda"": 1.896841280151062}"
381,2026-06-05T15:05:38.464889+00:00,lgbm,ranking_total,381,4575,8,1000,0.8272944280484856,745,255,0.49661405275843445,"[""V176"", ""V255"", ""V191"", ""V160"", ""V215"", ""V380"", ""V342"", ""V483""]","{""n_estimators"": 158, ""learning_rate"": 0.14922480837517288, ""num_leaves"": 71, ""min_child_samples"": 20, ""colsample_bytree"": 0.8505814424509881, ""reg_alpha"": 0.9793160661082817, ""reg_lambda"": 1.8691525277969603}"
382,2026-06-05T15:05:59.731046+00:00,lgbm,ranking_total,382,4920,8,1000,0.7831067979600235,768,232,0.5022920332186407,"[""V176"", ""V255"", ""V191"", ""V160"", ""V215"", ""V380"", ""V342"", ""V483""]","{""n_estimators"": 173, ""learning_rate"": 0.09324862812614934, ""num_leaves"": 47, ""min_child_samples"": 20, ""colsample_bytree"": 0.626094082495684, ""reg_alpha"": 0.3008039171290873, ""reg_lambda"": 0.7981559244369185}"
383,2026-06-05T15:06:25.771755+00:00,lgbm,ranking_total,383,5120,7,1000,0.7492910874863145,768,232,0.4984879749608606,"[""V176"", ""V255"", ""V191"", ""V160"", ""V215"", ""V380"", ""V342""]","{""n_estimators"": 169, ""learning_rate"": 0.05615948308581871, ""num_leaves"": 57, ""min_child_samples"": 16, ""colsample_bytree"": 0.7370137042607117, ""reg_alpha"": 0.6235881331775041, ""reg_lambda"": 1.553316985481157}"
384,2026-06-05T15:06:45.428390+00:00,lgbm,ranking_total,384,5075,7,1000,0.7333141621389266,765,235,0.4963994521359693,"[""V176"", ""V255"", ""V191"", ""V160"", ""V215"", ""V380"", ""V342""]","{""n_estimators"": 129, ""learning_rate"": 0.05456469199913819, ""num_leaves"": 59, ""min_child_samples"": 28, ""colsample_bytree"": 0.6675076209237434, ""reg_alpha"": 0.596907514245803, ""reg_lambda"": 2.049001592138052}"
385,2026-06-05T15:07:14.669098+00:00,lgbm,ranking_total,385,4955,7,1000,0.7527620988941712,757,243,0.49923038854341173,"[""V176"", ""V255"", ""V191"", ""V160"", ""V215"", ""V380"", ""V342""]","{""n_estimators"": 330, ""learning_rate"": 0.04821832614179053, ""num_leaves"": 32, ""min_child_samples"": 35, ""colsample_bytree"": 0.721053334950909, ""reg_alpha"": 0.5598029304245435, ""reg_lambda"": 2.369754899951635}"
386,2026-06-05T15:07:27.874218+00:00,lgbm,ranking_total,386,5210,7,997,0.7231494176211625,773,224,0.498598722951804,"[""V176"", ""V255"", ""V191"", ""V160"", ""V215"", ""V380"", ""V342""]","{""n_estimators"": 162, ""learning_rate"": 0.057625884708806946, ""num_leaves"": 29, ""min_child_samples"": 24, ""colsample_bytree"": 0.5293531890000025, ""reg_alpha"": 0.47673560424039063, ""reg_lambda"": 0.5119449228947162}"
387,2026-06-05T15:08:07.991143+00:00,lgbm,ranking_total,387,4625,7,1000,0.8696098097346565,735,265,0.4971259490267177,"[""V176"", ""V255"", ""V191"", ""V160"", ""V215"", ""V380"", ""V342""]","{""n_estimators"": 317, ""learning_rate"": 0.17623340678307636, ""num_leaves"": 53, ""min_child_samples"": 42, ""colsample_bytree"": 0.5503112959204566, ""reg_alpha"": 0.6397122304007901, ""reg_lambda"": 2.4294307525489165}"
388,2026-06-05T15:09:11.661006+00:00,lgbm,ranking_total,388,4795,7,999,0.8246462759811983,746,253,0.49430765990640047,"[""V176"", ""V255"", ""V191"", ""V160"", ""V215"", ""V380"", ""V342""]","{""n_estimators"": 364, ""learning_rate"": 0.06119043930634085, ""num_leaves"": 78, ""min_child_samples"": 36, ""colsample_bytree"": 0.9389832445913523, ""reg_alpha"": 0.746413103342699, ""reg_lambda"": 1.0771468131211401}"
389,2026-06-05T15:10:00.391277+00:00,lgbm,ranking_total,389,4625,7,1000,0.8302365434781852,735,265,0.4939845788534899,"[""V176"", ""V255"", ""V191"", ""V160"", ""V215"", ""V380"", ""V342""]","{""n_estimators"": 274, ""learning_rate"": 0.10561938633761024, ""num_leaves"": 77, ""min_child_samples"": 26, ""colsample_bytree"": 0.5325993620302958, ""reg_alpha"": 0.7587491365839273, ""reg_lambda"": 1.8176613437646276}"
390,2026-06-05T15:10:35.815873+00:00,lgbm,ranking_total,390,4655,7,1000,0.8504756515692509,737,263,0.49575498680066377,"[""V176"", ""V255"", ""V191"", ""V160"", ""V215"", ""V380"", ""V342""]","{""n_estimators"": 202, ""learning_rate"": 0.14799029738117997, ""num_leaves"": 82, ""min_child_samples"": 35, ""colsample_bytree"": 0.8020494560518665, ""reg_alpha"": 0.5397232531891718, ""reg_lambda"": 2.0920467930665527}"
391,2026-06-05T15:11:02.436501+00:00,lgbm,ranking_total,391,4720,7,999,0.8267573069542108,741,258,0.5039305326696473,"[""V176"", ""V255"", ""V191"", ""V160"", ""V215"", ""V380"", ""V342""]","{""n_estimators"": 397, ""learning_rate"": 0.12577870282920206, ""num_leaves"": 25, ""min_child_samples"": 25, ""colsample_bytree"": 0.582712413550436, ""reg_alpha"": 0.10783437317999045, ""reg_lambda"": 1.6440087985973337}"
392,2026-06-05T15:12:21.217551+00:00,lgbm,ranking_total,392,4870,7,996,0.8136202691851004,750,246,0.4965411455759935,"[""V176"", ""V255"", ""V191"", ""V160"", ""V215"", ""V380"", ""V342""]","{""n_estimators"": 336, ""learning_rate"": 0.04872414709778353, ""num_leaves"": 95, ""min_child_samples"": 15, ""colsample_bytree"": 0.6702759805175191, ""reg_alpha"": 0.6870777770470795, ""reg_lambda"": 0.7438478776746416}"
393,2026-06-05T15:12:30.616843+00:00,lgbm,ranking_total,393,5140,6,1000,0.7136096399080663,756,244,0.4978539492757734,"[""V176"", ""V255"", ""V191"", ""V160"", ""V215"", ""V380""]","{""n_estimators"": 128, ""learning_rate"": 0.06436615495900816, ""num_leaves"": 23, ""min_child_samples"": 29, ""colsample_bytree"": 0.9945144847436431, ""reg_alpha"": 0.6446433319070983, ""reg_lambda"": 1.7900633699451163}"
394,2026-06-05T15:13:00.968164+00:00,lgbm,ranking_total,394,5000,7,1000,0.7638493918680356,760,240,0.4988111378363114,"[""V176"", ""V255"", ""V191"", ""V160"", ""V215"", ""V380"", ""V342""]","{""n_estimators"": 283, ""learning_rate"": 0.05119400330129817, ""num_leaves"": 40, ""min_child_samples"": 44, ""colsample_bytree"": 0.7985700729390195, ""reg_alpha"": 0.7925142642774602, ""reg_lambda"": 1.3827176344470953}"
395,2026-06-05T15:14:01.804686+00:00,lgbm,ranking_total,395,4760,7,1000,0.8219963662456613,744,256,0.4966552109057103,"[""V176"", ""V255"", ""V191"", ""V160"", ""V215"", ""V380"", ""V342""]","{""n_estimators"": 343, ""learning_rate"": 0.08425464495773416, ""num_leaves"": 69, ""min_child_samples"": 10, ""colsample_bytree"": 0.543130959046076, ""reg_alpha"": 0.9261796465437984, ""reg_lambda"": 1.6839399878206762}"
396,2026-06-05T15:14:31.044890+00:00,lgbm,ranking_total,396,4940,7,1000,0.734688223879687,756,244,0.49617012293284807,"[""V176"", ""V255"", ""V191"", ""V160"", ""V215"", ""V380"", ""V342""]","{""n_estimators"": 246, ""learning_rate"": 0.04645269153885223, ""num_leaves"": 48, ""min_child_samples"": 47, ""colsample_bytree"": 0.515728159151323, ""reg_alpha"": 0.9764699740781224, ""reg_lambda"": 1.761239011149389}"
397,2026-06-05T15:14:54.996110+00:00,lgbm,ranking_total,397,5150,7,1000,0.7380046240642354,770,230,0.4997376271057589,"[""V176"", ""V255"", ""V191"", ""V160"", ""V215"", ""V380"", ""V342""]","{""n_estimators"": 244, ""learning_rate"": 0.05212365275324279, ""num_leaves"": 35, ""min_child_samples"": 13, ""colsample_bytree"": 0.6189138070291613, ""reg_alpha"": 0.9589511272488508, ""reg_lambda"": 1.375918935797236}"
398,2026-06-05T15:15:14.030073+00:00,lgbm,ranking_total,398,4805,7,1000,0.7523846378734967,747,253,0.49359248895267066,"[""V176"", ""V255"", ""V191"", ""V160"", ""V215"", ""V380"", ""V342""]","{""n_estimators"": 123, ""learning_rate"": 0.09167719974247597, ""num_leaves"": 78, ""min_child_samples"": 42, ""colsample_bytree"": 0.5929546046084087, ""reg_alpha"": 0.32046758913014206, ""reg_lambda"": 2.036487653901847}"
399,2026-06-05T15:15:43.430797+00:00,lgbm,ranking_total,399,5050,7,999,0.8055398878915363,763,236,0.4990256608169305,"[""V176"", ""V255"", ""V191"", ""V160"", ""V215"", ""V380"", ""V342""]","{""n_estimators"": 226, ""learning_rate"": 0.1022057998626692, ""num_leaves"": 49, ""min_child_samples"": 28, ""colsample_bytree"": 0.7413697383358981, ""reg_alpha"": 0.6050959855428052, ""reg_lambda"": 1.3784037390893484}"
400,2026-06-05T15:16:03.512722+00:00,lgbm,ranking_total,400,5205,6,999,0.7143938399344268,760,239,0.49636744733517474,"[""V176"", ""V255"", ""V191"", ""V160"", ""V215"", ""V380""]","{""n_estimators"": 178, ""learning_rate"": 0.03611090660895322, ""num_leaves"": 41, ""min_child_samples"": 45, ""colsample_bytree"": 0.9135707434563554, ""reg_alpha"": 0.9228110249908009, ""reg_lambda"": 1.162576539200009}"
401,2026-06-05T15:16:20.883576+00:00,lgbm,ranking_total,401,5015,7,1000,0.7842457444850812,761,239,0.5010692932589386,"[""V176"", ""V255"", ""V191"", ""V160"", ""V215"", ""V380"", ""V342""]","{""n_estimators"": 240, ""learning_rate"": 0.1404699961361221, ""num_leaves"": 26, ""min_child_samples"": 18, ""colsample_bytree"": 0.5060241938991342, ""reg_alpha"": 0.7761540929357542, ""reg_lambda"": 1.3094722571667967}"
402,2026-06-05T15:17:02.844183+00:00,lgbm,ranking_total,402,4520,7,1000,0.8631170540598817,728,272,0.4952909019046434,"[""V176"", ""V255"", ""V191"", ""V160"", ""V215"", ""V380"", ""V342""]","{""n_estimators"": 299, ""learning_rate"": 0.14139091052329128, ""num_leaves"": 74, ""min_child_samples"": 47, ""colsample_bytree"": 0.8354717278019432, ""reg_alpha"": 0.5082586229401918, ""reg_lambda"": 2.242274775959583}"
403,2026-06-05T15:17:13.593385+00:00,lgbm,ranking_total,403,4935,7,998,0.7418900226318845,755,243,0.4973472710893551,"[""V176"", ""V255"", ""V191"", ""V160"", ""V215"", ""V380"", ""V342""]","{""n_estimators"": 106, ""learning_rate"": 0.10150512910931571, ""num_leaves"": 35, ""min_child_samples"": 47, ""colsample_bytree"": 0.9146030377411338, ""reg_alpha"": 0.9627364240455238, ""reg_lambda"": 0.7498486177898154}"
404,2026-06-05T15:18:07.563143+00:00,lgbm,ranking_total,404,4595,7,1000,0.8800725758990192,733,267,0.49385536863441276,"[""V176"", ""V255"", ""V191"", ""V160"", ""V215"", ""V380"", ""V342""]","{""n_estimators"": 278, ""learning_rate"": 0.1289467124434095, ""num_leaves"": 96, ""min_child_samples"": 31, ""colsample_bytree"": 0.9689014043753493, ""reg_alpha"": 0.36989811475008394, ""reg_lambda"": 1.8545353668487274}"
405,2026-06-05T15:19:07.817647+00:00,lgbm,ranking_total,405,4730,7,997,0.8594313178018854,741,256,0.4959715422182651,"[""V176"", ""V255"", ""V191"", ""V160"", ""V215"", ""V380"", ""V342""]","{""n_estimators"": 331, ""learning_rate"": 0.09342336164866906, ""num_leaves"": 74, ""min_child_samples"": 25, ""colsample_bytree"": 0.6390176527717817, ""reg_alpha"": 0.052487044064637556, ""reg_lambda"": 2.3357827552836303}"
406,2026-06-05T15:19:23.506232+00:00,lgbm,ranking_total,406,5070,5,1000,0.7205579789736021,738,262,0.5017304307342714,"[""V176"", ""V255"", ""V191"", ""V160"", ""V215""]","{""n_estimators"": 209, ""learning_rate"": 0.0717410880724835, ""num_leaves"": 26, ""min_child_samples"": 11, ""colsample_bytree"": 0.6845518205985994, ""reg_alpha"": 0.13113892140968375, ""reg_lambda"": 1.191555928422792}"
407,2026-06-05T15:20:19.362652+00:00,lgbm,ranking_total,407,4640,7,1000,0.8688699362071444,736,264,0.49585988916035556,"[""V176"", ""V255"", ""V191"", ""V160"", ""V215"", ""V380"", ""V342""]","{""n_estimators"": 343, ""learning_rate"": 0.10034785770939035, ""num_leaves"": 72, ""min_child_samples"": 41, ""colsample_bytree"": 0.9060063656198288, ""reg_alpha"": 0.16637858358163515, ""reg_lambda"": 2.142559598172469}"
408,2026-06-05T15:21:12.358719+00:00,lgbm,ranking_total,408,4735,7,996,0.8449269763626657,741,255,0.49423689941596877,"[""V176"", ""V255"", ""V191"", ""V160"", ""V215"", ""V380"", ""V342""]","{""n_estimators"": 321, ""learning_rate"": 0.10556828994471266, ""num_leaves"": 97, ""min_child_samples"": 37, ""colsample_bytree"": 0.77882467169335, ""reg_alpha"": 0.8454886022153988, ""reg_lambda"": 0.8272610126872599}"
409,2026-06-05T15:21:22.231006+00:00,lgbm,ranking_total,409,5115,7,998,0.7631455675091712,767,231,0.5003289614972817,"[""V176"", ""V255"", ""V191"", ""V160"", ""V215"", ""V380"", ""V342""]","{""n_estimators"": 134, ""learning_rate"": 0.15481474068403184, ""num_leaves"": 24, ""min_child_samples"": 24, ""colsample_bytree"": 0.7859683349937373, ""reg_alpha"": 0.5746867900258517, ""reg_lambda"": 2.186964883033273}"
410,2026-06-05T15:22:38.075786+00:00,lgbm,ranking_total,410,4855,6,1000,0.8449844813756594,737,263,0.5026810118651971,"[""V176"", ""V255"", ""V191"", ""V160"", ""V215"", ""V380""]","{""n_estimators"": 359, ""learning_rate"": 0.06983281221206691, ""num_leaves"": 82, ""min_child_samples"": 11, ""colsample_bytree"": 0.6289780095217847, ""reg_alpha"": 0.17052239652976897, ""reg_lambda"": 1.4449647823628715}"
411,2026-06-05T15:23:17.350134+00:00,lgbm,ranking_total,411,4585,6,994,0.8460273111567227,717,277,0.498776876075852,"[""V176"", ""V255"", ""V191"", ""V160"", ""V215"", ""V380""]","{""n_estimators"": 274, ""learning_rate"": 0.1136159456266044, ""num_leaves"": 57, ""min_child_samples"": 42, ""colsample_bytree"": 0.928053397000251, ""reg_alpha"": 0.7539295323678703, ""reg_lambda"": 0.5777384920821835}"
412,2026-06-05T15:23:53.755468+00:00,lgbm,ranking_total,412,4670,6,995,0.815909412804666,723,272,0.49970019104166324,"[""V176"", ""V255"", ""V191"", ""V160"", ""V215"", ""V380""]","{""n_estimators"": 208, ""learning_rate"": 0.12282963075262754, ""num_leaves"": 70, ""min_child_samples"": 23, ""colsample_bytree"": 0.6273956597255053, ""reg_alpha"": 0.8844101036126625, ""reg_lambda"": 1.6258851766179288}"
413,2026-06-05T15:24:21.256043+00:00,lgbm,ranking_total,413,5165,5,999,0.70460292532806,744,255,0.49921326643278896,"[""V176"", ""V255"", ""V191"", ""V160"", ""V215""]","{""n_estimators"": 262, ""learning_rate"": 0.03493573751169332, ""num_leaves"": 37, ""min_child_samples"": 11, ""colsample_bytree"": 0.587673197405556, ""reg_alpha"": 0.4863150554309251, ""reg_lambda"": 1.8818071975281896}"
414,2026-06-05T15:24:54.446945+00:00,lgbm,ranking_total,414,4985,7,1000,0.7347915379559309,759,241,0.4961274994570831,"[""V176"", ""V255"", ""V191"", ""V160"", ""V215"", ""V380"", ""V342""]","{""n_estimators"": 171, ""learning_rate"": 0.0315955124628267, ""num_leaves"": 76, ""min_child_samples"": 24, ""colsample_bytree"": 0.8553903608988954, ""reg_alpha"": 0.252065207702996, ""reg_lambda"": 1.2772412114931155}"
415,2026-06-05T15:25:30.320780+00:00,lgbm,ranking_total,415,4830,7,992,0.7882423854320579,746,246,0.49683944032969685,"[""V176"", ""V255"", ""V191"", ""V160"", ""V215"", ""V380"", ""V342""]","{""n_estimators"": 328, ""learning_rate"": 0.07484326085779225, ""num_leaves"": 42, ""min_child_samples"": 47, ""colsample_bytree"": 0.5848313559845173, ""reg_alpha"": 0.9078051219050521, ""reg_lambda"": 1.442122631551082}"
416,2026-06-05T15:26:03.220737+00:00,lgbm,ranking_total,416,4835,7,1000,0.8130861326358838,749,251,0.49935468710826536,"[""V176"", ""V255"", ""V191"", ""V160"", ""V215"", ""V380"", ""V342""]","{""n_estimators"": 198, ""learning_rate"": 0.10591028264361675, ""num_leaves"": 61, ""min_child_samples"": 19, ""colsample_bytree"": 0.9252161029328716, ""reg_alpha"": 0.6812025751164101, ""reg_lambda"": 1.641472441575121}"
417,2026-06-05T15:26:25.146794+00:00,lgbm,ranking_total,417,5045,7,1000,0.7535996192538532,763,237,0.5008046916076327,"[""V176"", ""V255"", ""V191"", ""V160"", ""V215"", ""V380"", ""V342""]","{""n_estimators"": 362, ""learning_rate"": 0.06720575442436272, ""num_leaves"": 21, ""min_child_samples"": 19, ""colsample_bytree"": 0.590331467337361, ""reg_alpha"": 0.8202207790351965, ""reg_lambda"": 0.7161251084956841}"
418,2026-06-05T15:26:58.394656+00:00,lgbm,ranking_total,418,4625,7,1000,0.8468350275611277,735,265,0.4943593162058281,"[""V176"", ""V255"", ""V191"", ""V160"", ""V215"", ""V380"", ""V342""]","{""n_estimators"": 215, ""learning_rate"": 0.1554265788791865, ""num_leaves"": 77, ""min_child_samples"": 43, ""colsample_bytree"": 0.7667527392447082, ""reg_alpha"": 0.2629825114753289, ""reg_lambda"": 2.4202456032246085}"
419,2026-06-05T15:27:15.146357+00:00,lgbm,ranking_total,419,5230,6,1000,0.7098584479112925,762,238,0.4974106002725928,"[""V176"", ""V255"", ""V191"", ""V160"", ""V215"", ""V380""]","{""n_estimators"": 193, ""learning_rate"": 0.03538631911982854, ""num_leaves"": 28, ""min_child_samples"": 16, ""colsample_bytree"": 0.9747410080956669, ""reg_alpha"": 0.6487010524976726, ""reg_lambda"": 2.458314134923561}"
420,2026-06-05T15:27:42.932782+00:00,lgbm,ranking_total,420,4935,6,999,0.7709765529952726,742,257,0.4970037440789285,"[""V176"", ""V255"", ""V191"", ""V160"", ""V215"", ""V380""]","{""n_estimators"": 182, ""learning_rate"": 0.07510519112108661, ""num_leaves"": 91, ""min_child_samples"": 46, ""colsample_bytree"": 0.7858123379124251, ""reg_alpha"": 0.17918745705816452, ""reg_lambda"": 2.08148573157175}"
421,2026-06-05T15:28:05.646962+00:00,lgbm,ranking_total,421,4950,7,992,0.7840245253173465,754,238,0.4986273431218584,"[""V176"", ""V255"", ""V191"", ""V160"", ""V215"", ""V380"", ""V342""]","{""n_estimators"": 172, ""learning_rate"": 0.09795460152688383, ""num_leaves"": 51, ""min_child_samples"": 36, ""colsample_bytree"": 0.6877212845896501, ""reg_alpha"": 0.9195450794139408, ""reg_lambda"": 0.6083152900269269}"
422,2026-06-05T15:28:21.648937+00:00,lgbm,ranking_total,422,4780,6,1000,0.8021573724216797,732,268,0.4996520741526162,"[""V176"", ""V255"", ""V191"", ""V160"", ""V215"", ""V380""]","{""n_estimators"": 153, ""learning_rate"": 0.1504966301127031, ""num_leaves"": 39, ""min_child_samples"": 27, ""colsample_bytree"": 0.9942386827620477, ""reg_alpha"": 0.20252222877101977, ""reg_lambda"": 0.7221374428150236}"
423,2026-06-05T15:28:56.493034+00:00,lgbm,ranking_total,423,4855,7,999,0.7949059470657904,750,249,0.49887742690170417,"[""V176"", ""V255"", ""V191"", ""V160"", ""V215"", ""V380"", ""V342""]","{""n_estimators"": 302, ""learning_rate"": 0.08119409341664754, ""num_leaves"": 44, ""min_child_samples"": 41, ""colsample_bytree"": 0.665491372215851, ""reg_alpha"": 0.6681100395349485, ""reg_lambda"": 1.2727070879568914}"
424,2026-06-05T15:29:40.127944+00:00,lgbm,ranking_total,424,4835,7,1000,0.8796668661132973,749,251,0.5003173519925899,"[""V176"", ""V255"", ""V191"", ""V160"", ""V215"", ""V380"", ""V342""]","{""n_estimators"": 338, ""learning_rate"": 0.1489209955056915, ""num_leaves"": 46, ""min_child_samples"": 10, ""colsample_bytree"": 0.9554832001271643, ""reg_alpha"": 0.4047663505096796, ""reg_lambda"": 1.4898544841040096}"
425,2026-06-05T15:29:54.668725+00:00,lgbm,ranking_total,425,4785,5,1000,0.7374456297795946,719,281,0.49759290521890254,"[""V176"", ""V255"", ""V191"", ""V160"", ""V215""]","{""n_estimators"": 116, ""learning_rate"": 0.0997766016542654, ""num_leaves"": 46, ""min_child_samples"": 40, ""colsample_bytree"": 0.7588761737979258, ""reg_alpha"": 0.7415825626080205, ""reg_lambda"": 1.3496242383326462}"
426,2026-06-05T15:30:43.894640+00:00,lgbm,ranking_total,426,4880,7,1000,0.7943756864393492,752,248,0.4931782824528775,"[""V176"", ""V255"", ""V191"", ""V160"", ""V215"", ""V380"", ""V342""]","{""n_estimators"": 241, ""learning_rate"": 0.07040762518220495, ""num_leaves"": 96, ""min_child_samples"": 28, ""colsample_bytree"": 0.6890479946938706, ""reg_alpha"": 0.5925927137810396, ""reg_lambda"": 2.01400070516541}"
427,2026-06-05T15:31:33.815123+00:00,lgbm,ranking_total,427,4705,7,996,0.8576864656118249,739,257,0.49556602461310184,"[""V176"", ""V255"", ""V191"", ""V160"", ""V215"", ""V380"", ""V342""]","{""n_estimators"": 270, ""learning_rate"": 0.1305492762626984, ""num_leaves"": 99, ""min_child_samples"": 30, ""colsample_bytree"": 0.7160199512943287, ""reg_alpha"": 0.6768335994893925, ""reg_lambda"": 1.8819551231771634}"
428,2026-06-05T15:32:57.058986+00:00,lgbm,ranking_total,428,4645,6,1000,0.9276712104675777,723,277,0.4956729609496306,"[""V176"", ""V255"", ""V191"", ""V160"", ""V215"", ""V380""]","{""n_estimators"": 390, ""learning_rate"": 0.126590077706626, ""num_leaves"": 84, ""min_child_samples"": 15, ""colsample_bytree"": 0.8980863807565955, ""reg_alpha"": 0.05242926501218337, ""reg_lambda"": 0.8258816536422944}"
429,2026-06-05T15:33:45.447034+00:00,lgbm,ranking_total,429,4645,6,1000,0.8195009262185339,723,277,0.5000342716628753,"[""V176"", ""V255"", ""V191"", ""V160"", ""V215"", ""V380""]","{""n_estimators"": 386, ""learning_rate"": 0.09931606317139674, ""num_leaves"": 48, ""min_child_samples"": 34, ""colsample_bytree"": 0.6770802033265972, ""reg_alpha"": 0.7821485035490396, ""reg_lambda"": 2.107672149630205}"
430,2026-06-05T15:34:17.944783+00:00,lgbm,ranking_total,430,4950,6,996,0.7552503692531248,742,254,0.4991185521943602,"[""V176"", ""V255"", ""V191"", ""V160"", ""V215"", ""V380""]","{""n_estimators"": 354, ""learning_rate"": 0.05108031631693938, ""num_leaves"": 33, ""min_child_samples"": 47, ""colsample_bytree"": 0.884692608797566, ""reg_alpha"": 0.5224669238425323, ""reg_lambda"": 2.4309046552301354}"
431,2026-06-05T15:35:05.071985+00:00,lgbm,ranking_total,431,4740,7,998,0.7898720461273759,742,256,0.49522655110170216,"[""V176"", ""V255"", ""V191"", ""V160"", ""V215"", ""V380"", ""V342""]","{""n_estimators"": 313, ""learning_rate"": 0.059756891380838964, ""num_leaves"": 87, ""min_child_samples"": 45, ""colsample_bytree"": 0.9125138665181165, ""reg_alpha"": 0.6003788282283927, ""reg_lambda"": 2.208106147855359}"
432,2026-06-05T15:36:03.286755+00:00,lgbm,ranking_total,432,4610,7,1000,0.8788693420510111,734,266,0.4980650513999095,"[""V176"", ""V255"", ""V191"", ""V160"", ""V215"", ""V380"", ""V342""]","{""n_estimators"": 345, ""learning_rate"": 0.12044020490313527, ""num_leaves"": 70, ""min_child_samples"": 32, ""colsample_bytree"": 0.8972661457903028, ""reg_alpha"": 0.585455925269721, ""reg_lambda"": 1.9382328651716472}"
433,2026-06-05T15:36:36.396092+00:00,lgbm,ranking_total,433,4615,7,999,0.8380872055204082,734,265,0.4970146070444053,"[""V176"", ""V255"", ""V191"", ""V160"", ""V215"", ""V380"", ""V342""]","{""n_estimators"": 234, ""learning_rate"": 0.12043810318709566, ""num_leaves"": 56, ""min_child_samples"": 42, ""colsample_bytree"": 0.993636688083742, ""reg_alpha"": 0.8516034982063889, ""reg_lambda"": 0.9176330270635682}"
434,2026-06-05T15:37:16.173773+00:00,lgbm,ranking_total,434,4775,7,1000,0.8580479224970207,745,255,0.49816953275991,"[""V176"", ""V255"", ""V191"", ""V160"", ""V215"", ""V380"", ""V342""]","{""n_estimators"": 258, ""learning_rate"": 0.11167889946513279, ""num_leaves"": 58, ""min_child_samples"": 18, ""colsample_bytree"": 0.9528621030397173, ""reg_alpha"": 0.12280675457896406, ""reg_lambda"": 1.4941939728844122}"
435,2026-06-05T15:38:23.173662+00:00,lgbm,ranking_total,435,4550,7,1000,0.8437186286797808,730,270,0.49520484566756756,"[""V176"", ""V255"", ""V191"", ""V160"", ""V215"", ""V380"", ""V342""]","{""n_estimators"": 373, ""learning_rate"": 0.08189457235499485, ""num_leaves"": 89, ""min_child_samples"": 31, ""colsample_bytree"": 0.7183463081882364, ""reg_alpha"": 0.9373701116680149, ""reg_lambda"": 0.5328487661645398}"
436,2026-06-05T15:39:17.984196+00:00,lgbm,ranking_total,436,4655,7,1000,0.8313672720144945,737,263,0.49699407007399604,"[""V176"", ""V255"", ""V191"", ""V160"", ""V215"", ""V380"", ""V342""]","{""n_estimators"": 317, ""learning_rate"": 0.08187227312854939, ""num_leaves"": 88, ""min_child_samples"": 37, ""colsample_bytree"": 0.910310955377813, ""reg_alpha"": 0.48483903649317095, ""reg_lambda"": 2.2834790416712307}"
437,2026-06-05T15:40:01.353934+00:00,lgbm,ranking_total,437,4420,7,999,0.8657606131718023,721,278,0.49450355385706624,"[""V176"", ""V255"", ""V191"", ""V160"", ""V215"", ""V380"", ""V342""]","{""n_estimators"": 318, ""learning_rate"": 0.14213239250947313, ""num_leaves"": 55, ""min_child_samples"": 43, ""colsample_bytree"": 0.7688333658677138, ""reg_alpha"": 0.6423996771411291, ""reg_lambda"": 0.9903768315555548}"
438,2026-06-05T15:40:20.591912+00:00,lgbm,ranking_total,438,4880,7,1000,0.8019968952640603,752,248,0.4931006204584928,"[""V176"", ""V255"", ""V191"", ""V160"", ""V215"", ""V380"", ""V342""]","{""n_estimators"": 111, ""learning_rate"": 0.17478170357882908, ""num_leaves"": 71, ""min_child_samples"": 33, ""colsample_bytree"": 0.8458680312483885, ""reg_alpha"": 0.9027259222382807, ""reg_lambda"": 2.094549905106092}"
439,2026-06-05T15:40:56.027002+00:00,lgbm,ranking_total,439,5125,7,999,0.7796660970128528,768,231,0.5040131212883989,"[""V176"", ""V255"", ""V191"", ""V160"", ""V215"", ""V380"", ""V342""]","{""n_estimators"": 328, ""learning_rate"": 0.06330927750122772, ""num_leaves"": 41, ""min_child_samples"": 13, ""colsample_bytree"": 0.6069473221834203, ""reg_alpha"": 0.026093143389722906, ""reg_lambda"": 2.1069683668269588}"
440,2026-06-05T15:41:38.643592+00:00,lgbm,ranking_total,440,4675,7,999,0.8550027958015212,738,261,0.4962304559987419,"[""V176"", ""V255"", ""V191"", ""V160"", ""V215"", ""V380"", ""V342""]","{""n_estimators"": 184, ""learning_rate"": 0.12250253011486142, ""num_leaves"": 91, ""min_child_samples"": 14, ""colsample_bytree"": 0.6699931692638519, ""reg_alpha"": 0.3854152316520242, ""reg_lambda"": 1.0679800101345023}"
441,2026-06-05T15:41:57.868987+00:00,lgbm,ranking_total,441,4780,7,999,0.8326836857511654,745,254,0.49999858988860285,"[""V176"", ""V255"", ""V191"", ""V160"", ""V215"", ""V380"", ""V342""]","{""n_estimators"": 183, ""learning_rate"": 0.1747718742819659, ""num_leaves"": 38, ""min_child_samples"": 27, ""colsample_bytree"": 0.8080737490933116, ""reg_alpha"": 0.6290390819330093, ""reg_lambda"": 0.8057146335451479}"
442,2026-06-05T15:42:29.894031+00:00,lgbm,ranking_total,442,4955,7,1000,0.7439489750679281,757,243,0.4962801099790435,"[""V176"", ""V255"", ""V191"", ""V160"", ""V215"", ""V380"", ""V342""]","{""n_estimators"": 241, ""learning_rate"": 0.03514346703472954, ""num_leaves"": 51, ""min_child_samples"": 48, ""colsample_bytree"": 0.9658657190176116, ""reg_alpha"": 0.9545628116499089, ""reg_lambda"": 1.0673696375130801}"
443,2026-06-05T15:42:56.282178+00:00,lgbm,ranking_total,443,5165,7,1000,0.766246322760685,771,229,0.5007531291974306,"[""V176"", ""V255"", ""V191"", ""V160"", ""V215"", ""V380"", ""V342""]","{""n_estimators"": 296, ""learning_rate"": 0.06822465987112933, ""num_leaves"": 31, ""min_child_samples"": 12, ""colsample_bytree"": 0.7181841548861486, ""reg_alpha"": 0.8893444127092494, ""reg_lambda"": 1.0245507796934716}"
444,2026-06-05T15:43:22.467499+00:00,lgbm,ranking_total,444,4720,6,1000,0.8000990375378455,728,272,0.5017946198985803,"[""V176"", ""V255"", ""V191"", ""V160"", ""V215"", ""V380""]","{""n_estimators"": 253, ""learning_rate"": 0.1125901328698143, ""num_leaves"": 38, ""min_child_samples"": 41, ""colsample_bytree"": 0.7852124345407848, ""reg_alpha"": 0.5971550583304619, ""reg_lambda"": 1.016176829283131}"
445,2026-06-05T15:43:53.253500+00:00,lgbm,ranking_total,445,4685,7,997,0.8609802813173194,738,259,0.4971186819647646,"[""V176"", ""V255"", ""V191"", ""V160"", ""V215"", ""V380"", ""V342""]","{""n_estimators"": 212, ""learning_rate"": 0.15319424476131446, ""num_leaves"": 87, ""min_child_samples"": 49, ""colsample_bytree"": 0.9506038577822592, ""reg_alpha"": 0.20318733949715184, ""reg_lambda"": 2.026479918904612}"
446,2026-06-05T15:44:33.806655+00:00,lgbm,ranking_total,446,4510,6,997,0.8571940678966219,713,284,0.4985271307649593,"[""V176"", ""V255"", ""V191"", ""V160"", ""V215"", ""V380""]","{""n_estimators"": 199, ""learning_rate"": 0.15493374094252943, ""num_leaves"": 92, ""min_child_samples"": 24, ""colsample_bytree"": 0.8452580747272849, ""reg_alpha"": 0.9629563560871472, ""reg_lambda"": 0.5312000194934783}"
447,2026-06-05T15:44:53.363357+00:00,lgbm,ranking_total,447,4725,7,998,0.779981797930228,741,257,0.49372116533167265,"[""V176"", ""V255"", ""V191"", ""V160"", ""V215"", ""V380"", ""V342""]","{""n_estimators"": 131, ""learning_rate"": 0.1463331207790285, ""num_leaves"": 97, ""min_child_samples"": 42, ""colsample_bytree"": 0.5244250811168565, ""reg_alpha"": 0.7455331649112513, ""reg_lambda"": 2.4876052136591804}"
448,2026-06-05T15:45:14.781117+00:00,lgbm,ranking_total,448,5015,7,1000,0.768215468135057,761,239,0.500782334249098,"[""V176"", ""V255"", ""V191"", ""V160"", ""V215"", ""V380"", ""V342""]","{""n_estimators"": 112, ""learning_rate"": 0.09282871620416398, ""num_leaves"": 69, ""min_child_samples"": 12, ""colsample_bytree"": 0.7713120524929071, ""reg_alpha"": 0.2821638082626723, ""reg_lambda"": 2.2527455932631097}"
449,2026-06-05T15:46:11.050523+00:00,lgbm,ranking_total,449,4615,6,1000,0.9155368807176864,721,279,0.4979628438553811,"[""V176"", ""V255"", ""V191"", ""V160"", ""V215"", ""V380""]","{""n_estimators"": 352, ""learning_rate"": 0.15201784628157003, ""num_leaves"": 98, ""min_child_samples"": 42, ""colsample_bytree"": 0.8795596998600337, ""reg_alpha"": 0.15241949667694743, ""reg_lambda"": 0.7592350471642111}"
450,2026-06-05T15:46:38.491857+00:00,lgbm,ranking_total,450,4655,6,995,0.8218554316020947,722,273,0.4990934127556115,"[""V176"", ""V255"", ""V191"", ""V160"", ""V215"", ""V380""]","{""n_estimators"": 287, ""learning_rate"": 0.1722874337471625, ""num_leaves"": 34, ""min_child_samples"": 26, ""colsample_bytree"": 0.7297991920778104, ""reg_alpha"": 0.9724247152713804, ""reg_lambda"": 1.8522198284729305}"
451,2026-06-05T15:47:07.865664+00:00,lgbm,ranking_total,451,4765,7,999,0.810368527124918,744,255,0.4955743692932726,"[""V176"", ""V255"", ""V191"", ""V160"", ""V215"", ""V380"", ""V342""]","{""n_estimators"": 163, ""learning_rate"": 0.13270148325589579, ""num_leaves"": 98, ""min_child_samples"": 33, ""colsample_bytree"": 0.6692876004251487, ""reg_alpha"": 0.744338022009773, ""reg_lambda"": 2.364626629583467}"
452,2026-06-05T15:47:27.705427+00:00,lgbm,ranking_total,452,4845,7,998,0.7648359615266076,749,249,0.49640893591552193,"[""V176"", ""V255"", ""V191"", ""V160"", ""V215"", ""V380"", ""V342""]","{""n_estimators"": 131, ""learning_rate"": 0.09050250343583352, ""num_leaves"": 89, ""min_child_samples"": 46, ""colsample_bytree"": 0.8118210891348226, ""reg_alpha"": 0.6616833465671077, ""reg_lambda"": 1.5071757629894893}"
453,2026-06-05T15:47:47.996094+00:00,lgbm,ranking_total,453,5000,7,1000,0.7179016934002082,760,240,0.4958969120242815,"[""V176"", ""V255"", ""V191"", ""V160"", ""V215"", ""V380"", ""V342""]","{""n_estimators"": 131, ""learning_rate"": 0.04853397812659506, ""num_leaves"": 68, ""min_child_samples"": 42, ""colsample_bytree"": 0.5387910283700423, ""reg_alpha"": 0.43617027409392917, ""reg_lambda"": 0.5644275091304503}"
454,2026-06-05T15:48:23.069455+00:00,lgbm,ranking_total,454,4655,7,1000,0.8087853018432881,737,263,0.4963456502555864,"[""V176"", ""V255"", ""V191"", ""V160"", ""V215"", ""V380"", ""V342""]","{""n_estimators"": 268, ""learning_rate"": 0.10546683835325943, ""num_leaves"": 52, ""min_child_samples"": 43, ""colsample_bytree"": 0.5860906523190653, ""reg_alpha"": 0.8246788917459484, ""reg_lambda"": 0.9616006149135579}"
455,2026-06-05T15:49:15.551813+00:00,lgbm,ranking_total,455,4730,7,997,0.8552747676930658,741,256,0.497839308585507,"[""V176"", ""V255"", ""V191"", ""V160"", ""V215"", ""V380"", ""V342""]","{""n_estimators"": 287, ""learning_rate"": 0.11798375882128777, ""num_leaves"": 68, ""min_child_samples"": 17, ""colsample_bytree"": 0.9921864970006548, ""reg_alpha"": 0.7711076644999839, ""reg_lambda"": 1.899988179246285}"
456,2026-06-05T15:49:44.467497+00:00,lgbm,ranking_total,456,4655,7,997,0.8192801546856892,736,261,0.5022971354544506,"[""V176"", ""V255"", ""V191"", ""V160"", ""V215"", ""V380"", ""V342""]","{""n_estimators"": 377, ""learning_rate"": 0.12230558167074312, ""num_leaves"": 28, ""min_child_samples"": 37, ""colsample_bytree"": 0.559189565551887, ""reg_alpha"": 0.6241546271552595, ""reg_lambda"": 1.3800446085276177}"
457,2026-06-05T15:50:15.516101+00:00,lgbm,ranking_total,457,4790,7,1000,0.7554486251154374,746,254,0.49592231318400737,"[""V176"", ""V255"", ""V191"", ""V160"", ""V215"", ""V380"", ""V342""]","{""n_estimators"": 201, ""learning_rate"": 0.05446001747795347, ""num_leaves"": 62, ""min_child_samples"": 38, ""colsample_bytree"": 0.6425819234014616, ""reg_alpha"": 0.15465476813997048, ""reg_lambda"": 1.1241052133694573}"
458,2026-06-05T15:50:59.816277+00:00,lgbm,ranking_total,458,4805,7,1000,0.8098106202380021,747,253,0.495597461606314,"[""V176"", ""V255"", ""V191"", ""V160"", ""V215"", ""V380"", ""V342""]","{""n_estimators"": 247, ""learning_rate"": 0.0784588899240261, ""num_leaves"": 72, ""min_child_samples"": 29, ""colsample_bytree"": 0.7742641735453938, ""reg_alpha"": 0.7372125864571619, ""reg_lambda"": 0.7031152927771638}"
459,2026-06-05T15:51:15.070361+00:00,lgbm,ranking_total,459,4940,7,1000,0.7889661783627349,756,244,0.501261566447356,"[""V176"", ""V255"", ""V191"", ""V160"", ""V215"", ""V380"", ""V342""]","{""n_estimators"": 140, ""learning_rate"": 0.17775364617247633, ""num_leaves"": 38, ""min_child_samples"": 11, ""colsample_bytree"": 0.6235983149622792, ""reg_alpha"": 0.7266046840532255, ""reg_lambda"": 1.3365802471085433}"
460,2026-06-05T15:52:13.099562+00:00,lgbm,ranking_total,460,4875,7,998,0.7919155421873039,751,247,0.4956955866586144,"[""V176"", ""V255"", ""V191"", ""V160"", ""V215"", ""V380"", ""V342""]","{""n_estimators"": 310, ""learning_rate"": 0.0690967431028279, ""num_leaves"": 77, ""min_child_samples"": 23, ""colsample_bytree"": 0.5761326635386816, ""reg_alpha"": 0.9847779686145407, ""reg_lambda"": 2.4602438400580344}"
461,2026-06-05T15:52:51.431599+00:00,lgbm,ranking_total,461,4605,5,997,0.8360702658231758,706,291,0.504057209607088,"[""V176"", ""V255"", ""V191"", ""V160"", ""V215""]","{""n_estimators"": 302, ""learning_rate"": 0.1626711759908711, ""num_leaves"": 47, ""min_child_samples"": 14, ""colsample_bytree"": 0.5657228287532342, ""reg_alpha"": 0.49500617904169464, ""reg_lambda"": 1.7341625301154209}"
462,2026-06-05T15:53:49.299400+00:00,lgbm,ranking_total,462,4670,6,995,0.8846549618842867,723,272,0.4975955564934746,"[""V176"", ""V255"", ""V191"", ""V160"", ""V215"", ""V380""]","{""n_estimators"": 389, ""learning_rate"": 0.11630658941979231, ""num_leaves"": 77, ""min_child_samples"": 46, ""colsample_bytree"": 0.983579242377761, ""reg_alpha"": 0.28269441747400603, ""reg_lambda"": 1.5081905562380178}"
463,2026-06-05T15:54:35.693787+00:00,lgbm,ranking_total,463,4395,8,1000,0.9092741692291361,733,267,0.49503705855521823,"[""V176"", ""V255"", ""V191"", ""V160"", ""V215"", ""V380"", ""V342"", ""V483""]","{""n_estimators"": 292, ""learning_rate"": 0.16662456789209573, ""num_leaves"": 68, ""min_child_samples"": 36, ""colsample_bytree"": 0.6287047514934465, ""reg_alpha"": 0.2766516300158347, ""reg_lambda"": 0.5173904326874508}"
464,2026-06-05T15:55:06.875702+00:00,lgbm,ranking_total,464,5020,7,996,0.7312003326439201,760,236,0.4958909072699992,"[""V176"", ""V255"", ""V191"", ""V160"", ""V215"", ""V380"", ""V342""]","{""n_estimators"": 220, ""learning_rate"": 0.047915440543261606, ""num_leaves"": 77, ""min_child_samples"": 45, ""colsample_bytree"": 0.5903853343415254, ""reg_alpha"": 0.990540078301779, ""reg_lambda"": 2.071490556613772}"
465,2026-06-05T15:56:03.332002+00:00,lgbm,ranking_total,465,4450,6,1000,0.8708520803554612,710,290,0.49886134517154035,"[""V176"", ""V255"", ""V191"", ""V160"", ""V215"", ""V380""]","{""n_estimators"": 319, ""learning_rate"": 0.15247889863042802, ""num_leaves"": 78, ""min_child_samples"": 27, ""colsample_bytree"": 0.8365325818991289, ""reg_alpha"": 0.863132984029797, ""reg_lambda"": 2.002855169976799}"
466,2026-06-05T15:56:33.986888+00:00,lgbm,ranking_total,466,4790,7,1000,0.8163972649960293,746,254,0.49947200303801875,"[""V176"", ""V255"", ""V191"", ""V160"", ""V215"", ""V380"", ""V342""]","{""n_estimators"": 189, ""learning_rate"": 0.1396741996268678, ""num_leaves"": 59, ""min_child_samples"": 11, ""colsample_bytree"": 0.6335043387552867, ""reg_alpha"": 0.45348814924532854, ""reg_lambda"": 2.424751606512369}"
467,2026-06-05T15:57:14.400050+00:00,lgbm,ranking_total,467,4640,7,1000,0.8871355460611836,736,264,0.4962360149211303,"[""V176"", ""V255"", ""V191"", ""V160"", ""V215"", ""V380"", ""V342""]","{""n_estimators"": 264, ""learning_rate"": 0.16750650243555432, ""num_leaves"": 84, ""min_child_samples"": 42, ""colsample_bytree"": 0.6881897899242322, ""reg_alpha"": 0.3305350235067329, ""reg_lambda"": 1.263640624305602}"
468,2026-06-05T15:57:50.893304+00:00,lgbm,ranking_total,468,4870,6,994,0.7519253107077006,736,258,0.4989960752797788,"[""V176"", ""V255"", ""V191"", ""V160"", ""V215"", ""V380""]","{""n_estimators"": 376, ""learning_rate"": 0.04358172428791547, ""num_leaves"": 36, ""min_child_samples"": 37, ""colsample_bytree"": 0.666792583611765, ""reg_alpha"": 0.6026084052699491, ""reg_lambda"": 0.557033723205032}"
469,2026-06-05T15:58:24.716232+00:00,lgbm,ranking_total,469,4785,6,996,0.7933939988639925,731,265,0.5023748670087119,"[""V176"", ""V255"", ""V191"", ""V160"", ""V215"", ""V380""]","{""n_estimators"": 280, ""learning_rate"": 0.11162315653432898, ""num_leaves"": 43, ""min_child_samples"": 11, ""colsample_bytree"": 0.6201908984767033, ""reg_alpha"": 0.7503125862899603, ""reg_lambda"": 2.4236206276945804}"
470,2026-06-05T15:59:20.241657+00:00,lgbm,ranking_total,470,5045,7,1000,0.7747639480297974,763,237,0.5028403599287795,"[""V176"", ""V255"", ""V191"", ""V160"", ""V215"", ""V380"", ""V342""]","{""n_estimators"": 395, ""learning_rate"": 0.042800023997894523, ""num_leaves"": 52, ""min_child_samples"": 10, ""colsample_bytree"": 0.553055484965784, ""reg_alpha"": 0.2263231257605528, ""reg_lambda"": 1.8484746286110594}"
471,2026-06-05T16:00:05.509294+00:00,lgbm,ranking_total,471,4625,7,1000,0.8545557820376639,735,265,0.49551037404737336,"[""V176"", ""V255"", ""V191"", ""V160"", ""V215"", ""V380"", ""V342""]","{""n_estimators"": 293, ""learning_rate"": 0.12297400307808014, ""num_leaves"": 58, ""min_child_samples"": 25, ""colsample_bytree"": 0.768598310996039, ""reg_alpha"": 0.49577500512715544, ""reg_lambda"": 1.8928857524529463}"
472,2026-06-05T16:00:36.886588+00:00,lgbm,ranking_total,472,4865,7,1000,0.8014308070456416,751,249,0.49512967132463226,"[""V176"", ""V255"", ""V191"", ""V160"", ""V215"", ""V380"", ""V342""]","{""n_estimators"": 182, ""learning_rate"": 0.079268889251592, ""num_leaves"": 97, ""min_child_samples"": 40, ""colsample_bytree"": 0.9955481775544603, ""reg_alpha"": 0.5958927346763121, ""reg_lambda"": 0.5429688301677675}"
473,2026-06-05T16:00:58.985770+00:00,lgbm,ranking_total,473,4670,7,1000,0.8019343160840797,738,262,0.4960163541183223,"[""V176"", ""V255"", ""V191"", ""V160"", ""V215"", ""V380"", ""V342""]","{""n_estimators"": 160, ""learning_rate"": 0.13431076081159057, ""num_leaves"": 55, ""min_child_samples"": 47, ""colsample_bytree"": 0.7156808287686934, ""reg_alpha"": 0.43698777325144333, ""reg_lambda"": 1.3797180546492425}"
474,2026-06-05T16:01:51.319755+00:00,lgbm,ranking_total,474,4785,8,1000,0.7637036856956732,759,241,0.4939783330316804,"[""V176"", ""V255"", ""V191"", ""V160"", ""V215"", ""V380"", ""V342"", ""V483""]","{""n_estimators"": 330, ""learning_rate"": 0.03966344650037538, ""num_leaves"": 70, ""min_child_samples"": 42, ""colsample_bytree"": 0.6860951999073149, ""reg_alpha"": 0.1669543203655075, ""reg_lambda"": 2.143920218331501}"
475,2026-06-05T16:02:08.664388+00:00,lgbm,ranking_total,475,4925,7,1000,0.7447475957489808,755,245,0.5000886594796565,"[""V176"", ""V255"", ""V191"", ""V160"", ""V215"", ""V380"", ""V342""]","{""n_estimators"": 100, ""learning_rate"": 0.08311606428038956, ""num_leaves"": 67, ""min_child_samples"": 18, ""colsample_bytree"": 0.5095909049301678, ""reg_alpha"": 0.10980605609758076, ""reg_lambda"": 1.1390367567469877}"
476,2026-06-05T16:03:02.449061+00:00,lgbm,ranking_total,476,5015,7,1000,0.7582392929264471,761,239,0.4954052525431845,"[""V176"", ""V255"", ""V191"", ""V160"", ""V215"", ""V380"", ""V342""]","{""n_estimators"": 357, ""learning_rate"": 0.034765252583617665, ""num_leaves"": 88, ""min_child_samples"": 44, ""colsample_bytree"": 0.6714281897410961, ""reg_alpha"": 0.4238990834717824, ""reg_lambda"": 2.4510920108460486}"
477,2026-06-05T16:04:19.549667+00:00,lgbm,ranking_total,477,4580,7,1000,0.9468837531171671,732,268,0.4945084194181559,"[""V176"", ""V255"", ""V191"", ""V160"", ""V215"", ""V380"", ""V342""]","{""n_estimators"": 379, ""learning_rate"": 0.16793614508162266, ""num_leaves"": 97, ""min_child_samples"": 30, ""colsample_bytree"": 0.8875987067113362, ""reg_alpha"": 0.003956348007303712, ""reg_lambda"": 1.2164683324640746}"
478,2026-06-05T16:05:11.701585+00:00,lgbm,ranking_total,478,4565,7,1000,0.8688846204663663,731,269,0.49768528061328987,"[""V176"", ""V255"", ""V191"", ""V160"", ""V215"", ""V380"", ""V342""]","{""n_estimators"": 390, ""learning_rate"": 0.1194589322023339, ""num_leaves"": 88, ""min_child_samples"": 49, ""colsample_bytree"": 0.7307475591475161, ""reg_alpha"": 0.6585048803577707, ""reg_lambda"": 0.8185006951989566}"
479,2026-06-05T16:05:53.204253+00:00,lgbm,ranking_total,479,5060,7,1000,0.761633650220957,764,236,0.4981789327148478,"[""V176"", ""V255"", ""V191"", ""V160"", ""V215"", ""V380"", ""V342""]","{""n_estimators"": 262, ""learning_rate"": 0.0533324052871669, ""num_leaves"": 58, ""min_child_samples"": 10, ""colsample_bytree"": 0.5853456910741177, ""reg_alpha"": 0.808629246284873, ""reg_lambda"": 1.6013304241836175}"
480,2026-06-05T16:06:31.447698+00:00,lgbm,ranking_total,480,4760,7,1000,0.8685422007778411,744,256,0.5008422105142688,"[""V176"", ""V255"", ""V191"", ""V160"", ""V215"", ""V380"", ""V342""]","{""n_estimators"": 328, ""learning_rate"": 0.15670127058577102, ""num_leaves"": 43, ""min_child_samples"": 19, ""colsample_bytree"": 0.6402462880952592, ""reg_alpha"": 0.49538987875207297, ""reg_lambda"": 0.7195482635249095}"
481,2026-06-05T16:06:49.603364+00:00,lgbm,ranking_total,481,4880,7,997,0.7953372219350003,751,246,0.5010089997524787,"[""V176"", ""V255"", ""V191"", ""V160"", ""V215"", ""V380"", ""V342""]","{""n_estimators"": 228, ""learning_rate"": 0.1404172179199184, ""num_leaves"": 29, ""min_child_samples"": 38, ""colsample_bytree"": 0.5494988240348032, ""reg_alpha"": 0.5808451286327305, ""reg_lambda"": 0.9943077973098562}"
482,2026-06-05T16:07:33.901209+00:00,lgbm,ranking_total,482,4525,6,1000,0.8550769995980663,715,285,0.497097092453797,"[""V176"", ""V255"", ""V191"", ""V160"", ""V215"", ""V380""]","{""n_estimators"": 306, ""learning_rate"": 0.1395157494001012, ""num_leaves"": 58, ""min_child_samples"": 33, ""colsample_bytree"": 0.5914895134290747, ""reg_alpha"": 0.6356417278525441, ""reg_lambda"": 1.0605283242739951}"
483,2026-06-05T16:08:08.218128+00:00,lgbm,ranking_total,483,4730,7,1000,0.8493200392460545,742,258,0.4940837479761254,"[""V176"", ""V255"", ""V191"", ""V160"", ""V215"", ""V380"", ""V342""]","{""n_estimators"": 236, ""learning_rate"": 0.13275228800974886, ""num_leaves"": 58, ""min_child_samples"": 43, ""colsample_bytree"": 0.7401352738760612, ""reg_alpha"": 0.2576512911234171, ""reg_lambda"": 1.2080176494669546}"
484,2026-06-05T16:08:20.462390+00:00,lgbm,ranking_total,484,4895,7,1000,0.7757014357352362,753,247,0.5022208223780376,"[""V176"", ""V255"", ""V191"", ""V160"", ""V215"", ""V380"", ""V342""]","{""n_estimators"": 148, ""learning_rate"": 0.14760484906310167, ""num_leaves"": 29, ""min_child_samples"": 24, ""colsample_bytree"": 0.6913421981757432, ""reg_alpha"": 0.06392264540969572, ""reg_lambda"": 2.341826699132067}"
485,2026-06-05T16:08:48.361950+00:00,lgbm,ranking_total,485,4870,7,999,0.8039625343951841,751,248,0.4987238226702103,"[""V176"", ""V255"", ""V191"", ""V160"", ""V215"", ""V380"", ""V342""]","{""n_estimators"": 259, ""learning_rate"": 0.09972224720699617, ""num_leaves"": 39, ""min_child_samples"": 48, ""colsample_bytree"": 0.9448580297766724, ""reg_alpha"": 0.8771399460992197, ""reg_lambda"": 1.3738212345445815}"
486,2026-06-05T16:09:29.429556+00:00,lgbm,ranking_total,486,4835,7,1000,0.8329292827477861,749,251,0.49610270649797256,"[""V176"", ""V255"", ""V191"", ""V160"", ""V215"", ""V380"", ""V342""]","{""n_estimators"": 274, ""learning_rate"": 0.09154008794013979, ""num_leaves"": 60, ""min_child_samples"": 40, ""colsample_bytree"": 0.8015063728445462, ""reg_alpha"": 0.7537671124493825, ""reg_lambda"": 0.5391070235891882}"
487,2026-06-05T16:09:46.966102+00:00,lgbm,ranking_total,487,5215,7,990,0.7205221137027392,771,219,0.49744907520788856,"[""V176"", ""V255"", ""V191"", ""V160"", ""V215"", ""V380"", ""V342""]","{""n_estimators"": 216, ""learning_rate"": 0.030947926214827243, ""num_leaves"": 27, ""min_child_samples"": 43, ""colsample_bytree"": 0.8161169631542626, ""reg_alpha"": 0.045647103386662335, ""reg_lambda"": 1.9461603885179783}"
488,2026-06-05T16:10:34.585525+00:00,lgbm,ranking_total,488,4475,7,1000,0.8837090026913332,725,275,0.4963001729866206,"[""V176"", ""V255"", ""V191"", ""V160"", ""V215"", ""V380"", ""V342""]","{""n_estimators"": 349, ""learning_rate"": 0.1515682405024012, ""num_leaves"": 59, ""min_child_samples"": 48, ""colsample_bytree"": 0.799802343147764, ""reg_alpha"": 0.548277761900783, ""reg_lambda"": 1.354463363424134}"
489,2026-06-05T16:11:30.648469+00:00,lgbm,ranking_total,489,4590,8,1000,0.8476620566113153,746,254,0.493164658659468,"[""V176"", ""V255"", ""V191"", ""V160"", ""V215"", ""V380"", ""V342"", ""V483""]","{""n_estimators"": 235, ""learning_rate"": 0.10682025715999506, ""num_leaves"": 97, ""min_child_samples"": 17, ""colsample_bytree"": 0.7113380679593173, ""reg_alpha"": 0.5326891109331847, ""reg_lambda"": 2.0426489978615017}"
490,2026-06-05T16:12:06.145542+00:00,lgbm,ranking_total,490,4620,7,998,0.8285738396359307,734,264,0.49500486627333784,"[""V176"", ""V255"", ""V191"", ""V160"", ""V215"", ""V380"", ""V342""]","{""n_estimators"": 265, ""learning_rate"": 0.1290544928511407, ""num_leaves"": 90, ""min_child_samples"": 49, ""colsample_bytree"": 0.5446949907975354, ""reg_alpha"": 0.47742875734248624, ""reg_lambda"": 2.0849018196088256}"
491,2026-06-05T16:12:51.401585+00:00,lgbm,ranking_total,491,4795,7,999,0.7976443646464427,746,253,0.4962439418207211,"[""V176"", ""V255"", ""V191"", ""V160"", ""V215"", ""V380"", ""V342""]","{""n_estimators"": 254, ""learning_rate"": 0.06734797032301398, ""num_leaves"": 68, ""min_child_samples"": 24, ""colsample_bytree"": 0.824666416315296, ""reg_alpha"": 0.7217345587368704, ""reg_lambda"": 2.2271293096839173}"
492,2026-06-05T16:13:35.747683+00:00,lgbm,ranking_total,492,4495,6,1000,0.8950656458512058,713,287,0.4971584813861266,"[""V176"", ""V255"", ""V191"", ""V160"", ""V215"", ""V380""]","{""n_estimators"": 278, ""learning_rate"": 0.16615900361036054, ""num_leaves"": 72, ""min_child_samples"": 40, ""colsample_bytree"": 0.9786729431551674, ""reg_alpha"": 0.46372366398056475, ""reg_lambda"": 0.6478818826662358}"
493,2026-06-05T16:13:56.169828+00:00,lgbm,ranking_total,493,4860,8,1000,0.7741590162421543,764,236,0.494372741739378,"[""V176"", ""V255"", ""V191"", ""V160"", ""V215"", ""V380"", ""V342"", ""V483""]","{""n_estimators"": 112, ""learning_rate"": 0.08943866779742035, ""num_leaves"": 72, ""min_child_samples"": 31, ""colsample_bytree"": 0.9379129025346011, ""reg_alpha"": 0.8032139438312775, ""reg_lambda"": 0.9362378821369575}"
494,2026-06-05T16:14:12.994471+00:00,lgbm,ranking_total,494,4775,7,994,0.7961692292297904,743,251,0.5000042496355005,"[""V176"", ""V255"", ""V191"", ""V160"", ""V215"", ""V380"", ""V342""]","{""n_estimators"": 134, ""learning_rate"": 0.1730348526561939, ""num_leaves"": 45, ""min_child_samples"": 27, ""colsample_bytree"": 0.6818606422187661, ""reg_alpha"": 0.9372152897557885, ""reg_lambda"": 1.9204955590391337}"
495,2026-06-05T16:15:04.755906+00:00,lgbm,ranking_total,495,4970,7,1000,0.7931229698811333,758,242,0.4949965217013461,"[""V176"", ""V255"", ""V191"", ""V160"", ""V215"", ""V380"", ""V342""]","{""n_estimators"": 368, ""learning_rate"": 0.05958734709167342, ""num_leaves"": 99, ""min_child_samples"": 49, ""colsample_bytree"": 0.7584270209309647, ""reg_alpha"": 0.6302915407442445, ""reg_lambda"": 2.365965698753577}"
496,2026-06-05T16:15:26.153754+00:00,lgbm,ranking_total,496,5110,7,996,0.7361812851619093,766,230,0.4976526211788609,"[""V176"", ""V255"", ""V191"", ""V160"", ""V215"", ""V380"", ""V342""]","{""n_estimators"": 253, ""learning_rate"": 0.047996651286071695, ""num_leaves"": 29, ""min_child_samples"": 44, ""colsample_bytree"": 0.7755828182952119, ""reg_alpha"": 0.654334758462003, ""reg_lambda"": 2.4221664781473558}"
497,2026-06-05T16:15:44.343571+00:00,lgbm,ranking_total,497,5115,5,1000,0.7228739881523732,741,259,0.4997451035523656,"[""V176"", ""V255"", ""V191"", ""V160"", ""V215""]","{""n_estimators"": 285, ""learning_rate"": 0.059695944620113954, ""num_leaves"": 21, ""min_child_samples"": 30, ""colsample_bytree"": 0.8132753496000507, ""reg_alpha"": 0.8085253274158006, ""reg_lambda"": 1.5523831060091124}"
498,2026-06-05T16:16:00.357547+00:00,lgbm,ranking_total,498,5150,7,1000,0.7275927855193927,770,230,0.498719789908259,"[""V176"", ""V255"", ""V191"", ""V160"", ""V215"", ""V380"", ""V342""]","{""n_estimators"": 208, ""learning_rate"": 0.05661569164146983, ""num_leaves"": 25, ""min_child_samples"": 19, ""colsample_bytree"": 0.7510522898485619, ""reg_alpha"": 0.9310390686750274, ""reg_lambda"": 1.40033879710809}"
499,2026-06-05T16:16:47.431067+00:00,lgbm,ranking_total,499,4880,7,1000,0.8955792103537431,752,248,0.4968594231444982,"[""V176"", ""V255"", ""V191"", ""V160"", ""V215"", ""V380"", ""V342""]","{""n_estimators"": 205, ""learning_rate"": 0.1432506777535143, ""num_leaves"": 89, ""min_child_samples"": 15, ""colsample_bytree"": 0.8770431528640381, ""reg_alpha"": 0.03485083986566884, ""reg_lambda"": 1.414927079445537}"
500,2026-06-05T16:17:30.236563+00:00,lgbm,ranking_total,500,4730,7,1000,0.8198630051599018,742,258,0.4935859938283638,"[""V176"", ""V255"", ""V191"", ""V160"", ""V215"", ""V380"", ""V342""]","{""n_estimators"": 251, ""learning_rate"": 0.08884434727451698, ""num_leaves"": 82, ""min_child_samples"": 38, ""colsample_bytree"": 0.7895068809923167, ""reg_alpha"": 0.676903882194746, ""reg_lambda"": 1.422835797628303}"
501,2026-06-05T16:18:20.757123+00:00,lgbm,ranking_total,501,4865,7,1000,0.868470382903649,751,249,0.4991119154993099,"[""V176"", ""V255"", ""V191"", ""V160"", ""V215"", ""V380"", ""V342""]","{""n_estimators"": 373, ""learning_rate"": 0.1299917395919788, ""num_leaves"": 51, ""min_child_samples"": 18, ""colsample_bytree"": 0.5425553114589721, ""reg_alpha"": 0.3924190566729434, ""reg_lambda"": 1.4941550547702227}"
502,2026-06-05T16:18:49.402533+00:00,lgbm,ranking_total,502,5015,7,1000,0.7111954062350773,761,239,0.49529096500605374,"[""V176"", ""V255"", ""V191"", ""V160"", ""V215"", ""V380"", ""V342""]","{""n_estimators"": 187, ""learning_rate"": 0.03652658847669513, ""num_leaves"": 99, ""min_child_samples"": 42, ""colsample_bytree"": 0.626759298207374, ""reg_alpha"": 0.5585689154180724, ""reg_lambda"": 2.1743602552399803}"
503,2026-06-05T16:19:33.498223+00:00,lgbm,ranking_total,503,4515,8,1000,0.8389376198543695,741,259,0.4902287995109682,"[""V176"", ""V255"", ""V191"", ""V160"", ""V215"", ""V380"", ""V342"", ""V483""]","{""n_estimators"": 220, ""learning_rate"": 0.10565604828229494, ""num_leaves"": 97, ""min_child_samples"": 31, ""colsample_bytree"": 0.5339943053178768, ""reg_alpha"": 0.2444152683200569, ""reg_lambda"": 0.6327718743676392}"
504,2026-06-05T16:20:05.410108+00:00,lgbm,ranking_total,504,4855,6,1000,0.7594847022065561,737,263,0.4947704078730926,"[""V176"", ""V255"", ""V191"", ""V160"", ""V215"", ""V380""]","{""n_estimators"": 161, ""learning_rate"": 0.06213161170148669, ""num_leaves"": 99, ""min_child_samples"": 33, ""colsample_bytree"": 0.8847590118233197, ""reg_alpha"": 0.3990026835987234, ""reg_lambda"": 1.7726682978917392}"
505,2026-06-05T16:20:36.706862+00:00,lgbm,ranking_total,505,4870,7,999,0.8513579861095765,751,248,0.49919147821209336,"[""V176"", ""V255"", ""V191"", ""V160"", ""V215"", ""V380"", ""V342""]","{""n_estimators"": 269, ""learning_rate"": 0.1719422040188715, ""num_leaves"": 42, ""min_child_samples"": 30, ""colsample_bytree"": 0.7710506765998479, ""reg_alpha"": 0.7949740126423059, ""reg_lambda"": 1.6641245294087668}"
506,2026-06-05T16:21:10.434753+00:00,lgbm,ranking_total,506,4890,5,991,0.7431604652013392,723,268,0.49957573966111196,"[""V176"", ""V255"", ""V191"", ""V160"", ""V215""]","{""n_estimators"": 249, ""learning_rate"": 0.039516986336285455, ""num_leaves"": 50, ""min_child_samples"": 17, ""colsample_bytree"": 0.9764760067259302, ""reg_alpha"": 0.2619285062762228, ""reg_lambda"": 0.6336834592009899}"
507,2026-06-05T16:21:27.120982+00:00,lgbm,ranking_total,507,4790,7,1000,0.750895391362564,746,254,0.5004535756591657,"[""V176"", ""V255"", ""V191"", ""V160"", ""V215"", ""V380"", ""V342""]","{""n_estimators"": 152, ""learning_rate"": 0.09080232561338647, ""num_leaves"": 40, ""min_child_samples"": 25, ""colsample_bytree"": 0.5311376330070328, ""reg_alpha"": 0.7041749106552545, ""reg_lambda"": 1.402846419656505}"
508,2026-06-05T16:21:44.398092+00:00,lgbm,ranking_total,508,5160,5,1000,0.7165592154330057,744,256,0.4985545378229909,"[""V176"", ""V255"", ""V191"", ""V160"", ""V215""]","{""n_estimators"": 212, ""learning_rate"": 0.04944088226801577, ""num_leaves"": 28, ""min_child_samples"": 25, ""colsample_bytree"": 0.7298419211807177, ""reg_alpha"": 0.37607846222862973, ""reg_lambda"": 1.0407722191988182}"
509,2026-06-05T16:22:24.263993+00:00,lgbm,ranking_total,509,4830,7,995,0.80474223281081,747,248,0.4977009702261734,"[""V176"", ""V255"", ""V191"", ""V160"", ""V215"", ""V380"", ""V342""]","{""n_estimators"": 265, ""learning_rate"": 0.09022165740558771, ""num_leaves"": 55, ""min_child_samples"": 18, ""colsample_bytree"": 0.7140923622972131, ""reg_alpha"": 0.8082121950065434, ""reg_lambda"": 2.039849391939633}"
510,2026-06-05T16:22:52.004253+00:00,lgbm,ranking_total,510,5005,7,996,0.7675528440582036,759,237,0.49590805874614324,"[""V176"", ""V255"", ""V191"", ""V160"", ""V215"", ""V380"", ""V342""]","{""n_estimators"": 180, ""learning_rate"": 0.06763174195110339, ""num_leaves"": 90, ""min_child_samples"": 46, ""colsample_bytree"": 0.89722750189533, ""reg_alpha"": 0.29909009244845775, ""reg_lambda"": 2.0149152894611433}"
511,2026-06-05T16:23:34.149372+00:00,lgbm,ranking_total,511,4650,7,995,0.8896297693207998,735,260,0.4933619900873484,"[""V176"", ""V255"", ""V191"", ""V160"", ""V215"", ""V380"", ""V342""]","{""n_estimators"": 235, ""learning_rate"": 0.17212637658408877, ""num_leaves"": 69, ""min_child_samples"": 23, ""colsample_bytree"": 0.9765048854942586, ""reg_alpha"": 0.4722738390385597, ""reg_lambda"": 1.0986258333911132}"
512,2026-06-05T16:24:11.184833+00:00,lgbm,ranking_total,512,4770,8,1000,0.8587429213416444,758,242,0.500830474261363,"[""V176"", ""V255"", ""V191"", ""V160"", ""V215"", ""V380"", ""V342"", ""V483""]","{""n_estimators"": 217, ""learning_rate"": 0.11952500985155799, ""num_leaves"": 64, ""min_child_samples"": 13, ""colsample_bytree"": 0.8766948718233876, ""reg_alpha"": 0.12712561014279566, ""reg_lambda"": 0.8155416654768846}"
513,2026-06-05T16:24:34.780991+00:00,lgbm,ranking_total,513,4930,7,996,0.7837023286691218,754,242,0.5014682040875877,"[""V176"", ""V255"", ""V191"", ""V160"", ""V215"", ""V380"", ""V342""]","{""n_estimators"": 365, ""learning_rate"": 0.0881777565554554, ""num_leaves"": 23, ""min_child_samples"": 20, ""colsample_bytree"": 0.5423893018035112, ""reg_alpha"": 0.3276127478654419, ""reg_lambda"": 1.4398935187752722}"
514,2026-06-05T16:25:10.215578+00:00,lgbm,ranking_total,514,4495,7,999,0.8142580655297881,726,273,0.4963278304255313,"[""V176"", ""V255"", ""V191"", ""V160"", ""V215"", ""V380"", ""V342""]","{""n_estimators"": 248, ""learning_rate"": 0.1046834803830639, ""num_leaves"": 87, ""min_child_samples"": 46, ""colsample_bytree"": 0.551446483333867, ""reg_alpha"": 0.647085675033362, ""reg_lambda"": 0.7854843164329481}"
515,2026-06-05T16:25:32.334949+00:00,lgbm,ranking_total,515,4775,7,1000,0.82051828377356,745,255,0.5049009159704947,"[""V176"", ""V255"", ""V191"", ""V160"", ""V215"", ""V380"", ""V342""]","{""n_estimators"": 214, ""learning_rate"": 0.16394430366798324, ""num_leaves"": 38, ""min_child_samples"": 12, ""colsample_bytree"": 0.5228933682800732, ""reg_alpha"": 0.13413645125647133, ""reg_lambda"": 2.134383840722187}"
516,2026-06-05T16:25:51.686748+00:00,lgbm,ranking_total,516,4800,6,999,0.7940404552332389,733,266,0.5014245055676932,"[""V176"", ""V255"", ""V191"", ""V160"", ""V215"", ""V380""]","{""n_estimators"": 301, ""learning_rate"": 0.145380885309429, ""num_leaves"": 22, ""min_child_samples"": 32, ""colsample_bytree"": 0.8710695534725676, ""reg_alpha"": 0.9067952666968713, ""reg_lambda"": 0.5993830473510504}"
517,2026-06-05T16:27:06.688689+00:00,lgbm,ranking_total,517,4645,7,993,0.8407028600349649,734,259,0.4980858509158501,"[""V176"", ""V255"", ""V191"", ""V160"", ""V215"", ""V380"", ""V342""]","{""n_estimators"": 355, ""learning_rate"": 0.07841476981536566, ""num_leaves"": 79, ""min_child_samples"": 12, ""colsample_bytree"": 0.783393932237668, ""reg_alpha"": 0.7927782545875722, ""reg_lambda"": 2.1752138602858}"
518,2026-06-05T16:27:23.199696+00:00,lgbm,ranking_total,518,4760,7,1000,0.8045326171756535,744,256,0.5029758985022984,"[""V176"", ""V255"", ""V191"", ""V160"", ""V215"", ""V380"", ""V342""]","{""n_estimators"": 133, ""learning_rate"": 0.16574933411676798, ""num_leaves"": 46, ""min_child_samples"": 26, ""colsample_bytree"": 0.6214700816457801, ""reg_alpha"": 0.383116874446516, ""reg_lambda"": 1.0820827571764977}"
519,2026-06-05T16:27:41.944686+00:00,lgbm,ranking_total,519,5270,6,995,0.7275775385482041,763,232,0.4982886534811487,"[""V176"", ""V255"", ""V191"", ""V160"", ""V215"", ""V380""]","{""n_estimators"": 205, ""learning_rate"": 0.042969113435825365, ""num_leaves"": 31, ""min_child_samples"": 33, ""colsample_bytree"": 0.9579115206151032, ""reg_alpha"": 0.3870059671860753, ""reg_lambda"": 2.380858199035433}"
520,2026-06-05T16:27:51.463715+00:00,lgbm,ranking_total,520,5125,4,996,0.688068637144095,727,269,0.498778571393213,"[""V176"", ""V255"", ""V191"", ""V160""]","{""n_estimators"": 124, ""learning_rate"": 0.07647368639653412, ""num_leaves"": 24, ""min_child_samples"": 29, ""colsample_bytree"": 0.7866742051001159, ""reg_alpha"": 0.423086818890556, ""reg_lambda"": 2.1628572075316574}"
521,2026-06-05T16:28:17.938829+00:00,lgbm,ranking_total,521,4730,7,1000,0.806200822465328,742,258,0.501772970465214,"[""V176"", ""V255"", ""V191"", ""V160"", ""V215"", ""V380"", ""V342""]","{""n_estimators"": 272, ""learning_rate"": 0.11721784115693804, ""num_leaves"": 35, ""min_child_samples"": 29, ""colsample_bytree"": 0.7836416164611382, ""reg_alpha"": 0.580725381615036, ""reg_lambda"": 2.235541344577262}"
522,2026-06-05T16:28:37.506529+00:00,lgbm,ranking_total,522,4810,7,999,0.7974616699785653,747,252,0.4983412994069797,"[""V176"", ""V255"", ""V191"", ""V160"", ""V215"", ""V380"", ""V342""]","{""n_estimators"": 118, ""learning_rate"": 0.12215356883045121, ""num_leaves"": 62, ""min_child_samples"": 26, ""colsample_bytree"": 0.9567314625563379, ""reg_alpha"": 0.4419133606584341, ""reg_lambda"": 1.299250789308084}"
523,2026-06-05T16:29:24.631956+00:00,lgbm,ranking_total,523,4515,6,999,0.8687541641370456,714,285,0.49920373030921045,"[""V176"", ""V255"", ""V191"", ""V160"", ""V215"", ""V380""]","{""n_estimators"": 388, ""learning_rate"": 0.15643019152464036, ""num_leaves"": 46, ""min_child_samples"": 38, ""colsample_bytree"": 0.6904771131573906, ""reg_alpha"": 0.523328018317214, ""reg_lambda"": 1.9131254151867687}"
524,2026-06-05T16:30:12.733985+00:00,lgbm,ranking_total,524,4645,7,999,0.8613903176372754,736,263,0.4968994213316337,"[""V176"", ""V255"", ""V191"", ""V160"", ""V215"", ""V380"", ""V342""]","{""n_estimators"": 318, ""learning_rate"": 0.11594275682921991, ""num_leaves"": 85, ""min_child_samples"": 44, ""colsample_bytree"": 0.9452827394630885, ""reg_alpha"": 0.5107430371019763, ""reg_lambda"": 2.41488243253743}"
525,2026-06-05T16:30:36.318757+00:00,lgbm,ranking_total,525,4955,7,1000,0.7778926462142645,757,243,0.49878637630147143,"[""V176"", ""V255"", ""V191"", ""V160"", ""V215"", ""V380"", ""V342""]","{""n_estimators"": 120, ""learning_rate"": 0.08063033422443014, ""num_leaves"": 73, ""min_child_samples"": 11, ""colsample_bytree"": 0.8144282868539923, ""reg_alpha"": 0.3007727381586104, ""reg_lambda"": 0.5560532576087471}"
526,2026-06-05T16:30:53.737808+00:00,lgbm,ranking_total,526,4850,7,1000,0.7951200395384477,750,250,0.5014153820981327,"[""V176"", ""V255"", ""V191"", ""V160"", ""V215"", ""V380"", ""V342""]","{""n_estimators"": 110, ""learning_rate"": 0.17217320275990886, ""num_leaves"": 56, ""min_child_samples"": 11, ""colsample_bytree"": 0.6755123150752863, ""reg_alpha"": 0.9659931025414854, ""reg_lambda"": 1.9183171620343829}"
527,2026-06-05T16:31:34.071157+00:00,lgbm,ranking_total,527,4970,7,1000,0.8307089880487667,758,242,0.5027218731370252,"[""V176"", ""V255"", ""V191"", ""V160"", ""V215"", ""V380"", ""V342""]","{""n_estimators"": 266, ""learning_rate"": 0.0899046504330563, ""num_leaves"": 57, ""min_child_samples"": 13, ""colsample_bytree"": 0.773738952791913, ""reg_alpha"": 0.07099919441344027, ""reg_lambda"": 1.1919033275615922}"
528,2026-06-05T16:32:24.854086+00:00,lgbm,ranking_total,528,5020,7,999,0.8267839360221638,761,238,0.4977388379476979,"[""V176"", ""V255"", ""V191"", ""V160"", ""V215"", ""V380"", ""V342""]","{""n_estimators"": 365, ""learning_rate"": 0.060334122921935844, ""num_leaves"": 54, ""min_child_samples"": 40, ""colsample_bytree"": 0.8460855659030322, ""reg_alpha"": 0.004465755762115831, ""reg_lambda"": 1.3860112387359098}"
529,2026-06-05T16:33:25.086619+00:00,lgbm,ranking_total,529,4645,7,999,0.9073372730307201,736,263,0.49506363646042173,"[""V176"", ""V255"", ""V191"", ""V160"", ""V215"", ""V380"", ""V342""]","{""n_estimators"": 368, ""learning_rate"": 0.15408273655765334, ""num_leaves"": 68, ""min_child_samples"": 33, ""colsample_bytree"": 0.6335466030195516, ""reg_alpha"": 0.12355932344787035, ""reg_lambda"": 1.9546075847994475}"
530,2026-06-05T16:33:34.598686+00:00,lgbm,ranking_total,530,5035,6,1000,0.7527845171536839,749,251,0.5004877819394019,"[""V176"", ""V255"", ""V191"", ""V160"", ""V215"", ""V380""]","{""n_estimators"": 120, ""learning_rate"": 0.14634942026692402, ""num_leaves"": 26, ""min_child_samples"": 47, ""colsample_bytree"": 0.970047459424746, ""reg_alpha"": 0.6590776506895256, ""reg_lambda"": 2.2295121678260656}"
531,2026-06-05T16:34:24.944711+00:00,lgbm,ranking_total,531,4795,7,987,0.8362057101243141,742,245,0.49845356302813104,"[""V176"", ""V255"", ""V191"", ""V160"", ""V215"", ""V380"", ""V342""]","{""n_estimators"": 298, ""learning_rate"": 0.09617022319549937, ""num_leaves"": 66, ""min_child_samples"": 21, ""colsample_bytree"": 0.5741633867201169, ""reg_alpha"": 0.4535732233505655, ""reg_lambda"": 1.4030881210419028}"
532,2026-06-05T16:35:22.502030+00:00,lgbm,ranking_total,532,4775,6,998,0.8395253592649426,731,267,0.49732827527076096,"[""V176"", ""V255"", ""V191"", ""V160"", ""V215"", ""V380""]","{""n_estimators"": 388, ""learning_rate"": 0.07717029037506777, ""num_leaves"": 67, ""min_child_samples"": 48, ""colsample_bytree"": 0.9898157156466906, ""reg_alpha"": 0.19213574193788152, ""reg_lambda"": 1.616541698908362}"
533,2026-06-05T16:35:45.200234+00:00,lgbm,ranking_total,533,4855,7,999,0.8259233590278009,750,249,0.5047659470507296,"[""V176"", ""V255"", ""V191"", ""V160"", ""V215"", ""V380"", ""V342""]","{""n_estimators"": 285, ""learning_rate"": 0.1330509562001152, ""num_leaves"": 30, ""min_child_samples"": 27, ""colsample_bytree"": 0.5802931345216519, ""reg_alpha"": 0.2337217656579612, ""reg_lambda"": 0.5934830804343736}"
534,2026-06-05T16:36:06.783101+00:00,lgbm,ranking_total,534,4840,6,988,0.794831247708325,732,256,0.5020939655140852,"[""V176"", ""V255"", ""V191"", ""V160"", ""V215"", ""V380""]","{""n_estimators"": 192, ""learning_rate"": 0.12150379196269902, ""num_leaves"": 42, ""min_child_samples"": 28, ""colsample_bytree"": 0.6702358745576816, ""reg_alpha"": 0.4461763670363189, ""reg_lambda"": 0.8370159815815508}"
535,2026-06-05T16:36:55.736362+00:00,lgbm,ranking_total,535,4895,8,996,0.7585236848517765,765,231,0.4977261473224564,"[""V176"", ""V255"", ""V191"", ""V160"", ""V215"", ""V380"", ""V342"", ""V483""]","{""n_estimators"": 228, ""learning_rate"": 0.03130360503422751, ""num_leaves"": 84, ""min_child_samples"": 15, ""colsample_bytree"": 0.7090421015030501, ""reg_alpha"": 0.2164638648261119, ""reg_lambda"": 0.8431460824775225}"
536,2026-06-05T16:38:04.029431+00:00,lgbm,ranking_total,536,4565,7,1000,0.8847040294650232,731,269,0.49650167440524784,"[""V176"", ""V255"", ""V191"", ""V160"", ""V215"", ""V380"", ""V342""]","{""n_estimators"": 329, ""learning_rate"": 0.16886450612580745, ""num_leaves"": 92, ""min_child_samples"": 12, ""colsample_bytree"": 0.5754824491867739, ""reg_alpha"": 0.5788995656310054, ""reg_lambda"": 1.8762698373631241}"
537,2026-06-05T16:38:22.498239+00:00,lgbm,ranking_total,537,5015,7,1000,0.7642394669221224,761,239,0.4964400995800595,"[""V176"", ""V255"", ""V191"", ""V160"", ""V215"", ""V380"", ""V342""]","{""n_estimators"": 128, ""learning_rate"": 0.08005205599375553, ""num_leaves"": 54, ""min_child_samples"": 37, ""colsample_bytree"": 0.8604696066259223, ""reg_alpha"": 0.3113612231688183, ""reg_lambda"": 1.369325178507376}"
538,2026-06-05T16:38:51.291305+00:00,lgbm,ranking_total,538,4685,7,1000,0.8269988387373137,739,261,0.49894581601003235,"[""V176"", ""V255"", ""V191"", ""V160"", ""V215"", ""V380"", ""V342""]","{""n_estimators"": 208, ""learning_rate"": 0.15689271289604206, ""num_leaves"": 52, ""min_child_samples"": 21, ""colsample_bytree"": 0.5416068106941024, ""reg_alpha"": 0.9504450945688145, ""reg_lambda"": 1.3014398096791933}"
539,2026-06-05T16:39:48.010530+00:00,lgbm,ranking_total,539,4625,7,1000,0.8717997692318187,735,265,0.49899411201378113,"[""V176"", ""V255"", ""V191"", ""V160"", ""V215"", ""V380"", ""V342""]","{""n_estimators"": 283, ""learning_rate"": 0.13275175030813968, ""num_leaves"": 91, ""min_child_samples"": 28, ""colsample_bytree"": 0.7546805103141541, ""reg_alpha"": 0.4580016265381376, ""reg_lambda"": 1.8583773289397771}"
540,2026-06-05T16:40:15.160051+00:00,lgbm,ranking_total,540,4935,8,1000,0.7978004001909071,769,231,0.5017728647350834,"[""V176"", ""V255"", ""V191"", ""V160"", ""V215"", ""V380"", ""V342"", ""V483""]","{""n_estimators"": 240, ""learning_rate"": 0.09734068824488262, ""num_leaves"": 41, ""min_child_samples"": 16, ""colsample_bytree"": 0.746054143205557, ""reg_alpha"": 0.2910688564205287, ""reg_lambda"": 2.05624212425466}"
541,2026-06-05T16:40:29.073184+00:00,lgbm,ranking_total,541,4845,8,1000,0.7898780565379123,763,237,0.5016474001061224,"[""V176"", ""V255"", ""V191"", ""V160"", ""V215"", ""V380"", ""V342"", ""V483""]","{""n_estimators"": 183, ""learning_rate"": 0.16592701089255912, ""num_leaves"": 27, ""min_child_samples"": 20, ""colsample_bytree"": 0.6720219392355503, ""reg_alpha"": 0.09399881078186734, ""reg_lambda"": 1.7079598350387835}"
542,2026-06-05T16:40:50.866779+00:00,lgbm,ranking_total,542,5105,7,1000,0.7394030365012231,767,233,0.499721523348973,"[""V176"", ""V255"", ""V191"", ""V160"", ""V215"", ""V380"", ""V342""]","{""n_estimators"": 231, ""learning_rate"": 0.03907543856140318, ""num_leaves"": 33, ""min_child_samples"": 38, ""colsample_bytree"": 0.8328575634895199, ""reg_alpha"": 0.34653739088973246, ""reg_lambda"": 1.586940882035445}"
543,2026-06-05T16:41:27.683073+00:00,lgbm,ranking_total,543,4925,7,1000,0.7300879284210412,755,245,0.4957989417872172,"[""V176"", ""V255"", ""V191"", ""V160"", ""V215"", ""V380"", ""V342""]","{""n_estimators"": 219, ""learning_rate"": 0.03635880312904417, ""num_leaves"": 80, ""min_child_samples"": 38, ""colsample_bytree"": 0.5014762871295846, ""reg_alpha"": 0.24986362154355257, ""reg_lambda"": 1.4040198962054384}"
544,2026-06-05T16:41:51.887121+00:00,lgbm,ranking_total,544,5190,5,1000,0.7046869216912881,746,254,0.4983484185947733,"[""V176"", ""V255"", ""V191"", ""V160"", ""V215""]","{""n_estimators"": 349, ""learning_rate"": 0.030591448543440397, ""num_leaves"": 24, ""min_child_samples"": 39, ""colsample_bytree"": 0.5773212912169661, ""reg_alpha"": 0.26005983892519235, ""reg_lambda"": 1.1095269732936934}"
545,2026-06-05T16:42:16.348411+00:00,lgbm,ranking_total,545,4660,7,999,0.8564058419682115,737,262,0.49519402559509107,"[""V176"", ""V255"", ""V191"", ""V160"", ""V215"", ""V380"", ""V342""]","{""n_estimators"": 129, ""learning_rate"": 0.16474321308265086, ""num_leaves"": 84, ""min_child_samples"": 35, ""colsample_bytree"": 0.717311521087472, ""reg_alpha"": 0.027165228621922166, ""reg_lambda"": 0.6901607013317803}"
546,2026-06-05T16:42:23.945136+00:00,lgbm,ranking_total,546,5370,5,1000,0.6815229151857312,758,242,0.4971366424081176,"[""V176"", ""V255"", ""V191"", ""V160"", ""V215""]","{""n_estimators"": 105, ""learning_rate"": 0.045486266910110214, ""num_leaves"": 21, ""min_child_samples"": 48, ""colsample_bytree"": 0.8382448047927753, ""reg_alpha"": 0.7617294057902667, ""reg_lambda"": 0.8902099094684586}"
547,2026-06-05T16:42:57.617359+00:00,lgbm,ranking_total,547,4585,7,999,0.8560651002810471,732,267,0.4988734339305395,"[""V176"", ""V255"", ""V191"", ""V160"", ""V215"", ""V380"", ""V342""]","{""n_estimators"": 215, ""learning_rate"": 0.1759867654536359, ""num_leaves"": 58, ""min_child_samples"": 17, ""colsample_bytree"": 0.7481882635277787, ""reg_alpha"": 0.8789793759921959, ""reg_lambda"": 1.499437842883973}"
548,2026-06-05T16:43:27.723615+00:00,lgbm,ranking_total,548,4835,7,1000,0.8339787977773796,749,251,0.49529457331607807,"[""V176"", ""V255"", ""V191"", ""V160"", ""V215"", ""V380"", ""V342""]","{""n_estimators"": 211, ""learning_rate"": 0.12280740945454956, ""num_leaves"": 57, ""min_child_samples"": 44, ""colsample_bytree"": 0.6586229522853119, ""reg_alpha"": 0.08671725073374481, ""reg_lambda"": 1.0647005115020272}"
549,2026-06-05T16:44:13.573394+00:00,lgbm,ranking_total,549,4655,7,1000,0.8089456994650122,737,263,0.496516895379209,"[""V176"", ""V255"", ""V191"", ""V160"", ""V215"", ""V380"", ""V342""]","{""n_estimators"": 234, ""learning_rate"": 0.07253065681319082, ""num_leaves"": 81, ""min_child_samples"": 27, ""colsample_bytree"": 0.7478032696017707, ""reg_alpha"": 0.3375338228858513, ""reg_lambda"": 1.646970701755356}"
550,2026-06-05T16:44:29.761094+00:00,lgbm,ranking_total,550,5280,5,1000,0.6925294786207237,752,248,0.49812103624352766,"[""V176"", ""V255"", ""V191"", ""V160"", ""V215""]","{""n_estimators"": 220, ""learning_rate"": 0.03814439617112726, ""num_leaves"": 24, ""min_child_samples"": 31, ""colsample_bytree"": 0.6791200879295713, ""reg_alpha"": 0.6167577267306527, ""reg_lambda"": 1.4716774349024044}"
551,2026-06-05T16:44:51.166453+00:00,lgbm,ranking_total,551,4870,7,999,0.8113439146134026,751,248,0.49707563882324185,"[""V176"", ""V255"", ""V191"", ""V160"", ""V215"", ""V380"", ""V342""]","{""n_estimators"": 137, ""learning_rate"": 0.15135328661157454, ""num_leaves"": 60, ""min_child_samples"": 20, ""colsample_bytree"": 0.5714703358638049, ""reg_alpha"": 0.6209851833177856, ""reg_lambda"": 0.5767942124883116}"
552,2026-06-05T16:45:27.720374+00:00,lgbm,ranking_total,552,4945,7,999,0.8137673863564852,756,243,0.5081497921188706,"[""V176"", ""V255"", ""V191"", ""V160"", ""V215"", ""V380"", ""V342""]","{""n_estimators"": 321, ""learning_rate"": 0.07243654985894568, ""num_leaves"": 43, ""min_child_samples"": 10, ""colsample_bytree"": 0.687247122733189, ""reg_alpha"": 0.022442726806213176, ""reg_lambda"": 0.9205991421117794}"
553,2026-06-05T16:45:57.991918+00:00,lgbm,ranking_total,553,4595,7,1000,0.8016751740402334,733,267,0.49541496933730433,"[""V176"", ""V255"", ""V191"", ""V160"", ""V215"", ""V380"", ""V342""]","{""n_estimators"": 186, ""learning_rate"": 0.11647325012529754, ""num_leaves"": 69, ""min_child_samples"": 36, ""colsample_bytree"": 0.6006409050696979, ""reg_alpha"": 0.4220279662166321, ""reg_lambda"": 2.179016252862021}"
554,2026-06-05T16:46:22.620826+00:00,lgbm,ranking_total,554,4880,7,1000,0.8109875952279556,752,248,0.5006429454890036,"[""V176"", ""V255"", ""V191"", ""V160"", ""V215"", ""V380"", ""V342""]","{""n_estimators"": 147, ""learning_rate"": 0.11262101840392637, ""num_leaves"": 62, ""min_child_samples"": 16, ""colsample_bytree"": 0.87149924304989, ""reg_alpha"": 0.4604657672002155, ""reg_lambda"": 0.8820373414314293}"
555,2026-06-05T16:46:46.964669+00:00,lgbm,ranking_total,555,4805,7,1000,0.8080900856155657,747,253,0.506499858902983,"[""V176"", ""V255"", ""V191"", ""V160"", ""V215"", ""V380"", ""V342""]","{""n_estimators"": 363, ""learning_rate"": 0.13354240294287045, ""num_leaves"": 23, ""min_child_samples"": 11, ""colsample_bytree"": 0.728067186450563, ""reg_alpha"": 0.6288582550394317, ""reg_lambda"": 1.0249512296803263}"
556,2026-06-05T16:47:25.027756+00:00,lgbm,ranking_total,556,5015,7,1000,0.7401340278429679,761,239,0.4955849889033554,"[""V176"", ""V255"", ""V191"", ""V160"", ""V215"", ""V380"", ""V342""]","{""n_estimators"": 274, ""learning_rate"": 0.03717826988342933, ""num_leaves"": 88, ""min_child_samples"": 48, ""colsample_bytree"": 0.7360011807874118, ""reg_alpha"": 0.8922936852475897, ""reg_lambda"": 1.855006842999446}"
557,2026-06-05T16:48:04.024808+00:00,lgbm,ranking_total,557,4775,7,1000,0.828056606185201,745,255,0.4955835816609803,"[""V176"", ""V255"", ""V191"", ""V160"", ""V215"", ""V380"", ""V342""]","{""n_estimators"": 243, ""learning_rate"": 0.09108754754596957, ""num_leaves"": 68, ""min_child_samples"": 42, ""colsample_bytree"": 0.7695437676488277, ""reg_alpha"": 0.19363761619192033, ""reg_lambda"": 1.3338655683098257}"
558,2026-06-05T16:49:08.176602+00:00,lgbm,ranking_total,558,4600,7,996,0.9108862434723219,732,264,0.4962505826677423,"[""V176"", ""V255"", ""V191"", ""V160"", ""V215"", ""V380"", ""V342""]","{""n_estimators"": 326, ""learning_rate"": 0.16553173507839333, ""num_leaves"": 79, ""min_child_samples"": 11, ""colsample_bytree"": 0.5051262367156504, ""reg_alpha"": 0.26048891866935364, ""reg_lambda"": 1.0189613789453718}"
559,2026-06-05T16:49:46.272304+00:00,lgbm,ranking_total,559,4805,7,1000,0.8547831373208715,747,253,0.5004763800151792,"[""V176"", ""V255"", ""V191"", ""V160"", ""V215"", ""V380"", ""V342""]","{""n_estimators"": 205, ""learning_rate"": 0.11363881006937888, ""num_leaves"": 70, ""min_child_samples"": 14, ""colsample_bytree"": 0.8691161717374281, ""reg_alpha"": 0.3211240307230524, ""reg_lambda"": 0.6786622590710023}"
560,2026-06-05T16:50:31.854368+00:00,lgbm,ranking_total,560,4575,6,999,0.8587733592863894,718,281,0.500411808369773,"[""V176"", ""V255"", ""V191"", ""V160"", ""V215"", ""V380""]","{""n_estimators"": 327, ""learning_rate"": 0.14358163252932343, ""num_leaves"": 69, ""min_child_samples"": 46, ""colsample_bytree"": 0.8162192962622304, ""reg_alpha"": 0.8412419058252488, ""reg_lambda"": 1.7935983724734055}"
561,2026-06-05T16:51:21.125779+00:00,lgbm,ranking_total,561,5015,7,1000,0.7906985909807023,761,239,0.49874821275200504,"[""V176"", ""V255"", ""V191"", ""V160"", ""V215"", ""V380"", ""V342""]","{""n_estimators"": 238, ""learning_rate"": 0.047712966585886724, ""num_leaves"": 82, ""min_child_samples"": 16, ""colsample_bytree"": 0.7097439378944667, ""reg_alpha"": 0.2649496045407771, ""reg_lambda"": 0.6563996919403878}"
562,2026-06-05T16:52:05.300618+00:00,lgbm,ranking_total,562,4710,8,1000,0.8315437393247207,754,246,0.49919664071656333,"[""V176"", ""V255"", ""V191"", ""V160"", ""V215"", ""V380"", ""V342"", ""V483""]","{""n_estimators"": 380, ""learning_rate"": 0.08190326023230787, ""num_leaves"": 44, ""min_child_samples"": 36, ""colsample_bytree"": 0.7286620446727303, ""reg_alpha"": 0.05820495398583925, ""reg_lambda"": 2.232524589049632}"
563,2026-06-05T16:52:43.540600+00:00,lgbm,ranking_total,563,4805,7,1000,0.8103973057936686,747,253,0.4950458892565195,"[""V176"", ""V255"", ""V191"", ""V160"", ""V215"", ""V380"", ""V342""]","{""n_estimators"": 175, ""learning_rate"": 0.1035868689049, ""num_leaves"": 90, ""min_child_samples"": 19, ""colsample_bytree"": 0.5569510726826393, ""reg_alpha"": 0.3026818115414125, ""reg_lambda"": 1.8348672952423757}"
564,2026-06-05T16:53:06.505297+00:00,lgbm,ranking_total,564,4900,7,999,0.7921769443457519,753,246,0.4964248960620889,"[""V176"", ""V255"", ""V191"", ""V160"", ""V215"", ""V380"", ""V342""]","{""n_estimators"": 130, ""learning_rate"": 0.11238122702019258, ""num_leaves"": 70, ""min_child_samples"": 21, ""colsample_bytree"": 0.5063282851513615, ""reg_alpha"": 0.34077068674284194, ""reg_lambda"": 0.9074302168660011}"
565,2026-06-05T16:53:24.920222+00:00,lgbm,ranking_total,565,4705,6,1000,0.781267213399313,727,273,0.49714730455705847,"[""V176"", ""V255"", ""V191"", ""V160"", ""V215"", ""V380""]","{""n_estimators"": 148, ""learning_rate"": 0.13174429615321054, ""num_leaves"": 48, ""min_child_samples"": 49, ""colsample_bytree"": 0.5945430188916851, ""reg_alpha"": 0.24282027981848753, ""reg_lambda"": 0.6153603528446638}"
566,2026-06-05T16:54:24.653614+00:00,lgbm,ranking_total,566,4790,7,1000,0.871938907328614,746,254,0.49729167683264824,"[""V176"", ""V255"", ""V191"", ""V160"", ""V215"", ""V380"", ""V342""]","{""n_estimators"": 360, ""learning_rate"": 0.10236023169890453, ""num_leaves"": 65, ""min_child_samples"": 23, ""colsample_bytree"": 0.5797031187016757, ""reg_alpha"": 0.18925079000199296, ""reg_lambda"": 1.4457345121439886}"
567,2026-06-05T16:54:36.263677+00:00,lgbm,ranking_total,567,5115,5,1000,0.7483331641035897,741,259,0.49925989986959773,"[""V176"", ""V255"", ""V191"", ""V160"", ""V215""]","{""n_estimators"": 184, ""learning_rate"": 0.13463196228661345, ""num_leaves"": 21, ""min_child_samples"": 29, ""colsample_bytree"": 0.9764583398187507, ""reg_alpha"": 0.5164683885975538, ""reg_lambda"": 1.0765189771525214}"
568,2026-06-05T16:55:23.429945+00:00,lgbm,ranking_total,568,4660,7,996,0.8730585769415209,736,260,0.4973558951303662,"[""V176"", ""V255"", ""V191"", ""V160"", ""V215"", ""V380"", ""V342""]","{""n_estimators"": 295, ""learning_rate"": 0.1729549454333676, ""num_leaves"": 64, ""min_child_samples"": 15, ""colsample_bytree"": 0.6718810683532954, ""reg_alpha"": 0.9938857637425833, ""reg_lambda"": 1.1041480597958409}"
569,2026-06-05T16:56:27.827666+00:00,lgbm,ranking_total,569,4715,7,1000,0.8150111063242907,741,259,0.4976278733695426,"[""V176"", ""V255"", ""V191"", ""V160"", ""V215"", ""V380"", ""V342""]","{""n_estimators"": 352, ""learning_rate"": 0.055038657862803986, ""num_leaves"": 69, ""min_child_samples"": 21, ""colsample_bytree"": 0.8359654490243029, ""reg_alpha"": 0.7971558024764287, ""reg_lambda"": 1.0262237218135533}"
570,2026-06-05T16:56:43.478984+00:00,lgbm,ranking_total,570,5150,7,1000,0.728388545642034,770,230,0.4974335831971165,"[""V176"", ""V255"", ""V191"", ""V160"", ""V215"", ""V380"", ""V342""]","{""n_estimators"": 134, ""learning_rate"": 0.05967883081476801, ""num_leaves"": 40, ""min_child_samples"": 21, ""colsample_bytree"": 0.741855220098032, ""reg_alpha"": 0.3640979078022333, ""reg_lambda"": 2.4709991295865095}"
571,2026-06-05T16:57:15.683214+00:00,lgbm,ranking_total,571,4895,7,1000,0.7715628586620292,753,247,0.4951298321869908,"[""V176"", ""V255"", ""V191"", ""V160"", ""V215"", ""V380"", ""V342""]","{""n_estimators"": 185, ""learning_rate"": 0.07415163571512587, ""num_leaves"": 69, ""min_child_samples"": 25, ""colsample_bytree"": 0.5259764824089888, ""reg_alpha"": 0.479773464110717, ""reg_lambda"": 1.7064585457230252}"
572,2026-06-05T16:58:24.735971+00:00,lgbm,ranking_total,572,4715,7,1000,0.8643458449254312,741,259,0.496010349115636,"[""V176"", ""V255"", ""V191"", ""V160"", ""V215"", ""V380"", ""V342""]","{""n_estimators"": 389, ""learning_rate"": 0.07183121009785785, ""num_leaves"": 73, ""min_child_samples"": 36, ""colsample_bytree"": 0.8266658300039186, ""reg_alpha"": 0.05438846087482763, ""reg_lambda"": 1.5819432343480841}"
573,2026-06-05T16:58:54.751403+00:00,lgbm,ranking_total,573,4960,6,1000,0.7647868664304495,744,256,0.5002191872568745,"[""V176"", ""V255"", ""V191"", ""V160"", ""V215"", ""V380""]","{""n_estimators"": 221, ""learning_rate"": 0.05601552023302985, ""num_leaves"": 51, ""min_child_samples"": 27, ""colsample_bytree"": 0.9161127807910766, ""reg_alpha"": 0.16599886062723412, ""reg_lambda"": 0.592445070217259}"
574,2026-06-05T16:59:11.033184+00:00,lgbm,ranking_total,574,5285,5,996,0.7064013355011844,751,245,0.496472323562382,"[""V176"", ""V255"", ""V191"", ""V160"", ""V215""]","{""n_estimators"": 132, ""learning_rate"": 0.05139850574860612, ""num_leaves"": 42, ""min_child_samples"": 26, ""colsample_bytree"": 0.865417916448759, ""reg_alpha"": 0.9302670488780979, ""reg_lambda"": 1.2273389257330358}"
575,2026-06-05T16:59:42.824636+00:00,lgbm,ranking_total,575,4645,7,996,0.8545891416722088,735,261,0.5008006258725944,"[""V176"", ""V255"", ""V191"", ""V160"", ""V215"", ""V380"", ""V342""]","{""n_estimators"": 271, ""learning_rate"": 0.1599792910230514, ""num_leaves"": 42, ""min_child_samples"": 37, ""colsample_bytree"": 0.9291172560072991, ""reg_alpha"": 0.8259401374299143, ""reg_lambda"": 2.1610591507166834}"
576,2026-06-05T17:00:02.815951+00:00,lgbm,ranking_total,576,4985,7,1000,0.7556679739300541,759,241,0.5001576646277291,"[""V176"", ""V255"", ""V191"", ""V160"", ""V215"", ""V380"", ""V342""]","{""n_estimators"": 243, ""learning_rate"": 0.07247130917968381, ""num_leaves"": 28, ""min_child_samples"": 20, ""colsample_bytree"": 0.8730262460090641, ""reg_alpha"": 0.4786684337864453, ""reg_lambda"": 2.0164338233000185}"
577,2026-06-05T17:00:29.976430+00:00,lgbm,ranking_total,577,4705,7,999,0.8477655177973195,740,259,0.49962207939890685,"[""V176"", ""V255"", ""V191"", ""V160"", ""V215"", ""V380"", ""V342""]","{""n_estimators"": 378, ""learning_rate"": 0.1671047929100523, ""num_leaves"": 25, ""min_child_samples"": 42, ""colsample_bytree"": 0.80701088973105, ""reg_alpha"": 0.6309952599706176, ""reg_lambda"": 1.6890578144877768}"
578,2026-06-05T17:01:28.467530+00:00,lgbm,ranking_total,578,4535,7,1000,0.8697199789364413,729,271,0.4973173831067362,"[""V176"", ""V255"", ""V191"", ""V160"", ""V215"", ""V380"", ""V342""]","{""n_estimators"": 376, ""learning_rate"": 0.13075346785365766, ""num_leaves"": 60, ""min_child_samples"": 29, ""colsample_bytree"": 0.7910620392537566, ""reg_alpha"": 0.7893452165874707, ""reg_lambda"": 2.319260170054049}"
579,2026-06-05T17:02:33.016478+00:00,lgbm,ranking_total,579,4680,8,1000,0.8127458668200673,752,248,0.49505262226419744,"[""V176"", ""V255"", ""V191"", ""V160"", ""V215"", ""V380"", ""V342"", ""V483""]","{""n_estimators"": 282, ""learning_rate"": 0.07083105939534004, ""num_leaves"": 87, ""min_child_samples"": 15, ""colsample_bytree"": 0.7607971682848846, ""reg_alpha"": 0.8581310914621784, ""reg_lambda"": 2.042250210831615}"
580,2026-06-05T17:02:48.882147+00:00,lgbm,ranking_total,580,4660,4,999,0.7462801512418152,697,302,0.5001018285876058,"[""V176"", ""V255"", ""V191"", ""V160""]","{""n_estimators"": 116, ""learning_rate"": 0.16685769963248778, ""num_leaves"": 51, ""min_child_samples"": 29, ""colsample_bytree"": 0.5685709106790661, ""reg_alpha"": 0.36458773861887916, ""reg_lambda"": 1.692931632370601}"
581,2026-06-05T17:04:04.101482+00:00,lgbm,ranking_total,581,4515,8,1000,0.857169094233811,741,259,0.4966628021913602,"[""V176"", ""V255"", ""V191"", ""V160"", ""V215"", ""V380"", ""V342"", ""V483""]","{""n_estimators"": 310, ""learning_rate"": 0.09752543795032798, ""num_leaves"": 92, ""min_child_samples"": 10, ""colsample_bytree"": 0.8784978148728262, ""reg_alpha"": 0.8390056172003159, ""reg_lambda"": 1.576795779808147}"
582,2026-06-05T17:04:29.707322+00:00,lgbm,ranking_total,582,4760,6,998,0.8163728058166977,730,268,0.500795643392251,"[""V176"", ""V255"", ""V191"", ""V160"", ""V215"", ""V380""]","{""n_estimators"": 289, ""learning_rate"": 0.16344098587904884, ""num_leaves"": 31, ""min_child_samples"": 37, ""colsample_bytree"": 0.9042554519244168, ""reg_alpha"": 0.8106090150117202, ""reg_lambda"": 2.2892962788849553}"
583,2026-06-05T17:05:06.789389+00:00,lgbm,ranking_total,583,5000,7,1000,0.7428069923452094,760,240,0.49700308881656613,"[""V176"", ""V255"", ""V191"", ""V160"", ""V215"", ""V380"", ""V342""]","{""n_estimators"": 154, ""learning_rate"": 0.036838277401066065, ""num_leaves"": 89, ""min_child_samples"": 11, ""colsample_bytree"": 0.854881233568892, ""reg_alpha"": 0.2681241773527343, ""reg_lambda"": 1.1864532842220619}"
584,2026-06-05T17:05:34.634010+00:00,lgbm,ranking_total,584,4865,7,1000,0.7184756711933509,751,249,0.4962981205083813,"[""V176"", ""V255"", ""V191"", ""V160"", ""V215"", ""V380"", ""V342""]","{""n_estimators"": 133, ""learning_rate"": 0.04716223133996987, ""num_leaves"": 84, ""min_child_samples"": 18, ""colsample_bytree"": 0.5055219311248136, ""reg_alpha"": 0.2219082319248974, ""reg_lambda"": 1.8406038754681666}"
585,2026-06-05T17:06:11.061879+00:00,lgbm,ranking_total,585,5045,7,997,0.7713602527146918,762,235,0.4992229965473829,"[""V176"", ""V255"", ""V191"", ""V160"", ""V215"", ""V380"", ""V342""]","{""n_estimators"": 177, ""learning_rate"": 0.04776925714365978, ""num_leaves"": 78, ""min_child_samples"": 17, ""colsample_bytree"": 0.8860454484350675, ""reg_alpha"": 0.18283413722398112, ""reg_lambda"": 1.1573887895028327}"
586,2026-06-05T17:06:48.745304+00:00,lgbm,ranking_total,586,4820,7,1000,0.8289138548953671,748,252,0.49780912475501526,"[""V176"", ""V255"", ""V191"", ""V160"", ""V215"", ""V380"", ""V342""]","{""n_estimators"": 362, ""learning_rate"": 0.12826446881211717, ""num_leaves"": 39, ""min_child_samples"": 34, ""colsample_bytree"": 0.5031606892978459, ""reg_alpha"": 0.9156980400404537, ""reg_lambda"": 1.6498417847361644}"
587,2026-06-05T17:07:11.849823+00:00,lgbm,ranking_total,587,4895,7,1000,0.7972328178908661,753,247,0.5014214115961415,"[""V176"", ""V255"", ""V191"", ""V160"", ""V215"", ""V380"", ""V342""]","{""n_estimators"": 252, ""learning_rate"": 0.10465213671330972, ""num_leaves"": 34, ""min_child_samples"": 28, ""colsample_bytree"": 0.7027415338223492, ""reg_alpha"": 0.32769617132735407, ""reg_lambda"": 0.742762247906182}"
588,2026-06-05T17:07:20.793161+00:00,lgbm,ranking_total,588,5220,7,998,0.6724261985780038,774,224,0.49591512485941186,"[""V176"", ""V255"", ""V191"", ""V160"", ""V215"", ""V380"", ""V342""]","{""n_estimators"": 118, ""learning_rate"": 0.03439112020373642, ""num_leaves"": 24, ""min_child_samples"": 48, ""colsample_bytree"": 0.5487415709149825, ""reg_alpha"": 0.4931643322352277, ""reg_lambda"": 0.9321575215623961}"
589,2026-06-05T17:07:59.169924+00:00,lgbm,ranking_total,589,4620,7,998,0.8650700739921148,734,264,0.4996229679296366,"[""V176"", ""V255"", ""V191"", ""V160"", ""V215"", ""V380"", ""V342""]","{""n_estimators"": 347, ""learning_rate"": 0.15566223270414162, ""num_leaves"": 40, ""min_child_samples"": 26, ""colsample_bytree"": 0.7951727530144124, ""reg_alpha"": 0.7511360154783863, ""reg_lambda"": 1.5543559444545223}"
590,2026-06-05T17:08:36.022331+00:00,lgbm,ranking_total,590,4570,6,1000,0.8449676913874647,718,282,0.49893121350186304,"[""V176"", ""V255"", ""V191"", ""V160"", ""V215"", ""V380""]","{""n_estimators"": 324, ""learning_rate"": 0.15442398944035107, ""num_leaves"": 42, ""min_child_samples"": 36, ""colsample_bytree"": 0.643166306603473, ""reg_alpha"": 0.4385283719459322, ""reg_lambda"": 1.9621372040240128}"
591,2026-06-05T17:09:23.733904+00:00,lgbm,ranking_total,591,5095,7,999,0.7450256793769903,766,233,0.495309023106393,"[""V176"", ""V255"", ""V191"", ""V160"", ""V215"", ""V380"", ""V342""]","{""n_estimators"": 334, ""learning_rate"": 0.03321529485578978, ""num_leaves"": 63, ""min_child_samples"": 47, ""colsample_bytree"": 0.7175544669164216, ""reg_alpha"": 0.7275937305326449, ""reg_lambda"": 2.1020048926121286}"
592,2026-06-05T17:10:42.788524+00:00,lgbm,ranking_total,592,4635,8,1000,0.9149968846973069,749,251,0.49367925714233196,"[""V176"", ""V255"", ""V191"", ""V160"", ""V215"", ""V380"", ""V342"", ""V483""]","{""n_estimators"": 319, ""learning_rate"": 0.10114449558369717, ""num_leaves"": 98, ""min_child_samples"": 15, ""colsample_bytree"": 0.8206529081615936, ""reg_alpha"": 0.13739068370260554, ""reg_lambda"": 0.5052578470461748}"
593,2026-06-05T17:11:30.541839+00:00,lgbm,ranking_total,593,4730,7,1000,0.80798180922564,742,258,0.4972729896497114,"[""V176"", ""V255"", ""V191"", ""V160"", ""V215"", ""V380"", ""V342""]","{""n_estimators"": 286, ""learning_rate"": 0.06686628823501783, ""num_leaves"": 66, ""min_child_samples"": 31, ""colsample_bytree"": 0.7166560454404672, ""reg_alpha"": 0.4812694038911861, ""reg_lambda"": 1.458868503153014}"
594,2026-06-05T17:11:45.968516+00:00,lgbm,ranking_total,594,4845,5,1000,0.7795806969192297,723,277,0.5021120203480072,"[""V176"", ""V255"", ""V191"", ""V160"", ""V215""]","{""n_estimators"": 160, ""learning_rate"": 0.15298710729191, ""num_leaves"": 34, ""min_child_samples"": 26, ""colsample_bytree"": 0.9939888901921754, ""reg_alpha"": 0.6728814036224887, ""reg_lambda"": 1.125255249080649}"
595,2026-06-05T17:12:10.370308+00:00,lgbm,ranking_total,595,4720,6,1000,0.7754005079603836,728,272,0.4978455951536057,"[""V176"", ""V255"", ""V191"", ""V160"", ""V215"", ""V380""]","{""n_estimators"": 165, ""learning_rate"": 0.1235626037131326, ""num_leaves"": 73, ""min_child_samples"": 45, ""colsample_bytree"": 0.526019877960571, ""reg_alpha"": 0.6251430728404724, ""reg_lambda"": 1.0547577503512853}"
596,2026-06-05T17:12:28.482592+00:00,lgbm,ranking_total,596,4825,6,1000,0.7725832391151657,735,265,0.497139567774607,"[""V176"", ""V255"", ""V191"", ""V160"", ""V215"", ""V380""]","{""n_estimators"": 125, ""learning_rate"": 0.09883760278166782, ""num_leaves"": 55, ""min_child_samples"": 45, ""colsample_bytree"": 0.9326489617935171, ""reg_alpha"": 0.20118480274535866, ""reg_lambda"": 0.9234499174258746}"
597,2026-06-05T17:13:17.515734+00:00,lgbm,ranking_total,597,4555,7,999,0.9081580006183959,730,269,0.49792296892435317,"[""V176"", ""V255"", ""V191"", ""V160"", ""V215"", ""V380"", ""V342""]","{""n_estimators"": 255, ""learning_rate"": 0.17959321379113363, ""num_leaves"": 72, ""min_child_samples"": 15, ""colsample_bytree"": 0.7902392847370765, ""reg_alpha"": 0.21057109649220684, ""reg_lambda"": 1.717863348797732}"
598,2026-06-05T17:13:44.749213+00:00,lgbm,ranking_total,598,4915,7,999,0.8049064684143645,754,245,0.5006935376253113,"[""V176"", ""V255"", ""V191"", ""V160"", ""V215"", ""V380"", ""V342""]","{""n_estimators"": 260, ""learning_rate"": 0.09325023084315781, ""num_leaves"": 38, ""min_child_samples"": 33, ""colsample_bytree"": 0.7978365073482617, ""reg_alpha"": 0.4352434104674685, ""reg_lambda"": 1.660676466690376}"
599,2026-06-05T17:14:32.413356+00:00,lgbm,ranking_total,599,4730,7,1000,0.866429651866776,742,258,0.49745772137855854,"[""V176"", ""V255"", ""V191"", ""V160"", ""V215"", ""V380"", ""V342""]","{""n_estimators"": 371, ""learning_rate"": 0.14103351640331552, ""num_leaves"": 46, ""min_child_samples"": 21, ""colsample_bytree"": 0.9800343381593272, ""reg_alpha"": 0.7101326391085097, ""reg_lambda"": 2.173735147765865}"
600,2026-06-05T17:15:27.977642+00:00,lgbm,ranking_total,600,4865,7,1000,0.8146862866619569,751,249,0.498076106428504,"[""V176"", ""V255"", ""V191"", ""V160"", ""V215"", ""V380"", ""V342""]","{""n_estimators"": 341, ""learning_rate"": 0.07051422665426686, ""num_leaves"": 62, ""min_child_samples"": 26, ""colsample_bytree"": 0.7458548773216775, ""reg_alpha"": 0.5135434408099855, ""reg_lambda"": 2.0179303279859564}"
601,2026-06-05T17:16:27.482370+00:00,lgbm,ranking_total,601,4770,8,1000,0.7979008234708888,758,242,0.4961552061722563,"[""V176"", ""V255"", ""V191"", ""V160"", ""V215"", ""V380"", ""V342"", ""V483""]","{""n_estimators"": 296, ""learning_rate"": 0.050388050238500896, ""num_leaves"": 78, ""min_child_samples"": 20, ""colsample_bytree"": 0.6911323875754011, ""reg_alpha"": 0.21097059217164793, ""reg_lambda"": 2.2047028783338085}"
602,2026-06-05T17:17:07.320936+00:00,lgbm,ranking_total,602,4765,6,997,0.8137855686335461,730,267,0.4998488675072218,"[""V176"", ""V255"", ""V191"", ""V160"", ""V215"", ""V380""]","{""n_estimators"": 269, ""learning_rate"": 0.07284807442320544, ""num_leaves"": 57, ""min_child_samples"": 36, ""colsample_bytree"": 0.9623062908803068, ""reg_alpha"": 0.10090722616973447, ""reg_lambda"": 1.3645854354583171}"
603,2026-06-05T17:17:31.908589+00:00,lgbm,ranking_total,603,5125,6,997,0.7347597070910401,754,243,0.49813528641211396,"[""V176"", ""V255"", ""V191"", ""V160"", ""V215"", ""V380""]","{""n_estimators"": 236, ""learning_rate"": 0.04713096463334088, ""num_leaves"": 38, ""min_child_samples"": 32, ""colsample_bytree"": 0.6658862070264833, ""reg_alpha"": 0.5650683617574913, ""reg_lambda"": 0.6820468102476511}"
604,2026-06-05T17:18:08.242429+00:00,lgbm,ranking_total,604,4615,7,996,0.829165214939123,733,263,0.4953905732343379,"[""V176"", ""V255"", ""V191"", ""V160"", ""V215"", ""V380"", ""V342""]","{""n_estimators"": 259, ""learning_rate"": 0.12522894337778845, ""num_leaves"": 95, ""min_child_samples"": 48, ""colsample_bytree"": 0.9255092077746627, ""reg_alpha"": 0.9653474799552374, ""reg_lambda"": 2.494542656510615}"
605,2026-06-05T17:18:29.194177+00:00,lgbm,ranking_total,605,4805,7,1000,0.829578740092026,747,253,0.5014209942957355,"[""V176"", ""V255"", ""V191"", ""V160"", ""V215"", ""V380"", ""V342""]","{""n_estimators"": 272, ""learning_rate"": 0.17277796130029496, ""num_leaves"": 27, ""min_child_samples"": 19, ""colsample_bytree"": 0.7156139991279147, ""reg_alpha"": 0.822038524614038, ""reg_lambda"": 0.6021273075055442}"
606,2026-06-05T17:19:00.299773+00:00,lgbm,ranking_total,606,4900,7,993,0.8067471680351853,751,242,0.5001688581582996,"[""V176"", ""V255"", ""V191"", ""V160"", ""V215"", ""V380"", ""V342""]","{""n_estimators"": 238, ""learning_rate"": 0.09578632090281272, ""num_leaves"": 47, ""min_child_samples"": 20, ""colsample_bytree"": 0.8764729301858766, ""reg_alpha"": 0.5268593428154908, ""reg_lambda"": 1.5537920201697426}"
607,2026-06-05T17:19:31.237645+00:00,lgbm,ranking_total,607,4835,7,1000,0.8296285113914832,749,251,0.5055920051373074,"[""V176"", ""V255"", ""V191"", ""V160"", ""V215"", ""V380"", ""V342""]","{""n_estimators"": 233, ""learning_rate"": 0.11706678088957634, ""num_leaves"": 48, ""min_child_samples"": 11, ""colsample_bytree"": 0.7520414547604318, ""reg_alpha"": 0.1341271450517587, ""reg_lambda"": 1.5677550580373254}"
608,2026-06-05T17:20:03.277581+00:00,lgbm,ranking_total,608,4940,7,997,0.753823846123509,755,242,0.4958508822603564,"[""V176"", ""V255"", ""V191"", ""V160"", ""V215"", ""V380"", ""V342""]","{""n_estimators"": 219, ""learning_rate"": 0.05008994181356618, ""num_leaves"": 60, ""min_child_samples"": 45, ""colsample_bytree"": 0.6244683733125347, ""reg_alpha"": 0.19806238954465882, ""reg_lambda"": 0.7285320573486789}"
609,2026-06-05T17:20:50.100427+00:00,lgbm,ranking_total,609,4740,8,1000,0.7795479990940243,756,244,0.4929031950945224,"[""V176"", ""V255"", ""V191"", ""V160"", ""V215"", ""V380"", ""V342"", ""V483""]","{""n_estimators"": 241, ""learning_rate"": 0.0485831646840113, ""num_leaves"": 82, ""min_child_samples"": 31, ""colsample_bytree"": 0.8183344151121759, ""reg_alpha"": 0.6730797546376158, ""reg_lambda"": 1.2173599480067867}"
610,2026-06-05T17:21:10.349046+00:00,lgbm,ranking_total,610,4765,7,999,0.8152267998114087,744,255,0.49380900485012263,"[""V176"", ""V255"", ""V191"", ""V160"", ""V215"", ""V380"", ""V342""]","{""n_estimators"": 102, ""learning_rate"": 0.17127379965200626, ""num_leaves"": 85, ""min_child_samples"": 32, ""colsample_bytree"": 0.9187634800523419, ""reg_alpha"": 0.46519724060408574, ""reg_lambda"": 1.9507294059219542}"
611,2026-06-05T17:21:36.673704+00:00,lgbm,ranking_total,611,4660,7,996,0.8096230148265254,736,260,0.49612443784294646,"[""V176"", ""V255"", ""V191"", ""V160"", ""V215"", ""V380"", ""V342""]","{""n_estimators"": 184, ""learning_rate"": 0.14300226161051252, ""num_leaves"": 82, ""min_child_samples"": 47, ""colsample_bytree"": 0.7677704333239248, ""reg_alpha"": 0.9691815922100181, ""reg_lambda"": 1.8174883802212842}"
612,2026-06-05T17:22:00.072361+00:00,lgbm,ranking_total,612,4850,7,1000,0.8438722663852825,750,250,0.49659144471385763,"[""V176"", ""V255"", ""V191"", ""V160"", ""V215"", ""V380"", ""V342""]","{""n_estimators"": 114, ""learning_rate"": 0.16285687800190812, ""num_leaves"": 78, ""min_child_samples"": 20, ""colsample_bytree"": 0.9328819794416531, ""reg_alpha"": 0.008160662777111138, ""reg_lambda"": 1.9745366280010521}"
613,2026-06-05T17:22:49.384084+00:00,lgbm,ranking_total,613,4820,7,1000,0.7970684653854493,748,252,0.49874083246058437,"[""V176"", ""V255"", ""V191"", ""V160"", ""V215"", ""V380"", ""V342""]","{""n_estimators"": 233, ""learning_rate"": 0.055680681127196666, ""num_leaves"": 77, ""min_child_samples"": 11, ""colsample_bytree"": 0.9327098610049734, ""reg_alpha"": 0.5523711400369655, ""reg_lambda"": 1.4467507059826619}"
614,2026-06-05T17:23:20.295690+00:00,lgbm,ranking_total,614,4730,7,997,0.8592293250995475,741,256,0.5017654436755381,"[""V176"", ""V255"", ""V191"", ""V160"", ""V215"", ""V380"", ""V342""]","{""n_estimators"": 354, ""learning_rate"": 0.15568486186359104, ""num_leaves"": 31, ""min_child_samples"": 36, ""colsample_bytree"": 0.932150316822858, ""reg_alpha"": 0.49537451320044257, ""reg_lambda"": 1.5417398189697151}"
615,2026-06-05T17:23:35.527507+00:00,lgbm,ranking_total,615,4750,7,999,0.774643055311301,743,256,0.5008845499668291,"[""V176"", ""V255"", ""V191"", ""V160"", ""V215"", ""V380"", ""V342""]","{""n_estimators"": 209, ""learning_rate"": 0.13774175295452484, ""num_leaves"": 25, ""min_child_samples"": 23, ""colsample_bytree"": 0.5951096292651448, ""reg_alpha"": 0.7155352666993495, ""reg_lambda"": 1.3034522457751148}"
616,2026-06-05T17:24:19.074160+00:00,lgbm,ranking_total,616,4435,6,1000,0.8585438460306271,709,291,0.4977557307361516,"[""V176"", ""V255"", ""V191"", ""V160"", ""V215"", ""V380""]","{""n_estimators"": 278, ""learning_rate"": 0.15619235295887535, ""num_leaves"": 76, ""min_child_samples"": 41, ""colsample_bytree"": 0.9110323485964938, ""reg_alpha"": 0.6455600756652311, ""reg_lambda"": 2.139905126623548}"
617,2026-06-05T17:24:30.907600+00:00,lgbm,ranking_total,617,5085,6,999,0.7494315879991916,752,247,0.4982274546116017,"[""V176"", ""V255"", ""V191"", ""V160"", ""V215"", ""V380""]","{""n_estimators"": 158, ""learning_rate"": 0.11462701578451369, ""num_leaves"": 25, ""min_child_samples"": 25, ""colsample_bytree"": 0.751381581053383, ""reg_alpha"": 0.3197035791771997, ""reg_lambda"": 1.2326980662611873}"
618,2026-06-05T17:25:10.148379+00:00,lgbm,ranking_total,618,4925,7,1000,0.8122661277348017,755,245,0.4988071364846907,"[""V176"", ""V255"", ""V191"", ""V160"", ""V215"", ""V380"", ""V342""]","{""n_estimators"": 274, ""learning_rate"": 0.0934265153965357, ""num_leaves"": 53, ""min_child_samples"": 19, ""colsample_bytree"": 0.6433344370539388, ""reg_alpha"": 0.8558152673426038, ""reg_lambda"": 0.7236234968444615}"
619,2026-06-05T17:25:32.972376+00:00,lgbm,ranking_total,619,4745,7,1000,0.8095768229126941,743,257,0.4976708661895145,"[""V176"", ""V255"", ""V191"", ""V160"", ""V215"", ""V380"", ""V342""]","{""n_estimators"": 131, ""learning_rate"": 0.1494619296269702, ""num_leaves"": 52, ""min_child_samples"": 36, ""colsample_bytree"": 0.9069154730041818, ""reg_alpha"": 0.7237036024334815, ""reg_lambda"": 0.7900191858529642}"
620,2026-06-05T17:25:54.578960+00:00,lgbm,ranking_total,620,4810,6,1000,0.7726639868920687,734,266,0.5013656000312838,"[""V176"", ""V255"", ""V191"", ""V160"", ""V215"", ""V380""]","{""n_estimators"": 352, ""learning_rate"": 0.10598418031218731, ""num_leaves"": 22, ""min_child_samples"": 31, ""colsample_bytree"": 0.6272445019682245, ""reg_alpha"": 0.690653403086442, ""reg_lambda"": 1.8896434367203516}"
621,2026-06-05T17:26:31.353001+00:00,lgbm,ranking_total,621,4700,7,1000,0.8691980002265162,740,260,0.5009806656228658,"[""V176"", ""V255"", ""V191"", ""V160"", ""V215"", ""V380"", ""V342""]","{""n_estimators"": 263, ""learning_rate"": 0.13874320733805567, ""num_leaves"": 56, ""min_child_samples"": 25, ""colsample_bytree"": 0.6338444964548708, ""reg_alpha"": 0.3065434304303558, ""reg_lambda"": 0.5065975901388406}"
622,2026-06-05T17:27:07.381041+00:00,lgbm,ranking_total,622,4685,7,1000,0.817054819210083,739,261,0.49821533191546,"[""V176"", ""V255"", ""V191"", ""V160"", ""V215"", ""V380"", ""V342""]","{""n_estimators"": 274, ""learning_rate"": 0.10244985274922878, ""num_leaves"": 50, ""min_child_samples"": 24, ""colsample_bytree"": 0.7822732256438815, ""reg_alpha"": 0.9937616993889767, ""reg_lambda"": 0.9652831667001929}"
623,2026-06-05T17:27:39.488387+00:00,lgbm,ranking_total,623,5000,7,997,0.7917085314391832,759,238,0.5014181426404167,"[""V176"", ""V255"", ""V191"", ""V160"", ""V215"", ""V380"", ""V342""]","{""n_estimators"": 283, ""learning_rate"": 0.07033234663841073, ""num_leaves"": 43, ""min_child_samples"": 20, ""colsample_bytree"": 0.7562526554443412, ""reg_alpha"": 0.49405338102643437, ""reg_lambda"": 0.9501879267367903}"
624,2026-06-05T17:27:55.122817+00:00,lgbm,ranking_total,624,4835,7,1000,0.7795840379440873,749,251,0.4983019150646922,"[""V176"", ""V255"", ""V191"", ""V160"", ""V215"", ""V380"", ""V342""]","{""n_estimators"": 122, ""learning_rate"": 0.12537780001861248, ""num_leaves"": 51, ""min_child_samples"": 31, ""colsample_bytree"": 0.5434917323053695, ""reg_alpha"": 0.09047396985420597, ""reg_lambda"": 1.5635790192726502}"
625,2026-06-05T17:28:17.324608+00:00,lgbm,ranking_total,625,5050,7,999,0.7528159474620182,763,236,0.5001154596224631,"[""V176"", ""V255"", ""V191"", ""V160"", ""V215"", ""V380"", ""V342""]","{""n_estimators"": 384, ""learning_rate"": 0.058203325940653805, ""num_leaves"": 21, ""min_child_samples"": 33, ""colsample_bytree"": 0.5790662260777073, ""reg_alpha"": 0.24384432301702175, ""reg_lambda"": 1.2024380782995532}"
626,2026-06-05T17:29:02.519731+00:00,lgbm,ranking_total,626,4890,8,1000,0.8339701668035143,766,234,0.5018980913034082,"[""V176"", ""V255"", ""V191"", ""V160"", ""V215"", ""V380"", ""V342"", ""V483""]","{""n_estimators"": 384, ""learning_rate"": 0.08593185009700702, ""num_leaves"": 42, ""min_child_samples"": 18, ""colsample_bytree"": 0.6634778170587501, ""reg_alpha"": 0.330299813373383, ""reg_lambda"": 0.5930623145118945}"
627,2026-06-05T17:29:57.179057+00:00,lgbm,ranking_total,627,4480,7,993,0.8863330693698392,723,270,0.4985285043479287,"[""V176"", ""V255"", ""V191"", ""V160"", ""V215"", ""V380"", ""V342""]","{""n_estimators"": 284, ""learning_rate"": 0.154346537538619, ""num_leaves"": 74, ""min_child_samples"": 14, ""colsample_bytree"": 0.7901433342838673, ""reg_alpha"": 0.6328674974624555, ""reg_lambda"": 1.4455913865480337}"
628,2026-06-05T17:30:20.129372+00:00,lgbm,ranking_total,628,4870,7,996,0.7855850770005599,750,246,0.4994933343781093,"[""V176"", ""V255"", ""V191"", ""V160"", ""V215"", ""V380"", ""V342""]","{""n_estimators"": 250, ""learning_rate"": 0.08922279164025276, ""num_leaves"": 33, ""min_child_samples"": 45, ""colsample_bytree"": 0.8917167120897094, ""reg_alpha"": 0.6941790021387143, ""reg_lambda"": 0.7071924959671549}"
629,2026-06-05T17:30:43.413998+00:00,lgbm,ranking_total,629,4955,7,1000,0.7990707507884915,757,243,0.5031909139960851,"[""V176"", ""V255"", ""V191"", ""V160"", ""V215"", ""V380"", ""V342""]","{""n_estimators"": 335, ""learning_rate"": 0.1120614227648532, ""num_leaves"": 24, ""min_child_samples"": 28, ""colsample_bytree"": 0.9053031734194543, ""reg_alpha"": 0.7781802119911874, ""reg_lambda"": 1.3830900791401626}"
630,2026-06-05T17:31:24.584929+00:00,lgbm,ranking_total,630,4565,7,1000,0.857027911556777,731,269,0.49522247493644156,"[""V176"", ""V255"", ""V191"", ""V160"", ""V215"", ""V380"", ""V342""]","{""n_estimators"": 304, ""learning_rate"": 0.1623799062009453, ""num_leaves"": 85, ""min_child_samples"": 44, ""colsample_bytree"": 0.6481452306368857, ""reg_alpha"": 0.9446281923834496, ""reg_lambda"": 1.4933260549878216}"
631,2026-06-05T17:31:52.361920+00:00,lgbm,ranking_total,631,4700,7,1000,0.829183372246607,740,260,0.49608461281446237,"[""V176"", ""V255"", ""V191"", ""V160"", ""V215"", ""V380"", ""V342""]","{""n_estimators"": 188, ""learning_rate"": 0.15233400138962216, ""num_leaves"": 67, ""min_child_samples"": 45, ""colsample_bytree"": 0.9560209864867204, ""reg_alpha"": 0.978506116211212, ""reg_lambda"": 2.123232846683156}"
632,2026-06-05T17:32:11.091115+00:00,lgbm,ranking_total,632,4720,7,996,0.7949296639136129,740,256,0.4951247693790124,"[""V176"", ""V255"", ""V191"", ""V160"", ""V215"", ""V380"", ""V342""]","{""n_estimators"": 125, ""learning_rate"": 0.13291773258924128, ""num_leaves"": 89, ""min_child_samples"": 48, ""colsample_bytree"": 0.782907556879703, ""reg_alpha"": 0.0762865628454984, ""reg_lambda"": 1.4763767384822986}"
633,2026-06-05T17:32:58.470914+00:00,lgbm,ranking_total,633,4640,7,1000,0.8791099622382859,736,264,0.4970626614014378,"[""V176"", ""V255"", ""V191"", ""V160"", ""V215"", ""V380"", ""V342""]","{""n_estimators"": 286, ""learning_rate"": 0.16116313555376355, ""num_leaves"": 64, ""min_child_samples"": 18, ""colsample_bytree"": 0.783788886524891, ""reg_alpha"": 0.66713362540551, ""reg_lambda"": 0.904018258878081}"
634,2026-06-05T17:33:21.569223+00:00,lgbm,ranking_total,634,4975,7,993,0.7457729992423408,756,237,0.49694097091970124,"[""V176"", ""V255"", ""V191"", ""V160"", ""V215"", ""V380"", ""V342""]","{""n_estimators"": 176, ""learning_rate"": 0.05881565687275944, ""num_leaves"": 52, ""min_child_samples"": 39, ""colsample_bytree"": 0.5021446060126706, ""reg_alpha"": 0.6921419981779153, ""reg_lambda"": 0.6305566729526355}"
635,2026-06-05T17:34:00.758744+00:00,lgbm,ranking_total,635,5030,7,1000,0.7473633211275807,762,238,0.4991431390231197,"[""V176"", ""V255"", ""V191"", ""V160"", ""V215"", ""V380"", ""V342""]","{""n_estimators"": 388, ""learning_rate"": 0.03509810856768125, ""num_leaves"": 36, ""min_child_samples"": 25, ""colsample_bytree"": 0.7712095799438371, ""reg_alpha"": 0.8341155265044713, ""reg_lambda"": 1.9362720637496913}"
636,2026-06-05T17:34:31.416782+00:00,lgbm,ranking_total,636,4940,7,994,0.7918787692708432,754,240,0.4961448536450683,"[""V176"", ""V255"", ""V191"", ""V160"", ""V215"", ""V380"", ""V342""]","{""n_estimators"": 188, ""learning_rate"": 0.07839303839902778, ""num_leaves"": 67, ""min_child_samples"": 39, ""colsample_bytree"": 0.8424494112962359, ""reg_alpha"": 0.7252250350910528, ""reg_lambda"": 1.0907406419262482}"
637,2026-06-05T17:35:24.961036+00:00,lgbm,ranking_total,637,4540,6,1000,0.865023707519622,716,284,0.4986839515978947,"[""V176"", ""V255"", ""V191"", ""V160"", ""V215"", ""V380""]","{""n_estimators"": 288, ""learning_rate"": 0.13163850195855936, ""num_leaves"": 81, ""min_child_samples"": 30, ""colsample_bytree"": 0.9707092098294202, ""reg_alpha"": 0.6716229109914464, ""reg_lambda"": 2.2311431546533322}"
638,2026-06-05T17:35:51.578019+00:00,lgbm,ranking_total,638,4990,7,999,0.8057763255733426,759,240,0.504240483858301,"[""V176"", ""V255"", ""V191"", ""V160"", ""V215"", ""V380"", ""V342""]","{""n_estimators"": 380, ""learning_rate"": 0.11384014004916106, ""num_leaves"": 25, ""min_child_samples"": 11, ""colsample_bytree"": 0.5405045501546517, ""reg_alpha"": 0.5371503972972995, ""reg_lambda"": 1.376506994357054}"
639,2026-06-05T17:36:35.884351+00:00,lgbm,ranking_total,639,4535,7,1000,0.8822672653728361,729,271,0.49753762546628133,"[""V176"", ""V255"", ""V191"", ""V160"", ""V215"", ""V380"", ""V342""]","{""n_estimators"": 299, ""learning_rate"": 0.15591512919954484, ""num_leaves"": 89, ""min_child_samples"": 43, ""colsample_bytree"": 0.9841531594911889, ""reg_alpha"": 0.7328748604236394, ""reg_lambda"": 1.0789879763302686}"
640,2026-06-05T17:37:53.702887+00:00,lgbm,ranking_total,640,4670,7,1000,0.8394151277356365,738,262,0.4963242141758351,"[""V176"", ""V255"", ""V191"", ""V160"", ""V215"", ""V380"", ""V342""]","{""n_estimators"": 320, ""learning_rate"": 0.0666547773417677, ""num_leaves"": 91, ""min_child_samples"": 11, ""colsample_bytree"": 0.9606860622848965, ""reg_alpha"": 0.8890274956404234, ""reg_lambda"": 1.5897404080159736}"
641,2026-06-05T17:38:32.127761+00:00,lgbm,ranking_total,641,4665,8,1000,0.8400752933243955,751,249,0.49233135500797015,"[""V176"", ""V255"", ""V191"", ""V160"", ""V215"", ""V380"", ""V342"", ""V483""]","{""n_estimators"": 213, ""learning_rate"": 0.1100657989968412, ""num_leaves"": 82, ""min_child_samples"": 35, ""colsample_bytree"": 0.5887284614628696, ""reg_alpha"": 0.05511966929321899, ""reg_lambda"": 1.353794190651276}"
642,2026-06-05T17:39:04.900349+00:00,lgbm,ranking_total,642,4765,6,997,0.795168237891292,730,267,0.4996690889764062,"[""V176"", ""V255"", ""V191"", ""V160"", ""V215"", ""V380""]","{""n_estimators"": 259, ""learning_rate"": 0.11316325400860258, ""num_leaves"": 47, ""min_child_samples"": 36, ""colsample_bytree"": 0.7261922906078938, ""reg_alpha"": 0.9516752453045494, ""reg_lambda"": 2.23348362982155}"
643,2026-06-05T17:39:41.291318+00:00,lgbm,ranking_total,643,4970,7,1000,0.7719724830937761,758,242,0.49942508872450125,"[""V176"", ""V255"", ""V191"", ""V160"", ""V215"", ""V380"", ""V342""]","{""n_estimators"": 306, ""learning_rate"": 0.047153738112414204, ""num_leaves"": 43, ""min_child_samples"": 24, ""colsample_bytree"": 0.846605753043295, ""reg_alpha"": 0.7867696329288756, ""reg_lambda"": 1.1487553596872946}"
644,2026-06-05T17:40:08.594021+00:00,lgbm,ranking_total,644,4790,7,1000,0.8079508028340483,746,254,0.49291457769626257,"[""V176"", ""V255"", ""V191"", ""V160"", ""V215"", ""V380"", ""V342""]","{""n_estimators"": 144, ""learning_rate"": 0.1322009490559341, ""num_leaves"": 80, ""min_child_samples"": 30, ""colsample_bytree"": 0.6152794805874706, ""reg_alpha"": 0.19991584194854162, ""reg_lambda"": 1.9232643793443676}"
645,2026-06-05T17:40:33.762821+00:00,lgbm,ranking_total,645,5065,7,999,0.7703946529047173,764,235,0.5016004329649155,"[""V176"", ""V255"", ""V191"", ""V160"", ""V215"", ""V380"", ""V342""]","{""n_estimators"": 305, ""learning_rate"": 0.08356339577947453, ""num_leaves"": 30, ""min_child_samples"": 21, ""colsample_bytree"": 0.5616340562363515, ""reg_alpha"": 0.6936497554957716, ""reg_lambda"": 1.5063942006478057}"
646,2026-06-05T17:40:55.070129+00:00,lgbm,ranking_total,646,4915,7,996,0.7446485915917296,753,243,0.4942841456162645,"[""V176"", ""V255"", ""V191"", ""V160"", ""V215"", ""V380"", ""V342""]","{""n_estimators"": 153, ""learning_rate"": 0.0716563351982197, ""num_leaves"": 76, ""min_child_samples"": 48, ""colsample_bytree"": 0.5179003413953556, ""reg_alpha"": 0.5254593512587211, ""reg_lambda"": 1.4352278117156247}"
647,2026-06-05T17:41:13.375559+00:00,lgbm,ranking_total,647,4945,7,996,0.7309260930714927,755,241,0.49540122569442757,"[""V176"", ""V255"", ""V191"", ""V160"", ""V215"", ""V380"", ""V342""]","{""n_estimators"": 101, ""learning_rate"": 0.06240651414309708, ""num_leaves"": 84, ""min_child_samples"": 36, ""colsample_bytree"": 0.6586454066221703, ""reg_alpha"": 0.25096283986584156, ""reg_lambda"": 1.5002971256486421}"
648,2026-06-05T17:41:30.246987+00:00,lgbm,ranking_total,648,5065,7,999,0.7350183258900816,764,235,0.4995375916966107,"[""V176"", ""V255"", ""V191"", ""V160"", ""V215"", ""V380"", ""V342""]","{""n_estimators"": 216, ""learning_rate"": 0.05541409290811029, ""num_leaves"": 27, ""min_child_samples"": 24, ""colsample_bytree"": 0.7498309621776937, ""reg_alpha"": 0.16442152732915005, ""reg_lambda"": 1.3987995742753903}"
649,2026-06-05T17:42:28.681749+00:00,lgbm,ranking_total,649,4940,7,1000,0.7699734937133866,756,244,0.49663223396209977,"[""V176"", ""V255"", ""V191"", ""V160"", ""V215"", ""V380"", ""V342""]","{""n_estimators"": 314, ""learning_rate"": 0.04492328689094316, ""num_leaves"": 72, ""min_child_samples"": 15, ""colsample_bytree"": 0.5513713441041755, ""reg_alpha"": 0.8808257170616992, ""reg_lambda"": 1.387141221495148}"
650,2026-06-05T17:43:31.919242+00:00,lgbm,ranking_total,650,4640,6,989,0.9128474964856389,719,270,0.4972441298175145,"[""V176"", ""V255"", ""V191"", ""V160"", ""V215"", ""V380""]","{""n_estimators"": 316, ""learning_rate"": 0.16443405859490673, ""num_leaves"": 80, ""min_child_samples"": 24, ""colsample_bytree"": 0.9611794434587411, ""reg_alpha"": 0.23796021737470718, ""reg_lambda"": 1.9649280793827801}"
651,2026-06-05T17:43:45.558508+00:00,lgbm,ranking_total,651,5030,5,993,0.7368725300718745,733,260,0.499378099894188,"[""V176"", ""V255"", ""V191"", ""V160"", ""V215""]","{""n_estimators"": 192, ""learning_rate"": 0.09378846945705344, ""num_leaves"": 24, ""min_child_samples"": 44, ""colsample_bytree"": 0.8118331344599696, ""reg_alpha"": 0.05500838612767622, ""reg_lambda"": 2.4117659421693833}"
652,2026-06-05T17:45:04.898567+00:00,lgbm,ranking_total,652,4760,7,1000,0.8760075785013864,744,256,0.49897899798560474,"[""V176"", ""V255"", ""V191"", ""V160"", ""V215"", ""V380"", ""V342""]","{""n_estimators"": 323, ""learning_rate"": 0.08647422792455872, ""num_leaves"": 92, ""min_child_samples"": 10, ""colsample_bytree"": 0.9064262930580973, ""reg_alpha"": 0.2409920822703211, ""reg_lambda"": 1.5920522859506023}"
653,2026-06-05T17:45:42.143882+00:00,lgbm,ranking_total,653,4615,6,1000,0.8323142013167911,721,279,0.4987545186661323,"[""V176"", ""V255"", ""V191"", ""V160"", ""V215"", ""V380""]","{""n_estimators"": 268, ""learning_rate"": 0.10784587966818542, ""num_leaves"": 55, ""min_child_samples"": 48, ""colsample_bytree"": 0.9783654594265797, ""reg_alpha"": 0.28365233731779993, ""reg_lambda"": 2.1391269186642075}"
654,2026-06-05T17:46:27.676217+00:00,lgbm,ranking_total,654,4840,7,996,0.8189699583096897,748,248,0.4941363078873743,"[""V176"", ""V255"", ""V191"", ""V160"", ""V215"", ""V380"", ""V342""]","{""n_estimators"": 262, ""learning_rate"": 0.08926272084648083, ""num_leaves"": 86, ""min_child_samples"": 35, ""colsample_bytree"": 0.7146285805825423, ""reg_alpha"": 0.8108738125530689, ""reg_lambda"": 1.1436627284280871}"
655,2026-06-05T17:47:28.848728+00:00,lgbm,ranking_total,655,4615,7,999,0.8887683276572936,734,265,0.49585176110120555,"[""V176"", ""V255"", ""V191"", ""V160"", ""V215"", ""V380"", ""V342""]","{""n_estimators"": 356, ""learning_rate"": 0.15642637725721828, ""num_leaves"": 73, ""min_child_samples"": 27, ""colsample_bytree"": 0.8709392236901766, ""reg_alpha"": 0.6670086766417821, ""reg_lambda"": 1.8234503375242128}"
656,2026-06-05T17:47:51.818488+00:00,lgbm,ranking_total,656,4910,7,1000,0.7873780076127376,754,246,0.4960668408748447,"[""V176"", ""V255"", ""V191"", ""V160"", ""V215"", ""V380"", ""V342""]","{""n_estimators"": 149, ""learning_rate"": 0.1331206871571713, ""num_leaves"": 65, ""min_child_samples"": 36, ""colsample_bytree"": 0.5610772279070328, ""reg_alpha"": 0.8279697893632965, ""reg_lambda"": 2.3588019885664115}"
657,2026-06-05T17:48:42.969706+00:00,lgbm,ranking_total,657,4505,7,1000,0.8344448716580715,727,273,0.49800350198629784,"[""V176"", ""V255"", ""V191"", ""V160"", ""V215"", ""V380"", ""V342""]","{""n_estimators"": 271, ""learning_rate"": 0.11260988407279957, ""num_leaves"": 66, ""min_child_samples"": 16, ""colsample_bytree"": 0.5416003138839942, ""reg_alpha"": 0.6557603515309478, ""reg_lambda"": 2.0111075935214133}"
658,2026-06-05T17:49:48.237969+00:00,lgbm,ranking_total,658,4730,7,1000,0.9075860835620705,742,258,0.49839800609044416,"[""V176"", ""V255"", ""V191"", ""V160"", ""V215"", ""V380"", ""V342""]","{""n_estimators"": 398, ""learning_rate"": 0.16955386261065775, ""num_leaves"": 83, ""min_child_samples"": 13, ""colsample_bytree"": 0.9929443275224061, ""reg_alpha"": 0.5909156504605926, ""reg_lambda"": 0.7846238976232649}"
659,2026-06-05T17:50:36.564475+00:00,lgbm,ranking_total,659,4805,7,1000,0.7879464394703941,747,253,0.49511282473025486,"[""V176"", ""V255"", ""V191"", ""V160"", ""V215"", ""V380"", ""V342""]","{""n_estimators"": 285, ""learning_rate"": 0.06360809539887172, ""num_leaves"": 77, ""min_child_samples"": 37, ""colsample_bytree"": 0.5225462990054965, ""reg_alpha"": 0.36775950583289707, ""reg_lambda"": 1.9400783154362584}"
660,2026-06-05T17:52:06.120716+00:00,lgbm,ranking_total,660,4565,7,1000,0.9478562499765136,731,269,0.49305995052273155,"[""V176"", ""V255"", ""V191"", ""V160"", ""V215"", ""V380"", ""V342""]","{""n_estimators"": 395, ""learning_rate"": 0.16046420746360365, ""num_leaves"": 92, ""min_child_samples"": 20, ""colsample_bytree"": 0.7563917106782372, ""reg_alpha"": 0.019484705887637066, ""reg_lambda"": 1.0109000755502018}"
661,2026-06-05T17:53:02.386490+00:00,lgbm,ranking_total,661,4575,8,1000,0.8869150801674993,745,255,0.49474735248670293,"[""V176"", ""V255"", ""V191"", ""V160"", ""V215"", ""V380"", ""V342"", ""V483""]","{""n_estimators"": 377, ""learning_rate"": 0.159171123004478, ""num_leaves"": 70, ""min_child_samples"": 32, ""colsample_bytree"": 0.5646978121200111, ""reg_alpha"": 0.7298437642808524, ""reg_lambda"": 0.9255554951845917}"
662,2026-06-05T17:53:44.171332+00:00,lgbm,ranking_total,662,4785,7,998,0.8610329935998294,745,253,0.5000469416140056,"[""V176"", ""V255"", ""V191"", ""V160"", ""V215"", ""V380"", ""V342""]","{""n_estimators"": 373, ""learning_rate"": 0.17873555918447323, ""num_leaves"": 40, ""min_child_samples"": 13, ""colsample_bytree"": 0.758557160014526, ""reg_alpha"": 0.980872369486046, ""reg_lambda"": 2.0374930439703185}"
663,2026-06-05T17:54:14.932139+00:00,lgbm,ranking_total,663,4895,7,1000,0.7646894136759966,753,247,0.4962949271708063,"[""V176"", ""V255"", ""V191"", ""V160"", ""V215"", ""V380"", ""V342""]","{""n_estimators"": 174, ""learning_rate"": 0.06269450013300883, ""num_leaves"": 72, ""min_child_samples"": 33, ""colsample_bytree"": 0.820921855642834, ""reg_alpha"": 0.8146253679938228, ""reg_lambda"": 1.8691753628866252}"
664,2026-06-05T17:54:44.167753+00:00,lgbm,ranking_total,664,4650,8,1000,0.8191944184022741,750,250,0.49540290174850815,"[""V176"", ""V255"", ""V191"", ""V160"", ""V215"", ""V380"", ""V342"", ""V483""]","{""n_estimators"": 210, ""learning_rate"": 0.11817106040400352, ""num_leaves"": 56, ""min_child_samples"": 47, ""colsample_bytree"": 0.6691466995615064, ""reg_alpha"": 0.02525379768042746, ""reg_lambda"": 1.9356481816095665}"
665,2026-06-05T17:55:42.206111+00:00,lgbm,ranking_total,665,5020,7,996,0.8192274871973718,760,236,0.5026908169800101,"[""V176"", ""V255"", ""V191"", ""V160"", ""V215"", ""V380"", ""V342""]","{""n_estimators"": 272, ""learning_rate"": 0.06262182673185542, ""num_leaves"": 80, ""min_child_samples"": 13, ""colsample_bytree"": 0.6135506195639217, ""reg_alpha"": 0.03404922758972606, ""reg_lambda"": 0.9144599251018521}"
666,2026-06-05T17:56:42.419494+00:00,lgbm,ranking_total,666,4820,7,1000,0.7567908735290608,748,252,0.4959501272018826,"[""V176"", ""V255"", ""V191"", ""V160"", ""V215"", ""V380"", ""V342""]","{""n_estimators"": 333, ""learning_rate"": 0.03043565596678859, ""num_leaves"": 75, ""min_child_samples"": 29, ""colsample_bytree"": 0.5991422412317605, ""reg_alpha"": 0.03927562547800245, ""reg_lambda"": 0.8127036510377432}"
667,2026-06-05T17:57:28.852112+00:00,lgbm,ranking_total,667,4930,7,999,0.7780695797587825,755,244,0.4998431238205749,"[""V176"", ""V255"", ""V191"", ""V160"", ""V215"", ""V380"", ""V342""]","{""n_estimators"": 336, ""learning_rate"": 0.04539265756776925, ""num_leaves"": 50, ""min_child_samples"": 16, ""colsample_bytree"": 0.8639290286240374, ""reg_alpha"": 0.9514579574463393, ""reg_lambda"": 0.5254063940695353}"
668,2026-06-05T17:57:49.758284+00:00,lgbm,ranking_total,668,4745,7,1000,0.8141589059472893,743,257,0.5024124592184955,"[""V176"", ""V255"", ""V191"", ""V160"", ""V215"", ""V380"", ""V342""]","{""n_estimators"": 313, ""learning_rate"": 0.1551413720078526, ""num_leaves"": 23, ""min_child_samples"": 36, ""colsample_bytree"": 0.8381633154409934, ""reg_alpha"": 0.8845630458194951, ""reg_lambda"": 0.9356058439881221}"
669,2026-06-05T17:58:33.294837+00:00,lgbm,ranking_total,669,4860,5,1000,0.7803486693114651,724,276,0.5025689852911205,"[""V176"", ""V255"", ""V191"", ""V160"", ""V215""]","{""n_estimators"": 311, ""learning_rate"": 0.0619481556091629, ""num_leaves"": 52, ""min_child_samples"": 17, ""colsample_bytree"": 0.871219131096711, ""reg_alpha"": 0.3067367131568308, ""reg_lambda"": 0.9561730043379815}"
670,2026-06-05T17:58:49.982211+00:00,lgbm,ranking_total,670,4875,7,995,0.787206318262353,750,245,0.5007546323152906,"[""V176"", ""V255"", ""V191"", ""V160"", ""V215"", ""V380"", ""V342""]","{""n_estimators"": 269, ""learning_rate"": 0.13199506335368566, ""num_leaves"": 22, ""min_child_samples"": 35, ""colsample_bytree"": 0.5459512600498531, ""reg_alpha"": 0.27011747123296415, ""reg_lambda"": 1.1471819539216257}"
671,2026-06-05T17:59:02.267665+00:00,lgbm,ranking_total,671,5370,5,1000,0.6707702391031969,758,242,0.49599977825662533,"[""V176"", ""V255"", ""V191"", ""V160"", ""V215""]","{""n_estimators"": 150, ""learning_rate"": 0.03341121159913546, ""num_leaves"": 26, ""min_child_samples"": 17, ""colsample_bytree"": 0.5995147827526744, ""reg_alpha"": 0.6705442904864993, ""reg_lambda"": 1.6618941835428198}"
672,2026-06-05T17:59:46.974026+00:00,lgbm,ranking_total,672,4775,7,1000,0.8305376357733878,745,255,0.49424846636280856,"[""V176"", ""V255"", ""V191"", ""V160"", ""V215"", ""V380"", ""V342""]","{""n_estimators"": 279, ""learning_rate"": 0.09822982883420439, ""num_leaves"": 67, ""min_child_samples"": 34, ""colsample_bytree"": 0.5093406120061572, ""reg_alpha"": 0.3305845364623049, ""reg_lambda"": 1.6441362411876679}"
673,2026-06-05T18:00:43.045991+00:00,lgbm,ranking_total,673,4900,7,999,0.7929227970863298,753,246,0.4960237545064979,"[""V176"", ""V255"", ""V191"", ""V160"", ""V215"", ""V380"", ""V342""]","{""n_estimators"": 379, ""learning_rate"": 0.0528302900414324, ""num_leaves"": 57, ""min_child_samples"": 32, ""colsample_bytree"": 0.6926275352683535, ""reg_alpha"": 0.7443807109923618, ""reg_lambda"": 1.87090556614897}"
674,2026-06-05T18:00:57.413786+00:00,lgbm,ranking_total,674,5090,7,994,0.7514474652225185,764,230,0.49798235660082435,"[""V176"", ""V255"", ""V191"", ""V160"", ""V215"", ""V380"", ""V342""]","{""n_estimators"": 125, ""learning_rate"": 0.10033561177236111, ""num_leaves"": 42, ""min_child_samples"": 32, ""colsample_bytree"": 0.5043810521955354, ""reg_alpha"": 0.7882909185744531, ""reg_lambda"": 1.5142088074347337}"
675,2026-06-05T18:01:35.070146+00:00,lgbm,ranking_total,675,4805,5,999,0.7669141412772077,720,279,0.5011044422000889,"[""V176"", ""V255"", ""V191"", ""V160"", ""V215""]","{""n_estimators"": 289, ""learning_rate"": 0.053158929921694464, ""num_leaves"": 49, ""min_child_samples"": 25, ""colsample_bytree"": 0.8868787744535875, ""reg_alpha"": 0.2346796291379729, ""reg_lambda"": 0.7898981951379147}"
676,2026-06-05T18:01:58.170932+00:00,lgbm,ranking_total,676,5115,5,1000,0.7073885506311042,741,259,0.4976795565361901,"[""V176"", ""V255"", ""V191"", ""V160"", ""V215""]","{""n_estimators"": 269, ""learning_rate"": 0.03283566557565051, ""num_leaves"": 29, ""min_child_samples"": 48, ""colsample_bytree"": 0.853761707406109, ""reg_alpha"": 0.6775795223751466, ""reg_lambda"": 1.8946397442219396}"
677,2026-06-05T18:03:06.651064+00:00,lgbm,ranking_total,677,4760,7,1000,0.8580886509723665,744,256,0.4950911064310677,"[""V176"", ""V255"", ""V191"", ""V160"", ""V215"", ""V380"", ""V342""]","{""n_estimators"": 344, ""learning_rate"": 0.08272930706677889, ""num_leaves"": 95, ""min_child_samples"": 31, ""colsample_bytree"": 0.7825354052238097, ""reg_alpha"": 0.5445587278347288, ""reg_lambda"": 0.6644743806942508}"
678,2026-06-05T18:04:23.995473+00:00,lgbm,ranking_total,678,4685,7,1000,0.84111093182608,739,261,0.49517386384502105,"[""V176"", ""V255"", ""V191"", ""V160"", ""V215"", ""V380"", ""V342""]","{""n_estimators"": 356, ""learning_rate"": 0.0810035926728134, ""num_leaves"": 91, ""min_child_samples"": 20, ""colsample_bytree"": 0.6828349355062184, ""reg_alpha"": 0.7331996622943658, ""reg_lambda"": 1.9437297669773355}"
679,2026-06-05T18:04:45.153529+00:00,lgbm,ranking_total,679,4670,7,997,0.8283282690439036,737,260,0.49668514731938596,"[""V176"", ""V255"", ""V191"", ""V160"", ""V215"", ""V380"", ""V342""]","{""n_estimators"": 181, ""learning_rate"": 0.16791819909600428, ""num_leaves"": 44, ""min_child_samples"": 45, ""colsample_bytree"": 0.6561481533651743, ""reg_alpha"": 0.06709716242064978, ""reg_lambda"": 2.311824538118315}"
680,2026-06-05T18:05:29.043233+00:00,lgbm,ranking_total,680,4945,6,1000,0.7780838743636881,743,257,0.4995502553763906,"[""V176"", ""V255"", ""V191"", ""V160"", ""V215"", ""V380""]","{""n_estimators"": 313, ""learning_rate"": 0.06123692824560821, ""num_leaves"": 54, ""min_child_samples"": 35, ""colsample_bytree"": 0.6720074107743056, ""reg_alpha"": 0.39003343982129235, ""reg_lambda"": 2.481871252399164}"
681,2026-06-05T18:05:36.752107+00:00,lgbm,ranking_total,681,5325,5,1000,0.6570588854239072,755,245,0.4959843988309836,"[""V176"", ""V255"", ""V191"", ""V160"", ""V215""]","{""n_estimators"": 112, ""learning_rate"": 0.03606334107123983, ""num_leaves"": 20, ""min_child_samples"": 17, ""colsample_bytree"": 0.5912994185925637, ""reg_alpha"": 0.6387041909820932, ""reg_lambda"": 1.7060836749746924}"
682,2026-06-05T18:06:22.307880+00:00,lgbm,ranking_total,682,5000,7,1000,0.7397775639640055,760,240,0.49660020356678736,"[""V176"", ""V255"", ""V191"", ""V160"", ""V215"", ""V380"", ""V342""]","{""n_estimators"": 249, ""learning_rate"": 0.040383882456102985, ""num_leaves"": 69, ""min_child_samples"": 16, ""colsample_bytree"": 0.6321548431796201, ""reg_alpha"": 0.6930298466745374, ""reg_lambda"": 2.290593594843786}"
683,2026-06-05T18:06:57.010788+00:00,lgbm,ranking_total,683,4790,7,1000,0.860431058683221,746,254,0.5033705649634863,"[""V176"", ""V255"", ""V191"", ""V160"", ""V215"", ""V380"", ""V342""]","{""n_estimators"": 329, ""learning_rate"": 0.13491651488116568, ""num_leaves"": 38, ""min_child_samples"": 13, ""colsample_bytree"": 0.9898624798055201, ""reg_alpha"": 0.1313310907224282, ""reg_lambda"": 1.629517977353986}"
684,2026-06-05T18:07:19.826964+00:00,lgbm,ranking_total,684,4790,8,999,0.7482842368283824,759,240,0.4939475277337103,"[""V176"", ""V255"", ""V191"", ""V160"", ""V215"", ""V380"", ""V342"", ""V483""]","{""n_estimators"": 121, ""learning_rate"": 0.06649655136373367, ""num_leaves"": 74, ""min_child_samples"": 27, ""colsample_bytree"": 0.8120835421697058, ""reg_alpha"": 0.9773535049750711, ""reg_lambda"": 0.6630962022392599}"
685,2026-06-05T18:07:55.747688+00:00,lgbm,ranking_total,685,5000,7,1000,0.802427818777081,760,240,0.50028299772076,"[""V176"", ""V255"", ""V191"", ""V160"", ""V215"", ""V380"", ""V342""]","{""n_estimators"": 191, ""learning_rate"": 0.06776686349880459, ""num_leaves"": 72, ""min_child_samples"": 19, ""colsample_bytree"": 0.8584994630898848, ""reg_alpha"": 0.25844551572085817, ""reg_lambda"": 0.6575236297677343}"
686,2026-06-05T18:08:32.506418+00:00,lgbm,ranking_total,686,4625,7,1000,0.8602602593435702,735,265,0.4968204535623898,"[""V176"", ""V255"", ""V191"", ""V160"", ""V215"", ""V380"", ""V342""]","{""n_estimators"": 260, ""learning_rate"": 0.14230615536637503, ""num_leaves"": 60, ""min_child_samples"": 48, ""colsample_bytree"": 0.938509159546963, ""reg_alpha"": 0.7568420615424137, ""reg_lambda"": 0.8610594022321179}"
687,2026-06-05T18:09:03.479043+00:00,lgbm,ranking_total,687,5015,7,1000,0.7227945066369728,761,239,0.498082599377027,"[""V176"", ""V255"", ""V191"", ""V160"", ""V215"", ""V380"", ""V342""]","{""n_estimators"": 206, ""learning_rate"": 0.03593047110866741, ""num_leaves"": 55, ""min_child_samples"": 16, ""colsample_bytree"": 0.6090809994161909, ""reg_alpha"": 0.38013530089268555, ""reg_lambda"": 1.8285108505467127}"
688,2026-06-05T18:10:07.166698+00:00,lgbm,ranking_total,688,4690,7,999,0.9061258261365869,739,260,0.4908739947664414,"[""V176"", ""V255"", ""V191"", ""V160"", ""V215"", ""V380"", ""V342""]","{""n_estimators"": 313, ""learning_rate"": 0.12297634924734212, ""num_leaves"": 84, ""min_child_samples"": 25, ""colsample_bytree"": 0.7213271615835317, ""reg_alpha"": 0.061865450637173414, ""reg_lambda"": 0.9267762178050543}"
689,2026-06-05T18:10:31.970660+00:00,lgbm,ranking_total,689,5015,7,1000,0.7583301632554134,761,239,0.5009809645521136,"[""V176"", ""V255"", ""V191"", ""V160"", ""V215"", ""V380"", ""V342""]","{""n_estimators"": 330, ""learning_rate"": 0.06080248694194959, ""num_leaves"": 28, ""min_child_samples"": 20, ""colsample_bytree"": 0.5217199881827712, ""reg_alpha"": 0.026811599624948723, ""reg_lambda"": 2.2998033441661256}"
690,2026-06-05T18:10:44.812815+00:00,lgbm,ranking_total,690,4895,6,998,0.7690423560926896,739,259,0.502052548578129,"[""V176"", ""V255"", ""V191"", ""V160"", ""V215"", ""V380""]","{""n_estimators"": 102, ""learning_rate"": 0.13865529148650435, ""num_leaves"": 44, ""min_child_samples"": 19, ""colsample_bytree"": 0.9344578233836065, ""reg_alpha"": 0.9286062562584428, ""reg_lambda"": 0.8221887495232099}"
691,2026-06-05T18:11:39.206617+00:00,lgbm,ranking_total,691,4540,7,999,0.8825089246179297,729,270,0.4986532071872027,"[""V176"", ""V255"", ""V191"", ""V160"", ""V215"", ""V380"", ""V342""]","{""n_estimators"": 321, ""learning_rate"": 0.16950060643965253, ""num_leaves"": 67, ""min_child_samples"": 16, ""colsample_bytree"": 0.6642111099775037, ""reg_alpha"": 0.6234021556410342, ""reg_lambda"": 2.1800444771713714}"
692,2026-06-05T18:12:07.208704+00:00,lgbm,ranking_total,692,4685,7,1000,0.8276476909467331,739,261,0.4966666283401846,"[""V176"", ""V255"", ""V191"", ""V160"", ""V215"", ""V380"", ""V342""]","{""n_estimators"": 170, ""learning_rate"": 0.17681787246914302, ""num_leaves"": 65, ""min_child_samples"": 23, ""colsample_bytree"": 0.5061082330673273, ""reg_alpha"": 0.9736757065963114, ""reg_lambda"": 1.5021492072968154}"
693,2026-06-05T18:12:31.999898+00:00,lgbm,ranking_total,693,4790,7,1000,0.8307369241920306,746,254,0.49541557457906366,"[""V176"", ""V255"", ""V191"", ""V160"", ""V215"", ""V380"", ""V342""]","{""n_estimators"": 132, ""learning_rate"": 0.14651247129010803, ""num_leaves"": 90, ""min_child_samples"": 36, ""colsample_bytree"": 0.9077282357198111, ""reg_alpha"": 0.44067618190419844, ""reg_lambda"": 0.8815338644143274}"
694,2026-06-05T18:13:45.315018+00:00,lgbm,ranking_total,694,4730,7,997,0.8185909410042694,741,256,0.49515782040773265,"[""V176"", ""V255"", ""V191"", ""V160"", ""V215"", ""V380"", ""V342""]","{""n_estimators"": 342, ""learning_rate"": 0.056077482921046355, ""num_leaves"": 85, ""min_child_samples"": 22, ""colsample_bytree"": 0.851664331944791, ""reg_alpha"": 0.6341895781726097, ""reg_lambda"": 1.95225980803439}"
695,2026-06-05T18:14:21.334372+00:00,lgbm,ranking_total,695,4705,7,996,0.8128322323151538,739,257,0.4950265962319716,"[""V176"", ""V255"", ""V191"", ""V160"", ""V215"", ""V380"", ""V342""]","{""n_estimators"": 244, ""learning_rate"": 0.11026346661808026, ""num_leaves"": 88, ""min_child_samples"": 42, ""colsample_bytree"": 0.5119485347850947, ""reg_alpha"": 0.8236612636992321, ""reg_lambda"": 1.197562240332245}"
696,2026-06-05T18:14:52.510852+00:00,lgbm,ranking_total,696,4765,7,999,0.8086486024484433,744,255,0.4983995531891713,"[""V176"", ""V255"", ""V191"", ""V160"", ""V215"", ""V380"", ""V342""]","{""n_estimators"": 246, ""learning_rate"": 0.10264780079279266, ""num_leaves"": 46, ""min_child_samples"": 33, ""colsample_bytree"": 0.8700713119618643, ""reg_alpha"": 0.8546086442868472, ""reg_lambda"": 1.727892051405075}"
697,2026-06-05T18:15:34.723179+00:00,lgbm,ranking_total,697,4585,7,999,0.8466996147622632,732,267,0.49806985942614174,"[""V176"", ""V255"", ""V191"", ""V160"", ""V215"", ""V380"", ""V342""]","{""n_estimators"": 395, ""learning_rate"": 0.11628495413192243, ""num_leaves"": 39, ""min_child_samples"": 49, ""colsample_bytree"": 0.8934968743429994, ""reg_alpha"": 0.5662211346382303, ""reg_lambda"": 2.3036652646713995}"
698,2026-06-05T18:15:46.839216+00:00,lgbm,ranking_total,698,5100,6,999,0.7353866191148972,753,246,0.4984420726499191,"[""V176"", ""V255"", ""V191"", ""V160"", ""V215"", ""V380""]","{""n_estimators"": 156, ""learning_rate"": 0.0760062494170978, ""num_leaves"": 26, ""min_child_samples"": 31, ""colsample_bytree"": 0.9943997297056035, ""reg_alpha"": 0.25112617368641643, ""reg_lambda"": 1.288336856698377}"
699,2026-06-05T18:16:17.073327+00:00,lgbm,ranking_total,699,5165,7,997,0.7488131500931393,770,227,0.4979039278911796,"[""V176"", ""V255"", ""V191"", ""V160"", ""V215"", ""V380"", ""V342""]","{""n_estimators"": 270, ""learning_rate"": 0.05360560006411434, ""num_leaves"": 41, ""min_child_samples"": 23, ""colsample_bytree"": 0.5713956367959023, ""reg_alpha"": 0.7137535790584304, ""reg_lambda"": 2.1152505292184096}"
700,2026-06-05T18:17:15.022797+00:00,lgbm,ranking_total,700,4685,7,994,0.9151291949882587,737,257,0.49791052279504866,"[""V176"", ""V255"", ""V191"", ""V160"", ""V215"", ""V380"", ""V342""]","{""n_estimators"": 317, ""learning_rate"": 0.17207444869434219, ""num_leaves"": 68, ""min_child_samples"": 12, ""colsample_bytree"": 0.7181909424737128, ""reg_alpha"": 0.03994426389178407, ""reg_lambda"": 1.9842422466466816}"
701,2026-06-05T18:17:27.312539+00:00,lgbm,ranking_total,701,5040,5,1000,0.7292440909916074,736,264,0.49844701863695773,"[""V176"", ""V255"", ""V191"", ""V160"", ""V215""]","{""n_estimators"": 155, ""learning_rate"": 0.0881367501059955, ""num_leaves"": 27, ""min_child_samples"": 45, ""colsample_bytree"": 0.7251342637138659, ""reg_alpha"": 0.5642621249736492, ""reg_lambda"": 0.6996338269879792}"
702,2026-06-05T18:18:24.018475+00:00,lgbm,ranking_total,702,4655,7,991,0.8517564876060119,734,257,0.4934779824213847,"[""V176"", ""V255"", ""V191"", ""V160"", ""V215"", ""V380"", ""V342""]","{""n_estimators"": 312, ""learning_rate"": 0.09727597041375619, ""num_leaves"": 76, ""min_child_samples"": 31, ""colsample_bytree"": 0.6340592165060732, ""reg_alpha"": 0.22821162160457786, ""reg_lambda"": 1.6861637607048172}"
703,2026-06-05T18:19:09.079543+00:00,lgbm,ranking_total,703,4750,7,999,0.8106899881678012,743,256,0.49594413485736605,"[""V176"", ""V255"", ""V191"", ""V160"", ""V215"", ""V380"", ""V342""]","{""n_estimators"": 310, ""learning_rate"": 0.07494287226851293, ""num_leaves"": 58, ""min_child_samples"": 44, ""colsample_bytree"": 0.7677460394885125, ""reg_alpha"": 0.19338876687694617, ""reg_lambda"": 2.4997562342888244}"
704,2026-06-05T18:19:58.035716+00:00,lgbm,ranking_total,704,4835,7,1000,0.801485967995635,749,251,0.5001418293311064,"[""V176"", ""V255"", ""V191"", ""V160"", ""V215"", ""V380"", ""V342""]","{""n_estimators"": 386, ""learning_rate"": 0.05791354807943552, ""num_leaves"": 47, ""min_child_samples"": 31, ""colsample_bytree"": 0.8475475663497686, ""reg_alpha"": 0.7740805300361873, ""reg_lambda"": 1.189429431628379}"
705,2026-06-05T18:20:18.156734+00:00,lgbm,ranking_total,705,4730,7,1000,0.8347060224573768,742,258,0.5021499703018723,"[""V176"", ""V255"", ""V191"", ""V160"", ""V215"", ""V380"", ""V342""]","{""n_estimators"": 220, ""learning_rate"": 0.17021189400803222, ""num_leaves"": 34, ""min_child_samples"": 31, ""colsample_bytree"": 0.7406147786573956, ""reg_alpha"": 0.06093861175481463, ""reg_lambda"": 1.493793373061127}"
706,2026-06-05T18:21:03.161059+00:00,lgbm,ranking_total,706,4715,7,1000,0.8761215209160857,741,259,0.49674730769643466,"[""V176"", ""V255"", ""V191"", ""V160"", ""V215"", ""V380"", ""V342""]","{""n_estimators"": 245, ""learning_rate"": 0.13321530540659743, ""num_leaves"": 75, ""min_child_samples"": 27, ""colsample_bytree"": 0.7024218584031003, ""reg_alpha"": 0.3977479424762066, ""reg_lambda"": 0.8297242009082939}"
707,2026-06-05T18:21:33.441546+00:00,lgbm,ranking_total,707,5105,7,1000,0.7987905508927942,767,233,0.5035962056558259,"[""V176"", ""V255"", ""V191"", ""V160"", ""V215"", ""V380"", ""V342""]","{""n_estimators"": 197, ""learning_rate"": 0.08903260533337999, ""num_leaves"": 59, ""min_child_samples"": 14, ""colsample_bytree"": 0.5522217880917788, ""reg_alpha"": 0.200183557182942, ""reg_lambda"": 0.8815824270096135}"
708,2026-06-05T18:22:19.702284+00:00,lgbm,ranking_total,708,4580,7,1000,0.81583623750671,732,268,0.49683988644542143,"[""V176"", ""V255"", ""V191"", ""V160"", ""V215"", ""V380"", ""V342""]","{""n_estimators"": 349, ""learning_rate"": 0.0904918648197317, ""num_leaves"": 64, ""min_child_samples"": 49, ""colsample_bytree"": 0.5847944854478614, ""reg_alpha"": 0.7469525427613439, ""reg_lambda"": 2.0755030356655357}"
709,2026-06-05T18:22:57.182132+00:00,lgbm,ranking_total,709,4655,7,1000,0.8351349438753187,737,263,0.49965690834911203,"[""V176"", ""V255"", ""V191"", ""V160"", ""V215"", ""V380"", ""V342""]","{""n_estimators"": 268, ""learning_rate"": 0.10966050448368478, ""num_leaves"": 52, ""min_child_samples"": 33, ""colsample_bytree"": 0.9776143251713779, ""reg_alpha"": 0.8437862717069549, ""reg_lambda"": 1.5971273324081314}"
710,2026-06-05T18:23:15.805681+00:00,lgbm,ranking_total,710,4820,7,1000,0.7752469430075901,748,252,0.49621872264955874,"[""V176"", ""V255"", ""V191"", ""V160"", ""V215"", ""V380"", ""V342""]","{""n_estimators"": 115, ""learning_rate"": 0.11122507294308372, ""num_leaves"": 64, ""min_child_samples"": 26, ""colsample_bytree"": 0.5846626095692473, ""reg_alpha"": 0.007728810026688904, ""reg_lambda"": 1.3684618608429104}"
711,2026-06-05T18:24:08.965907+00:00,lgbm,ranking_total,711,4835,7,1000,0.7949680872009528,749,251,0.49773496741284123,"[""V176"", ""V255"", ""V191"", ""V160"", ""V215"", ""V380"", ""V342""]","{""n_estimators"": 330, ""learning_rate"": 0.042254444920581155, ""num_leaves"": 61, ""min_child_samples"": 29, ""colsample_bytree"": 0.9588700011701243, ""reg_alpha"": 0.24703631790266378, ""reg_lambda"": 1.7545794328851105}"
712,2026-06-05T18:24:22.723434+00:00,lgbm,ranking_total,712,4985,7,997,0.774578024638133,758,239,0.5029667761012863,"[""V176"", ""V255"", ""V191"", ""V160"", ""V215"", ""V380"", ""V342""]","{""n_estimators"": 197, ""learning_rate"": 0.12910857462708214, ""num_leaves"": 23, ""min_child_samples"": 10, ""colsample_bytree"": 0.8034980043334026, ""reg_alpha"": 0.19080149675389535, ""reg_lambda"": 1.4618915470399194}"
713,2026-06-05T18:24:39.389447+00:00,lgbm,ranking_total,713,4950,6,999,0.7357713670328511,743,256,0.49803968763517187,"[""V176"", ""V255"", ""V191"", ""V160"", ""V215"", ""V380""]","{""n_estimators"": 145, ""learning_rate"": 0.06792924520321508, ""num_leaves"": 40, ""min_child_samples"": 33, ""colsample_bytree"": 0.8896917741370867, ""reg_alpha"": 0.6265340522209828, ""reg_lambda"": 2.111969439580048}"
714,2026-06-05T18:25:41.521729+00:00,lgbm,ranking_total,714,4880,7,1000,0.7916171926582314,752,248,0.49464503187204534,"[""V176"", ""V255"", ""V191"", ""V160"", ""V215"", ""V380"", ""V342""]","{""n_estimators"": 305, ""learning_rate"": 0.045482224483788164, ""num_leaves"": 86, ""min_child_samples"": 31, ""colsample_bytree"": 0.7806680107213091, ""reg_alpha"": 0.11129911067881304, ""reg_lambda"": 1.9623764003207136}"
715,2026-06-05T18:26:28.086297+00:00,lgbm,ranking_total,715,4760,7,1000,0.8234690959865265,744,256,0.49499903487811664,"[""V176"", ""V255"", ""V191"", ""V160"", ""V215"", ""V380"", ""V342""]","{""n_estimators"": 285, ""learning_rate"": 0.0807587381266941, ""num_leaves"": 71, ""min_child_samples"": 41, ""colsample_bytree"": 0.732239385064385, ""reg_alpha"": 0.14882206586998403, ""reg_lambda"": 1.835901763352801}"
716,2026-06-05T18:27:19.529512+00:00,lgbm,ranking_total,716,4715,7,997,0.8230279677734778,740,257,0.494965979754492,"[""V176"", ""V255"", ""V191"", ""V160"", ""V215"", ""V380"", ""V342""]","{""n_estimators"": 338, ""learning_rate"": 0.07986961744659482, ""num_leaves"": 85, ""min_child_samples"": 43, ""colsample_bytree"": 0.6973567222209316, ""reg_alpha"": 0.7869766929717555, ""reg_lambda"": 0.6388969742648423}"
717,2026-06-05T18:27:47.387020+00:00,lgbm,ranking_total,717,4925,7,1000,0.7482683839222404,755,245,0.4954401737805416,"[""V176"", ""V255"", ""V191"", ""V160"", ""V215"", ""V380"", ""V342""]","{""n_estimators"": 122, ""learning_rate"": 0.061462058369808246, ""num_leaves"": 76, ""min_child_samples"": 31, ""colsample_bytree"": 0.9499741725704477, ""reg_alpha"": 0.8409544107869518, ""reg_lambda"": 2.0447352985562195}"
718,2026-06-05T18:28:08.447443+00:00,lgbm,ranking_total,718,5040,5,994,0.7137320912925004,734,260,0.49926940558528915,"[""V176"", ""V255"", ""V191"", ""V160"", ""V215""]","{""n_estimators"": 231, ""learning_rate"": 0.04206342026276844, ""num_leaves"": 33, ""min_child_samples"": 34, ""colsample_bytree"": 0.5309578274178401, ""reg_alpha"": 0.1669012880055849, ""reg_lambda"": 1.0842779398626814}"
719,2026-06-05T18:28:31.438964+00:00,lgbm,ranking_total,719,4625,7,997,0.803228296980278,734,263,0.4946682526278648,"[""V176"", ""V255"", ""V191"", ""V160"", ""V215"", ""V380"", ""V342""]","{""n_estimators"": 166, ""learning_rate"": 0.13670481558601066, ""num_leaves"": 55, ""min_child_samples"": 41, ""colsample_bytree"": 0.5302371374320369, ""reg_alpha"": 0.5687379015577061, ""reg_lambda"": 1.5641422492209942}"
720,2026-06-05T18:28:48.493703+00:00,lgbm,ranking_total,720,5270,5,996,0.6923405870587896,750,246,0.4973761360929935,"[""V176"", ""V255"", ""V191"", ""V160"", ""V215""]","{""n_estimators"": 210, ""learning_rate"": 0.03221374148210516, ""num_leaves"": 25, ""min_child_samples"": 17, ""colsample_bytree"": 0.830426450548515, ""reg_alpha"": 0.9867296281157237, ""reg_lambda"": 1.3545206416563587}"
721,2026-06-05T18:29:38.240314+00:00,lgbm,ranking_total,721,4655,7,1000,0.8450578890481748,737,263,0.49406494276436663,"[""V176"", ""V255"", ""V191"", ""V160"", ""V215"", ""V380"", ""V342""]","{""n_estimators"": 275, ""learning_rate"": 0.12688912071549308, ""num_leaves"": 80, ""min_child_samples"": 27, ""colsample_bytree"": 0.5326112867658184, ""reg_alpha"": 0.831088702648476, ""reg_lambda"": 1.4670331289354495}"
722,2026-06-05T18:30:18.832136+00:00,lgbm,ranking_total,722,4615,6,1000,0.8745932816826427,721,279,0.49912851930332236,"[""V176"", ""V255"", ""V191"", ""V160"", ""V215"", ""V380""]","{""n_estimators"": 285, ""learning_rate"": 0.13025732115820704, ""num_leaves"": 54, ""min_child_samples"": 38, ""colsample_bytree"": 0.9398643151265091, ""reg_alpha"": 0.08437247928804048, ""reg_lambda"": 0.9694524921330883}"
723,2026-06-05T18:30:35.144066+00:00,lgbm,ranking_total,723,5055,5,1000,0.7392612282339176,737,263,0.5000833764235715,"[""V176"", ""V255"", ""V191"", ""V160"", ""V215""]","{""n_estimators"": 204, ""learning_rate"": 0.08473535491247239, ""num_leaves"": 28, ""min_child_samples"": 32, ""colsample_bytree"": 0.7452260951513883, ""reg_alpha"": 0.1375743912529891, ""reg_lambda"": 1.5715508249082857}"
724,2026-06-05T18:31:23.361270+00:00,lgbm,ranking_total,724,4675,6,1000,0.8135647079405767,725,275,0.49744517479078404,"[""V176"", ""V255"", ""V191"", ""V160"", ""V215"", ""V380""]","{""n_estimators"": 283, ""learning_rate"": 0.07417577086874777, ""num_leaves"": 97, ""min_child_samples"": 41, ""colsample_bytree"": 0.8875602222046846, ""reg_alpha"": 0.1639696003939558, ""reg_lambda"": 2.0219304587535953}"
725,2026-06-05T18:31:41.504111+00:00,lgbm,ranking_total,725,4995,5,1000,0.717182748652375,733,267,0.49690137364124604,"[""V176"", ""V255"", ""V191"", ""V160"", ""V215""]","{""n_estimators"": 106, ""learning_rate"": 0.05537664961242146, ""num_leaves"": 69, ""min_child_samples"": 37, ""colsample_bytree"": 0.7358844974157215, ""reg_alpha"": 0.011010584229238729, ""reg_lambda"": 1.1533838264846052}"
726,2026-06-05T18:32:04.110471+00:00,lgbm,ranking_total,726,4840,7,999,0.8160492925200542,749,250,0.4978360070631527,"[""V176"", ""V255"", ""V191"", ""V160"", ""V215"", ""V380"", ""V342""]","{""n_estimators"": 103, ""learning_rate"": 0.1615594367302014, ""num_leaves"": 86, ""min_child_samples"": 21, ""colsample_bytree"": 0.7467728790573869, ""reg_alpha"": 0.21673837681366304, ""reg_lambda"": 2.357268793714793}"
727,2026-06-05T18:32:35.212269+00:00,lgbm,ranking_total,727,5025,8,1000,0.7477166234759971,775,225,0.4983539908073754,"[""V176"", ""V255"", ""V191"", ""V160"", ""V215"", ""V380"", ""V342"", ""V483""]","{""n_estimators"": 177, ""learning_rate"": 0.04384399462949724, ""num_leaves"": 61, ""min_child_samples"": 10, ""colsample_bytree"": 0.8977725696483372, ""reg_alpha"": 0.2679938602264118, ""reg_lambda"": 2.1155066755762144}"
728,2026-06-05T18:33:17.026356+00:00,lgbm,ranking_total,728,4580,7,991,0.876612961814782,729,262,0.49635038234160295,"[""V176"", ""V255"", ""V191"", ""V160"", ""V215"", ""V380"", ""V342""]","{""n_estimators"": 222, ""learning_rate"": 0.1544873802370964, ""num_leaves"": 66, ""min_child_samples"": 23, ""colsample_bytree"": 0.93413554694085, ""reg_alpha"": 0.5002460541644184, ""reg_lambda"": 1.1627770049504575}"
729,2026-06-05T18:34:13.488714+00:00,lgbm,ranking_total,729,4735,7,999,0.8656002774270024,742,257,0.4951088218159335,"[""V176"", ""V255"", ""V191"", ""V160"", ""V215"", ""V380"", ""V342""]","{""n_estimators"": 361, ""learning_rate"": 0.10497484181317661, ""num_leaves"": 96, ""min_child_samples"": 38, ""colsample_bytree"": 0.7635427446207876, ""reg_alpha"": 0.5296326984591011, ""reg_lambda"": 0.8970308201620469}"
730,2026-06-05T18:34:41.480275+00:00,lgbm,ranking_total,730,5000,4,1000,0.7070144787534293,720,280,0.49829061310660644,"[""V176"", ""V255"", ""V191"", ""V160""]","{""n_estimators"": 225, ""learning_rate"": 0.04145890627010773, ""num_leaves"": 42, ""min_child_samples"": 43, ""colsample_bytree"": 0.6814960492695681, ""reg_alpha"": 0.03664395132226739, ""reg_lambda"": 1.0515728074998292}"
731,2026-06-05T18:35:11.417818+00:00,lgbm,ranking_total,731,4810,6,1000,0.7851900709055327,734,266,0.4999630966866458,"[""V176"", ""V255"", ""V191"", ""V160"", ""V215"", ""V380""]","{""n_estimators"": 360, ""learning_rate"": 0.06936355445303621, ""num_leaves"": 31, ""min_child_samples"": 48, ""colsample_bytree"": 0.9296145566395906, ""reg_alpha"": 0.3458222134049671, ""reg_lambda"": 0.9327468880374306}"
732,2026-06-05T18:35:37.245886+00:00,lgbm,ranking_total,732,4685,7,994,0.8805472738355795,737,257,0.5014785749462483,"[""V176"", ""V255"", ""V191"", ""V160"", ""V215"", ""V380"", ""V342""]","{""n_estimators"": 189, ""learning_rate"": 0.17553156154048413, ""num_leaves"": 54, ""min_child_samples"": 36, ""colsample_bytree"": 0.9194196071273804, ""reg_alpha"": 0.06025111886032153, ""reg_lambda"": 0.5247637105804892}"
733,2026-06-05T18:35:52.839488+00:00,lgbm,ranking_total,733,4870,7,999,0.7857083196564685,751,248,0.4985465121128672,"[""V176"", ""V255"", ""V191"", ""V160"", ""V215"", ""V380"", ""V342""]","{""n_estimators"": 159, ""learning_rate"": 0.1461822310345822, ""num_leaves"": 36, ""min_child_samples"": 41, ""colsample_bytree"": 0.8166486614981345, ""reg_alpha"": 0.5800218719813209, ""reg_lambda"": 1.8095196949287888}"
734,2026-06-05T18:36:36.706581+00:00,lgbm,ranking_total,734,4615,7,999,0.8771563440655504,734,265,0.4928170183639497,"[""V176"", ""V255"", ""V191"", ""V160"", ""V215"", ""V380"", ""V342""]","{""n_estimators"": 225, ""learning_rate"": 0.12954449575411145, ""num_leaves"": 98, ""min_child_samples"": 31, ""colsample_bytree"": 0.656070620558322, ""reg_alpha"": 0.22670932275526534, ""reg_lambda"": 0.8254770178780122}"
735,2026-06-05T18:37:26.576620+00:00,lgbm,ranking_total,735,4405,6,1000,0.88063606253436,707,293,0.4975171409691271,"[""V176"", ""V255"", ""V191"", ""V160"", ""V215"", ""V380""]","{""n_estimators"": 292, ""learning_rate"": 0.17807096909963369, ""num_leaves"": 79, ""min_child_samples"": 16, ""colsample_bytree"": 0.8980386294521465, ""reg_alpha"": 0.8841527127145354, ""reg_lambda"": 0.9146690978878427}"
736,2026-06-05T18:38:15.559787+00:00,lgbm,ranking_total,736,4445,6,983,0.8674383448313466,704,279,0.49906030891278896,"[""V176"", ""V255"", ""V191"", ""V160"", ""V215"", ""V380""]","{""n_estimators"": 248, ""learning_rate"": 0.14520183159978983, ""num_leaves"": 89, ""min_child_samples"": 23, ""colsample_bytree"": 0.8375467569411162, ""reg_alpha"": 0.8351204320200243, ""reg_lambda"": 1.3215958394511154}"
737,2026-06-05T18:38:39.341315+00:00,lgbm,ranking_total,737,4880,7,1000,0.7813801324630141,752,248,0.5012306592710182,"[""V176"", ""V255"", ""V191"", ""V160"", ""V215"", ""V380"", ""V342""]","{""n_estimators"": 186, ""learning_rate"": 0.10522476787903982, ""num_leaves"": 48, ""min_child_samples"": 12, ""colsample_bytree"": 0.5723870746625862, ""reg_alpha"": 0.7963174071582907, ""reg_lambda"": 0.8515798065265139}"
738,2026-06-05T18:39:15.757077+00:00,lgbm,ranking_total,738,4680,5,1000,0.8202715159078438,712,288,0.4990891487504094,"[""V176"", ""V255"", ""V191"", ""V160"", ""V215""]","{""n_estimators"": 173, ""learning_rate"": 0.12889863212039082, ""num_leaves"": 83, ""min_child_samples"": 17, ""colsample_bytree"": 0.7805946219411527, ""reg_alpha"": 0.13410243583131498, ""reg_lambda"": 2.379670479011331}"
739,2026-06-05T18:39:48.827653+00:00,lgbm,ranking_total,739,4865,7,1000,0.7818571342659619,751,249,0.4949137142142265,"[""V176"", ""V255"", ""V191"", ""V160"", ""V215"", ""V380"", ""V342""]","{""n_estimators"": 162, ""learning_rate"": 0.0822433547184695, ""num_leaves"": 86, ""min_child_samples"": 22, ""colsample_bytree"": 0.7293709291449453, ""reg_alpha"": 0.9856767895476645, ""reg_lambda"": 1.4093046814707668}"
740,2026-06-05T18:40:31.128845+00:00,lgbm,ranking_total,740,4580,7,1000,0.8749031391754659,732,268,0.49524957133784847,"[""V176"", ""V255"", ""V191"", ""V160"", ""V215"", ""V380"", ""V342""]","{""n_estimators"": 245, ""learning_rate"": 0.15475987004277467, ""num_leaves"": 75, ""min_child_samples"": 27, ""colsample_bytree"": 0.6941496498709119, ""reg_alpha"": 0.656367596132395, ""reg_lambda"": 0.8970313701110575}"
741,2026-06-05T18:41:16.904781+00:00,lgbm,ranking_total,741,4530,8,1000,0.8511074186335634,742,258,0.49114950085465386,"[""V176"", ""V255"", ""V191"", ""V160"", ""V215"", ""V380"", ""V342"", ""V483""]","{""n_estimators"": 289, ""learning_rate"": 0.1083068859493127, ""num_leaves"": 94, ""min_child_samples"": 39, ""colsample_bytree"": 0.614711589585172, ""reg_alpha"": 0.36862923918557366, ""reg_lambda"": 1.0370509466149742}"
742,2026-06-05T18:41:51.782033+00:00,lgbm,ranking_total,742,4760,6,992,0.8034898418184666,728,264,0.5016711823101662,"[""V176"", ""V255"", ""V191"", ""V160"", ""V215"", ""V380""]","{""n_estimators"": 364, ""learning_rate"": 0.09920572990552427, ""num_leaves"": 36, ""min_child_samples"": 39, ""colsample_bytree"": 0.9076848405927849, ""reg_alpha"": 0.971266281633643, ""reg_lambda"": 0.8855521542182379}"
743,2026-06-05T18:42:45.734859+00:00,lgbm,ranking_total,743,4835,7,1000,0.8721230396246956,749,251,0.4948930893995319,"[""V176"", ""V255"", ""V191"", ""V160"", ""V215"", ""V380"", ""V342""]","{""n_estimators"": 318, ""learning_rate"": 0.09148203446477325, ""num_leaves"": 94, ""min_child_samples"": 39, ""colsample_bytree"": 0.997772931124544, ""reg_alpha"": 0.2684855145634003, ""reg_lambda"": 0.7222418281884244}"
744,2026-06-05T18:44:08.094458+00:00,lgbm,ranking_total,744,4515,7,995,0.8858157861525324,726,269,0.4965769349059934,"[""V176"", ""V255"", ""V191"", ""V160"", ""V215"", ""V380"", ""V342""]","{""n_estimators"": 378, ""learning_rate"": 0.11899105483043038, ""num_leaves"": 92, ""min_child_samples"": 16, ""colsample_bytree"": 0.6177855956945293, ""reg_alpha"": 0.2927134490332668, ""reg_lambda"": 2.1629478101879362}"
745,2026-06-05T18:44:37.792386+00:00,lgbm,ranking_total,745,4975,6,1000,0.7399259822624867,745,255,0.4965779074033837,"[""V176"", ""V255"", ""V191"", ""V160"", ""V215"", ""V380""]","{""n_estimators"": 168, ""learning_rate"": 0.0435513001475376, ""num_leaves"": 59, ""min_child_samples"": 35, ""colsample_bytree"": 0.9693253807274855, ""reg_alpha"": 0.4725189631956258, ""reg_lambda"": 2.3633333559402865}"
746,2026-06-05T18:44:59.512001+00:00,lgbm,ranking_total,746,5025,5,1000,0.715272134044229,735,265,0.4958279723065707,"[""V176"", ""V255"", ""V191"", ""V160"", ""V215""]","{""n_estimators"": 123, ""learning_rate"": 0.03795736994204317, ""num_leaves"": 69, ""min_child_samples"": 28, ""colsample_bytree"": 0.9109743913273685, ""reg_alpha"": 0.11011820951904094, ""reg_lambda"": 1.7311129939313652}"
747,2026-06-05T18:45:22.145301+00:00,lgbm,ranking_total,747,4770,7,998,0.7896255652838884,744,254,0.49630445677704066,"[""V176"", ""V255"", ""V191"", ""V160"", ""V215"", ""V380"", ""V342""]","{""n_estimators"": 208, ""learning_rate"": 0.1205076305007437, ""num_leaves"": 41, ""min_child_samples"": 47, ""colsample_bytree"": 0.5750150418327921, ""reg_alpha"": 0.8039201628138898, ""reg_lambda"": 1.9814446212016497}"
748,2026-06-05T18:46:04.495074+00:00,lgbm,ranking_total,748,4805,7,1000,0.8128961691415418,747,253,0.49826042035503415,"[""V176"", ""V255"", ""V191"", ""V160"", ""V215"", ""V380"", ""V342""]","{""n_estimators"": 329, ""learning_rate"": 0.06955764681008086, ""num_leaves"": 49, ""min_child_samples"": 31, ""colsample_bytree"": 0.8941537572206069, ""reg_alpha"": 0.5238465692641413, ""reg_lambda"": 0.8332509617213595}"
749,2026-06-05T18:46:35.491183+00:00,lgbm,ranking_total,749,4795,7,999,0.7859209908812039,746,253,0.4974521832621981,"[""V176"", ""V255"", ""V191"", ""V160"", ""V215"", ""V380"", ""V342""]","{""n_estimators"": 197, ""learning_rate"": 0.08066951268509517, ""num_leaves"": 81, ""min_child_samples"": 43, ""colsample_bytree"": 0.6816878690020289, ""reg_alpha"": 0.16501300756619341, ""reg_lambda"": 2.354398473530529}"
750,2026-06-05T18:46:54.367899+00:00,lgbm,ranking_total,750,5105,7,1000,0.7392753382169237,767,233,0.4986876164710586,"[""V176"", ""V255"", ""V191"", ""V160"", ""V215"", ""V380"", ""V342""]","{""n_estimators"": 247, ""learning_rate"": 0.060256203315658494, ""num_leaves"": 27, ""min_child_samples"": 47, ""colsample_bytree"": 0.5508213015464094, ""reg_alpha"": 0.5767556710536081, ""reg_lambda"": 1.3385002727848772}"
751,2026-06-05T18:47:06.937231+00:00,lgbm,ranking_total,751,4805,7,1000,0.8018732864698893,747,253,0.5039357762258504,"[""V176"", ""V255"", ""V191"", ""V160"", ""V215"", ""V380"", ""V342""]","{""n_estimators"": 200, ""learning_rate"": 0.17258568863299925, ""num_leaves"": 21, ""min_child_samples"": 18, ""colsample_bytree"": 0.9698535105178642, ""reg_alpha"": 0.7015827165025252, ""reg_lambda"": 0.5022054182703144}"
752,2026-06-05T18:47:22.795919+00:00,lgbm,ranking_total,752,5170,7,996,0.7334336388397789,770,226,0.4985983698850303,"[""V176"", ""V255"", ""V191"", ""V160"", ""V215"", ""V380"", ""V342""]","{""n_estimators"": 161, ""learning_rate"": 0.05571541634459773, ""num_leaves"": 34, ""min_child_samples"": 40, ""colsample_bytree"": 0.9039978635583352, ""reg_alpha"": 0.7790562700731543, ""reg_lambda"": 2.422914077564559}"
753,2026-06-05T18:47:37.971739+00:00,lgbm,ranking_total,753,4675,6,1000,0.7762345910813859,725,275,0.49934858608033694,"[""V176"", ""V255"", ""V191"", ""V160"", ""V215"", ""V380""]","{""n_estimators"": 145, ""learning_rate"": 0.15664613337659722, ""num_leaves"": 37, ""min_child_samples"": 38, ""colsample_bytree"": 0.860061781220681, ""reg_alpha"": 0.9351314879211198, ""reg_lambda"": 2.2302421780482704}"
754,2026-06-05T18:48:01.873411+00:00,lgbm,ranking_total,754,4935,7,998,0.7710332769775282,755,243,0.5030048996940341,"[""V176"", ""V255"", ""V191"", ""V160"", ""V215"", ""V380"", ""V342""]","{""n_estimators"": 286, ""learning_rate"": 0.08369556939797448, ""num_leaves"": 30, ""min_child_samples"": 12, ""colsample_bytree"": 0.528177680223284, ""reg_alpha"": 0.6656489649899912, ""reg_lambda"": 0.7578796432996586}"
755,2026-06-05T18:48:18.919716+00:00,lgbm,ranking_total,755,5280,5,1000,0.6843830930654884,752,248,0.49777990488275525,"[""V176"", ""V255"", ""V191"", ""V160"", ""V215""]","{""n_estimators"": 229, ""learning_rate"": 0.03001968709428569, ""num_leaves"": 24, ""min_child_samples"": 18, ""colsample_bytree"": 0.5758955247691827, ""reg_alpha"": 0.4249747141584215, ""reg_lambda"": 1.990951934480599}"
756,2026-06-05T18:48:34.496241+00:00,lgbm,ranking_total,756,5045,7,1000,0.8060916855702491,763,237,0.5030054216194288,"[""V176"", ""V255"", ""V191"", ""V160"", ""V215"", ""V380"", ""V342""]","{""n_estimators"": 248, ""learning_rate"": 0.14351575312663065, ""num_leaves"": 22, ""min_child_samples"": 30, ""colsample_bytree"": 0.7589477723094264, ""reg_alpha"": 0.317396112653185, ""reg_lambda"": 0.6643220420116445}"
757,2026-06-05T18:49:18.020226+00:00,lgbm,ranking_total,757,4865,7,1000,0.8064155088032464,751,249,0.499097774232478,"[""V176"", ""V255"", ""V191"", ""V160"", ""V215"", ""V380"", ""V342""]","{""n_estimators"": 296, ""learning_rate"": 0.058427704813068665, ""num_leaves"": 57, ""min_child_samples"": 25, ""colsample_bytree"": 0.8856453288526932, ""reg_alpha"": 0.14256260244141838, ""reg_lambda"": 1.6644206222494982}"
758,2026-06-05T18:49:53.555805+00:00,lgbm,ranking_total,758,4685,7,1000,0.8117849161691795,739,261,0.4999877027162285,"[""V176"", ""V255"", ""V191"", ""V160"", ""V215"", ""V380"", ""V342""]","{""n_estimators"": 390, ""learning_rate"": 0.1004565802079022, ""num_leaves"": 33, ""min_child_samples"": 19, ""colsample_bytree"": 0.9513633389520124, ""reg_alpha"": 0.8963321975568034, ""reg_lambda"": 1.9771744365982182}"
759,2026-06-05T18:50:38.062527+00:00,lgbm,ranking_total,759,4610,8,999,0.8439441770418524,747,252,0.4942163308902653,"[""V176"", ""V255"", ""V191"", ""V160"", ""V215"", ""V380"", ""V342"", ""V483""]","{""n_estimators"": 244, ""learning_rate"": 0.09596382793284458, ""num_leaves"": 91, ""min_child_samples"": 35, ""colsample_bytree"": 0.9089287408459781, ""reg_alpha"": 0.1734736059337615, ""reg_lambda"": 2.170384768377565}"
760,2026-06-05T18:50:55.301686+00:00,lgbm,ranking_total,760,5120,7,1000,0.7292955587926359,768,232,0.500030740338749,"[""V176"", ""V255"", ""V191"", ""V160"", ""V215"", ""V380"", ""V342""]","{""n_estimators"": 236, ""learning_rate"": 0.047541663194858655, ""num_leaves"": 24, ""min_child_samples"": 11, ""colsample_bytree"": 0.7937341681792032, ""reg_alpha"": 0.5622125297689885, ""reg_lambda"": 2.2681442444721442}"
761,2026-06-05T18:51:11.612626+00:00,lgbm,ranking_total,761,5190,5,1000,0.7013394968720582,746,254,0.49637957340837074,"[""V176"", ""V255"", ""V191"", ""V160"", ""V215""]","{""n_estimators"": 112, ""learning_rate"": 0.048523494152078864, ""num_leaves"": 54, ""min_child_samples"": 24, ""colsample_bytree"": 0.7093635834425942, ""reg_alpha"": 0.4970077287478185, ""reg_lambda"": 2.2212801011514953}"
762,2026-06-05T18:52:06.114553+00:00,lgbm,ranking_total,762,4805,7,1000,0.8485327542077148,747,253,0.4989650029718361,"[""V176"", ""V255"", ""V191"", ""V160"", ""V215"", ""V380"", ""V342""]","{""n_estimators"": 385, ""learning_rate"": 0.06814510524692113, ""num_leaves"": 56, ""min_child_samples"": 30, ""colsample_bytree"": 0.9504679829356848, ""reg_alpha"": 0.2995264771424676, ""reg_lambda"": 0.720756781837834}"
763,2026-06-05T18:52:26.111466+00:00,lgbm,ranking_total,763,4850,7,1000,0.7983969735709018,750,250,0.49639831950714614,"[""V176"", ""V255"", ""V191"", ""V160"", ""V215"", ""V380"", ""V342""]","{""n_estimators"": 154, ""learning_rate"": 0.1341825648241911, ""num_leaves"": 52, ""min_child_samples"": 42, ""colsample_bytree"": 0.5699747186740158, ""reg_alpha"": 0.09218034549602361, ""reg_lambda"": 1.5838793447098583}"
764,2026-06-05T18:53:09.993633+00:00,lgbm,ranking_total,764,4585,7,993,0.8645498186639013,730,263,0.4936124632840401,"[""V176"", ""V255"", ""V191"", ""V160"", ""V215"", ""V380"", ""V342""]","{""n_estimators"": 273, ""learning_rate"": 0.1485310254258199, ""num_leaves"": 70, ""min_child_samples"": 29, ""colsample_bytree"": 0.549181702051668, ""reg_alpha"": 0.70510703949888, ""reg_lambda"": 1.101087311316014}"
765,2026-06-05T18:53:50.975480+00:00,lgbm,ranking_total,765,4685,7,1000,0.8923573562820152,739,261,0.4977391249595472,"[""V176"", ""V255"", ""V191"", ""V160"", ""V215"", ""V380"", ""V342""]","{""n_estimators"": 290, ""learning_rate"": 0.160656849768427, ""num_leaves"": 96, ""min_child_samples"": 47, ""colsample_bytree"": 0.8432237309023219, ""reg_alpha"": 0.19713537596311226, ""reg_lambda"": 1.8450804897481867}"
766,2026-06-05T18:54:00.288098+00:00,lgbm,ranking_total,766,5210,5,999,0.7187126497656174,747,252,0.49807361142432854,"[""V176"", ""V255"", ""V191"", ""V160"", ""V215""]","{""n_estimators"": 129, ""learning_rate"": 0.0848068893668688, ""num_leaves"": 24, ""min_child_samples"": 37, ""colsample_bytree"": 0.9717816056110788, ""reg_alpha"": 0.25553296685735905, ""reg_lambda"": 1.9673338208655133}"
767,2026-06-05T18:55:02.498925+00:00,lgbm,ranking_total,767,4640,7,1000,0.8675985194341678,736,264,0.49709474661624115,"[""V176"", ""V255"", ""V191"", ""V160"", ""V215"", ""V380"", ""V342""]","{""n_estimators"": 334, ""learning_rate"": 0.09338630827640496, ""num_leaves"": 79, ""min_child_samples"": 29, ""colsample_bytree"": 0.8739739697307687, ""reg_alpha"": 0.38596981663463836, ""reg_lambda"": 1.491611860895208}"
768,2026-06-05T18:55:39.082175+00:00,lgbm,ranking_total,768,4700,7,1000,0.7895830501413903,740,260,0.4969890587667527,"[""V176"", ""V255"", ""V191"", ""V160"", ""V215"", ""V380"", ""V342""]","{""n_estimators"": 295, ""learning_rate"": 0.08549479813675015, ""num_leaves"": 51, ""min_child_samples"": 47, ""colsample_bytree"": 0.6032107149795479, ""reg_alpha"": 0.9070064325954534, ""reg_lambda"": 1.4354778327676843}"
769,2026-06-05T18:56:19.345967+00:00,lgbm,ranking_total,769,4650,7,998,0.8486915700767352,736,262,0.49469200727159196,"[""V176"", ""V255"", ""V191"", ""V160"", ""V215"", ""V380"", ""V342""]","{""n_estimators"": 226, ""learning_rate"": 0.12794867378718666, ""num_leaves"": 86, ""min_child_samples"": 32, ""colsample_bytree"": 0.5282711444793564, ""reg_alpha"": 0.5122905414002222, ""reg_lambda"": 0.8246265505506991}"
770,2026-06-05T18:57:04.217359+00:00,lgbm,ranking_total,770,4550,7,1000,0.8593946608268314,730,270,0.4954408863060642,"[""V176"", ""V255"", ""V191"", ""V160"", ""V215"", ""V380"", ""V342""]","{""n_estimators"": 320, ""learning_rate"": 0.11718489983279924, ""num_leaves"": 85, ""min_child_samples"": 47, ""colsample_bytree"": 0.7033931351654574, ""reg_alpha"": 0.23094800173460572, ""reg_lambda"": 1.8484682787378266}"
771,2026-06-05T18:57:22.984518+00:00,lgbm,ranking_total,771,4800,5,1000,0.7781321255511884,720,280,0.49921218124562494,"[""V176"", ""V255"", ""V191"", ""V160"", ""V215""]","{""n_estimators"": 124, ""learning_rate"": 0.12427584618413812, ""num_leaves"": 57, ""min_child_samples"": 23, ""colsample_bytree"": 0.9085522501942063, ""reg_alpha"": 0.6836967514278922, ""reg_lambda"": 1.0517655229944995}"
772,2026-06-05T18:58:26.688510+00:00,lgbm,ranking_total,772,4790,7,1000,0.8299862956642035,746,254,0.4941251395587868,"[""V176"", ""V255"", ""V191"", ""V160"", ""V215"", ""V380"", ""V342""]","{""n_estimators"": 382, ""learning_rate"": 0.05440149395323754, ""num_leaves"": 87, ""min_child_samples"": 40, ""colsample_bytree"": 0.9431277096516588, ""reg_alpha"": 0.16524806653277402, ""reg_lambda"": 1.8666051738058966}"
773,2026-06-05T18:58:51.576622+00:00,lgbm,ranking_total,773,4700,7,1000,0.8253372477091534,740,260,0.4948722097484426,"[""V176"", ""V255"", ""V191"", ""V160"", ""V215"", ""V380"", ""V342""]","{""n_estimators"": 134, ""learning_rate"": 0.12689543375512502, ""num_leaves"": 96, ""min_child_samples"": 36, ""colsample_bytree"": 0.8793426817977645, ""reg_alpha"": 0.1779019521301075, ""reg_lambda"": 0.9532764523677553}"
774,2026-06-05T18:59:09.666012+00:00,lgbm,ranking_total,774,4875,8,1000,0.7810185595115469,765,235,0.49983279347556436,"[""V176"", ""V255"", ""V191"", ""V160"", ""V215"", ""V380"", ""V342"", ""V483""]","{""n_estimators"": 125, ""learning_rate"": 0.13093945206183707, ""num_leaves"": 55, ""min_child_samples"": 13, ""colsample_bytree"": 0.5371136763723561, ""reg_alpha"": 0.30877470788603734, ""reg_lambda"": 0.9918376054127396}"
775,2026-06-05T18:59:44.065922+00:00,lgbm,ranking_total,775,4725,8,1000,0.8429539284990406,755,245,0.492769682892624,"[""V176"", ""V255"", ""V191"", ""V160"", ""V215"", ""V380"", ""V342"", ""V483""]","{""n_estimators"": 178, ""learning_rate"": 0.12083352097538312, ""num_leaves"": 79, ""min_child_samples"": 25, ""colsample_bytree"": 0.8704427315801724, ""reg_alpha"": 0.49143082462986, ""reg_lambda"": 0.8004655969473597}"
776,2026-06-05T18:59:54.500685+00:00,lgbm,ranking_total,776,5110,7,999,0.7301179753751116,767,232,0.4992770929680253,"[""V176"", ""V255"", ""V191"", ""V160"", ""V215"", ""V380"", ""V342""]","{""n_estimators"": 171, ""learning_rate"": 0.06702471519248786, ""num_leaves"": 20, ""min_child_samples"": 25, ""colsample_bytree"": 0.6911742884830971, ""reg_alpha"": 0.03510655469779611, ""reg_lambda"": 2.29550527946549}"
777,2026-06-05T19:00:38.865169+00:00,lgbm,ranking_total,777,5015,5,999,0.7534693451176627,734,265,0.5012419508788797,"[""V176"", ""V255"", ""V191"", ""V160"", ""V215""]","{""n_estimators"": 315, ""learning_rate"": 0.051463859628501266, ""num_leaves"": 47, ""min_child_samples"": 17, ""colsample_bytree"": 0.8988739116626947, ""reg_alpha"": 0.26409003119207375, ""reg_lambda"": 2.464529279664487}"
778,2026-06-05T19:01:09.355640+00:00,lgbm,ranking_total,778,4625,7,1000,0.8415932966042535,735,265,0.49719313281497346,"[""V176"", ""V255"", ""V191"", ""V160"", ""V215"", ""V380"", ""V342""]","{""n_estimators"": 203, ""learning_rate"": 0.12696746316070473, ""num_leaves"": 58, ""min_child_samples"": 33, ""colsample_bytree"": 0.8181271458411974, ""reg_alpha"": 0.2480596664194269, ""reg_lambda"": 1.6270580876916205}"
779,2026-06-05T19:02:13.588088+00:00,lgbm,ranking_total,779,4395,8,1000,0.8876593980438907,733,267,0.4919949897635741,"[""V176"", ""V255"", ""V191"", ""V160"", ""V215"", ""V380"", ""V342"", ""V483""]","{""n_estimators"": 384, ""learning_rate"": 0.11965639360775938, ""num_leaves"": 78, ""min_child_samples"": 34, ""colsample_bytree"": 0.5988904692836834, ""reg_alpha"": 0.2827462078601112, ""reg_lambda"": 1.5724442585486984}"
780,2026-06-05T19:02:46.816432+00:00,lgbm,ranking_total,780,4655,6,998,0.8411581175608219,723,275,0.5008024504654733,"[""V176"", ""V255"", ""V191"", ""V160"", ""V215"", ""V380""]","{""n_estimators"": 374, ""learning_rate"": 0.15414994879357222, ""num_leaves"": 32, ""min_child_samples"": 30, ""colsample_bytree"": 0.8318503287199526, ""reg_alpha"": 0.4672608959704714, ""reg_lambda"": 2.4769201359314383}"
781,2026-06-05T19:03:31.462075+00:00,lgbm,ranking_total,781,4420,7,999,0.865730936584433,721,278,0.49662763770302243,"[""V176"", ""V255"", ""V191"", ""V160"", ""V215"", ""V380"", ""V342""]","{""n_estimators"": 313, ""learning_rate"": 0.14982726845614264, ""num_leaves"": 54, ""min_child_samples"": 21, ""colsample_bytree"": 0.8934757121247465, ""reg_alpha"": 0.9666512776587253, ""reg_lambda"": 0.9114361137829992}"
782,2026-06-05T19:05:05.238300+00:00,lgbm,ranking_total,782,4780,7,999,0.8638737371708637,745,254,0.4980474934428299,"[""V176"", ""V255"", ""V191"", ""V160"", ""V215"", ""V380"", ""V342""]","{""n_estimators"": 376, ""learning_rate"": 0.05609607298291752, ""num_leaves"": 99, ""min_child_samples"": 14, ""colsample_bytree"": 0.7948412520866122, ""reg_alpha"": 0.07964547027612279, ""reg_lambda"": 2.0218544273901564}"
783,2026-06-05T19:05:19.195759+00:00,lgbm,ranking_total,783,4900,7,999,0.7927646332460513,753,246,0.5034906035288157,"[""V176"", ""V255"", ""V191"", ""V160"", ""V215"", ""V380"", ""V342""]","{""n_estimators"": 110, ""learning_rate"": 0.16933764628689615, ""num_leaves"": 45, ""min_child_samples"": 13, ""colsample_bytree"": 0.7277712031977611, ""reg_alpha"": 0.9459315501581776, ""reg_lambda"": 0.9108303715129713}"
784,2026-06-05T19:05:29.036960+00:00,lgbm,ranking_total,784,5235,5,1000,0.665052515276152,749,251,0.49589855352167617,"[""V176"", ""V255"", ""V191"", ""V160"", ""V215""]","{""n_estimators"": 118, ""learning_rate"": 0.03725313225705161, ""num_leaves"": 27, ""min_child_samples"": 33, ""colsample_bytree"": 0.6770950009761456, ""reg_alpha"": 0.7092044318761098, ""reg_lambda"": 1.685213765526271}"
785,2026-06-05T19:05:46.869511+00:00,lgbm,ranking_total,785,4820,7,1000,0.8048130450899894,748,252,0.5017976967850456,"[""V176"", ""V255"", ""V191"", ""V160"", ""V215"", ""V380"", ""V342""]","{""n_estimators"": 249, ""learning_rate"": 0.1537248702605843, ""num_leaves"": 26, ""min_child_samples"": 33, ""colsample_bytree"": 0.614693243051921, ""reg_alpha"": 0.22604831784470691, ""reg_lambda"": 2.1402249010677075}"
786,2026-06-05T19:06:47.959948+00:00,lgbm,ranking_total,786,4570,7,996,0.895972857552201,730,266,0.49631048575988623,"[""V176"", ""V255"", ""V191"", ""V160"", ""V215"", ""V380"", ""V342""]","{""n_estimators"": 316, ""learning_rate"": 0.1308432432226474, ""num_leaves"": 85, ""min_child_samples"": 28, ""colsample_bytree"": 0.9277634826180503, ""reg_alpha"": 0.4002542658055843, ""reg_lambda"": 0.976130451187539}"
787,2026-06-05T19:07:28.776467+00:00,lgbm,ranking_total,787,4785,7,995,0.7862485612632034,744,251,0.500329081677279,"[""V176"", ""V255"", ""V191"", ""V160"", ""V215"", ""V380"", ""V342""]","{""n_estimators"": 386, ""learning_rate"": 0.046295589105164736, ""num_leaves"": 40, ""min_child_samples"": 33, ""colsample_bytree"": 0.9433961245188661, ""reg_alpha"": 0.29579432365474, ""reg_lambda"": 1.3961626645411878}"
788,2026-06-05T19:07:50.053938+00:00,lgbm,ranking_total,788,5005,7,999,0.7348113536445288,760,239,0.49570628153318513,"[""V176"", ""V255"", ""V191"", ""V160"", ""V215"", ""V380"", ""V342""]","{""n_estimators"": 145, ""learning_rate"": 0.052190209867640946, ""num_leaves"": 87, ""min_child_samples"": 47, ""colsample_bytree"": 0.9014002983872738, ""reg_alpha"": 0.4809414788335863, ""reg_lambda"": 2.4094557829291503}"
789,2026-06-05T19:08:33.387636+00:00,lgbm,ranking_total,789,4900,7,999,0.7651299441733681,753,246,0.4981254569106026,"[""V176"", ""V255"", ""V191"", ""V160"", ""V215"", ""V380"", ""V342""]","{""n_estimators"": 182, ""learning_rate"": 0.04849887015898041, ""num_leaves"": 77, ""min_child_samples"": 14, ""colsample_bytree"": 0.9191560663582156, ""reg_alpha"": 0.8288263904937723, ""reg_lambda"": 0.5692755927700688}"
790,2026-06-05T19:08:44.064341+00:00,lgbm,ranking_total,790,5180,7,1000,0.7109658084712089,772,228,0.4974948393617191,"[""V176"", ""V255"", ""V191"", ""V160"", ""V215"", ""V380"", ""V342""]","{""n_estimators"": 151, ""learning_rate"": 0.049860707480736566, ""num_leaves"": 21, ""min_child_samples"": 22, ""colsample_bytree"": 0.8122098403559737, ""reg_alpha"": 0.9754104669172309, ""reg_lambda"": 2.0177717812509424}"
791,2026-06-05T19:09:34.085236+00:00,lgbm,ranking_total,791,4775,7,1000,0.8781967897810855,745,255,0.4998806420511355,"[""V176"", ""V255"", ""V191"", ""V160"", ""V215"", ""V380"", ""V342""]","{""n_estimators"": 340, ""learning_rate"": 0.13371151068462428, ""num_leaves"": 53, ""min_child_samples"": 15, ""colsample_bytree"": 0.9277723752569271, ""reg_alpha"": 0.4524596047918683, ""reg_lambda"": 1.538726035546009}"
792,2026-06-05T19:10:39.990023+00:00,lgbm,ranking_total,792,4590,7,995,0.915488183865964,731,264,0.4993597085618641,"[""V176"", ""V255"", ""V191"", ""V160"", ""V215"", ""V380"", ""V342""]","{""n_estimators"": 352, ""learning_rate"": 0.17657708750609147, ""num_leaves"": 70, ""min_child_samples"": 13, ""colsample_bytree"": 0.7039208323693525, ""reg_alpha"": 0.25176100165629156, ""reg_lambda"": 2.049921184676638}"
793,2026-06-05T19:11:12.266012+00:00,lgbm,ranking_total,793,5045,7,997,0.7753498520564256,762,235,0.5008903768523847,"[""V176"", ""V255"", ""V191"", ""V160"", ""V215"", ""V380"", ""V342""]","{""n_estimators"": 225, ""learning_rate"": 0.048775598831193444, ""num_leaves"": 54, ""min_child_samples"": 18, ""colsample_bytree"": 0.8907440188678205, ""reg_alpha"": 0.05930871322909137, ""reg_lambda"": 0.6063252632428764}"
794,2026-06-05T19:11:49.998866+00:00,lgbm,ranking_total,794,4820,7,1000,0.7986427112278458,748,252,0.49471050365218455,"[""V176"", ""V255"", ""V191"", ""V160"", ""V215"", ""V380"", ""V342""]","{""n_estimators"": 225, ""learning_rate"": 0.09193026742814239, ""num_leaves"": 68, ""min_child_samples"": 35, ""colsample_bytree"": 0.7831811683701013, ""reg_alpha"": 0.7598444499237968, ""reg_lambda"": 2.4905293436877494}"
795,2026-06-05T19:12:21.999378+00:00,lgbm,ranking_total,795,4835,5,999,0.7488474619916129,722,277,0.49851142560790396,"[""V176"", ""V255"", ""V191"", ""V160"", ""V215""]","{""n_estimators"": 279, ""learning_rate"": 0.06243788926698828, ""num_leaves"": 36, ""min_child_samples"": 42, ""colsample_bytree"": 0.8323204174233736, ""reg_alpha"": 0.5682825948869089, ""reg_lambda"": 1.2292107221965833}"
796,2026-06-05T19:13:36.587571+00:00,lgbm,ranking_total,796,4615,7,999,0.8742040106290769,734,265,0.4959654847876377,"[""V176"", ""V255"", ""V191"", ""V160"", ""V215"", ""V380"", ""V342""]","{""n_estimators"": 392, ""learning_rate"": 0.10212531615367833, ""num_leaves"": 73, ""min_child_samples"": 20, ""colsample_bytree"": 0.9418184638774499, ""reg_alpha"": 0.644713087835808, ""reg_lambda"": 2.1950613496362146}"
797,2026-06-05T19:14:11.918160+00:00,lgbm,ranking_total,797,4940,7,1000,0.7970493324166762,756,244,0.4995789204789267,"[""V176"", ""V255"", ""V191"", ""V160"", ""V215"", ""V380"", ""V342""]","{""n_estimators"": 330, ""learning_rate"": 0.08148051214167434, ""num_leaves"": 34, ""min_child_samples"": 37, ""colsample_bytree"": 0.665068702534386, ""reg_alpha"": 0.6250328104758595, ""reg_lambda"": 1.0456309831382993}"
798,2026-06-05T19:14:31.302010+00:00,lgbm,ranking_total,798,4775,7,1000,0.7991235966445979,745,255,0.5012907273328385,"[""V176"", ""V255"", ""V191"", ""V160"", ""V215"", ""V380"", ""V342""]","{""n_estimators"": 162, ""learning_rate"": 0.1372351234536729, ""num_leaves"": 43, ""min_child_samples"": 21, ""colsample_bytree"": 0.7314473685619884, ""reg_alpha"": 0.72933382956665, ""reg_lambda"": 1.5738910380472302}"
799,2026-06-05T19:15:26.587955+00:00,lgbm,ranking_total,799,4765,7,993,0.8620776029840894,742,251,0.4958358463308774,"[""V176"", ""V255"", ""V191"", ""V160"", ""V215"", ""V380"", ""V342""]","{""n_estimators"": 284, ""learning_rate"": 0.09282555103034335, ""num_leaves"": 80, ""min_child_samples"": 23, ""colsample_bytree"": 0.5939578096076737, ""reg_alpha"": 0.1055248323611433, ""reg_lambda"": 0.6777609206815163}"
800,2026-06-05T19:15:46.766597+00:00,lgbm,ranking_total,800,5075,7,1000,0.7489119849712778,765,235,0.4983115296966635,"[""V176"", ""V255"", ""V191"", ""V160"", ""V215"", ""V380"", ""V342""]","{""n_estimators"": 139, ""learning_rate"": 0.07194015069930274, ""num_leaves"": 53, ""min_child_samples"": 17, ""colsample_bytree"": 0.6655691908289061, ""reg_alpha"": 0.8323540326163303, ""reg_lambda"": 0.9673367125087426}"
801,2026-06-05T19:16:17.314021+00:00,lgbm,ranking_total,801,4660,7,999,0.8396742198594163,737,262,0.4996067589760002,"[""V176"", ""V255"", ""V191"", ""V160"", ""V215"", ""V380"", ""V342""]","{""n_estimators"": 311, ""learning_rate"": 0.15421397382731847, ""num_leaves"": 35, ""min_child_samples"": 22, ""colsample_bytree"": 0.8540806482971977, ""reg_alpha"": 0.9576012401729852, ""reg_lambda"": 1.0696225836019344}"
802,2026-06-05T19:16:44.430836+00:00,lgbm,ranking_total,802,4870,7,993,0.8212579739067396,749,244,0.5028234811452675,"[""V176"", ""V255"", ""V191"", ""V160"", ""V215"", ""V380"", ""V342""]","{""n_estimators"": 374, ""learning_rate"": 0.12261847916101797, ""num_leaves"": 26, ""min_child_samples"": 20, ""colsample_bytree"": 0.7128364450869553, ""reg_alpha"": 0.3231024508496759, ""reg_lambda"": 1.4328746935418466}"
803,2026-06-05T19:17:09.397479+00:00,lgbm,ranking_total,803,4765,7,996,0.8164019701464567,743,253,0.49862149360561114,"[""V176"", ""V255"", ""V191"", ""V160"", ""V215"", ""V380"", ""V342""]","{""n_estimators"": 292, ""learning_rate"": 0.1353329693677191, ""num_leaves"": 32, ""min_child_samples"": 48, ""colsample_bytree"": 0.5026335041755259, ""reg_alpha"": 0.7914687325667801, ""reg_lambda"": 0.9456380824716137}"
804,2026-06-05T19:17:30.085942+00:00,lgbm,ranking_total,804,4610,7,1000,0.831622494867251,734,266,0.49835522519872927,"[""V176"", ""V255"", ""V191"", ""V160"", ""V215"", ""V380"", ""V342""]","{""n_estimators"": 161, ""learning_rate"": 0.17653258538769, ""num_leaves"": 48, ""min_child_samples"": 44, ""colsample_bytree"": 0.8162301114775078, ""reg_alpha"": 0.3570118503554953, ""reg_lambda"": 2.0708527010595725}"
805,2026-06-05T19:18:06.314968+00:00,lgbm,ranking_total,805,4935,7,998,0.7916441570556166,755,243,0.5033850641988942,"[""V176"", ""V255"", ""V191"", ""V160"", ""V215"", ""V380"", ""V342""]","{""n_estimators"": 292, ""learning_rate"": 0.06431517878442508, ""num_leaves"": 46, ""min_child_samples"": 15, ""colsample_bytree"": 0.742304716089661, ""reg_alpha"": 0.43034530106279734, ""reg_lambda"": 0.9524589540271702}"
806,2026-06-05T19:18:27.557320+00:00,lgbm,ranking_total,806,4570,6,1000,0.8258948191162135,718,282,0.500938118943304,"[""V176"", ""V255"", ""V191"", ""V160"", ""V215"", ""V380""]","{""n_estimators"": 172, ""learning_rate"": 0.1591426918877401, ""num_leaves"": 46, ""min_child_samples"": 42, ""colsample_bytree"": 0.9221129955383193, ""reg_alpha"": 0.22855340198212926, ""reg_lambda"": 1.3049128526719964}"
807,2026-06-05T19:18:52.401244+00:00,lgbm,ranking_total,807,4805,7,1000,0.8057967735323321,747,253,0.4963651096748885,"[""V176"", ""V255"", ""V191"", ""V160"", ""V215"", ""V380"", ""V342""]","{""n_estimators"": 125, ""learning_rate"": 0.14465702165861125, ""num_leaves"": 75, ""min_child_samples"": 13, ""colsample_bytree"": 0.6057267111842822, ""reg_alpha"": 0.7047753561453199, ""reg_lambda"": 0.9129671173354077}"
808,2026-06-05T19:19:20.420980+00:00,lgbm,ranking_total,808,4910,7,1000,0.7500122193912242,754,246,0.4973040140961929,"[""V176"", ""V255"", ""V191"", ""V160"", ""V215"", ""V380"", ""V342""]","{""n_estimators"": 215, ""learning_rate"": 0.05168146321802079, ""num_leaves"": 51, ""min_child_samples"": 44, ""colsample_bytree"": 0.533426881772981, ""reg_alpha"": 0.1377274690722804, ""reg_lambda"": 0.6348610842397278}"
809,2026-06-05T19:19:52.200018+00:00,lgbm,ranking_total,809,5040,7,998,0.7661223935985363,762,236,0.49779566001454306,"[""V176"", ""V255"", ""V191"", ""V160"", ""V215"", ""V380"", ""V342""]","{""n_estimators"": 345, ""learning_rate"": 0.06242509271816905, ""num_leaves"": 34, ""min_child_samples"": 47, ""colsample_bytree"": 0.5101733562890481, ""reg_alpha"": 0.8154227676684582, ""reg_lambda"": 0.9722226358509212}"
810,2026-06-05T19:20:22.846731+00:00,lgbm,ranking_total,810,4985,7,1000,0.7852266679103357,759,241,0.5001975294689328,"[""V176"", ""V255"", ""V191"", ""V160"", ""V215"", ""V380"", ""V342""]","{""n_estimators"": 197, ""learning_rate"": 0.07335012645339999, ""num_leaves"": 51, ""min_child_samples"": 31, ""colsample_bytree"": 0.7927047805014813, ""reg_alpha"": 0.46845606065401935, ""reg_lambda"": 0.5884086289128498}"
811,2026-06-05T19:20:44.608378+00:00,lgbm,ranking_total,811,4505,7,1000,0.8242474331829799,727,273,0.5014605360282808,"[""V176"", ""V255"", ""V191"", ""V160"", ""V215"", ""V380"", ""V342""]","{""n_estimators"": 230, ""learning_rate"": 0.17423903028298113, ""num_leaves"": 35, ""min_child_samples"": 33, ""colsample_bytree"": 0.5023240118702073, ""reg_alpha"": 0.5053196534181728, ""reg_lambda"": 1.9173538711110103}"
812,2026-06-05T19:21:13.659448+00:00,lgbm,ranking_total,812,4910,7,1000,0.8309207680915035,754,246,0.5054610348163109,"[""V176"", ""V255"", ""V191"", ""V160"", ""V215"", ""V380"", ""V342""]","{""n_estimators"": 385, ""learning_rate"": 0.10745252948482838, ""num_leaves"": 28, ""min_child_samples"": 23, ""colsample_bytree"": 0.656951593251393, ""reg_alpha"": 0.19844987065712283, ""reg_lambda"": 0.6487246189204254}"
813,2026-06-05T19:21:43.692553+00:00,lgbm,ranking_total,813,4715,7,1000,0.8196160895139489,741,259,0.49505679024908267,"[""V176"", ""V255"", ""V191"", ""V160"", ""V215"", ""V380"", ""V342""]","{""n_estimators"": 180, ""learning_rate"": 0.10229948430227545, ""num_leaves"": 74, ""min_child_samples"": 42, ""colsample_bytree"": 0.7967250111256667, ""reg_alpha"": 0.2556945561374344, ""reg_lambda"": 0.9774186130351397}"
814,2026-06-05T19:22:12.405941+00:00,lgbm,ranking_total,814,4805,7,997,0.8587805260635631,746,251,0.5036409206736898,"[""V176"", ""V255"", ""V191"", ""V160"", ""V215"", ""V380"", ""V342""]","{""n_estimators"": 155, ""learning_rate"": 0.17896548747743599, ""num_leaves"": 60, ""min_child_samples"": 12, ""colsample_bytree"": 0.7047621911441163, ""reg_alpha"": 0.17578892186072992, ""reg_lambda"": 0.7937640135703266}"
815,2026-06-05T19:22:53.626019+00:00,lgbm,ranking_total,815,5140,7,999,0.7456902004052669,769,230,0.4959148824548205,"[""V176"", ""V255"", ""V191"", ""V160"", ""V215"", ""V380"", ""V342""]","{""n_estimators"": 265, ""learning_rate"": 0.0354994412101562, ""num_leaves"": 86, ""min_child_samples"": 41, ""colsample_bytree"": 0.6520774413086766, ""reg_alpha"": 0.7194718052663889, ""reg_lambda"": 0.9811388007129642}"
816,2026-06-05T19:23:38.557312+00:00,lgbm,ranking_total,816,4475,7,1000,0.8830530615536957,725,275,0.4959153479259292,"[""V176"", ""V255"", ""V191"", ""V160"", ""V215"", ""V380"", ""V342""]","{""n_estimators"": 312, ""learning_rate"": 0.17325524305329018, ""num_leaves"": 64, ""min_child_samples"": 41, ""colsample_bytree"": 0.699102391939191, ""reg_alpha"": 0.4901941373641583, ""reg_lambda"": 2.230684010001884}"
817,2026-06-05T19:24:06.152056+00:00,lgbm,ranking_total,817,4780,7,993,0.7770144779130358,743,250,0.498298860390545,"[""V176"", ""V255"", ""V191"", ""V160"", ""V215"", ""V380"", ""V342""]","{""n_estimators"": 184, ""learning_rate"": 0.08847389457890248, ""num_leaves"": 56, ""min_child_samples"": 24, ""colsample_bytree"": 0.6577624442272338, ""reg_alpha"": 0.9656787240533777, ""reg_lambda"": 2.1629282783787627}"
818,2026-06-05T19:25:01.196169+00:00,lgbm,ranking_total,818,4780,7,999,0.8312773966370728,745,254,0.4957024593244063,"[""V176"", ""V255"", ""V191"", ""V160"", ""V215"", ""V380"", ""V342""]","{""n_estimators"": 363, ""learning_rate"": 0.06894443242821491, ""num_leaves"": 65, ""min_child_samples"": 46, ""colsample_bytree"": 0.8255780329051485, ""reg_alpha"": 0.045543921264971976, ""reg_lambda"": 2.1861648199678925}"
819,2026-06-05T19:25:25.568790+00:00,lgbm,ranking_total,819,4800,6,999,0.8023137799327046,733,266,0.5013462109480487,"[""V176"", ""V255"", ""V191"", ""V160"", ""V215"", ""V380""]","{""n_estimators"": 259, ""learning_rate"": 0.1742196842852761, ""num_leaves"": 26, ""min_child_samples"": 33, ""colsample_bytree"": 0.9203410457111882, ""reg_alpha"": 0.8914514807862708, ""reg_lambda"": 2.483911995978624}"
820,2026-06-05T19:26:00.522627+00:00,lgbm,ranking_total,820,4705,6,1000,0.8273305321555381,727,273,0.5014693783372424,"[""V176"", ""V255"", ""V191"", ""V160"", ""V215"", ""V380""]","{""n_estimators"": 296, ""learning_rate"": 0.13730104281469363, ""num_leaves"": 44, ""min_child_samples"": 35, ""colsample_bytree"": 0.6846878829085086, ""reg_alpha"": 0.8160798511486288, ""reg_lambda"": 1.6103515009669394}"
821,2026-06-05T19:26:49.655076+00:00,lgbm,ranking_total,821,4930,7,999,0.7710124084814602,755,244,0.49891592537931556,"[""V176"", ""V255"", ""V191"", ""V160"", ""V215"", ""V380"", ""V342""]","{""n_estimators"": 277, ""learning_rate"": 0.04001539592208849, ""num_leaves"": 69, ""min_child_samples"": 19, ""colsample_bytree"": 0.6893764278788334, ""reg_alpha"": 0.034983273167886964, ""reg_lambda"": 1.8684728383978273}"
822,2026-06-05T19:27:52.765279+00:00,lgbm,ranking_total,822,4595,7,997,0.885363665924855,732,265,0.4980464094918325,"[""V176"", ""V255"", ""V191"", ""V160"", ""V215"", ""V380"", ""V342""]","{""n_estimators"": 339, ""learning_rate"": 0.17048701312872805, ""num_leaves"": 68, ""min_child_samples"": 22, ""colsample_bytree"": 0.6425861833181973, ""reg_alpha"": 0.5666354020213832, ""reg_lambda"": 2.43291022001691}"
823,2026-06-05T19:28:54.113464+00:00,lgbm,ranking_total,823,4760,7,994,0.8341964323228018,742,252,0.4988810727760328,"[""V176"", ""V255"", ""V191"", ""V160"", ""V215"", ""V380"", ""V342""]","{""n_estimators"": 394, ""learning_rate"": 0.08460623421745743, ""num_leaves"": 56, ""min_child_samples"": 15, ""colsample_bytree"": 0.8107008635596273, ""reg_alpha"": 0.8501197183966077, ""reg_lambda"": 2.461904969314843}"
824,2026-06-05T19:29:43.184281+00:00,lgbm,ranking_total,824,4700,7,1000,0.8633701258432822,740,260,0.4960001676894157,"[""V176"", ""V255"", ""V191"", ""V160"", ""V215"", ""V380"", ""V342""]","{""n_estimators"": 316, ""learning_rate"": 0.1131570185234866, ""num_leaves"": 57, ""min_child_samples"": 18, ""colsample_bytree"": 0.9454524019144215, ""reg_alpha"": 0.5333462652317469, ""reg_lambda"": 0.9463688060287243}"
825,2026-06-05T19:30:27.447331+00:00,lgbm,ranking_total,825,4720,7,999,0.78948014001473,741,258,0.49471814781419127,"[""V176"", ""V255"", ""V191"", ""V160"", ""V215"", ""V380"", ""V342""]","{""n_estimators"": 337, ""learning_rate"": 0.06653286022162105, ""num_leaves"": 55, ""min_child_samples"": 48, ""colsample_bytree"": 0.5469626605333721, ""reg_alpha"": 0.7308287484532007, ""reg_lambda"": 1.266789244345024}"
826,2026-06-05T19:31:23.720677+00:00,lgbm,ranking_total,826,4475,7,994,0.9106538651271853,723,271,0.49535238223844336,"[""V176"", ""V255"", ""V191"", ""V160"", ""V215"", ""V380"", ""V342""]","{""n_estimators"": 359, ""learning_rate"": 0.16365324554769406, ""num_leaves"": 61, ""min_child_samples"": 30, ""colsample_bytree"": 0.7426738761715739, ""reg_alpha"": 0.20571135850358557, ""reg_lambda"": 1.6319658170930995}"
827,2026-06-05T19:31:37.249190+00:00,lgbm,ranking_total,827,5160,6,996,0.6847554967189409,756,240,0.4972953019722563,"[""V176"", ""V255"", ""V191"", ""V160"", ""V215"", ""V380""]","{""n_estimators"": 149, ""learning_rate"": 0.045652145234940975, ""num_leaves"": 31, ""min_child_samples"": 29, ""colsample_bytree"": 0.5573869147641228, ""reg_alpha"": 0.8083272120809628, ""reg_lambda"": 1.3863228723622225}"
828,2026-06-05T19:32:11.860261+00:00,lgbm,ranking_total,828,4660,7,999,0.7881189165167986,737,262,0.49689890221481364,"[""V176"", ""V255"", ""V191"", ""V160"", ""V215"", ""V380"", ""V342""]","{""n_estimators"": 237, ""learning_rate"": 0.08757702878330698, ""num_leaves"": 57, ""min_child_samples"": 32, ""colsample_bytree"": 0.5755500758575294, ""reg_alpha"": 0.7070995934844185, ""reg_lambda"": 2.212667603455147}"
829,2026-06-05T19:33:02.474663+00:00,lgbm,ranking_total,829,4550,7,1000,0.8864409752026111,730,270,0.4951822060281172,"[""V176"", ""V255"", ""V191"", ""V160"", ""V215"", ""V380"", ""V342""]","{""n_estimators"": 389, ""learning_rate"": 0.12652208116184796, ""num_leaves"": 48, ""min_child_samples"": 33, ""colsample_bytree"": 0.9737075109167, ""reg_alpha"": 0.1573905759634443, ""reg_lambda"": 2.3547151802525916}"
830,2026-06-05T19:34:05.580555+00:00,lgbm,ranking_total,830,4715,6,998,0.7840070938192626,727,271,0.4979074871013452,"[""V176"", ""V255"", ""V191"", ""V160"", ""V215"", ""V380""]","{""n_estimators"": 388, ""learning_rate"": 0.038872887265708075, ""num_leaves"": 62, ""min_child_samples"": 44, ""colsample_bytree"": 0.9351668240783848, ""reg_alpha"": 0.5199463223116224, ""reg_lambda"": 1.1999817314905346}"
831,2026-06-05T19:34:17.848604+00:00,lgbm,ranking_total,831,5030,6,998,0.7584223003699994,748,250,0.5010185355228121,"[""V176"", ""V255"", ""V191"", ""V160"", ""V215"", ""V380""]","{""n_estimators"": 176, ""learning_rate"": 0.12443566423306492, ""num_leaves"": 23, ""min_child_samples"": 45, ""colsample_bytree"": 0.9869635097768681, ""reg_alpha"": 0.9884836162702976, ""reg_lambda"": 1.9405629076904052}"
832,2026-06-05T19:34:48.987370+00:00,lgbm,ranking_total,832,5050,7,999,0.7204119699914986,763,236,0.4948532697368246,"[""V176"", ""V255"", ""V191"", ""V160"", ""V215"", ""V380"", ""V342""]","{""n_estimators"": 190, ""learning_rate"": 0.037830428039931634, ""num_leaves"": 55, ""min_child_samples"": 42, ""colsample_bytree"": 0.6252327812103375, ""reg_alpha"": 0.47328563744321506, ""reg_lambda"": 1.38551390754491}"
833,2026-06-05T19:35:16.569453+00:00,lgbm,ranking_total,833,4975,7,999,0.7267125896347889,758,241,0.49536599613311494,"[""V176"", ""V255"", ""V191"", ""V160"", ""V215"", ""V380"", ""V342""]","{""n_estimators"": 189, ""learning_rate"": 0.045015492050660424, ""num_leaves"": 67, ""min_child_samples"": 43, ""colsample_bytree"": 0.6230352164772847, ""reg_alpha"": 0.8471861603738227, ""reg_lambda"": 2.3629729527209196}"
834,2026-06-05T19:35:46.195837+00:00,lgbm,ranking_total,834,4780,6,1000,0.850265930050389,732,268,0.49736325963733946,"[""V176"", ""V255"", ""V191"", ""V160"", ""V215"", ""V380""]","{""n_estimators"": 124, ""learning_rate"": 0.157269343678086, ""num_leaves"": 91, ""min_child_samples"": 15, ""colsample_bytree"": 0.8449967439002958, ""reg_alpha"": 0.29177991505559187, ""reg_lambda"": 1.0422795271888057}"
835,2026-06-05T19:36:03.483210+00:00,lgbm,ranking_total,835,4945,7,996,0.7463654362912145,755,241,0.4968098205448773,"[""V176"", ""V255"", ""V191"", ""V160"", ""V215"", ""V380"", ""V342""]","{""n_estimators"": 128, ""learning_rate"": 0.0954113823957816, ""num_leaves"": 55, ""min_child_samples"": 48, ""colsample_bytree"": 0.6229317702915005, ""reg_alpha"": 0.5813176895263321, ""reg_lambda"": 2.0925728394892333}"
836,2026-06-05T19:36:31.254105+00:00,lgbm,ranking_total,836,4830,5,997,0.7896255339368693,721,276,0.5021102334845444,"[""V176"", ""V255"", ""V191"", ""V160"", ""V215""]","{""n_estimators"": 193, ""learning_rate"": 0.10479198040111935, ""num_leaves"": 53, ""min_child_samples"": 14, ""colsample_bytree"": 0.8529647567556287, ""reg_alpha"": 0.14594110003728566, ""reg_lambda"": 1.0740322679215293}"
837,2026-06-05T19:37:40.494879+00:00,lgbm,ranking_total,837,4685,7,1000,0.8560062272588426,739,261,0.4938519790704413,"[""V176"", ""V255"", ""V191"", ""V160"", ""V215"", ""V380"", ""V342""]","{""n_estimators"": 379, ""learning_rate"": 0.08798394772805473, ""num_leaves"": 86, ""min_child_samples"": 32, ""colsample_bytree"": 0.9864666059119348, ""reg_alpha"": 0.9383664592672228, ""reg_lambda"": 1.3084638900940992}"
838,2026-06-05T19:38:14.476471+00:00,lgbm,ranking_total,838,4895,7,1000,0.7514004166876337,753,247,0.4960120882935529,"[""V176"", ""V255"", ""V191"", ""V160"", ""V215"", ""V380"", ""V342""]","{""n_estimators"": 212, ""learning_rate"": 0.05127605460967706, ""num_leaves"": 67, ""min_child_samples"": 33, ""colsample_bytree"": 0.5026051536872729, ""reg_alpha"": 0.6656034875208041, ""reg_lambda"": 0.8546610260606227}"
839,2026-06-05T19:38:54.378718+00:00,lgbm,ranking_total,839,4670,7,1000,0.8354536223168411,738,262,0.49413354634846834,"[""V176"", ""V255"", ""V191"", ""V160"", ""V215"", ""V380"", ""V342""]","{""n_estimators"": 193, ""learning_rate"": 0.11929470729844184, ""num_leaves"": 94, ""min_child_samples"": 29, ""colsample_bytree"": 0.6157257365118792, ""reg_alpha"": 0.06978181563929875, ""reg_lambda"": 1.9690769371537302}"
840,2026-06-05T19:39:46.689384+00:00,lgbm,ranking_total,840,4915,7,999,0.9097898334532244,754,245,0.4954991783311407,"[""V176"", ""V255"", ""V191"", ""V160"", ""V215"", ""V380"", ""V342""]","{""n_estimators"": 320, ""learning_rate"": 0.13678883313607643, ""num_leaves"": 66, ""min_child_samples"": 26, ""colsample_bytree"": 0.6113599518440169, ""reg_alpha"": 0.005431059707653896, ""reg_lambda"": 0.6377968643626288}"
841,2026-06-05T19:40:15.512946+00:00,lgbm,ranking_total,841,4910,7,1000,0.7493807459092977,754,246,0.4984669470088177,"[""V176"", ""V255"", ""V191"", ""V160"", ""V215"", ""V380"", ""V342""]","{""n_estimators"": 229, ""learning_rate"": 0.060615829213099104, ""num_leaves"": 44, ""min_child_samples"": 17, ""colsample_bytree"": 0.7840021638102137, ""reg_alpha"": 0.9501914301599165, ""reg_lambda"": 2.0103348928540328}"
842,2026-06-05T19:40:37.076395+00:00,lgbm,ranking_total,842,4970,7,1000,0.7657848344456049,758,242,0.49655797396669976,"[""V176"", ""V255"", ""V191"", ""V160"", ""V215"", ""V380"", ""V342""]","{""n_estimators"": 136, ""learning_rate"": 0.08792097434846691, ""num_leaves"": 62, ""min_child_samples"": 34, ""colsample_bytree"": 0.7374803534596668, ""reg_alpha"": 0.27981246685290284, ""reg_lambda"": 2.4383400057978806}"
843,2026-06-05T19:40:47.682947+00:00,lgbm,ranking_total,843,5190,5,1000,0.7112995046224663,746,254,0.4969541608001634,"[""V176"", ""V255"", ""V191"", ""V160"", ""V215""]","{""n_estimators"": 104, ""learning_rate"": 0.06645734002437509, ""num_leaves"": 34, ""min_child_samples"": 33, ""colsample_bytree"": 0.9140423925310397, ""reg_alpha"": 0.39643991367437903, ""reg_lambda"": 1.168113045496485}"
844,2026-06-05T19:41:53.109229+00:00,lgbm,ranking_total,844,4520,7,1000,0.8944106615387231,728,272,0.4994834644014054,"[""V176"", ""V255"", ""V191"", ""V160"", ""V215"", ""V380"", ""V342""]","{""n_estimators"": 343, ""learning_rate"": 0.16292568003929747, ""num_leaves"": 81, ""min_child_samples"": 16, ""colsample_bytree"": 0.9424491483238836, ""reg_alpha"": 0.7606034578564053, ""reg_lambda"": 2.139361373252294}"
845,2026-06-05T19:42:45.922262+00:00,lgbm,ranking_total,845,4695,7,998,0.8156615320434016,739,259,0.49723840700247973,"[""V176"", ""V255"", ""V191"", ""V160"", ""V215"", ""V380"", ""V342""]","{""n_estimators"": 361, ""learning_rate"": 0.06310927851800965, ""num_leaves"": 58, ""min_child_samples"": 36, ""colsample_bytree"": 0.6718583619700716, ""reg_alpha"": 0.6376661352605167, ""reg_lambda"": 0.7062700108943298}"
846,2026-06-05T19:43:34.683719+00:00,lgbm,ranking_total,846,4595,7,1000,0.8496753076725967,733,267,0.49857533937454646,"[""V176"", ""V255"", ""V191"", ""V160"", ""V215"", ""V380"", ""V342""]","{""n_estimators"": 326, ""learning_rate"": 0.11847126318960184, ""num_leaves"": 51, ""min_child_samples"": 27, ""colsample_bytree"": 0.5637174019002856, ""reg_alpha"": 0.41535902627685806, ""reg_lambda"": 1.4886508775887193}"
847,2026-06-05T19:44:30.365559+00:00,lgbm,ranking_total,847,4565,7,1000,0.8297179789077544,731,269,0.4940692898446056,"[""V176"", ""V255"", ""V191"", ""V160"", ""V215"", ""V380"", ""V342""]","{""n_estimators"": 362, ""learning_rate"": 0.08978176616798655, ""num_leaves"": 94, ""min_child_samples"": 40, ""colsample_bytree"": 0.6414730077173949, ""reg_alpha"": 0.6969900426526034, ""reg_lambda"": 1.8181229473777842}"
848,2026-06-05T19:45:24.161972+00:00,lgbm,ranking_total,848,4660,7,993,0.8494272858557625,735,258,0.4970764251120848,"[""V176"", ""V255"", ""V191"", ""V160"", ""V215"", ""V380"", ""V342""]","{""n_estimators"": 228, ""learning_rate"": 0.12223771275365902, ""num_leaves"": 83, ""min_child_samples"": 18, ""colsample_bytree"": 0.8785593684795646, ""reg_alpha"": 0.7858765839712443, ""reg_lambda"": 1.3686318059593956}"
849,2026-06-05T19:46:15.033261+00:00,lgbm,ranking_total,849,4845,5,1000,0.7675252213752016,723,277,0.5013697531464854,"[""V176"", ""V255"", ""V191"", ""V160"", ""V215""]","{""n_estimators"": 226, ""learning_rate"": 0.05589563985066533, ""num_leaves"": 84, ""min_child_samples"": 11, ""colsample_bytree"": 0.8118749607607814, ""reg_alpha"": 0.21924469237405542, ""reg_lambda"": 2.12712582044676}"
850,2026-06-05T19:46:33.770212+00:00,lgbm,ranking_total,850,4945,7,999,0.7576463493569452,756,243,0.4994039873563148,"[""V176"", ""V255"", ""V191"", ""V160"", ""V215"", ""V380"", ""V342""]","{""n_estimators"": 301, ""learning_rate"": 0.07184949219428396, ""num_leaves"": 21, ""min_child_samples"": 47, ""colsample_bytree"": 0.659016073890342, ""reg_alpha"": 0.8088215971684857, ""reg_lambda"": 0.7043317543503731}"
851,2026-06-05T19:47:37.601472+00:00,lgbm,ranking_total,851,4955,7,1000,0.7625376008651287,757,243,0.4972263877639316,"[""V176"", ""V255"", ""V191"", ""V160"", ""V215"", ""V380"", ""V342""]","{""n_estimators"": 324, ""learning_rate"": 0.03075058734842075, ""num_leaves"": 80, ""min_child_samples"": 24, ""colsample_bytree"": 0.6140879388384222, ""reg_alpha"": 0.13241881526853305, ""reg_lambda"": 0.6158487491586346}"
852,2026-06-05T19:48:05.635027+00:00,lgbm,ranking_total,852,4790,7,1000,0.8144107759836923,746,254,0.4983743848043926,"[""V176"", ""V255"", ""V191"", ""V160"", ""V215"", ""V380"", ""V342""]","{""n_estimators"": 344, ""learning_rate"": 0.12173457441764231, ""num_leaves"": 29, ""min_child_samples"": 48, ""colsample_bytree"": 0.6932259950674824, ""reg_alpha"": 0.7452809241432536, ""reg_lambda"": 2.1387494268843783}"
853,2026-06-05T19:48:36.596296+00:00,lgbm,ranking_total,853,4785,6,999,0.7756184407096743,732,267,0.4969748673472161,"[""V176"", ""V255"", ""V191"", ""V160"", ""V215"", ""V380""]","{""n_estimators"": 193, ""learning_rate"": 0.08422169666813398, ""num_leaves"": 70, ""min_child_samples"": 39, ""colsample_bytree"": 0.6425537831600612, ""reg_alpha"": 0.8143144471768694, ""reg_lambda"": 1.1372182655027496}"
854,2026-06-05T19:49:06.618390+00:00,lgbm,ranking_total,854,5100,7,986,0.7389485919841702,762,224,0.501494566945722,"[""V176"", ""V255"", ""V191"", ""V160"", ""V215"", ""V380"", ""V342""]","{""n_estimators"": 386, ""learning_rate"": 0.03618555591355511, ""num_leaves"": 27, ""min_child_samples"": 12, ""colsample_bytree"": 0.6095228684871518, ""reg_alpha"": 0.5541125787484725, ""reg_lambda"": 0.6061655505165064}"
855,2026-06-05T19:49:50.927619+00:00,lgbm,ranking_total,855,4715,7,1000,0.8227138481775796,741,259,0.4963779441904101,"[""V176"", ""V255"", ""V191"", ""V160"", ""V215"", ""V380"", ""V342""]","{""n_estimators"": 236, ""learning_rate"": 0.08592046359132124, ""num_leaves"": 72, ""min_child_samples"": 20, ""colsample_bytree"": 0.7563355970926811, ""reg_alpha"": 0.6021073811705163, ""reg_lambda"": 1.173302008475344}"
856,2026-06-05T19:50:23.990881+00:00,lgbm,ranking_total,856,4640,7,1000,0.7872457429717667,736,264,0.4952169034121346,"[""V176"", ""V255"", ""V191"", ""V160"", ""V215"", ""V380"", ""V342""]","{""n_estimators"": 223, ""learning_rate"": 0.09373074226797243, ""num_leaves"": 89, ""min_child_samples"": 44, ""colsample_bytree"": 0.6101798904020557, ""reg_alpha"": 0.7221161090368607, ""reg_lambda"": 1.503043507421029}"
857,2026-06-05T19:50:45.405186+00:00,lgbm,ranking_total,857,4820,6,998,0.8183557928502201,734,264,0.49626535641032615,"[""V176"", ""V255"", ""V191"", ""V160"", ""V215"", ""V380""]","{""n_estimators"": 102, ""learning_rate"": 0.16408278506228663, ""num_leaves"": 85, ""min_child_samples"": 26, ""colsample_bytree"": 0.9421081010169841, ""reg_alpha"": 0.7747804186997524, ""reg_lambda"": 1.2501052024468666}"
858,2026-06-05T19:51:05.394553+00:00,lgbm,ranking_total,858,4925,7,1000,0.791731724908036,755,245,0.4999250172991111,"[""V176"", ""V255"", ""V191"", ""V160"", ""V215"", ""V380"", ""V342""]","{""n_estimators"": 208, ""learning_rate"": 0.12152218010083776, ""num_leaves"": 35, ""min_child_samples"": 38, ""colsample_bytree"": 0.6674542777878598, ""reg_alpha"": 0.6671714284597794, ""reg_lambda"": 1.149172914058496}"
859,2026-06-05T19:51:32.213752+00:00,lgbm,ranking_total,859,4925,7,997,0.7718225382051235,754,243,0.5003431869479755,"[""V176"", ""V255"", ""V191"", ""V160"", ""V215"", ""V380"", ""V342""]","{""n_estimators"": 308, ""learning_rate"": 0.09622353586051462, ""num_leaves"": 25, ""min_child_samples"": 20, ""colsample_bytree"": 0.5834302433293691, ""reg_alpha"": 0.822614029575324, ""reg_lambda"": 2.327886097211415}"
860,2026-06-05T19:51:50.013179+00:00,lgbm,ranking_total,860,4825,6,997,0.8020446790299742,734,263,0.5027044231687164,"[""V176"", ""V255"", ""V191"", ""V160"", ""V215"", ""V380""]","{""n_estimators"": 118, ""learning_rate"": 0.15895927326098988, ""num_leaves"": 58, ""min_child_samples"": 23, ""colsample_bytree"": 0.6080724572371659, ""reg_alpha"": 0.32744278922545567, ""reg_lambda"": 0.8606242730193749}"
861,2026-06-05T19:52:13.461832+00:00,lgbm,ranking_total,861,4975,5,998,0.7495869424883238,731,267,0.5002968359521582,"[""V176"", ""V255"", ""V191"", ""V160"", ""V215""]","{""n_estimators"": 341, ""learning_rate"": 0.07315024826520405, ""num_leaves"": 23, ""min_child_samples"": 14, ""colsample_bytree"": 0.9624772678521083, ""reg_alpha"": 0.9141986136932557, ""reg_lambda"": 1.1689257253885117}"
862,2026-06-05T19:52:54.084582+00:00,lgbm,ranking_total,862,4675,7,999,0.8851830877790886,738,261,0.49345651386951433,"[""V176"", ""V255"", ""V191"", ""V160"", ""V215"", ""V380"", ""V342""]","{""n_estimators"": 273, ""learning_rate"": 0.17767316657537346, ""num_leaves"": 66, ""min_child_samples"": 40, ""colsample_bytree"": 0.501882386933539, ""reg_alpha"": 0.18437614310396488, ""reg_lambda"": 2.1445353052421807}"
863,2026-06-05T19:53:38.491618+00:00,lgbm,ranking_total,863,4580,7,1000,0.8748266122360192,732,268,0.493756959216719,"[""V176"", ""V255"", ""V191"", ""V160"", ""V215"", ""V380"", ""V342""]","{""n_estimators"": 319, ""learning_rate"": 0.14583244551156205, ""num_leaves"": 64, ""min_child_samples"": 47, ""colsample_bytree"": 0.7518877573600805, ""reg_alpha"": 0.6153573570632261, ""reg_lambda"": 0.5175792788847504}"
864,2026-06-05T19:54:36.192967+00:00,lgbm,ranking_total,864,4480,7,999,0.8744927143346148,725,274,0.49612059508934014,"[""V176"", ""V255"", ""V191"", ""V160"", ""V215"", ""V380"", ""V342""]","{""n_estimators"": 326, ""learning_rate"": 0.1264225434501659, ""num_leaves"": 98, ""min_child_samples"": 38, ""colsample_bytree"": 0.9559292478923958, ""reg_alpha"": 0.8633642997550811, ""reg_lambda"": 0.7103134323916163}"
865,2026-06-05T19:55:06.831685+00:00,lgbm,ranking_total,865,4790,7,997,0.8188393634689195,745,252,0.5006049937101373,"[""V176"", ""V255"", ""V191"", ""V160"", ""V215"", ""V380"", ""V342""]","{""n_estimators"": 130, ""learning_rate"": 0.15101073523471104, ""num_leaves"": 73, ""min_child_samples"": 16, ""colsample_bytree"": 0.5266307016819429, ""reg_alpha"": 0.07456236158911267, ""reg_lambda"": 1.710087666827256}"
866,2026-06-05T19:56:05.771911+00:00,lgbm,ranking_total,866,4490,7,1000,0.8791666515996567,726,274,0.4976555690555054,"[""V176"", ""V255"", ""V191"", ""V160"", ""V215"", ""V380"", ""V342""]","{""n_estimators"": 394, ""learning_rate"": 0.12931225734816332, ""num_leaves"": 63, ""min_child_samples"": 34, ""colsample_bytree"": 0.8226278635673139, ""reg_alpha"": 0.6810081950998194, ""reg_lambda"": 2.1325382376121302}"
867,2026-06-05T19:56:41.055813+00:00,lgbm,ranking_total,867,4640,7,1000,0.8667033006209186,736,264,0.49437968923492626,"[""V176"", ""V255"", ""V191"", ""V160"", ""V215"", ""V380"", ""V342""]","{""n_estimators"": 202, ""learning_rate"": 0.14431386952974173, ""num_leaves"": 90, ""min_child_samples"": 49, ""colsample_bytree"": 0.9837930630824365, ""reg_alpha"": 0.09490010466967902, ""reg_lambda"": 0.6629669598331307}"
868,2026-06-05T19:57:21.544411+00:00,lgbm,ranking_total,868,4525,7,999,0.858308133425522,728,271,0.4985871013065155,"[""V176"", ""V255"", ""V191"", ""V160"", ""V215"", ""V380"", ""V342""]","{""n_estimators"": 380, ""learning_rate"": 0.13630357240896745, ""num_leaves"": 39, ""min_child_samples"": 36, ""colsample_bytree"": 0.6962773166164947, ""reg_alpha"": 0.6068894830925998, ""reg_lambda"": 1.6018551608372935}"
869,2026-06-05T19:58:03.743223+00:00,lgbm,ranking_total,869,4715,7,1000,0.8683082327923943,741,259,0.4939309396316771,"[""V176"", ""V255"", ""V191"", ""V160"", ""V215"", ""V380"", ""V342""]","{""n_estimators"": 239, ""learning_rate"": 0.15272139676874358, ""num_leaves"": 81, ""min_child_samples"": 35, ""colsample_bytree"": 0.5640667667399968, ""reg_alpha"": 0.05951589531603152, ""reg_lambda"": 2.18243721741242}"
870,2026-06-05T19:58:28.813953+00:00,lgbm,ranking_total,870,4910,7,1000,0.7880687822652771,754,246,0.4954356713559574,"[""V176"", ""V255"", ""V191"", ""V160"", ""V215"", ""V380"", ""V342""]","{""n_estimators"": 116, ""learning_rate"": 0.09875905434021509, ""num_leaves"": 88, ""min_child_samples"": 26, ""colsample_bytree"": 0.8415890074528753, ""reg_alpha"": 0.753873103551075, ""reg_lambda"": 0.7874749664607479}"
871,2026-06-05T19:59:09.008815+00:00,lgbm,ranking_total,871,4985,7,1000,0.827867282027021,759,241,0.500708601698633,"[""V176"", ""V255"", ""V191"", ""V160"", ""V215"", ""V380"", ""V342""]","{""n_estimators"": 319, ""learning_rate"": 0.0892865250679761, ""num_leaves"": 46, ""min_child_samples"": 21, ""colsample_bytree"": 0.8083656058989444, ""reg_alpha"": 0.6090372225077355, ""reg_lambda"": 0.8597275022619397}"
872,2026-06-05T19:59:49.957111+00:00,lgbm,ranking_total,872,4715,7,994,0.8491780223134945,739,255,0.4955031700988918,"[""V176"", ""V255"", ""V191"", ""V160"", ""V215"", ""V380"", ""V342""]","{""n_estimators"": 202, ""learning_rate"": 0.1592013389785336, ""num_leaves"": 78, ""min_child_samples"": 30, ""colsample_bytree"": 0.7632556861530577, ""reg_alpha"": 0.9179191818275771, ""reg_lambda"": 0.8538042203409313}"
873,2026-06-05T20:00:05.286144+00:00,lgbm,ranking_total,873,5100,5,997,0.7055303476634127,739,258,0.49659534220908863,"[""V176"", ""V255"", ""V191"", ""V160"", ""V215""]","{""n_estimators"": 105, ""learning_rate"": 0.04517663773656351, ""num_leaves"": 53, ""min_child_samples"": 27, ""colsample_bytree"": 0.9540538579184757, ""reg_alpha"": 0.616557733369362, ""reg_lambda"": 1.9540935255353262}"
874,2026-06-05T20:01:10.896022+00:00,lgbm,ranking_total,874,4515,7,995,0.9157301864988217,726,269,0.4967161210916696,"[""V176"", ""V255"", ""V191"", ""V160"", ""V215"", ""V380"", ""V342""]","{""n_estimators"": 267, ""learning_rate"": 0.15214467961694092, ""num_leaves"": 99, ""min_child_samples"": 15, ""colsample_bytree"": 0.990253249055209, ""reg_alpha"": 0.19467613255873006, ""reg_lambda"": 1.4230809682982266}"
875,2026-06-05T20:01:37.542397+00:00,lgbm,ranking_total,875,4590,5,1000,0.8096990195194607,706,294,0.4984549630463116,"[""V176"", ""V255"", ""V191"", ""V160"", ""V215""]","{""n_estimators"": 115, ""learning_rate"": 0.16038183148783297, ""num_leaves"": 88, ""min_child_samples"": 12, ""colsample_bytree"": 0.9968342695375523, ""reg_alpha"": 0.6691520379823099, ""reg_lambda"": 1.6091695863709978}"
876,2026-06-05T20:02:28.125211+00:00,lgbm,ranking_total,876,4675,6,1000,0.8362353874459564,725,275,0.5012854050179607,"[""V176"", ""V255"", ""V191"", ""V160"", ""V215"", ""V380""]","{""n_estimators"": 334, ""learning_rate"": 0.12378077278701619, ""num_leaves"": 58, ""min_child_samples"": 10, ""colsample_bytree"": 0.5792106958046628, ""reg_alpha"": 0.7149084468748947, ""reg_lambda"": 1.5752111204228423}"
877,2026-06-05T20:03:27.748863+00:00,lgbm,ranking_total,877,4895,7,1000,0.8361874332642868,753,247,0.4990574746320901,"[""V176"", ""V255"", ""V191"", ""V160"", ""V215"", ""V380"", ""V342""]","{""n_estimators"": 390, ""learning_rate"": 0.05672007023402505, ""num_leaves"": 61, ""min_child_samples"": 26, ""colsample_bytree"": 0.9088297270083838, ""reg_alpha"": 0.14025349640592766, ""reg_lambda"": 0.7803325163556769}"
878,2026-06-05T20:04:19.319416+00:00,lgbm,ranking_total,878,4820,7,997,0.8004767630430271,747,250,0.4968655206627279,"[""V176"", ""V255"", ""V191"", ""V160"", ""V215"", ""V380"", ""V342""]","{""n_estimators"": 275, ""learning_rate"": 0.06013478028070012, ""num_leaves"": 64, ""min_child_samples"": 31, ""colsample_bytree"": 0.8976664715369436, ""reg_alpha"": 0.15618105234869495, ""reg_lambda"": 2.0768834487590047}"
879,2026-06-05T20:04:45.512179+00:00,lgbm,ranking_total,879,4875,7,998,0.7871505816384646,751,247,0.49886904333192306,"[""V176"", ""V255"", ""V191"", ""V160"", ""V215"", ""V380"", ""V342""]","{""n_estimators"": 197, ""learning_rate"": 0.0893382962629945, ""num_leaves"": 49, ""min_child_samples"": 34, ""colsample_bytree"": 0.8054115084586981, ""reg_alpha"": 0.7876148790217693, ""reg_lambda"": 0.9939103931440594}"
880,2026-06-05T20:05:15.826248+00:00,lgbm,ranking_total,880,4890,7,998,0.8287072566027146,752,246,0.4967802553546394,"[""V176"", ""V255"", ""V191"", ""V160"", ""V215"", ""V380"", ""V342""]","{""n_estimators"": 223, ""learning_rate"": 0.13866090825267768, ""num_leaves"": 52, ""min_child_samples"": 29, ""colsample_bytree"": 0.5792833322130165, ""reg_alpha"": 0.7534542432245313, ""reg_lambda"": 1.0116309438786404}"
881,2026-06-05T20:05:50.266861+00:00,lgbm,ranking_total,881,5080,7,996,0.7514187010103405,764,232,0.5016815098178715,"[""V176"", ""V255"", ""V191"", ""V160"", ""V215"", ""V380"", ""V342""]","{""n_estimators"": 288, ""learning_rate"": 0.0427857642314233, ""num_leaves"": 43, ""min_child_samples"": 12, ""colsample_bytree"": 0.7354719481765324, ""reg_alpha"": 0.17707315408131385, ""reg_lambda"": 1.4376766209110499}"
882,2026-06-05T20:06:15.072903+00:00,lgbm,ranking_total,882,4940,7,1000,0.7893813415148975,756,244,0.4991565337615788,"[""V176"", ""V255"", ""V191"", ""V160"", ""V215"", ""V380"", ""V342""]","{""n_estimators"": 164, ""learning_rate"": 0.09480882126688676, ""num_leaves"": 56, ""min_child_samples"": 25, ""colsample_bytree"": 0.859099520007399, ""reg_alpha"": 0.08185905474497268, ""reg_lambda"": 2.4742532259310632}"
883,2026-06-05T20:06:36.884447+00:00,lgbm,ranking_total,883,5105,7,1000,0.7421365855825274,767,233,0.4991712074176724,"[""V176"", ""V255"", ""V191"", ""V160"", ""V215"", ""V380"", ""V342""]","{""n_estimators"": 376, ""learning_rate"": 0.040908188114818125, ""num_leaves"": 20, ""min_child_samples"": 47, ""colsample_bytree"": 0.6903219558315599, ""reg_alpha"": 0.18076384650682187, ""reg_lambda"": 1.7624610121234476}"
884,2026-06-05T20:07:54.945769+00:00,lgbm,ranking_total,884,4820,7,1000,0.8495371055291101,748,252,0.49640817976085894,"[""V176"", ""V255"", ""V191"", ""V160"", ""V215"", ""V380"", ""V342""]","{""n_estimators"": 300, ""learning_rate"": 0.0762620540223907, ""num_leaves"": 92, ""min_child_samples"": 14, ""colsample_bytree"": 0.7226523350393637, ""reg_alpha"": 0.0676846431384871, ""reg_lambda"": 2.1055262687537004}"
885,2026-06-05T20:08:27.952068+00:00,lgbm,ranking_total,885,4745,7,1000,0.8443542340472554,743,257,0.5005087896082121,"[""V176"", ""V255"", ""V191"", ""V160"", ""V215"", ""V380"", ""V342""]","{""n_estimators"": 341, ""learning_rate"": 0.11827058166224444, ""num_leaves"": 35, ""min_child_samples"": 29, ""colsample_bytree"": 0.9702742294849895, ""reg_alpha"": 0.4673269248864277, ""reg_lambda"": 1.175228698152254}"
886,2026-06-05T20:09:02.377225+00:00,lgbm,ranking_total,886,4805,7,1000,0.8610895503028031,747,253,0.5002671784193236,"[""V176"", ""V255"", ""V191"", ""V160"", ""V215"", ""V380"", ""V342""]","{""n_estimators"": 360, ""learning_rate"": 0.14578438595401266, ""num_leaves"": 34, ""min_child_samples"": 37, ""colsample_bytree"": 0.9680543588311724, ""reg_alpha"": 0.30725238079803097, ""reg_lambda"": 2.3889974429281002}"
887,2026-06-05T20:09:56.638213+00:00,lgbm,ranking_total,887,4840,6,1000,0.8127170319176967,736,264,0.4997356715203754,"[""V176"", ""V255"", ""V191"", ""V160"", ""V215"", ""V380""]","{""n_estimators"": 382, ""learning_rate"": 0.06973994935200406, ""num_leaves"": 49, ""min_child_samples"": 41, ""colsample_bytree"": 0.9463411326331083, ""reg_alpha"": 0.7769938472998787, ""reg_lambda"": 1.3597493066968185}"
888,2026-06-05T20:11:11.377330+00:00,lgbm,ranking_total,888,4700,8,996,0.8485427068166964,752,244,0.4936865813188124,"[""V176"", ""V255"", ""V191"", ""V160"", ""V215"", ""V380"", ""V342"", ""V483""]","{""n_estimators"": 375, ""learning_rate"": 0.09246350039789267, ""num_leaves"": 88, ""min_child_samples"": 28, ""colsample_bytree"": 0.6233926575626086, ""reg_alpha"": 0.728569997821836, ""reg_lambda"": 1.441192617508711}"
889,2026-06-05T20:12:07.710097+00:00,lgbm,ranking_total,889,4545,6,999,0.8638898553566459,716,283,0.4983234918811602,"[""V176"", ""V255"", ""V191"", ""V160"", ""V215"", ""V380""]","{""n_estimators"": 339, ""learning_rate"": 0.10252139387327122, ""num_leaves"": 66, ""min_child_samples"": 27, ""colsample_bytree"": 0.9625037172146713, ""reg_alpha"": 0.6576015383832111, ""reg_lambda"": 0.7659056762432837}"
890,2026-06-05T20:12:54.533932+00:00,lgbm,ranking_total,890,4615,6,1000,0.8887285283603513,721,279,0.4982739999862184,"[""V176"", ""V255"", ""V191"", ""V160"", ""V215"", ""V380""]","{""n_estimators"": 238, ""learning_rate"": 0.16762743451592818, ""num_leaves"": 81, ""min_child_samples"": 19, ""colsample_bytree"": 0.6466937117475153, ""reg_alpha"": 0.12915142085205444, ""reg_lambda"": 1.7171286702192075}"
891,2026-06-05T20:13:59.510122+00:00,lgbm,ranking_total,891,4670,7,1000,0.8421275859594367,738,262,0.49505041091576285,"[""V176"", ""V255"", ""V191"", ""V160"", ""V215"", ""V380"", ""V342""]","{""n_estimators"": 322, ""learning_rate"": 0.09634868727319684, ""num_leaves"": 87, ""min_child_samples"": 17, ""colsample_bytree"": 0.5749878112453433, ""reg_alpha"": 0.8329825469527987, ""reg_lambda"": 1.2396490073340756}"
892,2026-06-05T20:14:53.864002+00:00,lgbm,ranking_total,892,4985,7,1000,0.7605773161434375,759,241,0.49619901439722963,"[""V176"", ""V255"", ""V191"", ""V160"", ""V215"", ""V380"", ""V342""]","{""n_estimators"": 301, ""learning_rate"": 0.0460303511324862, ""num_leaves"": 66, ""min_child_samples"": 28, ""colsample_bytree"": 0.5187306875676817, ""reg_alpha"": 0.8019498436370156, ""reg_lambda"": 1.729946823055118}"
893,2026-06-05T20:15:16.685627+00:00,lgbm,ranking_total,893,4915,6,1000,0.7669764521884915,741,259,0.500784802190834,"[""V176"", ""V255"", ""V191"", ""V160"", ""V215"", ""V380""]","{""n_estimators"": 205, ""learning_rate"": 0.08243938900372935, ""num_leaves"": 40, ""min_child_samples"": 22, ""colsample_bytree"": 0.9430806462105807, ""reg_alpha"": 0.5737599951901504, ""reg_lambda"": 1.474972434178517}"
894,2026-06-05T20:15:45.262196+00:00,lgbm,ranking_total,894,4640,7,1000,0.8513326936444653,736,264,0.4948080161958191,"[""V176"", ""V255"", ""V191"", ""V160"", ""V215"", ""V380"", ""V342""]","{""n_estimators"": 192, ""learning_rate"": 0.17553847059849637, ""num_leaves"": 66, ""min_child_samples"": 46, ""colsample_bytree"": 0.8284193319756148, ""reg_alpha"": 0.388889521878523, ""reg_lambda"": 2.458279943951337}"
895,2026-06-05T20:16:01.668670+00:00,lgbm,ranking_total,895,4775,7,1000,0.8069166401139715,745,255,0.49596466829431557,"[""V176"", ""V255"", ""V191"", ""V160"", ""V215"", ""V380"", ""V342""]","{""n_estimators"": 106, ""learning_rate"": 0.15675494918155192, ""num_leaves"": 79, ""min_child_samples"": 47, ""colsample_bytree"": 0.936274144033566, ""reg_alpha"": 0.3002538274401849, ""reg_lambda"": 1.3138344725889892}"
896,2026-06-05T20:16:49.583230+00:00,lgbm,ranking_total,896,4790,7,994,0.8137400225951232,744,250,0.4964638781632967,"[""V176"", ""V255"", ""V191"", ""V160"", ""V215"", ""V380"", ""V342""]","{""n_estimators"": 351, ""learning_rate"": 0.06625086232145275, ""num_leaves"": 52, ""min_child_samples"": 39, ""colsample_bytree"": 0.9492792791304812, ""reg_alpha"": 0.8944902866427653, ""reg_lambda"": 0.8526496270783219}"
897,2026-06-05T20:17:26.017128+00:00,lgbm,ranking_total,897,5030,7,997,0.7663109445866136,761,236,0.5004592013042076,"[""V176"", ""V255"", ""V191"", ""V160"", ""V215"", ""V380"", ""V342""]","{""n_estimators"": 392, ""learning_rate"": 0.057450829711159085, ""num_leaves"": 33, ""min_child_samples"": 17, ""colsample_bytree"": 0.635258028342472, ""reg_alpha"": 0.8777954010950353, ""reg_lambda"": 1.6025074802595265}"
898,2026-06-05T20:18:12.479779+00:00,lgbm,ranking_total,898,4765,7,999,0.803768027166346,744,255,0.49683584617399984,"[""V176"", ""V255"", ""V191"", ""V160"", ""V215"", ""V380"", ""V342""]","{""n_estimators"": 215, ""learning_rate"": 0.07898180890998412, ""num_leaves"": 98, ""min_child_samples"": 33, ""colsample_bytree"": 0.7982120966511332, ""reg_alpha"": 0.7575379987844126, ""reg_lambda"": 2.113647354732139}"
899,2026-06-05T20:18:55.504668+00:00,lgbm,ranking_total,899,4850,7,997,0.8459497900346216,749,248,0.4985538053573181,"[""V176"", ""V255"", ""V191"", ""V160"", ""V215"", ""V380"", ""V342""]","{""n_estimators"": 331, ""learning_rate"": 0.11856332664434939, ""num_leaves"": 43, ""min_child_samples"": 25, ""colsample_bytree"": 0.8573990555605163, ""reg_alpha"": 0.5930529364925613, ""reg_lambda"": 1.549731562777063}"
900,2026-06-05T20:19:16.056930+00:00,lgbm,ranking_total,900,5205,7,998,0.7387217685561658,773,225,0.4991303802152682,"[""V176"", ""V255"", ""V191"", ""V160"", ""V215"", ""V380"", ""V342""]","{""n_estimators"": 308, ""learning_rate"": 0.03988633151929272, ""num_leaves"": 22, ""min_child_samples"": 41, ""colsample_bytree"": 0.9735938689094255, ""reg_alpha"": 0.3198372556906247, ""reg_lambda"": 1.3518891193591787}"
901,2026-06-05T20:20:11.013229+00:00,lgbm,ranking_total,901,4880,7,1000,0.853237686771951,752,248,0.5021984035478696,"[""V176"", ""V255"", ""V191"", ""V160"", ""V215"", ""V380"", ""V342""]","{""n_estimators"": 341, ""learning_rate"": 0.07609918902758905, ""num_leaves"": 61, ""min_child_samples"": 16, ""colsample_bytree"": 0.8043373227909554, ""reg_alpha"": 0.27254043582678344, ""reg_lambda"": 0.6390711423879711}"
902,2026-06-05T20:20:25.275224+00:00,lgbm,ranking_total,902,4880,7,1000,0.7706035923995477,752,248,0.49859549591503494,"[""V176"", ""V255"", ""V191"", ""V160"", ""V215"", ""V380"", ""V342""]","{""n_estimators"": 157, ""learning_rate"": 0.11611910209509764, ""num_leaves"": 31, ""min_child_samples"": 32, ""colsample_bytree"": 0.9829148198577009, ""reg_alpha"": 0.8467510331585772, ""reg_lambda"": 2.1546451743967343}"
903,2026-06-05T20:20:42.559114+00:00,lgbm,ranking_total,903,5235,5,1000,0.6909751167709938,749,251,0.49721869169155036,"[""V176"", ""V255"", ""V191"", ""V160"", ""V215""]","{""n_estimators"": 166, ""learning_rate"": 0.046697646496363376, ""num_leaves"": 27, ""min_child_samples"": 48, ""colsample_bytree"": 0.5502426279525268, ""reg_alpha"": 0.9856787460458561, ""reg_lambda"": 1.9740469597918984}"
904,2026-06-05T20:21:26.376116+00:00,lgbm,ranking_total,904,4730,7,1000,0.8669847668775429,742,258,0.4977648878466052,"[""V176"", ""V255"", ""V191"", ""V160"", ""V215"", ""V380"", ""V342""]","{""n_estimators"": 340, ""learning_rate"": 0.14992430576078253, ""num_leaves"": 92, ""min_child_samples"": 48, ""colsample_bytree"": 0.6911242165134653, ""reg_alpha"": 0.8684325373106739, ""reg_lambda"": 1.0918639129984562}"
905,2026-06-05T20:22:18.195055+00:00,lgbm,ranking_total,905,4455,6,999,0.8688163687439743,710,289,0.49918436143162387,"[""V176"", ""V255"", ""V191"", ""V160"", ""V215"", ""V380""]","{""n_estimators"": 344, ""learning_rate"": 0.169646401190537, ""num_leaves"": 59, ""min_child_samples"": 13, ""colsample_bytree"": 0.533136105275058, ""reg_alpha"": 0.5715264491710697, ""reg_lambda"": 1.5866337831404684}"
906,2026-06-05T20:23:07.722177+00:00,lgbm,ranking_total,906,4775,7,1000,0.7990792574674034,745,255,0.49617370332050686,"[""V176"", ""V255"", ""V191"", ""V160"", ""V215"", ""V380"", ""V342""]","{""n_estimators"": 300, ""learning_rate"": 0.06028000140457878, ""num_leaves"": 70, ""min_child_samples"": 34, ""colsample_bytree"": 0.644663313124207, ""reg_alpha"": 0.5416372444409413, ""reg_lambda"": 2.0466236433236005}"
907,2026-06-05T20:23:59.507014+00:00,lgbm,ranking_total,907,4425,7,998,0.871461779863896,721,277,0.49686544394426274,"[""V176"", ""V255"", ""V191"", ""V160"", ""V215"", ""V380"", ""V342""]","{""n_estimators"": 390, ""learning_rate"": 0.14525161659146602, ""num_leaves"": 98, ""min_child_samples"": 46, ""colsample_bytree"": 0.8437772424772749, ""reg_alpha"": 0.9981820244768619, ""reg_lambda"": 1.6667902711644476}"
908,2026-06-05T20:24:32.529135+00:00,lgbm,ranking_total,908,4765,7,993,0.7680573843166234,742,251,0.49543657665688096,"[""V176"", ""V255"", ""V191"", ""V160"", ""V215"", ""V380"", ""V342""]","{""n_estimators"": 210, ""learning_rate"": 0.0589765041713012, ""num_leaves"": 65, ""min_child_samples"": 34, ""colsample_bytree"": 0.671828251994302, ""reg_alpha"": 0.9393469688055985, ""reg_lambda"": 0.6215703956092133}"
909,2026-06-05T20:25:02.227135+00:00,lgbm,ranking_total,909,4640,7,1000,0.8197800920292486,736,264,0.4955386996485995,"[""V176"", ""V255"", ""V191"", ""V160"", ""V215"", ""V380"", ""V342""]","{""n_estimators"": 206, ""learning_rate"": 0.14037302902042037, ""num_leaves"": 68, ""min_child_samples"": 43, ""colsample_bytree"": 0.5155017600588232, ""reg_alpha"": 0.6824813564296759, ""reg_lambda"": 1.6547505802339706}"
910,2026-06-05T20:26:09.847365+00:00,lgbm,ranking_total,910,4650,8,1000,0.8137353198560042,750,250,0.4941193869520963,"[""V176"", ""V255"", ""V191"", ""V160"", ""V215"", ""V380"", ""V342"", ""V483""]","{""n_estimators"": 388, ""learning_rate"": 0.06062386017063886, ""num_leaves"": 66, ""min_child_samples"": 34, ""colsample_bytree"": 0.5932823420444893, ""reg_alpha"": 0.4247570948246102, ""reg_lambda"": 2.044655684486509}"
911,2026-06-05T20:27:10.899685+00:00,lgbm,ranking_total,911,4805,7,1000,0.8255579644276605,747,253,0.49891375839310803,"[""V176"", ""V255"", ""V191"", ""V160"", ""V215"", ""V380"", ""V342""]","{""n_estimators"": 275, ""learning_rate"": 0.0732452580177621, ""num_leaves"": 83, ""min_child_samples"": 12, ""colsample_bytree"": 0.9063511464058147, ""reg_alpha"": 0.5917030805972463, ""reg_lambda"": 2.224715754089912}"
912,2026-06-05T20:27:45.471250+00:00,lgbm,ranking_total,912,4965,7,995,0.7581190070594388,756,239,0.498106694230511,"[""V176"", ""V255"", ""V191"", ""V160"", ""V215"", ""V380"", ""V342""]","{""n_estimators"": 278, ""learning_rate"": 0.041797784258140305, ""num_leaves"": 47, ""min_child_samples"": 41, ""colsample_bytree"": 0.6923897183050105, ""reg_alpha"": 0.24787535240117642, ""reg_lambda"": 0.7917819349238671}"
913,2026-06-05T20:28:02.788024+00:00,lgbm,ranking_total,913,5090,7,991,0.7667151257700613,763,228,0.5009167217306917,"[""V176"", ""V255"", ""V191"", ""V160"", ""V215"", ""V380"", ""V342""]","{""n_estimators"": 228, ""learning_rate"": 0.10157761160718166, ""num_leaves"": 27, ""min_child_samples"": 21, ""colsample_bytree"": 0.5178891924877271, ""reg_alpha"": 0.429545940011992, ""reg_lambda"": 1.6724899940597495}"
914,2026-06-05T20:28:25.816466+00:00,lgbm,ranking_total,914,4730,7,997,0.8334260176206212,741,256,0.49781890375603716,"[""V176"", ""V255"", ""V191"", ""V160"", ""V215"", ""V380"", ""V342""]","{""n_estimators"": 168, ""learning_rate"": 0.14385364131968448, ""num_leaves"": 54, ""min_child_samples"": 45, ""colsample_bytree"": 0.6649180613916734, ""reg_alpha"": 0.020447879962617987, ""reg_lambda"": 0.6896934550380649}"
915,2026-06-05T20:29:00.039367+00:00,lgbm,ranking_total,915,4790,7,1000,0.8230300684649121,746,254,0.4973718810151816,"[""V176"", ""V255"", ""V191"", ""V160"", ""V215"", ""V380"", ""V342""]","{""n_estimators"": 240, ""learning_rate"": 0.09572112103430284, ""num_leaves"": 56, ""min_child_samples"": 48, ""colsample_bytree"": 0.8740690572349552, ""reg_alpha"": 0.4327938406909677, ""reg_lambda"": 0.691464741541949}"
916,2026-06-05T20:29:20.790677+00:00,lgbm,ranking_total,916,5105,7,1000,0.7505895214786179,767,233,0.5014517242270569,"[""V176"", ""V255"", ""V191"", ""V160"", ""V215"", ""V380"", ""V342""]","{""n_estimators"": 339, ""learning_rate"": 0.058160821165887465, ""num_leaves"": 20, ""min_child_samples"": 11, ""colsample_bytree"": 0.7914839966572226, ""reg_alpha"": 0.5158324712402574, ""reg_lambda"": 0.7152431610491605}"
917,2026-06-05T20:29:53.743743+00:00,lgbm,ranking_total,917,4935,6,999,0.7606369533055851,742,257,0.5008315647052605,"[""V176"", ""V255"", ""V191"", ""V160"", ""V215"", ""V380""]","{""n_estimators"": 336, ""learning_rate"": 0.062414646631250015, ""num_leaves"": 30, ""min_child_samples"": 33, ""colsample_bytree"": 0.9655168098773572, ""reg_alpha"": 0.9404128311644722, ""reg_lambda"": 1.712479290220147}"
918,2026-06-05T20:30:14.384392+00:00,lgbm,ranking_total,918,4940,7,1000,0.7962446222210461,756,244,0.5023632028424965,"[""V176"", ""V255"", ""V191"", ""V160"", ""V215"", ""V380"", ""V342""]","{""n_estimators"": 187, ""learning_rate"": 0.09768840383179252, ""num_leaves"": 41, ""min_child_samples"": 22, ""colsample_bytree"": 0.9995762133889681, ""reg_alpha"": 0.48931866836869875, ""reg_lambda"": 0.6548271843437634}"
919,2026-06-05T20:31:05.853866+00:00,lgbm,ranking_total,919,4695,7,998,0.8973537288681621,739,259,0.49644269786769274,"[""V176"", ""V255"", ""V191"", ""V160"", ""V215"", ""V380"", ""V342""]","{""n_estimators"": 279, ""learning_rate"": 0.16597131669771806, ""num_leaves"": 70, ""min_child_samples"": 15, ""colsample_bytree"": 0.7193352311050003, ""reg_alpha"": 0.1762754282248874, ""reg_lambda"": 1.9631093293060662}"
920,2026-06-05T20:31:23.993668+00:00,lgbm,ranking_total,920,4815,8,997,0.804197988947901,760,237,0.5018116783295525,"[""V176"", ""V255"", ""V191"", ""V160"", ""V215"", ""V380"", ""V342"", ""V483""]","{""n_estimators"": 102, ""learning_rate"": 0.1268676536542253, ""num_leaves"": 66, ""min_child_samples"": 13, ""colsample_bytree"": 0.9128692141748453, ""reg_alpha"": 0.08672783635286929, ""reg_lambda"": 1.134100485006113}"
921,2026-06-05T20:31:52.518694+00:00,lgbm,ranking_total,921,4730,7,1000,0.8307450944199469,742,258,0.49796252912120315,"[""V176"", ""V255"", ""V191"", ""V160"", ""V215"", ""V380"", ""V342""]","{""n_estimators"": 194, ""learning_rate"": 0.1665493498261879, ""num_leaves"": 45, ""min_child_samples"": 29, ""colsample_bytree"": 0.705818190574117, ""reg_alpha"": 0.7144625659209489, ""reg_lambda"": 1.8252440352613961}"
922,2026-06-05T20:32:10.445887+00:00,lgbm,ranking_total,922,5105,7,1000,0.7518893596083732,767,233,0.5018752166028547,"[""V176"", ""V255"", ""V191"", ""V160"", ""V215"", ""V380"", ""V342""]","{""n_estimators"": 135, ""learning_rate"": 0.07437419892110099, ""num_leaves"": 47, ""min_child_samples"": 15, ""colsample_bytree"": 0.7761214067154218, ""reg_alpha"": 0.3359355130892333, ""reg_lambda"": 1.2263252608532218}"
923,2026-06-05T20:32:52.713970+00:00,lgbm,ranking_total,923,4855,7,999,0.8301751063483351,750,249,0.49901236382251557,"[""V176"", ""V255"", ""V191"", ""V160"", ""V215"", ""V380"", ""V342""]","{""n_estimators"": 319, ""learning_rate"": 0.10220105599055705, ""num_leaves"": 44, ""min_child_samples"": 39, ""colsample_bytree"": 0.6991358642303851, ""reg_alpha"": 0.640544086894377, ""reg_lambda"": 0.549576508718759}"
924,2026-06-05T20:33:18.670014+00:00,lgbm,ranking_total,924,5155,6,1000,0.7035535679879573,757,243,0.49756575644584583,"[""V176"", ""V255"", ""V191"", ""V160"", ""V215"", ""V380""]","{""n_estimators"": 309, ""learning_rate"": 0.03026477242817029, ""num_leaves"": 30, ""min_child_samples"": 32, ""colsample_bytree"": 0.5592484054701117, ""reg_alpha"": 0.7292297831497834, ""reg_lambda"": 0.6754672601271157}"
925,2026-06-05T20:33:45.208756+00:00,lgbm,ranking_total,925,4865,7,1000,0.7706084684520802,751,249,0.49700018187323786,"[""V176"", ""V255"", ""V191"", ""V160"", ""V215"", ""V380"", ""V342""]","{""n_estimators"": 194, ""learning_rate"": 0.09909453727036373, ""num_leaves"": 40, ""min_child_samples"": 47, ""colsample_bytree"": 0.5009315304262272, ""reg_alpha"": 0.6105502476121628, ""reg_lambda"": 1.1512418676268248}"
926,2026-06-05T20:33:57.330630+00:00,lgbm,ranking_total,926,4955,7,1000,0.7575933233746193,757,243,0.5019464956481501,"[""V176"", ""V255"", ""V191"", ""V160"", ""V215"", ""V380"", ""V342""]","{""n_estimators"": 194, ""learning_rate"": 0.12460784770265831, ""num_leaves"": 21, ""min_child_samples"": 25, ""colsample_bytree"": 0.6040586650151036, ""reg_alpha"": 0.502779494881314, ""reg_lambda"": 1.7063876380041068}"
927,2026-06-05T20:35:09.386027+00:00,lgbm,ranking_total,927,4615,7,999,0.8713327388171919,734,265,0.49413805176534226,"[""V176"", ""V255"", ""V191"", ""V160"", ""V215"", ""V380"", ""V342""]","{""n_estimators"": 378, ""learning_rate"": 0.09384856958706388, ""num_leaves"": 99, ""min_child_samples"": 30, ""colsample_bytree"": 0.6037009122836074, ""reg_alpha"": 0.3870325469797534, ""reg_lambda"": 0.6491008492930763}"
928,2026-06-05T20:35:32.931941+00:00,lgbm,ranking_total,928,5115,7,998,0.749817214312848,767,231,0.4980609101336212,"[""V176"", ""V255"", ""V191"", ""V160"", ""V215"", ""V380"", ""V342""]","{""n_estimators"": 213, ""learning_rate"": 0.045068496177799025, ""num_leaves"": 41, ""min_child_samples"": 44, ""colsample_bytree"": 0.9298520529903769, ""reg_alpha"": 0.07897132998244538, ""reg_lambda"": 2.0347631922440015}"
929,2026-06-05T20:36:01.838828+00:00,lgbm,ranking_total,929,4890,6,999,0.768942026458453,739,260,0.5007141966897567,"[""V176"", ""V255"", ""V191"", ""V160"", ""V215"", ""V380""]","{""n_estimators"": 220, ""learning_rate"": 0.07099464979370923, ""num_leaves"": 39, ""min_child_samples"": 38, ""colsample_bytree"": 0.989986473161756, ""reg_alpha"": 0.6560724215353219, ""reg_lambda"": 0.592418868049297}"
930,2026-06-05T20:36:34.224300+00:00,lgbm,ranking_total,930,4770,6,999,0.7845111493678424,731,268,0.5029243841705162,"[""V176"", ""V255"", ""V191"", ""V160"", ""V215"", ""V380""]","{""n_estimators"": 242, ""learning_rate"": 0.07318938007273043, ""num_leaves"": 48, ""min_child_samples"": 11, ""colsample_bytree"": 0.9602974391994721, ""reg_alpha"": 0.4191542590456978, ""reg_lambda"": 1.2988587221509464}"
931,2026-06-05T20:37:40.555515+00:00,lgbm,ranking_total,931,4470,8,997,0.8974740863242706,737,260,0.49670861705440267,"[""V176"", ""V255"", ""V191"", ""V160"", ""V215"", ""V380"", ""V342"", ""V483""]","{""n_estimators"": 366, ""learning_rate"": 0.1743965495998179, ""num_leaves"": 85, ""min_child_samples"": 22, ""colsample_bytree"": 0.9599468833664344, ""reg_alpha"": 0.6814440936210008, ""reg_lambda"": 2.1556139834026826}"
932,2026-06-05T20:38:30.332631+00:00,lgbm,ranking_total,932,4625,7,1000,0.8509892455991699,735,265,0.4947271316944988,"[""V176"", ""V255"", ""V191"", ""V160"", ""V215"", ""V380"", ""V342""]","{""n_estimators"": 275, ""learning_rate"": 0.13563730005242808, ""num_leaves"": 69, ""min_child_samples"": 35, ""colsample_bytree"": 0.6125313595666396, ""reg_alpha"": 0.37688962384087543, ""reg_lambda"": 2.465657393375097}"
933,2026-06-05T20:38:52.888528+00:00,lgbm,ranking_total,933,5180,7,1000,0.7168868735343539,772,228,0.4984545657217607,"[""V176"", ""V255"", ""V191"", ""V160"", ""V215"", ""V380"", ""V342""]","{""n_estimators"": 319, ""learning_rate"": 0.032292302927030336, ""num_leaves"": 24, ""min_child_samples"": 19, ""colsample_bytree"": 0.6371455352477088, ""reg_alpha"": 0.5999934693246346, ""reg_lambda"": 1.5524561333026077}"
934,2026-06-05T20:39:45.197563+00:00,lgbm,ranking_total,934,4615,7,999,0.8670898825596772,734,265,0.49783615199565795,"[""V176"", ""V255"", ""V191"", ""V160"", ""V215"", ""V380"", ""V342""]","{""n_estimators"": 361, ""learning_rate"": 0.12604891199991974, ""num_leaves"": 52, ""min_child_samples"": 31, ""colsample_bytree"": 0.6702947871455667, ""reg_alpha"": 0.4685016743771696, ""reg_lambda"": 2.1424791829512246}"
935,2026-06-05T20:40:37.320134+00:00,lgbm,ranking_total,935,4525,6,1000,0.8693604705109895,715,285,0.5001738801770406,"[""V176"", ""V255"", ""V191"", ""V160"", ""V215"", ""V380""]","{""n_estimators"": 340, ""learning_rate"": 0.15391893910335464, ""num_leaves"": 59, ""min_child_samples"": 19, ""colsample_bytree"": 0.9858453387606598, ""reg_alpha"": 0.9349298317574514, ""reg_lambda"": 2.119440003248414}"
936,2026-06-05T20:41:01.389482+00:00,lgbm,ranking_total,936,4900,7,999,0.810811280099246,753,246,0.49999011373295943,"[""V176"", ""V255"", ""V191"", ""V160"", ""V215"", ""V380"", ""V342""]","{""n_estimators"": 135, ""learning_rate"": 0.12459916153767721, ""num_leaves"": 66, ""min_child_samples"": 16, ""colsample_bytree"": 0.9538842095232507, ""reg_alpha"": 0.5823326684475947, ""reg_lambda"": 2.0314666111388577}"
937,2026-06-05T20:41:58.050042+00:00,lgbm,ranking_total,937,4630,7,999,0.8483727952872374,735,264,0.4948516195713311,"[""V176"", ""V255"", ""V191"", ""V160"", ""V215"", ""V380"", ""V342""]","{""n_estimators"": 307, ""learning_rate"": 0.09681181164629729, ""num_leaves"": 83, ""min_child_samples"": 32, ""colsample_bytree"": 0.6157262318810192, ""reg_alpha"": 0.016149449299008856, ""reg_lambda"": 2.3931012643505536}"
938,2026-06-05T20:42:53.036917+00:00,lgbm,ranking_total,938,4510,7,999,0.8580644293042098,727,272,0.49587054861820495,"[""V176"", ""V255"", ""V191"", ""V160"", ""V215"", ""V380"", ""V342""]","{""n_estimators"": 248, ""learning_rate"": 0.12584810445190697, ""num_leaves"": 96, ""min_child_samples"": 19, ""colsample_bytree"": 0.6812798675678189, ""reg_alpha"": 0.5361419951525627, ""reg_lambda"": 2.0763650103433395}"
939,2026-06-05T20:43:23.807240+00:00,lgbm,ranking_total,939,4970,7,1000,0.8358911661384418,758,242,0.49422677579586743,"[""V176"", ""V255"", ""V191"", ""V160"", ""V215"", ""V380"", ""V342""]","{""n_estimators"": 115, ""learning_rate"": 0.16733262090438214, ""num_leaves"": 96, ""min_child_samples"": 19, ""colsample_bytree"": 0.5192046058994819, ""reg_alpha"": 0.08985642452521059, ""reg_lambda"": 0.9932150228007428}"
940,2026-06-05T20:44:10.497002+00:00,lgbm,ranking_total,940,4730,7,1000,0.8355872783128006,742,258,0.5006615716785715,"[""V176"", ""V255"", ""V191"", ""V160"", ""V215"", ""V380"", ""V342""]","{""n_estimators"": 270, ""learning_rate"": 0.10502173121672467, ""num_leaves"": 64, ""min_child_samples"": 12, ""colsample_bytree"": 0.8397548875954738, ""reg_alpha"": 0.8481176196526362, ""reg_lambda"": 2.2180547380310554}"
941,2026-06-05T20:45:00.824510+00:00,lgbm,ranking_total,941,4895,7,997,0.7453615546135384,752,245,0.49836921672235474,"[""V176"", ""V255"", ""V191"", ""V160"", ""V215"", ""V380"", ""V342""]","{""n_estimators"": 341, ""learning_rate"": 0.035314246531564585, ""num_leaves"": 50, ""min_child_samples"": 26, ""colsample_bytree"": 0.638273375730669, ""reg_alpha"": 0.5900965082601862, ""reg_lambda"": 2.0295494302907127}"
942,2026-06-05T20:45:22.605302+00:00,lgbm,ranking_total,942,4965,5,1000,0.7409887627544647,731,269,0.49849769997018595,"[""V176"", ""V255"", ""V191"", ""V160"", ""V215""]","{""n_estimators"": 172, ""learning_rate"": 0.06486073663926178, ""num_leaves"": 46, ""min_child_samples"": 26, ""colsample_bytree"": 0.9287885074025417, ""reg_alpha"": 0.807646962288985, ""reg_lambda"": 0.8843886875314375}"
943,2026-06-05T20:46:17.431271+00:00,lgbm,ranking_total,943,4565,7,1000,0.8874476584790946,731,269,0.4949316370227175,"[""V176"", ""V255"", ""V191"", ""V160"", ""V215"", ""V380"", ""V342""]","{""n_estimators"": 366, ""learning_rate"": 0.15402731542813725, ""num_leaves"": 67, ""min_child_samples"": 34, ""colsample_bytree"": 0.626343980503779, ""reg_alpha"": 0.5984731494850479, ""reg_lambda"": 0.5404461171014858}"
944,2026-06-05T20:46:48.913148+00:00,lgbm,ranking_total,944,4640,7,1000,0.8379516149984265,736,264,0.4987689715560182,"[""V176"", ""V255"", ""V191"", ""V160"", ""V215"", ""V380"", ""V342""]","{""n_estimators"": 239, ""learning_rate"": 0.12893092016116792, ""num_leaves"": 49, ""min_child_samples"": 34, ""colsample_bytree"": 0.8489519354682555, ""reg_alpha"": 0.7437270864987358, ""reg_lambda"": 1.2174785711284963}"
945,2026-06-05T20:47:20.955558+00:00,lgbm,ranking_total,945,5150,7,1000,0.7338196361300608,770,230,0.4989946758626986,"[""V176"", ""V255"", ""V191"", ""V160"", ""V215"", ""V380"", ""V342""]","{""n_estimators"": 305, ""learning_rate"": 0.04220863420159671, ""num_leaves"": 37, ""min_child_samples"": 11, ""colsample_bytree"": 0.5589449512839131, ""reg_alpha"": 0.8723941680850665, ""reg_lambda"": 2.0966614198790348}"
946,2026-06-05T20:47:49.289662+00:00,lgbm,ranking_total,946,4915,6,1000,0.7742699087417595,741,259,0.5002725274849704,"[""V176"", ""V255"", ""V191"", ""V160"", ""V215"", ""V380""]","{""n_estimators"": 264, ""learning_rate"": 0.07300371130252341, ""num_leaves"": 39, ""min_child_samples"": 37, ""colsample_bytree"": 0.9540928452243695, ""reg_alpha"": 0.9686862449064284, ""reg_lambda"": 1.4433540909270157}"
947,2026-06-05T20:48:03.540586+00:00,lgbm,ranking_total,947,4910,7,1000,0.743015856184721,754,246,0.4968629103683204,"[""V176"", ""V255"", ""V191"", ""V160"", ""V215"", ""V380"", ""V342""]","{""n_estimators"": 107, ""learning_rate"": 0.08923940715983292, ""num_leaves"": 53, ""min_child_samples"": 47, ""colsample_bytree"": 0.5238010752957367, ""reg_alpha"": 0.00035335071267228457, ""reg_lambda"": 1.897431197739619}"
948,2026-06-05T20:48:50.503324+00:00,lgbm,ranking_total,948,4835,7,1000,0.8322337374683898,749,251,0.49981200947416365,"[""V176"", ""V255"", ""V191"", ""V160"", ""V215"", ""V380"", ""V342""]","{""n_estimators"": 378, ""learning_rate"": 0.09621532267087143, ""num_leaves"": 46, ""min_child_samples"": 23, ""colsample_bytree"": 0.7017861960977754, ""reg_alpha"": 0.8755765734204601, ""reg_lambda"": 1.2878419920607984}"
949,2026-06-05T20:49:46.730087+00:00,lgbm,ranking_total,949,4600,7,999,0.8224933987127797,733,266,0.49580039309366664,"[""V176"", ""V255"", ""V191"", ""V160"", ""V215"", ""V380"", ""V342""]","{""n_estimators"": 397, ""learning_rate"": 0.07390322548520947, ""num_leaves"": 86, ""min_child_samples"": 47, ""colsample_bytree"": 0.8957896727036581, ""reg_alpha"": 0.9801407645794796, ""reg_lambda"": 1.6872012623436226}"
950,2026-06-05T20:50:14.926884+00:00,lgbm,ranking_total,950,5240,7,997,0.7359836474821078,775,222,0.49979874302941735,"[""V176"", ""V255"", ""V191"", ""V160"", ""V215"", ""V380"", ""V342""]","{""n_estimators"": 233, ""learning_rate"": 0.04155912531763579, ""num_leaves"": 43, ""min_child_samples"": 10, ""colsample_bytree"": 0.5123746758388903, ""reg_alpha"": 0.8569308777092204, ""reg_lambda"": 0.9310405161416169}"
951,2026-06-05T20:51:09.640776+00:00,lgbm,ranking_total,951,4550,7,1000,0.8793761111858528,730,270,0.49639444846182895,"[""V176"", ""V255"", ""V191"", ""V160"", ""V215"", ""V380"", ""V342""]","{""n_estimators"": 315, ""learning_rate"": 0.15732215314611325, ""num_leaves"": 88, ""min_child_samples"": 32, ""colsample_bytree"": 0.5736524771422072, ""reg_alpha"": 0.4525653150602311, ""reg_lambda"": 1.920327887472171}"
952,2026-06-05T20:51:24.187029+00:00,lgbm,ranking_total,952,4925,7,994,0.7271188416078578,753,241,0.4971885541748901,"[""V176"", ""V255"", ""V191"", ""V160"", ""V215"", ""V380"", ""V342""]","{""n_estimators"": 114, ""learning_rate"": 0.07135354092393348, ""num_leaves"": 49, ""min_child_samples"": 46, ""colsample_bytree"": 0.5632072864303463, ""reg_alpha"": 0.01771726948710084, ""reg_lambda"": 1.997898225515607}"
953,2026-06-05T20:52:17.676927+00:00,lgbm,ranking_total,953,4635,7,998,0.8490423039931192,735,263,0.49634532164859885,"[""V176"", ""V255"", ""V191"", ""V160"", ""V215"", ""V380"", ""V342""]","{""n_estimators"": 270, ""learning_rate"": 0.10431493449081987, ""num_leaves"": 79, ""min_child_samples"": 19, ""colsample_bytree"": 0.6278268425884806, ""reg_alpha"": 0.6282085231742733, ""reg_lambda"": 0.5690624042500461}"
954,2026-06-05T20:53:10.178636+00:00,lgbm,ranking_total,954,4565,7,1000,0.8675780832985382,731,269,0.4972447617532976,"[""V176"", ""V255"", ""V191"", ""V160"", ""V215"", ""V380"", ""V342""]","{""n_estimators"": 298, ""learning_rate"": 0.11058181469544782, ""num_leaves"": 65, ""min_child_samples"": 33, ""colsample_bytree"": 0.9677384430181624, ""reg_alpha"": 0.538757210378008, ""reg_lambda"": 1.402492659859083}"
955,2026-06-05T20:53:46.190121+00:00,lgbm,ranking_total,955,4760,7,1000,0.8342230889972337,744,256,0.5020979205395306,"[""V176"", ""V255"", ""V191"", ""V160"", ""V215"", ""V380"", ""V342""]","{""n_estimators"": 359, ""learning_rate"": 0.10365606083292116, ""num_leaves"": 37, ""min_child_samples"": 26, ""colsample_bytree"": 0.9152015122617274, ""reg_alpha"": 0.36387282250678943, ""reg_lambda"": 1.3086567140580214}"
956,2026-06-05T20:54:15.774692+00:00,lgbm,ranking_total,956,5050,7,999,0.7658761703561483,763,236,0.4964061326704739,"[""V176"", ""V255"", ""V191"", ""V160"", ""V215"", ""V380"", ""V342""]","{""n_estimators"": 191, ""learning_rate"": 0.06433342981092618, ""num_leaves"": 67, ""min_child_samples"": 45, ""colsample_bytree"": 0.8714752153877561, ""reg_alpha"": 0.4792795397405326, ""reg_lambda"": 1.5459523268628672}"
957,2026-06-05T20:55:02.408128+00:00,lgbm,ranking_total,957,4675,7,996,0.8647693628850133,737,259,0.49869859493867724,"[""V176"", ""V255"", ""V191"", ""V160"", ""V215"", ""V380"", ""V342""]","{""n_estimators"": 355, ""learning_rate"": 0.13633782875653688, ""num_leaves"": 48, ""min_child_samples"": 27, ""colsample_bytree"": 0.8737242088455284, ""reg_alpha"": 0.6453864482881154, ""reg_lambda"": 1.8835246349803485}"
958,2026-06-05T20:55:16.300604+00:00,lgbm,ranking_total,958,5075,5,999,0.7369983459896846,738,261,0.49972888760682543,"[""V176"", ""V255"", ""V191"", ""V160"", ""V215""]","{""n_estimators"": 191, ""learning_rate"": 0.08325886022910872, ""num_leaves"": 25, ""min_child_samples"": 33, ""colsample_bytree"": 0.9694030473521387, ""reg_alpha"": 0.08937384596074305, ""reg_lambda"": 1.4172243298166354}"
959,2026-06-05T20:55:51.660125+00:00,lgbm,ranking_total,959,4775,7,1000,0.7583184931307512,745,255,0.4957302125073944,"[""V176"", ""V255"", ""V191"", ""V160"", ""V215"", ""V380"", ""V342""]","{""n_estimators"": 224, ""learning_rate"": 0.051701753566806646, ""num_leaves"": 80, ""min_child_samples"": 42, ""colsample_bytree"": 0.9209115123770312, ""reg_alpha"": 0.9952673501581194, ""reg_lambda"": 1.9114599364882192}"
960,2026-06-05T20:56:23.591973+00:00,lgbm,ranking_total,960,5060,7,997,0.7375894852147153,763,234,0.4962208976345778,"[""V176"", ""V255"", ""V191"", ""V160"", ""V215"", ""V380"", ""V342""]","{""n_estimators"": 224, ""learning_rate"": 0.03698583413494501, ""num_leaves"": 83, ""min_child_samples"": 48, ""colsample_bytree"": 0.6825063327276544, ""reg_alpha"": 0.6387749703273825, ""reg_lambda"": 1.0578340312924626}"
961,2026-06-05T20:57:20.629760+00:00,lgbm,ranking_total,961,4895,7,1000,0.7590059163723094,753,247,0.4964121753168452,"[""V176"", ""V255"", ""V191"", ""V160"", ""V215"", ""V380"", ""V342""]","{""n_estimators"": 289, ""learning_rate"": 0.04153900768998029, ""num_leaves"": 88, ""min_child_samples"": 28, ""colsample_bytree"": 0.6202891418331697, ""reg_alpha"": 0.7190127285093108, ""reg_lambda"": 2.1391040203426956}"
962,2026-06-05T20:57:47.902428+00:00,lgbm,ranking_total,962,4840,7,996,0.8173536036983667,748,248,0.49405715391293836,"[""V176"", ""V255"", ""V191"", ""V160"", ""V215"", ""V380"", ""V342""]","{""n_estimators"": 192, ""learning_rate"": 0.13665472890196478, ""num_leaves"": 77, ""min_child_samples"": 47, ""colsample_bytree"": 0.6220272322089411, ""reg_alpha"": 0.560918005502613, ""reg_lambda"": 1.3034873152950384}"
963,2026-06-05T20:58:36.527138+00:00,lgbm,ranking_total,963,4655,7,1000,0.8469725372144428,737,263,0.49642874355643934,"[""V176"", ""V255"", ""V191"", ""V160"", ""V215"", ""V380"", ""V342""]","{""n_estimators"": 209, ""learning_rate"": 0.13625632033467702, ""num_leaves"": 91, ""min_child_samples"": 11, ""colsample_bytree"": 0.5915204929494633, ""reg_alpha"": 0.37282514779631326, ""reg_lambda"": 2.4662578859908733}"
964,2026-06-05T20:58:56.950635+00:00,lgbm,ranking_total,964,4790,7,1000,0.8580395793991554,746,254,0.506882656777313,"[""V176"", ""V255"", ""V191"", ""V160"", ""V215"", ""V380"", ""V342""]","{""n_estimators"": 317, ""learning_rate"": 0.1703826781724866, ""num_leaves"": 23, ""min_child_samples"": 19, ""colsample_bytree"": 0.9044609709367732, ""reg_alpha"": 0.06357812211580582, ""reg_lambda"": 0.8043003933624364}"
965,2026-06-05T20:59:21.499732+00:00,lgbm,ranking_total,965,4950,7,998,0.8280825801217881,756,242,0.5019892544633338,"[""V176"", ""V255"", ""V191"", ""V160"", ""V215"", ""V380"", ""V342""]","{""n_estimators"": 300, ""learning_rate"": 0.17951866773955866, ""num_leaves"": 29, ""min_child_samples"": 16, ""colsample_bytree"": 0.6326081874484608, ""reg_alpha"": 0.47522164863733396, ""reg_lambda"": 2.1383208429407397}"
966,2026-06-05T21:00:10.000041+00:00,lgbm,ranking_total,966,4490,7,1000,0.8714861645026772,726,274,0.4957950832416029,"[""V176"", ""V255"", ""V191"", ""V160"", ""V215"", ""V380"", ""V342""]","{""n_estimators"": 334, ""learning_rate"": 0.17035874136615564, ""num_leaves"": 81, ""min_child_samples"": 41, ""colsample_bytree"": 0.7672122667325556, ""reg_alpha"": 0.8032492328008608, ""reg_lambda"": 2.0495590264016745}"
967,2026-06-05T21:00:26.345430+00:00,lgbm,ranking_total,967,4840,6,1000,0.7720244723570915,736,264,0.4988184428093724,"[""V176"", ""V255"", ""V191"", ""V160"", ""V215"", ""V380""]","{""n_estimators"": 102, ""learning_rate"": 0.11710106519177879, ""num_leaves"": 61, ""min_child_samples"": 35, ""colsample_bytree"": 0.8798915041795052, ""reg_alpha"": 0.30361115184758436, ""reg_lambda"": 0.640985605551248}"
968,2026-06-05T21:01:09.776062+00:00,lgbm,ranking_total,968,4765,7,999,0.8486916066823921,744,255,0.49632354490583774,"[""V176"", ""V255"", ""V191"", ""V160"", ""V215"", ""V380"", ""V342""]","{""n_estimators"": 367, ""learning_rate"": 0.1139963266059084, ""num_leaves"": 45, ""min_child_samples"": 47, ""colsample_bytree"": 0.7225943045569194, ""reg_alpha"": 0.35761107902891454, ""reg_lambda"": 1.826863428095923}"
969,2026-06-05T21:01:46.889608+00:00,lgbm,ranking_total,969,4560,7,992,0.8867302962426309,728,264,0.49620730532579,"[""V176"", ""V255"", ""V191"", ""V160"", ""V215"", ""V380"", ""V342""]","{""n_estimators"": 246, ""learning_rate"": 0.1624366459285797, ""num_leaves"": 60, ""min_child_samples"": 33, ""colsample_bytree"": 0.6629597427666762, ""reg_alpha"": 0.3533471098090556, ""reg_lambda"": 0.6371416929780414}"
970,2026-06-05T21:02:08.513491+00:00,lgbm,ranking_total,970,4860,6,996,0.758183495068389,736,260,0.49621025287910414,"[""V176"", ""V255"", ""V191"", ""V160"", ""V215"", ""V380""]","{""n_estimators"": 109, ""learning_rate"": 0.0831097626325148, ""num_leaves"": 80, ""min_child_samples"": 29, ""colsample_bytree"": 0.8435552127025845, ""reg_alpha"": 0.3075627391553297, ""reg_lambda"": 1.6415875319480409}"
971,2026-06-05T21:03:15.453702+00:00,lgbm,ranking_total,971,4500,6,999,0.8559082350641074,713,286,0.4990591775150202,"[""V176"", ""V255"", ""V191"", ""V160"", ""V215"", ""V380""]","{""n_estimators"": 391, ""learning_rate"": 0.10609887436419779, ""num_leaves"": 83, ""min_child_samples"": 34, ""colsample_bytree"": 0.7589711023201962, ""reg_alpha"": 0.7915076020894725, ""reg_lambda"": 2.2359714842152716}"
972,2026-06-05T21:03:44.301085+00:00,lgbm,ranking_total,972,4775,7,1000,0.8543987819615896,745,255,0.5048947182918546,"[""V176"", ""V255"", ""V191"", ""V160"", ""V215"", ""V380"", ""V342""]","{""n_estimators"": 386, ""learning_rate"": 0.1664097462275622, ""num_leaves"": 27, ""min_child_samples"": 18, ""colsample_bytree"": 0.6210966039902185, ""reg_alpha"": 0.2076802844479403, ""reg_lambda"": 1.3986020767309992}"
973,2026-06-05T21:04:50.741033+00:00,lgbm,ranking_total,973,4805,7,1000,0.8162567375198353,747,253,0.4952715181945249,"[""V176"", ""V255"", ""V191"", ""V160"", ""V215"", ""V380"", ""V342""]","{""n_estimators"": 286, ""learning_rate"": 0.07173757609600412, ""num_leaves"": 96, ""min_child_samples"": 18, ""colsample_bytree"": 0.6178722746532588, ""reg_alpha"": 0.41043962567887793, ""reg_lambda"": 1.8821929364199146}"
974,2026-06-05T21:05:35.515642+00:00,lgbm,ranking_total,974,4750,6,1000,0.8000228427133438,730,270,0.4985862731481521,"[""V176"", ""V255"", ""V191"", ""V160"", ""V215"", ""V380""]","{""n_estimators"": 285, ""learning_rate"": 0.0953453051847843, ""num_leaves"": 60, ""min_child_samples"": 21, ""colsample_bytree"": 0.6620014124712128, ""reg_alpha"": 0.9215186736574584, ""reg_lambda"": 1.9490642017368365}"
975,2026-06-05T21:05:52.676248+00:00,lgbm,ranking_total,975,5110,6,1000,0.7583583931398458,754,246,0.502997377569239,"[""V176"", ""V255"", ""V191"", ""V160"", ""V215"", ""V380""]","{""n_estimators"": 284, ""learning_rate"": 0.08994154030667878, ""num_leaves"": 20, ""min_child_samples"": 11, ""colsample_bytree"": 0.9744474767950868, ""reg_alpha"": 0.5135997736428858, ""reg_lambda"": 1.0539380203617312}"
976,2026-06-05T21:06:45.683027+00:00,lgbm,ranking_total,976,4790,7,1000,0.781011575891814,746,254,0.4947764225213986,"[""V176"", ""V255"", ""V191"", ""V160"", ""V215"", ""V380"", ""V342""]","{""n_estimators"": 387, ""learning_rate"": 0.05330414789439125, ""num_leaves"": 66, ""min_child_samples"": 47, ""colsample_bytree"": 0.5520974490699595, ""reg_alpha"": 0.7229157337097886, ""reg_lambda"": 1.8404151212567599}"
977,2026-06-05T21:07:34.828920+00:00,lgbm,ranking_total,977,4745,7,1000,0.8875771641462177,743,257,0.4939307943927932,"[""V176"", ""V255"", ""V191"", ""V160"", ""V215"", ""V380"", ""V342""]","{""n_estimators"": 260, ""learning_rate"": 0.12101556852887828, ""num_leaves"": 85, ""min_child_samples"": 31, ""colsample_bytree"": 0.6886749712740947, ""reg_alpha"": 0.19756940778958654, ""reg_lambda"": 0.595557782318469}"
978,2026-06-05T21:07:55.506613+00:00,lgbm,ranking_total,978,5175,5,1000,0.7066160423906622,745,255,0.4972474870345699,"[""V176"", ""V255"", ""V191"", ""V160"", ""V215""]","{""n_estimators"": 227, ""learning_rate"": 0.034436612194462056, ""num_leaves"": 33, ""min_child_samples"": 40, ""colsample_bytree"": 0.7058524820643797, ""reg_alpha"": 0.1969360713987811, ""reg_lambda"": 1.2444388971817402}"
979,2026-06-05T21:08:26.999862+00:00,lgbm,ranking_total,979,4835,7,1000,0.8209977799004698,749,251,0.500424688002107,"[""V176"", ""V255"", ""V191"", ""V160"", ""V215"", ""V380"", ""V342""]","{""n_estimators"": 244, ""learning_rate"": 0.10239794427503555, ""num_leaves"": 50, ""min_child_samples"": 30, ""colsample_bytree"": 0.6879378168320337, ""reg_alpha"": 0.11726116887488292, ""reg_lambda"": 2.0731880254224233}"
980,2026-06-05T21:08:52.144930+00:00,lgbm,ranking_total,980,4850,7,1000,0.783356131222396,750,250,0.4954428982880582,"[""V176"", ""V255"", ""V191"", ""V160"", ""V215"", ""V380"", ""V342""]","{""n_estimators"": 180, ""learning_rate"": 0.10065676295252153, ""num_leaves"": 94, ""min_child_samples"": 48, ""colsample_bytree"": 0.8546002094900366, ""reg_alpha"": 0.9390613824002044, ""reg_lambda"": 2.2215549637951293}"
981,2026-06-05T21:09:18.324129+00:00,lgbm,ranking_total,981,4820,7,1000,0.7614874730269695,748,252,0.49950098885062105,"[""V176"", ""V255"", ""V191"", ""V160"", ""V215"", ""V380"", ""V342""]","{""n_estimators"": 209, ""learning_rate"": 0.054199039680186425, ""num_leaves"": 47, ""min_child_samples"": 26, ""colsample_bytree"": 0.8678613354543672, ""reg_alpha"": 0.5935628388108084, ""reg_lambda"": 0.5194589561392913}"
982,2026-06-05T21:09:58.238739+00:00,lgbm,ranking_total,982,4895,7,1000,0.8244746219790701,753,247,0.4984859479850371,"[""V176"", ""V255"", ""V191"", ""V160"", ""V215"", ""V380"", ""V342""]","{""n_estimators"": 222, ""learning_rate"": 0.08637656161056431, ""num_leaves"": 69, ""min_child_samples"": 16, ""colsample_bytree"": 0.8189714333443311, ""reg_alpha"": 0.668810555992938, ""reg_lambda"": 0.6380218248120708}"
983,2026-06-05T21:10:17.915816+00:00,lgbm,ranking_total,983,4695,6,996,0.8077723920489026,725,271,0.4967719598013389,"[""V176"", ""V255"", ""V191"", ""V160"", ""V215"", ""V380""]","{""n_estimators"": 134, ""learning_rate"": 0.1562223979812195, ""num_leaves"": 73, ""min_child_samples"": 49, ""colsample_bytree"": 0.8595669786554184, ""reg_alpha"": 0.08849778883767934, ""reg_lambda"": 1.7434736733343326}"
984,2026-06-05T21:11:32.329398+00:00,lgbm,ranking_total,984,4715,7,1000,0.8730305648742822,741,259,0.49661817797218993,"[""V176"", ""V255"", ""V191"", ""V160"", ""V215"", ""V380"", ""V342""]","{""n_estimators"": 374, ""learning_rate"": 0.11938814604984901, ""num_leaves"": 82, ""min_child_samples"": 16, ""colsample_bytree"": 0.587825794983552, ""reg_alpha"": 0.5136016496306645, ""reg_lambda"": 2.204016528975627}"
985,2026-06-05T21:11:54.453898+00:00,lgbm,ranking_total,985,4680,7,998,0.7987306907801727,738,260,0.5010296319324159,"[""V176"", ""V255"", ""V191"", ""V160"", ""V215"", ""V380"", ""V342""]","{""n_estimators"": 229, ""learning_rate"": 0.12411323133334416, ""num_leaves"": 37, ""min_child_samples"": 24, ""colsample_bytree"": 0.5720601610863941, ""reg_alpha"": 0.847361868756489, ""reg_lambda"": 0.934680533668871}"
986,2026-06-05T21:12:05.337042+00:00,lgbm,ranking_total,986,5240,5,996,0.6999696204288876,748,248,0.4975827884808268,"[""V176"", ""V255"", ""V191"", ""V160"", ""V215""]","{""n_estimators"": 170, ""learning_rate"": 0.051320453226277554, ""num_leaves"": 21, ""min_child_samples"": 22, ""colsample_bytree"": 0.8266635136876381, ""reg_alpha"": 0.33529427452158433, ""reg_lambda"": 1.734505919199298}"
987,2026-06-05T21:12:51.201955+00:00,lgbm,ranking_total,987,4700,7,1000,0.8879230885951921,740,260,0.49855927101130065,"[""V176"", ""V255"", ""V191"", ""V160"", ""V215"", ""V380"", ""V342""]","{""n_estimators"": 342, ""learning_rate"": 0.12974621582354517, ""num_leaves"": 53, ""min_child_samples"": 21, ""colsample_bytree"": 0.8055861079112651, ""reg_alpha"": 0.38923701078658546, ""reg_lambda"": 0.7301242445072946}"
988,2026-06-05T21:13:17.139184+00:00,lgbm,ranking_total,988,4680,6,999,0.8276628467286822,725,274,0.4983212493885576,"[""V176"", ""V255"", ""V191"", ""V160"", ""V215"", ""V380""]","{""n_estimators"": 141, ""learning_rate"": 0.16545898371808157, ""num_leaves"": 74, ""min_child_samples"": 20, ""colsample_bytree"": 0.7511313999031329, ""reg_alpha"": 0.5997270712199686, ""reg_lambda"": 2.3854510473043624}"
989,2026-06-05T21:13:53.330151+00:00,lgbm,ranking_total,989,4955,7,997,0.7645843116532952,756,241,0.495278993882799,"[""V176"", ""V255"", ""V191"", ""V160"", ""V215"", ""V380"", ""V342""]","{""n_estimators"": 199, ""learning_rate"": 0.04853552541506717, ""num_leaves"": 81, ""min_child_samples"": 31, ""colsample_bytree"": 0.883295906323087, ""reg_alpha"": 0.8533851807574341, ""reg_lambda"": 0.7385863294051784}"
990,2026-06-05T21:14:17.646430+00:00,lgbm,ranking_total,990,4710,7,998,0.8207833599300779,740,258,0.5028694358370053,"[""V176"", ""V255"", ""V191"", ""V160"", ""V215"", ""V380"", ""V342""]","{""n_estimators"": 320, ""learning_rate"": 0.14270226337425843, ""num_leaves"": 29, ""min_child_samples"": 15, ""colsample_bytree"": 0.6337292867307065, ""reg_alpha"": 0.7003911127644066, ""reg_lambda"": 2.2372242526389776}"
991,2026-06-05T21:14:33.509801+00:00,lgbm,ranking_total,991,5210,7,1000,0.7339712224823559,774,226,0.4974407009586083,"[""V176"", ""V255"", ""V191"", ""V160"", ""V215"", ""V380"", ""V342""]","{""n_estimators"": 116, ""learning_rate"": 0.07048358726567577, ""num_leaves"": 52, ""min_child_samples"": 11, ""colsample_bytree"": 0.7270830054336113, ""reg_alpha"": 0.9758956627417817, ""reg_lambda"": 1.8573070150210989}"
992,2026-06-05T21:15:20.814240+00:00,lgbm,ranking_total,992,4675,7,999,0.8853016064485187,738,261,0.4963838398865146,"[""V176"", ""V255"", ""V191"", ""V160"", ""V215"", ""V380"", ""V342""]","{""n_estimators"": 260, ""learning_rate"": 0.16434622020992354, ""num_leaves"": 95, ""min_child_samples"": 19, ""colsample_bytree"": 0.6736459579089451, ""reg_alpha"": 0.674071493572152, ""reg_lambda"": 0.8420995429315496}"
993,2026-06-05T21:15:51.328149+00:00,lgbm,ranking_total,993,4760,7,1000,0.8344169470508696,744,256,0.5003197576875079,"[""V176"", ""V255"", ""V191"", ""V160"", ""V215"", ""V380"", ""V342""]","{""n_estimators"": 367, ""learning_rate"": 0.11835712336199297, ""num_leaves"": 34, ""min_child_samples"": 36, ""colsample_bytree"": 0.6575007357869203, ""reg_alpha"": 0.5535234491486092, ""reg_lambda"": 1.5341635109803833}"
994,2026-06-05T21:15:59.193542+00:00,lgbm,ranking_total,994,4910,6,995,0.7424238275833378,739,256,0.4998015282204065,"[""V176"", ""V255"", ""V191"", ""V160"", ""V215"", ""V380""]","{""n_estimators"": 103, ""learning_rate"": 0.1357334420778819, ""num_leaves"": 27, ""min_child_samples"": 19, ""colsample_bytree"": 0.9584992626414204, ""reg_alpha"": 0.9740024352764628, ""reg_lambda"": 0.9084661076755893}"
995,2026-06-05T21:16:26.193318+00:00,lgbm,ranking_total,995,4560,7,998,0.8257804894588789,730,268,0.4959110115523483,"[""V176"", ""V255"", ""V191"", ""V160"", ""V215"", ""V380"", ""V342""]","{""n_estimators"": 209, ""learning_rate"": 0.13421700671653708, ""num_leaves"": 59, ""min_child_samples"": 47, ""colsample_bytree"": 0.9033105489162331, ""reg_alpha"": 0.7264829572143144, ""reg_lambda"": 2.148557504680534}"
996,2026-06-05T21:16:46.548893+00:00,lgbm,ranking_total,996,4775,7,1000,0.8137430416420492,745,255,0.49851911447959685,"[""V176"", ""V255"", ""V191"", ""V160"", ""V215"", ""V380"", ""V342""]","{""n_estimators"": 109, ""learning_rate"": 0.17138208030012486, ""num_leaves"": 74, ""min_child_samples"": 19, ""colsample_bytree"": 0.5204435158749462, ""reg_alpha"": 0.31276831942058547, ""reg_lambda"": 1.358660551454624}"
997,2026-06-05T21:16:59.861257+00:00,lgbm,ranking_total,997,5210,7,1000,0.7456893741607069,774,226,0.4975205295138522,"[""V176"", ""V255"", ""V191"", ""V160"", ""V215"", ""V380"", ""V342""]","{""n_estimators"": 129, ""learning_rate"": 0.09051546997700607, ""num_leaves"": 40, ""min_child_samples"": 46, ""colsample_bytree"": 0.6825814412003202, ""reg_alpha"": 0.6505913026982332, ""reg_lambda"": 1.7339409966033148}"
998,2026-06-05T21:17:16.092223+00:00,lgbm,ranking_total,998,5155,7,999,0.7611220452313818,770,229,0.5011017964531056,"[""V176"", ""V255"", ""V191"", ""V160"", ""V215"", ""V380"", ""V342""]","{""n_estimators"": 216, ""learning_rate"": 0.09403607604096419, ""num_leaves"": 29, ""min_child_samples"": 23, ""colsample_bytree"": 0.5441166963873899, ""reg_alpha"": 0.25669874103362733, ""reg_lambda"": 1.7408054944284164}"
999,2026-06-05T21:17:46.847146+00:00,lgbm,ranking_total,999,4770,7,998,0.8177264549772657,744,254,0.4949039223719599,"[""V176"", ""V255"", ""V191"", ""V160"", ""V215"", ""V380"", ""V342""]","{""n_estimators"": 266, ""learning_rate"": 0.129465391708181, ""num_leaves"": 47, ""min_child_samples"": 40, ""colsample_bytree"": 0.6061217426446293, ""reg_alpha"": 0.7008223375011806, ""reg_lambda"": 2.1316502841228417}"
1000,2026-06-05T21:18:23.962474+00:00,lgbm,ranking_total,1000,4925,7,1000,0.7875868617497052,755,245,0.4991957621883782,"[""V176"", ""V255"", ""V191"", ""V160"", ""V215"", ""V380"", ""V342""]","{""n_estimators"": 300, ""learning_rate"": 0.06222571273112458, ""num_leaves"": 51, ""min_child_samples"": 35, ""colsample_bytree"": 0.5936700006284776, ""reg_alpha"": 0.05929135849610667, ""reg_lambda"": 2.012127288496283}"
