trial_id,timestamp_utc,model_type,ranking,random_seed,score,k,N,threshold,tp,fp,p_oof_mean,features,hyperparameters
1,2026-06-05T11:15:01.987649+00:00,lgbm,ranking_rf,1,4515,8,1000,0.8613796634072088,741,259,0.494264643130479,"[""V176"", ""V191"", ""V255"", ""V160"", ""V224"", ""V215"", ""V380"", ""V342""]","{""n_estimators"": 272, ""learning_rate"": 0.11892669273375274, ""num_leaves"": 84, ""min_child_samples"": 13, ""colsample_bytree"": 0.9289728088113784, ""reg_alpha"": 0.8472517387841254, ""reg_lambda"": 1.7471273935719447}"
2,2026-06-05T11:15:40.866651+00:00,lgbm,ranking_rf,2,4445,7,1000,0.8754875854455885,723,277,0.49262288272275584,"[""V176"", ""V191"", ""V255"", ""V160"", ""V224"", ""V215"", ""V380""]","{""n_estimators"": 137, ""learning_rate"": 0.17957772164083027, ""num_leaves"": 92, ""min_child_samples"": 19, ""colsample_bytree"": 0.6511662863159199, ""reg_alpha"": 0.14675589081711304, ""reg_lambda"": 0.6846771895375956}"
3,2026-06-05T11:16:52.767041+00:00,lgbm,ranking_rf,3,4665,8,1000,0.8178689885893609,751,249,0.4927892411898306,"[""V176"", ""V191"", ""V255"", ""V160"", ""V224"", ""V215"", ""V380"", ""V342""]","{""n_estimators"": 268, ""learning_rate"": 0.05776231172598103, ""num_leaves"": 92, ""min_child_samples"": 32, ""colsample_bytree"": 0.973865305763939, ""reg_alpha"": 0.48474909678375566, ""reg_lambda"": 1.1410728742232146}"
4,2026-06-05T11:17:53.654873+00:00,lgbm,ranking_rf,4,4545,8,1000,0.8504124875863391,743,257,0.4923666385464001,"[""V176"", ""V191"", ""V255"", ""V160"", ""V224"", ""V215"", ""V380"", ""V342""]","{""n_estimators"": 252, ""learning_rate"": 0.13622217339271572, ""num_leaves"": 76, ""min_child_samples"": 18, ""colsample_bytree"": 0.7554138025988315, ""reg_alpha"": 0.8929469543476547, ""reg_lambda"": 2.292586177866876}"
5,2026-06-05T11:19:12.071688+00:00,lgbm,ranking_rf,5,4420,8,998,0.8830638830687703,734,264,0.49563535864884245,"[""V176"", ""V191"", ""V255"", ""V160"", ""V224"", ""V215"", ""V380"", ""V342""]","{""n_estimators"": 222, ""learning_rate"": 0.16509321832720067, ""num_leaves"": 89, ""min_child_samples"": 11, ""colsample_bytree"": 0.9278104741678237, ""reg_alpha"": 0.6090356014499725, ""reg_lambda"": 1.6951124104274733}"
6,2026-06-05T11:19:55.657338+00:00,lgbm,ranking_rf,6,4635,8,1000,0.8495454043405744,749,251,0.5007532317862904,"[""V176"", ""V191"", ""V255"", ""V160"", ""V224"", ""V215"", ""V380"", ""V342""]","{""n_estimators"": 306, ""learning_rate"": 0.16060984592660646, ""num_leaves"": 36, ""min_child_samples"": 19, ""colsample_bytree"": 0.7442055943974146, ""reg_alpha"": 0.6117438629026457, ""reg_lambda"": 2.031815712960631}"
7,2026-06-05T11:21:33.069606+00:00,lgbm,ranking_rf,7,4585,6,1000,0.8548235027620378,719,281,0.4929491111629346,"[""V176"", ""V191"", ""V255"", ""V160"", ""V224"", ""V215""]","{""n_estimators"": 301, ""learning_rate"": 0.07979697079517659, ""num_leaves"": 99, ""min_child_samples"": 26, ""colsample_bytree"": 0.9925144076163026, ""reg_alpha"": 0.09947169221801577, ""reg_lambda"": 1.7169472339571628}"
8,2026-06-05T11:22:50.769273+00:00,lgbm,ranking_rf,8,4590,8,1000,0.802073482380137,746,254,0.49198014732434014,"[""V176"", ""V191"", ""V255"", ""V160"", ""V224"", ""V215"", ""V380"", ""V342""]","{""n_estimators"": 275, ""learning_rate"": 0.06410086197396977, ""num_leaves"": 87, ""min_child_samples"": 29, ""colsample_bytree"": 0.8617325889154706, ""reg_alpha"": 0.9779895119966027, ""reg_lambda"": 1.5769917408208673}"
9,2026-06-05T11:23:50.893845+00:00,lgbm,ranking_rf,9,4565,6,995,0.8041677730224289,716,279,0.4923234596358994,"[""V176"", ""V191"", ""V255"", ""V160"", ""V224"", ""V215""]","{""n_estimators"": 233, ""learning_rate"": 0.08662754609903955, ""num_leaves"": 83, ""min_child_samples"": 31, ""colsample_bytree"": 0.8830314628867483, ""reg_alpha"": 0.40192511322106916, ""reg_lambda"": 2.24417716977584}"
10,2026-06-05T11:24:42.202664+00:00,lgbm,ranking_rf,10,4595,8,996,0.8446199393800722,745,251,0.4913194573263525,"[""V176"", ""V191"", ""V255"", ""V160"", ""V224"", ""V215"", ""V380"", ""V342""]","{""n_estimators"": 226, ""learning_rate"": 0.1048695546713918, ""num_leaves"": 76, ""min_child_samples"": 32, ""colsample_bytree"": 0.5710555427272692, ""reg_alpha"": 0.21855867562607822, ""reg_lambda"": 1.337016361020905}"
11,2026-06-05T11:25:31.348713+00:00,lgbm,ranking_rf,11,4805,6,998,0.7651302793985998,733,265,0.4994318074784951,"[""V176"", ""V191"", ""V255"", ""V160"", ""V224"", ""V215""]","{""n_estimators"": 365, ""learning_rate"": 0.07481417278284423, ""num_leaves"": 35, ""min_child_samples"": 10, ""colsample_bytree"": 0.7215074738443041, ""reg_alpha"": 0.8319113589712009, ""reg_lambda"": 1.6666434738754725}"
12,2026-06-05T11:26:38.651463+00:00,lgbm,ranking_rf,12,4835,6,995,0.7638706290675692,734,261,0.4966964030739933,"[""V176"", ""V191"", ""V255"", ""V160"", ""V224"", ""V215""]","{""n_estimators"": 291, ""learning_rate"": 0.032921286223143685, ""num_leaves"": 75, ""min_child_samples"": 23, ""colsample_bytree"": 0.9631414801634982, ""reg_alpha"": 0.10517515603771133, ""reg_lambda"": 0.9514254333493233}"
13,2026-06-05T11:26:57.119142+00:00,lgbm,ranking_rf,13,4730,7,994,0.7961460585204543,740,254,0.5058996689911052,"[""V176"", ""V191"", ""V255"", ""V160"", ""V224"", ""V215"", ""V380""]","{""n_estimators"": 255, ""learning_rate"": 0.14100745447731072, ""num_leaves"": 22, ""min_child_samples"": 13, ""colsample_bytree"": 0.8618009016460737, ""reg_alpha"": 0.3504782760049925, ""reg_lambda"": 0.5679283425318427}"
14,2026-06-05T11:27:38.590514+00:00,lgbm,ranking_rf,14,4670,7,1000,0.7761643085593243,738,262,0.49617543256901425,"[""V176"", ""V191"", ""V255"", ""V160"", ""V224"", ""V215"", ""V380""]","{""n_estimators"": 276, ""learning_rate"": 0.06563118300523685, ""num_leaves"": 45, ""min_child_samples"": 45, ""colsample_bytree"": 0.8758307569065782, ""reg_alpha"": 0.6073433442080506, ""reg_lambda"": 2.088042700910767}"
15,2026-06-05T11:28:09.841693+00:00,lgbm,ranking_rf,15,4680,8,1000,0.8527108371855536,752,248,0.5023823900355353,"[""V176"", ""V191"", ""V255"", ""V160"", ""V224"", ""V215"", ""V380"", ""V342""]","{""n_estimators"": 207, ""learning_rate"": 0.16828401577453878, ""num_leaves"": 42, ""min_child_samples"": 17, ""colsample_bytree"": 0.6831411980392297, ""reg_alpha"": 0.1490051098893279, ""reg_lambda"": 0.9025715136170944}"
16,2026-06-05T11:28:36.191421+00:00,lgbm,ranking_rf,16,5065,6,1000,0.7344678942449561,751,249,0.4986294920130973,"[""V176"", ""V191"", ""V255"", ""V160"", ""V224"", ""V215""]","{""n_estimators"": 345, ""learning_rate"": 0.05683438873814977, ""num_leaves"": 20, ""min_child_samples"": 38, ""colsample_bytree"": 0.9093058864600991, ""reg_alpha"": 0.9266428241878765, ""reg_lambda"": 0.5499060646581486}"
17,2026-06-05T11:29:51.081577+00:00,lgbm,ranking_rf,17,4670,8,999,0.8396763046596042,751,248,0.4943401146488819,"[""V176"", ""V191"", ""V255"", ""V160"", ""V224"", ""V215"", ""V380"", ""V342""]","{""n_estimators"": 269, ""learning_rate"": 0.0789984238779135, ""num_leaves"": 89, ""min_child_samples"": 11, ""colsample_bytree"": 0.6543083900421931, ""reg_alpha"": 0.1391945731694164, ""reg_lambda"": 1.9089282784325023}"
18,2026-06-05T11:30:10.801746+00:00,lgbm,ranking_rf,18,4960,6,997,0.7217700891119561,743,254,0.4975699071881494,"[""V176"", ""V191"", ""V255"", ""V160"", ""V224"", ""V215""]","{""n_estimators"": 211, ""learning_rate"": 0.057266665768534036, ""num_leaves"": 26, ""min_child_samples"": 32, ""colsample_bytree"": 0.9444324115958078, ""reg_alpha"": 0.8068213297947158, ""reg_lambda"": 1.3204465010215867}"
19,2026-06-05T11:31:53.124417+00:00,lgbm,ranking_rf,19,4725,8,1000,0.8239110047538397,755,245,0.4974933343046445,"[""V176"", ""V191"", ""V255"", ""V160"", ""V224"", ""V215"", ""V380"", ""V342""]","{""n_estimators"": 398, ""learning_rate"": 0.04140161511166397, ""num_leaves"": 89, ""min_child_samples"": 12, ""colsample_bytree"": 0.6019862024118613, ""reg_alpha"": 0.011506733790797474, ""reg_lambda"": 1.3537829665526069}"
20,2026-06-05T11:32:26.099014+00:00,lgbm,ranking_rf,20,4660,8,998,0.8093914767509552,750,248,0.4967851209634531,"[""V176"", ""V191"", ""V255"", ""V160"", ""V224"", ""V215"", ""V380"", ""V342""]","{""n_estimators"": 193, ""learning_rate"": 0.09457023444911432, ""num_leaves"": 60, ""min_child_samples"": 29, ""colsample_bytree"": 0.5690658437381597, ""reg_alpha"": 0.33144656327093147, ""reg_lambda"": 0.6659991300137857}"
21,2026-06-05T11:33:00.197602+00:00,lgbm,ranking_rf,21,4405,9,997,0.8586866476381069,746,251,0.49759904269888905,"[""V176"", ""V191"", ""V255"", ""V160"", ""V224"", ""V215"", ""V380"", ""V342"", ""V483""]","{""n_estimators"": 371, ""learning_rate"": 0.17316184098817117, ""num_leaves"": 29, ""min_child_samples"": 30, ""colsample_bytree"": 0.5179447928084266, ""reg_alpha"": 0.6917575817588839, ""reg_lambda"": 1.2573618840108163}"
22,2026-06-05T11:33:56.513043+00:00,lgbm,ranking_rf,22,4485,8,1000,0.8227133210891877,739,261,0.4904624982963927,"[""V176"", ""V191"", ""V255"", ""V160"", ""V224"", ""V215"", ""V380"", ""V342""]","{""n_estimators"": 307, ""learning_rate"": 0.07336644896847253, ""num_leaves"": 68, ""min_child_samples"": 45, ""colsample_bytree"": 0.6029613826337195, ""reg_alpha"": 0.0507732566953768, ""reg_lambda"": 1.1045437879292337}"
23,2026-06-05T11:34:19.178978+00:00,lgbm,ranking_rf,23,4680,7,998,0.7795880630766833,738,260,0.4995070651958233,"[""V176"", ""V191"", ""V255"", ""V160"", ""V224"", ""V215"", ""V380""]","{""n_estimators"": 232, ""learning_rate"": 0.10225215926450489, ""num_leaves"": 28, ""min_child_samples"": 41, ""colsample_bytree"": 0.9466550919060888, ""reg_alpha"": 0.23463765301586204, ""reg_lambda"": 0.5227931621730999}"
24,2026-06-05T11:34:54.674087+00:00,lgbm,ranking_rf,24,4465,6,1000,0.817705102932355,711,289,0.49354568736559806,"[""V176"", ""V191"", ""V255"", ""V160"", ""V224"", ""V215""]","{""n_estimators"": 183, ""learning_rate"": 0.13036456877026253, ""num_leaves"": 93, ""min_child_samples"": 41, ""colsample_bytree"": 0.7869541914054952, ""reg_alpha"": 0.441913684354887, ""reg_lambda"": 0.8679902876487255}"
25,2026-06-05T11:35:31.017115+00:00,lgbm,ranking_rf,25,5010,5,1000,0.707701361180724,734,266,0.4967681682036041,"[""V176"", ""V191"", ""V255"", ""V160"", ""V224""]","{""n_estimators"": 292, ""learning_rate"": 0.03792819298788975, ""num_leaves"": 37, ""min_child_samples"": 11, ""colsample_bytree"": 0.9919746345320952, ""reg_alpha"": 0.5090196634817197, ""reg_lambda"": 2.074361801094647}"
26,2026-06-05T11:35:54.951556+00:00,lgbm,ranking_rf,26,4605,8,1000,0.8224980092930458,747,253,0.5018862765283539,"[""V176"", ""V191"", ""V255"", ""V160"", ""V224"", ""V215"", ""V380"", ""V342""]","{""n_estimators"": 232, ""learning_rate"": 0.13440989611552312, ""num_leaves"": 35, ""min_child_samples"": 33, ""colsample_bytree"": 0.7055500639625566, ""reg_alpha"": 0.11737554713471554, ""reg_lambda"": 1.86993748874827}"
27,2026-06-05T11:37:09.017564+00:00,lgbm,ranking_rf,27,4585,7,999,0.8214884586943014,732,267,0.49333782281330796,"[""V176"", ""V191"", ""V255"", ""V160"", ""V224"", ""V215"", ""V380""]","{""n_estimators"": 362, ""learning_rate"": 0.0742374740931738, ""num_leaves"": 97, ""min_child_samples"": 36, ""colsample_bytree"": 0.5542495443967037, ""reg_alpha"": 0.22611233047772372, ""reg_lambda"": 2.0015694572954197}"
28,2026-06-05T11:37:27.164784+00:00,lgbm,ranking_rf,28,4770,6,999,0.7389759729479979,731,268,0.4960927333573958,"[""V176"", ""V191"", ""V255"", ""V160"", ""V224"", ""V215""]","{""n_estimators"": 119, ""learning_rate"": 0.10212022596737415, ""num_leaves"": 51, ""min_child_samples"": 47, ""colsample_bytree"": 0.6922940030074893, ""reg_alpha"": 0.293847121145253, ""reg_lambda"": 2.1819386615335095}"
29,2026-06-05T11:38:12.465971+00:00,lgbm,ranking_rf,29,4820,8,999,0.7845291063169996,761,238,0.4966152265541432,"[""V176"", ""V191"", ""V255"", ""V160"", ""V224"", ""V215"", ""V380"", ""V342""]","{""n_estimators"": 357, ""learning_rate"": 0.05562346409399763, ""num_leaves"": 42, ""min_child_samples"": 42, ""colsample_bytree"": 0.6987961843500585, ""reg_alpha"": 0.7813082062734761, ""reg_lambda"": 1.5219859633062263}"
30,2026-06-05T11:39:15.391127+00:00,lgbm,ranking_rf,30,4545,8,1000,0.8400905403750525,743,257,0.4919442834736394,"[""V176"", ""V191"", ""V255"", ""V160"", ""V224"", ""V215"", ""V380"", ""V342""]","{""n_estimators"": 336, ""learning_rate"": 0.08197486177823288, ""num_leaves"": 60, ""min_child_samples"": 42, ""colsample_bytree"": 0.7451413104411924, ""reg_alpha"": 0.33329412745160514, ""reg_lambda"": 1.1619199324642981}"
31,2026-06-05T11:40:19.205157+00:00,lgbm,ranking_rf,31,4280,7,997,0.8739189379771528,711,286,0.4951145207767142,"[""V176"", ""V191"", ""V255"", ""V160"", ""V224"", ""V215"", ""V380""]","{""n_estimators"": 393, ""learning_rate"": 0.16754669731193983, ""num_leaves"": 65, ""min_child_samples"": 22, ""colsample_bytree"": 0.5818253630513767, ""reg_alpha"": 0.9626078136743187, ""reg_lambda"": 1.1933236807595313}"
32,2026-06-05T11:40:59.168919+00:00,lgbm,ranking_rf,32,4845,8,994,0.746813885865738,761,233,0.4968082572809833,"[""V176"", ""V191"", ""V255"", ""V160"", ""V224"", ""V215"", ""V380"", ""V342""]","{""n_estimators"": 310, ""learning_rate"": 0.034348740307359654, ""num_leaves"": 43, ""min_child_samples"": 38, ""colsample_bytree"": 0.6040827309523606, ""reg_alpha"": 0.13691704884382816, ""reg_lambda"": 2.3167476045798003}"
33,2026-06-05T11:42:09.786318+00:00,lgbm,ranking_rf,33,4770,8,1000,0.7817802445220948,758,242,0.49567755945586894,"[""V176"", ""V191"", ""V255"", ""V160"", ""V224"", ""V215"", ""V380"", ""V342""]","{""n_estimators"": 315, ""learning_rate"": 0.03894847665657604, ""num_leaves"": 74, ""min_child_samples"": 34, ""colsample_bytree"": 0.8769978759313732, ""reg_alpha"": 0.7317397804275537, ""reg_lambda"": 1.2072022274298453}"
34,2026-06-05T11:42:40.126924+00:00,lgbm,ranking_rf,34,4585,7,990,0.8229260296348749,729,261,0.4939622945344998,"[""V176"", ""V191"", ""V255"", ""V160"", ""V224"", ""V215"", ""V380""]","{""n_estimators"": 120, ""learning_rate"": 0.13345238646489616, ""num_leaves"": 86, ""min_child_samples"": 28, ""colsample_bytree"": 0.960345649198814, ""reg_alpha"": 0.10994201056954023, ""reg_lambda"": 2.00184728480935}"
35,2026-06-05T11:43:17.515351+00:00,lgbm,ranking_rf,35,4430,7,997,0.8158334136882792,721,276,0.49496350037185427,"[""V176"", ""V191"", ""V255"", ""V160"", ""V224"", ""V215"", ""V380""]","{""n_estimators"": 222, ""learning_rate"": 0.14701506907870124, ""num_leaves"": 88, ""min_child_samples"": 45, ""colsample_bytree"": 0.5069454241601093, ""reg_alpha"": 0.9361585360849233, ""reg_lambda"": 1.3531487634710668}"
36,2026-06-05T11:44:14.264697+00:00,lgbm,ranking_rf,36,4460,8,996,0.8501980998837341,736,260,0.4936764475402604,"[""V176"", ""V191"", ""V255"", ""V160"", ""V224"", ""V215"", ""V380"", ""V342""]","{""n_estimators"": 301, ""learning_rate"": 0.09746926044115752, ""num_leaves"": 75, ""min_child_samples"": 43, ""colsample_bytree"": 0.623053428819122, ""reg_alpha"": 0.02812563491787612, ""reg_lambda"": 1.8921674357555305}"
37,2026-06-05T11:44:57.401472+00:00,lgbm,ranking_rf,37,4785,8,997,0.759399264175744,758,239,0.49464061992969527,"[""V176"", ""V191"", ""V255"", ""V160"", ""V224"", ""V215"", ""V380"", ""V342""]","{""n_estimators"": 233, ""learning_rate"": 0.043145850153581286, ""num_leaves"": 60, ""min_child_samples"": 43, ""colsample_bytree"": 0.9123794106512273, ""reg_alpha"": 0.8630435005378658, ""reg_lambda"": 0.6824609244348792}"
38,2026-06-05T11:45:44.046013+00:00,lgbm,ranking_rf,38,4700,8,999,0.8011438028151556,753,246,0.49687629913231324,"[""V176"", ""V191"", ""V255"", ""V160"", ""V224"", ""V215"", ""V380"", ""V342""]","{""n_estimators"": 351, ""learning_rate"": 0.05891925434357364, ""num_leaves"": 42, ""min_child_samples"": 45, ""colsample_bytree"": 0.9290893624880314, ""reg_alpha"": 0.06693954842863636, ""reg_lambda"": 1.7493182829838358}"
39,2026-06-05T11:45:57.414191+00:00,lgbm,ranking_rf,39,4795,4,999,0.7298122232074726,706,293,0.5006953817233949,"[""V176"", ""V191"", ""V255"", ""V160""]","{""n_estimators"": 153, ""learning_rate"": 0.16697481633447067, ""num_leaves"": 24, ""min_child_samples"": 12, ""colsample_bytree"": 0.7011369155110199, ""reg_alpha"": 0.9056774571982121, ""reg_lambda"": 1.549490797521574}"
40,2026-06-05T11:46:32.152322+00:00,lgbm,ranking_rf,40,4725,8,1000,0.8138425020363783,755,245,0.5017781957346706,"[""V176"", ""V191"", ""V255"", ""V160"", ""V224"", ""V215"", ""V380"", ""V342""]","{""n_estimators"": 205, ""learning_rate"": 0.14968485319239078, ""num_leaves"": 40, ""min_child_samples"": 16, ""colsample_bytree"": 0.5610249334151005, ""reg_alpha"": 0.602002006791438, ""reg_lambda"": 1.5510291667291674}"
41,2026-06-05T11:47:48.276144+00:00,lgbm,ranking_rf,41,4745,6,992,0.7588441960187998,727,265,0.4996068878333164,"[""V176"", ""V191"", ""V255"", ""V160"", ""V224"", ""V215""]","{""n_estimators"": 319, ""learning_rate"": 0.03830490601677901, ""num_leaves"": 76, ""min_child_samples"": 11, ""colsample_bytree"": 0.7251752934836355, ""reg_alpha"": 0.3039123053407655, ""reg_lambda"": 1.5527990485942909}"
42,2026-06-05T11:48:13.045979+00:00,lgbm,ranking_rf,42,4915,6,1000,0.7255899797259661,741,259,0.49652797466682086,"[""V176"", ""V191"", ""V255"", ""V160"", ""V224"", ""V215""]","{""n_estimators"": 180, ""learning_rate"": 0.053303901452723304, ""num_leaves"": 43, ""min_child_samples"": 31, ""colsample_bytree"": 0.8019328444744065, ""reg_alpha"": 0.19093066277973914, ""reg_lambda"": 1.8370314345206915}"
43,2026-06-05T11:48:36.845544+00:00,lgbm,ranking_rf,43,4845,8,997,0.8263238716071255,762,235,0.5054019156860351,"[""V176"", ""V191"", ""V255"", ""V160"", ""V224"", ""V215"", ""V380"", ""V342""]","{""n_estimators"": 202, ""learning_rate"": 0.1494814480290349, ""num_leaves"": 34, ""min_child_samples"": 17, ""colsample_bytree"": 0.7993292420985183, ""reg_alpha"": 0.15601864044243652, ""reg_lambda"": 0.8119890406724053}"
44,2026-06-05T11:49:58.930788+00:00,lgbm,ranking_rf,44,4570,6,1000,0.7773437066937359,718,282,0.4952466847646636,"[""V176"", ""V191"", ""V255"", ""V160"", ""V224"", ""V215""]","{""n_estimators"": 355, ""learning_rate"": 0.045437213853066, ""num_leaves"": 78, ""min_child_samples"": 26, ""colsample_bytree"": 0.5860662807790155, ""reg_alpha"": 0.8110363919968716, ""reg_lambda"": 0.6494827071739764}"
45,2026-06-05T11:51:19.484386+00:00,lgbm,ranking_rf,45,4605,8,1000,0.8683428105431894,747,253,0.4970585567735146,"[""V176"", ""V191"", ""V255"", ""V160"", ""V224"", ""V215"", ""V380"", ""V342""]","{""n_estimators"": 376, ""learning_rate"": 0.09488125596731464, ""num_leaves"": 65, ""min_child_samples"": 13, ""colsample_bytree"": 0.6802504181281428, ""reg_alpha"": 0.35931083780807194, ""reg_lambda"": 1.7184767612363034}"
46,2026-06-05T11:52:11.374505+00:00,lgbm,ranking_rf,46,4540,7,993,0.8613037412077708,727,266,0.4929084276702944,"[""V176"", ""V191"", ""V255"", ""V160"", ""V224"", ""V215"", ""V380""]","{""n_estimators"": 231, ""learning_rate"": 0.13072195002598386, ""num_leaves"": 81, ""min_child_samples"": 31, ""colsample_bytree"": 0.7222347479859015, ""reg_alpha"": 0.47280796975548534, ""reg_lambda"": 0.5970440018128917}"
47,2026-06-05T11:53:18.955755+00:00,lgbm,ranking_rf,47,4615,8,998,0.8247039047275837,747,251,0.4932649084903587,"[""V176"", ""V191"", ""V255"", ""V160"", ""V224"", ""V215"", ""V380"", ""V342""]","{""n_estimators"": 289, ""learning_rate"": 0.06870702382344793, ""num_leaves"": 78, ""min_child_samples"": 29, ""colsample_bytree"": 0.8790379323249089, ""reg_alpha"": 0.3130769356316798, ""reg_lambda"": 2.3744747149767953}"
48,2026-06-05T11:53:41.396971+00:00,lgbm,ranking_rf,48,4735,9,1000,0.8165179933412512,769,231,0.5009118109249246,"[""V176"", ""V191"", ""V255"", ""V160"", ""V224"", ""V215"", ""V380"", ""V342"", ""V483""]","{""n_estimators"": 235, ""learning_rate"": 0.15776362557837711, ""num_leaves"": 28, ""min_child_samples"": 18, ""colsample_bytree"": 0.91171558704774, ""reg_alpha"": 0.37206340363327506, ""reg_lambda"": 2.456519466632673}"
49,2026-06-05T11:54:03.295975+00:00,lgbm,ranking_rf,49,4680,8,1000,0.7641539478241659,752,248,0.4943309609937466,"[""V176"", ""V191"", ""V255"", ""V160"", ""V224"", ""V215"", ""V380"", ""V342""]","{""n_estimators"": 100, ""learning_rate"": 0.09397256466549626, ""num_leaves"": 88, ""min_child_samples"": 37, ""colsample_bytree"": 0.8468884129039063, ""reg_alpha"": 0.10821174675251732, ""reg_lambda"": 2.4266630608509567}"
50,2026-06-05T11:55:11.450602+00:00,lgbm,ranking_rf,50,4685,8,999,0.8240918191893579,752,247,0.4946861017940022,"[""V176"", ""V191"", ""V255"", ""V160"", ""V224"", ""V215"", ""V380"", ""V342""]","{""n_estimators"": 273, ""learning_rate"": 0.06705927479427215, ""num_leaves"": 74, ""min_child_samples"": 22, ""colsample_bytree"": 0.8416383799874935, ""reg_alpha"": 0.5668846594996723, ""reg_lambda"": 1.5939317604860634}"
51,2026-06-05T11:55:55.783290+00:00,lgbm,ranking_rf,51,4680,8,1000,0.7687567357360456,752,248,0.4955273289294159,"[""V176"", ""V191"", ""V255"", ""V160"", ""V224"", ""V215"", ""V380"", ""V342""]","{""n_estimators"": 276, ""learning_rate"": 0.049376187653932466, ""num_leaves"": 53, ""min_child_samples"": 40, ""colsample_bytree"": 0.6981649548613884, ""reg_alpha"": 0.37731509769112404, ""reg_lambda"": 2.493148460309299}"
52,2026-06-05T11:56:41.447487+00:00,lgbm,ranking_rf,52,4905,8,1000,0.7431978053380295,767,233,0.49363494516954426,"[""V176"", ""V191"", ""V255"", ""V160"", ""V224"", ""V215"", ""V380"", ""V342""]","{""n_estimators"": 157, ""learning_rate"": 0.03670682733044191, ""num_leaves"": 93, ""min_child_samples"": 15, ""colsample_bytree"": 0.8220098635099155, ""reg_alpha"": 0.2842129987402895, ""reg_lambda"": 2.3986756133000102}"
53,2026-06-05T11:57:23.286637+00:00,lgbm,ranking_rf,53,4905,6,999,0.7199144401085956,740,259,0.4963064084381689,"[""V176"", ""V191"", ""V255"", ""V160"", ""V224"", ""V215""]","{""n_estimators"": 256, ""learning_rate"": 0.0339176972354801, ""num_leaves"": 43, ""min_child_samples"": 32, ""colsample_bytree"": 0.8092108846748052, ""reg_alpha"": 0.09828446533689916, ""reg_lambda"": 1.7402626197537177}"
54,2026-06-05T11:57:47.797931+00:00,lgbm,ranking_rf,54,4670,8,999,0.7968913009612061,751,248,0.49514377161370665,"[""V176"", ""V191"", ""V255"", ""V160"", ""V224"", ""V215"", ""V380"", ""V342""]","{""n_estimators"": 125, ""learning_rate"": 0.1318132484270247, ""num_leaves"": 57, ""min_child_samples"": 32, ""colsample_bytree"": 0.8871656044790572, ""reg_alpha"": 0.7242331172209213, ""reg_lambda"": 1.4058264915266077}"
55,2026-06-05T11:58:14.139710+00:00,lgbm,ranking_rf,55,5040,6,999,0.7366288103627898,749,250,0.4979013587159395,"[""V176"", ""V191"", ""V255"", ""V160"", ""V224"", ""V215""]","{""n_estimators"": 211, ""learning_rate"": 0.059089998859807286, ""num_leaves"": 35, ""min_child_samples"": 33, ""colsample_bytree"": 0.995753733509342, ""reg_alpha"": 0.23628026998494156, ""reg_lambda"": 0.9340601111789972}"
56,2026-06-05T11:58:58.796872+00:00,lgbm,ranking_rf,56,4365,8,1000,0.870164449307577,731,269,0.49354991008408616,"[""V176"", ""V191"", ""V255"", ""V160"", ""V224"", ""V215"", ""V380"", ""V342""]","{""n_estimators"": 254, ""learning_rate"": 0.17574838799846812, ""num_leaves"": 49, ""min_child_samples"": 47, ""colsample_bytree"": 0.7655619149036266, ""reg_alpha"": 0.2855442354647988, ""reg_lambda"": 2.225260754103279}"
57,2026-06-05T11:59:34.064658+00:00,lgbm,ranking_rf,57,4565,8,999,0.8236335562794496,744,255,0.49798939832591843,"[""V176"", ""V191"", ""V255"", ""V160"", ""V224"", ""V215"", ""V380"", ""V342""]","{""n_estimators"": 292, ""learning_rate"": 0.13105524370037064, ""num_leaves"": 34, ""min_child_samples"": 33, ""colsample_bytree"": 0.6343252668077108, ""reg_alpha"": 0.9580958892301569, ""reg_lambda"": 0.6923882048920007}"
58,2026-06-05T12:00:38.351516+00:00,lgbm,ranking_rf,58,4605,8,1000,0.7979931581285329,747,253,0.49288706420956535,"[""V176"", ""V191"", ""V255"", ""V160"", ""V224"", ""V215"", ""V380"", ""V342""]","{""n_estimators"": 314, ""learning_rate"": 0.0645715649327592, ""num_leaves"": 99, ""min_child_samples"": 44, ""colsample_bytree"": 0.8512218801899101, ""reg_alpha"": 0.8062254678090192, ""reg_lambda"": 2.3742668599948202}"
59,2026-06-05T12:01:40.006366+00:00,lgbm,ranking_rf,59,4275,8,1000,0.8770054914460218,725,275,0.498700697930031,"[""V176"", ""V191"", ""V255"", ""V160"", ""V224"", ""V215"", ""V380"", ""V342""]","{""n_estimators"": 391, ""learning_rate"": 0.15501320405066674, ""num_leaves"": 45, ""min_child_samples"": 24, ""colsample_bytree"": 0.9812501522735583, ""reg_alpha"": 0.9650639859718202, ""reg_lambda"": 1.57542331948331}"
60,2026-06-05T12:02:22.685979+00:00,lgbm,ranking_rf,60,4615,8,998,0.8479482821624726,747,251,0.4969520526315646,"[""V176"", ""V191"", ""V255"", ""V160"", ""V224"", ""V215"", ""V380"", ""V342""]","{""n_estimators"": 277, ""learning_rate"": 0.15069251815736728, ""num_leaves"": 43, ""min_child_samples"": 25, ""colsample_bytree"": 0.5420784704307291, ""reg_alpha"": 0.5735736839376276, ""reg_lambda"": 1.0638795337258256}"
61,2026-06-05T12:03:08.740929+00:00,lgbm,ranking_rf,61,4645,6,1000,0.7995199198721442,723,277,0.4980497514523535,"[""V176"", ""V191"", ""V255"", ""V160"", ""V224"", ""V215""]","{""n_estimators"": 305, ""learning_rate"": 0.1461976957920333, ""num_leaves"": 30, ""min_child_samples"": 25, ""colsample_bytree"": 0.8158161776727049, ""reg_alpha"": 0.7410731581372827, ""reg_lambda"": 1.99685605463764}"
62,2026-06-05T12:03:33.741681+00:00,lgbm,ranking_rf,62,4510,7,993,0.8105486696678772,725,268,0.4998300948019314,"[""V176"", ""V191"", ""V255"", ""V160"", ""V224"", ""V215"", ""V380""]","{""n_estimators"": 199, ""learning_rate"": 0.15936471124889298, ""num_leaves"": 36, ""min_child_samples"": 44, ""colsample_bytree"": 0.7457478194122256, ""reg_alpha"": 0.5542916208769794, ""reg_lambda"": 0.9746394593066623}"
63,2026-06-05T12:03:47.306037+00:00,lgbm,ranking_rf,63,5015,4,1000,0.7054706574600705,721,279,0.49852601254016315,"[""V176"", ""V191"", ""V255"", ""V160""]","{""n_estimators"": 118, ""learning_rate"": 0.11134514148061071, ""num_leaves"": 29, ""min_child_samples"": 21, ""colsample_bytree"": 0.7057009999048872, ""reg_alpha"": 0.6314153737307647, ""reg_lambda"": 1.081886474532268}"
64,2026-06-05T12:04:24.384081+00:00,lgbm,ranking_rf,64,4780,8,992,0.7822415898685069,756,236,0.49740245322101717,"[""V176"", ""V191"", ""V255"", ""V160"", ""V224"", ""V215"", ""V380"", ""V342""]","{""n_estimators"": 144, ""learning_rate"": 0.10290383956907082, ""num_leaves"": 52, ""min_child_samples"": 27, ""colsample_bytree"": 0.9109119480588979, ""reg_alpha"": 0.747134048491792, ""reg_lambda"": 2.0710991361154134}"
65,2026-06-05T12:05:14.557002+00:00,lgbm,ranking_rf,65,4585,6,1000,0.8040077156873033,719,281,0.49348592854934686,"[""V176"", ""V191"", ""V255"", ""V160"", ""V224"", ""V215""]","{""n_estimators"": 219, ""learning_rate"": 0.11277179628118034, ""num_leaves"": 71, ""min_child_samples"": 31, ""colsample_bytree"": 0.8077179242359511, ""reg_alpha"": 0.8637684234480363, ""reg_lambda"": 1.934906531793765}"
66,2026-06-05T12:06:04.967762+00:00,lgbm,ranking_rf,66,4945,6,1000,0.7169747046925666,743,257,0.4949244117764789,"[""V176"", ""V191"", ""V255"", ""V160"", ""V224"", ""V215""]","{""n_estimators"": 217, ""learning_rate"": 0.034710407925387085, ""num_leaves"": 91, ""min_child_samples"": 39, ""colsample_bytree"": 0.6516881904392051, ""reg_alpha"": 0.16295022250708835, ""reg_lambda"": 1.8986275064555331}"
67,2026-06-05T12:06:35.703591+00:00,lgbm,ranking_rf,67,4965,8,1000,0.7563239534993171,771,229,0.4960636254690295,"[""V176"", ""V191"", ""V255"", ""V160"", ""V224"", ""V215"", ""V380"", ""V342""]","{""n_estimators"": 120, ""learning_rate"": 0.059310349896959456, ""num_leaves"": 71, ""min_child_samples"": 23, ""colsample_bytree"": 0.8395544377228157, ""reg_alpha"": 0.19445005733386767, ""reg_lambda"": 1.002420766973987}"
68,2026-06-05T12:07:05.872999+00:00,lgbm,ranking_rf,68,4665,8,1000,0.846564630428564,751,249,0.5015997002598697,"[""V176"", ""V191"", ""V255"", ""V160"", ""V224"", ""V215"", ""V380"", ""V342""]","{""n_estimators"": 302, ""learning_rate"": 0.17270294161799465, ""num_leaves"": 29, ""min_child_samples"": 37, ""colsample_bytree"": 0.529998964780309, ""reg_alpha"": 0.38627778104270893, ""reg_lambda"": 0.9262997173687113}"
69,2026-06-05T12:07:54.093382+00:00,lgbm,ranking_rf,69,4740,6,999,0.7446457818247328,729,270,0.4974914891790975,"[""V176"", ""V191"", ""V255"", ""V160"", ""V224"", ""V215""]","{""n_estimators"": 302, ""learning_rate"": 0.05209432919976728, ""num_leaves"": 48, ""min_child_samples"": 34, ""colsample_bytree"": 0.5309588473155646, ""reg_alpha"": 0.3690112442318513, ""reg_lambda"": 1.1453328146761317}"
70,2026-06-05T12:08:29.811129+00:00,lgbm,ranking_rf,70,4670,8,999,0.8145980680625879,751,248,0.49262802645874854,"[""V176"", ""V191"", ""V255"", ""V160"", ""V224"", ""V215"", ""V380"", ""V342""]","{""n_estimators"": 154, ""learning_rate"": 0.09023680732667563, ""num_leaves"": 75, ""min_child_samples"": 30, ""colsample_bytree"": 0.9301618991842455, ""reg_alpha"": 0.14305329511753428, ""reg_lambda"": 1.0626445875313442}"
71,2026-06-05T12:09:45.258883+00:00,lgbm,ranking_rf,71,4505,7,1000,0.8647989238076735,727,273,0.497067749744868,"[""V176"", ""V191"", ""V255"", ""V160"", ""V224"", ""V215"", ""V380""]","{""n_estimators"": 314, ""learning_rate"": 0.16086394416138233, ""num_leaves"": 80, ""min_child_samples"": 10, ""colsample_bytree"": 0.5852866668881198, ""reg_alpha"": 0.8616193096936352, ""reg_lambda"": 0.5647805312206462}"
72,2026-06-05T12:10:35.212953+00:00,lgbm,ranking_rf,72,4425,8,1000,0.8429881843491089,735,265,0.49169209982340817,"[""V176"", ""V191"", ""V255"", ""V160"", ""V224"", ""V215"", ""V380"", ""V342""]","{""n_estimators"": 207, ""learning_rate"": 0.14386799520246607, ""num_leaves"": 75, ""min_child_samples"": 28, ""colsample_bytree"": 0.5847643871477171, ""reg_alpha"": 0.7633312552296422, ""reg_lambda"": 0.8955616611630361}"
73,2026-06-05T12:12:06.332024+00:00,lgbm,ranking_rf,73,4455,8,1000,0.8844807195685064,737,263,0.49707267317205767,"[""V176"", ""V191"", ""V255"", ""V160"", ""V224"", ""V215"", ""V380"", ""V342""]","{""n_estimators"": 375, ""learning_rate"": 0.13265139499180312, ""num_leaves"": 89, ""min_child_samples"": 25, ""colsample_bytree"": 0.7063073218632174, ""reg_alpha"": 0.5878474760251806, ""reg_lambda"": 1.9321475765839922}"
74,2026-06-05T12:12:36.847778+00:00,lgbm,ranking_rf,74,4665,8,1000,0.8084004393936451,751,249,0.4992916134011819,"[""V176"", ""V191"", ""V255"", ""V160"", ""V224"", ""V215"", ""V380"", ""V342""]","{""n_estimators"": 246, ""learning_rate"": 0.11079313964534203, ""num_leaves"": 36, ""min_child_samples"": 18, ""colsample_bytree"": 0.8051286135564981, ""reg_alpha"": 0.4929889836111917, ""reg_lambda"": 0.9289239955828703}"
75,2026-06-05T12:13:05.331600+00:00,lgbm,ranking_rf,75,4645,6,1000,0.7768214860081122,723,277,0.4999081294909184,"[""V176"", ""V191"", ""V255"", ""V160"", ""V224"", ""V215""]","{""n_estimators"": 237, ""learning_rate"": 0.16973444274872976, ""num_leaves"": 24, ""min_child_samples"": 19, ""colsample_bytree"": 0.7757866540881264, ""reg_alpha"": 0.6891046897349038, ""reg_lambda"": 2.1964777814363656}"
76,2026-06-05T12:13:45.703060+00:00,lgbm,ranking_rf,76,4615,6,1000,0.8061329281929126,721,279,0.4989777809960369,"[""V176"", ""V191"", ""V255"", ""V160"", ""V224"", ""V215""]","{""n_estimators"": 348, ""learning_rate"": 0.136833756416251, ""num_leaves"": 28, ""min_child_samples"": 10, ""colsample_bytree"": 0.9648290885870345, ""reg_alpha"": 0.6796920413761299, ""reg_lambda"": 1.5885516328496678}"
77,2026-06-05T12:14:06.921291+00:00,lgbm,ranking_rf,77,4935,6,996,0.7494212508292615,741,255,0.4991485209582459,"[""V176"", ""V191"", ""V255"", ""V160"", ""V224"", ""V215""]","{""n_estimators"": 261, ""learning_rate"": 0.10769894579684795, ""num_leaves"": 20, ""min_child_samples"": 36, ""colsample_bytree"": 0.8560135409001765, ""reg_alpha"": 0.35924847506220126, ""reg_lambda"": 2.213371037875266}"
78,2026-06-05T12:15:10.412693+00:00,lgbm,ranking_rf,78,4985,8,996,0.7687423600796225,771,225,0.4967508008070022,"[""V176"", ""V191"", ""V255"", ""V160"", ""V224"", ""V215"", ""V380"", ""V342""]","{""n_estimators"": 315, ""learning_rate"": 0.034854890676806416, ""num_leaves"": 57, ""min_child_samples"": 34, ""colsample_bytree"": 0.9040251824532433, ""reg_alpha"": 0.34115110179783437, ""reg_lambda"": 2.2779641647063333}"
79,2026-06-05T12:16:14.984890+00:00,lgbm,ranking_rf,79,4365,8,1000,0.8882632079338303,731,269,0.49520438504268216,"[""V176"", ""V191"", ""V255"", ""V160"", ""V224"", ""V215"", ""V380"", ""V342""]","{""n_estimators"": 297, ""learning_rate"": 0.16309995384621956, ""num_leaves"": 60, ""min_child_samples"": 39, ""colsample_bytree"": 0.9826486250781302, ""reg_alpha"": 0.4440198242192893, ""reg_lambda"": 2.1624697531216963}"
80,2026-06-05T12:16:56.354554+00:00,lgbm,ranking_rf,80,4610,7,1000,0.7949339723570887,734,266,0.4999331467442478,"[""V176"", ""V191"", ""V255"", ""V160"", ""V224"", ""V215"", ""V380""]","{""n_estimators"": 289, ""learning_rate"": 0.10021011389221726, ""num_leaves"": 40, ""min_child_samples"": 34, ""colsample_bytree"": 0.574589082726054, ""reg_alpha"": 0.820277935819415, ""reg_lambda"": 1.1427280632192758}"
81,2026-06-05T12:17:27.849012+00:00,lgbm,ranking_rf,81,4590,7,998,0.7938150293513974,732,266,0.5023962491850686,"[""V176"", ""V191"", ""V255"", ""V160"", ""V224"", ""V215"", ""V380""]","{""n_estimators"": 275, ""learning_rate"": 0.13142344873332196, ""num_leaves"": 30, ""min_child_samples"": 13, ""colsample_bytree"": 0.8989686329218449, ""reg_alpha"": 0.8825398436572417, ""reg_lambda"": 1.9820235999174913}"
82,2026-06-05T12:19:03.300721+00:00,lgbm,ranking_rf,82,4540,8,998,0.8549363468549525,742,256,0.49288201378288793,"[""V176"", ""V191"", ""V255"", ""V160"", ""V224"", ""V215"", ""V380"", ""V342""]","{""n_estimators"": 293, ""learning_rate"": 0.08112733150339524, ""num_leaves"": 95, ""min_child_samples"": 21, ""colsample_bytree"": 0.9569095928225133, ""reg_alpha"": 0.8374647283763942, ""reg_lambda"": 0.6189761314498119}"
83,2026-06-05T12:19:45.140030+00:00,lgbm,ranking_rf,83,4855,6,1000,0.7268961557053102,737,263,0.49726101504318887,"[""V176"", ""V191"", ""V255"", ""V160"", ""V224"", ""V215""]","{""n_estimators"": 231, ""learning_rate"": 0.04320206370863776, ""num_leaves"": 47, ""min_child_samples"": 23, ""colsample_bytree"": 0.8903221293465879, ""reg_alpha"": 0.7757529055931681, ""reg_lambda"": 1.8112362021078747}"
84,2026-06-05T12:20:26.668930+00:00,lgbm,ranking_rf,84,4800,8,1000,0.8392715958474336,760,240,0.502582046454056,"[""V176"", ""V191"", ""V255"", ""V160"", ""V224"", ""V215"", ""V380"", ""V342""]","{""n_estimators"": 182, ""learning_rate"": 0.11484862523204188, ""num_leaves"": 59, ""min_child_samples"": 10, ""colsample_bytree"": 0.9534267514092118, ""reg_alpha"": 0.27373308559780285, ""reg_lambda"": 0.6564112805826088}"
85,2026-06-05T12:22:34.363695+00:00,lgbm,ranking_rf,85,4765,8,998,0.8935618900235428,757,241,0.49273021041971005,"[""V176"", ""V191"", ""V255"", ""V160"", ""V224"", ""V215"", ""V380"", ""V342""]","{""n_estimators"": 341, ""learning_rate"": 0.08553634741733987, ""num_leaves"": 98, ""min_child_samples"": 10, ""colsample_bytree"": 0.8633781937159153, ""reg_alpha"": 0.2754019958793309, ""reg_lambda"": 0.7196162679540223}"
86,2026-06-05T12:23:36.042411+00:00,lgbm,ranking_rf,86,4640,8,999,0.8636346378456052,749,250,0.49357205494323725,"[""V176"", ""V191"", ""V255"", ""V160"", ""V224"", ""V215"", ""V380"", ""V342""]","{""n_estimators"": 260, ""learning_rate"": 0.10634296029681105, ""num_leaves"": 71, ""min_child_samples"": 23, ""colsample_bytree"": 0.8268993561962978, ""reg_alpha"": 0.2735065343522666, ""reg_lambda"": 1.5462521567000684}"
87,2026-06-05T12:24:15.315551+00:00,lgbm,ranking_rf,87,4470,7,998,0.8392665955129588,724,274,0.49743235353192594,"[""V176"", ""V191"", ""V255"", ""V160"", ""V224"", ""V215"", ""V380""]","{""n_estimators"": 248, ""learning_rate"": 0.17896065653163168, ""num_leaves"": 48, ""min_child_samples"": 45, ""colsample_bytree"": 0.5564031219280988, ""reg_alpha"": 0.7280879037635531, ""reg_lambda"": 2.0669811168921286}"
88,2026-06-05T12:24:43.121071+00:00,lgbm,ranking_rf,88,5005,6,1000,0.7357527194074276,747,253,0.49782989738309186,"[""V176"", ""V191"", ""V255"", ""V160"", ""V224"", ""V215""]","{""n_estimators"": 287, ""learning_rate"": 0.07100475866817983, ""num_leaves"": 26, ""min_child_samples"": 16, ""colsample_bytree"": 0.7822822080580327, ""reg_alpha"": 0.6237014596808104, ""reg_lambda"": 2.3579493693627853}"
89,2026-06-05T12:25:36.111077+00:00,lgbm,ranking_rf,89,4460,9,995,0.8709087626543502,749,246,0.4964318386359878,"[""V176"", ""V191"", ""V255"", ""V160"", ""V224"", ""V215"", ""V380"", ""V342"", ""V483""]","{""n_estimators"": 388, ""learning_rate"": 0.10607245323196202, ""num_leaves"": 40, ""min_child_samples"": 47, ""colsample_bytree"": 0.8611118260770707, ""reg_alpha"": 0.23140504743380175, ""reg_lambda"": 0.7602565842470284}"
90,2026-06-05T12:26:27.105812+00:00,lgbm,ranking_rf,90,4595,7,1000,0.8080646652820327,733,267,0.4982603025129723,"[""V176"", ""V191"", ""V255"", ""V160"", ""V224"", ""V215"", ""V380""]","{""n_estimators"": 386, ""learning_rate"": 0.06839057014675053, ""num_leaves"": 42, ""min_child_samples"": 47, ""colsample_bytree"": 0.8174003867960912, ""reg_alpha"": 0.24792124342910993, ""reg_lambda"": 1.1608573966115001}"
91,2026-06-05T12:27:17.805369+00:00,lgbm,ranking_rf,91,4665,8,997,0.791357610146527,750,247,0.49393247926964484,"[""V176"", ""V191"", ""V255"", ""V160"", ""V224"", ""V215"", ""V380"", ""V342""]","{""n_estimators"": 257, ""learning_rate"": 0.053652849151411094, ""num_leaves"": 87, ""min_child_samples"": 49, ""colsample_bytree"": 0.9522488654026469, ""reg_alpha"": 0.18607826266704097, ""reg_lambda"": 1.0354190288263234}"
92,2026-06-05T12:28:00.787445+00:00,lgbm,ranking_rf,92,4520,7,997,0.8691250513032291,727,270,0.49583103440799003,"[""V176"", ""V191"", ""V255"", ""V160"", ""V224"", ""V215"", ""V380""]","{""n_estimators"": 278, ""learning_rate"": 0.17861761331076226, ""num_leaves"": 49, ""min_child_samples"": 46, ""colsample_bytree"": 0.7291885455147279, ""reg_alpha"": 0.5388698924508895, ""reg_lambda"": 1.141626589072497}"
93,2026-06-05T12:28:26.439841+00:00,lgbm,ranking_rf,93,4715,8,999,0.8633515879364252,754,245,0.5009358190409267,"[""V176"", ""V191"", ""V255"", ""V160"", ""V224"", ""V215"", ""V380"", ""V342""]","{""n_estimators"": 222, ""learning_rate"": 0.16710351190184977, ""num_leaves"": 38, ""min_child_samples"": 21, ""colsample_bytree"": 0.9121371152954908, ""reg_alpha"": 0.00799211859966853, ""reg_lambda"": 0.685489831214652}"
94,2026-06-05T12:29:14.405816+00:00,lgbm,ranking_rf,94,4635,7,998,0.7965391955964762,735,263,0.49725663256718416,"[""V176"", ""V191"", ""V255"", ""V160"", ""V224"", ""V215"", ""V380""]","{""n_estimators"": 252, ""learning_rate"": 0.07608615140153549, ""num_leaves"": 68, ""min_child_samples"": 23, ""colsample_bytree"": 0.5671243952946167, ""reg_alpha"": 0.5207866877270976, ""reg_lambda"": 0.7303720377532232}"
95,2026-06-05T12:30:16.156065+00:00,lgbm,ranking_rf,95,4335,7,998,0.9005470843738325,715,283,0.4945723338103049,"[""V176"", ""V191"", ""V255"", ""V160"", ""V224"", ""V215"", ""V380""]","{""n_estimators"": 287, ""learning_rate"": 0.1477736639312146, ""num_leaves"": 87, ""min_child_samples"": 32, ""colsample_bytree"": 0.6941508742077875, ""reg_alpha"": 0.22282193148487783, ""reg_lambda"": 0.7314011679873935}"
96,2026-06-05T12:31:52.248888+00:00,lgbm,ranking_rf,96,4655,8,999,0.8446687570135143,750,249,0.49487766889369034,"[""V176"", ""V191"", ""V255"", ""V160"", ""V224"", ""V215"", ""V380"", ""V342""]","{""n_estimators"": 397, ""learning_rate"": 0.058603202793627435, ""num_leaves"": 82, ""min_child_samples"": 15, ""colsample_bytree"": 0.8594629477947032, ""reg_alpha"": 0.5329833834341422, ""reg_lambda"": 2.2389242000082286}"
97,2026-06-05T12:32:40.035761+00:00,lgbm,ranking_rf,97,4570,7,999,0.7983799926488032,731,268,0.49538394198369695,"[""V176"", ""V191"", ""V255"", ""V160"", ""V224"", ""V215"", ""V380""]","{""n_estimators"": 184, ""learning_rate"": 0.101283994886468, ""num_leaves"": 86, ""min_child_samples"": 16, ""colsample_bytree"": 0.5462004075378271, ""reg_alpha"": 0.5619739983126795, ""reg_lambda"": 1.6428239303723517}"
98,2026-06-05T12:33:20.712171+00:00,lgbm,ranking_rf,98,4620,8,997,0.8457111857981667,747,250,0.4947201768217396,"[""V176"", ""V191"", ""V255"", ""V160"", ""V224"", ""V215"", ""V380"", ""V342""]","{""n_estimators"": 190, ""learning_rate"": 0.15326010834824572, ""num_leaves"": 71, ""min_child_samples"": 17, ""colsample_bytree"": 0.6422905045143158, ""reg_alpha"": 0.7712165880097541, ""reg_lambda"": 1.0978872644715552}"
99,2026-06-05T12:33:55.933052+00:00,lgbm,ranking_rf,99,4635,8,1000,0.8344372672999932,749,251,0.4956731326285554,"[""V176"", ""V191"", ""V255"", ""V160"", ""V224"", ""V215"", ""V380"", ""V342""]","{""n_estimators"": 142, ""learning_rate"": 0.1150783523176327, ""num_leaves"": 85, ""min_child_samples"": 14, ""colsample_bytree"": 0.7489371389373092, ""reg_alpha"": 0.11891018660926722, ""reg_lambda"": 1.2771190455657404}"
100,2026-06-05T12:34:38.127784+00:00,lgbm,ranking_rf,100,4530,8,1000,0.8611210903803801,742,258,0.49528912784253115,"[""V176"", ""V191"", ""V255"", ""V160"", ""V224"", ""V215"", ""V380"", ""V342""]","{""n_estimators"": 229, ""learning_rate"": 0.1383809511602801, ""num_leaves"": 60, ""min_child_samples"": 19, ""colsample_bytree"": 0.8670313024202227, ""reg_alpha"": 0.7010090560320762, ""reg_lambda"": 0.8866262073161812}"
101,2026-06-05T12:35:06.579626+00:00,lgbm,ranking_rf,101,4630,9,1000,0.8041386945536254,762,238,0.492791980244169,"[""V176"", ""V191"", ""V255"", ""V160"", ""V224"", ""V215"", ""V380"", ""V342"", ""V483""]","{""n_estimators"": 108, ""learning_rate"": 0.1306733450424329, ""num_leaves"": 99, ""min_child_samples"": 20, ""colsample_bytree"": 0.5023594280954863, ""reg_alpha"": 0.12156912078311422, ""reg_lambda"": 1.8414981694535573}"
102,2026-06-05T12:35:29.247468+00:00,lgbm,ranking_rf,102,4650,8,1000,0.7684637967293393,750,250,0.4927443361571458,"[""V176"", ""V191"", ""V255"", ""V160"", ""V224"", ""V215"", ""V380"", ""V342""]","{""n_estimators"": 111, ""learning_rate"": 0.11560013803022097, ""num_leaves"": 83, ""min_child_samples"": 33, ""colsample_bytree"": 0.5857608281125515, ""reg_alpha"": 0.6852769816973125, ""reg_lambda"": 2.167793725272153}"
103,2026-06-05T12:37:00.247632+00:00,lgbm,ranking_rf,103,4375,7,999,0.8523624464491414,718,281,0.4949380630692176,"[""V176"", ""V191"", ""V255"", ""V160"", ""V224"", ""V215"", ""V380""]","{""n_estimators"": 356, ""learning_rate"": 0.08963361525087085, ""num_leaves"": 86, ""min_child_samples"": 19, ""colsample_bytree"": 0.5861533835866215, ""reg_alpha"": 0.5283437532726564, ""reg_lambda"": 0.9765320168755198}"
104,2026-06-05T12:38:27.884515+00:00,lgbm,ranking_rf,104,4545,8,997,0.8484223527918233,742,255,0.4956366541533663,"[""V176"", ""V191"", ""V255"", ""V160"", ""V224"", ""V215"", ""V380"", ""V342""]","{""n_estimators"": 363, ""learning_rate"": 0.06886410240927554, ""num_leaves"": 77, ""min_child_samples"": 16, ""colsample_bytree"": 0.9138161238103206, ""reg_alpha"": 0.587171260125725, ""reg_lambda"": 1.418707491289424}"
105,2026-06-05T12:38:46.468833+00:00,lgbm,ranking_rf,105,5020,6,1000,0.7066484968953639,748,252,0.4968220781508139,"[""V176"", ""V191"", ""V255"", ""V160"", ""V224"", ""V215""]","{""n_estimators"": 169, ""learning_rate"": 0.04865121226195061, ""num_leaves"": 34, ""min_child_samples"": 48, ""colsample_bytree"": 0.6492372877700416, ""reg_alpha"": 0.18570674210061677, ""reg_lambda"": 2.044274614648864}"
106,2026-06-05T12:39:34.719655+00:00,lgbm,ranking_rf,106,4530,8,1000,0.8104427772095856,742,258,0.4938940562022718,"[""V176"", ""V191"", ""V255"", ""V160"", ""V224"", ""V215"", ""V380"", ""V342""]","{""n_estimators"": 292, ""learning_rate"": 0.07923980012555377, ""num_leaves"": 93, ""min_child_samples"": 46, ""colsample_bytree"": 0.8247726898852246, ""reg_alpha"": 0.9160376901599767, ""reg_lambda"": 1.968839601631307}"
107,2026-06-05T12:40:26.410262+00:00,lgbm,ranking_rf,107,4625,7,1000,0.8189045452045888,735,265,0.4997755057037169,"[""V176"", ""V191"", ""V255"", ""V160"", ""V224"", ""V215"", ""V380""]","{""n_estimators"": 395, ""learning_rate"": 0.10144038280423547, ""num_leaves"": 40, ""min_child_samples"": 20, ""colsample_bytree"": 0.926029908737652, ""reg_alpha"": 0.7388102113969359, ""reg_lambda"": 2.448863178686053}"
108,2026-06-05T12:41:02.456884+00:00,lgbm,ranking_rf,108,4460,8,999,0.8299651161866409,737,262,0.49358946835527684,"[""V176"", ""V191"", ""V255"", ""V160"", ""V224"", ""V215"", ""V380"", ""V342""]","{""n_estimators"": 162, ""learning_rate"": 0.17865872311008818, ""num_leaves"": 90, ""min_child_samples"": 24, ""colsample_bytree"": 0.5382522725510016, ""reg_alpha"": 0.8958253215347363, ""reg_lambda"": 1.2706916205956225}"
109,2026-06-05T12:41:45.646429+00:00,lgbm,ranking_rf,109,4555,7,999,0.8362982591488736,730,269,0.4923649775152086,"[""V176"", ""V191"", ""V255"", ""V160"", ""V224"", ""V215"", ""V380""]","{""n_estimators"": 199, ""learning_rate"": 0.1660827953007679, ""num_leaves"": 95, ""min_child_samples"": 32, ""colsample_bytree"": 0.5645571432898695, ""reg_alpha"": 0.6862414577769264, ""reg_lambda"": 1.8673498819290386}"
110,2026-06-05T12:42:22.728345+00:00,lgbm,ranking_rf,110,4650,8,997,0.8264863158557136,749,248,0.5001124924554562,"[""V176"", ""V191"", ""V255"", ""V160"", ""V224"", ""V215"", ""V380"", ""V342""]","{""n_estimators"": 362, ""learning_rate"": 0.12530708434964685, ""num_leaves"": 33, ""min_child_samples"": 25, ""colsample_bytree"": 0.5972846241030003, ""reg_alpha"": 0.7749536640090757, ""reg_lambda"": 1.915786882361624}"
111,2026-06-05T12:42:47.625236+00:00,lgbm,ranking_rf,111,4570,6,1000,0.7947493815109236,718,282,0.49742024803377083,"[""V176"", ""V191"", ""V255"", ""V160"", ""V224"", ""V215""]","{""n_estimators"": 228, ""learning_rate"": 0.1519279911277317, ""num_leaves"": 35, ""min_child_samples"": 35, ""colsample_bytree"": 0.8063912907776708, ""reg_alpha"": 0.6794905525204168, ""reg_lambda"": 1.8649262584451798}"
112,2026-06-05T12:43:42.342123+00:00,lgbm,ranking_rf,112,4730,8,996,0.8670032207689391,754,242,0.49974330163110114,"[""V176"", ""V191"", ""V255"", ""V160"", ""V224"", ""V215"", ""V380"", ""V342""]","{""n_estimators"": 312, ""learning_rate"": 0.09540885290567552, ""num_leaves"": 61, ""min_child_samples"": 12, ""colsample_bytree"": 0.6476626522014381, ""reg_alpha"": 0.1491629571394898, ""reg_lambda"": 0.5449566490883235}"
113,2026-06-05T12:44:31.310300+00:00,lgbm,ranking_rf,113,4505,8,999,0.8653431508539137,740,259,0.49342759488268423,"[""V176"", ""V191"", ""V255"", ""V160"", ""V224"", ""V215"", ""V380"", ""V342""]","{""n_estimators"": 200, ""learning_rate"": 0.13613633130524821, ""num_leaves"": 85, ""min_child_samples"": 15, ""colsample_bytree"": 0.7382508135472597, ""reg_alpha"": 0.6089615362342131, ""reg_lambda"": 1.0053604402364154}"
114,2026-06-05T12:45:46.343260+00:00,lgbm,ranking_rf,114,4705,7,999,0.7883098481118596,740,259,0.4975864411799481,"[""V176"", ""V191"", ""V255"", ""V160"", ""V224"", ""V215"", ""V380""]","{""n_estimators"": 265, ""learning_rate"": 0.04847894274507119, ""num_leaves"": 94, ""min_child_samples"": 12, ""colsample_bytree"": 0.7182467737893041, ""reg_alpha"": 0.12767773423351192, ""reg_lambda"": 1.6517157488498662}"
115,2026-06-05T12:46:03.625167+00:00,lgbm,ranking_rf,115,5055,5,997,0.6875456527254876,736,261,0.4978096012620897,"[""V176"", ""V191"", ""V255"", ""V160"", ""V224""]","{""n_estimators"": 174, ""learning_rate"": 0.048962816374836786, ""num_leaves"": 29, ""min_child_samples"": 24, ""colsample_bytree"": 0.689661641170102, ""reg_alpha"": 0.20538570375512588, ""reg_lambda"": 1.6829465139070363}"
116,2026-06-05T12:46:36.167349+00:00,lgbm,ranking_rf,116,4810,6,1000,0.7570235231619272,734,266,0.4989235030485739,"[""V176"", ""V191"", ""V255"", ""V160"", ""V224"", ""V215""]","{""n_estimators"": 374, ""learning_rate"": 0.07373504262727618, ""num_leaves"": 26, ""min_child_samples"": 26, ""colsample_bytree"": 0.7884003743629017, ""reg_alpha"": 0.7278717122573454, ""reg_lambda"": 0.8810808064971258}"
117,2026-06-05T12:47:02.982862+00:00,lgbm,ranking_rf,117,4650,8,1000,0.7974508384572799,750,250,0.4931762455712291,"[""V176"", ""V191"", ""V255"", ""V160"", ""V224"", ""V215"", ""V380"", ""V342""]","{""n_estimators"": 149, ""learning_rate"": 0.10604634876825417, ""num_leaves"": 62, ""min_child_samples"": 41, ""colsample_bytree"": 0.6949045091268145, ""reg_alpha"": 0.6202518794071722, ""reg_lambda"": 0.6779330444037013}"
118,2026-06-05T12:47:30.015448+00:00,lgbm,ranking_rf,118,4760,7,1000,0.7430088452823571,744,256,0.49734887687133705,"[""V176"", ""V191"", ""V255"", ""V160"", ""V224"", ""V215"", ""V380""]","{""n_estimators"": 212, ""learning_rate"": 0.07489996661157097, ""num_leaves"": 39, ""min_child_samples"": 43, ""colsample_bytree"": 0.5203578143806888, ""reg_alpha"": 0.9897162089613579, ""reg_lambda"": 1.7137404538005918}"
119,2026-06-05T12:48:06.848254+00:00,lgbm,ranking_rf,119,4990,4,999,0.7071219746909785,719,280,0.49984991106629223,"[""V176"", ""V191"", ""V255"", ""V160""]","{""n_estimators"": 356, ""learning_rate"": 0.04711449799590322, ""num_leaves"": 29, ""min_child_samples"": 12, ""colsample_bytree"": 0.6899014325493036, ""reg_alpha"": 0.9863839815389219, ""reg_lambda"": 1.8395527918763201}"
120,2026-06-05T12:48:28.717246+00:00,lgbm,ranking_rf,120,4945,6,997,0.7309861781893287,742,255,0.49474712570715856,"[""V176"", ""V191"", ""V255"", ""V160"", ""V224"", ""V215""]","{""n_estimators"": 126, ""learning_rate"": 0.0606071576410507, ""num_leaves"": 59, ""min_child_samples"": 46, ""colsample_bytree"": 0.8154157441549342, ""reg_alpha"": 0.056925165405689815, ""reg_lambda"": 0.5855377655399634}"
121,2026-06-05T12:49:00.778127+00:00,lgbm,ranking_rf,121,4920,8,1000,0.7702805304815826,768,232,0.5007572248976583,"[""V176"", ""V191"", ""V255"", ""V160"", ""V224"", ""V215"", ""V380"", ""V342""]","{""n_estimators"": 267, ""learning_rate"": 0.08483242628681525, ""num_leaves"": 30, ""min_child_samples"": 30, ""colsample_bytree"": 0.7668362779575022, ""reg_alpha"": 0.9592985286159484, ""reg_lambda"": 2.404987124419548}"
122,2026-06-05T12:50:22.877519+00:00,lgbm,ranking_rf,122,4305,8,1000,0.9153466528636145,727,273,0.4951687314346013,"[""V176"", ""V191"", ""V255"", ""V160"", ""V224"", ""V215"", ""V380"", ""V342""]","{""n_estimators"": 364, ""learning_rate"": 0.1786814106624154, ""num_leaves"": 85, ""min_child_samples"": 29, ""colsample_bytree"": 0.9150890691488169, ""reg_alpha"": 0.40791941490448025, ""reg_lambda"": 1.6115811996654688}"
123,2026-06-05T12:51:34.723749+00:00,lgbm,ranking_rf,123,4600,8,995,0.8225021878304558,745,250,0.4938244273345916,"[""V176"", ""V191"", ""V255"", ""V160"", ""V224"", ""V215"", ""V380"", ""V342""]","{""n_estimators"": 372, ""learning_rate"": 0.06323581897623679, ""num_leaves"": 79, ""min_child_samples"": 44, ""colsample_bytree"": 0.9670044130946718, ""reg_alpha"": 0.9206277520545487, ""reg_lambda"": 0.999954703282909}"
124,2026-06-05T12:52:16.818184+00:00,lgbm,ranking_rf,124,4615,8,995,0.8343360744410867,746,249,0.4943241236172093,"[""V176"", ""V191"", ""V255"", ""V160"", ""V224"", ""V215"", ""V380"", ""V342""]","{""n_estimators"": 198, ""learning_rate"": 0.11269721536243368, ""num_leaves"": 77, ""min_child_samples"": 32, ""colsample_bytree"": 0.7054621863545094, ""reg_alpha"": 0.5796942970226101, ""reg_lambda"": 0.7799015252607691}"
125,2026-06-05T12:53:27.181682+00:00,lgbm,ranking_rf,125,4560,8,997,0.9003533793608579,743,254,0.49442838472948436,"[""V176"", ""V191"", ""V255"", ""V160"", ""V224"", ""V215"", ""V380"", ""V342""]","{""n_estimators"": 256, ""learning_rate"": 0.14182072273284196, ""num_leaves"": 86, ""min_child_samples"": 10, ""colsample_bytree"": 0.7802080042090487, ""reg_alpha"": 0.25477224792532105, ""reg_lambda"": 0.8628665308350683}"
126,2026-06-05T12:54:26.092611+00:00,lgbm,ranking_rf,126,4840,8,998,0.7560281578855902,762,236,0.49423376799007,"[""V176"", ""V191"", ""V255"", ""V160"", ""V224"", ""V215"", ""V380"", ""V342""]","{""n_estimators"": 257, ""learning_rate"": 0.03862960427521346, ""num_leaves"": 87, ""min_child_samples"": 23, ""colsample_bytree"": 0.5655425748553515, ""reg_alpha"": 0.7885440068182308, ""reg_lambda"": 1.5133722218798455}"
127,2026-06-05T12:54:42.007573+00:00,lgbm,ranking_rf,127,4970,4,1000,0.6749772254602524,718,282,0.49745201412230383,"[""V176"", ""V191"", ""V255"", ""V160""]","{""n_estimators"": 211, ""learning_rate"": 0.049221610805100055, ""num_leaves"": 23, ""min_child_samples"": 26, ""colsample_bytree"": 0.5577392813355209, ""reg_alpha"": 0.7477276197510565, ""reg_lambda"": 1.2660914402030914}"
128,2026-06-05T12:55:34.722076+00:00,lgbm,ranking_rf,128,4885,6,994,0.7512736328419138,737,257,0.4979302916543521,"[""V176"", ""V191"", ""V255"", ""V160"", ""V224"", ""V215""]","{""n_estimators"": 301, ""learning_rate"": 0.03825204965468082, ""num_leaves"": 56, ""min_child_samples"": 13, ""colsample_bytree"": 0.8863953239764543, ""reg_alpha"": 0.5521488787070138, ""reg_lambda"": 0.6725537981767742}"
129,2026-06-05T12:56:04.677517+00:00,lgbm,ranking_rf,129,4470,9,999,0.8597241128185739,751,248,0.49771422618789074,"[""V176"", ""V191"", ""V255"", ""V160"", ""V224"", ""V215"", ""V380"", ""V342"", ""V483""]","{""n_estimators"": 310, ""learning_rate"": 0.16380285754406246, ""num_leaves"": 30, ""min_child_samples"": 44, ""colsample_bytree"": 0.7597552025278074, ""reg_alpha"": 0.3660724509170249, ""reg_lambda"": 1.2204385368615291}"
130,2026-06-05T12:56:47.021622+00:00,lgbm,ranking_rf,130,4505,7,1000,0.7875122541030539,727,273,0.49412513222388615,"[""V176"", ""V191"", ""V255"", ""V160"", ""V224"", ""V215"", ""V380""]","{""n_estimators"": 195, ""learning_rate"": 0.10187462665318671, ""num_leaves"": 82, ""min_child_samples"": 32, ""colsample_bytree"": 0.6047265938433048, ""reg_alpha"": 0.9543038868631366, ""reg_lambda"": 1.0388448817877372}"
131,2026-06-05T12:57:11.827262+00:00,lgbm,ranking_rf,131,4960,6,1000,0.7371320146287874,744,256,0.49775521747893664,"[""V176"", ""V191"", ""V255"", ""V160"", ""V224"", ""V215""]","{""n_estimators"": 217, ""learning_rate"": 0.07673165416913849, ""num_leaves"": 30, ""min_child_samples"": 27, ""colsample_bytree"": 0.8811695445101059, ""reg_alpha"": 0.8520387330735313, ""reg_lambda"": 2.227254947719649}"
132,2026-06-05T12:57:55.606831+00:00,lgbm,ranking_rf,132,4335,8,1000,0.8600930594380923,729,271,0.4917356034665076,"[""V176"", ""V191"", ""V255"", ""V160"", ""V224"", ""V215"", ""V380"", ""V342""]","{""n_estimators"": 322, ""learning_rate"": 0.17221637487604047, ""num_leaves"": 45, ""min_child_samples"": 47, ""colsample_bytree"": 0.5495231007285762, ""reg_alpha"": 0.6331399100979177, ""reg_lambda"": 1.704874459716038}"
133,2026-06-05T12:58:19.771919+00:00,lgbm,ranking_rf,133,4810,6,997,0.7495474208268683,733,264,0.49758440436292267,"[""V176"", ""V191"", ""V255"", ""V160"", ""V224"", ""V215""]","{""n_estimators"": 181, ""learning_rate"": 0.09638895328563186, ""num_leaves"": 41, ""min_child_samples"": 44, ""colsample_bytree"": 0.6784508873859674, ""reg_alpha"": 0.9621219337587389, ""reg_lambda"": 1.2124797094374162}"
134,2026-06-05T12:58:39.281011+00:00,lgbm,ranking_rf,134,4945,6,1000,0.7427603463139001,743,257,0.49914857518787664,"[""V176"", ""V191"", ""V255"", ""V160"", ""V224"", ""V215""]","{""n_estimators"": 261, ""learning_rate"": 0.08441203876919393, ""num_leaves"": 21, ""min_child_samples"": 31, ""colsample_bytree"": 0.9775230353247479, ""reg_alpha"": 0.6595084458780579, ""reg_lambda"": 1.8662512348764715}"
135,2026-06-05T12:59:07.248643+00:00,lgbm,ranking_rf,135,4680,8,1000,0.7721784694156738,752,248,0.49497985059169153,"[""V176"", ""V191"", ""V255"", ""V160"", ""V224"", ""V215"", ""V380"", ""V342""]","{""n_estimators"": 138, ""learning_rate"": 0.09716463672707178, ""num_leaves"": 70, ""min_child_samples"": 30, ""colsample_bytree"": 0.5976059387068254, ""reg_alpha"": 0.4975485718501105, ""reg_lambda"": 1.9861019359777878}"
136,2026-06-05T13:00:21.770457+00:00,lgbm,ranking_rf,136,4720,6,1000,0.7854209138740181,728,272,0.4957146074346843,"[""V176"", ""V191"", ""V255"", ""V160"", ""V224"", ""V215""]","{""n_estimators"": 259, ""learning_rate"": 0.047441552871124476, ""num_leaves"": 95, ""min_child_samples"": 15, ""colsample_bytree"": 0.9314911566944506, ""reg_alpha"": 0.7821322605557758, ""reg_lambda"": 0.8150839997560393}"
137,2026-06-05T13:00:48.887240+00:00,lgbm,ranking_rf,137,4750,8,998,0.8460681707239369,756,242,0.5022209057570124,"[""V176"", ""V191"", ""V255"", ""V160"", ""V224"", ""V215"", ""V380"", ""V342""]","{""n_estimators"": 323, ""learning_rate"": 0.1716123112456886, ""num_leaves"": 25, ""min_child_samples"": 19, ""colsample_bytree"": 0.5762094992339503, ""reg_alpha"": 0.24207133023642236, ""reg_lambda"": 1.209380927278719}"
138,2026-06-05T13:01:30.815654+00:00,lgbm,ranking_rf,138,4555,6,1000,0.804625275795647,717,283,0.5009708674169636,"[""V176"", ""V191"", ""V255"", ""V160"", ""V224"", ""V215""]","{""n_estimators"": 322, ""learning_rate"": 0.10592190327705148, ""num_leaves"": 39, ""min_child_samples"": 21, ""colsample_bytree"": 0.8499951763546784, ""reg_alpha"": 0.4996003448516475, ""reg_lambda"": 1.5054060438497259}"
139,2026-06-05T13:02:30.380452+00:00,lgbm,ranking_rf,139,4350,8,1000,0.8877600482769817,730,270,0.4943961397706018,"[""V176"", ""V191"", ""V255"", ""V160"", ""V224"", ""V215"", ""V380"", ""V342""]","{""n_estimators"": 350, ""learning_rate"": 0.1512865051313081, ""num_leaves"": 89, ""min_child_samples"": 44, ""colsample_bytree"": 0.976119219786671, ""reg_alpha"": 0.8401008250536687, ""reg_lambda"": 0.6551690309357898}"
140,2026-06-05T13:02:42.854905+00:00,lgbm,ranking_rf,140,4985,7,1000,0.7052171594643601,759,241,0.4976611610412608,"[""V176"", ""V191"", ""V255"", ""V160"", ""V224"", ""V215"", ""V380""]","{""n_estimators"": 104, ""learning_rate"": 0.05803429970880393, ""num_leaves"": 32, ""min_child_samples"": 11, ""colsample_bytree"": 0.6971804311832832, ""reg_alpha"": 0.5128335890037787, ""reg_lambda"": 0.8839062924084353}"
141,2026-06-05T13:03:12.727246+00:00,lgbm,ranking_rf,141,4980,6,999,0.7276129359720379,745,254,0.49788710755132604,"[""V176"", ""V191"", ""V255"", ""V160"", ""V224"", ""V215""]","{""n_estimators"": 204, ""learning_rate"": 0.057421068894191435, ""num_leaves"": 42, ""min_child_samples"": 23, ""colsample_bytree"": 0.7264177288732055, ""reg_alpha"": 0.5203813091067112, ""reg_lambda"": 2.3310088116025574}"
142,2026-06-05T13:04:11.676192+00:00,lgbm,ranking_rf,142,4555,6,997,0.7974314021962411,716,281,0.4960978266446318,"[""V176"", ""V191"", ""V255"", ""V160"", ""V224"", ""V215""]","{""n_estimators"": 218, ""learning_rate"": 0.08342561772733356, ""num_leaves"": 87, ""min_child_samples"": 12, ""colsample_bytree"": 0.7106930943988997, ""reg_alpha"": 0.7142072212214646, ""reg_lambda"": 0.8088717728518473}"
143,2026-06-05T13:04:50.323110+00:00,lgbm,ranking_rf,143,4655,7,1000,0.8069560944066813,737,263,0.4983651696278761,"[""V176"", ""V191"", ""V255"", ""V160"", ""V224"", ""V215"", ""V380""]","{""n_estimators"": 377, ""learning_rate"": 0.08648257273190565, ""num_leaves"": 32, ""min_child_samples"": 36, ""colsample_bytree"": 0.9162357063860624, ""reg_alpha"": 0.19988418727312518, ""reg_lambda"": 0.7545085150306838}"
144,2026-06-05T13:05:21.562667+00:00,lgbm,ranking_rf,144,4490,9,998,0.8475161495840566,752,246,0.4953538783036323,"[""V176"", ""V191"", ""V255"", ""V160"", ""V224"", ""V215"", ""V380"", ""V342"", ""V483""]","{""n_estimators"": 178, ""learning_rate"": 0.14602142342174954, ""num_leaves"": 53, ""min_child_samples"": 44, ""colsample_bytree"": 0.9192559027073458, ""reg_alpha"": 0.2723008362078637, ""reg_lambda"": 1.1789374929857381}"
145,2026-06-05T13:05:49.485120+00:00,lgbm,ranking_rf,145,4705,6,1000,0.7650212611808258,727,273,0.49860305564717583,"[""V176"", ""V191"", ""V255"", ""V160"", ""V224"", ""V215""]","{""n_estimators"": 316, ""learning_rate"": 0.10151017457825774, ""num_leaves"": 23, ""min_child_samples"": 44, ""colsample_bytree"": 0.8555532642735031, ""reg_alpha"": 0.5079745153204936, ""reg_lambda"": 1.4180876376839335}"
146,2026-06-05T13:06:08.704451+00:00,lgbm,ranking_rf,146,5110,6,1000,0.6857347355033562,754,246,0.49496354504780865,"[""V176"", ""V191"", ""V255"", ""V160"", ""V224"", ""V215""]","{""n_estimators"": 137, ""learning_rate"": 0.03030446993790147, ""num_leaves"": 38, ""min_child_samples"": 36, ""colsample_bytree"": 0.8261287768300702, ""reg_alpha"": 0.7707390295296226, ""reg_lambda"": 1.6962791587134505}"
147,2026-06-05T13:07:43.974648+00:00,lgbm,ranking_rf,147,4635,8,1000,0.8344594400298601,749,251,0.4921415464547409,"[""V176"", ""V191"", ""V255"", ""V160"", ""V224"", ""V215"", ""V380"", ""V342""]","{""n_estimators"": 354, ""learning_rate"": 0.07497309103042094, ""num_leaves"": 93, ""min_child_samples"": 19, ""colsample_bytree"": 0.666927309890459, ""reg_alpha"": 0.9023607146649215, ""reg_lambda"": 1.225663633532224}"
148,2026-06-05T13:08:36.935388+00:00,lgbm,ranking_rf,148,4820,6,998,0.7606968247268392,734,264,0.49655042959300627,"[""V176"", ""V191"", ""V255"", ""V160"", ""V224"", ""V215""]","{""n_estimators"": 314, ""learning_rate"": 0.058835382647419, ""num_leaves"": 50, ""min_child_samples"": 19, ""colsample_bytree"": 0.8456281601353183, ""reg_alpha"": 0.937811078045349, ""reg_lambda"": 2.3828322359535354}"
149,2026-06-05T13:09:16.551965+00:00,lgbm,ranking_rf,149,4735,5,995,0.7169527673391298,714,281,0.496324690334211,"[""V176"", ""V191"", ""V255"", ""V160"", ""V224""]","{""n_estimators"": 183, ""learning_rate"": 0.054657011188911336, ""num_leaves"": 71, ""min_child_samples"": 24, ""colsample_bytree"": 0.5312225629307301, ""reg_alpha"": 0.5757539121949001, ""reg_lambda"": 1.7128102619789942}"
150,2026-06-05T13:09:27.041033+00:00,lgbm,ranking_rf,150,4915,6,1000,0.7472454229596301,741,259,0.49853408738066685,"[""V176"", ""V191"", ""V255"", ""V160"", ""V224"", ""V215""]","{""n_estimators"": 128, ""learning_rate"": 0.17695554049768736, ""num_leaves"": 21, ""min_child_samples"": 33, ""colsample_bytree"": 0.9190360939175932, ""reg_alpha"": 0.909790357768232, ""reg_lambda"": 2.221963972097451}"
151,2026-06-05T13:10:11.806629+00:00,lgbm,ranking_rf,151,4380,8,1000,0.872115267878044,732,268,0.497479349740199,"[""V176"", ""V191"", ""V255"", ""V160"", ""V224"", ""V215"", ""V380"", ""V342""]","{""n_estimators"": 328, ""learning_rate"": 0.16977221540134954, ""num_leaves"": 45, ""min_child_samples"": 46, ""colsample_bytree"": 0.6745403695779909, ""reg_alpha"": 0.5568058156759184, ""reg_lambda"": 1.791238113524163}"
152,2026-06-05T13:11:18.710073+00:00,lgbm,ranking_rf,152,4635,6,999,0.7790793703811757,722,277,0.4966894756634263,"[""V176"", ""V191"", ""V255"", ""V160"", ""V224"", ""V215""]","{""n_estimators"": 318, ""learning_rate"": 0.05652325516482365, ""num_leaves"": 64, ""min_child_samples"": 17, ""colsample_bytree"": 0.9001569385371901, ""reg_alpha"": 0.5744945095930365, ""reg_lambda"": 2.0399415453017875}"
153,2026-06-05T13:12:39.152078+00:00,lgbm,ranking_rf,153,4680,8,1000,0.8443992128213843,752,248,0.49334750366901087,"[""V176"", ""V191"", ""V255"", ""V160"", ""V224"", ""V215"", ""V380"", ""V342""]","{""n_estimators"": 320, ""learning_rate"": 0.07527076044340861, ""num_leaves"": 79, ""min_child_samples"": 16, ""colsample_bytree"": 0.6626866522660745, ""reg_alpha"": 0.32093241081432944, ""reg_lambda"": 1.3110819096512476}"
154,2026-06-05T13:13:34.198066+00:00,lgbm,ranking_rf,154,4490,8,999,0.8371412871282375,739,260,0.49506531789842245,"[""V176"", ""V191"", ""V255"", ""V160"", ""V224"", ""V215"", ""V380"", ""V342""]","{""n_estimators"": 195, ""learning_rate"": 0.13273302703632162, ""num_leaves"": 92, ""min_child_samples"": 17, ""colsample_bytree"": 0.7905670518257912, ""reg_alpha"": 0.9966051317474433, ""reg_lambda"": 1.7905942023921582}"
155,2026-06-05T13:14:23.626015+00:00,lgbm,ranking_rf,155,4590,7,998,0.8491738819547208,732,266,0.5005659551994803,"[""V176"", ""V191"", ""V255"", ""V160"", ""V224"", ""V215"", ""V380""]","{""n_estimators"": 377, ""learning_rate"": 0.12458259110172397, ""num_leaves"": 39, ""min_child_samples"": 32, ""colsample_bytree"": 0.6451656664406809, ""reg_alpha"": 0.11695670208609432, ""reg_lambda"": 1.775026183078698}"
156,2026-06-05T13:15:42.679108+00:00,lgbm,ranking_rf,156,4265,7,1000,0.8833374725990725,711,289,0.493980634786126,"[""V176"", ""V191"", ""V255"", ""V160"", ""V224"", ""V215"", ""V380""]","{""n_estimators"": 354, ""learning_rate"": 0.1129130219368032, ""num_leaves"": 89, ""min_child_samples"": 32, ""colsample_bytree"": 0.5533133378281505, ""reg_alpha"": 0.1854379611656044, ""reg_lambda"": 0.9802128956250178}"
157,2026-06-05T13:16:20.708790+00:00,lgbm,ranking_rf,157,4550,8,999,0.8528872937461583,743,256,0.49215284043357405,"[""V176"", ""V191"", ""V255"", ""V160"", ""V224"", ""V215"", ""V380"", ""V342""]","{""n_estimators"": 144, ""learning_rate"": 0.16517441886551715, ""num_leaves"": 83, ""min_child_samples"": 20, ""colsample_bytree"": 0.774583676777455, ""reg_alpha"": 0.5965327159933547, ""reg_lambda"": 1.2140131268290018}"
158,2026-06-05T13:17:03.872161+00:00,lgbm,ranking_rf,158,4700,8,999,0.7982530377977194,753,246,0.4988132617771493,"[""V176"", ""V191"", ""V255"", ""V160"", ""V224"", ""V215"", ""V380"", ""V342""]","{""n_estimators"": 268, ""learning_rate"": 0.09366085587280305, ""num_leaves"": 51, ""min_child_samples"": 12, ""colsample_bytree"": 0.5367229516020656, ""reg_alpha"": 0.8857325890401884, ""reg_lambda"": 0.7715830004283635}"
159,2026-06-05T13:18:12.725684+00:00,lgbm,ranking_rf,159,4695,8,1000,0.7884161125279061,753,247,0.49535293975135863,"[""V176"", ""V191"", ""V255"", ""V160"", ""V224"", ""V215"", ""V380"", ""V342""]","{""n_estimators"": 306, ""learning_rate"": 0.05325101024336133, ""num_leaves"": 65, ""min_child_samples"": 28, ""colsample_bytree"": 0.7756083665912601, ""reg_alpha"": 0.7441971488103182, ""reg_lambda"": 2.142094357318757}"
160,2026-06-05T13:18:28.190442+00:00,lgbm,ranking_rf,160,4980,5,994,0.6982409508716471,730,264,0.496726906470798,"[""V176"", ""V191"", ""V255"", ""V160"", ""V224""]","{""n_estimators"": 111, ""learning_rate"": 0.06271829433335971, ""num_leaves"": 40, ""min_child_samples"": 22, ""colsample_bytree"": 0.7365379736309288, ""reg_alpha"": 0.2824145110604416, ""reg_lambda"": 1.8280946410028431}"
161,2026-06-05T13:18:46.160317+00:00,lgbm,ranking_rf,161,4975,6,997,0.734190489695168,744,253,0.4981196778552956,"[""V176"", ""V191"", ""V255"", ""V160"", ""V224"", ""V215""]","{""n_estimators"": 254, ""learning_rate"": 0.07851518623551931, ""num_leaves"": 21, ""min_child_samples"": 38, ""colsample_bytree"": 0.7466781234987354, ""reg_alpha"": 0.0033083759146649294, ""reg_lambda"": 0.7880204346395085}"
162,2026-06-05T13:19:13.727276+00:00,lgbm,ranking_rf,162,4815,6,999,0.7315495226157488,734,265,0.4952077234011731,"[""V176"", ""V191"", ""V255"", ""V160"", ""V224"", ""V215""]","{""n_estimators"": 178, ""learning_rate"": 0.05167442629248821, ""num_leaves"": 51, ""min_child_samples"": 46, ""colsample_bytree"": 0.7511907372444331, ""reg_alpha"": 0.04371410032391265, ""reg_lambda"": 2.1327310594349242}"
163,2026-06-05T13:19:40.671671+00:00,lgbm,ranking_rf,163,4985,8,999,0.7429990801431502,772,227,0.494305498560747,"[""V176"", ""V191"", ""V255"", ""V160"", ""V224"", ""V215"", ""V380"", ""V342""]","{""n_estimators"": 161, ""learning_rate"": 0.04687972223540658, ""num_leaves"": 82, ""min_child_samples"": 49, ""colsample_bytree"": 0.9242284793255533, ""reg_alpha"": 0.30271841790579557, ""reg_lambda"": 1.1053750472102215}"
164,2026-06-05T13:19:58.120100+00:00,lgbm,ranking_rf,164,4880,7,1000,0.7521814801426356,752,248,0.500542836807508,"[""V176"", ""V191"", ""V255"", ""V160"", ""V224"", ""V215"", ""V380""]","{""n_estimators"": 242, ""learning_rate"": 0.10111344915950261, ""num_leaves"": 22, ""min_child_samples"": 17, ""colsample_bytree"": 0.6463422993757437, ""reg_alpha"": 0.8102013340069713, ""reg_lambda"": 0.5543148318357833}"
165,2026-06-05T13:20:28.864792+00:00,lgbm,ranking_rf,165,4845,6,999,0.741751572975441,736,263,0.4967455803556326,"[""V176"", ""V191"", ""V255"", ""V160"", ""V224"", ""V215""]","{""n_estimators"": 220, ""learning_rate"": 0.05860889767114333, ""num_leaves"": 47, ""min_child_samples"": 34, ""colsample_bytree"": 0.7430323747390309, ""reg_alpha"": 0.7117797684855637, ""reg_lambda"": 0.6579684003458004}"
166,2026-06-05T13:21:31.354983+00:00,lgbm,ranking_rf,166,4760,7,997,0.7452472165725439,743,254,0.4948298620794843,"[""V176"", ""V191"", ""V255"", ""V160"", ""V224"", ""V215"", ""V380""]","{""n_estimators"": 320, ""learning_rate"": 0.037147476721460446, ""num_leaves"": 77, ""min_child_samples"": 39, ""colsample_bytree"": 0.5516419074313679, ""reg_alpha"": 0.6197597295972174, ""reg_lambda"": 1.169552805760431}"
167,2026-06-05T13:22:03.942241+00:00,lgbm,ranking_rf,167,4745,8,999,0.7448337112069875,756,243,0.49464382607970875,"[""V176"", ""V191"", ""V255"", ""V160"", ""V224"", ""V215"", ""V380"", ""V342""]","{""n_estimators"": 105, ""learning_rate"": 0.0557526507533458, ""num_leaves"": 96, ""min_child_samples"": 14, ""colsample_bytree"": 0.8926337146824461, ""reg_alpha"": 0.5959530838548679, ""reg_lambda"": 1.6989667183131152}"
168,2026-06-05T13:22:33.187370+00:00,lgbm,ranking_rf,168,4975,6,1000,0.7370206801949568,745,255,0.4984028368419431,"[""V176"", ""V191"", ""V255"", ""V160"", ""V224"", ""V215""]","{""n_estimators"": 366, ""learning_rate"": 0.05476732482396274, ""num_leaves"": 23, ""min_child_samples"": 17, ""colsample_bytree"": 0.9832156582555602, ""reg_alpha"": 0.967243775474068, ""reg_lambda"": 1.5015986771217842}"
169,2026-06-05T13:23:26.258398+00:00,lgbm,ranking_rf,169,4730,8,999,0.7610280097842346,755,244,0.4943778238259158,"[""V176"", ""V191"", ""V255"", ""V160"", ""V224"", ""V215"", ""V380"", ""V342""]","{""n_estimators"": 313, ""learning_rate"": 0.043888164819232585, ""num_leaves"": 65, ""min_child_samples"": 41, ""colsample_bytree"": 0.6687481707892988, ""reg_alpha"": 0.8464454721898408, ""reg_lambda"": 1.8028610988669476}"
170,2026-06-05T13:25:05.614033+00:00,lgbm,ranking_rf,170,4595,9,998,0.8172813627736822,759,239,0.49347062276794923,"[""V176"", ""V191"", ""V255"", ""V160"", ""V224"", ""V215"", ""V380"", ""V342"", ""V483""]","{""n_estimators"": 391, ""learning_rate"": 0.04670127724212554, ""num_leaves"": 78, ""min_child_samples"": 13, ""colsample_bytree"": 0.927794063372582, ""reg_alpha"": 0.9025598536073296, ""reg_lambda"": 1.2602629833117571}"
171,2026-06-05T13:25:35.972169+00:00,lgbm,ranking_rf,171,5025,8,1000,0.7570553145893953,775,225,0.49566188473138034,"[""V176"", ""V191"", ""V255"", ""V160"", ""V224"", ""V215"", ""V380"", ""V342""]","{""n_estimators"": 139, ""learning_rate"": 0.06402926738771375, ""num_leaves"": 64, ""min_child_samples"": 20, ""colsample_bytree"": 0.752219044558678, ""reg_alpha"": 0.5969377161760959, ""reg_lambda"": 1.5505136125670995}"
172,2026-06-05T13:25:48.825120+00:00,lgbm,ranking_rf,172,5045,4,994,0.6929486905391943,721,273,0.49974721500354025,"[""V176"", ""V191"", ""V255"", ""V160""]","{""n_estimators"": 122, ""learning_rate"": 0.10327640867484081, ""num_leaves"": 29, ""min_child_samples"": 11, ""colsample_bytree"": 0.6136019281865086, ""reg_alpha"": 0.1577425930112365, ""reg_lambda"": 1.7230705341145636}"
173,2026-06-05T13:26:49.071581+00:00,lgbm,ranking_rf,173,4690,6,1000,0.760606716176352,726,274,0.4974162159322685,"[""V176"", ""V191"", ""V255"", ""V160"", ""V224"", ""V215""]","{""n_estimators"": 382, ""learning_rate"": 0.04828592992343915, ""num_leaves"": 51, ""min_child_samples"": 24, ""colsample_bytree"": 0.5874892014097743, ""reg_alpha"": 0.7851754248958366, ""reg_lambda"": 1.7588279676396745}"
174,2026-06-05T13:27:22.801732+00:00,lgbm,ranking_rf,174,5035,6,1000,0.7165742807166114,749,251,0.4966670572329898,"[""V176"", ""V191"", ""V255"", ""V160"", ""V224"", ""V215""]","{""n_estimators"": 329, ""learning_rate"": 0.03368262012587677, ""num_leaves"": 33, ""min_child_samples"": 42, ""colsample_bytree"": 0.7408170535517205, ""reg_alpha"": 0.6936470985889719, ""reg_lambda"": 1.688260000440332}"
175,2026-06-05T13:27:46.015957+00:00,lgbm,ranking_rf,175,4570,6,1000,0.8033265247137217,718,282,0.5018447986637519,"[""V176"", ""V191"", ""V255"", ""V160"", ""V224"", ""V215""]","{""n_estimators"": 168, ""learning_rate"": 0.1653795046248979, ""num_leaves"": 48, ""min_child_samples"": 18, ""colsample_bytree"": 0.6420986559869397, ""reg_alpha"": 0.38969516805746707, ""reg_lambda"": 1.049653407310252}"
176,2026-06-05T13:29:34.820518+00:00,lgbm,ranking_rf,176,4475,8,999,0.895706458876428,738,261,0.49249790755756584,"[""V176"", ""V191"", ""V255"", ""V160"", ""V224"", ""V215"", ""V380"", ""V342""]","{""n_estimators"": 376, ""learning_rate"": 0.09266590014027212, ""num_leaves"": 87, ""min_child_samples"": 11, ""colsample_bytree"": 0.814130781626996, ""reg_alpha"": 0.017371559812111248, ""reg_lambda"": 2.4209961850438644}"
177,2026-06-05T13:30:15.932784+00:00,lgbm,ranking_rf,177,4825,7,996,0.7630556556251364,747,249,0.4989328474411837,"[""V176"", ""V191"", ""V255"", ""V160"", ""V224"", ""V215"", ""V380""]","{""n_estimators"": 289, ""learning_rate"": 0.06189074068948038, ""num_leaves"": 44, ""min_child_samples"": 10, ""colsample_bytree"": 0.8933325854419415, ""reg_alpha"": 0.8810090116776624, ""reg_lambda"": 2.227419193984578}"
178,2026-06-05T13:30:40.875183+00:00,lgbm,ranking_rf,178,4680,8,1000,0.8166136736893683,752,248,0.49706814652089726,"[""V176"", ""V191"", ""V255"", ""V160"", ""V224"", ""V215"", ""V380"", ""V342""]","{""n_estimators"": 149, ""learning_rate"": 0.14806235587500516, ""num_leaves"": 56, ""min_child_samples"": 27, ""colsample_bytree"": 0.6408232174407307, ""reg_alpha"": 0.6272335242881981, ""reg_lambda"": 1.5991802966503894}"
179,2026-06-05T13:31:13.091523+00:00,lgbm,ranking_rf,179,4885,6,1000,0.7307471329497758,739,261,0.4978593763341577,"[""V176"", ""V191"", ""V255"", ""V160"", ""V224"", ""V215""]","{""n_estimators"": 282, ""learning_rate"": 0.052411990953639145, ""num_leaves"": 35, ""min_child_samples"": 38, ""colsample_bytree"": 0.7378108640436893, ""reg_alpha"": 0.5213366514187823, ""reg_lambda"": 2.2215664529475876}"
180,2026-06-05T13:31:25.305718+00:00,lgbm,ranking_rf,180,4930,6,1000,0.7211072426327081,742,258,0.4972000076947676,"[""V176"", ""V191"", ""V255"", ""V160"", ""V224"", ""V215""]","{""n_estimators"": 123, ""learning_rate"": 0.08693273715853742, ""num_leaves"": 30, ""min_child_samples"": 44, ""colsample_bytree"": 0.6972384652934005, ""reg_alpha"": 0.028300742738684215, ""reg_lambda"": 0.8552527400316374}"
181,2026-06-05T13:32:17.412707+00:00,lgbm,ranking_rf,181,4560,8,1000,0.8739914220604339,744,256,0.497753821646725,"[""V176"", ""V191"", ""V255"", ""V160"", ""V224"", ""V215"", ""V380"", ""V342""]","{""n_estimators"": 341, ""learning_rate"": 0.17422540973342518, ""num_leaves"": 49, ""min_child_samples"": 15, ""colsample_bytree"": 0.8056877338915471, ""reg_alpha"": 0.7843884075452996, ""reg_lambda"": 2.312175743162089}"
182,2026-06-05T13:32:41.723011+00:00,lgbm,ranking_rf,182,4910,4,1000,0.7115454046006378,714,286,0.498706519771495,"[""V176"", ""V191"", ""V255"", ""V160""]","{""n_estimators"": 353, ""learning_rate"": 0.053966590442608535, ""num_leaves"": 21, ""min_child_samples"": 48, ""colsample_bytree"": 0.7528372049549055, ""reg_alpha"": 0.1421199901561, ""reg_lambda"": 0.5183909260740318}"
183,2026-06-05T13:33:32.735688+00:00,lgbm,ranking_rf,183,4830,6,999,0.7534624331860034,735,264,0.49363820411133674,"[""V176"", ""V191"", ""V255"", ""V160"", ""V224"", ""V215""]","{""n_estimators"": 290, ""learning_rate"": 0.03942952002312457, ""num_leaves"": 92, ""min_child_samples"": 44, ""colsample_bytree"": 0.9887014929039428, ""reg_alpha"": 0.2718843032212668, ""reg_lambda"": 2.2486496956314337}"
184,2026-06-05T13:34:04.612306+00:00,lgbm,ranking_rf,184,4545,8,1000,0.8412634757423278,743,257,0.5005082935809546,"[""V176"", ""V191"", ""V255"", ""V160"", ""V224"", ""V215"", ""V380"", ""V342""]","{""n_estimators"": 393, ""learning_rate"": 0.13563047814289741, ""num_leaves"": 25, ""min_child_samples"": 33, ""colsample_bytree"": 0.7291734574938755, ""reg_alpha"": 0.15146594921874967, ""reg_lambda"": 1.6958486894079472}"
185,2026-06-05T13:34:52.373381+00:00,lgbm,ranking_rf,185,4750,7,996,0.794396407752576,742,254,0.4993698987365094,"[""V176"", ""V191"", ""V255"", ""V160"", ""V224"", ""V215"", ""V380""]","{""n_estimators"": 372, ""learning_rate"": 0.06721404743079595, ""num_leaves"": 43, ""min_child_samples"": 34, ""colsample_bytree"": 0.6912598787603923, ""reg_alpha"": 0.058890108248636164, ""reg_lambda"": 1.6277521119310974}"
186,2026-06-05T13:35:17.794088+00:00,lgbm,ranking_rf,186,4735,6,1000,0.7829250759410827,729,271,0.5016730222393319,"[""V176"", ""V191"", ""V255"", ""V160"", ""V224"", ""V215""]","{""n_estimators"": 356, ""learning_rate"": 0.14617401225311394, ""num_leaves"": 21, ""min_child_samples"": 16, ""colsample_bytree"": 0.609816620927432, ""reg_alpha"": 0.6568132260112238, ""reg_lambda"": 2.2799238038297265}"
187,2026-06-05T13:36:05.090472+00:00,lgbm,ranking_rf,187,4975,6,997,0.7336783335731458,744,253,0.497577813074886,"[""V176"", ""V191"", ""V255"", ""V160"", ""V224"", ""V215""]","{""n_estimators"": 273, ""learning_rate"": 0.03764098280163358, ""num_leaves"": 50, ""min_child_samples"": 10, ""colsample_bytree"": 0.9297129139702724, ""reg_alpha"": 0.6707593440597835, ""reg_lambda"": 1.7773314775862452}"
188,2026-06-05T13:36:59.878358+00:00,lgbm,ranking_rf,188,4410,6,999,0.8153745495501018,707,292,0.4939523964621951,"[""V176"", ""V191"", ""V255"", ""V160"", ""V224"", ""V215""]","{""n_estimators"": 207, ""learning_rate"": 0.1155424857324776, ""num_leaves"": 99, ""min_child_samples"": 20, ""colsample_bytree"": 0.5234154563561593, ""reg_alpha"": 0.5127709858214969, ""reg_lambda"": 1.5303239943184574}"
189,2026-06-05T13:37:28.360651+00:00,lgbm,ranking_rf,189,4750,6,1000,0.7870530531724471,730,270,0.5003209211708343,"[""V176"", ""V191"", ""V255"", ""V160"", ""V224"", ""V215""]","{""n_estimators"": 374, ""learning_rate"": 0.1206134625409059, ""num_leaves"": 22, ""min_child_samples"": 10, ""colsample_bytree"": 0.904467122416429, ""reg_alpha"": 0.32155545730676904, ""reg_lambda"": 1.038479946568671}"
190,2026-06-05T13:37:48.686671+00:00,lgbm,ranking_rf,190,5095,6,1000,0.7198497651001968,753,247,0.4960065377033423,"[""V176"", ""V191"", ""V255"", ""V160"", ""V224"", ""V215""]","{""n_estimators"": 163, ""learning_rate"": 0.06400920597228983, ""num_leaves"": 39, ""min_child_samples"": 38, ""colsample_bytree"": 0.7492175395763907, ""reg_alpha"": 0.5476191119614777, ""reg_lambda"": 1.8985494973414982}"
191,2026-06-05T13:38:19.285262+00:00,lgbm,ranking_rf,191,4560,8,1000,0.8248444130220535,744,256,0.4943119911652161,"[""V176"", ""V191"", ""V255"", ""V160"", ""V224"", ""V215"", ""V380"", ""V342""]","{""n_estimators"": 178, ""learning_rate"": 0.13960260252712686, ""num_leaves"": 57, ""min_child_samples"": 34, ""colsample_bytree"": 0.8452692766106198, ""reg_alpha"": 0.7426215026307573, ""reg_lambda"": 1.688091349924788}"
192,2026-06-05T13:38:47.029089+00:00,lgbm,ranking_rf,192,4790,7,1000,0.7250828942931778,746,254,0.4948404360509985,"[""V176"", ""V191"", ""V255"", ""V160"", ""V224"", ""V215"", ""V380""]","{""n_estimators"": 103, ""learning_rate"": 0.06832633894112093, ""num_leaves"": 89, ""min_child_samples"": 11, ""colsample_bytree"": 0.6086104598966886, ""reg_alpha"": 0.31387776466292616, ""reg_lambda"": 2.137124733697909}"
193,2026-06-05T13:39:29.546860+00:00,lgbm,ranking_rf,193,4840,6,1000,0.733999232625169,736,264,0.49524221838702015,"[""V176"", ""V191"", ""V255"", ""V160"", ""V224"", ""V215""]","{""n_estimators"": 198, ""learning_rate"": 0.0461772232867126, ""num_leaves"": 74, ""min_child_samples"": 18, ""colsample_bytree"": 0.718702671848187, ""reg_alpha"": 0.6642680116682651, ""reg_lambda"": 1.8022601630121982}"
194,2026-06-05T13:40:17.084354+00:00,lgbm,ranking_rf,194,4675,6,1000,0.7797901111678676,725,275,0.49831825942211255,"[""V176"", ""V191"", ""V255"", ""V160"", ""V224"", ""V215""]","{""n_estimators"": 338, ""learning_rate"": 0.0726996003796947, ""num_leaves"": 45, ""min_child_samples"": 18, ""colsample_bytree"": 0.8515770653438034, ""reg_alpha"": 0.8395091781396117, ""reg_lambda"": 1.788392210039253}"
195,2026-06-05T13:40:42.076786+00:00,lgbm,ranking_rf,195,4710,7,998,0.7759237287904865,740,258,0.49978906121204725,"[""V176"", ""V191"", ""V255"", ""V160"", ""V224"", ""V215"", ""V380""]","{""n_estimators"": 325, ""learning_rate"": 0.09131245127156759, ""num_leaves"": 25, ""min_child_samples"": 41, ""colsample_bytree"": 0.7596778554786234, ""reg_alpha"": 0.4283412596246906, ""reg_lambda"": 0.7015227338661758}"
196,2026-06-05T13:42:13.169212+00:00,lgbm,ranking_rf,196,4580,8,996,0.814012136556861,744,252,0.4928738409028113,"[""V176"", ""V191"", ""V255"", ""V160"", ""V224"", ""V215"", ""V380"", ""V342""]","{""n_estimators"": 391, ""learning_rate"": 0.04472572553026431, ""num_leaves"": 81, ""min_child_samples"": 21, ""colsample_bytree"": 0.7138404571098071, ""reg_alpha"": 0.8789506050758562, ""reg_lambda"": 0.7681173143984859}"
197,2026-06-05T13:42:36.487250+00:00,lgbm,ranking_rf,197,4680,8,1000,0.752539633407706,752,248,0.49656401678953427,"[""V176"", ""V191"", ""V255"", ""V160"", ""V224"", ""V215"", ""V380"", ""V342""]","{""n_estimators"": 128, ""learning_rate"": 0.08878802528006066, ""num_leaves"": 59, ""min_child_samples"": 25, ""colsample_bytree"": 0.5065610874711887, ""reg_alpha"": 0.26209441877351025, ""reg_lambda"": 1.3516045026633772}"
198,2026-06-05T13:43:40.906825+00:00,lgbm,ranking_rf,198,4460,7,1000,0.8570375748281104,724,276,0.4946945756977975,"[""V176"", ""V191"", ""V255"", ""V160"", ""V224"", ""V215"", ""V380""]","{""n_estimators"": 373, ""learning_rate"": 0.12915192624707095, ""num_leaves"": 56, ""min_child_samples"": 24, ""colsample_bytree"": 0.8684272682992709, ""reg_alpha"": 0.9021805877649903, ""reg_lambda"": 1.8193316947967226}"
199,2026-06-05T13:44:47.318513+00:00,lgbm,ranking_rf,199,4270,9,1000,0.8618911597889546,738,262,0.49225075089978293,"[""V176"", ""V191"", ""V255"", ""V160"", ""V224"", ""V215"", ""V380"", ""V342"", ""V483""]","{""n_estimators"": 354, ""learning_rate"": 0.128073044745896, ""num_leaves"": 94, ""min_child_samples"": 35, ""colsample_bytree"": 0.5976944791540973, ""reg_alpha"": 0.7852680715474866, ""reg_lambda"": 1.388864181889534}"
200,2026-06-05T13:46:17.658590+00:00,lgbm,ranking_rf,200,4545,8,1000,0.8908030089415853,743,257,0.494015317789513,"[""V176"", ""V191"", ""V255"", ""V160"", ""V224"", ""V215"", ""V380"", ""V342""]","{""n_estimators"": 388, ""learning_rate"": 0.12127629071463422, ""num_leaves"": 86, ""min_child_samples"": 23, ""colsample_bytree"": 0.6517771984034864, ""reg_alpha"": 0.41878694701822894, ""reg_lambda"": 1.5047035011571324}"
201,2026-06-05T13:47:43.615921+00:00,lgbm,ranking_rf,201,4360,7,999,0.8729628210860315,717,282,0.4970475833881032,"[""V176"", ""V191"", ""V255"", ""V160"", ""V224"", ""V215"", ""V380""]","{""n_estimators"": 382, ""learning_rate"": 0.10412154439078355, ""num_leaves"": 88, ""min_child_samples"": 22, ""colsample_bytree"": 0.7869657381033177, ""reg_alpha"": 0.8216205835555538, ""reg_lambda"": 0.7323036992165994}"
202,2026-06-05T13:47:53.341730+00:00,lgbm,ranking_rf,202,4940,4,991,0.6833166451730889,713,278,0.49626214858180173,"[""V176"", ""V191"", ""V255"", ""V160""]","{""n_estimators"": 100, ""learning_rate"": 0.10943063573674948, ""num_leaves"": 29, ""min_child_samples"": 45, ""colsample_bytree"": 0.5700184067411065, ""reg_alpha"": 0.26751188209745125, ""reg_lambda"": 0.7952089055653504}"
203,2026-06-05T13:48:39.883001+00:00,lgbm,ranking_rf,203,4680,6,999,0.7801125735794905,725,274,0.4964354100770576,"[""V176"", ""V191"", ""V255"", ""V160"", ""V224"", ""V215""]","{""n_estimators"": 251, ""learning_rate"": 0.0696081466493077, ""num_leaves"": 60, ""min_child_samples"": 17, ""colsample_bytree"": 0.9974960509669222, ""reg_alpha"": 0.5714755379709365, ""reg_lambda"": 1.6992139983709957}"
204,2026-06-05T13:49:05.836056+00:00,lgbm,ranking_rf,204,4700,6,998,0.760016038827531,726,272,0.4999741697827585,"[""V176"", ""V191"", ""V255"", ""V160"", ""V224"", ""V215""]","{""n_estimators"": 208, ""learning_rate"": 0.13008419326201648, ""num_leaves"": 38, ""min_child_samples"": 18, ""colsample_bytree"": 0.539516309743178, ""reg_alpha"": 0.9723690373431715, ""reg_lambda"": 2.2175415785283845}"
205,2026-06-05T13:49:23.765651+00:00,lgbm,ranking_rf,205,4755,8,1000,0.7788351272214408,757,243,0.49726700257155526,"[""V176"", ""V191"", ""V255"", ""V160"", ""V224"", ""V215"", ""V380"", ""V342""]","{""n_estimators"": 165, ""learning_rate"": 0.12829994668945977, ""num_leaves"": 33, ""min_child_samples"": 47, ""colsample_bytree"": 0.8040855564145546, ""reg_alpha"": 0.9229843608530119, ""reg_lambda"": 1.14574536337076}"
206,2026-06-05T13:50:11.526084+00:00,lgbm,ranking_rf,206,4580,7,1000,0.8432366909977922,732,268,0.4977008230021227,"[""V176"", ""V191"", ""V255"", ""V160"", ""V224"", ""V215"", ""V380""]","{""n_estimators"": 392, ""learning_rate"": 0.11414131624210533, ""num_leaves"": 40, ""min_child_samples"": 26, ""colsample_bytree"": 0.9816805308046518, ""reg_alpha"": 0.5633214669475244, ""reg_lambda"": 1.9898945431456116}"
207,2026-06-05T13:51:14.110069+00:00,lgbm,ranking_rf,207,4285,6,1000,0.8689945237392748,699,301,0.4952433541962784,"[""V176"", ""V191"", ""V255"", ""V160"", ""V224"", ""V215""]","{""n_estimators"": 377, ""learning_rate"": 0.17985417554329092, ""num_leaves"": 56, ""min_child_samples"": 20, ""colsample_bytree"": 0.7908538882675772, ""reg_alpha"": 0.8849049792337347, ""reg_lambda"": 1.747624372648323}"
208,2026-06-05T13:51:31.987534+00:00,lgbm,ranking_rf,208,4670,7,1000,0.7892604102416716,738,262,0.5000168194933471,"[""V176"", ""V191"", ""V255"", ""V160"", ""V224"", ""V215"", ""V380""]","{""n_estimators"": 106, ""learning_rate"": 0.15722845826226012, ""num_leaves"": 52, ""min_child_samples"": 24, ""colsample_bytree"": 0.962910444892521, ""reg_alpha"": 0.5117663341436028, ""reg_lambda"": 1.8095145603972314}"
209,2026-06-05T13:52:32.877329+00:00,lgbm,ranking_rf,209,4770,8,1000,0.7347830353900064,758,242,0.49453869806490547,"[""V176"", ""V191"", ""V255"", ""V160"", ""V224"", ""V215"", ""V380"", ""V342""]","{""n_estimators"": 298, ""learning_rate"": 0.03350177929008783, ""num_leaves"": 79, ""min_child_samples"": 36, ""colsample_bytree"": 0.529854991889521, ""reg_alpha"": 0.418705323308301, ""reg_lambda"": 2.1642613729926516}"
210,2026-06-05T13:53:25.864502+00:00,lgbm,ranking_rf,210,4360,6,1000,0.8534170041324829,704,296,0.4949067405658224,"[""V176"", ""V191"", ""V255"", ""V160"", ""V224"", ""V215""]","{""n_estimators"": 322, ""learning_rate"": 0.16097048178849752, ""num_leaves"": 53, ""min_child_samples"": 17, ""colsample_bytree"": 0.9587245271608059, ""reg_alpha"": 0.9357902210144977, ""reg_lambda"": 1.3564149395920682}"
211,2026-06-05T13:53:35.360806+00:00,lgbm,ranking_rf,211,5020,6,1000,0.7114397503347024,748,252,0.49730466522316275,"[""V176"", ""V191"", ""V255"", ""V160"", ""V224"", ""V215""]","{""n_estimators"": 110, ""learning_rate"": 0.10018382918407927, ""num_leaves"": 25, ""min_child_samples"": 16, ""colsample_bytree"": 0.7285965513601189, ""reg_alpha"": 0.053478703742404154, ""reg_lambda"": 1.4602978393800143}"
212,2026-06-05T13:54:04.995913+00:00,lgbm,ranking_rf,212,5005,6,1000,0.7332059444333591,747,253,0.4979110770775604,"[""V176"", ""V191"", ""V255"", ""V160"", ""V224"", ""V215""]","{""n_estimators"": 362, ""learning_rate"": 0.04966536942067986, ""num_leaves"": 24, ""min_child_samples"": 21, ""colsample_bytree"": 0.9900310954608564, ""reg_alpha"": 0.2986180555414827, ""reg_lambda"": 2.428184281522854}"
213,2026-06-05T13:55:22.091551+00:00,lgbm,ranking_rf,213,4580,7,1000,0.7939087430486885,732,268,0.49296225099845814,"[""V176"", ""V191"", ""V255"", ""V160"", ""V224"", ""V215"", ""V380""]","{""n_estimators"": 380, ""learning_rate"": 0.054995490064870076, ""num_leaves"": 82, ""min_child_samples"": 40, ""colsample_bytree"": 0.5050036852443185, ""reg_alpha"": 0.3132543992799237, ""reg_lambda"": 1.1058874470147235}"
214,2026-06-05T13:55:51.045911+00:00,lgbm,ranking_rf,214,4655,4,1000,0.7519337160488032,697,303,0.49928392198036353,"[""V176"", ""V191"", ""V255"", ""V160""]","{""n_estimators"": 399, ""learning_rate"": 0.11755807569516415, ""num_leaves"": 21, ""min_child_samples"": 28, ""colsample_bytree"": 0.6423065616281649, ""reg_alpha"": 0.9158857742082411, ""reg_lambda"": 1.46972050325986}"
215,2026-06-05T13:56:17.709170+00:00,lgbm,ranking_rf,215,4505,7,997,0.8263940665090507,726,271,0.4965204832518094,"[""V176"", ""V191"", ""V255"", ""V160"", ""V224"", ""V215"", ""V380""]","{""n_estimators"": 217, ""learning_rate"": 0.158943504045596, ""num_leaves"": 40, ""min_child_samples"": 40, ""colsample_bytree"": 0.7031879068737881, ""reg_alpha"": 0.017896960236637893, ""reg_lambda"": 1.5373638083667316}"
216,2026-06-05T13:56:35.511510+00:00,lgbm,ranking_rf,216,4880,6,998,0.6861858084303654,738,260,0.4962826769707197,"[""V176"", ""V191"", ""V255"", ""V160"", ""V224"", ""V215""]","{""n_estimators"": 114, ""learning_rate"": 0.05729833318629864, ""num_leaves"": 51, ""min_child_samples"": 36, ""colsample_bytree"": 0.5421134668229535, ""reg_alpha"": 0.9159393159907345, ""reg_lambda"": 1.7154015258010695}"
217,2026-06-05T13:58:01.761952+00:00,lgbm,ranking_rf,217,4530,7,992,0.9057769039338038,726,266,0.4932015169092991,"[""V176"", ""V191"", ""V255"", ""V160"", ""V224"", ""V215"", ""V380""]","{""n_estimators"": 340, ""learning_rate"": 0.09243471664895639, ""num_leaves"": 89, ""min_child_samples"": 21, ""colsample_bytree"": 0.996723589342766, ""reg_alpha"": 0.00926707119987813, ""reg_lambda"": 0.9945799402068451}"
218,2026-06-05T13:58:46.935635+00:00,lgbm,ranking_rf,218,5000,6,998,0.7134846457856997,746,252,0.49630079188098664,"[""V176"", ""V191"", ""V255"", ""V160"", ""V224"", ""V215""]","{""n_estimators"": 246, ""learning_rate"": 0.031177044727003382, ""num_leaves"": 41, ""min_child_samples"": 36, ""colsample_bytree"": 0.7669986401883673, ""reg_alpha"": 0.6420463247343455, ""reg_lambda"": 1.4510422084686474}"
219,2026-06-05T13:59:19.205630+00:00,lgbm,ranking_rf,219,4425,8,1000,0.8437449182467219,735,265,0.4931273091289735,"[""V176"", ""V191"", ""V255"", ""V160"", ""V224"", ""V215"", ""V380"", ""V342""]","{""n_estimators"": 177, ""learning_rate"": 0.16984946066388845, ""num_leaves"": 76, ""min_child_samples"": 45, ""colsample_bytree"": 0.8988338368731641, ""reg_alpha"": 0.8919570695867239, ""reg_lambda"": 1.092583495779856}"
220,2026-06-05T14:00:12.775420+00:00,lgbm,ranking_rf,220,4540,7,999,0.7829232595218282,729,270,0.49373159281415463,"[""V176"", ""V191"", ""V255"", ""V160"", ""V224"", ""V215"", ""V380""]","{""n_estimators"": 352, ""learning_rate"": 0.07142509932704197, ""num_leaves"": 52, ""min_child_samples"": 39, ""colsample_bytree"": 0.6358285871494881, ""reg_alpha"": 0.9117296837727787, ""reg_lambda"": 1.9022996096081561}"
221,2026-06-05T14:00:36.377901+00:00,lgbm,ranking_rf,221,4875,6,999,0.7531510643422075,738,261,0.4992638642667019,"[""V176"", ""V191"", ""V255"", ""V160"", ""V224"", ""V215""]","{""n_estimators"": 320, ""learning_rate"": 0.08604801266974449, ""num_leaves"": 22, ""min_child_samples"": 37, ""colsample_bytree"": 0.7952371376917048, ""reg_alpha"": 0.47170821055432666, ""reg_lambda"": 1.3016826947049411}"
222,2026-06-05T14:01:11.532585+00:00,lgbm,ranking_rf,222,4410,8,1000,0.8613835298452668,734,266,0.4974202531497112,"[""V176"", ""V191"", ""V255"", ""V160"", ""V224"", ""V215"", ""V380"", ""V342""]","{""n_estimators"": 330, ""learning_rate"": 0.17464610229589525, ""num_leaves"": 29, ""min_child_samples"": 45, ""colsample_bytree"": 0.9459292030633419, ""reg_alpha"": 0.6901547843250104, ""reg_lambda"": 1.138299698449518}"
223,2026-06-05T14:01:38.853490+00:00,lgbm,ranking_rf,223,5070,6,999,0.7362300137122514,751,248,0.4977196506398721,"[""V176"", ""V191"", ""V255"", ""V160"", ""V224"", ""V215""]","{""n_estimators"": 234, ""learning_rate"": 0.06186453769205195, ""num_leaves"": 34, ""min_child_samples"": 12, ""colsample_bytree"": 0.9482306080079275, ""reg_alpha"": 0.737329475857481, ""reg_lambda"": 1.858509111108715}"
224,2026-06-05T14:02:04.718686+00:00,lgbm,ranking_rf,224,4675,9,1000,0.8167115796273324,765,235,0.4969990330978493,"[""V176"", ""V191"", ""V255"", ""V160"", ""V224"", ""V215"", ""V380"", ""V342"", ""V483""]","{""n_estimators"": 117, ""learning_rate"": 0.14825504337429724, ""num_leaves"": 67, ""min_child_samples"": 12, ""colsample_bytree"": 0.8548022677637188, ""reg_alpha"": 0.037785591435732235, ""reg_lambda"": 2.237368367835643}"
225,2026-06-05T14:03:06.869420+00:00,lgbm,ranking_rf,225,4590,9,999,0.8586837164042865,759,240,0.490575031421821,"[""V176"", ""V191"", ""V255"", ""V160"", ""V224"", ""V215"", ""V380"", ""V342"", ""V483""]","{""n_estimators"": 289, ""learning_rate"": 0.09555724564104191, ""num_leaves"": 78, ""min_child_samples"": 30, ""colsample_bytree"": 0.8467464086190873, ""reg_alpha"": 0.2890519247207126, ""reg_lambda"": 1.9246778670786557}"
226,2026-06-05T14:03:54.424953+00:00,lgbm,ranking_rf,226,4545,8,997,0.8371776299049442,742,255,0.49385432842261223,"[""V176"", ""V191"", ""V255"", ""V160"", ""V224"", ""V215"", ""V380"", ""V342""]","{""n_estimators"": 263, ""learning_rate"": 0.1250395452251532, ""num_leaves"": 66, ""min_child_samples"": 41, ""colsample_bytree"": 0.7963183368773351, ""reg_alpha"": 0.8953442360305133, ""reg_lambda"": 1.7025082026481346}"
227,2026-06-05T14:04:56.962180+00:00,lgbm,ranking_rf,227,4530,8,1000,0.8084484877131098,742,258,0.49386631057378727,"[""V176"", ""V191"", ""V255"", ""V160"", ""V224"", ""V215"", ""V380"", ""V342""]","{""n_estimators"": 238, ""learning_rate"": 0.08172402045057728, ""num_leaves"": 96, ""min_child_samples"": 23, ""colsample_bytree"": 0.6583542451998667, ""reg_alpha"": 0.936476769606501, ""reg_lambda"": 1.4472352826526305}"
228,2026-06-05T14:05:08.217097+00:00,lgbm,ranking_rf,228,5120,4,1000,0.6720647617656345,728,272,0.4973552334589114,"[""V176"", ""V191"", ""V255"", ""V160""]","{""n_estimators"": 132, ""learning_rate"": 0.045106844433286816, ""num_leaves"": 22, ""min_child_samples"": 25, ""colsample_bytree"": 0.7260321838869483, ""reg_alpha"": 0.11717626165416895, ""reg_lambda"": 2.1509698605079595}"
229,2026-06-05T14:05:52.392855+00:00,lgbm,ranking_rf,229,4580,8,999,0.8364509692707502,745,254,0.49418337749705477,"[""V176"", ""V191"", ""V255"", ""V160"", ""V224"", ""V215"", ""V380"", ""V342""]","{""n_estimators"": 244, ""learning_rate"": 0.11126141503532347, ""num_leaves"": 64, ""min_child_samples"": 34, ""colsample_bytree"": 0.6730415125767796, ""reg_alpha"": 0.4390290042342089, ""reg_lambda"": 1.6780981765104581}"
230,2026-06-05T14:06:43.729625+00:00,lgbm,ranking_rf,230,4560,7,998,0.784274066763283,730,268,0.49491193402590206,"[""V176"", ""V191"", ""V255"", ""V160"", ""V224"", ""V215"", ""V380""]","{""n_estimators"": 268, ""learning_rate"": 0.07143948917933815, ""num_leaves"": 70, ""min_child_samples"": 31, ""colsample_bytree"": 0.6052751778508192, ""reg_alpha"": 0.905717914324927, ""reg_lambda"": 1.3904555939757943}"
231,2026-06-05T14:07:23.864304+00:00,lgbm,ranking_rf,231,4895,8,999,0.744350187298443,766,233,0.49708448988166304,"[""V176"", ""V191"", ""V255"", ""V160"", ""V224"", ""V215"", ""V380"", ""V342""]","{""n_estimators"": 356, ""learning_rate"": 0.035007819327307094, ""num_leaves"": 35, ""min_child_samples"": 28, ""colsample_bytree"": 0.6570611900601098, ""reg_alpha"": 0.9358842864512585, ""reg_lambda"": 1.9900332658245832}"
232,2026-06-05T14:08:10.652723+00:00,lgbm,ranking_rf,232,4605,8,1000,0.8367326626073437,747,253,0.4936877057271149,"[""V176"", ""V191"", ""V255"", ""V160"", ""V224"", ""V215"", ""V380"", ""V342""]","{""n_estimators"": 187, ""learning_rate"": 0.12083752064132218, ""num_leaves"": 93, ""min_child_samples"": 21, ""colsample_bytree"": 0.5677524444287445, ""reg_alpha"": 0.4884003313398978, ""reg_lambda"": 1.9559838012371877}"
233,2026-06-05T14:08:23.033412+00:00,lgbm,ranking_rf,233,5000,4,1000,0.6894713765064104,720,280,0.49850602695708657,"[""V176"", ""V191"", ""V255"", ""V160""]","{""n_estimators"": 105, ""learning_rate"": 0.08192080807035734, ""num_leaves"": 30, ""min_child_samples"": 12, ""colsample_bytree"": 0.7364401493615957, ""reg_alpha"": 0.5550306386060736, ""reg_lambda"": 1.491033939240321}"
234,2026-06-05T14:08:54.253130+00:00,lgbm,ranking_rf,234,4715,7,1000,0.8241984337374553,741,259,0.5002362439408707,"[""V176"", ""V191"", ""V255"", ""V160"", ""V224"", ""V215"", ""V380""]","{""n_estimators"": 395, ""learning_rate"": 0.16383233977707495, ""num_leaves"": 23, ""min_child_samples"": 31, ""colsample_bytree"": 0.5705108245793935, ""reg_alpha"": 0.2655620511503798, ""reg_lambda"": 2.402107791876403}"
235,2026-06-05T14:09:16.113664+00:00,lgbm,ranking_rf,235,4605,8,1000,0.8092913713265102,747,253,0.4996260699554565,"[""V176"", ""V191"", ""V255"", ""V160"", ""V224"", ""V215"", ""V380"", ""V342""]","{""n_estimators"": 285, ""learning_rate"": 0.16686006652589733, ""num_leaves"": 23, ""min_child_samples"": 49, ""colsample_bytree"": 0.6233098879444414, ""reg_alpha"": 0.6988074142774017, ""reg_lambda"": 2.2328586383926723}"
236,2026-06-05T14:09:36.781342+00:00,lgbm,ranking_rf,236,4775,4,991,0.7386562769767843,702,289,0.5012552619492048,"[""V176"", ""V191"", ""V255"", ""V160""]","{""n_estimators"": 194, ""learning_rate"": 0.10840605698476806, ""num_leaves"": 32, ""min_child_samples"": 13, ""colsample_bytree"": 0.8126897027009687, ""reg_alpha"": 0.8382609313431852, ""reg_lambda"": 0.6758486148186451}"
237,2026-06-05T14:09:52.034151+00:00,lgbm,ranking_rf,237,4930,7,999,0.7687567818334341,755,244,0.5002333822545455,"[""V176"", ""V191"", ""V255"", ""V160"", ""V224"", ""V215"", ""V380""]","{""n_estimators"": 134, ""learning_rate"": 0.15160790278872252, ""num_leaves"": 33, ""min_child_samples"": 12, ""colsample_bytree"": 0.9143833769751437, ""reg_alpha"": 0.3511277858645949, ""reg_lambda"": 2.2062034155782366}"
238,2026-06-05T14:10:27.364817+00:00,lgbm,ranking_rf,238,5145,4,998,0.6870140375731725,729,269,0.4986110435658416,"[""V176"", ""V191"", ""V255"", ""V160""]","{""n_estimators"": 359, ""learning_rate"": 0.03209366013691968, ""num_leaves"": 29, ""min_child_samples"": 18, ""colsample_bytree"": 0.5803100828714565, ""reg_alpha"": 0.9796225431373057, ""reg_lambda"": 1.6644441741881915}"
239,2026-06-05T14:10:59.407050+00:00,lgbm,ranking_rf,239,4710,8,1000,0.7791791902351167,754,246,0.49636013219956276,"[""V176"", ""V191"", ""V255"", ""V160"", ""V224"", ""V215"", ""V380"", ""V342""]","{""n_estimators"": 135, ""learning_rate"": 0.09953285701416689, ""num_leaves"": 80, ""min_child_samples"": 15, ""colsample_bytree"": 0.5495952403063364, ""reg_alpha"": 0.3152628536368358, ""reg_lambda"": 1.00915664381902}"
240,2026-06-05T14:11:26.089106+00:00,lgbm,ranking_rf,240,4635,6,999,0.7918820827590742,722,277,0.4984173763078309,"[""V176"", ""V191"", ""V255"", ""V160"", ""V224"", ""V215""]","{""n_estimators"": 133, ""learning_rate"": 0.14554905051957598, ""num_leaves"": 61, ""min_child_samples"": 13, ""colsample_bytree"": 0.7621014061712326, ""reg_alpha"": 0.5328028949271685, ""reg_lambda"": 1.4823709989840093}"
241,2026-06-05T14:12:10.936441+00:00,lgbm,ranking_rf,241,4440,8,1000,0.8765063539572725,736,264,0.49420088557627606,"[""V176"", ""V191"", ""V255"", ""V160"", ""V224"", ""V215"", ""V380"", ""V342""]","{""n_estimators"": 243, ""learning_rate"": 0.17510892528710162, ""num_leaves"": 62, ""min_child_samples"": 32, ""colsample_bytree"": 0.6219563774272732, ""reg_alpha"": 0.3319849538408909, ""reg_lambda"": 2.0855837810367888}"
242,2026-06-05T14:12:54.173319+00:00,lgbm,ranking_rf,242,4575,8,1000,0.8509945753811786,745,255,0.49811990127538586,"[""V176"", ""V191"", ""V255"", ""V160"", ""V224"", ""V215"", ""V380"", ""V342""]","{""n_estimators"": 386, ""learning_rate"": 0.11674598563041767, ""num_leaves"": 36, ""min_child_samples"": 34, ""colsample_bytree"": 0.8644325910050258, ""reg_alpha"": 0.8421489832591994, ""reg_lambda"": 0.5007871942403499}"
243,2026-06-05T14:13:26.819704+00:00,lgbm,ranking_rf,243,4850,4,1000,0.7302486746485594,710,290,0.5006018306280091,"[""V176"", ""V191"", ""V255"", ""V160""]","{""n_estimators"": 242, ""learning_rate"": 0.06264402492553454, ""num_leaves"": 42, ""min_child_samples"": 11, ""colsample_bytree"": 0.7898645777124222, ""reg_alpha"": 0.33680757379048387, ""reg_lambda"": 0.7149739970118776}"
244,2026-06-05T14:14:40.537236+00:00,lgbm,ranking_rf,244,4580,7,997,0.8849052933947186,731,266,0.4964754823207184,"[""V176"", ""V191"", ""V255"", ""V160"", ""V224"", ""V215"", ""V380""]","{""n_estimators"": 381, ""learning_rate"": 0.14729879814876548, ""num_leaves"": 61, ""min_child_samples"": 15, ""colsample_bytree"": 0.7021399927273173, ""reg_alpha"": 0.44586233839611844, ""reg_lambda"": 1.965327804885954}"
245,2026-06-05T14:14:52.174915+00:00,lgbm,ranking_rf,245,5030,6,998,0.6678907154253005,748,250,0.4967670668095608,"[""V176"", ""V191"", ""V255"", ""V160"", ""V224"", ""V215""]","{""n_estimators"": 126, ""learning_rate"": 0.04489155764552884, ""num_leaves"": 27, ""min_child_samples"": 37, ""colsample_bytree"": 0.5361968750798346, ""reg_alpha"": 0.21764472246441158, ""reg_lambda"": 2.4809685758267177}"
246,2026-06-05T14:16:05.173295+00:00,lgbm,ranking_rf,246,4720,6,1000,0.7807493508049732,728,272,0.49661776579609285,"[""V176"", ""V191"", ""V255"", ""V160"", ""V224"", ""V215""]","{""n_estimators"": 399, ""learning_rate"": 0.04687950069217968, ""num_leaves"": 57, ""min_child_samples"": 24, ""colsample_bytree"": 0.9246762278638235, ""reg_alpha"": 0.9518362968827864, ""reg_lambda"": 0.8623653413904719}"
247,2026-06-05T14:17:08.614695+00:00,lgbm,ranking_rf,247,4520,8,999,0.8786789216337173,741,258,0.4936769451679999,"[""V176"", ""V191"", ""V255"", ""V160"", ""V224"", ""V215"", ""V380"", ""V342""]","{""n_estimators"": 258, ""learning_rate"": 0.16686996631600068, ""num_leaves"": 84, ""min_child_samples"": 19, ""colsample_bytree"": 0.5034784448393309, ""reg_alpha"": 0.41054942859112586, ""reg_lambda"": 1.6508809846060728}"
248,2026-06-05T14:17:50.789419+00:00,lgbm,ranking_rf,248,4790,7,1000,0.7438370099123187,746,254,0.4938812718812921,"[""V176"", ""V191"", ""V255"", ""V160"", ""V224"", ""V215"", ""V380""]","{""n_estimators"": 227, ""learning_rate"": 0.06114791204133052, ""num_leaves"": 48, ""min_child_samples"": 43, ""colsample_bytree"": 0.5429549279963759, ""reg_alpha"": 0.6263472137598457, ""reg_lambda"": 1.2646864905494406}"
249,2026-06-05T14:18:37.532040+00:00,lgbm,ranking_rf,249,4475,7,1000,0.8561890890708055,725,275,0.49731372841032023,"[""V176"", ""V191"", ""V255"", ""V160"", ""V224"", ""V215"", ""V380""]","{""n_estimators"": 354, ""learning_rate"": 0.14815447041955032, ""num_leaves"": 42, ""min_child_samples"": 36, ""colsample_bytree"": 0.8826291992141525, ""reg_alpha"": 0.8042017731540182, ""reg_lambda"": 1.51832263160002}"
250,2026-06-05T14:19:24.822773+00:00,lgbm,ranking_rf,250,4920,8,1000,0.7494899216496271,768,232,0.4956218722462645,"[""V176"", ""V191"", ""V255"", ""V160"", ""V224"", ""V215"", ""V380"", ""V342""]","{""n_estimators"": 372, ""learning_rate"": 0.036441153734278586, ""num_leaves"": 40, ""min_child_samples"": 45, ""colsample_bytree"": 0.5687850218359104, ""reg_alpha"": 0.7934458586029054, ""reg_lambda"": 1.573754924716907}"
251,2026-06-05T14:19:51.591103+00:00,lgbm,ranking_rf,251,4840,6,997,0.7433271939604122,735,262,0.49722457710154194,"[""V176"", ""V191"", ""V255"", ""V160"", ""V224"", ""V215""]","{""n_estimators"": 177, ""learning_rate"": 0.07089954611203525, ""num_leaves"": 45, ""min_child_samples"": 38, ""colsample_bytree"": 0.8570088454873785, ""reg_alpha"": 0.5802736178340193, ""reg_lambda"": 1.1677974017594446}"
252,2026-06-05T14:20:11.609732+00:00,lgbm,ranking_rf,252,4975,8,992,0.7328135379213514,769,223,0.496488211896464,"[""V176"", ""V191"", ""V255"", ""V160"", ""V224"", ""V215"", ""V380"", ""V342""]","{""n_estimators"": 133, ""learning_rate"": 0.06989199869007884, ""num_leaves"": 41, ""min_child_samples"": 13, ""colsample_bytree"": 0.6761594029228795, ""reg_alpha"": 0.890875185594891, ""reg_lambda"": 1.5687873275872468}"
253,2026-06-05T14:20:39.224313+00:00,lgbm,ranking_rf,253,4565,7,1000,0.8110302950270717,731,269,0.49718726837234134,"[""V176"", ""V191"", ""V255"", ""V160"", ""V224"", ""V215"", ""V380""]","{""n_estimators"": 255, ""learning_rate"": 0.15818480219676073, ""num_leaves"": 33, ""min_child_samples"": 41, ""colsample_bytree"": 0.75581465186391, ""reg_alpha"": 0.7519911630452604, ""reg_lambda"": 1.196231126960565}"
254,2026-06-05T14:21:43.864900+00:00,lgbm,ranking_rf,254,4535,7,1000,0.8629676931067761,729,271,0.4949115413725767,"[""V176"", ""V191"", ""V255"", ""V160"", ""V224"", ""V215"", ""V380""]","{""n_estimators"": 367, ""learning_rate"": 0.10765766421350724, ""num_leaves"": 56, ""min_child_samples"": 31, ""colsample_bytree"": 0.753894396664428, ""reg_alpha"": 0.04692032259772305, ""reg_lambda"": 1.7419824477914316}"
255,2026-06-05T14:22:20.204035+00:00,lgbm,ranking_rf,255,4605,8,997,0.8310246230350686,746,251,0.4988248819825598,"[""V176"", ""V191"", ""V255"", ""V160"", ""V224"", ""V215"", ""V380"", ""V342""]","{""n_estimators"": 397, ""learning_rate"": 0.1260177224432955, ""num_leaves"": 27, ""min_child_samples"": 43, ""colsample_bytree"": 0.7393853782135867, ""reg_alpha"": 0.41786362971838353, ""reg_lambda"": 1.8584087352165106}"
256,2026-06-05T14:22:42.808954+00:00,lgbm,ranking_rf,256,4870,7,996,0.7449546227606502,750,246,0.5000380379217613,"[""V176"", ""V191"", ""V255"", ""V160"", ""V224"", ""V215"", ""V380""]","{""n_estimators"": 269, ""learning_rate"": 0.06345530756018841, ""num_leaves"": 25, ""min_child_samples"": 31, ""colsample_bytree"": 0.7280841255880613, ""reg_alpha"": 0.3300825460801403, ""reg_lambda"": 1.2602334645367024}"
257,2026-06-05T14:23:37.634248+00:00,lgbm,ranking_rf,257,4455,7,998,0.8878931646842182,723,275,0.4948367969153285,"[""V176"", ""V191"", ""V255"", ""V160"", ""V224"", ""V215"", ""V380""]","{""n_estimators"": 260, ""learning_rate"": 0.15515954999564666, ""num_leaves"": 85, ""min_child_samples"": 35, ""colsample_bytree"": 0.5421215433097002, ""reg_alpha"": 0.02599217720858482, ""reg_lambda"": 1.3058744871452856}"
258,2026-06-05T14:24:35.567250+00:00,lgbm,ranking_rf,258,4395,8,1000,0.878263953328682,733,267,0.49236615171404785,"[""V176"", ""V191"", ""V255"", ""V160"", ""V224"", ""V215"", ""V380"", ""V342""]","{""n_estimators"": 315, ""learning_rate"": 0.15099842361629012, ""num_leaves"": 61, ""min_child_samples"": 33, ""colsample_bytree"": 0.608856006559098, ""reg_alpha"": 0.554834217880487, ""reg_lambda"": 1.2934318978235986}"
259,2026-06-05T14:25:20.089216+00:00,lgbm,ranking_rf,259,4925,6,998,0.7340243627095961,741,257,0.4953392840592692,"[""V176"", ""V191"", ""V255"", ""V160"", ""V224"", ""V215""]","{""n_estimators"": 299, ""learning_rate"": 0.03446832961358194, ""num_leaves"": 46, ""min_child_samples"": 45, ""colsample_bytree"": 0.7878602140750637, ""reg_alpha"": 0.15094773395085193, ""reg_lambda"": 1.763860127724088}"
260,2026-06-05T14:25:52.089588+00:00,lgbm,ranking_rf,260,4485,7,995,0.8521188498455389,724,271,0.4992471030985128,"[""V176"", ""V191"", ""V255"", ""V160"", ""V224"", ""V215"", ""V380""]","{""n_estimators"": 204, ""learning_rate"": 0.16084961000924436, ""num_leaves"": 47, ""min_child_samples"": 24, ""colsample_bytree"": 0.8800888385941465, ""reg_alpha"": 0.30204142528251743, ""reg_lambda"": 0.5015691341598554}"
261,2026-06-05T14:26:12.808574+00:00,lgbm,ranking_rf,261,5000,6,998,0.6993045571524483,746,252,0.4947304523883024,"[""V176"", ""V191"", ""V255"", ""V160"", ""V224"", ""V215""]","{""n_estimators"": 110, ""learning_rate"": 0.0390949105667837, ""num_leaves"": 61, ""min_child_samples"": 41, ""colsample_bytree"": 0.8187394428339103, ""reg_alpha"": 0.17038880155372327, ""reg_lambda"": 1.321458800204435}"
262,2026-06-05T14:26:59.359837+00:00,lgbm,ranking_rf,262,4340,5,999,0.852677211449291,689,310,0.49685911608573385,"[""V176"", ""V191"", ""V255"", ""V160"", ""V224""]","{""n_estimators"": 324, ""learning_rate"": 0.1769456897889942, ""num_leaves"": 46, ""min_child_samples"": 45, ""colsample_bytree"": 0.9316964917215163, ""reg_alpha"": 0.43922464600145283, ""reg_lambda"": 2.352705474361874}"
263,2026-06-05T14:28:15.385777+00:00,lgbm,ranking_rf,263,4630,9,1000,0.7853822964635532,762,238,0.49195044690685225,"[""V176"", ""V191"", ""V255"", ""V160"", ""V224"", ""V215"", ""V380"", ""V342"", ""V483""]","{""n_estimators"": 305, ""learning_rate"": 0.043546544373714254, ""num_leaves"": 99, ""min_child_samples"": 29, ""colsample_bytree"": 0.7445481001082628, ""reg_alpha"": 0.7324657435847909, ""reg_lambda"": 1.7978019897973179}"
264,2026-06-05T14:28:42.264374+00:00,lgbm,ranking_rf,264,4625,7,1000,0.7997532886598248,735,265,0.4988108336056288,"[""V176"", ""V191"", ""V255"", ""V160"", ""V224"", ""V215"", ""V380""]","{""n_estimators"": 223, ""learning_rate"": 0.1436798433489625, ""num_leaves"": 35, ""min_child_samples"": 35, ""colsample_bytree"": 0.7608012954590857, ""reg_alpha"": 0.9169100912335882, ""reg_lambda"": 0.9137420213942471}"
265,2026-06-05T14:29:35.876937+00:00,lgbm,ranking_rf,265,4455,8,1000,0.8180377023374069,737,263,0.49283621067661554,"[""V176"", ""V191"", ""V255"", ""V160"", ""V224"", ""V215"", ""V380"", ""V342""]","{""n_estimators"": 274, ""learning_rate"": 0.09972306032205212, ""num_leaves"": 96, ""min_child_samples"": 38, ""colsample_bytree"": 0.5867435210197581, ""reg_alpha"": 0.6158333353777803, ""reg_lambda"": 2.3695096605495785}"
266,2026-06-05T14:29:51.937220+00:00,lgbm,ranking_rf,266,5125,6,1000,0.7024330293571114,755,245,0.497083526503597,"[""V176"", ""V191"", ""V255"", ""V160"", ""V224"", ""V215""]","{""n_estimators"": 153, ""learning_rate"": 0.04018684732935793, ""num_leaves"": 28, ""min_child_samples"": 45, ""colsample_bytree"": 0.8425126933306704, ""reg_alpha"": 0.2290901302047219, ""reg_lambda"": 0.8154635215155481}"
267,2026-06-05T14:31:05.883129+00:00,lgbm,ranking_rf,267,4770,6,999,0.7488359905332087,731,268,0.4935932429108636,"[""V176"", ""V191"", ""V255"", ""V160"", ""V224"", ""V215""]","{""n_estimators"": 315, ""learning_rate"": 0.030368306127775174, ""num_leaves"": 80, ""min_child_samples"": 30, ""colsample_bytree"": 0.9481918093852778, ""reg_alpha"": 0.9997891279428791, ""reg_lambda"": 0.7399680055925422}"
268,2026-06-05T14:32:14.630177+00:00,lgbm,ranking_rf,268,4580,8,999,0.871706509360387,745,254,0.49485901531454074,"[""V176"", ""V191"", ""V255"", ""V160"", ""V224"", ""V215"", ""V380"", ""V342""]","{""n_estimators"": 280, ""learning_rate"": 0.12205777828218502, ""num_leaves"": 77, ""min_child_samples"": 12, ""colsample_bytree"": 0.6444774157726019, ""reg_alpha"": 0.5321140871666049, ""reg_lambda"": 0.6664312534647967}"
269,2026-06-05T14:33:07.312019+00:00,lgbm,ranking_rf,269,4505,7,1000,0.8548026984961271,727,273,0.49512104852290706,"[""V176"", ""V191"", ""V255"", ""V160"", ""V224"", ""V215"", ""V380""]","{""n_estimators"": 237, ""learning_rate"": 0.13428331557145257, ""num_leaves"": 78, ""min_child_samples"": 24, ""colsample_bytree"": 0.6767351613816155, ""reg_alpha"": 0.4732750852318528, ""reg_lambda"": 1.2414815875134522}"
270,2026-06-05T14:33:33.260777+00:00,lgbm,ranking_rf,270,4485,8,1000,0.8170078913623425,739,261,0.4918119893873305,"[""V176"", ""V191"", ""V255"", ""V160"", ""V224"", ""V215"", ""V380"", ""V342""]","{""n_estimators"": 140, ""learning_rate"": 0.16822191896073613, ""num_leaves"": 80, ""min_child_samples"": 46, ""colsample_bytree"": 0.6377464833341197, ""reg_alpha"": 0.44570557286446155, ""reg_lambda"": 1.382972044228378}"
271,2026-06-05T14:33:52.594948+00:00,lgbm,ranking_rf,271,4995,6,999,0.7877981741564618,746,253,0.502222583515467,"[""V176"", ""V191"", ""V255"", ""V160"", ""V224"", ""V215""]","{""n_estimators"": 132, ""learning_rate"": 0.13766703800309016, ""num_leaves"": 43, ""min_child_samples"": 16, ""colsample_bytree"": 0.9517209307687221, ""reg_alpha"": 0.13635583162360498, ""reg_lambda"": 0.8260340700644973}"
272,2026-06-05T14:34:36.569244+00:00,lgbm,ranking_rf,272,4575,6,999,0.7844455184366536,718,281,0.49741226864261734,"[""V176"", ""V191"", ""V255"", ""V160"", ""V224"", ""V215""]","{""n_estimators"": 197, ""learning_rate"": 0.08064621135191208, ""num_leaves"": 73, ""min_child_samples"": 18, ""colsample_bytree"": 0.8183175736768152, ""reg_alpha"": 0.44821627516708384, ""reg_lambda"": 1.8529725663595151}"
273,2026-06-05T14:35:40.103425+00:00,lgbm,ranking_rf,273,4605,8,1000,0.872313303081899,747,253,0.493905864005041,"[""V176"", ""V191"", ""V255"", ""V160"", ""V224"", ""V215"", ""V380"", ""V342""]","{""n_estimators"": 342, ""learning_rate"": 0.09320291595001225, ""num_leaves"": 66, ""min_child_samples"": 20, ""colsample_bytree"": 0.6250865774800993, ""reg_alpha"": 0.019743443829227658, ""reg_lambda"": 1.028796109890846}"
274,2026-06-05T14:36:20.722497+00:00,lgbm,ranking_rf,274,4600,9,1000,0.8223987848077969,760,240,0.49902403445787424,"[""V176"", ""V191"", ""V255"", ""V160"", ""V224"", ""V215"", ""V380"", ""V342"", ""V483""]","{""n_estimators"": 339, ""learning_rate"": 0.0813666719924036, ""num_leaves"": 39, ""min_child_samples"": 39, ""colsample_bytree"": 0.907104562986123, ""reg_alpha"": 0.4143691175678975, ""reg_lambda"": 1.6292596745063228}"
275,2026-06-05T14:37:08.015979+00:00,lgbm,ranking_rf,275,4525,9,1000,0.8874962604388613,755,245,0.4922424530821527,"[""V176"", ""V191"", ""V255"", ""V160"", ""V224"", ""V215"", ""V380"", ""V342"", ""V483""]","{""n_estimators"": 214, ""learning_rate"": 0.16206126384520947, ""num_leaves"": 75, ""min_child_samples"": 12, ""colsample_bytree"": 0.7650315180094905, ""reg_alpha"": 0.026033254689211804, ""reg_lambda"": 2.4125813211322353}"
276,2026-06-05T14:37:37.938549+00:00,lgbm,ranking_rf,276,4560,8,1000,0.8312825032642677,744,256,0.4934935588133534,"[""V176"", ""V191"", ""V255"", ""V160"", ""V224"", ""V215"", ""V380"", ""V342""]","{""n_estimators"": 158, ""learning_rate"": 0.14339603850882188, ""num_leaves"": 69, ""min_child_samples"": 28, ""colsample_bytree"": 0.5514995454930457, ""reg_alpha"": 0.23285752317168384, ""reg_lambda"": 0.733035310375773}"
277,2026-06-05T14:38:31.345721+00:00,lgbm,ranking_rf,277,4645,6,1000,0.7938026690589778,723,277,0.49515943460539874,"[""V176"", ""V191"", ""V255"", ""V160"", ""V224"", ""V215""]","{""n_estimators"": 262, ""learning_rate"": 0.07589930174192255, ""num_leaves"": 71, ""min_child_samples"": 25, ""colsample_bytree"": 0.9938732069591505, ""reg_alpha"": 0.8743503629729205, ""reg_lambda"": 2.40673707101465}"
278,2026-06-05T14:38:53.371296+00:00,lgbm,ranking_rf,278,5040,6,999,0.7098536943972503,749,250,0.49754396662304373,"[""V176"", ""V191"", ""V255"", ""V160"", ""V224"", ""V215""]","{""n_estimators"": 166, ""learning_rate"": 0.04183772391231255, ""num_leaves"": 40, ""min_child_samples"": 22, ""colsample_bytree"": 0.79790678321044, ""reg_alpha"": 0.6060609124711706, ""reg_lambda"": 0.642798048278209}"
279,2026-06-05T14:39:37.189556+00:00,lgbm,ranking_rf,279,4560,6,999,0.8095014248048463,717,282,0.4982628944300359,"[""V176"", ""V191"", ""V255"", ""V160"", ""V224"", ""V215""]","{""n_estimators"": 260, ""learning_rate"": 0.10425777342978289, ""num_leaves"": 53, ""min_child_samples"": 20, ""colsample_bytree"": 0.8690717563269741, ""reg_alpha"": 0.6080074069468113, ""reg_lambda"": 1.0183523414424807}"
280,2026-06-05T14:39:49.180656+00:00,lgbm,ranking_rf,280,5170,4,999,0.6490955306436763,731,268,0.49672788673802515,"[""V176"", ""V191"", ""V255"", ""V160""]","{""n_estimators"": 149, ""learning_rate"": 0.03953699144700008, ""num_leaves"": 23, ""min_child_samples"": 47, ""colsample_bytree"": 0.6095850031207506, ""reg_alpha"": 0.15087369103425463, ""reg_lambda"": 1.6673296979892682}"
281,2026-06-05T14:40:59.002541+00:00,lgbm,ranking_rf,281,4430,8,996,0.8888913601581574,734,262,0.49218002004930095,"[""V176"", ""V191"", ""V255"", ""V160"", ""V224"", ""V215"", ""V380"", ""V342""]","{""n_estimators"": 393, ""learning_rate"": 0.1123064471530981, ""num_leaves"": 64, ""min_child_samples"": 32, ""colsample_bytree"": 0.6520102793909576, ""reg_alpha"": 0.24654465153699656, ""reg_lambda"": 1.3848011927621138}"
282,2026-06-05T14:41:21.539844+00:00,lgbm,ranking_rf,282,4820,6,992,0.743416547460633,732,260,0.49984348242455506,"[""V176"", ""V191"", ""V255"", ""V160"", ""V224"", ""V215""]","{""n_estimators"": 216, ""learning_rate"": 0.07599166149783432, ""num_leaves"": 35, ""min_child_samples"": 22, ""colsample_bytree"": 0.5891853246709723, ""reg_alpha"": 0.32130162901908565, ""reg_lambda"": 1.7748681393003163}"
283,2026-06-05T14:42:15.375311+00:00,lgbm,ranking_rf,283,4435,6,1000,0.8132077211903164,709,291,0.4959363185787608,"[""V176"", ""V191"", ""V255"", ""V160"", ""V224"", ""V215""]","{""n_estimators"": 332, ""learning_rate"": 0.08875835386701669, ""num_leaves"": 93, ""min_child_samples"": 47, ""colsample_bytree"": 0.5154264678292537, ""reg_alpha"": 0.09897735709007804, ""reg_lambda"": 0.700828349365316}"
284,2026-06-05T14:42:34.138010+00:00,lgbm,ranking_rf,284,4820,7,997,0.7808507124610029,747,250,0.4972498626186689,"[""V176"", ""V191"", ""V255"", ""V160"", ""V224"", ""V215"", ""V380""]","{""n_estimators"": 243, ""learning_rate"": 0.1574453919305912, ""num_leaves"": 24, ""min_child_samples"": 44, ""colsample_bytree"": 0.5859323076301932, ""reg_alpha"": 0.7941641342825657, ""reg_lambda"": 2.3642838247106392}"
285,2026-06-05T14:43:03.777887+00:00,lgbm,ranking_rf,285,4875,6,996,0.7346491642758985,737,259,0.4970480331264377,"[""V176"", ""V191"", ""V255"", ""V160"", ""V224"", ""V215""]","{""n_estimators"": 173, ""learning_rate"": 0.04553848181747301, ""num_leaves"": 59, ""min_child_samples"": 29, ""colsample_bytree"": 0.9392388861092404, ""reg_alpha"": 0.13156324180064272, ""reg_lambda"": 1.6710605511165457}"
286,2026-06-05T14:43:26.431601+00:00,lgbm,ranking_rf,286,4920,6,999,0.7465437145840148,741,258,0.49944892465832474,"[""V176"", ""V191"", ""V255"", ""V160"", ""V224"", ""V215""]","{""n_estimators"": 261, ""learning_rate"": 0.07253927959862808, ""num_leaves"": 28, ""min_child_samples"": 12, ""colsample_bytree"": 0.8478105424472013, ""reg_alpha"": 0.5298301099547509, ""reg_lambda"": 0.510466623001929}"
287,2026-06-05T14:44:34.227682+00:00,lgbm,ranking_rf,287,4400,7,1000,0.9074356257771596,720,280,0.4948993062241414,"[""V176"", ""V191"", ""V255"", ""V160"", ""V224"", ""V215"", ""V380""]","{""n_estimators"": 393, ""learning_rate"": 0.15172140823493374, ""num_leaves"": 63, ""min_child_samples"": 31, ""colsample_bytree"": 0.9109823959489055, ""reg_alpha"": 0.3613127276286475, ""reg_lambda"": 1.0672657216098898}"
288,2026-06-05T14:45:16.558833+00:00,lgbm,ranking_rf,288,4505,8,999,0.8649425039795362,740,259,0.4970334758831719,"[""V176"", ""V191"", ""V255"", ""V160"", ""V224"", ""V215"", ""V380"", ""V342""]","{""n_estimators"": 399, ""learning_rate"": 0.13661296803393747, ""num_leaves"": 34, ""min_child_samples"": 40, ""colsample_bytree"": 0.7969492086075958, ""reg_alpha"": 0.35679889483834193, ""reg_lambda"": 1.396366714762916}"
289,2026-06-05T14:46:01.660437+00:00,lgbm,ranking_rf,289,4550,8,993,0.8370026316727053,741,252,0.49495051077201213,"[""V176"", ""V191"", ""V255"", ""V160"", ""V224"", ""V215"", ""V380"", ""V342""]","{""n_estimators"": 262, ""learning_rate"": 0.08441114311855188, ""num_leaves"": 61, ""min_child_samples"": 34, ""colsample_bytree"": 0.625832546584229, ""reg_alpha"": 0.01908389360339835, ""reg_lambda"": 0.50381883491572}"
290,2026-06-05T14:46:23.210194+00:00,lgbm,ranking_rf,290,5140,6,1000,0.702258265997357,756,244,0.49719266251894617,"[""V176"", ""V191"", ""V255"", ""V160"", ""V224"", ""V215""]","{""n_estimators"": 275, ""learning_rate"": 0.03531703292234474, ""num_leaves"": 22, ""min_child_samples"": 11, ""colsample_bytree"": 0.8581635285112887, ""reg_alpha"": 0.888073726127388, ""reg_lambda"": 1.4119139270277665}"
291,2026-06-05T14:46:57.611607+00:00,lgbm,ranking_rf,291,4870,6,1000,0.75697418373221,738,262,0.49862179477578766,"[""V176"", ""V191"", ""V255"", ""V160"", ""V224"", ""V215""]","{""n_estimators"": 225, ""learning_rate"": 0.06936914825042625, ""num_leaves"": 49, ""min_child_samples"": 16, ""colsample_bytree"": 0.6998988402092841, ""reg_alpha"": 0.4384801170337632, ""reg_lambda"": 1.5317277456331169}"
292,2026-06-05T14:47:15.815983+00:00,lgbm,ranking_rf,292,4775,8,999,0.7608044579665746,758,241,0.49749950274031446,"[""V176"", ""V191"", ""V255"", ""V160"", ""V224"", ""V215"", ""V380"", ""V342""]","{""n_estimators"": 147, ""learning_rate"": 0.08930201486613445, ""num_leaves"": 38, ""min_child_samples"": 41, ""colsample_bytree"": 0.7888973147261185, ""reg_alpha"": 0.3827368077501895, ""reg_lambda"": 1.2709509189518904}"
293,2026-06-05T14:48:04.397037+00:00,lgbm,ranking_rf,293,4345,7,996,0.8500673353889783,715,281,0.4964988474869183,"[""V176"", ""V191"", ""V255"", ""V160"", ""V224"", ""V215"", ""V380""]","{""n_estimators"": 272, ""learning_rate"": 0.12986291681397055, ""num_leaves"": 61, ""min_child_samples"": 39, ""colsample_bytree"": 0.8900163607784006, ""reg_alpha"": 0.6102172990253353, ""reg_lambda"": 1.3322238232272818}"
294,2026-06-05T14:48:35.876452+00:00,lgbm,ranking_rf,294,4735,6,1000,0.7681490700984165,729,271,0.4940125894286686,"[""V176"", ""V191"", ""V255"", ""V160"", ""V224"", ""V215""]","{""n_estimators"": 177, ""learning_rate"": 0.08686948485864997, ""num_leaves"": 75, ""min_child_samples"": 46, ""colsample_bytree"": 0.8283178210102742, ""reg_alpha"": 0.8601810108928938, ""reg_lambda"": 0.5115840909595195}"
295,2026-06-05T14:49:20.422408+00:00,lgbm,ranking_rf,295,4785,6,999,0.7533315052606806,732,267,0.4980134047456724,"[""V176"", ""V191"", ""V255"", ""V160"", ""V224"", ""V215""]","{""n_estimators"": 377, ""learning_rate"": 0.050448409212640336, ""num_leaves"": 37, ""min_child_samples"": 33, ""colsample_bytree"": 0.6091926784153103, ""reg_alpha"": 0.4548610474844579, ""reg_lambda"": 0.5112662738954297}"
296,2026-06-05T14:50:10.588081+00:00,lgbm,ranking_rf,296,4620,7,998,0.8289074226099118,734,264,0.4981006466381532,"[""V176"", ""V191"", ""V255"", ""V160"", ""V224"", ""V215"", ""V380""]","{""n_estimators"": 324, ""learning_rate"": 0.08851767286461257, ""num_leaves"": 51, ""min_child_samples"": 46, ""colsample_bytree"": 0.9488974352163685, ""reg_alpha"": 0.3828647258331257, ""reg_lambda"": 1.777463970147332}"
297,2026-06-05T14:50:58.386418+00:00,lgbm,ranking_rf,297,4435,9,1000,0.8675613053223219,749,251,0.4914939335756053,"[""V176"", ""V191"", ""V255"", ""V160"", ""V224"", ""V215"", ""V380"", ""V342"", ""V483""]","{""n_estimators"": 263, ""learning_rate"": 0.13853710555163834, ""num_leaves"": 84, ""min_child_samples"": 38, ""colsample_bytree"": 0.6935747807468136, ""reg_alpha"": 0.6439338401179046, ""reg_lambda"": 0.636684664378486}"
298,2026-06-05T14:51:53.833388+00:00,lgbm,ranking_rf,298,4475,8,999,0.7977391123750113,738,261,0.49278077206342896,"[""V176"", ""V191"", ""V255"", ""V160"", ""V224"", ""V215"", ""V380"", ""V342""]","{""n_estimators"": 234, ""learning_rate"": 0.09621791689031776, ""num_leaves"": 88, ""min_child_samples"": 25, ""colsample_bytree"": 0.5294727512825298, ""reg_alpha"": 0.9716600253162436, ""reg_lambda"": 1.918103482123702}"
299,2026-06-05T14:52:45.233624+00:00,lgbm,ranking_rf,299,4660,8,998,0.8649341233151395,750,248,0.4943514636584976,"[""V176"", ""V191"", ""V255"", ""V160"", ""V224"", ""V215"", ""V380"", ""V342""]","{""n_estimators"": 256, ""learning_rate"": 0.11569857514536964, ""num_leaves"": 66, ""min_child_samples"": 24, ""colsample_bytree"": 0.7732759419921333, ""reg_alpha"": 0.08833748297232258, ""reg_lambda"": 2.1827129613349334}"
300,2026-06-05T14:53:25.951381+00:00,lgbm,ranking_rf,300,4460,8,999,0.8543695784447604,737,262,0.49742166387231007,"[""V176"", ""V191"", ""V255"", ""V160"", ""V224"", ""V215"", ""V380"", ""V342""]","{""n_estimators"": 318, ""learning_rate"": 0.15319438579099165, ""num_leaves"": 40, ""min_child_samples"": 29, ""colsample_bytree"": 0.9811396760360347, ""reg_alpha"": 0.9776587772149412, ""reg_lambda"": 1.8476887248687839}"
301,2026-06-05T14:54:46.954162+00:00,lgbm,ranking_rf,301,4650,8,1000,0.8283257565902095,750,250,0.4922344287358932,"[""V176"", ""V191"", ""V255"", ""V160"", ""V224"", ""V215"", ""V380"", ""V342""]","{""n_estimators"": 309, ""learning_rate"": 0.06306679042542987, ""num_leaves"": 94, ""min_child_samples"": 19, ""colsample_bytree"": 0.6453878518832088, ""reg_alpha"": 0.24107792750279944, ""reg_lambda"": 2.064092865920392}"
302,2026-06-05T14:55:26.856360+00:00,lgbm,ranking_rf,302,4360,7,993,0.8445455079899606,715,278,0.49321350559071286,"[""V176"", ""V191"", ""V255"", ""V160"", ""V224"", ""V215"", ""V380""]","{""n_estimators"": 168, ""learning_rate"": 0.13116475766736496, ""num_leaves"": 81, ""min_child_samples"": 25, ""colsample_bytree"": 0.9915862882554043, ""reg_alpha"": 0.5218332923592578, ""reg_lambda"": 1.2821128655992167}"
303,2026-06-05T14:55:46.070777+00:00,lgbm,ranking_rf,303,4755,8,1000,0.770285737618561,757,243,0.49459157797126174,"[""V176"", ""V191"", ""V255"", ""V160"", ""V224"", ""V215"", ""V380"", ""V342""]","{""n_estimators"": 124, ""learning_rate"": 0.10037353295146655, ""num_leaves"": 53, ""min_child_samples"": 49, ""colsample_bytree"": 0.772833283539288, ""reg_alpha"": 0.13160124920745608, ""reg_lambda"": 0.8064219076379575}"
304,2026-06-05T14:55:58.616588+00:00,lgbm,ranking_rf,304,5175,6,999,0.6856934384464667,758,241,0.4965844466502924,"[""V176"", ""V191"", ""V255"", ""V160"", ""V224"", ""V215""]","{""n_estimators"": 159, ""learning_rate"": 0.038279705734217614, ""num_leaves"": 21, ""min_child_samples"": 46, ""colsample_bytree"": 0.7326537400889839, ""reg_alpha"": 0.030831661978163782, ""reg_lambda"": 1.8780087446463558}"
305,2026-06-05T14:56:41.798444+00:00,lgbm,ranking_rf,305,4560,8,1000,0.852631961157618,744,256,0.5012470895025675,"[""V176"", ""V191"", ""V255"", ""V160"", ""V224"", ""V215"", ""V380"", ""V342""]","{""n_estimators"": 387, ""learning_rate"": 0.13164168346259758, ""num_leaves"": 35, ""min_child_samples"": 14, ""colsample_bytree"": 0.6735390020999343, ""reg_alpha"": 0.4092565463375928, ""reg_lambda"": 1.7050008764292963}"
306,2026-06-05T14:57:31.258750+00:00,lgbm,ranking_rf,306,4355,8,999,0.8784377694726736,730,269,0.4923880799119443,"[""V176"", ""V191"", ""V255"", ""V160"", ""V224"", ""V215"", ""V380"", ""V342""]","{""n_estimators"": 311, ""learning_rate"": 0.17248188382340834, ""num_leaves"": 88, ""min_child_samples"": 44, ""colsample_bytree"": 0.7404491656028118, ""reg_alpha"": 0.6044895584617341, ""reg_lambda"": 2.462068288666777}"
307,2026-06-05T14:58:04.286287+00:00,lgbm,ranking_rf,307,4730,8,999,0.8353652435604836,755,244,0.5015653657405598,"[""V176"", ""V191"", ""V255"", ""V160"", ""V224"", ""V215"", ""V380"", ""V342""]","{""n_estimators"": 324, ""learning_rate"": 0.15125956709123425, ""num_leaves"": 29, ""min_child_samples"": 25, ""colsample_bytree"": 0.9386387325003447, ""reg_alpha"": 0.8025358097438697, ""reg_lambda"": 2.494396349756795}"
308,2026-06-05T14:59:12.691908+00:00,lgbm,ranking_rf,308,4575,8,1000,0.8634579222955512,745,255,0.4956491929360036,"[""V176"", ""V191"", ""V255"", ""V160"", ""V224"", ""V215"", ""V380"", ""V342""]","{""n_estimators"": 277, ""learning_rate"": 0.09279276296372731, ""num_leaves"": 81, ""min_child_samples"": 12, ""colsample_bytree"": 0.9411453880785455, ""reg_alpha"": 0.7922740711468014, ""reg_lambda"": 0.5461155503341086}"
309,2026-06-05T14:59:31.113847+00:00,lgbm,ranking_rf,309,5020,6,1000,0.6646648568210922,748,252,0.49617076123204695,"[""V176"", ""V191"", ""V255"", ""V160"", ""V224"", ""V215""]","{""n_estimators"": 140, ""learning_rate"": 0.03323024103249465, ""num_leaves"": 44, ""min_child_samples"": 43, ""colsample_bytree"": 0.5570335955018217, ""reg_alpha"": 0.07892641923364319, ""reg_lambda"": 1.6074310726894445}"
310,2026-06-05T15:00:12.112385+00:00,lgbm,ranking_rf,310,4545,4,998,0.8113113544695636,689,309,0.5012074383163206,"[""V176"", ""V191"", ""V255"", ""V160""]","{""n_estimators"": 363, ""learning_rate"": 0.1517259724397549, ""num_leaves"": 37, ""min_child_samples"": 13, ""colsample_bytree"": 0.7440601539182209, ""reg_alpha"": 0.30275093358063787, ""reg_lambda"": 1.8300942796338593}"
311,2026-06-05T15:00:27.932441+00:00,lgbm,ranking_rf,311,4870,7,999,0.7625787242263813,751,248,0.5010312042869933,"[""V176"", ""V191"", ""V255"", ""V160"", ""V224"", ""V215"", ""V380""]","{""n_estimators"": 224, ""learning_rate"": 0.1302852906107485, ""num_leaves"": 21, ""min_child_samples"": 18, ""colsample_bytree"": 0.8052251200648237, ""reg_alpha"": 0.7826943380695135, ""reg_lambda"": 1.1257228694997465}"
312,2026-06-05T15:01:23.878593+00:00,lgbm,ranking_rf,312,4575,8,1000,0.8508376613092765,745,255,0.49097534627326006,"[""V176"", ""V191"", ""V255"", ""V160"", ""V224"", ""V215"", ""V380"", ""V342""]","{""n_estimators"": 292, ""learning_rate"": 0.09592558932201153, ""num_leaves"": 76, ""min_child_samples"": 37, ""colsample_bytree"": 0.8098194382696109, ""reg_alpha"": 0.27187069963996946, ""reg_lambda"": 1.8777128501888984}"
313,2026-06-05T15:01:32.979515+00:00,lgbm,ranking_rf,313,5215,6,1000,0.6985472969624591,761,239,0.49690305315146327,"[""V176"", ""V191"", ""V255"", ""V160"", ""V224"", ""V215""]","{""n_estimators"": 120, ""learning_rate"": 0.09280830297978974, ""num_leaves"": 20, ""min_child_samples"": 12, ""colsample_bytree"": 0.679799324351094, ""reg_alpha"": 0.9771621185250934, ""reg_lambda"": 2.3881272626594434}"
314,2026-06-05T15:01:48.994837+00:00,lgbm,ranking_rf,314,4880,8,999,0.7390843026974909,765,234,0.495686532607795,"[""V176"", ""V191"", ""V255"", ""V160"", ""V224"", ""V215"", ""V380"", ""V342""]","{""n_estimators"": 108, ""learning_rate"": 0.06979591453459602, ""num_leaves"": 51, ""min_child_samples"": 49, ""colsample_bytree"": 0.6893058963788067, ""reg_alpha"": 0.4816709976363658, ""reg_lambda"": 0.9132825368770654}"
315,2026-06-05T15:02:10.501487+00:00,lgbm,ranking_rf,315,4475,8,996,0.8235864709618358,737,259,0.49316267709650763,"[""V176"", ""V191"", ""V255"", ""V160"", ""V224"", ""V215"", ""V380"", ""V342""]","{""n_estimators"": 108, ""learning_rate"": 0.1756813435128427, ""num_leaves"": 71, ""min_child_samples"": 32, ""colsample_bytree"": 0.9869386024147473, ""reg_alpha"": 0.5994698399156411, ""reg_lambda"": 2.331616518309042}"
316,2026-06-05T15:02:55.347641+00:00,lgbm,ranking_rf,316,4800,8,1000,0.7816465044959862,760,240,0.49507532951911326,"[""V176"", ""V191"", ""V255"", ""V160"", ""V224"", ""V215"", ""V380"", ""V342""]","{""n_estimators"": 199, ""learning_rate"": 0.07187481782328597, ""num_leaves"": 75, ""min_child_samples"": 12, ""colsample_bytree"": 0.6578237691964646, ""reg_alpha"": 0.9969002677304639, ""reg_lambda"": 1.3461861124188241}"
317,2026-06-05T15:03:39.829809+00:00,lgbm,ranking_rf,317,4425,8,1000,0.8318716863085472,735,265,0.49370616739834233,"[""V176"", ""V191"", ""V255"", ""V160"", ""V224"", ""V215"", ""V380"", ""V342""]","{""n_estimators"": 187, ""learning_rate"": 0.123320046033273, ""num_leaves"": 88, ""min_child_samples"": 25, ""colsample_bytree"": 0.9014250903938312, ""reg_alpha"": 0.7429798671654654, ""reg_lambda"": 2.1762304673154107}"
318,2026-06-05T15:04:45.287551+00:00,lgbm,ranking_rf,318,4430,7,1000,0.8833260234492494,722,278,0.4946980978489516,"[""V176"", ""V191"", ""V255"", ""V160"", ""V224"", ""V215"", ""V380""]","{""n_estimators"": 347, ""learning_rate"": 0.12912136799801383, ""num_leaves"": 87, ""min_child_samples"": 40, ""colsample_bytree"": 0.7883755144258491, ""reg_alpha"": 0.18784549130322148, ""reg_lambda"": 1.916268993061655}"
319,2026-06-05T15:05:17.220638+00:00,lgbm,ranking_rf,319,4600,8,998,0.8588576206135912,746,252,0.489688175926365,"[""V176"", ""V191"", ""V255"", ""V160"", ""V224"", ""V215"", ""V380"", ""V342""]","{""n_estimators"": 174, ""learning_rate"": 0.16458765516091345, ""num_leaves"": 71, ""min_child_samples"": 47, ""colsample_bytree"": 0.7027937349000819, ""reg_alpha"": 0.21823588186349363, ""reg_lambda"": 0.5484907303531086}"
320,2026-06-05T15:06:55.920595+00:00,lgbm,ranking_rf,320,4665,8,1000,0.8037142925970365,751,249,0.49434660008440395,"[""V176"", ""V191"", ""V255"", ""V160"", ""V224"", ""V215"", ""V380"", ""V342""]","{""n_estimators"": 389, ""learning_rate"": 0.040616065839952906, ""num_leaves"": 86, ""min_child_samples"": 14, ""colsample_bytree"": 0.7293597811040807, ""reg_alpha"": 0.6597167421624353, ""reg_lambda"": 2.1504459384564365}"
321,2026-06-05T15:07:24.923018+00:00,lgbm,ranking_rf,321,4710,8,1000,0.8459182720592087,754,246,0.5009391994722532,"[""V176"", ""V191"", ""V255"", ""V160"", ""V224"", ""V215"", ""V380"", ""V342""]","{""n_estimators"": 369, ""learning_rate"": 0.16651852710839354, ""num_leaves"": 25, ""min_child_samples"": 23, ""colsample_bytree"": 0.7003459175719987, ""reg_alpha"": 0.7084118531149277, ""reg_lambda"": 1.745593574479142}"
322,2026-06-05T15:07:47.222096+00:00,lgbm,ranking_rf,322,4970,8,999,0.7096548043679665,771,228,0.49398482385024234,"[""V176"", ""V191"", ""V255"", ""V160"", ""V224"", ""V215"", ""V380"", ""V342""]","{""n_estimators"": 126, ""learning_rate"": 0.04168685380741865, ""num_leaves"": 61, ""min_child_samples"": 18, ""colsample_bytree"": 0.6238357290223108, ""reg_alpha"": 0.7528847175751155, ""reg_lambda"": 1.5533512725690752}"
323,2026-06-05T15:08:13.387188+00:00,lgbm,ranking_rf,323,4895,4,1000,0.6823203834828769,713,287,0.4982714179323282,"[""V176"", ""V191"", ""V255"", ""V160""]","{""n_estimators"": 173, ""learning_rate"": 0.05125380944201404, ""num_leaves"": 45, ""min_child_samples"": 15, ""colsample_bytree"": 0.5383125842266332, ""reg_alpha"": 0.9594488783027716, ""reg_lambda"": 2.367750886070767}"
324,2026-06-05T15:09:01.837336+00:00,lgbm,ranking_rf,324,4545,8,1000,0.8464282410960167,743,257,0.4935110988596043,"[""V176"", ""V191"", ""V255"", ""V160"", ""V224"", ""V215"", ""V380"", ""V342""]","{""n_estimators"": 284, ""learning_rate"": 0.12483944972270741, ""num_leaves"": 64, ""min_child_samples"": 46, ""colsample_bytree"": 0.937740289742661, ""reg_alpha"": 0.9759942405546389, ""reg_lambda"": 1.6578988991062098}"
325,2026-06-05T15:09:29.657793+00:00,lgbm,ranking_rf,325,4820,7,1000,0.7589904136037786,748,252,0.496497577807797,"[""V176"", ""V191"", ""V255"", ""V160"", ""V224"", ""V215"", ""V380""]","{""n_estimators"": 253, ""learning_rate"": 0.06827636485619218, ""num_leaves"": 36, ""min_child_samples"": 45, ""colsample_bytree"": 0.6524737747152977, ""reg_alpha"": 0.08895770161654826, ""reg_lambda"": 1.6096209771872427}"
326,2026-06-05T15:10:27.793734+00:00,lgbm,ranking_rf,326,4485,8,1000,0.9207320094301611,739,261,0.49467570248748544,"[""V176"", ""V191"", ""V255"", ""V160"", ""V224"", ""V215"", ""V380"", ""V342""]","{""n_estimators"": 285, ""learning_rate"": 0.17715728195684363, ""num_leaves"": 67, ""min_child_samples"": 19, ""colsample_bytree"": 0.8685250608630399, ""reg_alpha"": 0.01541218757451357, ""reg_lambda"": 2.2317931173799104}"
327,2026-06-05T15:11:27.406370+00:00,lgbm,ranking_rf,327,4360,8,998,0.8672331338051629,730,268,0.49338986729625556,"[""V176"", ""V191"", ""V255"", ""V160"", ""V224"", ""V215"", ""V380"", ""V342""]","{""n_estimators"": 253, ""learning_rate"": 0.14558400711401823, ""num_leaves"": 99, ""min_child_samples"": 26, ""colsample_bytree"": 0.6551883888308643, ""reg_alpha"": 0.6248661922251587, ""reg_lambda"": 1.2361134028759446}"
328,2026-06-05T15:11:59.144646+00:00,lgbm,ranking_rf,328,4890,8,994,0.8110046551056701,764,230,0.4928297127720514,"[""V176"", ""V191"", ""V255"", ""V160"", ""V224"", ""V215"", ""V380"", ""V342""]","{""n_estimators"": 154, ""learning_rate"": 0.08801859214613672, ""num_leaves"": 73, ""min_child_samples"": 34, ""colsample_bytree"": 0.8398756843981485, ""reg_alpha"": 0.028971866059812834, ""reg_lambda"": 1.24780779400087}"
329,2026-06-05T15:12:39.258368+00:00,lgbm,ranking_rf,329,4905,8,1000,0.77272374908969,767,233,0.5002183365246594,"[""V176"", ""V191"", ""V255"", ""V160"", ""V224"", ""V215"", ""V380"", ""V342""]","{""n_estimators"": 184, ""learning_rate"": 0.048946298869842406, ""num_leaves"": 73, ""min_child_samples"": 11, ""colsample_bytree"": 0.7219792855729827, ""reg_alpha"": 0.055872990428564195, ""reg_lambda"": 0.6283296781601235}"
330,2026-06-05T15:13:34.525278+00:00,lgbm,ranking_rf,330,4550,9,995,0.836261963453892,755,240,0.4929661979531427,"[""V176"", ""V191"", ""V255"", ""V160"", ""V224"", ""V215"", ""V380"", ""V342"", ""V483""]","{""n_estimators"": 246, ""learning_rate"": 0.08864544253490902, ""num_leaves"": 84, ""min_child_samples"": 27, ""colsample_bytree"": 0.9293293550039676, ""reg_alpha"": 0.7499228969963815, ""reg_lambda"": 1.4303544859523236}"
331,2026-06-05T15:14:26.701514+00:00,lgbm,ranking_rf,331,4655,7,1000,0.7678337678350285,737,263,0.4950903380586642,"[""V176"", ""V191"", ""V255"", ""V160"", ""V224"", ""V215"", ""V380""]","{""n_estimators"": 321, ""learning_rate"": 0.059485532846810706, ""num_leaves"": 64, ""min_child_samples"": 44, ""colsample_bytree"": 0.5058899539825923, ""reg_alpha"": 0.7519816998518797, ""reg_lambda"": 2.3667683164958344}"
332,2026-06-05T15:14:50.358227+00:00,lgbm,ranking_rf,332,4975,6,1000,0.7191374042219311,745,255,0.4979516801107411,"[""V176"", ""V191"", ""V255"", ""V160"", ""V224"", ""V215""]","{""n_estimators"": 253, ""learning_rate"": 0.04739872485408747, ""num_leaves"": 28, ""min_child_samples"": 42, ""colsample_bytree"": 0.6234827772110849, ""reg_alpha"": 0.08933988911643365, ""reg_lambda"": 1.8924170410315773}"
333,2026-06-05T15:15:10.923287+00:00,lgbm,ranking_rf,333,4805,7,1000,0.7727591348805474,747,253,0.5012424349253255,"[""V176"", ""V191"", ""V255"", ""V160"", ""V224"", ""V215"", ""V380""]","{""n_estimators"": 147, ""learning_rate"": 0.13375634256385313, ""num_leaves"": 42, ""min_child_samples"": 14, ""colsample_bytree"": 0.6318597604708351, ""reg_alpha"": 0.3175599739074225, ""reg_lambda"": 1.0115065246308381}"
334,2026-06-05T15:16:21.224460+00:00,lgbm,ranking_rf,334,4345,9,997,0.921409804280087,742,255,0.4884759400001942,"[""V176"", ""V191"", ""V255"", ""V160"", ""V224"", ""V215"", ""V380"", ""V342"", ""V483""]","{""n_estimators"": 368, ""learning_rate"": 0.13934260918485103, ""num_leaves"": 71, ""min_child_samples"": 29, ""colsample_bytree"": 0.524151832874745, ""reg_alpha"": 0.10453018817247084, ""reg_lambda"": 0.6948750312327308}"
335,2026-06-05T15:17:03.836599+00:00,lgbm,ranking_rf,335,4475,7,1000,0.8708759690351985,725,275,0.49810649793622763,"[""V176"", ""V191"", ""V255"", ""V160"", ""V224"", ""V215"", ""V380""]","{""n_estimators"": 230, ""learning_rate"": 0.1721652585631072, ""num_leaves"": 92, ""min_child_samples"": 37, ""colsample_bytree"": 0.682356782892898, ""reg_alpha"": 0.33445764549226176, ""reg_lambda"": 1.8932052675343558}"
336,2026-06-05T15:18:00.383107+00:00,lgbm,ranking_rf,336,4360,9,1000,0.8774051570066862,744,256,0.4931230580691714,"[""V176"", ""V191"", ""V255"", ""V160"", ""V224"", ""V215"", ""V380"", ""V342"", ""V483""]","{""n_estimators"": 349, ""learning_rate"": 0.15814355808743813, ""num_leaves"": 70, ""min_child_samples"": 36, ""colsample_bytree"": 0.5215735862193637, ""reg_alpha"": 0.752875668757888, ""reg_lambda"": 1.6816251097233021}"
337,2026-06-05T15:18:10.403576+00:00,lgbm,ranking_rf,337,5080,4,996,0.7040201868996512,724,272,0.5001452623106538,"[""V176"", ""V191"", ""V255"", ""V160""]","{""n_estimators"": 128, ""learning_rate"": 0.16448554749680913, ""num_leaves"": 20, ""min_child_samples"": 14, ""colsample_bytree"": 0.6151899831800524, ""reg_alpha"": 0.9538727732229593, ""reg_lambda"": 1.1773938045529673}"
338,2026-06-05T15:19:13.581486+00:00,lgbm,ranking_rf,338,4485,8,997,0.8298097749329384,738,259,0.4938214370967692,"[""V176"", ""V191"", ""V255"", ""V160"", ""V224"", ""V215"", ""V380"", ""V342""]","{""n_estimators"": 360, ""learning_rate"": 0.09822560074206524, ""num_leaves"": 79, ""min_child_samples"": 43, ""colsample_bytree"": 0.6826725957741444, ""reg_alpha"": 0.9580571892115066, ""reg_lambda"": 1.7571444711024984}"
339,2026-06-05T15:19:33.584365+00:00,lgbm,ranking_rf,339,4950,4,998,0.7078513355150764,716,282,0.4978496380587026,"[""V176"", ""V191"", ""V255"", ""V160""]","{""n_estimators"": 179, ""learning_rate"": 0.060672963964680054, ""num_leaves"": 35, ""min_child_samples"": 46, ""colsample_bytree"": 0.7594947318574614, ""reg_alpha"": 0.2701087529531748, ""reg_lambda"": 0.9172166302097711}"
340,2026-06-05T15:20:19.547294+00:00,lgbm,ranking_rf,340,4755,8,1000,0.7645187019985964,757,243,0.49377136122237864,"[""V176"", ""V191"", ""V255"", ""V160"", ""V224"", ""V215"", ""V380"", ""V342""]","{""n_estimators"": 218, ""learning_rate"": 0.041814869387014356, ""num_leaves"": 76, ""min_child_samples"": 32, ""colsample_bytree"": 0.8293634411791868, ""reg_alpha"": 0.5929214133503339, ""reg_lambda"": 1.2544944141035241}"
341,2026-06-05T15:21:00.605067+00:00,lgbm,ranking_rf,341,4625,7,997,0.7790605728995006,734,263,0.49374636760695884,"[""V176"", ""V191"", ""V255"", ""V160"", ""V224"", ""V215"", ""V380""]","{""n_estimators"": 232, ""learning_rate"": 0.07251193885324253, ""num_leaves"": 69, ""min_child_samples"": 43, ""colsample_bytree"": 0.6715941074514055, ""reg_alpha"": 0.49375258600106375, ""reg_lambda"": 1.022606620917708}"
342,2026-06-05T15:21:38.856731+00:00,lgbm,ranking_rf,342,4965,6,999,0.7536366470437644,744,255,0.5002741513329473,"[""V176"", ""V191"", ""V255"", ""V160"", ""V224"", ""V215""]","{""n_estimators"": 215, ""learning_rate"": 0.07667615435251432, ""num_leaves"": 43, ""min_child_samples"": 12, ""colsample_bytree"": 0.8489916955659383, ""reg_alpha"": 0.6781478734094868, ""reg_lambda"": 1.9455336154871434}"
343,2026-06-05T15:21:55.354423+00:00,lgbm,ranking_rf,343,4735,6,1000,0.7642466126004158,729,271,0.5011431893144065,"[""V176"", ""V191"", ""V255"", ""V160"", ""V224"", ""V215""]","{""n_estimators"": 119, ""learning_rate"": 0.17789611751844833, ""num_leaves"": 42, ""min_child_samples"": 14, ""colsample_bytree"": 0.559241246187243, ""reg_alpha"": 0.13214054942810016, ""reg_lambda"": 1.0048931454499752}"
344,2026-06-05T15:22:39.623947+00:00,lgbm,ranking_rf,344,4500,8,1000,0.8491827913440491,740,260,0.49298734457814397,"[""V176"", ""V191"", ""V255"", ""V160"", ""V224"", ""V215"", ""V380"", ""V342""]","{""n_estimators"": 213, ""learning_rate"": 0.1269028520189526, ""num_leaves"": 76, ""min_child_samples"": 32, ""colsample_bytree"": 0.7100155273996355, ""reg_alpha"": 0.23901746103887622, ""reg_lambda"": 2.3424431275591346}"
345,2026-06-05T15:23:32.142760+00:00,lgbm,ranking_rf,345,4460,7,994,0.862217517152257,722,272,0.49573089703273926,"[""V176"", ""V191"", ""V255"", ""V160"", ""V224"", ""V215"", ""V380""]","{""n_estimators"": 217, ""learning_rate"": 0.12842941735242108, ""num_leaves"": 91, ""min_child_samples"": 15, ""colsample_bytree"": 0.5092195233806427, ""reg_alpha"": 0.2247970176223506, ""reg_lambda"": 1.1680505501263614}"
346,2026-06-05T15:24:09.919445+00:00,lgbm,ranking_rf,346,4605,6,996,0.8125588494859062,719,277,0.49378503614792124,"[""V176"", ""V191"", ""V255"", ""V160"", ""V224"", ""V215""]","{""n_estimators"": 124, ""learning_rate"": 0.13431275218526, ""num_leaves"": 99, ""min_child_samples"": 19, ""colsample_bytree"": 0.98083310053527, ""reg_alpha"": 0.8602821994139622, ""reg_lambda"": 1.3894685878567108}"
347,2026-06-05T15:25:15.488987+00:00,lgbm,ranking_rf,347,4325,7,1000,0.8784617546439641,715,285,0.4953794758874423,"[""V176"", ""V191"", ""V255"", ""V160"", ""V224"", ""V215"", ""V380""]","{""n_estimators"": 376, ""learning_rate"": 0.12509799444202585, ""num_leaves"": 92, ""min_child_samples"": 38, ""colsample_bytree"": 0.7363364005217559, ""reg_alpha"": 0.5637820880912534, ""reg_lambda"": 0.8015163044364577}"
348,2026-06-05T15:26:23.101689+00:00,lgbm,ranking_rf,348,4515,8,1000,0.8933672705077594,741,259,0.49531775377083914,"[""V176"", ""V191"", ""V255"", ""V160"", ""V224"", ""V215"", ""V380"", ""V342""]","{""n_estimators"": 277, ""learning_rate"": 0.13074538471663089, ""num_leaves"": 86, ""min_child_samples"": 19, ""colsample_bytree"": 0.8475307254359676, ""reg_alpha"": 0.22025383015694355, ""reg_lambda"": 2.173497375412854}"
349,2026-06-05T15:26:53.493002+00:00,lgbm,ranking_rf,349,4670,7,1000,0.7710747617533773,738,262,0.4978886027153196,"[""V176"", ""V191"", ""V255"", ""V160"", ""V224"", ""V215"", ""V380""]","{""n_estimators"": 183, ""learning_rate"": 0.08588220698865184, ""num_leaves"": 55, ""min_child_samples"": 24, ""colsample_bytree"": 0.6555677072938755, ""reg_alpha"": 0.7560800147305349, ""reg_lambda"": 1.808648654373059}"
350,2026-06-05T15:27:41.815882+00:00,lgbm,ranking_rf,350,4470,8,1000,0.835099301948232,738,262,0.4915660654190293,"[""V176"", ""V191"", ""V255"", ""V160"", ""V224"", ""V215"", ""V380"", ""V342""]","{""n_estimators"": 289, ""learning_rate"": 0.11948146101554281, ""num_leaves"": 67, ""min_child_samples"": 41, ""colsample_bytree"": 0.663705942169558, ""reg_alpha"": 0.762509591246402, ""reg_lambda"": 2.214053143624229}"
351,2026-06-05T15:28:22.392896+00:00,lgbm,ranking_rf,351,4585,6,1000,0.8352021394312911,719,281,0.49638539498880874,"[""V176"", ""V191"", ""V255"", ""V160"", ""V224"", ""V215""]","{""n_estimators"": 223, ""learning_rate"": 0.14626781044481169, ""num_leaves"": 62, ""min_child_samples"": 16, ""colsample_bytree"": 0.6416294656553388, ""reg_alpha"": 0.6219954348591543, ""reg_lambda"": 0.5651359608683351}"
352,2026-06-05T15:28:39.719525+00:00,lgbm,ranking_rf,352,5095,5,998,0.6957026946647964,739,259,0.49706035247838015,"[""V176"", ""V191"", ""V255"", ""V160"", ""V224""]","{""n_estimators"": 166, ""learning_rate"": 0.04587461302022504, ""num_leaves"": 31, ""min_child_samples"": 48, ""colsample_bytree"": 0.7960180111922126, ""reg_alpha"": 0.24962935876559522, ""reg_lambda"": 1.403158384009144}"
353,2026-06-05T15:29:05.734329+00:00,lgbm,ranking_rf,353,4715,7,1000,0.8022433762333845,741,259,0.49669343228553225,"[""V176"", ""V191"", ""V255"", ""V160"", ""V224"", ""V215"", ""V380""]","{""n_estimators"": 166, ""learning_rate"": 0.16013796235809646, ""num_leaves"": 52, ""min_child_samples"": 13, ""colsample_bytree"": 0.6598514247716118, ""reg_alpha"": 0.8603674686283763, ""reg_lambda"": 1.7861301333632131}"
354,2026-06-05T15:29:53.909561+00:00,lgbm,ranking_rf,354,4445,7,1000,0.8882198952094744,723,277,0.4946056602944065,"[""V176"", ""V191"", ""V255"", ""V160"", ""V224"", ""V215"", ""V380""]","{""n_estimators"": 225, ""learning_rate"": 0.17498243547566733, ""num_leaves"": 87, ""min_child_samples"": 27, ""colsample_bytree"": 0.6082072434626062, ""reg_alpha"": 0.1407860912770118, ""reg_lambda"": 1.404930369388484}"
355,2026-06-05T15:30:35.708516+00:00,lgbm,ranking_rf,355,4490,7,994,0.8205831269298907,724,270,0.49369704597254704,"[""V176"", ""V191"", ""V255"", ""V160"", ""V224"", ""V215"", ""V380""]","{""n_estimators"": 272, ""learning_rate"": 0.10979073113193559, ""num_leaves"": 73, ""min_child_samples"": 48, ""colsample_bytree"": 0.900024383160223, ""reg_alpha"": 0.7999936645118981, ""reg_lambda"": 1.6647290521233222}"
356,2026-06-05T15:31:32.088152+00:00,lgbm,ranking_rf,356,4680,8,1000,0.8230250729039499,752,248,0.49505436333471314,"[""V176"", ""V191"", ""V255"", ""V160"", ""V224"", ""V215"", ""V380"", ""V342""]","{""n_estimators"": 354, ""learning_rate"": 0.0718265332863699, ""num_leaves"": 55, ""min_child_samples"": 27, ""colsample_bytree"": 0.8606438602201361, ""reg_alpha"": 0.868192176217387, ""reg_lambda"": 1.7575627678650854}"
357,2026-06-05T15:32:41.905206+00:00,lgbm,ranking_rf,357,4310,7,997,0.8691000351634459,713,284,0.49637908251999285,"[""V176"", ""V191"", ""V255"", ""V160"", ""V224"", ""V215"", ""V380""]","{""n_estimators"": 379, ""learning_rate"": 0.13268947880723003, ""num_leaves"": 71, ""min_child_samples"": 23, ""colsample_bytree"": 0.7580835726398898, ""reg_alpha"": 0.793280493432946, ""reg_lambda"": 1.4289573333298842}"
358,2026-06-05T15:33:53.401909+00:00,lgbm,ranking_rf,358,4575,8,997,0.9016482957061651,744,253,0.49417734152408427,"[""V176"", ""V191"", ""V255"", ""V160"", ""V224"", ""V215"", ""V380"", ""V342""]","{""n_estimators"": 268, ""learning_rate"": 0.14545709662360917, ""num_leaves"": 98, ""min_child_samples"": 19, ""colsample_bytree"": 0.9394913862994894, ""reg_alpha"": 0.35274281823981735, ""reg_lambda"": 1.6845758774364996}"
359,2026-06-05T15:34:53.079236+00:00,lgbm,ranking_rf,359,4745,8,999,0.8101235058513626,756,243,0.4927224915633573,"[""V176"", ""V191"", ""V255"", ""V160"", ""V224"", ""V215"", ""V380"", ""V342""]","{""n_estimators"": 301, ""learning_rate"": 0.06112923412342196, ""num_leaves"": 75, ""min_child_samples"": 31, ""colsample_bytree"": 0.8512570157975696, ""reg_alpha"": 0.8535250215147252, ""reg_lambda"": 1.680401666922525}"
360,2026-06-05T15:35:18.734220+00:00,lgbm,ranking_rf,360,4625,7,1000,0.8218454146039457,735,265,0.5002223713778751,"[""V176"", ""V191"", ""V255"", ""V160"", ""V224"", ""V215"", ""V380""]","{""n_estimators"": 330, ""learning_rate"": 0.13500351368438862, ""num_leaves"": 27, ""min_child_samples"": 30, ""colsample_bytree"": 0.6625892498903766, ""reg_alpha"": 0.20257416952616114, ""reg_lambda"": 0.8497967959807522}"
361,2026-06-05T15:35:45.256291+00:00,lgbm,ranking_rf,361,4645,7,999,0.806393543578752,736,263,0.49357579775810084,"[""V176"", ""V191"", ""V255"", ""V160"", ""V224"", ""V215"", ""V380""]","{""n_estimators"": 164, ""learning_rate"": 0.12642490216515065, ""num_leaves"": 86, ""min_child_samples"": 45, ""colsample_bytree"": 0.6452440635361507, ""reg_alpha"": 0.44474177658417524, ""reg_lambda"": 0.9123752417529116}"
362,2026-06-05T15:36:48.779655+00:00,lgbm,ranking_rf,362,4625,8,999,0.8329413944213638,748,251,0.49187093993758424,"[""V176"", ""V191"", ""V255"", ""V160"", ""V224"", ""V215"", ""V380"", ""V342""]","{""n_estimators"": 353, ""learning_rate"": 0.07582095410021564, ""num_leaves"": 96, ""min_child_samples"": 37, ""colsample_bytree"": 0.7049996084658205, ""reg_alpha"": 0.6160375182864001, ""reg_lambda"": 1.6890818599112654}"
363,2026-06-05T15:37:08.573703+00:00,lgbm,ranking_rf,363,4475,7,1000,0.8150058833971909,725,275,0.5007671251361677,"[""V176"", ""V191"", ""V255"", ""V160"", ""V224"", ""V215"", ""V380""]","{""n_estimators"": 255, ""learning_rate"": 0.17797994846575416, ""num_leaves"": 26, ""min_child_samples"": 48, ""colsample_bytree"": 0.7353479716224671, ""reg_alpha"": 0.2577402679344116, ""reg_lambda"": 1.7311955831483121}"
364,2026-06-05T15:38:02.369376+00:00,lgbm,ranking_rf,364,4355,7,1000,0.870068095634272,717,283,0.4956377009419353,"[""V176"", ""V191"", ""V255"", ""V160"", ""V224"", ""V215"", ""V380""]","{""n_estimators"": 311, ""learning_rate"": 0.14341777178106108, ""num_leaves"": 85, ""min_child_samples"": 36, ""colsample_bytree"": 0.8883445014866744, ""reg_alpha"": 0.8748613670494237, ""reg_lambda"": 0.5743510596416619}"
365,2026-06-05T15:38:36.972757+00:00,lgbm,ranking_rf,365,4860,6,999,0.7272754878427793,737,262,0.4968981860244927,"[""V176"", ""V191"", ""V255"", ""V160"", ""V224"", ""V215""]","{""n_estimators"": 274, ""learning_rate"": 0.046419451049379515, ""num_leaves"": 47, ""min_child_samples"": 40, ""colsample_bytree"": 0.5421277800268414, ""reg_alpha"": 0.6156495064736484, ""reg_lambda"": 1.2794282454771864}"
366,2026-06-05T15:39:09.878885+00:00,lgbm,ranking_rf,366,4605,8,1000,0.8622341379517516,747,253,0.4981780018798538,"[""V176"", ""V191"", ""V255"", ""V160"", ""V224"", ""V215"", ""V380"", ""V342""]","{""n_estimators"": 182, ""learning_rate"": 0.16523721729398075, ""num_leaves"": 64, ""min_child_samples"": 15, ""colsample_bytree"": 0.7942810329093077, ""reg_alpha"": 0.5438872190428523, ""reg_lambda"": 1.2361418258839914}"
367,2026-06-05T15:39:22.361957+00:00,lgbm,ranking_rf,367,4770,5,1000,0.7321117389497596,718,282,0.5011508435283443,"[""V176"", ""V191"", ""V255"", ""V160"", ""V224""]","{""n_estimators"": 158, ""learning_rate"": 0.15872831186700215, ""num_leaves"": 24, ""min_child_samples"": 10, ""colsample_bytree"": 0.635459452739287, ""reg_alpha"": 0.2821407658278343, ""reg_lambda"": 1.5559245668746147}"
368,2026-06-05T15:40:16.271448+00:00,lgbm,ranking_rf,368,4630,9,1000,0.7939483434851429,762,238,0.49387411166733935,"[""V176"", ""V191"", ""V255"", ""V160"", ""V224"", ""V215"", ""V380"", ""V342"", ""V483""]","{""n_estimators"": 339, ""learning_rate"": 0.04935587218967262, ""num_leaves"": 84, ""min_child_samples"": 48, ""colsample_bytree"": 0.6434469225413697, ""reg_alpha"": 0.2664424643054586, ""reg_lambda"": 0.7925705449319531}"
369,2026-06-05T15:40:47.453253+00:00,lgbm,ranking_rf,369,5020,6,1000,0.7166714717761034,748,252,0.4954649567369631,"[""V176"", ""V191"", ""V255"", ""V160"", ""V224"", ""V215""]","{""n_estimators"": 201, ""learning_rate"": 0.030011402707162536, ""num_leaves"": 54, ""min_child_samples"": 32, ""colsample_bytree"": 0.9492396970698862, ""reg_alpha"": 0.18524847384402698, ""reg_lambda"": 1.8877866883942895}"
370,2026-06-05T15:42:00.020029+00:00,lgbm,ranking_rf,370,4505,7,1000,0.8422219067930145,727,273,0.49530547843536077,"[""V176"", ""V191"", ""V255"", ""V160"", ""V224"", ""V215"", ""V380""]","{""n_estimators"": 370, ""learning_rate"": 0.08151734476708297, ""num_leaves"": 78, ""min_child_samples"": 30, ""colsample_bytree"": 0.7224637278643733, ""reg_alpha"": 0.7908507098730625, ""reg_lambda"": 0.7186442347721651}"
371,2026-06-05T15:42:53.615470+00:00,lgbm,ranking_rf,371,4445,7,1000,0.85354652815219,723,277,0.4972381129790514,"[""V176"", ""V191"", ""V255"", ""V160"", ""V224"", ""V215"", ""V380""]","{""n_estimators"": 332, ""learning_rate"": 0.14501101512581716, ""num_leaves"": 60, ""min_child_samples"": 21, ""colsample_bytree"": 0.5387558427901555, ""reg_alpha"": 0.975778564882776, ""reg_lambda"": 1.148301584395339}"
372,2026-06-05T15:43:35.936435+00:00,lgbm,ranking_rf,372,4575,8,1000,0.8373394827636097,745,255,0.4931385113215433,"[""V176"", ""V191"", ""V255"", ""V160"", ""V224"", ""V215"", ""V380"", ""V342""]","{""n_estimators"": 181, ""learning_rate"": 0.11590435067434614, ""num_leaves"": 80, ""min_child_samples"": 22, ""colsample_bytree"": 0.9061995671550499, ""reg_alpha"": 0.35415221016228793, ""reg_lambda"": 2.4821189710321816}"
373,2026-06-05T15:44:40.480566+00:00,lgbm,ranking_rf,373,4455,8,1000,0.8366614161183497,737,263,0.49369090065435256,"[""V176"", ""V191"", ""V255"", ""V160"", ""V224"", ""V215"", ""V380"", ""V342""]","{""n_estimators"": 355, ""learning_rate"": 0.07911073537331786, ""num_leaves"": 67, ""min_child_samples"": 23, ""colsample_bytree"": 0.7055798960631745, ""reg_alpha"": 0.7144212649727857, ""reg_lambda"": 1.9090653895029828}"
374,2026-06-05T15:46:06.861243+00:00,lgbm,ranking_rf,374,4560,8,1000,0.904155265463117,744,256,0.49386777818786703,"[""V176"", ""V191"", ""V255"", ""V160"", ""V224"", ""V215"", ""V380"", ""V342""]","{""n_estimators"": 370, ""learning_rate"": 0.10677850862956277, ""num_leaves"": 86, ""min_child_samples"": 19, ""colsample_bytree"": 0.9227009607237391, ""reg_alpha"": 0.056927656490677325, ""reg_lambda"": 2.474487225060999}"
375,2026-06-05T15:46:47.533994+00:00,lgbm,ranking_rf,375,4675,8,998,0.802614347362463,751,247,0.49366248818422437,"[""V176"", ""V191"", ""V255"", ""V160"", ""V224"", ""V215"", ""V380"", ""V342""]","{""n_estimators"": 259, ""learning_rate"": 0.06892040900137308, ""num_leaves"": 60, ""min_child_samples"": 49, ""colsample_bytree"": 0.8297799152681381, ""reg_alpha"": 0.3959941250990566, ""reg_lambda"": 1.302432505204486}"
376,2026-06-05T15:47:17.233936+00:00,lgbm,ranking_rf,376,5020,6,1000,0.7194141670348697,748,252,0.498698914402622,"[""V176"", ""V191"", ""V255"", ""V160"", ""V224"", ""V215""]","{""n_estimators"": 352, ""learning_rate"": 0.03805517874984324, ""num_leaves"": 27, ""min_child_samples"": 27, ""colsample_bytree"": 0.6076515150391649, ""reg_alpha"": 0.4879677067839532, ""reg_lambda"": 0.9882373406510596}"
377,2026-06-05T15:47:36.751230+00:00,lgbm,ranking_rf,377,4900,6,1000,0.72319687685686,740,260,0.49834301261721714,"[""V176"", ""V191"", ""V255"", ""V160"", ""V224"", ""V215""]","{""n_estimators"": 224, ""learning_rate"": 0.07748001671969318, ""num_leaves"": 29, ""min_child_samples"": 29, ""colsample_bytree"": 0.5376707918773884, ""reg_alpha"": 0.7107748300346693, ""reg_lambda"": 1.1469834206193732}"
378,2026-06-05T15:47:48.222984+00:00,lgbm,ranking_rf,378,5065,6,1000,0.707639727370178,751,249,0.4981536006912642,"[""V176"", ""V191"", ""V255"", ""V160"", ""V224"", ""V215""]","{""n_estimators"": 115, ""learning_rate"": 0.07454771599279605, ""num_leaves"": 30, ""min_child_samples"": 33, ""colsample_bytree"": 0.6714959845732916, ""reg_alpha"": 0.7504038072414057, ""reg_lambda"": 0.7407100756229803}"
379,2026-06-05T15:48:48.894651+00:00,lgbm,ranking_rf,379,4605,5,1000,0.8269470904649845,707,293,0.5006107000437298,"[""V176"", ""V191"", ""V255"", ""V160"", ""V224""]","{""n_estimators"": 344, ""learning_rate"": 0.10287032386406186, ""num_leaves"": 59, ""min_child_samples"": 16, ""colsample_bytree"": 0.8844581918411785, ""reg_alpha"": 0.1733125896733142, ""reg_lambda"": 1.8079417213251996}"
380,2026-06-05T15:49:26.687269+00:00,lgbm,ranking_rf,380,4665,8,1000,0.797366962183969,751,249,0.49676598082660384,"[""V176"", ""V191"", ""V255"", ""V160"", ""V224"", ""V215"", ""V380"", ""V342""]","{""n_estimators"": 340, ""learning_rate"": 0.07471929873768608, ""num_leaves"": 38, ""min_child_samples"": 44, ""colsample_bytree"": 0.7905029420064373, ""reg_alpha"": 0.5049676979551255, ""reg_lambda"": 1.896841280151062}"
381,2026-06-05T15:49:57.985054+00:00,lgbm,ranking_rf,381,4545,8,994,0.8304639890307774,741,253,0.4946484241546283,"[""V176"", ""V191"", ""V255"", ""V160"", ""V224"", ""V215"", ""V380"", ""V342""]","{""n_estimators"": 158, ""learning_rate"": 0.14922480837517288, ""num_leaves"": 71, ""min_child_samples"": 20, ""colsample_bytree"": 0.8505814424509881, ""reg_alpha"": 0.9793160661082817, ""reg_lambda"": 1.8691525277969603}"
382,2026-06-05T15:50:20.993125+00:00,lgbm,ranking_rf,382,4875,8,1000,0.7874521530693119,765,235,0.5004688649096838,"[""V176"", ""V191"", ""V255"", ""V160"", ""V224"", ""V215"", ""V380"", ""V342""]","{""n_estimators"": 173, ""learning_rate"": 0.09324862812614934, ""num_leaves"": 47, ""min_child_samples"": 20, ""colsample_bytree"": 0.626094082495684, ""reg_alpha"": 0.3008039171290873, ""reg_lambda"": 0.7981559244369185}"
383,2026-06-05T15:50:48.912416+00:00,lgbm,ranking_rf,383,4900,6,1000,0.7301717069000639,740,260,0.497272431893879,"[""V176"", ""V191"", ""V255"", ""V160"", ""V224"", ""V215""]","{""n_estimators"": 169, ""learning_rate"": 0.05615948308581871, ""num_leaves"": 57, ""min_child_samples"": 16, ""colsample_bytree"": 0.7370137042607117, ""reg_alpha"": 0.6235881331775041, ""reg_lambda"": 1.553316985481157}"
384,2026-06-05T15:51:10.265833+00:00,lgbm,ranking_rf,384,4920,8,1000,0.7209610944678597,768,232,0.49527755254342637,"[""V176"", ""V191"", ""V255"", ""V160"", ""V224"", ""V215"", ""V380"", ""V342""]","{""n_estimators"": 129, ""learning_rate"": 0.05456469199913819, ""num_leaves"": 59, ""min_child_samples"": 28, ""colsample_bytree"": 0.6675076209237434, ""reg_alpha"": 0.596907514245803, ""reg_lambda"": 2.049001592138052}"
385,2026-06-05T15:51:42.310644+00:00,lgbm,ranking_rf,385,4910,7,1000,0.7413584489900673,754,246,0.4980743910110303,"[""V176"", ""V191"", ""V255"", ""V160"", ""V224"", ""V215"", ""V380""]","{""n_estimators"": 330, ""learning_rate"": 0.04821832614179053, ""num_leaves"": 32, ""min_child_samples"": 35, ""colsample_bytree"": 0.721053334950909, ""reg_alpha"": 0.5598029304245435, ""reg_lambda"": 2.369754899951635}"
386,2026-06-05T15:51:56.615589+00:00,lgbm,ranking_rf,386,4930,4,999,0.6823378584441031,715,284,0.49875440299023305,"[""V176"", ""V191"", ""V255"", ""V160""]","{""n_estimators"": 162, ""learning_rate"": 0.057625884708806946, ""num_leaves"": 29, ""min_child_samples"": 24, ""colsample_bytree"": 0.5293531890000025, ""reg_alpha"": 0.47673560424039063, ""reg_lambda"": 0.5119449228947162}"
387,2026-06-05T15:52:40.159409+00:00,lgbm,ranking_rf,387,4245,9,999,0.8737589766570514,736,263,0.49167108743436094,"[""V176"", ""V191"", ""V255"", ""V160"", ""V224"", ""V215"", ""V380"", ""V342"", ""V483""]","{""n_estimators"": 317, ""learning_rate"": 0.17623340678307636, ""num_leaves"": 53, ""min_child_samples"": 42, ""colsample_bytree"": 0.5503112959204566, ""reg_alpha"": 0.6397122304007901, ""reg_lambda"": 2.4294307525489165}"
388,2026-06-05T15:53:49.449518+00:00,lgbm,ranking_rf,388,4525,7,996,0.8242743139526035,727,269,0.49394179790399284,"[""V176"", ""V191"", ""V255"", ""V160"", ""V224"", ""V215"", ""V380""]","{""n_estimators"": 364, ""learning_rate"": 0.06119043930634085, ""num_leaves"": 78, ""min_child_samples"": 36, ""colsample_bytree"": 0.9389832445913523, ""reg_alpha"": 0.746413103342699, ""reg_lambda"": 1.0771468131211401}"
389,2026-06-05T15:54:44.918827+00:00,lgbm,ranking_rf,389,4530,9,999,0.8325367596334023,755,244,0.49025997551247835,"[""V176"", ""V191"", ""V255"", ""V160"", ""V224"", ""V215"", ""V380"", ""V342"", ""V483""]","{""n_estimators"": 274, ""learning_rate"": 0.10561938633761024, ""num_leaves"": 77, ""min_child_samples"": 26, ""colsample_bytree"": 0.5325993620302958, ""reg_alpha"": 0.7587491365839273, ""reg_lambda"": 1.8176613437646276}"
390,2026-06-05T15:55:22.955508+00:00,lgbm,ranking_rf,390,4515,7,998,0.8414341917645973,727,271,0.49374724778635776,"[""V176"", ""V191"", ""V255"", ""V160"", ""V224"", ""V215"", ""V380""]","{""n_estimators"": 202, ""learning_rate"": 0.14799029738117997, ""num_leaves"": 82, ""min_child_samples"": 35, ""colsample_bytree"": 0.8020494560518665, ""reg_alpha"": 0.5397232531891718, ""reg_lambda"": 2.0920467930665527}"
391,2026-06-05T15:55:51.550642+00:00,lgbm,ranking_rf,391,4600,7,999,0.8128282673666244,733,266,0.5012557320661951,"[""V176"", ""V191"", ""V255"", ""V160"", ""V224"", ""V215"", ""V380""]","{""n_estimators"": 397, ""learning_rate"": 0.12577870282920206, ""num_leaves"": 25, ""min_child_samples"": 25, ""colsample_bytree"": 0.582712413550436, ""reg_alpha"": 0.10783437317999045, ""reg_lambda"": 1.6440087985973337}"
392,2026-06-05T15:57:17.608370+00:00,lgbm,ranking_rf,392,4675,6,1000,0.7932955781031361,725,275,0.49448926352631206,"[""V176"", ""V191"", ""V255"", ""V160"", ""V224"", ""V215""]","{""n_estimators"": 336, ""learning_rate"": 0.04872414709778353, ""num_leaves"": 95, ""min_child_samples"": 15, ""colsample_bytree"": 0.6702759805175191, ""reg_alpha"": 0.6870777770470795, ""reg_lambda"": 0.7438478776746416}"
393,2026-06-05T15:57:27.245132+00:00,lgbm,ranking_rf,393,5120,7,1000,0.7159463732649617,768,232,0.4984402143880476,"[""V176"", ""V191"", ""V255"", ""V160"", ""V224"", ""V215"", ""V380""]","{""n_estimators"": 128, ""learning_rate"": 0.06436615495900816, ""num_leaves"": 23, ""min_child_samples"": 29, ""colsample_bytree"": 0.9945144847436431, ""reg_alpha"": 0.6446433319070983, ""reg_lambda"": 1.7900633699451163}"
394,2026-06-05T15:57:59.297556+00:00,lgbm,ranking_rf,394,4885,6,997,0.7455253457670559,738,259,0.49731360359479276,"[""V176"", ""V191"", ""V255"", ""V160"", ""V224"", ""V215""]","{""n_estimators"": 283, ""learning_rate"": 0.05119400330129817, ""num_leaves"": 40, ""min_child_samples"": 44, ""colsample_bytree"": 0.7985700729390195, ""reg_alpha"": 0.7925142642774602, ""reg_lambda"": 1.3827176344470953}"
395,2026-06-05T15:59:08.383321+00:00,lgbm,ranking_rf,395,4445,7,1000,0.8119906255941974,723,277,0.49910333140586516,"[""V176"", ""V191"", ""V255"", ""V160"", ""V224"", ""V215"", ""V380""]","{""n_estimators"": 343, ""learning_rate"": 0.08425464495773416, ""num_leaves"": 69, ""min_child_samples"": 10, ""colsample_bytree"": 0.543130959046076, ""reg_alpha"": 0.9261796465437984, ""reg_lambda"": 1.6839399878206762}"
396,2026-06-05T15:59:40.338662+00:00,lgbm,ranking_rf,396,4795,6,1000,0.7116130184617553,733,267,0.49587712913306187,"[""V176"", ""V191"", ""V255"", ""V160"", ""V224"", ""V215""]","{""n_estimators"": 246, ""learning_rate"": 0.04645269153885223, ""num_leaves"": 48, ""min_child_samples"": 47, ""colsample_bytree"": 0.515728159151323, ""reg_alpha"": 0.9764699740781224, ""reg_lambda"": 1.761239011149389}"
397,2026-06-05T16:00:06.800574+00:00,lgbm,ranking_rf,397,4920,5,1000,0.7000278152418815,728,272,0.49748196567974284,"[""V176"", ""V191"", ""V255"", ""V160"", ""V224""]","{""n_estimators"": 244, ""learning_rate"": 0.05212365275324279, ""num_leaves"": 35, ""min_child_samples"": 13, ""colsample_bytree"": 0.6189138070291613, ""reg_alpha"": 0.9589511272488508, ""reg_lambda"": 1.375918935797236}"
398,2026-06-05T16:00:28.238561+00:00,lgbm,ranking_rf,398,4675,8,998,0.7571093454551516,751,247,0.4958962325358817,"[""V176"", ""V191"", ""V255"", ""V160"", ""V224"", ""V215"", ""V380"", ""V342""]","{""n_estimators"": 123, ""learning_rate"": 0.09167719974247597, ""num_leaves"": 78, ""min_child_samples"": 42, ""colsample_bytree"": 0.5929546046084087, ""reg_alpha"": 0.32046758913014206, ""reg_lambda"": 2.036487653901847}"
399,2026-06-05T16:00:59.561473+00:00,lgbm,ranking_rf,399,4590,8,1000,0.812709424023926,746,254,0.4975692853396614,"[""V176"", ""V191"", ""V255"", ""V160"", ""V224"", ""V215"", ""V380"", ""V342""]","{""n_estimators"": 226, ""learning_rate"": 0.1022057998626692, ""num_leaves"": 49, ""min_child_samples"": 28, ""colsample_bytree"": 0.7413697383358981, ""reg_alpha"": 0.6050959855428052, ""reg_lambda"": 1.3784037390893484}"
400,2026-06-05T16:01:20.891584+00:00,lgbm,ranking_rf,400,5090,4,997,0.6997167576136104,725,272,0.4974140524479914,"[""V176"", ""V191"", ""V255"", ""V160""]","{""n_estimators"": 178, ""learning_rate"": 0.03611090660895322, ""num_leaves"": 41, ""min_child_samples"": 45, ""colsample_bytree"": 0.9135707434563554, ""reg_alpha"": 0.9228110249908009, ""reg_lambda"": 1.162576539200009}"
401,2026-06-05T16:01:39.534510+00:00,lgbm,ranking_rf,401,4725,6,999,0.7618864970245491,728,271,0.5025708580212005,"[""V176"", ""V191"", ""V255"", ""V160"", ""V224"", ""V215""]","{""n_estimators"": 240, ""learning_rate"": 0.1404699961361221, ""num_leaves"": 26, ""min_child_samples"": 18, ""colsample_bytree"": 0.5060241938991342, ""reg_alpha"": 0.7761540929357542, ""reg_lambda"": 1.3094722571667967}"
402,2026-06-05T16:02:25.219761+00:00,lgbm,ranking_rf,402,4515,8,1000,0.865430694117653,741,259,0.49495240458770295,"[""V176"", ""V191"", ""V255"", ""V160"", ""V224"", ""V215"", ""V380"", ""V342""]","{""n_estimators"": 299, ""learning_rate"": 0.14139091052329128, ""num_leaves"": 74, ""min_child_samples"": 47, ""colsample_bytree"": 0.8354717278019432, ""reg_alpha"": 0.5082586229401918, ""reg_lambda"": 2.242274775959583}"
403,2026-06-05T16:02:37.076236+00:00,lgbm,ranking_rf,403,4960,6,1000,0.7266783631235779,744,256,0.4966197321125108,"[""V176"", ""V191"", ""V255"", ""V160"", ""V224"", ""V215""]","{""n_estimators"": 106, ""learning_rate"": 0.10150512910931571, ""num_leaves"": 35, ""min_child_samples"": 47, ""colsample_bytree"": 0.9146030377411338, ""reg_alpha"": 0.9627364240455238, ""reg_lambda"": 0.7498486177898154}"
404,2026-06-05T16:03:37.351688+00:00,lgbm,ranking_rf,404,4395,8,1000,0.8820117379632209,733,267,0.4955413350739278,"[""V176"", ""V191"", ""V255"", ""V160"", ""V224"", ""V215"", ""V380"", ""V342""]","{""n_estimators"": 278, ""learning_rate"": 0.1289467124434095, ""num_leaves"": 96, ""min_child_samples"": 31, ""colsample_bytree"": 0.9689014043753493, ""reg_alpha"": 0.36989811475008394, ""reg_lambda"": 1.8545353668487274}"
405,2026-06-05T16:04:43.764406+00:00,lgbm,ranking_rf,405,4535,8,999,0.8662917639407899,742,257,0.49397863366816674,"[""V176"", ""V191"", ""V255"", ""V160"", ""V224"", ""V215"", ""V380"", ""V342""]","{""n_estimators"": 331, ""learning_rate"": 0.09342336164866906, ""num_leaves"": 74, ""min_child_samples"": 25, ""colsample_bytree"": 0.6390176527717817, ""reg_alpha"": 0.052487044064637556, ""reg_lambda"": 2.3357827552836303}"
406,2026-06-05T16:05:00.972333+00:00,lgbm,ranking_rf,406,5045,4,1000,0.702046361401477,723,277,0.49859101194633315,"[""V176"", ""V191"", ""V255"", ""V160""]","{""n_estimators"": 209, ""learning_rate"": 0.0717410880724835, ""num_leaves"": 26, ""min_child_samples"": 11, ""colsample_bytree"": 0.6845518205985994, ""reg_alpha"": 0.13113892140968375, ""reg_lambda"": 1.191555928422792}"
407,2026-06-05T16:06:02.716285+00:00,lgbm,ranking_rf,407,4465,7,993,0.8590278232989345,722,271,0.49364917713275935,"[""V176"", ""V191"", ""V255"", ""V160"", ""V224"", ""V215"", ""V380""]","{""n_estimators"": 343, ""learning_rate"": 0.10034785770939035, ""num_leaves"": 72, ""min_child_samples"": 41, ""colsample_bytree"": 0.9060063656198288, ""reg_alpha"": 0.16637858358163515, ""reg_lambda"": 2.142559598172469}"
408,2026-06-05T16:07:01.759532+00:00,lgbm,ranking_rf,408,4435,7,993,0.8388437489276697,720,273,0.4953607998979749,"[""V176"", ""V191"", ""V255"", ""V160"", ""V224"", ""V215"", ""V380""]","{""n_estimators"": 321, ""learning_rate"": 0.10556828994471266, ""num_leaves"": 97, ""min_child_samples"": 37, ""colsample_bytree"": 0.77882467169335, ""reg_alpha"": 0.8454886022153988, ""reg_lambda"": 0.8272610126872599}"
409,2026-06-05T16:07:12.448092+00:00,lgbm,ranking_rf,409,4925,8,999,0.7602951701526752,768,231,0.49924601278584924,"[""V176"", ""V191"", ""V255"", ""V160"", ""V224"", ""V215"", ""V380"", ""V342""]","{""n_estimators"": 134, ""learning_rate"": 0.15481474068403184, ""num_leaves"": 24, ""min_child_samples"": 24, ""colsample_bytree"": 0.7859683349937373, ""reg_alpha"": 0.5746867900258517, ""reg_lambda"": 2.186964883033273}"
410,2026-06-05T16:08:36.242156+00:00,lgbm,ranking_rf,410,4660,8,998,0.8518668850687932,750,248,0.4954662720595932,"[""V176"", ""V191"", ""V255"", ""V160"", ""V224"", ""V215"", ""V380"", ""V342""]","{""n_estimators"": 359, ""learning_rate"": 0.06983281221206691, ""num_leaves"": 82, ""min_child_samples"": 11, ""colsample_bytree"": 0.6289780095217847, ""reg_alpha"": 0.17052239652976897, ""reg_lambda"": 1.4449647823628715}"
411,2026-06-05T16:09:18.795485+00:00,lgbm,ranking_rf,411,4460,8,999,0.8507888821158975,737,262,0.49364381654370393,"[""V176"", ""V191"", ""V255"", ""V160"", ""V224"", ""V215"", ""V380"", ""V342""]","{""n_estimators"": 274, ""learning_rate"": 0.1136159456266044, ""num_leaves"": 57, ""min_child_samples"": 42, ""colsample_bytree"": 0.928053397000251, ""reg_alpha"": 0.7539295323678703, ""reg_lambda"": 0.5777384920821835}"
412,2026-06-05T16:09:58.558998+00:00,lgbm,ranking_rf,412,4790,8,999,0.8272816304148549,759,240,0.493919812442241,"[""V176"", ""V191"", ""V255"", ""V160"", ""V224"", ""V215"", ""V380"", ""V342""]","{""n_estimators"": 208, ""learning_rate"": 0.12282963075262754, ""num_leaves"": 70, ""min_child_samples"": 23, ""colsample_bytree"": 0.6273956597255053, ""reg_alpha"": 0.8844101036126625, ""reg_lambda"": 1.6258851766179288}"
413,2026-06-05T16:10:28.237821+00:00,lgbm,ranking_rf,413,5170,6,1000,0.7096911580154405,758,242,0.49720566857929627,"[""V176"", ""V191"", ""V255"", ""V160"", ""V224"", ""V215""]","{""n_estimators"": 262, ""learning_rate"": 0.03493573751169332, ""num_leaves"": 37, ""min_child_samples"": 11, ""colsample_bytree"": 0.587673197405556, ""reg_alpha"": 0.4863150554309251, ""reg_lambda"": 1.8818071975281896}"
414,2026-06-05T16:11:04.035183+00:00,lgbm,ranking_rf,414,4830,6,999,0.7142029555505494,735,264,0.49517732087875804,"[""V176"", ""V191"", ""V255"", ""V160"", ""V224"", ""V215""]","{""n_estimators"": 171, ""learning_rate"": 0.0315955124628267, ""num_leaves"": 76, ""min_child_samples"": 24, ""colsample_bytree"": 0.8553903608988954, ""reg_alpha"": 0.252065207702996, ""reg_lambda"": 1.2772412114931155}"
415,2026-06-05T16:11:45.795278+00:00,lgbm,ranking_rf,415,4695,8,1000,0.7879959268027772,753,247,0.49480372972209635,"[""V176"", ""V191"", ""V255"", ""V160"", ""V224"", ""V215"", ""V380"", ""V342""]","{""n_estimators"": 328, ""learning_rate"": 0.07484326085779225, ""num_leaves"": 42, ""min_child_samples"": 47, ""colsample_bytree"": 0.5848313559845173, ""reg_alpha"": 0.9078051219050521, ""reg_lambda"": 1.442122631551082}"
416,2026-06-05T16:12:23.308515+00:00,lgbm,ranking_rf,416,4635,8,1000,0.8166740144572179,749,251,0.4950965478353707,"[""V176"", ""V191"", ""V255"", ""V160"", ""V224"", ""V215"", ""V380"", ""V342""]","{""n_estimators"": 198, ""learning_rate"": 0.10591028264361675, ""num_leaves"": 61, ""min_child_samples"": 19, ""colsample_bytree"": 0.9252161029328716, ""reg_alpha"": 0.6812025751164101, ""reg_lambda"": 1.641472441575121}"
417,2026-06-05T16:12:46.904130+00:00,lgbm,ranking_rf,417,4955,4,997,0.7073384456800758,716,281,0.49916186446950334,"[""V176"", ""V191"", ""V255"", ""V160""]","{""n_estimators"": 362, ""learning_rate"": 0.06720575442436272, ""num_leaves"": 21, ""min_child_samples"": 19, ""colsample_bytree"": 0.590331467337361, ""reg_alpha"": 0.8202207790351965, ""reg_lambda"": 0.7161251084956841}"
418,2026-06-05T16:13:23.421055+00:00,lgbm,ranking_rf,418,4460,8,999,0.857379426230356,737,262,0.49291966035352,"[""V176"", ""V191"", ""V255"", ""V160"", ""V224"", ""V215"", ""V380"", ""V342""]","{""n_estimators"": 215, ""learning_rate"": 0.1554265788791865, ""num_leaves"": 77, ""min_child_samples"": 43, ""colsample_bytree"": 0.7667527392447082, ""reg_alpha"": 0.2629825114753289, ""reg_lambda"": 2.4202456032246085}"
419,2026-06-05T16:13:41.725624+00:00,lgbm,ranking_rf,419,5105,4,1000,0.6869298361526592,727,273,0.49768699109933584,"[""V176"", ""V191"", ""V255"", ""V160""]","{""n_estimators"": 193, ""learning_rate"": 0.03538631911982854, ""num_leaves"": 28, ""min_child_samples"": 16, ""colsample_bytree"": 0.9747410080956669, ""reg_alpha"": 0.6487010524976726, ""reg_lambda"": 2.458314134923561}"
420,2026-06-05T16:14:11.620302+00:00,lgbm,ranking_rf,420,4690,6,1000,0.7574452909593321,726,274,0.49404737681003824,"[""V176"", ""V191"", ""V255"", ""V160"", ""V224"", ""V215""]","{""n_estimators"": 182, ""learning_rate"": 0.07510519112108661, ""num_leaves"": 91, ""min_child_samples"": 46, ""colsample_bytree"": 0.7858123379124251, ""reg_alpha"": 0.17918745705816452, ""reg_lambda"": 2.08148573157175}"
421,2026-06-05T16:14:36.219973+00:00,lgbm,ranking_rf,421,4670,6,998,0.7617079057902202,724,274,0.4955573578069452,"[""V176"", ""V191"", ""V255"", ""V160"", ""V224"", ""V215""]","{""n_estimators"": 172, ""learning_rate"": 0.09795460152688383, ""num_leaves"": 51, ""min_child_samples"": 36, ""colsample_bytree"": 0.6877212845896501, ""reg_alpha"": 0.9195450794139408, ""reg_lambda"": 0.6083152900269269}"
422,2026-06-05T16:14:53.909506+00:00,lgbm,ranking_rf,422,4635,8,1000,0.822386479982179,749,251,0.502847227917158,"[""V176"", ""V191"", ""V255"", ""V160"", ""V224"", ""V215"", ""V380"", ""V342""]","{""n_estimators"": 153, ""learning_rate"": 0.1504966301127031, ""num_leaves"": 39, ""min_child_samples"": 27, ""colsample_bytree"": 0.9942386827620477, ""reg_alpha"": 0.20252222877101977, ""reg_lambda"": 0.7221374428150236}"
423,2026-06-05T16:15:32.154871+00:00,lgbm,ranking_rf,423,4695,8,1000,0.7975746851848443,753,247,0.4971126235790707,"[""V176"", ""V191"", ""V255"", ""V160"", ""V224"", ""V215"", ""V380"", ""V342""]","{""n_estimators"": 302, ""learning_rate"": 0.08119409341664754, ""num_leaves"": 44, ""min_child_samples"": 41, ""colsample_bytree"": 0.665491372215851, ""reg_alpha"": 0.6681100395349485, ""reg_lambda"": 1.2727070879568914}"
424,2026-06-05T16:16:18.991653+00:00,lgbm,ranking_rf,424,4635,8,997,0.8795150654437772,748,249,0.4995511752344855,"[""V176"", ""V191"", ""V255"", ""V160"", ""V224"", ""V215"", ""V380"", ""V342""]","{""n_estimators"": 338, ""learning_rate"": 0.1489209955056915, ""num_leaves"": 46, ""min_child_samples"": 10, ""colsample_bytree"": 0.9554832001271643, ""reg_alpha"": 0.4047663505096796, ""reg_lambda"": 1.4898544841040096}"
425,2026-06-05T16:16:34.439363+00:00,lgbm,ranking_rf,425,4800,8,1000,0.7589635838891209,760,240,0.49583540280943,"[""V176"", ""V191"", ""V255"", ""V160"", ""V224"", ""V215"", ""V380"", ""V342""]","{""n_estimators"": 116, ""learning_rate"": 0.0997766016542654, ""num_leaves"": 46, ""min_child_samples"": 40, ""colsample_bytree"": 0.7588761737979258, ""reg_alpha"": 0.7415825626080205, ""reg_lambda"": 1.3496242383326462}"
426,2026-06-05T16:17:28.524261+00:00,lgbm,ranking_rf,426,4685,8,999,0.8015985058025951,752,247,0.49234000561122904,"[""V176"", ""V191"", ""V255"", ""V160"", ""V224"", ""V215"", ""V380"", ""V342""]","{""n_estimators"": 241, ""learning_rate"": 0.07040762518220495, ""num_leaves"": 96, ""min_child_samples"": 28, ""colsample_bytree"": 0.6890479946938706, ""reg_alpha"": 0.5925927137810396, ""reg_lambda"": 2.01400070516541}"
427,2026-06-05T16:18:25.240458+00:00,lgbm,ranking_rf,427,4450,6,1000,0.8412805785164645,710,290,0.4941003974691492,"[""V176"", ""V191"", ""V255"", ""V160"", ""V224"", ""V215""]","{""n_estimators"": 270, ""learning_rate"": 0.1305492762626984, ""num_leaves"": 99, ""min_child_samples"": 30, ""colsample_bytree"": 0.7160199512943287, ""reg_alpha"": 0.6768335994893925, ""reg_lambda"": 1.8819551231771634}"
428,2026-06-05T16:19:57.881801+00:00,lgbm,ranking_rf,428,4475,8,996,0.9406599594829286,737,259,0.4912066292376839,"[""V176"", ""V191"", ""V255"", ""V160"", ""V224"", ""V215"", ""V380"", ""V342""]","{""n_estimators"": 390, ""learning_rate"": 0.126590077706626, ""num_leaves"": 84, ""min_child_samples"": 15, ""colsample_bytree"": 0.8980863807565955, ""reg_alpha"": 0.05242926501218337, ""reg_lambda"": 0.8258816536422944}"
429,2026-06-05T16:20:51.144187+00:00,lgbm,ranking_rf,429,4490,7,994,0.8300360779765453,724,270,0.4956890983268865,"[""V176"", ""V191"", ""V255"", ""V160"", ""V224"", ""V215"", ""V380""]","{""n_estimators"": 386, ""learning_rate"": 0.09931606317139674, ""num_leaves"": 48, ""min_child_samples"": 34, ""colsample_bytree"": 0.6770802033265972, ""reg_alpha"": 0.7821485035490396, ""reg_lambda"": 2.107672149630205}"
430,2026-06-05T16:21:28.593908+00:00,lgbm,ranking_rf,430,4840,6,1000,0.7473650016295376,736,264,0.4980050049332898,"[""V176"", ""V191"", ""V255"", ""V160"", ""V224"", ""V215""]","{""n_estimators"": 354, ""learning_rate"": 0.05108031631693938, ""num_leaves"": 33, ""min_child_samples"": 47, ""colsample_bytree"": 0.884692608797566, ""reg_alpha"": 0.5224669238425323, ""reg_lambda"": 2.4309046552301354}"
431,2026-06-05T16:22:22.024292+00:00,lgbm,ranking_rf,431,4695,8,1000,0.7968108768459498,753,247,0.4953588051011058,"[""V176"", ""V191"", ""V255"", ""V160"", ""V224"", ""V215"", ""V380"", ""V342""]","{""n_estimators"": 313, ""learning_rate"": 0.059756891380838964, ""num_leaves"": 87, ""min_child_samples"": 45, ""colsample_bytree"": 0.9125138665181165, ""reg_alpha"": 0.6003788282283927, ""reg_lambda"": 2.208106147855359}"
432,2026-06-05T16:23:28.001469+00:00,lgbm,ranking_rf,432,4430,7,1000,0.8642974059548216,722,278,0.4953288318338511,"[""V176"", ""V191"", ""V255"", ""V160"", ""V224"", ""V215"", ""V380""]","{""n_estimators"": 345, ""learning_rate"": 0.12044020490313527, ""num_leaves"": 70, ""min_child_samples"": 32, ""colsample_bytree"": 0.8972661457903028, ""reg_alpha"": 0.585455925269721, ""reg_lambda"": 1.9382328651716472}"
433,2026-06-05T16:24:04.934590+00:00,lgbm,ranking_rf,433,4440,8,1000,0.83921927763956,736,264,0.4932124010356414,"[""V176"", ""V191"", ""V255"", ""V160"", ""V224"", ""V215"", ""V380"", ""V342""]","{""n_estimators"": 234, ""learning_rate"": 0.12043810318709566, ""num_leaves"": 56, ""min_child_samples"": 42, ""colsample_bytree"": 0.993636688083742, ""reg_alpha"": 0.8516034982063889, ""reg_lambda"": 0.9176330270635682}"
434,2026-06-05T16:24:48.742903+00:00,lgbm,ranking_rf,434,4645,8,995,0.8674148098385869,748,247,0.49729081718537393,"[""V176"", ""V191"", ""V255"", ""V160"", ""V224"", ""V215"", ""V380"", ""V342""]","{""n_estimators"": 258, ""learning_rate"": 0.11167889946513279, ""num_leaves"": 58, ""min_child_samples"": 18, ""colsample_bytree"": 0.9528621030397173, ""reg_alpha"": 0.12280675457896406, ""reg_lambda"": 1.4941939728844122}"
435,2026-06-05T16:26:03.430966+00:00,lgbm,ranking_rf,435,4460,8,996,0.8501223049875278,736,260,0.4929940287282582,"[""V176"", ""V191"", ""V255"", ""V160"", ""V224"", ""V215"", ""V380"", ""V342""]","{""n_estimators"": 373, ""learning_rate"": 0.08189457235499485, ""num_leaves"": 89, ""min_child_samples"": 31, ""colsample_bytree"": 0.7183463081882364, ""reg_alpha"": 0.9373701116680149, ""reg_lambda"": 0.5328487661645398}"
436,2026-06-05T16:27:04.447457+00:00,lgbm,ranking_rf,436,4570,9,1000,0.8343377603853719,758,242,0.49156678589985614,"[""V176"", ""V191"", ""V255"", ""V160"", ""V224"", ""V215"", ""V380"", ""V342"", ""V483""]","{""n_estimators"": 317, ""learning_rate"": 0.08187227312854939, ""num_leaves"": 88, ""min_child_samples"": 37, ""colsample_bytree"": 0.910310955377813, ""reg_alpha"": 0.48483903649317095, ""reg_lambda"": 2.2834790416712307}"
437,2026-06-05T16:27:52.183287+00:00,lgbm,ranking_rf,437,4315,7,999,0.8646712918587861,714,285,0.49331673421450134,"[""V176"", ""V191"", ""V255"", ""V160"", ""V224"", ""V215"", ""V380""]","{""n_estimators"": 318, ""learning_rate"": 0.14213239250947313, ""num_leaves"": 55, ""min_child_samples"": 43, ""colsample_bytree"": 0.7688333658677138, ""reg_alpha"": 0.6423996771411291, ""reg_lambda"": 0.9903768315555548}"
438,2026-06-05T16:28:13.394856+00:00,lgbm,ranking_rf,438,4615,7,993,0.7974454115624896,732,261,0.49570181220743814,"[""V176"", ""V191"", ""V255"", ""V160"", ""V224"", ""V215"", ""V380""]","{""n_estimators"": 111, ""learning_rate"": 0.17478170357882908, ""num_leaves"": 71, ""min_child_samples"": 33, ""colsample_bytree"": 0.8458680312483885, ""reg_alpha"": 0.9027259222382807, ""reg_lambda"": 2.094549905106092}"
439,2026-06-05T16:28:52.548405+00:00,lgbm,ranking_rf,439,4800,4,995,0.733111216204966,705,290,0.5008148991191932,"[""V176"", ""V191"", ""V255"", ""V160""]","{""n_estimators"": 328, ""learning_rate"": 0.06330927750122772, ""num_leaves"": 41, ""min_child_samples"": 13, ""colsample_bytree"": 0.6069473221834203, ""reg_alpha"": 0.026093143389722906, ""reg_lambda"": 2.1069683668269588}"
440,2026-06-05T16:29:39.068688+00:00,lgbm,ranking_rf,440,4545,8,1000,0.8502666279517606,743,257,0.4928666891270016,"[""V176"", ""V191"", ""V255"", ""V160"", ""V224"", ""V215"", ""V380"", ""V342""]","{""n_estimators"": 184, ""learning_rate"": 0.12250253011486142, ""num_leaves"": 91, ""min_child_samples"": 14, ""colsample_bytree"": 0.6699931692638519, ""reg_alpha"": 0.3854152316520242, ""reg_lambda"": 1.0679800101345023}"
441,2026-06-05T16:29:59.769369+00:00,lgbm,ranking_rf,441,4720,7,999,0.820662274777751,741,258,0.5003505340754067,"[""V176"", ""V191"", ""V255"", ""V160"", ""V224"", ""V215"", ""V380""]","{""n_estimators"": 183, ""learning_rate"": 0.1747718742819659, ""num_leaves"": 38, ""min_child_samples"": 27, ""colsample_bytree"": 0.8080737490933116, ""reg_alpha"": 0.6290390819330093, ""reg_lambda"": 0.8057146335451479}"
442,2026-06-05T16:30:34.754325+00:00,lgbm,ranking_rf,442,4890,8,1000,0.7446279903331351,766,234,0.495060395005046,"[""V176"", ""V191"", ""V255"", ""V160"", ""V224"", ""V215"", ""V380"", ""V342""]","{""n_estimators"": 241, ""learning_rate"": 0.03514346703472954, ""num_leaves"": 51, ""min_child_samples"": 48, ""colsample_bytree"": 0.9658657190176116, ""reg_alpha"": 0.9545628116499089, ""reg_lambda"": 1.0673696375130801}"
443,2026-06-05T16:31:03.095545+00:00,lgbm,ranking_rf,443,4885,6,1000,0.7466088611143222,739,261,0.49981031885547655,"[""V176"", ""V191"", ""V255"", ""V160"", ""V224"", ""V215""]","{""n_estimators"": 296, ""learning_rate"": 0.06822465987112933, ""num_leaves"": 31, ""min_child_samples"": 12, ""colsample_bytree"": 0.7181841548861486, ""reg_alpha"": 0.8893444127092494, ""reg_lambda"": 1.0245507796934716}"
444,2026-06-05T16:31:31.564030+00:00,lgbm,ranking_rf,444,4620,7,992,0.7956506947498418,732,260,0.4979383738476852,"[""V176"", ""V191"", ""V255"", ""V160"", ""V224"", ""V215"", ""V380""]","{""n_estimators"": 253, ""learning_rate"": 0.1125901328698143, ""num_leaves"": 38, ""min_child_samples"": 41, ""colsample_bytree"": 0.7852124345407848, ""reg_alpha"": 0.5971550583304619, ""reg_lambda"": 1.016176829283131}"
445,2026-06-05T16:32:05.383501+00:00,lgbm,ranking_rf,445,4630,8,998,0.863775327806295,748,250,0.4943416976263502,"[""V176"", ""V191"", ""V255"", ""V160"", ""V224"", ""V215"", ""V380"", ""V342""]","{""n_estimators"": 212, ""learning_rate"": 0.15319424476131446, ""num_leaves"": 87, ""min_child_samples"": 49, ""colsample_bytree"": 0.9506038577822592, ""reg_alpha"": 0.20318733949715184, ""reg_lambda"": 2.026479918904612}"
446,2026-06-05T16:32:48.457985+00:00,lgbm,ranking_rf,446,4370,8,975,0.8665001655859176,723,252,0.4926262962597637,"[""V176"", ""V191"", ""V255"", ""V160"", ""V224"", ""V215"", ""V380"", ""V342""]","{""n_estimators"": 199, ""learning_rate"": 0.15493374094252943, ""num_leaves"": 92, ""min_child_samples"": 24, ""colsample_bytree"": 0.8452580747272849, ""reg_alpha"": 0.9629563560871472, ""reg_lambda"": 0.5312000194934783}"
447,2026-06-05T16:33:09.463764+00:00,lgbm,ranking_rf,447,4465,6,997,0.7600285742678656,710,287,0.4959996240168983,"[""V176"", ""V191"", ""V255"", ""V160"", ""V224"", ""V215""]","{""n_estimators"": 131, ""learning_rate"": 0.1463331207790285, ""num_leaves"": 97, ""min_child_samples"": 42, ""colsample_bytree"": 0.5244250811168565, ""reg_alpha"": 0.7455331649112513, ""reg_lambda"": 2.4876052136591804}"
448,2026-06-05T16:33:32.180318+00:00,lgbm,ranking_rf,448,4750,7,996,0.755524035151199,742,254,0.4962836179270871,"[""V176"", ""V191"", ""V255"", ""V160"", ""V224"", ""V215"", ""V380""]","{""n_estimators"": 112, ""learning_rate"": 0.09282871620416398, ""num_leaves"": 69, ""min_child_samples"": 12, ""colsample_bytree"": 0.7713120524929071, ""reg_alpha"": 0.2821638082626723, ""reg_lambda"": 2.2527455932631097}"
449,2026-06-05T16:34:35.876686+00:00,lgbm,ranking_rf,449,4375,9,1000,0.9232947504438596,745,255,0.4938243807465834,"[""V176"", ""V191"", ""V255"", ""V160"", ""V224"", ""V215"", ""V380"", ""V342"", ""V483""]","{""n_estimators"": 352, ""learning_rate"": 0.15201784628157003, ""num_leaves"": 98, ""min_child_samples"": 42, ""colsample_bytree"": 0.8795596998600337, ""reg_alpha"": 0.15241949667694743, ""reg_lambda"": 0.7592350471642111}"
450,2026-06-05T16:35:04.851941+00:00,lgbm,ranking_rf,450,4705,7,999,0.8197525663346593,740,259,0.4969753095755741,"[""V176"", ""V191"", ""V255"", ""V160"", ""V224"", ""V215"", ""V380""]","{""n_estimators"": 287, ""learning_rate"": 0.1722874337471625, ""num_leaves"": 34, ""min_child_samples"": 26, ""colsample_bytree"": 0.7297991920778104, ""reg_alpha"": 0.9724247152713804, ""reg_lambda"": 1.8522198284729305}"
451,2026-06-05T16:35:35.667041+00:00,lgbm,ranking_rf,451,4475,7,1000,0.8002411678985387,725,275,0.4942180309758378,"[""V176"", ""V191"", ""V255"", ""V160"", ""V224"", ""V215"", ""V380""]","{""n_estimators"": 163, ""learning_rate"": 0.13270148325589579, ""num_leaves"": 98, ""min_child_samples"": 33, ""colsample_bytree"": 0.6692876004251487, ""reg_alpha"": 0.744338022009773, ""reg_lambda"": 2.364626629583467}"
452,2026-06-05T16:35:55.954115+00:00,lgbm,ranking_rf,452,4750,6,1000,0.7469561722263296,730,270,0.4957099389594875,"[""V176"", ""V191"", ""V255"", ""V160"", ""V224"", ""V215""]","{""n_estimators"": 131, ""learning_rate"": 0.09050250343583352, ""num_leaves"": 89, ""min_child_samples"": 46, ""colsample_bytree"": 0.8118210891348226, ""reg_alpha"": 0.6616833465671077, ""reg_lambda"": 1.5071757629894893}"
453,2026-06-05T16:36:17.640073+00:00,lgbm,ranking_rf,453,4825,6,1000,0.691658261935717,735,265,0.4965361089325932,"[""V176"", ""V191"", ""V255"", ""V160"", ""V224"", ""V215""]","{""n_estimators"": 131, ""learning_rate"": 0.04853397812659506, ""num_leaves"": 68, ""min_child_samples"": 42, ""colsample_bytree"": 0.5387910283700423, ""reg_alpha"": 0.43617027409392917, ""reg_lambda"": 0.5644275091304503}"
454,2026-06-05T16:36:56.256626+00:00,lgbm,ranking_rf,454,4665,8,1000,0.821091321069128,751,249,0.49430659054187936,"[""V176"", ""V191"", ""V255"", ""V160"", ""V224"", ""V215"", ""V380"", ""V342""]","{""n_estimators"": 268, ""learning_rate"": 0.10546683835325943, ""num_leaves"": 52, ""min_child_samples"": 43, ""colsample_bytree"": 0.5860906523190653, ""reg_alpha"": 0.8246788917459484, ""reg_lambda"": 0.9616006149135579}"
455,2026-06-05T16:37:54.801825+00:00,lgbm,ranking_rf,455,4530,8,1000,0.8670422537264975,742,258,0.4957905190138108,"[""V176"", ""V191"", ""V255"", ""V160"", ""V224"", ""V215"", ""V380"", ""V342""]","{""n_estimators"": 287, ""learning_rate"": 0.11798375882128777, ""num_leaves"": 68, ""min_child_samples"": 17, ""colsample_bytree"": 0.9921864970006548, ""reg_alpha"": 0.7711076644999839, ""reg_lambda"": 1.899988179246285}"
456,2026-06-05T16:38:27.467938+00:00,lgbm,ranking_rf,456,4495,9,1000,0.8259230956050632,753,247,0.4976321302058063,"[""V176"", ""V191"", ""V255"", ""V160"", ""V224"", ""V215"", ""V380"", ""V342"", ""V483""]","{""n_estimators"": 377, ""learning_rate"": 0.12230558167074312, ""num_leaves"": 28, ""min_child_samples"": 37, ""colsample_bytree"": 0.559189565551887, ""reg_alpha"": 0.6241546271552595, ""reg_lambda"": 1.3800446085276177}"
457,2026-06-05T16:39:02.895326+00:00,lgbm,ranking_rf,457,4830,8,1000,0.7617537664298151,762,238,0.4952197579534237,"[""V176"", ""V191"", ""V255"", ""V160"", ""V224"", ""V215"", ""V380"", ""V342""]","{""n_estimators"": 201, ""learning_rate"": 0.05446001747795347, ""num_leaves"": 62, ""min_child_samples"": 38, ""colsample_bytree"": 0.6425819234014616, ""reg_alpha"": 0.15465476813997048, ""reg_lambda"": 1.1241052133694573}"
458,2026-06-05T16:39:50.738955+00:00,lgbm,ranking_rf,458,4655,8,999,0.8203500141069603,750,249,0.494405728076157,"[""V176"", ""V191"", ""V255"", ""V160"", ""V224"", ""V215"", ""V380"", ""V342""]","{""n_estimators"": 247, ""learning_rate"": 0.0784588899240261, ""num_leaves"": 72, ""min_child_samples"": 29, ""colsample_bytree"": 0.7742641735453938, ""reg_alpha"": 0.7372125864571619, ""reg_lambda"": 0.7031152927771638}"
459,2026-06-05T16:40:07.467760+00:00,lgbm,ranking_rf,459,4755,8,997,0.7995744578329795,756,241,0.500286031006926,"[""V176"", ""V191"", ""V255"", ""V160"", ""V224"", ""V215"", ""V380"", ""V342""]","{""n_estimators"": 140, ""learning_rate"": 0.17775364617247633, ""num_leaves"": 38, ""min_child_samples"": 11, ""colsample_bytree"": 0.6235983149622792, ""reg_alpha"": 0.7266046840532255, ""reg_lambda"": 1.3365802471085433}"
460,2026-06-05T16:41:11.134619+00:00,lgbm,ranking_rf,460,4650,8,1000,0.8027907720352222,750,250,0.4938393342507462,"[""V176"", ""V191"", ""V255"", ""V160"", ""V224"", ""V215"", ""V380"", ""V342""]","{""n_estimators"": 310, ""learning_rate"": 0.0690967431028279, ""num_leaves"": 77, ""min_child_samples"": 23, ""colsample_bytree"": 0.5761326635386816, ""reg_alpha"": 0.9847779686145407, ""reg_lambda"": 2.4602438400580344}"
461,2026-06-05T16:41:51.873169+00:00,lgbm,ranking_rf,461,4460,7,1000,0.8492702688284008,724,276,0.5002311301100607,"[""V176"", ""V191"", ""V255"", ""V160"", ""V224"", ""V215"", ""V380""]","{""n_estimators"": 302, ""learning_rate"": 0.1626711759908711, ""num_leaves"": 47, ""min_child_samples"": 14, ""colsample_bytree"": 0.5657228287532342, ""reg_alpha"": 0.49500617904169464, ""reg_lambda"": 1.7341625301154209}"
462,2026-06-05T16:42:54.202487+00:00,lgbm,ranking_rf,462,4455,8,1000,0.8929666205308021,737,263,0.49368876961020997,"[""V176"", ""V191"", ""V255"", ""V160"", ""V224"", ""V215"", ""V380"", ""V342""]","{""n_estimators"": 389, ""learning_rate"": 0.11630658941979231, ""num_leaves"": 77, ""min_child_samples"": 46, ""colsample_bytree"": 0.983579242377761, ""reg_alpha"": 0.28269441747400603, ""reg_lambda"": 1.5081905562380178}"
463,2026-06-05T16:43:44.710543+00:00,lgbm,ranking_rf,463,4400,7,1000,0.8958385809044134,720,280,0.4924483677702023,"[""V176"", ""V191"", ""V255"", ""V160"", ""V224"", ""V215"", ""V380""]","{""n_estimators"": 292, ""learning_rate"": 0.16662456789209573, ""num_leaves"": 68, ""min_child_samples"": 36, ""colsample_bytree"": 0.6287047514934465, ""reg_alpha"": 0.2766516300158347, ""reg_lambda"": 0.5173904326874508}"
464,2026-06-05T16:44:17.283515+00:00,lgbm,ranking_rf,464,4935,8,994,0.7408499829267845,767,227,0.4942981325927596,"[""V176"", ""V191"", ""V255"", ""V160"", ""V224"", ""V215"", ""V380"", ""V342""]","{""n_estimators"": 220, ""learning_rate"": 0.047915440543261606, ""num_leaves"": 77, ""min_child_samples"": 45, ""colsample_bytree"": 0.5903853343415254, ""reg_alpha"": 0.990540078301779, ""reg_lambda"": 2.071490556613772}"
465,2026-06-05T16:45:17.958627+00:00,lgbm,ranking_rf,465,4340,7,1000,0.8679519479562138,716,284,0.49863414872561734,"[""V176"", ""V191"", ""V255"", ""V160"", ""V224"", ""V215"", ""V380""]","{""n_estimators"": 319, ""learning_rate"": 0.15247889863042802, ""num_leaves"": 78, ""min_child_samples"": 27, ""colsample_bytree"": 0.8365325818991289, ""reg_alpha"": 0.863132984029797, ""reg_lambda"": 2.002855169976799}"
466,2026-06-05T16:45:50.876132+00:00,lgbm,ranking_rf,466,4600,6,1000,0.7995525837685685,720,280,0.5018512336552726,"[""V176"", ""V191"", ""V255"", ""V160"", ""V224"", ""V215""]","{""n_estimators"": 189, ""learning_rate"": 0.1396741996268678, ""num_leaves"": 59, ""min_child_samples"": 11, ""colsample_bytree"": 0.6335043387552867, ""reg_alpha"": 0.45348814924532854, ""reg_lambda"": 2.424751606512369}"
467,2026-06-05T16:46:34.365083+00:00,lgbm,ranking_rf,467,4380,8,1000,0.8860077899712825,732,268,0.4922818174862233,"[""V176"", ""V191"", ""V255"", ""V160"", ""V224"", ""V215"", ""V380"", ""V342""]","{""n_estimators"": 264, ""learning_rate"": 0.16750650243555432, ""num_leaves"": 84, ""min_child_samples"": 42, ""colsample_bytree"": 0.6881897899242322, ""reg_alpha"": 0.3305350235067329, ""reg_lambda"": 1.263640624305602}"
468,2026-06-05T16:47:14.070827+00:00,lgbm,ranking_rf,468,4765,6,1000,0.7403963707874449,731,269,0.4969144409097329,"[""V176"", ""V191"", ""V255"", ""V160"", ""V224"", ""V215""]","{""n_estimators"": 376, ""learning_rate"": 0.04358172428791547, ""num_leaves"": 36, ""min_child_samples"": 37, ""colsample_bytree"": 0.666792583611765, ""reg_alpha"": 0.6026084052699491, ""reg_lambda"": 0.557033723205032}"
469,2026-06-05T16:47:50.101632+00:00,lgbm,ranking_rf,469,4590,4,998,0.7481845700472403,692,306,0.49980569877261943,"[""V176"", ""V191"", ""V255"", ""V160""]","{""n_estimators"": 280, ""learning_rate"": 0.11162315653432898, ""num_leaves"": 43, ""min_child_samples"": 11, ""colsample_bytree"": 0.6201908984767033, ""reg_alpha"": 0.7503125862899603, ""reg_lambda"": 2.4236206276945804}"
470,2026-06-05T16:48:49.355427+00:00,lgbm,ranking_rf,470,4800,5,1000,0.7406194445267781,720,280,0.5011454348831705,"[""V176"", ""V191"", ""V255"", ""V160"", ""V224""]","{""n_estimators"": 395, ""learning_rate"": 0.042800023997894523, ""num_leaves"": 52, ""min_child_samples"": 10, ""colsample_bytree"": 0.553055484965784, ""reg_alpha"": 0.2263231257605528, ""reg_lambda"": 1.8484746286110594}"
471,2026-06-05T16:49:38.085254+00:00,lgbm,ranking_rf,471,4500,9,999,0.8621169124952954,753,246,0.4936020274222982,"[""V176"", ""V191"", ""V255"", ""V160"", ""V224"", ""V215"", ""V380"", ""V342"", ""V483""]","{""n_estimators"": 293, ""learning_rate"": 0.12297400307808014, ""num_leaves"": 58, ""min_child_samples"": 25, ""colsample_bytree"": 0.768598310996039, ""reg_alpha"": 0.49577500512715544, ""reg_lambda"": 1.8928857524529463}"
472,2026-06-05T16:50:12.094223+00:00,lgbm,ranking_rf,472,4720,8,998,0.8020185119522727,754,244,0.49217489056711394,"[""V176"", ""V191"", ""V255"", ""V160"", ""V224"", ""V215"", ""V380"", ""V342""]","{""n_estimators"": 182, ""learning_rate"": 0.079268889251592, ""num_leaves"": 97, ""min_child_samples"": 40, ""colsample_bytree"": 0.9955481775544603, ""reg_alpha"": 0.5958927346763121, ""reg_lambda"": 0.5429688301677675}"
473,2026-06-05T16:50:36.042609+00:00,lgbm,ranking_rf,473,4590,8,1000,0.8147544940430959,746,254,0.49503847772099435,"[""V176"", ""V191"", ""V255"", ""V160"", ""V224"", ""V215"", ""V380"", ""V342""]","{""n_estimators"": 160, ""learning_rate"": 0.13431076081159057, ""num_leaves"": 55, ""min_child_samples"": 47, ""colsample_bytree"": 0.7156808287686934, ""reg_alpha"": 0.43698777325144333, ""reg_lambda"": 1.3797180546492425}"
474,2026-06-05T16:51:33.931022+00:00,lgbm,ranking_rf,474,4705,6,1000,0.7474228216544974,727,273,0.49339286615764794,"[""V176"", ""V191"", ""V255"", ""V160"", ""V224"", ""V215""]","{""n_estimators"": 330, ""learning_rate"": 0.03966344650037538, ""num_leaves"": 70, ""min_child_samples"": 42, ""colsample_bytree"": 0.6860951999073149, ""reg_alpha"": 0.1669543203655075, ""reg_lambda"": 2.143920218331501}"
475,2026-06-05T16:51:52.764043+00:00,lgbm,ranking_rf,475,4855,8,998,0.742766727024159,763,235,0.4973891307634607,"[""V176"", ""V191"", ""V255"", ""V160"", ""V224"", ""V215"", ""V380"", ""V342""]","{""n_estimators"": 100, ""learning_rate"": 0.08311606428038956, ""num_leaves"": 67, ""min_child_samples"": 18, ""colsample_bytree"": 0.5095909049301678, ""reg_alpha"": 0.10980605609758076, ""reg_lambda"": 1.1390367567469877}"
476,2026-06-05T16:52:51.743166+00:00,lgbm,ranking_rf,476,4775,7,994,0.7517072965964017,743,251,0.4935827201936558,"[""V176"", ""V191"", ""V255"", ""V160"", ""V224"", ""V215"", ""V380""]","{""n_estimators"": 357, ""learning_rate"": 0.034765252583617665, ""num_leaves"": 88, ""min_child_samples"": 44, ""colsample_bytree"": 0.6714281897410961, ""reg_alpha"": 0.4238990834717824, ""reg_lambda"": 2.4510920108460486}"
477,2026-06-05T16:54:13.940315+00:00,lgbm,ranking_rf,477,4465,9,1000,0.947258175142893,751,249,0.49133308726816594,"[""V176"", ""V191"", ""V255"", ""V160"", ""V224"", ""V215"", ""V380"", ""V342"", ""V483""]","{""n_estimators"": 379, ""learning_rate"": 0.16793614508162266, ""num_leaves"": 97, ""min_child_samples"": 30, ""colsample_bytree"": 0.8875987067113362, ""reg_alpha"": 0.003956348007303712, ""reg_lambda"": 1.2164683324640746}"
478,2026-06-05T16:55:10.158438+00:00,lgbm,ranking_rf,478,4365,7,992,0.8599439864585405,715,277,0.49689743392740876,"[""V176"", ""V191"", ""V255"", ""V160"", ""V224"", ""V215"", ""V380""]","{""n_estimators"": 390, ""learning_rate"": 0.1194589322023339, ""num_leaves"": 88, ""min_child_samples"": 49, ""colsample_bytree"": 0.7307475591475161, ""reg_alpha"": 0.6585048803577707, ""reg_lambda"": 0.8185006951989566}"
479,2026-06-05T16:55:57.912649+00:00,lgbm,ranking_rf,479,4945,6,1000,0.7504217436850686,743,257,0.4997457712324567,"[""V176"", ""V191"", ""V255"", ""V160"", ""V224"", ""V215""]","{""n_estimators"": 262, ""learning_rate"": 0.0533324052871669, ""num_leaves"": 58, ""min_child_samples"": 10, ""colsample_bytree"": 0.5853456910741177, ""reg_alpha"": 0.808629246284873, ""reg_lambda"": 1.6013304241836175}"
480,2026-06-05T16:56:38.767009+00:00,lgbm,ranking_rf,480,4500,7,998,0.8607616772737415,726,272,0.4981683020725696,"[""V176"", ""V191"", ""V255"", ""V160"", ""V224"", ""V215"", ""V380""]","{""n_estimators"": 328, ""learning_rate"": 0.15670127058577102, ""num_leaves"": 43, ""min_child_samples"": 19, ""colsample_bytree"": 0.6402462880952592, ""reg_alpha"": 0.49538987875207297, ""reg_lambda"": 0.7195482635249095}"
481,2026-06-05T16:56:58.672490+00:00,lgbm,ranking_rf,481,4665,5,1000,0.7608622045722456,711,289,0.499116291666317,"[""V176"", ""V191"", ""V255"", ""V160"", ""V224""]","{""n_estimators"": 228, ""learning_rate"": 0.1404172179199184, ""num_leaves"": 29, ""min_child_samples"": 38, ""colsample_bytree"": 0.5494988240348032, ""reg_alpha"": 0.5808451286327305, ""reg_lambda"": 0.9943077973098562}"
482,2026-06-05T16:57:45.823576+00:00,lgbm,ranking_rf,482,4440,8,1000,0.8719798370273858,736,264,0.4946172053591461,"[""V176"", ""V191"", ""V255"", ""V160"", ""V224"", ""V215"", ""V380"", ""V342""]","{""n_estimators"": 306, ""learning_rate"": 0.1395157494001012, ""num_leaves"": 58, ""min_child_samples"": 33, ""colsample_bytree"": 0.5914895134290747, ""reg_alpha"": 0.6356417278525441, ""reg_lambda"": 1.0605283242739951}"
483,2026-06-05T16:58:22.853469+00:00,lgbm,ranking_rf,483,4405,6,1000,0.8300561844404266,707,293,0.4952719485843422,"[""V176"", ""V191"", ""V255"", ""V160"", ""V224"", ""V215""]","{""n_estimators"": 236, ""learning_rate"": 0.13275228800974886, ""num_leaves"": 58, ""min_child_samples"": 43, ""colsample_bytree"": 0.7401352738760612, ""reg_alpha"": 0.2576512911234171, ""reg_lambda"": 1.2080176494669546}"
484,2026-06-05T16:58:35.730421+00:00,lgbm,ranking_rf,484,4855,6,1000,0.7465627428760541,737,263,0.4991680262033427,"[""V176"", ""V191"", ""V255"", ""V160"", ""V224"", ""V215""]","{""n_estimators"": 148, ""learning_rate"": 0.14760484906310167, ""num_leaves"": 29, ""min_child_samples"": 24, ""colsample_bytree"": 0.6913421981757432, ""reg_alpha"": 0.06392264540969572, ""reg_lambda"": 2.341826699132067}"
485,2026-06-05T16:59:08.927080+00:00,lgbm,ranking_rf,485,4670,8,999,0.807879813757664,751,248,0.498083571929759,"[""V176"", ""V191"", ""V255"", ""V160"", ""V224"", ""V215"", ""V380"", ""V342""]","{""n_estimators"": 259, ""learning_rate"": 0.09972224720699617, ""num_leaves"": 39, ""min_child_samples"": 48, ""colsample_bytree"": 0.9448580297766724, ""reg_alpha"": 0.8771399460992197, ""reg_lambda"": 1.3738212345445815}"
486,2026-06-05T16:59:54.449994+00:00,lgbm,ranking_rf,486,4470,8,1000,0.8291366711274067,738,262,0.4934802726908238,"[""V176"", ""V191"", ""V255"", ""V160"", ""V224"", ""V215"", ""V380"", ""V342""]","{""n_estimators"": 274, ""learning_rate"": 0.09154008794013979, ""num_leaves"": 60, ""min_child_samples"": 40, ""colsample_bytree"": 0.8015063728445462, ""reg_alpha"": 0.7537671124493825, ""reg_lambda"": 0.5391070235891882}"
487,2026-06-05T17:00:13.255781+00:00,lgbm,ranking_rf,487,5225,6,998,0.6998351429996509,761,237,0.4961611724061453,"[""V176"", ""V191"", ""V255"", ""V160"", ""V224"", ""V215""]","{""n_estimators"": 216, ""learning_rate"": 0.030947926214827243, ""num_leaves"": 27, ""min_child_samples"": 43, ""colsample_bytree"": 0.8161169631542626, ""reg_alpha"": 0.045647103386662335, ""reg_lambda"": 1.9461603885179783}"
488,2026-06-05T17:01:04.054229+00:00,lgbm,ranking_rf,488,4395,8,1000,0.8854229021476748,733,267,0.49429054695756514,"[""V176"", ""V191"", ""V255"", ""V160"", ""V224"", ""V215"", ""V380"", ""V342""]","{""n_estimators"": 349, ""learning_rate"": 0.1515682405024012, ""num_leaves"": 59, ""min_child_samples"": 48, ""colsample_bytree"": 0.799802343147764, ""reg_alpha"": 0.548277761900783, ""reg_lambda"": 1.354463363424134}"
489,2026-06-05T17:02:03.728497+00:00,lgbm,ranking_rf,489,4535,8,999,0.8513086898461226,742,257,0.492003499029874,"[""V176"", ""V191"", ""V255"", ""V160"", ""V224"", ""V215"", ""V380"", ""V342""]","{""n_estimators"": 235, ""learning_rate"": 0.10682025715999506, ""num_leaves"": 97, ""min_child_samples"": 17, ""colsample_bytree"": 0.7113380679593173, ""reg_alpha"": 0.5326891109331847, ""reg_lambda"": 2.0426489978615017}"
490,2026-06-05T17:02:42.324188+00:00,lgbm,ranking_rf,490,4385,7,1000,0.8202851953655556,719,281,0.49465763393958895,"[""V176"", ""V191"", ""V255"", ""V160"", ""V224"", ""V215"", ""V380""]","{""n_estimators"": 265, ""learning_rate"": 0.1290544928511407, ""num_leaves"": 90, ""min_child_samples"": 49, ""colsample_bytree"": 0.5446949907975354, ""reg_alpha"": 0.47742875734248624, ""reg_lambda"": 2.0849018196088256}"
491,2026-06-05T17:03:29.677138+00:00,lgbm,ranking_rf,491,4665,8,1000,0.8026998308461849,751,249,0.49569324044224666,"[""V176"", ""V191"", ""V255"", ""V160"", ""V224"", ""V215"", ""V380"", ""V342""]","{""n_estimators"": 254, ""learning_rate"": 0.06734797032301398, ""num_leaves"": 68, ""min_child_samples"": 24, ""colsample_bytree"": 0.824666416315296, ""reg_alpha"": 0.7217345587368704, ""reg_lambda"": 2.2271293096839173}"
492,2026-06-05T17:04:16.893117+00:00,lgbm,ranking_rf,492,4475,7,994,0.9010901574003316,723,271,0.4969673850344725,"[""V176"", ""V191"", ""V255"", ""V160"", ""V224"", ""V215"", ""V380""]","{""n_estimators"": 278, ""learning_rate"": 0.16615900361036054, ""num_leaves"": 72, ""min_child_samples"": 40, ""colsample_bytree"": 0.9786729431551674, ""reg_alpha"": 0.46372366398056475, ""reg_lambda"": 0.6478818826662358}"
493,2026-06-05T17:04:39.389116+00:00,lgbm,ranking_rf,493,4785,8,1000,0.7765319401076777,759,241,0.49472956186046985,"[""V176"", ""V191"", ""V255"", ""V160"", ""V224"", ""V215"", ""V380"", ""V342""]","{""n_estimators"": 112, ""learning_rate"": 0.08943866779742035, ""num_leaves"": 72, ""min_child_samples"": 31, ""colsample_bytree"": 0.9379129025346011, ""reg_alpha"": 0.8032139438312775, ""reg_lambda"": 0.9362378821369575}"
494,2026-06-05T17:04:58.017785+00:00,lgbm,ranking_rf,494,4575,6,999,0.7776532965099091,718,281,0.4995726644681984,"[""V176"", ""V191"", ""V255"", ""V160"", ""V224"", ""V215""]","{""n_estimators"": 134, ""learning_rate"": 0.1730348526561939, ""num_leaves"": 45, ""min_child_samples"": 27, ""colsample_bytree"": 0.6818606422187661, ""reg_alpha"": 0.9372152897557885, ""reg_lambda"": 1.9204955590391337}"
495,2026-06-05T17:05:53.608608+00:00,lgbm,ranking_rf,495,4845,8,1000,0.7960616704553198,763,237,0.49319065576601845,"[""V176"", ""V191"", ""V255"", ""V160"", ""V224"", ""V215"", ""V380"", ""V342""]","{""n_estimators"": 368, ""learning_rate"": 0.05958734709167342, ""num_leaves"": 99, ""min_child_samples"": 49, ""colsample_bytree"": 0.7584270209309647, ""reg_alpha"": 0.6302915407442445, ""reg_lambda"": 2.365965698753577}"
496,2026-06-05T17:06:15.953957+00:00,lgbm,ranking_rf,496,5050,6,1000,0.72330022466922,750,250,0.49699638377710254,"[""V176"", ""V191"", ""V255"", ""V160"", ""V224"", ""V215""]","{""n_estimators"": 253, ""learning_rate"": 0.047996651286071695, ""num_leaves"": 29, ""min_child_samples"": 44, ""colsample_bytree"": 0.7755828182952119, ""reg_alpha"": 0.654334758462003, ""reg_lambda"": 2.4221664781473558}"
497,2026-06-05T17:06:35.011212+00:00,lgbm,ranking_rf,497,5035,6,1000,0.7224449394059226,749,251,0.49754538329235254,"[""V176"", ""V191"", ""V255"", ""V160"", ""V224"", ""V215""]","{""n_estimators"": 285, ""learning_rate"": 0.059695944620113954, ""num_leaves"": 21, ""min_child_samples"": 30, ""colsample_bytree"": 0.8132753496000507, ""reg_alpha"": 0.8085253274158006, ""reg_lambda"": 1.5523831060091124}"
498,2026-06-05T17:06:51.560581+00:00,lgbm,ranking_rf,498,5055,6,999,0.7136051303538935,750,249,0.4980091830010869,"[""V176"", ""V191"", ""V255"", ""V160"", ""V224"", ""V215""]","{""n_estimators"": 208, ""learning_rate"": 0.05661569164146983, ""num_leaves"": 25, ""min_child_samples"": 19, ""colsample_bytree"": 0.7510522898485619, ""reg_alpha"": 0.9310390686750274, ""reg_lambda"": 1.40033879710809}"
499,2026-06-05T17:07:41.685597+00:00,lgbm,ranking_rf,499,4650,8,997,0.9010444988834351,749,248,0.49252112034242435,"[""V176"", ""V191"", ""V255"", ""V160"", ""V224"", ""V215"", ""V380"", ""V342""]","{""n_estimators"": 205, ""learning_rate"": 0.1432506777535143, ""num_leaves"": 89, ""min_child_samples"": 15, ""colsample_bytree"": 0.8770431528640381, ""reg_alpha"": 0.03485083986566884, ""reg_lambda"": 1.414927079445537}"
500,2026-06-05T17:08:25.946810+00:00,lgbm,ranking_rf,500,4530,8,997,0.8199763476175456,741,256,0.4920859101057508,"[""V176"", ""V191"", ""V255"", ""V160"", ""V224"", ""V215"", ""V380"", ""V342""]","{""n_estimators"": 251, ""learning_rate"": 0.08884434727451698, ""num_leaves"": 82, ""min_child_samples"": 38, ""colsample_bytree"": 0.7895068809923167, ""reg_alpha"": 0.676903882194746, ""reg_lambda"": 1.422835797628303}"
501,2026-06-05T17:09:18.332755+00:00,lgbm,ranking_rf,501,4535,7,994,0.8595503676454662,727,267,0.49602322477961336,"[""V176"", ""V191"", ""V255"", ""V160"", ""V224"", ""V215"", ""V380""]","{""n_estimators"": 373, ""learning_rate"": 0.1299917395919788, ""num_leaves"": 51, ""min_child_samples"": 18, ""colsample_bytree"": 0.5425553114589721, ""reg_alpha"": 0.3924190566729434, ""reg_lambda"": 1.4941550547702227}"
502,2026-06-05T17:09:47.426806+00:00,lgbm,ranking_rf,502,4960,6,997,0.7041026836449965,743,254,0.49624376846236035,"[""V176"", ""V191"", ""V255"", ""V160"", ""V224"", ""V215""]","{""n_estimators"": 187, ""learning_rate"": 0.03652658847669513, ""num_leaves"": 99, ""min_child_samples"": 42, ""colsample_bytree"": 0.626759298207374, ""reg_alpha"": 0.5585689154180724, ""reg_lambda"": 2.1743602552399803}"
503,2026-06-05T17:10:32.455367+00:00,lgbm,ranking_rf,503,4370,8,999,0.8352021197931527,731,268,0.4901824309791435,"[""V176"", ""V191"", ""V255"", ""V160"", ""V224"", ""V215"", ""V380"", ""V342""]","{""n_estimators"": 220, ""learning_rate"": 0.10565604828229494, ""num_leaves"": 97, ""min_child_samples"": 31, ""colsample_bytree"": 0.5339943053178768, ""reg_alpha"": 0.2444152683200569, ""reg_lambda"": 0.6327718743676392}"
504,2026-06-05T17:11:05.508962+00:00,lgbm,ranking_rf,504,4710,8,1000,0.7725325617299483,754,246,0.4925602383894449,"[""V176"", ""V191"", ""V255"", ""V160"", ""V224"", ""V215"", ""V380"", ""V342""]","{""n_estimators"": 161, ""learning_rate"": 0.06213161170148669, ""num_leaves"": 99, ""min_child_samples"": 33, ""colsample_bytree"": 0.8847590118233197, ""reg_alpha"": 0.3990026835987234, ""reg_lambda"": 1.7726682978917392}"
505,2026-06-05T17:11:38.574723+00:00,lgbm,ranking_rf,505,4470,6,999,0.8345597011304103,711,288,0.4986916223428415,"[""V176"", ""V191"", ""V255"", ""V160"", ""V224"", ""V215""]","{""n_estimators"": 269, ""learning_rate"": 0.1719422040188715, ""num_leaves"": 42, ""min_child_samples"": 30, ""colsample_bytree"": 0.7710506765998479, ""reg_alpha"": 0.7949740126423059, ""reg_lambda"": 1.6641245294087668}"
506,2026-06-05T17:12:15.891107+00:00,lgbm,ranking_rf,506,4900,6,1000,0.7406904453556005,740,260,0.49764066152615216,"[""V176"", ""V191"", ""V255"", ""V160"", ""V224"", ""V215""]","{""n_estimators"": 249, ""learning_rate"": 0.039516986336285455, ""num_leaves"": 50, ""min_child_samples"": 17, ""colsample_bytree"": 0.9764760067259302, ""reg_alpha"": 0.2619285062762228, ""reg_lambda"": 0.6336834592009899}"
507,2026-06-05T17:12:33.765247+00:00,lgbm,ranking_rf,507,4820,6,998,0.7276153455373358,734,264,0.49918778163754635,"[""V176"", ""V191"", ""V255"", ""V160"", ""V224"", ""V215""]","{""n_estimators"": 152, ""learning_rate"": 0.09080232561338647, ""num_leaves"": 40, ""min_child_samples"": 25, ""colsample_bytree"": 0.5311376330070328, ""reg_alpha"": 0.7041749106552545, ""reg_lambda"": 1.402846419656505}"
508,2026-06-05T17:12:52.138449+00:00,lgbm,ranking_rf,508,5110,8,998,0.7376657471317256,780,218,0.49933839597311996,"[""V176"", ""V191"", ""V255"", ""V160"", ""V224"", ""V215"", ""V380"", ""V342""]","{""n_estimators"": 212, ""learning_rate"": 0.04944088226801577, ""num_leaves"": 28, ""min_child_samples"": 25, ""colsample_bytree"": 0.7298419211807177, ""reg_alpha"": 0.37607846222862973, ""reg_lambda"": 1.0407722191988182}"
509,2026-06-05T17:13:35.875168+00:00,lgbm,ranking_rf,509,4675,7,999,0.7965615065302034,738,261,0.4985808859236353,"[""V176"", ""V191"", ""V255"", ""V160"", ""V224"", ""V215"", ""V380""]","{""n_estimators"": 265, ""learning_rate"": 0.09022165740558771, ""num_leaves"": 55, ""min_child_samples"": 18, ""colsample_bytree"": 0.7140923622972131, ""reg_alpha"": 0.8082121950065434, ""reg_lambda"": 2.039849391939633}"
510,2026-06-05T17:14:04.434842+00:00,lgbm,ranking_rf,510,4915,8,995,0.7761570919908722,766,229,0.49489079215160237,"[""V176"", ""V191"", ""V255"", ""V160"", ""V224"", ""V215"", ""V380"", ""V342""]","{""n_estimators"": 180, ""learning_rate"": 0.06763174195110339, ""num_leaves"": 90, ""min_child_samples"": 46, ""colsample_bytree"": 0.89722750189533, ""reg_alpha"": 0.29909009244845775, ""reg_lambda"": 2.0149152894611433}"
511,2026-06-05T17:14:47.625895+00:00,lgbm,ranking_rf,511,4525,8,995,0.8976698234343661,740,255,0.4947412010705273,"[""V176"", ""V191"", ""V255"", ""V160"", ""V224"", ""V215"", ""V380"", ""V342""]","{""n_estimators"": 235, ""learning_rate"": 0.17212637658408877, ""num_leaves"": 69, ""min_child_samples"": 23, ""colsample_bytree"": 0.9765048854942586, ""reg_alpha"": 0.4722738390385597, ""reg_lambda"": 1.0986258333911132}"
512,2026-06-05T17:15:26.396391+00:00,lgbm,ranking_rf,512,4660,6,1000,0.8399441622258016,724,276,0.49903059664909344,"[""V176"", ""V191"", ""V255"", ""V160"", ""V224"", ""V215""]","{""n_estimators"": 217, ""learning_rate"": 0.11952500985155799, ""num_leaves"": 64, ""min_child_samples"": 13, ""colsample_bytree"": 0.8766948718233876, ""reg_alpha"": 0.12712561014279566, ""reg_lambda"": 0.8155416654768846}"
513,2026-06-05T17:15:50.572508+00:00,lgbm,ranking_rf,513,4840,6,1000,0.7526792322776164,736,264,0.5011287549383097,"[""V176"", ""V191"", ""V255"", ""V160"", ""V224"", ""V215""]","{""n_estimators"": 365, ""learning_rate"": 0.0881777565554554, ""num_leaves"": 23, ""min_child_samples"": 20, ""colsample_bytree"": 0.5423893018035112, ""reg_alpha"": 0.3276127478654419, ""reg_lambda"": 1.4398935187752722}"
514,2026-06-05T17:16:27.819238+00:00,lgbm,ranking_rf,514,4395,9,999,0.8201566631356256,746,253,0.49331483077144855,"[""V176"", ""V191"", ""V255"", ""V160"", ""V224"", ""V215"", ""V380"", ""V342"", ""V483""]","{""n_estimators"": 248, ""learning_rate"": 0.1046834803830639, ""num_leaves"": 87, ""min_child_samples"": 46, ""colsample_bytree"": 0.551446483333867, ""reg_alpha"": 0.647085675033362, ""reg_lambda"": 0.7854843164329481}"
515,2026-06-05T17:16:50.856068+00:00,lgbm,ranking_rf,515,4690,6,1000,0.78924741464643,726,274,0.5040700531075683,"[""V176"", ""V191"", ""V255"", ""V160"", ""V224"", ""V215""]","{""n_estimators"": 214, ""learning_rate"": 0.16394430366798324, ""num_leaves"": 38, ""min_child_samples"": 12, ""colsample_bytree"": 0.5228933682800732, ""reg_alpha"": 0.13413645125647133, ""reg_lambda"": 2.134383840722187}"
516,2026-06-05T17:17:10.920109+00:00,lgbm,ranking_rf,516,4645,7,999,0.7915503931557722,736,263,0.4998021403955824,"[""V176"", ""V191"", ""V255"", ""V160"", ""V224"", ""V215"", ""V380""]","{""n_estimators"": 301, ""learning_rate"": 0.145380885309429, ""num_leaves"": 22, ""min_child_samples"": 32, ""colsample_bytree"": 0.8710695534725676, ""reg_alpha"": 0.9067952666968713, ""reg_lambda"": 0.5993830473510504}"
517,2026-06-05T17:18:32.269185+00:00,lgbm,ranking_rf,517,4695,8,1000,0.8399971453975543,753,247,0.4942156608082601,"[""V176"", ""V191"", ""V255"", ""V160"", ""V224"", ""V215"", ""V380"", ""V342""]","{""n_estimators"": 355, ""learning_rate"": 0.07841476981536566, ""num_leaves"": 79, ""min_child_samples"": 12, ""colsample_bytree"": 0.783393932237668, ""reg_alpha"": 0.7927782545875722, ""reg_lambda"": 2.1752138602858}"
518,2026-06-05T17:18:50.090756+00:00,lgbm,ranking_rf,518,4740,8,1000,0.8082882261701513,756,244,0.49862486171470516,"[""V176"", ""V191"", ""V255"", ""V160"", ""V224"", ""V215"", ""V380"", ""V342""]","{""n_estimators"": 133, ""learning_rate"": 0.16574933411676798, ""num_leaves"": 46, ""min_child_samples"": 26, ""colsample_bytree"": 0.6214700816457801, ""reg_alpha"": 0.383116874446516, ""reg_lambda"": 1.0820827571764977}"
519,2026-06-05T17:19:10.306730+00:00,lgbm,ranking_rf,519,5080,6,1000,0.7135455821868756,752,248,0.4960086395135795,"[""V176"", ""V191"", ""V255"", ""V160"", ""V224"", ""V215""]","{""n_estimators"": 205, ""learning_rate"": 0.042969113435825365, ""num_leaves"": 31, ""min_child_samples"": 33, ""colsample_bytree"": 0.9579115206151032, ""reg_alpha"": 0.3870059671860753, ""reg_lambda"": 2.380858199035433}"
520,2026-06-05T17:19:20.578818+00:00,lgbm,ranking_rf,520,5035,6,1000,0.705950626241712,749,251,0.4974266600654868,"[""V176"", ""V191"", ""V255"", ""V160"", ""V224"", ""V215""]","{""n_estimators"": 124, ""learning_rate"": 0.07647368639653412, ""num_leaves"": 24, ""min_child_samples"": 29, ""colsample_bytree"": 0.7866742051001159, ""reg_alpha"": 0.423086818890556, ""reg_lambda"": 2.1628572075316574}"
521,2026-06-05T17:19:47.936837+00:00,lgbm,ranking_rf,521,4630,7,999,0.7954595612801063,735,264,0.5012048966851871,"[""V176"", ""V191"", ""V255"", ""V160"", ""V224"", ""V215"", ""V380""]","{""n_estimators"": 272, ""learning_rate"": 0.11721784115693804, ""num_leaves"": 35, ""min_child_samples"": 29, ""colsample_bytree"": 0.7836416164611382, ""reg_alpha"": 0.580725381615036, ""reg_lambda"": 2.235541344577262}"
522,2026-06-05T17:20:08.299516+00:00,lgbm,ranking_rf,522,4725,8,1000,0.8096909012335033,755,245,0.4970664843495695,"[""V176"", ""V191"", ""V255"", ""V160"", ""V224"", ""V215"", ""V380"", ""V342""]","{""n_estimators"": 118, ""learning_rate"": 0.12215356883045121, ""num_leaves"": 62, ""min_child_samples"": 26, ""colsample_bytree"": 0.9567314625563379, ""reg_alpha"": 0.4419133606584341, ""reg_lambda"": 1.299250789308084}"
523,2026-06-05T17:20:57.468107+00:00,lgbm,ranking_rf,523,4430,7,1000,0.8749329800204761,722,278,0.4971566233051698,"[""V176"", ""V191"", ""V255"", ""V160"", ""V224"", ""V215"", ""V380""]","{""n_estimators"": 388, ""learning_rate"": 0.15643019152464036, ""num_leaves"": 46, ""min_child_samples"": 38, ""colsample_bytree"": 0.6904771131573906, ""reg_alpha"": 0.523328018317214, ""reg_lambda"": 1.9131254151867687}"
524,2026-06-05T17:21:48.344593+00:00,lgbm,ranking_rf,524,4365,8,1000,0.8612275993334618,731,269,0.49437984732717577,"[""V176"", ""V191"", ""V255"", ""V160"", ""V224"", ""V215"", ""V380"", ""V342""]","{""n_estimators"": 318, ""learning_rate"": 0.11594275682921991, ""num_leaves"": 85, ""min_child_samples"": 44, ""colsample_bytree"": 0.9452827394630885, ""reg_alpha"": 0.5107430371019763, ""reg_lambda"": 2.41488243253743}"
525,2026-06-05T17:22:13.196780+00:00,lgbm,ranking_rf,525,4775,4,994,0.7354472121453702,703,291,0.49922791603587047,"[""V176"", ""V191"", ""V255"", ""V160""]","{""n_estimators"": 120, ""learning_rate"": 0.08063033422443014, ""num_leaves"": 73, ""min_child_samples"": 11, ""colsample_bytree"": 0.8144282868539923, ""reg_alpha"": 0.3007727381586104, ""reg_lambda"": 0.5560532576087471}"
526,2026-06-05T17:22:31.824861+00:00,lgbm,ranking_rf,526,4670,7,1000,0.7819499575324673,738,262,0.49803964519006794,"[""V176"", ""V191"", ""V255"", ""V160"", ""V224"", ""V215"", ""V380""]","{""n_estimators"": 110, ""learning_rate"": 0.17217320275990886, ""num_leaves"": 56, ""min_child_samples"": 11, ""colsample_bytree"": 0.6755123150752863, ""reg_alpha"": 0.9659931025414854, ""reg_lambda"": 1.9183171620343829}"
527,2026-06-05T17:23:15.087768+00:00,lgbm,ranking_rf,527,4725,5,1000,0.7973001127054448,715,285,0.5018193594026776,"[""V176"", ""V191"", ""V255"", ""V160"", ""V224""]","{""n_estimators"": 266, ""learning_rate"": 0.0899046504330563, ""num_leaves"": 57, ""min_child_samples"": 13, ""colsample_bytree"": 0.773738952791913, ""reg_alpha"": 0.07099919441344027, ""reg_lambda"": 1.1919033275615922}"
528,2026-06-05T17:24:09.678373+00:00,lgbm,ranking_rf,528,4580,7,988,0.815077694796881,728,260,0.49644936240218285,"[""V176"", ""V191"", ""V255"", ""V160"", ""V224"", ""V215"", ""V380""]","{""n_estimators"": 365, ""learning_rate"": 0.060334122921935844, ""num_leaves"": 54, ""min_child_samples"": 40, ""colsample_bytree"": 0.8460855659030322, ""reg_alpha"": 0.004465755762115831, ""reg_lambda"": 1.3860112387359098}"
529,2026-06-05T17:25:15.769311+00:00,lgbm,ranking_rf,529,4375,9,994,0.9163623943679915,743,251,0.4919058290149849,"[""V176"", ""V191"", ""V255"", ""V160"", ""V224"", ""V215"", ""V380"", ""V342"", ""V483""]","{""n_estimators"": 368, ""learning_rate"": 0.15408273655765334, ""num_leaves"": 68, ""min_child_samples"": 33, ""colsample_bytree"": 0.6335466030195516, ""reg_alpha"": 0.12355932344787035, ""reg_lambda"": 1.9546075847994475}"
530,2026-06-05T17:25:26.151343+00:00,lgbm,ranking_rf,530,4890,8,997,0.7637118953400053,765,232,0.5002627744765052,"[""V176"", ""V191"", ""V255"", ""V160"", ""V224"", ""V215"", ""V380"", ""V342""]","{""n_estimators"": 120, ""learning_rate"": 0.14634942026692402, ""num_leaves"": 26, ""min_child_samples"": 47, ""colsample_bytree"": 0.970047459424746, ""reg_alpha"": 0.6590776506895256, ""reg_lambda"": 2.2295121678260656}"
531,2026-06-05T17:26:22.077648+00:00,lgbm,ranking_rf,531,4555,8,995,0.8485561227078964,742,253,0.49518196951371063,"[""V176"", ""V191"", ""V255"", ""V160"", ""V224"", ""V215"", ""V380"", ""V342""]","{""n_estimators"": 298, ""learning_rate"": 0.09617022319549937, ""num_leaves"": 66, ""min_child_samples"": 21, ""colsample_bytree"": 0.5741633867201169, ""reg_alpha"": 0.4535732233505655, ""reg_lambda"": 1.4030881210419028}"
532,2026-06-05T17:27:24.902097+00:00,lgbm,ranking_rf,532,4610,8,999,0.857599205282457,747,252,0.4931070369038942,"[""V176"", ""V191"", ""V255"", ""V160"", ""V224"", ""V215"", ""V380"", ""V342""]","{""n_estimators"": 388, ""learning_rate"": 0.07717029037506777, ""num_leaves"": 67, ""min_child_samples"": 48, ""colsample_bytree"": 0.9898157156466906, ""reg_alpha"": 0.19213574193788152, ""reg_lambda"": 1.616541698908362}"
533,2026-06-05T17:27:49.261307+00:00,lgbm,ranking_rf,533,4680,8,1000,0.8276768524366781,752,248,0.5008358359095274,"[""V176"", ""V191"", ""V255"", ""V160"", ""V224"", ""V215"", ""V380"", ""V342""]","{""n_estimators"": 285, ""learning_rate"": 0.1330509562001152, ""num_leaves"": 30, ""min_child_samples"": 27, ""colsample_bytree"": 0.5802931345216519, ""reg_alpha"": 0.2337217656579612, ""reg_lambda"": 0.5934830804343736}"
534,2026-06-05T17:28:13.189470+00:00,lgbm,ranking_rf,534,4645,6,1000,0.7783821975893945,723,277,0.4984960423582659,"[""V176"", ""V191"", ""V255"", ""V160"", ""V224"", ""V215""]","{""n_estimators"": 192, ""learning_rate"": 0.12150379196269902, ""num_leaves"": 42, ""min_child_samples"": 28, ""colsample_bytree"": 0.6702358745576816, ""reg_alpha"": 0.4461763670363189, ""reg_lambda"": 0.8370159815815508}"
535,2026-06-05T17:29:05.357966+00:00,lgbm,ranking_rf,535,4920,6,999,0.7288094609807017,741,258,0.49838163991905365,"[""V176"", ""V191"", ""V255"", ""V160"", ""V224"", ""V215""]","{""n_estimators"": 228, ""learning_rate"": 0.03130360503422751, ""num_leaves"": 84, ""min_child_samples"": 15, ""colsample_bytree"": 0.7090421015030501, ""reg_alpha"": 0.2164638648261119, ""reg_lambda"": 0.8431460824775225}"
536,2026-06-05T17:30:20.142576+00:00,lgbm,ranking_rf,536,4410,7,992,0.8806759153319478,718,274,0.4965470887116415,"[""V176"", ""V191"", ""V255"", ""V160"", ""V224"", ""V215"", ""V380""]","{""n_estimators"": 329, ""learning_rate"": 0.16886450612580745, ""num_leaves"": 92, ""min_child_samples"": 12, ""colsample_bytree"": 0.5754824491867739, ""reg_alpha"": 0.5788995656310054, ""reg_lambda"": 1.8762698373631241}"
537,2026-06-05T17:30:39.632404+00:00,lgbm,ranking_rf,537,4790,7,1000,0.7579304441277415,746,254,0.49665242660305403,"[""V176"", ""V191"", ""V255"", ""V160"", ""V224"", ""V215"", ""V380""]","{""n_estimators"": 128, ""learning_rate"": 0.08005205599375553, ""num_leaves"": 54, ""min_child_samples"": 37, ""colsample_bytree"": 0.8604696066259223, ""reg_alpha"": 0.3113612231688183, ""reg_lambda"": 1.369325178507376}"
538,2026-06-05T17:31:10.335361+00:00,lgbm,ranking_rf,538,4535,7,1000,0.8165382266927393,729,271,0.4973781758362289,"[""V176"", ""V191"", ""V255"", ""V160"", ""V224"", ""V215"", ""V380""]","{""n_estimators"": 208, ""learning_rate"": 0.15689271289604206, ""num_leaves"": 52, ""min_child_samples"": 21, ""colsample_bytree"": 0.5416068106941024, ""reg_alpha"": 0.9504450945688145, ""reg_lambda"": 1.3014398096791933}"
539,2026-06-05T17:32:14.791100+00:00,lgbm,ranking_rf,539,4515,8,1000,0.8729970258344154,741,259,0.4924418200580734,"[""V176"", ""V191"", ""V255"", ""V160"", ""V224"", ""V215"", ""V380"", ""V342""]","{""n_estimators"": 283, ""learning_rate"": 0.13275175030813968, ""num_leaves"": 91, ""min_child_samples"": 28, ""colsample_bytree"": 0.7546805103141541, ""reg_alpha"": 0.4580016265381376, ""reg_lambda"": 1.8583773289397771}"
540,2026-06-05T17:32:44.889828+00:00,lgbm,ranking_rf,540,4870,6,1000,0.7719689161508301,738,262,0.500306508431103,"[""V176"", ""V191"", ""V255"", ""V160"", ""V224"", ""V215""]","{""n_estimators"": 240, ""learning_rate"": 0.09734068824488262, ""num_leaves"": 41, ""min_child_samples"": 16, ""colsample_bytree"": 0.746054143205557, ""reg_alpha"": 0.2910688564205287, ""reg_lambda"": 2.05624212425466}"
541,2026-06-05T17:33:00.555772+00:00,lgbm,ranking_rf,541,4880,7,1000,0.7886807058605918,752,248,0.5016104719643462,"[""V176"", ""V191"", ""V255"", ""V160"", ""V224"", ""V215"", ""V380""]","{""n_estimators"": 183, ""learning_rate"": 0.16592701089255912, ""num_leaves"": 27, ""min_child_samples"": 20, ""colsample_bytree"": 0.6720219392355503, ""reg_alpha"": 0.09399881078186734, ""reg_lambda"": 1.7079598350387835}"
542,2026-06-05T17:33:24.704859+00:00,lgbm,ranking_rf,542,5050,6,1000,0.7149426540479291,750,250,0.4960805853131073,"[""V176"", ""V191"", ""V255"", ""V160"", ""V224"", ""V215""]","{""n_estimators"": 231, ""learning_rate"": 0.03907543856140318, ""num_leaves"": 33, ""min_child_samples"": 38, ""colsample_bytree"": 0.8328575634895199, ""reg_alpha"": 0.34653739088973246, ""reg_lambda"": 1.586940882035445}"
543,2026-06-05T17:34:04.569353+00:00,lgbm,ranking_rf,543,4785,8,1000,0.7168107121835274,759,241,0.49440210329693307,"[""V176"", ""V191"", ""V255"", ""V160"", ""V224"", ""V215"", ""V380"", ""V342""]","{""n_estimators"": 219, ""learning_rate"": 0.03635880312904417, ""num_leaves"": 80, ""min_child_samples"": 38, ""colsample_bytree"": 0.5014762871295846, ""reg_alpha"": 0.24986362154355257, ""reg_lambda"": 1.4040198962054384}"
544,2026-06-05T17:34:30.066452+00:00,lgbm,ranking_rf,544,5075,4,1000,0.6842258849272719,725,275,0.4982609455187715,"[""V176"", ""V191"", ""V255"", ""V160""]","{""n_estimators"": 349, ""learning_rate"": 0.030591448543440397, ""num_leaves"": 24, ""min_child_samples"": 39, ""colsample_bytree"": 0.5773212912169661, ""reg_alpha"": 0.26005983892519235, ""reg_lambda"": 1.1095269732936934}"
545,2026-06-05T17:34:57.013774+00:00,lgbm,ranking_rf,545,4400,9,998,0.8560284822959938,746,252,0.4893576192612564,"[""V176"", ""V191"", ""V255"", ""V160"", ""V224"", ""V215"", ""V380"", ""V342"", ""V483""]","{""n_estimators"": 129, ""learning_rate"": 0.16474321308265086, ""num_leaves"": 84, ""min_child_samples"": 35, ""colsample_bytree"": 0.717311521087472, ""reg_alpha"": 0.027165228621922166, ""reg_lambda"": 0.6901607013317803}"
546,2026-06-05T17:35:05.418492+00:00,lgbm,ranking_rf,546,5240,4,1000,0.6652660826255472,736,264,0.4969798794950152,"[""V176"", ""V191"", ""V255"", ""V160""]","{""n_estimators"": 105, ""learning_rate"": 0.045486266910110214, ""num_leaves"": 21, ""min_child_samples"": 48, ""colsample_bytree"": 0.8382448047927753, ""reg_alpha"": 0.7617294057902667, ""reg_lambda"": 0.8902099094684586}"
547,2026-06-05T17:35:46.313190+00:00,lgbm,ranking_rf,547,4535,8,999,0.8575716503443158,742,257,0.4973606275500487,"[""V176"", ""V191"", ""V255"", ""V160"", ""V224"", ""V215"", ""V380"", ""V342""]","{""n_estimators"": 215, ""learning_rate"": 0.1759867654536359, ""num_leaves"": 58, ""min_child_samples"": 17, ""colsample_bytree"": 0.7481882635277787, ""reg_alpha"": 0.8789793759921959, ""reg_lambda"": 1.499437842883973}"
548,2026-06-05T17:36:19.770124+00:00,lgbm,ranking_rf,548,4530,8,1000,0.8397103201133598,742,258,0.4941410634964366,"[""V176"", ""V191"", ""V255"", ""V160"", ""V224"", ""V215"", ""V380"", ""V342""]","{""n_estimators"": 211, ""learning_rate"": 0.12280740945454956, ""num_leaves"": 57, ""min_child_samples"": 44, ""colsample_bytree"": 0.6586229522853119, ""reg_alpha"": 0.08671725073374481, ""reg_lambda"": 1.0647005115020272}"
549,2026-06-05T17:37:09.042857+00:00,lgbm,ranking_rf,549,4530,8,1000,0.811415370688863,742,258,0.4931883655424006,"[""V176"", ""V191"", ""V255"", ""V160"", ""V224"", ""V215"", ""V380"", ""V342""]","{""n_estimators"": 234, ""learning_rate"": 0.07253065681319082, ""num_leaves"": 81, ""min_child_samples"": 27, ""colsample_bytree"": 0.7478032696017707, ""reg_alpha"": 0.3375338228858513, ""reg_lambda"": 1.646970701755356}"
550,2026-06-05T17:37:26.464849+00:00,lgbm,ranking_rf,550,5130,6,996,0.6953531362714683,754,242,0.49840552529120813,"[""V176"", ""V191"", ""V255"", ""V160"", ""V224"", ""V215""]","{""n_estimators"": 220, ""learning_rate"": 0.03814439617112726, ""num_leaves"": 24, ""min_child_samples"": 31, ""colsample_bytree"": 0.6791200879295713, ""reg_alpha"": 0.6167577267306527, ""reg_lambda"": 1.4716774349024044}"
551,2026-06-05T17:37:50.175813+00:00,lgbm,ranking_rf,551,4615,8,995,0.822546668030258,746,249,0.49773926162771165,"[""V176"", ""V191"", ""V255"", ""V160"", ""V224"", ""V215"", ""V380"", ""V342""]","{""n_estimators"": 137, ""learning_rate"": 0.15135328661157454, ""num_leaves"": 60, ""min_child_samples"": 20, ""colsample_bytree"": 0.5714703358638049, ""reg_alpha"": 0.6209851833177856, ""reg_lambda"": 0.5767942124883116}"
552,2026-06-05T17:38:30.868068+00:00,lgbm,ranking_rf,552,4815,6,999,0.7804228194113154,734,265,0.5040796536893929,"[""V176"", ""V191"", ""V255"", ""V160"", ""V224"", ""V215""]","{""n_estimators"": 321, ""learning_rate"": 0.07243654985894568, ""num_leaves"": 43, ""min_child_samples"": 10, ""colsample_bytree"": 0.687247122733189, ""reg_alpha"": 0.022442726806213176, ""reg_lambda"": 0.9205991421117794}"
553,2026-06-05T17:39:06.135404+00:00,lgbm,ranking_rf,553,4685,8,996,0.8111187443694283,751,245,0.49267662824856034,"[""V176"", ""V191"", ""V255"", ""V160"", ""V224"", ""V215"", ""V380"", ""V342""]","{""n_estimators"": 186, ""learning_rate"": 0.11647325012529754, ""num_leaves"": 69, ""min_child_samples"": 36, ""colsample_bytree"": 0.6006409050696979, ""reg_alpha"": 0.4220279662166321, ""reg_lambda"": 2.179016252862021}"
554,2026-06-05T17:39:34.615849+00:00,lgbm,ranking_rf,554,4750,6,1000,0.7857311917347088,730,270,0.49837085339782133,"[""V176"", ""V191"", ""V255"", ""V160"", ""V224"", ""V215""]","{""n_estimators"": 147, ""learning_rate"": 0.11262101840392637, ""num_leaves"": 62, ""min_child_samples"": 16, ""colsample_bytree"": 0.87149924304989, ""reg_alpha"": 0.4604657672002155, ""reg_lambda"": 0.8820373414314293}"
555,2026-06-05T17:40:02.617845+00:00,lgbm,ranking_rf,555,4775,6,998,0.7882437625671843,731,267,0.5006069458585188,"[""V176"", ""V191"", ""V255"", ""V160"", ""V224"", ""V215""]","{""n_estimators"": 363, ""learning_rate"": 0.13354240294287045, ""num_leaves"": 23, ""min_child_samples"": 11, ""colsample_bytree"": 0.728067186450563, ""reg_alpha"": 0.6288582550394317, ""reg_lambda"": 1.0249512296803263}"
556,2026-06-05T17:40:45.204411+00:00,lgbm,ranking_rf,556,4795,6,1000,0.7233726198158507,733,267,0.49527942092786,"[""V176"", ""V191"", ""V255"", ""V160"", ""V224"", ""V215""]","{""n_estimators"": 274, ""learning_rate"": 0.03717826988342933, ""num_leaves"": 88, ""min_child_samples"": 48, ""colsample_bytree"": 0.7360011807874118, ""reg_alpha"": 0.8922936852475897, ""reg_lambda"": 1.855006842999446}"
557,2026-06-05T17:41:28.869517+00:00,lgbm,ranking_rf,557,4485,8,1000,0.8303120267846744,739,261,0.4923532128470128,"[""V176"", ""V191"", ""V255"", ""V160"", ""V224"", ""V215"", ""V380"", ""V342""]","{""n_estimators"": 243, ""learning_rate"": 0.09108754754596957, ""num_leaves"": 68, ""min_child_samples"": 42, ""colsample_bytree"": 0.7695437676488277, ""reg_alpha"": 0.19363761619192033, ""reg_lambda"": 1.3338655683098257}"
558,2026-06-05T17:42:39.932887+00:00,lgbm,ranking_rf,558,4545,8,1000,0.9058182972449114,743,257,0.49103831523003666,"[""V176"", ""V191"", ""V255"", ""V160"", ""V224"", ""V215"", ""V380"", ""V342""]","{""n_estimators"": 326, ""learning_rate"": 0.16553173507839333, ""num_leaves"": 79, ""min_child_samples"": 11, ""colsample_bytree"": 0.5051262367156504, ""reg_alpha"": 0.26048891866935364, ""reg_lambda"": 1.0189613789453718}"
559,2026-06-05T17:43:23.406084+00:00,lgbm,ranking_rf,559,4590,8,1000,0.8599699510432738,746,254,0.49708054701532844,"[""V176"", ""V191"", ""V255"", ""V160"", ""V224"", ""V215"", ""V380"", ""V342""]","{""n_estimators"": 205, ""learning_rate"": 0.11363881006937888, ""num_leaves"": 70, ""min_child_samples"": 14, ""colsample_bytree"": 0.8691161717374281, ""reg_alpha"": 0.3211240307230524, ""reg_lambda"": 0.6786622590710023}"
560,2026-06-05T17:44:14.630091+00:00,lgbm,ranking_rf,560,4380,8,1000,0.8652117359608216,732,268,0.4963375683296804,"[""V176"", ""V191"", ""V255"", ""V160"", ""V224"", ""V215"", ""V380"", ""V342""]","{""n_estimators"": 327, ""learning_rate"": 0.14358163252932343, ""num_leaves"": 69, ""min_child_samples"": 46, ""colsample_bytree"": 0.8162192962622304, ""reg_alpha"": 0.8412419058252488, ""reg_lambda"": 1.7935983724734055}"
561,2026-06-05T17:45:12.954691+00:00,lgbm,ranking_rf,561,4815,8,1000,0.7923794399018502,761,239,0.49768609710238076,"[""V176"", ""V191"", ""V255"", ""V160"", ""V224"", ""V215"", ""V380"", ""V342""]","{""n_estimators"": 238, ""learning_rate"": 0.047712966585886724, ""num_leaves"": 82, ""min_child_samples"": 16, ""colsample_bytree"": 0.7097439378944667, ""reg_alpha"": 0.2649496045407771, ""reg_lambda"": 0.6563996919403878}"
562,2026-06-05T17:46:02.208437+00:00,lgbm,ranking_rf,562,4625,8,999,0.8357922407764137,748,251,0.4980919372442622,"[""V176"", ""V191"", ""V255"", ""V160"", ""V224"", ""V215"", ""V380"", ""V342""]","{""n_estimators"": 380, ""learning_rate"": 0.08190326023230787, ""num_leaves"": 44, ""min_child_samples"": 36, ""colsample_bytree"": 0.7286620446727303, ""reg_alpha"": 0.05820495398583925, ""reg_lambda"": 2.232524589049632}"
563,2026-06-05T17:46:44.973570+00:00,lgbm,ranking_rf,563,4465,9,1000,0.8197915406688915,751,249,0.492935673637089,"[""V176"", ""V191"", ""V255"", ""V160"", ""V224"", ""V215"", ""V380"", ""V342"", ""V483""]","{""n_estimators"": 175, ""learning_rate"": 0.1035868689049, ""num_leaves"": 90, ""min_child_samples"": 19, ""colsample_bytree"": 0.5569510726826393, ""reg_alpha"": 0.3026818115414125, ""reg_lambda"": 1.8348672952423757}"
564,2026-06-05T17:47:10.966725+00:00,lgbm,ranking_rf,564,4615,9,997,0.7949633990802019,760,237,0.4947768264280847,"[""V176"", ""V191"", ""V255"", ""V160"", ""V224"", ""V215"", ""V380"", ""V342"", ""V483""]","{""n_estimators"": 130, ""learning_rate"": 0.11238122702019258, ""num_leaves"": 70, ""min_child_samples"": 21, ""colsample_bytree"": 0.5063282851513615, ""reg_alpha"": 0.34077068674284194, ""reg_lambda"": 0.9074302168660011}"
565,2026-06-05T17:47:31.884746+00:00,lgbm,ranking_rf,565,4610,7,1000,0.7793713942348931,734,266,0.49493757734894805,"[""V176"", ""V191"", ""V255"", ""V160"", ""V224"", ""V215"", ""V380""]","{""n_estimators"": 148, ""learning_rate"": 0.13174429615321054, ""num_leaves"": 48, ""min_child_samples"": 49, ""colsample_bytree"": 0.5945430188916851, ""reg_alpha"": 0.24282027981848753, ""reg_lambda"": 0.6153603528446638}"
566,2026-06-05T17:48:40.794169+00:00,lgbm,ranking_rf,566,4670,8,996,0.8771946079523883,750,246,0.4944094455481235,"[""V176"", ""V191"", ""V255"", ""V160"", ""V224"", ""V215"", ""V380"", ""V342""]","{""n_estimators"": 360, ""learning_rate"": 0.10236023169890453, ""num_leaves"": 65, ""min_child_samples"": 23, ""colsample_bytree"": 0.5797031187016757, ""reg_alpha"": 0.18925079000199296, ""reg_lambda"": 1.4457345121439886}"
567,2026-06-05T17:48:54.527626+00:00,lgbm,ranking_rf,567,5005,6,1000,0.753549512955379,747,253,0.4995982201627486,"[""V176"", ""V191"", ""V255"", ""V160"", ""V224"", ""V215""]","{""n_estimators"": 184, ""learning_rate"": 0.13463196228661345, ""num_leaves"": 21, ""min_child_samples"": 29, ""colsample_bytree"": 0.9764583398187507, ""reg_alpha"": 0.5164683885975538, ""reg_lambda"": 1.0765189771525214}"
568,2026-06-05T17:49:49.219442+00:00,lgbm,ranking_rf,568,4425,7,998,0.8641422357152019,721,277,0.495577274848923,"[""V176"", ""V191"", ""V255"", ""V160"", ""V224"", ""V215"", ""V380""]","{""n_estimators"": 295, ""learning_rate"": 0.1729549454333676, ""num_leaves"": 64, ""min_child_samples"": 15, ""colsample_bytree"": 0.6718810683532954, ""reg_alpha"": 0.9938857637425833, ""reg_lambda"": 1.1041480597958409}"
569,2026-06-05T17:51:02.425969+00:00,lgbm,ranking_rf,569,4600,7,999,0.807653496110306,733,266,0.49598511010349383,"[""V176"", ""V191"", ""V255"", ""V160"", ""V224"", ""V215"", ""V380""]","{""n_estimators"": 352, ""learning_rate"": 0.055038657862803986, ""num_leaves"": 69, ""min_child_samples"": 21, ""colsample_bytree"": 0.8359654490243029, ""reg_alpha"": 0.7971558024764287, ""reg_lambda"": 1.0262237218135533}"
570,2026-06-05T17:51:20.070772+00:00,lgbm,ranking_rf,570,4960,6,1000,0.7055247204650791,744,256,0.4963143770607629,"[""V176"", ""V191"", ""V255"", ""V160"", ""V224"", ""V215""]","{""n_estimators"": 134, ""learning_rate"": 0.05967883081476801, ""num_leaves"": 40, ""min_child_samples"": 21, ""colsample_bytree"": 0.741855220098032, ""reg_alpha"": 0.3640979078022333, ""reg_lambda"": 2.4709991295865095}"
571,2026-06-05T17:51:58.279080+00:00,lgbm,ranking_rf,571,4790,7,1000,0.7605930201385019,746,254,0.4958330874906867,"[""V176"", ""V191"", ""V255"", ""V160"", ""V224"", ""V215"", ""V380""]","{""n_estimators"": 185, ""learning_rate"": 0.07415163571512587, ""num_leaves"": 69, ""min_child_samples"": 25, ""colsample_bytree"": 0.5259764824089888, ""reg_alpha"": 0.479773464110717, ""reg_lambda"": 1.7064585457230252}"
572,2026-06-05T17:53:14.158780+00:00,lgbm,ranking_rf,572,4570,8,998,0.871154766524498,744,254,0.49261785297489213,"[""V176"", ""V191"", ""V255"", ""V160"", ""V224"", ""V215"", ""V380"", ""V342""]","{""n_estimators"": 389, ""learning_rate"": 0.07183121009785785, ""num_leaves"": 73, ""min_child_samples"": 36, ""colsample_bytree"": 0.8266658300039186, ""reg_alpha"": 0.05438846087482763, ""reg_lambda"": 1.5819432343480841}"
573,2026-06-05T17:53:47.504209+00:00,lgbm,ranking_rf,573,4790,6,998,0.7533484759519022,732,266,0.4977321753447648,"[""V176"", ""V191"", ""V255"", ""V160"", ""V224"", ""V215""]","{""n_estimators"": 221, ""learning_rate"": 0.05601552023302985, ""num_leaves"": 51, ""min_child_samples"": 27, ""colsample_bytree"": 0.9161127807910766, ""reg_alpha"": 0.16599886062723412, ""reg_lambda"": 0.592445070217259}"
574,2026-06-05T17:54:05.921710+00:00,lgbm,ranking_rf,574,5060,6,995,0.7099261854542378,749,246,0.4971045276327134,"[""V176"", ""V191"", ""V255"", ""V160"", ""V224"", ""V215""]","{""n_estimators"": 132, ""learning_rate"": 0.05139850574860612, ""num_leaves"": 42, ""min_child_samples"": 26, ""colsample_bytree"": 0.865417916448759, ""reg_alpha"": 0.9302670488780979, ""reg_lambda"": 1.2273389257330358}"
575,2026-06-05T17:54:41.628975+00:00,lgbm,ranking_rf,575,4495,7,999,0.8463772814784503,726,273,0.4979884587966314,"[""V176"", ""V191"", ""V255"", ""V160"", ""V224"", ""V215"", ""V380""]","{""n_estimators"": 271, ""learning_rate"": 0.1599792910230514, ""num_leaves"": 42, ""min_child_samples"": 37, ""colsample_bytree"": 0.9291172560072991, ""reg_alpha"": 0.8259401374299143, ""reg_lambda"": 2.1610591507166834}"
576,2026-06-05T17:55:03.441308+00:00,lgbm,ranking_rf,576,4925,8,990,0.7580043736837778,765,225,0.4988811426941596,"[""V176"", ""V191"", ""V255"", ""V160"", ""V224"", ""V215"", ""V380"", ""V342""]","{""n_estimators"": 243, ""learning_rate"": 0.07247130917968381, ""num_leaves"": 28, ""min_child_samples"": 20, ""colsample_bytree"": 0.8730262460090641, ""reg_alpha"": 0.4786684337864453, ""reg_lambda"": 2.0164338233000185}"
577,2026-06-05T17:55:33.661980+00:00,lgbm,ranking_rf,577,4485,8,997,0.8500248153669503,738,259,0.4983811705105424,"[""V176"", ""V191"", ""V255"", ""V160"", ""V224"", ""V215"", ""V380"", ""V342""]","{""n_estimators"": 378, ""learning_rate"": 0.1671047929100523, ""num_leaves"": 25, ""min_child_samples"": 42, ""colsample_bytree"": 0.80701088973105, ""reg_alpha"": 0.6309952599706176, ""reg_lambda"": 1.6890578144877768}"
578,2026-06-05T17:56:40.518443+00:00,lgbm,ranking_rf,578,4500,8,1000,0.8684771214563898,740,260,0.4958631692283424,"[""V176"", ""V191"", ""V255"", ""V160"", ""V224"", ""V215"", ""V380"", ""V342""]","{""n_estimators"": 376, ""learning_rate"": 0.13075346785365766, ""num_leaves"": 60, ""min_child_samples"": 29, ""colsample_bytree"": 0.7910620392537566, ""reg_alpha"": 0.7893452165874707, ""reg_lambda"": 2.319260170054049}"
579,2026-06-05T17:57:52.439197+00:00,lgbm,ranking_rf,579,4545,8,1000,0.8173057287525696,743,257,0.4939818847373732,"[""V176"", ""V191"", ""V255"", ""V160"", ""V224"", ""V215"", ""V380"", ""V342""]","{""n_estimators"": 282, ""learning_rate"": 0.07083105939534004, ""num_leaves"": 87, ""min_child_samples"": 15, ""colsample_bytree"": 0.7607971682848846, ""reg_alpha"": 0.8581310914621784, ""reg_lambda"": 2.042250210831615}"
580,2026-06-05T17:58:09.861917+00:00,lgbm,ranking_rf,580,4635,8,1000,0.799860274810048,749,251,0.49638058272884045,"[""V176"", ""V191"", ""V255"", ""V160"", ""V224"", ""V215"", ""V380"", ""V342""]","{""n_estimators"": 116, ""learning_rate"": 0.16685769963248778, ""num_leaves"": 51, ""min_child_samples"": 29, ""colsample_bytree"": 0.5685709106790661, ""reg_alpha"": 0.36458773861887916, ""reg_lambda"": 1.692931632370601}"
581,2026-06-05T17:59:33.619028+00:00,lgbm,ranking_rf,581,4475,5,999,0.8246046161274165,698,301,0.49675050064627574,"[""V176"", ""V191"", ""V255"", ""V160"", ""V224""]","{""n_estimators"": 310, ""learning_rate"": 0.09752543795032798, ""num_leaves"": 92, ""min_child_samples"": 10, ""colsample_bytree"": 0.8784978148728262, ""reg_alpha"": 0.8390056172003159, ""reg_lambda"": 1.576795779808147}"
582,2026-06-05T18:00:01.388301+00:00,lgbm,ranking_rf,582,4440,8,997,0.8378386126181065,735,262,0.4991502487355714,"[""V176"", ""V191"", ""V255"", ""V160"", ""V224"", ""V215"", ""V380"", ""V342""]","{""n_estimators"": 289, ""learning_rate"": 0.16344098587904884, ""num_leaves"": 31, ""min_child_samples"": 37, ""colsample_bytree"": 0.9042554519244168, ""reg_alpha"": 0.8106090150117202, ""reg_lambda"": 2.2892962788849553}"
583,2026-06-05T18:00:40.803243+00:00,lgbm,ranking_rf,583,4995,8,1000,0.7454783667933733,773,227,0.4945988087336892,"[""V176"", ""V191"", ""V255"", ""V160"", ""V224"", ""V215"", ""V380"", ""V342""]","{""n_estimators"": 154, ""learning_rate"": 0.036838277401066065, ""num_leaves"": 89, ""min_child_samples"": 11, ""colsample_bytree"": 0.854881233568892, ""reg_alpha"": 0.2681241773527343, ""reg_lambda"": 1.1864532842220619}"
584,2026-06-05T18:01:11.000229+00:00,lgbm,ranking_rf,584,4785,5,1000,0.6991509124262498,719,281,0.4978737257229086,"[""V176"", ""V191"", ""V255"", ""V160"", ""V224""]","{""n_estimators"": 133, ""learning_rate"": 0.04716223133996987, ""num_leaves"": 84, ""min_child_samples"": 18, ""colsample_bytree"": 0.5055219311248136, ""reg_alpha"": 0.2219082319248974, ""reg_lambda"": 1.8406038754681666}"
585,2026-06-05T18:01:51.778706+00:00,lgbm,ranking_rf,585,4810,6,1000,0.7484330662954408,734,266,0.49648241499853846,"[""V176"", ""V191"", ""V255"", ""V160"", ""V224"", ""V215""]","{""n_estimators"": 177, ""learning_rate"": 0.04776925714365978, ""num_leaves"": 78, ""min_child_samples"": 17, ""colsample_bytree"": 0.8860454484350675, ""reg_alpha"": 0.18283413722398112, ""reg_lambda"": 1.1573887895028327}"
586,2026-06-05T18:02:35.703093+00:00,lgbm,ranking_rf,586,4480,6,1000,0.8074833863492789,712,288,0.4980840750423442,"[""V176"", ""V191"", ""V255"", ""V160"", ""V224"", ""V215""]","{""n_estimators"": 362, ""learning_rate"": 0.12826446881211717, ""num_leaves"": 39, ""min_child_samples"": 34, ""colsample_bytree"": 0.5031606892978459, ""reg_alpha"": 0.9156980400404537, ""reg_lambda"": 1.6498417847361644}"
587,2026-06-05T18:03:01.997398+00:00,lgbm,ranking_rf,587,4785,5,1000,0.7726844112450628,719,281,0.4999367766927491,"[""V176"", ""V191"", ""V255"", ""V160"", ""V224""]","{""n_estimators"": 252, ""learning_rate"": 0.10465213671330972, ""num_leaves"": 34, ""min_child_samples"": 28, ""colsample_bytree"": 0.7027415338223492, ""reg_alpha"": 0.32769617132735407, ""reg_lambda"": 0.742762247906182}"
588,2026-06-05T18:03:11.868341+00:00,lgbm,ranking_rf,588,5140,6,1000,0.651237515629337,756,244,0.4964688290783339,"[""V176"", ""V191"", ""V255"", ""V160"", ""V224"", ""V215""]","{""n_estimators"": 118, ""learning_rate"": 0.03439112020373642, ""num_leaves"": 24, ""min_child_samples"": 48, ""colsample_bytree"": 0.5487415709149825, ""reg_alpha"": 0.4931643322352277, ""reg_lambda"": 0.9321575215623961}"
589,2026-06-05T18:03:56.345501+00:00,lgbm,ranking_rf,589,4475,8,999,0.8659567064907072,738,261,0.4972142762171121,"[""V176"", ""V191"", ""V255"", ""V160"", ""V224"", ""V215"", ""V380"", ""V342""]","{""n_estimators"": 347, ""learning_rate"": 0.15566223270414162, ""num_leaves"": 40, ""min_child_samples"": 26, ""colsample_bytree"": 0.7951727530144124, ""reg_alpha"": 0.7511360154783863, ""reg_lambda"": 1.5543559444545223}"
590,2026-06-05T18:04:38.421946+00:00,lgbm,ranking_rf,590,4515,8,994,0.8663458090714033,739,255,0.49638414316258095,"[""V176"", ""V191"", ""V255"", ""V160"", ""V224"", ""V215"", ""V380"", ""V342""]","{""n_estimators"": 324, ""learning_rate"": 0.15442398944035107, ""num_leaves"": 42, ""min_child_samples"": 36, ""colsample_bytree"": 0.643166306603473, ""reg_alpha"": 0.4385283719459322, ""reg_lambda"": 1.9621372040240128}"
591,2026-06-05T18:05:32.800612+00:00,lgbm,ranking_rf,591,4850,8,999,0.7509308940421803,763,236,0.49457362641164493,"[""V176"", ""V191"", ""V255"", ""V160"", ""V224"", ""V215"", ""V380"", ""V342""]","{""n_estimators"": 334, ""learning_rate"": 0.03321529485578978, ""num_leaves"": 63, ""min_child_samples"": 47, ""colsample_bytree"": 0.7175544669164216, ""reg_alpha"": 0.7275937305326449, ""reg_lambda"": 2.1020048926121286}"
592,2026-06-05T18:07:02.665767+00:00,lgbm,ranking_rf,592,4620,8,1000,0.9170164743091483,748,252,0.48978777279925473,"[""V176"", ""V191"", ""V255"", ""V160"", ""V224"", ""V215"", ""V380"", ""V342""]","{""n_estimators"": 319, ""learning_rate"": 0.10114449558369717, ""num_leaves"": 98, ""min_child_samples"": 15, ""colsample_bytree"": 0.8206529081615936, ""reg_alpha"": 0.13739068370260554, ""reg_lambda"": 0.5052578470461748}"
593,2026-06-05T18:07:54.612749+00:00,lgbm,ranking_rf,593,4630,7,990,0.8022735050528119,732,258,0.4954275099881802,"[""V176"", ""V191"", ""V255"", ""V160"", ""V224"", ""V215"", ""V380""]","{""n_estimators"": 286, ""learning_rate"": 0.06686628823501783, ""num_leaves"": 66, ""min_child_samples"": 31, ""colsample_bytree"": 0.7166560454404672, ""reg_alpha"": 0.4812694038911861, ""reg_lambda"": 1.458868503153014}"
594,2026-06-05T18:08:12.338242+00:00,lgbm,ranking_rf,594,4780,7,999,0.7893114462855165,745,254,0.49876598057160665,"[""V176"", ""V191"", ""V255"", ""V160"", ""V224"", ""V215"", ""V380""]","{""n_estimators"": 160, ""learning_rate"": 0.15298710729191, ""num_leaves"": 34, ""min_child_samples"": 26, ""colsample_bytree"": 0.9939888901921754, ""reg_alpha"": 0.6728814036224887, ""reg_lambda"": 1.125255249080649}"
595,2026-06-05T18:08:45.473528+00:00,lgbm,ranking_rf,595,4550,7,1000,0.781169475321001,730,270,0.4957613385209692,"[""V176"", ""V191"", ""V255"", ""V160"", ""V224"", ""V215"", ""V380""]","{""n_estimators"": 165, ""learning_rate"": 0.1235626037131326, ""num_leaves"": 73, ""min_child_samples"": 45, ""colsample_bytree"": 0.526019877960571, ""reg_alpha"": 0.6251430728404724, ""reg_lambda"": 1.0547577503512853}"
596,2026-06-05T18:09:06.078894+00:00,lgbm,ranking_rf,596,4775,6,998,0.7644946345135523,731,267,0.4960464013612429,"[""V176"", ""V191"", ""V255"", ""V160"", ""V224"", ""V215""]","{""n_estimators"": 125, ""learning_rate"": 0.09883760278166782, ""num_leaves"": 55, ""min_child_samples"": 45, ""colsample_bytree"": 0.9326489617935171, ""reg_alpha"": 0.20118480274535866, ""reg_lambda"": 0.9234499174258746}"
597,2026-06-05T18:09:58.261630+00:00,lgbm,ranking_rf,597,4505,9,995,0.9021113339627463,752,243,0.49413643296231574,"[""V176"", ""V191"", ""V255"", ""V160"", ""V224"", ""V215"", ""V380"", ""V342"", ""V483""]","{""n_estimators"": 255, ""learning_rate"": 0.17959321379113363, ""num_leaves"": 72, ""min_child_samples"": 15, ""colsample_bytree"": 0.7902392847370765, ""reg_alpha"": 0.21057109649220684, ""reg_lambda"": 1.717863348797732}"
598,2026-06-05T18:10:27.607360+00:00,lgbm,ranking_rf,598,4725,6,996,0.7760958234719753,727,269,0.49830456214196145,"[""V176"", ""V191"", ""V255"", ""V160"", ""V224"", ""V215""]","{""n_estimators"": 260, ""learning_rate"": 0.09325023084315781, ""num_leaves"": 38, ""min_child_samples"": 33, ""colsample_bytree"": 0.7978365073482617, ""reg_alpha"": 0.4352434104674685, ""reg_lambda"": 1.660676466690376}"
599,2026-06-05T18:11:22.861520+00:00,lgbm,ranking_rf,599,4415,7,1000,0.8606553640611814,721,279,0.49675935467375665,"[""V176"", ""V191"", ""V255"", ""V160"", ""V224"", ""V215"", ""V380""]","{""n_estimators"": 371, ""learning_rate"": 0.14103351640331552, ""num_leaves"": 46, ""min_child_samples"": 21, ""colsample_bytree"": 0.9800343381593272, ""reg_alpha"": 0.7101326391085097, ""reg_lambda"": 2.173735147765865}"
600,2026-06-05T18:12:25.954658+00:00,lgbm,ranking_rf,600,4635,8,1000,0.8258310282080764,749,251,0.49708748344034887,"[""V176"", ""V191"", ""V255"", ""V160"", ""V224"", ""V215"", ""V380"", ""V342""]","{""n_estimators"": 341, ""learning_rate"": 0.07051422665426686, ""num_leaves"": 62, ""min_child_samples"": 26, ""colsample_bytree"": 0.7458548773216775, ""reg_alpha"": 0.5135434408099855, ""reg_lambda"": 2.0179303279859564}"
601,2026-06-05T18:13:33.806751+00:00,lgbm,ranking_rf,601,4670,8,999,0.8020113600245038,751,248,0.49541960498293935,"[""V176"", ""V191"", ""V255"", ""V160"", ""V224"", ""V215"", ""V380"", ""V342""]","{""n_estimators"": 296, ""learning_rate"": 0.050388050238500896, ""num_leaves"": 78, ""min_child_samples"": 20, ""colsample_bytree"": 0.6911323875754011, ""reg_alpha"": 0.21097059217164793, ""reg_lambda"": 2.2047028783338085}"
602,2026-06-05T18:14:20.079222+00:00,lgbm,ranking_rf,602,4665,8,1000,0.8266854357680279,751,249,0.49549535947457696,"[""V176"", ""V191"", ""V255"", ""V160"", ""V224"", ""V215"", ""V380"", ""V342""]","{""n_estimators"": 269, ""learning_rate"": 0.07284807442320544, ""num_leaves"": 57, ""min_child_samples"": 36, ""colsample_bytree"": 0.9623062908803068, ""reg_alpha"": 0.10090722616973447, ""reg_lambda"": 1.3645854354583171}"
603,2026-06-05T18:14:48.505230+00:00,lgbm,ranking_rf,603,5040,8,1000,0.7444291698027473,776,224,0.4974436520333211,"[""V176"", ""V191"", ""V255"", ""V160"", ""V224"", ""V215"", ""V380"", ""V342""]","{""n_estimators"": 236, ""learning_rate"": 0.04713096463334088, ""num_leaves"": 38, ""min_child_samples"": 32, ""colsample_bytree"": 0.6658862070264833, ""reg_alpha"": 0.5650683617574913, ""reg_lambda"": 0.6820468102476511}"
604,2026-06-05T18:15:29.957530+00:00,lgbm,ranking_rf,604,4460,8,993,0.8270968190897827,735,258,0.4943197553648529,"[""V176"", ""V191"", ""V255"", ""V160"", ""V224"", ""V215"", ""V380"", ""V342""]","{""n_estimators"": 259, ""learning_rate"": 0.12522894337778845, ""num_leaves"": 95, ""min_child_samples"": 48, ""colsample_bytree"": 0.9255092077746627, ""reg_alpha"": 0.9653474799552374, ""reg_lambda"": 2.494542656510615}"
605,2026-06-05T18:15:53.121051+00:00,lgbm,ranking_rf,605,4560,7,998,0.8172605494505564,730,268,0.5016382665200909,"[""V176"", ""V191"", ""V255"", ""V160"", ""V224"", ""V215"", ""V380""]","{""n_estimators"": 272, ""learning_rate"": 0.17277796130029496, ""num_leaves"": 27, ""min_child_samples"": 19, ""colsample_bytree"": 0.7156139991279147, ""reg_alpha"": 0.822038524614038, ""reg_lambda"": 0.6021273075055442}"
606,2026-06-05T18:16:27.693725+00:00,lgbm,ranking_rf,606,4695,8,1000,0.8123881240230878,753,247,0.500024450747524,"[""V176"", ""V191"", ""V255"", ""V160"", ""V224"", ""V215"", ""V380"", ""V342""]","{""n_estimators"": 238, ""learning_rate"": 0.09578632090281272, ""num_leaves"": 47, ""min_child_samples"": 20, ""colsample_bytree"": 0.8764729301858766, ""reg_alpha"": 0.5268593428154908, ""reg_lambda"": 1.5537920201697426}"
607,2026-06-05T18:17:02.784534+00:00,lgbm,ranking_rf,607,4735,4,993,0.7777923995421284,700,293,0.5020739420263454,"[""V176"", ""V191"", ""V255"", ""V160""]","{""n_estimators"": 233, ""learning_rate"": 0.11706678088957634, ""num_leaves"": 48, ""min_child_samples"": 11, ""colsample_bytree"": 0.7520414547604318, ""reg_alpha"": 0.1341271450517587, ""reg_lambda"": 1.5677550580373254}"
608,2026-06-05T18:17:39.897519+00:00,lgbm,ranking_rf,608,4740,8,1000,0.7574715097840324,756,244,0.4930359281427254,"[""V176"", ""V191"", ""V255"", ""V160"", ""V224"", ""V215"", ""V380"", ""V342""]","{""n_estimators"": 219, ""learning_rate"": 0.05008994181356618, ""num_leaves"": 60, ""min_child_samples"": 45, ""colsample_bytree"": 0.6244683733125347, ""reg_alpha"": 0.19806238954465882, ""reg_lambda"": 0.7285320573486789}"
609,2026-06-05T18:18:32.781426+00:00,lgbm,ranking_rf,609,4695,7,998,0.7699285788618041,739,259,0.49414886869382824,"[""V176"", ""V191"", ""V255"", ""V160"", ""V224"", ""V215"", ""V380""]","{""n_estimators"": 241, ""learning_rate"": 0.0485831646840113, ""num_leaves"": 82, ""min_child_samples"": 31, ""colsample_bytree"": 0.8183344151121759, ""reg_alpha"": 0.6730797546376158, ""reg_lambda"": 1.2173599480067867}"
610,2026-06-05T18:18:57.197797+00:00,lgbm,ranking_rf,610,4585,6,997,0.8077375934676945,718,279,0.49254895470902393,"[""V176"", ""V191"", ""V255"", ""V160"", ""V224"", ""V215""]","{""n_estimators"": 102, ""learning_rate"": 0.17127379965200626, ""num_leaves"": 85, ""min_child_samples"": 32, ""colsample_bytree"": 0.9187634800523419, ""reg_alpha"": 0.46519724060408574, ""reg_lambda"": 1.9507294059219542}"
611,2026-06-05T18:19:29.052031+00:00,lgbm,ranking_rf,611,4440,8,1000,0.8100402806265704,736,264,0.4921827644028361,"[""V176"", ""V191"", ""V255"", ""V160"", ""V224"", ""V215"", ""V380"", ""V342""]","{""n_estimators"": 184, ""learning_rate"": 0.14300226161051252, ""num_leaves"": 82, ""min_child_samples"": 47, ""colsample_bytree"": 0.7677704333239248, ""reg_alpha"": 0.9691815922100181, ""reg_lambda"": 1.8174883802212842}"
612,2026-06-05T18:19:56.512361+00:00,lgbm,ranking_rf,612,4665,8,997,0.84566838230091,750,247,0.49525788854494895,"[""V176"", ""V191"", ""V255"", ""V160"", ""V224"", ""V215"", ""V380"", ""V342""]","{""n_estimators"": 114, ""learning_rate"": 0.16285687800190812, ""num_leaves"": 78, ""min_child_samples"": 20, ""colsample_bytree"": 0.9328819794416531, ""reg_alpha"": 0.008160662777111138, ""reg_lambda"": 1.9745366280010521}"
613,2026-06-05T18:20:52.384144+00:00,lgbm,ranking_rf,613,4800,8,1000,0.7969437925900485,760,240,0.49663945895983125,"[""V176"", ""V191"", ""V255"", ""V160"", ""V224"", ""V215"", ""V380"", ""V342""]","{""n_estimators"": 233, ""learning_rate"": 0.055680681127196666, ""num_leaves"": 77, ""min_child_samples"": 11, ""colsample_bytree"": 0.9327098610049734, ""reg_alpha"": 0.5523711400369655, ""reg_lambda"": 1.4467507059826619}"
614,2026-06-05T18:21:31.253434+00:00,lgbm,ranking_rf,614,4535,7,1000,0.8465079296643987,729,271,0.4984980502756434,"[""V176"", ""V191"", ""V255"", ""V160"", ""V224"", ""V215"", ""V380""]","{""n_estimators"": 354, ""learning_rate"": 0.15568486186359104, ""num_leaves"": 31, ""min_child_samples"": 36, ""colsample_bytree"": 0.932150316822858, ""reg_alpha"": 0.49537451320044257, ""reg_lambda"": 1.5417398189697151}"
615,2026-06-05T18:21:49.087603+00:00,lgbm,ranking_rf,615,4760,4,1000,0.7292267652564334,704,296,0.49941554322668325,"[""V176"", ""V191"", ""V255"", ""V160""]","{""n_estimators"": 209, ""learning_rate"": 0.13774175295452484, ""num_leaves"": 25, ""min_child_samples"": 23, ""colsample_bytree"": 0.5951096292651448, ""reg_alpha"": 0.7155352666993495, ""reg_lambda"": 1.3034522457751148}"
616,2026-06-05T18:22:39.313976+00:00,lgbm,ranking_rf,616,4325,7,1000,0.8572065810135387,715,285,0.49674006143713084,"[""V176"", ""V191"", ""V255"", ""V160"", ""V224"", ""V215"", ""V380""]","{""n_estimators"": 278, ""learning_rate"": 0.15619235295887535, ""num_leaves"": 76, ""min_child_samples"": 41, ""colsample_bytree"": 0.9110323485964938, ""reg_alpha"": 0.6455600756652311, ""reg_lambda"": 2.139905126623548}"
617,2026-06-05T18:22:53.583226+00:00,lgbm,ranking_rf,617,5040,8,1000,0.7602822363531068,776,224,0.4995677078652102,"[""V176"", ""V191"", ""V255"", ""V160"", ""V224"", ""V215"", ""V380"", ""V342""]","{""n_estimators"": 158, ""learning_rate"": 0.11462701578451369, ""num_leaves"": 25, ""min_child_samples"": 25, ""colsample_bytree"": 0.751381581053383, ""reg_alpha"": 0.3197035791771997, ""reg_lambda"": 1.2326980662611873}"
618,2026-06-05T18:23:39.649063+00:00,lgbm,ranking_rf,618,4695,8,1000,0.8156443589888284,753,247,0.4971528092673558,"[""V176"", ""V191"", ""V255"", ""V160"", ""V224"", ""V215"", ""V380"", ""V342""]","{""n_estimators"": 274, ""learning_rate"": 0.0934265153965357, ""num_leaves"": 53, ""min_child_samples"": 19, ""colsample_bytree"": 0.6433344370539388, ""reg_alpha"": 0.8558152673426038, ""reg_lambda"": 0.7236234968444615}"
619,2026-06-05T18:24:02.548318+00:00,lgbm,ranking_rf,619,4630,6,1000,0.7839680582215395,722,278,0.49778766606085956,"[""V176"", ""V191"", ""V255"", ""V160"", ""V224"", ""V215""]","{""n_estimators"": 131, ""learning_rate"": 0.1494619296269702, ""num_leaves"": 52, ""min_child_samples"": 36, ""colsample_bytree"": 0.9069154730041818, ""reg_alpha"": 0.7237036024334815, ""reg_lambda"": 0.7900191858529642}"
620,2026-06-05T18:24:28.429995+00:00,lgbm,ranking_rf,620,4915,6,1000,0.7647640872040649,741,259,0.5010520279868058,"[""V176"", ""V191"", ""V255"", ""V160"", ""V224"", ""V215""]","{""n_estimators"": 352, ""learning_rate"": 0.10598418031218731, ""num_leaves"": 22, ""min_child_samples"": 31, ""colsample_bytree"": 0.6272445019682245, ""reg_alpha"": 0.690653403086442, ""reg_lambda"": 1.8896434367203516}"
621,2026-06-05T18:25:12.149314+00:00,lgbm,ranking_rf,621,4555,8,998,0.870400971904479,743,255,0.4918182393694645,"[""V176"", ""V191"", ""V255"", ""V160"", ""V224"", ""V215"", ""V380"", ""V342""]","{""n_estimators"": 263, ""learning_rate"": 0.13874320733805567, ""num_leaves"": 56, ""min_child_samples"": 25, ""colsample_bytree"": 0.6338444964548708, ""reg_alpha"": 0.3065434304303558, ""reg_lambda"": 0.5065975901388406}"
622,2026-06-05T18:25:55.398968+00:00,lgbm,ranking_rf,622,4640,7,1000,0.8016358617840998,736,264,0.4992223627876784,"[""V176"", ""V191"", ""V255"", ""V160"", ""V224"", ""V215"", ""V380""]","{""n_estimators"": 274, ""learning_rate"": 0.10244985274922878, ""num_leaves"": 50, ""min_child_samples"": 24, ""colsample_bytree"": 0.7822732256438815, ""reg_alpha"": 0.9937616993889767, ""reg_lambda"": 0.9652831667001929}"
623,2026-06-05T18:26:33.825076+00:00,lgbm,ranking_rf,623,4840,6,997,0.7775675635015873,735,262,0.5006473564942236,"[""V176"", ""V191"", ""V255"", ""V160"", ""V224"", ""V215""]","{""n_estimators"": 283, ""learning_rate"": 0.07033234663841073, ""num_leaves"": 43, ""min_child_samples"": 20, ""colsample_bytree"": 0.7562526554443412, ""reg_alpha"": 0.49405338102643437, ""reg_lambda"": 0.9501879267367903}"
624,2026-06-05T18:26:51.604683+00:00,lgbm,ranking_rf,624,4730,7,1000,0.7687040435298567,742,258,0.4973308274566263,"[""V176"", ""V191"", ""V255"", ""V160"", ""V224"", ""V215"", ""V380""]","{""n_estimators"": 122, ""learning_rate"": 0.12537780001861248, ""num_leaves"": 51, ""min_child_samples"": 31, ""colsample_bytree"": 0.5434917323053695, ""reg_alpha"": 0.09047396985420597, ""reg_lambda"": 1.5635790192726502}"
625,2026-06-05T18:27:19.460365+00:00,lgbm,ranking_rf,625,4890,7,998,0.745941776159264,752,246,0.4991092560360712,"[""V176"", ""V191"", ""V255"", ""V160"", ""V224"", ""V215"", ""V380""]","{""n_estimators"": 384, ""learning_rate"": 0.058203325940653805, ""num_leaves"": 21, ""min_child_samples"": 33, ""colsample_bytree"": 0.5790662260777073, ""reg_alpha"": 0.24384432301702175, ""reg_lambda"": 1.2024380782995532}"
626,2026-06-05T18:28:11.479983+00:00,lgbm,ranking_rf,626,4605,8,1000,0.8390676847802795,747,253,0.5012073161614716,"[""V176"", ""V191"", ""V255"", ""V160"", ""V224"", ""V215"", ""V380"", ""V342""]","{""n_estimators"": 384, ""learning_rate"": 0.08593185009700702, ""num_leaves"": 42, ""min_child_samples"": 18, ""colsample_bytree"": 0.6634778170587501, ""reg_alpha"": 0.330299813373383, ""reg_lambda"": 0.5930623145118945}"
627,2026-06-05T18:29:17.501566+00:00,lgbm,ranking_rf,627,4530,8,1000,0.8820073601940315,742,258,0.4937228629946765,"[""V176"", ""V191"", ""V255"", ""V160"", ""V224"", ""V215"", ""V380"", ""V342""]","{""n_estimators"": 284, ""learning_rate"": 0.154346537538619, ""num_leaves"": 74, ""min_child_samples"": 14, ""colsample_bytree"": 0.7901433342838673, ""reg_alpha"": 0.6328674974624555, ""reg_lambda"": 1.4455913865480337}"
628,2026-06-05T18:29:44.833835+00:00,lgbm,ranking_rf,628,4840,8,998,0.7889886939639563,762,236,0.4995519078838315,"[""V176"", ""V191"", ""V255"", ""V160"", ""V224"", ""V215"", ""V380"", ""V342""]","{""n_estimators"": 250, ""learning_rate"": 0.08922279164025276, ""num_leaves"": 33, ""min_child_samples"": 45, ""colsample_bytree"": 0.8917167120897094, ""reg_alpha"": 0.6941790021387143, ""reg_lambda"": 0.7071924959671549}"
629,2026-06-05T18:30:11.819249+00:00,lgbm,ranking_rf,629,4640,4,1000,0.7556896518892766,696,304,0.49973082771546107,"[""V176"", ""V191"", ""V255"", ""V160""]","{""n_estimators"": 335, ""learning_rate"": 0.1120614227648532, ""num_leaves"": 24, ""min_child_samples"": 28, ""colsample_bytree"": 0.9053031734194543, ""reg_alpha"": 0.7781802119911874, ""reg_lambda"": 1.3830900791401626}"
630,2026-06-05T18:30:59.991821+00:00,lgbm,ranking_rf,630,4490,7,994,0.8577416888730989,724,270,0.49504614285147935,"[""V176"", ""V191"", ""V255"", ""V160"", ""V224"", ""V215"", ""V380""]","{""n_estimators"": 304, ""learning_rate"": 0.1623799062009453, ""num_leaves"": 85, ""min_child_samples"": 44, ""colsample_bytree"": 0.6481452306368857, ""reg_alpha"": 0.9446281923834496, ""reg_lambda"": 1.4933260549878216}"
631,2026-06-05T18:31:35.160361+00:00,lgbm,ranking_rf,631,4460,7,1000,0.8218191489691099,724,276,0.49481789259413417,"[""V176"", ""V191"", ""V255"", ""V160"", ""V224"", ""V215"", ""V380""]","{""n_estimators"": 188, ""learning_rate"": 0.15233400138962216, ""num_leaves"": 67, ""min_child_samples"": 45, ""colsample_bytree"": 0.9560209864867204, ""reg_alpha"": 0.978506116211212, ""reg_lambda"": 2.123232846683156}"
632,2026-06-05T18:31:57.923095+00:00,lgbm,ranking_rf,632,4615,8,998,0.8055774856508517,747,251,0.4949357318020376,"[""V176"", ""V191"", ""V255"", ""V160"", ""V224"", ""V215"", ""V380"", ""V342""]","{""n_estimators"": 125, ""learning_rate"": 0.13291773258924128, ""num_leaves"": 89, ""min_child_samples"": 48, ""colsample_bytree"": 0.782907556879703, ""reg_alpha"": 0.0762865628454984, ""reg_lambda"": 1.4763767384822986}"
633,2026-06-05T18:32:56.007912+00:00,lgbm,ranking_rf,633,4540,8,998,0.8834186449611456,742,256,0.4945919131414772,"[""V176"", ""V191"", ""V255"", ""V160"", ""V224"", ""V215"", ""V380"", ""V342""]","{""n_estimators"": 286, ""learning_rate"": 0.16116313555376355, ""num_leaves"": 64, ""min_child_samples"": 18, ""colsample_bytree"": 0.783788886524891, ""reg_alpha"": 0.66713362540551, ""reg_lambda"": 0.904018258878081}"
634,2026-06-05T18:33:24.192190+00:00,lgbm,ranking_rf,634,4825,6,1000,0.7167351570680486,735,265,0.4952912111194597,"[""V176"", ""V191"", ""V255"", ""V160"", ""V224"", ""V215""]","{""n_estimators"": 176, ""learning_rate"": 0.05881565687275944, ""num_leaves"": 52, ""min_child_samples"": 39, ""colsample_bytree"": 0.5021446060126706, ""reg_alpha"": 0.6921419981779153, ""reg_lambda"": 0.6305566729526355}"
635,2026-06-05T18:34:15.571645+00:00,lgbm,ranking_rf,635,4955,7,1000,0.7366113637596445,757,243,0.49816318185376124,"[""V176"", ""V191"", ""V255"", ""V160"", ""V224"", ""V215"", ""V380""]","{""n_estimators"": 388, ""learning_rate"": 0.03509810856768125, ""num_leaves"": 36, ""min_child_samples"": 25, ""colsample_bytree"": 0.7712095799438371, ""reg_alpha"": 0.8341155265044713, ""reg_lambda"": 1.9362720637496913}"
636,2026-06-05T18:34:54.692343+00:00,lgbm,ranking_rf,636,4780,7,996,0.7802013087922951,744,252,0.4951844325465325,"[""V176"", ""V191"", ""V255"", ""V160"", ""V224"", ""V215"", ""V380""]","{""n_estimators"": 188, ""learning_rate"": 0.07839303839902778, ""num_leaves"": 67, ""min_child_samples"": 39, ""colsample_bytree"": 0.8424494112962359, ""reg_alpha"": 0.7252250350910528, ""reg_lambda"": 1.0907406419262482}"
637,2026-06-05T18:36:02.933004+00:00,lgbm,ranking_rf,637,4375,8,995,0.8699004476038306,730,265,0.49390380555262803,"[""V176"", ""V191"", ""V255"", ""V160"", ""V224"", ""V215"", ""V380"", ""V342""]","{""n_estimators"": 288, ""learning_rate"": 0.13163850195855936, ""num_leaves"": 81, ""min_child_samples"": 30, ""colsample_bytree"": 0.9707092098294202, ""reg_alpha"": 0.6716229109914464, ""reg_lambda"": 2.2311431546533322}"
638,2026-06-05T18:36:43.766307+00:00,lgbm,ranking_rf,638,4745,4,1000,0.7512600531775538,703,297,0.5019521320235057,"[""V176"", ""V191"", ""V255"", ""V160""]","{""n_estimators"": 380, ""learning_rate"": 0.11384014004916106, ""num_leaves"": 25, ""min_child_samples"": 11, ""colsample_bytree"": 0.5405045501546517, ""reg_alpha"": 0.5371503972972995, ""reg_lambda"": 1.376506994357054}"
639,2026-06-05T18:37:43.437346+00:00,lgbm,ranking_rf,639,4425,8,1000,0.8803528804855679,735,265,0.4928665726944687,"[""V176"", ""V191"", ""V255"", ""V160"", ""V224"", ""V215"", ""V380"", ""V342""]","{""n_estimators"": 299, ""learning_rate"": 0.15591512919954484, ""num_leaves"": 89, ""min_child_samples"": 43, ""colsample_bytree"": 0.9841531594911889, ""reg_alpha"": 0.7328748604236394, ""reg_lambda"": 1.0789879763302686}"
640,2026-06-05T18:39:25.761030+00:00,lgbm,ranking_rf,640,4580,7,1000,0.8277978929587305,732,268,0.49630069576653596,"[""V176"", ""V191"", ""V255"", ""V160"", ""V224"", ""V215"", ""V380""]","{""n_estimators"": 320, ""learning_rate"": 0.0666547773417677, ""num_leaves"": 91, ""min_child_samples"": 11, ""colsample_bytree"": 0.9606860622848965, ""reg_alpha"": 0.8890274956404234, ""reg_lambda"": 1.5897404080159736}"
641,2026-06-05T18:40:12.037247+00:00,lgbm,ranking_rf,641,4560,8,1000,0.847752563671089,744,256,0.49368622130604617,"[""V176"", ""V191"", ""V255"", ""V160"", ""V224"", ""V215"", ""V380"", ""V342""]","{""n_estimators"": 213, ""learning_rate"": 0.1100657989968412, ""num_leaves"": 82, ""min_child_samples"": 35, ""colsample_bytree"": 0.5887284614628696, ""reg_alpha"": 0.05511966929321899, ""reg_lambda"": 1.353794190651276}"
642,2026-06-05T18:40:51.264715+00:00,lgbm,ranking_rf,642,4565,7,1000,0.8041158802789659,731,269,0.4968051679672854,"[""V176"", ""V191"", ""V255"", ""V160"", ""V224"", ""V215"", ""V380""]","{""n_estimators"": 259, ""learning_rate"": 0.11316325400860258, ""num_leaves"": 47, ""min_child_samples"": 36, ""colsample_bytree"": 0.7261922906078938, ""reg_alpha"": 0.9516752453045494, ""reg_lambda"": 2.23348362982155}"
643,2026-06-05T18:41:36.462410+00:00,lgbm,ranking_rf,643,4890,6,999,0.748258712990008,739,260,0.4981933164867924,"[""V176"", ""V191"", ""V255"", ""V160"", ""V224"", ""V215""]","{""n_estimators"": 306, ""learning_rate"": 0.047153738112414204, ""num_leaves"": 43, ""min_child_samples"": 24, ""colsample_bytree"": 0.846605753043295, ""reg_alpha"": 0.7867696329288756, ""reg_lambda"": 1.1487553596872946}"
644,2026-06-05T18:42:08.508569+00:00,lgbm,ranking_rf,644,4590,8,1000,0.8161854145446363,746,254,0.4938062744501747,"[""V176"", ""V191"", ""V255"", ""V160"", ""V224"", ""V215"", ""V380"", ""V342""]","{""n_estimators"": 144, ""learning_rate"": 0.1322009490559341, ""num_leaves"": 80, ""min_child_samples"": 30, ""colsample_bytree"": 0.6152794805874706, ""reg_alpha"": 0.19991584194854162, ""reg_lambda"": 1.9232643793443676}"
645,2026-06-05T18:42:42.582548+00:00,lgbm,ranking_rf,645,4725,6,999,0.7473837355283368,728,271,0.4992579515987322,"[""V176"", ""V191"", ""V255"", ""V160"", ""V224"", ""V215""]","{""n_estimators"": 305, ""learning_rate"": 0.08356339577947453, ""num_leaves"": 30, ""min_child_samples"": 21, ""colsample_bytree"": 0.5616340562363515, ""reg_alpha"": 0.6936497554957716, ""reg_lambda"": 1.5063942006478057}"
646,2026-06-05T18:43:09.832939+00:00,lgbm,ranking_rf,646,4755,8,1000,0.7378841689566622,757,243,0.493732781958102,"[""V176"", ""V191"", ""V255"", ""V160"", ""V224"", ""V215"", ""V380"", ""V342""]","{""n_estimators"": 153, ""learning_rate"": 0.0716563351982197, ""num_leaves"": 76, ""min_child_samples"": 48, ""colsample_bytree"": 0.5179003413953556, ""reg_alpha"": 0.5254593512587211, ""reg_lambda"": 1.4352278117156247}"
647,2026-06-05T18:43:31.815104+00:00,lgbm,ranking_rf,647,4955,8,999,0.7237885052208294,770,229,0.49429852734577306,"[""V176"", ""V191"", ""V255"", ""V160"", ""V224"", ""V215"", ""V380"", ""V342""]","{""n_estimators"": 101, ""learning_rate"": 0.06240651414309708, ""num_leaves"": 84, ""min_child_samples"": 36, ""colsample_bytree"": 0.6586454066221703, ""reg_alpha"": 0.25096283986584156, ""reg_lambda"": 1.5002971256486421}"
648,2026-06-05T18:43:52.374321+00:00,lgbm,ranking_rf,648,4880,7,1000,0.7262455054446398,752,248,0.498907474566388,"[""V176"", ""V191"", ""V255"", ""V160"", ""V224"", ""V215"", ""V380""]","{""n_estimators"": 216, ""learning_rate"": 0.05541409290811029, ""num_leaves"": 27, ""min_child_samples"": 24, ""colsample_bytree"": 0.7498309621776937, ""reg_alpha"": 0.16442152732915005, ""reg_lambda"": 1.3987995742753903}"
649,2026-06-05T18:45:10.890487+00:00,lgbm,ranking_rf,649,4815,6,996,0.7482146285696673,733,263,0.4980035908373164,"[""V176"", ""V191"", ""V255"", ""V160"", ""V224"", ""V215""]","{""n_estimators"": 314, ""learning_rate"": 0.04492328689094316, ""num_leaves"": 72, ""min_child_samples"": 15, ""colsample_bytree"": 0.5513713441041755, ""reg_alpha"": 0.8808257170616992, ""reg_lambda"": 1.387141221495148}"
650,2026-06-05T18:46:32.687503+00:00,lgbm,ranking_rf,650,4385,8,999,0.9167377151591821,732,267,0.4921111764674516,"[""V176"", ""V191"", ""V255"", ""V160"", ""V224"", ""V215"", ""V380"", ""V342""]","{""n_estimators"": 316, ""learning_rate"": 0.16443405859490673, ""num_leaves"": 80, ""min_child_samples"": 24, ""colsample_bytree"": 0.9611794434587411, ""reg_alpha"": 0.23796021737470718, ""reg_lambda"": 1.9649280793827801}"
651,2026-06-05T18:46:50.110672+00:00,lgbm,ranking_rf,651,4750,8,998,0.7575128261380891,756,242,0.4982605395484932,"[""V176"", ""V191"", ""V255"", ""V160"", ""V224"", ""V215"", ""V380"", ""V342""]","{""n_estimators"": 192, ""learning_rate"": 0.09378846945705344, ""num_leaves"": 24, ""min_child_samples"": 44, ""colsample_bytree"": 0.8118331344599696, ""reg_alpha"": 0.05500838612767622, ""reg_lambda"": 2.4117659421693833}"
652,2026-06-05T18:48:37.492776+00:00,lgbm,ranking_rf,652,4630,7,999,0.8679885758125573,735,264,0.49432211352135574,"[""V176"", ""V191"", ""V255"", ""V160"", ""V224"", ""V215"", ""V380""]","{""n_estimators"": 323, ""learning_rate"": 0.08647422792455872, ""num_leaves"": 92, ""min_child_samples"": 10, ""colsample_bytree"": 0.9064262930580973, ""reg_alpha"": 0.2409920822703211, ""reg_lambda"": 1.5920522859506023}"
653,2026-06-05T18:49:28.825752+00:00,lgbm,ranking_rf,653,4545,8,1000,0.8427787029405046,743,257,0.4959550323756826,"[""V176"", ""V191"", ""V255"", ""V160"", ""V224"", ""V215"", ""V380"", ""V342""]","{""n_estimators"": 268, ""learning_rate"": 0.10784587966818542, ""num_leaves"": 55, ""min_child_samples"": 48, ""colsample_bytree"": 0.9783654594265797, ""reg_alpha"": 0.28365233731779993, ""reg_lambda"": 2.1391269186642075}"
654,2026-06-05T18:50:30.882673+00:00,lgbm,ranking_rf,654,4535,9,998,0.8195588033296416,755,243,0.4926515134256004,"[""V176"", ""V191"", ""V255"", ""V160"", ""V224"", ""V215"", ""V380"", ""V342"", ""V483""]","{""n_estimators"": 262, ""learning_rate"": 0.08926272084648083, ""num_leaves"": 86, ""min_child_samples"": 35, ""colsample_bytree"": 0.7146285805825423, ""reg_alpha"": 0.8108738125530689, ""reg_lambda"": 1.1436627284280871}"
655,2026-06-05T18:51:58.868288+00:00,lgbm,ranking_rf,655,4410,8,1000,0.8917246468227407,734,266,0.4958761738162443,"[""V176"", ""V191"", ""V255"", ""V160"", ""V224"", ""V215"", ""V380"", ""V342""]","{""n_estimators"": 356, ""learning_rate"": 0.15642637725721828, ""num_leaves"": 73, ""min_child_samples"": 27, ""colsample_bytree"": 0.8709392236901766, ""reg_alpha"": 0.6670086766417821, ""reg_lambda"": 1.8234503375242128}"
656,2026-06-05T18:52:28.635860+00:00,lgbm,ranking_rf,656,4525,9,1000,0.7893419198989631,755,245,0.4935714850460468,"[""V176"", ""V191"", ""V255"", ""V160"", ""V224"", ""V215"", ""V380"", ""V342"", ""V483""]","{""n_estimators"": 149, ""learning_rate"": 0.1331206871571713, ""num_leaves"": 65, ""min_child_samples"": 36, ""colsample_bytree"": 0.5610772279070328, ""reg_alpha"": 0.8279697893632965, ""reg_lambda"": 2.3588019885664115}"
657,2026-06-05T18:53:29.428050+00:00,lgbm,ranking_rf,657,4455,6,999,0.8106918120976997,710,289,0.4978633850943905,"[""V176"", ""V191"", ""V255"", ""V160"", ""V224"", ""V215""]","{""n_estimators"": 271, ""learning_rate"": 0.11260988407279957, ""num_leaves"": 66, ""min_child_samples"": 16, ""colsample_bytree"": 0.5416003138839942, ""reg_alpha"": 0.6557603515309478, ""reg_lambda"": 2.0111075935214133}"
658,2026-06-05T18:54:57.841973+00:00,lgbm,ranking_rf,658,4380,8,1000,0.9106177020468412,732,268,0.49610780026030177,"[""V176"", ""V191"", ""V255"", ""V160"", ""V224"", ""V215"", ""V380"", ""V342""]","{""n_estimators"": 398, ""learning_rate"": 0.16955386261065775, ""num_leaves"": 83, ""min_child_samples"": 13, ""colsample_bytree"": 0.9929443275224061, ""reg_alpha"": 0.5909156504605926, ""reg_lambda"": 0.7846238976232649}"
659,2026-06-05T18:56:02.861455+00:00,lgbm,ranking_rf,659,4590,8,997,0.7821574880128804,745,252,0.4932202421061365,"[""V176"", ""V191"", ""V255"", ""V160"", ""V224"", ""V215"", ""V380"", ""V342""]","{""n_estimators"": 285, ""learning_rate"": 0.06360809539887172, ""num_leaves"": 77, ""min_child_samples"": 37, ""colsample_bytree"": 0.5225462990054965, ""reg_alpha"": 0.36775950583289707, ""reg_lambda"": 1.9400783154362584}"
660,2026-06-05T18:57:59.237822+00:00,lgbm,ranking_rf,660,4480,8,998,0.9504929239276999,738,260,0.4900406615436366,"[""V176"", ""V191"", ""V255"", ""V160"", ""V224"", ""V215"", ""V380"", ""V342""]","{""n_estimators"": 395, ""learning_rate"": 0.16046420746360365, ""num_leaves"": 92, ""min_child_samples"": 20, ""colsample_bytree"": 0.7563917106782372, ""reg_alpha"": 0.019484705887637066, ""reg_lambda"": 1.0109000755502018}"
661,2026-06-05T18:59:06.061885+00:00,lgbm,ranking_rf,661,4285,7,999,0.8809721560526332,712,287,0.4940998113634012,"[""V176"", ""V191"", ""V255"", ""V160"", ""V224"", ""V215"", ""V380""]","{""n_estimators"": 377, ""learning_rate"": 0.159171123004478, ""num_leaves"": 70, ""min_child_samples"": 32, ""colsample_bytree"": 0.5646978121200111, ""reg_alpha"": 0.7298437642808524, ""reg_lambda"": 0.9255554951845917}"
662,2026-06-05T18:59:59.088581+00:00,lgbm,ranking_rf,662,4465,7,999,0.854308612289983,724,275,0.49955840412879804,"[""V176"", ""V191"", ""V255"", ""V160"", ""V224"", ""V215"", ""V380""]","{""n_estimators"": 373, ""learning_rate"": 0.17873555918447323, ""num_leaves"": 40, ""min_child_samples"": 13, ""colsample_bytree"": 0.758557160014526, ""reg_alpha"": 0.980872369486046, ""reg_lambda"": 2.0374930439703185}"
663,2026-06-05T19:00:37.856811+00:00,lgbm,ranking_rf,663,4935,8,1000,0.7730200994739851,769,231,0.49522636454389657,"[""V176"", ""V191"", ""V255"", ""V160"", ""V224"", ""V215"", ""V380"", ""V342""]","{""n_estimators"": 174, ""learning_rate"": 0.06269450013300883, ""num_leaves"": 72, ""min_child_samples"": 33, ""colsample_bytree"": 0.820921855642834, ""reg_alpha"": 0.8146253679938228, ""reg_lambda"": 1.8691753628866252}"
664,2026-06-05T19:01:16.968099+00:00,lgbm,ranking_rf,664,4620,8,1000,0.825982481258554,748,252,0.49548155142548966,"[""V176"", ""V191"", ""V255"", ""V160"", ""V224"", ""V215"", ""V380"", ""V342""]","{""n_estimators"": 210, ""learning_rate"": 0.11817106040400352, ""num_leaves"": 56, ""min_child_samples"": 47, ""colsample_bytree"": 0.6691466995615064, ""reg_alpha"": 0.02525379768042746, ""reg_lambda"": 1.9356481816095665}"
665,2026-06-05T19:02:24.484789+00:00,lgbm,ranking_rf,665,4715,8,999,0.8265907293919,754,245,0.4996578298416286,"[""V176"", ""V191"", ""V255"", ""V160"", ""V224"", ""V215"", ""V380"", ""V342""]","{""n_estimators"": 272, ""learning_rate"": 0.06262182673185542, ""num_leaves"": 80, ""min_child_samples"": 13, ""colsample_bytree"": 0.6135506195639217, ""reg_alpha"": 0.03404922758972606, ""reg_lambda"": 0.9144599251018521}"
666,2026-06-05T19:03:40.945212+00:00,lgbm,ranking_rf,666,4875,8,1000,0.769234202404582,765,235,0.49470206962332897,"[""V176"", ""V191"", ""V255"", ""V160"", ""V224"", ""V215"", ""V380"", ""V342""]","{""n_estimators"": 333, ""learning_rate"": 0.03043565596678859, ""num_leaves"": 75, ""min_child_samples"": 29, ""colsample_bytree"": 0.5991422412317605, ""reg_alpha"": 0.03927562547800245, ""reg_lambda"": 0.8127036510377432}"
667,2026-06-05T19:04:37.599867+00:00,lgbm,ranking_rf,667,4815,6,999,0.7584272854343936,734,265,0.4990696664984159,"[""V176"", ""V191"", ""V255"", ""V160"", ""V224"", ""V215""]","{""n_estimators"": 336, ""learning_rate"": 0.04539265756776925, ""num_leaves"": 50, ""min_child_samples"": 16, ""colsample_bytree"": 0.8639290286240374, ""reg_alpha"": 0.9514579574463393, ""reg_lambda"": 0.5254063940695353}"
668,2026-06-05T19:05:02.352992+00:00,lgbm,ranking_rf,668,4630,4,993,0.7663851492670336,693,300,0.4980786100418012,"[""V176"", ""V191"", ""V255"", ""V160""]","{""n_estimators"": 313, ""learning_rate"": 0.1551413720078526, ""num_leaves"": 23, ""min_child_samples"": 36, ""colsample_bytree"": 0.8381633154409934, ""reg_alpha"": 0.8845630458194951, ""reg_lambda"": 0.9356058439881221}"
669,2026-06-05T19:05:53.069953+00:00,lgbm,ranking_rf,669,4845,8,1000,0.8158803144910136,763,237,0.500237419602141,"[""V176"", ""V191"", ""V255"", ""V160"", ""V224"", ""V215"", ""V380"", ""V342""]","{""n_estimators"": 311, ""learning_rate"": 0.0619481556091629, ""num_leaves"": 52, ""min_child_samples"": 17, ""colsample_bytree"": 0.871219131096711, ""reg_alpha"": 0.3067367131568308, ""reg_lambda"": 0.9561730043379815}"
670,2026-06-05T19:06:13.281880+00:00,lgbm,ranking_rf,670,4830,8,1000,0.7925089103326229,762,238,0.5009713607201302,"[""V176"", ""V191"", ""V255"", ""V160"", ""V224"", ""V215"", ""V380"", ""V342""]","{""n_estimators"": 269, ""learning_rate"": 0.13199506335368566, ""num_leaves"": 22, ""min_child_samples"": 35, ""colsample_bytree"": 0.5459512600498531, ""reg_alpha"": 0.27011747123296415, ""reg_lambda"": 1.1471819539216257}"
671,2026-06-05T19:06:28.741284+00:00,lgbm,ranking_rf,671,5165,6,998,0.6774478185421647,757,241,0.4965606596067295,"[""V176"", ""V191"", ""V255"", ""V160"", ""V224"", ""V215""]","{""n_estimators"": 150, ""learning_rate"": 0.03341121159913546, ""num_leaves"": 26, ""min_child_samples"": 17, ""colsample_bytree"": 0.5995147827526744, ""reg_alpha"": 0.6705442904864993, ""reg_lambda"": 1.6618941835428198}"
672,2026-06-05T19:07:27.094793+00:00,lgbm,ranking_rf,672,4535,7,1000,0.8230481456206209,729,271,0.4952984500329313,"[""V176"", ""V191"", ""V255"", ""V160"", ""V224"", ""V215"", ""V380""]","{""n_estimators"": 279, ""learning_rate"": 0.09822982883420439, ""num_leaves"": 67, ""min_child_samples"": 34, ""colsample_bytree"": 0.5093406120061572, ""reg_alpha"": 0.3305845364623049, ""reg_lambda"": 1.6441362411876679}"
673,2026-06-05T19:08:42.238282+00:00,lgbm,ranking_rf,673,4625,7,1000,0.7820191109782659,735,265,0.496688264098947,"[""V176"", ""V191"", ""V255"", ""V160"", ""V224"", ""V215"", ""V380""]","{""n_estimators"": 379, ""learning_rate"": 0.0528302900414324, ""num_leaves"": 57, ""min_child_samples"": 32, ""colsample_bytree"": 0.6926275352683535, ""reg_alpha"": 0.7443807109923618, ""reg_lambda"": 1.87090556614897}"
674,2026-06-05T19:09:01.266521+00:00,lgbm,ranking_rf,674,4825,6,1000,0.723668048817732,735,265,0.49796379963692733,"[""V176"", ""V191"", ""V255"", ""V160"", ""V224"", ""V215""]","{""n_estimators"": 125, ""learning_rate"": 0.10033561177236111, ""num_leaves"": 42, ""min_child_samples"": 32, ""colsample_bytree"": 0.5043810521955354, ""reg_alpha"": 0.7882909185744531, ""reg_lambda"": 1.5142088074347337}"
675,2026-06-05T19:09:47.701399+00:00,lgbm,ranking_rf,675,4790,6,995,0.7664173152967203,731,264,0.49852774992503035,"[""V176"", ""V191"", ""V255"", ""V160"", ""V224"", ""V215""]","{""n_estimators"": 289, ""learning_rate"": 0.053158929921694464, ""num_leaves"": 49, ""min_child_samples"": 25, ""colsample_bytree"": 0.8868787744535875, ""reg_alpha"": 0.2346796291379729, ""reg_lambda"": 0.7898981951379147}"
676,2026-06-05T19:10:15.776576+00:00,lgbm,ranking_rf,676,5070,5,997,0.6953420538394429,737,260,0.4974781225275328,"[""V176"", ""V191"", ""V255"", ""V160"", ""V224""]","{""n_estimators"": 269, ""learning_rate"": 0.03283566557565051, ""num_leaves"": 29, ""min_child_samples"": 48, ""colsample_bytree"": 0.853761707406109, ""reg_alpha"": 0.6775795223751466, ""reg_lambda"": 1.8946397442219396}"
677,2026-06-05T19:11:44.803280+00:00,lgbm,ranking_rf,677,4450,7,999,0.8475377071684206,723,276,0.493719384204384,"[""V176"", ""V191"", ""V255"", ""V160"", ""V224"", ""V215"", ""V380""]","{""n_estimators"": 344, ""learning_rate"": 0.08272930706677889, ""num_leaves"": 95, ""min_child_samples"": 31, ""colsample_bytree"": 0.7825354052238097, ""reg_alpha"": 0.5445587278347288, ""reg_lambda"": 0.6644743806942508}"
678,2026-06-05T19:13:28.433455+00:00,lgbm,ranking_rf,678,4520,8,999,0.8373561305926398,741,258,0.49204932290372155,"[""V176"", ""V191"", ""V255"", ""V160"", ""V224"", ""V215"", ""V380"", ""V342""]","{""n_estimators"": 356, ""learning_rate"": 0.0810035926728134, ""num_leaves"": 91, ""min_child_samples"": 20, ""colsample_bytree"": 0.6828349355062184, ""reg_alpha"": 0.7331996622943658, ""reg_lambda"": 1.9437297669773355}"
679,2026-06-05T19:13:55.924455+00:00,lgbm,ranking_rf,679,4400,7,1000,0.8166207093263967,720,280,0.4969071658140412,"[""V176"", ""V191"", ""V255"", ""V160"", ""V224"", ""V215"", ""V380""]","{""n_estimators"": 181, ""learning_rate"": 0.16791819909600428, ""num_leaves"": 44, ""min_child_samples"": 45, ""colsample_bytree"": 0.6561481533651743, ""reg_alpha"": 0.06709716242064978, ""reg_lambda"": 2.311824538118315}"
680,2026-06-05T19:14:56.204910+00:00,lgbm,ranking_rf,680,4630,6,1000,0.7652436264820902,722,278,0.4962171439439574,"[""V176"", ""V191"", ""V255"", ""V160"", ""V224"", ""V215""]","{""n_estimators"": 313, ""learning_rate"": 0.06123692824560821, ""num_leaves"": 54, ""min_child_samples"": 35, ""colsample_bytree"": 0.6720074107743056, ""reg_alpha"": 0.39003343982129235, ""reg_lambda"": 2.481871252399164}"
681,2026-06-05T19:15:06.352869+00:00,lgbm,ranking_rf,681,5155,6,1000,0.660109310181786,757,243,0.49572248981299144,"[""V176"", ""V191"", ""V255"", ""V160"", ""V224"", ""V215""]","{""n_estimators"": 112, ""learning_rate"": 0.03606334107123983, ""num_leaves"": 20, ""min_child_samples"": 17, ""colsample_bytree"": 0.5912994185925637, ""reg_alpha"": 0.6387041909820932, ""reg_lambda"": 1.7060836749746924}"
682,2026-06-05T19:16:16.382085+00:00,lgbm,ranking_rf,682,4860,8,1000,0.7524476628958388,764,236,0.49581922946374835,"[""V176"", ""V191"", ""V255"", ""V160"", ""V224"", ""V215"", ""V380"", ""V342""]","{""n_estimators"": 249, ""learning_rate"": 0.040383882456102985, ""num_leaves"": 69, ""min_child_samples"": 16, ""colsample_bytree"": 0.6321548431796201, ""reg_alpha"": 0.6930298466745374, ""reg_lambda"": 2.290593594843786}"
683,2026-06-05T19:17:06.191288+00:00,lgbm,ranking_rf,683,4630,7,999,0.8496082154681519,735,264,0.5008135148056031,"[""V176"", ""V191"", ""V255"", ""V160"", ""V224"", ""V215"", ""V380""]","{""n_estimators"": 329, ""learning_rate"": 0.13491651488116568, ""num_leaves"": 38, ""min_child_samples"": 13, ""colsample_bytree"": 0.9898624798055201, ""reg_alpha"": 0.1313310907224282, ""reg_lambda"": 1.629517977353986}"
684,2026-06-05T19:17:36.542690+00:00,lgbm,ranking_rf,684,4905,8,1000,0.7512494369763084,767,233,0.49417435746218835,"[""V176"", ""V191"", ""V255"", ""V160"", ""V224"", ""V215"", ""V380"", ""V342""]","{""n_estimators"": 121, ""learning_rate"": 0.06649655136373367, ""num_leaves"": 74, ""min_child_samples"": 27, ""colsample_bytree"": 0.8120835421697058, ""reg_alpha"": 0.9773535049750711, ""reg_lambda"": 0.6630962022392599}"
685,2026-06-05T19:18:23.737596+00:00,lgbm,ranking_rf,685,4770,8,1000,0.8082701734826756,758,242,0.4964876452987186,"[""V176"", ""V191"", ""V255"", ""V160"", ""V224"", ""V215"", ""V380"", ""V342""]","{""n_estimators"": 191, ""learning_rate"": 0.06776686349880459, ""num_leaves"": 72, ""min_child_samples"": 19, ""colsample_bytree"": 0.8584994630898848, ""reg_alpha"": 0.25844551572085817, ""reg_lambda"": 0.6575236297677343}"
686,2026-06-05T19:19:23.113476+00:00,lgbm,ranking_rf,686,4535,8,996,0.8624278857461789,741,255,0.49144456762270694,"[""V176"", ""V191"", ""V255"", ""V160"", ""V224"", ""V215"", ""V380"", ""V342""]","{""n_estimators"": 260, ""learning_rate"": 0.14230615536637503, ""num_leaves"": 60, ""min_child_samples"": 48, ""colsample_bytree"": 0.938509159546963, ""reg_alpha"": 0.7568420615424137, ""reg_lambda"": 0.8610594022321179}"
687,2026-06-05T19:20:03.609128+00:00,lgbm,ranking_rf,687,4990,6,997,0.7124688260029478,745,252,0.4976811462319212,"[""V176"", ""V191"", ""V255"", ""V160"", ""V224"", ""V215""]","{""n_estimators"": 206, ""learning_rate"": 0.03593047110866741, ""num_leaves"": 55, ""min_child_samples"": 16, ""colsample_bytree"": 0.6090809994161909, ""reg_alpha"": 0.38013530089268555, ""reg_lambda"": 1.8285108505467127}"
688,2026-06-05T19:21:26.501635+00:00,lgbm,ranking_rf,688,4485,8,1000,0.916001590017594,739,261,0.48960509639790323,"[""V176"", ""V191"", ""V255"", ""V160"", ""V224"", ""V215"", ""V380"", ""V342""]","{""n_estimators"": 313, ""learning_rate"": 0.12297634924734212, ""num_leaves"": 84, ""min_child_samples"": 25, ""colsample_bytree"": 0.7213271615835317, ""reg_alpha"": 0.061865450637173414, ""reg_lambda"": 0.9267762178050543}"
689,2026-06-05T19:21:55.842718+00:00,lgbm,ranking_rf,689,4935,6,999,0.7280885837350531,742,257,0.4990363612697265,"[""V176"", ""V191"", ""V255"", ""V160"", ""V224"", ""V215""]","{""n_estimators"": 330, ""learning_rate"": 0.06080248694194959, ""num_leaves"": 28, ""min_child_samples"": 20, ""colsample_bytree"": 0.5217199881827712, ""reg_alpha"": 0.026811599624948723, ""reg_lambda"": 2.2998033441661256}"
690,2026-06-05T19:22:12.889525+00:00,lgbm,ranking_rf,690,4775,4,1000,0.7383351380173947,705,295,0.499740335802405,"[""V176"", ""V191"", ""V255"", ""V160""]","{""n_estimators"": 102, ""learning_rate"": 0.13865529148650435, ""num_leaves"": 44, ""min_child_samples"": 19, ""colsample_bytree"": 0.9344578233836065, ""reg_alpha"": 0.9286062562584428, ""reg_lambda"": 0.8221887495232099}"
691,2026-06-05T19:23:22.600804+00:00,lgbm,ranking_rf,691,4415,7,1000,0.8782287892406699,721,279,0.49571064419967154,"[""V176"", ""V191"", ""V255"", ""V160"", ""V224"", ""V215"", ""V380""]","{""n_estimators"": 321, ""learning_rate"": 0.16950060643965253, ""num_leaves"": 67, ""min_child_samples"": 16, ""colsample_bytree"": 0.6642111099775037, ""reg_alpha"": 0.6234021556410342, ""reg_lambda"": 2.1800444771713714}"
692,2026-06-05T19:24:06.590646+00:00,lgbm,ranking_rf,692,4590,8,1000,0.8249698114604879,746,254,0.49522521513333523,"[""V176"", ""V191"", ""V255"", ""V160"", ""V224"", ""V215"", ""V380"", ""V342""]","{""n_estimators"": 170, ""learning_rate"": 0.17681787246914302, ""num_leaves"": 65, ""min_child_samples"": 23, ""colsample_bytree"": 0.5061082330673273, ""reg_alpha"": 0.9736757065963114, ""reg_lambda"": 1.5021492072968154}"
693,2026-06-05T19:24:38.151813+00:00,lgbm,ranking_rf,693,4525,6,997,0.8101159178086909,714,283,0.4927338788770333,"[""V176"", ""V191"", ""V255"", ""V160"", ""V224"", ""V215""]","{""n_estimators"": 132, ""learning_rate"": 0.14651247129010803, ""num_leaves"": 90, ""min_child_samples"": 36, ""colsample_bytree"": 0.9077282357198111, ""reg_alpha"": 0.44067618190419844, ""reg_lambda"": 0.8815338644143274}"
694,2026-06-05T19:26:07.596831+00:00,lgbm,ranking_rf,694,4770,8,1000,0.8269601131979699,758,242,0.493595968915875,"[""V176"", ""V191"", ""V255"", ""V160"", ""V224"", ""V215"", ""V380"", ""V342""]","{""n_estimators"": 342, ""learning_rate"": 0.056077482921046355, ""num_leaves"": 85, ""min_child_samples"": 22, ""colsample_bytree"": 0.851664331944791, ""reg_alpha"": 0.6341895781726097, ""reg_lambda"": 1.95225980803439}"
695,2026-06-05T19:26:53.221403+00:00,lgbm,ranking_rf,695,4540,7,981,0.8025197097939902,723,258,0.4930320074057672,"[""V176"", ""V191"", ""V255"", ""V160"", ""V224"", ""V215"", ""V380""]","{""n_estimators"": 244, ""learning_rate"": 0.11026346661808026, ""num_leaves"": 88, ""min_child_samples"": 42, ""colsample_bytree"": 0.5119485347850947, ""reg_alpha"": 0.8236612636992321, ""reg_lambda"": 1.197562240332245}"
696,2026-06-05T19:27:34.055447+00:00,lgbm,ranking_rf,696,4635,8,1000,0.8123424739437946,749,251,0.49579934024527955,"[""V176"", ""V191"", ""V255"", ""V160"", ""V224"", ""V215"", ""V380"", ""V342""]","{""n_estimators"": 246, ""learning_rate"": 0.10264780079279266, ""num_leaves"": 46, ""min_child_samples"": 33, ""colsample_bytree"": 0.8700713119618643, ""reg_alpha"": 0.8546086442868472, ""reg_lambda"": 1.727892051405075}"
697,2026-06-05T19:28:28.179396+00:00,lgbm,ranking_rf,697,4530,8,1000,0.8531683081026874,742,258,0.49598753385965727,"[""V176"", ""V191"", ""V255"", ""V160"", ""V224"", ""V215"", ""V380"", ""V342""]","{""n_estimators"": 395, ""learning_rate"": 0.11628495413192243, ""num_leaves"": 39, ""min_child_samples"": 49, ""colsample_bytree"": 0.8934968743429994, ""reg_alpha"": 0.5662211346382303, ""reg_lambda"": 2.3036652646713995}"
698,2026-06-05T19:28:43.760502+00:00,lgbm,ranking_rf,698,5000,4,994,0.7116092930306394,718,276,0.498550094182192,"[""V176"", ""V191"", ""V255"", ""V160""]","{""n_estimators"": 156, ""learning_rate"": 0.0760062494170978, ""num_leaves"": 26, ""min_child_samples"": 31, ""colsample_bytree"": 0.9943997297056035, ""reg_alpha"": 0.25112617368641643, ""reg_lambda"": 1.288336856698377}"
699,2026-06-05T19:29:22.297466+00:00,lgbm,ranking_rf,699,4940,7,1000,0.7409993214672277,756,244,0.4987226986734046,"[""V176"", ""V191"", ""V255"", ""V160"", ""V224"", ""V215"", ""V380""]","{""n_estimators"": 270, ""learning_rate"": 0.05360560006411434, ""num_leaves"": 41, ""min_child_samples"": 23, ""colsample_bytree"": 0.5713956367959023, ""reg_alpha"": 0.7137535790584304, ""reg_lambda"": 2.1152505292184096}"
700,2026-06-05T19:30:38.025231+00:00,lgbm,ranking_rf,700,4640,8,999,0.9196876046128019,749,250,0.49520548701833395,"[""V176"", ""V191"", ""V255"", ""V160"", ""V224"", ""V215"", ""V380"", ""V342""]","{""n_estimators"": 317, ""learning_rate"": 0.17207444869434219, ""num_leaves"": 68, ""min_child_samples"": 12, ""colsample_bytree"": 0.7181909424737128, ""reg_alpha"": 0.03994426389178407, ""reg_lambda"": 1.9842422466466816}"
701,2026-06-05T19:30:53.840898+00:00,lgbm,ranking_rf,701,4950,6,999,0.7245399918075491,743,256,0.4970404812362419,"[""V176"", ""V191"", ""V255"", ""V160"", ""V224"", ""V215""]","{""n_estimators"": 155, ""learning_rate"": 0.0881367501059955, ""num_leaves"": 27, ""min_child_samples"": 45, ""colsample_bytree"": 0.7251342637138659, ""reg_alpha"": 0.5642621249736492, ""reg_lambda"": 0.6996338269879792}"
702,2026-06-05T19:32:12.870244+00:00,lgbm,ranking_rf,702,4505,7,1000,0.8423914170922794,727,273,0.49357191990978583,"[""V176"", ""V191"", ""V255"", ""V160"", ""V224"", ""V215"", ""V380""]","{""n_estimators"": 312, ""learning_rate"": 0.09727597041375619, ""num_leaves"": 76, ""min_child_samples"": 31, ""colsample_bytree"": 0.6340592165060732, ""reg_alpha"": 0.22821162160457786, ""reg_lambda"": 1.6861637607048172}"
703,2026-06-05T19:33:16.762513+00:00,lgbm,ranking_rf,703,4545,8,1000,0.8135211772152399,743,257,0.49372799468086803,"[""V176"", ""V191"", ""V255"", ""V160"", ""V224"", ""V215"", ""V380"", ""V342""]","{""n_estimators"": 310, ""learning_rate"": 0.07494287226851293, ""num_leaves"": 58, ""min_child_samples"": 44, ""colsample_bytree"": 0.7677460394885125, ""reg_alpha"": 0.19338876687694617, ""reg_lambda"": 2.4997562342888244}"
704,2026-06-05T19:34:22.234565+00:00,lgbm,ranking_rf,704,4700,7,1000,0.793858491517173,740,260,0.49914648457972144,"[""V176"", ""V191"", ""V255"", ""V160"", ""V224"", ""V215"", ""V380""]","{""n_estimators"": 386, ""learning_rate"": 0.05791354807943552, ""num_leaves"": 47, ""min_child_samples"": 31, ""colsample_bytree"": 0.8475475663497686, ""reg_alpha"": 0.7740805300361873, ""reg_lambda"": 1.189429431628379}"
705,2026-06-05T19:34:46.978471+00:00,lgbm,ranking_rf,705,4635,8,1000,0.8460532224732047,749,251,0.5000070907482151,"[""V176"", ""V191"", ""V255"", ""V160"", ""V224"", ""V215"", ""V380"", ""V342""]","{""n_estimators"": 220, ""learning_rate"": 0.17021189400803222, ""num_leaves"": 34, ""min_child_samples"": 31, ""colsample_bytree"": 0.7406147786573956, ""reg_alpha"": 0.06093861175481463, ""reg_lambda"": 1.493793373061127}"
706,2026-06-05T19:35:44.867455+00:00,lgbm,ranking_rf,706,4470,8,1000,0.876494587529158,738,262,0.4908986388618727,"[""V176"", ""V191"", ""V255"", ""V160"", ""V224"", ""V215"", ""V380"", ""V342""]","{""n_estimators"": 245, ""learning_rate"": 0.13321530540659743, ""num_leaves"": 75, ""min_child_samples"": 27, ""colsample_bytree"": 0.7024218584031003, ""reg_alpha"": 0.3977479424762066, ""reg_lambda"": 0.8297242009082939}"
707,2026-06-05T19:36:29.778883+00:00,lgbm,ranking_rf,707,4720,6,1000,0.7705207190257907,728,272,0.5008613011395264,"[""V176"", ""V191"", ""V255"", ""V160"", ""V224"", ""V215""]","{""n_estimators"": 197, ""learning_rate"": 0.08903260533337999, ""num_leaves"": 59, ""min_child_samples"": 14, ""colsample_bytree"": 0.5522217880917788, ""reg_alpha"": 0.200183557182942, ""reg_lambda"": 0.8815824270096135}"
708,2026-06-05T19:37:33.268987+00:00,lgbm,ranking_rf,708,4495,7,999,0.8057469675195343,726,273,0.4955629782731787,"[""V176"", ""V191"", ""V255"", ""V160"", ""V224"", ""V215"", ""V380""]","{""n_estimators"": 349, ""learning_rate"": 0.0904918648197317, ""num_leaves"": 64, ""min_child_samples"": 49, ""colsample_bytree"": 0.5847944854478614, ""reg_alpha"": 0.7469525427613439, ""reg_lambda"": 2.0755030356655357}"
709,2026-06-05T19:38:22.435729+00:00,lgbm,ranking_rf,709,4565,7,1000,0.8206833338223115,731,269,0.4961176083664688,"[""V176"", ""V191"", ""V255"", ""V160"", ""V224"", ""V215"", ""V380""]","{""n_estimators"": 268, ""learning_rate"": 0.10966050448368478, ""num_leaves"": 52, ""min_child_samples"": 33, ""colsample_bytree"": 0.9776143251713779, ""reg_alpha"": 0.8437862717069549, ""reg_lambda"": 1.5971273324081314}"
710,2026-06-05T19:38:46.403224+00:00,lgbm,ranking_rf,710,4790,8,999,0.7823508474254127,759,240,0.49661533623766,"[""V176"", ""V191"", ""V255"", ""V160"", ""V224"", ""V215"", ""V380"", ""V342""]","{""n_estimators"": 115, ""learning_rate"": 0.11122507294308372, ""num_leaves"": 64, ""min_child_samples"": 26, ""colsample_bytree"": 0.5846626095692473, ""reg_alpha"": 0.007728810026688904, ""reg_lambda"": 1.3684618608429104}"
711,2026-06-05T19:39:57.269032+00:00,lgbm,ranking_rf,711,4765,7,999,0.784185650747229,744,255,0.4960539922536179,"[""V176"", ""V191"", ""V255"", ""V160"", ""V224"", ""V215"", ""V380""]","{""n_estimators"": 330, ""learning_rate"": 0.042254444920581155, ""num_leaves"": 61, ""min_child_samples"": 29, ""colsample_bytree"": 0.9588700011701243, ""reg_alpha"": 0.24703631790266378, ""reg_lambda"": 1.7545794328851105}"
712,2026-06-05T19:40:21.381594+00:00,lgbm,ranking_rf,712,4940,4,1000,0.7286969567929072,716,284,0.5023168949677358,"[""V176"", ""V191"", ""V255"", ""V160""]","{""n_estimators"": 197, ""learning_rate"": 0.12910857462708214, ""num_leaves"": 23, ""min_child_samples"": 10, ""colsample_bytree"": 0.8034980043334026, ""reg_alpha"": 0.19080149675389535, ""reg_lambda"": 1.4618915470399194}"
713,2026-06-05T19:40:43.207548+00:00,lgbm,ranking_rf,713,4955,8,996,0.7480085486072287,769,227,0.4969163571511691,"[""V176"", ""V191"", ""V255"", ""V160"", ""V224"", ""V215"", ""V380"", ""V342""]","{""n_estimators"": 145, ""learning_rate"": 0.06792924520321508, ""num_leaves"": 40, ""min_child_samples"": 33, ""colsample_bytree"": 0.8896917741370867, ""reg_alpha"": 0.6265340522209828, ""reg_lambda"": 2.111969439580048}"
714,2026-06-05T19:42:07.402092+00:00,lgbm,ranking_rf,714,4650,8,997,0.7921915147488057,749,248,0.4915524101761235,"[""V176"", ""V191"", ""V255"", ""V160"", ""V224"", ""V215"", ""V380"", ""V342""]","{""n_estimators"": 305, ""learning_rate"": 0.045482224483788164, ""num_leaves"": 86, ""min_child_samples"": 31, ""colsample_bytree"": 0.7806680107213091, ""reg_alpha"": 0.11129911067881304, ""reg_lambda"": 1.9623764003207136}"
715,2026-06-05T19:43:12.074154+00:00,lgbm,ranking_rf,715,4590,8,1000,0.8296773398049746,746,254,0.4936246203239513,"[""V176"", ""V191"", ""V255"", ""V160"", ""V224"", ""V215"", ""V380"", ""V342""]","{""n_estimators"": 285, ""learning_rate"": 0.0807587381266941, ""num_leaves"": 71, ""min_child_samples"": 41, ""colsample_bytree"": 0.732239385064385, ""reg_alpha"": 0.14882206586998403, ""reg_lambda"": 1.835901763352801}"
716,2026-06-05T19:44:21.882001+00:00,lgbm,ranking_rf,716,4435,6,1000,0.811883948648876,709,291,0.4949592470358644,"[""V176"", ""V191"", ""V255"", ""V160"", ""V224"", ""V215""]","{""n_estimators"": 338, ""learning_rate"": 0.07986961744659482, ""num_leaves"": 85, ""min_child_samples"": 43, ""colsample_bytree"": 0.6973567222209316, ""reg_alpha"": 0.7869766929717555, ""reg_lambda"": 0.6388969742648423}"
717,2026-06-05T19:44:53.440040+00:00,lgbm,ranking_rf,717,4905,5,1000,0.721913470556531,727,273,0.49485640416369525,"[""V176"", ""V191"", ""V255"", ""V160"", ""V224""]","{""n_estimators"": 122, ""learning_rate"": 0.061462058369808246, ""num_leaves"": 76, ""min_child_samples"": 31, ""colsample_bytree"": 0.9499741725704477, ""reg_alpha"": 0.8409544107869518, ""reg_lambda"": 2.0447352985562195}"
718,2026-06-05T19:45:23.760935+00:00,lgbm,ranking_rf,718,4975,6,1000,0.702744488972619,745,255,0.49725978735169263,"[""V176"", ""V191"", ""V255"", ""V160"", ""V224"", ""V215""]","{""n_estimators"": 231, ""learning_rate"": 0.04206342026276844, ""num_leaves"": 33, ""min_child_samples"": 34, ""colsample_bytree"": 0.5309578274178401, ""reg_alpha"": 0.1669012880055849, ""reg_lambda"": 1.0842779398626814}"
719,2026-06-05T19:45:53.362461+00:00,lgbm,ranking_rf,719,4630,9,1000,0.8087594903483627,762,238,0.4938956015377875,"[""V176"", ""V191"", ""V255"", ""V160"", ""V224"", ""V215"", ""V380"", ""V342"", ""V483""]","{""n_estimators"": 166, ""learning_rate"": 0.13670481558601066, ""num_leaves"": 55, ""min_child_samples"": 41, ""colsample_bytree"": 0.5302371374320369, ""reg_alpha"": 0.5687379015577061, ""reg_lambda"": 1.5641422492209942}"
720,2026-06-05T19:46:23.422908+00:00,lgbm,ranking_rf,720,5125,4,999,0.6773928899230737,728,271,0.4975471395602892,"[""V176"", ""V191"", ""V255"", ""V160""]","{""n_estimators"": 210, ""learning_rate"": 0.03221374148210516, ""num_leaves"": 25, ""min_child_samples"": 17, ""colsample_bytree"": 0.830426450548515, ""reg_alpha"": 0.9867296281157237, ""reg_lambda"": 1.3545206416563587}"
721,2026-06-05T19:47:32.723957+00:00,lgbm,ranking_rf,721,4490,7,1000,0.8368654821665388,726,274,0.49418462889079656,"[""V176"", ""V191"", ""V255"", ""V160"", ""V224"", ""V215"", ""V380""]","{""n_estimators"": 275, ""learning_rate"": 0.12688912071549308, ""num_leaves"": 80, ""min_child_samples"": 27, ""colsample_bytree"": 0.5326112867658184, ""reg_alpha"": 0.831088702648476, ""reg_lambda"": 1.4670331289354495}"
722,2026-06-05T19:48:36.742922+00:00,lgbm,ranking_rf,722,4605,8,997,0.8945557978469967,746,251,0.4960761325885326,"[""V176"", ""V191"", ""V255"", ""V160"", ""V224"", ""V215"", ""V380"", ""V342""]","{""n_estimators"": 285, ""learning_rate"": 0.13025732115820704, ""num_leaves"": 54, ""min_child_samples"": 38, ""colsample_bytree"": 0.9398643151265091, ""reg_alpha"": 0.08437247928804048, ""reg_lambda"": 0.9694524921330883}"
723,2026-06-05T19:49:00.564232+00:00,lgbm,ranking_rf,723,4885,6,1000,0.7373050862485869,739,261,0.49912481455463376,"[""V176"", ""V191"", ""V255"", ""V160"", ""V224"", ""V215""]","{""n_estimators"": 204, ""learning_rate"": 0.08473535491247239, ""num_leaves"": 28, ""min_child_samples"": 32, ""colsample_bytree"": 0.7452260951513883, ""reg_alpha"": 0.1375743912529891, ""reg_lambda"": 1.5715508249082857}"
724,2026-06-05T19:50:04.261099+00:00,lgbm,ranking_rf,724,4555,7,999,0.8125437311841974,730,269,0.4951158561753606,"[""V176"", ""V191"", ""V255"", ""V160"", ""V224"", ""V215"", ""V380""]","{""n_estimators"": 283, ""learning_rate"": 0.07417577086874777, ""num_leaves"": 97, ""min_child_samples"": 41, ""colsample_bytree"": 0.8875602222046846, ""reg_alpha"": 0.1639696003939558, ""reg_lambda"": 2.0219304587535953}"
725,2026-06-05T19:50:30.313448+00:00,lgbm,ranking_rf,725,4930,6,1000,0.711539868583085,742,258,0.4957672179205391,"[""V176"", ""V191"", ""V255"", ""V160"", ""V224"", ""V215""]","{""n_estimators"": 106, ""learning_rate"": 0.05537664961242146, ""num_leaves"": 69, ""min_child_samples"": 37, ""colsample_bytree"": 0.7358844974157215, ""reg_alpha"": 0.011010584229238729, ""reg_lambda"": 1.1533838264846052}"
726,2026-06-05T19:51:01.538996+00:00,lgbm,ranking_rf,726,4640,8,993,0.8250130510251598,747,246,0.49314320980896803,"[""V176"", ""V191"", ""V255"", ""V160"", ""V224"", ""V215"", ""V380"", ""V342""]","{""n_estimators"": 103, ""learning_rate"": 0.1615594367302014, ""num_leaves"": 86, ""min_child_samples"": 21, ""colsample_bytree"": 0.7467728790573869, ""reg_alpha"": 0.21673837681366304, ""reg_lambda"": 2.357268793714793}"
727,2026-06-05T19:51:42.637270+00:00,lgbm,ranking_rf,727,4980,6,999,0.7314767080087822,745,254,0.4970628680562966,"[""V176"", ""V191"", ""V255"", ""V160"", ""V224"", ""V215""]","{""n_estimators"": 177, ""learning_rate"": 0.04384399462949724, ""num_leaves"": 61, ""min_child_samples"": 10, ""colsample_bytree"": 0.8977725696483372, ""reg_alpha"": 0.2679938602264118, ""reg_lambda"": 2.1155066755762144}"
728,2026-06-05T19:52:35.908363+00:00,lgbm,ranking_rf,728,4410,8,994,0.8798873083174689,732,262,0.49320164910550657,"[""V176"", ""V191"", ""V255"", ""V160"", ""V224"", ""V215"", ""V380"", ""V342""]","{""n_estimators"": 222, ""learning_rate"": 0.1544873802370964, ""num_leaves"": 66, ""min_child_samples"": 23, ""colsample_bytree"": 0.93413554694085, ""reg_alpha"": 0.5002460541644184, ""reg_lambda"": 1.1627770049504575}"
729,2026-06-05T19:54:04.703289+00:00,lgbm,ranking_rf,729,4535,8,999,0.8704052395456016,742,257,0.4921756140172696,"[""V176"", ""V191"", ""V255"", ""V160"", ""V224"", ""V215"", ""V380"", ""V342""]","{""n_estimators"": 361, ""learning_rate"": 0.10497484181317661, ""num_leaves"": 96, ""min_child_samples"": 38, ""colsample_bytree"": 0.7635427446207876, ""reg_alpha"": 0.5296326984591011, ""reg_lambda"": 0.8970308201620469}"
730,2026-06-05T19:54:42.379561+00:00,lgbm,ranking_rf,730,4955,7,997,0.7336804918460901,756,241,0.49668447859077,"[""V176"", ""V191"", ""V255"", ""V160"", ""V224"", ""V215"", ""V380""]","{""n_estimators"": 225, ""learning_rate"": 0.04145890627010773, ""num_leaves"": 42, ""min_child_samples"": 43, ""colsample_bytree"": 0.6814960492695681, ""reg_alpha"": 0.03664395132226739, ""reg_lambda"": 1.0515728074998292}"
731,2026-06-05T19:55:27.391645+00:00,lgbm,ranking_rf,731,4765,7,999,0.7852175057023228,744,255,0.49786151189301436,"[""V176"", ""V191"", ""V255"", ""V160"", ""V224"", ""V215"", ""V380""]","{""n_estimators"": 360, ""learning_rate"": 0.06936355445303621, ""num_leaves"": 31, ""min_child_samples"": 48, ""colsample_bytree"": 0.9296145566395906, ""reg_alpha"": 0.3458222134049671, ""reg_lambda"": 0.9327468880374306}"
732,2026-06-05T19:56:02.805831+00:00,lgbm,ranking_rf,732,4460,8,996,0.8830565543824269,736,260,0.4911743818642817,"[""V176"", ""V191"", ""V255"", ""V160"", ""V224"", ""V215"", ""V380"", ""V342""]","{""n_estimators"": 189, ""learning_rate"": 0.17553156154048413, ""num_leaves"": 54, ""min_child_samples"": 36, ""colsample_bytree"": 0.9194196071273804, ""reg_alpha"": 0.06025111886032153, ""reg_lambda"": 0.5247637105804892}"
733,2026-06-05T19:56:23.967238+00:00,lgbm,ranking_rf,733,4700,7,1000,0.7884153538858956,740,260,0.49745464643497617,"[""V176"", ""V191"", ""V255"", ""V160"", ""V224"", ""V215"", ""V380""]","{""n_estimators"": 159, ""learning_rate"": 0.1461822310345822, ""num_leaves"": 36, ""min_child_samples"": 41, ""colsample_bytree"": 0.8166486614981345, ""reg_alpha"": 0.5800218719813209, ""reg_lambda"": 1.8095196949287888}"
734,2026-06-05T19:57:24.457933+00:00,lgbm,ranking_rf,734,4530,8,1000,0.8755718707744377,742,258,0.4926305430695275,"[""V176"", ""V191"", ""V255"", ""V160"", ""V224"", ""V215"", ""V380"", ""V342""]","{""n_estimators"": 225, ""learning_rate"": 0.12954449575411145, ""num_leaves"": 98, ""min_child_samples"": 31, ""colsample_bytree"": 0.656070620558322, ""reg_alpha"": 0.22670932275526534, ""reg_lambda"": 0.8254770178780122}"
735,2026-06-05T19:58:37.730772+00:00,lgbm,ranking_rf,735,4355,8,999,0.8847621275040408,730,269,0.49393142877092505,"[""V176"", ""V191"", ""V255"", ""V160"", ""V224"", ""V215"", ""V380"", ""V342""]","{""n_estimators"": 292, ""learning_rate"": 0.17807096909963369, ""num_leaves"": 79, ""min_child_samples"": 16, ""colsample_bytree"": 0.8980386294521465, ""reg_alpha"": 0.8841527127145354, ""reg_lambda"": 0.9146690978878427}"
736,2026-06-05T19:59:58.543607+00:00,lgbm,ranking_rf,736,4395,8,1000,0.8659309422185285,733,267,0.49424779164150584,"[""V176"", ""V191"", ""V255"", ""V160"", ""V224"", ""V215"", ""V380"", ""V342""]","{""n_estimators"": 248, ""learning_rate"": 0.14520183159978983, ""num_leaves"": 89, ""min_child_samples"": 23, ""colsample_bytree"": 0.8375467569411162, ""reg_alpha"": 0.8351204320200243, ""reg_lambda"": 1.3215958394511154}"
737,2026-06-05T20:00:31.598695+00:00,lgbm,ranking_rf,737,4665,6,999,0.7583023399405565,724,275,0.5013176722084074,"[""V176"", ""V191"", ""V255"", ""V160"", ""V224"", ""V215""]","{""n_estimators"": 186, ""learning_rate"": 0.10522476787903982, ""num_leaves"": 48, ""min_child_samples"": 12, ""colsample_bytree"": 0.5723870746625862, ""reg_alpha"": 0.7963174071582907, ""reg_lambda"": 0.8515798065265139}"
738,2026-06-05T20:01:29.496344+00:00,lgbm,ranking_rf,738,4565,8,993,0.853700908154735,742,251,0.49504194060524515,"[""V176"", ""V191"", ""V255"", ""V160"", ""V224"", ""V215"", ""V380"", ""V342""]","{""n_estimators"": 173, ""learning_rate"": 0.12889863212039082, ""num_leaves"": 83, ""min_child_samples"": 17, ""colsample_bytree"": 0.7805946219411527, ""reg_alpha"": 0.13410243583131498, ""reg_lambda"": 2.379670479011331}"
739,2026-06-05T20:02:19.835887+00:00,lgbm,ranking_rf,739,4710,8,1000,0.7857750664119904,754,246,0.4932273547678778,"[""V176"", ""V191"", ""V255"", ""V160"", ""V224"", ""V215"", ""V380"", ""V342""]","{""n_estimators"": 162, ""learning_rate"": 0.0822433547184695, ""num_leaves"": 86, ""min_child_samples"": 22, ""colsample_bytree"": 0.7293709291449453, ""reg_alpha"": 0.9856767895476645, ""reg_lambda"": 1.4093046814707668}"
740,2026-06-05T20:03:32.840560+00:00,lgbm,ranking_rf,740,4425,8,1000,0.8706021857339354,735,265,0.49220344701605534,"[""V176"", ""V191"", ""V255"", ""V160"", ""V224"", ""V215"", ""V380"", ""V342""]","{""n_estimators"": 245, ""learning_rate"": 0.15475987004277467, ""num_leaves"": 75, ""min_child_samples"": 27, ""colsample_bytree"": 0.6941496498709119, ""reg_alpha"": 0.656367596132395, ""reg_lambda"": 0.8970313701110575}"
741,2026-06-05T20:04:46.310904+00:00,lgbm,ranking_rf,741,4635,8,1000,0.854093288091684,749,251,0.4913539774889695,"[""V176"", ""V191"", ""V255"", ""V160"", ""V224"", ""V215"", ""V380"", ""V342""]","{""n_estimators"": 289, ""learning_rate"": 0.1083068859493127, ""num_leaves"": 94, ""min_child_samples"": 39, ""colsample_bytree"": 0.614711589585172, ""reg_alpha"": 0.36862923918557366, ""reg_lambda"": 1.0370509466149742}"
742,2026-06-05T20:05:37.542635+00:00,lgbm,ranking_rf,742,4590,8,1000,0.8313513920587767,746,254,0.49876118076860404,"[""V176"", ""V191"", ""V255"", ""V160"", ""V224"", ""V215"", ""V380"", ""V342""]","{""n_estimators"": 364, ""learning_rate"": 0.09920572990552427, ""num_leaves"": 36, ""min_child_samples"": 39, ""colsample_bytree"": 0.9076848405927849, ""reg_alpha"": 0.971266281633643, ""reg_lambda"": 0.8855521542182379}"
743,2026-06-05T20:07:10.213609+00:00,lgbm,ranking_rf,743,4385,8,996,0.877684373198493,731,265,0.4915365345738541,"[""V176"", ""V191"", ""V255"", ""V160"", ""V224"", ""V215"", ""V380"", ""V342""]","{""n_estimators"": 318, ""learning_rate"": 0.09148203446477325, ""num_leaves"": 94, ""min_child_samples"": 39, ""colsample_bytree"": 0.997772931124544, ""reg_alpha"": 0.2684855145634003, ""reg_lambda"": 0.7222418281884244}"
744,2026-06-05T20:09:37.653840+00:00,lgbm,ranking_rf,744,4495,6,997,0.8805235007409856,712,285,0.49382467118345924,"[""V176"", ""V191"", ""V255"", ""V160"", ""V224"", ""V215""]","{""n_estimators"": 378, ""learning_rate"": 0.11899105483043038, ""num_leaves"": 92, ""min_child_samples"": 16, ""colsample_bytree"": 0.6177855956945293, ""reg_alpha"": 0.2927134490332668, ""reg_lambda"": 2.1629478101879362}"
745,2026-06-05T20:10:17.560322+00:00,lgbm,ranking_rf,745,4920,8,1000,0.7451197999287911,768,232,0.4953333355199781,"[""V176"", ""V191"", ""V255"", ""V160"", ""V224"", ""V215"", ""V380"", ""V342""]","{""n_estimators"": 168, ""learning_rate"": 0.0435513001475376, ""num_leaves"": 59, ""min_child_samples"": 35, ""colsample_bytree"": 0.9693253807274855, ""reg_alpha"": 0.4725189631956258, ""reg_lambda"": 2.3633333559402865}"
746,2026-06-05T20:10:49.739035+00:00,lgbm,ranking_rf,746,4945,6,1000,0.7034785270393377,743,257,0.4954709702770384,"[""V176"", ""V191"", ""V255"", ""V160"", ""V224"", ""V215""]","{""n_estimators"": 123, ""learning_rate"": 0.03795736994204317, ""num_leaves"": 69, ""min_child_samples"": 28, ""colsample_bytree"": 0.9109743913273685, ""reg_alpha"": 0.11011820951904094, ""reg_lambda"": 1.7311129939313652}"
747,2026-06-05T20:11:27.382396+00:00,lgbm,ranking_rf,747,4680,8,1000,0.7961685523445037,752,248,0.49603564313874376,"[""V176"", ""V191"", ""V255"", ""V160"", ""V224"", ""V215"", ""V380"", ""V342""]","{""n_estimators"": 208, ""learning_rate"": 0.1205076305007437, ""num_leaves"": 41, ""min_child_samples"": 47, ""colsample_bytree"": 0.5750150418327921, ""reg_alpha"": 0.8039201628138898, ""reg_lambda"": 1.9814446212016497}"
748,2026-06-05T20:12:31.631014+00:00,lgbm,ranking_rf,748,4725,8,1000,0.8255719326689648,755,245,0.4973583364982718,"[""V176"", ""V191"", ""V255"", ""V160"", ""V224"", ""V215"", ""V380"", ""V342""]","{""n_estimators"": 329, ""learning_rate"": 0.06955764681008086, ""num_leaves"": 49, ""min_child_samples"": 31, ""colsample_bytree"": 0.8941537572206069, ""reg_alpha"": 0.5238465692641413, ""reg_lambda"": 0.8332509617213595}"
749,2026-06-05T20:13:25.075550+00:00,lgbm,ranking_rf,749,4680,8,1000,0.7765459477617513,752,248,0.4923930497366502,"[""V176"", ""V191"", ""V255"", ""V160"", ""V224"", ""V215"", ""V380"", ""V342""]","{""n_estimators"": 197, ""learning_rate"": 0.08066951268509517, ""num_leaves"": 81, ""min_child_samples"": 43, ""colsample_bytree"": 0.6816878690020289, ""reg_alpha"": 0.16501300756619341, ""reg_lambda"": 2.354398473530529}"
750,2026-06-05T20:13:55.031936+00:00,lgbm,ranking_rf,750,4895,4,1000,0.6969175257543947,713,287,0.49804894735107647,"[""V176"", ""V191"", ""V255"", ""V160""]","{""n_estimators"": 247, ""learning_rate"": 0.060256203315658494, ""num_leaves"": 27, ""min_child_samples"": 47, ""colsample_bytree"": 0.5508213015464094, ""reg_alpha"": 0.5767556710536081, ""reg_lambda"": 1.3385002727848772}"
751,2026-06-05T20:14:14.059490+00:00,lgbm,ranking_rf,751,4810,6,1000,0.7753638135948466,734,266,0.499165517672691,"[""V176"", ""V191"", ""V255"", ""V160"", ""V224"", ""V215""]","{""n_estimators"": 200, ""learning_rate"": 0.17258568863299925, ""num_leaves"": 21, ""min_child_samples"": 18, ""colsample_bytree"": 0.9698535105178642, ""reg_alpha"": 0.7015827165025252, ""reg_lambda"": 0.5022054182703144}"
752,2026-06-05T20:14:36.661880+00:00,lgbm,ranking_rf,752,5105,4,991,0.7045422440030508,724,267,0.49748763600488444,"[""V176"", ""V191"", ""V255"", ""V160""]","{""n_estimators"": 161, ""learning_rate"": 0.05571541634459773, ""num_leaves"": 34, ""min_child_samples"": 40, ""colsample_bytree"": 0.9039978635583352, ""reg_alpha"": 0.7790562700731543, ""reg_lambda"": 2.422914077564559}"
753,2026-06-05T20:15:00.663606+00:00,lgbm,ranking_rf,753,4780,8,998,0.7993701081203832,758,240,0.49701240854263007,"[""V176"", ""V191"", ""V255"", ""V160"", ""V224"", ""V215"", ""V380"", ""V342""]","{""n_estimators"": 145, ""learning_rate"": 0.15664613337659722, ""num_leaves"": 37, ""min_child_samples"": 38, ""colsample_bytree"": 0.860061781220681, ""reg_alpha"": 0.9351314879211198, ""reg_lambda"": 2.2302421780482704}"
754,2026-06-05T20:15:34.017470+00:00,lgbm,ranking_rf,754,4905,8,1000,0.7720219397123262,767,233,0.5035665161552675,"[""V176"", ""V191"", ""V255"", ""V160"", ""V224"", ""V215"", ""V380"", ""V342""]","{""n_estimators"": 286, ""learning_rate"": 0.08369556939797448, ""num_leaves"": 30, ""min_child_samples"": 12, ""colsample_bytree"": 0.528177680223284, ""reg_alpha"": 0.6656489649899912, ""reg_lambda"": 0.7578796432996586}"
755,2026-06-05T20:15:53.052606+00:00,lgbm,ranking_rf,755,5095,4,999,0.6584435608247295,726,273,0.49772942515063623,"[""V176"", ""V191"", ""V255"", ""V160""]","{""n_estimators"": 229, ""learning_rate"": 0.03001968709428569, ""num_leaves"": 24, ""min_child_samples"": 18, ""colsample_bytree"": 0.5758955247691827, ""reg_alpha"": 0.4249747141584215, ""reg_lambda"": 1.990951934480599}"
756,2026-06-05T20:16:11.702590+00:00,lgbm,ranking_rf,756,4805,6,998,0.7794355395413444,733,265,0.5005884863847443,"[""V176"", ""V191"", ""V255"", ""V160"", ""V224"", ""V215""]","{""n_estimators"": 248, ""learning_rate"": 0.14351575312663065, ""num_leaves"": 22, ""min_child_samples"": 30, ""colsample_bytree"": 0.7589477723094264, ""reg_alpha"": 0.317396112653185, ""reg_lambda"": 0.6643220420116445}"
757,2026-06-05T20:17:10.836091+00:00,lgbm,ranking_rf,757,4735,9,1000,0.8053049670125442,769,231,0.49679639997685554,"[""V176"", ""V191"", ""V255"", ""V160"", ""V224"", ""V215"", ""V380"", ""V342"", ""V483""]","{""n_estimators"": 296, ""learning_rate"": 0.058427704813068665, ""num_leaves"": 57, ""min_child_samples"": 25, ""colsample_bytree"": 0.8856453288526932, ""reg_alpha"": 0.14256260244141838, ""reg_lambda"": 1.6644206222494982}"
758,2026-06-05T20:18:03.694802+00:00,lgbm,ranking_rf,758,4775,8,999,0.8254897484439919,758,241,0.4994626357974017,"[""V176"", ""V191"", ""V255"", ""V160"", ""V224"", ""V215"", ""V380"", ""V342""]","{""n_estimators"": 390, ""learning_rate"": 0.1004565802079022, ""num_leaves"": 33, ""min_child_samples"": 19, ""colsample_bytree"": 0.9513633389520124, ""reg_alpha"": 0.8963321975568034, ""reg_lambda"": 1.9771744365982182}"
759,2026-06-05T20:19:19.698801+00:00,lgbm,ranking_rf,759,4580,8,999,0.8425489477794275,745,254,0.49111185703476784,"[""V176"", ""V191"", ""V255"", ""V160"", ""V224"", ""V215"", ""V380"", ""V342""]","{""n_estimators"": 244, ""learning_rate"": 0.09596382793284458, ""num_leaves"": 91, ""min_child_samples"": 35, ""colsample_bytree"": 0.9089287408459781, ""reg_alpha"": 0.1734736059337615, ""reg_lambda"": 2.170384768377565}"
760,2026-06-05T20:19:50.172059+00:00,lgbm,ranking_rf,760,5070,8,1000,0.7271886633900972,778,222,0.4987176512459335,"[""V176"", ""V191"", ""V255"", ""V160"", ""V224"", ""V215"", ""V380"", ""V342""]","{""n_estimators"": 236, ""learning_rate"": 0.047541663194858655, ""num_leaves"": 24, ""min_child_samples"": 11, ""colsample_bytree"": 0.7937341681792032, ""reg_alpha"": 0.5622125297689885, ""reg_lambda"": 2.2681442444721442}"
761,2026-06-05T20:20:15.188062+00:00,lgbm,ranking_rf,761,4935,6,996,0.6954788500020039,741,255,0.4953599283396672,"[""V176"", ""V191"", ""V255"", ""V160"", ""V224"", ""V215""]","{""n_estimators"": 112, ""learning_rate"": 0.048523494152078864, ""num_leaves"": 54, ""min_child_samples"": 24, ""colsample_bytree"": 0.7093635834425942, ""reg_alpha"": 0.4970077287478185, ""reg_lambda"": 2.2212801011514953}"
762,2026-06-05T20:21:41.383591+00:00,lgbm,ranking_rf,762,4580,8,999,0.851125822601066,745,254,0.49574817054968706,"[""V176"", ""V191"", ""V255"", ""V160"", ""V224"", ""V215"", ""V380"", ""V342""]","{""n_estimators"": 385, ""learning_rate"": 0.06814510524692113, ""num_leaves"": 56, ""min_child_samples"": 30, ""colsample_bytree"": 0.9504679829356848, ""reg_alpha"": 0.2995264771424676, ""reg_lambda"": 0.720756781837834}"
763,2026-06-05T20:22:13.075750+00:00,lgbm,ranking_rf,763,4580,7,1000,0.7921127544165332,732,268,0.4940569119449226,"[""V176"", ""V191"", ""V255"", ""V160"", ""V224"", ""V215"", ""V380""]","{""n_estimators"": 154, ""learning_rate"": 0.1341825648241911, ""num_leaves"": 52, ""min_child_samples"": 42, ""colsample_bytree"": 0.5699747186740158, ""reg_alpha"": 0.09218034549602361, ""reg_lambda"": 1.5838793447098583}"
764,2026-06-05T20:23:14.729022+00:00,lgbm,ranking_rf,764,4460,7,1000,0.8567899760747351,724,276,0.4941018322131764,"[""V176"", ""V191"", ""V255"", ""V160"", ""V224"", ""V215"", ""V380""]","{""n_estimators"": 273, ""learning_rate"": 0.1485310254258199, ""num_leaves"": 70, ""min_child_samples"": 29, ""colsample_bytree"": 0.549181702051668, ""reg_alpha"": 0.70510703949888, ""reg_lambda"": 1.101087311316014}"
765,2026-06-05T20:24:23.662251+00:00,lgbm,ranking_rf,765,4420,9,1000,0.8940854846091547,748,252,0.4927971112152178,"[""V176"", ""V191"", ""V255"", ""V160"", ""V224"", ""V215"", ""V380"", ""V342"", ""V483""]","{""n_estimators"": 290, ""learning_rate"": 0.160656849768427, ""num_leaves"": 96, ""min_child_samples"": 47, ""colsample_bytree"": 0.8432237309023219, ""reg_alpha"": 0.19713537596311226, ""reg_lambda"": 1.8450804897481867}"
766,2026-06-05T20:24:38.806331+00:00,lgbm,ranking_rf,766,5145,6,999,0.7188508021805287,756,243,0.49668253522499234,"[""V176"", ""V191"", ""V255"", ""V160"", ""V224"", ""V215""]","{""n_estimators"": 129, ""learning_rate"": 0.0848068893668688, ""num_leaves"": 24, ""min_child_samples"": 37, ""colsample_bytree"": 0.9717816056110788, ""reg_alpha"": 0.25553296685735905, ""reg_lambda"": 1.9673338208655133}"
767,2026-06-05T20:26:13.718507+00:00,lgbm,ranking_rf,767,4365,8,1000,0.8718348455512651,731,269,0.4921817079695305,"[""V176"", ""V191"", ""V255"", ""V160"", ""V224"", ""V215"", ""V380"", ""V342""]","{""n_estimators"": 334, ""learning_rate"": 0.09338630827640496, ""num_leaves"": 79, ""min_child_samples"": 29, ""colsample_bytree"": 0.8739739697307687, ""reg_alpha"": 0.38596981663463836, ""reg_lambda"": 1.491611860895208}"
768,2026-06-05T20:27:05.277499+00:00,lgbm,ranking_rf,768,4560,8,1000,0.8036570755462755,744,256,0.4952931851948763,"[""V176"", ""V191"", ""V255"", ""V160"", ""V224"", ""V215"", ""V380"", ""V342""]","{""n_estimators"": 295, ""learning_rate"": 0.08549479813675015, ""num_leaves"": 51, ""min_child_samples"": 47, ""colsample_bytree"": 0.6032107149795479, ""reg_alpha"": 0.9070064325954534, ""reg_lambda"": 1.4354778327676843}"
769,2026-06-05T20:28:07.134997+00:00,lgbm,ranking_rf,769,4565,8,999,0.8421572773381966,744,255,0.49183252601462607,"[""V176"", ""V191"", ""V255"", ""V160"", ""V224"", ""V215"", ""V380"", ""V342""]","{""n_estimators"": 226, ""learning_rate"": 0.12794867378718666, ""num_leaves"": 86, ""min_child_samples"": 32, ""colsample_bytree"": 0.5282711444793564, ""reg_alpha"": 0.5122905414002222, ""reg_lambda"": 0.8246265505506991}"
770,2026-06-05T20:29:17.928123+00:00,lgbm,ranking_rf,770,4485,8,985,0.8690935340497682,734,251,0.49305334534140066,"[""V176"", ""V191"", ""V255"", ""V160"", ""V224"", ""V215"", ""V380"", ""V342""]","{""n_estimators"": 320, ""learning_rate"": 0.11718489983279924, ""num_leaves"": 85, ""min_child_samples"": 47, ""colsample_bytree"": 0.7033931351654574, ""reg_alpha"": 0.23094800173460572, ""reg_lambda"": 1.8484682787378266}"
771,2026-06-05T20:29:46.647792+00:00,lgbm,ranking_rf,771,4650,8,1000,0.7981708846952984,750,250,0.49664070345011635,"[""V176"", ""V191"", ""V255"", ""V160"", ""V224"", ""V215"", ""V380"", ""V342""]","{""n_estimators"": 124, ""learning_rate"": 0.12427584618413812, ""num_leaves"": 57, ""min_child_samples"": 23, ""colsample_bytree"": 0.9085522501942063, ""reg_alpha"": 0.6836967514278922, ""reg_lambda"": 1.0517655229944995}"
772,2026-06-05T20:31:29.967929+00:00,lgbm,ranking_rf,772,4585,7,999,0.8179811662005028,732,267,0.49282253678092364,"[""V176"", ""V191"", ""V255"", ""V160"", ""V224"", ""V215"", ""V380""]","{""n_estimators"": 382, ""learning_rate"": 0.05440149395323754, ""num_leaves"": 87, ""min_child_samples"": 40, ""colsample_bytree"": 0.9431277096516588, ""reg_alpha"": 0.16524806653277402, ""reg_lambda"": 1.8666051738058966}"
773,2026-06-05T20:32:13.966504+00:00,lgbm,ranking_rf,773,4665,8,997,0.8286700363321915,750,247,0.49190770057611216,"[""V176"", ""V191"", ""V255"", ""V160"", ""V224"", ""V215"", ""V380"", ""V342""]","{""n_estimators"": 134, ""learning_rate"": 0.12689543375512502, ""num_leaves"": 96, ""min_child_samples"": 36, ""colsample_bytree"": 0.8793426817977645, ""reg_alpha"": 0.1779019521301075, ""reg_lambda"": 0.9532764523677553}"
774,2026-06-05T20:32:42.585085+00:00,lgbm,ranking_rf,774,4680,8,1000,0.7857944349079589,752,248,0.5006090991189862,"[""V176"", ""V191"", ""V255"", ""V160"", ""V224"", ""V215"", ""V380"", ""V342""]","{""n_estimators"": 125, ""learning_rate"": 0.13093945206183707, ""num_leaves"": 55, ""min_child_samples"": 13, ""colsample_bytree"": 0.5371136763723561, ""reg_alpha"": 0.30877470788603734, ""reg_lambda"": 0.9918376054127396}"
775,2026-06-05T20:33:38.459533+00:00,lgbm,ranking_rf,775,4515,9,999,0.853803701673461,754,245,0.4936636169076387,"[""V176"", ""V191"", ""V255"", ""V160"", ""V224"", ""V215"", ""V380"", ""V342"", ""V483""]","{""n_estimators"": 178, ""learning_rate"": 0.12083352097538312, ""num_leaves"": 79, ""min_child_samples"": 25, ""colsample_bytree"": 0.8704427315801724, ""reg_alpha"": 0.49143082462986, ""reg_lambda"": 0.8004655969473597}"
776,2026-06-05T20:33:55.942963+00:00,lgbm,ranking_rf,776,5015,4,1000,0.6899395259348543,721,279,0.498142501608806,"[""V176"", ""V191"", ""V255"", ""V160""]","{""n_estimators"": 171, ""learning_rate"": 0.06702471519248786, ""num_leaves"": 20, ""min_child_samples"": 25, ""colsample_bytree"": 0.6911742884830971, ""reg_alpha"": 0.03510655469779611, ""reg_lambda"": 2.29550527946549}"
777,2026-06-05T20:34:57.225652+00:00,lgbm,ranking_rf,777,4850,7,1000,0.7643939874849965,750,250,0.49931621423620964,"[""V176"", ""V191"", ""V255"", ""V160"", ""V224"", ""V215"", ""V380""]","{""n_estimators"": 315, ""learning_rate"": 0.051463859628501266, ""num_leaves"": 47, ""min_child_samples"": 17, ""colsample_bytree"": 0.8988739116626947, ""reg_alpha"": 0.26409003119207375, ""reg_lambda"": 2.464529279664487}"
778,2026-06-05T20:35:45.796280+00:00,lgbm,ranking_rf,778,4510,8,998,0.8427557309629863,740,258,0.4952348092977547,"[""V176"", ""V191"", ""V255"", ""V160"", ""V224"", ""V215"", ""V380"", ""V342""]","{""n_estimators"": 203, ""learning_rate"": 0.12696746316070473, ""num_leaves"": 58, ""min_child_samples"": 33, ""colsample_bytree"": 0.8181271458411974, ""reg_alpha"": 0.2480596664194269, ""reg_lambda"": 1.6270580876916205}"
779,2026-06-05T20:37:22.411231+00:00,lgbm,ranking_rf,779,4420,9,997,0.8863741551702309,747,250,0.4911658215945305,"[""V176"", ""V191"", ""V255"", ""V160"", ""V224"", ""V215"", ""V380"", ""V342"", ""V483""]","{""n_estimators"": 384, ""learning_rate"": 0.11965639360775938, ""num_leaves"": 78, ""min_child_samples"": 34, ""colsample_bytree"": 0.5988904692836834, ""reg_alpha"": 0.2827462078601112, ""reg_lambda"": 1.5724442585486984}"
780,2026-06-05T20:38:16.075450+00:00,lgbm,ranking_rf,780,4470,8,1000,0.8602576009249201,738,262,0.4991035354903873,"[""V176"", ""V191"", ""V255"", ""V160"", ""V224"", ""V215"", ""V380"", ""V342""]","{""n_estimators"": 374, ""learning_rate"": 0.15414994879357222, ""num_leaves"": 32, ""min_child_samples"": 30, ""colsample_bytree"": 0.8318503287199526, ""reg_alpha"": 0.4672608959704714, ""reg_lambda"": 2.4769201359314383}"
781,2026-06-05T20:39:26.737364+00:00,lgbm,ranking_rf,781,4415,7,1000,0.8584567148665629,721,279,0.49656897362630825,"[""V176"", ""V191"", ""V255"", ""V160"", ""V224"", ""V215"", ""V380""]","{""n_estimators"": 313, ""learning_rate"": 0.14982726845614264, ""num_leaves"": 54, ""min_child_samples"": 21, ""colsample_bytree"": 0.8934757121247465, ""reg_alpha"": 0.9666512776587253, ""reg_lambda"": 0.9114361137829992}"
782,2026-06-05T20:42:02.199474+00:00,lgbm,ranking_rf,782,4600,8,998,0.8523004314396752,746,252,0.49275245425362174,"[""V176"", ""V191"", ""V255"", ""V160"", ""V224"", ""V215"", ""V380"", ""V342""]","{""n_estimators"": 376, ""learning_rate"": 0.05609607298291752, ""num_leaves"": 99, ""min_child_samples"": 14, ""colsample_bytree"": 0.7948412520866122, ""reg_alpha"": 0.07964547027612279, ""reg_lambda"": 2.0218544273901564}"
783,2026-06-05T20:42:21.262597+00:00,lgbm,ranking_rf,783,4715,7,1000,0.7775919111883551,741,259,0.4990066505080709,"[""V176"", ""V191"", ""V255"", ""V160"", ""V224"", ""V215"", ""V380""]","{""n_estimators"": 110, ""learning_rate"": 0.16933764628689615, ""num_leaves"": 45, ""min_child_samples"": 13, ""colsample_bytree"": 0.7277712031977611, ""reg_alpha"": 0.9459315501581776, ""reg_lambda"": 0.9108303715129713}"
784,2026-06-05T20:42:34.757049+00:00,lgbm,ranking_rf,784,5125,4,999,0.6634065661299001,728,271,0.49707542803504673,"[""V176"", ""V191"", ""V255"", ""V160""]","{""n_estimators"": 118, ""learning_rate"": 0.03725313225705161, ""num_leaves"": 27, ""min_child_samples"": 33, ""colsample_bytree"": 0.6770950009761456, ""reg_alpha"": 0.7092044318761098, ""reg_lambda"": 1.685213765526271}"
785,2026-06-05T20:43:00.396650+00:00,lgbm,ranking_rf,785,4720,6,1000,0.7835101161790314,728,272,0.5005644905438751,"[""V176"", ""V191"", ""V255"", ""V160"", ""V224"", ""V215""]","{""n_estimators"": 249, ""learning_rate"": 0.1537248702605843, ""num_leaves"": 26, ""min_child_samples"": 33, ""colsample_bytree"": 0.614693243051921, ""reg_alpha"": 0.22604831784470691, ""reg_lambda"": 2.1402249010677075}"
786,2026-06-05T20:44:27.010442+00:00,lgbm,ranking_rf,786,4480,9,1000,0.8965019240960468,752,248,0.4920704954505445,"[""V176"", ""V191"", ""V255"", ""V160"", ""V224"", ""V215"", ""V380"", ""V342"", ""V483""]","{""n_estimators"": 316, ""learning_rate"": 0.1308432432226474, ""num_leaves"": 85, ""min_child_samples"": 28, ""colsample_bytree"": 0.9277634826180503, ""reg_alpha"": 0.4002542658055843, ""reg_lambda"": 0.976130451187539}"
787,2026-06-05T20:45:26.026996+00:00,lgbm,ranking_rf,787,4735,8,998,0.7915444504129584,755,243,0.498588196098232,"[""V176"", ""V191"", ""V255"", ""V160"", ""V224"", ""V215"", ""V380"", ""V342""]","{""n_estimators"": 386, ""learning_rate"": 0.046295589105164736, ""num_leaves"": 40, ""min_child_samples"": 33, ""colsample_bytree"": 0.9433961245188661, ""reg_alpha"": 0.29579432365474, ""reg_lambda"": 1.3961626645411878}"
788,2026-06-05T20:45:57.234582+00:00,lgbm,ranking_rf,788,4835,7,1000,0.7292860160347973,749,251,0.49604881191245104,"[""V176"", ""V191"", ""V255"", ""V160"", ""V224"", ""V215"", ""V380""]","{""n_estimators"": 145, ""learning_rate"": 0.052190209867640946, ""num_leaves"": 87, ""min_child_samples"": 47, ""colsample_bytree"": 0.9014002983872738, ""reg_alpha"": 0.4809414788335863, ""reg_lambda"": 2.4094557829291503}"
789,2026-06-05T20:46:49.396728+00:00,lgbm,ranking_rf,789,4930,6,1000,0.7517720239107593,742,258,0.49538636687692533,"[""V176"", ""V191"", ""V255"", ""V160"", ""V224"", ""V215""]","{""n_estimators"": 182, ""learning_rate"": 0.04849887015898041, ""num_leaves"": 77, ""min_child_samples"": 14, ""colsample_bytree"": 0.9191560663582156, ""reg_alpha"": 0.8288263904937723, ""reg_lambda"": 0.5692755927700688}"
790,2026-06-05T20:47:03.876045+00:00,lgbm,ranking_rf,790,5185,6,1000,0.6933940975292117,759,241,0.49631000053564,"[""V176"", ""V191"", ""V255"", ""V160"", ""V224"", ""V215""]","{""n_estimators"": 151, ""learning_rate"": 0.049860707480736566, ""num_leaves"": 21, ""min_child_samples"": 22, ""colsample_bytree"": 0.8122098403559737, ""reg_alpha"": 0.9754104669172309, ""reg_lambda"": 2.0177717812509424}"
791,2026-06-05T20:48:14.957092+00:00,lgbm,ranking_rf,791,4565,7,1000,0.8623745088289971,731,269,0.4973446389416813,"[""V176"", ""V191"", ""V255"", ""V160"", ""V224"", ""V215"", ""V380""]","{""n_estimators"": 340, ""learning_rate"": 0.13371151068462428, ""num_leaves"": 53, ""min_child_samples"": 15, ""colsample_bytree"": 0.9277723752569271, ""reg_alpha"": 0.4524596047918683, ""reg_lambda"": 1.538726035546009}"
792,2026-06-05T20:49:42.553379+00:00,lgbm,ranking_rf,792,4475,8,990,0.9162027098349093,735,255,0.4956446830908075,"[""V176"", ""V191"", ""V255"", ""V160"", ""V224"", ""V215"", ""V380"", ""V342""]","{""n_estimators"": 352, ""learning_rate"": 0.17657708750609147, ""num_leaves"": 70, ""min_child_samples"": 13, ""colsample_bytree"": 0.7039208323693525, ""reg_alpha"": 0.25176100165629156, ""reg_lambda"": 2.049921184676638}"
793,2026-06-05T20:50:27.196673+00:00,lgbm,ranking_rf,793,4990,6,1000,0.7556696496723327,746,254,0.4983609334019515,"[""V176"", ""V191"", ""V255"", ""V160"", ""V224"", ""V215""]","{""n_estimators"": 225, ""learning_rate"": 0.048775598831193444, ""num_leaves"": 54, ""min_child_samples"": 18, ""colsample_bytree"": 0.8907440188678205, ""reg_alpha"": 0.05930871322909137, ""reg_lambda"": 0.6063252632428764}"
794,2026-06-05T20:51:22.604850+00:00,lgbm,ranking_rf,794,4620,8,1000,0.8026848611636107,748,252,0.4945053552688409,"[""V176"", ""V191"", ""V255"", ""V160"", ""V224"", ""V215"", ""V380"", ""V342""]","{""n_estimators"": 225, ""learning_rate"": 0.09193026742814239, ""num_leaves"": 68, ""min_child_samples"": 35, ""colsample_bytree"": 0.7831811683701013, ""reg_alpha"": 0.7598444499237968, ""reg_lambda"": 2.4905293436877494}"
795,2026-06-05T20:51:56.728480+00:00,lgbm,ranking_rf,795,4725,6,999,0.7495201640907702,728,271,0.497228407347948,"[""V176"", ""V191"", ""V255"", ""V160"", ""V224"", ""V215""]","{""n_estimators"": 279, ""learning_rate"": 0.06243788926698828, ""num_leaves"": 36, ""min_child_samples"": 42, ""colsample_bytree"": 0.8323204174233736, ""reg_alpha"": 0.5682825948869089, ""reg_lambda"": 1.2292107221965833}"
796,2026-06-05T20:53:22.678072+00:00,lgbm,ranking_rf,796,4515,8,1000,0.8777934422924406,741,259,0.4960752539312726,"[""V176"", ""V191"", ""V255"", ""V160"", ""V224"", ""V215"", ""V380"", ""V342""]","{""n_estimators"": 392, ""learning_rate"": 0.10212531615367833, ""num_leaves"": 73, ""min_child_samples"": 20, ""colsample_bytree"": 0.9418184638774499, ""reg_alpha"": 0.644713087835808, ""reg_lambda"": 2.1950613496362146}"
797,2026-06-05T20:53:55.892582+00:00,lgbm,ranking_rf,797,4715,7,1000,0.7815167596720503,741,259,0.49912468696154666,"[""V176"", ""V191"", ""V255"", ""V160"", ""V224"", ""V215"", ""V380""]","{""n_estimators"": 330, ""learning_rate"": 0.08148051214167434, ""num_leaves"": 34, ""min_child_samples"": 37, ""colsample_bytree"": 0.665068702534386, ""reg_alpha"": 0.6250328104758595, ""reg_lambda"": 1.0456309831382993}"
798,2026-06-05T20:54:16.526010+00:00,lgbm,ranking_rf,798,4705,6,1000,0.7682088259083525,727,273,0.4986780386934288,"[""V176"", ""V191"", ""V255"", ""V160"", ""V224"", ""V215""]","{""n_estimators"": 162, ""learning_rate"": 0.1372351234536729, ""num_leaves"": 43, ""min_child_samples"": 21, ""colsample_bytree"": 0.7314473685619884, ""reg_alpha"": 0.72933382956665, ""reg_lambda"": 1.5738910380472302}"
799,2026-06-05T20:55:19.150702+00:00,lgbm,ranking_rf,799,4530,8,1000,0.8741558283489621,742,258,0.4920056629356959,"[""V176"", ""V191"", ""V255"", ""V160"", ""V224"", ""V215"", ""V380"", ""V342""]","{""n_estimators"": 284, ""learning_rate"": 0.09282555103034335, ""num_leaves"": 80, ""min_child_samples"": 23, ""colsample_bytree"": 0.5939578096076737, ""reg_alpha"": 0.1055248323611433, ""reg_lambda"": 0.6777609206815163}"
800,2026-06-05T20:55:42.913044+00:00,lgbm,ranking_rf,800,4950,8,1000,0.7433394560904737,770,230,0.4963133241151727,"[""V176"", ""V191"", ""V255"", ""V160"", ""V224"", ""V215"", ""V380"", ""V342""]","{""n_estimators"": 139, ""learning_rate"": 0.07194015069930274, ""num_leaves"": 53, ""min_child_samples"": 17, ""colsample_bytree"": 0.6655691908289061, ""reg_alpha"": 0.8323540326163303, ""reg_lambda"": 0.9673367125087426}"
801,2026-06-05T20:56:19.165249+00:00,lgbm,ranking_rf,801,4625,8,996,0.8466622214362945,747,249,0.5011140734704573,"[""V176"", ""V191"", ""V255"", ""V160"", ""V224"", ""V215"", ""V380"", ""V342""]","{""n_estimators"": 311, ""learning_rate"": 0.15421397382731847, ""num_leaves"": 35, ""min_child_samples"": 22, ""colsample_bytree"": 0.8540806482971977, ""reg_alpha"": 0.9576012401729852, ""reg_lambda"": 1.0696225836019344}"
802,2026-06-05T20:56:48.912728+00:00,lgbm,ranking_rf,802,4635,8,1000,0.8293465719850389,749,251,0.5043592643589496,"[""V176"", ""V191"", ""V255"", ""V160"", ""V224"", ""V215"", ""V380"", ""V342""]","{""n_estimators"": 374, ""learning_rate"": 0.12261847916101797, ""num_leaves"": 26, ""min_child_samples"": 20, ""colsample_bytree"": 0.7128364450869553, ""reg_alpha"": 0.3231024508496759, ""reg_lambda"": 1.4328746935418466}"
803,2026-06-05T20:57:16.246846+00:00,lgbm,ranking_rf,803,4505,7,1000,0.8032865617644166,727,273,0.4972877400870524,"[""V176"", ""V191"", ""V255"", ""V160"", ""V224"", ""V215"", ""V380""]","{""n_estimators"": 292, ""learning_rate"": 0.1353329693677191, ""num_leaves"": 32, ""min_child_samples"": 48, ""colsample_bytree"": 0.5026335041755259, ""reg_alpha"": 0.7914687325667801, ""reg_lambda"": 0.9456380824716137}"
804,2026-06-05T20:57:39.357615+00:00,lgbm,ranking_rf,804,4590,8,1000,0.8357812985655866,746,254,0.4957260841238459,"[""V176"", ""V191"", ""V255"", ""V160"", ""V224"", ""V215"", ""V380"", ""V342""]","{""n_estimators"": 161, ""learning_rate"": 0.17653258538769, ""num_leaves"": 48, ""min_child_samples"": 44, ""colsample_bytree"": 0.8162301114775078, ""reg_alpha"": 0.3570118503554953, ""reg_lambda"": 2.0708527010595725}"
805,2026-06-05T20:58:17.925332+00:00,lgbm,ranking_rf,805,4760,7,1000,0.7837830222143618,744,256,0.5015645884620211,"[""V176"", ""V191"", ""V255"", ""V160"", ""V224"", ""V215"", ""V380""]","{""n_estimators"": 292, ""learning_rate"": 0.06431517878442508, ""num_leaves"": 46, ""min_child_samples"": 15, ""colsample_bytree"": 0.742304716089661, ""reg_alpha"": 0.43034530106279734, ""reg_lambda"": 0.9524589540271702}"
806,2026-06-05T20:58:39.610483+00:00,lgbm,ranking_rf,806,4530,8,1000,0.8389885409099065,742,258,0.496443377291919,"[""V176"", ""V191"", ""V255"", ""V160"", ""V224"", ""V215"", ""V380"", ""V342""]","{""n_estimators"": 172, ""learning_rate"": 0.1591426918877401, ""num_leaves"": 46, ""min_child_samples"": 42, ""colsample_bytree"": 0.9221129955383193, ""reg_alpha"": 0.22855340198212926, ""reg_lambda"": 1.3049128526719964}"
807,2026-06-05T20:59:04.484799+00:00,lgbm,ranking_rf,807,4565,7,1000,0.7925388329795285,731,269,0.49692796460945454,"[""V176"", ""V191"", ""V255"", ""V160"", ""V224"", ""V215"", ""V380""]","{""n_estimators"": 125, ""learning_rate"": 0.14465702165861125, ""num_leaves"": 75, ""min_child_samples"": 13, ""colsample_bytree"": 0.6057267111842822, ""reg_alpha"": 0.7047753561453199, ""reg_lambda"": 0.9129671173354077}"
808,2026-06-05T20:59:32.495818+00:00,lgbm,ranking_rf,808,4800,8,1000,0.7412594812026954,760,240,0.49485977292193783,"[""V176"", ""V191"", ""V255"", ""V160"", ""V224"", ""V215"", ""V380"", ""V342""]","{""n_estimators"": 215, ""learning_rate"": 0.05168146321802079, ""num_leaves"": 51, ""min_child_samples"": 44, ""colsample_bytree"": 0.533426881772981, ""reg_alpha"": 0.1377274690722804, ""reg_lambda"": 0.6348610842397278}"
809,2026-06-05T21:00:04.395812+00:00,lgbm,ranking_rf,809,4830,8,994,0.7664810025502768,760,234,0.4987268632918387,"[""V176"", ""V191"", ""V255"", ""V160"", ""V224"", ""V215"", ""V380"", ""V342""]","{""n_estimators"": 345, ""learning_rate"": 0.06242509271816905, ""num_leaves"": 34, ""min_child_samples"": 47, ""colsample_bytree"": 0.5101733562890481, ""reg_alpha"": 0.8154227676684582, ""reg_lambda"": 0.9722226358509212}"
810,2026-06-05T21:00:31.792827+00:00,lgbm,ranking_rf,810,4725,9,993,0.7877031844694866,766,227,0.49774184318239895,"[""V176"", ""V191"", ""V255"", ""V160"", ""V224"", ""V215"", ""V380"", ""V342"", ""V483""]","{""n_estimators"": 197, ""learning_rate"": 0.07335012645339999, ""num_leaves"": 51, ""min_child_samples"": 31, ""colsample_bytree"": 0.7927047805014813, ""reg_alpha"": 0.46845606065401935, ""reg_lambda"": 0.5884086289128498}"
811,2026-06-05T21:00:55.218171+00:00,lgbm,ranking_rf,811,4490,7,1000,0.817147403475459,726,274,0.49954995177412836,"[""V176"", ""V191"", ""V255"", ""V160"", ""V224"", ""V215"", ""V380""]","{""n_estimators"": 230, ""learning_rate"": 0.17423903028298113, ""num_leaves"": 35, ""min_child_samples"": 33, ""colsample_bytree"": 0.5023240118702073, ""reg_alpha"": 0.5053196534181728, ""reg_lambda"": 1.9173538711110103}"
812,2026-06-05T21:01:25.954659+00:00,lgbm,ranking_rf,812,4690,6,1000,0.800814341050269,726,274,0.5018333286183715,"[""V176"", ""V191"", ""V255"", ""V160"", ""V224"", ""V215""]","{""n_estimators"": 385, ""learning_rate"": 0.10745252948482838, ""num_leaves"": 28, ""min_child_samples"": 23, ""colsample_bytree"": 0.656951593251393, ""reg_alpha"": 0.19844987065712283, ""reg_lambda"": 0.6487246189204254}"
813,2026-06-05T21:01:58.095758+00:00,lgbm,ranking_rf,813,4580,7,1000,0.8094449921764685,732,268,0.4933158027041697,"[""V176"", ""V191"", ""V255"", ""V160"", ""V224"", ""V215"", ""V380""]","{""n_estimators"": 180, ""learning_rate"": 0.10229948430227545, ""num_leaves"": 74, ""min_child_samples"": 42, ""colsample_bytree"": 0.7967250111256667, ""reg_alpha"": 0.2556945561374344, ""reg_lambda"": 0.9774186130351397}"
814,2026-06-05T21:02:22.974741+00:00,lgbm,ranking_rf,814,4710,8,1000,0.8639093676757666,754,246,0.4987633342722449,"[""V176"", ""V191"", ""V255"", ""V160"", ""V224"", ""V215"", ""V380"", ""V342""]","{""n_estimators"": 155, ""learning_rate"": 0.17896548747743599, ""num_leaves"": 60, ""min_child_samples"": 12, ""colsample_bytree"": 0.7047621911441163, ""reg_alpha"": 0.17578892186072992, ""reg_lambda"": 0.7937640135703266}"
815,2026-06-05T21:03:06.370284+00:00,lgbm,ranking_rf,815,4890,8,1000,0.7396240132183042,766,234,0.49259006463827343,"[""V176"", ""V191"", ""V255"", ""V160"", ""V224"", ""V215"", ""V380"", ""V342""]","{""n_estimators"": 265, ""learning_rate"": 0.0354994412101562, ""num_leaves"": 86, ""min_child_samples"": 41, ""colsample_bytree"": 0.6520774413086766, ""reg_alpha"": 0.7194718052663889, ""reg_lambda"": 0.9811388007129642}"
816,2026-06-05T21:03:53.301063+00:00,lgbm,ranking_rf,816,4415,8,996,0.8830020531205278,733,263,0.49474195239240926,"[""V176"", ""V191"", ""V255"", ""V160"", ""V224"", ""V215"", ""V380"", ""V342""]","{""n_estimators"": 312, ""learning_rate"": 0.17325524305329018, ""num_leaves"": 64, ""min_child_samples"": 41, ""colsample_bytree"": 0.699102391939191, ""reg_alpha"": 0.4901941373641583, ""reg_lambda"": 2.230684010001884}"
817,2026-06-05T21:04:21.873428+00:00,lgbm,ranking_rf,817,4745,6,998,0.7557819940772675,729,269,0.49639502233265603,"[""V176"", ""V191"", ""V255"", ""V160"", ""V224"", ""V215""]","{""n_estimators"": 184, ""learning_rate"": 0.08847389457890248, ""num_leaves"": 56, ""min_child_samples"": 24, ""colsample_bytree"": 0.6577624442272338, ""reg_alpha"": 0.9656787240533777, ""reg_lambda"": 2.1629282783787627}"
818,2026-06-05T21:05:16.611923+00:00,lgbm,ranking_rf,818,4735,8,998,0.8390316262900045,755,243,0.4933206322976057,"[""V176"", ""V191"", ""V255"", ""V160"", ""V224"", ""V215"", ""V380"", ""V342""]","{""n_estimators"": 363, ""learning_rate"": 0.06894443242821491, ""num_leaves"": 65, ""min_child_samples"": 46, ""colsample_bytree"": 0.8255780329051485, ""reg_alpha"": 0.045543921264971976, ""reg_lambda"": 2.1861648199678925}"
819,2026-06-05T21:05:35.735186+00:00,lgbm,ranking_rf,819,4515,8,1000,0.8138567049328916,741,259,0.4991282615967917,"[""V176"", ""V191"", ""V255"", ""V160"", ""V224"", ""V215"", ""V380"", ""V342""]","{""n_estimators"": 259, ""learning_rate"": 0.1742196842852761, ""num_leaves"": 26, ""min_child_samples"": 33, ""colsample_bytree"": 0.9203410457111882, ""reg_alpha"": 0.8914514807862708, ""reg_lambda"": 2.483911995978624}"
820,2026-06-05T21:06:09.688026+00:00,lgbm,ranking_rf,820,4410,7,998,0.8302409143792457,720,278,0.49685222581416627,"[""V176"", ""V191"", ""V255"", ""V160"", ""V224"", ""V215"", ""V380""]","{""n_estimators"": 296, ""learning_rate"": 0.13730104281469363, ""num_leaves"": 44, ""min_child_samples"": 35, ""colsample_bytree"": 0.6846878829085086, ""reg_alpha"": 0.8160798511486288, ""reg_lambda"": 1.6103515009669394}"
821,2026-06-05T21:06:56.547732+00:00,lgbm,ranking_rf,821,4820,8,999,0.7775656677083626,761,238,0.49593114996801396,"[""V176"", ""V191"", ""V255"", ""V160"", ""V224"", ""V215"", ""V380"", ""V342""]","{""n_estimators"": 277, ""learning_rate"": 0.04001539592208849, ""num_leaves"": 69, ""min_child_samples"": 19, ""colsample_bytree"": 0.6893764278788334, ""reg_alpha"": 0.034983273167886964, ""reg_lambda"": 1.8684728383978273}"
822,2026-06-05T21:07:50.874443+00:00,lgbm,ranking_rf,822,4365,8,1000,0.8845624650963715,731,269,0.4940566978970055,"[""V176"", ""V191"", ""V255"", ""V160"", ""V224"", ""V215"", ""V380"", ""V342""]","{""n_estimators"": 339, ""learning_rate"": 0.17048701312872805, ""num_leaves"": 68, ""min_child_samples"": 22, ""colsample_bytree"": 0.6425861833181973, ""reg_alpha"": 0.5666354020213832, ""reg_lambda"": 2.43291022001691}"
823,2026-06-05T21:08:48.366898+00:00,lgbm,ranking_rf,823,4565,4,1000,0.7886068495691471,691,309,0.5004612135172205,"[""V176"", ""V191"", ""V255"", ""V160""]","{""n_estimators"": 394, ""learning_rate"": 0.08460623421745743, ""num_leaves"": 56, ""min_child_samples"": 15, ""colsample_bytree"": 0.8107008635596273, ""reg_alpha"": 0.8501197183966077, ""reg_lambda"": 2.461904969314843}"
824,2026-06-05T21:09:33.185805+00:00,lgbm,ranking_rf,824,4505,8,999,0.873172637660584,740,259,0.4956347311562884,"[""V176"", ""V191"", ""V255"", ""V160"", ""V224"", ""V215"", ""V380"", ""V342""]","{""n_estimators"": 316, ""learning_rate"": 0.1131570185234866, ""num_leaves"": 57, ""min_child_samples"": 18, ""colsample_bytree"": 0.9454524019144215, ""reg_alpha"": 0.5333462652317469, ""reg_lambda"": 0.9463688060287243}"
825,2026-06-05T21:10:15.170453+00:00,lgbm,ranking_rf,825,4585,7,999,0.7780245847521783,732,267,0.4955257938895462,"[""V176"", ""V191"", ""V255"", ""V160"", ""V224"", ""V215"", ""V380""]","{""n_estimators"": 337, ""learning_rate"": 0.06653286022162105, ""num_leaves"": 55, ""min_child_samples"": 48, ""colsample_bytree"": 0.5469626605333721, ""reg_alpha"": 0.7308287484532007, ""reg_lambda"": 1.266789244345024}"
826,2026-06-05T21:11:08.278708+00:00,lgbm,ranking_rf,826,4385,8,999,0.9196213886472121,732,267,0.49252892257181957,"[""V176"", ""V191"", ""V255"", ""V160"", ""V224"", ""V215"", ""V380"", ""V342""]","{""n_estimators"": 359, ""learning_rate"": 0.16365324554769406, ""num_leaves"": 61, ""min_child_samples"": 30, ""colsample_bytree"": 0.7426738761715739, ""reg_alpha"": 0.20571135850358557, ""reg_lambda"": 1.6319658170930995}"
827,2026-06-05T21:11:21.790585+00:00,lgbm,ranking_rf,827,5055,4,998,0.6660078896784152,723,275,0.4980456869996168,"[""V176"", ""V191"", ""V255"", ""V160""]","{""n_estimators"": 149, ""learning_rate"": 0.045652145234940975, ""num_leaves"": 31, ""min_child_samples"": 29, ""colsample_bytree"": 0.5573869147641228, ""reg_alpha"": 0.8083272120809628, ""reg_lambda"": 1.3863228723622225}"
828,2026-06-05T21:11:56.160728+00:00,lgbm,ranking_rf,828,4610,8,996,0.7957454232735222,746,250,0.494848435620656,"[""V176"", ""V191"", ""V255"", ""V160"", ""V224"", ""V215"", ""V380"", ""V342""]","{""n_estimators"": 237, ""learning_rate"": 0.08757702878330698, ""num_leaves"": 57, ""min_child_samples"": 32, ""colsample_bytree"": 0.5755500758575294, ""reg_alpha"": 0.7070995934844185, ""reg_lambda"": 2.212667603455147}"
829,2026-06-05T21:12:45.290766+00:00,lgbm,ranking_rf,829,4515,8,1000,0.8934414565392805,741,259,0.49590732184878633,"[""V176"", ""V191"", ""V255"", ""V160"", ""V224"", ""V215"", ""V380"", ""V342""]","{""n_estimators"": 389, ""learning_rate"": 0.12652208116184796, ""num_leaves"": 48, ""min_child_samples"": 33, ""colsample_bytree"": 0.9737075109167, ""reg_alpha"": 0.1573905759634443, ""reg_lambda"": 2.3547151802525916}"
830,2026-06-05T21:13:47.488567+00:00,lgbm,ranking_rf,830,4610,8,996,0.7920144913671152,746,250,0.49498486566565625,"[""V176"", ""V191"", ""V255"", ""V160"", ""V224"", ""V215"", ""V380"", ""V342""]","{""n_estimators"": 388, ""learning_rate"": 0.038872887265708075, ""num_leaves"": 62, ""min_child_samples"": 44, ""colsample_bytree"": 0.9351668240783848, ""reg_alpha"": 0.5199463223116224, ""reg_lambda"": 1.1999817314905346}"
831,2026-06-05T21:14:01.066694+00:00,lgbm,ranking_rf,831,4805,7,1000,0.7575033649231389,747,253,0.49963872852187524,"[""V176"", ""V191"", ""V255"", ""V160"", ""V224"", ""V215"", ""V380""]","{""n_estimators"": 176, ""learning_rate"": 0.12443566423306492, ""num_leaves"": 23, ""min_child_samples"": 45, ""colsample_bytree"": 0.9869635097768681, ""reg_alpha"": 0.9884836162702976, ""reg_lambda"": 1.9405629076904052}"
832,2026-06-05T21:14:28.773665+00:00,lgbm,ranking_rf,832,4980,8,1000,0.7251864519867188,772,228,0.4947573810573609,"[""V176"", ""V191"", ""V255"", ""V160"", ""V224"", ""V215"", ""V380"", ""V342""]","{""n_estimators"": 190, ""learning_rate"": 0.037830428039931634, ""num_leaves"": 55, ""min_child_samples"": 42, ""colsample_bytree"": 0.6252327812103375, ""reg_alpha"": 0.47328563744321506, ""reg_lambda"": 1.38551390754491}"
833,2026-06-05T21:14:56.861798+00:00,lgbm,ranking_rf,833,5055,8,1000,0.7264078731510427,777,223,0.494319096435023,"[""V176"", ""V191"", ""V255"", ""V160"", ""V224"", ""V215"", ""V380"", ""V342""]","{""n_estimators"": 189, ""learning_rate"": 0.045015492050660424, ""num_leaves"": 67, ""min_child_samples"": 43, ""colsample_bytree"": 0.6230352164772847, ""reg_alpha"": 0.8471861603738227, ""reg_lambda"": 2.3629729527209196}"
834,2026-06-05T21:15:26.225593+00:00,lgbm,ranking_rf,834,4665,8,1000,0.8628997748006612,751,249,0.49397353613160466,"[""V176"", ""V191"", ""V255"", ""V160"", ""V224"", ""V215"", ""V380"", ""V342""]","{""n_estimators"": 124, ""learning_rate"": 0.157269343678086, ""num_leaves"": 91, ""min_child_samples"": 15, ""colsample_bytree"": 0.8449967439002958, ""reg_alpha"": 0.29177991505559187, ""reg_lambda"": 1.0422795271888057}"
835,2026-06-05T21:15:44.300272+00:00,lgbm,ranking_rf,835,4945,6,1000,0.7354995189619266,743,257,0.49589367457322114,"[""V176"", ""V191"", ""V255"", ""V160"", ""V224"", ""V215""]","{""n_estimators"": 128, ""learning_rate"": 0.0954113823957816, ""num_leaves"": 55, ""min_child_samples"": 48, ""colsample_bytree"": 0.6229317702915005, ""reg_alpha"": 0.5813176895263321, ""reg_lambda"": 2.0925728394892333}"
836,2026-06-05T21:16:13.200868+00:00,lgbm,ranking_rf,836,4770,5,1000,0.7702693644250181,718,282,0.5007975406735117,"[""V176"", ""V191"", ""V255"", ""V160"", ""V224""]","{""n_estimators"": 193, ""learning_rate"": 0.10479198040111935, ""num_leaves"": 53, ""min_child_samples"": 14, ""colsample_bytree"": 0.8529647567556287, ""reg_alpha"": 0.14594110003728566, ""reg_lambda"": 1.0740322679215293}"
837,2026-06-05T21:17:24.853106+00:00,lgbm,ranking_rf,837,4475,7,1000,0.8456919510861749,725,275,0.4939243990155439,"[""V176"", ""V191"", ""V255"", ""V160"", ""V224"", ""V215"", ""V380""]","{""n_estimators"": 379, ""learning_rate"": 0.08798394772805473, ""num_leaves"": 86, ""min_child_samples"": 32, ""colsample_bytree"": 0.9864666059119348, ""reg_alpha"": 0.9383664592672228, ""reg_lambda"": 1.3084638900940992}"
838,2026-06-05T21:17:59.881320+00:00,lgbm,ranking_rf,838,4670,7,1000,0.7391602528917557,738,262,0.49500897186641485,"[""V176"", ""V191"", ""V255"", ""V160"", ""V224"", ""V215"", ""V380""]","{""n_estimators"": 212, ""learning_rate"": 0.05127605460967706, ""num_leaves"": 67, ""min_child_samples"": 33, ""colsample_bytree"": 0.5026051536872729, ""reg_alpha"": 0.6656034875208041, ""reg_lambda"": 0.8546610260606227}"
839,2026-06-05T21:18:41.428026+00:00,lgbm,ranking_rf,839,4565,8,999,0.8418059454526327,744,255,0.49260016343596547,"[""V176"", ""V191"", ""V255"", ""V160"", ""V224"", ""V215"", ""V380"", ""V342""]","{""n_estimators"": 193, ""learning_rate"": 0.11929470729844184, ""num_leaves"": 94, ""min_child_samples"": 29, ""colsample_bytree"": 0.6157257365118792, ""reg_alpha"": 0.06978181563929875, ""reg_lambda"": 1.9690769371537302}"
840,2026-06-05T21:19:38.626722+00:00,lgbm,ranking_rf,840,4470,8,1000,0.9195961205029485,738,262,0.493937513836694,"[""V176"", ""V191"", ""V255"", ""V160"", ""V224"", ""V215"", ""V380"", ""V342""]","{""n_estimators"": 320, ""learning_rate"": 0.13678883313607643, ""num_leaves"": 66, ""min_child_samples"": 26, ""colsample_bytree"": 0.6113599518440169, ""reg_alpha"": 0.005431059707653896, ""reg_lambda"": 0.6377968643626288}"
841,2026-06-05T21:20:10.121030+00:00,lgbm,ranking_rf,841,4880,7,1000,0.7463403283792716,752,248,0.49873832484827196,"[""V176"", ""V191"", ""V255"", ""V160"", ""V224"", ""V215"", ""V380""]","{""n_estimators"": 229, ""learning_rate"": 0.060615829213099104, ""num_leaves"": 44, ""min_child_samples"": 17, ""colsample_bytree"": 0.7840021638102137, ""reg_alpha"": 0.9501914301599165, ""reg_lambda"": 2.0103348928540328}"
842,2026-06-05T21:20:34.112969+00:00,lgbm,ranking_rf,842,4765,6,1000,0.7480406994212248,731,269,0.4957102864860286,"[""V176"", ""V191"", ""V255"", ""V160"", ""V224"", ""V215""]","{""n_estimators"": 136, ""learning_rate"": 0.08792097434846691, ""num_leaves"": 62, ""min_child_samples"": 34, ""colsample_bytree"": 0.7374803534596668, ""reg_alpha"": 0.27981246685290284, ""reg_lambda"": 2.4383400057978806}"
843,2026-06-05T21:20:45.544697+00:00,lgbm,ranking_rf,843,5090,4,1000,0.6979861691199652,726,274,0.49852429801388154,"[""V176"", ""V191"", ""V255"", ""V160""]","{""n_estimators"": 104, ""learning_rate"": 0.06645734002437509, ""num_leaves"": 34, ""min_child_samples"": 33, ""colsample_bytree"": 0.9140423925310397, ""reg_alpha"": 0.39643991367437903, ""reg_lambda"": 1.168113045496485}"
844,2026-06-05T21:21:55.878667+00:00,lgbm,ranking_rf,844,4265,8,999,0.8930269357174481,724,275,0.49873461934734553,"[""V176"", ""V191"", ""V255"", ""V160"", ""V224"", ""V215"", ""V380"", ""V342""]","{""n_estimators"": 343, ""learning_rate"": 0.16292568003929747, ""num_leaves"": 81, ""min_child_samples"": 16, ""colsample_bytree"": 0.9424491483238836, ""reg_alpha"": 0.7606034578564053, ""reg_lambda"": 2.139361373252294}"
845,2026-06-05T21:22:51.921114+00:00,lgbm,ranking_rf,845,4590,8,1000,0.8188157883812146,746,254,0.4966291498864474,"[""V176"", ""V191"", ""V255"", ""V160"", ""V224"", ""V215"", ""V380"", ""V342""]","{""n_estimators"": 361, ""learning_rate"": 0.06310927851800965, ""num_leaves"": 58, ""min_child_samples"": 36, ""colsample_bytree"": 0.6718583619700716, ""reg_alpha"": 0.6376661352605167, ""reg_lambda"": 0.7062700108943298}"
846,2026-06-05T21:23:37.853727+00:00,lgbm,ranking_rf,846,4535,7,1000,0.8366016724343244,729,271,0.4976597473241561,"[""V176"", ""V191"", ""V255"", ""V160"", ""V224"", ""V215"", ""V380""]","{""n_estimators"": 326, ""learning_rate"": 0.11847126318960184, ""num_leaves"": 51, ""min_child_samples"": 27, ""colsample_bytree"": 0.5637174019002856, ""reg_alpha"": 0.41535902627685806, ""reg_lambda"": 1.4886508775887193}"
847,2026-06-05T21:24:36.761038+00:00,lgbm,ranking_rf,847,4575,8,1000,0.8334952128715006,745,255,0.49214978204519083,"[""V176"", ""V191"", ""V255"", ""V160"", ""V224"", ""V215"", ""V380"", ""V342""]","{""n_estimators"": 362, ""learning_rate"": 0.08978176616798655, ""num_leaves"": 94, ""min_child_samples"": 40, ""colsample_bytree"": 0.6414730077173949, ""reg_alpha"": 0.6969900426526034, ""reg_lambda"": 1.8181229473777842}"
848,2026-06-05T21:25:28.055746+00:00,lgbm,ranking_rf,848,4475,8,999,0.8556185144638114,738,261,0.49250081973421583,"[""V176"", ""V191"", ""V255"", ""V160"", ""V224"", ""V215"", ""V380"", ""V342""]","{""n_estimators"": 228, ""learning_rate"": 0.12223771275365902, ""num_leaves"": 83, ""min_child_samples"": 18, ""colsample_bytree"": 0.8785593684795646, ""reg_alpha"": 0.7858765839712443, ""reg_lambda"": 1.3686318059593956}"
849,2026-06-05T21:26:20.870094+00:00,lgbm,ranking_rf,849,4755,8,1000,0.7955002948399807,757,243,0.4980701583834543,"[""V176"", ""V191"", ""V255"", ""V160"", ""V224"", ""V215"", ""V380"", ""V342""]","{""n_estimators"": 226, ""learning_rate"": 0.05589563985066533, ""num_leaves"": 84, ""min_child_samples"": 11, ""colsample_bytree"": 0.8118749607607814, ""reg_alpha"": 0.21924469237405542, ""reg_lambda"": 2.12712582044676}"
850,2026-06-05T21:26:40.358577+00:00,lgbm,ranking_rf,850,4900,7,999,0.7435017310454544,753,246,0.49816648892129617,"[""V176"", ""V191"", ""V255"", ""V160"", ""V224"", ""V215"", ""V380""]","{""n_estimators"": 301, ""learning_rate"": 0.07184949219428396, ""num_leaves"": 21, ""min_child_samples"": 47, ""colsample_bytree"": 0.659016073890342, ""reg_alpha"": 0.8088215971684857, ""reg_lambda"": 0.7043317543503731}"
851,2026-06-05T21:27:46.882184+00:00,lgbm,ranking_rf,851,4785,8,1000,0.7710050308805112,759,241,0.49438974167324395,"[""V176"", ""V191"", ""V255"", ""V160"", ""V224"", ""V215"", ""V380"", ""V342""]","{""n_estimators"": 324, ""learning_rate"": 0.03075058734842075, ""num_leaves"": 80, ""min_child_samples"": 24, ""colsample_bytree"": 0.6140879388384222, ""reg_alpha"": 0.13241881526853305, ""reg_lambda"": 0.6158487491586346}"
852,2026-06-05T21:28:17.757893+00:00,lgbm,ranking_rf,852,4535,8,999,0.8223219621216037,742,257,0.49898880386351013,"[""V176"", ""V191"", ""V255"", ""V160"", ""V224"", ""V215"", ""V380"", ""V342""]","{""n_estimators"": 344, ""learning_rate"": 0.12173457441764231, ""num_leaves"": 29, ""min_child_samples"": 48, ""colsample_bytree"": 0.6932259950674824, ""reg_alpha"": 0.7452809241432536, ""reg_lambda"": 2.1387494268843783}"
853,2026-06-05T21:28:50.637993+00:00,lgbm,ranking_rf,853,4675,6,1000,0.7613331427604189,725,275,0.49505932367276945,"[""V176"", ""V191"", ""V255"", ""V160"", ""V224"", ""V215""]","{""n_estimators"": 193, ""learning_rate"": 0.08422169666813398, ""num_leaves"": 70, ""min_child_samples"": 39, ""colsample_bytree"": 0.6425537831600612, ""reg_alpha"": 0.8143144471768694, ""reg_lambda"": 1.1372182655027496}"
854,2026-06-05T21:29:21.859583+00:00,lgbm,ranking_rf,854,5025,4,998,0.6950566006069309,721,277,0.4997234571633243,"[""V176"", ""V191"", ""V255"", ""V160""]","{""n_estimators"": 386, ""learning_rate"": 0.03618555591355511, ""num_leaves"": 27, ""min_child_samples"": 12, ""colsample_bytree"": 0.6095228684871518, ""reg_alpha"": 0.5541125787484725, ""reg_lambda"": 0.6061655505165064}"
855,2026-06-05T21:30:10.084430+00:00,lgbm,ranking_rf,855,4510,7,999,0.809915850147421,727,272,0.49484371603962,"[""V176"", ""V191"", ""V255"", ""V160"", ""V224"", ""V215"", ""V380""]","{""n_estimators"": 236, ""learning_rate"": 0.08592046359132124, ""num_leaves"": 72, ""min_child_samples"": 20, ""colsample_bytree"": 0.7563355970926811, ""reg_alpha"": 0.6021073811705163, ""reg_lambda"": 1.173302008475344}"
856,2026-06-05T21:30:46.975830+00:00,lgbm,ranking_rf,856,4640,8,999,0.7956991474123909,749,250,0.49375136169609457,"[""V176"", ""V191"", ""V255"", ""V160"", ""V224"", ""V215"", ""V380"", ""V342""]","{""n_estimators"": 223, ""learning_rate"": 0.09373074226797243, ""num_leaves"": 89, ""min_child_samples"": 44, ""colsample_bytree"": 0.6101798904020557, ""reg_alpha"": 0.7221161090368607, ""reg_lambda"": 1.503043507421029}"
857,2026-06-05T21:31:09.940709+00:00,lgbm,ranking_rf,857,4390,8,998,0.8259948753175592,732,266,0.49343542211543845,"[""V176"", ""V191"", ""V255"", ""V160"", ""V224"", ""V215"", ""V380"", ""V342""]","{""n_estimators"": 102, ""learning_rate"": 0.16408278506228663, ""num_leaves"": 85, ""min_child_samples"": 26, ""colsample_bytree"": 0.9421081010169841, ""reg_alpha"": 0.7747804186997524, ""reg_lambda"": 1.2501052024468666}"
858,2026-06-05T21:31:33.024310+00:00,lgbm,ranking_rf,858,4680,8,997,0.7952897625489822,751,246,0.4978872624168993,"[""V176"", ""V191"", ""V255"", ""V160"", ""V224"", ""V215"", ""V380"", ""V342""]","{""n_estimators"": 208, ""learning_rate"": 0.12152218010083776, ""num_leaves"": 35, ""min_child_samples"": 38, ""colsample_bytree"": 0.6674542777878598, ""reg_alpha"": 0.6671714284597794, ""reg_lambda"": 1.149172914058496}"
859,2026-06-05T21:31:57.536392+00:00,lgbm,ranking_rf,859,4845,4,998,0.7250329059283616,709,289,0.5005384618818098,"[""V176"", ""V191"", ""V255"", ""V160""]","{""n_estimators"": 308, ""learning_rate"": 0.09622353586051462, ""num_leaves"": 25, ""min_child_samples"": 20, ""colsample_bytree"": 0.5834302433293691, ""reg_alpha"": 0.822614029575324, ""reg_lambda"": 2.327886097211415}"
860,2026-06-05T21:32:17.945161+00:00,lgbm,ranking_rf,860,4725,8,997,0.8177241201741354,754,243,0.498056329760882,"[""V176"", ""V191"", ""V255"", ""V160"", ""V224"", ""V215"", ""V380"", ""V342""]","{""n_estimators"": 118, ""learning_rate"": 0.15895927326098988, ""num_leaves"": 58, ""min_child_samples"": 23, ""colsample_bytree"": 0.6080724572371659, ""reg_alpha"": 0.32744278922545567, ""reg_lambda"": 0.8606242730193749}"
861,2026-06-05T21:32:44.631391+00:00,lgbm,ranking_rf,861,4990,6,997,0.7512454953620021,745,252,0.49921286464486075,"[""V176"", ""V191"", ""V255"", ""V160"", ""V224"", ""V215""]","{""n_estimators"": 341, ""learning_rate"": 0.07315024826520405, ""num_leaves"": 23, ""min_child_samples"": 14, ""colsample_bytree"": 0.9624772678521083, ""reg_alpha"": 0.9141986136932557, ""reg_lambda"": 1.1689257253885117}"
862,2026-06-05T21:33:30.742648+00:00,lgbm,ranking_rf,862,4395,8,1000,0.880240435812744,733,267,0.4928619748593019,"[""V176"", ""V191"", ""V255"", ""V160"", ""V224"", ""V215"", ""V380"", ""V342""]","{""n_estimators"": 273, ""learning_rate"": 0.17767316657537346, ""num_leaves"": 66, ""min_child_samples"": 40, ""colsample_bytree"": 0.501882386933539, ""reg_alpha"": 0.18437614310396488, ""reg_lambda"": 2.1445353052421807}"
863,2026-06-05T21:34:19.894485+00:00,lgbm,ranking_rf,863,4380,8,1000,0.8812003553957065,732,268,0.4930612581596535,"[""V176"", ""V191"", ""V255"", ""V160"", ""V224"", ""V215"", ""V380"", ""V342""]","{""n_estimators"": 319, ""learning_rate"": 0.14583244551156205, ""num_leaves"": 64, ""min_child_samples"": 47, ""colsample_bytree"": 0.7518877573600805, ""reg_alpha"": 0.6153573570632261, ""reg_lambda"": 0.5175792788847504}"
864,2026-06-05T21:35:19.236857+00:00,lgbm,ranking_rf,864,4420,7,999,0.8661381437840504,721,278,0.49748374418010716,"[""V176"", ""V191"", ""V255"", ""V160"", ""V224"", ""V215"", ""V380""]","{""n_estimators"": 326, ""learning_rate"": 0.1264225434501659, ""num_leaves"": 98, ""min_child_samples"": 38, ""colsample_bytree"": 0.9559292478923958, ""reg_alpha"": 0.8633642997550811, ""reg_lambda"": 0.7103134323916163}"
865,2026-06-05T21:35:44.898210+00:00,lgbm,ranking_rf,865,4695,6,996,0.789857640227548,725,271,0.4980346786818097,"[""V176"", ""V191"", ""V255"", ""V160"", ""V224"", ""V215""]","{""n_estimators"": 130, ""learning_rate"": 0.15101073523471104, ""num_leaves"": 73, ""min_child_samples"": 16, ""colsample_bytree"": 0.5266307016819429, ""reg_alpha"": 0.07456236158911267, ""reg_lambda"": 1.710087666827256}"
866,2026-06-05T21:36:48.261397+00:00,lgbm,ranking_rf,866,4380,7,992,0.8712645996234768,716,276,0.49639907222899476,"[""V176"", ""V191"", ""V255"", ""V160"", ""V224"", ""V215"", ""V380""]","{""n_estimators"": 394, ""learning_rate"": 0.12931225734816332, ""num_leaves"": 63, ""min_child_samples"": 34, ""colsample_bytree"": 0.8226278635673139, ""reg_alpha"": 0.6810081950998194, ""reg_lambda"": 2.1325382376121302}"
867,2026-06-05T21:37:21.171338+00:00,lgbm,ranking_rf,867,4380,8,1000,0.8671465586308218,732,268,0.4934445631381568,"[""V176"", ""V191"", ""V255"", ""V160"", ""V224"", ""V215"", ""V380"", ""V342""]","{""n_estimators"": 202, ""learning_rate"": 0.14431386952974173, ""num_leaves"": 90, ""min_child_samples"": 49, ""colsample_bytree"": 0.9837930630824365, ""reg_alpha"": 0.09490010466967902, ""reg_lambda"": 0.6629669598331307}"
868,2026-06-05T21:38:05.042491+00:00,lgbm,ranking_rf,868,4490,8,999,0.8653460930770491,739,260,0.49566472169969167,"[""V176"", ""V191"", ""V255"", ""V160"", ""V224"", ""V215"", ""V380"", ""V342""]","{""n_estimators"": 380, ""learning_rate"": 0.13630357240896745, ""num_leaves"": 39, ""min_child_samples"": 36, ""colsample_bytree"": 0.6962773166164947, ""reg_alpha"": 0.6068894830925998, ""reg_lambda"": 1.6018551608372935}"
869,2026-06-05T21:38:49.706444+00:00,lgbm,ranking_rf,869,4620,8,1000,0.8804248846964194,748,252,0.49391928572552424,"[""V176"", ""V191"", ""V255"", ""V160"", ""V224"", ""V215"", ""V380"", ""V342""]","{""n_estimators"": 239, ""learning_rate"": 0.15272139676874358, ""num_leaves"": 81, ""min_child_samples"": 35, ""colsample_bytree"": 0.5640667667399968, ""reg_alpha"": 0.05951589531603152, ""reg_lambda"": 2.18243721741242}"
870,2026-06-05T21:39:15.774948+00:00,lgbm,ranking_rf,870,4810,8,998,0.7903951807196775,760,238,0.49300605746951387,"[""V176"", ""V191"", ""V255"", ""V160"", ""V224"", ""V215"", ""V380"", ""V342""]","{""n_estimators"": 116, ""learning_rate"": 0.09875905434021509, ""num_leaves"": 88, ""min_child_samples"": 26, ""colsample_bytree"": 0.8415890074528753, ""reg_alpha"": 0.753873103551075, ""reg_lambda"": 0.7874749664607479}"
871,2026-06-05T21:39:58.875998+00:00,lgbm,ranking_rf,871,4640,8,999,0.8333211912391727,749,250,0.4986374525350455,"[""V176"", ""V191"", ""V255"", ""V160"", ""V224"", ""V215"", ""V380"", ""V342""]","{""n_estimators"": 319, ""learning_rate"": 0.0892865250679761, ""num_leaves"": 46, ""min_child_samples"": 21, ""colsample_bytree"": 0.8083656058989444, ""reg_alpha"": 0.6090372225077355, ""reg_lambda"": 0.8597275022619397}"
872,2026-06-05T21:40:39.559388+00:00,lgbm,ranking_rf,872,4430,8,999,0.8570957172582303,735,264,0.4936176163364925,"[""V176"", ""V191"", ""V255"", ""V160"", ""V224"", ""V215"", ""V380"", ""V342""]","{""n_estimators"": 202, ""learning_rate"": 0.1592013389785336, ""num_leaves"": 78, ""min_child_samples"": 30, ""colsample_bytree"": 0.7632556861530577, ""reg_alpha"": 0.9179191818275771, ""reg_lambda"": 0.8538042203409313}"
873,2026-06-05T21:40:58.943841+00:00,lgbm,ranking_rf,873,5085,6,999,0.7026569837929587,752,247,0.49429106957256574,"[""V176"", ""V191"", ""V255"", ""V160"", ""V224"", ""V215""]","{""n_estimators"": 105, ""learning_rate"": 0.04517663773656351, ""num_leaves"": 53, ""min_child_samples"": 27, ""colsample_bytree"": 0.9540538579184757, ""reg_alpha"": 0.616557733369362, ""reg_lambda"": 1.9540935255353262}"
874,2026-06-05T21:42:15.838062+00:00,lgbm,ranking_rf,874,4480,8,998,0.919525236226904,738,260,0.4933058404851094,"[""V176"", ""V191"", ""V255"", ""V160"", ""V224"", ""V215"", ""V380"", ""V342""]","{""n_estimators"": 267, ""learning_rate"": 0.15214467961694092, ""num_leaves"": 99, ""min_child_samples"": 15, ""colsample_bytree"": 0.990253249055209, ""reg_alpha"": 0.19467613255873006, ""reg_lambda"": 1.4230809682982266}"
875,2026-06-05T21:42:46.541180+00:00,lgbm,ranking_rf,875,4650,8,997,0.8402081043278606,749,248,0.49514055420293207,"[""V176"", ""V191"", ""V255"", ""V160"", ""V224"", ""V215"", ""V380"", ""V342""]","{""n_estimators"": 115, ""learning_rate"": 0.16038183148783297, ""num_leaves"": 88, ""min_child_samples"": 12, ""colsample_bytree"": 0.9968342695375523, ""reg_alpha"": 0.6691520379823099, ""reg_lambda"": 1.6091695863709978}"
876,2026-06-05T21:43:47.869782+00:00,lgbm,ranking_rf,876,4625,7,1000,0.8383594668301279,735,265,0.49698361483621245,"[""V176"", ""V191"", ""V255"", ""V160"", ""V224"", ""V215"", ""V380""]","{""n_estimators"": 334, ""learning_rate"": 0.12378077278701619, ""num_leaves"": 58, ""min_child_samples"": 10, ""colsample_bytree"": 0.5792106958046628, ""reg_alpha"": 0.7149084468748947, ""reg_lambda"": 1.5752111204228423}"
877,2026-06-05T21:44:56.280590+00:00,lgbm,ranking_rf,877,4755,8,1000,0.8467124585286337,757,243,0.49575110913807346,"[""V176"", ""V191"", ""V255"", ""V160"", ""V224"", ""V215"", ""V380"", ""V342""]","{""n_estimators"": 390, ""learning_rate"": 0.05672007023402505, ""num_leaves"": 61, ""min_child_samples"": 26, ""colsample_bytree"": 0.9088297270083838, ""reg_alpha"": 0.14025349640592766, ""reg_lambda"": 0.7803325163556769}"
878,2026-06-05T21:45:48.678081+00:00,lgbm,ranking_rf,878,4645,8,998,0.8029991553049529,749,249,0.4946408396376613,"[""V176"", ""V191"", ""V255"", ""V160"", ""V224"", ""V215"", ""V380"", ""V342""]","{""n_estimators"": 275, ""learning_rate"": 0.06013478028070012, ""num_leaves"": 64, ""min_child_samples"": 31, ""colsample_bytree"": 0.8976664715369436, ""reg_alpha"": 0.15618105234869495, ""reg_lambda"": 2.0768834487590047}"
879,2026-06-05T21:46:19.200388+00:00,lgbm,ranking_rf,879,4795,6,997,0.7658776365496505,732,265,0.4959526551497158,"[""V176"", ""V191"", ""V255"", ""V160"", ""V224"", ""V215""]","{""n_estimators"": 197, ""learning_rate"": 0.0893382962629945, ""num_leaves"": 49, ""min_child_samples"": 34, ""colsample_bytree"": 0.8054115084586981, ""reg_alpha"": 0.7876148790217693, ""reg_lambda"": 0.9939103931440594}"
880,2026-06-05T21:46:56.800621+00:00,lgbm,ranking_rf,880,4550,7,997,0.8217029639390361,729,268,0.4959658352473744,"[""V176"", ""V191"", ""V255"", ""V160"", ""V224"", ""V215"", ""V380""]","{""n_estimators"": 223, ""learning_rate"": 0.13866090825267768, ""num_leaves"": 52, ""min_child_samples"": 29, ""colsample_bytree"": 0.5792833322130165, ""reg_alpha"": 0.7534542432245313, ""reg_lambda"": 1.0116309438786404}"
881,2026-06-05T21:47:39.781621+00:00,lgbm,ranking_rf,881,4865,5,999,0.7168456382489254,724,275,0.49978672580483674,"[""V176"", ""V191"", ""V255"", ""V160"", ""V224""]","{""n_estimators"": 288, ""learning_rate"": 0.0427857642314233, ""num_leaves"": 43, ""min_child_samples"": 12, ""colsample_bytree"": 0.7354719481765324, ""reg_alpha"": 0.17707315408131385, ""reg_lambda"": 1.4376766209110499}"
882,2026-06-05T21:48:09.662494+00:00,lgbm,ranking_rf,882,4785,8,1000,0.797703043162087,759,241,0.49896513407065596,"[""V176"", ""V191"", ""V255"", ""V160"", ""V224"", ""V215"", ""V380"", ""V342""]","{""n_estimators"": 164, ""learning_rate"": 0.09480882126688676, ""num_leaves"": 56, ""min_child_samples"": 25, ""colsample_bytree"": 0.859099520007399, ""reg_alpha"": 0.08185905474497268, ""reg_lambda"": 2.4742532259310632}"
883,2026-06-05T21:48:36.226772+00:00,lgbm,ranking_rf,883,5065,6,1000,0.7188409490229162,751,249,0.49827891940545177,"[""V176"", ""V191"", ""V255"", ""V160"", ""V224"", ""V215""]","{""n_estimators"": 376, ""learning_rate"": 0.040908188114818125, ""num_leaves"": 20, ""min_child_samples"": 47, ""colsample_bytree"": 0.6903219558315599, ""reg_alpha"": 0.18076384650682187, ""reg_lambda"": 1.7624610121234476}"
884,2026-06-05T21:50:00.059748+00:00,lgbm,ranking_rf,884,4590,8,1000,0.8597464424393207,746,254,0.49340354650554036,"[""V176"", ""V191"", ""V255"", ""V160"", ""V224"", ""V215"", ""V380"", ""V342""]","{""n_estimators"": 300, ""learning_rate"": 0.0762620540223907, ""num_leaves"": 92, ""min_child_samples"": 14, ""colsample_bytree"": 0.7226523350393637, ""reg_alpha"": 0.0676846431384871, ""reg_lambda"": 2.1055262687537004}"
885,2026-06-05T21:50:40.583601+00:00,lgbm,ranking_rf,885,4710,8,997,0.847663547170627,753,244,0.49814857629062187,"[""V176"", ""V191"", ""V255"", ""V160"", ""V224"", ""V215"", ""V380"", ""V342""]","{""n_estimators"": 341, ""learning_rate"": 0.11827058166224444, ""num_leaves"": 35, ""min_child_samples"": 29, ""colsample_bytree"": 0.9702742294849895, ""reg_alpha"": 0.4673269248864277, ""reg_lambda"": 1.175228698152254}"
886,2026-06-05T21:51:19.800168+00:00,lgbm,ranking_rf,886,4455,8,1000,0.8691094526257005,737,263,0.4980280116400071,"[""V176"", ""V191"", ""V255"", ""V160"", ""V224"", ""V215"", ""V380"", ""V342""]","{""n_estimators"": 360, ""learning_rate"": 0.14578438595401266, ""num_leaves"": 34, ""min_child_samples"": 37, ""colsample_bytree"": 0.9680543588311724, ""reg_alpha"": 0.30725238079803097, ""reg_lambda"": 2.3889974429281002}"
887,2026-06-05T21:52:16.947303+00:00,lgbm,ranking_rf,887,4515,8,1000,0.8294751935267736,741,259,0.4971365645709102,"[""V176"", ""V191"", ""V255"", ""V160"", ""V224"", ""V215"", ""V380"", ""V342""]","{""n_estimators"": 382, ""learning_rate"": 0.06973994935200406, ""num_leaves"": 49, ""min_child_samples"": 41, ""colsample_bytree"": 0.9463411326331083, ""reg_alpha"": 0.7769938472998787, ""reg_lambda"": 1.3597493066968185}"
888,2026-06-05T21:53:36.239372+00:00,lgbm,ranking_rf,888,4620,8,1000,0.8565867146586721,748,252,0.4926646367951218,"[""V176"", ""V191"", ""V255"", ""V160"", ""V224"", ""V215"", ""V380"", ""V342""]","{""n_estimators"": 375, ""learning_rate"": 0.09246350039789267, ""num_leaves"": 88, ""min_child_samples"": 28, ""colsample_bytree"": 0.6233926575626086, ""reg_alpha"": 0.728569997821836, ""reg_lambda"": 1.441192617508711}"
889,2026-06-05T21:54:37.042149+00:00,lgbm,ranking_rf,889,4545,7,998,0.8667755812227893,729,269,0.4964124633443772,"[""V176"", ""V191"", ""V255"", ""V160"", ""V224"", ""V215"", ""V380""]","{""n_estimators"": 339, ""learning_rate"": 0.10252139387327122, ""num_leaves"": 66, ""min_child_samples"": 27, ""colsample_bytree"": 0.9625037172146713, ""reg_alpha"": 0.6576015383832111, ""reg_lambda"": 0.7659056762432837}"
890,2026-06-05T21:55:30.016318+00:00,lgbm,ranking_rf,890,4450,7,999,0.8948872786604949,723,276,0.4945841579410847,"[""V176"", ""V191"", ""V255"", ""V160"", ""V224"", ""V215"", ""V380""]","{""n_estimators"": 238, ""learning_rate"": 0.16762743451592818, ""num_leaves"": 81, ""min_child_samples"": 19, ""colsample_bytree"": 0.6466937117475153, ""reg_alpha"": 0.12915142085205444, ""reg_lambda"": 1.7171286702192075}"
891,2026-06-05T21:56:44.644129+00:00,lgbm,ranking_rf,891,4485,8,1000,0.8483313636736415,739,261,0.49275795682562584,"[""V176"", ""V191"", ""V255"", ""V160"", ""V224"", ""V215"", ""V380"", ""V342""]","{""n_estimators"": 322, ""learning_rate"": 0.09634868727319684, ""num_leaves"": 87, ""min_child_samples"": 17, ""colsample_bytree"": 0.5749878112453433, ""reg_alpha"": 0.8329825469527987, ""reg_lambda"": 1.2396490073340756}"
892,2026-06-05T21:57:38.053403+00:00,lgbm,ranking_rf,892,4670,7,1000,0.7543124156148275,738,262,0.49515012484138804,"[""V176"", ""V191"", ""V255"", ""V160"", ""V224"", ""V215"", ""V380""]","{""n_estimators"": 301, ""learning_rate"": 0.0460303511324862, ""num_leaves"": 66, ""min_child_samples"": 28, ""colsample_bytree"": 0.5187306875676817, ""reg_alpha"": 0.8019498436370156, ""reg_lambda"": 1.729946823055118}"
893,2026-06-05T21:58:02.837875+00:00,lgbm,ranking_rf,893,4950,8,1000,0.783982088875206,770,230,0.4994917227018208,"[""V176"", ""V191"", ""V255"", ""V160"", ""V224"", ""V215"", ""V380"", ""V342""]","{""n_estimators"": 205, ""learning_rate"": 0.08243938900372935, ""num_leaves"": 40, ""min_child_samples"": 22, ""colsample_bytree"": 0.9430806462105807, ""reg_alpha"": 0.5737599951901504, ""reg_lambda"": 1.474972434178517}"
894,2026-06-05T21:58:34.596401+00:00,lgbm,ranking_rf,894,4320,8,1000,0.849432126070841,728,272,0.4939863499895586,"[""V176"", ""V191"", ""V255"", ""V160"", ""V224"", ""V215"", ""V380"", ""V342""]","{""n_estimators"": 192, ""learning_rate"": 0.17553847059849637, ""num_leaves"": 66, ""min_child_samples"": 46, ""colsample_bytree"": 0.8284193319756148, ""reg_alpha"": 0.388889521878523, ""reg_lambda"": 2.458279943951337}"
895,2026-06-05T21:58:52.211428+00:00,lgbm,ranking_rf,895,4845,8,1000,0.8046415782990837,763,237,0.49380549133126533,"[""V176"", ""V191"", ""V255"", ""V160"", ""V224"", ""V215"", ""V380"", ""V342""]","{""n_estimators"": 106, ""learning_rate"": 0.15675494918155192, ""num_leaves"": 79, ""min_child_samples"": 47, ""colsample_bytree"": 0.936274144033566, ""reg_alpha"": 0.3002538274401849, ""reg_lambda"": 1.3138344725889892}"
896,2026-06-05T21:59:42.876488+00:00,lgbm,ranking_rf,896,4665,8,1000,0.8168682777479181,751,249,0.4962295465262052,"[""V176"", ""V191"", ""V255"", ""V160"", ""V224"", ""V215"", ""V380"", ""V342""]","{""n_estimators"": 351, ""learning_rate"": 0.06625086232145275, ""num_leaves"": 52, ""min_child_samples"": 39, ""colsample_bytree"": 0.9492792791304812, ""reg_alpha"": 0.8944902866427653, ""reg_lambda"": 0.8526496270783219}"
897,2026-06-05T22:00:22.801482+00:00,lgbm,ranking_rf,897,4825,6,1000,0.7480220646895863,735,265,0.49806655930028154,"[""V176"", ""V191"", ""V255"", ""V160"", ""V224"", ""V215""]","{""n_estimators"": 392, ""learning_rate"": 0.057450829711159085, ""num_leaves"": 33, ""min_child_samples"": 17, ""colsample_bytree"": 0.635258028342472, ""reg_alpha"": 0.8777954010950353, ""reg_lambda"": 1.6025074802595265}"
898,2026-06-05T22:01:07.496225+00:00,lgbm,ranking_rf,898,4685,7,1000,0.7887565000625137,739,261,0.49346972590726945,"[""V176"", ""V191"", ""V255"", ""V160"", ""V224"", ""V215"", ""V380""]","{""n_estimators"": 215, ""learning_rate"": 0.07898180890998412, ""num_leaves"": 98, ""min_child_samples"": 33, ""colsample_bytree"": 0.7982120966511332, ""reg_alpha"": 0.7575379987844126, ""reg_lambda"": 2.113647354732139}"
899,2026-06-05T22:01:51.085761+00:00,lgbm,ranking_rf,899,4485,8,997,0.8507304352797455,738,259,0.4991123718058131,"[""V176"", ""V191"", ""V255"", ""V160"", ""V224"", ""V215"", ""V380"", ""V342""]","{""n_estimators"": 331, ""learning_rate"": 0.11856332664434939, ""num_leaves"": 43, ""min_child_samples"": 25, ""colsample_bytree"": 0.8573990555605163, ""reg_alpha"": 0.5930529364925613, ""reg_lambda"": 1.549731562777063}"
900,2026-06-05T22:02:13.977500+00:00,lgbm,ranking_rf,900,5065,6,1000,0.7207865002882111,751,249,0.49793222746288884,"[""V176"", ""V191"", ""V255"", ""V160"", ""V224"", ""V215""]","{""n_estimators"": 308, ""learning_rate"": 0.03988633151929272, ""num_leaves"": 22, ""min_child_samples"": 41, ""colsample_bytree"": 0.9735938689094255, ""reg_alpha"": 0.3198372556906247, ""reg_lambda"": 1.3518891193591787}"
901,2026-06-05T22:03:16.233797+00:00,lgbm,ranking_rf,901,4735,6,1000,0.8259641482611927,729,271,0.49908819028511053,"[""V176"", ""V191"", ""V255"", ""V160"", ""V224"", ""V215""]","{""n_estimators"": 341, ""learning_rate"": 0.07609918902758905, ""num_leaves"": 61, ""min_child_samples"": 16, ""colsample_bytree"": 0.8043373227909554, ""reg_alpha"": 0.27254043582678344, ""reg_lambda"": 0.6390711423879711}"
902,2026-06-05T22:03:32.878030+00:00,lgbm,ranking_rf,902,4795,4,999,0.7293037045286589,706,293,0.4998669219827071,"[""V176"", ""V191"", ""V255"", ""V160""]","{""n_estimators"": 157, ""learning_rate"": 0.11611910209509764, ""num_leaves"": 31, ""min_child_samples"": 32, ""colsample_bytree"": 0.9829148198577009, ""reg_alpha"": 0.8467510331585772, ""reg_lambda"": 2.1546451743967343}"
903,2026-06-05T22:03:48.196772+00:00,lgbm,ranking_rf,903,5045,4,1000,0.666741460984712,723,277,0.49835987934297193,"[""V176"", ""V191"", ""V255"", ""V160""]","{""n_estimators"": 166, ""learning_rate"": 0.046697646496363376, ""num_leaves"": 27, ""min_child_samples"": 48, ""colsample_bytree"": 0.5502426279525268, ""reg_alpha"": 0.9856787460458561, ""reg_lambda"": 1.9740469597918984}"
904,2026-06-05T22:04:43.447161+00:00,lgbm,ranking_rf,904,4275,8,1000,0.8682766772390664,725,275,0.4949423369217649,"[""V176"", ""V191"", ""V255"", ""V160"", ""V224"", ""V215"", ""V380"", ""V342""]","{""n_estimators"": 340, ""learning_rate"": 0.14992430576078253, ""num_leaves"": 92, ""min_child_samples"": 48, ""colsample_bytree"": 0.6911242165134653, ""reg_alpha"": 0.8684325373106739, ""reg_lambda"": 1.0918639129984562}"
905,2026-06-05T22:05:41.716114+00:00,lgbm,ranking_rf,905,4220,6,995,0.8605967543805095,693,302,0.4988598754965166,"[""V176"", ""V191"", ""V255"", ""V160"", ""V224"", ""V215""]","{""n_estimators"": 344, ""learning_rate"": 0.169646401190537, ""num_leaves"": 59, ""min_child_samples"": 13, ""colsample_bytree"": 0.533136105275058, ""reg_alpha"": 0.5715264491710697, ""reg_lambda"": 1.5866337831404684}"
906,2026-06-05T22:06:36.769216+00:00,lgbm,ranking_rf,906,4720,8,995,0.7898905789906452,753,242,0.49212221353509394,"[""V176"", ""V191"", ""V255"", ""V160"", ""V224"", ""V215"", ""V380"", ""V342""]","{""n_estimators"": 300, ""learning_rate"": 0.06028000140457878, ""num_leaves"": 70, ""min_child_samples"": 34, ""colsample_bytree"": 0.644663313124207, ""reg_alpha"": 0.5416372444409413, ""reg_lambda"": 2.0466236433236005}"
907,2026-06-05T22:07:33.536458+00:00,lgbm,ranking_rf,907,4425,8,1000,0.8702778399379516,735,265,0.49419849181175807,"[""V176"", ""V191"", ""V255"", ""V160"", ""V224"", ""V215"", ""V380"", ""V342""]","{""n_estimators"": 390, ""learning_rate"": 0.14525161659146602, ""num_leaves"": 98, ""min_child_samples"": 46, ""colsample_bytree"": 0.8437772424772749, ""reg_alpha"": 0.9981820244768619, ""reg_lambda"": 1.6667902711644476}"
908,2026-06-05T22:08:10.222092+00:00,lgbm,ranking_rf,908,4595,4,997,0.73563211988181,692,305,0.497487853888411,"[""V176"", ""V191"", ""V255"", ""V160""]","{""n_estimators"": 210, ""learning_rate"": 0.0589765041713012, ""num_leaves"": 65, ""min_child_samples"": 34, ""colsample_bytree"": 0.671828251994302, ""reg_alpha"": 0.9393469688055985, ""reg_lambda"": 0.6215703956092133}"
909,2026-06-05T22:08:42.581254+00:00,lgbm,ranking_rf,909,4475,7,1000,0.8114999889394768,725,275,0.49436335685296956,"[""V176"", ""V191"", ""V255"", ""V160"", ""V224"", ""V215"", ""V380""]","{""n_estimators"": 206, ""learning_rate"": 0.14037302902042037, ""num_leaves"": 68, ""min_child_samples"": 43, ""colsample_bytree"": 0.5155017600588232, ""reg_alpha"": 0.6824813564296759, ""reg_lambda"": 1.6547505802339706}"
910,2026-06-05T22:09:48.611144+00:00,lgbm,ranking_rf,910,4530,8,1000,0.8160545003097935,742,258,0.4934147693498708,"[""V176"", ""V191"", ""V255"", ""V160"", ""V224"", ""V215"", ""V380"", ""V342""]","{""n_estimators"": 388, ""learning_rate"": 0.06062386017063886, ""num_leaves"": 66, ""min_child_samples"": 34, ""colsample_bytree"": 0.5932823420444893, ""reg_alpha"": 0.4247570948246102, ""reg_lambda"": 2.044655684486509}"
911,2026-06-05T22:10:54.957246+00:00,lgbm,ranking_rf,911,4545,8,1000,0.8312874827825072,743,257,0.4948995489584256,"[""V176"", ""V191"", ""V255"", ""V160"", ""V224"", ""V215"", ""V380"", ""V342""]","{""n_estimators"": 275, ""learning_rate"": 0.0732452580177621, ""num_leaves"": 83, ""min_child_samples"": 12, ""colsample_bytree"": 0.9063511464058147, ""reg_alpha"": 0.5917030805972463, ""reg_lambda"": 2.224715754089912}"
912,2026-06-05T22:11:32.211610+00:00,lgbm,ranking_rf,912,4805,7,997,0.7514509158163472,746,251,0.4964010194393555,"[""V176"", ""V191"", ""V255"", ""V160"", ""V224"", ""V215"", ""V380""]","{""n_estimators"": 278, ""learning_rate"": 0.041797784258140305, ""num_leaves"": 47, ""min_child_samples"": 41, ""colsample_bytree"": 0.6923897183050105, ""reg_alpha"": 0.24787535240117642, ""reg_lambda"": 0.7917819349238671}"
913,2026-06-05T22:11:50.842847+00:00,lgbm,ranking_rf,913,4900,6,1000,0.7337179507145201,740,260,0.5001264573720757,"[""V176"", ""V191"", ""V255"", ""V160"", ""V224"", ""V215""]","{""n_estimators"": 228, ""learning_rate"": 0.10157761160718166, ""num_leaves"": 27, ""min_child_samples"": 21, ""colsample_bytree"": 0.5178891924877271, ""reg_alpha"": 0.429545940011992, ""reg_lambda"": 1.6724899940597495}"
914,2026-06-05T22:12:15.802511+00:00,lgbm,ranking_rf,914,4575,8,1000,0.8294777361835656,745,255,0.4936034501590948,"[""V176"", ""V191"", ""V255"", ""V160"", ""V224"", ""V215"", ""V380"", ""V342""]","{""n_estimators"": 168, ""learning_rate"": 0.14385364131968448, ""num_leaves"": 54, ""min_child_samples"": 45, ""colsample_bytree"": 0.6649180613916734, ""reg_alpha"": 0.020447879962617987, ""reg_lambda"": 0.6896934550380649}"
915,2026-06-05T22:12:53.439329+00:00,lgbm,ranking_rf,915,4730,8,999,0.8311302134709077,755,244,0.4924685598592788,"[""V176"", ""V191"", ""V255"", ""V160"", ""V224"", ""V215"", ""V380"", ""V342""]","{""n_estimators"": 240, ""learning_rate"": 0.09572112103430284, ""num_leaves"": 56, ""min_child_samples"": 48, ""colsample_bytree"": 0.8740690572349552, ""reg_alpha"": 0.4327938406909677, ""reg_lambda"": 0.691464741541949}"
916,2026-06-05T22:13:16.220535+00:00,lgbm,ranking_rf,916,5010,5,997,0.7091821862619602,733,264,0.49932972517926444,"[""V176"", ""V191"", ""V255"", ""V160"", ""V224""]","{""n_estimators"": 339, ""learning_rate"": 0.058160821165887465, ""num_leaves"": 20, ""min_child_samples"": 11, ""colsample_bytree"": 0.7914839966572226, ""reg_alpha"": 0.5158324712402574, ""reg_lambda"": 0.7152431610491605}"
917,2026-06-05T22:13:47.138051+00:00,lgbm,ranking_rf,917,4905,8,1000,0.7738391147774263,767,233,0.49914761297273996,"[""V176"", ""V191"", ""V255"", ""V160"", ""V224"", ""V215"", ""V380"", ""V342""]","{""n_estimators"": 336, ""learning_rate"": 0.062414646631250015, ""num_leaves"": 30, ""min_child_samples"": 33, ""colsample_bytree"": 0.9655168098773572, ""reg_alpha"": 0.9404128311644722, ""reg_lambda"": 1.712479290220147}"
918,2026-06-05T22:14:09.658925+00:00,lgbm,ranking_rf,918,4875,8,997,0.7985647410275531,764,233,0.5010048271988103,"[""V176"", ""V191"", ""V255"", ""V160"", ""V224"", ""V215"", ""V380"", ""V342""]","{""n_estimators"": 187, ""learning_rate"": 0.09768840383179252, ""num_leaves"": 41, ""min_child_samples"": 22, ""colsample_bytree"": 0.9995762133889681, ""reg_alpha"": 0.48931866836869875, ""reg_lambda"": 0.6548271843437634}"
919,2026-06-05T22:15:05.465944+00:00,lgbm,ranking_rf,919,4590,8,1000,0.905457639863358,746,254,0.493587158027411,"[""V176"", ""V191"", ""V255"", ""V160"", ""V224"", ""V215"", ""V380"", ""V342""]","{""n_estimators"": 279, ""learning_rate"": 0.16597131669771806, ""num_leaves"": 70, ""min_child_samples"": 15, ""colsample_bytree"": 0.7193352311050003, ""reg_alpha"": 0.1762754282248874, ""reg_lambda"": 1.9631093293060662}"
920,2026-06-05T22:15:26.176438+00:00,lgbm,ranking_rf,920,4725,6,999,0.771464727771437,728,271,0.499166231065378,"[""V176"", ""V191"", ""V255"", ""V160"", ""V224"", ""V215""]","{""n_estimators"": 102, ""learning_rate"": 0.1268676536542253, ""num_leaves"": 66, ""min_child_samples"": 13, ""colsample_bytree"": 0.9128692141748453, ""reg_alpha"": 0.08672783635286929, ""reg_lambda"": 1.134100485006113}"
921,2026-06-05T22:15:53.502400+00:00,lgbm,ranking_rf,921,4595,8,999,0.8326091604554677,746,253,0.49756781328797034,"[""V176"", ""V191"", ""V255"", ""V160"", ""V224"", ""V215"", ""V380"", ""V342""]","{""n_estimators"": 194, ""learning_rate"": 0.1665493498261879, ""num_leaves"": 45, ""min_child_samples"": 29, ""colsample_bytree"": 0.705818190574117, ""reg_alpha"": 0.7144625659209489, ""reg_lambda"": 1.8252440352613961}"
922,2026-06-05T22:16:12.781824+00:00,lgbm,ranking_rf,922,4905,6,996,0.731681523923899,739,257,0.4994190675816969,"[""V176"", ""V191"", ""V255"", ""V160"", ""V224"", ""V215""]","{""n_estimators"": 135, ""learning_rate"": 0.07437419892110099, ""num_leaves"": 47, ""min_child_samples"": 15, ""colsample_bytree"": 0.7761214067154218, ""reg_alpha"": 0.3359355130892333, ""reg_lambda"": 1.2263252608532218}"
923,2026-06-05T22:16:54.044671+00:00,lgbm,ranking_rf,923,4550,7,1000,0.8180690363785319,730,270,0.4966215212852565,"[""V176"", ""V191"", ""V255"", ""V160"", ""V224"", ""V215"", ""V380""]","{""n_estimators"": 319, ""learning_rate"": 0.10220105599055705, ""num_leaves"": 44, ""min_child_samples"": 39, ""colsample_bytree"": 0.6991358642303851, ""reg_alpha"": 0.640544086894377, ""reg_lambda"": 0.549576508718759}"
924,2026-06-05T22:17:23.815711+00:00,lgbm,ranking_rf,924,4970,5,999,0.689903333824504,731,268,0.49752690997592497,"[""V176"", ""V191"", ""V255"", ""V160"", ""V224""]","{""n_estimators"": 309, ""learning_rate"": 0.03026477242817029, ""num_leaves"": 30, ""min_child_samples"": 32, ""colsample_bytree"": 0.5592484054701117, ""reg_alpha"": 0.7292297831497834, ""reg_lambda"": 0.6754672601271157}"
925,2026-06-05T22:17:46.831570+00:00,lgbm,ranking_rf,925,4675,6,1000,0.7482525157123345,725,275,0.49628707242443526,"[""V176"", ""V191"", ""V255"", ""V160"", ""V224"", ""V215""]","{""n_estimators"": 194, ""learning_rate"": 0.09909453727036373, ""num_leaves"": 40, ""min_child_samples"": 47, ""colsample_bytree"": 0.5009315304262272, ""reg_alpha"": 0.6105502476121628, ""reg_lambda"": 1.1512418676268248}"
926,2026-06-05T22:18:01.088197+00:00,lgbm,ranking_rf,926,4890,6,999,0.7391762984930871,739,260,0.4994029862358272,"[""V176"", ""V191"", ""V255"", ""V160"", ""V224"", ""V215""]","{""n_estimators"": 194, ""learning_rate"": 0.12460784770265831, ""num_leaves"": 21, ""min_child_samples"": 25, ""colsample_bytree"": 0.6040586650151036, ""reg_alpha"": 0.502779494881314, ""reg_lambda"": 1.7063876380041068}"
927,2026-06-05T22:19:28.319962+00:00,lgbm,ranking_rf,927,4495,8,998,0.8824790698252456,739,259,0.48990926489343983,"[""V176"", ""V191"", ""V255"", ""V160"", ""V224"", ""V215"", ""V380"", ""V342""]","{""n_estimators"": 378, ""learning_rate"": 0.09384856958706388, ""num_leaves"": 99, ""min_child_samples"": 30, ""colsample_bytree"": 0.6037009122836074, ""reg_alpha"": 0.3870325469797534, ""reg_lambda"": 0.6491008492930763}"
928,2026-06-05T22:19:57.615901+00:00,lgbm,ranking_rf,928,4950,8,1000,0.7489571378256608,770,230,0.49675210308993883,"[""V176"", ""V191"", ""V255"", ""V160"", ""V224"", ""V215"", ""V380"", ""V342""]","{""n_estimators"": 213, ""learning_rate"": 0.045068496177799025, ""num_leaves"": 41, ""min_child_samples"": 44, ""colsample_bytree"": 0.9298520529903769, ""reg_alpha"": 0.07897132998244538, ""reg_lambda"": 2.0347631922440015}"
929,2026-06-05T22:20:26.492347+00:00,lgbm,ranking_rf,929,4915,6,1000,0.7572450315534559,741,259,0.4986338254694363,"[""V176"", ""V191"", ""V255"", ""V160"", ""V224"", ""V215""]","{""n_estimators"": 220, ""learning_rate"": 0.07099464979370923, ""num_leaves"": 39, ""min_child_samples"": 38, ""colsample_bytree"": 0.989986473161756, ""reg_alpha"": 0.6560724215353219, ""reg_lambda"": 0.592418868049297}"
930,2026-06-05T22:21:06.931794+00:00,lgbm,ranking_rf,930,4780,6,991,0.7719817940281535,729,262,0.4997927006553498,"[""V176"", ""V191"", ""V255"", ""V160"", ""V224"", ""V215""]","{""n_estimators"": 242, ""learning_rate"": 0.07318938007273043, ""num_leaves"": 48, ""min_child_samples"": 11, ""colsample_bytree"": 0.9602974391994721, ""reg_alpha"": 0.4191542590456978, ""reg_lambda"": 1.2988587221509464}"
931,2026-06-05T22:22:29.680309+00:00,lgbm,ranking_rf,931,4310,8,999,0.9026951382492507,727,272,0.498100275526893,"[""V176"", ""V191"", ""V255"", ""V160"", ""V224"", ""V215"", ""V380"", ""V342""]","{""n_estimators"": 366, ""learning_rate"": 0.1743965495998179, ""num_leaves"": 85, ""min_child_samples"": 22, ""colsample_bytree"": 0.9599468833664344, ""reg_alpha"": 0.6814440936210008, ""reg_lambda"": 2.1556139834026826}"
932,2026-06-05T22:23:24.807535+00:00,lgbm,ranking_rf,932,4500,8,1000,0.8627275550117682,740,260,0.4941367162016843,"[""V176"", ""V191"", ""V255"", ""V160"", ""V224"", ""V215"", ""V380"", ""V342""]","{""n_estimators"": 275, ""learning_rate"": 0.13563730005242808, ""num_leaves"": 69, ""min_child_samples"": 35, ""colsample_bytree"": 0.6125313595666396, ""reg_alpha"": 0.37688962384087543, ""reg_lambda"": 2.465657393375097}"
933,2026-06-05T22:23:51.700676+00:00,lgbm,ranking_rf,933,5180,4,1000,0.6889799320069842,732,268,0.49813761304092496,"[""V176"", ""V191"", ""V255"", ""V160""]","{""n_estimators"": 319, ""learning_rate"": 0.032292302927030336, ""num_leaves"": 24, ""min_child_samples"": 19, ""colsample_bytree"": 0.6371455352477088, ""reg_alpha"": 0.5999934693246346, ""reg_lambda"": 1.5524561333026077}"
934,2026-06-05T22:24:51.021714+00:00,lgbm,ranking_rf,934,4470,8,1000,0.865793596984012,738,262,0.49472086609462984,"[""V176"", ""V191"", ""V255"", ""V160"", ""V224"", ""V215"", ""V380"", ""V342""]","{""n_estimators"": 361, ""learning_rate"": 0.12604891199991974, ""num_leaves"": 52, ""min_child_samples"": 31, ""colsample_bytree"": 0.6702947871455667, ""reg_alpha"": 0.4685016743771696, ""reg_lambda"": 2.1424791829512246}"
935,2026-06-05T22:26:00.636966+00:00,lgbm,ranking_rf,935,4315,7,999,0.8702430627284198,714,285,0.4966652723004574,"[""V176"", ""V191"", ""V255"", ""V160"", ""V224"", ""V215"", ""V380""]","{""n_estimators"": 340, ""learning_rate"": 0.15391893910335464, ""num_leaves"": 59, ""min_child_samples"": 19, ""colsample_bytree"": 0.9858453387606598, ""reg_alpha"": 0.9349298317574514, ""reg_lambda"": 2.119440003248414}"
936,2026-06-05T22:26:32.543680+00:00,lgbm,ranking_rf,936,4630,6,1000,0.7895378634707586,722,278,0.4976489456215536,"[""V176"", ""V191"", ""V255"", ""V160"", ""V224"", ""V215""]","{""n_estimators"": 135, ""learning_rate"": 0.12459916153767721, ""num_leaves"": 66, ""min_child_samples"": 16, ""colsample_bytree"": 0.9538842095232507, ""reg_alpha"": 0.5823326684475947, ""reg_lambda"": 2.0314666111388577}"
937,2026-06-05T22:27:50.513276+00:00,lgbm,ranking_rf,937,4520,8,999,0.8548806447183884,741,258,0.4920567800356777,"[""V176"", ""V191"", ""V255"", ""V160"", ""V224"", ""V215"", ""V380"", ""V342""]","{""n_estimators"": 307, ""learning_rate"": 0.09681181164629729, ""num_leaves"": 83, ""min_child_samples"": 32, ""colsample_bytree"": 0.6157262318810192, ""reg_alpha"": 0.016149449299008856, ""reg_lambda"": 2.3931012643505536}"
938,2026-06-05T22:29:00.530890+00:00,lgbm,ranking_rf,938,4510,9,1000,0.8572013623861937,754,246,0.4901105808400456,"[""V176"", ""V191"", ""V255"", ""V160"", ""V224"", ""V215"", ""V380"", ""V342"", ""V483""]","{""n_estimators"": 248, ""learning_rate"": 0.12584810445190697, ""num_leaves"": 96, ""min_child_samples"": 19, ""colsample_bytree"": 0.6812798675678189, ""reg_alpha"": 0.5361419951525627, ""reg_lambda"": 2.0763650103433395}"
939,2026-06-05T22:29:30.577979+00:00,lgbm,ranking_rf,939,4510,7,999,0.8336597012897972,727,272,0.49599597663343264,"[""V176"", ""V191"", ""V255"", ""V160"", ""V224"", ""V215"", ""V380""]","{""n_estimators"": 115, ""learning_rate"": 0.16733262090438214, ""num_leaves"": 96, ""min_child_samples"": 19, ""colsample_bytree"": 0.5192046058994819, ""reg_alpha"": 0.08985642452521059, ""reg_lambda"": 0.9932150228007428}"
940,2026-06-05T22:30:24.698608+00:00,lgbm,ranking_rf,940,4570,6,1000,0.81425116733032,718,282,0.4993627435518333,"[""V176"", ""V191"", ""V255"", ""V160"", ""V224"", ""V215""]","{""n_estimators"": 270, ""learning_rate"": 0.10502173121672467, ""num_leaves"": 64, ""min_child_samples"": 12, ""colsample_bytree"": 0.8397548875954738, ""reg_alpha"": 0.8481176196526362, ""reg_lambda"": 2.2180547380310554}"
941,2026-06-05T22:31:16.651949+00:00,lgbm,ranking_rf,941,4865,6,992,0.7342882540602653,735,257,0.4963970373721111,"[""V176"", ""V191"", ""V255"", ""V160"", ""V224"", ""V215""]","{""n_estimators"": 341, ""learning_rate"": 0.035314246531564585, ""num_leaves"": 50, ""min_child_samples"": 26, ""colsample_bytree"": 0.638273375730669, ""reg_alpha"": 0.5900965082601862, ""reg_lambda"": 2.0295494302907127}"
942,2026-06-05T22:31:41.202778+00:00,lgbm,ranking_rf,942,4880,7,997,0.754147779391191,751,246,0.49792004265828627,"[""V176"", ""V191"", ""V255"", ""V160"", ""V224"", ""V215"", ""V380""]","{""n_estimators"": 172, ""learning_rate"": 0.06486073663926178, ""num_leaves"": 46, ""min_child_samples"": 26, ""colsample_bytree"": 0.9287885074025417, ""reg_alpha"": 0.807646962288985, ""reg_lambda"": 0.8843886875314375}"
943,2026-06-05T22:32:42.669052+00:00,lgbm,ranking_rf,943,4380,9,999,0.8983026477539682,745,254,0.49214188323395464,"[""V176"", ""V191"", ""V255"", ""V160"", ""V224"", ""V215"", ""V380"", ""V342"", ""V483""]","{""n_estimators"": 366, ""learning_rate"": 0.15402731542813725, ""num_leaves"": 67, ""min_child_samples"": 34, ""colsample_bytree"": 0.626343980503779, ""reg_alpha"": 0.5984731494850479, ""reg_lambda"": 0.5404461171014858}"
944,2026-06-05T22:33:17.009915+00:00,lgbm,ranking_rf,944,4580,7,1000,0.8254039535403151,732,268,0.49736818483220074,"[""V176"", ""V191"", ""V255"", ""V160"", ""V224"", ""V215"", ""V380""]","{""n_estimators"": 239, ""learning_rate"": 0.12893092016116792, ""num_leaves"": 49, ""min_child_samples"": 34, ""colsample_bytree"": 0.8489519354682555, ""reg_alpha"": 0.7437270864987358, ""reg_lambda"": 1.2174785711284963}"
945,2026-06-05T22:33:53.377682+00:00,lgbm,ranking_rf,945,4960,6,1000,0.7117543891154191,744,256,0.498128390280846,"[""V176"", ""V191"", ""V255"", ""V160"", ""V224"", ""V215""]","{""n_estimators"": 305, ""learning_rate"": 0.04220863420159671, ""num_leaves"": 37, ""min_child_samples"": 11, ""colsample_bytree"": 0.5589449512839131, ""reg_alpha"": 0.8723941680850665, ""reg_lambda"": 2.0966614198790348}"
946,2026-06-05T22:34:28.772695+00:00,lgbm,ranking_rf,946,4780,6,1000,0.7627142820119,732,268,0.4978355883470477,"[""V176"", ""V191"", ""V255"", ""V160"", ""V224"", ""V215""]","{""n_estimators"": 264, ""learning_rate"": 0.07300371130252341, ""num_leaves"": 39, ""min_child_samples"": 37, ""colsample_bytree"": 0.9540928452243695, ""reg_alpha"": 0.9686862449064284, ""reg_lambda"": 1.4433540909270157}"
947,2026-06-05T22:34:45.628266+00:00,lgbm,ranking_rf,947,4925,7,1000,0.7266797770144586,755,245,0.49730284567712935,"[""V176"", ""V191"", ""V255"", ""V160"", ""V224"", ""V215"", ""V380""]","{""n_estimators"": 107, ""learning_rate"": 0.08923940715983292, ""num_leaves"": 53, ""min_child_samples"": 47, ""colsample_bytree"": 0.5238010752957367, ""reg_alpha"": 0.00035335071267228457, ""reg_lambda"": 1.897431197739619}"
948,2026-06-05T22:35:38.181496+00:00,lgbm,ranking_rf,948,4555,9,1000,0.8360018737313977,757,243,0.49662954815552746,"[""V176"", ""V191"", ""V255"", ""V160"", ""V224"", ""V215"", ""V380"", ""V342"", ""V483""]","{""n_estimators"": 378, ""learning_rate"": 0.09621532267087143, ""num_leaves"": 46, ""min_child_samples"": 23, ""colsample_bytree"": 0.7017861960977754, ""reg_alpha"": 0.8755765734204601, ""reg_lambda"": 1.2878419920607984}"
949,2026-06-05T22:36:44.727357+00:00,lgbm,ranking_rf,949,4520,7,1000,0.8120664613407406,728,272,0.4937686452599688,"[""V176"", ""V191"", ""V255"", ""V160"", ""V224"", ""V215"", ""V380""]","{""n_estimators"": 397, ""learning_rate"": 0.07390322548520947, ""num_leaves"": 86, ""min_child_samples"": 47, ""colsample_bytree"": 0.8957896727036581, ""reg_alpha"": 0.9801407645794796, ""reg_lambda"": 1.6872012623436226}"
950,2026-06-05T22:37:19.183090+00:00,lgbm,ranking_rf,950,5015,6,989,0.7084708852614762,744,245,0.49936417337962996,"[""V176"", ""V191"", ""V255"", ""V160"", ""V224"", ""V215""]","{""n_estimators"": 233, ""learning_rate"": 0.04155912531763579, ""num_leaves"": 43, ""min_child_samples"": 10, ""colsample_bytree"": 0.5123746758388903, ""reg_alpha"": 0.8569308777092204, ""reg_lambda"": 0.9310405161416169}"
951,2026-06-05T22:38:25.688898+00:00,lgbm,ranking_rf,951,4320,8,997,0.8882779472508945,727,270,0.49610646040745904,"[""V176"", ""V191"", ""V255"", ""V160"", ""V224"", ""V215"", ""V380"", ""V342""]","{""n_estimators"": 315, ""learning_rate"": 0.15732215314611325, ""num_leaves"": 88, ""min_child_samples"": 32, ""colsample_bytree"": 0.5736524771422072, ""reg_alpha"": 0.4525653150602311, ""reg_lambda"": 1.920327887472171}"
952,2026-06-05T22:38:45.324242+00:00,lgbm,ranking_rf,952,5005,6,1000,0.699525215566283,747,253,0.49570550319119555,"[""V176"", ""V191"", ""V255"", ""V160"", ""V224"", ""V215""]","{""n_estimators"": 114, ""learning_rate"": 0.07135354092393348, ""num_leaves"": 49, ""min_child_samples"": 46, ""colsample_bytree"": 0.5632072864303463, ""reg_alpha"": 0.01771726948710084, ""reg_lambda"": 1.997898225515607}"
953,2026-06-05T22:39:48.932867+00:00,lgbm,ranking_rf,953,4475,7,1000,0.8386836174087621,725,275,0.49202782686958374,"[""V176"", ""V191"", ""V255"", ""V160"", ""V224"", ""V215"", ""V380""]","{""n_estimators"": 270, ""learning_rate"": 0.10431493449081987, ""num_leaves"": 79, ""min_child_samples"": 19, ""colsample_bytree"": 0.6278268425884806, ""reg_alpha"": 0.6282085231742733, ""reg_lambda"": 0.5690624042500461}"
954,2026-06-05T22:40:45.603582+00:00,lgbm,ranking_rf,954,4530,8,1000,0.8662062069459068,742,258,0.4943740380349651,"[""V176"", ""V191"", ""V255"", ""V160"", ""V224"", ""V215"", ""V380"", ""V342""]","{""n_estimators"": 298, ""learning_rate"": 0.11058181469544782, ""num_leaves"": 65, ""min_child_samples"": 33, ""colsample_bytree"": 0.9677384430181624, ""reg_alpha"": 0.538757210378008, ""reg_lambda"": 1.402492659859083}"
955,2026-06-05T22:41:28.881500+00:00,lgbm,ranking_rf,955,4580,8,993,0.8419294907478623,743,250,0.5004871616150074,"[""V176"", ""V191"", ""V255"", ""V160"", ""V224"", ""V215"", ""V380"", ""V342""]","{""n_estimators"": 359, ""learning_rate"": 0.10365606083292116, ""num_leaves"": 37, ""min_child_samples"": 26, ""colsample_bytree"": 0.9152015122617274, ""reg_alpha"": 0.36387282250678943, ""reg_lambda"": 1.3086567140580214}"
956,2026-06-05T22:42:03.931583+00:00,lgbm,ranking_rf,956,4845,8,1000,0.7715573556470194,763,237,0.4948743900856918,"[""V176"", ""V191"", ""V255"", ""V160"", ""V224"", ""V215"", ""V380"", ""V342""]","{""n_estimators"": 191, ""learning_rate"": 0.06433342981092618, ""num_leaves"": 67, ""min_child_samples"": 45, ""colsample_bytree"": 0.8714752153877561, ""reg_alpha"": 0.4792795397405326, ""reg_lambda"": 1.5459523268628672}"
957,2026-06-05T22:43:00.773057+00:00,lgbm,ranking_rf,957,4450,7,999,0.8560927657642775,723,276,0.49587362995459433,"[""V176"", ""V191"", ""V255"", ""V160"", ""V224"", ""V215"", ""V380""]","{""n_estimators"": 355, ""learning_rate"": 0.13633782875653688, ""num_leaves"": 48, ""min_child_samples"": 27, ""colsample_bytree"": 0.8737242088455284, ""reg_alpha"": 0.6453864482881154, ""reg_lambda"": 1.8835246349803485}"
958,2026-06-05T22:43:16.948799+00:00,lgbm,ranking_rf,958,4925,4,1000,0.7145891471772869,715,285,0.499013282862778,"[""V176"", ""V191"", ""V255"", ""V160""]","{""n_estimators"": 191, ""learning_rate"": 0.08325886022910872, ""num_leaves"": 25, ""min_child_samples"": 33, ""colsample_bytree"": 0.9694030473521387, ""reg_alpha"": 0.08937384596074305, ""reg_lambda"": 1.4172243298166354}"
959,2026-06-05T22:43:59.923973+00:00,lgbm,ranking_rf,959,4815,8,1000,0.7598880677100593,761,239,0.4934288582265287,"[""V176"", ""V191"", ""V255"", ""V160"", ""V224"", ""V215"", ""V380"", ""V342""]","{""n_estimators"": 224, ""learning_rate"": 0.051701753566806646, ""num_leaves"": 80, ""min_child_samples"": 42, ""colsample_bytree"": 0.9209115123770312, ""reg_alpha"": 0.9952673501581194, ""reg_lambda"": 1.9114599364882192}"
960,2026-06-05T22:44:39.009686+00:00,lgbm,ranking_rf,960,4955,8,993,0.7329072155066023,768,225,0.49428442456465016,"[""V176"", ""V191"", ""V255"", ""V160"", ""V224"", ""V215"", ""V380"", ""V342""]","{""n_estimators"": 224, ""learning_rate"": 0.03698583413494501, ""num_leaves"": 83, ""min_child_samples"": 48, ""colsample_bytree"": 0.6825063327276544, ""reg_alpha"": 0.6387749703273825, ""reg_lambda"": 1.0578340312924626}"
961,2026-06-05T22:45:49.244892+00:00,lgbm,ranking_rf,961,4800,8,1000,0.7623801418963629,760,240,0.49396335243520323,"[""V176"", ""V191"", ""V255"", ""V160"", ""V224"", ""V215"", ""V380"", ""V342""]","{""n_estimators"": 289, ""learning_rate"": 0.04153900768998029, ""num_leaves"": 88, ""min_child_samples"": 28, ""colsample_bytree"": 0.6202891418331697, ""reg_alpha"": 0.7190127285093108, ""reg_lambda"": 2.1391040203426956}"
962,2026-06-05T22:46:21.294311+00:00,lgbm,ranking_rf,962,4420,6,1000,0.7991952918587578,708,292,0.49468197451401236,"[""V176"", ""V191"", ""V255"", ""V160"", ""V224"", ""V215""]","{""n_estimators"": 192, ""learning_rate"": 0.13665472890196478, ""num_leaves"": 77, ""min_child_samples"": 47, ""colsample_bytree"": 0.6220272322089411, ""reg_alpha"": 0.560918005502613, ""reg_lambda"": 1.3034873152950384}"
963,2026-06-05T22:47:18.878772+00:00,lgbm,ranking_rf,963,4610,7,1000,0.8422551752824284,734,266,0.49636902160560914,"[""V176"", ""V191"", ""V255"", ""V160"", ""V224"", ""V215"", ""V380""]","{""n_estimators"": 209, ""learning_rate"": 0.13625632033467702, ""num_leaves"": 91, ""min_child_samples"": 11, ""colsample_bytree"": 0.5915204929494633, ""reg_alpha"": 0.37282514779631326, ""reg_lambda"": 2.4662578859908733}"
964,2026-06-05T22:47:44.116616+00:00,lgbm,ranking_rf,964,4830,8,997,0.8548843658247187,761,236,0.5040973695999428,"[""V176"", ""V191"", ""V255"", ""V160"", ""V224"", ""V215"", ""V380"", ""V342""]","{""n_estimators"": 317, ""learning_rate"": 0.1703826781724866, ""num_leaves"": 23, ""min_child_samples"": 19, ""colsample_bytree"": 0.9044609709367732, ""reg_alpha"": 0.06357812211580582, ""reg_lambda"": 0.8043003933624364}"
965,2026-06-05T22:48:13.839711+00:00,lgbm,ranking_rf,965,4695,8,1000,0.841962316319656,753,247,0.5014591750249086,"[""V176"", ""V191"", ""V255"", ""V160"", ""V224"", ""V215"", ""V380"", ""V342""]","{""n_estimators"": 300, ""learning_rate"": 0.17951866773955866, ""num_leaves"": 29, ""min_child_samples"": 16, ""colsample_bytree"": 0.6326081874484608, ""reg_alpha"": 0.47522164863733396, ""reg_lambda"": 2.1383208429407397}"
966,2026-06-05T22:49:12.416283+00:00,lgbm,ranking_rf,966,4245,8,997,0.8751229983280764,722,275,0.4913998515572062,"[""V176"", ""V191"", ""V255"", ""V160"", ""V224"", ""V215"", ""V380"", ""V342""]","{""n_estimators"": 334, ""learning_rate"": 0.17035874136615564, ""num_leaves"": 81, ""min_child_samples"": 41, ""colsample_bytree"": 0.7672122667325556, ""reg_alpha"": 0.8032492328008608, ""reg_lambda"": 2.0495590264016745}"
967,2026-06-05T22:49:32.081705+00:00,lgbm,ranking_rf,967,4830,8,1000,0.7870391135551715,762,238,0.49603292802235,"[""V176"", ""V191"", ""V255"", ""V160"", ""V224"", ""V215"", ""V380"", ""V342""]","{""n_estimators"": 102, ""learning_rate"": 0.11710106519177879, ""num_leaves"": 61, ""min_child_samples"": 35, ""colsample_bytree"": 0.8798915041795052, ""reg_alpha"": 0.30361115184758436, ""reg_lambda"": 0.640985605551248}"
968,2026-06-05T22:50:22.388386+00:00,lgbm,ranking_rf,968,4520,7,1000,0.8456711800073737,728,272,0.4966571942582987,"[""V176"", ""V191"", ""V255"", ""V160"", ""V224"", ""V215"", ""V380""]","{""n_estimators"": 367, ""learning_rate"": 0.1139963266059084, ""num_leaves"": 45, ""min_child_samples"": 47, ""colsample_bytree"": 0.7225943045569194, ""reg_alpha"": 0.35761107902891454, ""reg_lambda"": 1.826863428095923}"
969,2026-06-05T22:51:07.960406+00:00,lgbm,ranking_rf,969,4390,9,1000,0.8914413992928948,746,254,0.49398962169195165,"[""V176"", ""V191"", ""V255"", ""V160"", ""V224"", ""V215"", ""V380"", ""V342"", ""V483""]","{""n_estimators"": 246, ""learning_rate"": 0.1624366459285797, ""num_leaves"": 60, ""min_child_samples"": 33, ""colsample_bytree"": 0.6629597427666762, ""reg_alpha"": 0.3533471098090556, ""reg_lambda"": 0.6371416929780414}"
970,2026-06-05T22:51:34.181483+00:00,lgbm,ranking_rf,970,4850,8,996,0.7743305239537629,762,234,0.49444534698027953,"[""V176"", ""V191"", ""V255"", ""V160"", ""V224"", ""V215"", ""V380"", ""V342""]","{""n_estimators"": 109, ""learning_rate"": 0.0831097626325148, ""num_leaves"": 80, ""min_child_samples"": 29, ""colsample_bytree"": 0.8435552127025845, ""reg_alpha"": 0.3075627391553297, ""reg_lambda"": 1.6415875319480409}"
971,2026-06-05T22:52:52.282749+00:00,lgbm,ranking_rf,971,4400,7,1000,0.8453256894314122,720,280,0.4950558946848051,"[""V176"", ""V191"", ""V255"", ""V160"", ""V224"", ""V215"", ""V380""]","{""n_estimators"": 391, ""learning_rate"": 0.10609887436419779, ""num_leaves"": 83, ""min_child_samples"": 34, ""colsample_bytree"": 0.7589711023201962, ""reg_alpha"": 0.7915076020894725, ""reg_lambda"": 2.2359714842152716}"
972,2026-06-05T22:53:24.363724+00:00,lgbm,ranking_rf,972,4575,8,1000,0.8623966061783874,745,255,0.5014995574087652,"[""V176"", ""V191"", ""V255"", ""V160"", ""V224"", ""V215"", ""V380"", ""V342""]","{""n_estimators"": 386, ""learning_rate"": 0.1664097462275622, ""num_leaves"": 27, ""min_child_samples"": 18, ""colsample_bytree"": 0.6210966039902185, ""reg_alpha"": 0.2076802844479403, ""reg_lambda"": 1.3986020767309992}"
973,2026-06-05T22:54:44.323801+00:00,lgbm,ranking_rf,973,4605,8,1000,0.8314604679381544,747,253,0.4930775665597236,"[""V176"", ""V191"", ""V255"", ""V160"", ""V224"", ""V215"", ""V380"", ""V342""]","{""n_estimators"": 286, ""learning_rate"": 0.07173757609600412, ""num_leaves"": 96, ""min_child_samples"": 18, ""colsample_bytree"": 0.6178722746532588, ""reg_alpha"": 0.41043962567887793, ""reg_lambda"": 1.8821929364199146}"
974,2026-06-05T22:55:37.371266+00:00,lgbm,ranking_rf,974,4585,4,999,0.7805737668473296,692,307,0.4988128758305662,"[""V176"", ""V191"", ""V255"", ""V160""]","{""n_estimators"": 285, ""learning_rate"": 0.0953453051847843, ""num_leaves"": 60, ""min_child_samples"": 21, ""colsample_bytree"": 0.6620014124712128, ""reg_alpha"": 0.9215186736574584, ""reg_lambda"": 1.9490642017368365}"
975,2026-06-05T22:55:58.232294+00:00,lgbm,ranking_rf,975,4950,6,999,0.7438088450105202,743,256,0.49806726327834905,"[""V176"", ""V191"", ""V255"", ""V160"", ""V224"", ""V215""]","{""n_estimators"": 284, ""learning_rate"": 0.08994154030667878, ""num_leaves"": 20, ""min_child_samples"": 11, ""colsample_bytree"": 0.9744474767950868, ""reg_alpha"": 0.5135997736428858, ""reg_lambda"": 1.0539380203617312}"
976,2026-06-05T22:57:05.148759+00:00,lgbm,ranking_rf,976,4615,7,999,0.7710862272010083,734,265,0.49408626573927694,"[""V176"", ""V191"", ""V255"", ""V160"", ""V224"", ""V215"", ""V380""]","{""n_estimators"": 387, ""learning_rate"": 0.05330414789439125, ""num_leaves"": 66, ""min_child_samples"": 47, ""colsample_bytree"": 0.5520974490699595, ""reg_alpha"": 0.7229157337097886, ""reg_lambda"": 1.8404151212567599}"
977,2026-06-05T22:58:06.068323+00:00,lgbm,ranking_rf,977,4560,8,1000,0.8932614732227558,744,256,0.48910260992107024,"[""V176"", ""V191"", ""V255"", ""V160"", ""V224"", ""V215"", ""V380"", ""V342""]","{""n_estimators"": 260, ""learning_rate"": 0.12101556852887828, ""num_leaves"": 85, ""min_child_samples"": 31, ""colsample_bytree"": 0.6886749712740947, ""reg_alpha"": 0.19756940778958654, ""reg_lambda"": 0.595557782318469}"
978,2026-06-05T22:58:31.250787+00:00,lgbm,ranking_rf,978,5055,6,999,0.7059615683182767,750,249,0.4971196485485814,"[""V176"", ""V191"", ""V255"", ""V160"", ""V224"", ""V215""]","{""n_estimators"": 227, ""learning_rate"": 0.034436612194462056, ""num_leaves"": 33, ""min_child_samples"": 40, ""colsample_bytree"": 0.7058524820643797, ""reg_alpha"": 0.1969360713987811, ""reg_lambda"": 1.2444388971817402}"
979,2026-06-05T22:59:08.581503+00:00,lgbm,ranking_rf,979,4685,8,999,0.830566631842965,752,247,0.49683947964898173,"[""V176"", ""V191"", ""V255"", ""V160"", ""V224"", ""V215"", ""V380"", ""V342""]","{""n_estimators"": 244, ""learning_rate"": 0.10239794427503555, ""num_leaves"": 50, ""min_child_samples"": 30, ""colsample_bytree"": 0.6879378168320337, ""reg_alpha"": 0.11726116887488292, ""reg_lambda"": 2.0731880254224233}"
980,2026-06-05T22:59:37.922252+00:00,lgbm,ranking_rf,980,4705,7,999,0.7765399190376021,740,259,0.4957546860394823,"[""V176"", ""V191"", ""V255"", ""V160"", ""V224"", ""V215"", ""V380""]","{""n_estimators"": 180, ""learning_rate"": 0.10065676295252153, ""num_leaves"": 94, ""min_child_samples"": 48, ""colsample_bytree"": 0.8546002094900366, ""reg_alpha"": 0.9390613824002044, ""reg_lambda"": 2.2215549637951293}"
981,2026-06-05T23:00:08.848717+00:00,lgbm,ranking_rf,981,4885,6,1000,0.7445947191186025,739,261,0.4970086777949409,"[""V176"", ""V191"", ""V255"", ""V160"", ""V224"", ""V215""]","{""n_estimators"": 209, ""learning_rate"": 0.054199039680186425, ""num_leaves"": 47, ""min_child_samples"": 26, ""colsample_bytree"": 0.8678613354543672, ""reg_alpha"": 0.5935628388108084, ""reg_lambda"": 0.5194589561392913}"
982,2026-06-05T23:00:56.835616+00:00,lgbm,ranking_rf,982,4690,8,998,0.8283295453533834,752,246,0.4948015679317271,"[""V176"", ""V191"", ""V255"", ""V160"", ""V224"", ""V215"", ""V380"", ""V342""]","{""n_estimators"": 222, ""learning_rate"": 0.08637656161056431, ""num_leaves"": 69, ""min_child_samples"": 16, ""colsample_bytree"": 0.8189714333443311, ""reg_alpha"": 0.668810555992938, ""reg_lambda"": 0.6380218248120708}"
983,2026-06-05T23:01:19.910946+00:00,lgbm,ranking_rf,983,4590,8,1000,0.8275153520193137,746,254,0.49505449841778665,"[""V176"", ""V191"", ""V255"", ""V160"", ""V224"", ""V215"", ""V380"", ""V342""]","{""n_estimators"": 134, ""learning_rate"": 0.1562223979812195, ""num_leaves"": 73, ""min_child_samples"": 49, ""colsample_bytree"": 0.8595669786554184, ""reg_alpha"": 0.08849778883767934, ""reg_lambda"": 1.7434736733343326}"
984,2026-06-05T23:02:49.747308+00:00,lgbm,ranking_rf,984,4480,6,991,0.8644011130044692,709,282,0.4959475243071827,"[""V176"", ""V191"", ""V255"", ""V160"", ""V224"", ""V215""]","{""n_estimators"": 374, ""learning_rate"": 0.11938814604984901, ""num_leaves"": 82, ""min_child_samples"": 16, ""colsample_bytree"": 0.587825794983552, ""reg_alpha"": 0.5136016496306645, ""reg_lambda"": 2.204016528975627}"
985,2026-06-05T23:03:17.157008+00:00,lgbm,ranking_rf,985,4695,6,999,0.7741003778501101,726,273,0.49974038362673634,"[""V176"", ""V191"", ""V255"", ""V160"", ""V224"", ""V215""]","{""n_estimators"": 229, ""learning_rate"": 0.12411323133334416, ""num_leaves"": 37, ""min_child_samples"": 24, ""colsample_bytree"": 0.5720601610863941, ""reg_alpha"": 0.847361868756489, ""reg_lambda"": 0.934680533668871}"
986,2026-06-05T23:03:30.512155+00:00,lgbm,ranking_rf,986,5160,6,999,0.6981163746792627,757,242,0.4968697910464803,"[""V176"", ""V191"", ""V255"", ""V160"", ""V224"", ""V215""]","{""n_estimators"": 170, ""learning_rate"": 0.051320453226277554, ""num_leaves"": 21, ""min_child_samples"": 22, ""colsample_bytree"": 0.8266635136876381, ""reg_alpha"": 0.33529427452158433, ""reg_lambda"": 1.734505919199298}"
987,2026-06-05T23:04:25.704110+00:00,lgbm,ranking_rf,987,4470,5,988,0.8554810373031609,694,294,0.4983375684457255,"[""V176"", ""V191"", ""V255"", ""V160"", ""V224""]","{""n_estimators"": 342, ""learning_rate"": 0.12974621582354517, ""num_leaves"": 53, ""min_child_samples"": 21, ""colsample_bytree"": 0.8055861079112651, ""reg_alpha"": 0.38923701078658546, ""reg_lambda"": 0.7301242445072946}"
988,2026-06-05T23:04:56.305384+00:00,lgbm,ranking_rf,988,4680,8,1000,0.8295031398964254,752,248,0.49632265620498667,"[""V176"", ""V191"", ""V255"", ""V160"", ""V224"", ""V215"", ""V380"", ""V342""]","{""n_estimators"": 141, ""learning_rate"": 0.16545898371808157, ""num_leaves"": 74, ""min_child_samples"": 20, ""colsample_bytree"": 0.7511313999031329, ""reg_alpha"": 0.5997270712199686, ""reg_lambda"": 2.3854510473043624}"
989,2026-06-05T23:05:44.062377+00:00,lgbm,ranking_rf,989,4830,8,1000,0.770490248575621,762,238,0.4944608433294312,"[""V176"", ""V191"", ""V255"", ""V160"", ""V224"", ""V215"", ""V380"", ""V342""]","{""n_estimators"": 199, ""learning_rate"": 0.04853552541506717, ""num_leaves"": 81, ""min_child_samples"": 31, ""colsample_bytree"": 0.883295906323087, ""reg_alpha"": 0.8533851807574341, ""reg_lambda"": 0.7385863294051784}"
990,2026-06-05T23:06:16.265469+00:00,lgbm,ranking_rf,990,4830,8,1000,0.8189582183939488,762,238,0.498942462401452,"[""V176"", ""V191"", ""V255"", ""V160"", ""V224"", ""V215"", ""V380"", ""V342""]","{""n_estimators"": 320, ""learning_rate"": 0.14270226337425843, ""num_leaves"": 29, ""min_child_samples"": 15, ""colsample_bytree"": 0.6337292867307065, ""reg_alpha"": 0.7003911127644066, ""reg_lambda"": 2.2372242526389776}"
991,2026-06-05T23:06:39.063653+00:00,lgbm,ranking_rf,991,5040,6,999,0.7129957447208494,749,250,0.4970967745346255,"[""V176"", ""V191"", ""V255"", ""V160"", ""V224"", ""V215""]","{""n_estimators"": 116, ""learning_rate"": 0.07048358726567577, ""num_leaves"": 52, ""min_child_samples"": 11, ""colsample_bytree"": 0.7270830054336113, ""reg_alpha"": 0.9758956627417817, ""reg_lambda"": 1.8573070150210989}"
992,2026-06-05T23:07:46.152914+00:00,lgbm,ranking_rf,992,4440,8,1000,0.8781504603572583,736,264,0.495381366912227,"[""V176"", ""V191"", ""V255"", ""V160"", ""V224"", ""V215"", ""V380"", ""V342""]","{""n_estimators"": 260, ""learning_rate"": 0.16434622020992354, ""num_leaves"": 95, ""min_child_samples"": 19, ""colsample_bytree"": 0.6736459579089451, ""reg_alpha"": 0.674071493572152, ""reg_lambda"": 0.8420995429315496}"
993,2026-06-05T23:08:28.203091+00:00,lgbm,ranking_rf,993,4535,7,1000,0.8267191384127416,729,271,0.49914587002229727,"[""V176"", ""V191"", ""V255"", ""V160"", ""V224"", ""V215"", ""V380""]","{""n_estimators"": 367, ""learning_rate"": 0.11835712336199297, ""num_leaves"": 34, ""min_child_samples"": 36, ""colsample_bytree"": 0.6575007357869203, ""reg_alpha"": 0.5535234491486092, ""reg_lambda"": 1.5341635109803833}"
994,2026-06-05T23:08:39.394781+00:00,lgbm,ranking_rf,994,4960,6,1000,0.7248914274195905,744,256,0.49679142227216405,"[""V176"", ""V191"", ""V255"", ""V160"", ""V224"", ""V215""]","{""n_estimators"": 103, ""learning_rate"": 0.1357334420778819, ""num_leaves"": 27, ""min_child_samples"": 19, ""colsample_bytree"": 0.9584992626414204, ""reg_alpha"": 0.9740024352764628, ""reg_lambda"": 0.9084661076755893}"
995,2026-06-05T23:09:17.256500+00:00,lgbm,ranking_rf,995,4550,7,997,0.8156076108192185,729,268,0.49527243944338223,"[""V176"", ""V191"", ""V255"", ""V160"", ""V224"", ""V215"", ""V380""]","{""n_estimators"": 209, ""learning_rate"": 0.13421700671653708, ""num_leaves"": 59, ""min_child_samples"": 47, ""colsample_bytree"": 0.9033105489162331, ""reg_alpha"": 0.7264829572143144, ""reg_lambda"": 2.148557504680534}"
996,2026-06-05T23:09:40.535032+00:00,lgbm,ranking_rf,996,4495,8,998,0.8154656124020894,739,259,0.4972976878427291,"[""V176"", ""V191"", ""V255"", ""V160"", ""V224"", ""V215"", ""V380"", ""V342""]","{""n_estimators"": 109, ""learning_rate"": 0.17138208030012486, ""num_leaves"": 74, ""min_child_samples"": 19, ""colsample_bytree"": 0.5204435158749462, ""reg_alpha"": 0.31276831942058547, ""reg_lambda"": 1.358660551454624}"
997,2026-06-05T23:09:56.121177+00:00,lgbm,ranking_rf,997,4830,8,1000,0.7443354820046769,762,238,0.49594279462406377,"[""V176"", ""V191"", ""V255"", ""V160"", ""V224"", ""V215"", ""V380"", ""V342""]","{""n_estimators"": 129, ""learning_rate"": 0.09051546997700607, ""num_leaves"": 40, ""min_child_samples"": 46, ""colsample_bytree"": 0.6825814412003202, ""reg_alpha"": 0.6505913026982332, ""reg_lambda"": 1.7339409966033148}"
998,2026-06-05T23:10:15.934920+00:00,lgbm,ranking_rf,998,4955,7,1000,0.7485334137238719,757,243,0.49857552047523257,"[""V176"", ""V191"", ""V255"", ""V160"", ""V224"", ""V215"", ""V380""]","{""n_estimators"": 216, ""learning_rate"": 0.09403607604096419, ""num_leaves"": 29, ""min_child_samples"": 23, ""colsample_bytree"": 0.5441166963873899, ""reg_alpha"": 0.25669874103362733, ""reg_lambda"": 1.7408054944284164}"
999,2026-06-05T23:10:51.723041+00:00,lgbm,ranking_rf,999,4605,8,1000,0.8296370583762521,747,253,0.49452732607030664,"[""V176"", ""V191"", ""V255"", ""V160"", ""V224"", ""V215"", ""V380"", ""V342""]","{""n_estimators"": 266, ""learning_rate"": 0.129465391708181, ""num_leaves"": 47, ""min_child_samples"": 40, ""colsample_bytree"": 0.6061217426446293, ""reg_alpha"": 0.7008223375011806, ""reg_lambda"": 2.1316502841228417}"
1000,2026-06-05T23:11:34.137831+00:00,lgbm,ranking_rf,1000,4700,8,990,0.7905550639006567,750,240,0.4951988580547295,"[""V176"", ""V191"", ""V255"", ""V160"", ""V224"", ""V215"", ""V380"", ""V342""]","{""n_estimators"": 300, ""learning_rate"": 0.06222571273112458, ""num_leaves"": 51, ""min_child_samples"": 35, ""colsample_bytree"": 0.5936700006284776, ""reg_alpha"": 0.05929135849610667, ""reg_lambda"": 2.012127288496283}"
