trial_id,timestamp_utc,model_type,ranking,random_seed,score,k,N,threshold,tp,fp,p_oof_mean,features,hyperparameters
1,2026-06-05T11:15:05.279953+00:00,rf,ranking_xgb,1,4835,5,999,0.6487534977241745,722,277,0.49647044717598765,"[""V11"", ""V160"", ""V255"", ""V176"", ""V191""]","{""n_estimators"": 222, ""max_depth"": 10, ""min_samples_leaf"": 4, ""min_samples_split"": 7, ""criterion"": ""entropy"", ""class_weight"": ""balanced""}"
2,2026-06-05T11:15:37.685586+00:00,rf,ranking_xgb,2,4965,5,1000,0.6163646739205509,731,269,0.49606653852291566,"[""V11"", ""V160"", ""V255"", ""V176"", ""V191""]","{""n_estimators"": 87, ""max_depth"": 6, ""min_samples_leaf"": 4, ""min_samples_split"": 6, ""criterion"": ""gini"", ""class_weight"": null}"
3,2026-06-05T11:16:57.625290+00:00,rf,ranking_xgb,3,4800,5,1000,0.590532677369289,720,280,0.4989526980501504,"[""V11"", ""V160"", ""V255"", ""V176"", ""V191""]","{""n_estimators"": 218, ""max_depth"": 4, ""min_samples_leaf"": 4, ""min_samples_split"": 7, ""criterion"": ""gini"", ""class_weight"": ""balanced""}"
4,2026-06-05T11:19:15.615618+00:00,rf,ranking_xgb,4,4910,5,999,0.6244626021949052,727,272,0.49533025819988324,"[""V11"", ""V160"", ""V255"", ""V176"", ""V191""]","{""n_estimators"": 412, ""max_depth"": 7, ""min_samples_leaf"": 1, ""min_samples_split"": 3, ""criterion"": ""gini"", ""class_weight"": null}"
5,2026-06-05T11:20:20.948050+00:00,rf,ranking_xgb,5,4955,5,999,0.6228969356398906,730,269,0.49728323645003714,"[""V11"", ""V160"", ""V255"", ""V176"", ""V191""]","{""n_estimators"": 172, ""max_depth"": 7, ""min_samples_leaf"": 3, ""min_samples_split"": 9, ""criterion"": ""entropy"", ""class_weight"": ""balanced""}"
6,2026-06-05T11:22:46.980052+00:00,rf,ranking_xgb,6,4920,5,1000,0.6299886429329258,728,272,0.4969571442415623,"[""V11"", ""V160"", ""V255"", ""V176"", ""V191""]","{""n_estimators"": 405, ""max_depth"": 8, ""min_samples_leaf"": 3, ""min_samples_split"": 9, ""criterion"": ""entropy"", ""class_weight"": ""balanced""}"
7,2026-06-05T11:25:15.352533+00:00,rf,ranking_xgb,7,4920,5,1000,0.5979346699070783,728,272,0.49624643414914116,"[""V11"", ""V160"", ""V255"", ""V176"", ""V191""]","{""n_estimators"": 444, ""max_depth"": 5, ""min_samples_leaf"": 2, ""min_samples_split"": 5, ""criterion"": ""entropy"", ""class_weight"": null}"
8,2026-06-05T11:26:33.776349+00:00,rf,ranking_xgb,8,4695,5,1000,0.6386643714607837,713,287,0.49285939597206435,"[""V11"", ""V160"", ""V255"", ""V176"", ""V191""]","{""n_estimators"": 225, ""max_depth"": 9, ""min_samples_leaf"": 1, ""min_samples_split"": 3, ""criterion"": ""gini"", ""class_weight"": null}"
9,2026-06-05T11:28:46.209763+00:00,rf,ranking_xgb,9,4935,5,1000,0.6211134711549637,729,271,0.4953834431240889,"[""V11"", ""V160"", ""V255"", ""V176"", ""V191""]","{""n_estimators"": 390, ""max_depth"": 7, ""min_samples_leaf"": 2, ""min_samples_split"": 3, ""criterion"": ""entropy"", ""class_weight"": null}"
10,2026-06-05T11:31:15.729180+00:00,rf,ranking_xgb,10,4760,5,999,0.6521750204319768,717,282,0.49312617384334073,"[""V11"", ""V160"", ""V255"", ""V176"", ""V191""]","{""n_estimators"": 432, ""max_depth"": 11, ""min_samples_leaf"": 1, ""min_samples_split"": 8, ""criterion"": ""entropy"", ""class_weight"": null}"
11,2026-06-05T11:33:01.596688+00:00,rf,ranking_xgb,11,4815,5,1000,0.587177031406708,721,279,0.49669353737491684,"[""V11"", ""V160"", ""V255"", ""V176"", ""V191""]","{""n_estimators"": 315, ""max_depth"": 4, ""min_samples_leaf"": 2, ""min_samples_split"": 6, ""criterion"": ""entropy"", ""class_weight"": null}"
12,2026-06-05T11:35:38.786947+00:00,rf,ranking_xgb,12,4905,5,1000,0.6541787054426309,727,273,0.49364173044590914,"[""V11"", ""V160"", ""V255"", ""V176"", ""V191""]","{""n_estimators"": 459, ""max_depth"": 11, ""min_samples_leaf"": 4, ""min_samples_split"": 2, ""criterion"": ""entropy"", ""class_weight"": null}"
13,2026-06-05T11:37:51.095872+00:00,rf,ranking_xgb,13,4845,5,1000,0.6529066307430413,723,277,0.4941651213901813,"[""V11"", ""V160"", ""V255"", ""V176"", ""V191""]","{""n_estimators"": 381, ""max_depth"": 11, ""min_samples_leaf"": 4, ""min_samples_split"": 8, ""criterion"": ""entropy"", ""class_weight"": null}"
14,2026-06-05T11:40:12.358109+00:00,rf,ranking_xgb,14,4920,5,1000,0.6304728483573023,728,272,0.49646747646578243,"[""V11"", ""V160"", ""V255"", ""V176"", ""V191""]","{""n_estimators"": 388, ""max_depth"": 8, ""min_samples_leaf"": 1, ""min_samples_split"": 4, ""criterion"": ""entropy"", ""class_weight"": ""balanced""}"
15,2026-06-05T11:41:07.556867+00:00,rf,ranking_xgb,15,4905,5,1000,0.5986734325198341,727,273,0.4959984941842969,"[""V11"", ""V160"", ""V255"", ""V176"", ""V191""]","{""n_estimators"": 157, ""max_depth"": 5, ""min_samples_leaf"": 1, ""min_samples_split"": 6, ""criterion"": ""gini"", ""class_weight"": null}"
16,2026-06-05T11:42:55.088795+00:00,rf,ranking_xgb,16,4800,5,1000,0.625345797727983,720,280,0.49727556957972563,"[""V11"", ""V160"", ""V255"", ""V176"", ""V191""]","{""n_estimators"": 295, ""max_depth"": 7, ""min_samples_leaf"": 1, ""min_samples_split"": 7, ""criterion"": ""gini"", ""class_weight"": ""balanced""}"
17,2026-06-05T11:44:12.558843+00:00,rf,ranking_xgb,17,4920,5,1000,0.6371379723981259,728,272,0.4948983763974544,"[""V11"", ""V160"", ""V255"", ""V176"", ""V191""]","{""n_estimators"": 219, ""max_depth"": 9, ""min_samples_leaf"": 3, ""min_samples_split"": 3, ""criterion"": ""entropy"", ""class_weight"": null}"
18,2026-06-05T11:45:11.549762+00:00,rf,ranking_xgb,18,4935,5,1000,0.6454865973022066,729,271,0.4934330732571858,"[""V11"", ""V160"", ""V255"", ""V176"", ""V191""]","{""n_estimators"": 161, ""max_depth"": 10, ""min_samples_leaf"": 2, ""min_samples_split"": 9, ""criterion"": ""entropy"", ""class_weight"": null}"
19,2026-06-05T11:47:08.779587+00:00,rf,ranking_xgb,19,4890,5,1000,0.6116456851496754,726,274,0.4963585886464476,"[""V11"", ""V160"", ""V255"", ""V176"", ""V191""]","{""n_estimators"": 348, ""max_depth"": 6, ""min_samples_leaf"": 4, ""min_samples_split"": 2, ""criterion"": ""gini"", ""class_weight"": null}"
20,2026-06-05T11:48:02.351578+00:00,rf,ranking_xgb,20,4830,5,1000,0.5921614551333659,722,278,0.4988618189996207,"[""V11"", ""V160"", ""V255"", ""V176"", ""V191""]","{""n_estimators"": 143, ""max_depth"": 4, ""min_samples_leaf"": 3, ""min_samples_split"": 7, ""criterion"": ""gini"", ""class_weight"": ""balanced""}"
21,2026-06-05T11:50:27.913955+00:00,rf,ranking_xgb,21,4970,5,996,0.6118459958259499,730,266,0.4982407637142944,"[""V11"", ""V160"", ""V255"", ""V176"", ""V191""]","{""n_estimators"": 405, ""max_depth"": 6, ""min_samples_leaf"": 3, ""min_samples_split"": 9, ""criterion"": ""entropy"", ""class_weight"": ""balanced""}"
22,2026-06-05T11:51:55.656483+00:00,rf,ranking_xgb,22,4930,5,998,0.6100633482956169,728,270,0.4962774821545265,"[""V11"", ""V160"", ""V255"", ""V176"", ""V191""]","{""n_estimators"": 257, ""max_depth"": 6, ""min_samples_leaf"": 1, ""min_samples_split"": 6, ""criterion"": ""entropy"", ""class_weight"": null}"
23,2026-06-05T11:54:26.962875+00:00,rf,ranking_xgb,23,4820,5,999,0.6151573227866719,721,278,0.4977735888022062,"[""V11"", ""V160"", ""V255"", ""V176"", ""V191""]","{""n_estimators"": 423, ""max_depth"": 6, ""min_samples_leaf"": 1, ""min_samples_split"": 6, ""criterion"": ""gini"", ""class_weight"": ""balanced""}"
24,2026-06-05T11:55:18.376115+00:00,rf,ranking_xgb,24,4860,5,997,0.6355080164993432,723,274,0.49652886200409657,"[""V11"", ""V160"", ""V255"", ""V176"", ""V191""]","{""n_estimators"": 133, ""max_depth"": 8, ""min_samples_leaf"": 3, ""min_samples_split"": 2, ""criterion"": ""gini"", ""class_weight"": ""balanced""}"
25,2026-06-05T11:58:06.863656+00:00,rf,ranking_xgb,25,4830,5,1000,0.6546716318471729,722,278,0.4957510951245522,"[""V11"", ""V160"", ""V255"", ""V176"", ""V191""]","{""n_estimators"": 468, ""max_depth"": 10, ""min_samples_leaf"": 4, ""min_samples_split"": 2, ""criterion"": ""gini"", ""class_weight"": ""balanced""}"
26,2026-06-05T11:59:15.643932+00:00,rf,ranking_xgb,26,4810,6,1000,0.6406649724770247,734,266,0.49513766336672504,"[""V11"", ""V160"", ""V255"", ""V176"", ""V191"", ""V224""]","{""n_estimators"": 182, ""max_depth"": 10, ""min_samples_leaf"": 3, ""min_samples_split"": 4, ""criterion"": ""gini"", ""class_weight"": ""balanced""}"
27,2026-06-05T12:01:16.854376+00:00,rf,ranking_xgb,27,4845,5,994,0.6249742642746406,721,273,0.49528158525330673,"[""V11"", ""V160"", ""V255"", ""V176"", ""V191""]","{""n_estimators"": 359, ""max_depth"": 7, ""min_samples_leaf"": 3, ""min_samples_split"": 8, ""criterion"": ""gini"", ""class_weight"": null}"
28,2026-06-05T12:01:44.466744+00:00,rf,ranking_xgb,28,4875,5,1000,0.6530696710501671,725,275,0.49234698431387003,"[""V11"", ""V160"", ""V255"", ""V176"", ""V191""]","{""n_estimators"": 69, ""max_depth"": 11, ""min_samples_leaf"": 1, ""min_samples_split"": 2, ""criterion"": ""entropy"", ""class_weight"": null}"
29,2026-06-05T12:03:35.444600+00:00,rf,ranking_xgb,29,4935,5,1000,0.6022627014482472,729,271,0.4985127583476267,"[""V11"", ""V160"", ""V255"", ""V176"", ""V191""]","{""n_estimators"": 307, ""max_depth"": 5, ""min_samples_leaf"": 2, ""min_samples_split"": 7, ""criterion"": ""gini"", ""class_weight"": ""balanced""}"
30,2026-06-05T12:05:55.701738+00:00,rf,ranking_xgb,30,4955,5,993,0.600046712802159,728,265,0.4962362059358051,"[""V11"", ""V160"", ""V255"", ""V176"", ""V191""]","{""n_estimators"": 421, ""max_depth"": 5, ""min_samples_leaf"": 1, ""min_samples_split"": 7, ""criterion"": ""entropy"", ""class_weight"": null}"
31,2026-06-05T12:08:00.115760+00:00,rf,ranking_xgb,31,4860,5,997,0.6326242135765991,723,274,0.49626618071348677,"[""V11"", ""V160"", ""V255"", ""V176"", ""V191""]","{""n_estimators"": 343, ""max_depth"": 8, ""min_samples_leaf"": 2, ""min_samples_split"": 7, ""criterion"": ""gini"", ""class_weight"": ""balanced""}"
32,2026-06-05T12:09:34.643151+00:00,rf,ranking_xgb,32,4920,5,1000,0.5849859974041972,728,272,0.49883473735078787,"[""V11"", ""V160"", ""V255"", ""V176"", ""V191""]","{""n_estimators"": 260, ""max_depth"": 4, ""min_samples_leaf"": 4, ""min_samples_split"": 2, ""criterion"": ""entropy"", ""class_weight"": ""balanced""}"
33,2026-06-05T12:11:10.529571+00:00,rf,ranking_xgb,33,4960,5,998,0.6035353633698068,730,268,0.49803997491626845,"[""V11"", ""V160"", ""V255"", ""V176"", ""V191""]","{""n_estimators"": 265, ""max_depth"": 5, ""min_samples_leaf"": 4, ""min_samples_split"": 7, ""criterion"": ""gini"", ""class_weight"": ""balanced""}"
34,2026-06-05T12:11:36.769739+00:00,rf,ranking_xgb,34,4965,5,1000,0.6079214532641114,731,269,0.4947105120620217,"[""V11"", ""V160"", ""V255"", ""V176"", ""V191""]","{""n_estimators"": 70, ""max_depth"": 6, ""min_samples_leaf"": 4, ""min_samples_split"": 2, ""criterion"": ""gini"", ""class_weight"": null}"
35,2026-06-05T12:14:24.654758+00:00,rf,ranking_xgb,35,4795,5,998,0.6448224667042838,719,279,0.4956185826241614,"[""V11"", ""V160"", ""V255"", ""V176"", ""V191""]","{""n_estimators"": 467, ""max_depth"": 9, ""min_samples_leaf"": 3, ""min_samples_split"": 4, ""criterion"": ""gini"", ""class_weight"": ""balanced""}"
36,2026-06-05T12:15:51.412464+00:00,rf,ranking_xgb,36,4860,5,1000,0.6412362397314683,724,276,0.4939719385675857,"[""V11"", ""V160"", ""V255"", ""V176"", ""V191""]","{""n_estimators"": 251, ""max_depth"": 9, ""min_samples_leaf"": 4, ""min_samples_split"": 6, ""criterion"": ""gini"", ""class_weight"": null}"
37,2026-06-05T12:17:00.206246+00:00,rf,ranking_xgb,37,4890,5,991,0.6461243660100251,723,268,0.49601379481795504,"[""V11"", ""V160"", ""V255"", ""V176"", ""V191""]","{""n_estimators"": 183, ""max_depth"": 9, ""min_samples_leaf"": 3, ""min_samples_split"": 8, ""criterion"": ""gini"", ""class_weight"": ""balanced""}"
38,2026-06-05T12:19:29.521009+00:00,rf,ranking_xgb,38,4910,5,999,0.6004200544027375,727,272,0.4959711906004028,"[""V11"", ""V160"", ""V255"", ""V176"", ""V191""]","{""n_estimators"": 449, ""max_depth"": 5, ""min_samples_leaf"": 4, ""min_samples_split"": 6, ""criterion"": ""gini"", ""class_weight"": null}"
39,2026-06-05T12:22:17.794625+00:00,rf,ranking_xgb,39,4805,5,999,0.6487117824252632,720,279,0.49619478633340147,"[""V11"", ""V160"", ""V255"", ""V176"", ""V191""]","{""n_estimators"": 467, ""max_depth"": 10, ""min_samples_leaf"": 4, ""min_samples_split"": 7, ""criterion"": ""entropy"", ""class_weight"": ""balanced""}"
40,2026-06-05T12:24:47.054055+00:00,rf,ranking_xgb,40,4860,5,1000,0.6184077364734449,724,276,0.4953338160576468,"[""V11"", ""V160"", ""V255"", ""V176"", ""V191""]","{""n_estimators"": 443, ""max_depth"": 7, ""min_samples_leaf"": 2, ""min_samples_split"": 3, ""criterion"": ""entropy"", ""class_weight"": null}"
41,2026-06-05T12:27:04.002135+00:00,rf,ranking_xgb,41,4770,5,1000,0.6607837462807307,718,282,0.4955048070968149,"[""V11"", ""V160"", ""V255"", ""V176"", ""V191""]","{""n_estimators"": 376, ""max_depth"": 11, ""min_samples_leaf"": 4, ""min_samples_split"": 9, ""criterion"": ""gini"", ""class_weight"": ""balanced""}"
42,2026-06-05T12:30:04.261094+00:00,rf,ranking_xgb,42,4875,5,1000,0.6502065260215028,725,275,0.49656647626225403,"[""V11"", ""V160"", ""V255"", ""V176"", ""V191""]","{""n_estimators"": 498, ""max_depth"": 10, ""min_samples_leaf"": 4, ""min_samples_split"": 6, ""criterion"": ""entropy"", ""class_weight"": ""balanced""}"
43,2026-06-05T12:30:57.729669+00:00,rf,ranking_xgb,43,4890,5,1000,0.6033050566570776,726,274,0.49595592827944857,"[""V11"", ""V160"", ""V255"", ""V176"", ""V191""]","{""n_estimators"": 152, ""max_depth"": 5, ""min_samples_leaf"": 4, ""min_samples_split"": 6, ""criterion"": ""gini"", ""class_weight"": null}"
44,2026-06-05T12:33:11.798294+00:00,rf,ranking_xgb,44,4850,5,996,0.5894770529533957,722,274,0.49914914991622444,"[""V11"", ""V160"", ""V255"", ""V176"", ""V191""]","{""n_estimators"": 374, ""max_depth"": 4, ""min_samples_leaf"": 1, ""min_samples_split"": 9, ""criterion"": ""entropy"", ""class_weight"": ""balanced""}"
45,2026-06-05T12:35:10.779642+00:00,rf,ranking_xgb,45,4850,5,999,0.653411470408867,723,276,0.4955451912589265,"[""V11"", ""V160"", ""V255"", ""V176"", ""V191""]","{""n_estimators"": 326, ""max_depth"": 10, ""min_samples_leaf"": 4, ""min_samples_split"": 3, ""criterion"": ""gini"", ""class_weight"": ""balanced""}"
46,2026-06-05T12:37:46.646291+00:00,rf,ranking_xgb,46,4900,5,995,0.6326316398197086,725,270,0.4953305189118817,"[""V11"", ""V160"", ""V255"", ""V176"", ""V191""]","{""n_estimators"": 464, ""max_depth"": 8, ""min_samples_leaf"": 4, ""min_samples_split"": 6, ""criterion"": ""entropy"", ""class_weight"": null}"
47,2026-06-05T12:39:14.680812+00:00,rf,ranking_xgb,47,4880,5,996,0.6018066771012283,724,272,0.4984541566740565,"[""V11"", ""V160"", ""V255"", ""V176"", ""V191""]","{""n_estimators"": 239, ""max_depth"": 5, ""min_samples_leaf"": 2, ""min_samples_split"": 2, ""criterion"": ""entropy"", ""class_weight"": ""balanced""}"
48,2026-06-05T12:40:19.832352+00:00,rf,ranking_xgb,48,4725,7,998,0.6304879508564423,741,257,0.4934071230095734,"[""V11"", ""V160"", ""V255"", ""V176"", ""V191"", ""V224"", ""V215""]","{""n_estimators"": 185, ""max_depth"": 9, ""min_samples_leaf"": 3, ""min_samples_split"": 9, ""criterion"": ""gini"", ""class_weight"": null}"
49,2026-06-05T12:40:40.474189+00:00,rf,ranking_xgb,49,4770,5,1000,0.6480621242297144,718,282,0.4939456975797513,"[""V11"", ""V160"", ""V255"", ""V176"", ""V191""]","{""n_estimators"": 50, ""max_depth"": 9, ""min_samples_leaf"": 4, ""min_samples_split"": 3, ""criterion"": ""gini"", ""class_weight"": null}"
50,2026-06-05T12:43:19.153159+00:00,rf,ranking_xgb,50,4975,5,998,0.598186280474443,731,267,0.49636599116986074,"[""V11"", ""V160"", ""V255"", ""V176"", ""V191""]","{""n_estimators"": 476, ""max_depth"": 5, ""min_samples_leaf"": 2, ""min_samples_split"": 2, ""criterion"": ""entropy"", ""class_weight"": null}"
51,2026-06-05T12:44:40.011286+00:00,rf,ranking_xgb,51,4815,5,1000,0.6545006342629838,721,279,0.493010731427893,"[""V11"", ""V160"", ""V255"", ""V176"", ""V191""]","{""n_estimators"": 226, ""max_depth"": 11, ""min_samples_leaf"": 1, ""min_samples_split"": 5, ""criterion"": ""entropy"", ""class_weight"": null}"
52,2026-06-05T12:45:21.629310+00:00,rf,ranking_xgb,52,4905,5,997,0.6251401159865778,726,271,0.4968659727657696,"[""V11"", ""V160"", ""V255"", ""V176"", ""V191""]","{""n_estimators"": 107, ""max_depth"": 7, ""min_samples_leaf"": 2, ""min_samples_split"": 2, ""criterion"": ""gini"", ""class_weight"": ""balanced""}"
53,2026-06-05T12:46:33.249358+00:00,rf,ranking_xgb,53,4860,5,997,0.6341480858974796,723,274,0.4947520400096737,"[""V11"", ""V160"", ""V255"", ""V176"", ""V191""]","{""n_estimators"": 206, ""max_depth"": 8, ""min_samples_leaf"": 4, ""min_samples_split"": 7, ""criterion"": ""gini"", ""class_weight"": null}"
54,2026-06-05T12:47:02.124908+00:00,rf,ranking_xgb,54,4875,5,1000,0.6180577972492355,725,275,0.49589076430778134,"[""V11"", ""V160"", ""V255"", ""V176"", ""V191""]","{""n_estimators"": 75, ""max_depth"": 7, ""min_samples_leaf"": 2, ""min_samples_split"": 7, ""criterion"": ""entropy"", ""class_weight"": null}"
55,2026-06-05T12:47:59.542426+00:00,rf,ranking_xgb,55,4940,5,996,0.6135927993609295,728,268,0.4964802967902806,"[""V11"", ""V160"", ""V255"", ""V176"", ""V191""]","{""n_estimators"": 161, ""max_depth"": 6, ""min_samples_leaf"": 2, ""min_samples_split"": 4, ""criterion"": ""entropy"", ""class_weight"": null}"
56,2026-06-05T12:49:14.902931+00:00,rf,ranking_xgb,56,4890,5,1000,0.6036207939003431,726,274,0.4981160223686059,"[""V11"", ""V160"", ""V255"", ""V176"", ""V191""]","{""n_estimators"": 204, ""max_depth"": 5, ""min_samples_leaf"": 4, ""min_samples_split"": 2, ""criterion"": ""gini"", ""class_weight"": ""balanced""}"
57,2026-06-05T12:51:24.458955+00:00,rf,ranking_xgb,57,4815,5,1000,0.5856376601740992,721,279,0.4963780108430401,"[""V11"", ""V160"", ""V255"", ""V176"", ""V191""]","{""n_estimators"": 391, ""max_depth"": 4, ""min_samples_leaf"": 1, ""min_samples_split"": 9, ""criterion"": ""entropy"", ""class_weight"": null}"
58,2026-06-05T12:53:00.799806+00:00,rf,ranking_xgb,58,4980,5,1000,0.5880533049474852,732,268,0.49888964787944823,"[""V11"", ""V160"", ""V255"", ""V176"", ""V191""]","{""n_estimators"": 264, ""max_depth"": 4, ""min_samples_leaf"": 2, ""min_samples_split"": 8, ""criterion"": ""entropy"", ""class_weight"": ""balanced""}"
59,2026-06-05T12:55:04.391682+00:00,rf,ranking_xgb,59,4950,5,994,0.6258712903787628,728,266,0.4968721720666357,"[""V11"", ""V160"", ""V255"", ""V176"", ""V191""]","{""n_estimators"": 341, ""max_depth"": 7, ""min_samples_leaf"": 1, ""min_samples_split"": 9, ""criterion"": ""gini"", ""class_weight"": ""balanced""}"
60,2026-06-05T12:56:22.767836+00:00,rf,ranking_xgb,60,4845,5,1000,0.6237745875360515,723,277,0.4945072510587128,"[""V11"", ""V160"", ""V255"", ""V176"", ""V191""]","{""n_estimators"": 227, ""max_depth"": 7, ""min_samples_leaf"": 1, ""min_samples_split"": 7, ""criterion"": ""gini"", ""class_weight"": null}"
61,2026-06-05T12:57:57.579579+00:00,rf,ranking_xgb,61,4820,5,996,0.6324352307247696,720,276,0.49704831029073393,"[""V11"", ""V160"", ""V255"", ""V176"", ""V191""]","{""n_estimators"": 255, ""max_depth"": 8, ""min_samples_leaf"": 2, ""min_samples_split"": 8, ""criterion"": ""entropy"", ""class_weight"": ""balanced""}"
62,2026-06-05T12:58:54.951774+00:00,rf,ranking_xgb,62,4730,5,999,0.6568607677659987,715,284,0.49403845390400075,"[""V11"", ""V160"", ""V255"", ""V176"", ""V191""]","{""n_estimators"": 149, ""max_depth"": 11, ""min_samples_leaf"": 3, ""min_samples_split"": 4, ""criterion"": ""gini"", ""class_weight"": ""balanced""}"
63,2026-06-05T12:59:22.548182+00:00,rf,ranking_xgb,63,4875,5,1000,0.6145690610922993,725,275,0.49893440470494677,"[""V11"", ""V160"", ""V255"", ""V176"", ""V191""]","{""n_estimators"": 68, ""max_depth"": 6, ""min_samples_leaf"": 1, ""min_samples_split"": 3, ""criterion"": ""gini"", ""class_weight"": ""balanced""}"
64,2026-06-05T12:59:58.973457+00:00,rf,ranking_xgb,64,4720,7,999,0.6378385849813004,741,258,0.4917815642983622,"[""V11"", ""V160"", ""V255"", ""V176"", ""V191"", ""V224"", ""V215""]","{""n_estimators"": 94, ""max_depth"": 11, ""min_samples_leaf"": 1, ""min_samples_split"": 5, ""criterion"": ""entropy"", ""class_weight"": null}"
65,2026-06-05T13:00:59.205280+00:00,rf,ranking_xgb,65,4785,5,1000,0.6551521302309656,719,281,0.49263117445110793,"[""V11"", ""V160"", ""V255"", ""V176"", ""V191""]","{""n_estimators"": 169, ""max_depth"": 11, ""min_samples_leaf"": 3, ""min_samples_split"": 8, ""criterion"": ""gini"", ""class_weight"": null}"
66,2026-06-05T13:03:01.177465+00:00,rf,ranking_xgb,66,4800,5,1000,0.6453794581295736,720,280,0.4942460207594236,"[""V11"", ""V160"", ""V255"", ""V176"", ""V191""]","{""n_estimators"": 352, ""max_depth"": 10, ""min_samples_leaf"": 2, ""min_samples_split"": 9, ""criterion"": ""entropy"", ""class_weight"": null}"
67,2026-06-05T13:03:27.570565+00:00,rf,ranking_xgb,67,4965,5,1000,0.5951733334977334,731,269,0.4961037878820898,"[""V11"", ""V160"", ""V255"", ""V176"", ""V191""]","{""n_estimators"": 70, ""max_depth"": 5, ""min_samples_leaf"": 1, ""min_samples_split"": 9, ""criterion"": ""entropy"", ""class_weight"": null}"
68,2026-06-05T13:05:31.517515+00:00,rf,ranking_xgb,68,4970,5,999,0.6018022981504655,731,268,0.4963751917355321,"[""V11"", ""V160"", ""V255"", ""V176"", ""V191""]","{""n_estimators"": 373, ""max_depth"": 5, ""min_samples_leaf"": 2, ""min_samples_split"": 4, ""criterion"": ""gini"", ""class_weight"": null}"
69,2026-06-05T13:07:45.765065+00:00,rf,ranking_xgb,69,4760,5,987,0.6642039653185082,713,274,0.4951455675671872,"[""V11"", ""V160"", ""V255"", ""V176"", ""V191""]","{""n_estimators"": 369, ""max_depth"": 11, ""min_samples_leaf"": 3, ""min_samples_split"": 9, ""criterion"": ""gini"", ""class_weight"": ""balanced""}"
70,2026-06-05T13:08:25.606981+00:00,rf,ranking_xgb,70,4905,5,1000,0.5880103341284666,727,273,0.49852715036496437,"[""V11"", ""V160"", ""V255"", ""V176"", ""V191""]","{""n_estimators"": 104, ""max_depth"": 4, ""min_samples_leaf"": 4, ""min_samples_split"": 3, ""criterion"": ""gini"", ""class_weight"": ""balanced""}"
71,2026-06-05T13:10:34.550789+00:00,rf,ranking_xgb,71,4965,5,1000,0.5962896864626991,731,269,0.4963084413050602,"[""V11"", ""V160"", ""V255"", ""V176"", ""V191""]","{""n_estimators"": 384, ""max_depth"": 5, ""min_samples_leaf"": 3, ""min_samples_split"": 4, ""criterion"": ""entropy"", ""class_weight"": null}"
72,2026-06-05T13:11:30.628012+00:00,rf,ranking_xgb,72,4740,5,1000,0.6442132738696273,716,284,0.4939921090772326,"[""V11"", ""V160"", ""V255"", ""V176"", ""V191""]","{""n_estimators"": 157, ""max_depth"": 9, ""min_samples_leaf"": 2, ""min_samples_split"": 5, ""criterion"": ""gini"", ""class_weight"": null}"
73,2026-06-05T13:13:19.692880+00:00,rf,ranking_xgb,73,4885,5,995,0.5996046344000663,724,271,0.4958302143799042,"[""V11"", ""V160"", ""V255"", ""V176"", ""V191""]","{""n_estimators"": 325, ""max_depth"": 5, ""min_samples_leaf"": 3, ""min_samples_split"": 4, ""criterion"": ""gini"", ""class_weight"": null}"
74,2026-06-05T13:15:52.483891+00:00,rf,ranking_xgb,74,4815,5,1000,0.6330332536580079,721,279,0.49459363382587573,"[""V11"", ""V160"", ""V255"", ""V176"", ""V191""]","{""n_estimators"": 456, ""max_depth"": 8, ""min_samples_leaf"": 3, ""min_samples_split"": 8, ""criterion"": ""gini"", ""class_weight"": null}"
75,2026-06-05T13:18:38.703876+00:00,rf,ranking_xgb,75,4840,5,998,0.6013225674042487,722,276,0.4986075729876942,"[""V11"", ""V160"", ""V255"", ""V176"", ""V191""]","{""n_estimators"": 464, ""max_depth"": 5, ""min_samples_leaf"": 4, ""min_samples_split"": 3, ""criterion"": ""entropy"", ""class_weight"": ""balanced""}"
76,2026-06-05T13:20:23.335861+00:00,rf,ranking_xgb,76,4730,5,999,0.6512783672425909,715,284,0.4929008635868193,"[""V11"", ""V160"", ""V255"", ""V176"", ""V191""]","{""n_estimators"": 298, ""max_depth"": 11, ""min_samples_leaf"": 1, ""min_samples_split"": 5, ""criterion"": ""entropy"", ""class_weight"": null}"
77,2026-06-05T13:21:37.323960+00:00,rf,ranking_xgb,77,4875,5,1000,0.6414951590836678,725,275,0.49505054334234966,"[""V11"", ""V160"", ""V255"", ""V176"", ""V191""]","{""n_estimators"": 211, ""max_depth"": 9, ""min_samples_leaf"": 4, ""min_samples_split"": 9, ""criterion"": ""entropy"", ""class_weight"": null}"
78,2026-06-05T13:23:15.422478+00:00,rf,ranking_xgb,78,4870,5,998,0.6324352872049892,724,274,0.4973719003391889,"[""V11"", ""V160"", ""V255"", ""V176"", ""V191""]","{""n_estimators"": 265, ""max_depth"": 8, ""min_samples_leaf"": 4, ""min_samples_split"": 6, ""criterion"": ""entropy"", ""class_weight"": ""balanced""}"
79,2026-06-05T13:24:39.981030+00:00,rf,ranking_xgb,79,4890,5,1000,0.6250010627521038,726,274,0.4945399311262152,"[""V11"", ""V160"", ""V255"", ""V176"", ""V191""]","{""n_estimators"": 247, ""max_depth"": 7, ""min_samples_leaf"": 3, ""min_samples_split"": 9, ""criterion"": ""gini"", ""class_weight"": null}"
80,2026-06-05T13:26:52.202703+00:00,rf,ranking_xgb,80,4960,5,989,0.6108106028327559,727,262,0.49584970733959727,"[""V11"", ""V160"", ""V255"", ""V176"", ""V191""]","{""n_estimators"": 393, ""max_depth"": 6, ""min_samples_leaf"": 2, ""min_samples_split"": 4, ""criterion"": ""entropy"", ""class_weight"": null}"
81,2026-06-05T13:28:11.202461+00:00,rf,ranking_xgb,81,4835,5,999,0.6314315189423714,722,277,0.49522652199031364,"[""V11"", ""V160"", ""V255"", ""V176"", ""V191""]","{""n_estimators"": 225, ""max_depth"": 8, ""min_samples_leaf"": 1, ""min_samples_split"": 8, ""criterion"": ""entropy"", ""class_weight"": null}"
82,2026-06-05T13:30:20.634105+00:00,rf,ranking_xgb,82,4710,5,1000,0.6519311432300653,714,286,0.4932921804751197,"[""V11"", ""V160"", ""V255"", ""V176"", ""V191""]","{""n_estimators"": 373, ""max_depth"": 11, ""min_samples_leaf"": 2, ""min_samples_split"": 2, ""criterion"": ""entropy"", ""class_weight"": null}"
83,2026-06-05T13:31:24.197847+00:00,rf,ranking_xgb,83,5055,5,1000,0.6082152895064762,737,263,0.4954594443097667,"[""V11"", ""V160"", ""V255"", ""V176"", ""V191""]","{""n_estimators"": 181, ""max_depth"": 6, ""min_samples_leaf"": 3, ""min_samples_split"": 5, ""criterion"": ""entropy"", ""class_weight"": null}"
84,2026-06-05T13:32:16.287598+00:00,rf,ranking_xgb,84,4885,5,998,0.6559404481117113,725,273,0.49674771860489925,"[""V11"", ""V160"", ""V255"", ""V176"", ""V191""]","{""n_estimators"": 132, ""max_depth"": 11, ""min_samples_leaf"": 4, ""min_samples_split"": 2, ""criterion"": ""entropy"", ""class_weight"": ""balanced""}"
85,2026-06-05T13:34:55.670196+00:00,rf,ranking_xgb,85,4860,5,1000,0.6296554449609834,724,276,0.4941272461573385,"[""V11"", ""V160"", ""V255"", ""V176"", ""V191""]","{""n_estimators"": 476, ""max_depth"": 8, ""min_samples_leaf"": 2, ""min_samples_split"": 3, ""criterion"": ""gini"", ""class_weight"": null}"
86,2026-06-05T13:37:12.740135+00:00,rf,ranking_xgb,86,4860,5,1000,0.62426203972381,724,276,0.4947006032714802,"[""V11"", ""V160"", ""V255"", ""V176"", ""V191""]","{""n_estimators"": 412, ""max_depth"": 7, ""min_samples_leaf"": 1, ""min_samples_split"": 7, ""criterion"": ""gini"", ""class_weight"": null}"
87,2026-06-05T13:38:25.952573+00:00,rf,ranking_xgb,87,4790,5,990,0.5894987092388005,716,274,0.49888495983658265,"[""V11"", ""V160"", ""V255"", ""V176"", ""V191""]","{""n_estimators"": 198, ""max_depth"": 4, ""min_samples_leaf"": 1, ""min_samples_split"": 6, ""criterion"": ""entropy"", ""class_weight"": ""balanced""}"
88,2026-06-05T13:40:43.942241+00:00,rf,ranking_xgb,88,4925,5,999,0.6149317491269606,728,271,0.4975113830647253,"[""V11"", ""V160"", ""V255"", ""V176"", ""V191""]","{""n_estimators"": 383, ""max_depth"": 6, ""min_samples_leaf"": 4, ""min_samples_split"": 9, ""criterion"": ""gini"", ""class_weight"": ""balanced""}"
89,2026-06-05T13:42:39.104948+00:00,rf,ranking_xgb,89,4795,6,1000,0.639755909432088,733,267,0.49344815198937214,"[""V11"", ""V160"", ""V255"", ""V176"", ""V191"", ""V224""]","{""n_estimators"": 338, ""max_depth"": 10, ""min_samples_leaf"": 4, ""min_samples_split"": 3, ""criterion"": ""gini"", ""class_weight"": null}"
90,2026-06-05T13:45:21.183863+00:00,rf,ranking_xgb,90,4875,5,1000,0.5986515322798217,725,275,0.4985106706257421,"[""V11"", ""V160"", ""V255"", ""V176"", ""V191""]","{""n_estimators"": 453, ""max_depth"": 5, ""min_samples_leaf"": 3, ""min_samples_split"": 6, ""criterion"": ""entropy"", ""class_weight"": ""balanced""}"
91,2026-06-05T13:47:34.608090+00:00,rf,ranking_xgb,91,4860,5,1000,0.6233471540240688,724,276,0.4949669670683833,"[""V11"", ""V160"", ""V255"", ""V176"", ""V191""]","{""n_estimators"": 397, ""max_depth"": 7, ""min_samples_leaf"": 2, ""min_samples_split"": 4, ""criterion"": ""gini"", ""class_weight"": null}"
92,2026-06-05T13:48:58.193430+00:00,rf,ranking_xgb,92,4985,5,999,0.603717604871221,732,267,0.4985711643604585,"[""V11"", ""V160"", ""V255"", ""V176"", ""V191""]","{""n_estimators"": 228, ""max_depth"": 5, ""min_samples_leaf"": 3, ""min_samples_split"": 4, ""criterion"": ""gini"", ""class_weight"": ""balanced""}"
93,2026-06-05T13:50:04.458016+00:00,rf,ranking_xgb,93,4845,5,1000,0.6448095467738576,723,277,0.4959874961707963,"[""V11"", ""V160"", ""V255"", ""V176"", ""V191""]","{""n_estimators"": 172, ""max_depth"": 10, ""min_samples_leaf"": 3, ""min_samples_split"": 5, ""criterion"": ""entropy"", ""class_weight"": ""balanced""}"
94,2026-06-05T13:52:55.297939+00:00,rf,ranking_xgb,94,4770,5,1000,0.6544246274566061,718,282,0.4963432399927498,"[""V11"", ""V160"", ""V255"", ""V176"", ""V191""]","{""n_estimators"": 471, ""max_depth"": 11, ""min_samples_leaf"": 4, ""min_samples_split"": 6, ""criterion"": ""entropy"", ""class_weight"": ""balanced""}"
95,2026-06-05T13:54:16.632195+00:00,rf,ranking_xgb,95,4920,5,1000,0.6116535866499836,728,272,0.4957861833126748,"[""V11"", ""V160"", ""V255"", ""V176"", ""V191""]","{""n_estimators"": 237, ""max_depth"": 6, ""min_samples_leaf"": 3, ""min_samples_split"": 2, ""criterion"": ""gini"", ""class_weight"": null}"
96,2026-06-05T13:56:59.960951+00:00,rf,ranking_xgb,96,5010,5,1000,0.6106526538823437,734,266,0.49798346946488226,"[""V11"", ""V160"", ""V255"", ""V176"", ""V191""]","{""n_estimators"": 456, ""max_depth"": 6, ""min_samples_leaf"": 2, ""min_samples_split"": 5, ""criterion"": ""entropy"", ""class_weight"": ""balanced""}"
97,2026-06-05T13:57:49.265207+00:00,rf,ranking_xgb,97,4925,5,999,0.6404911662823102,728,271,0.4949171061765171,"[""V11"", ""V160"", ""V255"", ""V176"", ""V191""]","{""n_estimators"": 134, ""max_depth"": 9, ""min_samples_leaf"": 3, ""min_samples_split"": 8, ""criterion"": ""entropy"", ""class_weight"": null}"
98,2026-06-05T13:58:39.724187+00:00,rf,ranking_xgb,98,4980,5,1000,0.6183004392259613,732,268,0.49494324118673094,"[""V11"", ""V160"", ""V255"", ""V176"", ""V191""]","{""n_estimators"": 140, ""max_depth"": 7, ""min_samples_leaf"": 4, ""min_samples_split"": 3, ""criterion"": ""entropy"", ""class_weight"": null}"
99,2026-06-05T13:59:14.253211+00:00,rf,ranking_xgb,99,4890,5,1000,0.6455414963292219,726,274,0.4938636225648234,"[""V11"", ""V160"", ""V255"", ""V176"", ""V191""]","{""n_estimators"": 92, ""max_depth"": 9, ""min_samples_leaf"": 1, ""min_samples_split"": 9, ""criterion"": ""gini"", ""class_weight"": null}"
100,2026-06-05T14:00:22.708386+00:00,rf,ranking_xgb,100,4840,5,998,0.6483219896296726,722,276,0.49639502614247155,"[""V11"", ""V160"", ""V255"", ""V176"", ""V191""]","{""n_estimators"": 179, ""max_depth"": 10, ""min_samples_leaf"": 4, ""min_samples_split"": 3, ""criterion"": ""entropy"", ""class_weight"": ""balanced""}"
101,2026-06-05T14:00:45.733020+00:00,rf,ranking_xgb,101,4875,5,1000,0.6126568514884279,725,275,0.4960127028469756,"[""V11"", ""V160"", ""V255"", ""V176"", ""V191""]","{""n_estimators"": 58, ""max_depth"": 6, ""min_samples_leaf"": 1, ""min_samples_split"": 5, ""criterion"": ""entropy"", ""class_weight"": null}"
102,2026-06-05T14:03:01.195852+00:00,rf,ranking_xgb,102,4955,5,999,0.6208071975188166,730,269,0.4954082502946836,"[""V11"", ""V160"", ""V255"", ""V176"", ""V191""]","{""n_estimators"": 401, ""max_depth"": 7, ""min_samples_leaf"": 4, ""min_samples_split"": 3, ""criterion"": ""entropy"", ""class_weight"": null}"
103,2026-06-05T14:04:52.785885+00:00,rf,ranking_xgb,103,4930,5,995,0.6134743939826021,727,268,0.49820888476280345,"[""V11"", ""V160"", ""V255"", ""V176"", ""V191""]","{""n_estimators"": 306, ""max_depth"": 6, ""min_samples_leaf"": 4, ""min_samples_split"": 8, ""criterion"": ""entropy"", ""class_weight"": ""balanced""}"
104,2026-06-05T14:06:46.813526+00:00,rf,ranking_xgb,104,4665,5,1000,0.6589212755034518,711,289,0.49470445835617827,"[""V11"", ""V160"", ""V255"", ""V176"", ""V191""]","{""n_estimators"": 313, ""max_depth"": 11, ""min_samples_leaf"": 2, ""min_samples_split"": 5, ""criterion"": ""gini"", ""class_weight"": ""balanced""}"
105,2026-06-05T14:07:32.400224+00:00,rf,ranking_xgb,105,4800,5,1000,0.5887228822425776,720,280,0.4984791634855426,"[""V11"", ""V160"", ""V255"", ""V176"", ""V191""]","{""n_estimators"": 119, ""max_depth"": 4, ""min_samples_leaf"": 2, ""min_samples_split"": 3, ""criterion"": ""gini"", ""class_weight"": ""balanced""}"
106,2026-06-05T14:09:01.636215+00:00,rf,ranking_xgb,106,4785,5,997,0.6416840775430237,718,279,0.49577135718009924,"[""V11"", ""V160"", ""V255"", ""V176"", ""V191""]","{""n_estimators"": 242, ""max_depth"": 9, ""min_samples_leaf"": 2, ""min_samples_split"": 8, ""criterion"": ""gini"", ""class_weight"": ""balanced""}"
107,2026-06-05T14:11:22.748172+00:00,rf,ranking_xgb,107,4740,5,1000,0.6590068924019241,716,284,0.4932720057777451,"[""V11"", ""V160"", ""V255"", ""V176"", ""V191""]","{""n_estimators"": 416, ""max_depth"": 11, ""min_samples_leaf"": 3, ""min_samples_split"": 9, ""criterion"": ""gini"", ""class_weight"": null}"
108,2026-06-05T14:12:04.109566+00:00,rf,ranking_xgb,108,4920,5,1000,0.6218138265709937,728,272,0.49514906637709494,"[""V11"", ""V160"", ""V255"", ""V176"", ""V191""]","{""n_estimators"": 112, ""max_depth"": 7, ""min_samples_leaf"": 1, ""min_samples_split"": 3, ""criterion"": ""entropy"", ""class_weight"": null}"
109,2026-06-05T14:12:56.594940+00:00,rf,ranking_xgb,109,5060,5,999,0.6145446410369234,737,262,0.4959729114102918,"[""V11"", ""V160"", ""V255"", ""V176"", ""V191""]","{""n_estimators"": 149, ""max_depth"": 6, ""min_samples_leaf"": 4, ""min_samples_split"": 3, ""criterion"": ""gini"", ""class_weight"": null}"
110,2026-06-05T14:14:42.697918+00:00,rf,ranking_xgb,110,4925,5,999,0.6328078519445756,728,271,0.49419934544361266,"[""V11"", ""V160"", ""V255"", ""V176"", ""V191""]","{""n_estimators"": 312, ""max_depth"": 8, ""min_samples_leaf"": 2, ""min_samples_split"": 7, ""criterion"": ""gini"", ""class_weight"": null}"
111,2026-06-05T14:15:45.776947+00:00,rf,ranking_xgb,111,4830,5,1000,0.6503886824866938,722,278,0.4936176234148578,"[""V11"", ""V160"", ""V255"", ""V176"", ""V191""]","{""n_estimators"": 178, ""max_depth"": 10, ""min_samples_leaf"": 4, ""min_samples_split"": 7, ""criterion"": ""gini"", ""class_weight"": null}"
112,2026-06-05T14:17:57.842989+00:00,rf,ranking_xgb,112,4890,5,1000,0.619495965754048,726,274,0.4952602888329131,"[""V11"", ""V160"", ""V255"", ""V176"", ""V191""]","{""n_estimators"": 390, ""max_depth"": 7, ""min_samples_leaf"": 1, ""min_samples_split"": 6, ""criterion"": ""entropy"", ""class_weight"": null}"
113,2026-06-05T14:18:53.276590+00:00,rf,ranking_xgb,113,4830,5,1000,0.6556109665467134,722,278,0.49392503948850935,"[""V11"", ""V160"", ""V255"", ""V176"", ""V191""]","{""n_estimators"": 150, ""max_depth"": 11, ""min_samples_leaf"": 4, ""min_samples_split"": 2, ""criterion"": ""entropy"", ""class_weight"": null}"
114,2026-06-05T14:20:12.174006+00:00,rf,ranking_xgb,114,4815,5,1000,0.5874203835705748,721,279,0.4982532721510428,"[""V11"", ""V160"", ""V255"", ""V176"", ""V191""]","{""n_estimators"": 215, ""max_depth"": 4, ""min_samples_leaf"": 1, ""min_samples_split"": 4, ""criterion"": ""entropy"", ""class_weight"": ""balanced""}"
115,2026-06-05T14:20:55.900552+00:00,rf,ranking_xgb,115,4910,5,996,0.6215474567084543,726,270,0.49547037903655694,"[""V11"", ""V160"", ""V255"", ""V176"", ""V191""]","{""n_estimators"": 124, ""max_depth"": 7, ""min_samples_leaf"": 4, ""min_samples_split"": 8, ""criterion"": ""gini"", ""class_weight"": null}"
116,2026-06-05T14:22:53.538811+00:00,rf,ranking_xgb,116,4845,5,1000,0.6312205541772876,723,277,0.49611822541806105,"[""V11"", ""V160"", ""V255"", ""V176"", ""V191""]","{""n_estimators"": 324, ""max_depth"": 8, ""min_samples_leaf"": 1, ""min_samples_split"": 9, ""criterion"": ""gini"", ""class_weight"": ""balanced""}"
117,2026-06-05T14:25:03.725696+00:00,rf,ranking_xgb,117,4950,5,1000,0.6357578055660702,730,270,0.496787090400868,"[""V11"", ""V160"", ""V255"", ""V176"", ""V191""]","{""n_estimators"": 359, ""max_depth"": 8, ""min_samples_leaf"": 4, ""min_samples_split"": 6, ""criterion"": ""gini"", ""class_weight"": ""balanced""}"
118,2026-06-05T14:26:05.092048+00:00,rf,ranking_xgb,118,4860,5,997,0.6245560577758346,723,274,0.49628401255782373,"[""V11"", ""V160"", ""V255"", ""V176"", ""V191""]","{""n_estimators"": 162, ""max_depth"": 7, ""min_samples_leaf"": 1, ""min_samples_split"": 3, ""criterion"": ""gini"", ""class_weight"": ""balanced""}"
119,2026-06-05T14:27:56.825525+00:00,rf,ranking_xgb,119,5085,5,1000,0.6123376187745565,739,261,0.49830727007424774,"[""V11"", ""V160"", ""V255"", ""V176"", ""V191""]","{""n_estimators"": 306, ""max_depth"": 6, ""min_samples_leaf"": 4, ""min_samples_split"": 5, ""criterion"": ""entropy"", ""class_weight"": ""balanced""}"
120,2026-06-05T14:30:33.377973+00:00,rf,ranking_xgb,120,4815,5,1000,0.6337618515762246,721,279,0.4940739453739048,"[""V11"", ""V160"", ""V255"", ""V176"", ""V191""]","{""n_estimators"": 468, ""max_depth"": 8, ""min_samples_leaf"": 3, ""min_samples_split"": 4, ""criterion"": ""gini"", ""class_weight"": null}"
121,2026-06-05T14:31:48.353139+00:00,rf,ranking_xgb,121,4920,5,1000,0.6194074595454607,728,272,0.4941697198207674,"[""V11"", ""V160"", ""V255"", ""V176"", ""V191""]","{""n_estimators"": 217, ""max_depth"": 7, ""min_samples_leaf"": 1, ""min_samples_split"": 8, ""criterion"": ""gini"", ""class_weight"": null}"
122,2026-06-05T14:33:52.795553+00:00,rf,ranking_xgb,122,4870,5,998,0.6009533444097943,724,274,0.49635350829153146,"[""V11"", ""V160"", ""V255"", ""V176"", ""V191""]","{""n_estimators"": 372, ""max_depth"": 5, ""min_samples_leaf"": 2, ""min_samples_split"": 2, ""criterion"": ""gini"", ""class_weight"": null}"
123,2026-06-05T14:36:37.309649+00:00,rf,ranking_xgb,123,4935,5,997,0.6248162404834584,728,269,0.49784943693620143,"[""V11"", ""V160"", ""V255"", ""V176"", ""V191""]","{""n_estimators"": 460, ""max_depth"": 7, ""min_samples_leaf"": 3, ""min_samples_split"": 8, ""criterion"": ""entropy"", ""class_weight"": ""balanced""}"
124,2026-06-05T14:39:05.515852+00:00,rf,ranking_xgb,124,4890,5,1000,0.588106752487734,726,274,0.4989747559559923,"[""V11"", ""V160"", ""V255"", ""V176"", ""V191""]","{""n_estimators"": 415, ""max_depth"": 4, ""min_samples_leaf"": 3, ""min_samples_split"": 4, ""criterion"": ""entropy"", ""class_weight"": ""balanced""}"
125,2026-06-05T14:40:22.111721+00:00,rf,ranking_xgb,125,4920,5,1000,0.6347614627370852,728,272,0.4962505579147286,"[""V11"", ""V160"", ""V255"", ""V176"", ""V191""]","{""n_estimators"": 206, ""max_depth"": 8, ""min_samples_leaf"": 2, ""min_samples_split"": 9, ""criterion"": ""gini"", ""class_weight"": ""balanced""}"
126,2026-06-05T14:43:07.182908+00:00,rf,ranking_xgb,126,4855,5,998,0.6252618875506697,723,275,0.49510654217424255,"[""V11"", ""V160"", ""V255"", ""V176"", ""V191""]","{""n_estimators"": 495, ""max_depth"": 7, ""min_samples_leaf"": 2, ""min_samples_split"": 4, ""criterion"": ""gini"", ""class_weight"": null}"
127,2026-06-05T14:45:33.453912+00:00,rf,ranking_xgb,127,4875,5,1000,0.5860305127198794,725,275,0.49891396462293014,"[""V11"", ""V160"", ""V255"", ""V176"", ""V191""]","{""n_estimators"": 408, ""max_depth"": 4, ""min_samples_leaf"": 4, ""min_samples_split"": 4, ""criterion"": ""entropy"", ""class_weight"": ""balanced""}"
128,2026-06-05T14:47:05.124928+00:00,rf,ranking_xgb,128,4845,5,1000,0.5907958465584654,723,277,0.498525784911802,"[""V11"", ""V160"", ""V255"", ""V176"", ""V191""]","{""n_estimators"": 251, ""max_depth"": 4, ""min_samples_leaf"": 1, ""min_samples_split"": 4, ""criterion"": ""gini"", ""class_weight"": ""balanced""}"
129,2026-06-05T14:48:34.936965+00:00,rf,ranking_xgb,129,5010,5,1000,0.6216203246220646,734,266,0.4959377500682227,"[""V11"", ""V160"", ""V255"", ""V176"", ""V191""]","{""n_estimators"": 260, ""max_depth"": 7, ""min_samples_leaf"": 4, ""min_samples_split"": 7, ""criterion"": ""entropy"", ""class_weight"": null}"
130,2026-06-05T14:49:26.746995+00:00,rf,ranking_xgb,130,4835,5,999,0.6314901510439589,722,277,0.4946215400571283,"[""V11"", ""V160"", ""V255"", ""V176"", ""V191""]","{""n_estimators"": 145, ""max_depth"": 8, ""min_samples_leaf"": 4, ""min_samples_split"": 2, ""criterion"": ""gini"", ""class_weight"": null}"
131,2026-06-05T14:52:03.770364+00:00,rf,ranking_xgb,131,4755,5,1000,0.6444697951897056,717,283,0.4938248574543576,"[""V11"", ""V160"", ""V255"", ""V176"", ""V191""]","{""n_estimators"": 459, ""max_depth"": 10, ""min_samples_leaf"": 2, ""min_samples_split"": 7, ""criterion"": ""entropy"", ""class_weight"": null}"
132,2026-06-05T14:54:36.914737+00:00,rf,ranking_xgb,132,4965,5,1000,0.6405037389895202,731,269,0.4967304613432911,"[""V11"", ""V160"", ""V255"", ""V176"", ""V191""]","{""n_estimators"": 421, ""max_depth"": 9, ""min_samples_leaf"": 3, ""min_samples_split"": 6, ""criterion"": ""entropy"", ""class_weight"": ""balanced""}"
133,2026-06-05T14:56:53.499119+00:00,rf,ranking_xgb,133,4815,5,1000,0.6498489670613778,721,279,0.49278742876883624,"[""V11"", ""V160"", ""V255"", ""V176"", ""V191""]","{""n_estimators"": 403, ""max_depth"": 10, ""min_samples_leaf"": 3, ""min_samples_split"": 3, ""criterion"": ""gini"", ""class_weight"": null}"
134,2026-06-05T14:58:09.516953+00:00,rf,ranking_xgb,134,4845,5,1000,0.6515723228680625,723,277,0.492608855675886,"[""V11"", ""V160"", ""V255"", ""V176"", ""V191""]","{""n_estimators"": 211, ""max_depth"": 11, ""min_samples_leaf"": 1, ""min_samples_split"": 2, ""criterion"": ""entropy"", ""class_weight"": null}"
135,2026-06-05T14:58:45.255575+00:00,rf,ranking_xgb,135,4785,5,1000,0.657260823980764,719,281,0.49470235090222725,"[""V11"", ""V160"", ""V255"", ""V176"", ""V191""]","{""n_estimators"": 88, ""max_depth"": 11, ""min_samples_leaf"": 1, ""min_samples_split"": 9, ""criterion"": ""gini"", ""class_weight"": ""balanced""}"
136,2026-06-05T14:59:59.111428+00:00,rf,ranking_xgb,136,4820,5,996,0.6390335466561757,720,276,0.49442258048693705,"[""V11"", ""V160"", ""V255"", ""V176"", ""V191""]","{""n_estimators"": 209, ""max_depth"": 9, ""min_samples_leaf"": 4, ""min_samples_split"": 5, ""criterion"": ""entropy"", ""class_weight"": null}"
137,2026-06-05T15:01:33.016872+00:00,rf,ranking_xgb,137,4870,5,998,0.6499379755720981,724,274,0.49289867984704105,"[""V11"", ""V160"", ""V255"", ""V176"", ""V191""]","{""n_estimators"": 273, ""max_depth"": 10, ""min_samples_leaf"": 2, ""min_samples_split"": 8, ""criterion"": ""gini"", ""class_weight"": null}"
138,2026-06-05T15:03:04.898205+00:00,rf,ranking_xgb,138,4805,5,999,0.6032312056527601,720,279,0.4961237799955845,"[""V11"", ""V160"", ""V255"", ""V176"", ""V191""]","{""n_estimators"": 272, ""max_depth"": 5, ""min_samples_leaf"": 3, ""min_samples_split"": 7, ""criterion"": ""gini"", ""class_weight"": null}"
139,2026-06-05T15:04:47.813810+00:00,rf,ranking_xgb,139,4980,5,1000,0.6206687042974979,732,268,0.49515673719195036,"[""V11"", ""V160"", ""V255"", ""V176"", ""V191""]","{""n_estimators"": 300, ""max_depth"": 7, ""min_samples_leaf"": 2, ""min_samples_split"": 3, ""criterion"": ""entropy"", ""class_weight"": null}"
140,2026-06-05T15:05:10.413749+00:00,rf,ranking_xgb,140,4965,5,1000,0.5872445552775836,731,269,0.5000225232516717,"[""V11"", ""V160"", ""V255"", ""V176"", ""V191""]","{""n_estimators"": 54, ""max_depth"": 4, ""min_samples_leaf"": 1, ""min_samples_split"": 6, ""criterion"": ""entropy"", ""class_weight"": ""balanced""}"
141,2026-06-05T15:06:03.555701+00:00,rf,ranking_xgb,141,4950,5,1000,0.5991401335292946,730,270,0.49611322567869504,"[""V11"", ""V160"", ""V255"", ""V176"", ""V191""]","{""n_estimators"": 154, ""max_depth"": 5, ""min_samples_leaf"": 3, ""min_samples_split"": 9, ""criterion"": ""gini"", ""class_weight"": null}"
142,2026-06-05T15:07:06.104438+00:00,rf,ranking_xgb,142,4815,5,1000,0.5908524593118156,721,279,0.4992597254546432,"[""V11"", ""V160"", ""V255"", ""V176"", ""V191""]","{""n_estimators"": 168, ""max_depth"": 4, ""min_samples_leaf"": 2, ""min_samples_split"": 3, ""criterion"": ""entropy"", ""class_weight"": ""balanced""}"
143,2026-06-05T15:08:58.148353+00:00,rf,ranking_xgb,143,4755,5,1000,0.6557686218938609,717,283,0.4924643989336747,"[""V11"", ""V160"", ""V255"", ""V176"", ""V191""]","{""n_estimators"": 327, ""max_depth"": 11, ""min_samples_leaf"": 2, ""min_samples_split"": 5, ""criterion"": ""gini"", ""class_weight"": null}"
144,2026-06-05T15:09:47.286226+00:00,rf,ranking_xgb,144,4905,5,1000,0.6143095897608499,727,273,0.49779114361506743,"[""V11"", ""V160"", ""V255"", ""V176"", ""V191""]","{""n_estimators"": 128, ""max_depth"": 6, ""min_samples_leaf"": 2, ""min_samples_split"": 3, ""criterion"": ""gini"", ""class_weight"": ""balanced""}"
145,2026-06-05T15:12:05.544915+00:00,rf,ranking_xgb,145,4695,5,1000,0.6502574288613548,713,287,0.4910459105094476,"[""V11"", ""V160"", ""V255"", ""V176"", ""V191""]","{""n_estimators"": 409, ""max_depth"": 11, ""min_samples_leaf"": 1, ""min_samples_split"": 4, ""criterion"": ""gini"", ""class_weight"": null}"
146,2026-06-05T15:12:38.059668+00:00,rf,ranking_xgb,146,4845,5,1000,0.6538311364947399,723,277,0.49306307438201874,"[""V11"", ""V160"", ""V255"", ""V176"", ""V191""]","{""n_estimators"": 87, ""max_depth"": 10, ""min_samples_leaf"": 3, ""min_samples_split"": 5, ""criterion"": ""gini"", ""class_weight"": null}"
147,2026-06-05T15:15:11.578312+00:00,rf,ranking_xgb,147,4900,5,995,0.6138821401984114,725,270,0.4957316901368991,"[""V11"", ""V160"", ""V255"", ""V176"", ""V191""]","{""n_estimators"": 461, ""max_depth"": 6, ""min_samples_leaf"": 3, ""min_samples_split"": 3, ""criterion"": ""gini"", ""class_weight"": null}"
148,2026-06-05T15:16:42.219448+00:00,rf,ranking_xgb,148,4970,5,999,0.6087574587195191,731,268,0.4958615139603809,"[""V11"", ""V160"", ""V255"", ""V176"", ""V191""]","{""n_estimators"": 264, ""max_depth"": 6, ""min_samples_leaf"": 1, ""min_samples_split"": 9, ""criterion"": ""entropy"", ""class_weight"": null}"
149,2026-06-05T15:17:30.228107+00:00,rf,ranking_xgb,149,4725,5,1000,0.6528274065500512,715,285,0.49350339355480227,"[""V11"", ""V160"", ""V255"", ""V176"", ""V191""]","{""n_estimators"": 133, ""max_depth"": 10, ""min_samples_leaf"": 4, ""min_samples_split"": 5, ""criterion"": ""gini"", ""class_weight"": null}"
150,2026-06-05T15:19:28.768033+00:00,rf,ranking_xgb,150,4830,5,1000,0.6020756368798222,722,278,0.4964706693613357,"[""V11"", ""V160"", ""V255"", ""V176"", ""V191""]","{""n_estimators"": 355, ""max_depth"": 5, ""min_samples_leaf"": 1, ""min_samples_split"": 7, ""criterion"": ""gini"", ""class_weight"": null}"
151,2026-06-05T15:21:11.408999+00:00,rf,ranking_xgb,151,4865,5,999,0.6407799588538794,724,275,0.4964308884760845,"[""V11"", ""V160"", ""V255"", ""V176"", ""V191""]","{""n_estimators"": 278, ""max_depth"": 9, ""min_samples_leaf"": 3, ""min_samples_split"": 5, ""criterion"": ""entropy"", ""class_weight"": ""balanced""}"
152,2026-06-05T15:23:45.805392+00:00,rf,ranking_xgb,152,4800,5,1000,0.6532689466582904,720,280,0.4935201412062648,"[""V11"", ""V160"", ""V255"", ""V176"", ""V191""]","{""n_estimators"": 458, ""max_depth"": 10, ""min_samples_leaf"": 3, ""min_samples_split"": 7, ""criterion"": ""gini"", ""class_weight"": null}"
153,2026-06-05T15:25:18.784361+00:00,rf,ranking_xgb,153,4815,5,1000,0.6505488570385655,721,279,0.49389936036099014,"[""V11"", ""V160"", ""V255"", ""V176"", ""V191""]","{""n_estimators"": 270, ""max_depth"": 10, ""min_samples_leaf"": 4, ""min_samples_split"": 5, ""criterion"": ""gini"", ""class_weight"": null}"
154,2026-06-05T15:26:14.697289+00:00,rf,ranking_xgb,154,4580,5,999,0.6556057712737893,705,294,0.492777198430876,"[""V11"", ""V160"", ""V255"", ""V176"", ""V191""]","{""n_estimators"": 145, ""max_depth"": 11, ""min_samples_leaf"": 1, ""min_samples_split"": 2, ""criterion"": ""gini"", ""class_weight"": ""balanced""}"
155,2026-06-05T15:28:23.215239+00:00,rf,ranking_xgb,155,4910,5,999,0.6182747231883441,727,272,0.49527533552245556,"[""V11"", ""V160"", ""V255"", ""V176"", ""V191""]","{""n_estimators"": 379, ""max_depth"": 7, ""min_samples_leaf"": 2, ""min_samples_split"": 7, ""criterion"": ""entropy"", ""class_weight"": null}"
156,2026-06-05T15:31:07.309298+00:00,rf,ranking_xgb,156,4965,5,1000,0.6292829361224667,731,269,0.4950382701023968,"[""V11"", ""V160"", ""V255"", ""V176"", ""V191""]","{""n_estimators"": 486, ""max_depth"": 8, ""min_samples_leaf"": 2, ""min_samples_split"": 8, ""criterion"": ""entropy"", ""class_weight"": null}"
157,2026-06-05T15:31:45.939864+00:00,rf,ranking_xgb,157,4815,5,1000,0.6527201049970104,721,279,0.49448356622373574,"[""V11"", ""V160"", ""V255"", ""V176"", ""V191""]","{""n_estimators"": 94, ""max_depth"": 11, ""min_samples_leaf"": 1, ""min_samples_split"": 4, ""criterion"": ""entropy"", ""class_weight"": ""balanced""}"
158,2026-06-05T15:33:07.767353+00:00,rf,ranking_xgb,158,4845,5,997,0.6601176449868039,722,275,0.49573937222778114,"[""V11"", ""V160"", ""V255"", ""V176"", ""V191""]","{""n_estimators"": 218, ""max_depth"": 11, ""min_samples_leaf"": 4, ""min_samples_split"": 4, ""criterion"": ""gini"", ""class_weight"": ""balanced""}"
159,2026-06-05T15:35:52.448133+00:00,rf,ranking_xgb,159,4875,5,1000,0.6265409337380957,725,275,0.49663494541995296,"[""V11"", ""V160"", ""V255"", ""V176"", ""V191""]","{""n_estimators"": 463, ""max_depth"": 7, ""min_samples_leaf"": 3, ""min_samples_split"": 2, ""criterion"": ""gini"", ""class_weight"": ""balanced""}"
160,2026-06-05T15:36:16.597716+00:00,rf,ranking_xgb,160,4760,7,1000,0.6354252763898413,744,256,0.4920869207310452,"[""V11"", ""V160"", ""V255"", ""V176"", ""V191"", ""V224"", ""V215""]","{""n_estimators"": 61, ""max_depth"": 10, ""min_samples_leaf"": 4, ""min_samples_split"": 9, ""criterion"": ""gini"", ""class_weight"": null}"
161,2026-06-05T15:38:33.916534+00:00,rf,ranking_xgb,161,4885,5,995,0.5970935691737681,724,271,0.4960095235463976,"[""V11"", ""V160"", ""V255"", ""V176"", ""V191""]","{""n_estimators"": 410, ""max_depth"": 5, ""min_samples_leaf"": 3, ""min_samples_split"": 9, ""criterion"": ""entropy"", ""class_weight"": null}"
162,2026-06-05T15:39:23.323944+00:00,rf,ranking_xgb,162,4945,5,998,0.6266310103159191,729,269,0.4971688747172668,"[""V11"", ""V160"", ""V255"", ""V176"", ""V191""]","{""n_estimators"": 128, ""max_depth"": 7, ""min_samples_leaf"": 4, ""min_samples_split"": 5, ""criterion"": ""gini"", ""class_weight"": ""balanced""}"
163,2026-06-05T15:42:18.665837+00:00,rf,ranking_xgb,163,4825,5,998,0.5898162748685186,721,277,0.4988484176292871,"[""V11"", ""V160"", ""V255"", ""V176"", ""V191""]","{""n_estimators"": 493, ""max_depth"": 4, ""min_samples_leaf"": 4, ""min_samples_split"": 4, ""criterion"": ""gini"", ""class_weight"": ""balanced""}"
164,2026-06-05T15:44:35.697033+00:00,rf,ranking_xgb,164,4800,5,1000,0.656031901932379,720,280,0.4930541005755185,"[""V11"", ""V160"", ""V255"", ""V176"", ""V191""]","{""n_estimators"": 403, ""max_depth"": 11, ""min_samples_leaf"": 3, ""min_samples_split"": 9, ""criterion"": ""gini"", ""class_weight"": null}"
165,2026-06-05T15:45:35.208711+00:00,rf,ranking_xgb,165,4800,5,1000,0.5996285039432193,720,280,0.49635776749652494,"[""V11"", ""V160"", ""V255"", ""V176"", ""V191""]","{""n_estimators"": 170, ""max_depth"": 5, ""min_samples_leaf"": 3, ""min_samples_split"": 3, ""criterion"": ""entropy"", ""class_weight"": null}"
166,2026-06-05T15:48:19.869509+00:00,rf,ranking_xgb,166,4905,5,1000,0.5854680951831978,727,273,0.49635260827465866,"[""V11"", ""V160"", ""V255"", ""V176"", ""V191""]","{""n_estimators"": 498, ""max_depth"": 4, ""min_samples_leaf"": 3, ""min_samples_split"": 6, ""criterion"": ""gini"", ""class_weight"": null}"
167,2026-06-05T15:48:41.817775+00:00,rf,ranking_xgb,167,4850,5,999,0.6128791453921554,723,276,0.49586754815814055,"[""V11"", ""V160"", ""V255"", ""V176"", ""V191""]","{""n_estimators"": 55, ""max_depth"": 6, ""min_samples_leaf"": 2, ""min_samples_split"": 7, ""criterion"": ""entropy"", ""class_weight"": null}"
168,2026-06-05T15:50:46.348954+00:00,rf,ranking_xgb,168,4980,5,1000,0.6237928068776392,732,268,0.4951677034038865,"[""V11"", ""V160"", ""V255"", ""V176"", ""V191""]","{""n_estimators"": 371, ""max_depth"": 7, ""min_samples_leaf"": 3, ""min_samples_split"": 7, ""criterion"": ""gini"", ""class_weight"": null}"
169,2026-06-05T15:52:16.321989+00:00,rf,ranking_xgb,169,4955,5,993,0.5981153735145782,728,265,0.49647178391886854,"[""V11"", ""V160"", ""V255"", ""V176"", ""V191""]","{""n_estimators"": 263, ""max_depth"": 5, ""min_samples_leaf"": 4, ""min_samples_split"": 3, ""criterion"": ""entropy"", ""class_weight"": null}"
170,2026-06-05T15:54:20.295232+00:00,rf,ranking_xgb,170,4790,5,993,0.636171537645115,717,276,0.4964743585193156,"[""V11"", ""V160"", ""V255"", ""V176"", ""V191""]","{""n_estimators"": 341, ""max_depth"": 8, ""min_samples_leaf"": 2, ""min_samples_split"": 7, ""criterion"": ""gini"", ""class_weight"": ""balanced""}"
171,2026-06-05T15:56:56.927207+00:00,rf,ranking_xgb,171,4950,5,1000,0.6391793796838272,730,270,0.4946863043925688,"[""V11"", ""V160"", ""V255"", ""V176"", ""V191""]","{""n_estimators"": 460, ""max_depth"": 9, ""min_samples_leaf"": 4, ""min_samples_split"": 6, ""criterion"": ""entropy"", ""class_weight"": null}"
172,2026-06-05T15:59:56.266909+00:00,rf,ranking_xgb,172,4890,5,1000,0.6461182612375224,726,274,0.4957516315917076,"[""V11"", ""V160"", ""V255"", ""V176"", ""V191""]","{""n_estimators"": 495, ""max_depth"": 10, ""min_samples_leaf"": 1, ""min_samples_split"": 8, ""criterion"": ""entropy"", ""class_weight"": ""balanced""}"
173,2026-06-05T16:01:57.081181+00:00,rf,ranking_xgb,173,4755,5,997,0.6433210877354695,716,281,0.4953560066104963,"[""V11"", ""V160"", ""V255"", ""V176"", ""V191""]","{""n_estimators"": 332, ""max_depth"": 9, ""min_samples_leaf"": 2, ""min_samples_split"": 4, ""criterion"": ""gini"", ""class_weight"": ""balanced""}"
174,2026-06-05T16:03:34.413428+00:00,rf,ranking_xgb,174,4800,5,1000,0.6356811795893293,720,280,0.4937558051509075,"[""V11"", ""V160"", ""V255"", ""V176"", ""V191""]","{""n_estimators"": 279, ""max_depth"": 9, ""min_samples_leaf"": 1, ""min_samples_split"": 5, ""criterion"": ""entropy"", ""class_weight"": null}"
175,2026-06-05T16:05:40.732401+00:00,rf,ranking_xgb,175,4725,5,1000,0.5875863063846575,715,285,0.49871451722601295,"[""V11"", ""V160"", ""V255"", ""V176"", ""V191""]","{""n_estimators"": 351, ""max_depth"": 4, ""min_samples_leaf"": 2, ""min_samples_split"": 6, ""criterion"": ""entropy"", ""class_weight"": ""balanced""}"
176,2026-06-05T16:07:40.215415+00:00,rf,ranking_xgb,176,4660,5,998,0.6555339388186981,710,288,0.49374891393098325,"[""V11"", ""V160"", ""V255"", ""V176"", ""V191""]","{""n_estimators"": 326, ""max_depth"": 11, ""min_samples_leaf"": 1, ""min_samples_split"": 8, ""criterion"": ""gini"", ""class_weight"": ""balanced""}"
177,2026-06-05T16:09:52.231379+00:00,rf,ranking_xgb,177,4800,5,1000,0.5900038887763233,720,280,0.4991079699809097,"[""V11"", ""V160"", ""V255"", ""V176"", ""V191""]","{""n_estimators"": 370, ""max_depth"": 4, ""min_samples_leaf"": 2, ""min_samples_split"": 7, ""criterion"": ""gini"", ""class_weight"": ""balanced""}"
178,2026-06-05T16:10:29.037213+00:00,rf,ranking_xgb,178,4975,5,998,0.6236549493407179,731,267,0.49524588851902146,"[""V11"", ""V160"", ""V255"", ""V176"", ""V191""]","{""n_estimators"": 99, ""max_depth"": 7, ""min_samples_leaf"": 4, ""min_samples_split"": 6, ""criterion"": ""entropy"", ""class_weight"": null}"
179,2026-06-05T16:11:54.461663+00:00,rf,ranking_xgb,179,4860,5,1000,0.5987940538664106,724,276,0.498561233835528,"[""V11"", ""V160"", ""V255"", ""V176"", ""V191""]","{""n_estimators"": 232, ""max_depth"": 5, ""min_samples_leaf"": 2, ""min_samples_split"": 5, ""criterion"": ""entropy"", ""class_weight"": ""balanced""}"
180,2026-06-05T16:14:39.260363+00:00,rf,ranking_xgb,180,4980,5,1000,0.6284459720544334,732,268,0.4971408335276693,"[""V11"", ""V160"", ""V255"", ""V176"", ""V191""]","{""n_estimators"": 459, ""max_depth"": 7, ""min_samples_leaf"": 4, ""min_samples_split"": 9, ""criterion"": ""gini"", ""class_weight"": ""balanced""}"
181,2026-06-05T16:16:25.533269+00:00,rf,ranking_xgb,181,4900,5,998,0.6163686117769309,726,272,0.49788668862932417,"[""V11"", ""V160"", ""V255"", ""V176"", ""V191""]","{""n_estimators"": 291, ""max_depth"": 6, ""min_samples_leaf"": 3, ""min_samples_split"": 5, ""criterion"": ""gini"", ""class_weight"": ""balanced""}"
182,2026-06-05T16:18:07.733927+00:00,rf,ranking_xgb,182,4865,5,999,0.6012232915100427,724,275,0.4961160975088688,"[""V11"", ""V160"", ""V255"", ""V176"", ""V191""]","{""n_estimators"": 303, ""max_depth"": 5, ""min_samples_leaf"": 2, ""min_samples_split"": 3, ""criterion"": ""gini"", ""class_weight"": null}"
183,2026-06-05T16:20:22.852082+00:00,rf,ranking_xgb,183,4790,5,999,0.6553577869790003,719,280,0.4958038987688771,"[""V11"", ""V160"", ""V255"", ""V176"", ""V191""]","{""n_estimators"": 367, ""max_depth"": 11, ""min_samples_leaf"": 3, ""min_samples_split"": 9, ""criterion"": ""entropy"", ""class_weight"": ""balanced""}"
184,2026-06-05T16:22:25.545172+00:00,rf,ranking_xgb,184,4885,5,989,0.6052357613395798,722,267,0.4986877722226631,"[""V11"", ""V160"", ""V255"", ""V176"", ""V191""]","{""n_estimators"": 343, ""max_depth"": 5, ""min_samples_leaf"": 1, ""min_samples_split"": 3, ""criterion"": ""gini"", ""class_weight"": ""balanced""}"
185,2026-06-05T16:25:18.242228+00:00,rf,ranking_xgb,185,4815,5,1000,0.6348017992782206,721,279,0.4962205960967072,"[""V11"", ""V160"", ""V255"", ""V176"", ""V191""]","{""n_estimators"": 480, ""max_depth"": 8, ""min_samples_leaf"": 1, ""min_samples_split"": 2, ""criterion"": ""gini"", ""class_weight"": ""balanced""}"
186,2026-06-05T16:27:09.132324+00:00,rf,ranking_xgb,186,4925,5,996,0.6019187142232818,727,269,0.49870339723659124,"[""V11"", ""V160"", ""V255"", ""V176"", ""V191""]","{""n_estimators"": 306, ""max_depth"": 5, ""min_samples_leaf"": 2, ""min_samples_split"": 8, ""criterion"": ""gini"", ""class_weight"": ""balanced""}"
187,2026-06-05T16:28:27.975230+00:00,rf,ranking_xgb,187,4845,5,1000,0.6396904599997381,723,277,0.4941587949677646,"[""V11"", ""V160"", ""V255"", ""V176"", ""V191""]","{""n_estimators"": 223, ""max_depth"": 9, ""min_samples_leaf"": 1, ""min_samples_split"": 5, ""criterion"": ""entropy"", ""class_weight"": null}"
188,2026-06-05T16:29:28.633344+00:00,rf,ranking_xgb,188,4835,5,996,0.6418207723107742,721,275,0.4962934090573497,"[""V11"", ""V160"", ""V255"", ""V176"", ""V191""]","{""n_estimators"": 157, ""max_depth"": 9, ""min_samples_leaf"": 3, ""min_samples_split"": 4, ""criterion"": ""entropy"", ""class_weight"": ""balanced""}"
189,2026-06-05T16:31:27.122482+00:00,rf,ranking_xgb,189,4925,5,999,0.6227733787244977,728,271,0.49714420353854155,"[""V11"", ""V160"", ""V255"", ""V176"", ""V191""]","{""n_estimators"": 324, ""max_depth"": 7, ""min_samples_leaf"": 3, ""min_samples_split"": 3, ""criterion"": ""entropy"", ""class_weight"": ""balanced""}"
190,2026-06-05T16:32:12.622628+00:00,rf,ranking_xgb,190,4755,5,1000,0.6567066245839417,717,283,0.49501446133104554,"[""V11"", ""V160"", ""V255"", ""V176"", ""V191""]","{""n_estimators"": 113, ""max_depth"": 11, ""min_samples_leaf"": 1, ""min_samples_split"": 7, ""criterion"": ""entropy"", ""class_weight"": ""balanced""}"
191,2026-06-05T16:32:58.075173+00:00,rf,ranking_xgb,191,4770,5,994,0.603351669866355,716,278,0.4965053487416104,"[""V11"", ""V160"", ""V255"", ""V176"", ""V191""]","{""n_estimators"": 128, ""max_depth"": 5, ""min_samples_leaf"": 1, ""min_samples_split"": 5, ""criterion"": ""gini"", ""class_weight"": null}"
192,2026-06-05T16:35:39.345750+00:00,rf,ranking_xgb,192,4985,5,999,0.6074026133336946,732,267,0.4958563172115264,"[""V11"", ""V160"", ""V255"", ""V176"", ""V191""]","{""n_estimators"": 483, ""max_depth"": 6, ""min_samples_leaf"": 4, ""min_samples_split"": 6, ""criterion"": ""entropy"", ""class_weight"": null}"
193,2026-06-05T16:36:35.865350+00:00,rf,ranking_xgb,193,4845,5,1000,0.6429273404972419,723,277,0.49747720987216654,"[""V11"", ""V160"", ""V255"", ""V176"", ""V191""]","{""n_estimators"": 148, ""max_depth"": 9, ""min_samples_leaf"": 4, ""min_samples_split"": 3, ""criterion"": ""entropy"", ""class_weight"": ""balanced""}"
194,2026-06-05T16:38:15.532460+00:00,rf,ranking_xgb,194,4695,5,1000,0.6581104899272376,713,287,0.4928772770111009,"[""V11"", ""V160"", ""V255"", ""V176"", ""V191""]","{""n_estimators"": 288, ""max_depth"": 11, ""min_samples_leaf"": 3, ""min_samples_split"": 8, ""criterion"": ""gini"", ""class_weight"": null}"
195,2026-06-05T16:39:48.644353+00:00,rf,ranking_xgb,195,4895,5,999,0.6008689075935346,726,273,0.4958172491487328,"[""V11"", ""V160"", ""V255"", ""V176"", ""V191""]","{""n_estimators"": 275, ""max_depth"": 5, ""min_samples_leaf"": 3, ""min_samples_split"": 8, ""criterion"": ""gini"", ""class_weight"": null}"
196,2026-06-05T16:41:53.045412+00:00,rf,ranking_xgb,196,4755,5,1000,0.6535240656724463,717,283,0.49433601824763046,"[""V11"", ""V160"", ""V255"", ""V176"", ""V191""]","{""n_estimators"": 341, ""max_depth"": 10, ""min_samples_leaf"": 2, ""min_samples_split"": 7, ""criterion"": ""gini"", ""class_weight"": ""balanced""}"
197,2026-06-05T16:42:21.423255+00:00,rf,ranking_xgb,197,4740,5,1000,0.589498110756433,716,284,0.4957263838943858,"[""V11"", ""V160"", ""V255"", ""V176"", ""V191""]","{""n_estimators"": 78, ""max_depth"": 4, ""min_samples_leaf"": 1, ""min_samples_split"": 6, ""criterion"": ""gini"", ""class_weight"": null}"
198,2026-06-05T16:44:17.447839+00:00,rf,ranking_xgb,198,4830,5,1000,0.5900157293779207,722,278,0.49913630825094735,"[""V11"", ""V160"", ""V255"", ""V176"", ""V191""]","{""n_estimators"": 323, ""max_depth"": 4, ""min_samples_leaf"": 1, ""min_samples_split"": 5, ""criterion"": ""gini"", ""class_weight"": ""balanced""}"
199,2026-06-05T16:46:07.531405+00:00,rf,ranking_xgb,199,4890,5,1000,0.5896709108971828,726,274,0.4991495007154939,"[""V11"", ""V160"", ""V255"", ""V176"", ""V191""]","{""n_estimators"": 304, ""max_depth"": 4, ""min_samples_leaf"": 4, ""min_samples_split"": 3, ""criterion"": ""entropy"", ""class_weight"": ""balanced""}"
200,2026-06-05T16:48:47.723320+00:00,rf,ranking_xgb,200,4845,5,1000,0.6384637154578456,723,277,0.4943238774386858,"[""V11"", ""V160"", ""V255"", ""V176"", ""V191""]","{""n_estimators"": 470, ""max_depth"": 9, ""min_samples_leaf"": 3, ""min_samples_split"": 2, ""criterion"": ""entropy"", ""class_weight"": null}"
201,2026-06-05T16:50:46.096283+00:00,rf,ranking_xgb,201,4770,5,1000,0.5890480738144316,718,282,0.4983516391283116,"[""V11"", ""V160"", ""V255"", ""V176"", ""V191""]","{""n_estimators"": 332, ""max_depth"": 4, ""min_samples_leaf"": 2, ""min_samples_split"": 2, ""criterion"": ""gini"", ""class_weight"": ""balanced""}"
202,2026-06-05T16:51:06.317291+00:00,rf,ranking_xgb,202,4980,5,997,0.5977372740372523,731,266,0.4955157199153244,"[""V11"", ""V160"", ""V255"", ""V176"", ""V191""]","{""n_estimators"": 50, ""max_depth"": 5, ""min_samples_leaf"": 2, ""min_samples_split"": 2, ""criterion"": ""entropy"", ""class_weight"": null}"
203,2026-06-05T16:53:41.638309+00:00,rf,ranking_xgb,203,4770,5,1000,0.6464667022080199,718,282,0.4942665285822688,"[""V11"", ""V160"", ""V255"", ""V176"", ""V191""]","{""n_estimators"": 453, ""max_depth"": 10, ""min_samples_leaf"": 4, ""min_samples_split"": 6, ""criterion"": ""entropy"", ""class_weight"": null}"
204,2026-06-05T16:54:37.173258+00:00,rf,ranking_xgb,204,4905,5,1000,0.6004795904447697,727,273,0.49619382187970185,"[""V11"", ""V160"", ""V255"", ""V176"", ""V191""]","{""n_estimators"": 158, ""max_depth"": 5, ""min_samples_leaf"": 2, ""min_samples_split"": 6, ""criterion"": ""gini"", ""class_weight"": null}"
205,2026-06-05T16:55:22.394530+00:00,rf,ranking_xgb,205,4770,5,994,0.6520592941054618,716,278,0.49466529510376694,"[""V11"", ""V160"", ""V255"", ""V176"", ""V191""]","{""n_estimators"": 115, ""max_depth"": 10, ""min_samples_leaf"": 1, ""min_samples_split"": 7, ""criterion"": ""gini"", ""class_weight"": ""balanced""}"
206,2026-06-05T16:57:39.106832+00:00,rf,ranking_xgb,206,4870,5,998,0.6457606073901014,724,274,0.4953554177116397,"[""V11"", ""V160"", ""V255"", ""V176"", ""V191""]","{""n_estimators"": 372, ""max_depth"": 10, ""min_samples_leaf"": 1, ""min_samples_split"": 8, ""criterion"": ""entropy"", ""class_weight"": ""balanced""}"
207,2026-06-05T16:59:28.987753+00:00,rf,ranking_xgb,207,4775,5,996,0.5891656952655756,717,279,0.496304458386801,"[""V11"", ""V160"", ""V255"", ""V176"", ""V191""]","{""n_estimators"": 327, ""max_depth"": 4, ""min_samples_leaf"": 3, ""min_samples_split"": 2, ""criterion"": ""gini"", ""class_weight"": null}"
208,2026-06-05T16:59:52.648786+00:00,rf,ranking_xgb,208,4865,5,999,0.6310073699604075,724,275,0.49704048400574646,"[""V11"", ""V160"", ""V255"", ""V176"", ""V191""]","{""n_estimators"": 56, ""max_depth"": 7, ""min_samples_leaf"": 3, ""min_samples_split"": 7, ""criterion"": ""gini"", ""class_weight"": ""balanced""}"
209,2026-06-05T17:02:39.308053+00:00,rf,ranking_xgb,209,4865,5,999,0.6345619444574765,724,275,0.49640934891173827,"[""V11"", ""V160"", ""V255"", ""V176"", ""V191""]","{""n_estimators"": 464, ""max_depth"": 8, ""min_samples_leaf"": 3, ""min_samples_split"": 8, ""criterion"": ""gini"", ""class_weight"": ""balanced""}"
210,2026-06-05T17:04:11.015097+00:00,rf,ranking_xgb,210,4835,5,999,0.5885315237649683,722,277,0.4964575179020927,"[""V11"", ""V160"", ""V255"", ""V176"", ""V191""]","{""n_estimators"": 272, ""max_depth"": 4, ""min_samples_leaf"": 2, ""min_samples_split"": 2, ""criterion"": ""gini"", ""class_weight"": null}"
211,2026-06-05T17:04:34.778404+00:00,rf,ranking_xgb,211,4790,5,999,0.6531867232987133,719,280,0.4943457480774745,"[""V11"", ""V160"", ""V255"", ""V176"", ""V191""]","{""n_estimators"": 60, ""max_depth"": 10, ""min_samples_leaf"": 4, ""min_samples_split"": 6, ""criterion"": ""gini"", ""class_weight"": null}"
212,2026-06-05T17:06:28.211689+00:00,rf,ranking_xgb,212,4860,5,1000,0.6479012482070201,724,276,0.4957932838875299,"[""V11"", ""V160"", ""V255"", ""V176"", ""V191""]","{""n_estimators"": 312, ""max_depth"": 9, ""min_samples_leaf"": 3, ""min_samples_split"": 8, ""criterion"": ""gini"", ""class_weight"": ""balanced""}"
213,2026-06-05T17:08:29.006130+00:00,rf,ranking_xgb,213,4815,5,1000,0.6534375633473252,721,279,0.4949622662371954,"[""V11"", ""V160"", ""V255"", ""V176"", ""V191""]","{""n_estimators"": 330, ""max_depth"": 10, ""min_samples_leaf"": 2, ""min_samples_split"": 4, ""criterion"": ""gini"", ""class_weight"": ""balanced""}"
214,2026-06-05T17:10:35.761938+00:00,rf,ranking_xgb,214,4965,5,1000,0.6121162306015537,731,269,0.4980770438136096,"[""V11"", ""V160"", ""V255"", ""V176"", ""V191""]","{""n_estimators"": 349, ""max_depth"": 6, ""min_samples_leaf"": 1, ""min_samples_split"": 2, ""criterion"": ""entropy"", ""class_weight"": ""balanced""}"
215,2026-06-05T17:11:36.141777+00:00,rf,ranking_xgb,215,4905,5,1000,0.6352729623864063,727,273,0.49469403019505936,"[""V11"", ""V160"", ""V255"", ""V176"", ""V191""]","{""n_estimators"": 167, ""max_depth"": 9, ""min_samples_leaf"": 2, ""min_samples_split"": 3, ""criterion"": ""entropy"", ""class_weight"": null}"
216,2026-06-05T17:14:20.201449+00:00,rf,ranking_xgb,216,4850,5,999,0.5867892284650336,723,276,0.4985774650320089,"[""V11"", ""V160"", ""V255"", ""V176"", ""V191""]","{""n_estimators"": 460, ""max_depth"": 4, ""min_samples_leaf"": 1, ""min_samples_split"": 8, ""criterion"": ""entropy"", ""class_weight"": ""balanced""}"
217,2026-06-05T17:15:58.941231+00:00,rf,ranking_xgb,217,4975,5,998,0.6251734898278639,731,267,0.4948144894007985,"[""V11"", ""V160"", ""V255"", ""V176"", ""V191""]","{""n_estimators"": 290, ""max_depth"": 7, ""min_samples_leaf"": 3, ""min_samples_split"": 9, ""criterion"": ""gini"", ""class_weight"": null}"
218,2026-06-05T17:17:12.479953+00:00,rf,ranking_xgb,218,4835,5,996,0.6315816773592196,721,275,0.49625487932616413,"[""V11"", ""V160"", ""V255"", ""V176"", ""V191""]","{""n_estimators"": 196, ""max_depth"": 8, ""min_samples_leaf"": 1, ""min_samples_split"": 3, ""criterion"": ""gini"", ""class_weight"": ""balanced""}"
219,2026-06-05T17:18:01.810142+00:00,rf,ranking_xgb,219,4860,5,1000,0.6350309376060076,724,276,0.4967673340145509,"[""V11"", ""V160"", ""V255"", ""V176"", ""V191""]","{""n_estimators"": 127, ""max_depth"": 8, ""min_samples_leaf"": 3, ""min_samples_split"": 8, ""criterion"": ""gini"", ""class_weight"": ""balanced""}"
220,2026-06-05T17:20:48.640438+00:00,rf,ranking_xgb,220,4770,5,1000,0.6426359225504968,718,282,0.49314126977054085,"[""V11"", ""V160"", ""V255"", ""V176"", ""V191""]","{""n_estimators"": 499, ""max_depth"": 9, ""min_samples_leaf"": 1, ""min_samples_split"": 3, ""criterion"": ""gini"", ""class_weight"": null}"
221,2026-06-05T17:23:09.385755+00:00,rf,ranking_xgb,221,4735,6,1000,0.6138964253619035,729,271,0.4947582487678898,"[""V11"", ""V160"", ""V255"", ""V176"", ""V191"", ""V224""]","{""n_estimators"": 421, ""max_depth"": 7, ""min_samples_leaf"": 1, ""min_samples_split"": 9, ""criterion"": ""gini"", ""class_weight"": null}"
222,2026-06-05T17:25:27.844427+00:00,rf,ranking_xgb,222,4940,5,990,0.6259167507117597,726,264,0.4977165622422068,"[""V11"", ""V160"", ""V255"", ""V176"", ""V191""]","{""n_estimators"": 382, ""max_depth"": 7, ""min_samples_leaf"": 3, ""min_samples_split"": 6, ""criterion"": ""entropy"", ""class_weight"": ""balanced""}"
223,2026-06-05T17:26:31.410249+00:00,rf,ranking_xgb,223,4905,5,997,0.6019048665855042,726,271,0.4958718659163784,"[""V11"", ""V160"", ""V255"", ""V176"", ""V191""]","{""n_estimators"": 184, ""max_depth"": 5, ""min_samples_leaf"": 2, ""min_samples_split"": 5, ""criterion"": ""gini"", ""class_weight"": null}"
224,2026-06-05T17:26:57.944031+00:00,rf,ranking_xgb,224,4945,5,992,0.6386284373045322,727,265,0.4949540823690986,"[""V11"", ""V160"", ""V255"", ""V176"", ""V191""]","{""n_estimators"": 67, ""max_depth"": 9, ""min_samples_leaf"": 3, ""min_samples_split"": 9, ""criterion"": ""entropy"", ""class_weight"": null}"
225,2026-06-05T17:29:31.156514+00:00,rf,ranking_xgb,225,4885,5,992,0.6017067048897663,723,269,0.49615345724510734,"[""V11"", ""V160"", ""V255"", ""V176"", ""V191""]","{""n_estimators"": 462, ""max_depth"": 5, ""min_samples_leaf"": 2, ""min_samples_split"": 9, ""criterion"": ""gini"", ""class_weight"": null}"
226,2026-06-05T17:30:49.991887+00:00,rf,ranking_xgb,226,4905,5,1000,0.6254255599333837,727,273,0.49678562952704086,"[""V11"", ""V160"", ""V255"", ""V176"", ""V191""]","{""n_estimators"": 213, ""max_depth"": 7, ""min_samples_leaf"": 1, ""min_samples_split"": 4, ""criterion"": ""gini"", ""class_weight"": ""balanced""}"
227,2026-06-05T17:33:04.465103+00:00,rf,ranking_xgb,227,4800,5,1000,0.6582328912570915,720,280,0.4947401434415502,"[""V11"", ""V160"", ""V255"", ""V176"", ""V191""]","{""n_estimators"": 370, ""max_depth"": 11, ""min_samples_leaf"": 3, ""min_samples_split"": 2, ""criterion"": ""gini"", ""class_weight"": ""balanced""}"
228,2026-06-05T17:33:38.750127+00:00,rf,ranking_xgb,228,4770,5,1000,0.6470252160263247,718,282,0.4954162348204377,"[""V11"", ""V160"", ""V255"", ""V176"", ""V191""]","{""n_estimators"": 82, ""max_depth"": 10, ""min_samples_leaf"": 1, ""min_samples_split"": 2, ""criterion"": ""entropy"", ""class_weight"": ""balanced""}"
229,2026-06-05T17:36:15.319840+00:00,rf,ranking_xgb,229,4860,5,1000,0.6265050123477396,724,276,0.4972525069732129,"[""V11"", ""V160"", ""V255"", ""V176"", ""V191""]","{""n_estimators"": 439, ""max_depth"": 7, ""min_samples_leaf"": 1, ""min_samples_split"": 5, ""criterion"": ""gini"", ""class_weight"": ""balanced""}"
230,2026-06-05T17:38:27.743072+00:00,rf,ranking_xgb,230,4845,5,1000,0.6109906952536729,723,277,0.4955981525325955,"[""V11"", ""V160"", ""V255"", ""V176"", ""V191""]","{""n_estimators"": 395, ""max_depth"": 6, ""min_samples_leaf"": 2, ""min_samples_split"": 6, ""criterion"": ""gini"", ""class_weight"": null}"
231,2026-06-05T17:40:19.457936+00:00,rf,ranking_xgb,231,4980,5,1000,0.6102046849837853,732,268,0.49792878789068434,"[""V11"", ""V160"", ""V255"", ""V176"", ""V191""]","{""n_estimators"": 306, ""max_depth"": 6, ""min_samples_leaf"": 1, ""min_samples_split"": 2, ""criterion"": ""entropy"", ""class_weight"": ""balanced""}"
232,2026-06-05T17:41:07.711458+00:00,rf,ranking_xgb,232,4800,5,1000,0.5899263475099218,720,280,0.4971752416251274,"[""V11"", ""V160"", ""V255"", ""V176"", ""V191""]","{""n_estimators"": 137, ""max_depth"": 4, ""min_samples_leaf"": 1, ""min_samples_split"": 6, ""criterion"": ""gini"", ""class_weight"": null}"
233,2026-06-05T17:44:03.143402+00:00,rf,ranking_xgb,233,4790,5,999,0.6374101960499231,719,280,0.4961689583609581,"[""V11"", ""V160"", ""V255"", ""V176"", ""V191""]","{""n_estimators"": 489, ""max_depth"": 8, ""min_samples_leaf"": 2, ""min_samples_split"": 8, ""criterion"": ""gini"", ""class_weight"": ""balanced""}"
234,2026-06-05T17:45:59.216083+00:00,rf,ranking_xgb,234,4950,5,994,0.6125421673856876,728,266,0.4957473619305735,"[""V11"", ""V160"", ""V255"", ""V176"", ""V191""]","{""n_estimators"": 345, ""max_depth"": 6, ""min_samples_leaf"": 2, ""min_samples_split"": 3, ""criterion"": ""gini"", ""class_weight"": null}"
235,2026-06-05T17:48:47.628216+00:00,rf,ranking_xgb,235,4880,5,999,0.6390234028775535,725,274,0.49621245898728605,"[""V11"", ""V160"", ""V255"", ""V176"", ""V191""]","{""n_estimators"": 465, ""max_depth"": 9, ""min_samples_leaf"": 1, ""min_samples_split"": 3, ""criterion"": ""entropy"", ""class_weight"": ""balanced""}"
236,2026-06-05T17:51:31.650050+00:00,rf,ranking_xgb,236,4845,5,1000,0.6450510060748225,723,277,0.4957062426855866,"[""V11"", ""V160"", ""V255"", ""V176"", ""V191""]","{""n_estimators"": 458, ""max_depth"": 9, ""min_samples_leaf"": 3, ""min_samples_split"": 3, ""criterion"": ""gini"", ""class_weight"": ""balanced""}"
237,2026-06-05T17:54:00.179192+00:00,rf,ranking_xgb,237,4900,5,998,0.6374097374556955,726,272,0.49457371334909805,"[""V11"", ""V160"", ""V255"", ""V176"", ""V191""]","{""n_estimators"": 435, ""max_depth"": 9, ""min_samples_leaf"": 3, ""min_samples_split"": 8, ""criterion"": ""entropy"", ""class_weight"": null}"
238,2026-06-05T17:56:14.493201+00:00,rf,ranking_xgb,238,4590,5,1000,0.6569225498720408,706,294,0.49376513629451785,"[""V11"", ""V160"", ""V255"", ""V176"", ""V191""]","{""n_estimators"": 369, ""max_depth"": 11, ""min_samples_leaf"": 1, ""min_samples_split"": 4, ""criterion"": ""gini"", ""class_weight"": ""balanced""}"
239,2026-06-05T17:56:46.767157+00:00,rf,ranking_xgb,239,4665,5,1000,0.6406348399058767,711,289,0.49359993292231974,"[""V11"", ""V160"", ""V255"", ""V176"", ""V191""]","{""n_estimators"": 85, ""max_depth"": 9, ""min_samples_leaf"": 3, ""min_samples_split"": 4, ""criterion"": ""gini"", ""class_weight"": null}"
240,2026-06-05T17:59:35.819725+00:00,rf,ranking_xgb,240,4905,5,1000,0.603807759788794,727,273,0.4986212794987725,"[""V11"", ""V160"", ""V255"", ""V176"", ""V191""]","{""n_estimators"": 474, ""max_depth"": 5, ""min_samples_leaf"": 2, ""min_samples_split"": 6, ""criterion"": ""gini"", ""class_weight"": ""balanced""}"
241,2026-06-05T18:00:42.076132+00:00,rf,ranking_xgb,241,4860,5,1000,0.5868196074114963,724,276,0.49684694001794744,"[""V11"", ""V160"", ""V255"", ""V176"", ""V191""]","{""n_estimators"": 193, ""max_depth"": 4, ""min_samples_leaf"": 1, ""min_samples_split"": 9, ""criterion"": ""gini"", ""class_weight"": null}"
242,2026-06-05T18:03:33.257227+00:00,rf,ranking_xgb,242,5010,5,1000,0.6013288568709905,734,266,0.4985037450889844,"[""V11"", ""V160"", ""V255"", ""V176"", ""V191""]","{""n_estimators"": 478, ""max_depth"": 5, ""min_samples_leaf"": 3, ""min_samples_split"": 4, ""criterion"": ""entropy"", ""class_weight"": ""balanced""}"
243,2026-06-05T18:04:41.099395+00:00,rf,ranking_xgb,243,4905,5,1000,0.6433138662850467,727,273,0.4943709139897331,"[""V11"", ""V160"", ""V255"", ""V176"", ""V191""]","{""n_estimators"": 192, ""max_depth"": 9, ""min_samples_leaf"": 4, ""min_samples_split"": 4, ""criterion"": ""gini"", ""class_weight"": null}"
244,2026-06-05T18:07:14.687730+00:00,rf,ranking_xgb,244,4890,5,1000,0.6413501684207042,726,274,0.49621035950050857,"[""V11"", ""V160"", ""V255"", ""V176"", ""V191""]","{""n_estimators"": 425, ""max_depth"": 9, ""min_samples_leaf"": 2, ""min_samples_split"": 4, ""criterion"": ""entropy"", ""class_weight"": ""balanced""}"
245,2026-06-05T18:07:44.595162+00:00,rf,ranking_xgb,245,4820,5,999,0.644124945517933,721,278,0.49320228002807337,"[""V11"", ""V160"", ""V255"", ""V176"", ""V191""]","{""n_estimators"": 76, ""max_depth"": 10, ""min_samples_leaf"": 1, ""min_samples_split"": 2, ""criterion"": ""entropy"", ""class_weight"": null}"
246,2026-06-05T18:09:46.194677+00:00,rf,ranking_xgb,246,4965,5,1000,0.6099134921779655,731,269,0.4958997072570428,"[""V11"", ""V160"", ""V255"", ""V176"", ""V191""]","{""n_estimators"": 359, ""max_depth"": 6, ""min_samples_leaf"": 4, ""min_samples_split"": 6, ""criterion"": ""entropy"", ""class_weight"": null}"
247,2026-06-05T18:12:22.191932+00:00,rf,ranking_xgb,247,4860,5,1000,0.5835697435544435,724,276,0.4968754233742563,"[""V11"", ""V160"", ""V255"", ""V176"", ""V191""]","{""n_estimators"": 470, ""max_depth"": 4, ""min_samples_leaf"": 3, ""min_samples_split"": 6, ""criterion"": ""entropy"", ""class_weight"": null}"
248,2026-06-05T18:13:30.466152+00:00,rf,ranking_xgb,248,4845,5,1000,0.6534804963595735,723,277,0.49549500470662494,"[""V11"", ""V160"", ""V255"", ""V176"", ""V191""]","{""n_estimators"": 177, ""max_depth"": 11, ""min_samples_leaf"": 4, ""min_samples_split"": 2, ""criterion"": ""entropy"", ""class_weight"": ""balanced""}"
249,2026-06-05T18:15:22.983175+00:00,rf,ranking_xgb,249,4890,5,1000,0.6496106343436407,726,274,0.496598039640773,"[""V11"", ""V160"", ""V255"", ""V176"", ""V191""]","{""n_estimators"": 304, ""max_depth"": 10, ""min_samples_leaf"": 4, ""min_samples_split"": 9, ""criterion"": ""entropy"", ""class_weight"": ""balanced""}"
250,2026-06-05T18:17:13.589802+00:00,rf,ranking_xgb,250,4890,5,1000,0.6311841796224787,726,274,0.4950512333258095,"[""V11"", ""V160"", ""V255"", ""V176"", ""V191""]","{""n_estimators"": 322, ""max_depth"": 8, ""min_samples_leaf"": 4, ""min_samples_split"": 5, ""criterion"": ""entropy"", ""class_weight"": null}"
251,2026-06-05T18:19:45.280847+00:00,rf,ranking_xgb,251,4805,5,999,0.6471141285184389,720,279,0.49545844706678727,"[""V11"", ""V160"", ""V255"", ""V176"", ""V191""]","{""n_estimators"": 416, ""max_depth"": 10, ""min_samples_leaf"": 2, ""min_samples_split"": 4, ""criterion"": ""entropy"", ""class_weight"": ""balanced""}"
252,2026-06-05T18:22:01.273328+00:00,rf,ranking_xgb,252,4830,5,997,0.6524678667876211,721,276,0.4942605603768945,"[""V11"", ""V160"", ""V255"", ""V176"", ""V191""]","{""n_estimators"": 395, ""max_depth"": 11, ""min_samples_leaf"": 4, ""min_samples_split"": 9, ""criterion"": ""entropy"", ""class_weight"": null}"
253,2026-06-05T18:23:16.919627+00:00,rf,ranking_xgb,253,4875,5,1000,0.5892087770489834,725,275,0.4984005757847895,"[""V11"", ""V160"", ""V255"", ""V176"", ""V191""]","{""n_estimators"": 205, ""max_depth"": 4, ""min_samples_leaf"": 3, ""min_samples_split"": 8, ""criterion"": ""entropy"", ""class_weight"": ""balanced""}"
254,2026-06-05T18:25:13.835808+00:00,rf,ranking_xgb,254,4940,5,996,0.6491862751153853,728,268,0.49571738531790105,"[""V11"", ""V160"", ""V255"", ""V176"", ""V191""]","{""n_estimators"": 317, ""max_depth"": 10, ""min_samples_leaf"": 2, ""min_samples_split"": 8, ""criterion"": ""entropy"", ""class_weight"": ""balanced""}"
255,2026-06-05T18:27:23.733152+00:00,rf,ranking_xgb,255,4865,5,999,0.6354481751843696,724,275,0.4942422428220778,"[""V11"", ""V160"", ""V255"", ""V176"", ""V191""]","{""n_estimators"": 376, ""max_depth"": 9, ""min_samples_leaf"": 2, ""min_samples_split"": 4, ""criterion"": ""entropy"", ""class_weight"": null}"
256,2026-06-05T18:29:31.687547+00:00,rf,ranking_xgb,256,4875,5,1000,0.5858705365981337,725,275,0.4989968913765366,"[""V11"", ""V160"", ""V255"", ""V176"", ""V191""]","{""n_estimators"": 357, ""max_depth"": 4, ""min_samples_leaf"": 2, ""min_samples_split"": 9, ""criterion"": ""entropy"", ""class_weight"": ""balanced""}"
257,2026-06-05T18:30:47.887465+00:00,rf,ranking_xgb,257,4950,5,1000,0.6530116592740772,730,270,0.49369442365465255,"[""V11"", ""V160"", ""V255"", ""V176"", ""V191""]","{""n_estimators"": 210, ""max_depth"": 11, ""min_samples_leaf"": 3, ""min_samples_split"": 9, ""criterion"": ""entropy"", ""class_weight"": null}"
258,2026-06-05T18:33:28.042331+00:00,rf,ranking_xgb,258,4920,5,1000,0.6398563450214829,728,272,0.49669202958893877,"[""V11"", ""V160"", ""V255"", ""V176"", ""V191""]","{""n_estimators"": 440, ""max_depth"": 9, ""min_samples_leaf"": 4, ""min_samples_split"": 8, ""criterion"": ""entropy"", ""class_weight"": ""balanced""}"
259,2026-06-05T18:34:52.860255+00:00,rf,ranking_xgb,259,4965,5,1000,0.5993226566765244,731,269,0.4962933948611573,"[""V11"", ""V160"", ""V255"", ""V176"", ""V191""]","{""n_estimators"": 249, ""max_depth"": 5, ""min_samples_leaf"": 2, ""min_samples_split"": 9, ""criterion"": ""gini"", ""class_weight"": null}"
260,2026-06-05T18:35:45.895557+00:00,rf,ranking_xgb,260,4870,5,998,0.5851819878650919,724,274,0.49604581984748575,"[""V11"", ""V160"", ""V255"", ""V176"", ""V191""]","{""n_estimators"": 154, ""max_depth"": 4, ""min_samples_leaf"": 2, ""min_samples_split"": 5, ""criterion"": ""gini"", ""class_weight"": null}"
261,2026-06-05T18:36:08.903537+00:00,rf,ranking_xgb,261,4875,5,985,0.628774516987624,720,265,0.4953334737909592,"[""V11"", ""V160"", ""V255"", ""V176"", ""V191""]","{""n_estimators"": 60, ""max_depth"": 7, ""min_samples_leaf"": 4, ""min_samples_split"": 4, ""criterion"": ""gini"", ""class_weight"": null}"
262,2026-06-05T18:37:49.477961+00:00,rf,ranking_xgb,262,4725,5,1000,0.6542493906511087,715,285,0.4952133521620999,"[""V11"", ""V160"", ""V255"", ""V176"", ""V191""]","{""n_estimators"": 274, ""max_depth"": 10, ""min_samples_leaf"": 4, ""min_samples_split"": 7, ""criterion"": ""gini"", ""class_weight"": ""balanced""}"
263,2026-06-05T18:39:18.638582+00:00,rf,ranking_xgb,263,4920,5,1000,0.6371139726438628,728,272,0.4945227984561412,"[""V11"", ""V160"", ""V255"", ""V176"", ""V191""]","{""n_estimators"": 255, ""max_depth"": 9, ""min_samples_leaf"": 3, ""min_samples_split"": 8, ""criterion"": ""entropy"", ""class_weight"": null}"
264,2026-06-05T18:40:20.991946+00:00,rf,ranking_xgb,264,4965,5,1000,0.6502499009888121,731,269,0.4946258537646618,"[""V11"", ""V160"", ""V255"", ""V176"", ""V191""]","{""n_estimators"": 173, ""max_depth"": 10, ""min_samples_leaf"": 4, ""min_samples_split"": 8, ""criterion"": ""entropy"", ""class_weight"": null}"
265,2026-06-05T18:41:43.886382+00:00,rf,ranking_xgb,265,4890,5,994,0.6401727581628426,724,270,0.49630003979900794,"[""V11"", ""V160"", ""V255"", ""V176"", ""V191""]","{""n_estimators"": 224, ""max_depth"": 8, ""min_samples_leaf"": 4, ""min_samples_split"": 2, ""criterion"": ""gini"", ""class_weight"": ""balanced""}"
266,2026-06-05T18:42:23.203894+00:00,rf,ranking_xgb,266,4920,5,1000,0.6475598426588205,728,272,0.4947391657792855,"[""V11"", ""V160"", ""V255"", ""V176"", ""V191""]","{""n_estimators"": 103, ""max_depth"": 10, ""min_samples_leaf"": 4, ""min_samples_split"": 8, ""criterion"": ""entropy"", ""class_weight"": null}"
267,2026-06-05T18:44:22.368449+00:00,rf,ranking_xgb,267,4920,5,997,0.6015320335495326,727,270,0.49631951240455563,"[""V11"", ""V160"", ""V255"", ""V176"", ""V191""]","{""n_estimators"": 356, ""max_depth"": 5, ""min_samples_leaf"": 4, ""min_samples_split"": 9, ""criterion"": ""gini"", ""class_weight"": null}"
268,2026-06-05T18:45:41.708978+00:00,rf,ranking_xgb,268,4855,5,977,0.6255038034531234,716,261,0.4947160162111728,"[""V11"", ""V160"", ""V255"", ""V176"", ""V191""]","{""n_estimators"": 230, ""max_depth"": 7, ""min_samples_leaf"": 1, ""min_samples_split"": 5, ""criterion"": ""gini"", ""class_weight"": null}"
269,2026-06-05T18:48:22.285650+00:00,rf,ranking_xgb,269,4805,7,1000,0.6291829177940338,747,253,0.49301890646289487,"[""V11"", ""V160"", ""V255"", ""V176"", ""V191"", ""V224"", ""V215""]","{""n_estimators"": 481, ""max_depth"": 9, ""min_samples_leaf"": 2, ""min_samples_split"": 9, ""criterion"": ""gini"", ""class_weight"": null}"
270,2026-06-05T18:50:54.701253+00:00,rf,ranking_xgb,270,4815,5,997,0.58968781372535,720,277,0.4990224936744662,"[""V11"", ""V160"", ""V255"", ""V176"", ""V191""]","{""n_estimators"": 430, ""max_depth"": 4, ""min_samples_leaf"": 3, ""min_samples_split"": 2, ""criterion"": ""gini"", ""class_weight"": ""balanced""}"
271,2026-06-05T18:51:28.045177+00:00,rf,ranking_xgb,271,4940,5,990,0.6155580261031784,726,264,0.49746076638395115,"[""V11"", ""V160"", ""V255"", ""V176"", ""V191""]","{""n_estimators"": 82, ""max_depth"": 6, ""min_samples_leaf"": 1, ""min_samples_split"": 9, ""criterion"": ""entropy"", ""class_weight"": ""balanced""}"
272,2026-06-05T18:53:50.720783+00:00,rf,ranking_xgb,272,4800,5,1000,0.650361182230794,720,280,0.49363475974077176,"[""V11"", ""V160"", ""V255"", ""V176"", ""V191""]","{""n_estimators"": 411, ""max_depth"": 11, ""min_samples_leaf"": 2, ""min_samples_split"": 2, ""criterion"": ""entropy"", ""class_weight"": null}"
273,2026-06-05T18:55:39.398952+00:00,rf,ranking_xgb,273,4820,5,999,0.6548085820229284,721,278,0.4959545416785986,"[""V11"", ""V160"", ""V255"", ""V176"", ""V191""]","{""n_estimators"": 292, ""max_depth"": 11, ""min_samples_leaf"": 4, ""min_samples_split"": 4, ""criterion"": ""entropy"", ""class_weight"": ""balanced""}"
274,2026-06-05T18:57:17.774085+00:00,rf,ranking_xgb,274,4890,5,1000,0.6223070069145059,726,274,0.49518576171625656,"[""V11"", ""V160"", ""V255"", ""V176"", ""V191""]","{""n_estimators"": 289, ""max_depth"": 7, ""min_samples_leaf"": 3, ""min_samples_split"": 8, ""criterion"": ""gini"", ""class_weight"": null}"
275,2026-06-05T18:58:15.974565+00:00,rf,ranking_xgb,275,5025,5,1000,0.6084969364663718,735,265,0.49601023847637854,"[""V11"", ""V160"", ""V255"", ""V176"", ""V191""]","{""n_estimators"": 164, ""max_depth"": 6, ""min_samples_leaf"": 3, ""min_samples_split"": 5, ""criterion"": ""entropy"", ""class_weight"": null}"
276,2026-06-05T19:00:27.897864+00:00,rf,ranking_xgb,276,5010,5,1000,0.5974677790385504,734,266,0.49620120336702783,"[""V11"", ""V160"", ""V255"", ""V176"", ""V191""]","{""n_estimators"": 393, ""max_depth"": 5, ""min_samples_leaf"": 3, ""min_samples_split"": 8, ""criterion"": ""entropy"", ""class_weight"": null}"
277,2026-06-05T19:01:47.155055+00:00,rf,ranking_xgb,277,4800,5,1000,0.6439851362485826,720,280,0.49537292835832214,"[""V11"", ""V160"", ""V255"", ""V176"", ""V191""]","{""n_estimators"": 212, ""max_depth"": 9, ""min_samples_leaf"": 3, ""min_samples_split"": 6, ""criterion"": ""gini"", ""class_weight"": ""balanced""}"
278,2026-06-05T19:04:10.587795+00:00,rf,ranking_xgb,278,4875,5,1000,0.6028914587650328,725,275,0.49805786698584636,"[""V11"", ""V160"", ""V255"", ""V176"", ""V191""]","{""n_estimators"": 401, ""max_depth"": 5, ""min_samples_leaf"": 2, ""min_samples_split"": 4, ""criterion"": ""gini"", ""class_weight"": ""balanced""}"
279,2026-06-05T19:05:24.685036+00:00,rf,ranking_xgb,279,4890,5,1000,0.6301772019100549,726,274,0.4952094508058368,"[""V11"", ""V160"", ""V255"", ""V176"", ""V191""]","{""n_estimators"": 210, ""max_depth"": 8, ""min_samples_leaf"": 2, ""min_samples_split"": 4, ""criterion"": ""entropy"", ""class_weight"": null}"
280,2026-06-05T19:06:04.139153+00:00,rf,ranking_xgb,280,4795,7,999,0.6359457958947332,746,253,0.49451822476875884,"[""V11"", ""V160"", ""V255"", ""V176"", ""V191"", ""V224"", ""V215""]","{""n_estimators"": 99, ""max_depth"": 10, ""min_samples_leaf"": 3, ""min_samples_split"": 2, ""criterion"": ""entropy"", ""class_weight"": ""balanced""}"
281,2026-06-05T19:08:09.753937+00:00,rf,ranking_xgb,281,4905,5,1000,0.6313478926323023,727,273,0.49706764299308615,"[""V11"", ""V160"", ""V255"", ""V176"", ""V191""]","{""n_estimators"": 343, ""max_depth"": 8, ""min_samples_leaf"": 2, ""min_samples_split"": 6, ""criterion"": ""entropy"", ""class_weight"": ""balanced""}"
282,2026-06-05T19:09:07.937230+00:00,rf,ranking_xgb,282,4950,5,1000,0.584329259565772,730,270,0.496774257910501,"[""V11"", ""V160"", ""V255"", ""V176"", ""V191""]","{""n_estimators"": 166, ""max_depth"": 4, ""min_samples_leaf"": 3, ""min_samples_split"": 2, ""criterion"": ""entropy"", ""class_weight"": null}"
283,2026-06-05T19:11:30.221130+00:00,rf,ranking_xgb,283,4905,5,1000,0.5845619137215156,727,273,0.49648028640247105,"[""V11"", ""V160"", ""V255"", ""V176"", ""V191""]","{""n_estimators"": 427, ""max_depth"": 4, ""min_samples_leaf"": 1, ""min_samples_split"": 4, ""criterion"": ""entropy"", ""class_weight"": null}"
284,2026-06-05T19:12:36.457078+00:00,rf,ranking_xgb,284,4895,5,999,0.5884372094432657,726,273,0.4961723030013628,"[""V11"", ""V160"", ""V255"", ""V176"", ""V191""]","{""n_estimators"": 193, ""max_depth"": 4, ""min_samples_leaf"": 4, ""min_samples_split"": 7, ""criterion"": ""gini"", ""class_weight"": null}"
285,2026-06-05T19:13:20.559394+00:00,rf,ranking_xgb,285,4905,5,994,0.5844241551733087,725,269,0.49672417173246086,"[""V11"", ""V160"", ""V255"", ""V176"", ""V191""]","{""n_estimators"": 123, ""max_depth"": 4, ""min_samples_leaf"": 1, ""min_samples_split"": 9, ""criterion"": ""entropy"", ""class_weight"": null}"
286,2026-06-05T19:14:34.970940+00:00,rf,ranking_xgb,286,4980,5,1000,0.6290245334170337,732,268,0.49504928606721144,"[""V11"", ""V160"", ""V255"", ""V176"", ""V191""]","{""n_estimators"": 211, ""max_depth"": 8, ""min_samples_leaf"": 3, ""min_samples_split"": 6, ""criterion"": ""entropy"", ""class_weight"": null}"
287,2026-06-05T19:16:46.353484+00:00,rf,ranking_xgb,287,4710,5,1000,0.6573840956230163,714,286,0.492186145209413,"[""V11"", ""V160"", ""V255"", ""V176"", ""V191""]","{""n_estimators"": 385, ""max_depth"": 11, ""min_samples_leaf"": 2, ""min_samples_split"": 6, ""criterion"": ""gini"", ""class_weight"": null}"
288,2026-06-05T19:18:43.687404+00:00,rf,ranking_xgb,288,4805,5,993,0.5857956348516742,718,275,0.4966732541857549,"[""V11"", ""V160"", ""V255"", ""V176"", ""V191""]","{""n_estimators"": 349, ""max_depth"": 4, ""min_samples_leaf"": 4, ""min_samples_split"": 5, ""criterion"": ""entropy"", ""class_weight"": null}"
289,2026-06-05T19:19:58.446211+00:00,rf,ranking_xgb,289,4865,5,999,0.6273912331314414,724,275,0.49462425344631966,"[""V11"", ""V160"", ""V255"", ""V176"", ""V191""]","{""n_estimators"": 212, ""max_depth"": 8, ""min_samples_leaf"": 2, ""min_samples_split"": 2, ""criterion"": ""entropy"", ""class_weight"": null}"
290,2026-06-05T19:21:20.825762+00:00,rf,ranking_xgb,290,4790,5,999,0.635835470663119,719,280,0.496001292278038,"[""V11"", ""V160"", ""V255"", ""V176"", ""V191""]","{""n_estimators"": 225, ""max_depth"": 8, ""min_samples_leaf"": 1, ""min_samples_split"": 8, ""criterion"": ""gini"", ""class_weight"": ""balanced""}"
291,2026-06-05T19:22:28.021525+00:00,rf,ranking_xgb,291,4905,5,1000,0.6426067717955196,727,273,0.49605131385353396,"[""V11"", ""V160"", ""V255"", ""V176"", ""V191""]","{""n_estimators"": 175, ""max_depth"": 9, ""min_samples_leaf"": 3, ""min_samples_split"": 2, ""criterion"": ""entropy"", ""class_weight"": ""balanced""}"
292,2026-06-05T19:23:04.622433+00:00,rf,ranking_xgb,292,4660,6,1000,0.6463288656254071,724,276,0.4919833880428754,"[""V11"", ""V160"", ""V255"", ""V176"", ""V191"", ""V224""]","{""n_estimators"": 97, ""max_depth"": 11, ""min_samples_leaf"": 2, ""min_samples_split"": 7, ""criterion"": ""gini"", ""class_weight"": null}"
293,2026-06-05T19:24:26.921155+00:00,rf,ranking_xgb,293,4995,5,1000,0.6118772564501311,733,267,0.4980054999531494,"[""V11"", ""V160"", ""V255"", ""V176"", ""V191""]","{""n_estimators"": 222, ""max_depth"": 6, ""min_samples_leaf"": 3, ""min_samples_split"": 4, ""criterion"": ""entropy"", ""class_weight"": ""balanced""}"
294,2026-06-05T19:27:18.894054+00:00,rf,ranking_xgb,294,4800,5,1000,0.6549091894292592,720,280,0.4959840951742663,"[""V11"", ""V160"", ""V255"", ""V176"", ""V191""]","{""n_estimators"": 472, ""max_depth"": 11, ""min_samples_leaf"": 4, ""min_samples_split"": 7, ""criterion"": ""entropy"", ""class_weight"": ""balanced""}"
295,2026-06-05T19:29:09.103944+00:00,rf,ranking_xgb,295,4825,5,995,0.6115889737565151,720,275,0.4950627857526119,"[""V11"", ""V160"", ""V255"", ""V176"", ""V191""]","{""n_estimators"": 327, ""max_depth"": 6, ""min_samples_leaf"": 2, ""min_samples_split"": 8, ""criterion"": ""gini"", ""class_weight"": null}"
296,2026-06-05T19:30:44.299459+00:00,rf,ranking_xgb,296,4980,5,1000,0.6295368424778259,732,268,0.49473889443075425,"[""V11"", ""V160"", ""V255"", ""V176"", ""V191""]","{""n_estimators"": 274, ""max_depth"": 8, ""min_samples_leaf"": 4, ""min_samples_split"": 5, ""criterion"": ""entropy"", ""class_weight"": null}"
297,2026-06-05T19:32:55.078791+00:00,rf,ranking_xgb,297,5070,5,1000,0.5981004210711612,738,262,0.4961211277507995,"[""V11"", ""V160"", ""V255"", ""V176"", ""V191""]","{""n_estimators"": 390, ""max_depth"": 5, ""min_samples_leaf"": 4, ""min_samples_split"": 6, ""criterion"": ""entropy"", ""class_weight"": null}"
298,2026-06-05T19:34:05.537387+00:00,rf,ranking_xgb,298,4935,5,1000,0.6386366880795642,729,271,0.49574038349250804,"[""V11"", ""V160"", ""V255"", ""V176"", ""V191""]","{""n_estimators"": 184, ""max_depth"": 9, ""min_samples_leaf"": 1, ""min_samples_split"": 4, ""criterion"": ""entropy"", ""class_weight"": ""balanced""}"
299,2026-06-05T19:35:21.798348+00:00,rf,ranking_xgb,299,4845,5,1000,0.6233241891338053,723,277,0.4967293593326336,"[""V11"", ""V160"", ""V255"", ""V176"", ""V191""]","{""n_estimators"": 206, ""max_depth"": 7, ""min_samples_leaf"": 1, ""min_samples_split"": 6, ""criterion"": ""gini"", ""class_weight"": ""balanced""}"
300,2026-06-05T19:36:59.538971+00:00,rf,ranking_xgb,300,4870,5,998,0.6431249059586376,724,274,0.4956418908529466,"[""V11"", ""V160"", ""V255"", ""V176"", ""V191""]","{""n_estimators"": 268, ""max_depth"": 9, ""min_samples_leaf"": 3, ""min_samples_split"": 7, ""criterion"": ""gini"", ""class_weight"": ""balanced""}"
301,2026-06-05T19:38:36.098872+00:00,rf,ranking_xgb,301,4890,5,997,0.639476615879454,725,272,0.4960656533735877,"[""V11"", ""V160"", ""V255"", ""V176"", ""V191""]","{""n_estimators"": 259, ""max_depth"": 9, ""min_samples_leaf"": 2, ""min_samples_split"": 7, ""criterion"": ""entropy"", ""class_weight"": ""balanced""}"
302,2026-06-05T19:41:01.877928+00:00,rf,ranking_xgb,302,4875,5,1000,0.644564866053863,725,275,0.49380207238044116,"[""V11"", ""V160"", ""V255"", ""V176"", ""V191""]","{""n_estimators"": 423, ""max_depth"": 10, ""min_samples_leaf"": 1, ""min_samples_split"": 9, ""criterion"": ""entropy"", ""class_weight"": null}"
303,2026-06-05T19:43:27.643064+00:00,rf,ranking_xgb,303,4830,5,1000,0.6514071251170671,722,278,0.49650397452259587,"[""V11"", ""V160"", ""V255"", ""V176"", ""V191""]","{""n_estimators"": 400, ""max_depth"": 10, ""min_samples_leaf"": 4, ""min_samples_split"": 6, ""criterion"": ""entropy"", ""class_weight"": ""balanced""}"
304,2026-06-05T19:44:09.307441+00:00,rf,ranking_xgb,304,4945,5,998,0.5930130444994323,729,269,0.49944746854344774,"[""V11"", ""V160"", ""V255"", ""V176"", ""V191""]","{""n_estimators"": 109, ""max_depth"": 4, ""min_samples_leaf"": 1, ""min_samples_split"": 4, ""criterion"": ""gini"", ""class_weight"": ""balanced""}"
305,2026-06-05T19:46:02.673196+00:00,rf,ranking_xgb,305,4860,5,1000,0.6128988473469041,724,276,0.49578877625891654,"[""V11"", ""V160"", ""V255"", ""V176"", ""V191""]","{""n_estimators"": 337, ""max_depth"": 6, ""min_samples_leaf"": 3, ""min_samples_split"": 3, ""criterion"": ""gini"", ""class_weight"": null}"
306,2026-06-05T19:48:41.677095+00:00,rf,ranking_xgb,306,5010,5,1000,0.6087004845605929,734,266,0.4958087420220915,"[""V11"", ""V160"", ""V255"", ""V176"", ""V191""]","{""n_estimators"": 475, ""max_depth"": 6, ""min_samples_leaf"": 4, ""min_samples_split"": 5, ""criterion"": ""entropy"", ""class_weight"": null}"
307,2026-06-05T19:50:15.847755+00:00,rf,ranking_xgb,307,4805,5,999,0.6512509504793196,720,279,0.4925406807040389,"[""V11"", ""V160"", ""V255"", ""V176"", ""V191""]","{""n_estimators"": 274, ""max_depth"": 10, ""min_samples_leaf"": 2, ""min_samples_split"": 3, ""criterion"": ""gini"", ""class_weight"": null}"
308,2026-06-05T19:52:38.447962+00:00,rf,ranking_xgb,308,4935,5,1000,0.6292455041784497,729,271,0.4951673129841388,"[""V11"", ""V160"", ""V255"", ""V176"", ""V191""]","{""n_estimators"": 423, ""max_depth"": 8, ""min_samples_leaf"": 2, ""min_samples_split"": 6, ""criterion"": ""entropy"", ""class_weight"": null}"
309,2026-06-05T19:55:21.364178+00:00,rf,ranking_xgb,309,4925,5,999,0.6110330461534328,728,271,0.49554513344302187,"[""V11"", ""V160"", ""V255"", ""V176"", ""V191""]","{""n_estimators"": 489, ""max_depth"": 6, ""min_samples_leaf"": 3, ""min_samples_split"": 7, ""criterion"": ""gini"", ""class_weight"": null}"
310,2026-06-05T19:58:08.175838+00:00,rf,ranking_xgb,310,4965,5,1000,0.5991985640338595,731,269,0.4984310815443612,"[""V11"", ""V160"", ""V255"", ""V176"", ""V191""]","{""n_estimators"": 467, ""max_depth"": 5, ""min_samples_leaf"": 4, ""min_samples_split"": 6, ""criterion"": ""entropy"", ""class_weight"": ""balanced""}"
311,2026-06-05T19:59:08.419017+00:00,rf,ranking_xgb,311,4925,5,999,0.5978644436724678,728,271,0.4960830499730164,"[""V11"", ""V160"", ""V255"", ""V176"", ""V191""]","{""n_estimators"": 174, ""max_depth"": 5, ""min_samples_leaf"": 1, ""min_samples_split"": 7, ""criterion"": ""gini"", ""class_weight"": null}"
312,2026-06-05T20:01:57.894485+00:00,rf,ranking_xgb,312,4890,5,1000,0.6330757246912035,726,274,0.497040974641739,"[""V11"", ""V160"", ""V255"", ""V176"", ""V191""]","{""n_estimators"": 470, ""max_depth"": 8, ""min_samples_leaf"": 1, ""min_samples_split"": 7, ""criterion"": ""entropy"", ""class_weight"": ""balanced""}"
313,2026-06-05T20:04:45.181957+00:00,rf,ranking_xgb,313,4800,5,982,0.6119311290892421,714,268,0.49781607375210324,"[""V11"", ""V160"", ""V255"", ""V176"", ""V191""]","{""n_estimators"": 466, ""max_depth"": 6, ""min_samples_leaf"": 1, ""min_samples_split"": 5, ""criterion"": ""entropy"", ""class_weight"": ""balanced""}"
314,2026-06-05T20:05:08.286251+00:00,rf,ranking_xgb,314,4960,5,998,0.6102460700675264,730,268,0.49655087226122985,"[""V11"", ""V160"", ""V255"", ""V176"", ""V191""]","{""n_estimators"": 58, ""max_depth"": 6, ""min_samples_leaf"": 3, ""min_samples_split"": 9, ""criterion"": ""entropy"", ""class_weight"": null}"
315,2026-06-05T20:05:33.204090+00:00,rf,ranking_xgb,315,4920,5,1000,0.62253237500841,728,272,0.4976673854332028,"[""V11"", ""V160"", ""V255"", ""V176"", ""V191""]","{""n_estimators"": 58, ""max_depth"": 7, ""min_samples_leaf"": 2, ""min_samples_split"": 3, ""criterion"": ""entropy"", ""class_weight"": ""balanced""}"
316,2026-06-05T20:07:53.806180+00:00,rf,ranking_xgb,316,4855,5,998,0.6444920386172356,723,275,0.4943048101394424,"[""V11"", ""V160"", ""V255"", ""V176"", ""V191""]","{""n_estimators"": 411, ""max_depth"": 10, ""min_samples_leaf"": 4, ""min_samples_split"": 3, ""criterion"": ""entropy"", ""class_weight"": null}"
317,2026-06-05T20:09:56.201547+00:00,rf,ranking_xgb,317,4800,5,1000,0.5890396751132466,720,280,0.49703041389535185,"[""V11"", ""V160"", ""V255"", ""V176"", ""V191""]","{""n_estimators"": 367, ""max_depth"": 4, ""min_samples_leaf"": 3, ""min_samples_split"": 9, ""criterion"": ""gini"", ""class_weight"": null}"
318,2026-06-05T20:11:38.446916+00:00,rf,ranking_xgb,318,4725,5,1000,0.6555032597746473,715,285,0.49259567158237777,"[""V11"", ""V160"", ""V255"", ""V176"", ""V191""]","{""n_estimators"": 297, ""max_depth"": 11, ""min_samples_leaf"": 3, ""min_samples_split"": 8, ""criterion"": ""gini"", ""class_weight"": null}"
319,2026-06-05T20:14:14.459484+00:00,rf,ranking_xgb,319,4845,5,1000,0.585218597914736,723,277,0.49671218688228963,"[""V11"", ""V160"", ""V255"", ""V176"", ""V191""]","{""n_estimators"": 469, ""max_depth"": 4, ""min_samples_leaf"": 3, ""min_samples_split"": 4, ""criterion"": ""entropy"", ""class_weight"": null}"
320,2026-06-05T20:16:08.628006+00:00,rf,ranking_xgb,320,4940,5,999,0.6125580526040459,729,270,0.4958309967427846,"[""V11"", ""V160"", ""V255"", ""V176"", ""V191""]","{""n_estimators"": 339, ""max_depth"": 6, ""min_samples_leaf"": 4, ""min_samples_split"": 9, ""criterion"": ""gini"", ""class_weight"": null}"
321,2026-06-05T20:17:58.324058+00:00,rf,ranking_xgb,321,4695,5,1000,0.6583828252096223,713,287,0.4930612058797633,"[""V11"", ""V160"", ""V255"", ""V176"", ""V191""]","{""n_estimators"": 319, ""max_depth"": 11, ""min_samples_leaf"": 3, ""min_samples_split"": 4, ""criterion"": ""gini"", ""class_weight"": null}"
322,2026-06-05T20:18:29.682880+00:00,rf,ranking_xgb,322,4830,5,1000,0.633407438661909,722,278,0.4972781990864396,"[""V11"", ""V160"", ""V255"", ""V176"", ""V191""]","{""n_estimators"": 76, ""max_depth"": 8, ""min_samples_leaf"": 1, ""min_samples_split"": 9, ""criterion"": ""entropy"", ""class_weight"": ""balanced""}"
323,2026-06-05T20:21:16.901369+00:00,rf,ranking_xgb,323,4815,5,1000,0.6553071890693948,721,279,0.4954133865958838,"[""V11"", ""V160"", ""V255"", ""V176"", ""V191""]","{""n_estimators"": 466, ""max_depth"": 10, ""min_samples_leaf"": 2, ""min_samples_split"": 7, ""criterion"": ""gini"", ""class_weight"": ""balanced""}"
324,2026-06-05T20:22:36.574474+00:00,rf,ranking_xgb,324,4920,5,1000,0.5997611107818341,728,272,0.49676621943284044,"[""V11"", ""V160"", ""V255"", ""V176"", ""V191""]","{""n_estimators"": 234, ""max_depth"": 5, ""min_samples_leaf"": 3, ""min_samples_split"": 2, ""criterion"": ""gini"", ""class_weight"": null}"
325,2026-06-05T20:23:52.621604+00:00,rf,ranking_xgb,325,4995,5,1000,0.6129665609588902,733,267,0.49764024927685985,"[""V11"", ""V160"", ""V255"", ""V176"", ""V191""]","{""n_estimators"": 203, ""max_depth"": 6, ""min_samples_leaf"": 1, ""min_samples_split"": 6, ""criterion"": ""entropy"", ""class_weight"": ""balanced""}"
326,2026-06-05T20:25:18.886097+00:00,rf,ranking_xgb,326,4935,5,1000,0.6131661123780626,729,271,0.49777596140012975,"[""V11"", ""V160"", ""V255"", ""V176"", ""V191""]","{""n_estimators"": 235, ""max_depth"": 6, ""min_samples_leaf"": 2, ""min_samples_split"": 9, ""criterion"": ""gini"", ""class_weight"": ""balanced""}"
327,2026-06-05T20:26:28.980094+00:00,rf,ranking_xgb,327,4890,5,1000,0.599218770862274,726,274,0.4964271060124671,"[""V11"", ""V160"", ""V255"", ""V176"", ""V191""]","{""n_estimators"": 203, ""max_depth"": 5, ""min_samples_leaf"": 1, ""min_samples_split"": 6, ""criterion"": ""entropy"", ""class_weight"": null}"
328,2026-06-05T20:28:33.145756+00:00,rf,ranking_xgb,328,4880,5,990,0.5864079469251385,722,268,0.49676113223975027,"[""V11"", ""V160"", ""V255"", ""V176"", ""V191""]","{""n_estimators"": 371, ""max_depth"": 4, ""min_samples_leaf"": 1, ""min_samples_split"": 6, ""criterion"": ""entropy"", ""class_weight"": null}"
329,2026-06-05T20:29:22.615602+00:00,rf,ranking_xgb,329,4845,5,1000,0.6349419552570345,723,277,0.4942951768906387,"[""V11"", ""V160"", ""V255"", ""V176"", ""V191""]","{""n_estimators"": 134, ""max_depth"": 9, ""min_samples_leaf"": 3, ""min_samples_split"": 5, ""criterion"": ""entropy"", ""class_weight"": null}"
330,2026-06-05T20:31:54.988292+00:00,rf,ranking_xgb,330,4800,5,1000,0.6519927470172402,720,280,0.49386117207987434,"[""V11"", ""V160"", ""V255"", ""V176"", ""V191""]","{""n_estimators"": 443, ""max_depth"": 11, ""min_samples_leaf"": 3, ""min_samples_split"": 6, ""criterion"": ""entropy"", ""class_weight"": null}"
331,2026-06-05T20:33:26.846755+00:00,rf,ranking_xgb,331,4905,5,1000,0.5998994666573355,727,273,0.4959151733538654,"[""V11"", ""V160"", ""V255"", ""V176"", ""V191""]","{""n_estimators"": 271, ""max_depth"": 5, ""min_samples_leaf"": 1, ""min_samples_split"": 6, ""criterion"": ""gini"", ""class_weight"": null}"
332,2026-06-05T20:36:20.212724+00:00,rf,ranking_xgb,332,4800,5,1000,0.6457685204137752,720,280,0.49562164907687073,"[""V11"", ""V160"", ""V255"", ""V176"", ""V191""]","{""n_estimators"": 486, ""max_depth"": 9, ""min_samples_leaf"": 2, ""min_samples_split"": 6, ""criterion"": ""gini"", ""class_weight"": ""balanced""}"
333,2026-06-05T20:36:56.370132+00:00,rf,ranking_xgb,333,4920,5,1000,0.6197141385334095,728,272,0.4953334424730301,"[""V11"", ""V160"", ""V255"", ""V176"", ""V191""]","{""n_estimators"": 97, ""max_depth"": 7, ""min_samples_leaf"": 1, ""min_samples_split"": 6, ""criterion"": ""entropy"", ""class_weight"": null}"
334,2026-06-05T20:38:53.470347+00:00,rf,ranking_xgb,334,4860,5,997,0.6396970080608055,723,274,0.4962102172508798,"[""V11"", ""V160"", ""V255"", ""V176"", ""V191""]","{""n_estimators"": 318, ""max_depth"": 9, ""min_samples_leaf"": 2, ""min_samples_split"": 5, ""criterion"": ""entropy"", ""class_weight"": ""balanced""}"
335,2026-06-05T20:39:57.069157+00:00,rf,ranking_xgb,335,5070,5,1000,0.6187148193561764,738,262,0.4952703839052263,"[""V11"", ""V160"", ""V255"", ""V176"", ""V191""]","{""n_estimators"": 180, ""max_depth"": 7, ""min_samples_leaf"": 3, ""min_samples_split"": 4, ""criterion"": ""entropy"", ""class_weight"": null}"
336,2026-06-05T20:41:38.092767+00:00,rf,ranking_xgb,336,4970,5,999,0.6111063069509692,731,268,0.4952902900898913,"[""V11"", ""V160"", ""V255"", ""V176"", ""V191""]","{""n_estimators"": 299, ""max_depth"": 6, ""min_samples_leaf"": 2, ""min_samples_split"": 6, ""criterion"": ""gini"", ""class_weight"": null}"
337,2026-06-05T20:44:24.481628+00:00,rf,ranking_xgb,337,4845,5,1000,0.5888262893390381,723,277,0.4987634902482985,"[""V11"", ""V160"", ""V255"", ""V176"", ""V191""]","{""n_estimators"": 469, ""max_depth"": 4, ""min_samples_leaf"": 1, ""min_samples_split"": 9, ""criterion"": ""gini"", ""class_weight"": ""balanced""}"
338,2026-06-05T20:46:10.526958+00:00,rf,ranking_xgb,338,5025,5,1000,0.6201795444437171,735,265,0.4953880416364818,"[""V11"", ""V160"", ""V255"", ""V176"", ""V191""]","{""n_estimators"": 310, ""max_depth"": 7, ""min_samples_leaf"": 3, ""min_samples_split"": 3, ""criterion"": ""entropy"", ""class_weight"": null}"
339,2026-06-05T20:46:57.089353+00:00,rf,ranking_xgb,339,4910,5,999,0.5943245245608865,727,272,0.4951261111623856,"[""V11"", ""V160"", ""V255"", ""V176"", ""V191""]","{""n_estimators"": 129, ""max_depth"": 5, ""min_samples_leaf"": 1, ""min_samples_split"": 7, ""criterion"": ""entropy"", ""class_weight"": null}"
340,2026-06-05T20:47:55.843545+00:00,rf,ranking_xgb,340,4935,5,1000,0.6143527308310532,729,271,0.4954975740914941,"[""V11"", ""V160"", ""V255"", ""V176"", ""V191""]","{""n_estimators"": 168, ""max_depth"": 6, ""min_samples_leaf"": 4, ""min_samples_split"": 8, ""criterion"": ""gini"", ""class_weight"": null}"
341,2026-06-05T20:49:04.754516+00:00,rf,ranking_xgb,341,4755,5,1000,0.6502636635162357,717,283,0.4945983276756184,"[""V11"", ""V160"", ""V255"", ""V176"", ""V191""]","{""n_estimators"": 182, ""max_depth"": 10, ""min_samples_leaf"": 2, ""min_samples_split"": 4, ""criterion"": ""gini"", ""class_weight"": ""balanced""}"
342,2026-06-05T20:50:07.225415+00:00,rf,ranking_xgb,342,4935,5,1000,0.636382800801555,729,271,0.49659969380276514,"[""V11"", ""V160"", ""V255"", ""V176"", ""V191""]","{""n_estimators"": 165, ""max_depth"": 8, ""min_samples_leaf"": 2, ""min_samples_split"": 5, ""criterion"": ""gini"", ""class_weight"": ""balanced""}"
343,2026-06-05T20:50:34.751570+00:00,rf,ranking_xgb,343,4920,5,1000,0.6046477821452757,728,272,0.4991972203746343,"[""V11"", ""V160"", ""V255"", ""V176"", ""V191""]","{""n_estimators"": 69, ""max_depth"": 5, ""min_samples_leaf"": 4, ""min_samples_split"": 6, ""criterion"": ""gini"", ""class_weight"": ""balanced""}"
344,2026-06-05T20:52:47.514747+00:00,rf,ranking_xgb,344,4845,5,1000,0.6223254464157142,723,277,0.4973318663606825,"[""V11"", ""V160"", ""V255"", ""V176"", ""V191""]","{""n_estimators"": 369, ""max_depth"": 7, ""min_samples_leaf"": 2, ""min_samples_split"": 4, ""criterion"": ""entropy"", ""class_weight"": ""balanced""}"
345,2026-06-05T20:53:51.768336+00:00,rf,ranking_xgb,345,4830,5,1000,0.6475233793989702,722,278,0.4956828492700348,"[""V11"", ""V160"", ""V255"", ""V176"", ""V191""]","{""n_estimators"": 167, ""max_depth"": 10, ""min_samples_leaf"": 1, ""min_samples_split"": 3, ""criterion"": ""entropy"", ""class_weight"": ""balanced""}"
346,2026-06-05T20:54:21.744601+00:00,rf,ranking_xgb,346,4810,6,1000,0.6281734529754325,734,266,0.4963300196550551,"[""V11"", ""V160"", ""V255"", ""V176"", ""V191"", ""V224""]","{""n_estimators"": 74, ""max_depth"": 8, ""min_samples_leaf"": 1, ""min_samples_split"": 5, ""criterion"": ""gini"", ""class_weight"": ""balanced""}"
347,2026-06-05T20:56:11.709317+00:00,rf,ranking_xgb,347,4920,5,1000,0.6259972404252276,728,272,0.4956559284589959,"[""V11"", ""V160"", ""V255"", ""V176"", ""V191""]","{""n_estimators"": 326, ""max_depth"": 7, ""min_samples_leaf"": 4, ""min_samples_split"": 7, ""criterion"": ""gini"", ""class_weight"": null}"
348,2026-06-05T20:57:31.781287+00:00,rf,ranking_xgb,348,4735,5,998,0.6380049679701129,715,283,0.49377303457848576,"[""V11"", ""V160"", ""V255"", ""V176"", ""V191""]","{""n_estimators"": 227, ""max_depth"": 9, ""min_samples_leaf"": 1, ""min_samples_split"": 6, ""criterion"": ""entropy"", ""class_weight"": null}"
349,2026-06-05T20:58:23.131155+00:00,rf,ranking_xgb,349,4875,5,1000,0.6413917121513697,725,275,0.4952108199148881,"[""V11"", ""V160"", ""V255"", ""V176"", ""V191""]","{""n_estimators"": 133, ""max_depth"": 9, ""min_samples_leaf"": 1, ""min_samples_split"": 7, ""criterion"": ""gini"", ""class_weight"": ""balanced""}"
350,2026-06-05T20:59:47.664737+00:00,rf,ranking_xgb,350,4905,5,1000,0.6456200954724258,727,273,0.49365338459155866,"[""V11"", ""V160"", ""V255"", ""V176"", ""V191""]","{""n_estimators"": 239, ""max_depth"": 10, ""min_samples_leaf"": 4, ""min_samples_split"": 4, ""criterion"": ""entropy"", ""class_weight"": null}"
351,2026-06-05T21:00:48.795623+00:00,rf,ranking_xgb,351,4720,6,1000,0.6316138809698703,728,272,0.49368380327777356,"[""V11"", ""V160"", ""V255"", ""V176"", ""V191"", ""V224""]","{""n_estimators"": 173, ""max_depth"": 9, ""min_samples_leaf"": 3, ""min_samples_split"": 8, ""criterion"": ""gini"", ""class_weight"": null}"
352,2026-06-05T21:01:32.548190+00:00,rf,ranking_xgb,352,4925,5,999,0.6389616168259338,728,271,0.4947760654715724,"[""V11"", ""V160"", ""V255"", ""V176"", ""V191""]","{""n_estimators"": 116, ""max_depth"": 9, ""min_samples_leaf"": 3, ""min_samples_split"": 4, ""criterion"": ""entropy"", ""class_weight"": null}"
353,2026-06-05T21:02:17.584943+00:00,rf,ranking_xgb,353,4770,5,1000,0.6373481445386855,718,282,0.496407338563928,"[""V11"", ""V160"", ""V255"", ""V176"", ""V191""]","{""n_estimators"": 116, ""max_depth"": 8, ""min_samples_leaf"": 3, ""min_samples_split"": 8, ""criterion"": ""gini"", ""class_weight"": ""balanced""}"
354,2026-06-05T21:03:18.241217+00:00,rf,ranking_xgb,354,4925,5,999,0.6016798556739803,728,271,0.49618596824004146,"[""V11"", ""V160"", ""V255"", ""V176"", ""V191""]","{""n_estimators"": 175, ""max_depth"": 5, ""min_samples_leaf"": 3, ""min_samples_split"": 5, ""criterion"": ""gini"", ""class_weight"": null}"
355,2026-06-05T21:04:40.506321+00:00,rf,ranking_xgb,355,4895,5,996,0.6256338604768477,725,271,0.49684114508126065,"[""V11"", ""V160"", ""V255"", ""V176"", ""V191""]","{""n_estimators"": 222, ""max_depth"": 7, ""min_samples_leaf"": 3, ""min_samples_split"": 9, ""criterion"": ""gini"", ""class_weight"": ""balanced""}"
356,2026-06-05T21:06:22.409039+00:00,rf,ranking_xgb,356,4835,5,990,0.6134402549339445,719,271,0.49598514299542656,"[""V11"", ""V160"", ""V255"", ""V176"", ""V191""]","{""n_estimators"": 304, ""max_depth"": 6, ""min_samples_leaf"": 3, ""min_samples_split"": 4, ""criterion"": ""gini"", ""class_weight"": null}"
357,2026-06-05T21:08:13.070150+00:00,rf,ranking_xgb,357,4810,5,998,0.5894103417238754,720,278,0.4972447088653356,"[""V11"", ""V160"", ""V255"", ""V176"", ""V191""]","{""n_estimators"": 329, ""max_depth"": 4, ""min_samples_leaf"": 1, ""min_samples_split"": 2, ""criterion"": ""entropy"", ""class_weight"": null}"
358,2026-06-05T21:09:33.868655+00:00,rf,ranking_xgb,358,4955,5,999,0.6123971977009572,730,269,0.4977982801055005,"[""V11"", ""V160"", ""V255"", ""V176"", ""V191""]","{""n_estimators"": 218, ""max_depth"": 6, ""min_samples_leaf"": 2, ""min_samples_split"": 7, ""criterion"": ""entropy"", ""class_weight"": ""balanced""}"
359,2026-06-05T21:10:59.537320+00:00,rf,ranking_xgb,359,4865,5,999,0.6250527995479666,724,275,0.4950081690045868,"[""V11"", ""V160"", ""V255"", ""V176"", ""V191""]","{""n_estimators"": 251, ""max_depth"": 7, ""min_samples_leaf"": 2, ""min_samples_split"": 7, ""criterion"": ""gini"", ""class_weight"": null}"
360,2026-06-05T21:12:34.646713+00:00,rf,ranking_xgb,360,4920,5,1000,0.595586588956263,728,272,0.49625334355467665,"[""V11"", ""V160"", ""V255"", ""V176"", ""V191""]","{""n_estimators"": 280, ""max_depth"": 5, ""min_samples_leaf"": 4, ""min_samples_split"": 5, ""criterion"": ""entropy"", ""class_weight"": null}"
361,2026-06-05T21:13:19.434513+00:00,rf,ranking_xgb,361,4845,5,997,0.6260963849021127,722,275,0.49784435995595766,"[""V11"", ""V160"", ""V255"", ""V176"", ""V191""]","{""n_estimators"": 114, ""max_depth"": 7, ""min_samples_leaf"": 2, ""min_samples_split"": 6, ""criterion"": ""entropy"", ""class_weight"": ""balanced""}"
362,2026-06-05T21:15:02.551682+00:00,rf,ranking_xgb,362,4860,5,1000,0.6116238119382776,724,276,0.49601100014343136,"[""V11"", ""V160"", ""V255"", ""V176"", ""V191""]","{""n_estimators"": 303, ""max_depth"": 6, ""min_samples_leaf"": 1, ""min_samples_split"": 5, ""criterion"": ""entropy"", ""class_weight"": null}"
363,2026-06-05T21:16:13.968637+00:00,rf,ranking_xgb,363,4815,5,1000,0.6439611917960231,721,279,0.4938027642602656,"[""V11"", ""V160"", ""V255"", ""V176"", ""V191""]","{""n_estimators"": 205, ""max_depth"": 9, ""min_samples_leaf"": 3, ""min_samples_split"": 6, ""criterion"": ""gini"", ""class_weight"": null}"
364,2026-06-05T21:19:04.388883+00:00,rf,ranking_xgb,364,4935,5,997,0.6176087062731701,728,269,0.4979036925484328,"[""V11"", ""V160"", ""V255"", ""V176"", ""V191""]","{""n_estimators"": 479, ""max_depth"": 6, ""min_samples_leaf"": 3, ""min_samples_split"": 2, ""criterion"": ""gini"", ""class_weight"": ""balanced""}"
365,2026-06-05T21:20:20.662199+00:00,rf,ranking_xgb,365,4885,5,995,0.5884150914589791,724,271,0.4965533827911204,"[""V11"", ""V160"", ""V255"", ""V176"", ""V191""]","{""n_estimators"": 224, ""max_depth"": 4, ""min_samples_leaf"": 2, ""min_samples_split"": 6, ""criterion"": ""gini"", ""class_weight"": null}"
366,2026-06-05T21:21:07.460447+00:00,rf,ranking_xgb,366,4800,5,1000,0.6327142236762406,720,280,0.49416181685991034,"[""V11"", ""V160"", ""V255"", ""V176"", ""V191""]","{""n_estimators"": 132, ""max_depth"": 8, ""min_samples_leaf"": 1, ""min_samples_split"": 3, ""criterion"": ""gini"", ""class_weight"": null}"
367,2026-06-05T21:24:02.579618+00:00,rf,ranking_xgb,367,4940,5,993,0.5994839189284114,727,266,0.4983217676288047,"[""V11"", ""V160"", ""V255"", ""V176"", ""V191""]","{""n_estimators"": 489, ""max_depth"": 5, ""min_samples_leaf"": 2, ""min_samples_split"": 4, ""criterion"": ""entropy"", ""class_weight"": ""balanced""}"
368,2026-06-05T21:26:53.537571+00:00,rf,ranking_xgb,368,4890,5,1000,0.5863056194951805,726,274,0.49874776582910574,"[""V11"", ""V160"", ""V255"", ""V176"", ""V191""]","{""n_estimators"": 480, ""max_depth"": 4, ""min_samples_leaf"": 4, ""min_samples_split"": 6, ""criterion"": ""entropy"", ""class_weight"": ""balanced""}"
369,2026-06-05T21:29:29.560311+00:00,rf,ranking_xgb,369,4755,5,1000,0.6590947282944267,717,283,0.49419721571891395,"[""V11"", ""V160"", ""V255"", ""V176"", ""V191""]","{""n_estimators"": 431, ""max_depth"": 11, ""min_samples_leaf"": 2, ""min_samples_split"": 2, ""criterion"": ""gini"", ""class_weight"": ""balanced""}"
370,2026-06-05T21:32:29.752357+00:00,rf,ranking_xgb,370,4885,5,998,0.6406002388658854,725,273,0.4963498481533955,"[""V11"", ""V160"", ""V255"", ""V176"", ""V191""]","{""n_estimators"": 497, ""max_depth"": 9, ""min_samples_leaf"": 3, ""min_samples_split"": 7, ""criterion"": ""entropy"", ""class_weight"": ""balanced""}"
371,2026-06-05T21:34:05.990318+00:00,rf,ranking_xgb,371,4940,5,999,0.5947681347342482,729,270,0.49601789929401974,"[""V11"", ""V160"", ""V255"", ""V176"", ""V191""]","{""n_estimators"": 282, ""max_depth"": 5, ""min_samples_leaf"": 2, ""min_samples_split"": 5, ""criterion"": ""entropy"", ""class_weight"": null}"
372,2026-06-05T21:34:54.033916+00:00,rf,ranking_xgb,372,4905,5,1000,0.6299097918901299,727,273,0.4952749294784197,"[""V11"", ""V160"", ""V255"", ""V176"", ""V191""]","{""n_estimators"": 131, ""max_depth"": 8, ""min_samples_leaf"": 3, ""min_samples_split"": 2, ""criterion"": ""entropy"", ""class_weight"": null}"
373,2026-06-05T21:36:43.937996+00:00,rf,ranking_xgb,373,4920,5,1000,0.5999924379865158,728,272,0.49827275822539724,"[""V11"", ""V160"", ""V255"", ""V176"", ""V191""]","{""n_estimators"": 305, ""max_depth"": 5, ""min_samples_leaf"": 3, ""min_samples_split"": 4, ""criterion"": ""entropy"", ""class_weight"": ""balanced""}"
374,2026-06-05T21:38:38.964265+00:00,rf,ranking_xgb,374,4865,5,999,0.5900196670078185,724,275,0.4985819623020312,"[""V11"", ""V160"", ""V255"", ""V176"", ""V191""]","{""n_estimators"": 320, ""max_depth"": 4, ""min_samples_leaf"": 2, ""min_samples_split"": 8, ""criterion"": ""gini"", ""class_weight"": ""balanced""}"
375,2026-06-05T21:39:56.790008+00:00,rf,ranking_xgb,375,4785,5,1000,0.6431535761581542,719,281,0.49557382856784077,"[""V11"", ""V160"", ""V255"", ""V176"", ""V191""]","{""n_estimators"": 209, ""max_depth"": 9, ""min_samples_leaf"": 4, ""min_samples_split"": 9, ""criterion"": ""gini"", ""class_weight"": ""balanced""}"
376,2026-06-05T21:42:41.879824+00:00,rf,ranking_xgb,376,4950,5,1000,0.6219989012024703,730,270,0.49779098563097623,"[""V11"", ""V160"", ""V255"", ""V176"", ""V191""]","{""n_estimators"": 458, ""max_depth"": 7, ""min_samples_leaf"": 3, ""min_samples_split"": 6, ""criterion"": ""entropy"", ""class_weight"": ""balanced""}"
377,2026-06-05T21:43:44.624662+00:00,rf,ranking_xgb,377,4860,5,1000,0.6428620333253362,724,276,0.4933649016487792,"[""V11"", ""V160"", ""V255"", ""V176"", ""V191""]","{""n_estimators"": 174, ""max_depth"": 10, ""min_samples_leaf"": 1, ""min_samples_split"": 8, ""criterion"": ""entropy"", ""class_weight"": null}"
378,2026-06-05T21:44:11.403370+00:00,rf,ranking_xgb,378,4900,5,998,0.6251417973798258,726,272,0.4971572117850522,"[""V11"", ""V160"", ""V255"", ""V176"", ""V191""]","{""n_estimators"": 65, ""max_depth"": 7, ""min_samples_leaf"": 2, ""min_samples_split"": 2, ""criterion"": ""gini"", ""class_weight"": ""balanced""}"
379,2026-06-05T21:45:50.829258+00:00,rf,ranking_xgb,379,4920,5,1000,0.5855871728653586,728,272,0.49644647220069454,"[""V11"", ""V160"", ""V255"", ""V176"", ""V191""]","{""n_estimators"": 294, ""max_depth"": 4, ""min_samples_leaf"": 2, ""min_samples_split"": 8, ""criterion"": ""entropy"", ""class_weight"": null}"
380,2026-06-05T21:47:28.474960+00:00,rf,ranking_xgb,380,4905,5,1000,0.586127395181975,727,273,0.49658937295728395,"[""V11"", ""V160"", ""V255"", ""V176"", ""V191""]","{""n_estimators"": 290, ""max_depth"": 4, ""min_samples_leaf"": 4, ""min_samples_split"": 5, ""criterion"": ""gini"", ""class_weight"": null}"
381,2026-06-05T21:49:57.486836+00:00,rf,ranking_xgb,381,4890,5,1000,0.6088823235470585,726,274,0.4956444714266885,"[""V11"", ""V160"", ""V255"", ""V176"", ""V191""]","{""n_estimators"": 444, ""max_depth"": 6, ""min_samples_leaf"": 3, ""min_samples_split"": 4, ""criterion"": ""entropy"", ""class_weight"": null}"
382,2026-06-05T21:50:46.870007+00:00,rf,ranking_xgb,382,4795,5,998,0.6583644487274947,719,279,0.4964352680742836,"[""V11"", ""V160"", ""V255"", ""V176"", ""V191""]","{""n_estimators"": 123, ""max_depth"": 11, ""min_samples_leaf"": 4, ""min_samples_split"": 5, ""criterion"": ""entropy"", ""class_weight"": ""balanced""}"
383,2026-06-05T21:53:24.887722+00:00,rf,ranking_xgb,383,4890,5,991,0.5888727579624545,723,268,0.49866242591768367,"[""V11"", ""V160"", ""V255"", ""V176"", ""V191""]","{""n_estimators"": 445, ""max_depth"": 4, ""min_samples_leaf"": 2, ""min_samples_split"": 2, ""criterion"": ""entropy"", ""class_weight"": ""balanced""}"
384,2026-06-05T21:55:47.130571+00:00,rf,ranking_xgb,384,4805,5,999,0.6542653065686207,720,279,0.4962372625918863,"[""V11"", ""V160"", ""V255"", ""V176"", ""V191""]","{""n_estimators"": 393, ""max_depth"": 10, ""min_samples_leaf"": 4, ""min_samples_split"": 7, ""criterion"": ""gini"", ""class_weight"": ""balanced""}"
385,2026-06-05T21:57:29.926789+00:00,rf,ranking_xgb,385,4695,6,999,0.638962668561747,726,273,0.4942434140258463,"[""V11"", ""V160"", ""V255"", ""V176"", ""V191"", ""V224""]","{""n_estimators"": 280, ""max_depth"": 10, ""min_samples_leaf"": 2, ""min_samples_split"": 5, ""criterion"": ""gini"", ""class_weight"": ""balanced""}"
386,2026-06-05T21:58:10.220623+00:00,rf,ranking_xgb,386,4820,5,996,0.5980774640946284,720,276,0.4957901558186339,"[""V11"", ""V160"", ""V255"", ""V176"", ""V191""]","{""n_estimators"": 112, ""max_depth"": 5, ""min_samples_leaf"": 2, ""min_samples_split"": 7, ""criterion"": ""entropy"", ""class_weight"": null}"
387,2026-06-05T21:59:42.856806+00:00,rf,ranking_xgb,387,4950,5,1000,0.627812215045501,730,270,0.4944533984750631,"[""V11"", ""V160"", ""V255"", ""V176"", ""V191""]","{""n_estimators"": 267, ""max_depth"": 8, ""min_samples_leaf"": 3, ""min_samples_split"": 3, ""criterion"": ""entropy"", ""class_weight"": null}"
388,2026-06-05T22:02:04.846520+00:00,rf,ranking_xgb,388,4620,5,1000,0.6545968598235696,708,292,0.4931557992648963,"[""V11"", ""V160"", ""V255"", ""V176"", ""V191""]","{""n_estimators"": 417, ""max_depth"": 11, ""min_samples_leaf"": 1, ""min_samples_split"": 5, ""criterion"": ""gini"", ""class_weight"": ""balanced""}"
389,2026-06-05T22:04:37.153965+00:00,rf,ranking_xgb,389,4855,5,995,0.6377474802823284,722,273,0.4942903766411422,"[""V11"", ""V160"", ""V255"", ""V176"", ""V191""]","{""n_estimators"": 484, ""max_depth"": 9, ""min_samples_leaf"": 3, ""min_samples_split"": 8, ""criterion"": ""entropy"", ""class_weight"": null}"
390,2026-06-05T22:05:30.571362+00:00,rf,ranking_xgb,390,4805,5,999,0.6401203277537275,720,279,0.4962535007336211,"[""V11"", ""V160"", ""V255"", ""V176"", ""V191""]","{""n_estimators"": 152, ""max_depth"": 9, ""min_samples_leaf"": 1, ""min_samples_split"": 3, ""criterion"": ""entropy"", ""class_weight"": ""balanced""}"
391,2026-06-05T22:07:24.943565+00:00,rf,ranking_xgb,391,4950,5,997,0.6019854853386871,729,268,0.4987183525355499,"[""V11"", ""V160"", ""V255"", ""V176"", ""V191""]","{""n_estimators"": 347, ""max_depth"": 5, ""min_samples_leaf"": 1, ""min_samples_split"": 4, ""criterion"": ""entropy"", ""class_weight"": ""balanced""}"
392,2026-06-05T22:09:53.849284+00:00,rf,ranking_xgb,392,4745,5,999,0.656981132637954,716,283,0.4931796836560181,"[""V11"", ""V160"", ""V255"", ""V176"", ""V191""]","{""n_estimators"": 412, ""max_depth"": 11, ""min_samples_leaf"": 1, ""min_samples_split"": 4, ""criterion"": ""gini"", ""class_weight"": ""balanced""}"
393,2026-06-05T22:10:26.393906+00:00,rf,ranking_xgb,393,4850,5,999,0.6564102461617133,723,276,0.4957879999624979,"[""V11"", ""V160"", ""V255"", ""V176"", ""V191""]","{""n_estimators"": 78, ""max_depth"": 11, ""min_samples_leaf"": 4, ""min_samples_split"": 3, ""criterion"": ""entropy"", ""class_weight"": ""balanced""}"
394,2026-06-05T22:11:53.387142+00:00,rf,ranking_xgb,394,4935,5,1000,0.6389711355468425,729,271,0.4965588802864735,"[""V11"", ""V160"", ""V255"", ""V176"", ""V191""]","{""n_estimators"": 233, ""max_depth"": 9, ""min_samples_leaf"": 1, ""min_samples_split"": 7, ""criterion"": ""entropy"", ""class_weight"": ""balanced""}"
395,2026-06-05T22:13:32.662335+00:00,rf,ranking_xgb,395,4870,5,992,0.6251727810605322,722,270,0.49481871579715353,"[""V11"", ""V160"", ""V255"", ""V176"", ""V191""]","{""n_estimators"": 293, ""max_depth"": 7, ""min_samples_leaf"": 3, ""min_samples_split"": 6, ""criterion"": ""gini"", ""class_weight"": null}"
396,2026-06-05T22:16:06.051824+00:00,rf,ranking_xgb,396,4800,5,1000,0.6373171856570289,720,280,0.4957556880201095,"[""V11"", ""V160"", ""V255"", ""V176"", ""V191""]","{""n_estimators"": 422, ""max_depth"": 9, ""min_samples_leaf"": 2, ""min_samples_split"": 4, ""criterion"": ""entropy"", ""class_weight"": ""balanced""}"
397,2026-06-05T22:17:13.137826+00:00,rf,ranking_xgb,397,4830,5,1000,0.5860184554926152,722,278,0.4965254187116185,"[""V11"", ""V160"", ""V255"", ""V176"", ""V191""]","{""n_estimators"": 194, ""max_depth"": 4, ""min_samples_leaf"": 1, ""min_samples_split"": 5, ""criterion"": ""entropy"", ""class_weight"": null}"
398,2026-06-05T22:17:40.004675+00:00,rf,ranking_xgb,398,4905,5,1000,0.6006149560681611,727,273,0.49509187117369446,"[""V11"", ""V160"", ""V255"", ""V176"", ""V191""]","{""n_estimators"": 73, ""max_depth"": 5, ""min_samples_leaf"": 1, ""min_samples_split"": 6, ""criterion"": ""gini"", ""class_weight"": null}"
399,2026-06-05T22:18:47.328509+00:00,rf,ranking_xgb,399,4795,5,998,0.6488316304845491,719,279,0.4962834904635487,"[""V11"", ""V160"", ""V255"", ""V176"", ""V191""]","{""n_estimators"": 176, ""max_depth"": 10, ""min_samples_leaf"": 2, ""min_samples_split"": 8, ""criterion"": ""entropy"", ""class_weight"": ""balanced""}"
400,2026-06-05T22:19:35.693891+00:00,rf,ranking_xgb,400,4805,5,999,0.588438779163701,720,279,0.4988669931597741,"[""V11"", ""V160"", ""V255"", ""V176"", ""V191""]","{""n_estimators"": 128, ""max_depth"": 4, ""min_samples_leaf"": 4, ""min_samples_split"": 8, ""criterion"": ""gini"", ""class_weight"": ""balanced""}"
401,2026-06-05T22:21:59.208219+00:00,rf,ranking_xgb,401,4800,5,1000,0.6326680342816507,720,280,0.4971971179430846,"[""V11"", ""V160"", ""V255"", ""V176"", ""V191""]","{""n_estimators"": 398, ""max_depth"": 8, ""min_samples_leaf"": 4, ""min_samples_split"": 8, ""criterion"": ""entropy"", ""class_weight"": ""balanced""}"
402,2026-06-05T22:24:20.998137+00:00,rf,ranking_xgb,402,4720,5,998,0.6576062266873055,714,284,0.49334936570375637,"[""V11"", ""V160"", ""V255"", ""V176"", ""V191""]","{""n_estimators"": 418, ""max_depth"": 11, ""min_samples_leaf"": 4, ""min_samples_split"": 3, ""criterion"": ""gini"", ""class_weight"": null}"
403,2026-06-05T22:26:49.751176+00:00,rf,ranking_xgb,403,4740,5,1000,0.6567331558374839,716,284,0.4925757905279488,"[""V11"", ""V160"", ""V255"", ""V176"", ""V191""]","{""n_estimators"": 439, ""max_depth"": 11, ""min_samples_leaf"": 3, ""min_samples_split"": 8, ""criterion"": ""gini"", ""class_weight"": null}"
404,2026-06-05T22:28:14.470203+00:00,rf,ranking_xgb,404,4890,5,1000,0.6209920874714987,726,274,0.4973619669959267,"[""V11"", ""V160"", ""V255"", ""V176"", ""V191""]","{""n_estimators"": 228, ""max_depth"": 7, ""min_samples_leaf"": 4, ""min_samples_split"": 6, ""criterion"": ""entropy"", ""class_weight"": ""balanced""}"
405,2026-06-05T22:29:56.829149+00:00,rf,ranking_xgb,405,4880,5,999,0.600076937305859,725,274,0.4988242881569833,"[""V11"", ""V160"", ""V255"", ""V176"", ""V191""]","{""n_estimators"": 281, ""max_depth"": 5, ""min_samples_leaf"": 1, ""min_samples_split"": 4, ""criterion"": ""entropy"", ""class_weight"": ""balanced""}"
406,2026-06-05T22:30:52.131520+00:00,rf,ranking_xgb,406,4775,5,999,0.5886081451525156,718,281,0.49711108577042284,"[""V11"", ""V160"", ""V255"", ""V176"", ""V191""]","{""n_estimators"": 159, ""max_depth"": 4, ""min_samples_leaf"": 4, ""min_samples_split"": 5, ""criterion"": ""gini"", ""class_weight"": null}"
407,2026-06-05T22:32:34.928442+00:00,rf,ranking_xgb,407,4845,5,1000,0.6453726338996972,723,277,0.4939963421376358,"[""V11"", ""V160"", ""V255"", ""V176"", ""V191""]","{""n_estimators"": 293, ""max_depth"": 10, ""min_samples_leaf"": 2, ""min_samples_split"": 8, ""criterion"": ""entropy"", ""class_weight"": null}"
408,2026-06-05T22:34:38.095719+00:00,rf,ranking_xgb,408,4890,5,994,0.6006203683393817,724,270,0.4959892836391671,"[""V11"", ""V160"", ""V255"", ""V176"", ""V191""]","{""n_estimators"": 366, ""max_depth"": 5, ""min_samples_leaf"": 2, ""min_samples_split"": 6, ""criterion"": ""entropy"", ""class_weight"": null}"
409,2026-06-05T22:35:13.296869+00:00,rf,ranking_xgb,409,4815,5,1000,0.65601346486888,721,279,0.4947609760967398,"[""V11"", ""V160"", ""V255"", ""V176"", ""V191""]","{""n_estimators"": 84, ""max_depth"": 11, ""min_samples_leaf"": 2, ""min_samples_split"": 6, ""criterion"": ""entropy"", ""class_weight"": ""balanced""}"
410,2026-06-05T22:37:32.760166+00:00,rf,ranking_xgb,410,4670,5,999,0.6534078046822622,711,288,0.4915747386041547,"[""V11"", ""V160"", ""V255"", ""V176"", ""V191""]","{""n_estimators"": 413, ""max_depth"": 11, ""min_samples_leaf"": 1, ""min_samples_split"": 5, ""criterion"": ""gini"", ""class_weight"": null}"
411,2026-06-05T22:38:55.614312+00:00,rf,ranking_xgb,411,4950,5,997,0.6137719486898607,729,268,0.4980493263830165,"[""V11"", ""V160"", ""V255"", ""V176"", ""V191""]","{""n_estimators"": 224, ""max_depth"": 6, ""min_samples_leaf"": 3, ""min_samples_split"": 4, ""criterion"": ""entropy"", ""class_weight"": ""balanced""}"
412,2026-06-05T22:39:51.253749+00:00,rf,ranking_xgb,412,4870,5,998,0.6225100889264866,724,274,0.49493218409625034,"[""V11"", ""V160"", ""V255"", ""V176"", ""V191""]","{""n_estimators"": 158, ""max_depth"": 7, ""min_samples_leaf"": 4, ""min_samples_split"": 6, ""criterion"": ""gini"", ""class_weight"": null}"
413,2026-06-05T22:42:31.552456+00:00,rf,ranking_xgb,413,4915,5,998,0.6351739875745416,727,271,0.4963476555990561,"[""V11"", ""V160"", ""V255"", ""V176"", ""V191""]","{""n_estimators"": 446, ""max_depth"": 8, ""min_samples_leaf"": 2, ""min_samples_split"": 4, ""criterion"": ""gini"", ""class_weight"": ""balanced""}"
414,2026-06-05T22:43:18.974924+00:00,rf,ranking_xgb,414,4720,5,998,0.6591064003709048,714,284,0.49519478725035243,"[""V11"", ""V160"", ""V255"", ""V176"", ""V191""]","{""n_estimators"": 121, ""max_depth"": 11, ""min_samples_leaf"": 3, ""min_samples_split"": 4, ""criterion"": ""gini"", ""class_weight"": ""balanced""}"
415,2026-06-05T22:45:02.612669+00:00,rf,ranking_xgb,415,4860,5,1000,0.6478675392458433,724,276,0.4959000700139708,"[""V11"", ""V160"", ""V255"", ""V176"", ""V191""]","{""n_estimators"": 278, ""max_depth"": 10, ""min_samples_leaf"": 2, ""min_samples_split"": 3, ""criterion"": ""entropy"", ""class_weight"": ""balanced""}"
416,2026-06-05T22:47:10.728661+00:00,rf,ranking_xgb,416,4740,5,1000,0.6449771847074248,716,284,0.4939798048742923,"[""V11"", ""V160"", ""V255"", ""V176"", ""V191""]","{""n_estimators"": 379, ""max_depth"": 9, ""min_samples_leaf"": 3, ""min_samples_split"": 4, ""criterion"": ""gini"", ""class_weight"": null}"
417,2026-06-05T22:48:57.058566+00:00,rf,ranking_xgb,417,4845,5,1000,0.6291114836401929,723,277,0.4938211035794761,"[""V11"", ""V160"", ""V255"", ""V176"", ""V191""]","{""n_estimators"": 312, ""max_depth"": 8, ""min_samples_leaf"": 1, ""min_samples_split"": 5, ""criterion"": ""gini"", ""class_weight"": null}"
418,2026-06-05T22:49:54.245240+00:00,rf,ranking_xgb,418,4950,5,1000,0.602740377072435,730,270,0.49624219685102555,"[""V11"", ""V160"", ""V255"", ""V176"", ""V191""]","{""n_estimators"": 165, ""max_depth"": 5, ""min_samples_leaf"": 4, ""min_samples_split"": 5, ""criterion"": ""gini"", ""class_weight"": null}"
419,2026-06-05T22:50:49.664275+00:00,rf,ranking_xgb,419,4920,5,1000,0.6383334912539695,728,272,0.4959756747195647,"[""V11"", ""V160"", ""V255"", ""V176"", ""V191""]","{""n_estimators"": 143, ""max_depth"": 9, ""min_samples_leaf"": 2, ""min_samples_split"": 9, ""criterion"": ""entropy"", ""class_weight"": ""balanced""}"
420,2026-06-05T22:51:35.635687+00:00,rf,ranking_xgb,420,4880,5,996,0.617117356144418,724,272,0.4953046711440903,"[""V11"", ""V160"", ""V255"", ""V176"", ""V191""]","{""n_estimators"": 132, ""max_depth"": 6, ""min_samples_leaf"": 1, ""min_samples_split"": 4, ""criterion"": ""gini"", ""class_weight"": null}"
421,2026-06-05T22:54:16.243404+00:00,rf,ranking_xgb,421,4875,5,1000,0.585505130975759,725,275,0.49663390322104833,"[""V11"", ""V160"", ""V255"", ""V176"", ""V191""]","{""n_estimators"": 483, ""max_depth"": 4, ""min_samples_leaf"": 1, ""min_samples_split"": 8, ""criterion"": ""entropy"", ""class_weight"": null}"
422,2026-06-05T22:56:29.951458+00:00,rf,ranking_xgb,422,4895,7,997,0.6164128700068796,752,245,0.49448457690875003,"[""V11"", ""V160"", ""V255"", ""V176"", ""V191"", ""V224"", ""V215""]","{""n_estimators"": 393, ""max_depth"": 8, ""min_samples_leaf"": 2, ""min_samples_split"": 9, ""criterion"": ""entropy"", ""class_weight"": null}"
423,2026-06-05T22:58:04.660837+00:00,rf,ranking_xgb,423,4890,5,1000,0.6501676763966997,726,274,0.4960160564220706,"[""V11"", ""V160"", ""V255"", ""V176"", ""V191""]","{""n_estimators"": 252, ""max_depth"": 10, ""min_samples_leaf"": 4, ""min_samples_split"": 4, ""criterion"": ""entropy"", ""class_weight"": ""balanced""}"
424,2026-06-05T22:59:43.323251+00:00,rf,ranking_xgb,424,4800,5,1000,0.6410415500053412,720,280,0.49282865321856445,"[""V11"", ""V160"", ""V255"", ""V176"", ""V191""]","{""n_estimators"": 288, ""max_depth"": 9, ""min_samples_leaf"": 1, ""min_samples_split"": 5, ""criterion"": ""gini"", ""class_weight"": null}"
425,2026-06-05T23:00:10.960703+00:00,rf,ranking_xgb,425,4665,5,1000,0.6575894189716095,711,289,0.49390151867577986,"[""V11"", ""V160"", ""V255"", ""V176"", ""V191""]","{""n_estimators"": 66, ""max_depth"": 11, ""min_samples_leaf"": 1, ""min_samples_split"": 8, ""criterion"": ""gini"", ""class_weight"": ""balanced""}"
426,2026-06-05T23:02:52.536426+00:00,rf,ranking_xgb,426,4815,5,1000,0.653776663597551,721,279,0.4947207530287476,"[""V11"", ""V160"", ""V255"", ""V176"", ""V191""]","{""n_estimators"": 447, ""max_depth"": 10, ""min_samples_leaf"": 2, ""min_samples_split"": 4, ""criterion"": ""gini"", ""class_weight"": ""balanced""}"
427,2026-06-05T23:04:08.847792+00:00,rf,ranking_xgb,427,5040,5,1000,0.6095208314538441,736,264,0.4957271054483223,"[""V11"", ""V160"", ""V255"", ""V176"", ""V191""]","{""n_estimators"": 220, ""max_depth"": 6, ""min_samples_leaf"": 3, ""min_samples_split"": 5, ""criterion"": ""entropy"", ""class_weight"": null}"
428,2026-06-05T23:06:03.465254+00:00,rf,ranking_xgb,428,4970,5,999,0.6101638441895464,731,268,0.49657121352202876,"[""V11"", ""V160"", ""V255"", ""V176"", ""V191""]","{""n_estimators"": 340, ""max_depth"": 6, ""min_samples_leaf"": 4, ""min_samples_split"": 4, ""criterion"": ""entropy"", ""class_weight"": null}"
429,2026-06-05T23:08:32.779665+00:00,rf,ranking_xgb,429,4935,5,1000,0.6338998820215329,729,271,0.49455139936221404,"[""V11"", ""V160"", ""V255"", ""V176"", ""V191""]","{""n_estimators"": 446, ""max_depth"": 8, ""min_samples_leaf"": 4, ""min_samples_split"": 8, ""criterion"": ""gini"", ""class_weight"": null}"
430,2026-06-05T23:10:36.071702+00:00,rf,ranking_xgb,430,4820,5,990,0.6039877044437594,718,272,0.49630037766667257,"[""V11"", ""V160"", ""V255"", ""V176"", ""V191""]","{""n_estimators"": 369, ""max_depth"": 5, ""min_samples_leaf"": 2, ""min_samples_split"": 8, ""criterion"": ""gini"", ""class_weight"": null}"
431,2026-06-05T23:12:12.803509+00:00,rf,ranking_xgb,431,4845,5,1000,0.6338991294337264,723,277,0.49647299122284677,"[""V11"", ""V160"", ""V255"", ""V176"", ""V191""]","{""n_estimators"": 263, ""max_depth"": 8, ""min_samples_leaf"": 4, ""min_samples_split"": 9, ""criterion"": ""gini"", ""class_weight"": ""balanced""}"
432,2026-06-05T23:14:00.351709+00:00,rf,ranking_xgb,432,4795,6,1000,0.6249723721312681,733,267,0.49648087345197717,"[""V11"", ""V160"", ""V255"", ""V176"", ""V191"", ""V224""]","{""n_estimators"": 295, ""max_depth"": 8, ""min_samples_leaf"": 4, ""min_samples_split"": 4, ""criterion"": ""gini"", ""class_weight"": ""balanced""}"
433,2026-06-05T23:15:05.735616+00:00,rf,ranking_xgb,433,4785,5,1000,0.6554806760754751,719,281,0.4913013692771402,"[""V11"", ""V160"", ""V255"", ""V176"", ""V191""]","{""n_estimators"": 184, ""max_depth"": 11, ""min_samples_leaf"": 1, ""min_samples_split"": 5, ""criterion"": ""gini"", ""class_weight"": null}"
434,2026-06-05T23:16:24.234840+00:00,rf,ranking_xgb,434,4905,5,1000,0.6231665172716561,727,273,0.49743249978520854,"[""V11"", ""V160"", ""V255"", ""V176"", ""V191""]","{""n_estimators"": 208, ""max_depth"": 7, ""min_samples_leaf"": 4, ""min_samples_split"": 3, ""criterion"": ""entropy"", ""class_weight"": ""balanced""}"
435,2026-06-05T23:18:23.046033+00:00,rf,ranking_xgb,435,4860,5,1000,0.6435021639101083,724,276,0.4954575581871027,"[""V11"", ""V160"", ""V255"", ""V176"", ""V191""]","{""n_estimators"": 323, ""max_depth"": 9, ""min_samples_leaf"": 3, ""min_samples_split"": 2, ""criterion"": ""gini"", ""class_weight"": ""balanced""}"
436,2026-06-05T23:19:55.691728+00:00,rf,ranking_xgb,436,4880,5,999,0.6170854337409878,725,274,0.49562505141293184,"[""V11"", ""V160"", ""V255"", ""V176"", ""V191""]","{""n_estimators"": 267, ""max_depth"": 7, ""min_samples_leaf"": 1, ""min_samples_split"": 2, ""criterion"": ""entropy"", ""class_weight"": null}"
437,2026-06-05T23:22:33.426347+00:00,rf,ranking_xgb,437,4810,5,998,0.6475067517842504,720,278,0.49406179988771964,"[""V11"", ""V160"", ""V255"", ""V176"", ""V191""]","{""n_estimators"": 458, ""max_depth"": 10, ""min_samples_leaf"": 3, ""min_samples_split"": 9, ""criterion"": ""entropy"", ""class_weight"": null}"
438,2026-06-05T23:22:59.206800+00:00,rf,ranking_xgb,438,4750,5,998,0.6359838623470173,716,282,0.49615853044478325,"[""V11"", ""V160"", ""V255"", ""V176"", ""V191""]","{""n_estimators"": 61, ""max_depth"": 8, ""min_samples_leaf"": 4, ""min_samples_split"": 8, ""criterion"": ""gini"", ""class_weight"": ""balanced""}"
439,2026-06-05T23:24:34.881916+00:00,rf,ranking_xgb,439,4925,5,996,0.6226196552248503,727,269,0.49497893160915063,"[""V11"", ""V160"", ""V255"", ""V176"", ""V191""]","{""n_estimators"": 278, ""max_depth"": 7, ""min_samples_leaf"": 2, ""min_samples_split"": 5, ""criterion"": ""gini"", ""class_weight"": null}"
440,2026-06-05T23:25:24.940793+00:00,rf,ranking_xgb,440,4775,5,999,0.644120744669473,718,281,0.49319309101692343,"[""V11"", ""V160"", ""V255"", ""V176"", ""V191""]","{""n_estimators"": 134, ""max_depth"": 10, ""min_samples_leaf"": 1, ""min_samples_split"": 3, ""criterion"": ""entropy"", ""class_weight"": null}"
441,2026-06-05T23:27:47.338354+00:00,rf,ranking_xgb,441,4920,5,1000,0.5997215099696452,728,272,0.4961321101011685,"[""V11"", ""V160"", ""V255"", ""V176"", ""V191""]","{""n_estimators"": 424, ""max_depth"": 5, ""min_samples_leaf"": 4, ""min_samples_split"": 8, ""criterion"": ""gini"", ""class_weight"": null}"
442,2026-06-05T23:28:59.417139+00:00,rf,ranking_xgb,442,4935,5,1000,0.6089252935799704,729,271,0.49776521387513023,"[""V11"", ""V160"", ""V255"", ""V176"", ""V191""]","{""n_estimators"": 191, ""max_depth"": 6, ""min_samples_leaf"": 4, ""min_samples_split"": 9, ""criterion"": ""entropy"", ""class_weight"": ""balanced""}"
443,2026-06-05T23:31:19.214432+00:00,rf,ranking_xgb,443,4875,5,1000,0.6365557024010114,725,275,0.494411317503958,"[""V11"", ""V160"", ""V255"", ""V176"", ""V191""]","{""n_estimators"": 404, ""max_depth"": 9, ""min_samples_leaf"": 1, ""min_samples_split"": 7, ""criterion"": ""entropy"", ""class_weight"": null}"
444,2026-06-05T23:32:29.971569+00:00,rf,ranking_xgb,444,4860,5,1000,0.6110602817719453,724,276,0.49582938000715493,"[""V11"", ""V160"", ""V255"", ""V176"", ""V191""]","{""n_estimators"": 203, ""max_depth"": 6, ""min_samples_leaf"": 1, ""min_samples_split"": 4, ""criterion"": ""gini"", ""class_weight"": null}"
445,2026-06-05T23:35:08.831984+00:00,rf,ranking_xgb,445,4935,5,1000,0.6326847703995226,729,271,0.4968352888441691,"[""V11"", ""V160"", ""V255"", ""V176"", ""V191""]","{""n_estimators"": 437, ""max_depth"": 8, ""min_samples_leaf"": 1, ""min_samples_split"": 9, ""criterion"": ""entropy"", ""class_weight"": ""balanced""}"
446,2026-06-05T23:36:05.537201+00:00,rf,ranking_xgb,446,4685,5,999,0.6508500328926623,712,287,0.4935850379926811,"[""V11"", ""V160"", ""V255"", ""V176"", ""V191""]","{""n_estimators"": 149, ""max_depth"": 10, ""min_samples_leaf"": 1, ""min_samples_split"": 3, ""criterion"": ""gini"", ""class_weight"": ""balanced""}"
447,2026-06-05T23:36:38.892345+00:00,rf,ranking_xgb,447,4725,5,1000,0.6631374832519238,715,285,0.49479588116011464,"[""V11"", ""V160"", ""V255"", ""V176"", ""V191""]","{""n_estimators"": 81, ""max_depth"": 11, ""min_samples_leaf"": 3, ""min_samples_split"": 5, ""criterion"": ""gini"", ""class_weight"": ""balanced""}"
448,2026-06-05T23:38:55.589826+00:00,rf,ranking_xgb,448,4815,5,1000,0.6480286791635933,721,279,0.49251535567242927,"[""V11"", ""V160"", ""V255"", ""V176"", ""V191""]","{""n_estimators"": 403, ""max_depth"": 10, ""min_samples_leaf"": 1, ""min_samples_split"": 2, ""criterion"": ""gini"", ""class_weight"": null}"
449,2026-06-05T23:40:45.906351+00:00,rf,ranking_xgb,449,4785,5,1000,0.6365673685920109,719,281,0.4962315250575446,"[""V11"", ""V160"", ""V255"", ""V176"", ""V191""]","{""n_estimators"": 302, ""max_depth"": 8, ""min_samples_leaf"": 2, ""min_samples_split"": 8, ""criterion"": ""gini"", ""class_weight"": ""balanced""}"
450,2026-06-05T23:42:13.109348+00:00,rf,ranking_xgb,450,4835,5,999,0.6244661623568452,722,277,0.49690931418817236,"[""V11"", ""V160"", ""V255"", ""V176"", ""V191""]","{""n_estimators"": 237, ""max_depth"": 7, ""min_samples_leaf"": 1, ""min_samples_split"": 7, ""criterion"": ""gini"", ""class_weight"": ""balanced""}"
451,2026-06-05T23:42:56.704100+00:00,rf,ranking_xgb,451,4905,5,1000,0.601936985019775,727,273,0.49884568657872186,"[""V11"", ""V160"", ""V255"", ""V176"", ""V191""]","{""n_estimators"": 113, ""max_depth"": 5, ""min_samples_leaf"": 2, ""min_samples_split"": 8, ""criterion"": ""entropy"", ""class_weight"": ""balanced""}"
452,2026-06-05T23:43:26.504817+00:00,rf,ranking_xgb,452,4895,5,999,0.5901753196092179,726,273,0.49646672942194164,"[""V11"", ""V160"", ""V255"", ""V176"", ""V191""]","{""n_estimators"": 81, ""max_depth"": 4, ""min_samples_leaf"": 2, ""min_samples_split"": 8, ""criterion"": ""gini"", ""class_weight"": null}"
453,2026-06-05T23:45:58.013878+00:00,rf,ranking_xgb,453,4905,5,1000,0.6352551623727171,727,273,0.4943400392142657,"[""V11"", ""V160"", ""V255"", ""V176"", ""V191""]","{""n_estimators"": 444, ""max_depth"": 9, ""min_samples_leaf"": 1, ""min_samples_split"": 9, ""criterion"": ""entropy"", ""class_weight"": null}"
454,2026-06-05T23:48:30.169391+00:00,rf,ranking_xgb,454,4990,5,995,0.6184459476009743,731,264,0.4949735897325048,"[""V11"", ""V160"", ""V255"", ""V176"", ""V191""]","{""n_estimators"": 452, ""max_depth"": 7, ""min_samples_leaf"": 3, ""min_samples_split"": 2, ""criterion"": ""entropy"", ""class_weight"": null}"
455,2026-06-05T23:49:52.716790+00:00,rf,ranking_xgb,455,4865,7,1000,0.6173072681977357,751,249,0.4952194974215771,"[""V11"", ""V160"", ""V255"", ""V176"", ""V191"", ""V224"", ""V215""]","{""n_estimators"": 237, ""max_depth"": 8, ""min_samples_leaf"": 3, ""min_samples_split"": 3, ""criterion"": ""entropy"", ""class_weight"": null}"
456,2026-06-05T23:51:48.858305+00:00,rf,ranking_xgb,456,4800,5,994,0.5885777640916983,718,276,0.4988873076269627,"[""V11"", ""V160"", ""V255"", ""V176"", ""V191""]","{""n_estimators"": 327, ""max_depth"": 4, ""min_samples_leaf"": 1, ""min_samples_split"": 7, ""criterion"": ""entropy"", ""class_weight"": ""balanced""}"
457,2026-06-05T23:54:27.524918+00:00,rf,ranking_xgb,457,4800,5,1000,0.6521173740678756,720,280,0.4929423057111906,"[""V11"", ""V160"", ""V255"", ""V176"", ""V191""]","{""n_estimators"": 461, ""max_depth"": 11, ""min_samples_leaf"": 2, ""min_samples_split"": 5, ""criterion"": ""entropy"", ""class_weight"": null}"
458,2026-06-05T23:56:43.386185+00:00,rf,ranking_xgb,458,5010,5,1000,0.60864649503271,734,266,0.4957773836512102,"[""V11"", ""V160"", ""V255"", ""V176"", ""V191""]","{""n_estimators"": 404, ""max_depth"": 6, ""min_samples_leaf"": 4, ""min_samples_split"": 9, ""criterion"": ""entropy"", ""class_weight"": null}"
459,2026-06-05T23:59:40.037853+00:00,rf,ranking_xgb,459,4910,5,999,0.5996916144716665,727,272,0.49844573367394207,"[""V11"", ""V160"", ""V255"", ""V176"", ""V191""]","{""n_estimators"": 495, ""max_depth"": 5, ""min_samples_leaf"": 1, ""min_samples_split"": 7, ""criterion"": ""entropy"", ""class_weight"": ""balanced""}"
460,2026-06-06T00:01:15.231854+00:00,rf,ranking_xgb,460,5015,5,999,0.6129801396547192,734,265,0.4982244800875328,"[""V11"", ""V160"", ""V255"", ""V176"", ""V191""]","{""n_estimators"": 260, ""max_depth"": 6, ""min_samples_leaf"": 1, ""min_samples_split"": 2, ""criterion"": ""entropy"", ""class_weight"": ""balanced""}"
461,2026-06-06T00:02:48.649861+00:00,rf,ranking_xgb,461,4995,5,1000,0.6334628350231372,733,267,0.49725191563117405,"[""V11"", ""V160"", ""V255"", ""V176"", ""V191""]","{""n_estimators"": 252, ""max_depth"": 8, ""min_samples_leaf"": 4, ""min_samples_split"": 4, ""criterion"": ""entropy"", ""class_weight"": ""balanced""}"
462,2026-06-06T00:04:43.640062+00:00,rf,ranking_xgb,462,4935,5,1000,0.6437442119415493,729,271,0.4938838527159698,"[""V11"", ""V160"", ""V255"", ""V176"", ""V191""]","{""n_estimators"": 339, ""max_depth"": 9, ""min_samples_leaf"": 2, ""min_samples_split"": 8, ""criterion"": ""gini"", ""class_weight"": null}"
463,2026-06-06T00:06:11.870583+00:00,rf,ranking_xgb,463,4935,5,1000,0.6014640692363901,729,271,0.4989324440178709,"[""V11"", ""V160"", ""V255"", ""V176"", ""V191""]","{""n_estimators"": 242, ""max_depth"": 5, ""min_samples_leaf"": 4, ""min_samples_split"": 6, ""criterion"": ""entropy"", ""class_weight"": ""balanced""}"
464,2026-06-06T00:07:16.539121+00:00,rf,ranking_xgb,464,4935,5,1000,0.6198977562831672,729,271,0.49796486061313355,"[""V11"", ""V160"", ""V255"", ""V176"", ""V191""]","{""n_estimators"": 170, ""max_depth"": 7, ""min_samples_leaf"": 1, ""min_samples_split"": 9, ""criterion"": ""entropy"", ""class_weight"": ""balanced""}"
465,2026-06-06T00:08:55.281465+00:00,rf,ranking_xgb,465,4875,5,1000,0.6341264241513215,725,275,0.4962968780215868,"[""V11"", ""V160"", ""V255"", ""V176"", ""V191""]","{""n_estimators"": 269, ""max_depth"": 8, ""min_samples_leaf"": 4, ""min_samples_split"": 5, ""criterion"": ""gini"", ""class_weight"": ""balanced""}"
466,2026-06-06T00:09:48.311433+00:00,rf,ranking_xgb,466,4900,5,998,0.6268150216961925,726,272,0.49693543079092906,"[""V11"", ""V160"", ""V255"", ""V176"", ""V191""]","{""n_estimators"": 139, ""max_depth"": 7, ""min_samples_leaf"": 4, ""min_samples_split"": 7, ""criterion"": ""gini"", ""class_weight"": ""balanced""}"
467,2026-06-06T00:11:54.588593+00:00,rf,ranking_xgb,467,4845,5,1000,0.5884785125159879,723,277,0.49712931475688393,"[""V11"", ""V160"", ""V255"", ""V176"", ""V191""]","{""n_estimators"": 380, ""max_depth"": 4, ""min_samples_leaf"": 2, ""min_samples_split"": 6, ""criterion"": ""gini"", ""class_weight"": null}"
468,2026-06-06T00:14:41.569242+00:00,rf,ranking_xgb,468,4875,5,997,0.6293341013330924,724,273,0.4944933620561183,"[""V11"", ""V160"", ""V255"", ""V176"", ""V191""]","{""n_estimators"": 495, ""max_depth"": 8, ""min_samples_leaf"": 3, ""min_samples_split"": 6, ""criterion"": ""entropy"", ""class_weight"": null}"
469,2026-06-06T00:16:06.652878+00:00,rf,ranking_xgb,469,5010,5,1000,0.6226279978345517,734,266,0.4977653072051474,"[""V11"", ""V160"", ""V255"", ""V176"", ""V191""]","{""n_estimators"": 230, ""max_depth"": 7, ""min_samples_leaf"": 4, ""min_samples_split"": 3, ""criterion"": ""entropy"", ""class_weight"": ""balanced""}"
470,2026-06-06T00:18:05.174325+00:00,rf,ranking_xgb,470,4950,5,1000,0.6313695000934915,730,270,0.4948778091380278,"[""V11"", ""V160"", ""V255"", ""V176"", ""V191""]","{""n_estimators"": 345, ""max_depth"": 8, ""min_samples_leaf"": 4, ""min_samples_split"": 6, ""criterion"": ""entropy"", ""class_weight"": null}"
471,2026-06-06T00:20:26.348711+00:00,rf,ranking_xgb,471,4830,5,1000,0.5873651466635038,722,278,0.4985914300549986,"[""V11"", ""V160"", ""V255"", ""V176"", ""V191""]","{""n_estimators"": 394, ""max_depth"": 4, ""min_samples_leaf"": 2, ""min_samples_split"": 7, ""criterion"": ""entropy"", ""class_weight"": ""balanced""}"
472,2026-06-06T00:22:36.688878+00:00,rf,ranking_xgb,472,4920,5,1000,0.5973814480804917,728,272,0.49632899596559465,"[""V11"", ""V160"", ""V255"", ""V176"", ""V191""]","{""n_estimators"": 391, ""max_depth"": 5, ""min_samples_leaf"": 3, ""min_samples_split"": 9, ""criterion"": ""entropy"", ""class_weight"": null}"
473,2026-06-06T00:23:16.356731+00:00,rf,ranking_xgb,473,4890,5,1000,0.6134592369230909,726,274,0.49558242089645355,"[""V11"", ""V160"", ""V255"", ""V176"", ""V191""]","{""n_estimators"": 110, ""max_depth"": 6, ""min_samples_leaf"": 3, ""min_samples_split"": 5, ""criterion"": ""gini"", ""class_weight"": null}"
474,2026-06-06T00:25:00.052400+00:00,rf,ranking_xgb,474,4860,5,1000,0.6389141866933797,724,276,0.4959183173241787,"[""V11"", ""V160"", ""V255"", ""V176"", ""V191""]","{""n_estimators"": 280, ""max_depth"": 9, ""min_samples_leaf"": 1, ""min_samples_split"": 3, ""criterion"": ""entropy"", ""class_weight"": ""balanced""}"
475,2026-06-06T00:25:19.975113+00:00,rf,ranking_xgb,475,4905,5,1000,0.6007969664811604,727,273,0.49608064126447643,"[""V11"", ""V160"", ""V255"", ""V176"", ""V191""]","{""n_estimators"": 50, ""max_depth"": 5, ""min_samples_leaf"": 2, ""min_samples_split"": 4, ""criterion"": ""gini"", ""class_weight"": null}"
476,2026-06-06T00:27:03.415350+00:00,rf,ranking_xgb,476,4905,5,1000,0.5988835337495239,727,273,0.4959404905368818,"[""V11"", ""V160"", ""V255"", ""V176"", ""V191""]","{""n_estimators"": 307, ""max_depth"": 5, ""min_samples_leaf"": 3, ""min_samples_split"": 5, ""criterion"": ""gini"", ""class_weight"": null}"
477,2026-06-06T00:28:58.589430+00:00,rf,ranking_xgb,477,4815,5,1000,0.6541402173241228,721,279,0.4939160644491076,"[""V11"", ""V160"", ""V255"", ""V176"", ""V191""]","{""n_estimators"": 329, ""max_depth"": 11, ""min_samples_leaf"": 3, ""min_samples_split"": 8, ""criterion"": ""entropy"", ""class_weight"": null}"
478,2026-06-06T00:30:54.471881+00:00,rf,ranking_xgb,478,4770,5,1000,0.6541091526192814,718,282,0.4939524426297613,"[""V11"", ""V160"", ""V255"", ""V176"", ""V191""]","{""n_estimators"": 340, ""max_depth"": 10, ""min_samples_leaf"": 4, ""min_samples_split"": 6, ""criterion"": ""gini"", ""class_weight"": null}"
479,2026-06-06T00:32:13.329268+00:00,rf,ranking_xgb,479,4770,5,1000,0.6462260150748735,718,282,0.4962568897322336,"[""V11"", ""V160"", ""V255"", ""V176"", ""V191""]","{""n_estimators"": 212, ""max_depth"": 9, ""min_samples_leaf"": 4, ""min_samples_split"": 9, ""criterion"": ""gini"", ""class_weight"": ""balanced""}"
480,2026-06-06T00:33:55.784751+00:00,rf,ranking_xgb,480,4790,5,999,0.6546960097662818,719,280,0.49534840610380887,"[""V11"", ""V160"", ""V255"", ""V176"", ""V191""]","{""n_estimators"": 278, ""max_depth"": 10, ""min_samples_leaf"": 3, ""min_samples_split"": 8, ""criterion"": ""gini"", ""class_weight"": ""balanced""}"
481,2026-06-06T00:35:00.257300+00:00,rf,ranking_xgb,481,4905,5,1000,0.6441888155455386,727,273,0.49404397313938836,"[""V11"", ""V160"", ""V255"", ""V176"", ""V191""]","{""n_estimators"": 178, ""max_depth"": 10, ""min_samples_leaf"": 3, ""min_samples_split"": 2, ""criterion"": ""entropy"", ""class_weight"": null}"
482,2026-06-06T00:36:35.718810+00:00,rf,ranking_xgb,482,4790,5,999,0.6574878070100422,719,280,0.4958608149582834,"[""V11"", ""V160"", ""V255"", ""V176"", ""V191""]","{""n_estimators"": 256, ""max_depth"": 11, ""min_samples_leaf"": 4, ""min_samples_split"": 3, ""criterion"": ""entropy"", ""class_weight"": ""balanced""}"
483,2026-06-06T00:37:46.570710+00:00,rf,ranking_xgb,483,4875,5,1000,0.6329899423053816,725,275,0.49690373524855425,"[""V11"", ""V160"", ""V255"", ""V176"", ""V191""]","{""n_estimators"": 186, ""max_depth"": 8, ""min_samples_leaf"": 1, ""min_samples_split"": 7, ""criterion"": ""entropy"", ""class_weight"": ""balanced""}"
484,2026-06-06T00:40:31.147547+00:00,rf,ranking_xgb,484,4860,5,1000,0.639649637713796,724,276,0.496160834665714,"[""V11"", ""V160"", ""V255"", ""V176"", ""V191""]","{""n_estimators"": 454, ""max_depth"": 9, ""min_samples_leaf"": 1, ""min_samples_split"": 5, ""criterion"": ""entropy"", ""class_weight"": ""balanced""}"
485,2026-06-06T00:41:43.759069+00:00,rf,ranking_xgb,485,5130,5,1000,0.6105037414000158,742,258,0.4959430198350698,"[""V11"", ""V160"", ""V255"", ""V176"", ""V191""]","{""n_estimators"": 209, ""max_depth"": 6, ""min_samples_leaf"": 1, ""min_samples_split"": 7, ""criterion"": ""entropy"", ""class_weight"": null}"
486,2026-06-06T00:44:27.639074+00:00,rf,ranking_xgb,486,4940,5,999,0.6147882040961395,729,270,0.49792624189753804,"[""V11"", ""V160"", ""V255"", ""V176"", ""V191""]","{""n_estimators"": 458, ""max_depth"": 6, ""min_samples_leaf"": 3, ""min_samples_split"": 3, ""criterion"": ""gini"", ""class_weight"": ""balanced""}"
487,2026-06-06T00:46:53.470866+00:00,rf,ranking_xgb,487,4875,5,1000,0.6147879367528916,725,275,0.4962160705141866,"[""V11"", ""V160"", ""V255"", ""V176"", ""V191""]","{""n_estimators"": 438, ""max_depth"": 6, ""min_samples_leaf"": 1, ""min_samples_split"": 2, ""criterion"": ""gini"", ""class_weight"": null}"
488,2026-06-06T00:48:43.560710+00:00,rf,ranking_xgb,488,4935,5,1000,0.638950751712512,729,271,0.4964203321263558,"[""V11"", ""V160"", ""V255"", ""V176"", ""V191""]","{""n_estimators"": 299, ""max_depth"": 9, ""min_samples_leaf"": 4, ""min_samples_split"": 3, ""criterion"": ""entropy"", ""class_weight"": ""balanced""}"
489,2026-06-06T00:49:47.906329+00:00,rf,ranking_xgb,489,5010,5,1000,0.598451311200842,734,266,0.49650525820749863,"[""V11"", ""V160"", ""V255"", ""V176"", ""V191""]","{""n_estimators"": 185, ""max_depth"": 5, ""min_samples_leaf"": 2, ""min_samples_split"": 6, ""criterion"": ""entropy"", ""class_weight"": null}"
490,2026-06-06T00:51:07.259316+00:00,rf,ranking_xgb,490,4890,5,1000,0.6115058391967333,726,274,0.4978459927914966,"[""V11"", ""V160"", ""V255"", ""V176"", ""V191""]","{""n_estimators"": 215, ""max_depth"": 6, ""min_samples_leaf"": 2, ""min_samples_split"": 8, ""criterion"": ""entropy"", ""class_weight"": ""balanced""}"
491,2026-06-06T00:52:24.823736+00:00,rf,ranking_xgb,491,4890,5,1000,0.6570125752185605,726,274,0.49671867015627774,"[""V11"", ""V160"", ""V255"", ""V176"", ""V191""]","{""n_estimators"": 204, ""max_depth"": 11, ""min_samples_leaf"": 4, ""min_samples_split"": 4, ""criterion"": ""entropy"", ""class_weight"": ""balanced""}"
492,2026-06-06T00:54:48.413694+00:00,rf,ranking_xgb,492,4740,5,1000,0.6527930370994236,716,284,0.49384054267292365,"[""V11"", ""V160"", ""V255"", ""V176"", ""V191""]","{""n_estimators"": 415, ""max_depth"": 11, ""min_samples_leaf"": 3, ""min_samples_split"": 6, ""criterion"": ""entropy"", ""class_weight"": null}"
493,2026-06-06T00:55:12.488177+00:00,rf,ranking_xgb,493,4815,5,1000,0.5968200171523378,721,279,0.49636556205087157,"[""V11"", ""V160"", ""V255"", ""V176"", ""V191""]","{""n_estimators"": 62, ""max_depth"": 5, ""min_samples_leaf"": 3, ""min_samples_split"": 6, ""criterion"": ""entropy"", ""class_weight"": null}"
494,2026-06-06T00:55:44.917877+00:00,rf,ranking_xgb,494,5025,5,994,0.6303512460795437,733,261,0.494510143993002,"[""V11"", ""V160"", ""V255"", ""V176"", ""V191""]","{""n_estimators"": 84, ""max_depth"": 8, ""min_samples_leaf"": 3, ""min_samples_split"": 6, ""criterion"": ""entropy"", ""class_weight"": null}"
495,2026-06-06T00:57:39.917981+00:00,rf,ranking_xgb,495,4995,5,1000,0.6149840602841032,733,267,0.49848802095500905,"[""V11"", ""V160"", ""V255"", ""V176"", ""V191""]","{""n_estimators"": 318, ""max_depth"": 6, ""min_samples_leaf"": 4, ""min_samples_split"": 9, ""criterion"": ""gini"", ""class_weight"": ""balanced""}"
496,2026-06-06T00:58:54.981039+00:00,rf,ranking_xgb,496,4905,5,1000,0.6142080488916828,727,273,0.4976335156563915,"[""V11"", ""V160"", ""V255"", ""V176"", ""V191""]","{""n_estimators"": 203, ""max_depth"": 6, ""min_samples_leaf"": 2, ""min_samples_split"": 9, ""criterion"": ""gini"", ""class_weight"": ""balanced""}"
497,2026-06-06T01:00:23.541169+00:00,rf,ranking_xgb,497,4785,5,1000,0.6524096151897001,719,281,0.4951814738907362,"[""V11"", ""V160"", ""V255"", ""V176"", ""V191""]","{""n_estimators"": 235, ""max_depth"": 11, ""min_samples_leaf"": 1, ""min_samples_split"": 9, ""criterion"": ""entropy"", ""class_weight"": ""balanced""}"
498,2026-06-06T01:01:19.721141+00:00,rf,ranking_xgb,498,4775,7,1000,0.6204123875153166,745,255,0.49413304871005137,"[""V11"", ""V160"", ""V255"", ""V176"", ""V191"", ""V224"", ""V215""]","{""n_estimators"": 158, ""max_depth"": 8, ""min_samples_leaf"": 3, ""min_samples_split"": 8, ""criterion"": ""gini"", ""class_weight"": null}"
499,2026-06-06T01:02:20.055337+00:00,rf,ranking_xgb,499,4860,5,997,0.6503159116366507,723,274,0.49468900929159026,"[""V11"", ""V160"", ""V255"", ""V176"", ""V191""]","{""n_estimators"": 155, ""max_depth"": 11, ""min_samples_leaf"": 1, ""min_samples_split"": 6, ""criterion"": ""entropy"", ""class_weight"": ""balanced""}"
500,2026-06-06T01:03:28.871785+00:00,rf,ranking_xgb,500,4880,5,999,0.6005793394130112,725,274,0.4964427116113434,"[""V11"", ""V160"", ""V255"", ""V176"", ""V191""]","{""n_estimators"": 201, ""max_depth"": 5, ""min_samples_leaf"": 4, ""min_samples_split"": 9, ""criterion"": ""gini"", ""class_weight"": null}"
501,2026-06-06T01:05:45.938073+00:00,rf,ranking_xgb,501,4770,5,1000,0.6550411628445012,718,282,0.49426417813825274,"[""V11"", ""V160"", ""V255"", ""V176"", ""V191""]","{""n_estimators"": 396, ""max_depth"": 11, ""min_samples_leaf"": 4, ""min_samples_split"": 3, ""criterion"": ""entropy"", ""class_weight"": null}"
502,2026-06-06T01:06:37.855526+00:00,rf,ranking_xgb,502,4860,5,1000,0.6357699122212376,724,276,0.4970515880387109,"[""V11"", ""V160"", ""V255"", ""V176"", ""V191""]","{""n_estimators"": 137, ""max_depth"": 8, ""min_samples_leaf"": 4, ""min_samples_split"": 9, ""criterion"": ""entropy"", ""class_weight"": ""balanced""}"
503,2026-06-06T01:09:10.344342+00:00,rf,ranking_xgb,503,4825,5,998,0.6444283343986698,721,277,0.4935757606880066,"[""V11"", ""V160"", ""V255"", ""V176"", ""V191""]","{""n_estimators"": 453, ""max_depth"": 9, ""min_samples_leaf"": 1, ""min_samples_split"": 2, ""criterion"": ""gini"", ""class_weight"": null}"
504,2026-06-06T01:09:50.016702+00:00,rf,ranking_xgb,504,4865,5,999,0.6162938376575612,724,275,0.4963204217373155,"[""V11"", ""V160"", ""V255"", ""V176"", ""V191""]","{""n_estimators"": 111, ""max_depth"": 6, ""min_samples_leaf"": 3, ""min_samples_split"": 9, ""criterion"": ""gini"", ""class_weight"": null}"
505,2026-06-06T01:12:30.461052+00:00,rf,ranking_xgb,505,4780,5,998,0.6541544349481817,718,280,0.4956627171129601,"[""V11"", ""V160"", ""V255"", ""V176"", ""V191""]","{""n_estimators"": 441, ""max_depth"": 11, ""min_samples_leaf"": 3, ""min_samples_split"": 3, ""criterion"": ""entropy"", ""class_weight"": ""balanced""}"
506,2026-06-06T01:14:58.900455+00:00,rf,ranking_xgb,506,4985,5,996,0.6076532292752808,731,265,0.49576008397478766,"[""V11"", ""V160"", ""V255"", ""V176"", ""V191""]","{""n_estimators"": 443, ""max_depth"": 6, ""min_samples_leaf"": 1, ""min_samples_split"": 7, ""criterion"": ""entropy"", ""class_weight"": null}"
507,2026-06-06T01:15:37.859081+00:00,rf,ranking_xgb,507,4875,5,997,0.6554423900809132,724,273,0.49364815774129545,"[""V11"", ""V160"", ""V255"", ""V176"", ""V191""]","{""n_estimators"": 102, ""max_depth"": 11, ""min_samples_leaf"": 3, ""min_samples_split"": 9, ""criterion"": ""entropy"", ""class_weight"": null}"
508,2026-06-06T01:16:36.470007+00:00,rf,ranking_xgb,508,4705,5,998,0.6568914656899542,713,285,0.49218008917476047,"[""V11"", ""V160"", ""V255"", ""V176"", ""V191""]","{""n_estimators"": 162, ""max_depth"": 11, ""min_samples_leaf"": 1, ""min_samples_split"": 9, ""criterion"": ""gini"", ""class_weight"": null}"
509,2026-06-06T01:17:57.968914+00:00,rf,ranking_xgb,509,4980,5,1000,0.6477859777209349,732,268,0.49621905735606686,"[""V11"", ""V160"", ""V255"", ""V176"", ""V191""]","{""n_estimators"": 215, ""max_depth"": 10, ""min_samples_leaf"": 4, ""min_samples_split"": 2, ""criterion"": ""entropy"", ""class_weight"": ""balanced""}"
510,2026-06-06T01:20:32.400092+00:00,rf,ranking_xgb,510,4725,5,1000,0.6516102451372883,715,285,0.49465066242805944,"[""V11"", ""V160"", ""V255"", ""V176"", ""V191""]","{""n_estimators"": 428, ""max_depth"": 10, ""min_samples_leaf"": 1, ""min_samples_split"": 9, ""criterion"": ""gini"", ""class_weight"": ""balanced""}"
511,2026-06-06T01:23:17.527917+00:00,rf,ranking_xgb,511,4970,5,999,0.6288085455531406,731,268,0.4946826430881818,"[""V11"", ""V160"", ""V255"", ""V176"", ""V191""]","{""n_estimators"": 490, ""max_depth"": 8, ""min_samples_leaf"": 3, ""min_samples_split"": 9, ""criterion"": ""entropy"", ""class_weight"": null}"
512,2026-06-06T01:24:20.474156+00:00,rf,ranking_xgb,512,4860,5,1000,0.6021854279526381,724,276,0.49949345647164156,"[""V11"", ""V160"", ""V255"", ""V176"", ""V191""]","{""n_estimators"": 167, ""max_depth"": 5, ""min_samples_leaf"": 2, ""min_samples_split"": 5, ""criterion"": ""entropy"", ""class_weight"": ""balanced""}"
513,2026-06-06T01:27:07.046972+00:00,rf,ranking_xgb,513,4830,5,994,0.5878418622938167,720,274,0.49877613411672556,"[""V11"", ""V160"", ""V255"", ""V176"", ""V191""]","{""n_estimators"": 467, ""max_depth"": 4, ""min_samples_leaf"": 3, ""min_samples_split"": 3, ""criterion"": ""entropy"", ""class_weight"": ""balanced""}"
514,2026-06-06T01:28:19.996103+00:00,rf,ranking_xgb,514,4880,5,996,0.5927813654040885,724,272,0.49920744500288144,"[""V11"", ""V160"", ""V255"", ""V176"", ""V191""]","{""n_estimators"": 198, ""max_depth"": 4, ""min_samples_leaf"": 3, ""min_samples_split"": 9, ""criterion"": ""gini"", ""class_weight"": ""balanced""}"
515,2026-06-06T01:30:36.327056+00:00,rf,ranking_xgb,515,4820,5,999,0.644617375755111,721,278,0.4949148132332393,"[""V11"", ""V160"", ""V255"", ""V176"", ""V191""]","{""n_estimators"": 376, ""max_depth"": 9, ""min_samples_leaf"": 2, ""min_samples_split"": 4, ""criterion"": ""gini"", ""class_weight"": ""balanced""}"
516,2026-06-06T01:32:02.700201+00:00,rf,ranking_xgb,516,4875,5,994,0.6119686088954556,723,271,0.4959535053055473,"[""V11"", ""V160"", ""V255"", ""V176"", ""V191""]","{""n_estimators"": 251, ""max_depth"": 6, ""min_samples_leaf"": 3, ""min_samples_split"": 5, ""criterion"": ""entropy"", ""class_weight"": null}"
517,2026-06-06T01:33:53.717615+00:00,rf,ranking_xgb,517,4905,5,997,0.6247804887982944,726,271,0.4970562335234295,"[""V11"", ""V160"", ""V255"", ""V176"", ""V191""]","{""n_estimators"": 305, ""max_depth"": 7, ""min_samples_leaf"": 2, ""min_samples_split"": 7, ""criterion"": ""gini"", ""class_weight"": ""balanced""}"
518,2026-06-06T01:34:28.324124+00:00,rf,ranking_xgb,518,4980,5,1000,0.644775980818752,732,268,0.495283630620711,"[""V11"", ""V160"", ""V255"", ""V176"", ""V191""]","{""n_estimators"": 83, ""max_depth"": 10, ""min_samples_leaf"": 3, ""min_samples_split"": 3, ""criterion"": ""entropy"", ""class_weight"": ""balanced""}"
519,2026-06-06T01:35:24.617982+00:00,rf,ranking_xgb,519,4880,5,999,0.6400952330878974,725,274,0.49429378560880116,"[""V11"", ""V160"", ""V255"", ""V176"", ""V191""]","{""n_estimators"": 155, ""max_depth"": 9, ""min_samples_leaf"": 2, ""min_samples_split"": 6, ""criterion"": ""entropy"", ""class_weight"": null}"
520,2026-06-06T01:35:53.185347+00:00,rf,ranking_xgb,520,4800,5,1000,0.655048917659531,720,280,0.49299057962510834,"[""V11"", ""V160"", ""V255"", ""V176"", ""V191""]","{""n_estimators"": 74, ""max_depth"": 11, ""min_samples_leaf"": 2, ""min_samples_split"": 7, ""criterion"": ""gini"", ""class_weight"": null}"
521,2026-06-06T01:37:07.897518+00:00,rf,ranking_xgb,521,4880,5,999,0.5876667964708658,725,274,0.49641189917249384,"[""V11"", ""V160"", ""V255"", ""V176"", ""V191""]","{""n_estimators"": 222, ""max_depth"": 4, ""min_samples_leaf"": 4, ""min_samples_split"": 5, ""criterion"": ""gini"", ""class_weight"": null}"
522,2026-06-06T01:37:33.258823+00:00,rf,ranking_xgb,522,4890,5,1000,0.6002777259093319,726,274,0.4960771324378009,"[""V11"", ""V160"", ""V255"", ""V176"", ""V191""]","{""n_estimators"": 68, ""max_depth"": 5, ""min_samples_leaf"": 4, ""min_samples_split"": 4, ""criterion"": ""gini"", ""class_weight"": null}"
523,2026-06-06T01:40:03.725960+00:00,rf,ranking_xgb,523,4895,5,996,0.6015158923543964,725,271,0.49653579973429784,"[""V11"", ""V160"", ""V255"", ""V176"", ""V191""]","{""n_estimators"": 454, ""max_depth"": 5, ""min_samples_leaf"": 4, ""min_samples_split"": 2, ""criterion"": ""gini"", ""class_weight"": null}"
524,2026-06-06T01:41:42.587096+00:00,rf,ranking_xgb,524,4965,5,1000,0.6330928584808596,731,269,0.4971127987892851,"[""V11"", ""V160"", ""V255"", ""V176"", ""V191""]","{""n_estimators"": 268, ""max_depth"": 8, ""min_samples_leaf"": 4, ""min_samples_split"": 2, ""criterion"": ""entropy"", ""class_weight"": ""balanced""}"
525,2026-06-06T01:44:27.705723+00:00,rf,ranking_xgb,525,4860,5,1000,0.6241673407889755,724,276,0.4947652416016679,"[""V11"", ""V160"", ""V255"", ""V176"", ""V191""]","{""n_estimators"": 495, ""max_depth"": 7, ""min_samples_leaf"": 1, ""min_samples_split"": 5, ""criterion"": ""gini"", ""class_weight"": null}"
526,2026-06-06T01:44:52.761616+00:00,rf,ranking_xgb,526,4905,5,1000,0.6027640679007387,727,273,0.49816981090706886,"[""V11"", ""V160"", ""V255"", ""V176"", ""V191""]","{""n_estimators"": 60, ""max_depth"": 5, ""min_samples_leaf"": 2, ""min_samples_split"": 2, ""criterion"": ""entropy"", ""class_weight"": ""balanced""}"
527,2026-06-06T01:47:25.622785+00:00,rf,ranking_xgb,527,4920,5,997,0.6142282957147526,727,270,0.4974587664648684,"[""V11"", ""V160"", ""V255"", ""V176"", ""V191""]","{""n_estimators"": 427, ""max_depth"": 6, ""min_samples_leaf"": 3, ""min_samples_split"": 9, ""criterion"": ""gini"", ""class_weight"": ""balanced""}"
528,2026-06-06T01:49:50.155981+00:00,rf,ranking_xgb,528,4860,5,997,0.6498539897187738,723,274,0.4959334933445438,"[""V11"", ""V160"", ""V255"", ""V176"", ""V191""]","{""n_estimators"": 396, ""max_depth"": 10, ""min_samples_leaf"": 2, ""min_samples_split"": 4, ""criterion"": ""entropy"", ""class_weight"": ""balanced""}"
529,2026-06-06T01:51:44.495286+00:00,rf,ranking_xgb,529,4880,5,999,0.5873386591888986,725,274,0.49869041486624793,"[""V11"", ""V160"", ""V255"", ""V176"", ""V191""]","{""n_estimators"": 318, ""max_depth"": 4, ""min_samples_leaf"": 2, ""min_samples_split"": 2, ""criterion"": ""entropy"", ""class_weight"": ""balanced""}"
530,2026-06-06T01:54:12.342792+00:00,rf,ranking_xgb,530,4920,5,1000,0.6122452076548397,728,272,0.4955127603678006,"[""V11"", ""V160"", ""V255"", ""V176"", ""V191""]","{""n_estimators"": 443, ""max_depth"": 6, ""min_samples_leaf"": 2, ""min_samples_split"": 6, ""criterion"": ""gini"", ""class_weight"": null}"
531,2026-06-06T01:56:26.911034+00:00,rf,ranking_xgb,531,4770,5,1000,0.6444435710089261,718,282,0.49603172875408236,"[""V11"", ""V160"", ""V255"", ""V176"", ""V191""]","{""n_estimators"": 371, ""max_depth"": 9, ""min_samples_leaf"": 3, ""min_samples_split"": 2, ""criterion"": ""gini"", ""class_weight"": ""balanced""}"
532,2026-06-06T01:58:21.093886+00:00,rf,ranking_xgb,532,4970,5,999,0.6112009030282262,731,268,0.4960962693205901,"[""V11"", ""V160"", ""V255"", ""V176"", ""V191""]","{""n_estimators"": 338, ""max_depth"": 6, ""min_samples_leaf"": 1, ""min_samples_split"": 6, ""criterion"": ""entropy"", ""class_weight"": null}"
533,2026-06-06T01:59:47.661593+00:00,rf,ranking_xgb,533,5010,5,1000,0.6255607143585434,734,266,0.497521215540696,"[""V11"", ""V160"", ""V255"", ""V176"", ""V191""]","{""n_estimators"": 235, ""max_depth"": 7, ""min_samples_leaf"": 3, ""min_samples_split"": 5, ""criterion"": ""gini"", ""class_weight"": ""balanced""}"
534,2026-06-06T02:00:38.962615+00:00,rf,ranking_xgb,534,4890,5,1000,0.6484875160900112,726,274,0.4936939043660146,"[""V11"", ""V160"", ""V255"", ""V176"", ""V191""]","{""n_estimators"": 142, ""max_depth"": 10, ""min_samples_leaf"": 3, ""min_samples_split"": 3, ""criterion"": ""gini"", ""class_weight"": null}"
535,2026-06-06T02:02:59.201466+00:00,rf,ranking_xgb,535,4725,8,994,0.6323365292165433,753,241,0.4919057587193138,"[""V11"", ""V160"", ""V255"", ""V176"", ""V191"", ""V224"", ""V215"", ""V380""]","{""n_estimators"": 415, ""max_depth"": 10, ""min_samples_leaf"": 1, ""min_samples_split"": 9, ""criterion"": ""gini"", ""class_weight"": null}"
536,2026-06-06T02:04:35.224708+00:00,rf,ranking_xgb,536,4965,5,1000,0.6074360929319977,731,269,0.49589818671152713,"[""V11"", ""V160"", ""V255"", ""V176"", ""V191""]","{""n_estimators"": 279, ""max_depth"": 6, ""min_samples_leaf"": 4, ""min_samples_split"": 6, ""criterion"": ""entropy"", ""class_weight"": null}"
537,2026-06-06T02:05:04.788378+00:00,rf,ranking_xgb,537,4900,5,998,0.6246653596412468,726,272,0.49559265188802454,"[""V11"", ""V160"", ""V255"", ""V176"", ""V191""]","{""n_estimators"": 78, ""max_depth"": 7, ""min_samples_leaf"": 3, ""min_samples_split"": 7, ""criterion"": ""gini"", ""class_weight"": null}"
538,2026-06-06T02:06:05.239430+00:00,rf,ranking_xgb,538,4725,5,1000,0.6592262686412139,715,285,0.49499992285720257,"[""V11"", ""V160"", ""V255"", ""V176"", ""V191""]","{""n_estimators"": 158, ""max_depth"": 11, ""min_samples_leaf"": 3, ""min_samples_split"": 9, ""criterion"": ""gini"", ""class_weight"": ""balanced""}"
539,2026-06-06T02:07:32.776091+00:00,rf,ranking_xgb,539,4855,5,998,0.6328984176315623,723,275,0.49644043498869034,"[""V11"", ""V160"", ""V255"", ""V176"", ""V191""]","{""n_estimators"": 233, ""max_depth"": 8, ""min_samples_leaf"": 2, ""min_samples_split"": 4, ""criterion"": ""entropy"", ""class_weight"": ""balanced""}"
540,2026-06-06T02:08:44.695580+00:00,rf,ranking_xgb,540,4740,5,1000,0.6321130883487939,716,284,0.49600225084656147,"[""V11"", ""V160"", ""V255"", ""V176"", ""V191""]","{""n_estimators"": 190, ""max_depth"": 8, ""min_samples_leaf"": 1, ""min_samples_split"": 2, ""criterion"": ""gini"", ""class_weight"": ""balanced""}"
541,2026-06-06T02:09:33.329833+00:00,rf,ranking_xgb,541,4955,5,999,0.6427406793201627,730,269,0.4933766622426976,"[""V11"", ""V160"", ""V255"", ""V176"", ""V191""]","{""n_estimators"": 133, ""max_depth"": 9, ""min_samples_leaf"": 3, ""min_samples_split"": 7, ""criterion"": ""gini"", ""class_weight"": null}"
542,2026-06-06T02:12:02.711192+00:00,rf,ranking_xgb,542,4750,5,998,0.6423655998933693,716,282,0.4932505952603861,"[""V11"", ""V160"", ""V255"", ""V176"", ""V191""]","{""n_estimators"": 440, ""max_depth"": 9, ""min_samples_leaf"": 1, ""min_samples_split"": 5, ""criterion"": ""gini"", ""class_weight"": null}"
543,2026-06-06T02:13:07.523919+00:00,rf,ranking_xgb,543,4680,5,1000,0.6567062716630464,712,288,0.4944712965624536,"[""V11"", ""V160"", ""V255"", ""V176"", ""V191""]","{""n_estimators"": 169, ""max_depth"": 11, ""min_samples_leaf"": 1, ""min_samples_split"": 9, ""criterion"": ""gini"", ""class_weight"": ""balanced""}"
544,2026-06-06T02:14:49.803635+00:00,rf,ranking_xgb,544,4995,5,1000,0.6122240486514822,733,267,0.4961965839407854,"[""V11"", ""V160"", ""V255"", ""V176"", ""V191""]","{""n_estimators"": 299, ""max_depth"": 6, ""min_samples_leaf"": 4, ""min_samples_split"": 3, ""criterion"": ""gini"", ""class_weight"": null}"
545,2026-06-06T02:15:20.034087+00:00,rf,ranking_xgb,545,4775,5,999,0.6393527304936003,718,281,0.4945918697882478,"[""V11"", ""V160"", ""V255"", ""V176"", ""V191""]","{""n_estimators"": 79, ""max_depth"": 8, ""min_samples_leaf"": 1, ""min_samples_split"": 5, ""criterion"": ""gini"", ""class_weight"": null}"
546,2026-06-06T02:18:17.003338+00:00,rf,ranking_xgb,546,4905,5,1000,0.6250293280698056,727,273,0.49680241358965815,"[""V11"", ""V160"", ""V255"", ""V176"", ""V191""]","{""n_estimators"": 495, ""max_depth"": 7, ""min_samples_leaf"": 1, ""min_samples_split"": 7, ""criterion"": ""gini"", ""class_weight"": ""balanced""}"
547,2026-06-06T02:20:40.344097+00:00,rf,ranking_xgb,547,4895,5,999,0.5853435535827027,726,273,0.49668810693051657,"[""V11"", ""V160"", ""V255"", ""V176"", ""V191""]","{""n_estimators"": 430, ""max_depth"": 4, ""min_samples_leaf"": 2, ""min_samples_split"": 8, ""criterion"": ""entropy"", ""class_weight"": null}"
548,2026-06-06T02:21:35.502235+00:00,rf,ranking_xgb,548,4855,5,995,0.5862693413388642,722,273,0.4964903500020444,"[""V11"", ""V160"", ""V255"", ""V176"", ""V191""]","{""n_estimators"": 161, ""max_depth"": 4, ""min_samples_leaf"": 4, ""min_samples_split"": 4, ""criterion"": ""gini"", ""class_weight"": null}"
549,2026-06-06T02:24:22.369012+00:00,rf,ranking_xgb,549,4880,5,993,0.5899414216386514,723,270,0.49867783046337083,"[""V11"", ""V160"", ""V255"", ""V176"", ""V191""]","{""n_estimators"": 471, ""max_depth"": 4, ""min_samples_leaf"": 3, ""min_samples_split"": 8, ""criterion"": ""gini"", ""class_weight"": ""balanced""}"
550,2026-06-06T02:25:26.962456+00:00,rf,ranking_xgb,550,4920,5,1000,0.6257388994952371,728,272,0.4978407175029049,"[""V11"", ""V160"", ""V255"", ""V176"", ""V191""]","{""n_estimators"": 170, ""max_depth"": 7, ""min_samples_leaf"": 2, ""min_samples_split"": 9, ""criterion"": ""entropy"", ""class_weight"": ""balanced""}"
551,2026-06-06T02:26:03.172940+00:00,rf,ranking_xgb,551,4845,5,997,0.6547988770613873,722,275,0.49522448241661643,"[""V11"", ""V160"", ""V255"", ""V176"", ""V191""]","{""n_estimators"": 87, ""max_depth"": 11, ""min_samples_leaf"": 3, ""min_samples_split"": 7, ""criterion"": ""entropy"", ""class_weight"": ""balanced""}"
552,2026-06-06T02:27:42.100064+00:00,rf,ranking_xgb,552,4965,5,1000,0.6277089242423002,731,269,0.4973984387572591,"[""V11"", ""V160"", ""V255"", ""V176"", ""V191""]","{""n_estimators"": 271, ""max_depth"": 7, ""min_samples_leaf"": 3, ""min_samples_split"": 7, ""criterion"": ""gini"", ""class_weight"": ""balanced""}"
553,2026-06-06T02:28:29.751064+00:00,rf,ranking_xgb,553,4965,5,997,0.5897719858326872,730,267,0.4965576283021201,"[""V11"", ""V160"", ""V255"", ""V176"", ""V191""]","{""n_estimators"": 136, ""max_depth"": 4, ""min_samples_leaf"": 4, ""min_samples_split"": 9, ""criterion"": ""gini"", ""class_weight"": null}"
554,2026-06-06T02:30:39.371272+00:00,rf,ranking_xgb,554,4760,5,999,0.6576707014763097,717,282,0.4928893519202278,"[""V11"", ""V160"", ""V255"", ""V176"", ""V191""]","{""n_estimators"": 380, ""max_depth"": 11, ""min_samples_leaf"": 2, ""min_samples_split"": 9, ""criterion"": ""gini"", ""class_weight"": null}"
555,2026-06-06T02:33:25.784741+00:00,rf,ranking_xgb,555,4790,5,993,0.6445411082286673,717,276,0.49421017367355324,"[""V11"", ""V160"", ""V255"", ""V176"", ""V191""]","{""n_estimators"": 497, ""max_depth"": 9, ""min_samples_leaf"": 4, ""min_samples_split"": 6, ""criterion"": ""gini"", ""class_weight"": null}"
556,2026-06-06T02:36:10.368444+00:00,rf,ranking_xgb,556,4965,5,1000,0.6203949102592117,731,269,0.4972927654809002,"[""V11"", ""V160"", ""V255"", ""V176"", ""V191""]","{""n_estimators"": 460, ""max_depth"": 7, ""min_samples_leaf"": 3, ""min_samples_split"": 3, ""criterion"": ""entropy"", ""class_weight"": ""balanced""}"
557,2026-06-06T02:37:18.586661+00:00,rf,ranking_xgb,557,4740,5,1000,0.6575410508839189,716,284,0.4928619078996253,"[""V11"", ""V160"", ""V255"", ""V176"", ""V191""]","{""n_estimators"": 193, ""max_depth"": 11, ""min_samples_leaf"": 4, ""min_samples_split"": 3, ""criterion"": ""gini"", ""class_weight"": null}"
558,2026-06-06T02:38:51.599242+00:00,rf,ranking_xgb,558,4875,5,1000,0.5894961587164111,725,275,0.4967430831609663,"[""V11"", ""V160"", ""V255"", ""V176"", ""V191""]","{""n_estimators"": 276, ""max_depth"": 4, ""min_samples_leaf"": 3, ""min_samples_split"": 8, ""criterion"": ""gini"", ""class_weight"": null}"
559,2026-06-06T02:39:51.928086+00:00,rf,ranking_xgb,559,4860,5,1000,0.646788789827008,724,276,0.49519899260231826,"[""V11"", ""V160"", ""V255"", ""V176"", ""V191""]","{""n_estimators"": 155, ""max_depth"": 10, ""min_samples_leaf"": 1, ""min_samples_split"": 7, ""criterion"": ""entropy"", ""class_weight"": ""balanced""}"
560,2026-06-06T02:41:25.428946+00:00,rf,ranking_xgb,560,4840,5,995,0.5865017693506335,721,274,0.4965370850420237,"[""V11"", ""V160"", ""V255"", ""V176"", ""V191""]","{""n_estimators"": 277, ""max_depth"": 4, ""min_samples_leaf"": 4, ""min_samples_split"": 7, ""criterion"": ""entropy"", ""class_weight"": null}"
561,2026-06-06T02:42:30.347914+00:00,rf,ranking_xgb,561,4935,5,1000,0.5845372119432506,729,271,0.4966194581239486,"[""V11"", ""V160"", ""V255"", ""V176"", ""V191""]","{""n_estimators"": 188, ""max_depth"": 4, ""min_samples_leaf"": 3, ""min_samples_split"": 4, ""criterion"": ""entropy"", ""class_weight"": null}"
562,2026-06-06T02:44:32.564352+00:00,rf,ranking_xgb,562,4890,5,1000,0.6244903184886715,726,274,0.49537290748700397,"[""V11"", ""V160"", ""V255"", ""V176"", ""V191""]","{""n_estimators"": 363, ""max_depth"": 7, ""min_samples_leaf"": 1, ""min_samples_split"": 3, ""criterion"": ""gini"", ""class_weight"": null}"
563,2026-06-06T02:45:21.263688+00:00,rf,ranking_xgb,563,4845,5,1000,0.6448133984035123,723,277,0.49591731397095973,"[""V11"", ""V160"", ""V255"", ""V176"", ""V191""]","{""n_estimators"": 125, ""max_depth"": 9, ""min_samples_leaf"": 3, ""min_samples_split"": 2, ""criterion"": ""gini"", ""class_weight"": ""balanced""}"
564,2026-06-06T02:45:53.625781+00:00,rf,ranking_xgb,564,4790,5,999,0.638865496221481,719,280,0.4971618756181225,"[""V11"", ""V160"", ""V255"", ""V176"", ""V191""]","{""n_estimators"": 80, ""max_depth"": 8, ""min_samples_leaf"": 4, ""min_samples_split"": 5, ""criterion"": ""gini"", ""class_weight"": ""balanced""}"
565,2026-06-06T02:48:39.901082+00:00,rf,ranking_xgb,565,4790,5,999,0.6358721009091364,719,280,0.49449433706780965,"[""V11"", ""V160"", ""V255"", ""V176"", ""V191""]","{""n_estimators"": 497, ""max_depth"": 8, ""min_samples_leaf"": 3, ""min_samples_split"": 3, ""criterion"": ""gini"", ""class_weight"": null}"
566,2026-06-06T02:50:28.849561+00:00,rf,ranking_xgb,566,4840,5,995,0.6518541737867787,721,274,0.49280912650107056,"[""V11"", ""V160"", ""V255"", ""V176"", ""V191""]","{""n_estimators"": 310, ""max_depth"": 11, ""min_samples_leaf"": 1, ""min_samples_split"": 5, ""criterion"": ""entropy"", ""class_weight"": null}"
567,2026-06-06T02:51:21.078691+00:00,rf,ranking_xgb,567,4760,5,996,0.6540183012719516,716,280,0.4945343302893669,"[""V11"", ""V160"", ""V255"", ""V176"", ""V191""]","{""n_estimators"": 134, ""max_depth"": 11, ""min_samples_leaf"": 1, ""min_samples_split"": 3, ""criterion"": ""entropy"", ""class_weight"": ""balanced""}"
568,2026-06-06T02:53:42.922362+00:00,rf,ranking_xgb,568,4965,5,1000,0.6089771931489294,731,269,0.495743137796938,"[""V11"", ""V160"", ""V255"", ""V176"", ""V191""]","{""n_estimators"": 422, ""max_depth"": 6, ""min_samples_leaf"": 4, ""min_samples_split"": 9, ""criterion"": ""entropy"", ""class_weight"": null}"
569,2026-06-06T02:55:24.739314+00:00,rf,ranking_xgb,569,4835,5,999,0.603646003920407,722,277,0.4961568249141498,"[""V11"", ""V160"", ""V255"", ""V176"", ""V191""]","{""n_estimators"": 302, ""max_depth"": 5, ""min_samples_leaf"": 3, ""min_samples_split"": 3, ""criterion"": ""gini"", ""class_weight"": null}"
570,2026-06-06T02:55:58.449091+00:00,rf,ranking_xgb,570,4800,5,1000,0.589329759526497,720,280,0.49956167627705683,"[""V11"", ""V160"", ""V255"", ""V176"", ""V191""]","{""n_estimators"": 84, ""max_depth"": 4, ""min_samples_leaf"": 4, ""min_samples_split"": 9, ""criterion"": ""entropy"", ""class_weight"": ""balanced""}"
571,2026-06-06T02:56:49.542627+00:00,rf,ranking_xgb,571,4830,5,1000,0.6036357105117086,722,278,0.49764106133048236,"[""V11"", ""V160"", ""V255"", ""V176"", ""V191""]","{""n_estimators"": 135, ""max_depth"": 5, ""min_samples_leaf"": 1, ""min_samples_split"": 2, ""criterion"": ""gini"", ""class_weight"": ""balanced""}"
572,2026-06-06T02:58:52.535605+00:00,rf,ranking_xgb,572,5025,5,997,0.6124240072117325,734,263,0.49785439082925115,"[""V11"", ""V160"", ""V255"", ""V176"", ""V191""]","{""n_estimators"": 339, ""max_depth"": 6, ""min_samples_leaf"": 2, ""min_samples_split"": 8, ""criterion"": ""entropy"", ""class_weight"": ""balanced""}"
573,2026-06-06T02:59:53.345072+00:00,rf,ranking_xgb,573,5010,5,1000,0.6216595607986835,734,266,0.49580512064425775,"[""V11"", ""V160"", ""V255"", ""V176"", ""V191""]","{""n_estimators"": 171, ""max_depth"": 7, ""min_samples_leaf"": 2, ""min_samples_split"": 2, ""criterion"": ""entropy"", ""class_weight"": null}"
574,2026-06-06T03:00:26.491720+00:00,rf,ranking_xgb,574,4800,5,997,0.6361406568990191,719,278,0.49655686091139606,"[""V11"", ""V160"", ""V255"", ""V176"", ""V191""]","{""n_estimators"": 82, ""max_depth"": 8, ""min_samples_leaf"": 3, ""min_samples_split"": 3, ""criterion"": ""gini"", ""class_weight"": ""balanced""}"
575,2026-06-06T03:01:42.781344+00:00,rf,ranking_xgb,575,4875,5,1000,0.6349075595657538,725,275,0.4946939537584828,"[""V11"", ""V160"", ""V255"", ""V176"", ""V191""]","{""n_estimators"": 221, ""max_depth"": 8, ""min_samples_leaf"": 3, ""min_samples_split"": 8, ""criterion"": ""gini"", ""class_weight"": null}"
576,2026-06-06T03:04:16.469648+00:00,rf,ranking_xgb,576,4920,5,1000,0.6332538528684738,728,272,0.4943969922660348,"[""V11"", ""V160"", ""V255"", ""V176"", ""V191""]","{""n_estimators"": 459, ""max_depth"": 8, ""min_samples_leaf"": 4, ""min_samples_split"": 8, ""criterion"": ""gini"", ""class_weight"": null}"
577,2026-06-06T03:06:58.973516+00:00,rf,ranking_xgb,577,4815,5,1000,0.6581972702400432,721,279,0.4943015756885792,"[""V11"", ""V160"", ""V255"", ""V176"", ""V191""]","{""n_estimators"": 453, ""max_depth"": 11, ""min_samples_leaf"": 3, ""min_samples_split"": 6, ""criterion"": ""gini"", ""class_weight"": ""balanced""}"
578,2026-06-06T03:09:15.525702+00:00,rf,ranking_xgb,578,4860,5,994,0.6467383062498292,722,272,0.49566321690948123,"[""V11"", ""V160"", ""V255"", ""V176"", ""V191""]","{""n_estimators"": 373, ""max_depth"": 10, ""min_samples_leaf"": 2, ""min_samples_split"": 8, ""criterion"": ""entropy"", ""class_weight"": ""balanced""}"
579,2026-06-06T03:11:55.932404+00:00,rf,ranking_xgb,579,4835,5,996,0.6322381560967224,721,275,0.49433841588917693,"[""V11"", ""V160"", ""V255"", ""V176"", ""V191""]","{""n_estimators"": 479, ""max_depth"": 8, ""min_samples_leaf"": 3, ""min_samples_split"": 9, ""criterion"": ""gini"", ""class_weight"": null}"
580,2026-06-06T03:14:45.035065+00:00,rf,ranking_xgb,580,4815,5,1000,0.6393076111995014,721,279,0.4944339406747661,"[""V11"", ""V160"", ""V255"", ""V176"", ""V191""]","{""n_estimators"": 495, ""max_depth"": 9, ""min_samples_leaf"": 1, ""min_samples_split"": 4, ""criterion"": ""entropy"", ""class_weight"": null}"
581,2026-06-06T03:17:21.049569+00:00,rf,ranking_xgb,581,4860,5,1000,0.6309727505642982,724,276,0.49430376522840086,"[""V11"", ""V160"", ""V255"", ""V176"", ""V191""]","{""n_estimators"": 466, ""max_depth"": 8, ""min_samples_leaf"": 3, ""min_samples_split"": 2, ""criterion"": ""gini"", ""class_weight"": null}"
582,2026-06-06T03:18:41.970701+00:00,rf,ranking_xgb,582,4755,5,1000,0.5903329059738818,717,283,0.4964600010689599,"[""V11"", ""V160"", ""V255"", ""V176"", ""V191""]","{""n_estimators"": 239, ""max_depth"": 4, ""min_samples_leaf"": 2, ""min_samples_split"": 3, ""criterion"": ""gini"", ""class_weight"": null}"
583,2026-06-06T03:19:22.359605+00:00,rf,ranking_xgb,583,4865,5,999,0.6271606219456488,724,275,0.4970947460474472,"[""V11"", ""V160"", ""V255"", ""V176"", ""V191""]","{""n_estimators"": 104, ""max_depth"": 7, ""min_samples_leaf"": 1, ""min_samples_split"": 6, ""criterion"": ""gini"", ""class_weight"": ""balanced""}"
584,2026-06-06T03:19:55.822517+00:00,rf,ranking_xgb,584,4955,5,999,0.5998790798255942,730,269,0.4981484506436389,"[""V11"", ""V160"", ""V255"", ""V176"", ""V191""]","{""n_estimators"": 83, ""max_depth"": 5, ""min_samples_leaf"": 2, ""min_samples_split"": 2, ""criterion"": ""entropy"", ""class_weight"": ""balanced""}"
585,2026-06-06T03:22:20.380482+00:00,rf,ranking_xgb,585,4895,5,999,0.6380735972134609,726,273,0.49640702162812383,"[""V11"", ""V160"", ""V255"", ""V176"", ""V191""]","{""n_estimators"": 403, ""max_depth"": 8, ""min_samples_leaf"": 2, ""min_samples_split"": 5, ""criterion"": ""gini"", ""class_weight"": ""balanced""}"
586,2026-06-06T03:25:11.710922+00:00,rf,ranking_xgb,586,4840,5,998,0.5905352313547864,722,276,0.49884246639369484,"[""V11"", ""V160"", ""V255"", ""V176"", ""V191""]","{""n_estimators"": 482, ""max_depth"": 4, ""min_samples_leaf"": 3, ""min_samples_split"": 3, ""criterion"": ""gini"", ""class_weight"": ""balanced""}"
587,2026-06-06T03:27:42.942596+00:00,rf,ranking_xgb,587,4780,5,998,0.6317698860235685,718,280,0.49394018550897545,"[""V11"", ""V160"", ""V255"", ""V176"", ""V191""]","{""n_estimators"": 451, ""max_depth"": 8, ""min_samples_leaf"": 2, ""min_samples_split"": 6, ""criterion"": ""gini"", ""class_weight"": null}"
588,2026-06-06T03:28:08.949013+00:00,rf,ranking_xgb,588,4840,5,992,0.6457606621597541,720,272,0.49309145053303416,"[""V11"", ""V160"", ""V255"", ""V176"", ""V191""]","{""n_estimators"": 68, ""max_depth"": 9, ""min_samples_leaf"": 4, ""min_samples_split"": 2, ""criterion"": ""gini"", ""class_weight"": null}"
589,2026-06-06T03:29:59.248192+00:00,rf,ranking_xgb,589,4980,5,1000,0.645351350412579,732,268,0.496307616969427,"[""V11"", ""V160"", ""V255"", ""V176"", ""V191""]","{""n_estimators"": 297, ""max_depth"": 10, ""min_samples_leaf"": 3, ""min_samples_split"": 4, ""criterion"": ""entropy"", ""class_weight"": ""balanced""}"
590,2026-06-06T03:31:39.205152+00:00,rf,ranking_xgb,590,4905,5,1000,0.5998632436210861,727,273,0.49862528688101193,"[""V11"", ""V160"", ""V255"", ""V176"", ""V191""]","{""n_estimators"": 274, ""max_depth"": 5, ""min_samples_leaf"": 2, ""min_samples_split"": 9, ""criterion"": ""entropy"", ""class_weight"": ""balanced""}"
591,2026-06-06T03:33:14.904775+00:00,rf,ranking_xgb,591,4820,5,999,0.5879537447460433,721,278,0.49673442814555585,"[""V11"", ""V160"", ""V255"", ""V176"", ""V191""]","{""n_estimators"": 284, ""max_depth"": 4, ""min_samples_leaf"": 4, ""min_samples_split"": 2, ""criterion"": ""gini"", ""class_weight"": null}"
592,2026-06-06T03:34:47.373124+00:00,rf,ranking_xgb,592,4890,5,1000,0.6531374897425307,726,274,0.49409059124748944,"[""V11"", ""V160"", ""V255"", ""V176"", ""V191""]","{""n_estimators"": 269, ""max_depth"": 10, ""min_samples_leaf"": 3, ""min_samples_split"": 7, ""criterion"": ""gini"", ""class_weight"": null}"
593,2026-06-06T03:37:01.756090+00:00,rf,ranking_xgb,593,4860,5,997,0.6001782006504922,723,274,0.4984911641982255,"[""V11"", ""V160"", ""V255"", ""V176"", ""V191""]","{""n_estimators"": 376, ""max_depth"": 5, ""min_samples_leaf"": 3, ""min_samples_split"": 7, ""criterion"": ""entropy"", ""class_weight"": ""balanced""}"
594,2026-06-06T03:37:43.070299+00:00,rf,ranking_xgb,594,4830,5,1000,0.6350765993752335,722,278,0.49419482915178653,"[""V11"", ""V160"", ""V255"", ""V176"", ""V191""]","{""n_estimators"": 110, ""max_depth"": 9, ""min_samples_leaf"": 1, ""min_samples_split"": 9, ""criterion"": ""entropy"", ""class_weight"": null}"
595,2026-06-06T03:38:28.251064+00:00,rf,ranking_xgb,595,5060,5,993,0.6129228065184764,735,258,0.49829573112069736,"[""V11"", ""V160"", ""V255"", ""V176"", ""V191""]","{""n_estimators"": 115, ""max_depth"": 6, ""min_samples_leaf"": 4, ""min_samples_split"": 6, ""criterion"": ""entropy"", ""class_weight"": ""balanced""}"
596,2026-06-06T03:41:00.569792+00:00,rf,ranking_xgb,596,4820,5,996,0.6403702513440457,720,276,0.49421319872747665,"[""V11"", ""V160"", ""V255"", ""V176"", ""V191""]","{""n_estimators"": 445, ""max_depth"": 9, ""min_samples_leaf"": 2, ""min_samples_split"": 5, ""criterion"": ""entropy"", ""class_weight"": null}"
597,2026-06-06T03:42:17.336284+00:00,rf,ranking_xgb,597,4815,5,1000,0.6491702594815609,721,279,0.49452391261343875,"[""V11"", ""V160"", ""V255"", ""V176"", ""V191""]","{""n_estimators"": 205, ""max_depth"": 10, ""min_samples_leaf"": 2, ""min_samples_split"": 5, ""criterion"": ""gini"", ""class_weight"": ""balanced""}"
598,2026-06-06T03:43:29.369556+00:00,rf,ranking_xgb,598,4770,5,1000,0.6019215054724967,718,282,0.4962666552299879,"[""V11"", ""V160"", ""V255"", ""V176"", ""V191""]","{""n_estimators"": 210, ""max_depth"": 5, ""min_samples_leaf"": 2, ""min_samples_split"": 4, ""criterion"": ""gini"", ""class_weight"": null}"
599,2026-06-06T03:45:25.719210+00:00,rf,ranking_xgb,599,4935,5,1000,0.5987838778237937,729,271,0.49879236211037203,"[""V11"", ""V160"", ""V255"", ""V176"", ""V191""]","{""n_estimators"": 321, ""max_depth"": 5, ""min_samples_leaf"": 4, ""min_samples_split"": 5, ""criterion"": ""entropy"", ""class_weight"": ""balanced""}"
600,2026-06-06T03:47:11.010113+00:00,rf,ranking_xgb,600,4905,5,1000,0.5875360607272058,727,273,0.4990793196589002,"[""V11"", ""V160"", ""V255"", ""V176"", ""V191""]","{""n_estimators"": 291, ""max_depth"": 4, ""min_samples_leaf"": 4, ""min_samples_split"": 7, ""criterion"": ""entropy"", ""class_weight"": ""balanced""}"
601,2026-06-06T03:48:37.019371+00:00,rf,ranking_xgb,601,4955,5,999,0.6319690022074826,730,269,0.495468459776095,"[""V11"", ""V160"", ""V255"", ""V176"", ""V191""]","{""n_estimators"": 246, ""max_depth"": 8, ""min_samples_leaf"": 4, ""min_samples_split"": 5, ""criterion"": ""entropy"", ""class_weight"": null}"
602,2026-06-06T03:49:58.206311+00:00,rf,ranking_xgb,602,4905,5,1000,0.6270139351903524,727,273,0.49751686591547006,"[""V11"", ""V160"", ""V255"", ""V176"", ""V191""]","{""n_estimators"": 219, ""max_depth"": 7, ""min_samples_leaf"": 3, ""min_samples_split"": 8, ""criterion"": ""gini"", ""class_weight"": ""balanced""}"
603,2026-06-06T03:51:04.104796+00:00,rf,ranking_xgb,603,4725,5,1000,0.649690777424532,715,285,0.49279125430190396,"[""V11"", ""V160"", ""V255"", ""V176"", ""V191""]","{""n_estimators"": 186, ""max_depth"": 10, ""min_samples_leaf"": 1, ""min_samples_split"": 4, ""criterion"": ""gini"", ""class_weight"": null}"
604,2026-06-06T03:52:15.798349+00:00,rf,ranking_xgb,604,4875,5,1000,0.6119953610835867,725,275,0.49642933557764773,"[""V11"", ""V160"", ""V255"", ""V176"", ""V191""]","{""n_estimators"": 209, ""max_depth"": 6, ""min_samples_leaf"": 4, ""min_samples_split"": 9, ""criterion"": ""entropy"", ""class_weight"": null}"
605,2026-06-06T03:53:31.934504+00:00,rf,ranking_xgb,605,4860,5,1000,0.5991365358573719,724,276,0.4965672857028727,"[""V11"", ""V160"", ""V255"", ""V176"", ""V191""]","{""n_estimators"": 222, ""max_depth"": 5, ""min_samples_leaf"": 1, ""min_samples_split"": 9, ""criterion"": ""gini"", ""class_weight"": null}"
606,2026-06-06T03:54:38.193025+00:00,rf,ranking_xgb,606,4970,5,996,0.6109839007379877,730,266,0.4960926260462373,"[""V11"", ""V160"", ""V255"", ""V176"", ""V191""]","{""n_estimators"": 188, ""max_depth"": 6, ""min_samples_leaf"": 4, ""min_samples_split"": 6, ""criterion"": ""entropy"", ""class_weight"": null}"
607,2026-06-06T03:55:41.835556+00:00,rf,ranking_xgb,607,4890,5,1000,0.5838521798758217,726,274,0.4969536199479724,"[""V11"", ""V160"", ""V255"", ""V176"", ""V191""]","{""n_estimators"": 183, ""max_depth"": 4, ""min_samples_leaf"": 3, ""min_samples_split"": 3, ""criterion"": ""entropy"", ""class_weight"": null}"
608,2026-06-06T03:58:08.177800+00:00,rf,ranking_xgb,608,4935,5,1000,0.6007896436288339,729,271,0.498272571835929,"[""V11"", ""V160"", ""V255"", ""V176"", ""V191""]","{""n_estimators"": 408, ""max_depth"": 5, ""min_samples_leaf"": 4, ""min_samples_split"": 9, ""criterion"": ""gini"", ""class_weight"": ""balanced""}"
609,2026-06-06T03:59:14.686620+00:00,rf,ranking_xgb,609,4895,5,999,0.610921298366929,726,273,0.4955441519117903,"[""V11"", ""V160"", ""V255"", ""V176"", ""V191""]","{""n_estimators"": 191, ""max_depth"": 6, ""min_samples_leaf"": 2, ""min_samples_split"": 2, ""criterion"": ""gini"", ""class_weight"": null}"
610,2026-06-06T03:59:37.275277+00:00,rf,ranking_xgb,610,4785,6,996,0.6258104910273621,731,265,0.4960377231140199,"[""V11"", ""V160"", ""V255"", ""V176"", ""V191"", ""V224""]","{""n_estimators"": 52, ""max_depth"": 8, ""min_samples_leaf"": 2, ""min_samples_split"": 9, ""criterion"": ""gini"", ""class_weight"": ""balanced""}"
611,2026-06-06T04:00:27.339669+00:00,rf,ranking_xgb,611,4835,5,999,0.6534780443936808,722,277,0.4938903062705306,"[""V11"", ""V160"", ""V255"", ""V176"", ""V191""]","{""n_estimators"": 134, ""max_depth"": 11, ""min_samples_leaf"": 4, ""min_samples_split"": 6, ""criterion"": ""entropy"", ""class_weight"": null}"
612,2026-06-06T04:00:52.077167+00:00,rf,ranking_xgb,612,4890,5,991,0.6488660911060252,723,268,0.49606555300210103,"[""V11"", ""V160"", ""V255"", ""V176"", ""V191""]","{""n_estimators"": 64, ""max_depth"": 9, ""min_samples_leaf"": 4, ""min_samples_split"": 7, ""criterion"": ""gini"", ""class_weight"": null}"
613,2026-06-06T04:02:00.682814+00:00,rf,ranking_xgb,613,4830,5,1000,0.6248125773794436,722,278,0.49765220477689226,"[""V11"", ""V160"", ""V255"", ""V176"", ""V191""]","{""n_estimators"": 183, ""max_depth"": 7, ""min_samples_leaf"": 2, ""min_samples_split"": 4, ""criterion"": ""gini"", ""class_weight"": ""balanced""}"
614,2026-06-06T04:04:26.137955+00:00,rf,ranking_xgb,614,4860,5,1000,0.6360116147888395,724,276,0.49681913464536737,"[""V11"", ""V160"", ""V255"", ""V176"", ""V191""]","{""n_estimators"": 404, ""max_depth"": 8, ""min_samples_leaf"": 3, ""min_samples_split"": 2, ""criterion"": ""gini"", ""class_weight"": ""balanced""}"
615,2026-06-06T04:05:26.623433+00:00,rf,ranking_xgb,615,4815,5,1000,0.6371172678603905,721,279,0.4971811825509374,"[""V11"", ""V160"", ""V255"", ""V176"", ""V191""]","{""n_estimators"": 159, ""max_depth"": 8, ""min_samples_leaf"": 4, ""min_samples_split"": 6, ""criterion"": ""gini"", ""class_weight"": ""balanced""}"
616,2026-06-06T04:06:50.631529+00:00,rf,ranking_xgb,616,4995,5,1000,0.6215131523797137,733,267,0.4972416990423868,"[""V11"", ""V160"", ""V255"", ""V176"", ""V191""]","{""n_estimators"": 228, ""max_depth"": 7, ""min_samples_leaf"": 1, ""min_samples_split"": 5, ""criterion"": ""entropy"", ""class_weight"": ""balanced""}"
617,2026-06-06T04:07:32.236778+00:00,rf,ranking_xgb,617,4740,5,1000,0.5911773817176693,716,284,0.49869014682618906,"[""V11"", ""V160"", ""V255"", ""V176"", ""V191""]","{""n_estimators"": 108, ""max_depth"": 4, ""min_samples_leaf"": 4, ""min_samples_split"": 3, ""criterion"": ""entropy"", ""class_weight"": ""balanced""}"
618,2026-06-06T04:08:52.527808+00:00,rf,ranking_xgb,618,4790,5,999,0.6536664826042938,719,280,0.49307026580605406,"[""V11"", ""V160"", ""V255"", ""V176"", ""V191""]","{""n_estimators"": 224, ""max_depth"": 11, ""min_samples_leaf"": 1, ""min_samples_split"": 8, ""criterion"": ""entropy"", ""class_weight"": null}"
619,2026-06-06T04:09:23.748719+00:00,rf,ranking_xgb,619,4610,5,996,0.655550270387349,706,290,0.4909801173153344,"[""V11"", ""V160"", ""V255"", ""V176"", ""V191""]","{""n_estimators"": 81, ""max_depth"": 11, ""min_samples_leaf"": 1, ""min_samples_split"": 2, ""criterion"": ""gini"", ""class_weight"": null}"
620,2026-06-06T04:11:05.575466+00:00,rf,ranking_xgb,620,4860,5,1000,0.5888506765545086,724,276,0.4968228320702251,"[""V11"", ""V160"", ""V255"", ""V176"", ""V191""]","{""n_estimators"": 302, ""max_depth"": 4, ""min_samples_leaf"": 3, ""min_samples_split"": 8, ""criterion"": ""gini"", ""class_weight"": null}"
621,2026-06-06T04:12:20.347944+00:00,rf,ranking_xgb,621,4965,5,1000,0.6226433582134245,731,269,0.4952727778572622,"[""V11"", ""V160"", ""V255"", ""V176"", ""V191""]","{""n_estimators"": 213, ""max_depth"": 7, ""min_samples_leaf"": 4, ""min_samples_split"": 2, ""criterion"": ""entropy"", ""class_weight"": null}"
622,2026-06-06T04:14:59.915324+00:00,rf,ranking_xgb,622,4975,5,998,0.6397569796361291,731,267,0.49450378802283723,"[""V11"", ""V160"", ""V255"", ""V176"", ""V191""]","{""n_estimators"": 469, ""max_depth"": 9, ""min_samples_leaf"": 3, ""min_samples_split"": 9, ""criterion"": ""entropy"", ""class_weight"": null}"
623,2026-06-06T04:16:20.550573+00:00,rf,ranking_xgb,623,4890,5,1000,0.636233197670925,726,274,0.4934135474704426,"[""V11"", ""V160"", ""V255"", ""V176"", ""V191""]","{""n_estimators"": 233, ""max_depth"": 8, ""min_samples_leaf"": 2, ""min_samples_split"": 7, ""criterion"": ""gini"", ""class_weight"": null}"
624,2026-06-06T04:16:49.371253+00:00,rf,ranking_xgb,624,4755,5,1000,0.5912909442937498,717,283,0.4996606463682663,"[""V11"", ""V160"", ""V255"", ""V176"", ""V191""]","{""n_estimators"": 72, ""max_depth"": 4, ""min_samples_leaf"": 3, ""min_samples_split"": 3, ""criterion"": ""entropy"", ""class_weight"": ""balanced""}"
625,2026-06-06T04:19:46.281157+00:00,rf,ranking_xgb,625,4875,5,997,0.6246028317075141,724,273,0.49684720008858624,"[""V11"", ""V160"", ""V255"", ""V176"", ""V191""]","{""n_estimators"": 494, ""max_depth"": 7, ""min_samples_leaf"": 2, ""min_samples_split"": 2, ""criterion"": ""gini"", ""class_weight"": ""balanced""}"
626,2026-06-06T04:21:57.542821+00:00,rf,ranking_xgb,626,4830,5,1000,0.6452331431609523,722,278,0.4957743020069862,"[""V11"", ""V160"", ""V255"", ""V176"", ""V191""]","{""n_estimators"": 357, ""max_depth"": 10, ""min_samples_leaf"": 1, ""min_samples_split"": 6, ""criterion"": ""entropy"", ""class_weight"": ""balanced""}"
627,2026-06-06T04:23:24.218938+00:00,rf,ranking_xgb,627,4770,5,1000,0.6436395316436391,718,282,0.4955138970347889,"[""V11"", ""V160"", ""V255"", ""V176"", ""V191""]","{""n_estimators"": 234, ""max_depth"": 9, ""min_samples_leaf"": 2, ""min_samples_split"": 7, ""criterion"": ""gini"", ""class_weight"": ""balanced""}"
628,2026-06-06T04:26:07.311143+00:00,rf,ranking_xgb,628,4875,5,1000,0.6344747882120404,725,275,0.49628669525878205,"[""V11"", ""V160"", ""V255"", ""V176"", ""V191""]","{""n_estimators"": 454, ""max_depth"": 8, ""min_samples_leaf"": 3, ""min_samples_split"": 8, ""criterion"": ""gini"", ""class_weight"": ""balanced""}"
629,2026-06-06T04:27:52.154221+00:00,rf,ranking_xgb,629,4735,6,1000,0.6403143016785269,729,271,0.49402979443596495,"[""V11"", ""V160"", ""V255"", ""V176"", ""V191"", ""V224""]","{""n_estimators"": 285, ""max_depth"": 10, ""min_samples_leaf"": 1, ""min_samples_split"": 8, ""criterion"": ""gini"", ""class_weight"": ""balanced""}"
630,2026-06-06T04:30:02.726130+00:00,rf,ranking_xgb,630,4860,5,1000,0.5844608055358609,724,276,0.4965908720342467,"[""V11"", ""V160"", ""V255"", ""V176"", ""V191""]","{""n_estimators"": 391, ""max_depth"": 4, ""min_samples_leaf"": 1, ""min_samples_split"": 9, ""criterion"": ""entropy"", ""class_weight"": null}"
631,2026-06-06T04:30:56.186883+00:00,rf,ranking_xgb,631,4610,5,999,0.6580588997583443,707,292,0.49400475463699184,"[""V11"", ""V160"", ""V255"", ""V176"", ""V191""]","{""n_estimators"": 138, ""max_depth"": 11, ""min_samples_leaf"": 1, ""min_samples_split"": 7, ""criterion"": ""gini"", ""class_weight"": ""balanced""}"
632,2026-06-06T04:31:27.364204+00:00,rf,ranking_xgb,632,4995,5,1000,0.6262563871922442,733,267,0.4968771975582974,"[""V11"", ""V160"", ""V255"", ""V176"", ""V191""]","{""n_estimators"": 75, ""max_depth"": 8, ""min_samples_leaf"": 1, ""min_samples_split"": 3, ""criterion"": ""entropy"", ""class_weight"": ""balanced""}"
633,2026-06-06T04:33:56.390462+00:00,rf,ranking_xgb,633,4770,5,994,0.6449239939074299,716,278,0.4954586350246238,"[""V11"", ""V160"", ""V255"", ""V176"", ""V191""]","{""n_estimators"": 412, ""max_depth"": 9, ""min_samples_leaf"": 3, ""min_samples_split"": 2, ""criterion"": ""gini"", ""class_weight"": ""balanced""}"
634,2026-06-06T04:36:27.002480+00:00,rf,ranking_xgb,634,4895,5,999,0.585771961195223,726,273,0.49875348487602844,"[""V11"", ""V160"", ""V255"", ""V176"", ""V191""]","{""n_estimators"": 426, ""max_depth"": 4, ""min_samples_leaf"": 1, ""min_samples_split"": 4, ""criterion"": ""entropy"", ""class_weight"": ""balanced""}"
635,2026-06-06T04:38:28.931410+00:00,rf,ranking_xgb,635,4865,5,999,0.6134295782876651,724,275,0.49762286296597685,"[""V11"", ""V160"", ""V255"", ""V176"", ""V191""]","{""n_estimators"": 338, ""max_depth"": 6, ""min_samples_leaf"": 2, ""min_samples_split"": 4, ""criterion"": ""gini"", ""class_weight"": ""balanced""}"
636,2026-06-06T04:39:19.745302+00:00,rf,ranking_xgb,636,4860,5,1000,0.6382790953873224,724,276,0.49444405428133015,"[""V11"", ""V160"", ""V255"", ""V176"", ""V191""]","{""n_estimators"": 138, ""max_depth"": 9, ""min_samples_leaf"": 3, ""min_samples_split"": 9, ""criterion"": ""entropy"", ""class_weight"": null}"
637,2026-06-06T04:40:47.400278+00:00,rf,ranking_xgb,637,4825,5,998,0.6248924040479327,721,277,0.4970641770628842,"[""V11"", ""V160"", ""V255"", ""V176"", ""V191""]","{""n_estimators"": 238, ""max_depth"": 7, ""min_samples_leaf"": 1, ""min_samples_split"": 9, ""criterion"": ""gini"", ""class_weight"": ""balanced""}"
638,2026-06-06T04:42:40.542484+00:00,rf,ranking_xgb,638,4755,5,1000,0.657720792122611,717,283,0.49316395189463474,"[""V11"", ""V160"", ""V255"", ""V176"", ""V191""]","{""n_estimators"": 330, ""max_depth"": 11, ""min_samples_leaf"": 3, ""min_samples_split"": 7, ""criterion"": ""gini"", ""class_weight"": null}"
639,2026-06-06T04:45:10.730036+00:00,rf,ranking_xgb,639,4940,5,999,0.6223942245133354,729,270,0.49536039412284966,"[""V11"", ""V160"", ""V255"", ""V176"", ""V191""]","{""n_estimators"": 446, ""max_depth"": 7, ""min_samples_leaf"": 1, ""min_samples_split"": 9, ""criterion"": ""entropy"", ""class_weight"": null}"
640,2026-06-06T04:46:43.535062+00:00,rf,ranking_xgb,640,4805,5,999,0.6504854383618438,720,279,0.49326959941675125,"[""V11"", ""V160"", ""V255"", ""V176"", ""V191""]","{""n_estimators"": 270, ""max_depth"": 10, ""min_samples_leaf"": 3, ""min_samples_split"": 7, ""criterion"": ""gini"", ""class_weight"": null}"
641,2026-06-06T04:47:44.747878+00:00,rf,ranking_xgb,641,4950,5,1000,0.5852603310045764,730,270,0.498789342536655,"[""V11"", ""V160"", ""V255"", ""V176"", ""V191""]","{""n_estimators"": 163, ""max_depth"": 4, ""min_samples_leaf"": 1, ""min_samples_split"": 5, ""criterion"": ""entropy"", ""class_weight"": ""balanced""}"
642,2026-06-06T04:49:02.797006+00:00,rf,ranking_xgb,642,4790,5,996,0.6534986947209716,718,278,0.4959746750557795,"[""V11"", ""V160"", ""V255"", ""V176"", ""V191""]","{""n_estimators"": 209, ""max_depth"": 10, ""min_samples_leaf"": 4, ""min_samples_split"": 5, ""criterion"": ""gini"", ""class_weight"": ""balanced""}"
643,2026-06-06T04:51:11.043603+00:00,rf,ranking_xgb,643,4895,5,999,0.6320475800474682,726,273,0.4952454039882201,"[""V11"", ""V160"", ""V255"", ""V176"", ""V191""]","{""n_estimators"": 377, ""max_depth"": 8, ""min_samples_leaf"": 3, ""min_samples_split"": 8, ""criterion"": ""entropy"", ""class_weight"": null}"
644,2026-06-06T04:51:49.153156+00:00,rf,ranking_xgb,644,4880,5,999,0.6519057412798313,725,274,0.4958753920199353,"[""V11"", ""V160"", ""V255"", ""V176"", ""V191""]","{""n_estimators"": 94, ""max_depth"": 10, ""min_samples_leaf"": 3, ""min_samples_split"": 4, ""criterion"": ""entropy"", ""class_weight"": ""balanced""}"
645,2026-06-06T04:53:19.620953+00:00,rf,ranking_xgb,645,4815,5,1000,0.6523867951520946,721,279,0.4937986708505336,"[""V11"", ""V160"", ""V255"", ""V176"", ""V191""]","{""n_estimators"": 255, ""max_depth"": 11, ""min_samples_leaf"": 2, ""min_samples_split"": 9, ""criterion"": ""entropy"", ""class_weight"": null}"
646,2026-06-06T04:53:57.127233+00:00,rf,ranking_xgb,646,4765,5,995,0.6261394160033892,716,279,0.49475191670319363,"[""V11"", ""V160"", ""V255"", ""V176"", ""V191""]","{""n_estimators"": 103, ""max_depth"": 7, ""min_samples_leaf"": 2, ""min_samples_split"": 2, ""criterion"": ""gini"", ""class_weight"": null}"
647,2026-06-06T04:56:08.442214+00:00,rf,ranking_xgb,647,4815,5,994,0.6426408549694349,719,275,0.49359846281035724,"[""V11"", ""V160"", ""V255"", ""V176"", ""V191""]","{""n_estimators"": 389, ""max_depth"": 9, ""min_samples_leaf"": 2, ""min_samples_split"": 6, ""criterion"": ""gini"", ""class_weight"": null}"
648,2026-06-06T04:58:27.682723+00:00,rf,ranking_xgb,648,4760,5,999,0.6414621930655053,717,282,0.493320070378966,"[""V11"", ""V160"", ""V255"", ""V176"", ""V191""]","{""n_estimators"": 413, ""max_depth"": 9, ""min_samples_leaf"": 1, ""min_samples_split"": 5, ""criterion"": ""gini"", ""class_weight"": null}"
649,2026-06-06T05:00:04.575445+00:00,rf,ranking_xgb,649,4935,5,1000,0.6128755201570906,729,271,0.4982291248223144,"[""V11"", ""V160"", ""V255"", ""V176"", ""V191""]","{""n_estimators"": 264, ""max_depth"": 6, ""min_samples_leaf"": 2, ""min_samples_split"": 4, ""criterion"": ""entropy"", ""class_weight"": ""balanced""}"
650,2026-06-06T05:02:03.903469+00:00,rf,ranking_xgb,650,4815,5,997,0.6393915767757323,720,277,0.4933070492593737,"[""V11"", ""V160"", ""V255"", ""V176"", ""V191""]","{""n_estimators"": 352, ""max_depth"": 9, ""min_samples_leaf"": 1, ""min_samples_split"": 2, ""criterion"": ""gini"", ""class_weight"": null}"
651,2026-06-06T05:02:54.806253+00:00,rf,ranking_xgb,651,4875,5,1000,0.6428438210085605,725,275,0.493849800885086,"[""V11"", ""V160"", ""V255"", ""V176"", ""V191""]","{""n_estimators"": 142, ""max_depth"": 9, ""min_samples_leaf"": 3, ""min_samples_split"": 3, ""criterion"": ""gini"", ""class_weight"": null}"
652,2026-06-06T05:04:33.745368+00:00,rf,ranking_xgb,652,4815,5,1000,0.5908217209298254,721,279,0.49846483919151496,"[""V11"", ""V160"", ""V255"", ""V176"", ""V191""]","{""n_estimators"": 273, ""max_depth"": 4, ""min_samples_leaf"": 4, ""min_samples_split"": 4, ""criterion"": ""gini"", ""class_weight"": ""balanced""}"
653,2026-06-06T05:06:37.512686+00:00,rf,ranking_xgb,653,4890,5,997,0.6101241349843678,725,272,0.4959379097093268,"[""V11"", ""V160"", ""V255"", ""V176"", ""V191""]","{""n_estimators"": 369, ""max_depth"": 6, ""min_samples_leaf"": 1, ""min_samples_split"": 6, ""criterion"": ""entropy"", ""class_weight"": null}"
654,2026-06-06T05:07:51.921832+00:00,rf,ranking_xgb,654,4665,5,1000,0.6581224591085926,711,289,0.49268121992667285,"[""V11"", ""V160"", ""V255"", ""V176"", ""V191""]","{""n_estimators"": 212, ""max_depth"": 11, ""min_samples_leaf"": 3, ""min_samples_split"": 5, ""criterion"": ""gini"", ""class_weight"": null}"
655,2026-06-06T05:10:49.628075+00:00,rf,ranking_xgb,655,4845,5,997,0.6503108759155404,722,275,0.49637348226565836,"[""V11"", ""V160"", ""V255"", ""V176"", ""V191""]","{""n_estimators"": 490, ""max_depth"": 10, ""min_samples_leaf"": 4, ""min_samples_split"": 2, ""criterion"": ""entropy"", ""class_weight"": ""balanced""}"
656,2026-06-06T05:13:25.657351+00:00,rf,ranking_xgb,656,4850,5,996,0.5869812195234477,722,274,0.4965450337336868,"[""V11"", ""V160"", ""V255"", ""V176"", ""V191""]","{""n_estimators"": 473, ""max_depth"": 4, ""min_samples_leaf"": 4, ""min_samples_split"": 3, ""criterion"": ""gini"", ""class_weight"": null}"
657,2026-06-06T05:14:48.293664+00:00,rf,ranking_xgb,657,4805,5,999,0.6571054363401806,720,279,0.4940666130952022,"[""V11"", ""V160"", ""V255"", ""V176"", ""V191""]","{""n_estimators"": 221, ""max_depth"": 11, ""min_samples_leaf"": 2, ""min_samples_split"": 2, ""criterion"": ""gini"", ""class_weight"": ""balanced""}"
658,2026-06-06T05:16:48.209872+00:00,rf,ranking_xgb,658,4845,5,1000,0.6385975675079626,723,277,0.4941601829437054,"[""V11"", ""V160"", ""V255"", ""V176"", ""V191""]","{""n_estimators"": 348, ""max_depth"": 9, ""min_samples_leaf"": 3, ""min_samples_split"": 4, ""criterion"": ""entropy"", ""class_weight"": null}"
659,2026-06-06T05:19:28.779678+00:00,rf,ranking_xgb,659,4980,5,1000,0.6097586367132273,732,268,0.4974487404448572,"[""V11"", ""V160"", ""V255"", ""V176"", ""V191""]","{""n_estimators"": 446, ""max_depth"": 6, ""min_samples_leaf"": 2, ""min_samples_split"": 3, ""criterion"": ""entropy"", ""class_weight"": ""balanced""}"
660,2026-06-06T05:21:34.392989+00:00,rf,ranking_xgb,660,4940,5,999,0.6340963682610447,729,270,0.49697180275689734,"[""V11"", ""V160"", ""V255"", ""V176"", ""V191""]","{""n_estimators"": 345, ""max_depth"": 8, ""min_samples_leaf"": 3, ""min_samples_split"": 2, ""criterion"": ""entropy"", ""class_weight"": ""balanced""}"
661,2026-06-06T05:23:24.506103+00:00,rf,ranking_xgb,661,4800,5,1000,0.5834484877815477,720,280,0.4966996567613235,"[""V11"", ""V160"", ""V255"", ""V176"", ""V191""]","{""n_estimators"": 327, ""max_depth"": 4, ""min_samples_leaf"": 2, ""min_samples_split"": 2, ""criterion"": ""entropy"", ""class_weight"": null}"
662,2026-06-06T05:25:14.056803+00:00,rf,ranking_xgb,662,4895,5,999,0.6107114878473474,726,273,0.49589363228673994,"[""V11"", ""V160"", ""V255"", ""V176"", ""V191""]","{""n_estimators"": 323, ""max_depth"": 6, ""min_samples_leaf"": 1, ""min_samples_split"": 9, ""criterion"": ""entropy"", ""class_weight"": null}"
663,2026-06-06T05:27:26.313287+00:00,rf,ranking_xgb,663,4875,5,1000,0.6020688783780562,725,275,0.49798684042934654,"[""V11"", ""V160"", ""V255"", ""V176"", ""V191""]","{""n_estimators"": 369, ""max_depth"": 5, ""min_samples_leaf"": 3, ""min_samples_split"": 4, ""criterion"": ""gini"", ""class_weight"": ""balanced""}"
664,2026-06-06T05:28:26.811140+00:00,rf,ranking_xgb,664,4950,5,1000,0.6021145065476632,730,270,0.4985920582443488,"[""V11"", ""V160"", ""V255"", ""V176"", ""V191""]","{""n_estimators"": 160, ""max_depth"": 5, ""min_samples_leaf"": 2, ""min_samples_split"": 4, ""criterion"": ""entropy"", ""class_weight"": ""balanced""}"
665,2026-06-06T05:31:07.040069+00:00,rf,ranking_xgb,665,4695,5,1000,0.6600223634248212,713,287,0.4930027864373851,"[""V11"", ""V160"", ""V255"", ""V176"", ""V191""]","{""n_estimators"": 475, ""max_depth"": 11, ""min_samples_leaf"": 3, ""min_samples_split"": 6, ""criterion"": ""gini"", ""class_weight"": null}"
666,2026-06-06T05:32:44.263528+00:00,rf,ranking_xgb,666,4905,5,1000,0.620229712544737,727,273,0.49544782464649617,"[""V11"", ""V160"", ""V255"", ""V176"", ""V191""]","{""n_estimators"": 283, ""max_depth"": 7, ""min_samples_leaf"": 3, ""min_samples_split"": 6, ""criterion"": ""entropy"", ""class_weight"": null}"
667,2026-06-06T05:34:25.196572+00:00,rf,ranking_xgb,667,4850,5,999,0.6516899241864794,723,276,0.49361493053890243,"[""V11"", ""V160"", ""V255"", ""V176"", ""V191""]","{""n_estimators"": 286, ""max_depth"": 11, ""min_samples_leaf"": 3, ""min_samples_split"": 7, ""criterion"": ""entropy"", ""class_weight"": null}"
668,2026-06-06T05:35:54.677683+00:00,rf,ranking_xgb,668,4900,5,998,0.5996239214607668,726,272,0.4963319848573301,"[""V11"", ""V160"", ""V255"", ""V176"", ""V191""]","{""n_estimators"": 263, ""max_depth"": 5, ""min_samples_leaf"": 4, ""min_samples_split"": 3, ""criterion"": ""entropy"", ""class_weight"": null}"
669,2026-06-06T05:38:09.316585+00:00,rf,ranking_xgb,669,4725,5,1000,0.6599610604450781,715,285,0.4956038526711285,"[""V11"", ""V160"", ""V255"", ""V176"", ""V191""]","{""n_estimators"": 373, ""max_depth"": 11, ""min_samples_leaf"": 4, ""min_samples_split"": 5, ""criterion"": ""gini"", ""class_weight"": ""balanced""}"
670,2026-06-06T05:41:06.978759+00:00,rf,ranking_xgb,670,4785,5,1000,0.6330909383668101,719,281,0.4972098910713836,"[""V11"", ""V160"", ""V255"", ""V176"", ""V191""]","{""n_estimators"": 493, ""max_depth"": 8, ""min_samples_leaf"": 2, ""min_samples_split"": 2, ""criterion"": ""entropy"", ""class_weight"": ""balanced""}"
671,2026-06-06T05:43:21.124442+00:00,rf,ranking_xgb,671,4955,5,999,0.6439898854234762,730,269,0.4935372745489511,"[""V11"", ""V160"", ""V255"", ""V176"", ""V191""]","{""n_estimators"": 400, ""max_depth"": 9, ""min_samples_leaf"": 3, ""min_samples_split"": 3, ""criterion"": ""gini"", ""class_weight"": null}"
672,2026-06-06T05:44:40.331054+00:00,rf,ranking_xgb,672,5070,5,997,0.6129163572565928,737,260,0.49581957492755535,"[""V11"", ""V160"", ""V255"", ""V176"", ""V191""]","{""n_estimators"": 229, ""max_depth"": 6, ""min_samples_leaf"": 2, ""min_samples_split"": 9, ""criterion"": ""entropy"", ""class_weight"": null}"
673,2026-06-06T05:46:38.474112+00:00,rf,ranking_xgb,673,4830,5,1000,0.5896946562810823,722,278,0.49863617744284894,"[""V11"", ""V160"", ""V255"", ""V176"", ""V191""]","{""n_estimators"": 329, ""max_depth"": 4, ""min_samples_leaf"": 2, ""min_samples_split"": 2, ""criterion"": ""gini"", ""class_weight"": ""balanced""}"
674,2026-06-06T05:47:07.605472+00:00,rf,ranking_xgb,674,4955,5,999,0.6378299969474241,730,269,0.4934564610255559,"[""V11"", ""V160"", ""V255"", ""V176"", ""V191""]","{""n_estimators"": 75, ""max_depth"": 9, ""min_samples_leaf"": 2, ""min_samples_split"": 5, ""criterion"": ""entropy"", ""class_weight"": null}"
675,2026-06-06T05:48:36.246771+00:00,rf,ranking_xgb,675,4760,5,999,0.6526908843863375,717,282,0.4954993797567098,"[""V11"", ""V160"", ""V255"", ""V176"", ""V191""]","{""n_estimators"": 239, ""max_depth"": 10, ""min_samples_leaf"": 3, ""min_samples_split"": 3, ""criterion"": ""gini"", ""class_weight"": ""balanced""}"
676,2026-06-06T05:49:52.686987+00:00,rf,ranking_xgb,676,4800,5,1000,0.6206557059963816,720,280,0.49506679209032917,"[""V11"", ""V160"", ""V255"", ""V176"", ""V191""]","{""n_estimators"": 219, ""max_depth"": 7, ""min_samples_leaf"": 1, ""min_samples_split"": 4, ""criterion"": ""entropy"", ""class_weight"": null}"
677,2026-06-06T05:51:51.519315+00:00,rf,ranking_xgb,677,4905,5,1000,0.5850321411133058,727,273,0.4965535783607641,"[""V11"", ""V160"", ""V255"", ""V176"", ""V191""]","{""n_estimators"": 358, ""max_depth"": 4, ""min_samples_leaf"": 1, ""min_samples_split"": 2, ""criterion"": ""entropy"", ""class_weight"": null}"
678,2026-06-06T05:53:42.039715+00:00,rf,ranking_xgb,678,4865,5,996,0.6033585751037971,723,273,0.49856974912091134,"[""V11"", ""V160"", ""V255"", ""V176"", ""V191""]","{""n_estimators"": 306, ""max_depth"": 5, ""min_samples_leaf"": 3, ""min_samples_split"": 2, ""criterion"": ""gini"", ""class_weight"": ""balanced""}"
679,2026-06-06T05:54:32.204286+00:00,rf,ranking_xgb,679,4940,5,996,0.6010012019417852,728,268,0.49890628208052995,"[""V11"", ""V160"", ""V255"", ""V176"", ""V191""]","{""n_estimators"": 131, ""max_depth"": 5, ""min_samples_leaf"": 3, ""min_samples_split"": 4, ""criterion"": ""entropy"", ""class_weight"": ""balanced""}"
680,2026-06-06T05:56:10.473986+00:00,rf,ranking_xgb,680,4815,5,1000,0.6501524915103073,721,279,0.4963198366279273,"[""V11"", ""V160"", ""V255"", ""V176"", ""V191""]","{""n_estimators"": 263, ""max_depth"": 10, ""min_samples_leaf"": 3, ""min_samples_split"": 8, ""criterion"": ""entropy"", ""class_weight"": ""balanced""}"
681,2026-06-06T05:56:35.152114+00:00,rf,ranking_xgb,681,4755,5,1000,0.6535423309899704,717,283,0.4920131059684012,"[""V11"", ""V160"", ""V255"", ""V176"", ""V191""]","{""n_estimators"": 62, ""max_depth"": 11, ""min_samples_leaf"": 3, ""min_samples_split"": 3, ""criterion"": ""gini"", ""class_weight"": null}"
682,2026-06-06T05:57:50.835408+00:00,rf,ranking_xgb,682,4835,5,999,0.6466236879162959,722,277,0.49588041055290877,"[""V11"", ""V160"", ""V255"", ""V176"", ""V191""]","{""n_estimators"": 199, ""max_depth"": 10, ""min_samples_leaf"": 3, ""min_samples_split"": 7, ""criterion"": ""entropy"", ""class_weight"": ""balanced""}"
683,2026-06-06T05:59:32.896715+00:00,rf,ranking_xgb,683,4980,5,1000,0.6251532100208126,732,268,0.49741105989307377,"[""V11"", ""V160"", ""V255"", ""V176"", ""V191""]","{""n_estimators"": 279, ""max_depth"": 7, ""min_samples_leaf"": 4, ""min_samples_split"": 5, ""criterion"": ""gini"", ""class_weight"": ""balanced""}"
684,2026-06-06T06:00:00.223163+00:00,rf,ranking_xgb,684,4865,5,999,0.6462084692879955,724,275,0.49277050288020474,"[""V11"", ""V160"", ""V255"", ""V176"", ""V191""]","{""n_estimators"": 71, ""max_depth"": 10, ""min_samples_leaf"": 2, ""min_samples_split"": 4, ""criterion"": ""gini"", ""class_weight"": null}"
685,2026-06-06T06:00:52.072928+00:00,rf,ranking_xgb,685,4965,5,1000,0.6440431740013517,731,269,0.493947608845187,"[""V11"", ""V160"", ""V255"", ""V176"", ""V191""]","{""n_estimators"": 141, ""max_depth"": 10, ""min_samples_leaf"": 3, ""min_samples_split"": 3, ""criterion"": ""entropy"", ""class_weight"": null}"
686,2026-06-06T06:02:09.981788+00:00,rf,ranking_xgb,686,4875,5,997,0.6338352151327101,724,273,0.4960169148988001,"[""V11"", ""V160"", ""V255"", ""V176"", ""V191""]","{""n_estimators"": 210, ""max_depth"": 8, ""min_samples_leaf"": 1, ""min_samples_split"": 4, ""criterion"": ""gini"", ""class_weight"": ""balanced""}"
687,2026-06-06T06:04:45.954343+00:00,rf,ranking_xgb,687,4920,5,1000,0.6298026314450301,728,272,0.4969276792950892,"[""V11"", ""V160"", ""V255"", ""V176"", ""V191""]","{""n_estimators"": 432, ""max_depth"": 8, ""min_samples_leaf"": 3, ""min_samples_split"": 4, ""criterion"": ""entropy"", ""class_weight"": ""balanced""}"
688,2026-06-06T06:06:15.924392+00:00,rf,ranking_xgb,688,4805,5,999,0.6484286179820015,720,279,0.4924336288389248,"[""V11"", ""V160"", ""V255"", ""V176"", ""V191""]","{""n_estimators"": 263, ""max_depth"": 10, ""min_samples_leaf"": 1, ""min_samples_split"": 3, ""criterion"": ""gini"", ""class_weight"": null}"
689,2026-06-06T06:08:58.946075+00:00,rf,ranking_xgb,689,4985,5,999,0.6288342813656609,732,267,0.494864125632412,"[""V11"", ""V160"", ""V255"", ""V176"", ""V191""]","{""n_estimators"": 483, ""max_depth"": 8, ""min_samples_leaf"": 4, ""min_samples_split"": 3, ""criterion"": ""entropy"", ""class_weight"": null}"
690,2026-06-06T06:09:21.484917+00:00,rf,ranking_xgb,690,5005,5,998,0.6161324163452494,733,265,0.4980149089858332,"[""V11"", ""V160"", ""V255"", ""V176"", ""V191""]","{""n_estimators"": 52, ""max_depth"": 6, ""min_samples_leaf"": 2, ""min_samples_split"": 7, ""criterion"": ""entropy"", ""class_weight"": ""balanced""}"
691,2026-06-06T06:11:49.591424+00:00,rf,ranking_xgb,691,4890,5,1000,0.6395627449111304,726,274,0.4962245150120569,"[""V11"", ""V160"", ""V255"", ""V176"", ""V191""]","{""n_estimators"": 407, ""max_depth"": 9, ""min_samples_leaf"": 2, ""min_samples_split"": 8, ""criterion"": ""entropy"", ""class_weight"": ""balanced""}"
692,2026-06-06T06:14:16.405838+00:00,rf,ranking_xgb,692,4845,5,1000,0.6171813942071503,723,277,0.49783681487243364,"[""V11"", ""V160"", ""V255"", ""V176"", ""V191""]","{""n_estimators"": 410, ""max_depth"": 6, ""min_samples_leaf"": 3, ""min_samples_split"": 8, ""criterion"": ""gini"", ""class_weight"": ""balanced""}"
693,2026-06-06T06:14:46.522058+00:00,rf,ranking_xgb,693,4755,5,1000,0.5915532865765842,717,283,0.49660885444947706,"[""V11"", ""V160"", ""V255"", ""V176"", ""V191""]","{""n_estimators"": 82, ""max_depth"": 4, ""min_samples_leaf"": 3, ""min_samples_split"": 9, ""criterion"": ""gini"", ""class_weight"": null}"
694,2026-06-06T06:16:27.075902+00:00,rf,ranking_xgb,694,4665,5,1000,0.6549886014995744,711,289,0.4915374416364921,"[""V11"", ""V160"", ""V255"", ""V176"", ""V191""]","{""n_estimators"": 292, ""max_depth"": 11, ""min_samples_leaf"": 1, ""min_samples_split"": 7, ""criterion"": ""gini"", ""class_weight"": null}"
695,2026-06-06T06:18:59.039344+00:00,rf,ranking_xgb,695,4785,5,1000,0.6537575355265611,719,281,0.49512373561359363,"[""V11"", ""V160"", ""V255"", ""V176"", ""V191""]","{""n_estimators"": 415, ""max_depth"": 11, ""min_samples_leaf"": 1, ""min_samples_split"": 9, ""criterion"": ""entropy"", ""class_weight"": ""balanced""}"
696,2026-06-06T06:20:08.060546+00:00,rf,ranking_xgb,696,4765,5,998,0.6442899362036301,717,281,0.49439872492617143,"[""V11"", ""V160"", ""V255"", ""V176"", ""V191""]","{""n_estimators"": 196, ""max_depth"": 9, ""min_samples_leaf"": 3, ""min_samples_split"": 7, ""criterion"": ""gini"", ""class_weight"": null}"
697,2026-06-06T06:22:52.286343+00:00,rf,ranking_xgb,697,4965,5,997,0.6134980161291351,730,267,0.4954633634862925,"[""V11"", ""V160"", ""V255"", ""V176"", ""V191""]","{""n_estimators"": 497, ""max_depth"": 6, ""min_samples_leaf"": 4, ""min_samples_split"": 4, ""criterion"": ""gini"", ""class_weight"": null}"
698,2026-06-06T06:25:28.252482+00:00,rf,ranking_xgb,698,4965,5,1000,0.6122547946926685,731,269,0.4956702258217736,"[""V11"", ""V160"", ""V255"", ""V176"", ""V191""]","{""n_estimators"": 468, ""max_depth"": 6, ""min_samples_leaf"": 3, ""min_samples_split"": 5, ""criterion"": ""gini"", ""class_weight"": null}"
699,2026-06-06T06:26:46.371876+00:00,rf,ranking_xgb,699,4920,5,1000,0.6390578472172098,728,272,0.4943004665342615,"[""V11"", ""V160"", ""V255"", ""V176"", ""V191""]","{""n_estimators"": 220, ""max_depth"": 9, ""min_samples_leaf"": 1, ""min_samples_split"": 8, ""criterion"": ""entropy"", ""class_weight"": null}"
700,2026-06-06T06:28:24.543987+00:00,rf,ranking_xgb,700,4825,5,995,0.6456913685435067,720,275,0.4959251458183664,"[""V11"", ""V160"", ""V255"", ""V176"", ""V191""]","{""n_estimators"": 267, ""max_depth"": 9, ""min_samples_leaf"": 2, ""min_samples_split"": 9, ""criterion"": ""gini"", ""class_weight"": ""balanced""}"
701,2026-06-06T06:29:02.516106+00:00,rf,ranking_xgb,701,5025,5,1000,0.6133142119078193,735,265,0.4954601863374664,"[""V11"", ""V160"", ""V255"", ""V176"", ""V191""]","{""n_estimators"": 105, ""max_depth"": 6, ""min_samples_leaf"": 4, ""min_samples_split"": 5, ""criterion"": ""gini"", ""class_weight"": null}"
702,2026-06-06T06:31:24.482642+00:00,rf,ranking_xgb,702,4890,5,1000,0.6309210988770574,726,274,0.4967279864360388,"[""V11"", ""V160"", ""V255"", ""V176"", ""V191""]","{""n_estimators"": 390, ""max_depth"": 8, ""min_samples_leaf"": 1, ""min_samples_split"": 7, ""criterion"": ""entropy"", ""class_weight"": ""balanced""}"
703,2026-06-06T06:32:59.336935+00:00,rf,ranking_xgb,703,4950,5,1000,0.602783244009246,730,270,0.4984229523816937,"[""V11"", ""V160"", ""V255"", ""V176"", ""V191""]","{""n_estimators"": 260, ""max_depth"": 5, ""min_samples_leaf"": 4, ""min_samples_split"": 8, ""criterion"": ""gini"", ""class_weight"": ""balanced""}"
704,2026-06-06T06:35:00.617025+00:00,rf,ranking_xgb,704,4920,5,1000,0.5877527021661371,728,272,0.4990063164347095,"[""V11"", ""V160"", ""V255"", ""V176"", ""V191""]","{""n_estimators"": 336, ""max_depth"": 4, ""min_samples_leaf"": 4, ""min_samples_split"": 2, ""criterion"": ""entropy"", ""class_weight"": ""balanced""}"
705,2026-06-06T06:36:02.124191+00:00,rf,ranking_xgb,705,4815,5,997,0.6358660652740685,720,277,0.493672307387906,"[""V11"", ""V160"", ""V255"", ""V176"", ""V191""]","{""n_estimators"": 170, ""max_depth"": 9, ""min_samples_leaf"": 2, ""min_samples_split"": 3, ""criterion"": ""entropy"", ""class_weight"": null}"
706,2026-06-06T06:37:09.103165+00:00,rf,ranking_xgb,706,4875,5,1000,0.6351046293956605,725,275,0.49458940562443393,"[""V11"", ""V160"", ""V255"", ""V176"", ""V191""]","{""n_estimators"": 195, ""max_depth"": 8, ""min_samples_leaf"": 3, ""min_samples_split"": 9, ""criterion"": ""gini"", ""class_weight"": null}"
707,2026-06-06T06:39:45.850947+00:00,rf,ranking_xgb,707,4875,5,1000,0.6307191196146242,725,275,0.49696812483560715,"[""V11"", ""V160"", ""V255"", ""V176"", ""V191""]","{""n_estimators"": 432, ""max_depth"": 8, ""min_samples_leaf"": 2, ""min_samples_split"": 3, ""criterion"": ""entropy"", ""class_weight"": ""balanced""}"
708,2026-06-06T06:41:58.024368+00:00,rf,ranking_xgb,708,4850,5,996,0.5869702898855967,722,274,0.49669200981570666,"[""V11"", ""V160"", ""V255"", ""V176"", ""V191""]","{""n_estimators"": 397, ""max_depth"": 4, ""min_samples_leaf"": 2, ""min_samples_split"": 9, ""criterion"": ""entropy"", ""class_weight"": null}"
709,2026-06-06T06:43:13.074757+00:00,rf,ranking_xgb,709,4965,5,1000,0.5974568405613897,731,269,0.4963835174507174,"[""V11"", ""V160"", ""V255"", ""V176"", ""V191""]","{""n_estimators"": 218, ""max_depth"": 5, ""min_samples_leaf"": 1, ""min_samples_split"": 3, ""criterion"": ""entropy"", ""class_weight"": null}"
710,2026-06-06T06:43:39.817241+00:00,rf,ranking_xgb,710,4755,5,1000,0.6347596267124987,717,283,0.4958766747246025,"[""V11"", ""V160"", ""V255"", ""V176"", ""V191""]","{""n_estimators"": 65, ""max_depth"": 8, ""min_samples_leaf"": 2, ""min_samples_split"": 5, ""criterion"": ""gini"", ""class_weight"": ""balanced""}"
711,2026-06-06T06:45:23.810607+00:00,rf,ranking_xgb,711,4845,5,1000,0.6495652335622338,723,277,0.4962934815086526,"[""V11"", ""V160"", ""V255"", ""V176"", ""V191""]","{""n_estimators"": 280, ""max_depth"": 10, ""min_samples_leaf"": 2, ""min_samples_split"": 9, ""criterion"": ""entropy"", ""class_weight"": ""balanced""}"
712,2026-06-06T06:48:02.434395+00:00,rf,ranking_xgb,712,4810,5,998,0.6525646897316667,720,278,0.49323049484474757,"[""V11"", ""V160"", ""V255"", ""V176"", ""V191""]","{""n_estimators"": 460, ""max_depth"": 11, ""min_samples_leaf"": 2, ""min_samples_split"": 4, ""criterion"": ""entropy"", ""class_weight"": null}"
713,2026-06-06T06:48:38.491142+00:00,rf,ranking_xgb,713,4835,5,999,0.6279882485962719,722,277,0.4953171223424197,"[""V11"", ""V160"", ""V255"", ""V176"", ""V191""]","{""n_estimators"": 95, ""max_depth"": 8, ""min_samples_leaf"": 3, ""min_samples_split"": 7, ""criterion"": ""entropy"", ""class_weight"": null}"
714,2026-06-06T06:50:07.997131+00:00,rf,ranking_xgb,714,4905,5,1000,0.6450904091425463,727,273,0.49361197598602485,"[""V11"", ""V160"", ""V255"", ""V176"", ""V191""]","{""n_estimators"": 255, ""max_depth"": 10, ""min_samples_leaf"": 2, ""min_samples_split"": 5, ""criterion"": ""entropy"", ""class_weight"": null}"
715,2026-06-06T06:52:21.032697+00:00,rf,ranking_xgb,715,4845,5,1000,0.5987935662767957,723,277,0.49638804045300583,"[""V11"", ""V160"", ""V255"", ""V176"", ""V191""]","{""n_estimators"": 401, ""max_depth"": 5, ""min_samples_leaf"": 2, ""min_samples_split"": 2, ""criterion"": ""gini"", ""class_weight"": null}"
716,2026-06-06T06:55:15.293632+00:00,rf,ranking_xgb,716,4920,5,1000,0.6013900546276326,728,272,0.49857740319980337,"[""V11"", ""V160"", ""V255"", ""V176"", ""V191""]","{""n_estimators"": 488, ""max_depth"": 5, ""min_samples_leaf"": 3, ""min_samples_split"": 5, ""criterion"": ""gini"", ""class_weight"": ""balanced""}"
717,2026-06-06T06:55:44.513345+00:00,rf,ranking_xgb,717,4860,5,1000,0.6145220519043381,724,276,0.49793993704505357,"[""V11"", ""V160"", ""V255"", ""V176"", ""V191""]","{""n_estimators"": 72, ""max_depth"": 6, ""min_samples_leaf"": 4, ""min_samples_split"": 5, ""criterion"": ""entropy"", ""class_weight"": ""balanced""}"
718,2026-06-06T06:56:52.360606+00:00,rf,ranking_xgb,718,4950,5,1000,0.6258192591870876,730,270,0.49753246467327605,"[""V11"", ""V160"", ""V255"", ""V176"", ""V191""]","{""n_estimators"": 181, ""max_depth"": 7, ""min_samples_leaf"": 4, ""min_samples_split"": 3, ""criterion"": ""gini"", ""class_weight"": ""balanced""}"
719,2026-06-06T06:57:34.577590+00:00,rf,ranking_xgb,719,4845,5,1000,0.6353852243952139,723,277,0.49446670052374503,"[""V11"", ""V160"", ""V255"", ""V176"", ""V191""]","{""n_estimators"": 116, ""max_depth"": 8, ""min_samples_leaf"": 4, ""min_samples_split"": 4, ""criterion"": ""gini"", ""class_weight"": null}"
720,2026-06-06T07:00:29.527366+00:00,rf,ranking_xgb,720,4880,5,999,0.6337942144660489,725,274,0.4958908067597611,"[""V11"", ""V160"", ""V255"", ""V176"", ""V191""]","{""n_estimators"": 487, ""max_depth"": 8, ""min_samples_leaf"": 3, ""min_samples_split"": 3, ""criterion"": ""gini"", ""class_weight"": ""balanced""}"
721,2026-06-06T07:01:52.835267+00:00,rf,ranking_xgb,721,4865,5,999,0.6158075046244418,724,275,0.49750319592825365,"[""V11"", ""V160"", ""V255"", ""V176"", ""V191""]","{""n_estimators"": 225, ""max_depth"": 6, ""min_samples_leaf"": 1, ""min_samples_split"": 6, ""criterion"": ""gini"", ""class_weight"": ""balanced""}"
722,2026-06-06T07:03:19.827196+00:00,rf,ranking_xgb,722,5025,5,1000,0.6110293123392496,735,265,0.49767406858268776,"[""V11"", ""V160"", ""V255"", ""V176"", ""V191""]","{""n_estimators"": 235, ""max_depth"": 6, ""min_samples_leaf"": 2, ""min_samples_split"": 2, ""criterion"": ""entropy"", ""class_weight"": ""balanced""}"
723,2026-06-06T07:04:14.288605+00:00,rf,ranking_xgb,723,5020,5,998,0.613537681701609,734,264,0.49556083474885765,"[""V11"", ""V160"", ""V255"", ""V176"", ""V191""]","{""n_estimators"": 154, ""max_depth"": 6, ""min_samples_leaf"": 1, ""min_samples_split"": 6, ""criterion"": ""gini"", ""class_weight"": null}"
724,2026-06-06T07:06:28.265312+00:00,rf,ranking_xgb,724,4920,5,1000,0.611913095181362,728,272,0.49589334776078847,"[""V11"", ""V160"", ""V255"", ""V176"", ""V191""]","{""n_estimators"": 403, ""max_depth"": 6, ""min_samples_leaf"": 4, ""min_samples_split"": 6, ""criterion"": ""gini"", ""class_weight"": null}"
725,2026-06-06T07:06:52.208434+00:00,rf,ranking_xgb,725,4815,6,999,0.6258925490025887,734,265,0.4976431520645552,"[""V11"", ""V160"", ""V255"", ""V176"", ""V191"", ""V224""]","{""n_estimators"": 56, ""max_depth"": 8, ""min_samples_leaf"": 1, ""min_samples_split"": 3, ""criterion"": ""gini"", ""class_weight"": ""balanced""}"
726,2026-06-06T07:09:19.932030+00:00,rf,ranking_xgb,726,4925,5,999,0.5992200714607812,728,271,0.49856827892454303,"[""V11"", ""V160"", ""V255"", ""V176"", ""V191""]","{""n_estimators"": 411, ""max_depth"": 5, ""min_samples_leaf"": 4, ""min_samples_split"": 8, ""criterion"": ""entropy"", ""class_weight"": ""balanced""}"
727,2026-06-06T07:11:55.902375+00:00,rf,ranking_xgb,727,4920,5,997,0.6308078989851169,727,270,0.494979984316351,"[""V11"", ""V160"", ""V255"", ""V176"", ""V191""]","{""n_estimators"": 460, ""max_depth"": 8, ""min_samples_leaf"": 2, ""min_samples_split"": 8, ""criterion"": ""entropy"", ""class_weight"": null}"
728,2026-06-06T07:12:55.923027+00:00,rf,ranking_xgb,728,4905,5,1000,0.61647707647548,727,273,0.4956439855654694,"[""V11"", ""V160"", ""V255"", ""V176"", ""V191""]","{""n_estimators"": 172, ""max_depth"": 6, ""min_samples_leaf"": 1, ""min_samples_split"": 6, ""criterion"": ""gini"", ""class_weight"": null}"
729,2026-06-06T07:14:48.662644+00:00,rf,ranking_xgb,729,4830,5,1000,0.5886852714487053,722,278,0.4988290990481402,"[""V11"", ""V160"", ""V255"", ""V176"", ""V191""]","{""n_estimators"": 311, ""max_depth"": 4, ""min_samples_leaf"": 3, ""min_samples_split"": 2, ""criterion"": ""entropy"", ""class_weight"": ""balanced""}"
730,2026-06-06T07:15:55.695253+00:00,rf,ranking_xgb,730,4860,5,1000,0.6408006040143062,724,276,0.49651762970635444,"[""V11"", ""V160"", ""V255"", ""V176"", ""V191""]","{""n_estimators"": 175, ""max_depth"": 9, ""min_samples_leaf"": 3, ""min_samples_split"": 9, ""criterion"": ""entropy"", ""class_weight"": ""balanced""}"
731,2026-06-06T07:17:41.293772+00:00,rf,ranking_xgb,731,4850,5,999,0.6295908798271489,723,276,0.4937092527575099,"[""V11"", ""V160"", ""V255"", ""V176"", ""V191""]","{""n_estimators"": 310, ""max_depth"": 8, ""min_samples_leaf"": 1, ""min_samples_split"": 4, ""criterion"": ""gini"", ""class_weight"": null}"
732,2026-06-06T07:18:33.839609+00:00,rf,ranking_xgb,732,4905,5,1000,0.600610655992251,727,273,0.49755972747305477,"[""V11"", ""V160"", ""V255"", ""V176"", ""V191""]","{""n_estimators"": 139, ""max_depth"": 5, ""min_samples_leaf"": 3, ""min_samples_split"": 7, ""criterion"": ""gini"", ""class_weight"": ""balanced""}"
733,2026-06-06T07:20:56.144480+00:00,rf,ranking_xgb,733,4935,5,1000,0.5997122899778059,729,271,0.49879362892873524,"[""V11"", ""V160"", ""V255"", ""V176"", ""V191""]","{""n_estimators"": 395, ""max_depth"": 5, ""min_samples_leaf"": 4, ""min_samples_split"": 5, ""criterion"": ""entropy"", ""class_weight"": ""balanced""}"
734,2026-06-06T07:22:02.794520+00:00,rf,ranking_xgb,734,4830,5,1000,0.6464061819345436,722,278,0.4958715398736835,"[""V11"", ""V160"", ""V255"", ""V176"", ""V191""]","{""n_estimators"": 175, ""max_depth"": 10, ""min_samples_leaf"": 3, ""min_samples_split"": 6, ""criterion"": ""entropy"", ""class_weight"": ""balanced""}"
735,2026-06-06T07:24:51.435270+00:00,rf,ranking_xgb,735,4925,5,999,0.6384323270575688,728,271,0.49420953502390386,"[""V11"", ""V160"", ""V255"", ""V176"", ""V191""]","{""n_estimators"": 495, ""max_depth"": 9, ""min_samples_leaf"": 3, ""min_samples_split"": 2, ""criterion"": ""entropy"", ""class_weight"": null}"
736,2026-06-06T07:26:06.024851+00:00,rf,ranking_xgb,736,4685,5,999,0.6490326718843791,712,287,0.49397259684050987,"[""V11"", ""V160"", ""V255"", ""V176"", ""V191""]","{""n_estimators"": 198, ""max_depth"": 10, ""min_samples_leaf"": 1, ""min_samples_split"": 3, ""criterion"": ""gini"", ""class_weight"": ""balanced""}"
737,2026-06-06T07:28:36.878704+00:00,rf,ranking_xgb,737,4780,5,992,0.6344955383041505,716,276,0.49609154651338533,"[""V11"", ""V160"", ""V255"", ""V176"", ""V191""]","{""n_estimators"": 419, ""max_depth"": 8, ""min_samples_leaf"": 2, ""min_samples_split"": 3, ""criterion"": ""gini"", ""class_weight"": ""balanced""}"
738,2026-06-06T07:29:24.097819+00:00,rf,ranking_xgb,738,4845,5,1000,0.5920089533315144,723,277,0.49853421688205835,"[""V11"", ""V160"", ""V255"", ""V176"", ""V191""]","{""n_estimators"": 123, ""max_depth"": 4, ""min_samples_leaf"": 1, ""min_samples_split"": 7, ""criterion"": ""gini"", ""class_weight"": ""balanced""}"
739,2026-06-06T07:31:30.394898+00:00,rf,ranking_xgb,739,4815,5,1000,0.6124558510402767,721,279,0.49552609354470323,"[""V11"", ""V160"", ""V255"", ""V176"", ""V191""]","{""n_estimators"": 377, ""max_depth"": 6, ""min_samples_leaf"": 3, ""min_samples_split"": 9, ""criterion"": ""gini"", ""class_weight"": null}"
740,2026-06-06T07:32:39.277431+00:00,rf,ranking_xgb,740,4910,5,996,0.6226150102012823,726,270,0.4950950229856252,"[""V11"", ""V160"", ""V255"", ""V176"", ""V191""]","{""n_estimators"": 195, ""max_depth"": 7, ""min_samples_leaf"": 1, ""min_samples_split"": 9, ""criterion"": ""entropy"", ""class_weight"": null}"
741,2026-06-06T07:34:06.668620+00:00,rf,ranking_xgb,741,4950,5,1000,0.5862364795149695,730,270,0.49849898148398936,"[""V11"", ""V160"", ""V255"", ""V176"", ""V191""]","{""n_estimators"": 239, ""max_depth"": 4, ""min_samples_leaf"": 3, ""min_samples_split"": 3, ""criterion"": ""entropy"", ""class_weight"": ""balanced""}"
742,2026-06-06T07:35:53.258015+00:00,rf,ranking_xgb,742,4850,5,999,0.6231532458706552,723,276,0.4946823528822661,"[""V11"", ""V160"", ""V255"", ""V176"", ""V191""]","{""n_estimators"": 314, ""max_depth"": 7, ""min_samples_leaf"": 1, ""min_samples_split"": 8, ""criterion"": ""gini"", ""class_weight"": null}"
743,2026-06-06T07:37:32.795024+00:00,rf,ranking_xgb,743,4830,5,1000,0.645259511824862,722,278,0.49540771238179093,"[""V11"", ""V160"", ""V255"", ""V176"", ""V191""]","{""n_estimators"": 268, ""max_depth"": 10, ""min_samples_leaf"": 1, ""min_samples_split"": 7, ""criterion"": ""entropy"", ""class_weight"": ""balanced""}"
744,2026-06-06T07:39:32.117385+00:00,rf,ranking_xgb,744,4860,5,1000,0.6346714355088836,724,276,0.49595465779552944,"[""V11"", ""V160"", ""V255"", ""V176"", ""V191""]","{""n_estimators"": 328, ""max_depth"": 8, ""min_samples_leaf"": 1, ""min_samples_split"": 5, ""criterion"": ""gini"", ""class_weight"": ""balanced""}"
745,2026-06-06T07:42:16.562193+00:00,rf,ranking_xgb,745,4960,5,998,0.6324728845842473,730,268,0.4969914961564766,"[""V11"", ""V160"", ""V255"", ""V176"", ""V191""]","{""n_estimators"": 455, ""max_depth"": 8, ""min_samples_leaf"": 1, ""min_samples_split"": 2, ""criterion"": ""entropy"", ""class_weight"": ""balanced""}"
746,2026-06-06T07:42:46.534468+00:00,rf,ranking_xgb,746,4965,5,1000,0.6208111628023292,731,269,0.49784302950167364,"[""V11"", ""V160"", ""V255"", ""V176"", ""V191""]","{""n_estimators"": 73, ""max_depth"": 7, ""min_samples_leaf"": 2, ""min_samples_split"": 5, ""criterion"": ""entropy"", ""class_weight"": ""balanced""}"
747,2026-06-06T07:43:43.496975+00:00,rf,ranking_xgb,747,4685,7,1000,0.6340943525964167,739,261,0.49236404662684746,"[""V11"", ""V160"", ""V255"", ""V176"", ""V191"", ""V224"", ""V215""]","{""n_estimators"": 158, ""max_depth"": 10, ""min_samples_leaf"": 2, ""min_samples_split"": 2, ""criterion"": ""gini"", ""class_weight"": null}"
748,2026-06-06T07:45:57.400014+00:00,rf,ranking_xgb,748,4835,5,999,0.632482827129274,722,277,0.49423491686457016,"[""V11"", ""V160"", ""V255"", ""V176"", ""V191""]","{""n_estimators"": 398, ""max_depth"": 8, ""min_samples_leaf"": 1, ""min_samples_split"": 7, ""criterion"": ""gini"", ""class_weight"": null}"
749,2026-06-06T07:46:49.458258+00:00,rf,ranking_xgb,749,4940,5,999,0.6002376998608263,729,270,0.4962104859909559,"[""V11"", ""V160"", ""V255"", ""V176"", ""V191""]","{""n_estimators"": 147, ""max_depth"": 5, ""min_samples_leaf"": 2, ""min_samples_split"": 8, ""criterion"": ""gini"", ""class_weight"": null}"
750,2026-06-06T07:48:05.210110+00:00,rf,ranking_xgb,750,4755,5,997,0.6546715015993689,716,281,0.4961931488946998,"[""V11"", ""V160"", ""V255"", ""V176"", ""V191""]","{""n_estimators"": 197, ""max_depth"": 11, ""min_samples_leaf"": 4, ""min_samples_split"": 8, ""criterion"": ""entropy"", ""class_weight"": ""balanced""}"
751,2026-06-06T07:50:57.103906+00:00,rf,ranking_xgb,751,4985,5,999,0.6415580181707342,732,267,0.49634906809125334,"[""V11"", ""V160"", ""V255"", ""V176"", ""V191""]","{""n_estimators"": 474, ""max_depth"": 9, ""min_samples_leaf"": 1, ""min_samples_split"": 4, ""criterion"": ""entropy"", ""class_weight"": ""balanced""}"
752,2026-06-06T07:51:36.235049+00:00,rf,ranking_xgb,752,4965,5,1000,0.594535875216454,731,269,0.49670366356078877,"[""V11"", ""V160"", ""V255"", ""V176"", ""V191""]","{""n_estimators"": 111, ""max_depth"": 5, ""min_samples_leaf"": 3, ""min_samples_split"": 4, ""criterion"": ""entropy"", ""class_weight"": null}"
753,2026-06-06T07:52:10.894513+00:00,rf,ranking_xgb,753,4805,5,999,0.5855475132278252,720,279,0.4964046631106593,"[""V11"", ""V160"", ""V255"", ""V176"", ""V191""]","{""n_estimators"": 95, ""max_depth"": 4, ""min_samples_leaf"": 4, ""min_samples_split"": 8, ""criterion"": ""entropy"", ""class_weight"": null}"
754,2026-06-06T07:53:32.537269+00:00,rf,ranking_xgb,754,4865,5,999,0.6420786122025316,724,275,0.4930422684741668,"[""V11"", ""V160"", ""V255"", ""V176"", ""V191""]","{""n_estimators"": 236, ""max_depth"": 9, ""min_samples_leaf"": 2, ""min_samples_split"": 5, ""criterion"": ""gini"", ""class_weight"": null}"
755,2026-06-06T07:55:48.323985+00:00,rf,ranking_xgb,755,4950,5,1000,0.6121439075442074,730,270,0.4979743275572531,"[""V11"", ""V160"", ""V255"", ""V176"", ""V191""]","{""n_estimators"": 375, ""max_depth"": 6, ""min_samples_leaf"": 4, ""min_samples_split"": 3, ""criterion"": ""entropy"", ""class_weight"": ""balanced""}"
756,2026-06-06T07:56:59.300546+00:00,rf,ranking_xgb,756,4785,5,997,0.648330328307818,718,279,0.49436376391076053,"[""V11"", ""V160"", ""V255"", ""V176"", ""V191""]","{""n_estimators"": 198, ""max_depth"": 10, ""min_samples_leaf"": 4, ""min_samples_split"": 5, ""criterion"": ""entropy"", ""class_weight"": null}"
757,2026-06-06T07:59:40.690127+00:00,rf,ranking_xgb,757,4730,5,999,0.6527669904532722,715,284,0.49322007239593824,"[""V11"", ""V160"", ""V255"", ""V176"", ""V191""]","{""n_estimators"": 467, ""max_depth"": 11, ""min_samples_leaf"": 1, ""min_samples_split"": 2, ""criterion"": ""entropy"", ""class_weight"": null}"
758,2026-06-06T08:01:36.519912+00:00,rf,ranking_xgb,758,4815,5,1000,0.6523627294788226,721,279,0.4940923793099706,"[""V11"", ""V160"", ""V255"", ""V176"", ""V191""]","{""n_estimators"": 340, ""max_depth"": 10, ""min_samples_leaf"": 4, ""min_samples_split"": 8, ""criterion"": ""gini"", ""class_weight"": null}"
759,2026-06-06T08:03:37.124988+00:00,rf,ranking_xgb,759,4840,5,998,0.6448671813693336,722,276,0.494452741410468,"[""V11"", ""V160"", ""V255"", ""V176"", ""V191""]","{""n_estimators"": 355, ""max_depth"": 9, ""min_samples_leaf"": 4, ""min_samples_split"": 2, ""criterion"": ""gini"", ""class_weight"": null}"
760,2026-06-06T08:04:41.463533+00:00,rf,ranking_xgb,760,4815,5,1000,0.5877867227056564,721,279,0.4970951383131754,"[""V11"", ""V160"", ""V255"", ""V176"", ""V191""]","{""n_estimators"": 186, ""max_depth"": 4, ""min_samples_leaf"": 2, ""min_samples_split"": 7, ""criterion"": ""gini"", ""class_weight"": null}"
761,2026-06-06T08:07:23.889027+00:00,rf,ranking_xgb,761,4865,5,999,0.6138720188235254,724,275,0.4957660989776652,"[""V11"", ""V160"", ""V255"", ""V176"", ""V191""]","{""n_estimators"": 491, ""max_depth"": 6, ""min_samples_leaf"": 1, ""min_samples_split"": 7, ""criterion"": ""gini"", ""class_weight"": null}"
762,2026-06-06T08:09:17.129545+00:00,rf,ranking_xgb,762,4890,5,1000,0.6251416198177306,726,274,0.4954970887066564,"[""V11"", ""V160"", ""V255"", ""V176"", ""V191""]","{""n_estimators"": 335, ""max_depth"": 7, ""min_samples_leaf"": 3, ""min_samples_split"": 6, ""criterion"": ""gini"", ""class_weight"": null}"
763,2026-06-06T08:09:55.367981+00:00,rf,ranking_xgb,763,4770,5,1000,0.6408240057938002,718,282,0.4926092949653252,"[""V11"", ""V160"", ""V255"", ""V176"", ""V191""]","{""n_estimators"": 104, ""max_depth"": 9, ""min_samples_leaf"": 1, ""min_samples_split"": 7, ""criterion"": ""gini"", ""class_weight"": null}"
764,2026-06-06T08:12:22.924679+00:00,rf,ranking_xgb,764,4910,5,996,0.5873945820021381,726,270,0.49901987706958517,"[""V11"", ""V160"", ""V255"", ""V176"", ""V191""]","{""n_estimators"": 412, ""max_depth"": 4, ""min_samples_leaf"": 1, ""min_samples_split"": 7, ""criterion"": ""entropy"", ""class_weight"": ""balanced""}"
765,2026-06-06T08:13:45.011730+00:00,rf,ranking_xgb,765,5015,5,999,0.6133091438619593,734,265,0.4957505228876643,"[""V11"", ""V160"", ""V255"", ""V176"", ""V191""]","{""n_estimators"": 240, ""max_depth"": 6, ""min_samples_leaf"": 3, ""min_samples_split"": 6, ""criterion"": ""gini"", ""class_weight"": null}"
766,2026-06-06T08:14:16.674558+00:00,rf,ranking_xgb,766,4800,5,1000,0.5880840207138018,720,280,0.49808162110456167,"[""V11"", ""V160"", ""V255"", ""V176"", ""V191""]","{""n_estimators"": 79, ""max_depth"": 4, ""min_samples_leaf"": 3, ""min_samples_split"": 9, ""criterion"": ""entropy"", ""class_weight"": ""balanced""}"
767,2026-06-06T08:16:18.842476+00:00,rf,ranking_xgb,767,4905,5,1000,0.6325693042303687,727,273,0.49466395905583393,"[""V11"", ""V160"", ""V255"", ""V176"", ""V191""]","{""n_estimators"": 362, ""max_depth"": 8, ""min_samples_leaf"": 3, ""min_samples_split"": 7, ""criterion"": ""gini"", ""class_weight"": null}"
768,2026-06-06T08:18:52.010334+00:00,rf,ranking_xgb,768,4860,5,1000,0.5998022916144348,724,276,0.49645474594777417,"[""V11"", ""V160"", ""V255"", ""V176"", ""V191""]","{""n_estimators"": 462, ""max_depth"": 5, ""min_samples_leaf"": 4, ""min_samples_split"": 9, ""criterion"": ""gini"", ""class_weight"": null}"
769,2026-06-06T08:19:53.570423+00:00,rf,ranking_xgb,769,4965,5,1000,0.5978399925557448,731,269,0.49621222558371936,"[""V11"", ""V160"", ""V255"", ""V176"", ""V191""]","{""n_estimators"": 176, ""max_depth"": 5, ""min_samples_leaf"": 2, ""min_samples_split"": 6, ""criterion"": ""entropy"", ""class_weight"": null}"
770,2026-06-06T08:21:30.703974+00:00,rf,ranking_xgb,770,4830,5,994,0.592627175654608,720,274,0.4989560866267132,"[""V11"", ""V160"", ""V255"", ""V176"", ""V191""]","{""n_estimators"": 270, ""max_depth"": 4, ""min_samples_leaf"": 2, ""min_samples_split"": 6, ""criterion"": ""gini"", ""class_weight"": ""balanced""}"
771,2026-06-06T08:21:58.983357+00:00,rf,ranking_xgb,771,4705,5,998,0.6534084310532294,713,285,0.49299108125812025,"[""V11"", ""V160"", ""V255"", ""V176"", ""V191""]","{""n_estimators"": 74, ""max_depth"": 10, ""min_samples_leaf"": 3, ""min_samples_split"": 3, ""criterion"": ""gini"", ""class_weight"": null}"
772,2026-06-06T08:23:59.858448+00:00,rf,ranking_xgb,772,4785,5,1000,0.6489211423185456,719,281,0.4948131515078334,"[""V11"", ""V160"", ""V255"", ""V176"", ""V191""]","{""n_estimators"": 332, ""max_depth"": 10, ""min_samples_leaf"": 2, ""min_samples_split"": 4, ""criterion"": ""gini"", ""class_weight"": ""balanced""}"
773,2026-06-06T08:24:33.991237+00:00,rf,ranking_xgb,773,4835,5,999,0.6030375001981537,722,277,0.4981927658529621,"[""V11"", ""V160"", ""V255"", ""V176"", ""V191""]","{""n_estimators"": 84, ""max_depth"": 5, ""min_samples_leaf"": 3, ""min_samples_split"": 5, ""criterion"": ""entropy"", ""class_weight"": ""balanced""}"
774,2026-06-06T08:25:02.586375+00:00,rf,ranking_xgb,774,5100,5,1000,0.6116262891367784,740,260,0.49586248120229265,"[""V11"", ""V160"", ""V255"", ""V176"", ""V191""]","{""n_estimators"": 75, ""max_depth"": 6, ""min_samples_leaf"": 4, ""min_samples_split"": 6, ""criterion"": ""entropy"", ""class_weight"": null}"
775,2026-06-06T08:25:52.160427+00:00,rf,ranking_xgb,775,4820,5,993,0.6346558947356177,719,274,0.4953788288338061,"[""V11"", ""V160"", ""V255"", ""V176"", ""V191""]","{""n_estimators"": 128, ""max_depth"": 8, ""min_samples_leaf"": 1, ""min_samples_split"": 6, ""criterion"": ""gini"", ""class_weight"": ""balanced""}"
776,2026-06-06T08:28:29.102330+00:00,rf,ranking_xgb,776,4710,6,996,0.6490597279805835,726,270,0.49507334506968165,"[""V11"", ""V160"", ""V255"", ""V176"", ""V191"", ""V224""]","{""n_estimators"": 434, ""max_depth"": 11, ""min_samples_leaf"": 4, ""min_samples_split"": 9, ""criterion"": ""gini"", ""class_weight"": ""balanced""}"
777,2026-06-06T08:31:05.330435+00:00,rf,ranking_xgb,777,4805,5,999,0.6545928550459668,720,279,0.49637666818857207,"[""V11"", ""V160"", ""V255"", ""V176"", ""V191""]","{""n_estimators"": 427, ""max_depth"": 11, ""min_samples_leaf"": 4, ""min_samples_split"": 8, ""criterion"": ""entropy"", ""class_weight"": ""balanced""}"
778,2026-06-06T08:32:00.417283+00:00,rf,ranking_xgb,778,4890,5,1000,0.6194440021890324,726,274,0.4958677255005589,"[""V11"", ""V160"", ""V255"", ""V176"", ""V191""]","{""n_estimators"": 153, ""max_depth"": 7, ""min_samples_leaf"": 4, ""min_samples_split"": 5, ""criterion"": ""entropy"", ""class_weight"": null}"
779,2026-06-06T08:34:26.296924+00:00,rf,ranking_xgb,779,4820,5,993,0.586891768821608,719,274,0.4989045975948803,"[""V11"", ""V160"", ""V255"", ""V176"", ""V191""]","{""n_estimators"": 407, ""max_depth"": 4, ""min_samples_leaf"": 1, ""min_samples_split"": 7, ""criterion"": ""entropy"", ""class_weight"": ""balanced""}"
780,2026-06-06T08:36:23.918330+00:00,rf,ranking_xgb,780,4980,5,997,0.6120308290728032,731,266,0.4982300648910807,"[""V11"", ""V160"", ""V255"", ""V176"", ""V191""]","{""n_estimators"": 324, ""max_depth"": 6, ""min_samples_leaf"": 2, ""min_samples_split"": 3, ""criterion"": ""entropy"", ""class_weight"": ""balanced""}"
781,2026-06-06T08:38:01.209657+00:00,rf,ranking_xgb,781,4925,5,999,0.621036796409723,728,271,0.4974365436697631,"[""V11"", ""V160"", ""V255"", ""V176"", ""V191""]","{""n_estimators"": 263, ""max_depth"": 7, ""min_samples_leaf"": 2, ""min_samples_split"": 9, ""criterion"": ""entropy"", ""class_weight"": ""balanced""}"
782,2026-06-06T08:39:51.620558+00:00,rf,ranking_xgb,782,4965,5,1000,0.6237629365849022,731,269,0.4952058153789778,"[""V11"", ""V160"", ""V255"", ""V176"", ""V191""]","{""n_estimators"": 326, ""max_depth"": 7, ""min_samples_leaf"": 3, ""min_samples_split"": 4, ""criterion"": ""gini"", ""class_weight"": null}"
783,2026-06-06T08:40:15.052477+00:00,rf,ranking_xgb,783,4845,5,1000,0.6013810786007425,723,277,0.4964559329333095,"[""V11"", ""V160"", ""V255"", ""V176"", ""V191""]","{""n_estimators"": 60, ""max_depth"": 5, ""min_samples_leaf"": 1, ""min_samples_split"": 8, ""criterion"": ""entropy"", ""class_weight"": null}"
784,2026-06-06T08:42:43.193524+00:00,rf,ranking_xgb,784,4860,5,1000,0.6268854333129957,724,276,0.49522699794448455,"[""V11"", ""V160"", ""V255"", ""V176"", ""V191""]","{""n_estimators"": 443, ""max_depth"": 7, ""min_samples_leaf"": 3, ""min_samples_split"": 2, ""criterion"": ""gini"", ""class_weight"": null}"
785,2026-06-06T08:43:53.460529+00:00,rf,ranking_xgb,785,4885,5,998,0.653780908991561,725,273,0.4931236896480297,"[""V11"", ""V160"", ""V255"", ""V176"", ""V191""]","{""n_estimators"": 199, ""max_depth"": 10, ""min_samples_leaf"": 2, ""min_samples_split"": 6, ""criterion"": ""gini"", ""class_weight"": null}"
786,2026-06-06T08:45:24.002339+00:00,rf,ranking_xgb,786,4890,5,1000,0.6011145342113243,726,274,0.49630793853812927,"[""V11"", ""V160"", ""V255"", ""V176"", ""V191""]","{""n_estimators"": 266, ""max_depth"": 5, ""min_samples_leaf"": 1, ""min_samples_split"": 2, ""criterion"": ""gini"", ""class_weight"": null}"
787,2026-06-06T08:47:18.361107+00:00,rf,ranking_xgb,787,4815,5,1000,0.6436668136141017,721,279,0.49447774906686853,"[""V11"", ""V160"", ""V255"", ""V176"", ""V191""]","{""n_estimators"": 336, ""max_depth"": 9, ""min_samples_leaf"": 4, ""min_samples_split"": 4, ""criterion"": ""gini"", ""class_weight"": null}"
788,2026-06-06T08:47:54.397842+00:00,rf,ranking_xgb,788,4910,5,996,0.6272278029334168,726,270,0.49422392505127943,"[""V11"", ""V160"", ""V255"", ""V176"", ""V191""]","{""n_estimators"": 95, ""max_depth"": 8, ""min_samples_leaf"": 1, ""min_samples_split"": 7, ""criterion"": ""entropy"", ""class_weight"": null}"
789,2026-06-06T08:50:37.874115+00:00,rf,ranking_xgb,789,4730,5,996,0.6596487062015898,714,282,0.4929018946914689,"[""V11"", ""V160"", ""V255"", ""V176"", ""V191""]","{""n_estimators"": 484, ""max_depth"": 11, ""min_samples_leaf"": 3, ""min_samples_split"": 4, ""criterion"": ""gini"", ""class_weight"": null}"
790,2026-06-06T08:51:15.589548+00:00,rf,ranking_xgb,790,4595,7,997,0.6416182774735198,732,265,0.4921965644766833,"[""V11"", ""V160"", ""V255"", ""V176"", ""V191"", ""V224"", ""V215""]","{""n_estimators"": 101, ""max_depth"": 11, ""min_samples_leaf"": 3, ""min_samples_split"": 8, ""criterion"": ""gini"", ""class_weight"": null}"
791,2026-06-06T08:53:01.883684+00:00,rf,ranking_xgb,791,4875,5,1000,0.6311547347354357,725,275,0.49657293320714974,"[""V11"", ""V160"", ""V255"", ""V176"", ""V191""]","{""n_estimators"": 290, ""max_depth"": 8, ""min_samples_leaf"": 1, ""min_samples_split"": 2, ""criterion"": ""entropy"", ""class_weight"": ""balanced""}"
792,2026-06-06T08:56:00.072567+00:00,rf,ranking_xgb,792,4845,5,1000,0.6250705581093267,723,277,0.4973780958533616,"[""V11"", ""V160"", ""V255"", ""V176"", ""V191""]","{""n_estimators"": 497, ""max_depth"": 7, ""min_samples_leaf"": 1, ""min_samples_split"": 4, ""criterion"": ""gini"", ""class_weight"": ""balanced""}"
793,2026-06-06T08:57:02.020062+00:00,rf,ranking_xgb,793,4765,6,1000,0.6398484623960511,731,269,0.4927537834247146,"[""V11"", ""V160"", ""V255"", ""V176"", ""V191"", ""V224""]","{""n_estimators"": 175, ""max_depth"": 10, ""min_samples_leaf"": 3, ""min_samples_split"": 2, ""criterion"": ""gini"", ""class_weight"": null}"
794,2026-06-06T08:58:08.139908+00:00,rf,ranking_xgb,794,4835,5,999,0.6365236210270151,722,277,0.4968699576242822,"[""V11"", ""V160"", ""V255"", ""V176"", ""V191""]","{""n_estimators"": 175, ""max_depth"": 8, ""min_samples_leaf"": 4, ""min_samples_split"": 4, ""criterion"": ""gini"", ""class_weight"": ""balanced""}"
795,2026-06-06T08:59:32.971774+00:00,rf,ranking_xgb,795,4830,5,1000,0.6327817229736981,722,278,0.496115621165841,"[""V11"", ""V160"", ""V255"", ""V176"", ""V191""]","{""n_estimators"": 229, ""max_depth"": 8, ""min_samples_leaf"": 1, ""min_samples_split"": 7, ""criterion"": ""gini"", ""class_weight"": ""balanced""}"
796,2026-06-06T09:01:31.866146+00:00,rf,ranking_xgb,796,4845,5,1000,0.6505124229775592,723,277,0.494726893558068,"[""V11"", ""V160"", ""V255"", ""V176"", ""V191""]","{""n_estimators"": 342, ""max_depth"": 10, ""min_samples_leaf"": 4, ""min_samples_split"": 4, ""criterion"": ""entropy"", ""class_weight"": null}"
797,2026-06-06T09:03:11.594860+00:00,rf,ranking_xgb,797,4875,5,1000,0.6536379786488441,725,275,0.49368844562716385,"[""V11"", ""V160"", ""V255"", ""V176"", ""V191""]","{""n_estimators"": 280, ""max_depth"": 11, ""min_samples_leaf"": 3, ""min_samples_split"": 4, ""criterion"": ""entropy"", ""class_weight"": null}"
798,2026-06-06T09:05:43.230204+00:00,rf,ranking_xgb,798,4830,5,1000,0.6520009386346018,722,278,0.49536494755292404,"[""V11"", ""V160"", ""V255"", ""V176"", ""V191""]","{""n_estimators"": 419, ""max_depth"": 10, ""min_samples_leaf"": 4, ""min_samples_split"": 8, ""criterion"": ""gini"", ""class_weight"": ""balanced""}"
799,2026-06-06T09:08:13.249803+00:00,rf,ranking_xgb,799,4830,5,1000,0.6449296051235085,722,278,0.4937195777805011,"[""V11"", ""V160"", ""V255"", ""V176"", ""V191""]","{""n_estimators"": 438, ""max_depth"": 10, ""min_samples_leaf"": 1, ""min_samples_split"": 5, ""criterion"": ""entropy"", ""class_weight"": null}"
800,2026-06-06T09:10:46.575581+00:00,rf,ranking_xgb,800,4940,5,993,0.6214989148465615,727,266,0.495463761345503,"[""V11"", ""V160"", ""V255"", ""V176"", ""V191""]","{""n_estimators"": 455, ""max_depth"": 7, ""min_samples_leaf"": 4, ""min_samples_split"": 8, ""criterion"": ""entropy"", ""class_weight"": null}"
801,2026-06-06T09:12:58.003874+00:00,rf,ranking_xgb,801,4685,5,999,0.6580617750481481,712,287,0.49278882161507354,"[""V11"", ""V160"", ""V255"", ""V176"", ""V191""]","{""n_estimators"": 385, ""max_depth"": 11, ""min_samples_leaf"": 3, ""min_samples_split"": 5, ""criterion"": ""gini"", ""class_weight"": null}"
802,2026-06-06T09:14:47.239110+00:00,rf,ranking_xgb,802,4980,5,1000,0.5995415242541795,732,268,0.4962804318990891,"[""V11"", ""V160"", ""V255"", ""V176"", ""V191""]","{""n_estimators"": 324, ""max_depth"": 5, ""min_samples_leaf"": 4, ""min_samples_split"": 2, ""criterion"": ""gini"", ""class_weight"": null}"
803,2026-06-06T09:16:10.628045+00:00,rf,ranking_xgb,803,5085,5,1000,0.6070521257575323,739,261,0.4960303031115496,"[""V11"", ""V160"", ""V255"", ""V176"", ""V191""]","{""n_estimators"": 242, ""max_depth"": 6, ""min_samples_leaf"": 2, ""min_samples_split"": 7, ""criterion"": ""entropy"", ""class_weight"": null}"
804,2026-06-06T09:16:50.433122+00:00,rf,ranking_xgb,804,4755,5,1000,0.6009945207669429,717,283,0.49598379751203264,"[""V11"", ""V160"", ""V255"", ""V176"", ""V191""]","{""n_estimators"": 111, ""max_depth"": 5, ""min_samples_leaf"": 2, ""min_samples_split"": 4, ""criterion"": ""gini"", ""class_weight"": null}"
805,2026-06-06T09:19:07.303240+00:00,rf,ranking_xgb,805,4790,5,999,0.6532918356890624,719,280,0.49507779557509973,"[""V11"", ""V160"", ""V255"", ""V176"", ""V191""]","{""n_estimators"": 371, ""max_depth"": 11, ""min_samples_leaf"": 1, ""min_samples_split"": 4, ""criterion"": ""entropy"", ""class_weight"": ""balanced""}"
806,2026-06-06T09:19:55.525169+00:00,rf,ranking_xgb,806,4680,5,1000,0.6583514375305132,712,288,0.49405625352570814,"[""V11"", ""V160"", ""V255"", ""V176"", ""V191""]","{""n_estimators"": 122, ""max_depth"": 11, ""min_samples_leaf"": 1, ""min_samples_split"": 5, ""criterion"": ""gini"", ""class_weight"": ""balanced""}"
807,2026-06-06T09:20:24.442239+00:00,rf,ranking_xgb,807,4620,5,1000,0.6552142195121332,708,292,0.4916472462105552,"[""V11"", ""V160"", ""V255"", ""V176"", ""V191""]","{""n_estimators"": 75, ""max_depth"": 11, ""min_samples_leaf"": 1, ""min_samples_split"": 6, ""criterion"": ""gini"", ""class_weight"": null}"
808,2026-06-06T09:23:04.553562+00:00,rf,ranking_xgb,808,4840,5,998,0.6471392429398007,722,276,0.49641548025506727,"[""V11"", ""V160"", ""V255"", ""V176"", ""V191""]","{""n_estimators"": 446, ""max_depth"": 9, ""min_samples_leaf"": 4, ""min_samples_split"": 5, ""criterion"": ""gini"", ""class_weight"": ""balanced""}"
809,2026-06-06T09:24:47.141006+00:00,rf,ranking_xgb,809,4935,5,1000,0.6372764936384374,729,271,0.4940007435567879,"[""V11"", ""V160"", ""V255"", ""V176"", ""V191""]","{""n_estimators"": 295, ""max_depth"": 9, ""min_samples_leaf"": 3, ""min_samples_split"": 7, ""criterion"": ""entropy"", ""class_weight"": null}"
810,2026-06-06T09:26:53.738337+00:00,rf,ranking_xgb,810,4835,5,996,0.5888804798320089,721,275,0.4989091463348117,"[""V11"", ""V160"", ""V255"", ""V176"", ""V191""]","{""n_estimators"": 351, ""max_depth"": 4, ""min_samples_leaf"": 4, ""min_samples_split"": 3, ""criterion"": ""entropy"", ""class_weight"": ""balanced""}"
811,2026-06-06T09:29:26.352782+00:00,rf,ranking_xgb,811,4665,5,1000,0.6563956927639277,711,289,0.4934074413494652,"[""V11"", ""V160"", ""V255"", ""V176"", ""V191""]","{""n_estimators"": 422, ""max_depth"": 11, ""min_samples_leaf"": 1, ""min_samples_split"": 7, ""criterion"": ""gini"", ""class_weight"": ""balanced""}"
812,2026-06-06T09:31:31.859733+00:00,rf,ranking_xgb,812,4885,5,998,0.6007756957257206,725,273,0.4964717169742858,"[""V11"", ""V160"", ""V255"", ""V176"", ""V191""]","{""n_estimators"": 376, ""max_depth"": 5, ""min_samples_leaf"": 2, ""min_samples_split"": 8, ""criterion"": ""gini"", ""class_weight"": null}"
813,2026-06-06T09:33:58.963691+00:00,rf,ranking_xgb,813,4925,5,999,0.5855733690212784,728,271,0.4966296032116939,"[""V11"", ""V160"", ""V255"", ""V176"", ""V191""]","{""n_estimators"": 442, ""max_depth"": 4, ""min_samples_leaf"": 1, ""min_samples_split"": 5, ""criterion"": ""entropy"", ""class_weight"": null}"
814,2026-06-06T09:34:36.926505+00:00,rf,ranking_xgb,814,4875,5,1000,0.6148705895632826,725,275,0.4957849852069529,"[""V11"", ""V160"", ""V255"", ""V176"", ""V191""]","{""n_estimators"": 105, ""max_depth"": 6, ""min_samples_leaf"": 1, ""min_samples_split"": 3, ""criterion"": ""gini"", ""class_weight"": null}"
815,2026-06-06T09:35:56.374240+00:00,rf,ranking_xgb,815,4875,5,1000,0.6170539445015221,725,275,0.4978660712525944,"[""V11"", ""V160"", ""V255"", ""V176"", ""V191""]","{""n_estimators"": 215, ""max_depth"": 6, ""min_samples_leaf"": 4, ""min_samples_split"": 8, ""criterion"": ""gini"", ""class_weight"": ""balanced""}"
816,2026-06-06T09:37:31.157636+00:00,rf,ranking_xgb,816,4865,5,999,0.5880326226694571,724,275,0.49916836779919666,"[""V11"", ""V160"", ""V255"", ""V176"", ""V191""]","{""n_estimators"": 262, ""max_depth"": 4, ""min_samples_leaf"": 1, ""min_samples_split"": 7, ""criterion"": ""entropy"", ""class_weight"": ""balanced""}"
817,2026-06-06T09:38:18.828156+00:00,rf,ranking_xgb,817,4905,5,997,0.6103358012137385,726,271,0.4958223762939355,"[""V11"", ""V160"", ""V255"", ""V176"", ""V191""]","{""n_estimators"": 134, ""max_depth"": 6, ""min_samples_leaf"": 1, ""min_samples_split"": 5, ""criterion"": ""gini"", ""class_weight"": null}"
818,2026-06-06T09:40:05.530720+00:00,rf,ranking_xgb,818,4995,5,1000,0.6095323093214193,733,267,0.4956641214351283,"[""V11"", ""V160"", ""V255"", ""V176"", ""V191""]","{""n_estimators"": 313, ""max_depth"": 6, ""min_samples_leaf"": 3, ""min_samples_split"": 4, ""criterion"": ""entropy"", ""class_weight"": null}"
819,2026-06-06T09:42:31.921313+00:00,rf,ranking_xgb,819,4875,5,1000,0.6531867564654871,725,275,0.4937573688709639,"[""V11"", ""V160"", ""V255"", ""V176"", ""V191""]","{""n_estimators"": 423, ""max_depth"": 11, ""min_samples_leaf"": 4, ""min_samples_split"": 6, ""criterion"": ""entropy"", ""class_weight"": null}"
820,2026-06-06T09:45:31.027080+00:00,rf,ranking_xgb,820,4655,5,996,0.6453382478283369,709,287,0.4952440914598992,"[""V11"", ""V160"", ""V255"", ""V176"", ""V191""]","{""n_estimators"": 499, ""max_depth"": 9, ""min_samples_leaf"": 1, ""min_samples_split"": 3, ""criterion"": ""gini"", ""class_weight"": ""balanced""}"
821,2026-06-06T09:46:50.176995+00:00,rf,ranking_xgb,821,4945,5,998,0.6186321761560343,729,269,0.4953096475043215,"[""V11"", ""V160"", ""V255"", ""V176"", ""V191""]","{""n_estimators"": 227, ""max_depth"": 7, ""min_samples_leaf"": 4, ""min_samples_split"": 3, ""criterion"": ""entropy"", ""class_weight"": null}"
822,2026-06-06T09:48:32.199019+00:00,rf,ranking_xgb,822,4890,5,1000,0.6532337856188084,726,274,0.49303149517678957,"[""V11"", ""V160"", ""V255"", ""V176"", ""V191""]","{""n_estimators"": 289, ""max_depth"": 11, ""min_samples_leaf"": 1, ""min_samples_split"": 5, ""criterion"": ""entropy"", ""class_weight"": null}"
823,2026-06-06T09:50:28.489032+00:00,rf,ranking_xgb,823,5035,5,998,0.5985047632682112,735,263,0.4961393673174233,"[""V11"", ""V160"", ""V255"", ""V176"", ""V191""]","{""n_estimators"": 344, ""max_depth"": 5, ""min_samples_leaf"": 4, ""min_samples_split"": 9, ""criterion"": ""entropy"", ""class_weight"": null}"
824,2026-06-06T09:52:06.075981+00:00,rf,ranking_xgb,824,4865,5,999,0.6435926307220069,724,275,0.4953303850537195,"[""V11"", ""V160"", ""V255"", ""V176"", ""V191""]","{""n_estimators"": 266, ""max_depth"": 9, ""min_samples_leaf"": 2, ""min_samples_split"": 4, ""criterion"": ""gini"", ""class_weight"": ""balanced""}"
825,2026-06-06T09:54:20.403983+00:00,rf,ranking_xgb,825,4905,5,1000,0.6124502751918248,727,273,0.49782140115473356,"[""V11"", ""V160"", ""V255"", ""V176"", ""V191""]","{""n_estimators"": 371, ""max_depth"": 6, ""min_samples_leaf"": 2, ""min_samples_split"": 5, ""criterion"": ""entropy"", ""class_weight"": ""balanced""}"
826,2026-06-06T09:56:13.883033+00:00,rf,ranking_xgb,826,4980,5,997,0.6342873492976949,731,266,0.49692233548763726,"[""V11"", ""V160"", ""V255"", ""V176"", ""V191""]","{""n_estimators"": 309, ""max_depth"": 8, ""min_samples_leaf"": 3, ""min_samples_split"": 2, ""criterion"": ""entropy"", ""class_weight"": ""balanced""}"
827,2026-06-06T09:56:51.215551+00:00,rf,ranking_xgb,827,4920,5,1000,0.6303848803495165,728,272,0.49454938092296635,"[""V11"", ""V160"", ""V255"", ""V176"", ""V191""]","{""n_estimators"": 99, ""max_depth"": 8, ""min_samples_leaf"": 2, ""min_samples_split"": 4, ""criterion"": ""entropy"", ""class_weight"": null}"
828,2026-06-06T09:57:58.443587+00:00,rf,ranking_xgb,828,4925,5,999,0.6364788107868661,728,271,0.4945650899031649,"[""V11"", ""V160"", ""V255"", ""V176"", ""V191""]","{""n_estimators"": 187, ""max_depth"": 9, ""min_samples_leaf"": 2, ""min_samples_split"": 8, ""criterion"": ""entropy"", ""class_weight"": null}"
829,2026-06-06T10:00:01.260135+00:00,rf,ranking_xgb,829,4835,5,999,0.627032210071937,722,277,0.49744090393758944,"[""V11"", ""V160"", ""V255"", ""V176"", ""V191""]","{""n_estimators"": 339, ""max_depth"": 7, ""min_samples_leaf"": 1, ""min_samples_split"": 5, ""criterion"": ""gini"", ""class_weight"": ""balanced""}"
830,2026-06-06T10:02:15.101181+00:00,rf,ranking_xgb,830,4960,5,998,0.6229476429501855,730,268,0.4953242329154304,"[""V11"", ""V160"", ""V255"", ""V176"", ""V191""]","{""n_estimators"": 417, ""max_depth"": 7, ""min_samples_leaf"": 1, ""min_samples_split"": 8, ""criterion"": ""entropy"", ""class_weight"": null}"
831,2026-06-06T10:02:57.554556+00:00,rf,ranking_xgb,831,4830,5,1000,0.6003886495988203,722,278,0.49627017899713466,"[""V11"", ""V160"", ""V255"", ""V176"", ""V191""]","{""n_estimators"": 126, ""max_depth"": 5, ""min_samples_leaf"": 4, ""min_samples_split"": 6, ""criterion"": ""gini"", ""class_weight"": null}"
832,2026-06-06T10:03:45.401814+00:00,rf,ranking_xgb,832,4920,5,1000,0.6077599218324101,728,272,0.49571389781753905,"[""V11"", ""V160"", ""V255"", ""V176"", ""V191""]","{""n_estimators"": 140, ""max_depth"": 6, ""min_samples_leaf"": 4, ""min_samples_split"": 3, ""criterion"": ""entropy"", ""class_weight"": null}"
833,2026-06-06T10:04:32.912133+00:00,rf,ranking_xgb,833,4785,5,1000,0.6384598722079944,719,281,0.4934346784349059,"[""V11"", ""V160"", ""V255"", ""V176"", ""V191""]","{""n_estimators"": 139, ""max_depth"": 9, ""min_samples_leaf"": 1, ""min_samples_split"": 5, ""criterion"": ""gini"", ""class_weight"": null}"
834,2026-06-06T10:06:55.210238+00:00,rf,ranking_xgb,834,4860,5,997,0.6308783450117766,723,274,0.4968099823335344,"[""V11"", ""V160"", ""V255"", ""V176"", ""V191""]","{""n_estimators"": 411, ""max_depth"": 8, ""min_samples_leaf"": 1, ""min_samples_split"": 3, ""criterion"": ""entropy"", ""class_weight"": ""balanced""}"
835,2026-06-06T10:07:24.700183+00:00,rf,ranking_xgb,835,4775,5,999,0.6341647921376384,718,281,0.49531245721441075,"[""V11"", ""V160"", ""V255"", ""V176"", ""V191""]","{""n_estimators"": 78, ""max_depth"": 8, ""min_samples_leaf"": 1, ""min_samples_split"": 8, ""criterion"": ""gini"", ""class_weight"": ""balanced""}"
836,2026-06-06T10:08:19.356258+00:00,rf,ranking_xgb,836,4935,5,1000,0.6225155404434866,729,271,0.4972601697903553,"[""V11"", ""V160"", ""V255"", ""V176"", ""V191""]","{""n_estimators"": 143, ""max_depth"": 7, ""min_samples_leaf"": 1, ""min_samples_split"": 5, ""criterion"": ""entropy"", ""class_weight"": ""balanced""}"
837,2026-06-06T10:10:19.633380+00:00,rf,ranking_xgb,837,4815,5,1000,0.6519135994650129,721,279,0.4949621930307719,"[""V11"", ""V160"", ""V255"", ""V176"", ""V191""]","{""n_estimators"": 329, ""max_depth"": 10, ""min_samples_leaf"": 3, ""min_samples_split"": 8, ""criterion"": ""gini"", ""class_weight"": ""balanced""}"
838,2026-06-06T10:11:22.076683+00:00,rf,ranking_xgb,838,4860,5,997,0.6334419197889775,723,274,0.4968656636581036,"[""V11"", ""V160"", ""V255"", ""V176"", ""V191""]","{""n_estimators"": 162, ""max_depth"": 8, ""min_samples_leaf"": 1, ""min_samples_split"": 8, ""criterion"": ""entropy"", ""class_weight"": ""balanced""}"
839,2026-06-06T10:12:18.182592+00:00,rf,ranking_xgb,839,4895,5,996,0.6434951797341127,725,271,0.4972322681685415,"[""V11"", ""V160"", ""V255"", ""V176"", ""V191""]","{""n_estimators"": 143, ""max_depth"": 9, ""min_samples_leaf"": 3, ""min_samples_split"": 8, ""criterion"": ""entropy"", ""class_weight"": ""balanced""}"
840,2026-06-06T10:15:05.811320+00:00,rf,ranking_xgb,840,4890,5,1000,0.5993412889859797,726,274,0.4988241801633421,"[""V11"", ""V160"", ""V255"", ""V176"", ""V191""]","{""n_estimators"": 468, ""max_depth"": 5, ""min_samples_leaf"": 1, ""min_samples_split"": 3, ""criterion"": ""entropy"", ""class_weight"": ""balanced""}"
841,2026-06-06T10:16:09.562418+00:00,rf,ranking_xgb,841,4995,5,1000,0.6199139145040352,733,267,0.4950516692199464,"[""V11"", ""V160"", ""V255"", ""V176"", ""V191""]","{""n_estimators"": 179, ""max_depth"": 7, ""min_samples_leaf"": 1, ""min_samples_split"": 4, ""criterion"": ""entropy"", ""class_weight"": null}"
842,2026-06-06T10:16:44.744603+00:00,rf,ranking_xgb,842,4710,5,1000,0.6573982583172827,714,286,0.49548655291278826,"[""V11"", ""V160"", ""V255"", ""V176"", ""V191""]","{""n_estimators"": 86, ""max_depth"": 10, ""min_samples_leaf"": 4, ""min_samples_split"": 5, ""criterion"": ""gini"", ""class_weight"": ""balanced""}"
843,2026-06-06T10:17:07.829634+00:00,rf,ranking_xgb,843,4865,5,999,0.6016672262576983,724,275,0.49813688156189,"[""V11"", ""V160"", ""V255"", ""V176"", ""V191""]","{""n_estimators"": 54, ""max_depth"": 5, ""min_samples_leaf"": 4, ""min_samples_split"": 6, ""criterion"": ""entropy"", ""class_weight"": ""balanced""}"
844,2026-06-06T10:18:47.089976+00:00,rf,ranking_xgb,844,4945,5,998,0.5868243877125132,729,269,0.49659178325398207,"[""V11"", ""V160"", ""V255"", ""V176"", ""V191""]","{""n_estimators"": 293, ""max_depth"": 4, ""min_samples_leaf"": 4, ""min_samples_split"": 7, ""criterion"": ""entropy"", ""class_weight"": null}"
845,2026-06-06T10:20:32.617948+00:00,rf,ranking_xgb,845,4820,5,993,0.6249561302492245,719,274,0.4948769970260081,"[""V11"", ""V160"", ""V255"", ""V176"", ""V191""]","{""n_estimators"": 311, ""max_depth"": 7, ""min_samples_leaf"": 1, ""min_samples_split"": 2, ""criterion"": ""gini"", ""class_weight"": null}"
846,2026-06-06T10:23:28.742330+00:00,rf,ranking_xgb,846,4830,5,1000,0.5883178347341949,722,278,0.4986591285970828,"[""V11"", ""V160"", ""V255"", ""V176"", ""V191""]","{""n_estimators"": 496, ""max_depth"": 4, ""min_samples_leaf"": 2, ""min_samples_split"": 4, ""criterion"": ""entropy"", ""class_weight"": ""balanced""}"
847,2026-06-06T10:25:39.982766+00:00,rf,ranking_xgb,847,4905,5,1000,0.6010248892209992,727,273,0.4961510248551811,"[""V11"", ""V160"", ""V255"", ""V176"", ""V191""]","{""n_estimators"": 393, ""max_depth"": 5, ""min_samples_leaf"": 3, ""min_samples_split"": 4, ""criterion"": ""gini"", ""class_weight"": null}"
848,2026-06-06T10:28:07.067645+00:00,rf,ranking_xgb,848,4875,5,1000,0.646897317522481,725,275,0.4952922505112072,"[""V11"", ""V160"", ""V255"", ""V176"", ""V191""]","{""n_estimators"": 403, ""max_depth"": 10, ""min_samples_leaf"": 1, ""min_samples_split"": 2, ""criterion"": ""entropy"", ""class_weight"": ""balanced""}"
849,2026-06-06T10:29:14.999698+00:00,rf,ranking_xgb,849,4815,5,1000,0.6555273356549928,721,279,0.49511738414209533,"[""V11"", ""V160"", ""V255"", ""V176"", ""V191""]","{""n_estimators"": 176, ""max_depth"": 11, ""min_samples_leaf"": 1, ""min_samples_split"": 8, ""criterion"": ""entropy"", ""class_weight"": ""balanced""}"
850,2026-06-06T10:30:40.195858+00:00,rf,ranking_xgb,850,4795,5,995,0.589202446239697,718,277,0.4965087902964349,"[""V11"", ""V160"", ""V255"", ""V176"", ""V191""]","{""n_estimators"": 251, ""max_depth"": 4, ""min_samples_leaf"": 4, ""min_samples_split"": 7, ""criterion"": ""gini"", ""class_weight"": null}"
851,2026-06-06T10:33:31.768544+00:00,rf,ranking_xgb,851,4905,5,1000,0.6517192227893157,727,273,0.4945882301260599,"[""V11"", ""V160"", ""V255"", ""V176"", ""V191""]","{""n_estimators"": 470, ""max_depth"": 11, ""min_samples_leaf"": 1, ""min_samples_split"": 2, ""criterion"": ""entropy"", ""class_weight"": ""balanced""}"
852,2026-06-06T10:35:15.066444+00:00,rf,ranking_xgb,852,4815,5,1000,0.6461526867650615,721,279,0.49408852129452135,"[""V11"", ""V160"", ""V255"", ""V176"", ""V191""]","{""n_estimators"": 294, ""max_depth"": 10, ""min_samples_leaf"": 4, ""min_samples_split"": 7, ""criterion"": ""entropy"", ""class_weight"": null}"
853,2026-06-06T10:36:05.380232+00:00,rf,ranking_xgb,853,4850,5,999,0.5844397190460299,723,276,0.4970399087682072,"[""V11"", ""V160"", ""V255"", ""V176"", ""V191""]","{""n_estimators"": 143, ""max_depth"": 4, ""min_samples_leaf"": 3, ""min_samples_split"": 9, ""criterion"": ""entropy"", ""class_weight"": null}"
854,2026-06-06T10:38:09.313528+00:00,rf,ranking_xgb,854,4845,5,1000,0.6443076125727657,723,277,0.4944965261085181,"[""V11"", ""V160"", ""V255"", ""V176"", ""V191""]","{""n_estimators"": 358, ""max_depth"": 10, ""min_samples_leaf"": 3, ""min_samples_split"": 4, ""criterion"": ""entropy"", ""class_weight"": null}"
855,2026-06-06T10:39:16.278944+00:00,rf,ranking_xgb,855,4890,5,1000,0.6416481723039217,726,274,0.49404265698833244,"[""V11"", ""V160"", ""V255"", ""V176"", ""V191""]","{""n_estimators"": 186, ""max_depth"": 9, ""min_samples_leaf"": 1, ""min_samples_split"": 4, ""criterion"": ""entropy"", ""class_weight"": null}"
856,2026-06-06T10:40:21.855188+00:00,rf,ranking_xgb,856,4975,5,998,0.6216660650097369,731,267,0.4974602924353347,"[""V11"", ""V160"", ""V255"", ""V176"", ""V191""]","{""n_estimators"": 173, ""max_depth"": 7, ""min_samples_leaf"": 1, ""min_samples_split"": 3, ""criterion"": ""entropy"", ""class_weight"": ""balanced""}"
857,2026-06-06T10:43:02.940786+00:00,rf,ranking_xgb,857,4925,5,996,0.6247392987630704,727,269,0.4967037156946197,"[""V11"", ""V160"", ""V255"", ""V176"", ""V191""]","{""n_estimators"": 449, ""max_depth"": 7, ""min_samples_leaf"": 3, ""min_samples_split"": 2, ""criterion"": ""gini"", ""class_weight"": ""balanced""}"
858,2026-06-06T10:45:38.013265+00:00,rf,ranking_xgb,858,4760,5,999,0.6536541539491397,717,282,0.49528998274984726,"[""V11"", ""V160"", ""V255"", ""V176"", ""V191""]","{""n_estimators"": 424, ""max_depth"": 11, ""min_samples_leaf"": 2, ""min_samples_split"": 6, ""criterion"": ""entropy"", ""class_weight"": ""balanced""}"
859,2026-06-06T10:48:12.195013+00:00,rf,ranking_xgb,859,4845,5,1000,0.5991572589753705,723,277,0.4979336192622859,"[""V11"", ""V160"", ""V255"", ""V176"", ""V191""]","{""n_estimators"": 430, ""max_depth"": 5, ""min_samples_leaf"": 1, ""min_samples_split"": 4, ""criterion"": ""entropy"", ""class_weight"": ""balanced""}"
860,2026-06-06T10:48:39.850803+00:00,rf,ranking_xgb,860,4860,5,1000,0.6250438216769523,724,276,0.4980457614308432,"[""V11"", ""V160"", ""V255"", ""V176"", ""V191""]","{""n_estimators"": 68, ""max_depth"": 7, ""min_samples_leaf"": 4, ""min_samples_split"": 2, ""criterion"": ""gini"", ""class_weight"": ""balanced""}"
861,2026-06-06T10:50:25.755294+00:00,rf,ranking_xgb,861,4920,5,997,0.613683070602293,727,270,0.4977891892067204,"[""V11"", ""V160"", ""V255"", ""V176"", ""V191""]","{""n_estimators"": 291, ""max_depth"": 6, ""min_samples_leaf"": 4, ""min_samples_split"": 5, ""criterion"": ""gini"", ""class_weight"": ""balanced""}"
862,2026-06-06T10:51:50.293267+00:00,rf,ranking_xgb,862,4740,5,1000,0.657461536538143,716,284,0.4957117724707031,"[""V11"", ""V160"", ""V255"", ""V176"", ""V191""]","{""n_estimators"": 223, ""max_depth"": 11, ""min_samples_leaf"": 3, ""min_samples_split"": 3, ""criterion"": ""entropy"", ""class_weight"": ""balanced""}"
863,2026-06-06T10:53:28.670430+00:00,rf,ranking_xgb,863,4820,5,999,0.6236997771235074,721,278,0.49705559125775706,"[""V11"", ""V160"", ""V255"", ""V176"", ""V191""]","{""n_estimators"": 269, ""max_depth"": 7, ""min_samples_leaf"": 1, ""min_samples_split"": 4, ""criterion"": ""gini"", ""class_weight"": ""balanced""}"
864,2026-06-06T10:55:04.215365+00:00,rf,ranking_xgb,864,4935,5,997,0.6321977310470182,728,269,0.4948628513302164,"[""V11"", ""V160"", ""V255"", ""V176"", ""V191""]","{""n_estimators"": 276, ""max_depth"": 8, ""min_samples_leaf"": 4, ""min_samples_split"": 2, ""criterion"": ""entropy"", ""class_weight"": null}"
865,2026-06-06T10:55:37.288259+00:00,rf,ranking_xgb,865,4820,5,996,0.6328086440500937,720,276,0.49752597285420536,"[""V11"", ""V160"", ""V255"", ""V176"", ""V191""]","{""n_estimators"": 80, ""max_depth"": 8, ""min_samples_leaf"": 2, ""min_samples_split"": 4, ""criterion"": ""entropy"", ""class_weight"": ""balanced""}"
866,2026-06-06T10:57:34.666850+00:00,rf,ranking_xgb,866,4890,5,1000,0.6531381866172439,726,274,0.49381865729375624,"[""V11"", ""V160"", ""V255"", ""V176"", ""V191""]","{""n_estimators"": 344, ""max_depth"": 10, ""min_samples_leaf"": 3, ""min_samples_split"": 9, ""criterion"": ""gini"", ""class_weight"": null}"
867,2026-06-06T10:58:32.132907+00:00,rf,ranking_xgb,867,4845,5,1000,0.6042379502265484,723,277,0.49810817227190685,"[""V11"", ""V160"", ""V255"", ""V176"", ""V191""]","{""n_estimators"": 152, ""max_depth"": 5, ""min_samples_leaf"": 4, ""min_samples_split"": 2, ""criterion"": ""gini"", ""class_weight"": ""balanced""}"
868,2026-06-06T11:00:24.088999+00:00,rf,ranking_xgb,868,4920,5,997,0.610021452796573,727,270,0.4953669860136164,"[""V11"", ""V160"", ""V255"", ""V176"", ""V191""]","{""n_estimators"": 330, ""max_depth"": 6, ""min_samples_leaf"": 1, ""min_samples_split"": 2, ""criterion"": ""entropy"", ""class_weight"": null}"
869,2026-06-06T11:02:36.012373+00:00,rf,ranking_xgb,869,4745,5,999,0.6503623725249915,716,283,0.49236235038851445,"[""V11"", ""V160"", ""V255"", ""V176"", ""V191""]","{""n_estimators"": 389, ""max_depth"": 10, ""min_samples_leaf"": 2, ""min_samples_split"": 5, ""criterion"": ""gini"", ""class_weight"": null}"
870,2026-06-06T11:03:04.353687+00:00,rf,ranking_xgb,870,4800,5,1000,0.6517202920828253,720,280,0.49668808437626666,"[""V11"", ""V160"", ""V255"", ""V176"", ""V191""]","{""n_estimators"": 66, ""max_depth"": 10, ""min_samples_leaf"": 4, ""min_samples_split"": 7, ""criterion"": ""entropy"", ""class_weight"": ""balanced""}"
871,2026-06-06T11:04:37.026834+00:00,rf,ranking_xgb,871,4925,5,999,0.6204942216620283,728,271,0.4955537183497865,"[""V11"", ""V160"", ""V255"", ""V176"", ""V191""]","{""n_estimators"": 269, ""max_depth"": 7, ""min_samples_leaf"": 3, ""min_samples_split"": 2, ""criterion"": ""entropy"", ""class_weight"": null}"
872,2026-06-06T11:05:31.493615+00:00,rf,ranking_xgb,872,4890,5,1000,0.6429390747475712,726,274,0.4936436512660934,"[""V11"", ""V160"", ""V255"", ""V176"", ""V191""]","{""n_estimators"": 152, ""max_depth"": 9, ""min_samples_leaf"": 3, ""min_samples_split"": 2, ""criterion"": ""gini"", ""class_weight"": null}"
873,2026-06-06T11:08:16.761936+00:00,rf,ranking_xgb,873,4645,6,1000,0.6435583221120791,723,277,0.49180583403215367,"[""V11"", ""V160"", ""V255"", ""V176"", ""V191"", ""V224""]","{""n_estimators"": 491, ""max_depth"": 11, ""min_samples_leaf"": 2, ""min_samples_split"": 6, ""criterion"": ""gini"", ""class_weight"": null}"
874,2026-06-06T11:10:37.684157+00:00,rf,ranking_xgb,874,4970,5,999,0.6104254003464094,731,268,0.4964237514277703,"[""V11"", ""V160"", ""V255"", ""V176"", ""V191""]","{""n_estimators"": 419, ""max_depth"": 6, ""min_samples_leaf"": 4, ""min_samples_split"": 9, ""criterion"": ""entropy"", ""class_weight"": null}"
875,2026-06-06T11:12:47.484801+00:00,rf,ranking_xgb,875,5005,5,998,0.6091430677928983,733,265,0.49593578934454363,"[""V11"", ""V160"", ""V255"", ""V176"", ""V191""]","{""n_estimators"": 385, ""max_depth"": 6, ""min_samples_leaf"": 2, ""min_samples_split"": 9, ""criterion"": ""entropy"", ""class_weight"": null}"
