trial_id,timestamp_utc,model_type,ranking,random_seed,score,k,N,threshold,tp,fp,p_oof_mean,features,hyperparameters
1,2026-06-05T11:14:01.193797+00:00,xgb,ranking_lgbm,1,5105,7,1000,0.7298293113708496,767,233,0.49927520751953125,"[""V380"", ""V215"", ""V342"", ""V255"", ""V191"", ""V176"", ""V160""]","{""n_estimators"": 272, ""learning_rate"": 0.11892669273375274, ""max_depth"": 3, ""subsample"": 0.801381688035822, ""colsample_bytree"": 0.7724415914984484, ""min_child_weight"": 4, ""reg_alpha"": 0.6458941130666561, ""reg_lambda"": 1.375174422525385}"
2,2026-06-05T11:14:11.941284+00:00,xgb,ranking_lgbm,2,5010,8,1000,0.735125720500946,774,226,0.4980383813381195,"[""V380"", ""V215"", ""V342"", ""V255"", ""V191"", ""V176"", ""V160"", ""V117""]","{""n_estimators"": 137, ""learning_rate"": 0.17957772164083027, ""max_depth"": 3, ""subsample"": 0.5000571874086724, ""colsample_bytree"": 0.6511662863159199, ""min_child_weight"": 1, ""reg_alpha"": 0.0923385947687978, ""reg_lambda"": 0.8725204227553418}"
3,2026-06-05T11:14:31.041873+00:00,xgb,ranking_lgbm,3,5205,7,998,0.7024829387664795,773,225,0.49764707684516907,"[""V380"", ""V215"", ""V342"", ""V255"", ""V191"", ""V176"", ""V160""]","{""n_estimators"": 268, ""learning_rate"": 0.05776231172598103, ""max_depth"": 3, ""subsample"": 0.7748312389393546, ""colsample_bytree"": 0.7176611963091384, ""min_child_weight"": 9, ""reg_alpha"": 0.3205364371116073, ""reg_lambda"": 0.8088533461786602}"
4,2026-06-05T11:14:49.300851+00:00,xgb,ranking_lgbm,4,5195,7,1000,0.7283231616020203,773,227,0.4979982376098633,"[""V380"", ""V215"", ""V342"", ""V255"", ""V191"", ""V176"", ""V160""]","{""n_estimators"": 252, ""learning_rate"": 0.13622217339271572, ""max_depth"": 3, ""subsample"": 0.560664290602608, ""colsample_bytree"": 0.7846556637173405, ""min_child_weight"": 4, ""reg_alpha"": 0.8962930889334381, ""reg_lambda"": 0.7511706209276725}"
5,2026-06-05T11:15:26.934277+00:00,xgb,ranking_lgbm,5,4790,7,1000,0.8380790948867798,746,254,0.501820981502533,"[""V380"", ""V215"", ""V342"", ""V255"", ""V191"", ""V176"", ""V160""]","{""n_estimators"": 222, ""learning_rate"": 0.16509321832720067, ""max_depth"": 8, ""subsample"": 0.9863421799824421, ""colsample_bytree"": 0.8574079968371824, ""min_child_weight"": 3, ""reg_alpha"": 0.5975562052137366, ""reg_lambda"": 0.7829283472340471}"
6,2026-06-05T11:16:30.057468+00:00,xgb,ranking_lgbm,6,4520,7,1000,0.8476815819740295,728,272,0.4980814456939697,"[""V380"", ""V215"", ""V342"", ""V255"", ""V191"", ""V176"", ""V160""]","{""n_estimators"": 306, ""learning_rate"": 0.16060984592660646, ""max_depth"": 9, ""subsample"": 0.6818684485502947, ""colsample_bytree"": 0.989722499580723, ""min_child_weight"": 5, ""reg_alpha"": 0.6117438629026457, ""reg_lambda"": 2.031815712960631}"
7,2026-06-05T11:17:05.598799+00:00,xgb,ranking_lgbm,7,4985,7,994,0.75564044713974,757,237,0.4991058111190796,"[""V380"", ""V215"", ""V342"", ""V255"", ""V191"", ""V176"", ""V160""]","{""n_estimators"": 301, ""learning_rate"": 0.07979697079517659, ""max_depth"": 5, ""subsample"": 0.5321273022953295, ""colsample_bytree"": 0.6850547012226904, ""min_child_weight"": 2, ""reg_alpha"": 0.5298173621928216, ""reg_lambda"": 1.3376148571133086}"
8,2026-06-05T11:17:57.234148+00:00,xgb,ranking_lgbm,8,4935,7,998,0.7643744349479675,755,243,0.4971919059753418,"[""V380"", ""V215"", ""V342"", ""V255"", ""V191"", ""V176"", ""V160""]","{""n_estimators"": 275, ""learning_rate"": 0.06410086197396977, ""max_depth"": 9, ""subsample"": 0.7192046157204468, ""colsample_bytree"": 0.8617325889154706, ""min_child_weight"": 8, ""reg_alpha"": 0.5011204636599379, ""reg_lambda"": 0.6441022667195231}"
9,2026-06-05T11:18:27.053751+00:00,xgb,ranking_lgbm,9,5135,7,1000,0.7385208606719971,769,231,0.4983861446380615,"[""V380"", ""V215"", ""V342"", ""V255"", ""V191"", ""V176"", ""V160""]","{""n_estimators"": 233, ""learning_rate"": 0.08662754609903955, ""max_depth"": 6, ""subsample"": 0.6163641639886454, ""colsample_bytree"": 0.5056994021387149, ""min_child_weight"": 6, ""reg_alpha"": 0.7660629257734966, ""reg_lambda"": 1.3038502264421383}"
10,2026-06-05T11:18:42.944359+00:00,xgb,ranking_lgbm,10,5065,7,999,0.7101799845695496,764,235,0.4969884753227234,"[""V380"", ""V215"", ""V342"", ""V255"", ""V191"", ""V176"", ""V160""]","{""n_estimators"": 226, ""learning_rate"": 0.1048695546713918, ""max_depth"": 3, ""subsample"": 0.5669147644796383, ""colsample_bytree"": 0.5710555427272692, ""min_child_weight"": 7, ""reg_alpha"": 0.8772212074585868, ""reg_lambda"": 0.7750536389365965}"
11,2026-06-05T11:19:08.309733+00:00,xgb,ranking_lgbm,11,5130,7,998,0.7256174087524414,768,230,0.49769946932792664,"[""V380"", ""V215"", ""V342"", ""V255"", ""V191"", ""V176"", ""V160""]","{""n_estimators"": 365, ""learning_rate"": 0.07481417278284423, ""max_depth"": 3, ""subsample"": 0.7215074738443041, ""colsample_bytree"": 0.9159556794856005, ""min_child_weight"": 1, ""reg_alpha"": 0.02517172841774562, ""reg_lambda"": 1.918416019686024}"
12,2026-06-05T11:19:32.426728+00:00,xgb,ranking_lgbm,12,5300,7,1000,0.6961445212364197,780,220,0.49705395102500916,"[""V380"", ""V215"", ""V342"", ""V255"", ""V191"", ""V176"", ""V160""]","{""n_estimators"": 291, ""learning_rate"": 0.032921286223143685, ""max_depth"": 4, ""subsample"": 0.5970578108911735, ""colsample_bytree"": 0.9631414801634982, ""min_child_weight"": 8, ""reg_alpha"": 0.4854270981677824, ""reg_lambda"": 0.5255616291812173}"
13,2026-06-05T11:19:57.919355+00:00,xgb,ranking_lgbm,13,4925,7,1000,0.7628509998321533,755,245,0.5000728368759155,"[""V380"", ""V215"", ""V342"", ""V255"", ""V191"", ""V176"", ""V160""]","{""n_estimators"": 255, ""learning_rate"": 0.14100745447731072, ""max_depth"": 4, ""subsample"": 0.5432171394442744, ""colsample_bytree"": 0.8618009016460737, ""min_child_weight"": 1, ""reg_alpha"": 0.918747008099885, ""reg_lambda"": 2.3014297082340245}"
14,2026-06-05T11:20:54.627447+00:00,xgb,ranking_lgbm,14,5110,7,996,0.7627111673355103,766,230,0.49865400791168213,"[""V380"", ""V215"", ""V342"", ""V255"", ""V191"", ""V176"", ""V160""]","{""n_estimators"": 276, ""learning_rate"": 0.06563118300523685, ""max_depth"": 9, ""subsample"": 0.9464913456356123, ""colsample_bytree"": 0.5895767397157889, ""min_child_weight"": 4, ""reg_alpha"": 0.7516615138131563, ""reg_lambda"": 1.7146866884161012}"
15,2026-06-05T11:21:40.396962+00:00,xgb,ranking_lgbm,15,4940,7,1000,0.8460077047348022,756,244,0.5012509226799011,"[""V380"", ""V215"", ""V342"", ""V255"", ""V191"", ""V176"", ""V160""]","{""n_estimators"": 207, ""learning_rate"": 0.16828401577453878, ""max_depth"": 9, ""subsample"": 0.9352138428624064, ""colsample_bytree"": 0.504023474264909, ""min_child_weight"": 1, ""reg_alpha"": 0.22199405367014335, ""reg_lambda"": 1.1388510960084859}"
16,2026-06-05T11:22:03.866564+00:00,xgb,ranking_lgbm,16,5185,7,996,0.7059429287910461,771,225,0.4970400035381317,"[""V380"", ""V215"", ""V342"", ""V255"", ""V191"", ""V176"", ""V160""]","{""n_estimators"": 345, ""learning_rate"": 0.05683438873814977, ""max_depth"": 3, ""subsample"": 0.6807692230441115, ""colsample_bytree"": 0.637700464303206, ""min_child_weight"": 6, ""reg_alpha"": 0.02495303232907431, ""reg_lambda"": 2.144596193797504}"
17,2026-06-05T11:22:50.029523+00:00,xgb,ranking_lgbm,17,5045,7,1000,0.7630321979522705,763,237,0.5005051493644714,"[""V380"", ""V215"", ""V342"", ""V255"", ""V191"", ""V176"", ""V160""]","{""n_estimators"": 269, ""learning_rate"": 0.0789984238779135, ""max_depth"": 8, ""subsample"": 0.7753507282905905, ""colsample_bytree"": 0.5228009750664031, ""min_child_weight"": 5, ""reg_alpha"": 0.22308094169128878, ""reg_lambda"": 1.877452323642713}"
18,2026-06-05T11:23:27.228235+00:00,xgb,ranking_lgbm,18,5245,7,999,0.7260683178901672,776,223,0.4969880282878876,"[""V380"", ""V215"", ""V342"", ""V255"", ""V191"", ""V176"", ""V160""]","{""n_estimators"": 211, ""learning_rate"": 0.057266665768534036, ""max_depth"": 9, ""subsample"": 0.5957603934737474, ""colsample_bytree"": 0.5339501790956457, ""min_child_weight"": 7, ""reg_alpha"": 0.41022325051079334, ""reg_lambda"": 0.7059877162802353}"
19,2026-06-05T11:24:39.078278+00:00,xgb,ranking_lgbm,19,5080,7,999,0.7700746059417725,765,234,0.5037515163421631,"[""V380"", ""V215"", ""V342"", ""V255"", ""V191"", ""V176"", ""V160""]","{""n_estimators"": 398, ""learning_rate"": 0.04140161511166397, ""max_depth"": 8, ""subsample"": 0.939300735460776, ""colsample_bytree"": 0.5909201126857673, ""min_child_weight"": 3, ""reg_alpha"": 0.2039724048237226, ""reg_lambda"": 0.523013467581595}"
20,2026-06-05T11:25:02.495397+00:00,xgb,ranking_lgbm,20,5000,7,1000,0.7284494042396545,760,240,0.4984738826751709,"[""V380"", ""V215"", ""V342"", ""V255"", ""V191"", ""V176"", ""V160""]","{""n_estimators"": 193, ""learning_rate"": 0.09457023444911432, ""max_depth"": 5, ""subsample"": 0.6234689865831635, ""colsample_bytree"": 0.5690658437381597, ""min_child_weight"": 3, ""reg_alpha"": 0.08299956500689287, ""reg_lambda"": 1.8439541625609333}"
21,2026-06-05T11:25:45.435577+00:00,xgb,ranking_lgbm,21,4675,7,999,0.7868392467498779,738,261,0.5008525252342224,"[""V380"", ""V215"", ""V342"", ""V255"", ""V191"", ""V176"", ""V160""]","{""n_estimators"": 371, ""learning_rate"": 0.17316184098817117, ""max_depth"": 5, ""subsample"": 0.907918738653842, ""colsample_bytree"": 0.5179447928084266, ""min_child_weight"": 8, ""reg_alpha"": 0.95045165254683, ""reg_lambda"": 1.8457313108222326}"
22,2026-06-05T11:26:07.589542+00:00,xgb,ranking_lgbm,22,5225,7,1000,0.7238209247589111,775,225,0.4981812536716461,"[""V380"", ""V215"", ""V342"", ""V255"", ""V191"", ""V176"", ""V160""]","{""n_estimators"": 307, ""learning_rate"": 0.07336644896847253, ""max_depth"": 3, ""subsample"": 0.5180738382846721, ""colsample_bytree"": 0.9757994905334814, ""min_child_weight"": 3, ""reg_alpha"": 0.0507732566953768, ""reg_lambda"": 1.1045437879292337}"
23,2026-06-05T11:26:47.412822+00:00,xgb,ranking_lgbm,23,4955,7,997,0.7764468789100647,756,241,0.4993705451488495,"[""V380"", ""V215"", ""V342"", ""V255"", ""V191"", ""V176"", ""V160""]","{""n_estimators"": 232, ""learning_rate"": 0.10225215926450489, ""max_depth"": 7, ""subsample"": 0.8187395776032731, ""colsample_bytree"": 0.8900170891402719, ""min_child_weight"": 9, ""reg_alpha"": 0.3388639606037004, ""reg_lambda"": 1.0410656665956624}"
24,2026-06-05T11:27:04.977557+00:00,xgb,ranking_lgbm,24,5065,7,999,0.7337899804115295,764,235,0.499905526638031,"[""V380"", ""V215"", ""V342"", ""V255"", ""V191"", ""V176"", ""V160""]","{""n_estimators"": 183, ""learning_rate"": 0.13036456877026253, ""max_depth"": 4, ""subsample"": 0.8827298796984535, ""colsample_bytree"": 0.6411979219835564, ""min_child_weight"": 8, ""reg_alpha"": 0.18399514382436277, ""reg_lambda"": 0.6996402351922164}"
25,2026-06-05T11:27:32.926715+00:00,xgb,ranking_lgbm,25,5210,7,1000,0.6926268339157104,774,226,0.4968930184841156,"[""V380"", ""V215"", ""V342"", ""V255"", ""V191"", ""V176"", ""V160""]","{""n_estimators"": 292, ""learning_rate"": 0.03792819298788975, ""max_depth"": 4, ""subsample"": 0.6100336498914258, ""colsample_bytree"": 0.680528176982029, ""min_child_weight"": 5, ""reg_alpha"": 0.7871809005473235, ""reg_lambda"": 1.4481023895196166}"
26,2026-06-05T11:28:19.001133+00:00,xgb,ranking_lgbm,26,4655,7,1000,0.8116090893745422,737,263,0.49945273995399475,"[""V380"", ""V215"", ""V342"", ""V255"", ""V191"", ""V176"", ""V160""]","{""n_estimators"": 232, ""learning_rate"": 0.13440989611552312, ""max_depth"": 8, ""subsample"": 0.5494121133756311, ""colsample_bytree"": 0.5904122755344962, ""min_child_weight"": 3, ""reg_alpha"": 0.11737554713471554, ""reg_lambda"": 1.86993748874827}"
27,2026-06-05T11:29:43.987926+00:00,xgb,ranking_lgbm,27,4955,7,1000,0.8018319606781006,757,243,0.49882861971855164,"[""V380"", ""V215"", ""V342"", ""V255"", ""V191"", ""V176"", ""V160""]","{""n_estimators"": 362, ""learning_rate"": 0.0742374740931738, ""max_depth"": 9, ""subsample"": 0.8946103680854298, ""colsample_bytree"": 0.9352810312379117, ""min_child_weight"": 5, ""reg_alpha"": 0.22611233047772372, ""reg_lambda"": 2.0015694572954197}"
28,2026-06-05T11:29:52.960229+00:00,xgb,ranking_lgbm,28,5210,7,1000,0.6779197454452515,774,226,0.49586668610572815,"[""V380"", ""V215"", ""V342"", ""V255"", ""V191"", ""V176"", ""V160""]","{""n_estimators"": 119, ""learning_rate"": 0.10212022596737415, ""max_depth"": 3, ""subsample"": 0.7339788372367739, ""colsample_bytree"": 0.6922940030074893, ""min_child_weight"": 2, ""reg_alpha"": 0.8409693307667548, ""reg_lambda"": 2.2570994676607126}"
29,2026-06-05T11:31:27.829201+00:00,xgb,ranking_lgbm,29,4970,7,1000,0.8008275628089905,758,242,0.5000216960906982,"[""V380"", ""V215"", ""V342"", ""V255"", ""V191"", ""V176"", ""V160""]","{""n_estimators"": 357, ""learning_rate"": 0.05562346409399763, ""max_depth"": 9, ""subsample"": 0.5624835460046205, ""colsample_bytree"": 0.6987961843500585, ""min_child_weight"": 1, ""reg_alpha"": 0.5109929816531131, ""reg_lambda"": 0.86538671683165}"
30,2026-06-05T11:31:51.801702+00:00,xgb,ranking_lgbm,30,5165,7,1000,0.716975748538971,771,229,0.49816587567329407,"[""V380"", ""V215"", ""V342"", ""V255"", ""V191"", ""V176"", ""V160""]","{""n_estimators"": 336, ""learning_rate"": 0.08197486177823288, ""max_depth"": 3, ""subsample"": 0.8816186021651424, ""colsample_bytree"": 0.7263595287997057, ""min_child_weight"": 6, ""reg_alpha"": 0.33095996623214907, ""reg_lambda"": 2.2092189021245403}"
31,2026-06-05T11:33:10.068411+00:00,xgb,ranking_lgbm,31,4540,7,999,0.8538592457771301,729,270,0.49895018339157104,"[""V380"", ""V215"", ""V342"", ""V255"", ""V191"", ""V176"", ""V160""]","{""n_estimators"": 393, ""learning_rate"": 0.16754669731193983, ""max_depth"": 8, ""subsample"": 0.8315239526678343, ""colsample_bytree"": 0.5818253630513767, ""min_child_weight"": 6, ""reg_alpha"": 0.7064143966634708, ""reg_lambda"": 1.7001416383944599}"
32,2026-06-05T11:34:19.984374+00:00,xgb,ranking_lgbm,32,5030,7,997,0.739791989326477,761,236,0.49883419275283813,"[""V380"", ""V215"", ""V342"", ""V255"", ""V191"", ""V176"", ""V160""]","{""n_estimators"": 310, ""learning_rate"": 0.034348740307359654, ""max_depth"": 9, ""subsample"": 0.885156466109439, ""colsample_bytree"": 0.9934350015462314, ""min_child_weight"": 7, ""reg_alpha"": 0.22028364917914411, ""reg_lambda"": 2.3361432115530745}"
33,2026-06-05T11:35:31.322922+00:00,xgb,ranking_lgbm,33,5090,7,1000,0.7419112324714661,766,234,0.4969874918460846,"[""V380"", ""V215"", ""V342"", ""V255"", ""V191"", ""V176"", ""V160""]","{""n_estimators"": 315, ""learning_rate"": 0.03894847665657604, ""max_depth"": 9, ""subsample"": 0.7775643889992984, ""colsample_bytree"": 0.9778282744958838, ""min_child_weight"": 8, ""reg_alpha"": 0.8162051391124808, ""reg_lambda"": 0.7021731206172495}"
34,2026-06-05T11:35:46.002583+00:00,xgb,ranking_lgbm,34,5255,7,1000,0.7297369837760925,777,223,0.49897500872612,"[""V380"", ""V215"", ""V342"", ""V255"", ""V191"", ""V176"", ""V160""]","{""n_estimators"": 120, ""learning_rate"": 0.13345238646489616, ""max_depth"": 5, ""subsample"": 0.7054704014982704, ""colsample_bytree"": 0.63014984544345, ""min_child_weight"": 7, ""reg_alpha"": 0.7509236424046749, ""reg_lambda"": 1.7259127500602813}"
35,2026-06-05T11:36:36.641235+00:00,xgb,ranking_lgbm,35,4845,7,995,0.8529712557792664,748,247,0.49836671352386475,"[""V380"", ""V215"", ""V342"", ""V255"", ""V191"", ""V176"", ""V160""]","{""n_estimators"": 222, ""learning_rate"": 0.14701506907870124, ""max_depth"": 9, ""subsample"": 0.7090076306197519, ""colsample_bytree"": 0.723881427250396, ""min_child_weight"": 3, ""reg_alpha"": 0.2530864507581302, ""reg_lambda"": 0.8799306125873398}"
36,2026-06-05T11:37:04.490178+00:00,xgb,ranking_lgbm,36,5105,7,1000,0.734001636505127,767,233,0.4983680546283722,"[""V380"", ""V215"", ""V342"", ""V255"", ""V191"", ""V176"", ""V160""]","{""n_estimators"": 301, ""learning_rate"": 0.09746926044115752, ""max_depth"": 4, ""subsample"": 0.623053428819122, ""colsample_bytree"": 0.5140628174589381, ""min_child_weight"": 9, ""reg_alpha"": 0.11134663609249817, ""reg_lambda"": 1.752874457908505}"
37,2026-06-05T11:37:21.050235+00:00,xgb,ranking_lgbm,37,5175,5,1000,0.6469873785972595,745,255,0.4977748990058899,"[""V380"", ""V215"", ""V342"", ""V255"", ""V191""]","{""n_estimators"": 233, ""learning_rate"": 0.043145850153581286, ""max_depth"": 3, ""subsample"": 0.9760903337030069, ""colsample_bytree"": 0.5715867238605152, ""min_child_weight"": 6, ""reg_alpha"": 0.36321459652102894, ""reg_lambda"": 0.8731136245786317}"
38,2026-06-05T11:38:42.339952+00:00,xgb,ranking_lgbm,38,4750,7,999,0.7793057560920715,743,256,0.4969078004360199,"[""V380"", ""V215"", ""V342"", ""V255"", ""V191"", ""V176"", ""V160""]","{""n_estimators"": 351, ""learning_rate"": 0.05891925434357364, ""max_depth"": 9, ""subsample"": 0.6548361317071475, ""colsample_bytree"": 0.9290893624880314, ""min_child_weight"": 6, ""reg_alpha"": 0.10343755501999807, ""reg_lambda"": 1.990951532568867}"
39,2026-06-05T11:39:11.966644+00:00,xgb,ranking_lgbm,39,4915,7,999,0.8152804374694824,754,245,0.5050172209739685,"[""V380"", ""V215"", ""V342"", ""V255"", ""V191"", ""V176"", ""V160""]","{""n_estimators"": 153, ""learning_rate"": 0.16697481633447067, ""max_depth"": 7, ""subsample"": 0.8514124468053648, ""colsample_bytree"": 0.8168170485857034, ""min_child_weight"": 1, ""reg_alpha"": 0.20012684285990445, ""reg_lambda"": 1.2747757753334024}"
40,2026-06-05T11:39:48.653541+00:00,xgb,ranking_lgbm,40,4670,7,1000,0.8043161630630493,738,262,0.4969443380832672,"[""V380"", ""V215"", ""V342"", ""V255"", ""V191"", ""V176"", ""V160""]","{""n_estimators"": 205, ""learning_rate"": 0.14968485319239078, ""max_depth"": 7, ""subsample"": 0.6834448058979581, ""colsample_bytree"": 0.9143260851576999, ""min_child_weight"": 5, ""reg_alpha"": 0.5255145833645837, ""reg_lambda"": 1.4278168116201368}"
41,2026-06-05T11:40:08.830624+00:00,xgb,ranking_lgbm,41,5180,4,1000,0.6343067288398743,732,268,0.4974360466003418,"[""V380"", ""V215"", ""V342"", ""V255""]","{""n_estimators"": 319, ""learning_rate"": 0.03830490601677901, ""max_depth"": 3, ""subsample"": 0.8525151509318694, ""colsample_bytree"": 0.5725230814902134, ""min_child_weight"": 8, ""reg_alpha"": 0.3039123053407655, ""reg_lambda"": 1.5527990485942909}"
42,2026-06-05T11:40:24.823831+00:00,xgb,ranking_lgbm,42,5195,7,1000,0.6876463294029236,773,227,0.4958903193473816,"[""V380"", ""V215"", ""V342"", ""V255"", ""V191"", ""V176"", ""V160""]","{""n_estimators"": 180, ""learning_rate"": 0.053303901452723304, ""max_depth"": 4, ""subsample"": 0.5582118515832657, ""colsample_bytree"": 0.8019328444744065, ""min_child_weight"": 9, ""reg_alpha"": 0.6685157172603458, ""reg_lambda"": 2.3348956977417936}"
43,2026-06-05T11:41:07.669318+00:00,xgb,ranking_lgbm,43,4745,7,1000,0.8139273524284363,743,257,0.49885523319244385,"[""V380"", ""V215"", ""V342"", ""V255"", ""V191"", ""V176"", ""V160""]","{""n_estimators"": 202, ""learning_rate"": 0.1494814480290349, ""max_depth"": 9, ""subsample"": 0.8659969709057025, ""colsample_bytree"": 0.7993292420985183, ""min_child_weight"": 7, ""reg_alpha"": 0.44583275285359114, ""reg_lambda"": 0.6999498316360058}"
44,2026-06-05T11:41:52.073561+00:00,xgb,ranking_lgbm,44,5170,7,999,0.725292980670929,771,228,0.4995735287666321,"[""V380"", ""V215"", ""V342"", ""V255"", ""V191"", ""V176"", ""V160""]","{""n_estimators"": 355, ""learning_rate"": 0.045437213853066, ""max_depth"": 5, ""subsample"": 0.6202948099826744, ""colsample_bytree"": 0.6635695279055699, ""min_child_weight"": 3, ""reg_alpha"": 0.6660902130980257, ""reg_lambda"": 1.5823244245668076}"
45,2026-06-05T11:43:11.829573+00:00,xgb,ranking_lgbm,45,4890,8,994,0.8391384482383728,764,230,0.5010592937469482,"[""V380"", ""V215"", ""V342"", ""V255"", ""V191"", ""V176"", ""V160"", ""V117""]","{""n_estimators"": 376, ""learning_rate"": 0.09488125596731464, ""max_depth"": 8, ""subsample"": 0.8723202408397589, ""colsample_bytree"": 0.6802504181281428, ""min_child_weight"": 4, ""reg_alpha"": 0.29637592739789465, ""reg_lambda"": 1.0139351396825842}"
46,2026-06-05T11:43:53.114466+00:00,xgb,ranking_lgbm,46,4955,7,1000,0.7947783470153809,757,243,0.4988462030887604,"[""V380"", ""V215"", ""V342"", ""V255"", ""V191"", ""V176"", ""V160""]","{""n_estimators"": 231, ""learning_rate"": 0.13072195002598386, ""max_depth"": 8, ""subsample"": 0.978626215623578, ""colsample_bytree"": 0.9573202821344433, ""min_child_weight"": 9, ""reg_alpha"": 0.04852200090644587, ""reg_lambda"": 0.8266488964165335}"
47,2026-06-05T11:44:50.732680+00:00,xgb,ranking_lgbm,47,5035,7,999,0.7970443964004517,762,237,0.5016788840293884,"[""V380"", ""V215"", ""V342"", ""V255"", ""V191"", ""V176"", ""V160""]","{""n_estimators"": 289, ""learning_rate"": 0.06870702382344793, ""max_depth"": 7, ""subsample"": 0.6245215457578744, ""colsample_bytree"": 0.8790379323249089, ""min_child_weight"": 1, ""reg_alpha"": 0.04286544835226391, ""reg_lambda"": 1.381734406859609}"
48,2026-06-05T11:45:07.907545+00:00,xgb,ranking_lgbm,48,5090,7,1000,0.7359370589256287,766,234,0.49841904640197754,"[""V380"", ""V215"", ""V342"", ""V255"", ""V191"", ""V176"", ""V160""]","{""n_estimators"": 235, ""learning_rate"": 0.15776362557837711, ""max_depth"": 3, ""subsample"": 0.8643673167505531, ""colsample_bytree"": 0.6757339029463507, ""min_child_weight"": 1, ""reg_alpha"": 0.7996046016600539, ""reg_lambda"": 1.791123709016585}"
49,2026-06-05T11:45:25.085650+00:00,xgb,ranking_lgbm,49,5120,7,1000,0.7125638723373413,768,232,0.4977657198905945,"[""V380"", ""V215"", ""V342"", ""V255"", ""V191"", ""V176"", ""V160""]","{""n_estimators"": 100, ""learning_rate"": 0.09397256466549626, ""max_depth"": 7, ""subsample"": 0.6424305837369592, ""colsample_bytree"": 0.649488188729479, ""min_child_weight"": 7, ""reg_alpha"": 0.9633315304254785, ""reg_lambda"": 1.2926608154879566}"
50,2026-06-05T11:46:29.390026+00:00,xgb,ranking_lgbm,50,4895,7,1000,0.7660744786262512,753,247,0.49600133299827576,"[""V380"", ""V215"", ""V342"", ""V255"", ""V191"", ""V176"", ""V160""]","{""n_estimators"": 273, ""learning_rate"": 0.06705927479427215, ""max_depth"": 9, ""subsample"": 0.5971078570619353, ""colsample_bytree"": 0.8813148613396167, ""min_child_weight"": 6, ""reg_alpha"": 0.5668846594996723, ""reg_lambda"": 1.5939317604860634}"
51,2026-06-05T11:47:24.316696+00:00,xgb,ranking_lgbm,51,5050,7,999,0.7361756563186646,763,236,0.496260404586792,"[""V380"", ""V215"", ""V342"", ""V255"", ""V191"", ""V176"", ""V160""]","{""n_estimators"": 276, ""learning_rate"": 0.049376187653932466, ""max_depth"": 8, ""subsample"": 0.6277369618786057, ""colsample_bytree"": 0.6981649548613884, ""min_child_weight"": 6, ""reg_alpha"": 0.15220072117875683, ""reg_lambda"": 2.4094122560053646}"
52,2026-06-05T11:47:39.751247+00:00,xgb,ranking_lgbm,52,5045,7,1000,0.6463490128517151,763,237,0.49612051248550415,"[""V380"", ""V215"", ""V342"", ""V255"", ""V191"", ""V176"", ""V160""]","{""n_estimators"": 157, ""learning_rate"": 0.03670682733044191, ""max_depth"": 4, ""subsample"": 0.9713613638431569, ""colsample_bytree"": 0.7738909582950659, ""min_child_weight"": 5, ""reg_alpha"": 0.9493378066500051, ""reg_lambda"": 0.8153403375475279}"
53,2026-06-05T11:48:37.701680+00:00,xgb,ranking_lgbm,53,5125,7,999,0.7230536341667175,768,231,0.5012537240982056,"[""V380"", ""V215"", ""V342"", ""V255"", ""V191"", ""V176"", ""V160""]","{""n_estimators"": 256, ""learning_rate"": 0.0339176972354801, ""max_depth"": 9, ""subsample"": 0.8092108846748052, ""colsample_bytree"": 0.5491422326684496, ""min_child_weight"": 4, ""reg_alpha"": 0.03246557697973673, ""reg_lambda"": 0.6432179141212648}"
54,2026-06-05T11:49:06.338588+00:00,xgb,ranking_lgbm,54,4715,7,1000,0.7779486775398254,741,259,0.5023923516273499,"[""V380"", ""V215"", ""V342"", ""V255"", ""V191"", ""V176"", ""V160""]","{""n_estimators"": 125, ""learning_rate"": 0.1318132484270247, ""max_depth"": 8, ""subsample"": 0.7274377012028764, ""colsample_bytree"": 0.6760874568459809, ""min_child_weight"": 1, ""reg_alpha"": 0.45291324576330383, ""reg_lambda"": 1.4773259798369138}"
55,2026-06-05T11:49:25.359104+00:00,xgb,ranking_lgbm,55,5130,5,1000,0.6654243469238281,742,258,0.49702519178390503,"[""V380"", ""V215"", ""V342"", ""V255"", ""V191""]","{""n_estimators"": 211, ""learning_rate"": 0.059089998859807286, ""max_depth"": 4, ""subsample"": 0.7591413640837381, ""colsample_bytree"": 0.5043027260043846, ""min_child_weight"": 7, ""reg_alpha"": 0.8013812560164609, ""reg_lambda"": 2.014623977217309}"
56,2026-06-05T11:50:16.415980+00:00,xgb,ranking_lgbm,56,4535,7,1000,0.8289031982421875,729,271,0.49708470702171326,"[""V380"", ""V215"", ""V342"", ""V255"", ""V191"", ""V176"", ""V160""]","{""n_estimators"": 254, ""learning_rate"": 0.17574838799846812, ""max_depth"": 8, ""subsample"": 0.6239774832223456, ""colsample_bytree"": 0.9917461854633831, ""min_child_weight"": 6, ""reg_alpha"": 0.2855442354647988, ""reg_lambda"": 2.225260754103279}"
57,2026-06-05T11:50:50.536371+00:00,xgb,ranking_lgbm,57,4880,7,1000,0.7739202380180359,752,248,0.4989708960056305,"[""V380"", ""V215"", ""V342"", ""V255"", ""V191"", ""V176"", ""V160""]","{""n_estimators"": 292, ""learning_rate"": 0.13105524370037064, ""max_depth"": 5, ""subsample"": 0.7997527880759778, ""colsample_bytree"": 0.5908752672872168, ""min_child_weight"": 7, ""reg_alpha"": 0.24784955351126103, ""reg_lambda"": 1.4172226502924277}"
58,2026-06-05T11:51:12.811987+00:00,xgb,ranking_lgbm,58,5330,7,1000,0.7062740921974182,782,218,0.49701935052871704,"[""V380"", ""V215"", ""V342"", ""V255"", ""V191"", ""V176"", ""V160""]","{""n_estimators"": 314, ""learning_rate"": 0.0645715649327592, ""max_depth"": 3, ""subsample"": 0.6553913492800435, ""colsample_bytree"": 0.7829779453807528, ""min_child_weight"": 8, ""reg_alpha"": 0.9371334299974101, ""reg_lambda"": 1.473518117042707}"
59,2026-06-05T11:51:49.965863+00:00,xgb,ranking_lgbm,59,4940,7,1000,0.791877269744873,756,244,0.503930389881134,"[""V380"", ""V215"", ""V342"", ""V255"", ""V191"", ""V176"", ""V160""]","{""n_estimators"": 391, ""learning_rate"": 0.15501320405066674, ""max_depth"": 4, ""subsample"": 0.7480301743838947, ""colsample_bytree"": 0.5378110332975685, ""min_child_weight"": 2, ""reg_alpha"": 0.2896340057739586, ""reg_lambda"": 1.1176089175768495}"
60,2026-06-05T11:52:30.237449+00:00,xgb,ranking_lgbm,60,4870,7,999,0.7926691770553589,751,248,0.5020507574081421,"[""V380"", ""V215"", ""V342"", ""V255"", ""V191"", ""V176"", ""V160""]","{""n_estimators"": 277, ""learning_rate"": 0.15069251815736728, ""max_depth"": 6, ""subsample"": 0.9895808923399334, ""colsample_bytree"": 0.6989276467769358, ""min_child_weight"": 4, ""reg_alpha"": 0.9411898423454207, ""reg_lambda"": 0.8996632034179628}"
61,2026-06-05T11:53:09.433972+00:00,xgb,ranking_lgbm,61,4940,7,1000,0.7980029582977295,756,244,0.49986186623573303,"[""V380"", ""V215"", ""V342"", ""V255"", ""V191"", ""V176"", ""V160""]","{""n_estimators"": 305, ""learning_rate"": 0.1461976957920333, ""max_depth"": 5, ""subsample"": 0.6615913384841097, ""colsample_bytree"": 0.8328747851441545, ""min_child_weight"": 2, ""reg_alpha"": 0.74842802731882, ""reg_lambda"": 1.5607951638015345}"
62,2026-06-05T11:53:23.777765+00:00,xgb,ranking_lgbm,62,5135,7,1000,0.7310773134231567,769,231,0.4995845556259155,"[""V380"", ""V215"", ""V342"", ""V255"", ""V191"", ""V176"", ""V160""]","{""n_estimators"": 199, ""learning_rate"": 0.15936471124889298, ""max_depth"": 3, ""subsample"": 0.9386633841035263, ""colsample_bytree"": 0.7497756536733196, ""min_child_weight"": 2, ""reg_alpha"": 0.0035455468097308485, ""reg_lambda"": 2.34728869327677}"
63,2026-06-05T11:53:35.880398+00:00,xgb,ranking_lgbm,63,5210,7,1000,0.7048631906509399,774,226,0.49864551424980164,"[""V380"", ""V215"", ""V342"", ""V255"", ""V191"", ""V176"", ""V160""]","{""n_estimators"": 118, ""learning_rate"": 0.11134514148061071, ""max_depth"": 4, ""subsample"": 0.9230425486404414, ""colsample_bytree"": 0.7057009999048872, ""min_child_weight"": 2, ""reg_alpha"": 0.8864141351799908, ""reg_lambda"": 1.065650903326277}"
64,2026-06-05T11:53:54.810658+00:00,xgb,ranking_lgbm,64,5115,7,998,0.7273640036582947,767,231,0.4971183240413666,"[""V380"", ""V215"", ""V342"", ""V255"", ""V191"", ""V176"", ""V160""]","{""n_estimators"": 144, ""learning_rate"": 0.10290383956907082, ""max_depth"": 5, ""subsample"": 0.5358353015991768, ""colsample_bytree"": 0.9109119480588979, ""min_child_weight"": 3, ""reg_alpha"": 0.7855495680577067, ""reg_lambda"": 1.988675647126036}"
65,2026-06-05T11:54:15.642834+00:00,xgb,ranking_lgbm,65,5075,7,1000,0.7327339053153992,765,235,0.4992158114910126,"[""V380"", ""V215"", ""V342"", ""V255"", ""V191"", ""V176"", ""V160""]","{""n_estimators"": 219, ""learning_rate"": 0.11277179628118034, ""max_depth"": 4, ""subsample"": 0.7249294494277263, ""colsample_bytree"": 0.7285099126973593, ""min_child_weight"": 9, ""reg_alpha"": 0.3133373611975704, ""reg_lambda"": 1.089718922003161}"
66,2026-06-05T11:54:57.502544+00:00,xgb,ranking_lgbm,66,5255,7,1000,0.7035741806030273,777,223,0.4969024062156677,"[""V380"", ""V215"", ""V342"", ""V255"", ""V191"", ""V176"", ""V160""]","{""n_estimators"": 217, ""learning_rate"": 0.034710407925387085, ""max_depth"": 8, ""subsample"": 0.6879524371498996, ""colsample_bytree"": 0.7099811967588081, ""min_child_weight"": 7, ""reg_alpha"": 0.16295022250708835, ""reg_lambda"": 1.8986275064555331}"
67,2026-06-05T11:55:15.311915+00:00,xgb,ranking_lgbm,67,5165,7,1000,0.6896408796310425,771,229,0.4944385290145874,"[""V380"", ""V215"", ""V342"", ""V255"", ""V191"", ""V176"", ""V160""]","{""n_estimators"": 120, ""learning_rate"": 0.059310349896959456, ""max_depth"": 6, ""subsample"": 0.6813427330884438, ""colsample_bytree"": 0.8395544377228157, ""min_child_weight"": 6, ""reg_alpha"": 0.904821464800912, ""reg_lambda"": 2.3432659917833862}"
68,2026-06-05T11:55:44.741338+00:00,xgb,ranking_lgbm,68,4960,7,999,0.7699622511863708,757,242,0.5013863444328308,"[""V380"", ""V215"", ""V342"", ""V255"", ""V191"", ""V176"", ""V160""]","{""n_estimators"": 302, ""learning_rate"": 0.17270294161799465, ""max_depth"": 4, ""subsample"": 0.665795910506717, ""colsample_bytree"": 0.529998964780309, ""min_child_weight"": 4, ""reg_alpha"": 0.7561352918483811, ""reg_lambda"": 2.337622370165859}"
69,2026-06-05T11:56:36.411738+00:00,xgb,ranking_lgbm,69,5195,7,1000,0.7422927618026733,773,227,0.4999309182167053,"[""V380"", ""V215"", ""V342"", ""V255"", ""V191"", ""V176"", ""V160""]","{""n_estimators"": 302, ""learning_rate"": 0.05209432919976728, ""max_depth"": 7, ""subsample"": 0.8053883912485752, ""colsample_bytree"": 0.6481939791478635, ""min_child_weight"": 7, ""reg_alpha"": 0.32266640733806584, ""reg_lambda"": 1.1182425722494775}"
70,2026-06-05T11:56:57.818329+00:00,xgb,ranking_lgbm,70,5075,7,1000,0.7404079437255859,765,235,0.49817198514938354,"[""V380"", ""V215"", ""V342"", ""V255"", ""V191"", ""V176"", ""V160""]","{""n_estimators"": 154, ""learning_rate"": 0.09023680732667563, ""max_depth"": 6, ""subsample"": 0.6751262626117057, ""colsample_bytree"": 0.8947046282154463, ""min_child_weight"": 7, ""reg_alpha"": 0.14305329511753428, ""reg_lambda"": 1.0626445875313442}"
71,2026-06-05T11:58:01.310657+00:00,xgb,ranking_lgbm,71,4835,7,994,0.8298351168632507,747,247,0.49778416752815247,"[""V380"", ""V215"", ""V342"", ""V255"", ""V191"", ""V176"", ""V160""]","{""n_estimators"": 314, ""learning_rate"": 0.16086394416138233, ""max_depth"": 7, ""subsample"": 0.562761909906455, ""colsample_bytree"": 0.5852866668881198, ""min_child_weight"": 6, ""reg_alpha"": 0.14800810092978367, ""reg_lambda"": 2.2190682044864136}"
72,2026-06-05T11:58:16.798890+00:00,xgb,ranking_lgbm,72,5105,7,1000,0.7211861610412598,767,233,0.4979616701602936,"[""V380"", ""V215"", ""V342"", ""V255"", ""V191"", ""V176"", ""V160""]","{""n_estimators"": 207, ""learning_rate"": 0.14386799520246607, ""max_depth"": 3, ""subsample"": 0.8564588174175376, ""colsample_bytree"": 0.5847643871477171, ""min_child_weight"": 1, ""reg_alpha"": 0.7883107006384493, ""reg_lambda"": 1.9452085687596747}"
73,2026-06-05T11:59:31.896448+00:00,xgb,ranking_lgbm,73,4450,7,996,0.8039658069610596,722,274,0.4989919066429138,"[""V380"", ""V215"", ""V342"", ""V255"", ""V191"", ""V176"", ""V160""]","{""n_estimators"": 375, ""learning_rate"": 0.13265139499180312, ""max_depth"": 8, ""subsample"": 0.5355825065418596, ""colsample_bytree"": 0.8241709709637413, ""min_child_weight"": 8, ""reg_alpha"": 0.6426342183058991, ""reg_lambda"": 2.389809447129578}"
74,2026-06-05T11:59:49.470670+00:00,xgb,ranking_lgbm,74,5045,7,1000,0.7200753092765808,763,237,0.49772003293037415,"[""V380"", ""V215"", ""V342"", ""V255"", ""V191"", ""V176"", ""V160""]","{""n_estimators"": 246, ""learning_rate"": 0.11079313964534203, ""max_depth"": 3, ""subsample"": 0.5866905920589611, ""colsample_bytree"": 0.7593431863672621, ""min_child_weight"": 8, ""reg_alpha"": 0.0859074536262453, ""reg_lambda"": 2.232350670875527}"
75,2026-06-05T12:00:31.609564+00:00,xgb,ranking_lgbm,75,4765,7,996,0.8128951191902161,743,253,0.49780526757240295,"[""V380"", ""V215"", ""V342"", ""V255"", ""V191"", ""V176"", ""V160""]","{""n_estimators"": 237, ""learning_rate"": 0.16973444274872976, ""max_depth"": 7, ""subsample"": 0.6635426005407173, ""colsample_bytree"": 0.6244302380424167, ""min_child_weight"": 4, ""reg_alpha"": 0.6613284133782242, ""reg_lambda"": 1.9209825140591332}"
76,2026-06-05T12:01:05.098316+00:00,xgb,ranking_lgbm,76,5155,7,999,0.7739506363868713,770,229,0.5014671683311462,"[""V380"", ""V215"", ""V342"", ""V255"", ""V191"", ""V176"", ""V160""]","{""n_estimators"": 348, ""learning_rate"": 0.136833756416251, ""max_depth"": 4, ""subsample"": 0.9440553349501286, ""colsample_bytree"": 0.9648290885870345, ""min_child_weight"": 3, ""reg_alpha"": 0.533186156632571, ""reg_lambda"": 1.4717725990392168}"
77,2026-06-05T12:01:24.958968+00:00,xgb,ranking_lgbm,77,5330,7,1000,0.7191089987754822,782,218,0.4971790909767151,"[""V380"", ""V215"", ""V342"", ""V255"", ""V191"", ""V176"", ""V160""]","{""n_estimators"": 261, ""learning_rate"": 0.10769894579684795, ""max_depth"": 3, ""subsample"": 0.6673763122857626, ""colsample_bytree"": 0.5968567593367713, ""min_child_weight"": 3, ""reg_alpha"": 0.856685518937633, ""reg_lambda"": 1.6370261887467987}"
78,2026-06-05T12:02:25.820703+00:00,xgb,ranking_lgbm,78,5115,7,998,0.7174453735351562,767,231,0.5000428557395935,"[""V380"", ""V215"", ""V342"", ""V255"", ""V191"", ""V176"", ""V160""]","{""n_estimators"": 315, ""learning_rate"": 0.034854890676806416, ""max_depth"": 7, ""subsample"": 0.8768561148645884, ""colsample_bytree"": 0.5696572840513675, ""min_child_weight"": 1, ""reg_alpha"": 0.34115110179783437, ""reg_lambda"": 2.2779641647063333}"
79,2026-06-05T12:02:48.101852+00:00,xgb,ranking_lgbm,79,5120,7,1000,0.739241361618042,768,232,0.49709081649780273,"[""V380"", ""V215"", ""V342"", ""V255"", ""V191"", ""V176"", ""V160""]","{""n_estimators"": 297, ""learning_rate"": 0.16309995384621956, ""max_depth"": 3, ""subsample"": 0.8993480339519009, ""colsample_bytree"": 0.9000542958289413, ""min_child_weight"": 5, ""reg_alpha"": 0.7606209251584098, ""reg_lambda"": 2.4873447840099763}"
80,2026-06-05T12:03:37.201307+00:00,xgb,ranking_lgbm,80,4870,7,999,0.7800459861755371,751,248,0.4984809458255768,"[""V380"", ""V215"", ""V342"", ""V255"", ""V191"", ""V176"", ""V160""]","{""n_estimators"": 289, ""learning_rate"": 0.10021011389221726, ""max_depth"": 7, ""subsample"": 0.9069010844423553, ""colsample_bytree"": 0.7170950316648108, ""min_child_weight"": 8, ""reg_alpha"": 0.3213640316096379, ""reg_lambda"": 2.0583479942148264}"
81,2026-06-05T12:04:19.206896+00:00,xgb,ranking_lgbm,81,4790,7,1000,0.7774459719657898,746,254,0.49992525577545166,"[""V380"", ""V215"", ""V342"", ""V255"", ""V191"", ""V176"", ""V160""]","{""n_estimators"": 275, ""learning_rate"": 0.13142344873332196, ""max_depth"": 6, ""subsample"": 0.6349344855364751, ""colsample_bytree"": 0.8372409373444962, ""min_child_weight"": 8, ""reg_alpha"": 0.8825398436572417, ""reg_lambda"": 1.9820235999174913}"
82,2026-06-05T12:05:04.417989+00:00,xgb,ranking_lgbm,82,5015,7,1000,0.7823144793510437,761,239,0.5034112334251404,"[""V380"", ""V215"", ""V342"", ""V255"", ""V191"", ""V176"", ""V160""]","{""n_estimators"": 293, ""learning_rate"": 0.08112733150339524, ""max_depth"": 6, ""subsample"": 0.8325977284976065, ""colsample_bytree"": 0.9500428432131734, ""min_child_weight"": 2, ""reg_alpha"": 0.2482102251210051, ""reg_lambda"": 1.5182388888192124}"
83,2026-06-05T12:05:39.240529+00:00,xgb,ranking_lgbm,83,5285,7,1000,0.714786946773529,779,221,0.49764883518218994,"[""V380"", ""V215"", ""V342"", ""V255"", ""V191"", ""V176"", ""V160""]","{""n_estimators"": 231, ""learning_rate"": 0.04320206370863776, ""max_depth"": 6, ""subsample"": 0.8119496061676899, ""colsample_bytree"": 0.889021153657708, ""min_child_weight"": 3, ""reg_alpha"": 0.6556181010539374, ""reg_lambda"": 2.416239723524961}"
84,2026-06-05T12:05:51.663609+00:00,xgb,ranking_lgbm,84,5125,7,996,0.7043084502220154,767,229,0.49743160605430603,"[""V380"", ""V215"", ""V342"", ""V255"", ""V191"", ""V176"", ""V160""]","{""n_estimators"": 182, ""learning_rate"": 0.11484862523204188, ""max_depth"": 3, ""subsample"": 0.9534267514092118, ""colsample_bytree"": 0.6368665427989014, ""min_child_weight"": 5, ""reg_alpha"": 0.3867360667480175, ""reg_lambda"": 1.9868183225995777}"
85,2026-06-05T12:07:06.167155+00:00,xgb,ranking_lgbm,85,4940,7,1000,0.8254898190498352,756,244,0.4996701180934906,"[""V380"", ""V215"", ""V342"", ""V255"", ""V191"", ""V176"", ""V160""]","{""n_estimators"": 341, ""learning_rate"": 0.08553634741733987, ""max_depth"": 8, ""subsample"": 0.657796307014227, ""colsample_bytree"": 0.685256376825683, ""min_child_weight"": 2, ""reg_alpha"": 0.2754019958793309, ""reg_lambda"": 0.7196162679540223}"
86,2026-06-05T12:07:46.820906+00:00,xgb,ranking_lgbm,86,4850,7,1000,0.7982471585273743,750,250,0.5004116892814636,"[""V380"", ""V215"", ""V342"", ""V255"", ""V191"", ""V176"", ""V160""]","{""n_estimators"": 260, ""learning_rate"": 0.10634296029681105, ""max_depth"": 6, ""subsample"": 0.5242880458153736, ""colsample_bytree"": 0.8733298267182206, ""min_child_weight"": 2, ""reg_alpha"": 0.37324974209927675, ""reg_lambda"": 1.2385571871464731}"
87,2026-06-05T12:08:34.697918+00:00,xgb,ranking_lgbm,87,4565,7,1000,0.851473867893219,731,269,0.500713050365448,"[""V380"", ""V215"", ""V342"", ""V255"", ""V191"", ""V176"", ""V160""]","{""n_estimators"": 248, ""learning_rate"": 0.17896065653163168, ""max_depth"": 7, ""subsample"": 0.576318871650123, ""colsample_bytree"": 0.8772964057627615, ""min_child_weight"": 2, ""reg_alpha"": 0.42164722079002415, ""reg_lambda"": 2.2120477521770416}"
88,2026-06-05T12:09:50.215777+00:00,xgb,ranking_lgbm,88,4820,7,997,0.787163496017456,747,250,0.49958789348602295,"[""V380"", ""V215"", ""V342"", ""V255"", ""V191"", ""V176"", ""V160""]","{""n_estimators"": 287, ""learning_rate"": 0.07100475866817983, ""max_depth"": 9, ""subsample"": 0.5489160886576936, ""colsample_bytree"": 0.6203724578905905, ""min_child_weight"": 1, ""reg_alpha"": 0.5474529344525135, ""reg_lambda"": 1.9383065958575159}"
89,2026-06-05T12:10:42.350910+00:00,xgb,ranking_lgbm,89,4970,7,1000,0.7955251932144165,758,242,0.5035609602928162,"[""V380"", ""V215"", ""V342"", ""V255"", ""V191"", ""V176"", ""V160""]","{""n_estimators"": 388, ""learning_rate"": 0.10607245323196202, ""max_depth"": 5, ""subsample"": 0.8262089375268116, ""colsample_bytree"": 0.8611118260770707, ""min_child_weight"": 1, ""reg_alpha"": 0.7142971018711349, ""reg_lambda"": 1.9346767641828015}"
90,2026-06-05T12:12:14.830882+00:00,xgb,ranking_lgbm,90,4850,7,1000,0.8261281251907349,750,250,0.4998515546321869,"[""V380"", ""V215"", ""V342"", ""V255"", ""V191"", ""V176"", ""V160""]","{""n_estimators"": 386, ""learning_rate"": 0.06839057014675053, ""max_depth"": 9, ""subsample"": 0.6433264355991843, ""colsample_bytree"": 0.8174003867960912, ""min_child_weight"": 3, ""reg_alpha"": 0.015990073460554255, ""reg_lambda"": 0.8051904577678375}"
91,2026-06-05T12:12:52.821170+00:00,xgb,ranking_lgbm,91,5120,7,1000,0.7354093790054321,768,232,0.4987284243106842,"[""V380"", ""V215"", ""V342"", ""V255"", ""V191"", ""V176"", ""V160""]","{""n_estimators"": 257, ""learning_rate"": 0.053652849151411094, ""max_depth"": 6, ""subsample"": 0.6549256663937038, ""colsample_bytree"": 0.7049210711795026, ""min_child_weight"": 3, ""reg_alpha"": 0.2677095144131617, ""reg_lambda"": 1.1681023149767582}"
92,2026-06-05T12:13:26.025898+00:00,xgb,ranking_lgbm,92,4745,7,997,0.7894152998924255,742,255,0.5001630187034607,"[""V380"", ""V215"", ""V342"", ""V255"", ""V191"", ""V176"", ""V160""]","{""n_estimators"": 278, ""learning_rate"": 0.17861761331076226, ""max_depth"": 5, ""subsample"": 0.648249844350536, ""colsample_bytree"": 0.546666834240384, ""min_child_weight"": 5, ""reg_alpha"": 0.4583770910294558, ""reg_lambda"": 1.577739784901779}"
93,2026-06-05T12:13:53.514117+00:00,xgb,ranking_lgbm,93,4970,7,1000,0.7739075422286987,758,242,0.5006234645843506,"[""V380"", ""V215"", ""V342"", ""V255"", ""V191"", ""V176"", ""V160""]","{""n_estimators"": 222, ""learning_rate"": 0.16710351190184977, ""max_depth"": 5, ""subsample"": 0.7123640657375538, ""colsample_bytree"": 0.7394348234235947, ""min_child_weight"": 8, ""reg_alpha"": 0.2581038426855332, ""reg_lambda"": 2.365515194635824}"
94,2026-06-05T12:14:46.007967+00:00,xgb,ranking_lgbm,94,5030,7,1000,0.7368741631507874,762,238,0.4966166019439697,"[""V380"", ""V215"", ""V342"", ""V255"", ""V191"", ""V176"", ""V160""]","{""n_estimators"": 252, ""learning_rate"": 0.07608615140153549, ""max_depth"": 8, ""subsample"": 0.5525139031407196, ""colsample_bytree"": 0.5671243952946167, ""min_child_weight"": 5, ""reg_alpha"": 0.9993765288232714, ""reg_lambda"": 2.0019678538643824}"
95,2026-06-05T12:15:41.234602+00:00,xgb,ranking_lgbm,95,4730,7,1000,0.8151242136955261,742,258,0.5006076097488403,"[""V380"", ""V215"", ""V342"", ""V255"", ""V191"", ""V176"", ""V160""]","{""n_estimators"": 287, ""learning_rate"": 0.1477736639312146, ""max_depth"": 8, ""subsample"": 0.8449308072893819, ""colsample_bytree"": 0.7117164894502674, ""min_child_weight"": 9, ""reg_alpha"": 0.39247196998969147, ""reg_lambda"": 1.5238142962625791}"
96,2026-06-05T12:17:22.133515+00:00,xgb,ranking_lgbm,96,4820,7,1000,0.7708954215049744,748,252,0.4974483847618103,"[""V380"", ""V215"", ""V342"", ""V255"", ""V191"", ""V176"", ""V160""]","{""n_estimators"": 397, ""learning_rate"": 0.058603202793627435, ""max_depth"": 9, ""subsample"": 0.6150425401289981, ""colsample_bytree"": 0.6531876829750216, ""min_child_weight"": 3, ""reg_alpha"": 0.8694621000041144, ""reg_lambda"": 1.9484753527986953}"
97,2026-06-05T12:17:55.522214+00:00,xgb,ranking_lgbm,97,5115,7,998,0.7589551210403442,767,231,0.49801474809646606,"[""V380"", ""V215"", ""V342"", ""V255"", ""V191"", ""V176"", ""V160""]","{""n_estimators"": 184, ""learning_rate"": 0.101283994886468, ""max_depth"": 7, ""subsample"": 0.9086176865817284, ""colsample_bytree"": 0.9519402373675536, ""min_child_weight"": 7, ""reg_alpha"": 0.5862663471555426, ""reg_lambda"": 1.4496881379544855}"
98,2026-06-05T12:18:24.526135+00:00,xgb,ranking_lgbm,98,4880,7,1000,0.7812318801879883,752,248,0.49853119254112244,"[""V380"", ""V215"", ""V342"", ""V255"", ""V191"", ""V176"", ""V160""]","{""n_estimators"": 190, ""learning_rate"": 0.15326010834824572, ""max_depth"": 6, ""subsample"": 0.7235768926307558, ""colsample_bytree"": 0.6422905045143158, ""min_child_weight"": 6, ""reg_alpha"": 0.2385812424044581, ""reg_lambda"": 0.7375072684337953}"
99,2026-06-05T12:18:44.779705+00:00,xgb,ranking_lgbm,99,4910,7,1000,0.7525036334991455,754,246,0.497270405292511,"[""V380"", ""V215"", ""V342"", ""V255"", ""V191"", ""V176"", ""V160""]","{""n_estimators"": 142, ""learning_rate"": 0.1150783523176327, ""max_depth"": 6, ""subsample"": 0.5709159328810234, ""colsample_bytree"": 0.8866032008002485, ""min_child_weight"": 7, ""reg_alpha"": 0.11891018660926722, ""reg_lambda"": 1.2771190455657404}"
100,2026-06-05T12:18:59.528092+00:00,xgb,ranking_lgbm,100,5105,7,1000,0.7225943207740784,767,233,0.4985746145248413,"[""V380"", ""V215"", ""V342"", ""V255"", ""V191"", ""V176"", ""V160""]","{""n_estimators"": 229, ""learning_rate"": 0.1383809511602801, ""max_depth"": 3, ""subsample"": 0.9127475870179482, ""colsample_bytree"": 0.515723193813149, ""min_child_weight"": 6, ""reg_alpha"": 0.19331310365809062, ""reg_lambda"": 2.4546961232665554}"
101,2026-06-05T12:19:07.594798+00:00,xgb,ranking_lgbm,101,5270,7,1000,0.6885245442390442,778,222,0.49559175968170166,"[""V380"", ""V215"", ""V342"", ""V255"", ""V191"", ""V176"", ""V160""]","{""n_estimators"": 108, ""learning_rate"": 0.1306733450424329, ""max_depth"": 3, ""subsample"": 0.5743024200376825, ""colsample_bytree"": 0.5783555400430005, ""min_child_weight"": 6, ""reg_alpha"": 0.6707490847267786, ""reg_lambda"": 2.1517055102100953}"
102,2026-06-05T12:19:28.297892+00:00,xgb,ranking_lgbm,102,4940,7,1000,0.7329601645469666,756,244,0.49620679020881653,"[""V380"", ""V215"", ""V342"", ""V255"", ""V191"", ""V176"", ""V160""]","{""n_estimators"": 111, ""learning_rate"": 0.11560013803022097, ""max_depth"": 8, ""subsample"": 0.5006651978391297, ""colsample_bytree"": 0.7670554400753113, ""min_child_weight"": 9, ""reg_alpha"": 0.3069662196722378, ""reg_lambda"": 2.287226159366795}"
103,2026-06-05T12:20:07.332189+00:00,xgb,ranking_lgbm,103,4840,7,990,0.7684181928634644,746,244,0.49933764338493347,"[""V380"", ""V215"", ""V342"", ""V255"", ""V191"", ""V176"", ""V160""]","{""n_estimators"": 356, ""learning_rate"": 0.08963361525087085, ""max_depth"": 5, ""subsample"": 0.6496408705048509, ""colsample_bytree"": 0.8653701339545172, ""min_child_weight"": 9, ""reg_alpha"": 0.8090176696206909, ""reg_lambda"": 0.8344970082978309}"
104,2026-06-05T12:21:01.817458+00:00,xgb,ranking_lgbm,104,5035,7,999,0.7678320407867432,762,237,0.49982208013534546,"[""V380"", ""V215"", ""V342"", ""V255"", ""V191"", ""V176"", ""V160""]","{""n_estimators"": 363, ""learning_rate"": 0.06886410240927554, ""max_depth"": 6, ""subsample"": 0.5854718426387511, ""colsample_bytree"": 0.9138161238103206, ""min_child_weight"": 6, ""reg_alpha"": 0.4809718091737758, ""reg_lambda"": 0.6774463031095974}"
105,2026-06-05T12:21:25.055610+00:00,xgb,ranking_lgbm,105,5180,7,1000,0.6999486088752747,772,228,0.4966917932033539,"[""V380"", ""V215"", ""V342"", ""V255"", ""V191"", ""V176"", ""V160""]","{""n_estimators"": 169, ""learning_rate"": 0.04865121226195061, ""max_depth"": 6, ""subsample"": 0.9037466810251883, ""colsample_bytree"": 0.6492372877700416, ""min_child_weight"": 9, ""reg_alpha"": 0.9990267438600756, ""reg_lambda"": 0.6862460286235736}"
106,2026-06-05T12:21:52.842516+00:00,xgb,ranking_lgbm,106,5085,7,998,0.7269007563591003,765,233,0.49943819642066956,"[""V380"", ""V215"", ""V342"", ""V255"", ""V191"", ""V176"", ""V160""]","{""n_estimators"": 292, ""learning_rate"": 0.07923980012555377, ""max_depth"": 4, ""subsample"": 0.9296778725443235, ""colsample_bytree"": 0.5528434176595423, ""min_child_weight"": 1, ""reg_alpha"": 0.7344198008156535, ""reg_lambda"": 1.1983537718181994}"
107,2026-06-05T12:23:03.610197+00:00,xgb,ranking_lgbm,107,4740,8,997,0.8232890963554382,755,242,0.49740391969680786,"[""V380"", ""V215"", ""V342"", ""V255"", ""V191"", ""V176"", ""V160"", ""V117""]","{""n_estimators"": 395, ""learning_rate"": 0.10144038280423547, ""max_depth"": 7, ""subsample"": 0.8051093858635581, ""colsample_bytree"": 0.926029908737652, ""min_child_weight"": 6, ""reg_alpha"": 0.9968964530112713, ""reg_lambda"": 0.526100037358133}"
108,2026-06-05T12:23:40.340107+00:00,xgb,ranking_lgbm,108,4805,7,1000,0.8094128966331482,747,253,0.49812445044517517,"[""V380"", ""V215"", ""V342"", ""V255"", ""V191"", ""V176"", ""V160""]","{""n_estimators"": 162, ""learning_rate"": 0.17865872311008818, ""max_depth"": 9, ""subsample"": 0.7817009243238886, ""colsample_bytree"": 0.6126322071843793, ""min_child_weight"": 7, ""reg_alpha"": 0.38534581029781123, ""reg_lambda"": 0.5345593742309691}"
109,2026-06-05T12:24:09.731121+00:00,xgb,ranking_lgbm,109,4815,8,1000,0.8069212436676025,761,239,0.5018981099128723,"[""V380"", ""V215"", ""V342"", ""V255"", ""V191"", ""V176"", ""V160"", ""V117""]","{""n_estimators"": 199, ""learning_rate"": 0.1660827953007679, ""max_depth"": 6, ""subsample"": 0.7900444701755276, ""colsample_bytree"": 0.5645571432898695, ""min_child_weight"": 3, ""reg_alpha"": 0.32222699883338013, ""reg_lambda"": 1.0335838328778142}"
110,2026-06-05T12:25:21.525743+00:00,xgb,ranking_lgbm,110,4815,7,995,0.8375809788703918,746,249,0.49873116612434387,"[""V380"", ""V215"", ""V342"", ""V255"", ""V191"", ""V176"", ""V160""]","{""n_estimators"": 362, ""learning_rate"": 0.12530708434964685, ""max_depth"": 8, ""subsample"": 0.8496417980729397, ""colsample_bytree"": 0.5972846241030003, ""min_child_weight"": 5, ""reg_alpha"": 0.08857352813998931, ""reg_lambda"": 1.182780464963317}"
111,2026-06-05T12:26:11.542068+00:00,xgb,ranking_lgbm,111,4745,7,1000,0.829243004322052,743,257,0.5025463700294495,"[""V380"", ""V215"", ""V342"", ""V255"", ""V191"", ""V176"", ""V160""]","{""n_estimators"": 228, ""learning_rate"": 0.1519279911277317, ""max_depth"": 8, ""subsample"": 0.9778001107751674, ""colsample_bytree"": 0.927166330365429, ""min_child_weight"": 1, ""reg_alpha"": 0.6824631292225899, ""reg_lambda"": 2.4100199919752088}"
112,2026-06-05T12:26:38.154789+00:00,xgb,ranking_lgbm,112,5060,7,1000,0.7373039722442627,764,236,0.49686118960380554,"[""V380"", ""V215"", ""V342"", ""V255"", ""V191"", ""V176"", ""V160""]","{""n_estimators"": 312, ""learning_rate"": 0.09540885290567552, ""max_depth"": 4, ""subsample"": 0.648857989517321, ""colsample_bytree"": 0.6889312198354414, ""min_child_weight"": 8, ""reg_alpha"": 0.022478324544161765, ""reg_lambda"": 1.3404489845291154}"
113,2026-06-05T12:27:01.285105+00:00,xgb,ranking_lgbm,113,5120,7,994,0.739856481552124,766,228,0.49787265062332153,"[""V380"", ""V215"", ""V342"", ""V255"", ""V191"", ""V176"", ""V160""]","{""n_estimators"": 200, ""learning_rate"": 0.13613633130524821, ""max_depth"": 5, ""subsample"": 0.9750082897025836, ""colsample_bytree"": 0.5378386023510308, ""min_child_weight"": 8, ""reg_alpha"": 0.6089615362342131, ""reg_lambda"": 1.0053604402364154}"
114,2026-06-05T12:27:36.205842+00:00,xgb,ranking_lgbm,114,5105,7,1000,0.7157300114631653,767,233,0.4994331896305084,"[""V380"", ""V215"", ""V342"", ""V255"", ""V191"", ""V176"", ""V160""]","{""n_estimators"": 265, ""learning_rate"": 0.04847894274507119, ""max_depth"": 5, ""subsample"": 0.9474658813493118, ""colsample_bytree"": 0.7182467737893041, ""min_child_weight"": 1, ""reg_alpha"": 0.5758578744249331, ""reg_lambda"": 2.1809418394591447}"
115,2026-06-05T12:27:56.613372+00:00,xgb,ranking_lgbm,115,5075,7,1000,0.6978148221969604,765,235,0.4978133738040924,"[""V380"", ""V215"", ""V342"", ""V255"", ""V191"", ""V176"", ""V160""]","{""n_estimators"": 174, ""learning_rate"": 0.048962816374836786, ""max_depth"": 5, ""subsample"": 0.9629418815241304, ""colsample_bytree"": 0.7442065888253218, ""min_child_weight"": 9, ""reg_alpha"": 0.00941220195459147, ""reg_lambda"": 1.258646564680408}"
116,2026-06-05T12:28:41.313121+00:00,xgb,ranking_lgbm,116,5035,7,999,0.7633183598518372,762,237,0.498915433883667,"[""V380"", ""V215"", ""V342"", ""V255"", ""V191"", ""V176"", ""V160""]","{""n_estimators"": 374, ""learning_rate"": 0.07373504262727618, ""max_depth"": 5, ""subsample"": 0.7068458667341254, ""colsample_bytree"": 0.7884003743629017, ""min_child_weight"": 6, ""reg_alpha"": 0.49465065591439905, ""reg_lambda"": 0.5324518914985386}"
117,2026-06-05T12:28:59.221740+00:00,xgb,ranking_lgbm,117,5195,7,1000,0.7207562923431396,773,227,0.4942876100540161,"[""V380"", ""V215"", ""V342"", ""V255"", ""V191"", ""V176"", ""V160""]","{""n_estimators"": 149, ""learning_rate"": 0.10604634876825417, ""max_depth"": 5, ""subsample"": 0.5012457534291186, ""colsample_bytree"": 0.8919562981287088, ""min_child_weight"": 9, ""reg_alpha"": 0.4779939510390452, ""reg_lambda"": 1.2234473789323481}"
118,2026-06-05T12:29:33.928825+00:00,xgb,ranking_lgbm,118,5060,8,999,0.7456057667732239,777,222,0.5014458298683167,"[""V380"", ""V215"", ""V342"", ""V255"", ""V191"", ""V176"", ""V160"", ""V117""]","{""n_estimators"": 212, ""learning_rate"": 0.07489996661157097, ""max_depth"": 6, ""subsample"": 0.9426517003801302, ""colsample_bytree"": 0.5932217947755613, ""min_child_weight"": 1, ""reg_alpha"": 0.6068702269002959, ""reg_lambda"": 1.465429198141477}"
119,2026-06-05T12:30:45.077257+00:00,xgb,ranking_lgbm,119,4925,7,997,0.7393354177474976,754,243,0.49616020917892456,"[""V380"", ""V215"", ""V342"", ""V255"", ""V191"", ""V176"", ""V160""]","{""n_estimators"": 356, ""learning_rate"": 0.04711449799590322, ""max_depth"": 8, ""subsample"": 0.5293123845371088, ""colsample_bytree"": 0.9544752105318116, ""min_child_weight"": 9, ""reg_alpha"": 0.9377480497194558, ""reg_lambda"": 0.7616965582502819}"
120,2026-06-05T12:31:06.304822+00:00,xgb,ranking_lgbm,120,5165,7,1000,0.6886060237884521,771,229,0.49621841311454773,"[""V380"", ""V215"", ""V342"", ""V255"", ""V191"", ""V176"", ""V160""]","{""n_estimators"": 126, ""learning_rate"": 0.0606071576410507, ""max_depth"": 7, ""subsample"": 0.8154157441549342, ""colsample_bytree"": 0.5284625827028449, ""min_child_weight"": 9, ""reg_alpha"": 0.4199864819996859, ""reg_lambda"": 2.4741230039719895}"
121,2026-06-05T12:32:09.613115+00:00,xgb,ranking_lgbm,121,4775,7,997,0.7881355881690979,744,253,0.4982745051383972,"[""V380"", ""V215"", ""V342"", ""V255"", ""V191"", ""V176"", ""V160""]","{""n_estimators"": 267, ""learning_rate"": 0.08483242628681525, ""max_depth"": 9, ""subsample"": 0.7827625292433145, ""colsample_bytree"": 0.7951797599355124, ""min_child_weight"": 2, ""reg_alpha"": 0.9508648660726735, ""reg_lambda"": 2.469151198156082}"
122,2026-06-05T12:32:44.249582+00:00,xgb,ranking_lgbm,122,4655,7,1000,0.7982977032661438,737,263,0.5001521706581116,"[""V380"", ""V215"", ""V342"", ""V255"", ""V191"", ""V176"", ""V160""]","{""n_estimators"": 364, ""learning_rate"": 0.1786814106624154, ""max_depth"": 4, ""subsample"": 0.5759722786105714, ""colsample_bytree"": 0.9150890691488169, ""min_child_weight"": 3, ""reg_alpha"": 0.5557905998327344, ""reg_lambda"": 1.9910478844418193}"
123,2026-06-05T12:33:35.827162+00:00,xgb,ranking_lgbm,123,4955,7,997,0.7615781426429749,756,241,0.49995318055152893,"[""V380"", ""V215"", ""V342"", ""V255"", ""V191"", ""V176"", ""V160""]","{""n_estimators"": 372, ""learning_rate"": 0.06323581897623679, ""max_depth"": 6, ""subsample"": 0.8057706055566998, ""colsample_bytree"": 0.7915403020405313, ""min_child_weight"": 6, ""reg_alpha"": 0.1887731000040771, ""reg_lambda"": 1.9041959478553248}"
124,2026-06-05T12:34:08.704809+00:00,xgb,ranking_lgbm,124,4880,7,997,0.774657666683197,751,246,0.5009675025939941,"[""V380"", ""V215"", ""V342"", ""V255"", ""V191"", ""V176"", ""V160""]","{""n_estimators"": 198, ""learning_rate"": 0.11269721536243368, ""max_depth"": 6, ""subsample"": 0.7455594667162986, ""colsample_bytree"": 0.8900138809560396, ""min_child_weight"": 2, ""reg_alpha"": 0.6848297385848633, ""reg_lambda"": 1.4618638029687219}"
125,2026-06-05T12:34:39.222625+00:00,xgb,ranking_lgbm,125,4940,7,1000,0.7770711183547974,756,244,0.5001224279403687,"[""V380"", ""V215"", ""V342"", ""V255"", ""V191"", ""V176"", ""V160""]","{""n_estimators"": 256, ""learning_rate"": 0.14182072273284196, ""max_depth"": 5, ""subsample"": 0.795162280865912, ""colsample_bytree"": 0.7802080042090487, ""min_child_weight"": 6, ""reg_alpha"": 0.6679624094080733, ""reg_lambda"": 1.2909500215645557}"
126,2026-06-05T12:35:20.700576+00:00,xgb,ranking_lgbm,126,5195,7,1000,0.7086942195892334,773,227,0.5002738237380981,"[""V380"", ""V215"", ""V342"", ""V255"", ""V191"", ""V176"", ""V160""]","{""n_estimators"": 257, ""learning_rate"": 0.03862960427521346, ""max_depth"": 6, ""subsample"": 0.56627626360008, ""colsample_bytree"": 0.5655425748553515, ""min_child_weight"": 1, ""reg_alpha"": 0.6195123896958387, ""reg_lambda"": 0.5266708072723254}"
127,2026-06-05T12:35:50.867142+00:00,xgb,ranking_lgbm,127,5180,7,1000,0.7115709781646729,772,228,0.4974275827407837,"[""V380"", ""V215"", ""V342"", ""V255"", ""V191"", ""V176"", ""V160""]","{""n_estimators"": 211, ""learning_rate"": 0.049221610805100055, ""max_depth"": 6, ""subsample"": 0.5671520609985239, ""colsample_bytree"": 0.657206426366149, ""min_child_weight"": 7, ""reg_alpha"": 0.3830457201015457, ""reg_lambda"": 1.6600903484051248}"
128,2026-06-05T12:36:45.650420+00:00,xgb,ranking_lgbm,128,5180,7,1000,0.7364547848701477,772,228,0.4982508718967438,"[""V380"", ""V215"", ""V342"", ""V255"", ""V191"", ""V176"", ""V160""]","{""n_estimators"": 301, ""learning_rate"": 0.03825204965468082, ""max_depth"": 7, ""subsample"": 0.592982656100218, ""colsample_bytree"": 0.8863953239764543, ""min_child_weight"": 5, ""reg_alpha"": 0.0862768990883871, ""reg_lambda"": 1.3827895141863313}"
129,2026-06-05T12:37:22.907319+00:00,xgb,ranking_lgbm,129,4910,7,1000,0.7837916612625122,754,246,0.4999856948852539,"[""V380"", ""V215"", ""V342"", ""V255"", ""V191"", ""V176"", ""V160""]","{""n_estimators"": 310, ""learning_rate"": 0.16380285754406246, ""max_depth"": 5, ""subsample"": 0.5657042390867435, ""colsample_bytree"": 0.5207967218738436, ""min_child_weight"": 6, ""reg_alpha"": 0.6454746004955415, ""reg_lambda"": 2.0811987040444664}"
130,2026-06-05T12:38:12.128584+00:00,xgb,ranking_lgbm,130,4820,7,1000,0.7648298740386963,748,252,0.5005345940589905,"[""V380"", ""V215"", ""V342"", ""V255"", ""V191"", ""V176"", ""V160""]","{""n_estimators"": 195, ""learning_rate"": 0.10187462665318671, ""max_depth"": 9, ""subsample"": 0.8026476188127638, ""colsample_bytree"": 0.5424281888062252, ""min_child_weight"": 7, ""reg_alpha"": 0.2694224408938686, ""reg_lambda"": 0.585052044650799}"
131,2026-06-05T12:38:37.686707+00:00,xgb,ranking_lgbm,131,5200,7,999,0.7269317507743835,773,226,0.4989127516746521,"[""V380"", ""V215"", ""V342"", ""V255"", ""V191"", ""V176"", ""V160""]","{""n_estimators"": 217, ""learning_rate"": 0.07673165416913849, ""max_depth"": 5, ""subsample"": 0.9428392690636642, ""colsample_bytree"": 0.8811695445101059, ""min_child_weight"": 7, ""reg_alpha"": 0.47493860219754014, ""reg_lambda"": 2.346231967192156}"
132,2026-06-05T12:39:08.927893+00:00,xgb,ranking_lgbm,132,5035,7,999,0.7879900336265564,762,237,0.5036658048629761,"[""V380"", ""V215"", ""V342"", ""V255"", ""V191"", ""V176"", ""V160""]","{""n_estimators"": 322, ""learning_rate"": 0.17221637487604047, ""max_depth"": 4, ""subsample"": 0.7912592762756949, ""colsample_bytree"": 0.6607387650404575, ""min_child_weight"": 1, ""reg_alpha"": 0.6331399100979177, ""reg_lambda"": 1.704874459716038}"
133,2026-06-05T12:39:53.208265+00:00,xgb,ranking_lgbm,133,4885,7,999,0.8050039410591125,752,247,0.5012528300285339,"[""V380"", ""V215"", ""V342"", ""V255"", ""V191"", ""V176"", ""V160""]","{""n_estimators"": 181, ""learning_rate"": 0.09638895328563186, ""max_depth"": 9, ""subsample"": 0.8908413958536311, ""colsample_bytree"": 0.9007985591201013, ""min_child_weight"": 3, ""reg_alpha"": 0.3290568214813019, ""reg_lambda"": 0.516128873172996}"
134,2026-06-05T12:40:17.086538+00:00,xgb,ranking_lgbm,134,5120,7,1000,0.7144830226898193,768,232,0.4970039427280426,"[""V380"", ""V215"", ""V342"", ""V255"", ""V191"", ""V176"", ""V160""]","{""n_estimators"": 261, ""learning_rate"": 0.08441203876919393, ""max_depth"": 4, ""subsample"": 0.5547780615569466, ""colsample_bytree"": 0.5711217574388965, ""min_child_weight"": 6, ""reg_alpha"": 0.955046070649496, ""reg_lambda"": 1.8190168917561158}"
135,2026-06-05T12:40:33.288610+00:00,xgb,ranking_lgbm,135,5150,7,1000,0.7173675894737244,770,230,0.49837788939476013,"[""V380"", ""V215"", ""V342"", ""V255"", ""V191"", ""V176"", ""V160""]","{""n_estimators"": 138, ""learning_rate"": 0.09716463672707178, ""max_depth"": 5, ""subsample"": 0.8591538886796639, ""colsample_bytree"": 0.5976059387068254, ""min_child_weight"": 7, ""reg_alpha"": 0.7116700774041035, ""reg_lambda"": 1.8305433032809324}"
136,2026-06-05T12:41:11.156396+00:00,xgb,ranking_lgbm,136,5135,7,997,0.7228422164916992,768,229,0.4974291920661926,"[""V380"", ""V215"", ""V342"", ""V255"", ""V191"", ""V176"", ""V160""]","{""n_estimators"": 259, ""learning_rate"": 0.047441552871124476, ""max_depth"": 6, ""subsample"": 0.59769908780629, ""colsample_bytree"": 0.9314911566944506, ""min_child_weight"": 8, ""reg_alpha"": 0.05255594905798844, ""reg_lambda"": 2.3605271396595358}"
137,2026-06-05T12:42:18.274796+00:00,xgb,ranking_lgbm,137,4680,7,998,0.8474494218826294,738,260,0.49773135781288147,"[""V380"", ""V215"", ""V342"", ""V255"", ""V191"", ""V176"", ""V160""]","{""n_estimators"": 323, ""learning_rate"": 0.1716123112456886, ""max_depth"": 8, ""subsample"": 0.6067309421148201, ""colsample_bytree"": 0.5762094992339503, ""min_child_weight"": 5, ""reg_alpha"": 0.9582703214488213, ""reg_lambda"": 0.845882898096}"
138,2026-06-05T12:43:04.911891+00:00,xgb,ranking_lgbm,138,4955,7,1000,0.7811092734336853,757,243,0.4995361864566803,"[""V380"", ""V215"", ""V342"", ""V255"", ""V191"", ""V176"", ""V160""]","{""n_estimators"": 322, ""learning_rate"": 0.10592190327705148, ""max_depth"": 6, ""subsample"": 0.847685483795739, ""colsample_bytree"": 0.8499951763546784, ""min_child_weight"": 7, ""reg_alpha"": 0.5027030219248629, ""reg_lambda"": 2.283606338442899}"
139,2026-06-05T12:44:10.612479+00:00,xgb,ranking_lgbm,139,4420,7,996,0.8338615298271179,720,276,0.4975728392601013,"[""V380"", ""V215"", ""V342"", ""V255"", ""V191"", ""V176"", ""V160""]","{""n_estimators"": 350, ""learning_rate"": 0.1512865051313081, ""max_depth"": 8, ""subsample"": 0.6620137638719381, ""colsample_bytree"": 0.976119219786671, ""min_child_weight"": 9, ""reg_alpha"": 0.07758451546789491, ""reg_lambda"": 1.2691281802192131}"
140,2026-06-05T12:44:31.229024+00:00,xgb,ranking_lgbm,140,5145,7,995,0.7141982316970825,768,227,0.5003506541252136,"[""V380"", ""V215"", ""V342"", ""V255"", ""V191"", ""V176"", ""V160""]","{""n_estimators"": 104, ""learning_rate"": 0.05803429970880393, ""max_depth"": 7, ""subsample"": 0.9671116709499092, ""colsample_bytree"": 0.979480618658787, ""min_child_weight"": 2, ""reg_alpha"": 0.19195314620421766, ""reg_lambda"": 0.9613370938849546}"
141,2026-06-05T12:45:19.997734+00:00,xgb,ranking_lgbm,141,5080,7,999,0.7315357327461243,765,234,0.49664589762687683,"[""V380"", ""V215"", ""V342"", ""V255"", ""V191"", ""V176"", ""V160""]","{""n_estimators"": 204, ""learning_rate"": 0.057421068894191435, ""max_depth"": 9, ""subsample"": 0.5004923882068524, ""colsample_bytree"": 0.6482816544189353, ""min_child_weight"": 4, ""reg_alpha"": 0.9155044058012787, ""reg_lambda"": 0.9288827641677533}"
142,2026-06-05T12:45:55.314631+00:00,xgb,ranking_lgbm,142,4955,7,1000,0.771521270275116,757,243,0.5019291639328003,"[""V380"", ""V215"", ""V342"", ""V255"", ""V191"", ""V176"", ""V160""]","{""n_estimators"": 218, ""learning_rate"": 0.08342561772733356, ""max_depth"": 6, ""subsample"": 0.7455755264363668, ""colsample_bytree"": 0.9355098520003529, ""min_child_weight"": 2, ""reg_alpha"": 0.15443588642592365, ""reg_lambda"": 0.600828162027363}"
143,2026-06-05T12:47:04.172079+00:00,xgb,ranking_lgbm,143,5060,7,1000,0.8108126521110535,764,236,0.5010616183280945,"[""V380"", ""V215"", ""V342"", ""V255"", ""V191"", ""V176"", ""V160""]","{""n_estimators"": 377, ""learning_rate"": 0.08648257273190565, ""max_depth"": 7, ""subsample"": 0.8879095346945204, ""colsample_bytree"": 0.8236124001439071, ""min_child_weight"": 3, ""reg_alpha"": 0.3220361230629616, ""reg_lambda"": 1.0394122217936597}"
144,2026-06-05T12:47:21.798735+00:00,xgb,ranking_lgbm,144,5120,7,1000,0.7450740933418274,768,232,0.5003652572631836,"[""V380"", ""V215"", ""V342"", ""V255"", ""V191"", ""V176"", ""V160""]","{""n_estimators"": 178, ""learning_rate"": 0.14602142342174954, ""max_depth"": 4, ""subsample"": 0.7340450504366748, ""colsample_bytree"": 0.7119690078210117, ""min_child_weight"": 3, ""reg_alpha"": 0.5125118645514876, ""reg_lambda"": 1.4092657865402691}"
145,2026-06-05T12:48:10.721515+00:00,xgb,ranking_lgbm,145,5120,7,991,0.7820294499397278,765,226,0.5032869577407837,"[""V380"", ""V215"", ""V342"", ""V255"", ""V191"", ""V176"", ""V160""]","{""n_estimators"": 316, ""learning_rate"": 0.10151017457825774, ""max_depth"": 6, ""subsample"": 0.9716021184291934, ""colsample_bytree"": 0.8137731496541742, ""min_child_weight"": 2, ""reg_alpha"": 0.45904381884196677, ""reg_lambda"": 2.114752345743609}"
146,2026-06-05T12:48:41.582250+00:00,xgb,ranking_lgbm,146,5105,7,997,0.6679027080535889,766,231,0.49410635232925415,"[""V380"", ""V215"", ""V342"", ""V255"", ""V191"", ""V176"", ""V160""]","{""n_estimators"": 137, ""learning_rate"": 0.03030446993790147, ""max_depth"": 9, ""subsample"": 0.8974357175840476, ""colsample_bytree"": 0.7099543312648593, ""min_child_weight"": 9, ""reg_alpha"": 0.7707390295296226, ""reg_lambda"": 1.6962791587134505}"
147,2026-06-05T12:49:13.991775+00:00,xgb,ranking_lgbm,147,5195,7,1000,0.7400050163269043,773,227,0.49836766719818115,"[""V380"", ""V215"", ""V342"", ""V255"", ""V191"", ""V176"", ""V160""]","{""n_estimators"": 354, ""learning_rate"": 0.07497309103042094, ""max_depth"": 4, ""subsample"": 0.7747285825530239, ""colsample_bytree"": 0.7746493402956453, ""min_child_weight"": 8, ""reg_alpha"": 0.362831816766112, ""reg_lambda"": 0.512687695764233}"
148,2026-06-05T12:49:44.454203+00:00,xgb,ranking_lgbm,148,5120,7,997,0.7301924228668213,767,230,0.4972812533378601,"[""V380"", ""V215"", ""V342"", ""V255"", ""V191"", ""V176"", ""V160""]","{""n_estimators"": 314, ""learning_rate"": 0.058835382647419, ""max_depth"": 4, ""subsample"": 0.5154154325710245, ""colsample_bytree"": 0.8456281601353183, ""min_child_weight"": 2, ""reg_alpha"": 0.45742173035504685, ""reg_lambda"": 0.5003943156341595}"
149,2026-06-05T12:50:28.418553+00:00,xgb,ranking_lgbm,149,4925,7,1000,0.7038927674293518,755,245,0.4956272840499878,"[""V380"", ""V215"", ""V342"", ""V255"", ""V191"", ""V176"", ""V160""]","{""n_estimators"": 183, ""learning_rate"": 0.054657011188911336, ""max_depth"": 9, ""subsample"": 0.5791363612187062, ""colsample_bytree"": 0.5312225629307301, ""min_child_weight"": 3, ""reg_alpha"": 0.9819110006571198, ""reg_lambda"": 2.357905406158034}"
150,2026-06-05T12:50:43.844543+00:00,xgb,ranking_lgbm,150,5230,7,999,0.73396235704422,775,224,0.4965556561946869,"[""V380"", ""V215"", ""V342"", ""V255"", ""V191"", ""V176"", ""V160""]","{""n_estimators"": 128, ""learning_rate"": 0.17695554049768736, ""max_depth"": 4, ""subsample"": 0.8676998050439066, ""colsample_bytree"": 0.9756139811493096, ""min_child_weight"": 5, ""reg_alpha"": 0.8609819860487256, ""reg_lambda"": 1.4415047608559004}"
151,2026-06-05T12:51:14.815525+00:00,xgb,ranking_lgbm,151,5225,7,1000,0.7710230350494385,775,225,0.4994673728942871,"[""V380"", ""V215"", ""V342"", ""V255"", ""V191"", ""V176"", ""V160""]","{""n_estimators"": 328, ""learning_rate"": 0.16977221540134954, ""max_depth"": 4, ""subsample"": 0.9388275721632928, ""colsample_bytree"": 0.8694827383349863, ""min_child_weight"": 6, ""reg_alpha"": 0.517208551210307, ""reg_lambda"": 2.4042192597312204}"
152,2026-06-05T12:52:18.854055+00:00,xgb,ranking_lgbm,152,5150,7,1000,0.7494745254516602,770,230,0.5001761317253113,"[""V380"", ""V215"", ""V342"", ""V255"", ""V191"", ""V176"", ""V160""]","{""n_estimators"": 318, ""learning_rate"": 0.05652325516482365, ""max_depth"": 7, ""subsample"": 0.5989452704798948, ""colsample_bytree"": 0.6338973141256514, ""min_child_weight"": 1, ""reg_alpha"": 0.7699707726508938, ""reg_lambda"": 2.401522442667821}"
153,2026-06-05T12:53:32.430021+00:00,xgb,ranking_lgbm,153,4850,7,1000,0.7975770831108093,750,250,0.5012636780738831,"[""V380"", ""V215"", ""V342"", ""V255"", ""V191"", ""V176"", ""V160""]","{""n_estimators"": 320, ""learning_rate"": 0.07527076044340861, ""max_depth"": 8, ""subsample"": 0.5191645365060096, ""colsample_bytree"": 0.6626866522660745, ""min_child_weight"": 2, ""reg_alpha"": 0.5676458706895693, ""reg_lambda"": 0.6446794022584075}"
154,2026-06-05T12:53:46.726493+00:00,xgb,ranking_lgbm,154,5320,7,999,0.7181150913238525,781,218,0.498090535402298,"[""V380"", ""V215"", ""V342"", ""V255"", ""V191"", ""V176"", ""V160""]","{""n_estimators"": 195, ""learning_rate"": 0.13273302703632162, ""max_depth"": 3, ""subsample"": 0.746834809262805, ""colsample_bytree"": 0.5277159474663627, ""min_child_weight"": 7, ""reg_alpha"": 0.8048666508545789, ""reg_lambda"": 0.9200359209721576}"
155,2026-06-05T12:54:56.025337+00:00,xgb,ranking_lgbm,155,5045,7,1000,0.8235751390457153,763,237,0.5012694001197815,"[""V380"", ""V215"", ""V342"", ""V255"", ""V191"", ""V176"", ""V160""]","{""n_estimators"": 377, ""learning_rate"": 0.12458259110172397, ""max_depth"": 7, ""subsample"": 0.9298138059135277, ""colsample_bytree"": 0.6451656664406809, ""min_child_weight"": 4, ""reg_alpha"": 0.637513091539349, ""reg_lambda"": 1.0069900989165934}"
156,2026-06-05T12:56:05.687773+00:00,xgb,ranking_lgbm,156,4715,7,1000,0.8037373423576355,741,259,0.4977632761001587,"[""V380"", ""V215"", ""V342"", ""V255"", ""V191"", ""V176"", ""V160""]","{""n_estimators"": 354, ""learning_rate"": 0.1129130219368032, ""max_depth"": 8, ""subsample"": 0.8103125441480137, ""colsample_bytree"": 0.5533133378281505, ""min_child_weight"": 7, ""reg_alpha"": 0.2401064478125089, ""reg_lambda"": 1.4611392026782861}"
157,2026-06-05T12:56:35.636170+00:00,xgb,ranking_lgbm,157,4975,7,996,0.7884199619293213,757,239,0.49528875946998596,"[""V380"", ""V215"", ""V342"", ""V255"", ""V191"", ""V176"", ""V160""]","{""n_estimators"": 144, ""learning_rate"": 0.16517441886551715, ""max_depth"": 8, ""subsample"": 0.6312176626899546, ""colsample_bytree"": 0.5937341472102975, ""min_child_weight"": 5, ""reg_alpha"": 0.5965327159933547, ""reg_lambda"": 1.2140131268290018}"
158,2026-06-05T12:57:08.314434+00:00,xgb,ranking_lgbm,158,4970,7,1000,0.7623311281204224,758,242,0.4996044933795929,"[""V380"", ""V215"", ""V342"", ""V255"", ""V191"", ""V176"", ""V160""]","{""n_estimators"": 268, ""learning_rate"": 0.09366085587280305, ""max_depth"": 5, ""subsample"": 0.5367229516020656, ""colsample_bytree"": 0.9428662945200942, ""min_child_weight"": 6, ""reg_alpha"": 0.6404589862067358, ""reg_lambda"": 0.997947999665588}"
159,2026-06-05T12:58:11.706629+00:00,xgb,ranking_lgbm,159,4885,7,999,0.7445773482322693,752,247,0.4958339333534241,"[""V380"", ""V215"", ""V342"", ""V255"", ""V191"", ""V176"", ""V160""]","{""n_estimators"": 306, ""learning_rate"": 0.05325101024336133, ""max_depth"": 8, ""subsample"": 0.5560896268159774, ""colsample_bytree"": 0.7816700367040825, ""min_child_weight"": 6, ""reg_alpha"": 0.8210471786593786, ""reg_lambda"": 1.8326844474076318}"
160,2026-06-05T12:58:31.177090+00:00,xgb,ranking_lgbm,160,5165,7,1000,0.7125789523124695,771,229,0.497173935174942,"[""V380"", ""V215"", ""V342"", ""V255"", ""V191"", ""V176"", ""V160""]","{""n_estimators"": 111, ""learning_rate"": 0.06271829433335971, ""max_depth"": 7, ""subsample"": 0.5875103044251946, ""colsample_bytree"": 0.9064671631247345, ""min_child_weight"": 7, ""reg_alpha"": 0.6640473205014216, ""reg_lambda"": 0.8268177930533673}"
161,2026-06-05T12:58:54.951528+00:00,xgb,ranking_lgbm,161,5130,8,1000,0.7374608516693115,782,218,0.5001179575920105,"[""V380"", ""V215"", ""V342"", ""V255"", ""V191"", ""V176"", ""V160"", ""V117""]","{""n_estimators"": 254, ""learning_rate"": 0.07851518623551931, ""max_depth"": 4, ""subsample"": 0.846974511841555, ""colsample_bytree"": 0.7466781234987354, ""min_child_weight"": 1, ""reg_alpha"": 0.6986362572313116, ""reg_lambda"": 0.8548873400947286}"
162,2026-06-05T12:59:27.164671+00:00,xgb,ranking_lgbm,162,5135,7,1000,0.7024966478347778,769,231,0.4983512759208679,"[""V380"", ""V215"", ""V342"", ""V255"", ""V191"", ""V176"", ""V160""]","{""n_estimators"": 178, ""learning_rate"": 0.05167442629248821, ""max_depth"": 7, ""subsample"": 0.7511907372444331, ""colsample_bytree"": 0.5218570501619564, ""min_child_weight"": 2, ""reg_alpha"": 0.6161942526128577, ""reg_lambda"": 2.3477152683269695}"
163,2026-06-05T12:59:50.785898+00:00,xgb,ranking_lgbm,163,5195,7,1000,0.7031159400939941,773,227,0.4966948330402374,"[""V380"", ""V215"", ""V342"", ""V255"", ""V191"", ""V176"", ""V160""]","{""n_estimators"": 161, ""learning_rate"": 0.04687972223540658, ""max_depth"": 6, ""subsample"": 0.9544682312220966, ""colsample_bytree"": 0.8644302779751157, ""min_child_weight"": 7, ""reg_alpha"": 0.2750704087517225, ""reg_lambda"": 1.924448675219294}"
164,2026-06-05T13:00:19.554627+00:00,xgb,ranking_lgbm,164,5005,7,999,0.7438865900039673,760,239,0.49669402837753296,"[""V380"", ""V215"", ""V342"", ""V255"", ""V191"", ""V176"", ""V160""]","{""n_estimators"": 242, ""learning_rate"": 0.10111344915950261, ""max_depth"": 5, ""subsample"": 0.5069556768711082, ""colsample_bytree"": 0.9325081475459089, ""min_child_weight"": 8, ""reg_alpha"": 0.02715741591789167, ""reg_lambda"": 2.054492409046593}"
165,2026-06-05T13:00:35.774380+00:00,xgb,ranking_lgbm,165,5240,7,1000,0.6967673301696777,776,224,0.4972843825817108,"[""V380"", ""V215"", ""V342"", ""V255"", ""V191"", ""V176"", ""V160""]","{""n_estimators"": 220, ""learning_rate"": 0.05860889767114333, ""max_depth"": 3, ""subsample"": 0.6391262521575627, ""colsample_bytree"": 0.9126700786285592, ""min_child_weight"": 3, ""reg_alpha"": 0.7117797684855637, ""reg_lambda"": 0.6579684003458004}"
166,2026-06-05T13:01:10.229542+00:00,xgb,ranking_lgbm,166,5260,7,999,0.6957085728645325,777,222,0.4975842833518982,"[""V380"", ""V215"", ""V342"", ""V255"", ""V191"", ""V176"", ""V160""]","{""n_estimators"": 320, ""learning_rate"": 0.037147476721460446, ""max_depth"": 4, ""subsample"": 0.9860934171947979, ""colsample_bytree"": 0.985024521573483, ""min_child_weight"": 3, ""reg_alpha"": 0.3347764028802155, ""reg_lambda"": 1.965650976580702}"
167,2026-06-05T13:01:34.557071+00:00,xgb,ranking_lgbm,167,4850,7,1000,0.6821857690811157,750,250,0.4965013563632965,"[""V380"", ""V215"", ""V342"", ""V255"", ""V191"", ""V176"", ""V160""]","{""n_estimators"": 105, ""learning_rate"": 0.0557526507533458, ""max_depth"": 9, ""subsample"": 0.8826931201009995, ""colsample_bytree"": 0.513313096623935, ""min_child_weight"": 2, ""reg_alpha"": 0.5959530838548679, ""reg_lambda"": 1.6989667183131152}"
168,2026-06-05T13:02:00.326433+00:00,xgb,ranking_lgbm,168,5270,7,1000,0.7056353688240051,778,222,0.49725380539894104,"[""V380"", ""V215"", ""V342"", ""V255"", ""V191"", ""V176"", ""V160""]","{""n_estimators"": 366, ""learning_rate"": 0.05476732482396274, ""max_depth"": 3, ""subsample"": 0.6901239315924346, ""colsample_bytree"": 0.9805164149643157, ""min_child_weight"": 6, ""reg_alpha"": 0.9662715382933567, ""reg_lambda"": 1.3110914800256608}"
169,2026-06-05T13:03:05.243010+00:00,xgb,ranking_lgbm,169,5040,7,998,0.7332945466041565,762,236,0.49811485409736633,"[""V380"", ""V215"", ""V342"", ""V255"", ""V191"", ""V176"", ""V160""]","{""n_estimators"": 313, ""learning_rate"": 0.043888164819232585, ""max_depth"": 8, ""subsample"": 0.623416355447536, ""colsample_bytree"": 0.6687481707892988, ""min_child_weight"": 5, ""reg_alpha"": 0.6514305494334738, ""reg_lambda"": 1.9668045483877383}"
170,2026-06-05T13:04:13.443957+00:00,xgb,ranking_lgbm,170,5030,7,1000,0.732804536819458,762,238,0.49894481897354126,"[""V380"", ""V215"", ""V342"", ""V255"", ""V191"", ""V176"", ""V160""]","{""n_estimators"": 391, ""learning_rate"": 0.04670127724212554, ""max_depth"": 7, ""subsample"": 0.8339636903280526, ""colsample_bytree"": 0.5391987892075931, ""min_child_weight"": 6, ""reg_alpha"": 0.9025598536073296, ""reg_lambda"": 1.2602629833117571}"
171,2026-06-05T13:04:35.340214+00:00,xgb,ranking_lgbm,171,5060,7,1000,0.7182099223136902,764,236,0.4986039102077484,"[""V380"", ""V215"", ""V342"", ""V255"", ""V191"", ""V176"", ""V160""]","{""n_estimators"": 139, ""learning_rate"": 0.06402926738771375, ""max_depth"": 7, ""subsample"": 0.9047005493359197, ""colsample_bytree"": 0.6189965329950218, ""min_child_weight"": 5, ""reg_alpha"": 0.15591418550426928, ""reg_lambda"": 1.5068091752693604}"
172,2026-06-05T13:05:02.430692+00:00,xgb,ranking_lgbm,172,5105,7,1000,0.7505548596382141,767,233,0.5000627636909485,"[""V380"", ""V215"", ""V342"", ""V255"", ""V191"", ""V176"", ""V160""]","{""n_estimators"": 122, ""learning_rate"": 0.10327640867484081, ""max_depth"": 9, ""subsample"": 0.9098793148482309, ""colsample_bytree"": 0.6136019281865086, ""min_child_weight"": 3, ""reg_alpha"": 0.6115352670572818, ""reg_lambda"": 1.80481377407891}"
173,2026-06-05T13:06:41.050901+00:00,xgb,ranking_lgbm,173,4865,7,1000,0.7779239416122437,751,249,0.4980885684490204,"[""V380"", ""V215"", ""V342"", ""V255"", ""V191"", ""V176"", ""V160""]","{""n_estimators"": 382, ""learning_rate"": 0.04828592992343915, ""max_depth"": 9, ""subsample"": 0.5874892014097743, ""colsample_bytree"": 0.8925877124479182, ""min_child_weight"": 3, ""reg_alpha"": 0.8797273212107523, ""reg_lambda"": 1.1174484784968841}"
174,2026-06-05T13:07:53.586997+00:00,xgb,ranking_lgbm,174,5050,7,999,0.7409818768501282,763,236,0.4997306764125824,"[""V380"", ""V215"", ""V342"", ""V255"", ""V191"", ""V176"", ""V160""]","{""n_estimators"": 329, ""learning_rate"": 0.03368262012587677, ""max_depth"": 8, ""subsample"": 0.7611242066384631, ""colsample_bytree"": 0.7913662556322183, ""min_child_weight"": 4, ""reg_alpha"": 0.9418185924949404, ""reg_lambda"": 0.6439368438490995}"
175,2026-06-05T13:08:26.610360+00:00,xgb,ranking_lgbm,175,4780,7,999,0.7852765917778015,745,254,0.4977383315563202,"[""V380"", ""V215"", ""V342"", ""V255"", ""V191"", ""V176"", ""V160""]","{""n_estimators"": 168, ""learning_rate"": 0.1653795046248979, ""max_depth"": 7, ""subsample"": 0.6031023274518449, ""colsample_bytree"": 0.7584206550929515, ""min_child_weight"": 6, ""reg_alpha"": 0.75832031578412, ""reg_lambda"": 2.1088932605637343}"
176,2026-06-05T13:09:24.536106+00:00,xgb,ranking_lgbm,176,4870,8,998,0.7911797165870667,764,234,0.4996265769004822,"[""V380"", ""V215"", ""V342"", ""V255"", ""V191"", ""V176"", ""V160"", ""V117""]","{""n_estimators"": 376, ""learning_rate"": 0.09266590014027212, ""max_depth"": 6, ""subsample"": 0.7769116161320003, ""colsample_bytree"": 0.814130781626996, ""min_child_weight"": 6, ""reg_alpha"": 0.9604980925219321, ""reg_lambda"": 1.4700427080334344}"
177,2026-06-05T13:09:44.689927+00:00,xgb,ranking_lgbm,177,5315,7,1000,0.7002430558204651,781,219,0.4972248077392578,"[""V380"", ""V215"", ""V342"", ""V255"", ""V191"", ""V176"", ""V160""]","{""n_estimators"": 289, ""learning_rate"": 0.06189074068948038, ""max_depth"": 3, ""subsample"": 0.8323332622150523, ""colsample_bytree"": 0.9663832667507566, ""min_child_weight"": 9, ""reg_alpha"": 0.7601006582683313, ""reg_lambda"": 2.2264633121588044}"
178,2026-06-05T13:10:18.759831+00:00,xgb,ranking_lgbm,178,4790,7,1000,0.7827336192131042,746,254,0.49701982736587524,"[""V380"", ""V215"", ""V342"", ""V255"", ""V191"", ""V176"", ""V160""]","{""n_estimators"": 149, ""learning_rate"": 0.14806235587500516, ""max_depth"": 9, ""subsample"": 0.722284341408413, ""colsample_bytree"": 0.593349328845137, ""min_child_weight"": 6, ""reg_alpha"": 0.5890896814110392, ""reg_lambda"": 1.6107895456193408}"
179,2026-06-05T13:11:10.909343+00:00,xgb,ranking_lgbm,179,4990,7,999,0.7447026968002319,759,240,0.49885663390159607,"[""V380"", ""V215"", ""V342"", ""V255"", ""V191"", ""V176"", ""V160""]","{""n_estimators"": 282, ""learning_rate"": 0.052411990953639145, ""max_depth"": 7, ""subsample"": 0.7378108640436893, ""colsample_bytree"": 0.7606683257093911, ""min_child_weight"": 3, ""reg_alpha"": 0.5578369465135752, ""reg_lambda"": 2.399146018527191}"
180,2026-06-05T13:11:26.037133+00:00,xgb,ranking_lgbm,180,5195,7,997,0.7064266204833984,772,225,0.497286319732666,"[""V380"", ""V215"", ""V342"", ""V255"", ""V191"", ""V176"", ""V160""]","{""n_estimators"": 123, ""learning_rate"": 0.08693273715853742, ""max_depth"": 5, ""subsample"": 0.8926506243440394, ""colsample_bytree"": 0.6858870611649034, ""min_child_weight"": 4, ""reg_alpha"": 0.8240074862807772, ""reg_lambda"": 1.6837675401234142}"
181,2026-06-05T13:12:46.148737+00:00,xgb,ranking_lgbm,181,4640,7,1000,0.8526663184165955,736,264,0.49776044487953186,"[""V380"", ""V215"", ""V342"", ""V255"", ""V191"", ""V176"", ""V160""]","{""n_estimators"": 341, ""learning_rate"": 0.17422540973342518, ""max_depth"": 8, ""subsample"": 0.8466110103256086, ""colsample_bytree"": 0.6203920535161659, ""min_child_weight"": 2, ""reg_alpha"": 0.9060878715810445, ""reg_lambda"": 1.7867740748763092}"
182,2026-06-05T13:13:14.788430+00:00,xgb,ranking_lgbm,182,5225,7,1000,0.7187830209732056,775,225,0.49642127752304077,"[""V380"", ""V215"", ""V342"", ""V255"", ""V191"", ""V176"", ""V160""]","{""n_estimators"": 353, ""learning_rate"": 0.053966590442608535, ""max_depth"": 4, ""subsample"": 0.7852836083832175, ""colsample_bytree"": 0.7029177663554251, ""min_child_weight"": 7, ""reg_alpha"": 0.009195463037015905, ""reg_lambda"": 1.8165307837593505}"
183,2026-06-05T13:13:35.200954+00:00,xgb,ranking_lgbm,183,5195,4,1000,0.6333231329917908,733,267,0.4968020021915436,"[""V380"", ""V215"", ""V342"", ""V255""]","{""n_estimators"": 290, ""learning_rate"": 0.03942952002312457, ""max_depth"": 3, ""subsample"": 0.715835764212827, ""colsample_bytree"": 0.7170162721626572, ""min_child_weight"": 6, ""reg_alpha"": 0.2718843032212668, ""reg_lambda"": 2.2486496956314337}"
184,2026-06-05T13:14:42.494208+00:00,xgb,ranking_lgbm,184,4660,7,993,0.8291532397270203,735,258,0.49708300828933716,"[""V380"", ""V215"", ""V342"", ""V255"", ""V191"", ""V176"", ""V160""]","{""n_estimators"": 393, ""learning_rate"": 0.13563047814289741, ""max_depth"": 8, ""subsample"": 0.9442314622493466, ""colsample_bytree"": 0.7291734574938755, ""min_child_weight"": 9, ""reg_alpha"": 0.06205617803901964, ""reg_lambda"": 2.22977680969338}"
185,2026-06-05T13:15:15.898284+00:00,xgb,ranking_lgbm,185,4965,8,1000,0.739176869392395,771,229,0.4974299669265747,"[""V380"", ""V215"", ""V342"", ""V255"", ""V191"", ""V176"", ""V160"", ""V117""]","{""n_estimators"": 372, ""learning_rate"": 0.06721404743079595, ""max_depth"": 4, ""subsample"": 0.7280107154791048, ""colsample_bytree"": 0.8847753221500296, ""min_child_weight"": 7, ""reg_alpha"": 0.5638760559655487, ""reg_lambda"": 1.638000858460065}"
186,2026-06-05T13:15:46.303258+00:00,xgb,ranking_lgbm,186,4685,7,1000,0.770580530166626,739,261,0.49823328852653503,"[""V380"", ""V215"", ""V342"", ""V255"", ""V191"", ""V176"", ""V160""]","{""n_estimators"": 356, ""learning_rate"": 0.14617401225311394, ""max_depth"": 4, ""subsample"": 0.697151838943259, ""colsample_bytree"": 0.8271381619347884, ""min_child_weight"": 6, ""reg_alpha"": 0.7072779403599593, ""reg_lambda"": 1.9300687261941019}"
187,2026-06-05T13:16:11.794627+00:00,xgb,ranking_lgbm,187,5145,5,1000,0.6742069125175476,743,257,0.49803426861763,"[""V380"", ""V215"", ""V342"", ""V255"", ""V191""]","{""n_estimators"": 273, ""learning_rate"": 0.03764098280163358, ""max_depth"": 4, ""subsample"": 0.7593055672947217, ""colsample_bytree"": 0.9297129139702724, ""min_child_weight"": 4, ""reg_alpha"": 0.19447445600230795, ""reg_lambda"": 1.324508774114332}"
188,2026-06-05T13:16:37.639062+00:00,xgb,ranking_lgbm,188,4805,7,1000,0.7577486038208008,747,253,0.49867066740989685,"[""V380"", ""V215"", ""V342"", ""V255"", ""V191"", ""V176"", ""V160""]","{""n_estimators"": 207, ""learning_rate"": 0.1155424857324776, ""max_depth"": 5, ""subsample"": 0.5234154563561593, ""colsample_bytree"": 0.7563854929107485, ""min_child_weight"": 1, ""reg_alpha"": 0.8106541406532113, ""reg_lambda"": 1.3593465391375343}"
189,2026-06-05T13:18:02.919729+00:00,xgb,ranking_lgbm,189,4825,7,999,0.8497219681739807,748,251,0.4986209571361542,"[""V380"", ""V215"", ""V342"", ""V255"", ""V191"", ""V176"", ""V160""]","{""n_estimators"": 374, ""learning_rate"": 0.1206134625409059, ""max_depth"": 9, ""subsample"": 0.887833089742012, ""colsample_bytree"": 0.7001154005860323, ""min_child_weight"": 4, ""reg_alpha"": 0.26923997328433547, ""reg_lambda"": 1.2109635985804879}"
190,2026-06-05T13:18:27.168456+00:00,xgb,ranking_lgbm,190,5090,7,997,0.7296306490898132,765,232,0.5002923607826233,"[""V380"", ""V215"", ""V342"", ""V255"", ""V191"", ""V176"", ""V160""]","{""n_estimators"": 163, ""learning_rate"": 0.06400920597228983, ""max_depth"": 6, ""subsample"": 0.925536989914405, ""colsample_bytree"": 0.7492175395763907, ""min_child_weight"": 4, ""reg_alpha"": 0.016847176099380468, ""reg_lambda"": 0.5287179381343641}"
191,2026-06-05T13:19:03.171785+00:00,xgb,ranking_lgbm,191,4850,7,1000,0.7817368507385254,750,250,0.4979306161403656,"[""V380"", ""V215"", ""V342"", ""V255"", ""V191"", ""V176"", ""V160""]","{""n_estimators"": 178, ""learning_rate"": 0.13960260252712686, ""max_depth"": 8, ""subsample"": 0.8273950617407952, ""colsample_bytree"": 0.8548809317597057, ""min_child_weight"": 9, ""reg_alpha"": 0.594045674962394, ""reg_lambda"": 1.4565456583441032}"
192,2026-06-05T13:19:24.035025+00:00,xgb,ranking_lgbm,192,5090,7,1000,0.7150630950927734,766,234,0.49814745783805847,"[""V380"", ""V215"", ""V342"", ""V255"", ""V191"", ""V176"", ""V160""]","{""n_estimators"": 103, ""learning_rate"": 0.06832633894112093, ""max_depth"": 8, ""subsample"": 0.6553490766034309, ""colsample_bytree"": 0.6643686678777552, ""min_child_weight"": 5, ""reg_alpha"": 0.1047692018268398, ""reg_lambda"": 0.8338804238257018}"
193,2026-06-05T13:20:08.095307+00:00,xgb,ranking_lgbm,193,5150,7,1000,0.7250652313232422,770,230,0.49739891290664673,"[""V380"", ""V215"", ""V342"", ""V255"", ""V191"", ""V176"", ""V160""]","{""n_estimators"": 198, ""learning_rate"": 0.0461772232867126, ""max_depth"": 9, ""subsample"": 0.7116208223253591, ""colsample_bytree"": 0.9659743198444156, ""min_child_weight"": 9, ""reg_alpha"": 0.4374053436963742, ""reg_lambda"": 1.8285360233365302}"
194,2026-06-05T13:21:24.551989+00:00,xgb,ranking_lgbm,194,4705,7,999,0.7676641941070557,740,259,0.49905645847320557,"[""V380"", ""V215"", ""V342"", ""V255"", ""V191"", ""V176"", ""V160""]","{""n_estimators"": 338, ""learning_rate"": 0.0726996003796947, ""max_depth"": 9, ""subsample"": 0.6990791432494035, ""colsample_bytree"": 0.5455421161024053, ""min_child_weight"": 7, ""reg_alpha"": 0.8395091781396117, ""reg_lambda"": 1.788392210039253}"
195,2026-06-05T13:22:27.534112+00:00,xgb,ranking_lgbm,195,4835,7,1000,0.803535521030426,749,251,0.497523695230484,"[""V380"", ""V215"", ""V342"", ""V255"", ""V191"", ""V176"", ""V160""]","{""n_estimators"": 325, ""learning_rate"": 0.09131245127156759, ""max_depth"": 8, ""subsample"": 0.7863315810239155, ""colsample_bytree"": 0.7742531874341565, ""min_child_weight"": 6, ""reg_alpha"": 0.1007613669330879, ""reg_lambda"": 1.0667390102300418}"
196,2026-06-05T13:23:53.944602+00:00,xgb,ranking_lgbm,196,5000,7,1000,0.8014349341392517,760,240,0.5046132206916809,"[""V380"", ""V215"", ""V342"", ""V255"", ""V191"", ""V176"", ""V160""]","{""n_estimators"": 391, ""learning_rate"": 0.04472572553026431, ""max_depth"": 8, ""subsample"": 0.7884731681185995, ""colsample_bytree"": 0.8077597650846489, ""min_child_weight"": 1, ""reg_alpha"": 0.13405865719924293, ""reg_lambda"": 0.6801263685868757}"
197,2026-06-05T13:24:10.935936+00:00,xgb,ranking_lgbm,197,5015,7,1000,0.7196856737136841,761,239,0.49920663237571716,"[""V380"", ""V215"", ""V342"", ""V255"", ""V191"", ""V176"", ""V160""]","{""n_estimators"": 128, ""learning_rate"": 0.08878802528006066, ""max_depth"": 5, ""subsample"": 0.5895480514061532, ""colsample_bytree"": 0.7535922127295077, ""min_child_weight"": 2, ""reg_alpha"": 0.4258022513316886, ""reg_lambda"": 1.081968568553337}"
198,2026-06-05T13:25:15.596117+00:00,xgb,ranking_lgbm,198,4955,7,1000,0.8205456733703613,757,243,0.49974384903907776,"[""V380"", ""V215"", ""V342"", ""V255"", ""V191"", ""V176"", ""V160""]","{""n_estimators"": 373, ""learning_rate"": 0.12915192624707095, ""max_depth"": 7, ""subsample"": 0.9881309074791317, ""colsample_bytree"": 0.8843745697370938, ""min_child_weight"": 5, ""reg_alpha"": 0.7347604621834732, ""reg_lambda"": 1.9062676800282536}"
199,2026-06-05T13:25:56.367870+00:00,xgb,ranking_lgbm,199,4985,7,991,0.7679651975631714,756,235,0.4986193776130676,"[""V380"", ""V215"", ""V342"", ""V255"", ""V191"", ""V176"", ""V160""]","{""n_estimators"": 354, ""learning_rate"": 0.128073044745896, ""max_depth"": 5, ""subsample"": 0.653842487169016, ""colsample_bytree"": 0.5302063144194635, ""min_child_weight"": 9, ""reg_alpha"": 0.496896009749325, ""reg_lambda"": 2.4514379069317394}"
200,2026-06-05T13:26:40.127771+00:00,xgb,ranking_lgbm,200,4985,7,1000,0.7852240800857544,759,241,0.5009308457374573,"[""V380"", ""V215"", ""V342"", ""V255"", ""V191"", ""V176"", ""V160""]","{""n_estimators"": 388, ""learning_rate"": 0.12127629071463422, ""max_depth"": 5, ""subsample"": 0.9220763009173959, ""colsample_bytree"": 0.7319211751922479, ""min_child_weight"": 6, ""reg_alpha"": 0.5023517505785662, ""reg_lambda"": 1.403573130545568}"
201,2026-06-05T13:27:45.873016+00:00,xgb,ranking_lgbm,201,4790,7,1000,0.7931936979293823,746,254,0.4992692768573761,"[""V380"", ""V215"", ""V342"", ""V255"", ""V191"", ""V176"", ""V160""]","{""n_estimators"": 382, ""learning_rate"": 0.10412154439078355, ""max_depth"": 7, ""subsample"": 0.7972100721955663, ""colsample_bytree"": 0.7141543424648473, ""min_child_weight"": 7, ""reg_alpha"": 0.7270295728451086, ""reg_lambda"": 1.8044154790312454}"
202,2026-06-05T13:27:54.481329+00:00,xgb,ranking_lgbm,202,5240,7,997,0.705422043800354,775,222,0.4979734420776367,"[""V380"", ""V215"", ""V342"", ""V255"", ""V191"", ""V176"", ""V160""]","{""n_estimators"": 100, ""learning_rate"": 0.10943063573674948, ""max_depth"": 4, ""subsample"": 0.8055296976449715, ""colsample_bytree"": 0.904845901695718, ""min_child_weight"": 4, ""reg_alpha"": 0.14003681348221309, ""reg_lambda"": 1.0350237641949025}"
203,2026-06-05T13:28:11.541244+00:00,xgb,ranking_lgbm,203,5160,7,998,0.7004110813140869,770,228,0.4969959855079651,"[""V380"", ""V215"", ""V342"", ""V255"", ""V191"", ""V176"", ""V160""]","{""n_estimators"": 251, ""learning_rate"": 0.0696081466493077, ""max_depth"": 3, ""subsample"": 0.6830029412840953, ""colsample_bytree"": 0.6979016400687101, ""min_child_weight"": 7, ""reg_alpha"": 0.5714755379709365, ""reg_lambda"": 1.6992139983709957}"
204,2026-06-05T13:28:38.331791+00:00,xgb,ranking_lgbm,204,4820,7,1000,0.76337730884552,748,252,0.4983142614364624,"[""V380"", ""V215"", ""V342"", ""V255"", ""V191"", ""V176"", ""V160""]","{""n_estimators"": 208, ""learning_rate"": 0.13008419326201648, ""max_depth"": 5, ""subsample"": 0.7253034415805064, ""colsample_bytree"": 0.8126736170514264, ""min_child_weight"": 3, ""reg_alpha"": 0.20780668175549577, ""reg_lambda"": 1.6888971506748391}"
205,2026-06-05T13:29:15.044586+00:00,xgb,ranking_lgbm,205,4835,7,997,0.7995581030845642,748,249,0.5022047758102417,"[""V380"", ""V215"", ""V342"", ""V255"", ""V191"", ""V176"", ""V160""]","{""n_estimators"": 165, ""learning_rate"": 0.12829994668945977, ""max_depth"": 8, ""subsample"": 0.8326735481924232, ""colsample_bytree"": 0.999577354352863, ""min_child_weight"": 3, ""reg_alpha"": 0.32287268168537997, ""reg_lambda"": 1.7408356277025139}"
206,2026-06-05T13:30:40.527234+00:00,xgb,ranking_lgbm,206,4775,8,999,0.8526032567024231,758,241,0.4999675750732422,"[""V380"", ""V215"", ""V342"", ""V255"", ""V191"", ""V176"", ""V160"", ""V117""]","{""n_estimators"": 392, ""learning_rate"": 0.11414131624210533, ""max_depth"": 8, ""subsample"": 0.562420833186977, ""colsample_bytree"": 0.9816805308046518, ""min_child_weight"": 4, ""reg_alpha"": 0.4273238312076574, ""reg_lambda"": 1.040601990135688}"
207,2026-06-05T13:31:47.298193+00:00,xgb,ranking_lgbm,207,4410,8,1000,0.8483886122703552,734,266,0.4983263611793518,"[""V380"", ""V215"", ""V342"", ""V255"", ""V191"", ""V176"", ""V160"", ""V117""]","{""n_estimators"": 377, ""learning_rate"": 0.17985417554329092, ""max_depth"": 7, ""subsample"": 0.5228631567742412, ""colsample_bytree"": 0.7908538882675772, ""min_child_weight"": 7, ""reg_alpha"": 0.8086390541777922, ""reg_lambda"": 1.1942832644566317}"
208,2026-06-05T13:31:54.953458+00:00,xgb,ranking_lgbm,208,5160,7,998,0.7055137753486633,770,228,0.49693048000335693,"[""V380"", ""V215"", ""V342"", ""V255"", ""V191"", ""V176"", ""V160""]","{""n_estimators"": 106, ""learning_rate"": 0.15722845826226012, ""max_depth"": 3, ""subsample"": 0.7236571420946005, ""colsample_bytree"": 0.6809433680466053, ""min_child_weight"": 7, ""reg_alpha"": 0.6547572801986157, ""reg_lambda"": 1.143464063832414}"
209,2026-06-05T13:32:59.095485+00:00,xgb,ranking_lgbm,209,5075,7,1000,0.7478644251823425,765,235,0.5014218688011169,"[""V380"", ""V215"", ""V342"", ""V255"", ""V191"", ""V176"", ""V160""]","{""n_estimators"": 298, ""learning_rate"": 0.03350177929008783, ""max_depth"": 8, ""subsample"": 0.9801676091600258, ""colsample_bytree"": 0.9899440186459942, ""min_child_weight"": 4, ""reg_alpha"": 0.19594561928608034, ""reg_lambda"": 0.7812342838223532}"
210,2026-06-05T13:33:28.783407+00:00,xgb,ranking_lgbm,210,5000,7,997,0.7705914974212646,759,238,0.500384509563446,"[""V380"", ""V215"", ""V342"", ""V255"", ""V191"", ""V176"", ""V160""]","{""n_estimators"": 322, ""learning_rate"": 0.16097048178849752, ""max_depth"": 4, ""subsample"": 0.9093759168589453, ""colsample_bytree"": 0.8133976680628591, ""min_child_weight"": 8, ""reg_alpha"": 0.7086523232831442, ""reg_lambda"": 1.0862293939548266}"
211,2026-06-05T13:33:50.600047+00:00,xgb,ranking_lgbm,211,4870,9,1000,0.7622810006141663,778,222,0.5031507611274719,"[""V380"", ""V215"", ""V342"", ""V255"", ""V191"", ""V176"", ""V160"", ""V117"", ""V390""]","{""n_estimators"": 110, ""learning_rate"": 0.10018382918407927, ""max_depth"": 8, ""subsample"": 0.8915299045189957, ""colsample_bytree"": 0.7521904634441388, ""min_child_weight"": 2, ""reg_alpha"": 0.48014891969000717, ""reg_lambda"": 1.693878976477244}"
212,2026-06-05T13:35:14.807165+00:00,xgb,ranking_lgbm,212,5005,7,999,0.7626571655273438,760,239,0.5034874081611633,"[""V380"", ""V215"", ""V342"", ""V255"", ""V191"", ""V176"", ""V160""]","{""n_estimators"": 362, ""learning_rate"": 0.04966536942067986, ""max_depth"": 9, ""subsample"": 0.9848294851260737, ""colsample_bytree"": 0.5162006390025555, ""min_child_weight"": 1, ""reg_alpha"": 0.5642145149306808, ""reg_lambda"": 2.409111260832729}"
213,2026-06-05T13:36:24.958771+00:00,xgb,ranking_lgbm,213,5015,7,997,0.7573868632316589,760,237,0.5009703636169434,"[""V380"", ""V215"", ""V342"", ""V255"", ""V191"", ""V176"", ""V160""]","{""n_estimators"": 380, ""learning_rate"": 0.054995490064870076, ""max_depth"": 7, ""subsample"": 0.5255151284323532, ""colsample_bytree"": 0.5050036852443185, ""min_child_weight"": 2, ""reg_alpha"": 0.7573561988990286, ""reg_lambda"": 1.0620365908772045}"
214,2026-06-05T13:36:59.617568+00:00,xgb,ranking_lgbm,214,5180,7,1000,0.7651620507240295,772,228,0.4999580979347229,"[""V380"", ""V215"", ""V342"", ""V255"", ""V191"", ""V176"", ""V160""]","{""n_estimators"": 399, ""learning_rate"": 0.11755807569516415, ""max_depth"": 4, ""subsample"": 0.972211216111379, ""colsample_bytree"": 0.8004636104576779, ""min_child_weight"": 4, ""reg_alpha"": 0.9158857742082411, ""reg_lambda"": 1.46972050325986}"
215,2026-06-05T13:37:52.116205+00:00,xgb,ranking_lgbm,215,4760,7,1000,0.8086230754852295,744,256,0.4997188448905945,"[""V380"", ""V215"", ""V342"", ""V255"", ""V191"", ""V176"", ""V160""]","{""n_estimators"": 217, ""learning_rate"": 0.158943504045596, ""max_depth"": 9, ""subsample"": 0.9548704000713797, ""colsample_bytree"": 0.7025618690240694, ""min_child_weight"": 7, ""reg_alpha"": 0.6008328132600935, ""reg_lambda"": 1.4398846090790005}"
216,2026-06-05T13:38:12.406088+00:00,xgb,ranking_lgbm,216,5325,7,998,0.7052672505378723,781,217,0.4966641664505005,"[""V380"", ""V215"", ""V342"", ""V255"", ""V191"", ""V176"", ""V160""]","{""n_estimators"": 114, ""learning_rate"": 0.05729833318629864, ""max_depth"": 9, ""subsample"": 0.8632233747212856, ""colsample_bytree"": 0.6381562355318178, ""min_child_weight"": 8, ""reg_alpha"": 0.6077007629005348, ""reg_lambda"": 1.1170292169369322}"
217,2026-06-05T13:39:20.204173+00:00,xgb,ranking_lgbm,217,4730,7,1000,0.7830939888954163,742,258,0.4979362189769745,"[""V380"", ""V215"", ""V342"", ""V255"", ""V191"", ""V176"", ""V160""]","{""n_estimators"": 340, ""learning_rate"": 0.09243471664895639, ""max_depth"": 8, ""subsample"": 0.8428205214196711, ""colsample_bytree"": 0.6055910587656016, ""min_child_weight"": 8, ""reg_alpha"": 0.9444693130561128, ""reg_lambda"": 1.3296272714618322}"
218,2026-06-05T13:40:17.118522+00:00,xgb,ranking_lgbm,218,5050,7,993,0.7268004417419434,761,232,0.49846553802490234,"[""V380"", ""V215"", ""V342"", ""V255"", ""V191"", ""V176"", ""V160""]","{""n_estimators"": 246, ""learning_rate"": 0.031177044727003382, ""max_depth"": 9, ""subsample"": 0.635830999994039, ""colsample_bytree"": 0.8038130443368878, ""min_child_weight"": 1, ""reg_alpha"": 0.6420463247343455, ""reg_lambda"": 1.4510422084686474}"
219,2026-06-05T13:40:43.961109+00:00,xgb,ranking_lgbm,219,4955,7,1000,0.7934451103210449,757,243,0.5006252527236938,"[""V380"", ""V215"", ""V342"", ""V255"", ""V191"", ""V176"", ""V160""]","{""n_estimators"": 177, ""learning_rate"": 0.16984946066388845, ""max_depth"": 6, ""subsample"": 0.8273721232804252, ""colsample_bytree"": 0.8988338368731641, ""min_child_weight"": 5, ""reg_alpha"": 0.35346798819520875, ""reg_lambda"": 0.9538698582253695}"
220,2026-06-05T13:41:07.270137+00:00,xgb,ranking_lgbm,220,5060,7,1000,0.7161556482315063,764,236,0.4991084933280945,"[""V380"", ""V215"", ""V342"", ""V255"", ""V191"", ""V176"", ""V160""]","{""n_estimators"": 352, ""learning_rate"": 0.07142509932704197, ""max_depth"": 3, ""subsample"": 0.5098804767119034, ""colsample_bytree"": 0.8646542948176328, ""min_child_weight"": 4, ""reg_alpha"": 0.7884468467440029, ""reg_lambda"": 2.353439477965291}"
221,2026-06-05T13:41:28.033125+00:00,xgb,ranking_lgbm,221,5270,7,1000,0.722519040107727,778,222,0.4974440336227417,"[""V380"", ""V215"", ""V342"", ""V255"", ""V191"", ""V176"", ""V160""]","{""n_estimators"": 320, ""learning_rate"": 0.08604801266974449, ""max_depth"": 3, ""subsample"": 0.6435653575909894, ""colsample_bytree"": 0.9141314749885181, ""min_child_weight"": 7, ""reg_alpha"": 0.47170821055432666, ""reg_lambda"": 1.3016826947049411}"
222,2026-06-05T13:41:59.295218+00:00,xgb,ranking_lgbm,222,4895,7,1000,0.7852547764778137,753,247,0.49825751781463623,"[""V380"", ""V215"", ""V342"", ""V255"", ""V191"", ""V176"", ""V160""]","{""n_estimators"": 330, ""learning_rate"": 0.17464610229589525, ""max_depth"": 4, ""subsample"": 0.8299567527457161, ""colsample_bytree"": 0.9459292030633419, ""min_child_weight"": 7, ""reg_alpha"": 0.12043292313180742, ""reg_lambda"": 1.808979432536318}"
223,2026-06-05T13:42:50.905678+00:00,xgb,ranking_lgbm,223,5075,7,1000,0.7517075538635254,765,235,0.49762850999832153,"[""V380"", ""V215"", ""V342"", ""V255"", ""V191"", ""V176"", ""V160""]","{""n_estimators"": 234, ""learning_rate"": 0.06186453769205195, ""max_depth"": 9, ""subsample"": 0.9178370941298499, ""colsample_bytree"": 0.8268826296081002, ""min_child_weight"": 7, ""reg_alpha"": 0.6792545555543575, ""reg_lambda"": 2.109657641657731}"
224,2026-06-05T13:43:05.026936+00:00,xgb,ranking_lgbm,224,5045,7,1000,0.7286858558654785,763,237,0.4981110394001007,"[""V380"", ""V215"", ""V342"", ""V255"", ""V191"", ""V176"", ""V160""]","{""n_estimators"": 117, ""learning_rate"": 0.14825504337429724, ""max_depth"": 5, ""subsample"": 0.8548022677637188, ""colsample_bytree"": 0.5188927957178662, ""min_child_weight"": 7, ""reg_alpha"": 0.2124911316951117, ""reg_lambda"": 1.5086292916939963}"
225,2026-06-05T13:44:10.742895+00:00,xgb,ranking_lgbm,225,4895,7,1000,0.7964191436767578,753,247,0.500942587852478,"[""V380"", ""V215"", ""V342"", ""V255"", ""V191"", ""V176"", ""V160""]","{""n_estimators"": 289, ""learning_rate"": 0.09555724564104191, ""max_depth"": 9, ""subsample"": 0.7333563020609754, ""colsample_bytree"": 0.5324473183359684, ""min_child_weight"": 4, ""reg_alpha"": 0.6100410946632842, ""reg_lambda"": 0.9511831894853067}"
226,2026-06-05T13:45:08.292734+00:00,xgb,ranking_lgbm,226,4790,7,1000,0.7882989645004272,746,254,0.4974144399166107,"[""V380"", ""V215"", ""V342"", ""V255"", ""V191"", ""V176"", ""V160""]","{""n_estimators"": 263, ""learning_rate"": 0.1250395452251532, ""max_depth"": 9, ""subsample"": 0.6149342343839219, ""colsample_bytree"": 0.6868491383187412, ""min_child_weight"": 8, ""reg_alpha"": 0.8953442360305133, ""reg_lambda"": 1.7025082026481346}"
227,2026-06-05T13:45:54.748576+00:00,xgb,ranking_lgbm,227,4955,7,1000,0.7590870261192322,757,243,0.49779897928237915,"[""V380"", ""V215"", ""V342"", ""V255"", ""V191"", ""V176"", ""V160""]","{""n_estimators"": 238, ""learning_rate"": 0.08172402045057728, ""max_depth"": 8, ""subsample"": 0.9042955030261661, ""colsample_bytree"": 0.8619070586439539, ""min_child_weight"": 9, ""reg_alpha"": 0.936476769606501, ""reg_lambda"": 1.4472352826526305}"
228,2026-06-05T13:46:10.948937+00:00,xgb,ranking_lgbm,228,5225,7,1000,0.6709142327308655,775,225,0.4955572187900543,"[""V380"", ""V215"", ""V342"", ""V255"", ""V191"", ""V176"", ""V160""]","{""n_estimators"": 132, ""learning_rate"": 0.045106844433286816, ""max_depth"": 5, ""subsample"": 0.8211340797288049, ""colsample_bytree"": 0.7260321838869483, ""min_child_weight"": 5, ""reg_alpha"": 0.8254849302539797, ""reg_lambda"": 1.7648444900528355}"
229,2026-06-05T13:46:55.361320+00:00,xgb,ranking_lgbm,229,5135,7,997,0.7766063213348389,768,229,0.5008684396743774,"[""V380"", ""V215"", ""V342"", ""V255"", ""V191"", ""V176"", ""V160""]","{""n_estimators"": 244, ""learning_rate"": 0.11126141503532347, ""max_depth"": 7, ""subsample"": 0.987473518945586, ""colsample_bytree"": 0.6677387820148057, ""min_child_weight"": 4, ""reg_alpha"": 0.5890490882552291, ""reg_lambda"": 1.8073243458759651}"
230,2026-06-05T13:47:59.096337+00:00,xgb,ranking_lgbm,230,4810,7,999,0.7989905476570129,747,252,0.5029858350753784,"[""V380"", ""V215"", ""V342"", ""V255"", ""V191"", ""V176"", ""V160""]","{""n_estimators"": 268, ""learning_rate"": 0.07143948917933815, ""max_depth"": 9, ""subsample"": 0.8897308701021878, ""colsample_bytree"": 0.7352317206954597, ""min_child_weight"": 1, ""reg_alpha"": 0.44522779698789716, ""reg_lambda"": 1.900097205728279}"
231,2026-06-05T13:48:51.311553+00:00,xgb,ranking_lgbm,231,5165,7,1000,0.7160801291465759,771,229,0.4971480965614319,"[""V380"", ""V215"", ""V342"", ""V255"", ""V191"", ""V176"", ""V160""]","{""n_estimators"": 356, ""learning_rate"": 0.035007819327307094, ""max_depth"": 6, ""subsample"": 0.6292758303200805, ""colsample_bytree"": 0.6570611900601098, ""min_child_weight"": 5, ""reg_alpha"": 0.598389109559481, ""reg_lambda"": 2.0833956153177207}"
232,2026-06-05T13:49:08.864444+00:00,xgb,ranking_lgbm,232,5195,7,1000,0.7282957434654236,773,227,0.4970913231372833,"[""V380"", ""V215"", ""V342"", ""V255"", ""V191"", ""V176"", ""V160""]","{""n_estimators"": 187, ""learning_rate"": 0.12083752064132218, ""max_depth"": 4, ""subsample"": 0.7133550350945626, ""colsample_bytree"": 0.6576723474577082, ""min_child_weight"": 8, ""reg_alpha"": 0.7279919006185939, ""reg_lambda"": 2.016014204009445}"
233,2026-06-05T13:49:30.577627+00:00,xgb,ranking_lgbm,233,5180,7,1000,0.7257128357887268,772,228,0.4966985285282135,"[""V380"", ""V215"", ""V342"", ""V255"", ""V191"", ""V176"", ""V160""]","{""n_estimators"": 105, ""learning_rate"": 0.08192080807035734, ""max_depth"": 8, ""subsample"": 0.6683027321559942, ""colsample_bytree"": 0.7364401493615957, ""min_child_weight"": 5, ""reg_alpha"": 0.28409629684326765, ""reg_lambda"": 2.1957259181929842}"
234,2026-06-05T13:50:39.155951+00:00,xgb,ranking_lgbm,234,4750,7,999,0.8624311089515686,743,256,0.5014093518257141,"[""V380"", ""V215"", ""V342"", ""V255"", ""V191"", ""V176"", ""V160""]","{""n_estimators"": 395, ""learning_rate"": 0.16383233977707495, ""max_depth"": 7, ""subsample"": 0.7810841981311893, ""colsample_bytree"": 0.5705108245793935, ""min_child_weight"": 4, ""reg_alpha"": 0.1484237756658635, ""reg_lambda"": 0.7367477079785434}"
235,2026-06-05T13:51:21.440660+00:00,xgb,ranking_lgbm,235,4820,7,1000,0.8277838826179504,748,252,0.4995993673801422,"[""V380"", ""V215"", ""V342"", ""V255"", ""V191"", ""V176"", ""V160""]","{""n_estimators"": 285, ""learning_rate"": 0.16686006652589733, ""max_depth"": 6, ""subsample"": 0.7969786496707043, ""colsample_bytree"": 0.9998375166163125, ""min_child_weight"": 4, ""reg_alpha"": 0.6951190206372875, ""reg_lambda"": 1.1511868455535716}"
236,2026-06-05T13:51:57.281855+00:00,xgb,ranking_lgbm,236,4945,7,999,0.7755106687545776,756,243,0.5009025931358337,"[""V380"", ""V215"", ""V342"", ""V255"", ""V191"", ""V176"", ""V160""]","{""n_estimators"": 194, ""learning_rate"": 0.10840605698476806, ""max_depth"": 7, ""subsample"": 0.820633552699191, ""colsample_bytree"": 0.8634135699797743, ""min_child_weight"": 4, ""reg_alpha"": 0.6253794054019376, ""reg_lambda"": 2.1765218626863705}"
237,2026-06-05T13:52:26.193104+00:00,xgb,ranking_lgbm,237,5015,7,1000,0.7839077711105347,761,239,0.49789100885391235,"[""V380"", ""V215"", ""V342"", ""V255"", ""V191"", ""V176"", ""V160""]","{""n_estimators"": 134, ""learning_rate"": 0.15160790278872252, ""max_depth"": 8, ""subsample"": 0.8447159261583044, ""colsample_bytree"": 0.8785713141826085, ""min_child_weight"": 5, ""reg_alpha"": 0.9706345731376895, ""reg_lambda"": 1.9273639284334363}"
238,2026-06-05T13:52:58.152749+00:00,xgb,ranking_lgbm,238,5195,7,1000,0.6985126733779907,773,227,0.4973975718021393,"[""V380"", ""V215"", ""V342"", ""V255"", ""V191"", ""V176"", ""V160""]","{""n_estimators"": 359, ""learning_rate"": 0.03209366013691968, ""max_depth"": 4, ""subsample"": 0.82156582236521, ""colsample_bytree"": 0.8584986104802137, ""min_child_weight"": 8, ""reg_alpha"": 0.7211876625353518, ""reg_lambda"": 0.6078060481607053}"
239,2026-06-05T13:53:20.611231+00:00,xgb,ranking_lgbm,239,5025,8,1000,0.7504827976226807,775,225,0.4977773427963257,"[""V380"", ""V215"", ""V342"", ""V255"", ""V191"", ""V176"", ""V160"", ""V117""]","{""n_estimators"": 135, ""learning_rate"": 0.09953285701416689, ""max_depth"": 7, ""subsample"": 0.8537013012885692, ""colsample_bytree"": 0.9735305097522693, ""min_child_weight"": 5, ""reg_alpha"": 0.9647470633909605, ""reg_lambda"": 0.6253031666833799}"
240,2026-06-05T13:53:33.672912+00:00,xgb,ranking_lgbm,240,5115,7,998,0.7314353585243225,767,231,0.49945154786109924,"[""V380"", ""V215"", ""V342"", ""V255"", ""V191"", ""V176"", ""V160""]","{""n_estimators"": 133, ""learning_rate"": 0.14554905051957598, ""max_depth"": 4, ""subsample"": 0.6340403725363419, ""colsample_bytree"": 0.7419080158054936, ""min_child_weight"": 4, ""reg_alpha"": 0.7683620166105436, ""reg_lambda"": 1.2881912377771687}"
241,2026-06-05T13:54:04.734477+00:00,xgb,ranking_lgbm,241,4865,7,1000,0.7739301919937134,751,249,0.500065803527832,"[""V380"", ""V215"", ""V342"", ""V255"", ""V191"", ""V176"", ""V160""]","{""n_estimators"": 243, ""learning_rate"": 0.17510892528710162, ""max_depth"": 5, ""subsample"": 0.8918664199740634, ""colsample_bytree"": 0.6219563774272732, ""min_child_weight"": 6, ""reg_alpha"": 0.7927918905183943, ""reg_lambda"": 1.953471747300381}"
242,2026-06-05T13:54:55.163982+00:00,xgb,ranking_lgbm,242,4975,7,996,0.8057400584220886,757,239,0.5015480518341064,"[""V380"", ""V215"", ""V342"", ""V255"", ""V191"", ""V176"", ""V160""]","{""n_estimators"": 386, ""learning_rate"": 0.11674598563041767, ""max_depth"": 6, ""subsample"": 0.99575044215289, ""colsample_bytree"": 0.9074297499986931, ""min_child_weight"": 5, ""reg_alpha"": 0.00039359712017494886, ""reg_lambda"": 1.7767508054288057}"
243,2026-06-05T13:55:52.678534+00:00,xgb,ranking_lgbm,243,4845,8,1000,0.7685334086418152,763,237,0.4987366199493408,"[""V380"", ""V215"", ""V342"", ""V255"", ""V191"", ""V176"", ""V160"", ""V117""]","{""n_estimators"": 242, ""learning_rate"": 0.06264402492553454, ""max_depth"": 9, ""subsample"": 0.8237870093101607, ""colsample_bytree"": 0.7898645777124222, ""min_child_weight"": 5, ""reg_alpha"": 0.10748699850593879, ""reg_lambda"": 1.7514707837819163}"
244,2026-06-05T13:56:37.042627+00:00,xgb,ranking_lgbm,244,4745,7,1000,0.7980601191520691,743,257,0.49966636300086975,"[""V380"", ""V215"", ""V342"", ""V255"", ""V191"", ""V176"", ""V160""]","{""n_estimators"": 381, ""learning_rate"": 0.14729879814876548, ""max_depth"": 5, ""subsample"": 0.8460652431325204, ""colsample_bytree"": 0.7792491853396594, ""min_child_weight"": 7, ""reg_alpha"": 0.44586233839611844, ""reg_lambda"": 1.965327804885954}"
245,2026-06-05T13:57:00.466396+00:00,xgb,ranking_lgbm,245,5140,7,999,0.6699414849281311,769,230,0.4934295415878296,"[""V380"", ""V215"", ""V342"", ""V255"", ""V191"", ""V176"", ""V160""]","{""n_estimators"": 126, ""learning_rate"": 0.04489155764552884, ""max_depth"": 8, ""subsample"": 0.6981733738288391, ""colsample_bytree"": 0.5361968750798346, ""min_child_weight"": 6, ""reg_alpha"": 0.9904842879133589, ""reg_lambda"": 1.7620760847388734}"
246,2026-06-05T13:57:43.309266+00:00,xgb,ranking_lgbm,246,5120,7,1000,0.740533173084259,768,232,0.5006963610649109,"[""V380"", ""V215"", ""V342"", ""V255"", ""V191"", ""V176"", ""V160""]","{""n_estimators"": 399, ""learning_rate"": 0.04687950069217968, ""max_depth"": 5, ""subsample"": 0.8858586887873995, ""colsample_bytree"": 0.8627333787922633, ""min_child_weight"": 2, ""reg_alpha"": 0.8789853822576723, ""reg_lambda"": 0.8910821554240982}"
247,2026-06-05T13:58:04.886954+00:00,xgb,ranking_lgbm,247,4895,7,997,0.760255753993988,752,245,0.4967740774154663,"[""V380"", ""V215"", ""V342"", ""V255"", ""V191"", ""V176"", ""V160""]","{""n_estimators"": 258, ""learning_rate"": 0.16686996631600068, ""max_depth"": 4, ""subsample"": 0.6361124611995401, ""colsample_bytree"": 0.958536729242492, ""min_child_weight"": 9, ""reg_alpha"": 0.5371991662341392, ""reg_lambda"": 1.4522300729656257}"
248,2026-06-05T13:58:22.217186+00:00,xgb,ranking_lgbm,248,5150,7,1000,0.6946644186973572,770,230,0.497166246175766,"[""V380"", ""V215"", ""V342"", ""V255"", ""V191"", ""V176"", ""V160""]","{""n_estimators"": 227, ""learning_rate"": 0.06114791204133052, ""max_depth"": 4, ""subsample"": 0.9155302514165626, ""colsample_bytree"": 0.5429549279963759, ""min_child_weight"": 9, ""reg_alpha"": 0.9699768378015103, ""reg_lambda"": 1.8938394167459525}"
249,2026-06-05T13:59:24.713284+00:00,xgb,ranking_lgbm,249,4295,8,999,0.8195419311523438,726,273,0.49733203649520874,"[""V380"", ""V215"", ""V342"", ""V255"", ""V191"", ""V176"", ""V160"", ""V117""]","{""n_estimators"": 354, ""learning_rate"": 0.14815447041955032, ""max_depth"": 9, ""subsample"": 0.5145694269435792, ""colsample_bytree"": 0.7849829375900395, ""min_child_weight"": 9, ""reg_alpha"": 0.50916131580001, ""reg_lambda"": 2.200669634258858}"
250,2026-06-05T14:00:23.894481+00:00,xgb,ranking_lgbm,250,5150,7,1000,0.752600908279419,770,230,0.5043973922729492,"[""V380"", ""V215"", ""V342"", ""V255"", ""V191"", ""V176"", ""V160""]","{""n_estimators"": 372, ""learning_rate"": 0.036441153734278586, ""max_depth"": 7, ""subsample"": 0.9653997408966344, ""colsample_bytree"": 0.8177890894471482, ""min_child_weight"": 2, ""reg_alpha"": 0.43269122791944037, ""reg_lambda"": 0.9243143158168861}"
251,2026-06-05T14:00:53.238097+00:00,xgb,ranking_lgbm,251,5120,7,1000,0.7466372847557068,768,232,0.49928155541419983,"[""V380"", ""V215"", ""V342"", ""V255"", ""V191"", ""V176"", ""V160""]","{""n_estimators"": 177, ""learning_rate"": 0.07089954611203525, ""max_depth"": 8, ""subsample"": 0.8093121952280664, ""colsample_bytree"": 0.8206704927692917, ""min_child_weight"": 6, ""reg_alpha"": 0.014227939942445977, ""reg_lambda"": 1.8966963833029207}"
252,2026-06-05T14:01:17.702241+00:00,xgb,ranking_lgbm,252,5120,7,1000,0.7377937436103821,768,232,0.49957266449928284,"[""V380"", ""V215"", ""V342"", ""V255"", ""V191"", ""V176"", ""V160""]","{""n_estimators"": 133, ""learning_rate"": 0.06989199869007884, ""max_depth"": 8, ""subsample"": 0.6999333364975407, ""colsample_bytree"": 0.8261454362082301, ""min_child_weight"": 4, ""reg_alpha"": 0.3691264252916585, ""reg_lambda"": 0.8742668035447259}"
253,2026-06-05T14:02:02.770727+00:00,xgb,ranking_lgbm,253,4775,7,1000,0.8630930781364441,745,255,0.4982917606830597,"[""V380"", ""V215"", ""V342"", ""V255"", ""V191"", ""V176"", ""V160""]","{""n_estimators"": 255, ""learning_rate"": 0.15818480219676073, ""max_depth"": 8, ""subsample"": 0.6236656184203225, ""colsample_bytree"": 0.75581465186391, ""min_child_weight"": 2, ""reg_alpha"": 0.3481155634802825, ""reg_lambda"": 1.0636785767331847}"
254,2026-06-05T14:03:17.234601+00:00,xgb,ranking_lgbm,254,4720,7,996,0.8474152088165283,740,256,0.5004668235778809,"[""V380"", ""V215"", ""V342"", ""V255"", ""V191"", ""V176"", ""V160""]","{""n_estimators"": 367, ""learning_rate"": 0.10765766421350724, ""max_depth"": 8, ""subsample"": 0.7600433146213702, ""colsample_bytree"": 0.753894396664428, ""min_child_weight"": 1, ""reg_alpha"": 0.5300297459827586, ""reg_lambda"": 1.9323885920342778}"
255,2026-06-05T14:03:43.279397+00:00,xgb,ranking_lgbm,255,4860,7,998,0.7659812569618225,750,248,0.49884119629859924,"[""V380"", ""V215"", ""V342"", ""V255"", ""V191"", ""V176"", ""V160""]","{""n_estimators"": 397, ""learning_rate"": 0.1260177224432955, ""max_depth"": 4, ""subsample"": 0.7393853782135867, ""colsample_bytree"": 0.7089318148591918, ""min_child_weight"": 7, ""reg_alpha"": 0.06805682745208586, ""reg_lambda"": 1.1499020935202264}"
256,2026-06-05T14:04:34.690939+00:00,xgb,ranking_lgbm,256,4955,7,1000,0.7884454131126404,757,243,0.5029980540275574,"[""V380"", ""V215"", ""V342"", ""V255"", ""V191"", ""V176"", ""V160""]","{""n_estimators"": 269, ""learning_rate"": 0.06345530756018841, ""max_depth"": 9, ""subsample"": 0.9896344990722749, ""colsample_bytree"": 0.9866962424602854, ""min_child_weight"": 3, ""reg_alpha"": 0.3300825460801403, ""reg_lambda"": 1.2602334645367024}"
257,2026-06-05T14:04:51.527975+00:00,xgb,ranking_lgbm,257,4950,7,998,0.7492185235023499,756,242,0.4952889680862427,"[""V380"", ""V215"", ""V342"", ""V255"", ""V191"", ""V176"", ""V160""]","{""n_estimators"": 260, ""learning_rate"": 0.15515954999564666, ""max_depth"": 4, ""subsample"": 0.6016199272045251, ""colsample_bytree"": 0.5421215433097002, ""min_child_weight"": 8, ""reg_alpha"": 0.9707096472601386, ""reg_lambda"": 1.2178054508374905}"
258,2026-06-05T14:05:12.141966+00:00,xgb,ranking_lgbm,258,5060,7,1000,0.7732336521148682,764,236,0.5004345774650574,"[""V380"", ""V215"", ""V342"", ""V255"", ""V191"", ""V176"", ""V160""]","{""n_estimators"": 315, ""learning_rate"": 0.15099842361629012, ""max_depth"": 4, ""subsample"": 0.7633378570612244, ""colsample_bytree"": 0.608856006559098, ""min_child_weight"": 4, ""reg_alpha"": 0.3967159489117993, ""reg_lambda"": 1.3416917212191461}"
259,2026-06-05T14:06:01.680970+00:00,xgb,ranking_lgbm,259,5135,7,1000,0.737523078918457,769,231,0.49846211075782776,"[""V380"", ""V215"", ""V342"", ""V255"", ""V191"", ""V176"", ""V160""]","{""n_estimators"": 299, ""learning_rate"": 0.03446832961358194, ""max_depth"": 8, ""subsample"": 0.7066235877195288, ""colsample_bytree"": 0.8538851352637156, ""min_child_weight"": 4, ""reg_alpha"": 0.5757204281501275, ""reg_lambda"": 0.8018954679017039}"
260,2026-06-05T14:06:27.979966+00:00,xgb,ranking_lgbm,260,4990,7,999,0.8061721324920654,759,240,0.5011709928512573,"[""V380"", ""V215"", ""V342"", ""V255"", ""V191"", ""V176"", ""V160""]","{""n_estimators"": 204, ""learning_rate"": 0.16084961000924436, ""max_depth"": 6, ""subsample"": 0.6330677556667899, ""colsample_bytree"": 0.9377129553265038, ""min_child_weight"": 2, ""reg_alpha"": 0.8633012548147482, ""reg_lambda"": 2.1218629997139695}"
261,2026-06-05T14:06:35.853967+00:00,xgb,ranking_lgbm,261,5245,7,999,0.6350932121276855,776,223,0.494733989238739,"[""V380"", ""V215"", ""V342"", ""V255"", ""V191"", ""V176"", ""V160""]","{""n_estimators"": 110, ""learning_rate"": 0.0390949105667837, ""max_depth"": 4, ""subsample"": 0.6296671749566255, ""colsample_bytree"": 0.8899065820406238, ""min_child_weight"": 2, ""reg_alpha"": 0.17038880155372327, ""reg_lambda"": 1.321458800204435}"
262,2026-06-05T14:07:04.639889+00:00,xgb,ranking_lgbm,262,5050,7,999,0.7949492931365967,763,236,0.4997476041316986,"[""V380"", ""V215"", ""V342"", ""V255"", ""V191"", ""V176"", ""V160""]","{""n_estimators"": 324, ""learning_rate"": 0.1769456897889942, ""max_depth"": 5, ""subsample"": 0.913553334263686, ""colsample_bytree"": 0.8044327290327276, ""min_child_weight"": 9, ""reg_alpha"": 0.711006505255354, ""reg_lambda"": 2.388312384290225}"
263,2026-06-05T14:07:38.703931+00:00,xgb,ranking_lgbm,263,5195,7,1000,0.7376499176025391,773,227,0.49971961975097656,"[""V380"", ""V215"", ""V342"", ""V255"", ""V191"", ""V176"", ""V160""]","{""n_estimators"": 305, ""learning_rate"": 0.043546544373714254, ""max_depth"": 6, ""subsample"": 0.7445481001082628, ""colsample_bytree"": 0.8662328717923955, ""min_child_weight"": 5, ""reg_alpha"": 0.23223760063530852, ""reg_lambda"": 0.6302362142752753}"
264,2026-06-05T14:07:54.378164+00:00,xgb,ranking_lgbm,264,5075,7,1000,0.7538703680038452,765,235,0.4981177747249603,"[""V380"", ""V215"", ""V342"", ""V255"", ""V191"", ""V176"", ""V160""]","{""n_estimators"": 223, ""learning_rate"": 0.1436798433489625, ""max_depth"": 4, ""subsample"": 0.7608012954590857, ""colsample_bytree"": 0.9584550456167942, ""min_child_weight"": 6, ""reg_alpha"": 0.3433184802505387, ""reg_lambda"": 0.8400218930648884}"
265,2026-06-05T14:08:39.891340+00:00,xgb,ranking_lgbm,265,4850,7,1000,0.7754240036010742,750,250,0.49837803840637207,"[""V380"", ""V215"", ""V342"", ""V255"", ""V191"", ""V176"", ""V160""]","{""n_estimators"": 274, ""learning_rate"": 0.09972306032205212, ""max_depth"": 8, ""subsample"": 0.7863380885333622, ""colsample_bytree"": 0.5216783589627111, ""min_child_weight"": 4, ""reg_alpha"": 0.6158333353777803, ""reg_lambda"": 2.3695096605495785}"
266,2026-06-05T14:08:47.744316+00:00,xgb,ranking_lgbm,266,5240,4,1000,0.6220753788948059,736,264,0.49653753638267517,"[""V380"", ""V215"", ""V342"", ""V255""]","{""n_estimators"": 153, ""learning_rate"": 0.04018684732935793, ""max_depth"": 3, ""subsample"": 0.560730240065699, ""colsample_bytree"": 0.5100033291767915, ""min_child_weight"": 8, ""reg_alpha"": 0.15773176075777406, ""reg_lambda"": 0.940423222512422}"
267,2026-06-05T14:09:30.163883+00:00,xgb,ranking_lgbm,267,5120,7,997,0.7159590721130371,767,230,0.498171329498291,"[""V380"", ""V215"", ""V342"", ""V255"", ""V191"", ""V176"", ""V160""]","{""n_estimators"": 315, ""learning_rate"": 0.030368306127775174, ""max_depth"": 7, ""subsample"": 0.9387089365234613, ""colsample_bytree"": 0.7802978520588975, ""min_child_weight"": 5, ""reg_alpha"": 0.8963836187705556, ""reg_lambda"": 2.4995782558857584}"
268,2026-06-05T14:09:48.876071+00:00,xgb,ranking_lgbm,268,5010,7,995,0.7488124966621399,759,236,0.4999360740184784,"[""V380"", ""V215"", ""V342"", ""V255"", ""V191"", ""V176"", ""V160""]","{""n_estimators"": 280, ""learning_rate"": 0.12205777828218502, ""max_depth"": 4, ""subsample"": 0.7897022065913181, ""colsample_bytree"": 0.6444774157726019, ""min_child_weight"": 4, ""reg_alpha"": 0.8162956691027852, ""reg_lambda"": 1.2082371566930314}"
269,2026-06-05T14:10:11.136379+00:00,xgb,ranking_lgbm,269,4970,7,1000,0.7754916548728943,758,242,0.5019482374191284,"[""V380"", ""V215"", ""V342"", ""V255"", ""V191"", ""V176"", ""V160""]","{""n_estimators"": 237, ""learning_rate"": 0.13428331557145257, ""max_depth"": 5, ""subsample"": 0.8499249711186811, ""colsample_bytree"": 0.6767351613816155, ""min_child_weight"": 3, ""reg_alpha"": 0.014944361357745684, ""reg_lambda"": 0.5182227312620249}"
270,2026-06-05T14:10:29.563559+00:00,xgb,ranking_lgbm,270,5020,7,996,0.752228856086731,760,236,0.49846503138542175,"[""V380"", ""V215"", ""V342"", ""V255"", ""V191"", ""V176"", ""V160""]","{""n_estimators"": 140, ""learning_rate"": 0.16822191896073613, ""max_depth"": 7, ""subsample"": 0.9089921685885376, ""colsample_bytree"": 0.5330954098914026, ""min_child_weight"": 6, ""reg_alpha"": 0.8319242137636502, ""reg_lambda"": 2.212856442338029}"
271,2026-06-05T14:10:52.131002+00:00,xgb,ranking_lgbm,271,4925,7,1000,0.7693018913269043,755,245,0.5013294219970703,"[""V380"", ""V215"", ""V342"", ""V255"", ""V191"", ""V176"", ""V160""]","{""n_estimators"": 132, ""learning_rate"": 0.13766703800309016, ""max_depth"": 9, ""subsample"": 0.9517209307687221, ""colsample_bytree"": 0.5681779158118025, ""min_child_weight"": 5, ""reg_alpha"": 0.06732482620635838, ""reg_lambda"": 1.11964899757814}"
272,2026-06-05T14:11:20.894111+00:00,xgb,ranking_lgbm,272,4955,7,1000,0.7382411956787109,757,243,0.4988642930984497,"[""V380"", ""V215"", ""V342"", ""V255"", ""V191"", ""V176"", ""V160""]","{""n_estimators"": 197, ""learning_rate"": 0.08064621135191208, ""max_depth"": 8, ""subsample"": 0.6814880618327674, ""colsample_bytree"": 0.5213747488268325, ""min_child_weight"": 7, ""reg_alpha"": 0.6764862831797576, ""reg_lambda"": 1.0757549832014313}"
273,2026-06-05T14:11:55.050534+00:00,xgb,ranking_lgbm,273,5030,7,1000,0.7712488174438477,762,238,0.4997785985469818,"[""V380"", ""V215"", ""V342"", ""V255"", ""V191"", ""V176"", ""V160""]","{""n_estimators"": 342, ""learning_rate"": 0.09320291595001225, ""max_depth"": 6, ""subsample"": 0.9689489798730866, ""colsample_bytree"": 0.6530048111460103, ""min_child_weight"": 8, ""reg_alpha"": 0.019743443829227658, ""reg_lambda"": 1.028796109890846}"
274,2026-06-05T14:12:31.307225+00:00,xgb,ranking_lgbm,274,4880,7,1000,0.7633357644081116,752,248,0.49897417426109314,"[""V380"", ""V215"", ""V342"", ""V255"", ""V191"", ""V176"", ""V160""]","{""n_estimators"": 339, ""learning_rate"": 0.0813666719924036, ""max_depth"": 6, ""subsample"": 0.5317848802142184, ""colsample_bytree"": 0.502430321329717, ""min_child_weight"": 5, ""reg_alpha"": 0.5646298372531614, ""reg_lambda"": 0.5613655860914268}"
275,2026-06-05T14:13:05.612414+00:00,xgb,ranking_lgbm,275,4600,8,998,0.8260562419891357,746,252,0.5016183853149414,"[""V380"", ""V215"", ""V342"", ""V255"", ""V191"", ""V176"", ""V160"", ""V117""]","{""n_estimators"": 214, ""learning_rate"": 0.16206126384520947, ""max_depth"": 8, ""subsample"": 0.5796591428962115, ""colsample_bytree"": 0.5471716595937843, ""min_child_weight"": 3, ""reg_alpha"": 0.3912498133334015, ""reg_lambda"": 1.0936627381487287}"
276,2026-06-05T14:13:16.836347+00:00,xgb,ranking_lgbm,276,5205,7,998,0.7299176454544067,773,225,0.49993544816970825,"[""V380"", ""V215"", ""V342"", ""V255"", ""V191"", ""V176"", ""V160""]","{""n_estimators"": 158, ""learning_rate"": 0.14339603850882188, ""max_depth"": 4, ""subsample"": 0.7826456573948157, ""colsample_bytree"": 0.9673920873664286, ""min_child_weight"": 3, ""reg_alpha"": 0.9814911514263743, ""reg_lambda"": 2.0732179534318593}"
277,2026-06-05T14:13:47.129219+00:00,xgb,ranking_lgbm,277,5100,7,995,0.7569068670272827,765,230,0.5012906789779663,"[""V380"", ""V215"", ""V342"", ""V255"", ""V191"", ""V176"", ""V160""]","{""n_estimators"": 262, ""learning_rate"": 0.07589930174192255, ""max_depth"": 6, ""subsample"": 0.6133687179963443, ""colsample_bytree"": 0.5062033500659744, ""min_child_weight"": 2, ""reg_alpha"": 0.5162619641002294, ""reg_lambda"": 0.8884014331306298}"
278,2026-06-05T14:14:11.195306+00:00,xgb,ranking_lgbm,278,5120,7,1000,0.7087692022323608,768,232,0.5001267790794373,"[""V380"", ""V215"", ""V342"", ""V255"", ""V191"", ""V176"", ""V160""]","{""n_estimators"": 166, ""learning_rate"": 0.04183772391231255, ""max_depth"": 7, ""subsample"": 0.8270274944447487, ""colsample_bytree"": 0.5982937984394316, ""min_child_weight"": 3, ""reg_alpha"": 0.07139902413910448, ""reg_lambda"": 0.8925669591471819}"
279,2026-06-05T14:14:28.328572+00:00,xgb,ranking_lgbm,279,5335,7,999,0.7357153296470642,782,217,0.497801274061203,"[""V380"", ""V215"", ""V342"", ""V255"", ""V191"", ""V176"", ""V160""]","{""n_estimators"": 260, ""learning_rate"": 0.10425777342978289, ""max_depth"": 4, ""subsample"": 0.7596417807507077, ""colsample_bytree"": 0.8690717563269741, ""min_child_weight"": 8, ""reg_alpha"": 0.25917617072124033, ""reg_lambda"": 2.1447627487589602}"
280,2026-06-05T14:14:45.125575+00:00,xgb,ranking_lgbm,280,5100,5,1000,0.6686608791351318,740,260,0.49778565764427185,"[""V380"", ""V215"", ""V342"", ""V255"", ""V191""]","{""n_estimators"": 149, ""learning_rate"": 0.03953699144700008, ""max_depth"": 6, ""subsample"": 0.9173611832272681, ""colsample_bytree"": 0.86789081699837, ""min_child_weight"": 7, ""reg_alpha"": 0.15087369103425463, ""reg_lambda"": 1.6673296979892682}"
281,2026-06-05T14:15:05.174109+00:00,xgb,ranking_lgbm,281,5060,7,994,0.7323200702667236,762,232,0.4980105459690094,"[""V380"", ""V215"", ""V342"", ""V255"", ""V191"", ""V176"", ""V160""]","{""n_estimators"": 393, ""learning_rate"": 0.1123064471530981, ""max_depth"": 3, ""subsample"": 0.7469819692929773, ""colsample_bytree"": 0.6520102793909576, ""min_child_weight"": 8, ""reg_alpha"": 0.9121104888535994, ""reg_lambda"": 0.7541896421055043}"
282,2026-06-05T14:15:33.637904+00:00,xgb,ranking_lgbm,282,4920,7,998,0.7551743388175964,754,244,0.5012074112892151,"[""V380"", ""V215"", ""V342"", ""V255"", ""V191"", ""V176"", ""V160""]","{""n_estimators"": 216, ""learning_rate"": 0.07599166149783432, ""max_depth"": 7, ""subsample"": 0.5891853246709723, ""colsample_bytree"": 0.6606508145095429, ""min_child_weight"": 5, ""reg_alpha"": 0.3430070942862954, ""reg_lambda"": 1.0822757888540377}"
283,2026-06-05T14:15:55.295551+00:00,xgb,ranking_lgbm,283,4985,7,997,0.7250451445579529,758,239,0.4987119138240814,"[""V380"", ""V215"", ""V342"", ""V255"", ""V191"", ""V176"", ""V160""]","{""n_estimators"": 332, ""learning_rate"": 0.08875835386701669, ""max_depth"": 4, ""subsample"": 0.9147436816319687, ""colsample_bytree"": 0.5154264678292537, ""min_child_weight"": 6, ""reg_alpha"": 0.9920749746293885, ""reg_lambda"": 1.2698029656716516}"
284,2026-06-05T14:16:30.187992+00:00,xgb,ranking_lgbm,284,4820,7,997,0.8165830969810486,747,250,0.5012718439102173,"[""V380"", ""V215"", ""V342"", ""V255"", ""V191"", ""V176"", ""V160""]","{""n_estimators"": 243, ""learning_rate"": 0.1574453919305912, ""max_depth"": 7, ""subsample"": 0.8204119493778226, ""colsample_bytree"": 0.5859323076301932, ""min_child_weight"": 2, ""reg_alpha"": 0.7624928946207605, ""reg_lambda"": 1.7998122747126528}"
285,2026-06-05T14:16:50.608374+00:00,xgb,ranking_lgbm,285,5170,7,999,0.6958476305007935,771,228,0.4986622929573059,"[""V380"", ""V215"", ""V342"", ""V255"", ""V191"", ""V176"", ""V160""]","{""n_estimators"": 173, ""learning_rate"": 0.04553848181747301, ""max_depth"": 6, ""subsample"": 0.9392388861092404, ""colsample_bytree"": 0.5657816209003214, ""min_child_weight"": 2, ""reg_alpha"": 0.09907760361292017, ""reg_lambda"": 2.088235702925381}"
286,2026-06-05T14:17:04.985230+00:00,xgb,ranking_lgbm,286,5160,5,1000,0.6710130572319031,744,256,0.4981881380081177,"[""V380"", ""V215"", ""V342"", ""V255"", ""V191""]","{""n_estimators"": 261, ""learning_rate"": 0.07253927959862808, ""max_depth"": 3, ""subsample"": 0.8052038129255961, ""colsample_bytree"": 0.7817109358676899, ""min_child_weight"": 2, ""reg_alpha"": 0.5327790359329302, ""reg_lambda"": 2.2777247624470762}"
287,2026-06-05T14:17:50.292064+00:00,xgb,ranking_lgbm,287,4715,7,997,0.8322732448577881,740,257,0.4989095628261566,"[""V380"", ""V215"", ""V342"", ""V255"", ""V191"", ""V176"", ""V160""]","{""n_estimators"": 393, ""learning_rate"": 0.15172140823493374, ""max_depth"": 6, ""subsample"": 0.6521155790312767, ""colsample_bytree"": 0.9322585029948977, ""min_child_weight"": 5, ""reg_alpha"": 0.2836328608049449, ""reg_lambda"": 2.4421198072010872}"
288,2026-06-05T14:18:49.010735+00:00,xgb,ranking_lgbm,288,4730,7,1000,0.8393828868865967,742,258,0.4982553720474243,"[""V380"", ""V215"", ""V342"", ""V255"", ""V191"", ""V176"", ""V160""]","{""n_estimators"": 399, ""learning_rate"": 0.13661296803393747, ""max_depth"": 9, ""subsample"": 0.9841043121040887, ""colsample_bytree"": 0.7969492086075958, ""min_child_weight"": 8, ""reg_alpha"": 0.018113184334213606, ""reg_lambda"": 2.410302660615365}"
289,2026-06-05T14:19:05.199108+00:00,xgb,ranking_lgbm,289,5105,7,1000,0.7218567728996277,767,233,0.4974644184112549,"[""V380"", ""V215"", ""V342"", ""V255"", ""V191"", ""V176"", ""V160""]","{""n_estimators"": 262, ""learning_rate"": 0.08441114311855188, ""max_depth"": 4, ""subsample"": 0.9062656695085208, ""colsample_bytree"": 0.5109893829341378, ""min_child_weight"": 9, ""reg_alpha"": 0.0019094174578599965, ""reg_lambda"": 1.5442728579859344}"
290,2026-06-05T14:19:29.301997+00:00,xgb,ranking_lgbm,290,5255,7,1000,0.7035515308380127,777,223,0.4956973195075989,"[""V380"", ""V215"", ""V342"", ""V255"", ""V191"", ""V176"", ""V160""]","{""n_estimators"": 275, ""learning_rate"": 0.03531703292234474, ""max_depth"": 5, ""subsample"": 0.5889095188330615, ""colsample_bytree"": 0.8581635285112887, ""min_child_weight"": 6, ""reg_alpha"": 0.8173122588988911, ""reg_lambda"": 1.9172246369326853}"
291,2026-06-05T14:20:13.897656+00:00,xgb,ranking_lgbm,291,5090,7,1000,0.7622895836830139,766,234,0.5015512108802795,"[""V380"", ""V215"", ""V342"", ""V255"", ""V191"", ""V176"", ""V160""]","{""n_estimators"": 225, ""learning_rate"": 0.06936914825042625, ""max_depth"": 8, ""subsample"": 0.7416269370361357, ""colsample_bytree"": 0.6998988402092841, ""min_child_weight"": 1, ""reg_alpha"": 0.08144580957192082, ""reg_lambda"": 2.4334388744103723}"
292,2026-06-05T14:20:27.517583+00:00,xgb,ranking_lgbm,292,5240,7,1000,0.728600263595581,776,224,0.5006204843521118,"[""V380"", ""V215"", ""V342"", ""V255"", ""V191"", ""V176"", ""V160""]","{""n_estimators"": 147, ""learning_rate"": 0.08930201486613445, ""max_depth"": 5, ""subsample"": 0.8253101131982901, ""colsample_bytree"": 0.7078405744684368, ""min_child_weight"": 2, ""reg_alpha"": 0.3854754594759452, ""reg_lambda"": 1.0326605088847807}"
293,2026-06-05T14:20:41.730089+00:00,xgb,ranking_lgbm,293,5180,7,1000,0.7320694327354431,772,228,0.49781811237335205,"[""V380"", ""V215"", ""V342"", ""V255"", ""V191"", ""V176"", ""V160""]","{""n_estimators"": 272, ""learning_rate"": 0.12986291681397055, ""max_depth"": 3, ""subsample"": 0.799030898478017, ""colsample_bytree"": 0.7389165890846937, ""min_child_weight"": 5, ""reg_alpha"": 0.36016993805790476, ""reg_lambda"": 1.8060209842058612}"
294,2026-06-05T14:21:11.823862+00:00,xgb,ranking_lgbm,294,4885,7,999,0.768809974193573,752,247,0.4989506006240845,"[""V380"", ""V215"", ""V342"", ""V255"", ""V191"", ""V176"", ""V160""]","{""n_estimators"": 177, ""learning_rate"": 0.08686948485864997, ""max_depth"": 9, ""subsample"": 0.6836713158654701, ""colsample_bytree"": 0.8283178210102742, ""min_child_weight"": 6, ""reg_alpha"": 0.18476603303816652, ""reg_lambda"": 0.878439832545725}"
295,2026-06-05T14:21:36.757224+00:00,xgb,ranking_lgbm,295,5105,7,1000,0.7236768007278442,767,233,0.49953770637512207,"[""V380"", ""V215"", ""V342"", ""V255"", ""V191"", ""V176"", ""V160""]","{""n_estimators"": 377, ""learning_rate"": 0.050448409212640336, ""max_depth"": 4, ""subsample"": 0.9258630389981573, ""colsample_bytree"": 0.6062745589071034, ""min_child_weight"": 2, ""reg_alpha"": 0.4548610474844579, ""reg_lambda"": 0.5112662738954297}"
296,2026-06-05T14:22:03.213939+00:00,xgb,ranking_lgbm,296,5045,7,1000,0.7475660443305969,763,237,0.4979676306247711,"[""V380"", ""V215"", ""V342"", ""V255"", ""V191"", ""V176"", ""V160""]","{""n_estimators"": 324, ""learning_rate"": 0.08851767286461257, ""max_depth"": 5, ""subsample"": 0.8656250803531546, ""colsample_bytree"": 0.7350437413818942, ""min_child_weight"": 9, ""reg_alpha"": 0.3828647258331257, ""reg_lambda"": 1.777463970147332}"
297,2026-06-05T14:22:30.473785+00:00,xgb,ranking_lgbm,297,4930,7,999,0.7857949733734131,755,244,0.497679203748703,"[""V380"", ""V215"", ""V342"", ""V255"", ""V191"", ""V176"", ""V160""]","{""n_estimators"": 263, ""learning_rate"": 0.13853710555163834, ""max_depth"": 6, ""subsample"": 0.620716862842972, ""colsample_bytree"": 0.6935747807468136, ""min_child_weight"": 6, ""reg_alpha"": 0.002940409394668997, ""reg_lambda"": 1.6053229366484334}"
298,2026-06-05T14:22:43.826923+00:00,xgb,ranking_lgbm,298,5030,7,1000,0.7058181166648865,762,238,0.49822747707366943,"[""V380"", ""V215"", ""V342"", ""V255"", ""V191"", ""V176"", ""V160""]","{""n_estimators"": 234, ""learning_rate"": 0.09621791689031776, ""max_depth"": 3, ""subsample"": 0.5360370669652414, ""colsample_bytree"": 0.5247810708692129, ""min_child_weight"": 5, ""reg_alpha"": 0.9716600253162436, ""reg_lambda"": 1.918103482123702}"
299,2026-06-05T14:23:23.440340+00:00,xgb,ranking_lgbm,299,4775,7,1000,0.7943912744522095,745,255,0.49860772490501404,"[""V380"", ""V215"", ""V342"", ""V255"", ""V191"", ""V176"", ""V160""]","{""n_estimators"": 256, ""learning_rate"": 0.11569857514536964, ""max_depth"": 8, ""subsample"": 0.9114263550263733, ""colsample_bytree"": 0.7732759419921333, ""min_child_weight"": 6, ""reg_alpha"": 0.8413564806674667, ""reg_lambda"": 2.0829049329727543}"
300,2026-06-05T14:24:07.080992+00:00,xgb,ranking_lgbm,300,4715,7,1000,0.8234952092170715,741,259,0.4962448179721832,"[""V380"", ""V215"", ""V342"", ""V255"", ""V191"", ""V176"", ""V160""]","{""n_estimators"": 318, ""learning_rate"": 0.15319438579099165, ""max_depth"": 7, ""subsample"": 0.7626558008762885, ""colsample_bytree"": 0.9811396760360347, ""min_child_weight"": 6, ""reg_alpha"": 0.6738443624343919, ""reg_lambda"": 1.6872451977408838}"
301,2026-06-05T14:24:32.960609+00:00,xgb,ranking_lgbm,301,5055,7,995,0.7348790764808655,762,233,0.4973553717136383,"[""V380"", ""V215"", ""V342"", ""V255"", ""V191"", ""V176"", ""V160""]","{""n_estimators"": 309, ""learning_rate"": 0.06306679042542987, ""max_depth"": 5, ""subsample"": 0.6845406262646891, ""colsample_bytree"": 0.6453878518832088, ""min_child_weight"": 8, ""reg_alpha"": 0.7003744600865723, ""reg_lambda"": 1.3448436530097478}"
302,2026-06-05T14:25:08.358419+00:00,xgb,ranking_lgbm,302,4880,7,1000,0.8167707324028015,752,248,0.4979704022407532,"[""V380"", ""V215"", ""V342"", ""V255"", ""V191"", ""V176"", ""V160""]","{""n_estimators"": 168, ""learning_rate"": 0.13116475766736496, ""max_depth"": 8, ""subsample"": 0.6468072225066102, ""colsample_bytree"": 0.9915862882554043, ""min_child_weight"": 1, ""reg_alpha"": 0.39105643279960833, ""reg_lambda"": 1.4238121919598243}"
303,2026-06-05T14:25:17.401313+00:00,xgb,ranking_lgbm,303,5185,7,999,0.7132932543754578,772,227,0.4982319474220276,"[""V380"", ""V215"", ""V342"", ""V255"", ""V191"", ""V176"", ""V160""]","{""n_estimators"": 124, ""learning_rate"": 0.10037353295146655, ""max_depth"": 4, ""subsample"": 0.8065436987044907, ""colsample_bytree"": 0.9394230400458025, ""min_child_weight"": 4, ""reg_alpha"": 0.15321095381897876, ""reg_lambda"": 1.0132938236593376}"
304,2026-06-05T14:25:28.382176+00:00,xgb,ranking_lgbm,304,5035,4,993,0.6297013163566589,720,273,0.49645116925239563,"[""V380"", ""V215"", ""V342"", ""V255""]","{""n_estimators"": 159, ""learning_rate"": 0.038279705734217614, ""max_depth"": 4, ""subsample"": 0.7753971422661374, ""colsample_bytree"": 0.9054459297315465, ""min_child_weight"": 6, ""reg_alpha"": 0.6890043723231779, ""reg_lambda"": 1.9849940268253203}"
305,2026-06-05T14:26:03.892478+00:00,xgb,ranking_lgbm,305,4865,7,1000,0.7875691056251526,751,249,0.5015197992324829,"[""V380"", ""V215"", ""V342"", ""V255"", ""V191"", ""V176"", ""V160""]","{""n_estimators"": 387, ""learning_rate"": 0.13164168346259758, ""max_depth"": 5, ""subsample"": 0.9696398243385753, ""colsample_bytree"": 0.7046608540992362, ""min_child_weight"": 2, ""reg_alpha"": 0.6025004382146482, ""reg_lambda"": 2.28061550275075}"
306,2026-06-05T14:26:49.829212+00:00,xgb,ranking_lgbm,306,4635,8,1000,0.8458652496337891,749,251,0.49803227186203003,"[""V380"", ""V215"", ""V342"", ""V255"", ""V191"", ""V176"", ""V160"", ""V117""]","{""n_estimators"": 311, ""learning_rate"": 0.17248188382340834, ""max_depth"": 7, ""subsample"": 0.7105024831559232, ""colsample_bytree"": 0.7404491656028118, ""min_child_weight"": 3, ""reg_alpha"": 0.9810341443333886, ""reg_lambda"": 1.3887177981364678}"
307,2026-06-05T14:27:38.123248+00:00,xgb,ranking_lgbm,307,4445,7,1000,0.8380663990974426,723,277,0.5005514621734619,"[""V380"", ""V215"", ""V342"", ""V255"", ""V191"", ""V176"", ""V160""]","{""n_estimators"": 324, ""learning_rate"": 0.15125956709123425, ""max_depth"": 9, ""subsample"": 0.6620408087744488, ""colsample_bytree"": 0.7448512735535029, ""min_child_weight"": 8, ""reg_alpha"": 0.022462472298727665, ""reg_lambda"": 1.2958504012935665}"
308,2026-06-05T14:28:21.956957+00:00,xgb,ranking_lgbm,308,4800,8,1000,0.7998743057250977,760,240,0.5001420378684998,"[""V380"", ""V215"", ""V342"", ""V255"", ""V191"", ""V176"", ""V160"", ""V117""]","{""n_estimators"": 277, ""learning_rate"": 0.09279276296372731, ""max_depth"": 8, ""subsample"": 0.6456700074758037, ""colsample_bytree"": 0.7055806696127134, ""min_child_weight"": 4, ""reg_alpha"": 0.48826610164698947, ""reg_lambda"": 1.3522953672152704}"
309,2026-06-05T14:28:29.425248+00:00,xgb,ranking_lgbm,309,5100,3,999,0.5700293779373169,713,286,0.49667030572891235,"[""V380"", ""V215"", ""V342""]","{""n_estimators"": 140, ""learning_rate"": 0.03323024103249465, ""max_depth"": 3, ""subsample"": 0.5957866874116182, ""colsample_bytree"": 0.6079255419929565, ""min_child_weight"": 1, ""reg_alpha"": 0.5537155363447223, ""reg_lambda"": 0.964295337111613}"
310,2026-06-05T14:29:07.576446+00:00,xgb,ranking_lgbm,310,5075,7,997,0.769604504108429,764,233,0.49733999371528625,"[""V380"", ""V215"", ""V342"", ""V255"", ""V191"", ""V176"", ""V160""]","{""n_estimators"": 363, ""learning_rate"": 0.1517259724397549, ""max_depth"": 4, ""subsample"": 0.8545418623392296, ""colsample_bytree"": 0.8542339105261525, ""min_child_weight"": 9, ""reg_alpha"": 0.4269680841301582, ""reg_lambda"": 2.4551800377296455}"
311,2026-06-05T14:29:31.591819+00:00,xgb,ranking_lgbm,311,4980,8,1000,0.7633414268493652,772,228,0.5009059906005859,"[""V380"", ""V215"", ""V342"", ""V255"", ""V191"", ""V176"", ""V160"", ""V117""]","{""n_estimators"": 224, ""learning_rate"": 0.1302852906107485, ""max_depth"": 4, ""subsample"": 0.5455791749449456, ""colsample_bytree"": 0.643627862567806, ""min_child_weight"": 4, ""reg_alpha"": 0.31286143474987327, ""reg_lambda"": 0.6214681536881224}"
312,2026-06-05T14:29:54.920170+00:00,xgb,ranking_lgbm,312,5040,8,1000,0.7283264994621277,776,224,0.4964640736579895,"[""V380"", ""V215"", ""V342"", ""V255"", ""V191"", ""V176"", ""V160"", ""V117""]","{""n_estimators"": 292, ""learning_rate"": 0.09592558932201153, ""max_depth"": 3, ""subsample"": 0.5414316112736917, ""colsample_bytree"": 0.8098194382696109, ""min_child_weight"": 4, ""reg_alpha"": 0.6888564250944492, ""reg_lambda"": 1.2943003241464248}"
313,2026-06-05T14:30:05.935320+00:00,xgb,ranking_lgbm,313,5210,7,1000,0.6978722214698792,774,226,0.49771395325660706,"[""V380"", ""V215"", ""V342"", ""V255"", ""V191"", ""V176"", ""V160""]","{""n_estimators"": 120, ""learning_rate"": 0.09280830297978974, ""max_depth"": 4, ""subsample"": 0.6913028440262308, ""colsample_bytree"": 0.6032366971155498, ""min_child_weight"": 9, ""reg_alpha"": 0.6206778211680212, ""reg_lambda"": 1.372209518314356}"
314,2026-06-05T14:30:15.015525+00:00,xgb,ranking_lgbm,314,5100,5,1000,0.656251847743988,740,260,0.4966517686843872,"[""V380"", ""V215"", ""V342"", ""V255"", ""V191""]","{""n_estimators"": 108, ""learning_rate"": 0.06979591453459602, ""max_depth"": 4, ""subsample"": 0.808966861969497, ""colsample_bytree"": 0.9731231935569691, ""min_child_weight"": 3, ""reg_alpha"": 0.6705675189911386, ""reg_lambda"": 1.7876304264724323}"
315,2026-06-05T14:30:32.481666+00:00,xgb,ranking_lgbm,315,4790,7,1000,0.7466249465942383,746,254,0.49539849162101746,"[""V380"", ""V215"", ""V342"", ""V255"", ""V191"", ""V176"", ""V160""]","{""n_estimators"": 108, ""learning_rate"": 0.1756813435128427, ""max_depth"": 6, ""subsample"": 0.632523875586231, ""colsample_bytree"": 0.8916026897708693, ""min_child_weight"": 8, ""reg_alpha"": 0.9158082591545209, ""reg_lambda"": 2.410556133507959}"
316,2026-06-05T14:30:57.873562+00:00,xgb,ranking_lgbm,316,5145,7,998,0.7276358604431152,769,229,0.4980708062648773,"[""V380"", ""V215"", ""V342"", ""V255"", ""V191"", ""V176"", ""V160""]","{""n_estimators"": 199, ""learning_rate"": 0.07187481782328597, ""max_depth"": 5, ""subsample"": 0.6578237691964646, ""colsample_bytree"": 0.998450133865232, ""min_child_weight"": 4, ""reg_alpha"": 0.7370035880243998, ""reg_lambda"": 1.4759671238322587}"
317,2026-06-05T14:31:32.681563+00:00,xgb,ranking_lgbm,317,4760,7,1000,0.7672296166419983,744,256,0.5005035996437073,"[""V380"", ""V215"", ""V342"", ""V255"", ""V191"", ""V176"", ""V160""]","{""n_estimators"": 187, ""learning_rate"": 0.123320046033273, ""max_depth"": 7, ""subsample"": 0.5415026351915679, ""colsample_bytree"": 0.5948546593747283, ""min_child_weight"": 3, ""reg_alpha"": 0.8381152336577052, ""reg_lambda"": 1.902141871764689}"
318,2026-06-05T14:32:13.457175+00:00,xgb,ranking_lgbm,318,4940,7,1000,0.8079483509063721,756,244,0.5012354254722595,"[""V380"", ""V215"", ""V342"", ""V255"", ""V191"", ""V176"", ""V160""]","{""n_estimators"": 347, ""learning_rate"": 0.12912136799801383, ""max_depth"": 6, ""subsample"": 0.9817610081544046, ""colsample_bytree"": 0.7883755144258491, ""min_child_weight"": 5, ""reg_alpha"": 0.05776215872268742, ""reg_lambda"": 0.9855831050819763}"
319,2026-06-05T14:32:31.797204+00:00,xgb,ranking_lgbm,319,5165,7,1000,0.7531896233558655,771,229,0.5021845698356628,"[""V380"", ""V215"", ""V342"", ""V255"", ""V191"", ""V176"", ""V160""]","{""n_estimators"": 174, ""learning_rate"": 0.16458765516091345, ""max_depth"": 4, ""subsample"": 0.572240641647731, ""colsample_bytree"": 0.7027937349000819, ""min_child_weight"": 2, ""reg_alpha"": 0.23179452139321977, ""reg_lambda"": 2.157054882439919}"
320,2026-06-05T14:33:06.474002+00:00,xgb,ranking_lgbm,320,5285,7,1000,0.7048409581184387,779,221,0.4973190426826477,"[""V380"", ""V215"", ""V342"", ""V255"", ""V191"", ""V176"", ""V160""]","{""n_estimators"": 389, ""learning_rate"": 0.040616065839952906, ""max_depth"": 4, ""subsample"": 0.571899425061118, ""colsample_bytree"": 0.5070477110312186, ""min_child_weight"": 5, ""reg_alpha"": 0.45871956220816146, ""reg_lambda"": 1.8194334843248705}"
321,2026-06-05T14:34:06.666280+00:00,xgb,ranking_lgbm,321,4630,8,995,0.8316265344619751,747,248,0.4982401430606842,"[""V380"", ""V215"", ""V342"", ""V255"", ""V191"", ""V176"", ""V160"", ""V117""]","{""n_estimators"": 369, ""learning_rate"": 0.16651852710839354, ""max_depth"": 7, ""subsample"": 0.996654647148987, ""colsample_bytree"": 0.7003459175719987, ""min_child_weight"": 9, ""reg_alpha"": 0.41335533278284053, ""reg_lambda"": 2.0779892209414568}"
322,2026-06-05T14:34:17.143129+00:00,xgb,ranking_lgbm,322,5100,5,1000,0.636034369468689,740,260,0.49533769488334656,"[""V380"", ""V215"", ""V342"", ""V255"", ""V191""]","{""n_estimators"": 126, ""learning_rate"": 0.04168685380741865, ""max_depth"": 4, ""subsample"": 0.7391943568277041, ""colsample_bytree"": 0.6945982193681773, ""min_child_weight"": 9, ""reg_alpha"": 0.5266756362845376, ""reg_lambda"": 2.3151075064796807}"
323,2026-06-05T14:34:34.465909+00:00,xgb,ranking_lgbm,323,5290,7,996,0.6808887124061584,778,218,0.4968748986721039,"[""V380"", ""V215"", ""V342"", ""V255"", ""V191"", ""V176"", ""V160""]","{""n_estimators"": 173, ""learning_rate"": 0.05125380944201404, ""max_depth"": 4, ""subsample"": 0.5429385869454262, ""colsample_bytree"": 0.5383125842266332, ""min_child_weight"": 6, ""reg_alpha"": 0.5779465059479731, ""reg_lambda"": 0.8984052443944852}"
324,2026-06-05T14:35:25.735606+00:00,xgb,ranking_lgbm,324,4790,7,997,0.806994616985321,745,252,0.5018223524093628,"[""V380"", ""V215"", ""V342"", ""V255"", ""V191"", ""V176"", ""V160""]","{""n_estimators"": 284, ""learning_rate"": 0.12483944972270741, ""max_depth"": 7, ""subsample"": 0.9519249090451438, ""colsample_bytree"": 0.937740289742661, ""min_child_weight"": 4, ""reg_alpha"": 0.5083291052203583, ""reg_lambda"": 1.991736739858824}"
325,2026-06-05T14:36:00.219641+00:00,xgb,ranking_lgbm,325,5135,7,1000,0.7281849384307861,769,231,0.4979938566684723,"[""V380"", ""V215"", ""V342"", ""V255"", ""V191"", ""V176"", ""V160""]","{""n_estimators"": 253, ""learning_rate"": 0.06827636485619218, ""max_depth"": 6, ""subsample"": 0.5288773270527456, ""colsample_bytree"": 0.667940228232466, ""min_child_weight"": 9, ""reg_alpha"": 0.6352146412549811, ""reg_lambda"": 1.1098950988611906}"
326,2026-06-05T14:36:59.696392+00:00,xgb,ranking_lgbm,326,4640,7,1000,0.8532020449638367,736,264,0.4991244077682495,"[""V380"", ""V215"", ""V342"", ""V255"", ""V191"", ""V176"", ""V160""]","{""n_estimators"": 285, ""learning_rate"": 0.17715728195684363, ""max_depth"": 9, ""subsample"": 0.8415328759902213, ""colsample_bytree"": 0.8456846950093289, ""min_child_weight"": 6, ""reg_alpha"": 0.1540561599522543, ""reg_lambda"": 1.9927697850402877}"
327,2026-06-05T14:37:47.657057+00:00,xgb,ranking_lgbm,327,4645,7,993,0.7938023805618286,734,259,0.4975055754184723,"[""V380"", ""V215"", ""V342"", ""V255"", ""V191"", ""V176"", ""V160""]","{""n_estimators"": 253, ""learning_rate"": 0.14558400711401823, ""max_depth"": 8, ""subsample"": 0.7512224556290732, ""colsample_bytree"": 0.5180009391545384, ""min_child_weight"": 9, ""reg_alpha"": 0.6244720769528799, ""reg_lambda"": 0.9843579796042699}"
328,2026-06-05T14:37:58.975799+00:00,xgb,ranking_lgbm,328,5180,7,1000,0.6894336342811584,772,228,0.49708428978919983,"[""V380"", ""V215"", ""V342"", ""V255"", ""V191"", ""V176"", ""V160""]","{""n_estimators"": 154, ""learning_rate"": 0.08801859214613672, ""max_depth"": 3, ""subsample"": 0.8573950720429822, ""colsample_bytree"": 0.8398756843981485, ""min_child_weight"": 9, ""reg_alpha"": 0.373903897000435, ""reg_lambda"": 1.7471628879498633}"
329,2026-06-05T14:38:33.857283+00:00,xgb,ranking_lgbm,329,5030,7,1000,0.7344985008239746,762,238,0.49821582436561584,"[""V380"", ""V215"", ""V342"", ""V255"", ""V191"", ""V176"", ""V160""]","{""n_estimators"": 184, ""learning_rate"": 0.048946298869842406, ""max_depth"": 8, ""subsample"": 0.543612261038442, ""colsample_bytree"": 0.9232594983427174, ""min_child_weight"": 6, ""reg_alpha"": 0.06416483908006176, ""reg_lambda"": 1.2644304034167644}"
330,2026-06-05T14:38:48.023641+00:00,xgb,ranking_lgbm,330,5130,5,1000,0.6711915731430054,742,258,0.4975389540195465,"[""V380"", ""V215"", ""V342"", ""V255"", ""V191""]","{""n_estimators"": 246, ""learning_rate"": 0.08864544253490902, ""max_depth"": 3, ""subsample"": 0.9129300074974399, ""colsample_bytree"": 0.5923379613083708, ""min_child_weight"": 6, ""reg_alpha"": 0.4651772429761618, ""reg_lambda"": 1.4716644727989525}"
331,2026-06-05T14:39:39.852918+00:00,xgb,ranking_lgbm,331,5015,7,1000,0.7481890916824341,761,239,0.4996647536754608,"[""V380"", ""V215"", ""V342"", ""V255"", ""V191"", ""V176"", ""V160""]","{""n_estimators"": 321, ""learning_rate"": 0.059485532846810706, ""max_depth"": 7, ""subsample"": 0.9671427272699025, ""colsample_bytree"": 0.7415680987834248, ""min_child_weight"": 6, ""reg_alpha"": 0.9333841582479172, ""reg_lambda"": 1.7624121770987309}"
332,2026-06-05T14:39:54.410225+00:00,xgb,ranking_lgbm,332,5310,5,1000,0.6606083512306213,754,246,0.49759745597839355,"[""V380"", ""V215"", ""V342"", ""V255"", ""V191""]","{""n_estimators"": 253, ""learning_rate"": 0.04739872485408747, ""max_depth"": 3, ""subsample"": 0.8186065077484181, ""colsample_bytree"": 0.7920772354665313, ""min_child_weight"": 2, ""reg_alpha"": 0.08933988911643365, ""reg_lambda"": 1.8924170410315773}"
333,2026-06-05T14:40:27.688170+00:00,xgb,ranking_lgbm,333,4715,8,993,0.7766562104225159,752,241,0.49770841002464294,"[""V380"", ""V215"", ""V342"", ""V255"", ""V191"", ""V176"", ""V160"", ""V117""]","{""n_estimators"": 147, ""learning_rate"": 0.13375634256385313, ""max_depth"": 9, ""subsample"": 0.6426651562143844, ""colsample_bytree"": 0.9650197115449606, ""min_child_weight"": 8, ""reg_alpha"": 0.25575326231541906, ""reg_lambda"": 2.4436532529672665}"
334,2026-06-05T14:41:19.434279+00:00,xgb,ranking_lgbm,334,4790,7,1000,0.8397955894470215,746,254,0.5011821985244751,"[""V380"", ""V215"", ""V342"", ""V255"", ""V191"", ""V176"", ""V160""]","{""n_estimators"": 368, ""learning_rate"": 0.13934260918485103, ""max_depth"": 6, ""subsample"": 0.6664075081435545, ""colsample_bytree"": 0.7986631444421478, ""min_child_weight"": 4, ""reg_alpha"": 0.04830366574949008, ""reg_lambda"": 0.7090603763449417}"
335,2026-06-05T14:41:32.608332+00:00,xgb,ranking_lgbm,335,4975,7,999,0.7430418133735657,758,241,0.49778106808662415,"[""V380"", ""V215"", ""V342"", ""V255"", ""V191"", ""V176"", ""V160""]","{""n_estimators"": 230, ""learning_rate"": 0.1721652585631072, ""max_depth"": 3, ""subsample"": 0.5621337978717444, ""colsample_bytree"": 0.5852740531208278, ""min_child_weight"": 4, ""reg_alpha"": 0.6966026337671779, ""reg_lambda"": 0.604164209952017}"
336,2026-06-05T14:42:06.812735+00:00,xgb,ranking_lgbm,336,4880,7,1000,0.818833589553833,752,248,0.5014358162879944,"[""V380"", ""V215"", ""V342"", ""V255"", ""V191"", ""V176"", ""V160""]","{""n_estimators"": 349, ""learning_rate"": 0.15814355808743813, ""max_depth"": 5, ""subsample"": 0.8231615947304187, ""colsample_bytree"": 0.7271751044425206, ""min_child_weight"": 2, ""reg_alpha"": 0.5908125548616511, ""reg_lambda"": 1.5316214628498006}"
337,2026-06-05T14:42:14.198265+00:00,xgb,ranking_lgbm,337,5180,7,1000,0.7073273658752441,772,228,0.4965846538543701,"[""V380"", ""V215"", ""V342"", ""V255"", ""V191"", ""V176"", ""V160""]","{""n_estimators"": 128, ""learning_rate"": 0.16448554749680913, ""max_depth"": 3, ""subsample"": 0.8829105579494683, ""colsample_bytree"": 0.8307848496506839, ""min_child_weight"": 7, ""reg_alpha"": 0.7041876662339233, ""reg_lambda"": 1.7879538512096738}"
338,2026-06-05T14:42:33.810019+00:00,xgb,ranking_lgbm,338,5060,7,1000,0.7211855053901672,764,236,0.4983872175216675,"[""V380"", ""V215"", ""V342"", ""V255"", ""V191"", ""V176"", ""V160""]","{""n_estimators"": 360, ""learning_rate"": 0.09822560074206524, ""max_depth"": 3, ""subsample"": 0.7838902981276599, ""colsample_bytree"": 0.524847102781181, ""min_child_weight"": 5, ""reg_alpha"": 0.9580571892115066, ""reg_lambda"": 1.7571444711024984}"
339,2026-06-05T14:43:00.103341+00:00,xgb,ranking_lgbm,339,5110,7,999,0.7489255666732788,767,232,0.5019381642341614,"[""V380"", ""V215"", ""V342"", ""V255"", ""V191"", ""V176"", ""V160""]","{""n_estimators"": 179, ""learning_rate"": 0.060672963964680054, ""max_depth"": 8, ""subsample"": 0.9128230864368483, ""colsample_bytree"": 0.7594947318574614, ""min_child_weight"": 4, ""reg_alpha"": 0.13428842431760069, ""reg_lambda"": 0.6905716552076004}"
340,2026-06-05T14:43:12.936908+00:00,xgb,ranking_lgbm,340,5095,5,998,0.6489381194114685,739,259,0.4960380494594574,"[""V380"", ""V215"", ""V342"", ""V255"", ""V191""]","{""n_estimators"": 218, ""learning_rate"": 0.041814869387014356, ""max_depth"": 3, ""subsample"": 0.6359644407731551, ""colsample_bytree"": 0.761332104328727, ""min_child_weight"": 5, ""reg_alpha"": 0.37724720705176207, ""reg_lambda"": 2.1670314687273153}"
341,2026-06-05T14:43:29.802628+00:00,xgb,ranking_lgbm,341,5190,7,998,0.7178134918212891,772,226,0.49944502115249634,"[""V380"", ""V215"", ""V342"", ""V255"", ""V191"", ""V176"", ""V160""]","{""n_estimators"": 232, ""learning_rate"": 0.07251193885324253, ""max_depth"": 4, ""subsample"": 0.7716903954319592, ""colsample_bytree"": 0.6715941074514055, ""min_child_weight"": 4, ""reg_alpha"": 0.261303310458854, ""reg_lambda"": 1.1754988958802843}"
342,2026-06-05T14:43:51.569491+00:00,xgb,ranking_lgbm,342,5250,7,998,0.7387250065803528,776,222,0.4996202290058136,"[""V380"", ""V215"", ""V342"", ""V255"", ""V191"", ""V176"", ""V160""]","{""n_estimators"": 215, ""learning_rate"": 0.07667615435251432, ""max_depth"": 5, ""subsample"": 0.8489916955659383, ""colsample_bytree"": 0.8390739367047434, ""min_child_weight"": 1, ""reg_alpha"": 0.8091550129418644, ""reg_lambda"": 0.6596984508075137}"
343,2026-06-05T14:44:02.975291+00:00,xgb,ranking_lgbm,343,4940,7,1000,0.7598880529403687,756,244,0.49631860852241516,"[""V380"", ""V215"", ""V342"", ""V255"", ""V191"", ""V176"", ""V160""]","{""n_estimators"": 119, ""learning_rate"": 0.17789611751844833, ""max_depth"": 5, ""subsample"": 0.5204016533373573, ""colsample_bytree"": 0.7884179358127805, ""min_child_weight"": 4, ""reg_alpha"": 0.13214054942810016, ""reg_lambda"": 1.0048931454499752}"
344,2026-06-05T14:44:15.669805+00:00,xgb,ranking_lgbm,344,5195,7,1000,0.7185204029083252,773,227,0.49875614047050476,"[""V380"", ""V215"", ""V342"", ""V255"", ""V191"", ""V176"", ""V160""]","{""n_estimators"": 213, ""learning_rate"": 0.1269028520189526, ""max_depth"": 3, ""subsample"": 0.7945368305594885, ""colsample_bytree"": 0.9323008218371028, ""min_child_weight"": 5, ""reg_alpha"": 0.9212215637795673, ""reg_lambda"": 2.363663230520198}"
345,2026-06-05T14:44:48.845432+00:00,xgb,ranking_lgbm,345,4610,7,1000,0.8187329769134521,734,266,0.4965943396091461,"[""V380"", ""V215"", ""V342"", ""V255"", ""V191"", ""V176"", ""V160""]","{""n_estimators"": 217, ""learning_rate"": 0.12842941735242108, ""max_depth"": 8, ""subsample"": 0.628487244317081, ""colsample_bytree"": 0.9813927420407422, ""min_child_weight"": 3, ""reg_alpha"": 0.3340252750631807, ""reg_lambda"": 1.6517981186056634}"
346,2026-06-05T14:44:57.892727+00:00,xgb,ranking_lgbm,346,5060,7,1000,0.7117524743080139,764,236,0.49740996956825256,"[""V380"", ""V215"", ""V342"", ""V255"", ""V191"", ""V176"", ""V160""]","{""n_estimators"": 124, ""learning_rate"": 0.13431275218526, ""max_depth"": 4, ""subsample"": 0.98083310053527, ""colsample_bytree"": 0.9301410997069811, ""min_child_weight"": 5, ""reg_alpha"": 0.49474806137419547, ""reg_lambda"": 1.9210808295018795}"
347,2026-06-05T14:45:19.272609+00:00,xgb,ranking_lgbm,347,5075,7,1000,0.7468143105506897,765,235,0.49835649132728577,"[""V380"", ""V215"", ""V342"", ""V255"", ""V191"", ""V176"", ""V160""]","{""n_estimators"": 376, ""learning_rate"": 0.12509799444202585, ""max_depth"": 3, ""subsample"": 0.5928049030627042, ""colsample_bytree"": 0.7217280960223902, ""min_child_weight"": 3, ""reg_alpha"": 0.01833833957879183, ""reg_lambda"": 1.766263445660561}"
348,2026-06-05T14:45:43.861933+00:00,xgb,ranking_lgbm,348,4960,7,999,0.7732382416725159,757,242,0.5013703107833862,"[""V380"", ""V215"", ""V342"", ""V255"", ""V191"", ""V176"", ""V160""]","{""n_estimators"": 277, ""learning_rate"": 0.13074538471663089, ""max_depth"": 5, ""subsample"": 0.9401440124774778, ""colsample_bytree"": 0.878207386360518, ""min_child_weight"": 4, ""reg_alpha"": 0.8367486877064269, ""reg_lambda"": 2.406128295639194}"
349,2026-06-05T14:46:13.579354+00:00,xgb,ranking_lgbm,349,4940,7,1000,0.76844322681427,756,244,0.4985359311103821,"[""V380"", ""V215"", ""V342"", ""V255"", ""V191"", ""V176"", ""V160""]","{""n_estimators"": 183, ""learning_rate"": 0.08588220698865184, ""max_depth"": 8, ""subsample"": 0.6659693201274063, ""colsample_bytree"": 0.9867986526755073, ""min_child_weight"": 3, ""reg_alpha"": 0.7560800147305349, ""reg_lambda"": 1.808648654373059}"
350,2026-06-05T14:47:01.416404+00:00,xgb,ranking_lgbm,350,4475,7,1000,0.8200172781944275,725,275,0.4984217882156372,"[""V380"", ""V215"", ""V342"", ""V255"", ""V191"", ""V176"", ""V160""]","{""n_estimators"": 289, ""learning_rate"": 0.11948146101554281, ""max_depth"": 9, ""subsample"": 0.6180974757764846, ""colsample_bytree"": 0.9576503927149869, ""min_child_weight"": 3, ""reg_alpha"": 0.8027234869040961, ""reg_lambda"": 2.4809108487914964}"
351,2026-06-05T14:47:21.091830+00:00,xgb,ranking_lgbm,351,5105,7,1000,0.7668649554252625,767,233,0.4995344579219818,"[""V380"", ""V215"", ""V342"", ""V255"", ""V191"", ""V176"", ""V160""]","{""n_estimators"": 223, ""learning_rate"": 0.14626781044481169, ""max_depth"": 5, ""subsample"": 0.9473767638360108, ""colsample_bytree"": 0.6416294656553388, ""min_child_weight"": 5, ""reg_alpha"": 0.09316769266551717, ""reg_lambda"": 1.178844861220331}"
352,2026-06-05T14:47:41.023025+00:00,xgb,ranking_lgbm,352,5190,7,998,0.7007045745849609,772,226,0.4949081540107727,"[""V380"", ""V215"", ""V342"", ""V255"", ""V191"", ""V176"", ""V160""]","{""n_estimators"": 166, ""learning_rate"": 0.04587461302022504, ""max_depth"": 6, ""subsample"": 0.504470421344176, ""colsample_bytree"": 0.9092973591745993, ""min_child_weight"": 2, ""reg_alpha"": 0.16292942115458375, ""reg_lambda"": 2.457872898833882}"
353,2026-06-05T14:47:50.678400+00:00,xgb,ranking_lgbm,353,5105,7,1000,0.7180678844451904,767,233,0.49787041544914246,"[""V380"", ""V215"", ""V342"", ""V255"", ""V191"", ""V176"", ""V160""]","{""n_estimators"": 166, ""learning_rate"": 0.16013796235809646, ""max_depth"": 3, ""subsample"": 0.6158735689509767, ""colsample_bytree"": 0.5504086608453373, ""min_child_weight"": 2, ""reg_alpha"": 0.2389106535876644, ""reg_lambda"": 1.8541045284755686}"
354,2026-06-05T14:48:15.292838+00:00,xgb,ranking_lgbm,354,4775,7,1000,0.8072859644889832,745,255,0.501635730266571,"[""V380"", ""V215"", ""V342"", ""V255"", ""V191"", ""V176"", ""V160""]","{""n_estimators"": 225, ""learning_rate"": 0.17498243547566733, ""max_depth"": 6, ""subsample"": 0.9078287251802999, ""colsample_bytree"": 0.8404311024264041, ""min_child_weight"": 5, ""reg_alpha"": 0.3052011538480608, ""reg_lambda"": 0.6775230980252471}"
355,2026-06-05T14:48:56.540785+00:00,xgb,ranking_lgbm,355,4785,8,1000,0.8159053921699524,759,241,0.5000061392784119,"[""V380"", ""V215"", ""V342"", ""V255"", ""V191"", ""V176"", ""V160"", ""V117""]","{""n_estimators"": 272, ""learning_rate"": 0.10979073113193559, ""max_depth"": 8, ""subsample"": 0.644057139009419, ""colsample_bytree"": 0.8523666106164219, ""min_child_weight"": 3, ""reg_alpha"": 0.5557929497493587, ""reg_lambda"": 2.1378073766046755}"
356,2026-06-05T14:49:44.666620+00:00,xgb,ranking_lgbm,356,5020,7,996,0.7818796038627625,760,236,0.502629280090332,"[""V380"", ""V215"", ""V342"", ""V255"", ""V191"", ""V176"", ""V160""]","{""n_estimators"": 354, ""learning_rate"": 0.0718265332863699, ""max_depth"": 8, ""subsample"": 0.9708336928310022, ""colsample_bytree"": 0.5697591582132197, ""min_child_weight"": 4, ""reg_alpha"": 0.07179250469946985, ""reg_lambda"": 1.218546638321599}"
357,2026-06-05T14:50:24.590621+00:00,xgb,ranking_lgbm,357,4875,7,995,0.8051767349243164,750,245,0.49787479639053345,"[""V380"", ""V215"", ""V342"", ""V255"", ""V191"", ""V176"", ""V160""]","{""n_estimators"": 379, ""learning_rate"": 0.13268947880723003, ""max_depth"": 6, ""subsample"": 0.8649015222347048, ""colsample_bytree"": 0.7538489766168612, ""min_child_weight"": 8, ""reg_alpha"": 0.4644786666649421, ""reg_lambda"": 1.8067449813309366}"
358,2026-06-05T14:51:07.820164+00:00,xgb,ranking_lgbm,358,4685,7,1000,0.8263245224952698,739,261,0.49789610505104065,"[""V380"", ""V215"", ""V342"", ""V255"", ""V191"", ""V176"", ""V160""]","{""n_estimators"": 268, ""learning_rate"": 0.14545709662360917, ""max_depth"": 9, ""subsample"": 0.909337806995894, ""colsample_bytree"": 0.8446877835420623, ""min_child_weight"": 6, ""reg_alpha"": 0.5922879387182498, ""reg_lambda"": 1.7977684381097407}"
359,2026-06-05T14:51:53.363798+00:00,xgb,ranking_lgbm,359,5000,7,1000,0.7606030106544495,760,240,0.5003395676612854,"[""V380"", ""V215"", ""V342"", ""V255"", ""V191"", ""V176"", ""V160""]","{""n_estimators"": 301, ""learning_rate"": 0.06112923412342196, ""max_depth"": 9, ""subsample"": 0.9633552830759958, ""colsample_bytree"": 0.6044099101928063, ""min_child_weight"": 7, ""reg_alpha"": 0.5902008334612625, ""reg_lambda"": 1.1441470743115778}"
360,2026-06-05T14:52:43.102440+00:00,xgb,ranking_lgbm,360,4620,8,1000,0.8285900354385376,748,252,0.5004342794418335,"[""V380"", ""V215"", ""V342"", ""V255"", ""V191"", ""V176"", ""V160"", ""V117""]","{""n_estimators"": 330, ""learning_rate"": 0.13500351368438862, ""max_depth"": 9, ""subsample"": 0.71537678809903, ""colsample_bytree"": 0.7175105966723493, ""min_child_weight"": 8, ""reg_alpha"": 0.6091080570925863, ""reg_lambda"": 1.1202641095862476}"
361,2026-06-05T14:52:57.489880+00:00,xgb,ranking_lgbm,361,5060,7,1000,0.7407861948013306,764,236,0.49983662366867065,"[""V380"", ""V215"", ""V342"", ""V255"", ""V191"", ""V176"", ""V160""]","{""n_estimators"": 164, ""learning_rate"": 0.12642490216515065, ""max_depth"": 5, ""subsample"": 0.6847511503491108, ""colsample_bytree"": 0.7133098000464655, ""min_child_weight"": 7, ""reg_alpha"": 0.2061876208764558, ""reg_lambda"": 2.0730053283195256}"
362,2026-06-05T14:53:16.110063+00:00,xgb,ranking_lgbm,362,5165,7,1000,0.7151728272438049,771,229,0.4975849688053131,"[""V380"", ""V215"", ""V342"", ""V255"", ""V191"", ""V176"", ""V160""]","{""n_estimators"": 353, ""learning_rate"": 0.07582095410021564, ""max_depth"": 3, ""subsample"": 0.9380929844715444, ""colsample_bytree"": 0.7049996084658205, ""min_child_weight"": 9, ""reg_alpha"": 0.06715908344493005, ""reg_lambda"": 2.143304339204708}"
363,2026-06-05T14:53:34.090753+00:00,xgb,ranking_lgbm,363,4985,7,1000,0.7560878396034241,759,241,0.49895766377449036,"[""V380"", ""V215"", ""V342"", ""V255"", ""V191"", ""V176"", ""V160""]","{""n_estimators"": 255, ""learning_rate"": 0.17797994846575416, ""max_depth"": 4, ""subsample"": 0.8768534391893701, ""colsample_bytree"": 0.5408785770486889, ""min_child_weight"": 8, ""reg_alpha"": 0.6155977915741561, ""reg_lambda"": 0.6883321139736382}"
364,2026-06-05T14:53:56.583401+00:00,xgb,ranking_lgbm,364,4915,7,999,0.7729949951171875,754,245,0.5002598166465759,"[""V380"", ""V215"", ""V342"", ""V255"", ""V191"", ""V176"", ""V160""]","{""n_estimators"": 311, ""learning_rate"": 0.14341777178106108, ""max_depth"": 4, ""subsample"": 0.7943033530439771, ""colsample_bytree"": 0.6708340602921745, ""min_child_weight"": 2, ""reg_alpha"": 0.037175529820830944, ""reg_lambda"": 1.4640805366183094}"
365,2026-06-05T14:54:25.981332+00:00,xgb,ranking_lgbm,365,5195,7,1000,0.7228510975837708,773,227,0.496366024017334,"[""V380"", ""V215"", ""V342"", ""V255"", ""V191"", ""V176"", ""V160""]","{""n_estimators"": 274, ""learning_rate"": 0.046419451049379515, ""max_depth"": 6, ""subsample"": 0.5951728153387291, ""colsample_bytree"": 0.920886429457551, ""min_child_weight"": 8, ""reg_alpha"": 0.3871676886834531, ""reg_lambda"": 1.8156841674260005}"
366,2026-06-05T14:54:44.999694+00:00,xgb,ranking_lgbm,366,4805,7,1000,0.7725799083709717,747,253,0.4991376996040344,"[""V380"", ""V215"", ""V342"", ""V255"", ""V191"", ""V176"", ""V160""]","{""n_estimators"": 182, ""learning_rate"": 0.16523721729398075, ""max_depth"": 6, ""subsample"": 0.8423052337425487, ""colsample_bytree"": 0.7942810329093077, ""min_child_weight"": 9, ""reg_alpha"": 0.6779604685800207, ""reg_lambda"": 1.651678805127925}"
367,2026-06-05T14:55:11.558856+00:00,xgb,ranking_lgbm,367,4915,7,999,0.8161013722419739,754,245,0.49786967039108276,"[""V380"", ""V215"", ""V342"", ""V255"", ""V191"", ""V176"", ""V160""]","{""n_estimators"": 158, ""learning_rate"": 0.15872831186700215, ""max_depth"": 9, ""subsample"": 0.9380390910926568, ""colsample_bytree"": 0.9532211731035967, ""min_child_weight"": 4, ""reg_alpha"": 0.2821407658278343, ""reg_lambda"": 1.5559245668746147}"
368,2026-06-05T14:55:29.469878+00:00,xgb,ranking_lgbm,368,5120,7,1000,0.700505793094635,768,232,0.49793529510498047,"[""V380"", ""V215"", ""V342"", ""V255"", ""V191"", ""V176"", ""V160""]","{""n_estimators"": 339, ""learning_rate"": 0.04935587218967262, ""max_depth"": 3, ""subsample"": 0.7683891941215251, ""colsample_bytree"": 0.6434469225413697, ""min_child_weight"": 4, ""reg_alpha"": 0.20179975141797413, ""reg_lambda"": 2.320488661973549}"
369,2026-06-05T14:55:48.317977+00:00,xgb,ranking_lgbm,369,5225,7,1000,0.6787356734275818,775,225,0.49654144048690796,"[""V380"", ""V215"", ""V342"", ""V255"", ""V191"", ""V176"", ""V160""]","{""n_estimators"": 201, ""learning_rate"": 0.030011402707162536, ""max_depth"": 5, ""subsample"": 0.7835723940226413, ""colsample_bytree"": 0.9681283913003224, ""min_child_weight"": 2, ""reg_alpha"": 0.6938933441971448, ""reg_lambda"": 0.6703459439772721}"
370,2026-06-05T14:56:21.079811+00:00,xgb,ranking_lgbm,370,5080,7,999,0.7542874217033386,765,234,0.49906259775161743,"[""V380"", ""V215"", ""V342"", ""V255"", ""V191"", ""V176"", ""V160""]","{""n_estimators"": 370, ""learning_rate"": 0.08151734476708297, ""max_depth"": 5, ""subsample"": 0.726343313026903, ""colsample_bytree"": 0.6163664899425607, ""min_child_weight"": 7, ""reg_alpha"": 0.21570930151457224, ""reg_lambda"": 2.3784831393420918}"
371,2026-06-05T14:56:39.055742+00:00,xgb,ranking_lgbm,371,5105,7,1000,0.736793577671051,767,233,0.49842333793640137,"[""V380"", ""V215"", ""V342"", ""V255"", ""V191"", ""V176"", ""V160""]","{""n_estimators"": 332, ""learning_rate"": 0.14501101512581716, ""max_depth"": 3, ""subsample"": 0.9337582293060112, ""colsample_bytree"": 0.6660198717407084, ""min_child_weight"": 7, ""reg_alpha"": 0.3241507921976695, ""reg_lambda"": 1.3971959830564553}"
372,2026-06-05T14:57:02.547235+00:00,xgb,ranking_lgbm,372,4870,7,999,0.7536845803260803,751,248,0.4994087815284729,"[""V380"", ""V215"", ""V342"", ""V255"", ""V191"", ""V176"", ""V160""]","{""n_estimators"": 181, ""learning_rate"": 0.11590435067434614, ""max_depth"": 7, ""subsample"": 0.792325991438326, ""colsample_bytree"": 0.518134222753913, ""min_child_weight"": 2, ""reg_alpha"": 0.9910594855160908, ""reg_lambda"": 2.2699391706681133}"
373,2026-06-05T14:57:55.860039+00:00,xgb,ranking_lgbm,373,4820,7,1000,0.8027001023292542,748,252,0.49757450819015503,"[""V380"", ""V215"", ""V342"", ""V255"", ""V191"", ""V176"", ""V160""]","{""n_estimators"": 355, ""learning_rate"": 0.07911073537331786, ""max_depth"": 8, ""subsample"": 0.7055798960631745, ""colsample_bytree"": 0.8572106324863928, ""min_child_weight"": 2, ""reg_alpha"": 0.5912627021765406, ""reg_lambda"": 2.4452661873374066}"
374,2026-06-05T14:58:27.080082+00:00,xgb,ranking_lgbm,374,4855,9,1000,0.7966970205307007,777,223,0.502544641494751,"[""V380"", ""V215"", ""V342"", ""V255"", ""V191"", ""V176"", ""V160"", ""V117"", ""V390""]","{""n_estimators"": 370, ""learning_rate"": 0.10677850862956277, ""max_depth"": 5, ""subsample"": 0.8786624403499138, ""colsample_bytree"": 0.5717574881647812, ""min_child_weight"": 5, ""reg_alpha"": 0.2592908498640971, ""reg_lambda"": 0.5425773175870237}"
375,2026-06-05T14:59:02.912818+00:00,xgb,ranking_lgbm,375,4765,7,993,0.7669695019721985,742,251,0.4999590218067169,"[""V380"", ""V215"", ""V342"", ""V255"", ""V191"", ""V176"", ""V160""]","{""n_estimators"": 259, ""learning_rate"": 0.06892040900137308, ""max_depth"": 7, ""subsample"": 0.5794948403672711, ""colsample_bytree"": 0.8699279787375026, ""min_child_weight"": 1, ""reg_alpha"": 0.7721431657762545, ""reg_lambda"": 2.221894296110462}"
376,2026-06-05T14:59:38.879552+00:00,xgb,ranking_lgbm,376,5215,7,999,0.722350001335144,774,225,0.4972335994243622,"[""V380"", ""V215"", ""V342"", ""V255"", ""V191"", ""V176"", ""V160""]","{""n_estimators"": 352, ""learning_rate"": 0.03805517874984324, ""max_depth"": 6, ""subsample"": 0.5176838197246283, ""colsample_bytree"": 0.6076515150391649, ""min_child_weight"": 6, ""reg_alpha"": 0.2441186703255298, ""reg_lambda"": 1.5264833124500508}"
377,2026-06-05T14:59:54.361801+00:00,xgb,ranking_lgbm,377,5115,6,999,0.6961969137191772,754,245,0.4980025887489319,"[""V380"", ""V215"", ""V342"", ""V255"", ""V191"", ""V176""]","{""n_estimators"": 224, ""learning_rate"": 0.07748001671969318, ""max_depth"": 4, ""subsample"": 0.9731434059794462, ""colsample_bytree"": 0.5376707918773884, ""min_child_weight"": 7, ""reg_alpha"": 0.8068394908569135, ""reg_lambda"": 1.2692006343857942}"
378,2026-06-05T15:00:04.618913+00:00,xgb,ranking_lgbm,378,5195,7,1000,0.7031582593917847,773,227,0.496674120426178,"[""V380"", ""V215"", ""V342"", ""V255"", ""V191"", ""V176"", ""V160""]","{""n_estimators"": 115, ""learning_rate"": 0.07454771599279605, ""max_depth"": 5, ""subsample"": 0.7609364030621646, ""colsample_bytree"": 0.9105502581238889, ""min_child_weight"": 9, ""reg_alpha"": 0.12035503781149015, ""reg_lambda"": 1.8992501719515704}"
379,2026-06-05T15:00:24.523320+00:00,xgb,ranking_lgbm,379,4985,7,1000,0.7294037938117981,759,241,0.49709755182266235,"[""V380"", ""V215"", ""V342"", ""V255"", ""V191"", ""V176"", ""V160""]","{""n_estimators"": 344, ""learning_rate"": 0.10287032386406186, ""max_depth"": 3, ""subsample"": 0.5250672766580953, ""colsample_bytree"": 0.9082096488486721, ""min_child_weight"": 7, ""reg_alpha"": 0.768916383682357, ""reg_lambda"": 0.8466251793466284}"
380,2026-06-05T15:00:54.636745+00:00,xgb,ranking_lgbm,380,5045,7,1000,0.7434618473052979,763,237,0.4974355399608612,"[""V380"", ""V215"", ""V342"", ""V255"", ""V191"", ""V176"", ""V160""]","{""n_estimators"": 340, ""learning_rate"": 0.07471929873768608, ""max_depth"": 5, ""subsample"": 0.8025593879244834, ""colsample_bytree"": 0.7905029420064373, ""min_child_weight"": 9, ""reg_alpha"": 0.698420640075531, ""reg_lambda"": 0.5108295582987863}"
381,2026-06-05T15:01:12.278563+00:00,xgb,ranking_lgbm,381,5005,7,999,0.7636312246322632,760,239,0.5029800534248352,"[""V380"", ""V215"", ""V342"", ""V255"", ""V191"", ""V176"", ""V160""]","{""n_estimators"": 158, ""learning_rate"": 0.14922480837517288, ""max_depth"": 6, ""subsample"": 0.920575986434381, ""colsample_bytree"": 0.6847343891088518, ""min_child_weight"": 3, ""reg_alpha"": 0.6845762638984801, ""reg_lambda"": 1.2662886773701036}"
382,2026-06-05T15:01:31.101547+00:00,xgb,ranking_lgbm,382,5060,7,1000,0.7442159056663513,764,236,0.49778124690055847,"[""V380"", ""V215"", ""V342"", ""V255"", ""V191"", ""V176"", ""V160""]","{""n_estimators"": 173, ""learning_rate"": 0.09324862812614934, ""max_depth"": 6, ""subsample"": 0.6320007750846004, ""colsample_bytree"": 0.7668152723491337, ""min_child_weight"": 7, ""reg_alpha"": 0.14907796221845926, ""reg_lambda"": 1.17262871095532}"
383,2026-06-05T15:01:56.072907+00:00,xgb,ranking_lgbm,383,5090,7,1000,0.7301492094993591,766,234,0.49902647733688354,"[""V380"", ""V215"", ""V342"", ""V255"", ""V191"", ""V176"", ""V160""]","{""n_estimators"": 169, ""learning_rate"": 0.05615948308581871, ""max_depth"": 8, ""subsample"": 0.9847638028637595, ""colsample_bytree"": 0.8907366343721306, ""min_child_weight"": 7, ""reg_alpha"": 0.5266584927405785, ""reg_lambda"": 1.4322344920382553}"
384,2026-06-05T15:02:08.222725+00:00,xgb,ranking_lgbm,384,5180,7,1000,0.6845284104347229,772,228,0.49550601840019226,"[""V380"", ""V215"", ""V342"", ""V255"", ""V191"", ""V176"", ""V160""]","{""n_estimators"": 129, ""learning_rate"": 0.05456469199913819, ""max_depth"": 5, ""subsample"": 0.6675076209237434, ""colsample_bytree"": 0.7984537571229016, ""min_child_weight"": 3, ""reg_alpha"": 0.1825759873912185, ""reg_lambda"": 2.4809633413082013}"
385,2026-06-05T15:02:52.653095+00:00,xgb,ranking_lgbm,385,5045,7,1000,0.7655265927314758,763,237,0.50223708152771,"[""V380"", ""V215"", ""V342"", ""V255"", ""V191"", ""V176"", ""V160""]","{""n_estimators"": 330, ""learning_rate"": 0.04821832614179053, ""max_depth"": 7, ""subsample"": 0.8613656924743454, ""colsample_bytree"": 0.8839339858286192, ""min_child_weight"": 2, ""reg_alpha"": 0.29418787476391584, ""reg_lambda"": 1.3824246255059665}"
386,2026-06-05T15:03:20.367524+00:00,xgb,ranking_lgbm,386,5000,7,1000,0.71066814661026,760,240,0.49805086851119995,"[""V380"", ""V215"", ""V342"", ""V255"", ""V191"", ""V176"", ""V160""]","{""n_estimators"": 162, ""learning_rate"": 0.057625884708806946, ""max_depth"": 9, ""subsample"": 0.609050528134408, ""colsample_bytree"": 0.5293531890000025, ""min_child_weight"": 4, ""reg_alpha"": 0.6578524038640593, ""reg_lambda"": 0.9120639996150877}"
387,2026-06-05T15:03:42.596027+00:00,xgb,ranking_lgbm,387,4995,7,995,0.7774727940559387,758,237,0.5011020302772522,"[""V380"", ""V215"", ""V342"", ""V255"", ""V191"", ""V176"", ""V160""]","{""n_estimators"": 317, ""learning_rate"": 0.17623340678307636, ""max_depth"": 4, ""subsample"": 0.9155966187777753, ""colsample_bytree"": 0.5503112959204566, ""min_child_weight"": 1, ""reg_alpha"": 0.13820658597883106, ""reg_lambda"": 2.440445771928757}"
388,2026-06-05T15:04:32.203182+00:00,xgb,ranking_lgbm,388,5025,7,989,0.7871736884117126,758,231,0.5017378926277161,"[""V380"", ""V215"", ""V342"", ""V255"", ""V191"", ""V176"", ""V160""]","{""n_estimators"": 364, ""learning_rate"": 0.06119043930634085, ""max_depth"": 7, ""subsample"": 0.8029723373338941, ""colsample_bytree"": 0.9389832445913523, ""min_child_weight"": 3, ""reg_alpha"": 0.989780023686093, ""reg_lambda"": 0.5713546507042622}"
389,2026-06-05T15:04:48.233390+00:00,xgb,ranking_lgbm,389,5135,7,1000,0.7308006882667542,769,231,0.49767938256263733,"[""V380"", ""V215"", ""V342"", ""V255"", ""V191"", ""V176"", ""V160""]","{""n_estimators"": 274, ""learning_rate"": 0.10561938633761024, ""max_depth"": 3, ""subsample"": 0.7152492971899729, ""colsample_bytree"": 0.9382163573048077, ""min_child_weight"": 1, ""reg_alpha"": 0.47913251206671326, ""reg_lambda"": 0.6926528225123691}"
390,2026-06-05T15:05:02.975124+00:00,xgb,ranking_lgbm,390,4970,7,1000,0.7485114336013794,758,242,0.4992932677268982,"[""V380"", ""V215"", ""V342"", ""V255"", ""V191"", ""V176"", ""V160""]","{""n_estimators"": 202, ""learning_rate"": 0.14799029738117997, ""max_depth"": 4, ""subsample"": 0.6383395098341609, ""colsample_bytree"": 0.8020494560518665, ""min_child_weight"": 6, ""reg_alpha"": 0.7960233965332763, ""reg_lambda"": 0.7940000785989603}"
391,2026-06-05T15:06:00.097838+00:00,xgb,ranking_lgbm,391,4685,7,1000,0.8309391140937805,739,261,0.4993876814842224,"[""V380"", ""V215"", ""V342"", ""V255"", ""V191"", ""V176"", ""V160""]","{""n_estimators"": 397, ""learning_rate"": 0.12577870282920206, ""max_depth"": 8, ""subsample"": 0.9862742430173785, ""colsample_bytree"": 0.7241359282576828, ""min_child_weight"": 4, ""reg_alpha"": 0.5720043992986669, ""reg_lambda"": 2.446865682967747}"
392,2026-06-05T15:06:34.822415+00:00,xgb,ranking_lgbm,392,5255,7,1000,0.7386952638626099,777,223,0.4989998936653137,"[""V380"", ""V215"", ""V342"", ""V255"", ""V191"", ""V176"", ""V160""]","{""n_estimators"": 336, ""learning_rate"": 0.04872414709778353, ""max_depth"": 6, ""subsample"": 0.5771572428979699, ""colsample_bytree"": 0.6702759805175191, ""min_child_weight"": 6, ""reg_alpha"": 0.12192393883732078, ""reg_lambda"": 0.775704043228512}"
393,2026-06-05T15:06:56.536928+00:00,xgb,ranking_lgbm,393,5075,7,1000,0.7325243949890137,765,235,0.4956427812576294,"[""V380"", ""V215"", ""V342"", ""V255"", ""V191"", ""V176"", ""V160""]","{""n_estimators"": 128, ""learning_rate"": 0.06436615495900816, ""max_depth"": 9, ""subsample"": 0.5315513496366614, ""colsample_bytree"": 0.9945144847436431, ""min_child_weight"": 5, ""reg_alpha"": 0.37892064932757374, ""reg_lambda"": 0.9900570176269772}"
394,2026-06-05T15:07:31.220158+00:00,xgb,ranking_lgbm,394,5210,7,1000,0.7336680889129639,774,226,0.49831098318099976,"[""V380"", ""V215"", ""V342"", ""V255"", ""V191"", ""V176"", ""V160""]","{""n_estimators"": 283, ""learning_rate"": 0.05119400330129817, ""max_depth"": 7, ""subsample"": 0.8977412119401251, ""colsample_bytree"": 0.8386694930214966, ""min_child_weight"": 9, ""reg_alpha"": 0.5511190604873063, ""reg_lambda"": 2.104427690548191}"
395,2026-06-05T15:07:55.667818+00:00,xgb,ranking_lgbm,395,4950,8,1000,0.7460262775421143,770,230,0.4980809688568115,"[""V380"", ""V215"", ""V342"", ""V255"", ""V191"", ""V176"", ""V160"", ""V117""]","{""n_estimators"": 343, ""learning_rate"": 0.08425464495773416, ""max_depth"": 4, ""subsample"": 0.5401799905533415, ""colsample_bytree"": 0.8296253715685742, ""min_child_weight"": 7, ""reg_alpha"": 0.5919699939103381, ""reg_lambda"": 0.5515406716157998}"
396,2026-06-05T15:08:25.966900+00:00,xgb,ranking_lgbm,396,5030,7,997,0.7224584221839905,761,236,0.497805118560791,"[""V380"", ""V215"", ""V342"", ""V255"", ""V191"", ""V176"", ""V160""]","{""n_estimators"": 246, ""learning_rate"": 0.04645269153885223, ""max_depth"": 7, ""subsample"": 0.9763633870760213, ""colsample_bytree"": 0.7869129925089701, ""min_child_weight"": 9, ""reg_alpha"": 0.6306195055746945, ""reg_lambda"": 1.9387973757622263}"
397,2026-06-05T15:09:05.202389+00:00,xgb,ranking_lgbm,397,5150,7,1000,0.7463101744651794,770,230,0.5024507641792297,"[""V380"", ""V215"", ""V342"", ""V255"", ""V191"", ""V176"", ""V160""]","{""n_estimators"": 244, ""learning_rate"": 0.05212365275324279, ""max_depth"": 8, ""subsample"": 0.9111949450623832, ""colsample_bytree"": 0.6453036898293629, ""min_child_weight"": 1, ""reg_alpha"": 0.9589511272488508, ""reg_lambda"": 1.375918935797236}"
398,2026-06-05T15:09:16.591430+00:00,xgb,ranking_lgbm,398,5080,7,999,0.7228952646255493,765,234,0.4992714822292328,"[""V380"", ""V215"", ""V342"", ""V255"", ""V191"", ""V176"", ""V160""]","{""n_estimators"": 123, ""learning_rate"": 0.09167719974247597, ""max_depth"": 5, ""subsample"": 0.6415800049376086, ""colsample_bytree"": 0.8376789477484956, ""min_child_weight"": 1, ""reg_alpha"": 0.003378134015939782, ""reg_lambda"": 1.601512195332049}"
399,2026-06-05T15:09:33.668257+00:00,xgb,ranking_lgbm,399,5015,7,1000,0.737445056438446,761,239,0.4990962743759155,"[""V380"", ""V215"", ""V342"", ""V255"", ""V191"", ""V176"", ""V160""]","{""n_estimators"": 226, ""learning_rate"": 0.1022057998626692, ""max_depth"": 4, ""subsample"": 0.7126659186801697, ""colsample_bytree"": 0.6629468593103418, ""min_child_weight"": 3, ""reg_alpha"": 0.4014761629641195, ""reg_lambda"": 0.6272771545546896}"
400,2026-06-05T15:09:58.643928+00:00,xgb,ranking_lgbm,400,5105,7,1000,0.6728657484054565,767,233,0.4959030747413635,"[""V380"", ""V215"", ""V342"", ""V255"", ""V191"", ""V176"", ""V160""]","{""n_estimators"": 178, ""learning_rate"": 0.03611090660895322, ""max_depth"": 8, ""subsample"": 0.5369804718611444, ""colsample_bytree"": 0.5539828796789461, ""min_child_weight"": 6, ""reg_alpha"": 0.33128826960000446, ""reg_lambda"": 2.3121908008196472}"
401,2026-06-05T15:10:35.931980+00:00,xgb,ranking_lgbm,401,4625,7,1000,0.7782812714576721,735,265,0.4952767491340637,"[""V380"", ""V215"", ""V342"", ""V255"", ""V191"", ""V176"", ""V160""]","{""n_estimators"": 240, ""learning_rate"": 0.1404699961361221, ""max_depth"": 9, ""subsample"": 0.5741079145722346, ""colsample_bytree"": 0.5060241938991342, ""min_child_weight"": 7, ""reg_alpha"": 0.9317377835865029, ""reg_lambda"": 1.7359591850036442}"
402,2026-06-05T15:11:29.746959+00:00,xgb,ranking_lgbm,402,4570,7,996,0.8509581089019775,730,266,0.4969036281108856,"[""V380"", ""V215"", ""V342"", ""V255"", ""V191"", ""V176"", ""V160""]","{""n_estimators"": 299, ""learning_rate"": 0.14139091052329128, ""max_depth"": 9, ""subsample"": 0.5468606895054482, ""colsample_bytree"": 0.8621848362346867, ""min_child_weight"": 1, ""reg_alpha"": 0.8711373879797916, ""reg_lambda"": 1.6468540645773482}"
403,2026-06-05T15:11:45.378116+00:00,xgb,ranking_lgbm,403,4970,7,1000,0.7324444055557251,758,242,0.49747684597969055,"[""V380"", ""V215"", ""V342"", ""V255"", ""V191"", ""V176"", ""V160""]","{""n_estimators"": 106, ""learning_rate"": 0.10150512910931571, ""max_depth"": 9, ""subsample"": 0.6777326796264752, ""colsample_bytree"": 0.9146030377411338, ""min_child_weight"": 9, ""reg_alpha"": 0.9118447117553647, ""reg_lambda"": 2.4134493088516376}"
404,2026-06-05T15:12:00.745371+00:00,xgb,ranking_lgbm,404,5090,7,1000,0.7290400862693787,766,234,0.4977971613407135,"[""V380"", ""V215"", ""V342"", ""V255"", ""V191"", ""V176"", ""V160""]","{""n_estimators"": 278, ""learning_rate"": 0.1289467124434095, ""max_depth"": 3, ""subsample"": 0.7974249367634725, ""colsample_bytree"": 0.6838213389285013, ""min_child_weight"": 2, ""reg_alpha"": 0.36989811475008394, ""reg_lambda"": 1.8545353668487274}"
405,2026-06-05T15:12:55.608846+00:00,xgb,ranking_lgbm,405,4850,7,1000,0.817872941493988,750,250,0.4995676875114441,"[""V380"", ""V215"", ""V342"", ""V255"", ""V191"", ""V176"", ""V160""]","{""n_estimators"": 331, ""learning_rate"": 0.09342336164866906, ""max_depth"": 9, ""subsample"": 0.9465528692604489, ""colsample_bytree"": 0.6390176527717817, ""min_child_weight"": 2, ""reg_alpha"": 0.8037915447197211, ""reg_lambda"": 1.0157488356852835}"
406,2026-06-05T15:13:27.451893+00:00,xgb,ranking_lgbm,406,5030,7,1000,0.7428233027458191,762,238,0.4971310496330261,"[""V380"", ""V215"", ""V342"", ""V255"", ""V191"", ""V176"", ""V160""]","{""n_estimators"": 209, ""learning_rate"": 0.0717410880724835, ""max_depth"": 9, ""subsample"": 0.5666334154941907, ""colsample_bytree"": 0.6845518205985994, ""min_child_weight"": 7, ""reg_alpha"": 0.08397831280364065, ""reg_lambda"": 1.9978377596012078}"
407,2026-06-05T15:14:11.714072+00:00,xgb,ranking_lgbm,407,4775,7,1000,0.8252906203269958,745,255,0.4997915029525757,"[""V380"", ""V215"", ""V342"", ""V255"", ""V191"", ""V176"", ""V160""]","{""n_estimators"": 343, ""learning_rate"": 0.10034785770939035, ""max_depth"": 7, ""subsample"": 0.6959572359005316, ""colsample_bytree"": 0.9060063656198288, ""min_child_weight"": 2, ""reg_alpha"": 0.4761851789152607, ""reg_lambda"": 1.8713017650155368}"
408,2026-06-05T15:15:00.331443+00:00,xgb,ranking_lgbm,408,4910,7,1000,0.8210142254829407,754,246,0.5003501176834106,"[""V380"", ""V215"", ""V342"", ""V255"", ""V191"", ""V176"", ""V160""]","{""n_estimators"": 321, ""learning_rate"": 0.10556828994471266, ""max_depth"": 8, ""subsample"": 0.6798069125326325, ""colsample_bytree"": 0.9450273470785044, ""min_child_weight"": 5, ""reg_alpha"": 0.2907532217784423, ""reg_lambda"": 1.4399896446231433}"
409,2026-06-05T15:15:20.867189+00:00,xgb,ranking_lgbm,409,4895,7,1000,0.7629600167274475,753,247,0.4990144670009613,"[""V380"", ""V215"", ""V342"", ""V255"", ""V191"", ""V176"", ""V160""]","{""n_estimators"": 134, ""learning_rate"": 0.15481474068403184, ""max_depth"": 7, ""subsample"": 0.897013833697581, ""colsample_bytree"": 0.7859683349937373, ""min_child_weight"": 5, ""reg_alpha"": 0.8434824415166363, ""reg_lambda"": 1.9983761740860542}"
410,2026-06-05T15:15:57.820840+00:00,xgb,ranking_lgbm,410,4985,7,1000,0.7587660551071167,759,241,0.5002776980400085,"[""V380"", ""V215"", ""V342"", ""V255"", ""V191"", ""V176"", ""V160""]","{""n_estimators"": 359, ""learning_rate"": 0.06983281221206691, ""max_depth"": 7, ""subsample"": 0.9223042627593074, ""colsample_bytree"": 0.5943597310434854, ""min_child_weight"": 9, ""reg_alpha"": 0.7999526498505651, ""reg_lambda"": 1.7706813584637997}"
411,2026-06-05T15:16:37.356556+00:00,xgb,ranking_lgbm,411,4900,7,999,0.8047957420349121,753,246,0.49995243549346924,"[""V380"", ""V215"", ""V342"", ""V255"", ""V191"", ""V176"", ""V160""]","{""n_estimators"": 274, ""learning_rate"": 0.1136159456266044, ""max_depth"": 8, ""subsample"": 0.980390838742654, ""colsample_bytree"": 0.9080557106209156, ""min_child_weight"": 9, ""reg_alpha"": 0.038869246041091765, ""reg_lambda"": 0.5272659831452702}"
412,2026-06-05T15:16:55.162581+00:00,xgb,ranking_lgbm,412,4895,7,1000,0.7488359212875366,753,247,0.5008041858673096,"[""V380"", ""V215"", ""V342"", ""V255"", ""V191"", ""V176"", ""V160""]","{""n_estimators"": 208, ""learning_rate"": 0.12282963075262754, ""max_depth"": 5, ""subsample"": 0.8610747242524897, ""colsample_bytree"": 0.5054184268579263, ""min_child_weight"": 1, ""reg_alpha"": 0.7197087124650342, ""reg_lambda"": 1.3077753037779372}"
413,2026-06-05T15:17:12.409638+00:00,xgb,ranking_lgbm,413,5140,4,999,0.6361583471298218,729,270,0.49694687128067017,"[""V380"", ""V215"", ""V342"", ""V255""]","{""n_estimators"": 262, ""learning_rate"": 0.03493573751169332, ""max_depth"": 4, ""subsample"": 0.9869604564284771, ""colsample_bytree"": 0.8622692282733136, ""min_child_weight"": 8, ""reg_alpha"": 0.2931404129866795, ""reg_lambda"": 2.3474081694809277}"
414,2026-06-05T15:17:21.475699+00:00,xgb,ranking_lgbm,414,5190,5,994,0.6225844621658325,744,250,0.49574077129364014,"[""V380"", ""V215"", ""V342"", ""V255"", ""V191""]","{""n_estimators"": 171, ""learning_rate"": 0.0315955124628267, ""max_depth"": 3, ""subsample"": 0.5389732893957969, ""colsample_bytree"": 0.7929497854861065, ""min_child_weight"": 7, ""reg_alpha"": 0.38862060574655777, ""reg_lambda"": 1.6791838206123708}"
415,2026-06-05T15:18:10.130169+00:00,xgb,ranking_lgbm,415,4850,7,1000,0.7818917632102966,750,250,0.49852216243743896,"[""V380"", ""V215"", ""V342"", ""V255"", ""V191"", ""V176"", ""V160""]","{""n_estimators"": 328, ""learning_rate"": 0.07484326085779225, ""max_depth"": 9, ""subsample"": 0.9549288867773962, ""colsample_bytree"": 0.8634011183224809, ""min_child_weight"": 9, ""reg_alpha"": 0.19187465613070986, ""reg_lambda"": 2.226624833501906}"
416,2026-06-05T15:18:20.286371+00:00,xgb,ranking_lgbm,416,5035,8,995,0.7183941006660461,774,221,0.4957314431667328,"[""V380"", ""V215"", ""V342"", ""V255"", ""V191"", ""V176"", ""V160"", ""V117""]","{""n_estimators"": 198, ""learning_rate"": 0.10591028264361675, ""max_depth"": 3, ""subsample"": 0.5855207200978239, ""colsample_bytree"": 0.5642548945757562, ""min_child_weight"": 4, ""reg_alpha"": 0.7919841919126526, ""reg_lambda"": 1.4786566448390865}"
417,2026-06-05T15:18:43.220239+00:00,xgb,ranking_lgbm,417,5275,7,999,0.7373619675636292,778,221,0.4991286098957062,"[""V380"", ""V215"", ""V342"", ""V255"", ""V191"", ""V176"", ""V160""]","{""n_estimators"": 362, ""learning_rate"": 0.06720575442436272, ""max_depth"": 4, ""subsample"": 0.6354646838481088, ""colsample_bytree"": 0.8129268132903456, ""min_child_weight"": 3, ""reg_alpha"": 0.3137342182552071, ""reg_lambda"": 2.255438318661291}"
418,2026-06-05T15:18:57.167185+00:00,xgb,ranking_lgbm,418,4835,7,1000,0.7437677979469299,749,251,0.4943241775035858,"[""V380"", ""V215"", ""V342"", ""V255"", ""V191"", ""V176"", ""V160""]","{""n_estimators"": 215, ""learning_rate"": 0.1554265788791865, ""max_depth"": 4, ""subsample"": 0.5486945179200606, ""colsample_bytree"": 0.7667527392447082, ""min_child_weight"": 9, ""reg_alpha"": 0.42507457578660723, ""reg_lambda"": 1.1769985258488844}"
419,2026-06-05T15:19:07.365962+00:00,xgb,ranking_lgbm,419,5180,4,1000,0.6099011898040771,732,268,0.49648934602737427,"[""V380"", ""V215"", ""V342"", ""V255""]","{""n_estimators"": 193, ""learning_rate"": 0.03538631911982854, ""max_depth"": 3, ""subsample"": 0.9713102092947141, ""colsample_bytree"": 0.9950300292994866, ""min_child_weight"": 9, ""reg_alpha"": 0.9791570674617804, ""reg_lambda"": 2.3405601989321116}"
420,2026-06-05T15:19:36.929095+00:00,xgb,ranking_lgbm,420,5125,7,999,0.7429094314575195,768,231,0.4995853900909424,"[""V380"", ""V215"", ""V342"", ""V255"", ""V191"", ""V176"", ""V160""]","{""n_estimators"": 182, ""learning_rate"": 0.07510519112108661, ""max_depth"": 7, ""subsample"": 0.7858123379124251, ""colsample_bytree"": 0.5895937285290822, ""min_child_weight"": 4, ""reg_alpha"": 0.8779890837200499, ""reg_lambda"": 0.8514678615027005}"
421,2026-06-05T15:19:59.273215+00:00,xgb,ranking_lgbm,421,4940,7,1000,0.7372172474861145,756,244,0.4974918067455292,"[""V380"", ""V215"", ""V342"", ""V255"", ""V191"", ""V176"", ""V160""]","{""n_estimators"": 172, ""learning_rate"": 0.09795460152688383, ""max_depth"": 6, ""subsample"": 0.5544640910184181, ""colsample_bytree"": 0.9340832396426892, ""min_child_weight"": 9, ""reg_alpha"": 0.9195450794139408, ""reg_lambda"": 0.6083152900269269}"
422,2026-06-05T15:20:14.546518+00:00,xgb,ranking_lgbm,422,5045,7,1000,0.7601609826087952,763,237,0.49739325046539307,"[""V380"", ""V215"", ""V342"", ""V255"", ""V191"", ""V176"", ""V160""]","{""n_estimators"": 153, ""learning_rate"": 0.1504966301127031, ""max_depth"": 6, ""subsample"": 0.6272643766868016, ""colsample_bytree"": 0.5900348134432816, ""min_child_weight"": 7, ""reg_alpha"": 0.11106872140751178, ""reg_lambda"": 1.16590759062785}"
423,2026-06-05T15:20:28.833125+00:00,xgb,ranking_lgbm,423,5210,7,1000,0.7123038172721863,774,226,0.4982982277870178,"[""V380"", ""V215"", ""V342"", ""V255"", ""V191"", ""V176"", ""V160""]","{""n_estimators"": 302, ""learning_rate"": 0.08119409341664754, ""max_depth"": 3, ""subsample"": 0.7560641308575999, ""colsample_bytree"": 0.665491372215851, ""min_child_weight"": 8, ""reg_alpha"": 0.5603709696706648, ""reg_lambda"": 2.255070135923848}"
424,2026-06-05T15:20:55.524645+00:00,xgb,ranking_lgbm,424,5080,7,996,0.7923604846000671,764,232,0.5002468824386597,"[""V380"", ""V215"", ""V342"", ""V255"", ""V191"", ""V176"", ""V160""]","{""n_estimators"": 338, ""learning_rate"": 0.1489209955056915, ""max_depth"": 5, ""subsample"": 0.9644939858874917, ""colsample_bytree"": 0.7632373102186856, ""min_child_weight"": 7, ""reg_alpha"": 0.4949272420520048, ""reg_lambda"": 0.7283096705443104}"
425,2026-06-05T15:21:05.444932+00:00,xgb,ranking_lgbm,425,5150,7,997,0.7144344449043274,769,228,0.4967631697654724,"[""V380"", ""V215"", ""V342"", ""V255"", ""V191"", ""V176"", ""V160""]","{""n_estimators"": 116, ""learning_rate"": 0.0997766016542654, ""max_depth"": 5, ""subsample"": 0.8429287840342237, ""colsample_bytree"": 0.8804907416611261, ""min_child_weight"": 4, ""reg_alpha"": 0.6463100428946602, ""reg_lambda"": 2.4917238334839524}"
426,2026-06-05T15:21:37.952538+00:00,xgb,ranking_lgbm,426,5030,7,1000,0.7526733875274658,762,238,0.49898725748062134,"[""V380"", ""V215"", ""V342"", ""V255"", ""V191"", ""V176"", ""V160""]","{""n_estimators"": 241, ""learning_rate"": 0.07040762518220495, ""max_depth"": 7, ""subsample"": 0.5590665727037787, ""colsample_bytree"": 0.8307673692427304, ""min_child_weight"": 5, ""reg_alpha"": 0.41884959849120307, ""reg_lambda"": 1.9712291145705902}"
427,2026-06-05T15:22:04.250782+00:00,xgb,ranking_lgbm,427,4710,8,1000,0.8101189136505127,754,246,0.5023297667503357,"[""V380"", ""V215"", ""V342"", ""V255"", ""V191"", ""V176"", ""V160"", ""V117""]","{""n_estimators"": 270, ""learning_rate"": 0.1305492762626984, ""max_depth"": 6, ""subsample"": 0.779231931602846, ""colsample_bytree"": 0.7160199512943287, ""min_child_weight"": 4, ""reg_alpha"": 0.4153995088196437, ""reg_lambda"": 1.123781878156892}"
428,2026-06-05T15:22:23.999723+00:00,xgb,ranking_lgbm,428,5075,7,1000,0.7472097277641296,765,235,0.49948856234550476,"[""V380"", ""V215"", ""V342"", ""V255"", ""V191"", ""V176"", ""V160""]","{""n_estimators"": 390, ""learning_rate"": 0.126590077706626, ""max_depth"": 3, ""subsample"": 0.574282515034723, ""colsample_bytree"": 0.5728931801484125, ""min_child_weight"": 5, ""reg_alpha"": 0.5743758402226247, ""reg_lambda"": 0.7075455418557255}"
429,2026-06-05T15:23:09.013719+00:00,xgb,ranking_lgbm,429,4865,7,1000,0.779511034488678,751,249,0.4974684715270996,"[""V380"", ""V215"", ""V342"", ""V255"", ""V191"", ""V176"", ""V160""]","{""n_estimators"": 386, ""learning_rate"": 0.09931606317139674, ""max_depth"": 7, ""subsample"": 0.7226099608621016, ""colsample_bytree"": 0.5642739377250838, ""min_child_weight"": 9, ""reg_alpha"": 0.8038360748151027, ""reg_lambda"": 1.321692868502884}"
430,2026-06-05T15:23:38.972276+00:00,xgb,ranking_lgbm,430,5325,7,992,0.7321974635124207,779,213,0.49817246198654175,"[""V380"", ""V215"", ""V342"", ""V255"", ""V191"", ""V176"", ""V160""]","{""n_estimators"": 354, ""learning_rate"": 0.05108031631693938, ""max_depth"": 5, ""subsample"": 0.5608110414315475, ""colsample_bytree"": 0.6642991489639312, ""min_child_weight"": 3, ""reg_alpha"": 0.8624042386000373, ""reg_lambda"": 1.4465874577381062}"
431,2026-06-05T15:24:12.081824+00:00,xgb,ranking_lgbm,431,5245,7,999,0.7609867453575134,776,223,0.5030646324157715,"[""V380"", ""V215"", ""V342"", ""V255"", ""V191"", ""V176"", ""V160""]","{""n_estimators"": 313, ""learning_rate"": 0.059756891380838964, ""max_depth"": 6, ""subsample"": 0.9652312391438622, ""colsample_bytree"": 0.9325568698360727, ""min_child_weight"": 2, ""reg_alpha"": 0.1739891800407911, ""reg_lambda"": 1.1310539569925242}"
432,2026-06-05T15:24:38.577754+00:00,xgb,ranking_lgbm,432,4780,7,993,0.7687199711799622,743,250,0.4992598593235016,"[""V380"", ""V215"", ""V342"", ""V255"", ""V191"", ""V176"", ""V160""]","{""n_estimators"": 345, ""learning_rate"": 0.12044020490313527, ""max_depth"": 5, ""subsample"": 0.9906652450357836, ""colsample_bytree"": 0.9992912098223564, ""min_child_weight"": 8, ""reg_alpha"": 0.1865928399564155, ""reg_lambda"": 2.4433400874699496}"
433,2026-06-05T15:25:14.172927+00:00,xgb,ranking_lgbm,433,4865,7,1000,0.7948507070541382,751,249,0.49774169921875,"[""V380"", ""V215"", ""V342"", ""V255"", ""V191"", ""V176"", ""V160""]","{""n_estimators"": 234, ""learning_rate"": 0.12043810318709566, ""max_depth"": 7, ""subsample"": 0.7949750549617804, ""colsample_bytree"": 0.993636688083742, ""min_child_weight"": 6, ""reg_alpha"": 0.6861135975183287, ""reg_lambda"": 0.530234661200983}"
434,2026-06-05T15:26:04.898951+00:00,xgb,ranking_lgbm,434,4950,7,998,0.8109226226806641,756,242,0.5024890899658203,"[""V380"", ""V215"", ""V342"", ""V255"", ""V191"", ""V176"", ""V160""]","{""n_estimators"": 258, ""learning_rate"": 0.11167889946513279, ""max_depth"": 9, ""subsample"": 0.7461707178716518, ""colsample_bytree"": 0.5672927577898157, ""min_child_weight"": 2, ""reg_alpha"": 0.11591971921189725, ""reg_lambda"": 1.7959013154502765}"
435,2026-06-05T15:27:05.595481+00:00,xgb,ranking_lgbm,435,4910,7,1000,0.8341464400291443,754,246,0.49872317910194397,"[""V380"", ""V215"", ""V342"", ""V255"", ""V191"", ""V176"", ""V160""]","{""n_estimators"": 373, ""learning_rate"": 0.08189457235499485, ""max_depth"": 8, ""subsample"": 0.7045246229942612, ""colsample_bytree"": 0.9022128840437909, ""min_child_weight"": 3, ""reg_alpha"": 0.0164243830822699, ""reg_lambda"": 0.702676742468316}"
436,2026-06-05T15:27:58.359378+00:00,xgb,ranking_lgbm,436,4930,7,999,0.8008446097373962,755,244,0.5022525787353516,"[""V380"", ""V215"", ""V342"", ""V255"", ""V191"", ""V176"", ""V160""]","{""n_estimators"": 317, ""learning_rate"": 0.08187227312854939, ""max_depth"": 7, ""subsample"": 0.5854812070350643, ""colsample_bytree"": 0.910310955377813, ""min_child_weight"": 1, ""reg_alpha"": 0.9238225064556265, ""reg_lambda"": 1.4087299378159104}"
437,2026-06-05T15:28:36.737996+00:00,xgb,ranking_lgbm,437,4520,7,1000,0.8056944608688354,728,272,0.4975380301475525,"[""V380"", ""V215"", ""V342"", ""V255"", ""V191"", ""V176"", ""V160""]","{""n_estimators"": 318, ""learning_rate"": 0.14213239250947313, ""max_depth"": 7, ""subsample"": 0.555482169584876, ""colsample_bytree"": 0.6968498962516205, ""min_child_weight"": 8, ""reg_alpha"": 0.15471458913683644, ""reg_lambda"": 0.76763177283389}"
438,2026-06-05T15:28:49.035754+00:00,xgb,ranking_lgbm,438,4830,8,1000,0.7569403052330017,762,238,0.4984627068042755,"[""V380"", ""V215"", ""V342"", ""V255"", ""V191"", ""V176"", ""V160"", ""V117""]","{""n_estimators"": 111, ""learning_rate"": 0.17478170357882908, ""max_depth"": 6, ""subsample"": 0.9122817244072856, ""colsample_bytree"": 0.841991714770816, ""min_child_weight"": 9, ""reg_alpha"": 0.797274952553046, ""reg_lambda"": 0.6344377260026424}"
439,2026-06-05T15:29:42.608391+00:00,xgb,ranking_lgbm,439,4895,7,1000,0.7709372639656067,753,247,0.5018050074577332,"[""V380"", ""V215"", ""V342"", ""V255"", ""V191"", ""V176"", ""V160""]","{""n_estimators"": 328, ""learning_rate"": 0.06330927750122772, ""max_depth"": 8, ""subsample"": 0.9219906263571033, ""colsample_bytree"": 0.5991426632780326, ""min_child_weight"": 3, ""reg_alpha"": 0.8034841834134794, ""reg_lambda"": 1.868300385083222}"
440,2026-06-05T15:30:11.761829+00:00,xgb,ranking_lgbm,440,4960,7,999,0.782707929611206,757,242,0.500677764415741,"[""V380"", ""V215"", ""V342"", ""V255"", ""V191"", ""V176"", ""V160""]","{""n_estimators"": 184, ""learning_rate"": 0.12250253011486142, ""max_depth"": 7, ""subsample"": 0.6699931692638519, ""colsample_bytree"": 0.6927076158260121, ""min_child_weight"": 1, ""reg_alpha"": 0.7508191268875366, ""reg_lambda"": 1.6206011557415585}"
441,2026-06-05T15:30:27.974443+00:00,xgb,ranking_lgbm,441,4925,7,1000,0.7606872320175171,755,245,0.49981260299682617,"[""V380"", ""V215"", ""V342"", ""V255"", ""V191"", ""V176"", ""V160""]","{""n_estimators"": 183, ""learning_rate"": 0.1747718742819659, ""max_depth"": 5, ""subsample"": 0.722454672299307, ""colsample_bytree"": 0.6709336735909711, ""min_child_weight"": 8, ""reg_alpha"": 0.4002543550197579, ""reg_lambda"": 2.0307823594661794}"
442,2026-06-05T15:31:13.617280+00:00,xgb,ranking_lgbm,442,5160,7,998,0.735621988773346,770,228,0.4982994496822357,"[""V380"", ""V215"", ""V342"", ""V255"", ""V191"", ""V176"", ""V160""]","{""n_estimators"": 241, ""learning_rate"": 0.03514346703472954, ""max_depth"": 9, ""subsample"": 0.9658657190176116, ""colsample_bytree"": 0.9772814058249544, ""min_child_weight"": 5, ""reg_alpha"": 0.8415945999877799, ""reg_lambda"": 1.1393052816873694}"
443,2026-06-05T15:31:40.328048+00:00,xgb,ranking_lgbm,443,5120,7,1000,0.7321915030479431,768,232,0.49896690249443054,"[""V380"", ""V215"", ""V342"", ""V255"", ""V191"", ""V176"", ""V160""]","{""n_estimators"": 296, ""learning_rate"": 0.06822465987112933, ""max_depth"": 5, ""subsample"": 0.7672140031904546, ""colsample_bytree"": 0.5430875809355389, ""min_child_weight"": 3, ""reg_alpha"": 0.4833297823539032, ""reg_lambda"": 2.3710863024646356}"
444,2026-06-05T15:32:04.117959+00:00,xgb,ranking_lgbm,444,4910,7,1000,0.7605902552604675,754,246,0.498631089925766,"[""V380"", ""V215"", ""V342"", ""V255"", ""V191"", ""V176"", ""V160""]","{""n_estimators"": 253, ""learning_rate"": 0.1125901328698143, ""max_depth"": 5, ""subsample"": 0.5313987802430966, ""colsample_bytree"": 0.7852124345407848, ""min_child_weight"": 3, ""reg_alpha"": 0.2580884146415655, ""reg_lambda"": 1.8819300916877264}"
445,2026-06-05T15:32:28.153965+00:00,xgb,ranking_lgbm,445,4830,8,1000,0.7876951694488525,762,238,0.5004030466079712,"[""V380"", ""V215"", ""V342"", ""V255"", ""V191"", ""V176"", ""V160"", ""V117""]","{""n_estimators"": 212, ""learning_rate"": 0.15319424476131446, ""max_depth"": 6, ""subsample"": 0.7820950659633525, ""colsample_bytree"": 0.9506038577822592, ""min_child_weight"": 9, ""reg_alpha"": 0.7632399594523059, ""reg_lambda"": 1.8943684744292573}"
446,2026-06-05T15:32:48.495695+00:00,xgb,ranking_lgbm,446,4820,7,1000,0.7827561497688293,748,252,0.5006681084632874,"[""V380"", ""V215"", ""V342"", ""V255"", ""V191"", ""V176"", ""V160""]","{""n_estimators"": 199, ""learning_rate"": 0.15493374094252943, ""max_depth"": 5, ""subsample"": 0.5322548087713674, ""colsample_bytree"": 0.6897566567753112, ""min_child_weight"": 1, ""reg_alpha"": 0.9629563560871472, ""reg_lambda"": 0.5312000194934783}"
447,2026-06-05T15:33:08.809830+00:00,xgb,ranking_lgbm,447,5110,7,999,0.7683823108673096,767,232,0.4976367652416229,"[""V380"", ""V215"", ""V342"", ""V255"", ""V191"", ""V176"", ""V160""]","{""n_estimators"": 131, ""learning_rate"": 0.1463331207790285, ""max_depth"": 8, ""subsample"": 0.5793628359170636, ""colsample_bytree"": 0.8937201937494172, ""min_child_weight"": 7, ""reg_alpha"": 0.9938026068295903, ""reg_lambda"": 1.0589081630642345}"
448,2026-06-05T15:33:17.477897+00:00,xgb,ranking_lgbm,448,5190,7,998,0.696440577507019,772,226,0.49772709608078003,"[""V380"", ""V215"", ""V342"", ""V255"", ""V191"", ""V176"", ""V160""]","{""n_estimators"": 112, ""learning_rate"": 0.09282871620416398, ""max_depth"": 4, ""subsample"": 0.9230069783221448, ""colsample_bytree"": 0.7713120524929071, ""min_child_weight"": 4, ""reg_alpha"": 0.6448933766815984, ""reg_lambda"": 0.8715475187948865}"
449,2026-06-05T15:34:20.093775+00:00,xgb,ranking_lgbm,449,4635,8,1000,0.8489279747009277,749,251,0.49903783202171326,"[""V380"", ""V215"", ""V342"", ""V255"", ""V191"", ""V176"", ""V160"", ""V117""]","{""n_estimators"": 352, ""learning_rate"": 0.15201784628157003, ""max_depth"": 9, ""subsample"": 0.8774420759049035, ""colsample_bytree"": 0.5555756395772826, ""min_child_weight"": 4, ""reg_alpha"": 0.7842135270572921, ""reg_lambda"": 1.8069385019253157}"
450,2026-06-05T15:35:17.792425+00:00,xgb,ranking_lgbm,450,4700,7,1000,0.8584619760513306,740,260,0.4999702274799347,"[""V380"", ""V215"", ""V342"", ""V255"", ""V191"", ""V176"", ""V160""]","{""n_estimators"": 287, ""learning_rate"": 0.1722874337471625, ""max_depth"": 9, ""subsample"": 0.9054145862656879, ""colsample_bytree"": 0.7297991920778104, ""min_child_weight"": 2, ""reg_alpha"": 0.9347715949722373, ""reg_lambda"": 1.6341864587839952}"
451,2026-06-05T15:35:44.961568+00:00,xgb,ranking_lgbm,451,4940,7,1000,0.7931512594223022,756,244,0.4996244013309479,"[""V380"", ""V215"", ""V342"", ""V255"", ""V191"", ""V176"", ""V160""]","{""n_estimators"": 163, ""learning_rate"": 0.13270148325589579, ""max_depth"": 9, ""subsample"": 0.9021472076940005, ""colsample_bytree"": 0.8820698030942122, ""min_child_weight"": 7, ""reg_alpha"": 0.21527059185756758, ""reg_lambda"": 0.8563314666198687}"
452,2026-06-05T15:36:06.011673+00:00,xgb,ranking_lgbm,452,5000,7,1000,0.728983461856842,760,240,0.49810194969177246,"[""V380"", ""V215"", ""V342"", ""V255"", ""V191"", ""V176"", ""V160""]","{""n_estimators"": 131, ""learning_rate"": 0.09050250343583352, ""max_depth"": 8, ""subsample"": 0.769745884923794, ""colsample_bytree"": 0.62616138779254, ""min_child_weight"": 4, ""reg_alpha"": 0.30255788564449626, ""reg_lambda"": 2.274310847706973}"
453,2026-06-05T15:36:23.051879+00:00,xgb,ranking_lgbm,453,5095,7,999,0.6887680888175964,766,233,0.49759843945503235,"[""V380"", ""V215"", ""V342"", ""V255"", ""V191"", ""V176"", ""V160""]","{""n_estimators"": 131, ""learning_rate"": 0.04853397812659506, ""max_depth"": 7, ""subsample"": 0.9398816289031111, ""colsample_bytree"": 0.5387910283700423, ""min_child_weight"": 8, ""reg_alpha"": 0.03221375456522513, ""reg_lambda"": 1.4279623790673264}"
454,2026-06-05T15:36:37.513794+00:00,xgb,ranking_lgbm,454,5065,7,999,0.7204446196556091,764,235,0.49812763929367065,"[""V380"", ""V215"", ""V342"", ""V255"", ""V191"", ""V176"", ""V160""]","{""n_estimators"": 268, ""learning_rate"": 0.10546683835325943, ""max_depth"": 3, ""subsample"": 0.9250781356252034, ""colsample_bytree"": 0.7563028850580711, ""min_child_weight"": 4, ""reg_alpha"": 0.23080030745677893, ""reg_lambda"": 1.203407831677376}"
455,2026-06-05T15:36:53.580349+00:00,xgb,ranking_lgbm,455,5240,7,1000,0.722686767578125,776,224,0.4978746175765991,"[""V380"", ""V215"", ""V342"", ""V255"", ""V191"", ""V176"", ""V160""]","{""n_estimators"": 287, ""learning_rate"": 0.11798375882128777, ""max_depth"": 3, ""subsample"": 0.9647268838598317, ""colsample_bytree"": 0.8797067022737401, ""min_child_weight"": 3, ""reg_alpha"": 0.7046429465629708, ""reg_lambda"": 2.1412676857165485}"
456,2026-06-05T15:37:14.103936+00:00,xgb,ranking_lgbm,456,4985,7,1000,0.7382204532623291,759,241,0.4993802607059479,"[""V380"", ""V215"", ""V342"", ""V255"", ""V191"", ""V176"", ""V160""]","{""n_estimators"": 377, ""learning_rate"": 0.12230558167074312, ""max_depth"": 3, ""subsample"": 0.664200902426165, ""colsample_bytree"": 0.5096813389068642, ""min_child_weight"": 7, ""reg_alpha"": 0.3187487948245582, ""reg_lambda"": 1.658501253773542}"
457,2026-06-05T15:37:32.037490+00:00,xgb,ranking_lgbm,457,5285,7,1000,0.7113054990768433,779,221,0.4975462853908539,"[""V380"", ""V215"", ""V342"", ""V255"", ""V191"", ""V176"", ""V160""]","{""n_estimators"": 201, ""learning_rate"": 0.05446001747795347, ""max_depth"": 5, ""subsample"": 0.6673443906326718, ""colsample_bytree"": 0.6425819234014616, ""min_child_weight"": 5, ""reg_alpha"": 0.3120526066847287, ""reg_lambda"": 0.7427196764814474}"
458,2026-06-05T15:38:03.940844+00:00,xgb,ranking_lgbm,458,5015,7,1000,0.7547110915184021,761,239,0.4965697228908539,"[""V380"", ""V215"", ""V342"", ""V255"", ""V191"", ""V176"", ""V160""]","{""n_estimators"": 247, ""learning_rate"": 0.0784588899240261, ""max_depth"": 7, ""subsample"": 0.6041331088115586, ""colsample_bytree"": 0.7450604652509563, ""min_child_weight"": 7, ""reg_alpha"": 0.10155764638858189, ""reg_lambda"": 1.956351816153882}"
459,2026-06-05T15:38:17.263170+00:00,xgb,ranking_lgbm,459,5005,7,993,0.7695693969726562,758,235,0.5043805837631226,"[""V380"", ""V215"", ""V342"", ""V255"", ""V191"", ""V176"", ""V160""]","{""n_estimators"": 140, ""learning_rate"": 0.17775364617247633, ""max_depth"": 5, ""subsample"": 0.8215344557434194, ""colsample_bytree"": 0.5188655321546073, ""min_child_weight"": 1, ""reg_alpha"": 0.12521780077617595, ""reg_lambda"": 0.724103179770081}"
460,2026-06-05T15:38:38.743483+00:00,xgb,ranking_lgbm,460,5240,7,1000,0.7223999500274658,776,224,0.4988565444946289,"[""V380"", ""V215"", ""V342"", ""V255"", ""V191"", ""V176"", ""V160""]","{""n_estimators"": 310, ""learning_rate"": 0.0690967431028279, ""max_depth"": 4, ""subsample"": 0.9320986643881974, ""colsample_bytree"": 0.8507373121027711, ""min_child_weight"": 7, ""reg_alpha"": 0.25350058812482623, ""reg_lambda"": 1.563797935547261}"
461,2026-06-05T15:39:01.833676+00:00,xgb,ranking_lgbm,461,4760,8,999,0.7939523458480835,757,242,0.5020527839660645,"[""V380"", ""V215"", ""V342"", ""V255"", ""V191"", ""V176"", ""V160"", ""V117""]","{""n_estimators"": 302, ""learning_rate"": 0.1626711759908711, ""max_depth"": 4, ""subsample"": 0.5767312315565627, ""colsample_bytree"": 0.6784460718980405, ""min_child_weight"": 1, ""reg_alpha"": 0.5059843472764356, ""reg_lambda"": 1.8938749524516054}"
462,2026-06-05T15:39:30.549239+00:00,xgb,ranking_lgbm,462,4835,7,1000,0.7706887125968933,749,251,0.4992823302745819,"[""V380"", ""V215"", ""V342"", ""V255"", ""V191"", ""V176"", ""V160""]","{""n_estimators"": 389, ""learning_rate"": 0.11630658941979231, ""max_depth"": 4, ""subsample"": 0.5517382690266459, ""colsample_bytree"": 0.983579242377761, ""min_child_weight"": 2, ""reg_alpha"": 0.4316445999152606, ""reg_lambda"": 2.3493229780273213}"
463,2026-06-05T15:39:46.882414+00:00,xgb,ranking_lgbm,463,5150,7,1000,0.7483856081962585,770,230,0.49930331110954285,"[""V380"", ""V215"", ""V342"", ""V255"", ""V191"", ""V176"", ""V160""]","{""n_estimators"": 292, ""learning_rate"": 0.16662456789209573, ""max_depth"": 3, ""subsample"": 0.8079966763310489, ""colsample_bytree"": 0.8282549913102821, ""min_child_weight"": 8, ""reg_alpha"": 0.008695216343725387, ""reg_lambda"": 1.6537356365274754}"
464,2026-06-05T15:40:03.218106+00:00,xgb,ranking_lgbm,464,5300,7,1000,0.6933723092079163,780,220,0.4960596561431885,"[""V380"", ""V215"", ""V342"", ""V255"", ""V191"", ""V176"", ""V160""]","{""n_estimators"": 220, ""learning_rate"": 0.047915440543261606, ""max_depth"": 4, ""subsample"": 0.5891765345234881, ""colsample_bytree"": 0.9647772877692083, ""min_child_weight"": 8, ""reg_alpha"": 0.7857452783068858, ""reg_lambda"": 2.191869103340104}"
465,2026-06-05T15:40:30.728668+00:00,xgb,ranking_lgbm,465,4950,7,998,0.7699215412139893,756,242,0.4983457624912262,"[""V380"", ""V215"", ""V342"", ""V255"", ""V191"", ""V176"", ""V160""]","{""n_estimators"": 319, ""learning_rate"": 0.15247889863042802, ""max_depth"": 5, ""subsample"": 0.8059930900971038, ""colsample_bytree"": 0.5404750066367275, ""min_child_weight"": 9, ""reg_alpha"": 0.7514275849883996, ""reg_lambda"": 1.9158609836360274}"
466,2026-06-05T15:40:44.890738+00:00,xgb,ranking_lgbm,466,4965,7,995,0.7452554106712341,756,239,0.49861690402030945,"[""V380"", ""V215"", ""V342"", ""V255"", ""V191"", ""V176"", ""V160""]","{""n_estimators"": 189, ""learning_rate"": 0.1396741996268678, ""max_depth"": 4, ""subsample"": 0.7813329735626867, ""colsample_bytree"": 0.6335043387552867, ""min_child_weight"": 1, ""reg_alpha"": 0.0666329261837586, ""reg_lambda"": 2.0904401858841286}"
467,2026-06-05T15:40:58.591828+00:00,xgb,ranking_lgbm,467,5000,7,1000,0.7280344367027283,760,240,0.49840351939201355,"[""V380"", ""V215"", ""V342"", ""V255"", ""V191"", ""V176"", ""V160""]","{""n_estimators"": 264, ""learning_rate"": 0.16750650243555432, ""max_depth"": 3, ""subsample"": 0.9901040024175479, ""colsample_bytree"": 0.5364277412389777, ""min_child_weight"": 9, ""reg_alpha"": 0.381820312152801, ""reg_lambda"": 1.409447566550051}"
468,2026-06-05T15:41:18.819526+00:00,xgb,ranking_lgbm,468,5330,7,1000,0.6956888437271118,782,218,0.4968927800655365,"[""V380"", ""V215"", ""V342"", ""V255"", ""V191"", ""V176"", ""V160""]","{""n_estimators"": 376, ""learning_rate"": 0.04358172428791547, ""max_depth"": 3, ""subsample"": 0.5138258946448011, ""colsample_bytree"": 0.6196211226381674, ""min_child_weight"": 8, ""reg_alpha"": 0.3792410588730579, ""reg_lambda"": 1.2291584020650066}"
469,2026-06-05T15:41:48.746870+00:00,xgb,ranking_lgbm,469,5020,7,999,0.7722264528274536,761,238,0.49968189001083374,"[""V380"", ""V215"", ""V342"", ""V255"", ""V191"", ""V176"", ""V160""]","{""n_estimators"": 280, ""learning_rate"": 0.11162315653432898, ""max_depth"": 6, ""subsample"": 0.8587419024241558, ""colsample_bytree"": 0.7424568766369737, ""min_child_weight"": 7, ""reg_alpha"": 0.7503125862899603, ""reg_lambda"": 2.4236206276945804}"
470,2026-06-05T15:42:09.982396+00:00,xgb,ranking_lgbm,470,5135,7,1000,0.702873170375824,769,231,0.498127818107605,"[""V380"", ""V215"", ""V342"", ""V255"", ""V191"", ""V176"", ""V160""]","{""n_estimators"": 395, ""learning_rate"": 0.042800023997894523, ""max_depth"": 3, ""subsample"": 0.7501981086992724, ""colsample_bytree"": 0.8446582410712203, ""min_child_weight"": 7, ""reg_alpha"": 0.2263231257605528, ""reg_lambda"": 1.8484746286110594}"
471,2026-06-05T15:42:46.826241+00:00,xgb,ranking_lgbm,471,4760,7,1000,0.779159426689148,744,256,0.49732035398483276,"[""V380"", ""V215"", ""V342"", ""V255"", ""V191"", ""V176"", ""V160""]","{""n_estimators"": 293, ""learning_rate"": 0.12297400307808014, ""max_depth"": 7, ""subsample"": 0.6216193053020608, ""colsample_bytree"": 0.7039534246072048, ""min_child_weight"": 9, ""reg_alpha"": 0.5289024506664153, ""reg_lambda"": 2.0127882095402327}"
472,2026-06-05T15:43:11.895359+00:00,xgb,ranking_lgbm,472,4875,8,1000,0.7412084937095642,765,235,0.49849042296409607,"[""V380"", ""V215"", ""V342"", ""V255"", ""V191"", ""V176"", ""V160"", ""V117""]","{""n_estimators"": 182, ""learning_rate"": 0.079268889251592, ""max_depth"": 8, ""subsample"": 0.9317795969214154, ""colsample_bytree"": 0.5059002585556087, ""min_child_weight"": 8, ""reg_alpha"": 0.842853411837264, ""reg_lambda"": 1.9403914065064247}"
473,2026-06-05T15:43:31.980488+00:00,xgb,ranking_lgbm,473,5065,7,999,0.7848700881004333,764,235,0.501632809638977,"[""V380"", ""V215"", ""V342"", ""V255"", ""V191"", ""V176"", ""V160""]","{""n_estimators"": 160, ""learning_rate"": 0.13431076081159057, ""max_depth"": 6, ""subsample"": 0.7297234216010632, ""colsample_bytree"": 0.8104910717792353, ""min_child_weight"": 1, ""reg_alpha"": 0.28780058891641613, ""reg_lambda"": 0.9922187023192159}"
474,2026-06-05T15:44:01.939039+00:00,xgb,ranking_lgbm,474,5215,7,999,0.7210817337036133,774,225,0.49857792258262634,"[""V380"", ""V215"", ""V342"", ""V255"", ""V191"", ""V176"", ""V160""]","{""n_estimators"": 330, ""learning_rate"": 0.03966344650037538, ""max_depth"": 5, ""subsample"": 0.9102217829681575, ""colsample_bytree"": 0.9232656216880467, ""min_child_weight"": 5, ""reg_alpha"": 0.3588590136492954, ""reg_lambda"": 1.5722398907911614}"
475,2026-06-05T15:44:14.897223+00:00,xgb,ranking_lgbm,475,5120,7,1000,0.7169830203056335,768,232,0.49800318479537964,"[""V380"", ""V215"", ""V342"", ""V255"", ""V191"", ""V176"", ""V160""]","{""n_estimators"": 100, ""learning_rate"": 0.08311606428038956, ""max_depth"": 6, ""subsample"": 0.6637150838400797, ""colsample_bytree"": 0.8860954195975579, ""min_child_weight"": 1, ""reg_alpha"": 0.3700578385555623, ""reg_lambda"": 2.09906938030083}"
476,2026-06-05T15:44:39.933241+00:00,xgb,ranking_lgbm,476,5240,7,1000,0.7003335356712341,776,224,0.4972544312477112,"[""V380"", ""V215"", ""V342"", ""V255"", ""V191"", ""V176"", ""V160""]","{""n_estimators"": 357, ""learning_rate"": 0.034765252583617665, ""max_depth"": 4, ""subsample"": 0.7510164640064949, ""colsample_bytree"": 0.6714281897410961, ""min_child_weight"": 3, ""reg_alpha"": 0.9755460054230242, ""reg_lambda"": 0.9180689660854293}"
477,2026-06-05T15:45:34.240996+00:00,xgb,ranking_lgbm,477,4455,7,998,0.851077675819397,723,275,0.49848681688308716,"[""V380"", ""V215"", ""V342"", ""V255"", ""V191"", ""V176"", ""V160""]","{""n_estimators"": 379, ""learning_rate"": 0.16793614508162266, ""max_depth"": 8, ""subsample"": 0.5134114300891125, ""colsample_bytree"": 0.8875987067113362, ""min_child_weight"": 6, ""reg_alpha"": 0.04071763424749786, ""reg_lambda"": 2.2672767538007497}"
478,2026-06-05T15:46:34.412799+00:00,xgb,ranking_lgbm,478,4805,7,997,0.8347352743148804,746,251,0.5016707181930542,"[""V380"", ""V215"", ""V342"", ""V255"", ""V191"", ""V176"", ""V160""]","{""n_estimators"": 390, ""learning_rate"": 0.1194589322023339, ""max_depth"": 7, ""subsample"": 0.8276702294554379, ""colsample_bytree"": 0.6303252378795478, ""min_child_weight"": 1, ""reg_alpha"": 0.8380122392056255, ""reg_lambda"": 1.6963591209142663}"
479,2026-06-05T15:47:34.964580+00:00,xgb,ranking_lgbm,479,4850,7,1000,0.7769448161125183,750,250,0.5001959204673767,"[""V380"", ""V215"", ""V342"", ""V255"", ""V191"", ""V176"", ""V160""]","{""n_estimators"": 262, ""learning_rate"": 0.0533324052871669, ""max_depth"": 9, ""subsample"": 0.7271284616391784, ""colsample_bytree"": 0.750557973267992, ""min_child_weight"": 1, ""reg_alpha"": 0.6556006992224979, ""reg_lambda"": 0.9489631515829606}"
480,2026-06-05T15:48:09.326556+00:00,xgb,ranking_lgbm,480,4820,7,1000,0.8158209323883057,748,252,0.501213550567627,"[""V380"", ""V215"", ""V342"", ""V255"", ""V191"", ""V176"", ""V160""]","{""n_estimators"": 328, ""learning_rate"": 0.15670127058577102, ""max_depth"": 6, ""subsample"": 0.977391285456408, ""colsample_bytree"": 0.6286376203614942, ""min_child_weight"": 6, ""reg_alpha"": 0.49538987875207297, ""reg_lambda"": 0.7195482635249095}"
481,2026-06-05T15:48:24.968518+00:00,xgb,ranking_lgbm,481,5270,7,1000,0.7423791289329529,778,222,0.49726831912994385,"[""V380"", ""V215"", ""V342"", ""V255"", ""V191"", ""V176"", ""V160""]","{""n_estimators"": 228, ""learning_rate"": 0.1404172179199184, ""max_depth"": 4, ""subsample"": 0.8569610346071335, ""colsample_bytree"": 0.7006230822982085, ""min_child_weight"": 9, ""reg_alpha"": 0.2471538986549281, ""reg_lambda"": 0.9656489338535905}"
482,2026-06-05T15:49:18.787811+00:00,xgb,ranking_lgbm,482,4925,7,1000,0.8470789194107056,755,245,0.4994870722293854,"[""V380"", ""V215"", ""V342"", ""V255"", ""V191"", ""V176"", ""V160""]","{""n_estimators"": 306, ""learning_rate"": 0.1395157494001012, ""max_depth"": 9, ""subsample"": 0.9978050521872156, ""colsample_bytree"": 0.6282759034471278, ""min_child_weight"": 3, ""reg_alpha"": 0.28026416213699756, ""reg_lambda"": 1.2039926403558163}"
483,2026-06-05T15:49:58.026049+00:00,xgb,ranking_lgbm,483,4895,7,1000,0.8212499022483826,753,247,0.49845650792121887,"[""V380"", ""V215"", ""V342"", ""V255"", ""V191"", ""V176"", ""V160""]","{""n_estimators"": 236, ""learning_rate"": 0.13275228800974886, ""max_depth"": 9, ""subsample"": 0.8700034450004642, ""colsample_bytree"": 0.8723026933433535, ""min_child_weight"": 7, ""reg_alpha"": 0.3540088247334773, ""reg_lambda"": 1.282096179114438}"
484,2026-06-05T15:50:09.003481+00:00,xgb,ranking_lgbm,484,4925,7,994,0.7302703261375427,753,241,0.4989413022994995,"[""V380"", ""V215"", ""V342"", ""V255"", ""V191"", ""V176"", ""V160""]","{""n_estimators"": 148, ""learning_rate"": 0.14760484906310167, ""max_depth"": 4, ""subsample"": 0.6847717004316798, ""colsample_bytree"": 0.6913421981757432, ""min_child_weight"": 2, ""reg_alpha"": 0.7479337906547048, ""reg_lambda"": 1.8611353416684495}"
485,2026-06-05T15:50:37.182961+00:00,xgb,ranking_lgbm,485,4860,8,1000,0.7676957845687866,764,236,0.49739980697631836,"[""V380"", ""V215"", ""V342"", ""V255"", ""V191"", ""V176"", ""V160"", ""V117""]","{""n_estimators"": 259, ""learning_rate"": 0.09972224720699617, ""max_depth"": 6, ""subsample"": 0.7091051704812055, ""colsample_bytree"": 0.9448580297766724, ""min_child_weight"": 9, ""reg_alpha"": 0.6535976563064814, ""reg_lambda"": 1.4740343387984771}"
486,2026-06-05T15:50:52.520751+00:00,xgb,ranking_lgbm,486,5105,7,997,0.7160729169845581,766,231,0.4969499111175537,"[""V380"", ""V215"", ""V342"", ""V255"", ""V191"", ""V176"", ""V160""]","{""n_estimators"": 274, ""learning_rate"": 0.09154008794013979, ""max_depth"": 3, ""subsample"": 0.5819969460099894, ""colsample_bytree"": 0.8015063728445462, ""min_child_weight"": 4, ""reg_alpha"": 0.2740766407516114, ""reg_lambda"": 2.354983263337952}"
487,2026-06-05T15:51:07.055709+00:00,xgb,ranking_lgbm,487,5195,7,1000,0.6544635891914368,773,227,0.4957773983478546,"[""V380"", ""V215"", ""V342"", ""V255"", ""V191"", ""V176"", ""V160""]","{""n_estimators"": 216, ""learning_rate"": 0.030947926214827243, ""max_depth"": 4, ""subsample"": 0.8161169631542626, ""colsample_bytree"": 0.5228235516933312, ""min_child_weight"": 8, ""reg_alpha"": 0.41494637976762017, ""reg_lambda"": 1.961465373930342}"
488,2026-06-05T15:52:23.812082+00:00,xgb,ranking_lgbm,488,4805,7,1000,0.8720077276229858,747,253,0.5016540884971619,"[""V380"", ""V215"", ""V342"", ""V255"", ""V191"", ""V176"", ""V160""]","{""n_estimators"": 349, ""learning_rate"": 0.1515682405024012, ""max_depth"": 9, ""subsample"": 0.799802343147764, ""colsample_bytree"": 0.7741388809503915, ""min_child_weight"": 1, ""reg_alpha"": 0.6490127951001999, ""reg_lambda"": 2.2362015944963414}"
489,2026-06-05T15:52:50.130703+00:00,xgb,ranking_lgbm,489,4925,7,997,0.7630558609962463,754,243,0.5010493397712708,"[""V380"", ""V215"", ""V342"", ""V255"", ""V191"", ""V176"", ""V160""]","{""n_estimators"": 235, ""learning_rate"": 0.10682025715999506, ""max_depth"": 6, ""subsample"": 0.5874841599935199, ""colsample_bytree"": 0.5121470854531085, ""min_child_weight"": 3, ""reg_alpha"": 0.19979201831910376, ""reg_lambda"": 2.094447617715387}"
490,2026-06-05T15:53:33.884734+00:00,xgb,ranking_lgbm,490,4895,7,1000,0.794093668460846,753,247,0.49880826473236084,"[""V380"", ""V215"", ""V342"", ""V255"", ""V191"", ""V176"", ""V160""]","{""n_estimators"": 265, ""learning_rate"": 0.1290544928511407, ""max_depth"": 9, ""subsample"": 0.5299572555345036, ""colsample_bytree"": 0.5446949907975354, ""min_child_weight"": 5, ""reg_alpha"": 0.7924509098044129, ""reg_lambda"": 1.9208086182302637}"
491,2026-06-05T15:53:47.335691+00:00,xgb,ranking_lgbm,491,5255,7,1000,0.703822910785675,777,223,0.4964495599269867,"[""V380"", ""V215"", ""V342"", ""V255"", ""V191"", ""V176"", ""V160""]","{""n_estimators"": 254, ""learning_rate"": 0.06734797032301398, ""max_depth"": 3, ""subsample"": 0.5451124111165584, ""colsample_bytree"": 0.7557411705022102, ""min_child_weight"": 3, ""reg_alpha"": 0.8635646548419585, ""reg_lambda"": 0.9695505632023835}"
492,2026-06-05T15:54:22.110968+00:00,xgb,ranking_lgbm,492,4815,8,1000,0.8337116241455078,761,239,0.4970420002937317,"[""V380"", ""V215"", ""V342"", ""V255"", ""V191"", ""V176"", ""V160"", ""V117""]","{""n_estimators"": 278, ""learning_rate"": 0.16615900361036054, ""max_depth"": 7, ""subsample"": 0.7708277887007068, ""colsample_bytree"": 0.8853597211231428, ""min_child_weight"": 8, ""reg_alpha"": 0.0739409413331179, ""reg_lambda"": 1.530209644485027}"
493,2026-06-05T15:54:36.424977+00:00,xgb,ranking_lgbm,493,5180,7,1000,0.7281239032745361,772,228,0.4983636736869812,"[""V380"", ""V215"", ""V342"", ""V255"", ""V191"", ""V176"", ""V160""]","{""n_estimators"": 112, ""learning_rate"": 0.08943866779742035, ""max_depth"": 7, ""subsample"": 0.778602558656878, ""colsample_bytree"": 0.8400796048462911, ""min_child_weight"": 9, ""reg_alpha"": 0.21811894106847873, ""reg_lambda"": 1.3471917705448129}"
494,2026-06-05T15:54:46.120185+00:00,xgb,ranking_lgbm,494,5045,7,1000,0.7297635674476624,763,237,0.49920791387557983,"[""V380"", ""V215"", ""V342"", ""V255"", ""V191"", ""V176"", ""V160""]","{""n_estimators"": 134, ""learning_rate"": 0.1730348526561939, ""max_depth"": 4, ""subsample"": 0.9479474289853919, ""colsample_bytree"": 0.711223657940385, ""min_child_weight"": 7, ""reg_alpha"": 0.7102477795195669, ""reg_lambda"": 1.9757822735847574}"
495,2026-06-05T15:55:17.492264+00:00,xgb,ranking_lgbm,495,5060,7,1000,0.7352005839347839,764,236,0.49908438324928284,"[""V380"", ""V215"", ""V342"", ""V255"", ""V191"", ""V176"", ""V160""]","{""n_estimators"": 368, ""learning_rate"": 0.05958734709167342, ""max_depth"": 5, ""subsample"": 0.634538454101472, ""colsample_bytree"": 0.6800191692534041, ""min_child_weight"": 8, ""reg_alpha"": 0.5168540418619293, ""reg_lambda"": 1.760583081488489}"
496,2026-06-05T15:55:35.502025+00:00,xgb,ranking_lgbm,496,5210,7,1000,0.6997250914573669,774,226,0.4973212778568268,"[""V380"", ""V215"", ""V342"", ""V255"", ""V191"", ""V176"", ""V160""]","{""n_estimators"": 253, ""learning_rate"": 0.047996651286071695, ""max_depth"": 4, ""subsample"": 0.6750261393142385, ""colsample_bytree"": 0.6046057028739364, ""min_child_weight"": 3, ""reg_alpha"": 0.654334758462003, ""reg_lambda"": 2.4221664781473558}"
497,2026-06-05T15:56:14.710722+00:00,xgb,ranking_lgbm,497,5135,7,997,0.752312958240509,768,229,0.4998813569545746,"[""V380"", ""V215"", ""V342"", ""V255"", ""V191"", ""V176"", ""V160""]","{""n_estimators"": 285, ""learning_rate"": 0.059695944620113954, ""max_depth"": 7, ""subsample"": 0.8838614113450516, ""colsample_bytree"": 0.8132753496000507, ""min_child_weight"": 4, ""reg_alpha"": 0.4762048760517802, ""reg_lambda"": 1.9741262433536915}"
498,2026-06-05T15:56:26.660954+00:00,xgb,ranking_lgbm,498,5170,6,1000,0.6718330383300781,758,242,0.496578186750412,"[""V380"", ""V215"", ""V342"", ""V255"", ""V191"", ""V176""]","{""n_estimators"": 208, ""learning_rate"": 0.05661569164146983, ""max_depth"": 3, ""subsample"": 0.6167840680462657, ""colsample_bytree"": 0.7510522898485619, ""min_child_weight"": 9, ""reg_alpha"": 0.4767981577677234, ""reg_lambda"": 2.278100844910446}"
499,2026-06-05T15:57:08.207717+00:00,xgb,ranking_lgbm,499,4820,7,1000,0.8238735795021057,748,252,0.4993009865283966,"[""V380"", ""V215"", ""V342"", ""V255"", ""V191"", ""V176"", ""V160""]","{""n_estimators"": 205, ""learning_rate"": 0.1432506777535143, ""max_depth"": 8, ""subsample"": 0.7935534520226952, ""colsample_bytree"": 0.8353678883420335, ""min_child_weight"": 1, ""reg_alpha"": 0.9444277505312015, ""reg_lambda"": 1.0904672502650943}"
500,2026-06-05T15:57:25.959875+00:00,xgb,ranking_lgbm,500,5075,7,1000,0.7383277416229248,765,235,0.499130517244339,"[""V380"", ""V215"", ""V342"", ""V255"", ""V191"", ""V176"", ""V160""]","{""n_estimators"": 251, ""learning_rate"": 0.08884434727451698, ""max_depth"": 4, ""subsample"": 0.6924540444534188, ""colsample_bytree"": 0.8922270110957837, ""min_child_weight"": 2, ""reg_alpha"": 0.7113014514350772, ""reg_lambda"": 0.9593037016929729}"
501,2026-06-05T15:57:45.428268+00:00,xgb,ranking_lgbm,501,5110,7,999,0.7481812238693237,767,232,0.499179482460022,"[""V380"", ""V215"", ""V342"", ""V255"", ""V191"", ""V176"", ""V160""]","{""n_estimators"": 373, ""learning_rate"": 0.1299917395919788, ""max_depth"": 3, ""subsample"": 0.5425553114589721, ""colsample_bytree"": 0.6962095283364718, ""min_child_weight"": 2, ""reg_alpha"": 0.36548742899409736, ""reg_lambda"": 0.8015078506222135}"
502,2026-06-05T15:57:55.798806+00:00,xgb,ranking_lgbm,502,5180,5,999,0.6343655586242676,745,254,0.4963529706001282,"[""V380"", ""V215"", ""V342"", ""V255"", ""V191""]","{""n_estimators"": 187, ""learning_rate"": 0.03652658847669513, ""max_depth"": 3, ""subsample"": 0.626759298207374, ""colsample_bytree"": 0.7792844577090362, ""min_child_weight"": 5, ""reg_alpha"": 0.6559051250143187, ""reg_lambda"": 1.4128114854771403}"
503,2026-06-05T15:58:35.111963+00:00,xgb,ranking_lgbm,503,4880,7,1000,0.8100323677062988,752,248,0.5018587708473206,"[""V380"", ""V215"", ""V342"", ""V255"", ""V191"", ""V176"", ""V160""]","{""n_estimators"": 220, ""learning_rate"": 0.10565604828229494, ""max_depth"": 8, ""subsample"": 0.6741674321442418, ""colsample_bytree"": 0.9247037404940102, ""min_child_weight"": 2, ""reg_alpha"": 0.06638593718381958, ""reg_lambda"": 1.654025979318764}"
504,2026-06-05T15:59:05.941983+00:00,xgb,ranking_lgbm,504,5105,7,1000,0.7593037486076355,767,233,0.5021513104438782,"[""V380"", ""V215"", ""V342"", ""V255"", ""V191"", ""V176"", ""V160""]","{""n_estimators"": 161, ""learning_rate"": 0.06213161170148669, ""max_depth"": 9, ""subsample"": 0.8944511130415003, ""colsample_bytree"": 0.8292617635292341, ""min_child_weight"": 3, ""reg_alpha"": 0.27497599921357607, ""reg_lambda"": 0.5521724242288137}"
505,2026-06-05T15:59:49.685475+00:00,xgb,ranking_lgbm,505,4565,7,1000,0.8184756636619568,731,269,0.493728905916214,"[""V380"", ""V215"", ""V342"", ""V255"", ""V191"", ""V176"", ""V160""]","{""n_estimators"": 269, ""learning_rate"": 0.1719422040188715, ""max_depth"": 9, ""subsample"": 0.585924563674895, ""colsample_bytree"": 0.7599306326993831, ""min_child_weight"": 6, ""reg_alpha"": 0.9721887245399803, ""reg_lambda"": 2.091787168116305}"
506,2026-06-05T16:00:32.431957+00:00,xgb,ranking_lgbm,506,5150,7,1000,0.7239136099815369,770,230,0.4981914162635803,"[""V380"", ""V215"", ""V342"", ""V255"", ""V191"", ""V176"", ""V160""]","{""n_estimators"": 249, ""learning_rate"": 0.039516986336285455, ""max_depth"": 9, ""subsample"": 0.5988573282764245, ""colsample_bytree"": 0.6889450585579575, ""min_child_weight"": 5, ""reg_alpha"": 0.08256877990896516, ""reg_lambda"": 2.419038495051455}"
507,2026-06-05T16:00:53.212170+00:00,xgb,ranking_lgbm,507,5055,7,998,0.7360649704933167,763,235,0.4992697834968567,"[""V380"", ""V215"", ""V342"", ""V255"", ""V191"", ""V176"", ""V160""]","{""n_estimators"": 152, ""learning_rate"": 0.09080232561338647, ""max_depth"": 7, ""subsample"": 0.5577366426003556, ""colsample_bytree"": 0.5311376330070328, ""min_child_weight"": 3, ""reg_alpha"": 0.45142320982825246, ""reg_lambda"": 0.5532795130085171}"
508,2026-06-05T16:01:05.581292+00:00,xgb,ranking_lgbm,508,5240,7,1000,0.6703023910522461,776,224,0.4970758855342865,"[""V380"", ""V215"", ""V342"", ""V255"", ""V191"", ""V176"", ""V160""]","{""n_estimators"": 212, ""learning_rate"": 0.04944088226801577, ""max_depth"": 3, ""subsample"": 0.9419862868625068, ""colsample_bytree"": 0.9600310116115155, ""min_child_weight"": 8, ""reg_alpha"": 0.1479811538765119, ""reg_lambda"": 1.6068551388802519}"
509,2026-06-05T16:01:37.644649+00:00,xgb,ranking_lgbm,509,4850,7,1000,0.7580317854881287,750,250,0.49952900409698486,"[""V380"", ""V215"", ""V342"", ""V255"", ""V191"", ""V176"", ""V160""]","{""n_estimators"": 265, ""learning_rate"": 0.09022165740558771, ""max_depth"": 7, ""subsample"": 0.7055296881431647, ""colsample_bytree"": 0.5888174080025966, ""min_child_weight"": 9, ""reg_alpha"": 0.42818472459442614, ""reg_lambda"": 2.116424390013087}"
510,2026-06-05T16:02:03.565690+00:00,xgb,ranking_lgbm,510,5180,7,1000,0.7421619892120361,772,228,0.5026138424873352,"[""V380"", ""V215"", ""V342"", ""V255"", ""V191"", ""V176"", ""V160""]","{""n_estimators"": 180, ""learning_rate"": 0.06763174195110339, ""max_depth"": 7, ""subsample"": 0.9349652021291495, ""colsample_bytree"": 0.5885150422263914, ""min_child_weight"": 2, ""reg_alpha"": 0.675741961281431, ""reg_lambda"": 0.7639370276314061}"
511,2026-06-05T16:02:21.346661+00:00,xgb,ranking_lgbm,511,5120,7,1000,0.7725644111633301,768,232,0.5030468106269836,"[""V380"", ""V215"", ""V342"", ""V255"", ""V191"", ""V176"", ""V160""]","{""n_estimators"": 235, ""learning_rate"": 0.17212637658408877, ""max_depth"": 4, ""subsample"": 0.7880414918495862, ""colsample_bytree"": 0.7711973169596946, ""min_child_weight"": 1, ""reg_alpha"": 0.4722738390385597, ""reg_lambda"": 1.0986258333911132}"
512,2026-06-05T16:02:49.943344+00:00,xgb,ranking_lgbm,512,4895,7,1000,0.7957809567451477,753,247,0.49951934814453125,"[""V380"", ""V215"", ""V342"", ""V255"", ""V191"", ""V176"", ""V160""]","{""n_estimators"": 217, ""learning_rate"": 0.11952500985155799, ""max_depth"": 7, ""subsample"": 0.6191549180201803, ""colsample_bytree"": 0.8453862969842763, ""min_child_weight"": 5, ""reg_alpha"": 0.15777083273844228, ""reg_lambda"": 0.6706505282279198}"
513,2026-06-05T16:03:34.181910+00:00,xgb,ranking_lgbm,513,4715,7,988,0.7998725175857544,737,251,0.500352144241333,"[""V380"", ""V215"", ""V342"", ""V255"", ""V191"", ""V176"", ""V160""]","{""n_estimators"": 365, ""learning_rate"": 0.0881777565554554, ""max_depth"": 6, ""subsample"": 0.6126651692568459, ""colsample_bytree"": 0.7795735758826612, ""min_child_weight"": 2, ""reg_alpha"": 0.4699467593876361, ""reg_lambda"": 1.6187511485302488}"
514,2026-06-05T16:04:08.965085+00:00,xgb,ranking_lgbm,514,4805,7,1000,0.7699405550956726,747,253,0.49939659237861633,"[""V380"", ""V215"", ""V342"", ""V255"", ""V191"", ""V176"", ""V160""]","{""n_estimators"": 248, ""learning_rate"": 0.1046834803830639, ""max_depth"": 8, ""subsample"": 0.8320485134524913, ""colsample_bytree"": 0.551446483333867, ""min_child_weight"": 8, ""reg_alpha"": 0.16563168565745134, ""reg_lambda"": 2.079767843799452}"
515,2026-06-05T16:04:21.379121+00:00,xgb,ranking_lgbm,515,5000,7,991,0.722662091255188,757,234,0.4972537159919739,"[""V380"", ""V215"", ""V342"", ""V255"", ""V191"", ""V176"", ""V160""]","{""n_estimators"": 214, ""learning_rate"": 0.16394430366798324, ""max_depth"": 3, ""subsample"": 0.5851250315815455, ""colsample_bytree"": 0.5228933682800732, ""min_child_weight"": 9, ""reg_alpha"": 0.8171919203610936, ""reg_lambda"": 1.4734459381900649}"
516,2026-06-05T16:05:04.010097+00:00,xgb,ranking_lgbm,516,4820,7,1000,0.8313301801681519,748,252,0.4971410632133484,"[""V380"", ""V215"", ""V342"", ""V255"", ""V191"", ""V176"", ""V160""]","{""n_estimators"": 301, ""learning_rate"": 0.145380885309429, ""max_depth"": 7, ""subsample"": 0.844806464086878, ""colsample_bytree"": 0.8966122520794686, ""min_child_weight"": 4, ""reg_alpha"": 0.9067952666968713, ""reg_lambda"": 0.5993830473510504}"
517,2026-06-05T16:05:42.195487+00:00,xgb,ranking_lgbm,517,4865,7,1000,0.7534021139144897,751,249,0.4953543543815613,"[""V380"", ""V215"", ""V342"", ""V255"", ""V191"", ""V176"", ""V160""]","{""n_estimators"": 355, ""learning_rate"": 0.07841476981536566, ""max_depth"": 6, ""subsample"": 0.5557642126380788, ""colsample_bytree"": 0.783393932237668, ""min_child_weight"": 9, ""reg_alpha"": 0.8376069301429002, ""reg_lambda"": 1.58430314529424}"
518,2026-06-05T16:05:53.993555+00:00,xgb,ranking_lgbm,518,5060,7,1000,0.7488008141517639,764,236,0.4974103569984436,"[""V380"", ""V215"", ""V342"", ""V255"", ""V191"", ""V176"", ""V160""]","{""n_estimators"": 133, ""learning_rate"": 0.16574933411676798, ""max_depth"": 5, ""subsample"": 0.7508575525300714, ""colsample_bytree"": 0.6214700816457801, ""min_child_weight"": 6, ""reg_alpha"": 0.3185560449735856, ""reg_lambda"": 1.3167539632492093}"
519,2026-06-05T16:06:31.129098+00:00,xgb,ranking_lgbm,519,4970,7,997,0.7427513003349304,757,240,0.49996307492256165,"[""V380"", ""V215"", ""V342"", ""V255"", ""V191"", ""V176"", ""V160""]","{""n_estimators"": 205, ""learning_rate"": 0.042969113435825365, ""max_depth"": 8, ""subsample"": 0.7789082101251219, ""colsample_bytree"": 0.9579115206151032, ""min_child_weight"": 2, ""reg_alpha"": 0.6381575907798789, ""reg_lambda"": 0.6647076063604089}"
520,2026-06-05T16:06:46.582841+00:00,xgb,ranking_lgbm,520,4960,7,999,0.7175188660621643,757,242,0.4982045888900757,"[""V380"", ""V215"", ""V342"", ""V255"", ""V191"", ""V176"", ""V160""]","{""n_estimators"": 124, ""learning_rate"": 0.07647368639653412, ""max_depth"": 7, ""subsample"": 0.5706373288488474, ""colsample_bytree"": 0.7886444351574347, ""min_child_weight"": 9, ""reg_alpha"": 0.423086818890556, ""reg_lambda"": 2.1628572075316574}"
521,2026-06-05T16:07:27.353249+00:00,xgb,ranking_lgbm,521,4610,7,1000,0.8035431504249573,734,266,0.5005156397819519,"[""V380"", ""V215"", ""V342"", ""V255"", ""V191"", ""V176"", ""V160""]","{""n_estimators"": 272, ""learning_rate"": 0.11721784115693804, ""max_depth"": 7, ""subsample"": 0.5072895564489284, ""colsample_bytree"": 0.7217678970369816, ""min_child_weight"": 2, ""reg_alpha"": 0.580725381615036, ""reg_lambda"": 2.235541344577262}"
522,2026-06-05T16:07:38.343412+00:00,xgb,ranking_lgbm,522,5125,7,999,0.7196087837219238,768,231,0.4978044331073761,"[""V380"", ""V215"", ""V342"", ""V255"", ""V191"", ""V176"", ""V160""]","{""n_estimators"": 118, ""learning_rate"": 0.12215356883045121, ""max_depth"": 5, ""subsample"": 0.709603447144713, ""colsample_bytree"": 0.7104287462007752, ""min_child_weight"": 3, ""reg_alpha"": 0.6929112234320187, ""reg_lambda"": 2.05418435367865}"
523,2026-06-05T16:08:15.702555+00:00,xgb,ranking_lgbm,523,4725,8,1000,0.8293392658233643,755,245,0.5034500956535339,"[""V380"", ""V215"", ""V342"", ""V255"", ""V191"", ""V176"", ""V160"", ""V117""]","{""n_estimators"": 388, ""learning_rate"": 0.15643019152464036, ""max_depth"": 5, ""subsample"": 0.7597384269727498, ""colsample_bytree"": 0.6904771131573906, ""min_child_weight"": 2, ""reg_alpha"": 0.7065627075933844, ""reg_lambda"": 1.9655096206301663}"
524,2026-06-05T16:08:38.872802+00:00,xgb,ranking_lgbm,524,4820,7,1000,0.7509466409683228,748,252,0.49754273891448975,"[""V380"", ""V215"", ""V342"", ""V255"", ""V191"", ""V176"", ""V160""]","{""n_estimators"": 318, ""learning_rate"": 0.11594275682921991, ""max_depth"": 4, ""subsample"": 0.7016541866578461, ""colsample_bytree"": 0.9452827394630885, ""min_child_weight"": 8, ""reg_alpha"": 0.9574412162687149, ""reg_lambda"": 0.8848630740647714}"
525,2026-06-05T16:08:57.900638+00:00,xgb,ranking_lgbm,525,5050,7,996,0.7362433671951294,762,234,0.50018709897995,"[""V380"", ""V215"", ""V342"", ""V255"", ""V191"", ""V176"", ""V160""]","{""n_estimators"": 120, ""learning_rate"": 0.08063033422443014, ""max_depth"": 8, ""subsample"": 0.9549586423816404, ""colsample_bytree"": 0.7804751183866439, ""min_child_weight"": 5, ""reg_alpha"": 0.16295569163645385, ""reg_lambda"": 0.9348272785851195}"
526,2026-06-05T16:09:04.256501+00:00,xgb,ranking_lgbm,526,5135,7,1000,0.706821620464325,769,231,0.49722176790237427,"[""V380"", ""V215"", ""V342"", ""V255"", ""V191"", ""V176"", ""V160""]","{""n_estimators"": 110, ""learning_rate"": 0.17217320275990886, ""max_depth"": 3, ""subsample"": 0.8832333881016132, ""colsample_bytree"": 0.6755123150752863, ""min_child_weight"": 7, ""reg_alpha"": 0.4867892020133031, ""reg_lambda"": 1.5716627365176548}"
527,2026-06-05T16:09:42.099439+00:00,xgb,ranking_lgbm,527,4565,7,994,0.7669038772583008,729,265,0.4959245026111603,"[""V380"", ""V215"", ""V342"", ""V255"", ""V191"", ""V176"", ""V160""]","{""n_estimators"": 266, ""learning_rate"": 0.0899046504330563, ""max_depth"": 8, ""subsample"": 0.5198229456038712, ""colsample_bytree"": 0.773738952791913, ""min_child_weight"": 8, ""reg_alpha"": 0.5640022556927179, ""reg_lambda"": 1.1209566966333693}"
528,2026-06-05T16:10:13.694653+00:00,xgb,ranking_lgbm,528,5145,7,995,0.737507700920105,768,227,0.49815961718559265,"[""V380"", ""V215"", ""V342"", ""V255"", ""V191"", ""V176"", ""V160""]","{""n_estimators"": 365, ""learning_rate"": 0.060334122921935844, ""max_depth"": 5, ""subsample"": 0.8500829588330207, ""colsample_bytree"": 0.8490992412137455, ""min_child_weight"": 9, ""reg_alpha"": 0.7227997101063, ""reg_lambda"": 1.4460412592574543}"
529,2026-06-05T16:10:34.199470+00:00,xgb,ranking_lgbm,529,5010,7,995,0.7417213916778564,759,236,0.49744170904159546,"[""V380"", ""V215"", ""V342"", ""V255"", ""V191"", ""V176"", ""V160""]","{""n_estimators"": 368, ""learning_rate"": 0.15408273655765334, ""max_depth"": 3, ""subsample"": 0.7850837400589827, ""colsample_bytree"": 0.6335466030195516, ""min_child_weight"": 9, ""reg_alpha"": 0.6663902903147324, ""reg_lambda"": 1.6633492110889017}"
530,2026-06-05T16:10:41.396945+00:00,xgb,ranking_lgbm,530,5195,7,1000,0.7014947533607483,773,227,0.4976453185081482,"[""V380"", ""V215"", ""V342"", ""V255"", ""V191"", ""V176"", ""V160""]","{""n_estimators"": 120, ""learning_rate"": 0.14634942026692402, ""max_depth"": 3, ""subsample"": 0.8109019424150302, ""colsample_bytree"": 0.7059692291173895, ""min_child_weight"": 8, ""reg_alpha"": 0.851125775760085, ""reg_lambda"": 2.2139692049719994}"
531,2026-06-05T16:11:27.417980+00:00,xgb,ranking_lgbm,531,4795,7,999,0.778779149055481,746,253,0.49901753664016724,"[""V380"", ""V215"", ""V342"", ""V255"", ""V191"", ""V176"", ""V160""]","{""n_estimators"": 298, ""learning_rate"": 0.09617022319549937, ""max_depth"": 9, ""subsample"": 0.6356647824729268, ""colsample_bytree"": 0.5741633867201169, ""min_child_weight"": 9, ""reg_alpha"": 0.5197494510676268, ""reg_lambda"": 2.2900332183476495}"
532,2026-06-05T16:11:49.198367+00:00,xgb,ranking_lgbm,532,5120,7,997,0.7183725833892822,767,230,0.49832335114479065,"[""V380"", ""V215"", ""V342"", ""V255"", ""V191"", ""V176"", ""V160""]","{""n_estimators"": 388, ""learning_rate"": 0.07717029037506777, ""max_depth"": 3, ""subsample"": 0.8985396237784441, ""colsample_bytree"": 0.922109216375766, ""min_child_weight"": 7, ""reg_alpha"": 0.19213574193788152, ""reg_lambda"": 1.616541698908362}"
533,2026-06-05T16:12:15.518628+00:00,xgb,ranking_lgbm,533,4835,7,1000,0.7795565128326416,749,251,0.5005092024803162,"[""V380"", ""V215"", ""V342"", ""V255"", ""V191"", ""V176"", ""V160""]","{""n_estimators"": 285, ""learning_rate"": 0.1330509562001152, ""max_depth"": 5, ""subsample"": 0.8360464131853963, ""colsample_bytree"": 0.5894944825534588, ""min_child_weight"": 2, ""reg_alpha"": 0.046741540217186794, ""reg_lambda"": 2.1396718813630935}"
534,2026-06-05T16:12:49.185311+00:00,xgb,ranking_lgbm,534,4810,7,999,0.7884350419044495,747,252,0.4998990297317505,"[""V380"", ""V215"", ""V342"", ""V255"", ""V191"", ""V176"", ""V160""]","{""n_estimators"": 192, ""learning_rate"": 0.12150379196269902, ""max_depth"": 9, ""subsample"": 0.915478438694606, ""colsample_bytree"": 0.6702358745576816, ""min_child_weight"": 5, ""reg_alpha"": 0.2709088189043699, ""reg_lambda"": 1.847565594114361}"
535,2026-06-05T16:13:40.540983+00:00,xgb,ranking_lgbm,535,4985,7,1000,0.7158327698707581,759,241,0.4987104535102844,"[""V380"", ""V215"", ""V342"", ""V255"", ""V191"", ""V176"", ""V160""]","{""n_estimators"": 228, ""learning_rate"": 0.03130360503422751, ""max_depth"": 9, ""subsample"": 0.7504140395018006, ""colsample_bytree"": 0.7090421015030501, ""min_child_weight"": 1, ""reg_alpha"": 0.1310598565010207, ""reg_lambda"": 2.0622336927949796}"
536,2026-06-05T16:13:59.349353+00:00,xgb,ranking_lgbm,536,4850,7,1000,0.7468334436416626,750,250,0.49715834856033325,"[""V380"", ""V215"", ""V342"", ""V255"", ""V191"", ""V176"", ""V160""]","{""n_estimators"": 329, ""learning_rate"": 0.16886450612580745, ""max_depth"": 3, ""subsample"": 0.5817303738732083, ""colsample_bytree"": 0.8345410233399454, ""min_child_weight"": 7, ""reg_alpha"": 0.5788995656310054, ""reg_lambda"": 1.8762698373631241}"
537,2026-06-05T16:14:11.064313+00:00,xgb,ranking_lgbm,537,5095,6,1000,0.6893013715744019,753,247,0.4968687891960144,"[""V380"", ""V215"", ""V342"", ""V255"", ""V191"", ""V176""]","{""n_estimators"": 128, ""learning_rate"": 0.08005205599375553, ""max_depth"": 5, ""subsample"": 0.6921866115962685, ""colsample_bytree"": 0.6143850434994742, ""min_child_weight"": 6, ""reg_alpha"": 0.43466258925368795, ""reg_lambda"": 1.361828438168314}"
538,2026-06-05T16:14:22.541394+00:00,xgb,ranking_lgbm,538,5090,7,1000,0.7186633944511414,766,234,0.49667617678642273,"[""V380"", ""V215"", ""V342"", ""V255"", ""V191"", ""V176"", ""V160""]","{""n_estimators"": 208, ""learning_rate"": 0.15689271289604206, ""max_depth"": 3, ""subsample"": 0.8451433482885868, ""colsample_bytree"": 0.6006885355355035, ""min_child_weight"": 9, ""reg_alpha"": 0.40071990483959663, ""reg_lambda"": 2.2282017248150634}"
539,2026-06-05T16:14:48.246708+00:00,xgb,ranking_lgbm,539,4875,8,1000,0.785749614238739,765,235,0.5022920966148376,"[""V380"", ""V215"", ""V342"", ""V255"", ""V191"", ""V176"", ""V160"", ""V117""]","{""n_estimators"": 283, ""learning_rate"": 0.13275175030813968, ""max_depth"": 5, ""subsample"": 0.7546805103141541, ""colsample_bytree"": 0.7290008132690688, ""min_child_weight"": 6, ""reg_alpha"": 0.4285027771951664, ""reg_lambda"": 1.1497834732112033}"
540,2026-06-05T16:15:10.373556+00:00,xgb,ranking_lgbm,540,5030,7,1000,0.7555753588676453,762,238,0.49841874837875366,"[""V380"", ""V215"", ""V342"", ""V255"", ""V191"", ""V176"", ""V160""]","{""n_estimators"": 240, ""learning_rate"": 0.09734068824488262, ""max_depth"": 5, ""subsample"": 0.5587187144358372, ""colsample_bytree"": 0.746054143205557, ""min_child_weight"": 5, ""reg_alpha"": 0.6003215892472942, ""reg_lambda"": 0.6353542097019722}"
541,2026-06-05T16:15:27.343569+00:00,xgb,ranking_lgbm,541,5110,6,1000,0.7626612782478333,754,246,0.5005649328231812,"[""V380"", ""V215"", ""V342"", ""V255"", ""V191"", ""V176""]","{""n_estimators"": 183, ""learning_rate"": 0.16592701089255912, ""max_depth"": 5, ""subsample"": 0.6720219392355503, ""colsample_bytree"": 0.5469994053909337, ""min_child_weight"": 3, ""reg_alpha"": 0.14350946973940126, ""reg_lambda"": 0.5599951162182544}"
542,2026-06-05T16:16:03.289315+00:00,xgb,ranking_lgbm,542,5195,7,1000,0.7267530560493469,773,227,0.49700677394866943,"[""V380"", ""V215"", ""V342"", ""V255"", ""V191"", ""V176"", ""V160""]","{""n_estimators"": 231, ""learning_rate"": 0.03907543856140318, ""max_depth"": 8, ""subsample"": 0.6476711730126854, ""colsample_bytree"": 0.9191791241859547, ""min_child_weight"": 6, ""reg_alpha"": 0.5434704410177225, ""reg_lambda"": 1.2214262429866327}"
543,2026-06-05T16:16:35.501735+00:00,xgb,ranking_lgbm,543,5055,8,1000,0.7243028283119202,777,223,0.49757128953933716,"[""V380"", ""V215"", ""V342"", ""V255"", ""V191"", ""V176"", ""V160"", ""V117""]","{""n_estimators"": 219, ""learning_rate"": 0.03635880312904417, ""max_depth"": 7, ""subsample"": 0.7548639178386054, ""colsample_bytree"": 0.9044084819028662, ""min_child_weight"": 2, ""reg_alpha"": 0.2677448899816186, ""reg_lambda"": 1.86173721083804}"
544,2026-06-05T16:17:25.598880+00:00,xgb,ranking_lgbm,544,5210,7,1000,0.7168347239494324,774,226,0.49699315428733826,"[""V380"", ""V215"", ""V342"", ""V255"", ""V191"", ""V176"", ""V160""]","{""n_estimators"": 349, ""learning_rate"": 0.030591448543440397, ""max_depth"": 7, ""subsample"": 0.7007402597938673, ""colsample_bytree"": 0.5773212912169661, ""min_child_weight"": 8, ""reg_alpha"": 0.7550981102680678, ""reg_lambda"": 1.016521362865102}"
545,2026-06-05T16:17:34.242336+00:00,xgb,ranking_lgbm,545,5105,7,1000,0.718023419380188,767,233,0.49762871861457825,"[""V380"", ""V215"", ""V342"", ""V255"", ""V191"", ""V176"", ""V160""]","{""n_estimators"": 129, ""learning_rate"": 0.16474321308265086, ""max_depth"": 3, ""subsample"": 0.709693744652967, ""colsample_bytree"": 0.5828905908644064, ""min_child_weight"": 7, ""reg_alpha"": 0.027165228621922166, ""reg_lambda"": 0.6901607013317803}"
546,2026-06-05T16:17:43.203866+00:00,xgb,ranking_lgbm,546,5165,7,1000,0.6426272392272949,771,229,0.4958069324493408,"[""V380"", ""V215"", ""V342"", ""V255"", ""V191"", ""V176"", ""V160""]","{""n_estimators"": 105, ""learning_rate"": 0.045486266910110214, ""max_depth"": 4, ""subsample"": 0.5757745566833377, ""colsample_bytree"": 0.7070898218517356, ""min_child_weight"": 5, ""reg_alpha"": 0.19510495473422929, ""reg_lambda"": 0.5896729879905909}"
547,2026-06-05T16:18:28.904255+00:00,xgb,ranking_lgbm,547,4600,7,999,0.8589024543762207,733,266,0.49816903471946716,"[""V380"", ""V215"", ""V342"", ""V255"", ""V191"", ""V176"", ""V160""]","{""n_estimators"": 215, ""learning_rate"": 0.1759867654536359, ""max_depth"": 9, ""subsample"": 0.7935566846146305, ""colsample_bytree"": 0.8469637218079693, ""min_child_weight"": 1, ""reg_alpha"": 0.4997189214419865, ""reg_lambda"": 1.6620232519999463}"
548,2026-06-05T16:18:46.156478+00:00,xgb,ranking_lgbm,548,5255,7,1000,0.732540488243103,777,223,0.4992898404598236,"[""V380"", ""V215"", ""V342"", ""V255"", ""V191"", ""V176"", ""V160""]","{""n_estimators"": 211, ""learning_rate"": 0.12280740945454956, ""max_depth"": 4, ""subsample"": 0.9551068160514273, ""colsample_bytree"": 0.5024441898144749, ""min_child_weight"": 3, ""reg_alpha"": 0.31724590457062374, ""reg_lambda"": 0.6734345014674896}"
549,2026-06-05T16:19:25.922949+00:00,xgb,ranking_lgbm,549,4910,7,1000,0.761978268623352,754,246,0.4988287091255188,"[""V380"", ""V215"", ""V342"", ""V255"", ""V191"", ""V176"", ""V160""]","{""n_estimators"": 234, ""learning_rate"": 0.07253065681319082, ""max_depth"": 8, ""subsample"": 0.8041610289201384, ""colsample_bytree"": 0.8369211194572368, ""min_child_weight"": 7, ""reg_alpha"": 0.8360847552167682, ""reg_lambda"": 1.0037230848483434}"
550,2026-06-05T16:19:57.093355+00:00,xgb,ranking_lgbm,550,5210,7,1000,0.7094971537590027,774,226,0.49765995144844055,"[""V380"", ""V215"", ""V342"", ""V255"", ""V191"", ""V176"", ""V160""]","{""n_estimators"": 220, ""learning_rate"": 0.03814439617112726, ""max_depth"": 7, ""subsample"": 0.9608281491631276, ""colsample_bytree"": 0.7410672851531123, ""min_child_weight"": 8, ""reg_alpha"": 0.4858387174512022, ""reg_lambda"": 2.259148258715147}"
551,2026-06-05T16:20:06.523350+00:00,xgb,ranking_lgbm,551,5210,7,1000,0.7150670289993286,774,226,0.5000905990600586,"[""V380"", ""V215"", ""V342"", ""V255"", ""V191"", ""V176"", ""V160""]","{""n_estimators"": 137, ""learning_rate"": 0.15135328661157454, ""max_depth"": 3, ""subsample"": 0.5952175237073124, ""colsample_bytree"": 0.5714703358638049, ""min_child_weight"": 3, ""reg_alpha"": 0.4265766966223501, ""reg_lambda"": 1.2237304313712336}"
552,2026-06-05T16:20:26.307667+00:00,xgb,ranking_lgbm,552,5065,7,993,0.7107861042022705,762,231,0.49831297993659973,"[""V380"", ""V215"", ""V342"", ""V255"", ""V191"", ""V176"", ""V160""]","{""n_estimators"": 321, ""learning_rate"": 0.07243654985894568, ""max_depth"": 3, ""subsample"": 0.687247122733189, ""colsample_bytree"": 0.5112213634031066, ""min_child_weight"": 9, ""reg_alpha"": 0.6264960777029969, ""reg_lambda"": 0.9561584212971923}"
553,2026-06-05T16:20:42.100245+00:00,xgb,ranking_lgbm,553,5000,7,1000,0.736713707447052,760,240,0.4994378983974457,"[""V380"", ""V215"", ""V342"", ""V255"", ""V191"", ""V176"", ""V160""]","{""n_estimators"": 186, ""learning_rate"": 0.11647325012529754, ""max_depth"": 4, ""subsample"": 0.5848742209422655, ""colsample_bytree"": 0.6223185301647631, ""min_child_weight"": 1, ""reg_alpha"": 0.14935184726600137, ""reg_lambda"": 0.9731444042964901}"
554,2026-06-05T16:21:02.278881+00:00,xgb,ranking_lgbm,554,5165,7,1000,0.7460476756095886,771,229,0.49753686785697937,"[""V380"", ""V215"", ""V342"", ""V255"", ""V191"", ""V176"", ""V160""]","{""n_estimators"": 147, ""learning_rate"": 0.11262101840392637, ""max_depth"": 7, ""subsample"": 0.9390989606227247, ""colsample_bytree"": 0.8483914611600283, ""min_child_weight"": 9, ""reg_alpha"": 0.4604657672002155, ""reg_lambda"": 0.8820373414314293}"
555,2026-06-05T16:21:47.748215+00:00,xgb,ranking_lgbm,555,4755,8,1000,0.8112034797668457,757,243,0.5007641315460205,"[""V380"", ""V215"", ""V342"", ""V255"", ""V191"", ""V176"", ""V160"", ""V117""]","{""n_estimators"": 363, ""learning_rate"": 0.13354240294287045, ""max_depth"": 6, ""subsample"": 0.8753944577877759, ""colsample_bytree"": 0.5967469499590183, ""min_child_weight"": 8, ""reg_alpha"": 0.26247561484016313, ""reg_lambda"": 0.7019265196581308}"
556,2026-06-05T16:22:32.396420+00:00,xgb,ranking_lgbm,556,5060,7,1000,0.7356398105621338,764,236,0.5022478699684143,"[""V380"", ""V215"", ""V342"", ""V255"", ""V191"", ""V176"", ""V160""]","{""n_estimators"": 274, ""learning_rate"": 0.03717826988342933, ""max_depth"": 7, ""subsample"": 0.9961518484591694, ""colsample_bytree"": 0.7360011807874118, ""min_child_weight"": 1, ""reg_alpha"": 0.677503421499723, ""reg_lambda"": 1.1794667592643289}"
557,2026-06-05T16:23:21.543424+00:00,xgb,ranking_lgbm,557,4890,7,998,0.8181092143058777,752,246,0.5037267804145813,"[""V380"", ""V215"", ""V342"", ""V255"", ""V191"", ""V176"", ""V160""]","{""n_estimators"": 243, ""learning_rate"": 0.09108754754596957, ""max_depth"": 9, ""subsample"": 0.8894975853023832, ""colsample_bytree"": 0.7695437676488277, ""min_child_weight"": 2, ""reg_alpha"": 0.41693278415491286, ""reg_lambda"": 0.851191826367675}"
558,2026-06-05T16:24:07.736294+00:00,xgb,ranking_lgbm,558,4940,7,1000,0.854117751121521,756,244,0.5005685687065125,"[""V380"", ""V215"", ""V342"", ""V255"", ""V191"", ""V176"", ""V160""]","{""n_estimators"": 326, ""learning_rate"": 0.16553173507839333, ""max_depth"": 6, ""subsample"": 0.7104503214741218, ""colsample_bytree"": 0.8451647768187855, ""min_child_weight"": 1, ""reg_alpha"": 0.2594806894726859, ""reg_lambda"": 1.7642786520602758}"
559,2026-06-05T16:24:28.905095+00:00,xgb,ranking_lgbm,559,5090,7,1000,0.7456497550010681,766,234,0.499269038438797,"[""V380"", ""V215"", ""V342"", ""V255"", ""V191"", ""V176"", ""V160""]","{""n_estimators"": 205, ""learning_rate"": 0.11363881006937888, ""max_depth"": 5, ""subsample"": 0.9992217225515556, ""colsample_bytree"": 0.9386554074329287, ""min_child_weight"": 7, ""reg_alpha"": 0.05699721073376385, ""reg_lambda"": 0.5005851702036761}"
560,2026-06-05T16:24:56.411698+00:00,xgb,ranking_lgbm,560,4955,7,1000,0.7642542123794556,757,243,0.4989483058452606,"[""V380"", ""V215"", ""V342"", ""V255"", ""V191"", ""V176"", ""V160""]","{""n_estimators"": 327, ""learning_rate"": 0.14358163252932343, ""max_depth"": 4, ""subsample"": 0.7959527936602381, ""colsample_bytree"": 0.9848489206627189, ""min_child_weight"": 8, ""reg_alpha"": 0.9881509307119392, ""reg_lambda"": 1.0965097344934818}"
561,2026-06-05T16:25:40.968971+00:00,xgb,ranking_lgbm,561,5065,7,999,0.7307776212692261,764,235,0.4993075728416443,"[""V380"", ""V215"", ""V342"", ""V255"", ""V191"", ""V176"", ""V160""]","{""n_estimators"": 238, ""learning_rate"": 0.047712966585886724, ""max_depth"": 8, ""subsample"": 0.6057883693806535, ""colsample_bytree"": 0.7097439378944667, ""min_child_weight"": 1, ""reg_alpha"": 0.9559615930780756, ""reg_lambda"": 1.8121387877279225}"
562,2026-06-05T16:26:30.748465+00:00,xgb,ranking_lgbm,562,4835,8,999,0.7808721661567688,762,237,0.4998610317707062,"[""V380"", ""V215"", ""V342"", ""V255"", ""V191"", ""V176"", ""V160"", ""V117""]","{""n_estimators"": 380, ""learning_rate"": 0.08190326023230787, ""max_depth"": 6, ""subsample"": 0.6651080584929123, ""colsample_bytree"": 0.7286620446727303, ""min_child_weight"": 7, ""reg_alpha"": 0.6823238943983785, ""reg_lambda"": 0.5463752551266321}"
563,2026-06-05T16:27:03.030897+00:00,xgb,ranking_lgbm,563,4895,7,1000,0.7661992907524109,753,247,0.4990980327129364,"[""V380"", ""V215"", ""V342"", ""V255"", ""V191"", ""V176"", ""V160""]","{""n_estimators"": 175, ""learning_rate"": 0.1035868689049, ""max_depth"": 9, ""subsample"": 0.7269662175845435, ""colsample_bytree"": 0.5826267201553352, ""min_child_weight"": 7, ""reg_alpha"": 0.6674336476211878, ""reg_lambda"": 0.5958613175587071}"
564,2026-06-05T16:27:14.318908+00:00,xgb,ranking_lgbm,564,5090,7,1000,0.7137989401817322,766,234,0.49874910712242126,"[""V380"", ""V215"", ""V342"", ""V255"", ""V191"", ""V176"", ""V160""]","{""n_estimators"": 130, ""learning_rate"": 0.11238122702019258, ""max_depth"": 4, ""subsample"": 0.852401515217867, ""colsample_bytree"": 0.5063282851513615, ""min_child_weight"": 1, ""reg_alpha"": 0.3436239674964182, ""reg_lambda"": 0.5263019736236867}"
565,2026-06-05T16:27:35.493754+00:00,xgb,ranking_lgbm,565,4990,7,996,0.7622917890548706,758,238,0.5009974837303162,"[""V380"", ""V215"", ""V342"", ""V255"", ""V191"", ""V176"", ""V160""]","{""n_estimators"": 148, ""learning_rate"": 0.13174429615321054, ""max_depth"": 7, ""subsample"": 0.827729359173311, ""colsample_bytree"": 0.5945430188916851, ""min_child_weight"": 7, ""reg_alpha"": 0.26956164879858624, ""reg_lambda"": 0.9600891297364988}"
566,2026-06-05T16:28:35.296616+00:00,xgb,ranking_lgbm,566,4775,7,1000,0.8024343848228455,745,255,0.49949023127555847,"[""V380"", ""V215"", ""V342"", ""V255"", ""V191"", ""V176"", ""V160""]","{""n_estimators"": 360, ""learning_rate"": 0.10236023169890453, ""max_depth"": 8, ""subsample"": 0.9008392597891316, ""colsample_bytree"": 0.5797031187016757, ""min_child_weight"": 8, ""reg_alpha"": 0.056272614545131106, ""reg_lambda"": 2.011154578851531}"
567,2026-06-05T16:29:02.626782+00:00,xgb,ranking_lgbm,567,4900,7,996,0.7914277911186218,752,244,0.49943217635154724,"[""V380"", ""V215"", ""V342"", ""V255"", ""V191"", ""V176"", ""V160""]","{""n_estimators"": 184, ""learning_rate"": 0.13463196228661345, ""max_depth"": 7, ""subsample"": 0.7957275825249677, ""colsample_bytree"": 0.9764583398187507, ""min_child_weight"": 6, ""reg_alpha"": 0.2882594885762607, ""reg_lambda"": 1.396272210550142}"
568,2026-06-05T16:29:52.036448+00:00,xgb,ranking_lgbm,568,4500,8,1000,0.8582243323326111,740,260,0.5015319585800171,"[""V380"", ""V215"", ""V342"", ""V255"", ""V191"", ""V176"", ""V160"", ""V117""]","{""n_estimators"": 295, ""learning_rate"": 0.1729549454333676, ""max_depth"": 7, ""subsample"": 0.564638094394513, ""colsample_bytree"": 0.9805920161079085, ""min_child_weight"": 2, ""reg_alpha"": 0.980702958078914, ""reg_lambda"": 1.5039471493012109}"
569,2026-06-05T16:31:00.221456+00:00,xgb,ranking_lgbm,569,4835,7,1000,0.7682506442070007,749,251,0.4988064467906952,"[""V380"", ""V215"", ""V342"", ""V255"", ""V191"", ""V176"", ""V160""]","{""n_estimators"": 352, ""learning_rate"": 0.055038657862803986, ""max_depth"": 9, ""subsample"": 0.7243041595465515, ""colsample_bytree"": 0.8359654490243029, ""min_child_weight"": 8, ""reg_alpha"": 0.670403042905866, ""reg_lambda"": 0.8615191636378079}"
570,2026-06-05T16:31:18.683368+00:00,xgb,ranking_lgbm,570,5225,7,1000,0.6998230814933777,775,225,0.4964038133621216,"[""V380"", ""V215"", ""V342"", ""V255"", ""V191"", ""V176"", ""V160""]","{""n_estimators"": 134, ""learning_rate"": 0.05967883081476801, ""max_depth"": 7, ""subsample"": 0.7531799245018901, ""colsample_bytree"": 0.6464977911267351, ""min_child_weight"": 7, ""reg_alpha"": 0.9854995647932548, ""reg_lambda"": 1.6617955819533243}"
571,2026-06-05T16:31:34.219680+00:00,xgb,ranking_lgbm,571,5170,7,999,0.7107378244400024,771,228,0.49767357110977173,"[""V380"", ""V215"", ""V342"", ""V255"", ""V191"", ""V176"", ""V160""]","{""n_estimators"": 185, ""learning_rate"": 0.07415163571512587, ""max_depth"": 4, ""subsample"": 0.8542513666008082, ""colsample_bytree"": 0.7840610222963726, ""min_child_weight"": 4, ""reg_alpha"": 0.3076299846412932, ""reg_lambda"": 1.4331285755522027}"
572,2026-06-05T16:32:58.837334+00:00,xgb,ranking_lgbm,572,4675,7,999,0.8336355090141296,738,261,0.5005034804344177,"[""V380"", ""V215"", ""V342"", ""V255"", ""V191"", ""V176"", ""V160""]","{""n_estimators"": 389, ""learning_rate"": 0.07183121009785785, ""max_depth"": 9, ""subsample"": 0.7928778630320972, ""colsample_bytree"": 0.9119101055662142, ""min_child_weight"": 1, ""reg_alpha"": 0.6480362679136664, ""reg_lambda"": 1.2391714274233239}"
573,2026-06-05T16:33:16.641321+00:00,xgb,ranking_lgbm,573,5135,6,998,0.6865419745445251,755,243,0.4984953999519348,"[""V380"", ""V215"", ""V342"", ""V255"", ""V191"", ""V176""]","{""n_estimators"": 221, ""learning_rate"": 0.05601552023302985, ""max_depth"": 4, ""subsample"": 0.9161127807910766, ""colsample_bytree"": 0.582999430313617, ""min_child_weight"": 3, ""reg_alpha"": 0.644680490148373, ""reg_lambda"": 1.2690429913309456}"
574,2026-06-05T16:33:39.631237+00:00,xgb,ranking_lgbm,574,5165,7,1000,0.6878146529197693,771,229,0.49678662419319153,"[""V380"", ""V215"", ""V342"", ""V255"", ""V191"", ""V176"", ""V160""]","{""n_estimators"": 132, ""learning_rate"": 0.05139850574860612, ""max_depth"": 9, ""subsample"": 0.6941957426474833, ""colsample_bytree"": 0.5162462738538796, ""min_child_weight"": 9, ""reg_alpha"": 0.3636694628665179, ""reg_lambda"": 1.482786902369331}"
575,2026-06-05T16:34:14.353687+00:00,xgb,ranking_lgbm,575,4760,7,1000,0.7982232570648193,744,256,0.4996773302555084,"[""V380"", ""V215"", ""V342"", ""V255"", ""V191"", ""V176"", ""V160""]","{""n_estimators"": 271, ""learning_rate"": 0.1599792910230514, ""max_depth"": 6, ""subsample"": 0.762075257515157, ""colsample_bytree"": 0.5011636192945439, ""min_child_weight"": 4, ""reg_alpha"": 0.29378808160081604, ""reg_lambda"": 1.9197017525215383}"
576,2026-06-05T16:34:29.569966+00:00,xgb,ranking_lgbm,576,5195,7,1000,0.7018421292304993,773,227,0.49660545587539673,"[""V380"", ""V215"", ""V342"", ""V255"", ""V191"", ""V176"", ""V160""]","{""n_estimators"": 243, ""learning_rate"": 0.07247130917968381, ""max_depth"": 3, ""subsample"": 0.761821250416534, ""colsample_bytree"": 0.7237056437085138, ""min_child_weight"": 9, ""reg_alpha"": 0.7582169116500092, ""reg_lambda"": 1.4327629373106694}"
577,2026-06-05T16:35:10.880111+00:00,xgb,ranking_lgbm,577,4670,7,997,0.8277820944786072,737,260,0.5020152926445007,"[""V380"", ""V215"", ""V342"", ""V255"", ""V191"", ""V176"", ""V160""]","{""n_estimators"": 378, ""learning_rate"": 0.1671047929100523, ""max_depth"": 5, ""subsample"": 0.6839170037359126, ""colsample_bytree"": 0.80701088973105, ""min_child_weight"": 5, ""reg_alpha"": 0.17202564771867468, ""reg_lambda"": 0.8211949065525685}"
578,2026-06-05T16:35:34.497369+00:00,xgb,ranking_lgbm,578,5045,7,1000,0.7385864853858948,763,237,0.4980892539024353,"[""V380"", ""V215"", ""V342"", ""V255"", ""V191"", ""V176"", ""V160""]","{""n_estimators"": 376, ""learning_rate"": 0.13075346785365766, ""max_depth"": 3, ""subsample"": 0.5168075136174413, ""colsample_bytree"": 0.6156860284110353, ""min_child_weight"": 2, ""reg_alpha"": 0.9096300850270245, ""reg_lambda"": 2.1513022779839925}"
579,2026-06-05T16:36:30.429440+00:00,xgb,ranking_lgbm,579,4945,7,999,0.793534517288208,756,243,0.5024383664131165,"[""V380"", ""V215"", ""V342"", ""V255"", ""V191"", ""V176"", ""V160""]","{""n_estimators"": 282, ""learning_rate"": 0.07083105939534004, ""max_depth"": 9, ""subsample"": 0.9741857734747397, ""colsample_bytree"": 0.7607971682848846, ""min_child_weight"": 2, ""reg_alpha"": 0.4222137836450718, ""reg_lambda"": 1.805340377441463}"
580,2026-06-05T16:36:44.146788+00:00,xgb,ranking_lgbm,580,4940,7,1000,0.7391944527626038,756,244,0.49688228964805603,"[""V380"", ""V215"", ""V342"", ""V255"", ""V191"", ""V176"", ""V160""]","{""n_estimators"": 116, ""learning_rate"": 0.16685769963248778, ""max_depth"": 6, ""subsample"": 0.5685709106790661, ""colsample_bytree"": 0.6822938693094396, ""min_child_weight"": 9, ""reg_alpha"": 0.6780566584534488, ""reg_lambda"": 2.0306332289968134}"
581,2026-06-05T16:37:38.350202+00:00,xgb,ranking_lgbm,581,4870,7,999,0.802037239074707,751,248,0.49872833490371704,"[""V380"", ""V215"", ""V342"", ""V255"", ""V191"", ""V176"", ""V160""]","{""n_estimators"": 310, ""learning_rate"": 0.09752543795032798, ""max_depth"": 8, ""subsample"": 0.6887591880896047, ""colsample_bytree"": 0.8784978148728262, ""min_child_weight"": 5, ""reg_alpha"": 0.7198641191303572, ""reg_lambda"": 1.5858377625967781}"
582,2026-06-05T16:38:14.457702+00:00,xgb,ranking_lgbm,582,4820,7,997,0.8005247116088867,747,250,0.49776947498321533,"[""V380"", ""V215"", ""V342"", ""V255"", ""V191"", ""V176"", ""V160""]","{""n_estimators"": 289, ""learning_rate"": 0.16344098587904884, ""max_depth"": 6, ""subsample"": 0.8752385333497483, ""colsample_bytree"": 0.7889084585406222, ""min_child_weight"": 9, ""reg_alpha"": 0.6353965299858889, ""reg_lambda"": 0.6970962524052378}"
583,2026-06-05T16:38:27.440957+00:00,xgb,ranking_lgbm,583,5090,4,1000,0.6247782111167908,726,274,0.49655020236968994,"[""V380"", ""V215"", ""V342"", ""V255""]","{""n_estimators"": 154, ""learning_rate"": 0.036838277401066065, ""max_depth"": 4, ""subsample"": 0.7527088219424072, ""colsample_bytree"": 0.7776560889435611, ""min_child_weight"": 3, ""reg_alpha"": 0.2681241773527343, ""reg_lambda"": 1.1864532842220619}"
584,2026-06-05T16:38:35.895016+00:00,xgb,ranking_lgbm,584,5235,5,1000,0.6234593391418457,749,251,0.49652934074401855,"[""V380"", ""V215"", ""V342"", ""V255"", ""V191""]","{""n_estimators"": 133, ""learning_rate"": 0.04716223133996987, ""max_depth"": 3, ""subsample"": 0.5793659016901398, ""colsample_bytree"": 0.5497449644726076, ""min_child_weight"": 6, ""reg_alpha"": 0.6703019377340833, ""reg_lambda"": 1.91030761024673}"
585,2026-06-05T16:38:53.330012+00:00,xgb,ranking_lgbm,585,5075,7,1000,0.7002601623535156,765,235,0.49578770995140076,"[""V380"", ""V215"", ""V342"", ""V255"", ""V191"", ""V176"", ""V160""]","{""n_estimators"": 177, ""learning_rate"": 0.04776925714365978, ""max_depth"": 5, ""subsample"": 0.6361316396746445, ""colsample_bytree"": 0.993695926602312, ""min_child_weight"": 8, ""reg_alpha"": 0.8698702308834095, ""reg_lambda"": 1.0442608329983447}"
586,2026-06-05T16:39:39.194680+00:00,xgb,ranking_lgbm,586,4710,7,983,0.7816088199615479,735,248,0.49810242652893066,"[""V380"", ""V215"", ""V342"", ""V255"", ""V191"", ""V176"", ""V160""]","{""n_estimators"": 362, ""learning_rate"": 0.12826446881211717, ""max_depth"": 6, ""subsample"": 0.6925581768390587, ""colsample_bytree"": 0.536470792873569, ""min_child_weight"": 9, ""reg_alpha"": 0.953376532873266, ""reg_lambda"": 2.464691394467992}"
587,2026-06-05T16:40:27.508896+00:00,xgb,ranking_lgbm,587,4850,7,1000,0.7867916822433472,750,250,0.4976450204849243,"[""V380"", ""V215"", ""V342"", ""V255"", ""V191"", ""V176"", ""V160""]","{""n_estimators"": 252, ""learning_rate"": 0.10465213671330972, ""max_depth"": 9, ""subsample"": 0.5527345702256377, ""colsample_bytree"": 0.540870861439765, ""min_child_weight"": 4, ""reg_alpha"": 0.12138112395309097, ""reg_lambda"": 1.6625927870456592}"
588,2026-06-05T16:40:49.352308+00:00,xgb,ranking_lgbm,588,5405,7,1000,0.6862173080444336,787,213,0.49588993191719055,"[""V380"", ""V215"", ""V342"", ""V255"", ""V191"", ""V176"", ""V160""]","{""n_estimators"": 118, ""learning_rate"": 0.03439112020373642, ""max_depth"": 9, ""subsample"": 0.7654857776117724, ""colsample_bytree"": 0.8284736093907576, ""min_child_weight"": 7, ""reg_alpha"": 0.0974831418299652, ""reg_lambda"": 1.4863286644704554}"
589,2026-06-05T16:41:41.227080+00:00,xgb,ranking_lgbm,589,4740,8,1000,0.8313853144645691,756,244,0.4985142648220062,"[""V380"", ""V215"", ""V342"", ""V255"", ""V191"", ""V176"", ""V160"", ""V117""]","{""n_estimators"": 347, ""learning_rate"": 0.15566223270414162, ""max_depth"": 7, ""subsample"": 0.7417555398879405, ""colsample_bytree"": 0.7770995749202967, ""min_child_weight"": 9, ""reg_alpha"": 0.5271779722272611, ""reg_lambda"": 0.8939514814443519}"
590,2026-06-05T16:42:44.778445+00:00,xgb,ranking_lgbm,590,4600,7,996,0.8566933870315552,732,264,0.4972825050354004,"[""V380"", ""V215"", ""V342"", ""V255"", ""V191"", ""V176"", ""V160""]","{""n_estimators"": 324, ""learning_rate"": 0.15442398944035107, ""max_depth"": 9, ""subsample"": 0.8293201561508052, ""colsample_bytree"": 0.8984695354049219, ""min_child_weight"": 5, ""reg_alpha"": 0.7310686020120064, ""reg_lambda"": 1.214261267803092}"
591,2026-06-05T16:43:27.719302+00:00,xgb,ranking_lgbm,591,5200,7,999,0.7176737785339355,773,226,0.49770626425743103,"[""V380"", ""V215"", ""V342"", ""V255"", ""V191"", ""V176"", ""V160""]","{""n_estimators"": 334, ""learning_rate"": 0.03321529485578978, ""max_depth"": 6, ""subsample"": 0.6797143721398299, ""colsample_bytree"": 0.765773261813796, ""min_child_weight"": 7, ""reg_alpha"": 0.8010024463060643, ""reg_lambda"": 1.379587721970001}"
592,2026-06-05T16:44:28.562172+00:00,xgb,ranking_lgbm,592,4850,7,1000,0.8137043714523315,750,250,0.49943768978118896,"[""V380"", ""V215"", ""V342"", ""V255"", ""V191"", ""V176"", ""V160""]","{""n_estimators"": 319, ""learning_rate"": 0.10114449558369717, ""max_depth"": 9, ""subsample"": 0.6884015300918587, ""colsample_bytree"": 0.8100417634002517, ""min_child_weight"": 7, ""reg_alpha"": 0.1423545570533623, ""reg_lambda"": 0.77941179611914}"
593,2026-06-05T16:45:22.947091+00:00,xgb,ranking_lgbm,593,4860,7,998,0.7615227699279785,750,248,0.49670296907424927,"[""V380"", ""V215"", ""V342"", ""V255"", ""V191"", ""V176"", ""V160""]","{""n_estimators"": 286, ""learning_rate"": 0.06686628823501783, ""max_depth"": 9, ""subsample"": 0.5902084309633788, ""colsample_bytree"": 0.7168772665780194, ""min_child_weight"": 6, ""reg_alpha"": 0.4333120908809345, ""reg_lambda"": 1.4625388077823722}"
594,2026-06-05T16:45:54.702973+00:00,xgb,ranking_lgbm,594,4770,8,1000,0.8332207202911377,758,242,0.503309428691864,"[""V380"", ""V215"", ""V342"", ""V255"", ""V191"", ""V176"", ""V160"", ""V117""]","{""n_estimators"": 160, ""learning_rate"": 0.15298710729191, ""max_depth"": 9, ""subsample"": 0.8065533525793916, ""colsample_bytree"": 0.9988352681431226, ""min_child_weight"": 3, ""reg_alpha"": 0.31262762454032444, ""reg_lambda"": 1.8672408168198873}"
595,2026-06-05T16:46:25.403808+00:00,xgb,ranking_lgbm,595,4940,7,997,0.8152953386306763,755,242,0.4991084039211273,"[""V380"", ""V215"", ""V342"", ""V255"", ""V191"", ""V176"", ""V160""]","{""n_estimators"": 165, ""learning_rate"": 0.1235626037131326, ""max_depth"": 8, ""subsample"": 0.8006858566851904, ""colsample_bytree"": 0.9027051203889513, ""min_child_weight"": 1, ""reg_alpha"": 0.42127035892950704, ""reg_lambda"": 0.7773606949094041}"
596,2026-06-05T16:46:45.227380+00:00,xgb,ranking_lgbm,596,5045,7,1000,0.7462003827095032,763,237,0.4977817237377167,"[""V380"", ""V215"", ""V342"", ""V255"", ""V191"", ""V176"", ""V160""]","{""n_estimators"": 125, ""learning_rate"": 0.09883760278166782, ""max_depth"": 8, ""subsample"": 0.6439296296879784, ""colsample_bytree"": 0.7515249309931094, ""min_child_weight"": 7, ""reg_alpha"": 0.34696934522081013, ""reg_lambda"": 0.7652204217273735}"
597,2026-06-05T16:47:22.551195+00:00,xgb,ranking_lgbm,597,4630,9,1000,0.8271005749702454,762,238,0.497317373752594,"[""V380"", ""V215"", ""V342"", ""V255"", ""V191"", ""V176"", ""V160"", ""V117"", ""V390""]","{""n_estimators"": 255, ""learning_rate"": 0.17959321379113363, ""max_depth"": 7, ""subsample"": 0.7732837743329948, ""colsample_bytree"": 0.8737554930544313, ""min_child_weight"": 8, ""reg_alpha"": 0.8450515632860955, ""reg_lambda"": 1.8483343032234016}"
598,2026-06-05T16:48:10.236671+00:00,xgb,ranking_lgbm,598,4905,7,995,0.7847226858139038,752,243,0.5000025629997253,"[""V380"", ""V215"", ""V342"", ""V255"", ""V191"", ""V176"", ""V160""]","{""n_estimators"": 260, ""learning_rate"": 0.09325023084315781, ""max_depth"": 9, ""subsample"": 0.9222119983030211, ""colsample_bytree"": 0.8322625731954398, ""min_child_weight"": 8, ""reg_alpha"": 0.5956730146965235, ""reg_lambda"": 1.370486820934937}"
599,2026-06-05T16:49:21.515300+00:00,xgb,ranking_lgbm,599,4575,8,1000,0.8512117266654968,745,255,0.4978855550289154,"[""V380"", ""V215"", ""V342"", ""V255"", ""V191"", ""V176"", ""V160"", ""V117""]","{""n_estimators"": 371, ""learning_rate"": 0.14103351640331552, ""max_depth"": 9, ""subsample"": 0.8545470551979841, ""colsample_bytree"": 0.9800343381593272, ""min_child_weight"": 8, ""reg_alpha"": 0.8368675738829325, ""reg_lambda"": 1.1319376190476869}"
600,2026-06-05T16:49:41.287772+00:00,xgb,ranking_lgbm,600,5050,7,999,0.7146607041358948,763,236,0.4969612658023834,"[""V380"", ""V215"", ""V342"", ""V255"", ""V191"", ""V176"", ""V160""]","{""n_estimators"": 341, ""learning_rate"": 0.07051422665426686, ""max_depth"": 3, ""subsample"": 0.7436866380355387, ""colsample_bytree"": 0.763317433223083, ""min_child_weight"": 9, ""reg_alpha"": 0.10366858924585154, ""reg_lambda"": 2.209637489303427}"
601,2026-06-05T16:50:18.244253+00:00,xgb,ranking_lgbm,601,5230,7,999,0.7218104600906372,775,224,0.49867793917655945,"[""V380"", ""V215"", ""V342"", ""V255"", ""V191"", ""V176"", ""V160""]","{""n_estimators"": 296, ""learning_rate"": 0.050388050238500896, ""max_depth"": 6, ""subsample"": 0.901459804768028, ""colsample_bytree"": 0.5275797017347252, ""min_child_weight"": 5, ""reg_alpha"": 0.6151715234739377, ""reg_lambda"": 1.6121863551788245}"
602,2026-06-05T16:50:34.889533+00:00,xgb,ranking_lgbm,602,5225,7,1000,0.7086588740348816,775,225,0.4969082474708557,"[""V380"", ""V215"", ""V342"", ""V255"", ""V191"", ""V176"", ""V160""]","{""n_estimators"": 269, ""learning_rate"": 0.07284807442320544, ""max_depth"": 3, ""subsample"": 0.7321333257741864, ""colsample_bytree"": 0.9925132162943067, ""min_child_weight"": 3, ""reg_alpha"": 0.004123807705247562, ""reg_lambda"": 1.7705678110166299}"
603,2026-06-05T16:50:49.259386+00:00,xgb,ranking_lgbm,603,5195,5,999,0.6529431939125061,746,253,0.49757373332977295,"[""V380"", ""V215"", ""V342"", ""V255"", ""V191""]","{""n_estimators"": 236, ""learning_rate"": 0.04713096463334088, ""max_depth"": 3, ""subsample"": 0.9086264839944069, ""colsample_bytree"": 0.6658862070264833, ""min_child_weight"": 5, ""reg_alpha"": 0.6797725788580135, ""reg_lambda"": 1.761086853765367}"
604,2026-06-05T16:51:17.276153+00:00,xgb,ranking_lgbm,604,4820,7,1000,0.7881935238838196,748,252,0.5007922649383545,"[""V380"", ""V215"", ""V342"", ""V255"", ""V191"", ""V176"", ""V160""]","{""n_estimators"": 259, ""learning_rate"": 0.12522894337778845, ""max_depth"": 5, ""subsample"": 0.5546581081078434, ""colsample_bytree"": 0.9856375276044352, ""min_child_weight"": 1, ""reg_alpha"": 0.22119034800937376, ""reg_lambda"": 1.480235040147175}"
605,2026-06-05T16:51:38.738476+00:00,xgb,ranking_lgbm,605,5000,7,1000,0.7682418823242188,760,240,0.4980281591415405,"[""V380"", ""V215"", ""V342"", ""V255"", ""V191"", ""V176"", ""V160""]","{""n_estimators"": 272, ""learning_rate"": 0.17277796130029496, ""max_depth"": 4, ""subsample"": 0.7156139991279147, ""colsample_bytree"": 0.911019262307019, ""min_child_weight"": 7, ""reg_alpha"": 0.590075746400683, ""reg_lambda"": 2.081701691713879}"
606,2026-06-05T16:52:22.723944+00:00,xgb,ranking_lgbm,606,4750,7,996,0.800393283367157,742,254,0.5006072521209717,"[""V380"", ""V215"", ""V342"", ""V255"", ""V191"", ""V176"", ""V160""]","{""n_estimators"": 238, ""learning_rate"": 0.09578632090281272, ""max_depth"": 8, ""subsample"": 0.730344015876746, ""colsample_bytree"": 0.8764729301858766, ""min_child_weight"": 2, ""reg_alpha"": 0.9682683164395094, ""reg_lambda"": 1.2317130538900318}"
607,2026-06-05T16:52:37.753737+00:00,xgb,ranking_lgbm,607,5150,7,1000,0.7174273729324341,770,230,0.49781250953674316,"[""V380"", ""V215"", ""V342"", ""V255"", ""V191"", ""V176"", ""V160""]","{""n_estimators"": 233, ""learning_rate"": 0.11706678088957634, ""max_depth"": 3, ""subsample"": 0.7809526014562868, ""colsample_bytree"": 0.7668550405803432, ""min_child_weight"": 4, ""reg_alpha"": 0.6719735081037694, ""reg_lambda"": 2.45027797315481}"
608,2026-06-05T16:52:51.878595+00:00,xgb,ranking_lgbm,608,5185,6,1000,0.6734143495559692,759,241,0.4975127875804901,"[""V380"", ""V215"", ""V342"", ""V255"", ""V191"", ""V176""]","{""n_estimators"": 219, ""learning_rate"": 0.05008994181356618, ""max_depth"": 3, ""subsample"": 0.9178379820620147, ""colsample_bytree"": 0.7738642327415286, ""min_child_weight"": 3, ""reg_alpha"": 0.11426602867433944, ""reg_lambda"": 0.538405939295217}"
609,2026-06-05T16:53:35.943233+00:00,xgb,ranking_lgbm,609,5210,7,1000,0.7334164381027222,774,226,0.49726158380508423,"[""V380"", ""V215"", ""V342"", ""V255"", ""V191"", ""V176"", ""V160""]","{""n_estimators"": 241, ""learning_rate"": 0.0485831646840113, ""max_depth"": 9, ""subsample"": 0.6332223913721626, ""colsample_bytree"": 0.8183344151121759, ""min_child_weight"": 9, ""reg_alpha"": 0.18983452768614728, ""reg_lambda"": 1.8029843391378544}"
610,2026-06-05T16:53:43.019666+00:00,xgb,ranking_lgbm,610,5075,7,1000,0.7183394432067871,765,235,0.5004677772521973,"[""V380"", ""V215"", ""V342"", ""V255"", ""V191"", ""V176"", ""V160""]","{""n_estimators"": 102, ""learning_rate"": 0.17127379965200626, ""max_depth"": 3, ""subsample"": 0.6895772933486393, ""colsample_bytree"": 0.9656356976654248, ""min_child_weight"": 2, ""reg_alpha"": 0.7253647029609771, ""reg_lambda"": 0.7352103889321728}"
611,2026-06-05T16:54:18.064891+00:00,xgb,ranking_lgbm,611,4640,7,1000,0.7808719873428345,736,264,0.4979272484779358,"[""V380"", ""V215"", ""V342"", ""V255"", ""V191"", ""V176"", ""V160""]","{""n_estimators"": 184, ""learning_rate"": 0.14300226161051252, ""max_depth"": 9, ""subsample"": 0.6530729148853133, ""colsample_bytree"": 0.8506419805091318, ""min_child_weight"": 6, ""reg_alpha"": 0.5355408666478497, ""reg_lambda"": 2.4383631844200364}"
612,2026-06-05T16:54:30.347112+00:00,xgb,ranking_lgbm,612,4955,7,1000,0.7430866360664368,757,243,0.5002288818359375,"[""V380"", ""V215"", ""V342"", ""V255"", ""V191"", ""V176"", ""V160""]","{""n_estimators"": 114, ""learning_rate"": 0.16285687800190812, ""max_depth"": 5, ""subsample"": 0.811013627297297, ""colsample_bytree"": 0.7728013880854869, ""min_child_weight"": 1, ""reg_alpha"": 0.7372683140005261, ""reg_lambda"": 1.782992573082383}"
613,2026-06-05T16:54:48.908598+00:00,xgb,ranking_lgbm,613,5360,7,1000,0.7008734345436096,784,216,0.49738702178001404,"[""V380"", ""V215"", ""V342"", ""V255"", ""V191"", ""V176"", ""V160""]","{""n_estimators"": 233, ""learning_rate"": 0.055680681127196666, ""max_depth"": 4, ""subsample"": 0.9399700952228782, ""colsample_bytree"": 0.9327098610049734, ""min_child_weight"": 9, ""reg_alpha"": 0.42853135968279354, ""reg_lambda"": 1.2393888907713222}"
614,2026-06-05T16:55:34.183612+00:00,xgb,ranking_lgbm,614,4730,7,1000,0.8026478290557861,742,258,0.5002968907356262,"[""V380"", ""V215"", ""V342"", ""V255"", ""V191"", ""V176"", ""V160""]","{""n_estimators"": 354, ""learning_rate"": 0.15568486186359104, ""max_depth"": 6, ""subsample"": 0.9490650030385726, ""colsample_bytree"": 0.6784441750324313, ""min_child_weight"": 8, ""reg_alpha"": 0.5208699094848576, ""reg_lambda"": 2.3330038770853223}"
615,2026-06-05T16:55:54.362126+00:00,xgb,ranking_lgbm,615,4780,7,999,0.7516473531723022,745,254,0.4999583959579468,"[""V380"", ""V215"", ""V342"", ""V255"", ""V191"", ""V176"", ""V160""]","{""n_estimators"": 209, ""learning_rate"": 0.13774175295452484, ""max_depth"": 5, ""subsample"": 0.5373941533166254, ""colsample_bytree"": 0.5951096292651448, ""min_child_weight"": 8, ""reg_alpha"": 0.49221675590351843, ""reg_lambda"": 1.9346056020737992}"
616,2026-06-05T16:56:12.639779+00:00,xgb,ranking_lgbm,616,5125,7,999,0.7398959994316101,768,231,0.49559828639030457,"[""V380"", ""V215"", ""V342"", ""V255"", ""V191"", ""V176"", ""V160""]","{""n_estimators"": 278, ""learning_rate"": 0.15619235295887535, ""max_depth"": 3, ""subsample"": 0.5978120447027113, ""colsample_bytree"": 0.9631253989247981, ""min_child_weight"": 5, ""reg_alpha"": 0.7093718823413194, ""reg_lambda"": 2.0790106548830454}"
617,2026-06-05T16:56:32.467610+00:00,xgb,ranking_lgbm,617,4950,8,1000,0.7611516118049622,770,230,0.49833524227142334,"[""V380"", ""V215"", ""V342"", ""V255"", ""V191"", ""V176"", ""V160"", ""V117""]","{""n_estimators"": 158, ""learning_rate"": 0.11462701578451369, ""max_depth"": 6, ""subsample"": 0.5387566869956343, ""colsample_bytree"": 0.5686056334628282, ""min_child_weight"": 2, ""reg_alpha"": 0.3197035791771997, ""reg_lambda"": 1.2326980662611873}"
618,2026-06-05T16:56:54.894197+00:00,xgb,ranking_lgbm,618,5105,7,1000,0.7376998662948608,767,233,0.4982585906982422,"[""V380"", ""V215"", ""V342"", ""V255"", ""V191"", ""V176"", ""V160""]","{""n_estimators"": 274, ""learning_rate"": 0.0934265153965357, ""max_depth"": 4, ""subsample"": 0.8490343998620989, ""colsample_bytree"": 0.9855386795692714, ""min_child_weight"": 7, ""reg_alpha"": 0.11181174842223074, ""reg_lambda"": 1.0101758563238759}"
619,2026-06-05T16:57:06.418074+00:00,xgb,ranking_lgbm,619,5115,7,992,0.7382626533508301,765,227,0.4987092912197113,"[""V380"", ""V215"", ""V342"", ""V255"", ""V191"", ""V176"", ""V160""]","{""n_estimators"": 131, ""learning_rate"": 0.1494619296269702, ""max_depth"": 4, ""subsample"": 0.8205957022436328, ""colsample_bytree"": 0.9069154730041818, ""min_child_weight"": 6, ""reg_alpha"": 0.10079731001612968, ""reg_lambda"": 0.5756242816403481}"
620,2026-06-05T16:58:08.487833+00:00,xgb,ranking_lgbm,620,4805,7,1000,0.8268535733222961,747,253,0.4984256327152252,"[""V380"", ""V215"", ""V342"", ""V255"", ""V191"", ""V176"", ""V160""]","{""n_estimators"": 352, ""learning_rate"": 0.10598418031218731, ""max_depth"": 8, ""subsample"": 0.6110439303458775, ""colsample_bytree"": 0.6272445019682245, ""min_child_weight"": 2, ""reg_alpha"": 0.5977304331572482, ""reg_lambda"": 1.3067173936384389}"
621,2026-06-05T16:58:49.793850+00:00,xgb,ranking_lgbm,621,4705,8,998,0.8299915790557861,753,245,0.5010355710983276,"[""V380"", ""V215"", ""V342"", ""V255"", ""V191"", ""V176"", ""V160"", ""V117""]","{""n_estimators"": 263, ""learning_rate"": 0.13874320733805567, ""max_depth"": 7, ""subsample"": 0.6407950381476022, ""colsample_bytree"": 0.7194768239056446, ""min_child_weight"": 2, ""reg_alpha"": 0.7793552021284367, ""reg_lambda"": 1.0967365986956736}"
622,2026-06-05T16:59:12.483534+00:00,xgb,ranking_lgbm,622,5125,7,996,0.7360774278640747,767,229,0.49954575300216675,"[""V380"", ""V215"", ""V342"", ""V255"", ""V191"", ""V176"", ""V160""]","{""n_estimators"": 274, ""learning_rate"": 0.10244985274922878, ""max_depth"": 4, ""subsample"": 0.7993773087170107, ""colsample_bytree"": 0.7822732256438815, ""min_child_weight"": 9, ""reg_alpha"": 0.4654074477601169, ""reg_lambda"": 2.0111451570560614}"
623,2026-06-05T16:59:59.239136+00:00,xgb,ranking_lgbm,623,4975,7,999,0.748422384262085,758,241,0.4980316460132599,"[""V380"", ""V215"", ""V342"", ""V255"", ""V191"", ""V176"", ""V160""]","{""n_estimators"": 283, ""learning_rate"": 0.07033234663841073, ""max_depth"": 8, ""subsample"": 0.6416251781611617, ""colsample_bytree"": 0.5651686583180178, ""min_child_weight"": 8, ""reg_alpha"": 0.3120863305411783, ""reg_lambda"": 1.199642451760544}"
624,2026-06-05T17:00:17.825484+00:00,xgb,ranking_lgbm,624,4770,8,1000,0.7572625279426575,758,242,0.49771010875701904,"[""V380"", ""V215"", ""V342"", ""V255"", ""V191"", ""V176"", ""V160"", ""V117""]","{""n_estimators"": 122, ""learning_rate"": 0.12537780001861248, ""max_depth"": 8, ""subsample"": 0.5434917323053695, ""colsample_bytree"": 0.545236984927103, ""min_child_weight"": 7, ""reg_alpha"": 0.8654478568367299, ""reg_lambda"": 0.6665031318875045}"
625,2026-06-05T17:00:59.002113+00:00,xgb,ranking_lgbm,625,5190,7,998,0.7512974739074707,772,226,0.4996245205402374,"[""V380"", ""V215"", ""V342"", ""V255"", ""V191"", ""V176"", ""V160""]","{""n_estimators"": 384, ""learning_rate"": 0.058203325940653805, ""max_depth"": 5, ""subsample"": 0.6258785430569971, ""colsample_bytree"": 0.5790662260777073, ""min_child_weight"": 3, ""reg_alpha"": 0.021042766803644808, ""reg_lambda"": 1.4300521407391418}"
626,2026-06-05T17:02:10.093040+00:00,xgb,ranking_lgbm,626,4895,7,1000,0.7916306853294373,753,247,0.497822105884552,"[""V380"", ""V215"", ""V342"", ""V255"", ""V191"", ""V176"", ""V160""]","{""n_estimators"": 384, ""learning_rate"": 0.08593185009700702, ""max_depth"": 9, ""subsample"": 0.6297021073362068, ""colsample_bytree"": 0.6840250727917991, ""min_child_weight"": 9, ""reg_alpha"": 0.04653115725594725, ""reg_lambda"": 0.7045996255703697}"
627,2026-06-05T17:03:09.167473+00:00,xgb,ranking_lgbm,627,4550,7,1000,0.8594473004341125,730,270,0.49969062209129333,"[""V380"", ""V215"", ""V342"", ""V255"", ""V191"", ""V176"", ""V160""]","{""n_estimators"": 284, ""learning_rate"": 0.154346537538619, ""max_depth"": 9, ""subsample"": 0.9086704159647637, ""colsample_bytree"": 0.7901433342838673, ""min_child_weight"": 1, ""reg_alpha"": 0.6344565560877001, ""reg_lambda"": 2.01884686212407}"
628,2026-06-05T17:03:30.044941+00:00,xgb,ranking_lgbm,628,5225,7,1000,0.7298005819320679,775,225,0.49929043650627136,"[""V380"", ""V215"", ""V342"", ""V255"", ""V191"", ""V176"", ""V160""]","{""n_estimators"": 250, ""learning_rate"": 0.08922279164025276, ""max_depth"": 4, ""subsample"": 0.8708419578925037, ""colsample_bytree"": 0.680999102770927, ""min_child_weight"": 3, ""reg_alpha"": 0.23262184630467742, ""reg_lambda"": 1.4847307667672074}"
629,2026-06-05T17:03:50.934849+00:00,xgb,ranking_lgbm,629,5080,7,999,0.7411286234855652,765,234,0.49902430176734924,"[""V380"", ""V215"", ""V342"", ""V255"", ""V191"", ""V176"", ""V160""]","{""n_estimators"": 335, ""learning_rate"": 0.1120614227648532, ""max_depth"": 3, ""subsample"": 0.5579383241696677, ""colsample_bytree"": 0.9053031734194543, ""min_child_weight"": 4, ""reg_alpha"": 0.028015527438707943, ""reg_lambda"": 0.5415328162932573}"
630,2026-06-05T17:04:29.405260+00:00,xgb,ranking_lgbm,630,4790,7,1000,0.8060628771781921,746,254,0.4997655153274536,"[""V380"", ""V215"", ""V342"", ""V255"", ""V191"", ""V176"", ""V160""]","{""n_estimators"": 304, ""learning_rate"": 0.1623799062009453, ""max_depth"": 6, ""subsample"": 0.8730850744461336, ""colsample_bytree"": 0.6481452306368857, ""min_child_weight"": 8, ""reg_alpha"": 0.7864535189916418, ""reg_lambda"": 0.7636684830528653}"
631,2026-06-05T17:04:41.908595+00:00,xgb,ranking_lgbm,631,5170,7,999,0.7194863557815552,771,228,0.4962644577026367,"[""V380"", ""V215"", ""V342"", ""V255"", ""V191"", ""V176"", ""V160""]","{""n_estimators"": 188, ""learning_rate"": 0.15233400138962216, ""max_depth"": 3, ""subsample"": 0.7077133253415264, ""colsample_bytree"": 0.6686711978615894, ""min_child_weight"": 8, ""reg_alpha"": 0.8116164233415779, ""reg_lambda"": 0.7561931936879198}"
632,2026-06-05T17:05:00.709824+00:00,xgb,ranking_lgbm,632,5010,7,998,0.7614229917526245,760,238,0.49820223450660706,"[""V380"", ""V215"", ""V342"", ""V255"", ""V191"", ""V176"", ""V160""]","{""n_estimators"": 125, ""learning_rate"": 0.13291773258924128, ""max_depth"": 8, ""subsample"": 0.768522410133313, ""colsample_bytree"": 0.782907556879703, ""min_child_weight"": 9, ""reg_alpha"": 0.1420520207895961, ""reg_lambda"": 2.011144298833294}"
633,2026-06-05T17:05:42.133966+00:00,xgb,ranking_lgbm,633,4595,7,1000,0.8074905872344971,733,267,0.49818360805511475,"[""V380"", ""V215"", ""V342"", ""V255"", ""V191"", ""V176"", ""V160""]","{""n_estimators"": 286, ""learning_rate"": 0.16116313555376355, ""max_depth"": 7, ""subsample"": 0.763536398514544, ""colsample_bytree"": 0.6475775188489921, ""min_child_weight"": 9, ""reg_alpha"": 0.47433064283437376, ""reg_lambda"": 1.277131879423792}"
634,2026-06-05T17:05:53.834496+00:00,xgb,ranking_lgbm,634,5325,7,998,0.6760978102684021,781,217,0.4957798719406128,"[""V380"", ""V215"", ""V342"", ""V255"", ""V191"", ""V176"", ""V160""]","{""n_estimators"": 176, ""learning_rate"": 0.05881565687275944, ""max_depth"": 3, ""subsample"": 0.5750890571393314, ""colsample_bytree"": 0.7677977811891765, ""min_child_weight"": 5, ""reg_alpha"": 0.2929515741180032, ""reg_lambda"": 1.3976398716163387}"
635,2026-06-05T17:06:18.362357+00:00,xgb,ranking_lgbm,635,5195,7,997,0.6918397545814514,772,225,0.497622549533844,"[""V380"", ""V215"", ""V342"", ""V255"", ""V191"", ""V176"", ""V160""]","{""n_estimators"": 388, ""learning_rate"": 0.03509810856768125, ""max_depth"": 3, ""subsample"": 0.6532374566138504, ""colsample_bytree"": 0.6318961897273194, ""min_child_weight"": 6, ""reg_alpha"": 0.5931773665801, ""reg_lambda"": 0.6332605971677774}"
636,2026-06-05T17:06:52.471326+00:00,xgb,ranking_lgbm,636,4875,8,1000,0.7772047519683838,765,235,0.5045331716537476,"[""V380"", ""V215"", ""V342"", ""V255"", ""V191"", ""V176"", ""V160"", ""V117""]","{""n_estimators"": 188, ""learning_rate"": 0.07839303839902778, ""max_depth"": 8, ""subsample"": 0.8424494112962359, ""colsample_bytree"": 0.8626125175455264, ""min_child_weight"": 1, ""reg_alpha"": 0.3983013033165327, ""reg_lambda"": 2.2448616687754166}"
637,2026-06-05T17:07:42.190573+00:00,xgb,ranking_lgbm,637,4880,7,1000,0.8250374794006348,752,248,0.49986904859542847,"[""V380"", ""V215"", ""V342"", ""V255"", ""V191"", ""V176"", ""V160""]","{""n_estimators"": 288, ""learning_rate"": 0.13163850195855936, ""max_depth"": 8, ""subsample"": 0.9383507415822463, ""colsample_bytree"": 0.8864685332082898, ""min_child_weight"": 4, ""reg_alpha"": 0.6716229109914464, ""reg_lambda"": 2.2311431546533322}"
638,2026-06-05T17:08:44.956691+00:00,xgb,ranking_lgbm,638,4765,7,996,0.7947859168052673,743,253,0.49929550290107727,"[""V380"", ""V215"", ""V342"", ""V255"", ""V191"", ""V176"", ""V160""]","{""n_estimators"": 380, ""learning_rate"": 0.11384014004916106, ""max_depth"": 8, ""subsample"": 0.9136116695832762, ""colsample_bytree"": 0.5405045501546517, ""min_child_weight"": 9, ""reg_alpha"": 0.9195408853758387, ""reg_lambda"": 1.8587126157289298}"
639,2026-06-05T17:09:04.260634+00:00,xgb,ranking_lgbm,639,5180,7,1000,0.7498595118522644,772,228,0.49965521693229675,"[""V380"", ""V215"", ""V342"", ""V255"", ""V191"", ""V176"", ""V160""]","{""n_estimators"": 299, ""learning_rate"": 0.15591512919954484, ""max_depth"": 3, ""subsample"": 0.8156066059314186, ""colsample_bytree"": 0.981696769477078, ""min_child_weight"": 1, ""reg_alpha"": 0.674378002356693, ""reg_lambda"": 1.2223664416050757}"
640,2026-06-05T17:09:31.132383+00:00,xgb,ranking_lgbm,640,5135,7,1000,0.7232726216316223,769,231,0.4981994032859802,"[""V380"", ""V215"", ""V342"", ""V255"", ""V191"", ""V176"", ""V160""]","{""n_estimators"": 320, ""learning_rate"": 0.0666547773417677, ""max_depth"": 4, ""subsample"": 0.9574728004780402, ""colsample_bytree"": 0.9658647712557318, ""min_child_weight"": 2, ""reg_alpha"": 0.8890274956404234, ""reg_lambda"": 1.5897404080159736}"
641,2026-06-05T17:10:10.795179+00:00,xgb,ranking_lgbm,641,5030,7,1000,0.8055498600006104,762,238,0.50461745262146,"[""V380"", ""V215"", ""V342"", ""V255"", ""V191"", ""V176"", ""V160""]","{""n_estimators"": 213, ""learning_rate"": 0.1100657989968412, ""max_depth"": 9, ""subsample"": 0.8201360623079097, ""colsample_bytree"": 0.7070214680487548, ""min_child_weight"": 3, ""reg_alpha"": 0.05511966929321899, ""reg_lambda"": 1.353794190651276}"
642,2026-06-05T17:10:43.145261+00:00,xgb,ranking_lgbm,642,4940,7,1000,0.76563560962677,756,244,0.4974460005760193,"[""V380"", ""V215"", ""V342"", ""V255"", ""V191"", ""V176"", ""V160""]","{""n_estimators"": 259, ""learning_rate"": 0.11316325400860258, ""max_depth"": 6, ""subsample"": 0.6326602986574836, ""colsample_bytree"": 0.7261922906078938, ""min_child_weight"": 9, ""reg_alpha"": 0.866741814910775, ""reg_lambda"": 1.5564581862353657}"
643,2026-06-05T17:11:28.889427+00:00,xgb,ranking_lgbm,643,5215,7,999,0.743837296962738,774,225,0.5004469156265259,"[""V380"", ""V215"", ""V342"", ""V255"", ""V191"", ""V176"", ""V160""]","{""n_estimators"": 306, ""learning_rate"": 0.047153738112414204, ""max_depth"": 7, ""subsample"": 0.792078624267919, ""colsample_bytree"": 0.6852001465364159, ""min_child_weight"": 3, ""reg_alpha"": 0.20252574005893265, ""reg_lambda"": 1.3681722126278162}"
644,2026-06-05T17:11:45.718755+00:00,xgb,ranking_lgbm,644,4940,7,1000,0.7409497499465942,756,244,0.49869081377983093,"[""V380"", ""V215"", ""V342"", ""V255"", ""V191"", ""V176"", ""V160""]","{""n_estimators"": 144, ""learning_rate"": 0.1322009490559341, ""max_depth"": 6, ""subsample"": 0.9106862904725543, ""colsample_bytree"": 0.6152794805874706, ""min_child_weight"": 7, ""reg_alpha"": 0.09754035407030714, ""reg_lambda"": 1.8389311708541642}"
645,2026-06-05T17:12:18.813848+00:00,xgb,ranking_lgbm,645,5060,7,1000,0.7622690796852112,764,236,0.5006083250045776,"[""V380"", ""V215"", ""V342"", ""V255"", ""V191"", ""V176"", ""V160""]","{""n_estimators"": 305, ""learning_rate"": 0.08356339577947453, ""max_depth"": 5, ""subsample"": 0.6312074144306336, ""colsample_bytree"": 0.9954673375697798, ""min_child_weight"": 4, ""reg_alpha"": 0.5031971003239029, ""reg_lambda"": 0.5851759853440797}"
646,2026-06-05T17:12:28.732106+00:00,xgb,ranking_lgbm,646,5150,7,1000,0.6777507662773132,770,230,0.49752333760261536,"[""V380"", ""V215"", ""V342"", ""V255"", ""V191"", ""V176"", ""V160""]","{""n_estimators"": 153, ""learning_rate"": 0.0716563351982197, ""max_depth"": 3, ""subsample"": 0.7360702129290082, ""colsample_bytree"": 0.5179003413953556, ""min_child_weight"": 5, ""reg_alpha"": 0.2822994997174584, ""reg_lambda"": 0.5508829489723974}"
647,2026-06-05T17:12:35.672768+00:00,xgb,ranking_lgbm,647,5225,7,1000,0.6365408897399902,775,225,0.49482694268226624,"[""V380"", ""V215"", ""V342"", ""V255"", ""V191"", ""V176"", ""V160""]","{""n_estimators"": 101, ""learning_rate"": 0.06240651414309708, ""max_depth"": 3, ""subsample"": 0.533419777184805, ""colsample_bytree"": 0.6586454066221703, ""min_child_weight"": 4, ""reg_alpha"": 0.17922108993044905, ""reg_lambda"": 2.029491291940806}"
648,2026-06-05T17:13:13.284624+00:00,xgb,ranking_lgbm,648,5230,7,999,0.7309943437576294,775,224,0.49778276681900024,"[""V380"", ""V215"", ""V342"", ""V255"", ""V191"", ""V176"", ""V160""]","{""n_estimators"": 216, ""learning_rate"": 0.05541409290811029, ""max_depth"": 9, ""subsample"": 0.7498309621776937, ""colsample_bytree"": 0.582210763664575, ""min_child_weight"": 9, ""reg_alpha"": 0.3933050701412969, ""reg_lambda"": 1.8725636378370574}"
649,2026-06-05T17:13:59.061138+00:00,xgb,ranking_lgbm,649,5075,7,1000,0.7290084362030029,765,235,0.5004211068153381,"[""V380"", ""V215"", ""V342"", ""V255"", ""V191"", ""V176"", ""V160""]","{""n_estimators"": 314, ""learning_rate"": 0.04492328689094316, ""max_depth"": 7, ""subsample"": 0.8998416139914613, ""colsample_bytree"": 0.5513713441041755, ""min_child_weight"": 3, ""reg_alpha"": 0.443570610747574, ""reg_lambda"": 1.9137016856020486}"
650,2026-06-05T17:14:46.690449+00:00,xgb,ranking_lgbm,650,4740,7,998,0.8353893160820007,742,256,0.5026159286499023,"[""V380"", ""V215"", ""V342"", ""V255"", ""V191"", ""V176"", ""V160""]","{""n_estimators"": 316, ""learning_rate"": 0.16443405859490673, ""max_depth"": 7, ""subsample"": 0.9603116695670741, ""colsample_bytree"": 0.601336684964449, ""min_child_weight"": 3, ""reg_alpha"": 0.7324640396913901, ""reg_lambda"": 1.0458866996710678}"
651,2026-06-05T17:15:14.330289+00:00,xgb,ranking_lgbm,651,4960,7,996,0.750177264213562,756,240,0.49914222955703735,"[""V380"", ""V215"", ""V342"", ""V255"", ""V191"", ""V176"", ""V160""]","{""n_estimators"": 192, ""learning_rate"": 0.09378846945705344, ""max_depth"": 7, ""subsample"": 0.7952969432758773, ""colsample_bytree"": 0.8223356383107915, ""min_child_weight"": 7, ""reg_alpha"": 0.9558829710846916, ""reg_lambda"": 1.989710576956996}"
652,2026-06-05T17:15:33.912459+00:00,xgb,ranking_lgbm,652,5230,7,999,0.7145100235939026,775,224,0.4981677234172821,"[""V380"", ""V215"", ""V342"", ""V255"", ""V191"", ""V176"", ""V160""]","{""n_estimators"": 323, ""learning_rate"": 0.08647422792455872, ""max_depth"": 3, ""subsample"": 0.9688886881353429, ""colsample_bytree"": 0.6537200035191777, ""min_child_weight"": 7, ""reg_alpha"": 0.5460261429753012, ""reg_lambda"": 0.5063495458560001}"
653,2026-06-05T17:16:08.720128+00:00,xgb,ranking_lgbm,653,5000,7,1000,0.7780336737632751,760,240,0.5016161799430847,"[""V380"", ""V215"", ""V342"", ""V255"", ""V191"", ""V176"", ""V160""]","{""n_estimators"": 268, ""learning_rate"": 0.10784587966818542, ""max_depth"": 6, ""subsample"": 0.781313605445366, ""colsample_bytree"": 0.6179117123918695, ""min_child_weight"": 3, ""reg_alpha"": 0.8195634593321037, ""reg_lambda"": 1.1304163436543297}"
654,2026-06-05T17:16:37.260469+00:00,xgb,ranking_lgbm,654,5050,7,999,0.7512410879135132,763,236,0.4968864619731903,"[""V380"", ""V215"", ""V342"", ""V255"", ""V191"", ""V176"", ""V160""]","{""n_estimators"": 262, ""learning_rate"": 0.08926272084648083, ""max_depth"": 5, ""subsample"": 0.5743012965815408, ""colsample_bytree"": 0.9496537402677305, ""min_child_weight"": 4, ""reg_alpha"": 0.5039494361417497, ""reg_lambda"": 1.40350618682632}"
655,2026-06-05T17:17:37.457258+00:00,xgb,ranking_lgbm,655,4755,8,1000,0.8601024746894836,757,243,0.49862363934516907,"[""V380"", ""V215"", ""V342"", ""V255"", ""V191"", ""V176"", ""V160"", ""V117""]","{""n_estimators"": 356, ""learning_rate"": 0.15642637725721828, ""max_depth"": 8, ""subsample"": 0.9166764441187607, ""colsample_bytree"": 0.8709392236901766, ""min_child_weight"": 6, ""reg_alpha"": 0.13514666752312454, ""reg_lambda"": 1.9233330139189875}"
656,2026-06-05T17:17:57.580512+00:00,xgb,ranking_lgbm,656,4865,7,1000,0.7415826320648193,751,249,0.49841079115867615,"[""V380"", ""V215"", ""V342"", ""V255"", ""V191"", ""V176"", ""V160""]","{""n_estimators"": 149, ""learning_rate"": 0.1331206871571713, ""max_depth"": 7, ""subsample"": 0.5696832901892467, ""colsample_bytree"": 0.5610772279070328, ""min_child_weight"": 6, ""reg_alpha"": 0.9294009942832058, ""reg_lambda"": 1.9932853290126376}"
657,2026-06-05T17:18:47.724073+00:00,xgb,ranking_lgbm,657,4585,7,999,0.7894262075424194,732,267,0.4993385672569275,"[""V380"", ""V215"", ""V342"", ""V255"", ""V191"", ""V176"", ""V160""]","{""n_estimators"": 271, ""learning_rate"": 0.11260988407279957, ""max_depth"": 9, ""subsample"": 0.6744855347394967, ""colsample_bytree"": 0.6135965535631789, ""min_child_weight"": 7, ""reg_alpha"": 0.7555537967607066, ""reg_lambda"": 2.3155319475885365}"
658,2026-06-05T17:19:38.839996+00:00,xgb,ranking_lgbm,658,4850,7,1000,0.822317898273468,750,250,0.5011552572250366,"[""V380"", ""V215"", ""V342"", ""V255"", ""V191"", ""V176"", ""V160""]","{""n_estimators"": 398, ""learning_rate"": 0.16955386261065775, ""max_depth"": 6, ""subsample"": 0.9929443275224061, ""colsample_bytree"": 0.7954578252302963, ""min_child_weight"": 7, ""reg_alpha"": 0.8210960554748712, ""reg_lambda"": 2.342669258019212}"
659,2026-06-05T17:20:02.325734+00:00,xgb,ranking_lgbm,659,5055,8,1000,0.7193158268928528,777,223,0.4984402358531952,"[""V380"", ""V215"", ""V342"", ""V255"", ""V191"", ""V176"", ""V160"", ""V117""]","{""n_estimators"": 285, ""learning_rate"": 0.06360809539887172, ""max_depth"": 4, ""subsample"": 0.9338632674704961, ""colsample_bytree"": 0.5273264175942521, ""min_child_weight"": 2, ""reg_alpha"": 0.7200391577181292, ""reg_lambda"": 2.144378265390297}"
660,2026-06-05T17:20:53.581180+00:00,xgb,ranking_lgbm,660,4715,7,1000,0.8017392158508301,741,259,0.49807247519493103,"[""V380"", ""V215"", ""V342"", ""V255"", ""V191"", ""V176"", ""V160""]","{""n_estimators"": 395, ""learning_rate"": 0.16046420746360365, ""max_depth"": 6, ""subsample"": 0.827154930343772, ""colsample_bytree"": 0.5647934712574456, ""min_child_weight"": 8, ""reg_alpha"": 0.7705326901337854, ""reg_lambda"": 2.4099737592853607}"
661,2026-06-05T17:21:33.575180+00:00,xgb,ranking_lgbm,661,4595,7,1000,0.811024010181427,733,267,0.4977017641067505,"[""V380"", ""V215"", ""V342"", ""V255"", ""V191"", ""V176"", ""V160""]","{""n_estimators"": 377, ""learning_rate"": 0.159171123004478, ""max_depth"": 5, ""subsample"": 0.5188829382113949, ""colsample_bytree"": 0.8493187603721162, ""min_child_weight"": 8, ""reg_alpha"": 0.21277774759229584, ""reg_lambda"": 0.7439742037950083}"
662,2026-06-05T17:22:31.136470+00:00,xgb,ranking_lgbm,662,4590,8,1000,0.8641265630722046,746,254,0.49641117453575134,"[""V380"", ""V215"", ""V342"", ""V255"", ""V191"", ""V176"", ""V160"", ""V117""]","{""n_estimators"": 373, ""learning_rate"": 0.17873555918447323, ""max_depth"": 7, ""subsample"": 0.5801339690279749, ""colsample_bytree"": 0.57528213404444, ""min_child_weight"": 2, ""reg_alpha"": 0.5887501218381102, ""reg_lambda"": 1.6970771042151094}"
663,2026-06-05T17:22:56.047355+00:00,xgb,ranking_lgbm,663,5075,7,1000,0.7220312356948853,765,235,0.4971919059753418,"[""V380"", ""V215"", ""V342"", ""V255"", ""V191"", ""V176"", ""V160""]","{""n_estimators"": 174, ""learning_rate"": 0.06269450013300883, ""max_depth"": 7, ""subsample"": 0.5100625440833941, ""colsample_bytree"": 0.7611369738051433, ""min_child_weight"": 5, ""reg_alpha"": 0.8146253679938228, ""reg_lambda"": 1.8691753628866252}"
664,2026-06-05T17:23:26.523800+00:00,xgb,ranking_lgbm,664,4865,7,1000,0.7656302452087402,751,249,0.49854418635368347,"[""V380"", ""V215"", ""V342"", ""V255"", ""V191"", ""V176"", ""V160""]","{""n_estimators"": 210, ""learning_rate"": 0.11817106040400352, ""max_depth"": 7, ""subsample"": 0.7478469883586965, ""colsample_bytree"": 0.7138439902113891, ""min_child_weight"": 6, ""reg_alpha"": 0.7178240908047833, ""reg_lambda"": 2.422744873946953}"
665,2026-06-05T17:23:47.460169+00:00,xgb,ranking_lgbm,665,5205,7,995,0.7138362526893616,772,223,0.49771562218666077,"[""V380"", ""V215"", ""V342"", ""V255"", ""V191"", ""V176"", ""V160""]","{""n_estimators"": 272, ""learning_rate"": 0.06262182673185542, ""max_depth"": 4, ""subsample"": 0.8177012995207046, ""colsample_bytree"": 0.6135506195639217, ""min_child_weight"": 9, ""reg_alpha"": 0.9672479495944825, ""reg_lambda"": 1.9942207907326353}"
666,2026-06-05T17:24:30.080899+00:00,xgb,ranking_lgbm,666,5085,5,997,0.6710612773895264,738,259,0.49815309047698975,"[""V380"", ""V215"", ""V342"", ""V255"", ""V191""]","{""n_estimators"": 333, ""learning_rate"": 0.03043565596678859, ""max_depth"": 6, ""subsample"": 0.54756804197484, ""colsample_bytree"": 0.5991422412317605, ""min_child_weight"": 4, ""reg_alpha"": 0.2174364042010294, ""reg_lambda"": 2.079590755939862}"
667,2026-06-05T17:25:33.969187+00:00,xgb,ranking_lgbm,667,5030,7,1000,0.7715951204299927,762,238,0.49881893396377563,"[""V380"", ""V215"", ""V342"", ""V255"", ""V191"", ""V176"", ""V160""]","{""n_estimators"": 336, ""learning_rate"": 0.04539265756776925, ""max_depth"": 9, ""subsample"": 0.8382571679688127, ""colsample_bytree"": 0.8639290286240374, ""min_child_weight"": 5, ""reg_alpha"": 0.33596835294889804, ""reg_lambda"": 0.9886857034800602}"
668,2026-06-05T17:26:22.703073+00:00,xgb,ranking_lgbm,668,4700,7,1000,0.8367440104484558,740,260,0.4994106888771057,"[""V380"", ""V215"", ""V342"", ""V255"", ""V191"", ""V176"", ""V160""]","{""n_estimators"": 313, ""learning_rate"": 0.1551413720078526, ""max_depth"": 7, ""subsample"": 0.7641732095917879, ""colsample_bytree"": 0.6843477289241799, ""min_child_weight"": 3, ""reg_alpha"": 0.8845630458194951, ""reg_lambda"": 0.9356058439881221}"
669,2026-06-05T17:27:13.492679+00:00,xgb,ranking_lgbm,669,5040,7,998,0.7667617201805115,762,236,0.4987417459487915,"[""V380"", ""V215"", ""V342"", ""V255"", ""V191"", ""V176"", ""V160""]","{""n_estimators"": 311, ""learning_rate"": 0.0619481556091629, ""max_depth"": 8, ""subsample"": 0.8839984884377339, ""colsample_bytree"": 0.871219131096711, ""min_child_weight"": 9, ""reg_alpha"": 0.22808650216899073, ""reg_lambda"": 0.9633978635336524}"
670,2026-06-05T17:27:41.360625+00:00,xgb,ranking_lgbm,670,5120,7,1000,0.7735061049461365,768,232,0.5007256865501404,"[""V380"", ""V215"", ""V342"", ""V255"", ""V191"", ""V176"", ""V160""]","{""n_estimators"": 269, ""learning_rate"": 0.13199506335368566, ""max_depth"": 5, ""subsample"": 0.9375366721000615, ""colsample_bytree"": 0.7226284528900588, ""min_child_weight"": 6, ""reg_alpha"": 0.32359097696081285, ""reg_lambda"": 1.4761711594891997}"
671,2026-06-05T17:28:07.366380+00:00,xgb,ranking_lgbm,671,5105,7,997,0.6601017713546753,766,231,0.493665874004364,"[""V380"", ""V215"", ""V342"", ""V255"", ""V191"", ""V176"", ""V160""]","{""n_estimators"": 150, ""learning_rate"": 0.03341121159913546, ""max_depth"": 9, ""subsample"": 0.548805222656688, ""colsample_bytree"": 0.543477552646936, ""min_child_weight"": 5, ""reg_alpha"": 0.5809470917714099, ""reg_lambda"": 1.4585771477072915}"
672,2026-06-05T17:28:24.743391+00:00,xgb,ranking_lgbm,672,4960,7,999,0.7163318395614624,757,242,0.49809393286705017,"[""V380"", ""V215"", ""V342"", ""V255"", ""V191"", ""V176"", ""V160""]","{""n_estimators"": 279, ""learning_rate"": 0.09822982883420439, ""max_depth"": 3, ""subsample"": 0.5093406120061572, ""colsample_bytree"": 0.6652922682311524, ""min_child_weight"": 8, ""reg_alpha"": 0.6062457813544608, ""reg_lambda"": 2.163539318752541}"
673,2026-06-05T17:29:27.338464+00:00,xgb,ranking_lgbm,673,5110,7,999,0.7631583213806152,767,232,0.4987395405769348,"[""V380"", ""V215"", ""V342"", ""V255"", ""V191"", ""V176"", ""V160""]","{""n_estimators"": 379, ""learning_rate"": 0.0528302900414324, ""max_depth"": 8, ""subsample"": 0.8807883530621594, ""colsample_bytree"": 0.7282928064162241, ""min_child_weight"": 7, ""reg_alpha"": 0.38525507053670693, ""reg_lambda"": 1.9887614219847236}"
674,2026-06-05T17:29:46.517693+00:00,xgb,ranking_lgbm,674,4925,7,1000,0.7302111387252808,755,245,0.4981417953968048,"[""V380"", ""V215"", ""V342"", ""V255"", ""V191"", ""V176"", ""V160""]","{""n_estimators"": 125, ""learning_rate"": 0.10033561177236111, ""max_depth"": 8, ""subsample"": 0.5307687695704335, ""colsample_bytree"": 0.5043810521955354, ""min_child_weight"": 3, ""reg_alpha"": 0.5071044037173669, ""reg_lambda"": 0.9349108722263269}"
675,2026-06-05T17:30:34.588165+00:00,xgb,ranking_lgbm,675,5000,7,997,0.7564584612846375,759,238,0.49855926632881165,"[""V380"", ""V215"", ""V342"", ""V255"", ""V191"", ""V176"", ""V160""]","{""n_estimators"": 289, ""learning_rate"": 0.053158929921694464, ""max_depth"": 8, ""subsample"": 0.7370823725080399, ""colsample_bytree"": 0.6185849615733312, ""min_child_weight"": 4, ""reg_alpha"": 0.5513557802031247, ""reg_lambda"": 1.3176061768941263}"
676,2026-06-05T17:30:55.434385+00:00,xgb,ranking_lgbm,676,5135,7,1000,0.6795012354850769,769,231,0.49699315428733826,"[""V380"", ""V215"", ""V342"", ""V255"", ""V191"", ""V176"", ""V160""]","{""n_estimators"": 269, ""learning_rate"": 0.03283566557565051, ""max_depth"": 4, ""subsample"": 0.8542952750158437, ""colsample_bytree"": 0.62144872426085, ""min_child_weight"": 9, ""reg_alpha"": 0.6973198721109698, ""reg_lambda"": 1.1568266225567552}"
677,2026-06-05T17:31:42.913827+00:00,xgb,ranking_lgbm,677,4915,7,999,0.7842665910720825,754,245,0.49925509095191956,"[""V380"", ""V215"", ""V342"", ""V255"", ""V191"", ""V176"", ""V160""]","{""n_estimators"": 344, ""learning_rate"": 0.08272930706677889, ""max_depth"": 6, ""subsample"": 0.5742694951781455, ""colsample_bytree"": 0.8651177904198721, ""min_child_weight"": 2, ""reg_alpha"": 0.0822371903471254, ""reg_lambda"": 2.4626078566126033}"
678,2026-06-05T17:32:22.484811+00:00,xgb,ranking_lgbm,678,4985,7,1000,0.7668384313583374,759,241,0.5009658932685852,"[""V380"", ""V215"", ""V342"", ""V255"", ""V191"", ""V176"", ""V160""]","{""n_estimators"": 356, ""learning_rate"": 0.0810035926728134, ""max_depth"": 5, ""subsample"": 0.6828349355062184, ""colsample_bytree"": 0.866599831147183, ""min_child_weight"": 3, ""reg_alpha"": 0.5848336970074541, ""reg_lambda"": 1.8124702603856304}"
679,2026-06-05T17:32:34.662949+00:00,xgb,ranking_lgbm,679,5095,7,999,0.7239707112312317,766,233,0.4974362254142761,"[""V380"", ""V215"", ""V342"", ""V255"", ""V191"", ""V176"", ""V160""]","{""n_estimators"": 181, ""learning_rate"": 0.16791819909600428, ""max_depth"": 3, ""subsample"": 0.8502321586145332, ""colsample_bytree"": 0.7656950183362167, ""min_child_weight"": 6, ""reg_alpha"": 0.752138481044003, ""reg_lambda"": 1.890693216113929}"
680,2026-06-05T17:33:09.917479+00:00,xgb,ranking_lgbm,680,5015,8,999,0.7577986121177673,774,225,0.5015794634819031,"[""V380"", ""V215"", ""V342"", ""V255"", ""V191"", ""V176"", ""V160"", ""V117""]","{""n_estimators"": 313, ""learning_rate"": 0.06123692824560821, ""max_depth"": 5, ""subsample"": 0.838644677192028, ""colsample_bytree"": 0.8732900187001877, ""min_child_weight"": 1, ""reg_alpha"": 0.7297138320461781, ""reg_lambda"": 0.6410985797215114}"
681,2026-06-05T17:33:17.272899+00:00,xgb,ranking_lgbm,681,5090,4,997,0.5958543419837952,725,272,0.4964630901813507,"[""V380"", ""V215"", ""V342"", ""V255""]","{""n_estimators"": 112, ""learning_rate"": 0.03606334107123983, ""max_depth"": 3, ""subsample"": 0.6140501282460944, ""colsample_bytree"": 0.5312148579906828, ""min_child_weight"": 9, ""reg_alpha"": 0.6030418374873462, ""reg_lambda"": 0.8802194476602618}"
682,2026-06-05T17:33:37.522801+00:00,xgb,ranking_lgbm,682,5120,7,1000,0.6854267120361328,768,232,0.49719101190567017,"[""V380"", ""V215"", ""V342"", ""V255"", ""V191"", ""V176"", ""V160""]","{""n_estimators"": 249, ""learning_rate"": 0.040383882456102985, ""max_depth"": 4, ""subsample"": 0.9460016051840398, ""colsample_bytree"": 0.7957649107762792, ""min_child_weight"": 5, ""reg_alpha"": 0.9753086825979813, ""reg_lambda"": 1.1733844902557118}"
683,2026-06-05T17:34:13.427667+00:00,xgb,ranking_lgbm,683,5015,7,1000,0.7926331162452698,761,239,0.5009321570396423,"[""V380"", ""V215"", ""V342"", ""V255"", ""V191"", ""V176"", ""V160""]","{""n_estimators"": 329, ""learning_rate"": 0.13491651488116568, ""max_depth"": 5, ""subsample"": 0.6602120435972696, ""colsample_bytree"": 0.571942795557272, ""min_child_weight"": 3, ""reg_alpha"": 0.564758988676993, ""reg_lambda"": 1.5948971506202168}"
684,2026-06-05T17:34:36.460786+00:00,xgb,ranking_lgbm,684,4975,7,999,0.7160351276397705,758,241,0.4966828227043152,"[""V380"", ""V215"", ""V342"", ""V255"", ""V191"", ""V176"", ""V160""]","{""n_estimators"": 121, ""learning_rate"": 0.06649655136373367, ""max_depth"": 9, ""subsample"": 0.5130669825539932, ""colsample_bytree"": 0.8120835421697058, ""min_child_weight"": 2, ""reg_alpha"": 0.890590742837996, ""reg_lambda"": 2.209981994586067}"
685,2026-06-05T17:35:04.262675+00:00,xgb,ranking_lgbm,685,4940,7,1000,0.7443034052848816,756,244,0.4995127320289612,"[""V380"", ""V215"", ""V342"", ""V255"", ""V191"", ""V176"", ""V160""]","{""n_estimators"": 191, ""learning_rate"": 0.06776686349880459, ""max_depth"": 7, ""subsample"": 0.6603682663924952, ""colsample_bytree"": 0.9251441890688445, ""min_child_weight"": 3, ""reg_alpha"": 0.07876181488386713, ""reg_lambda"": 2.3654490190957}"
686,2026-06-05T17:35:25.024586+00:00,xgb,ranking_lgbm,686,5045,7,1000,0.7430661916732788,763,237,0.49513643980026245,"[""V380"", ""V215"", ""V342"", ""V255"", ""V191"", ""V176"", ""V160""]","{""n_estimators"": 260, ""learning_rate"": 0.14230615536637503, ""max_depth"": 4, ""subsample"": 0.6360205660464202, ""colsample_bytree"": 0.523375033962577, ""min_child_weight"": 7, ""reg_alpha"": 0.8770183190939259, ""reg_lambda"": 2.0136841230848272}"
687,2026-06-05T17:35:50.648595+00:00,xgb,ranking_lgbm,687,5255,7,1000,0.6919664740562439,777,223,0.4954591393470764,"[""V380"", ""V215"", ""V342"", ""V255"", ""V191"", ""V176"", ""V160""]","{""n_estimators"": 206, ""learning_rate"": 0.03593047110866741, ""max_depth"": 6, ""subsample"": 0.5864534139240513, ""colsample_bytree"": 0.6090809994161909, ""min_child_weight"": 2, ""reg_alpha"": 0.4184126307387308, ""reg_lambda"": 2.4837273525254604}"
688,2026-06-05T17:36:49.558411+00:00,xgb,ranking_lgbm,688,4560,8,997,0.8308104872703552,743,254,0.49845001101493835,"[""V380"", ""V215"", ""V342"", ""V255"", ""V191"", ""V176"", ""V160"", ""V117""]","{""n_estimators"": 313, ""learning_rate"": 0.12297634924734212, ""max_depth"": 9, ""subsample"": 0.5770870873530374, ""colsample_bytree"": 0.9051123054424461, ""min_child_weight"": 7, ""reg_alpha"": 0.061865450637173414, ""reg_lambda"": 0.9267762178050543}"
689,2026-06-05T17:37:16.480840+00:00,xgb,ranking_lgbm,689,5210,7,1000,0.7175399661064148,774,226,0.49812304973602295,"[""V380"", ""V215"", ""V342"", ""V255"", ""V191"", ""V176"", ""V160""]","{""n_estimators"": 330, ""learning_rate"": 0.06080248694194959, ""max_depth"": 4, ""subsample"": 0.9929470876716615, ""colsample_bytree"": 0.9893098823630075, ""min_child_weight"": 6, ""reg_alpha"": 0.9321567939729362, ""reg_lambda"": 2.4714125528916964}"
690,2026-06-05T17:37:23.439035+00:00,xgb,ranking_lgbm,690,5215,7,999,0.6861183643341064,774,225,0.4975108802318573,"[""V380"", ""V215"", ""V342"", ""V255"", ""V191"", ""V176"", ""V160""]","{""n_estimators"": 102, ""learning_rate"": 0.13865529148650435, ""max_depth"": 3, ""subsample"": 0.933626617747976, ""colsample_bytree"": 0.9663729441486532, ""min_child_weight"": 9, ""reg_alpha"": 0.8116195994216848, ""reg_lambda"": 2.494076556699836}"
691,2026-06-05T17:38:25.587687+00:00,xgb,ranking_lgbm,691,4580,7,1000,0.8811647891998291,732,268,0.49685975909233093,"[""V380"", ""V215"", ""V342"", ""V255"", ""V191"", ""V176"", ""V160""]","{""n_estimators"": 321, ""learning_rate"": 0.16950060643965253, ""max_depth"": 9, ""subsample"": 0.6642111099775037, ""colsample_bytree"": 0.8117010778205171, ""min_child_weight"": 3, ""reg_alpha"": 0.33244468180479114, ""reg_lambda"": 1.0299834655181832}"
692,2026-06-05T17:38:39.283735+00:00,xgb,ranking_lgbm,692,5080,7,999,0.7408571839332581,765,234,0.4966176748275757,"[""V380"", ""V215"", ""V342"", ""V255"", ""V191"", ""V176"", ""V160""]","{""n_estimators"": 170, ""learning_rate"": 0.17681787246914302, ""max_depth"": 4, ""subsample"": 0.5938449114831252, ""colsample_bytree"": 0.5061082330673273, ""min_child_weight"": 6, ""reg_alpha"": 0.14815153554882554, ""reg_lambda"": 2.2203795912706865}"
693,2026-06-05T17:39:04.645060+00:00,xgb,ranking_lgbm,693,4755,7,998,0.8215636610984802,743,255,0.5042065978050232,"[""V380"", ""V215"", ""V342"", ""V255"", ""V191"", ""V176"", ""V160""]","{""n_estimators"": 132, ""learning_rate"": 0.14651247129010803, ""max_depth"": 9, ""subsample"": 0.9181154326180236, ""colsample_bytree"": 0.9397614987219727, ""min_child_weight"": 2, ""reg_alpha"": 0.19076693220716368, ""reg_lambda"": 1.0184365484118787}"
694,2026-06-05T17:39:32.322735+00:00,xgb,ranking_lgbm,694,5285,7,1000,0.71904057264328,779,221,0.49816274642944336,"[""V380"", ""V215"", ""V342"", ""V255"", ""V191"", ""V176"", ""V160""]","{""n_estimators"": 342, ""learning_rate"": 0.056077482921046355, ""max_depth"": 4, ""subsample"": 0.8574415993069435, ""colsample_bytree"": 0.6522676633081942, ""min_child_weight"": 5, ""reg_alpha"": 0.726129904017195, ""reg_lambda"": 1.1313308497359431}"
695,2026-06-05T17:40:09.701903+00:00,xgb,ranking_lgbm,695,4855,7,999,0.7959374785423279,750,249,0.5023687481880188,"[""V380"", ""V215"", ""V342"", ""V255"", ""V191"", ""V176"", ""V160""]","{""n_estimators"": 244, ""learning_rate"": 0.11026346661808026, ""max_depth"": 7, ""subsample"": 0.8137842901941279, ""colsample_bytree"": 0.6917843812095421, ""min_child_weight"": 1, ""reg_alpha"": 0.5179919454104388, ""reg_lambda"": 1.5358199112696787}"
696,2026-06-05T17:40:45.974139+00:00,xgb,ranking_lgbm,696,4805,7,1000,0.7856274843215942,747,253,0.4998343288898468,"[""V380"", ""V215"", ""V342"", ""V255"", ""V191"", ""V176"", ""V160""]","{""n_estimators"": 246, ""learning_rate"": 0.10264780079279266, ""max_depth"": 7, ""subsample"": 0.8477422903985952, ""colsample_bytree"": 0.8700713119618643, ""min_child_weight"": 6, ""reg_alpha"": 0.6139460257025375, ""reg_lambda"": 1.4070946085224982}"
697,2026-06-05T17:41:57.382948+00:00,xgb,ranking_lgbm,697,4620,8,1000,0.84035325050354,748,252,0.4976464807987213,"[""V380"", ""V215"", ""V342"", ""V255"", ""V191"", ""V176"", ""V160"", ""V117""]","{""n_estimators"": 395, ""learning_rate"": 0.11628495413192243, ""max_depth"": 9, ""subsample"": 0.6327416453070351, ""colsample_bytree"": 0.9554745472483104, ""min_child_weight"": 7, ""reg_alpha"": 0.4281033248232159, ""reg_lambda"": 0.8452095298499442}"
698,2026-06-05T17:42:12.676804+00:00,xgb,ranking_lgbm,698,5065,7,999,0.7159192562103271,764,235,0.4980790615081787,"[""V380"", ""V215"", ""V342"", ""V255"", ""V191"", ""V176"", ""V160""]","{""n_estimators"": 156, ""learning_rate"": 0.0760062494170978, ""max_depth"": 5, ""subsample"": 0.5591779376044084, ""colsample_bytree"": 0.9943997297056035, ""min_child_weight"": 8, ""reg_alpha"": 0.3941684283491885, ""reg_lambda"": 2.0197035912037626}"
699,2026-06-05T17:42:54.141169+00:00,xgb,ranking_lgbm,699,5025,7,998,0.7321383357048035,761,237,0.49780625104904175,"[""V380"", ""V215"", ""V342"", ""V255"", ""V191"", ""V176"", ""V160""]","{""n_estimators"": 270, ""learning_rate"": 0.05360560006411434, ""max_depth"": 8, ""subsample"": 0.822511493301537, ""colsample_bytree"": 0.5713956367959023, ""min_child_weight"": 9, ""reg_alpha"": 0.09124628166404514, ""reg_lambda"": 1.4653077967945227}"
700,2026-06-05T17:43:44.545669+00:00,xgb,ranking_lgbm,700,4460,7,1000,0.8429341912269592,724,276,0.49640029668807983,"[""V380"", ""V215"", ""V342"", ""V255"", ""V191"", ""V176"", ""V160""]","{""n_estimators"": 317, ""learning_rate"": 0.17207444869434219, ""max_depth"": 8, ""subsample"": 0.8561484589233811, ""colsample_bytree"": 0.7957753966497922, ""min_child_weight"": 9, ""reg_alpha"": 0.2109385463325819, ""reg_lambda"": 0.7760017669192592}"
701,2026-06-05T17:44:14.591754+00:00,xgb,ranking_lgbm,701,4890,8,1000,0.7515287399291992,766,234,0.49735528230667114,"[""V380"", ""V215"", ""V342"", ""V255"", ""V191"", ""V176"", ""V160"", ""V117""]","{""n_estimators"": 155, ""learning_rate"": 0.0881367501059955, ""max_depth"": 9, ""subsample"": 0.7127926568143308, ""colsample_bytree"": 0.8643519628878409, ""min_child_weight"": 9, ""reg_alpha"": 0.09981691349398958, ""reg_lambda"": 1.6602655495760774}"
702,2026-06-05T17:45:13.970535+00:00,xgb,ranking_lgbm,702,4880,7,1000,0.8284393548965454,752,248,0.4997645616531372,"[""V380"", ""V215"", ""V342"", ""V255"", ""V191"", ""V176"", ""V160""]","{""n_estimators"": 312, ""learning_rate"": 0.09727597041375619, ""max_depth"": 9, ""subsample"": 0.841900114586424, ""colsample_bytree"": 0.774705709025705, ""min_child_weight"": 3, ""reg_alpha"": 0.22821162160457786, ""reg_lambda"": 1.6861637607048172}"
703,2026-06-05T17:46:13.009723+00:00,xgb,ranking_lgbm,703,4800,8,1000,0.818911075592041,760,240,0.4989870488643646,"[""V380"", ""V215"", ""V342"", ""V255"", ""V191"", ""V176"", ""V160"", ""V117""]","{""n_estimators"": 310, ""learning_rate"": 0.07494287226851293, ""max_depth"": 9, ""subsample"": 0.5251175382238451, ""colsample_bytree"": 0.7677460394885125, ""min_child_weight"": 3, ""reg_alpha"": 0.16004088095043856, ""reg_lambda"": 0.8535693106424667}"
704,2026-06-05T17:46:36.018417+00:00,xgb,ranking_lgbm,704,5180,7,1000,0.7064566612243652,772,228,0.4971681535243988,"[""V380"", ""V215"", ""V342"", ""V255"", ""V191"", ""V176"", ""V160""]","{""n_estimators"": 386, ""learning_rate"": 0.05791354807943552, ""max_depth"": 3, ""subsample"": 0.5376340308602413, ""colsample_bytree"": 0.5416497539546159, ""min_child_weight"": 6, ""reg_alpha"": 0.7740805300361873, ""reg_lambda"": 1.189429431628379}"
705,2026-06-05T17:47:19.634253+00:00,xgb,ranking_lgbm,705,4535,7,997,0.8604454398155212,728,269,0.497822105884552,"[""V380"", ""V215"", ""V342"", ""V255"", ""V191"", ""V176"", ""V160""]","{""n_estimators"": 220, ""learning_rate"": 0.17021189400803222, ""max_depth"": 9, ""subsample"": 0.5933562237070111, ""colsample_bytree"": 0.9146185147052206, ""min_child_weight"": 2, ""reg_alpha"": 0.31686043950592024, ""reg_lambda"": 1.558280846573217}"
706,2026-06-05T17:47:39.159497+00:00,xgb,ranking_lgbm,706,5075,7,1000,0.7553350925445557,765,235,0.5012288093566895,"[""V380"", ""V215"", ""V342"", ""V255"", ""V191"", ""V176"", ""V160""]","{""n_estimators"": 245, ""learning_rate"": 0.13321530540659743, ""max_depth"": 4, ""subsample"": 0.7024218584031003, ""colsample_bytree"": 0.6988739712381034, ""min_child_weight"": 5, ""reg_alpha"": 0.5562633774857536, ""reg_lambda"": 0.6614505818014358}"
707,2026-06-05T17:48:05.230018+00:00,xgb,ranking_lgbm,707,4980,8,1000,0.7502279877662659,772,228,0.4981459975242615,"[""V380"", ""V215"", ""V342"", ""V255"", ""V191"", ""V176"", ""V160"", ""V117""]","{""n_estimators"": 197, ""learning_rate"": 0.08903260533337999, ""max_depth"": 7, ""subsample"": 0.7649774695192642, ""colsample_bytree"": 0.5522217880917788, ""min_child_weight"": 8, ""reg_alpha"": 0.19079121350480677, ""reg_lambda"": 1.7572272625055942}"
708,2026-06-05T17:48:33.408372+00:00,xgb,ranking_lgbm,708,5065,7,999,0.740501344203949,764,235,0.49794843792915344,"[""V380"", ""V215"", ""V342"", ""V255"", ""V191"", ""V176"", ""V160""]","{""n_estimators"": 349, ""learning_rate"": 0.0904918648197317, ""max_depth"": 4, ""subsample"": 0.6461713672839791, ""colsample_bytree"": 0.5847944854478614, ""min_child_weight"": 4, ""reg_alpha"": 0.6248971881760271, ""reg_lambda"": 1.4738030756906755}"
709,2026-06-05T17:48:49.693175+00:00,xgb,ranking_lgbm,709,5105,7,1000,0.7197489142417908,767,233,0.4977615773677826,"[""V380"", ""V215"", ""V342"", ""V255"", ""V191"", ""V176"", ""V160""]","{""n_estimators"": 268, ""learning_rate"": 0.10966050448368478, ""max_depth"": 3, ""subsample"": 0.9062612911881083, ""colsample_bytree"": 0.584755557938614, ""min_child_weight"": 6, ""reg_alpha"": 0.5485636662040657, ""reg_lambda"": 1.0116368028809168}"
710,2026-06-05T17:49:04.607155+00:00,xgb,ranking_lgbm,710,4940,7,1000,0.7365219593048096,756,244,0.4980980455875397,"[""V380"", ""V215"", ""V342"", ""V255"", ""V191"", ""V176"", ""V160""]","{""n_estimators"": 115, ""learning_rate"": 0.11122507294308372, ""max_depth"": 7, ""subsample"": 0.6174835643519656, ""colsample_bytree"": 0.6029354445924193, ""min_child_weight"": 6, ""reg_alpha"": 0.4342309304214552, ""reg_lambda"": 1.3705356852736021}"
711,2026-06-05T17:49:31.058305+00:00,xgb,ranking_lgbm,711,5130,5,1000,0.6684034466743469,742,258,0.49751436710357666,"[""V380"", ""V215"", ""V342"", ""V255"", ""V191""]","{""n_estimators"": 330, ""learning_rate"": 0.042254444920581155, ""max_depth"": 4, ""subsample"": 0.8122365955924242, ""colsample_bytree"": 0.5044114375376564, ""min_child_weight"": 1, ""reg_alpha"": 0.5386840109227246, ""reg_lambda"": 1.6016024294442233}"
712,2026-06-05T17:49:55.573448+00:00,xgb,ranking_lgbm,712,5015,7,997,0.7889311909675598,760,237,0.5011206865310669,"[""V380"", ""V215"", ""V342"", ""V255"", ""V191"", ""V176"", ""V160""]","{""n_estimators"": 197, ""learning_rate"": 0.12910857462708214, ""max_depth"": 6, ""subsample"": 0.7414545385276496, ""colsample_bytree"": 0.8034980043334026, ""min_child_weight"": 4, ""reg_alpha"": 0.39330722004879837, ""reg_lambda"": 0.5261031338736784}"
713,2026-06-05T17:50:15.213311+00:00,xgb,ranking_lgbm,713,5135,7,1000,0.7137506604194641,769,231,0.49867504835128784,"[""V380"", ""V215"", ""V342"", ""V255"", ""V191"", ""V176"", ""V160""]","{""n_estimators"": 145, ""learning_rate"": 0.06792924520321508, ""max_depth"": 7, ""subsample"": 0.9857911794609708, ""colsample_bytree"": 0.5449689389263617, ""min_child_weight"": 4, ""reg_alpha"": 0.6907926944616959, ""reg_lambda"": 1.1554020708929693}"
714,2026-06-05T17:50:45.727016+00:00,xgb,ranking_lgbm,714,5220,7,998,0.7251090407371521,774,224,0.4991753399372101,"[""V380"", ""V215"", ""V342"", ""V255"", ""V191"", ""V176"", ""V160""]","{""n_estimators"": 305, ""learning_rate"": 0.045482224483788164, ""max_depth"": 5, ""subsample"": 0.7933481166847707, ""colsample_bytree"": 0.800365491130802, ""min_child_weight"": 6, ""reg_alpha"": 0.5613360214426183, ""reg_lambda"": 0.7225982213576261}"
715,2026-06-05T17:51:23.145233+00:00,xgb,ranking_lgbm,715,5105,7,1000,0.751568078994751,767,233,0.4997014105319977,"[""V380"", ""V215"", ""V342"", ""V255"", ""V191"", ""V176"", ""V160""]","{""n_estimators"": 285, ""learning_rate"": 0.0807587381266941, ""max_depth"": 6, ""subsample"": 0.6797200458663656, ""colsample_bytree"": 0.6154588950754034, ""min_child_weight"": 6, ""reg_alpha"": 0.6679508816764005, ""reg_lambda"": 1.378155945599128}"
716,2026-06-05T17:52:14.215068+00:00,xgb,ranking_lgbm,716,4890,7,998,0.7853360176086426,752,246,0.49930450320243835,"[""V380"", ""V215"", ""V342"", ""V255"", ""V191"", ""V176"", ""V160""]","{""n_estimators"": 338, ""learning_rate"": 0.07986961744659482, ""max_depth"": 7, ""subsample"": 0.8629564343299396, ""colsample_bytree"": 0.7557708567229308, ""min_child_weight"": 4, ""reg_alpha"": 0.724041102729564, ""reg_lambda"": 1.9392451952315641}"
717,2026-06-05T17:52:22.144186+00:00,xgb,ranking_lgbm,717,5175,5,1000,0.6355898976325989,745,255,0.4961719214916229,"[""V380"", ""V215"", ""V342"", ""V255"", ""V191""]","{""n_estimators"": 122, ""learning_rate"": 0.061462058369808246, ""max_depth"": 3, ""subsample"": 0.8788831287355843, ""colsample_bytree"": 0.6396186906842454, ""min_child_weight"": 4, ""reg_alpha"": 0.8409544107869518, ""reg_lambda"": 2.0447352985562195}"
718,2026-06-05T17:53:01.905491+00:00,xgb,ranking_lgbm,718,5165,7,1000,0.7355542778968811,771,229,0.4994645416736603,"[""V380"", ""V215"", ""V342"", ""V255"", ""V191"", ""V176"", ""V160""]","{""n_estimators"": 231, ""learning_rate"": 0.04206342026276844, ""max_depth"": 8, ""subsample"": 0.5966836812418537, ""colsample_bytree"": 0.7598386189598638, ""min_child_weight"": 2, ""reg_alpha"": 0.12827656070525095, ""reg_lambda"": 1.5912317470913258}"
719,2026-06-05T17:53:22.965852+00:00,xgb,ranking_lgbm,719,4765,7,999,0.7755844593048096,744,255,0.4989434480667114,"[""V380"", ""V215"", ""V342"", ""V255"", ""V191"", ""V176"", ""V160""]","{""n_estimators"": 166, ""learning_rate"": 0.13670481558601066, ""max_depth"": 6, ""subsample"": 0.5165475516285751, ""colsample_bytree"": 0.9089300411212231, ""min_child_weight"": 4, ""reg_alpha"": 0.5687379015577061, ""reg_lambda"": 1.5641422492209942}"
720,2026-06-05T17:53:59.768886+00:00,xgb,ranking_lgbm,720,5155,7,999,0.7105761170387268,770,229,0.4972843825817108,"[""V380"", ""V215"", ""V342"", ""V255"", ""V191"", ""V176"", ""V160""]","{""n_estimators"": 210, ""learning_rate"": 0.03221374148210516, ""max_depth"": 8, ""subsample"": 0.8931708697754464, ""colsample_bytree"": 0.830426450548515, ""min_child_weight"": 2, ""reg_alpha"": 0.8359773637895309, ""reg_lambda"": 1.552218640204697}"
721,2026-06-05T17:54:42.217945+00:00,xgb,ranking_lgbm,721,4625,7,1000,0.8037833571434021,735,265,0.4999774396419525,"[""V380"", ""V215"", ""V342"", ""V255"", ""V191"", ""V176"", ""V160""]","{""n_estimators"": 275, ""learning_rate"": 0.12688912071549308, ""max_depth"": 7, ""subsample"": 0.5980015026972538, ""colsample_bytree"": 0.81686462026495, ""min_child_weight"": 4, ""reg_alpha"": 0.48351656446772473, ""reg_lambda"": 1.7355784831299133}"
722,2026-06-05T17:55:11.239995+00:00,xgb,ranking_lgbm,722,5040,7,998,0.7651113867759705,762,236,0.4984547793865204,"[""V380"", ""V215"", ""V342"", ""V255"", ""V191"", ""V176"", ""V160""]","{""n_estimators"": 285, ""learning_rate"": 0.13025732115820704, ""max_depth"": 5, ""subsample"": 0.9762951486120846, ""colsample_bytree"": 0.9398643151265091, ""min_child_weight"": 8, ""reg_alpha"": 0.4757678600752818, ""reg_lambda"": 1.3980409888607928}"
723,2026-06-05T17:55:40.790041+00:00,xgb,ranking_lgbm,723,4985,7,1000,0.7488370537757874,759,241,0.49828559160232544,"[""V380"", ""V215"", ""V342"", ""V255"", ""V191"", ""V176"", ""V160""]","{""n_estimators"": 204, ""learning_rate"": 0.08473535491247239, ""max_depth"": 7, ""subsample"": 0.917260959160934, ""colsample_bytree"": 0.9631817170966905, ""min_child_weight"": 9, ""reg_alpha"": 0.5099642760340287, ""reg_lambda"": 1.8501245697971342}"
724,2026-06-05T17:56:11.766125+00:00,xgb,ranking_lgbm,724,5090,7,1000,0.7473502159118652,766,234,0.5009928941726685,"[""V380"", ""V215"", ""V342"", ""V255"", ""V191"", ""V176"", ""V160""]","{""n_estimators"": 283, ""learning_rate"": 0.07417577086874777, ""max_depth"": 5, ""subsample"": 0.9779469607185822, ""colsample_bytree"": 0.8875602222046846, ""min_child_weight"": 2, ""reg_alpha"": 0.7609652293767976, ""reg_lambda"": 0.8200259499961171}"
725,2026-06-05T17:56:20.705933+00:00,xgb,ranking_lgbm,725,5120,7,1000,0.6529970169067383,768,232,0.4954811632633209,"[""V380"", ""V215"", ""V342"", ""V255"", ""V191"", ""V176"", ""V160""]","{""n_estimators"": 106, ""learning_rate"": 0.05537664961242146, ""max_depth"": 4, ""subsample"": 0.7208036683472474, ""colsample_bytree"": 0.7358844974157215, ""min_child_weight"": 7, ""reg_alpha"": 0.5992010632655912, ""reg_lambda"": 1.2027099504028755}"
726,2026-06-05T18:03:52.696539+00:00,xgb,ranking_lgbm,726,5120,7,1000,0.7272009253501892,768,232,0.4990852475166321,"[""V380"", ""V215"", ""V342"", ""V255"", ""V191"", ""V176"", ""V160""]","{""n_estimators"": 103, ""learning_rate"": 0.1615594367302014, ""max_depth"": 5, ""subsample"": 0.7727553117779857, ""colsample_bytree"": 0.6591012485948889, ""min_child_weight"": 8, ""reg_alpha"": 0.9286343968573963, ""reg_lambda"": 1.9889548685817717}"
727,2026-06-05T18:04:09.645268+00:00,xgb,ranking_lgbm,727,5155,5,995,0.649013340473175,742,253,0.49704188108444214,"[""V380"", ""V215"", ""V342"", ""V255"", ""V191""]","{""n_estimators"": 177, ""learning_rate"": 0.04384399462949724, ""max_depth"": 4, ""subsample"": 0.7647241160107595, ""colsample_bytree"": 0.5589215765446196, ""min_child_weight"": 4, ""reg_alpha"": 0.8077533377881071, ""reg_lambda"": 1.0972755996748076}"
728,2026-06-05T18:04:26.910576+00:00,xgb,ranking_lgbm,728,5165,7,1000,0.7395686507225037,771,229,0.4972410500049591,"[""V380"", ""V215"", ""V342"", ""V255"", ""V191"", ""V176"", ""V160""]","{""n_estimators"": 222, ""learning_rate"": 0.1544873802370964, ""max_depth"": 3, ""subsample"": 0.6700023924403324, ""colsample_bytree"": 0.93413554694085, ""min_child_weight"": 1, ""reg_alpha"": 0.3313885024752288, ""reg_lambda"": 1.733746307959453}"
729,2026-06-05T18:26:40.977253+00:00,xgb,ranking_lgbm,729,4745,7,1000,0.8260846734046936,743,257,0.4987275302410126,"[""V380"", ""V215"", ""V342"", ""V255"", ""V191"", ""V176"", ""V160""]","{""n_estimators"": 361, ""learning_rate"": 0.10497484181317661, ""max_depth"": 7, ""subsample"": 0.5784481261934544, ""colsample_bytree"": 0.9138863441706921, ""min_child_weight"": 2, ""reg_alpha"": 0.19851541008102347, ""reg_lambda"": 2.4040505743252787}"
730,2026-06-05T18:27:38.762569+00:00,xgb,ranking_lgbm,730,5030,7,1000,0.7259599566459656,762,238,0.4966700077056885,"[""V380"", ""V215"", ""V342"", ""V255"", ""V191"", ""V176"", ""V160""]","{""n_estimators"": 225, ""learning_rate"": 0.04145890627010773, ""max_depth"": 9, ""subsample"": 0.8029056838266257, ""colsample_bytree"": 0.8739374802881625, ""min_child_weight"": 8, ""reg_alpha"": 0.5246042272983212, ""reg_lambda"": 2.1440810736302502}"
731,2026-06-05T18:29:25.947396+00:00,xgb,ranking_lgbm,731,5070,7,998,0.7870856523513794,764,234,0.498564749956131,"[""V380"", ""V215"", ""V342"", ""V255"", ""V191"", ""V176"", ""V160""]","{""n_estimators"": 360, ""learning_rate"": 0.06936355445303621, ""max_depth"": 9, ""subsample"": 0.99236139767702, ""colsample_bytree"": 0.9296145566395906, ""min_child_weight"": 7, ""reg_alpha"": 0.7751458303360153, ""reg_lambda"": 0.6114543270488875}"
732,2026-06-05T18:29:58.695389+00:00,xgb,ranking_lgbm,732,4900,7,996,0.7659772038459778,752,244,0.4991312623023987,"[""V380"", ""V215"", ""V342"", ""V255"", ""V191"", ""V176"", ""V160""]","{""n_estimators"": 189, ""learning_rate"": 0.17553156154048413, ""max_depth"": 5, ""subsample"": 0.6097306267873913, ""colsample_bytree"": 0.7472895982125816, ""min_child_weight"": 9, ""reg_alpha"": 0.012381855290244603, ""reg_lambda"": 1.8849025566611388}"
733,2026-06-05T18:30:16.333695+00:00,xgb,ranking_lgbm,733,5140,7,999,0.7196274995803833,769,230,0.4978484511375427,"[""V380"", ""V215"", ""V342"", ""V255"", ""V191"", ""V176"", ""V160""]","{""n_estimators"": 159, ""learning_rate"": 0.1461822310345822, ""max_depth"": 3, ""subsample"": 0.720486091946428, ""colsample_bytree"": 0.9205207026750664, ""min_child_weight"": 5, ""reg_alpha"": 0.6547598474643944, ""reg_lambda"": 1.5950937057600474}"
734,2026-06-05T18:31:22.086217+00:00,xgb,ranking_lgbm,734,4945,7,996,0.7890018224716187,755,241,0.4981602430343628,"[""V380"", ""V215"", ""V342"", ""V255"", ""V191"", ""V176"", ""V160""]","{""n_estimators"": 225, ""learning_rate"": 0.12954449575411145, ""max_depth"": 9, ""subsample"": 0.8541286971872346, ""colsample_bytree"": 0.5988880739610989, ""min_child_weight"": 9, ""reg_alpha"": 0.1627385089390061, ""reg_lambda"": 1.9678234113665718}"
735,2026-06-05T18:32:24.834712+00:00,xgb,ranking_lgbm,735,4650,7,998,0.846717894077301,736,262,0.5009974837303162,"[""V380"", ""V215"", ""V342"", ""V255"", ""V191"", ""V176"", ""V160""]","{""n_estimators"": 292, ""learning_rate"": 0.17807096909963369, ""max_depth"": 6, ""subsample"": 0.6900907872246904, ""colsample_bytree"": 0.8980386294521465, ""min_child_weight"": 5, ""reg_alpha"": 0.3055816680739414, ""reg_lambda"": 0.690315847643612}"
736,2026-06-05T18:33:26.006040+00:00,xgb,ranking_lgbm,736,4760,7,1000,0.7957121729850769,744,256,0.4979402422904968,"[""V380"", ""V215"", ""V342"", ""V255"", ""V191"", ""V176"", ""V160""]","{""n_estimators"": 248, ""learning_rate"": 0.14520183159978983, ""max_depth"": 7, ""subsample"": 0.8543002562555142, ""colsample_bytree"": 0.7454836319204178, ""min_child_weight"": 7, ""reg_alpha"": 0.9921061203688227, ""reg_lambda"": 1.4053814839480945}"
737,2026-06-05T18:34:29.525067+00:00,xgb,ranking_lgbm,737,4925,7,1000,0.794398307800293,755,245,0.4997563064098358,"[""V380"", ""V215"", ""V342"", ""V255"", ""V191"", ""V176"", ""V160""]","{""n_estimators"": 186, ""learning_rate"": 0.10522476787903982, ""max_depth"": 9, ""subsample"": 0.9157446894617081, ""colsample_bytree"": 0.9520708457924875, ""min_child_weight"": 3, ""reg_alpha"": 0.1447741493251724, ""reg_lambda"": 2.0926348143165816}"
738,2026-06-05T18:35:05.187198+00:00,xgb,ranking_lgbm,738,5000,7,1000,0.751960039138794,760,240,0.49759966135025024,"[""V380"", ""V215"", ""V342"", ""V255"", ""V191"", ""V176"", ""V160""]","{""n_estimators"": 173, ""learning_rate"": 0.12889863212039082, ""max_depth"": 6, ""subsample"": 0.645960465573156, ""colsample_bytree"": 0.62827244751094, ""min_child_weight"": 8, ""reg_alpha"": 0.7087635469205024, ""reg_lambda"": 0.9902796680450245}"
739,2026-06-05T18:35:58.559569+00:00,xgb,ranking_lgbm,739,4955,7,1000,0.7663020491600037,757,243,0.5017997026443481,"[""V380"", ""V215"", ""V342"", ""V255"", ""V191"", ""V176"", ""V160""]","{""n_estimators"": 162, ""learning_rate"": 0.0822433547184695, ""max_depth"": 9, ""subsample"": 0.7887826047917024, ""colsample_bytree"": 0.7293709291449453, ""min_child_weight"": 4, ""reg_alpha"": 0.23542168330142155, ""reg_lambda"": 0.9067700290771714}"
740,2026-06-05T18:36:34.048178+00:00,xgb,ranking_lgbm,740,5000,7,997,0.7746734619140625,759,238,0.4991895854473114,"[""V380"", ""V215"", ""V342"", ""V255"", ""V191"", ""V176"", ""V160""]","{""n_estimators"": 245, ""learning_rate"": 0.15475987004277467, ""max_depth"": 4, ""subsample"": 0.6941496498709119, ""colsample_bytree"": 0.8281837980661975, ""min_child_weight"": 1, ""reg_alpha"": 0.2670966876667944, ""reg_lambda"": 0.8007492091197457}"
741,2026-06-05T18:37:27.959912+00:00,xgb,ranking_lgbm,741,4895,7,1000,0.772638738155365,753,247,0.49938565492630005,"[""V380"", ""V215"", ""V342"", ""V255"", ""V191"", ""V176"", ""V160""]","{""n_estimators"": 289, ""learning_rate"": 0.1083068859493127, ""max_depth"": 5, ""subsample"": 0.6833641283561722, ""colsample_bytree"": 0.8931255488000986, ""min_child_weight"": 2, ""reg_alpha"": 0.8587805060195121, ""reg_lambda"": 2.4157125393826586}"
742,2026-06-05T18:39:32.327498+00:00,xgb,ranking_lgbm,742,4800,8,1000,0.8596464395523071,760,240,0.4997050166130066,"[""V380"", ""V215"", ""V342"", ""V255"", ""V191"", ""V176"", ""V160"", ""V117""]","{""n_estimators"": 364, ""learning_rate"": 0.09920572990552427, ""max_depth"": 9, ""subsample"": 0.7321057780128575, ""colsample_bytree"": 0.881478782055414, ""min_child_weight"": 3, ""reg_alpha"": 0.6038756980953818, ""reg_lambda"": 0.66467751386067}"
743,2026-06-05T18:40:29.772625+00:00,xgb,ranking_lgbm,743,5055,6,999,0.7662061452865601,750,249,0.5038163065910339,"[""V380"", ""V215"", ""V342"", ""V255"", ""V191"", ""V176""]","{""n_estimators"": 318, ""learning_rate"": 0.09148203446477325, ""max_depth"": 5, ""subsample"": 0.9398186776993851, ""colsample_bytree"": 0.997772931124544, ""min_child_weight"": 1, ""reg_alpha"": 0.11112091409421221, ""reg_lambda"": 0.5196047633321317}"
744,2026-06-05T18:41:09.817511+00:00,xgb,ranking_lgbm,744,5150,7,1000,0.7296807765960693,770,230,0.4976024329662323,"[""V380"", ""V215"", ""V342"", ""V255"", ""V191"", ""V176"", ""V160""]","{""n_estimators"": 378, ""learning_rate"": 0.11899105483043038, ""max_depth"": 3, ""subsample"": 0.7872583576871872, ""colsample_bytree"": 0.545246315347826, ""min_child_weight"": 7, ""reg_alpha"": 0.8314739050939681, ""reg_lambda"": 2.1838612303097826}"
745,2026-06-05T18:41:33.539359+00:00,xgb,ranking_lgbm,745,5095,7,999,0.6629288792610168,766,233,0.4955531358718872,"[""V380"", ""V215"", ""V342"", ""V255"", ""V191"", ""V176"", ""V160""]","{""n_estimators"": 168, ""learning_rate"": 0.0435513001475376, ""max_depth"": 4, ""subsample"": 0.9693253807274855, ""colsample_bytree"": 0.736259481597813, ""min_child_weight"": 2, ""reg_alpha"": 0.7704602804570979, ""reg_lambda"": 1.9997859935379874}"
746,2026-06-05T18:41:50.828856+00:00,xgb,ranking_lgbm,746,5300,7,1000,0.6305471658706665,780,220,0.49460551142692566,"[""V380"", ""V215"", ""V342"", ""V255"", ""V191"", ""V176"", ""V160""]","{""n_estimators"": 123, ""learning_rate"": 0.03795736994204317, ""max_depth"": 4, ""subsample"": 0.6678479791505216, ""colsample_bytree"": 0.5701422918964856, ""min_child_weight"": 4, ""reg_alpha"": 0.4783728249308956, ""reg_lambda"": 1.2662801958227663}"
747,2026-06-05T18:42:55.326828+00:00,xgb,ranking_lgbm,747,4775,7,1000,0.8042636513710022,745,255,0.4992920458316803,"[""V380"", ""V215"", ""V342"", ""V255"", ""V191"", ""V176"", ""V160""]","{""n_estimators"": 208, ""learning_rate"": 0.1205076305007437, ""max_depth"": 8, ""subsample"": 0.7754061933483204, ""colsample_bytree"": 0.9592986892604332, ""min_child_weight"": 3, ""reg_alpha"": 0.8977323458033857, ""reg_lambda"": 1.5286945957158609}"
748,2026-06-05T18:44:37.733445+00:00,xgb,ranking_lgbm,748,4970,7,1000,0.8164533972740173,758,242,0.5007835626602173,"[""V380"", ""V215"", ""V342"", ""V255"", ""V191"", ""V176"", ""V160""]","{""n_estimators"": 329, ""learning_rate"": 0.06955764681008086, ""max_depth"": 8, ""subsample"": 0.7340283274214994, ""colsample_bytree"": 0.7768134457016236, ""min_child_weight"": 1, ""reg_alpha"": 0.16662548086067974, ""reg_lambda"": 1.3081498821437114}"
749,2026-06-05T18:44:58.798121+00:00,xgb,ranking_lgbm,749,5255,7,1000,0.7002977728843689,777,223,0.49736133217811584,"[""V380"", ""V215"", ""V342"", ""V255"", ""V191"", ""V176"", ""V160""]","{""n_estimators"": 197, ""learning_rate"": 0.08066951268509517, ""max_depth"": 3, ""subsample"": 0.690385748027466, ""colsample_bytree"": 0.6816878690020289, ""min_child_weight"": 6, ""reg_alpha"": 0.9271992367652644, ""reg_lambda"": 1.1800158724203957}"
750,2026-06-05T18:45:33.257740+00:00,xgb,ranking_lgbm,750,5125,7,999,0.7146691083908081,768,231,0.49794042110443115,"[""V380"", ""V215"", ""V342"", ""V255"", ""V191"", ""V176"", ""V160""]","{""n_estimators"": 247, ""learning_rate"": 0.060256203315658494, ""max_depth"": 4, ""subsample"": 0.5797709938199915, ""colsample_bytree"": 0.627561966243221, ""min_child_weight"": 1, ""reg_alpha"": 0.4192501363924386, ""reg_lambda"": 0.5166837712612724}"
751,2026-06-05T18:46:15.708169+00:00,xgb,ranking_lgbm,751,4685,7,1000,0.7928963303565979,739,261,0.4991227984428406,"[""V380"", ""V215"", ""V342"", ""V255"", ""V191"", ""V176"", ""V160""]","{""n_estimators"": 200, ""learning_rate"": 0.17258568863299925, ""max_depth"": 6, ""subsample"": 0.6309994640543681, ""colsample_bytree"": 0.7956720856926797, ""min_child_weight"": 7, ""reg_alpha"": 0.5388437132515536, ""reg_lambda"": 1.198127339803915}"
752,2026-06-05T18:46:33.096546+00:00,xgb,ranking_lgbm,752,5165,6,998,0.6566746234893799,757,241,0.49685823917388916,"[""V380"", ""V215"", ""V342"", ""V255"", ""V191"", ""V176""]","{""n_estimators"": 161, ""learning_rate"": 0.05571541634459773, ""max_depth"": 3, ""subsample"": 0.8962172710527208, ""colsample_bytree"": 0.5522985578862638, ""min_child_weight"": 1, ""reg_alpha"": 0.5552592621624128, ""reg_lambda"": 2.115991454233341}"
753,2026-06-05T18:47:07.100736+00:00,xgb,ranking_lgbm,753,4850,7,1000,0.7477200627326965,750,250,0.4968319237232208,"[""V380"", ""V215"", ""V342"", ""V255"", ""V191"", ""V176"", ""V160""]","{""n_estimators"": 145, ""learning_rate"": 0.15664613337659722, ""max_depth"": 7, ""subsample"": 0.5203064488165504, ""colsample_bytree"": 0.5301933349920009, ""min_child_weight"": 9, ""reg_alpha"": 0.43014574002572503, ""reg_lambda"": 1.8800643066334886}"
754,2026-06-05T18:47:57.186259+00:00,xgb,ranking_lgbm,754,5195,7,1000,0.755521833896637,773,227,0.5003066658973694,"[""V380"", ""V215"", ""V342"", ""V255"", ""V191"", ""V176"", ""V160""]","{""n_estimators"": 286, ""learning_rate"": 0.08369556939797448, ""max_depth"": 5, ""subsample"": 0.6970459820939428, ""colsample_bytree"": 0.7198797116639053, ""min_child_weight"": 4, ""reg_alpha"": 0.1289398216498293, ""reg_lambda"": 0.8225332036901236}"
755,2026-06-05T18:48:55.080771+00:00,xgb,ranking_lgbm,755,5000,7,1000,0.7063707113265991,760,240,0.49569910764694214,"[""V380"", ""V215"", ""V342"", ""V255"", ""V191"", ""V176"", ""V160""]","{""n_estimators"": 229, ""learning_rate"": 0.03001968709428569, ""max_depth"": 7, ""subsample"": 0.561296500831064, ""colsample_bytree"": 0.8998874292707991, ""min_child_weight"": 3, ""reg_alpha"": 0.6015954323044944, ""reg_lambda"": 1.567363243201326}"
756,2026-06-05T18:49:40.097518+00:00,xgb,ranking_lgbm,756,4860,8,1000,0.7943066358566284,764,236,0.5030680894851685,"[""V380"", ""V215"", ""V342"", ""V255"", ""V191"", ""V176"", ""V160"", ""V117""]","{""n_estimators"": 248, ""learning_rate"": 0.14351575312663065, ""max_depth"": 5, ""subsample"": 0.8437425987884465, ""colsample_bytree"": 0.7589477723094264, ""min_child_weight"": 2, ""reg_alpha"": 0.5695617421754744, ""reg_lambda"": 1.9289337067364953}"
757,2026-06-05T18:51:01.023103+00:00,xgb,ranking_lgbm,757,5075,7,1000,0.7542610764503479,765,235,0.49799928069114685,"[""V380"", ""V215"", ""V342"", ""V255"", ""V191"", ""V176"", ""V160""]","{""n_estimators"": 296, ""learning_rate"": 0.058427704813068665, ""max_depth"": 8, ""subsample"": 0.6636033235910932, ""colsample_bytree"": 0.8524213326817848, ""min_child_weight"": 7, ""reg_alpha"": 0.5822103111247491, ""reg_lambda"": 1.4931429571765993}"
758,2026-06-05T18:52:44.919309+00:00,xgb,ranking_lgbm,758,4510,9,1000,0.8198349475860596,754,246,0.4966069757938385,"[""V380"", ""V215"", ""V342"", ""V255"", ""V191"", ""V176"", ""V160"", ""V117"", ""V390""]","{""n_estimators"": 390, ""learning_rate"": 0.1004565802079022, ""max_depth"": 8, ""subsample"": 0.7547349888932953, ""colsample_bytree"": 0.8566330108654954, ""min_child_weight"": 9, ""reg_alpha"": 0.6991272320377855, ""reg_lambda"": 1.3374803806894777}"
759,2026-06-05T18:53:40.199122+00:00,xgb,ranking_lgbm,759,4890,7,998,0.7885525822639465,752,246,0.5027174949645996,"[""V380"", ""V215"", ""V342"", ""V255"", ""V191"", ""V176"", ""V160""]","{""n_estimators"": 244, ""learning_rate"": 0.09596382793284458, ""max_depth"": 6, ""subsample"": 0.7381288941560147, ""colsample_bytree"": 0.7548531696865614, ""min_child_weight"": 1, ""reg_alpha"": 0.2563967916011243, ""reg_lambda"": 0.9974430383223285}"
760,2026-06-05T18:54:47.845260+00:00,xgb,ranking_lgbm,760,5110,7,999,0.7397727370262146,767,232,0.5013079643249512,"[""V380"", ""V215"", ""V342"", ""V255"", ""V191"", ""V176"", ""V160""]","{""n_estimators"": 236, ""learning_rate"": 0.047541663194858655, ""max_depth"": 7, ""subsample"": 0.8928507414081801, ""colsample_bytree"": 0.7937341681792032, ""min_child_weight"": 1, ""reg_alpha"": 0.8840721222360721, ""reg_lambda"": 1.55646790134006}"
761,2026-06-05T18:55:08.594817+00:00,xgb,ranking_lgbm,761,5120,7,1000,0.6707559823989868,768,232,0.49611011147499084,"[""V380"", ""V215"", ""V342"", ""V255"", ""V191"", ""V176"", ""V160""]","{""n_estimators"": 112, ""learning_rate"": 0.048523494152078864, ""max_depth"": 5, ""subsample"": 0.8908817560178308, ""colsample_bytree"": 0.9956034142412533, ""min_child_weight"": 2, ""reg_alpha"": 0.214081951692763, ""reg_lambda"": 1.5570722808676065}"
762,2026-06-05T18:56:38.535874+00:00,xgb,ranking_lgbm,762,4895,7,1000,0.773510754108429,753,247,0.5004705786705017,"[""V380"", ""V215"", ""V342"", ""V255"", ""V191"", ""V176"", ""V160""]","{""n_estimators"": 385, ""learning_rate"": 0.06814510524692113, ""max_depth"": 7, ""subsample"": 0.888180601972848, ""colsample_bytree"": 0.7063703920674564, ""min_child_weight"": 6, ""reg_alpha"": 0.1304975903747918, ""reg_lambda"": 1.6364845607292369}"
763,2026-06-05T18:57:22.493421+00:00,xgb,ranking_lgbm,763,5030,7,1000,0.7960307598114014,762,238,0.5043994188308716,"[""V380"", ""V215"", ""V342"", ""V255"", ""V191"", ""V176"", ""V160""]","{""n_estimators"": 154, ""learning_rate"": 0.1341825648241911, ""max_depth"": 9, ""subsample"": 0.7956224500131971, ""colsample_bytree"": 0.5550456313041949, ""min_child_weight"": 1, ""reg_alpha"": 0.09218034549602361, ""reg_lambda"": 1.5838793447098583}"
764,2026-06-05T18:58:14.751802+00:00,xgb,ranking_lgbm,764,4835,7,1000,0.787045955657959,749,251,0.5002126693725586,"[""V380"", ""V215"", ""V342"", ""V255"", ""V191"", ""V176"", ""V160""]","{""n_estimators"": 273, ""learning_rate"": 0.1485310254258199, ""max_depth"": 5, ""subsample"": 0.6349230182733334, ""colsample_bytree"": 0.9443435374586411, ""min_child_weight"": 6, ""reg_alpha"": 0.70510703949888, ""reg_lambda"": 1.101087311316014}"
765,2026-06-05T18:59:36.225569+00:00,xgb,ranking_lgbm,765,4670,7,1000,0.825309693813324,738,262,0.49777647852897644,"[""V380"", ""V215"", ""V342"", ""V255"", ""V191"", ""V176"", ""V160""]","{""n_estimators"": 290, ""learning_rate"": 0.160656849768427, ""max_depth"": 8, ""subsample"": 0.9757513031803271, ""colsample_bytree"": 0.8432237309023219, ""min_child_weight"": 9, ""reg_alpha"": 0.6725402448740934, ""reg_lambda"": 0.5589671573538768}"
766,2026-06-05T19:00:11.462574+00:00,xgb,ranking_lgbm,766,4885,8,998,0.7369954586029053,765,233,0.4967350661754608,"[""V380"", ""V215"", ""V342"", ""V255"", ""V191"", ""V176"", ""V160"", ""V117""]","{""n_estimators"": 129, ""learning_rate"": 0.0848068893668688, ""max_depth"": 7, ""subsample"": 0.6451786198524225, ""colsample_bytree"": 0.9717816056110788, ""min_child_weight"": 4, ""reg_alpha"": 0.7095059215924622, ""reg_lambda"": 2.284244286076049}"
767,2026-06-05T19:01:28.014766+00:00,xgb,ranking_lgbm,767,4730,7,994,0.7705622911453247,740,254,0.5004830956459045,"[""V380"", ""V215"", ""V342"", ""V255"", ""V191"", ""V176"", ""V160""]","{""n_estimators"": 334, ""learning_rate"": 0.09338630827640496, ""max_depth"": 6, ""subsample"": 0.50651849339883, ""colsample_bytree"": 0.5484045534803339, ""min_child_weight"": 3, ""reg_alpha"": 0.495805930447604, ""reg_lambda"": 1.9090376347230147}"
768,2026-06-05T19:02:00.404001+00:00,xgb,ranking_lgbm,768,5240,7,1000,0.7112112045288086,776,224,0.49833980202674866,"[""V380"", ""V215"", ""V342"", ""V255"", ""V191"", ""V176"", ""V160""]","{""n_estimators"": 295, ""learning_rate"": 0.08549479813675015, ""max_depth"": 3, ""subsample"": 0.9382272109628522, ""colsample_bytree"": 0.6698104921989383, ""min_child_weight"": 9, ""reg_alpha"": 0.6542212708708877, ""reg_lambda"": 1.0915629332782355}"
769,2026-06-05T19:03:18.086513+00:00,xgb,ranking_lgbm,769,4755,8,1000,0.8196942210197449,757,243,0.49722257256507874,"[""V380"", ""V215"", ""V342"", ""V255"", ""V191"", ""V176"", ""V160"", ""V117""]","{""n_estimators"": 226, ""learning_rate"": 0.12794867378718666, ""max_depth"": 9, ""subsample"": 0.5915277547912605, ""colsample_bytree"": 0.9435424555647693, ""min_child_weight"": 4, ""reg_alpha"": 0.5599579476735781, ""reg_lambda"": 1.5852555507766197}"
770,2026-06-05T19:04:33.622934+00:00,xgb,ranking_lgbm,770,4765,7,996,0.8234793543815613,743,253,0.5009309649467468,"[""V380"", ""V215"", ""V342"", ""V255"", ""V191"", ""V176"", ""V160""]","{""n_estimators"": 320, ""learning_rate"": 0.11718489983279924, ""max_depth"": 6, ""subsample"": 0.5726410857813136, ""colsample_bytree"": 0.7033931351654574, ""min_child_weight"": 1, ""reg_alpha"": 0.0789588516521017, ""reg_lambda"": 1.1522618004879563}"
771,2026-06-05T19:05:09.769840+00:00,xgb,ranking_lgbm,771,4930,7,999,0.7577195167541504,755,244,0.4982239305973053,"[""V380"", ""V215"", ""V342"", ""V255"", ""V191"", ""V176"", ""V160""]","{""n_estimators"": 124, ""learning_rate"": 0.12427584618413812, ""max_depth"": 8, ""subsample"": 0.9749088624401641, ""colsample_bytree"": 0.9085522501942063, ""min_child_weight"": 8, ""reg_alpha"": 0.617632450728735, ""reg_lambda"": 1.3850535078350459}"
772,2026-06-05T19:06:18.174531+00:00,xgb,ranking_lgbm,772,5000,7,1000,0.7370631098747253,760,240,0.4982396364212036,"[""V380"", ""V215"", ""V342"", ""V255"", ""V191"", ""V176"", ""V160""]","{""n_estimators"": 382, ""learning_rate"": 0.05440149395323754, ""max_depth"": 5, ""subsample"": 0.695269324899783, ""colsample_bytree"": 0.9431277096516588, ""min_child_weight"": 9, ""reg_alpha"": 0.04642177882270948, ""reg_lambda"": 2.001272584809635}"
773,2026-06-05T19:06:58.259937+00:00,xgb,ranking_lgbm,773,5030,7,1000,0.7699472904205322,762,238,0.5012202858924866,"[""V380"", ""V215"", ""V342"", ""V255"", ""V191"", ""V176"", ""V160""]","{""n_estimators"": 134, ""learning_rate"": 0.12689543375512502, ""max_depth"": 7, ""subsample"": 0.8795999884302745, ""colsample_bytree"": 0.8793426817977645, ""min_child_weight"": 1, ""reg_alpha"": 0.8216677995520697, ""reg_lambda"": 2.0927003540234472}"
774,2026-06-05T19:07:22.486021+00:00,xgb,ranking_lgbm,774,4850,8,996,0.7550503611564636,762,234,0.5002745985984802,"[""V380"", ""V215"", ""V342"", ""V255"", ""V191"", ""V176"", ""V160"", ""V117""]","{""n_estimators"": 125, ""learning_rate"": 0.13093945206183707, ""max_depth"": 5, ""subsample"": 0.5874359207142029, ""colsample_bytree"": 0.7872319224261766, ""min_child_weight"": 3, ""reg_alpha"": 0.30877470788603734, ""reg_lambda"": 0.9918376054127396}"
775,2026-06-05T19:08:14.651112+00:00,xgb,ranking_lgbm,775,4895,7,1000,0.7676728367805481,753,247,0.4994468688964844,"[""V380"", ""V215"", ""V342"", ""V255"", ""V191"", ""V176"", ""V160""]","{""n_estimators"": 178, ""learning_rate"": 0.12083352097538312, ""max_depth"": 8, ""subsample"": 0.7768388446295151, ""colsample_bytree"": 0.565484779852947, ""min_child_weight"": 6, ""reg_alpha"": 0.49143082462986, ""reg_lambda"": 0.8004655969473597}"
776,2026-06-05T19:08:34.200362+00:00,xgb,ranking_lgbm,776,5150,7,1000,0.6725756525993347,770,230,0.49704107642173767,"[""V380"", ""V215"", ""V342"", ""V255"", ""V191"", ""V176"", ""V160""]","{""n_estimators"": 171, ""learning_rate"": 0.06702471519248786, ""max_depth"": 3, ""subsample"": 0.8772540702758304, ""colsample_bytree"": 0.6522178651210164, ""min_child_weight"": 3, ""reg_alpha"": 0.8977526397327452, ""reg_lambda"": 1.9067166550338486}"
777,2026-06-05T19:09:43.292627+00:00,xgb,ranking_lgbm,777,5015,7,1000,0.7367367744445801,761,239,0.4965980052947998,"[""V380"", ""V215"", ""V342"", ""V255"", ""V191"", ""V176"", ""V160""]","{""n_estimators"": 315, ""learning_rate"": 0.051463859628501266, ""max_depth"": 6, ""subsample"": 0.6182911202227616, ""colsample_bytree"": 0.6818395974639431, ""min_child_weight"": 6, ""reg_alpha"": 0.492342622826067, ""reg_lambda"": 0.9522271922185521}"
778,2026-06-05T19:10:52.280948+00:00,xgb,ranking_lgbm,778,4625,8,999,0.787427544593811,748,251,0.4970318377017975,"[""V380"", ""V215"", ""V342"", ""V255"", ""V191"", ""V176"", ""V160"", ""V117""]","{""n_estimators"": 203, ""learning_rate"": 0.12696746316070473, ""max_depth"": 9, ""subsample"": 0.531018207357281, ""colsample_bytree"": 0.7299301708044844, ""min_child_weight"": 5, ""reg_alpha"": 0.9269970477498947, ""reg_lambda"": 1.9539779686381402}"
779,2026-06-05T19:12:28.677798+00:00,xgb,ranking_lgbm,779,4835,7,1000,0.816292941570282,749,251,0.4987873136997223,"[""V380"", ""V215"", ""V342"", ""V255"", ""V191"", ""V176"", ""V160""]","{""n_estimators"": 384, ""learning_rate"": 0.11965639360775938, ""max_depth"": 7, ""subsample"": 0.7988818056105949, ""colsample_bytree"": 0.8331016131698972, ""min_child_weight"": 9, ""reg_alpha"": 0.1977809385673669, ""reg_lambda"": 1.0654924157202224}"
780,2026-06-05T19:14:02.746348+00:00,xgb,ranking_lgbm,780,4625,7,1000,0.8102415800094604,735,265,0.4993373155593872,"[""V380"", ""V215"", ""V342"", ""V255"", ""V191"", ""V176"", ""V160""]","{""n_estimators"": 374, ""learning_rate"": 0.15414994879357222, ""max_depth"": 7, ""subsample"": 0.9622841576624686, ""colsample_bytree"": 0.6568451764705066, ""min_child_weight"": 9, ""reg_alpha"": 0.9884600679657193, ""reg_lambda"": 2.0552497196348947}"
781,2026-06-05T19:15:00.525636+00:00,xgb,ranking_lgbm,781,4750,7,993,0.7962380051612854,741,252,0.49898067116737366,"[""V380"", ""V215"", ""V342"", ""V255"", ""V191"", ""V176"", ""V160""]","{""n_estimators"": 313, ""learning_rate"": 0.14982726845614264, ""max_depth"": 5, ""subsample"": 0.6425580209040537, ""colsample_bytree"": 0.8934757121247465, ""min_child_weight"": 7, ""reg_alpha"": 0.2556512743660663, ""reg_lambda"": 0.9091036331162823}"
782,2026-06-05T19:15:42.797570+00:00,xgb,ranking_lgbm,782,5125,7,999,0.7095694541931152,768,231,0.498123437166214,"[""V380"", ""V215"", ""V342"", ""V255"", ""V191"", ""V176"", ""V160""]","{""n_estimators"": 376, ""learning_rate"": 0.05609607298291752, ""max_depth"": 3, ""subsample"": 0.7907627212889208, ""colsample_bytree"": 0.8438741058321171, ""min_child_weight"": 5, ""reg_alpha"": 0.5896825041732242, ""reg_lambda"": 0.6592909405522456}"
783,2026-06-05T19:15:55.900166+00:00,xgb,ranking_lgbm,783,5195,7,1000,0.7069309949874878,773,227,0.49748992919921875,"[""V380"", ""V215"", ""V342"", ""V255"", ""V191"", ""V176"", ""V160""]","{""n_estimators"": 110, ""learning_rate"": 0.16933764628689615, ""max_depth"": 3, ""subsample"": 0.7718207566196076, ""colsample_bytree"": 0.8142181476506227, ""min_child_weight"": 4, ""reg_alpha"": 0.7940596785093214, ""reg_lambda"": 1.5114973069044229}"
784,2026-06-05T19:16:35.043353+00:00,xgb,ranking_lgbm,784,5170,7,999,0.6780173182487488,771,228,0.49569815397262573,"[""V380"", ""V215"", ""V342"", ""V255"", ""V191"", ""V176"", ""V160""]","{""n_estimators"": 118, ""learning_rate"": 0.03725313225705161, ""max_depth"": 9, ""subsample"": 0.7729943208473373, ""colsample_bytree"": 0.6770950009761456, ""min_child_weight"": 7, ""reg_alpha"": 0.5926068827631354, ""reg_lambda"": 0.727193878236412}"
785,2026-06-05T19:17:55.642381+00:00,xgb,ranking_lgbm,785,4730,7,1000,0.8053057789802551,742,258,0.49426260590553284,"[""V380"", ""V215"", ""V342"", ""V255"", ""V191"", ""V176"", ""V160""]","{""n_estimators"": 249, ""learning_rate"": 0.1537248702605843, ""max_depth"": 9, ""subsample"": 0.5299233281217012, ""colsample_bytree"": 0.999380619175912, ""min_child_weight"": 7, ""reg_alpha"": 0.869403601946963, ""reg_lambda"": 1.7427770785260994}"
786,2026-06-05T19:19:19.087783+00:00,xgb,ranking_lgbm,786,4695,8,1000,0.8395222425460815,753,247,0.4996984004974365,"[""V380"", ""V215"", ""V342"", ""V255"", ""V191"", ""V176"", ""V160"", ""V117""]","{""n_estimators"": 316, ""learning_rate"": 0.1308432432226474, ""max_depth"": 7, ""subsample"": 0.7348922286937101, ""colsample_bytree"": 0.9277634826180503, ""min_child_weight"": 5, ""reg_alpha"": 0.1787336262916417, ""reg_lambda"": 1.8900063988379847}"
787,2026-06-05T19:20:40.476401+00:00,xgb,ranking_lgbm,787,5155,7,999,0.7399623990058899,770,229,0.5003847479820251,"[""V380"", ""V215"", ""V342"", ""V255"", ""V191"", ""V176"", ""V160""]","{""n_estimators"": 386, ""learning_rate"": 0.046295589105164736, ""max_depth"": 6, ""subsample"": 0.9469594475620631, ""colsample_bytree"": 0.6933449018254587, ""min_child_weight"": 7, ""reg_alpha"": 0.29579432365474, ""reg_lambda"": 1.3961626645411878}"
788,2026-06-05T19:21:12.027958+00:00,xgb,ranking_lgbm,788,5225,7,1000,0.6902704238891602,775,225,0.49814921617507935,"[""V380"", ""V215"", ""V342"", ""V255"", ""V191"", ""V176"", ""V160""]","{""n_estimators"": 145, ""learning_rate"": 0.052190209867640946, ""max_depth"": 6, ""subsample"": 0.982006496591106, ""colsample_bytree"": 0.5485423475723823, ""min_child_weight"": 8, ""reg_alpha"": 0.13612390667901542, ""reg_lambda"": 1.6800081127096398}"
789,2026-06-05T19:21:37.876075+00:00,xgb,ranking_lgbm,789,5225,7,1000,0.6807411909103394,775,225,0.4968124032020569,"[""V380"", ""V215"", ""V342"", ""V255"", ""V191"", ""V176"", ""V160""]","{""n_estimators"": 182, ""learning_rate"": 0.04849887015898041, ""max_depth"": 4, ""subsample"": 0.810204907836358, ""colsample_bytree"": 0.6000696643356616, ""min_child_weight"": 8, ""reg_alpha"": 0.8080338599445401, ""reg_lambda"": 0.5770298396742015}"
790,2026-06-05T19:22:06.125005+00:00,xgb,ranking_lgbm,790,5195,7,997,0.6894066333770752,772,225,0.4969649016857147,"[""V380"", ""V215"", ""V342"", ""V255"", ""V191"", ""V176"", ""V160""]","{""n_estimators"": 151, ""learning_rate"": 0.049860707480736566, ""max_depth"": 5, ""subsample"": 0.8968894348861143, ""colsample_bytree"": 0.8122098403559737, ""min_child_weight"": 5, ""reg_alpha"": 0.7370499056494675, ""reg_lambda"": 0.602014497080744}"
791,2026-06-05T19:22:55.962391+00:00,xgb,ranking_lgbm,791,5050,6,1000,0.7557190656661987,750,250,0.5026941299438477,"[""V380"", ""V215"", ""V342"", ""V255"", ""V191"", ""V176""]","{""n_estimators"": 340, ""learning_rate"": 0.13371151068462428, ""max_depth"": 4, ""subsample"": 0.9362727435512272, ""colsample_bytree"": 0.8081481697129443, ""min_child_weight"": 2, ""reg_alpha"": 0.1352345565626364, ""reg_lambda"": 0.6093986269194105}"
792,2026-06-05T19:24:04.248442+00:00,xgb,ranking_lgbm,792,4885,7,999,0.833777904510498,752,247,0.5031788945198059,"[""V380"", ""V215"", ""V342"", ""V255"", ""V191"", ""V176"", ""V160""]","{""n_estimators"": 352, ""learning_rate"": 0.17657708750609147, ""max_depth"": 5, ""subsample"": 0.7529965164679042, ""colsample_bytree"": 0.7039208323693525, ""min_child_weight"": 1, ""reg_alpha"": 0.7749605923383189, ""reg_lambda"": 0.7623564641255496}"
793,2026-06-05T19:24:44.861215+00:00,xgb,ranking_lgbm,793,5255,7,1000,0.7189497351646423,777,223,0.4982031285762787,"[""V380"", ""V215"", ""V342"", ""V255"", ""V191"", ""V176"", ""V160""]","{""n_estimators"": 225, ""learning_rate"": 0.048775598831193444, ""max_depth"": 5, ""subsample"": 0.6107756971623303, ""colsample_bytree"": 0.9420280048970457, ""min_child_weight"": 7, ""reg_alpha"": 0.053162631621438194, ""reg_lambda"": 0.5769874349569029}"
794,2026-06-05T19:25:49.563568+00:00,xgb,ranking_lgbm,794,4955,7,1000,0.7676771879196167,757,243,0.49918389320373535,"[""V380"", ""V215"", ""V342"", ""V255"", ""V191"", ""V176"", ""V160""]","{""n_estimators"": 225, ""learning_rate"": 0.09193026742814239, ""max_depth"": 7, ""subsample"": 0.6327513841064583, ""colsample_bytree"": 0.679156605611482, ""min_child_weight"": 1, ""reg_alpha"": 0.7598444499237968, ""reg_lambda"": 2.4905293436877494}"
795,2026-06-05T19:26:31.434649+00:00,xgb,ranking_lgbm,795,5030,7,1000,0.7219523191452026,762,238,0.49792930483818054,"[""V380"", ""V215"", ""V342"", ""V255"", ""V191"", ""V176"", ""V160""]","{""n_estimators"": 279, ""learning_rate"": 0.06243788926698828, ""max_depth"": 4, ""subsample"": 0.7890864710680237, ""colsample_bytree"": 0.9138550596857102, ""min_child_weight"": 4, ""reg_alpha"": 0.7476653334841531, ""reg_lambda"": 0.8664646023565532}"
796,2026-06-05T19:28:32.454207+00:00,xgb,ranking_lgbm,796,4755,7,998,0.7904471158981323,743,255,0.4978395402431488,"[""V380"", ""V215"", ""V342"", ""V255"", ""V191"", ""V176"", ""V160""]","{""n_estimators"": 392, ""learning_rate"": 0.10212531615367833, ""max_depth"": 9, ""subsample"": 0.6482218742469327, ""colsample_bytree"": 0.6110134083168094, ""min_child_weight"": 9, ""reg_alpha"": 0.644713087835808, ""reg_lambda"": 2.1950613496362146}"
797,2026-06-05T19:30:25.183368+00:00,xgb,ranking_lgbm,797,5040,7,998,0.8293167948722839,762,236,0.5005394220352173,"[""V380"", ""V215"", ""V342"", ""V255"", ""V191"", ""V176"", ""V160""]","{""n_estimators"": 330, ""learning_rate"": 0.08148051214167434, ""max_depth"": 9, ""subsample"": 0.6898269963642113, ""colsample_bytree"": 0.7180731394329398, ""min_child_weight"": 3, ""reg_alpha"": 0.27281549156914964, ""reg_lambda"": 0.8222477888080695}"
798,2026-06-05T19:30:43.562123+00:00,xgb,ranking_lgbm,798,5190,5,1000,0.673936665058136,746,254,0.4979725480079651,"[""V380"", ""V215"", ""V342"", ""V255"", ""V191""]","{""n_estimators"": 162, ""learning_rate"": 0.1372351234536729, ""max_depth"": 3, ""subsample"": 0.9036098465091774, ""colsample_bytree"": 0.7314473685619884, ""min_child_weight"": 8, ""reg_alpha"": 0.39807569729508707, ""reg_lambda"": 1.5319860791426492}"
799,2026-06-05T19:32:01.424886+00:00,xgb,ranking_lgbm,799,5020,7,999,0.8163896203041077,761,238,0.5031732320785522,"[""V380"", ""V215"", ""V342"", ""V255"", ""V191"", ""V176"", ""V160""]","{""n_estimators"": 284, ""learning_rate"": 0.09282555103034335, ""max_depth"": 7, ""subsample"": 0.8448141366087356, ""colsample_bytree"": 0.9604141495671705, ""min_child_weight"": 2, ""reg_alpha"": 0.08888046034075814, ""reg_lambda"": 1.17605738706176}"
800,2026-06-05T19:32:21.943379+00:00,xgb,ranking_lgbm,800,5350,7,996,0.6901402473449707,782,214,0.49515146017074585,"[""V380"", ""V215"", ""V342"", ""V255"", ""V191"", ""V176"", ""V160""]","{""n_estimators"": 139, ""learning_rate"": 0.07194015069930274, ""max_depth"": 4, ""subsample"": 0.5360257861433118, ""colsample_bytree"": 0.6198542186333016, ""min_child_weight"": 6, ""reg_alpha"": 0.22771967231137413, ""reg_lambda"": 2.4070342402266767}"
801,2026-06-05T19:33:50.141853+00:00,xgb,ranking_lgbm,801,4670,7,1000,0.8527809977531433,738,262,0.49789267778396606,"[""V380"", ""V215"", ""V342"", ""V255"", ""V191"", ""V176"", ""V160""]","{""n_estimators"": 311, ""learning_rate"": 0.15421397382731847, ""max_depth"": 7, ""subsample"": 0.8540806482971977, ""colsample_bytree"": 0.9788006200864926, ""min_child_weight"": 2, ""reg_alpha"": 0.4942708528525763, ""reg_lambda"": 1.4409698860207605}"
802,2026-06-05T19:35:53.354173+00:00,xgb,ranking_lgbm,802,4795,7,999,0.8726619482040405,746,253,0.4994036555290222,"[""V380"", ""V215"", ""V342"", ""V255"", ""V191"", ""V176"", ""V160""]","{""n_estimators"": 374, ""learning_rate"": 0.12261847916101797, ""max_depth"": 9, ""subsample"": 0.7692670987012717, ""colsample_bytree"": 0.5951679025705995, ""min_child_weight"": 1, ""reg_alpha"": 0.5650492061813689, ""reg_lambda"": 0.5879048663679849}"
803,2026-06-05T19:37:11.944274+00:00,xgb,ranking_lgbm,803,4930,7,999,0.8318476676940918,755,244,0.5022701025009155,"[""V380"", ""V215"", ""V342"", ""V255"", ""V191"", ""V176"", ""V160""]","{""n_estimators"": 292, ""learning_rate"": 0.1353329693677191, ""max_depth"": 7, ""subsample"": 0.9135425128238909, ""colsample_bytree"": 0.9471176072637317, ""min_child_weight"": 4, ""reg_alpha"": 0.22281904123580687, ""reg_lambda"": 0.7380716167044747}"
804,2026-06-05T19:37:34.839415+00:00,xgb,ranking_lgbm,804,5180,7,1000,0.7331904172897339,772,228,0.4982799291610718,"[""V380"", ""V215"", ""V342"", ""V255"", ""V191"", ""V176"", ""V160""]","{""n_estimators"": 161, ""learning_rate"": 0.17653258538769, ""max_depth"": 4, ""subsample"": 0.9195341883887994, ""colsample_bytree"": 0.5622553439157465, ""min_child_weight"": 8, ""reg_alpha"": 0.3570118503554953, ""reg_lambda"": 2.0708527010595725}"
805,2026-06-05T19:38:29.966217+00:00,xgb,ranking_lgbm,805,5105,7,1000,0.7389458417892456,767,233,0.5000559091567993,"[""V380"", ""V215"", ""V342"", ""V255"", ""V191"", ""V176"", ""V160""]","{""n_estimators"": 292, ""learning_rate"": 0.06431517878442508, ""max_depth"": 5, ""subsample"": 0.5822162720732742, ""colsample_bytree"": 0.9772393384216178, ""min_child_weight"": 5, ""reg_alpha"": 0.41139161751757414, ""reg_lambda"": 2.241434475679789}"
806,2026-06-05T19:39:09.682593+00:00,xgb,ranking_lgbm,806,4925,7,1000,0.7845192551612854,755,245,0.5008183121681213,"[""V380"", ""V215"", ""V342"", ""V255"", ""V191"", ""V176"", ""V160""]","{""n_estimators"": 172, ""learning_rate"": 0.1591426918877401, ""max_depth"": 6, ""subsample"": 0.702417270001046, ""colsample_bytree"": 0.580109133736141, ""min_child_weight"": 3, ""reg_alpha"": 0.16181704493438875, ""reg_lambda"": 1.6122219111002387}"
807,2026-06-05T19:39:33.680147+00:00,xgb,ranking_lgbm,807,4895,7,1000,0.7414741516113281,753,247,0.49665409326553345,"[""V380"", ""V215"", ""V342"", ""V255"", ""V191"", ""V176"", ""V160""]","{""n_estimators"": 125, ""learning_rate"": 0.14465702165861125, ""max_depth"": 5, ""subsample"": 0.7390806421861189, ""colsample_bytree"": 0.9364627664313576, ""min_child_weight"": 4, ""reg_alpha"": 0.21145342236856446, ""reg_lambda"": 1.9095507122906399}"
808,2026-06-05T19:40:13.209949+00:00,xgb,ranking_lgbm,808,5255,7,1000,0.7033937573432922,777,223,0.49803006649017334,"[""V380"", ""V215"", ""V342"", ""V255"", ""V191"", ""V176"", ""V160""]","{""n_estimators"": 215, ""learning_rate"": 0.05168146321802079, ""max_depth"": 5, ""subsample"": 0.533426881772981, ""colsample_bytree"": 0.5688637345361403, ""min_child_weight"": 3, ""reg_alpha"": 0.16113643837831704, ""reg_lambda"": 1.117292874263099}"
809,2026-06-05T19:41:02.321498+00:00,xgb,ranking_lgbm,809,5135,7,997,0.7271682620048523,768,229,0.4987143576145172,"[""V380"", ""V215"", ""V342"", ""V255"", ""V191"", ""V176"", ""V160""]","{""n_estimators"": 345, ""learning_rate"": 0.06242509271816905, ""max_depth"": 4, ""subsample"": 0.8483142649984292, ""colsample_bytree"": 0.7508993249435814, ""min_child_weight"": 6, ""reg_alpha"": 0.020346712578096282, ""reg_lambda"": 2.1308455353369165}"
810,2026-06-05T19:41:39.290579+00:00,xgb,ranking_lgbm,810,5285,7,997,0.7243112921714783,778,219,0.4973505437374115,"[""V380"", ""V215"", ""V342"", ""V255"", ""V191"", ""V176"", ""V160""]","{""n_estimators"": 197, ""learning_rate"": 0.07335012645339999, ""max_depth"": 5, ""subsample"": 0.6055767078962897, ""colsample_bytree"": 0.7927047805014813, ""min_child_weight"": 4, ""reg_alpha"": 0.04420431445642492, ""reg_lambda"": 2.1780148615066963}"
811,2026-06-05T19:42:39.095998+00:00,xgb,ranking_lgbm,811,4640,7,1000,0.7999671697616577,736,264,0.49751728773117065,"[""V380"", ""V215"", ""V342"", ""V255"", ""V191"", ""V176"", ""V160""]","{""n_estimators"": 230, ""learning_rate"": 0.17423903028298113, ""max_depth"": 7, ""subsample"": 0.5930642541696118, ""colsample_bytree"": 0.8977672931130116, ""min_child_weight"": 9, ""reg_alpha"": 0.9157729209302069, ""reg_lambda"": 0.7462421224900608}"
812,2026-06-05T19:43:22.383509+00:00,xgb,ranking_lgbm,812,5065,7,999,0.7320120334625244,764,235,0.4992053806781769,"[""V380"", ""V215"", ""V342"", ""V255"", ""V191"", ""V176"", ""V160""]","{""n_estimators"": 385, ""learning_rate"": 0.10745252948482838, ""max_depth"": 3, ""subsample"": 0.9247958820831149, ""colsample_bytree"": 0.7521821044327686, ""min_child_weight"": 5, ""reg_alpha"": 0.07436230946021272, ""reg_lambda"": 2.418739526619154}"
813,2026-06-05T19:44:03.525389+00:00,xgb,ranking_lgbm,813,4915,7,999,0.7530784010887146,754,245,0.5009245276451111,"[""V380"", ""V215"", ""V342"", ""V255"", ""V191"", ""V176"", ""V160""]","{""n_estimators"": 180, ""learning_rate"": 0.10229948430227545, ""max_depth"": 6, ""subsample"": 0.6632958543917488, ""colsample_bytree"": 0.7967250111256667, ""min_child_weight"": 5, ""reg_alpha"": 0.3867349120878376, ""reg_lambda"": 2.046487643652118}"
814,2026-06-05T19:44:38.708943+00:00,xgb,ranking_lgbm,814,4730,7,1000,0.7723962068557739,742,258,0.5002117156982422,"[""V380"", ""V215"", ""V342"", ""V255"", ""V191"", ""V176"", ""V160""]","{""n_estimators"": 155, ""learning_rate"": 0.17896548747743599, ""max_depth"": 6, ""subsample"": 0.6292424120575849, ""colsample_bytree"": 0.5031494024365317, ""min_child_weight"": 5, ""reg_alpha"": 0.46342272843369237, ""reg_lambda"": 0.7978172661293206}"
815,2026-06-05T19:45:39.512756+00:00,xgb,ranking_lgbm,815,5105,7,1000,0.7161465287208557,767,233,0.500888466835022,"[""V380"", ""V215"", ""V342"", ""V255"", ""V191"", ""V176"", ""V160""]","{""n_estimators"": 265, ""learning_rate"": 0.0354994412101562, ""max_depth"": 6, ""subsample"": 0.944169248068536, ""colsample_bytree"": 0.6520774413086766, ""min_child_weight"": 3, ""reg_alpha"": 0.06291315138764231, ""reg_lambda"": 1.1843388672438697}"
816,2026-06-05T19:46:59.147814+00:00,xgb,ranking_lgbm,816,4535,7,994,0.8083038926124573,727,267,0.4953020513057709,"[""V380"", ""V215"", ""V342"", ""V255"", ""V191"", ""V176"", ""V160""]","{""n_estimators"": 312, ""learning_rate"": 0.17325524305329018, ""max_depth"": 7, ""subsample"": 0.5034491030374275, ""colsample_bytree"": 0.699102391939191, ""min_child_weight"": 8, ""reg_alpha"": 0.39593724061058455, ""reg_lambda"": 2.2083821002077224}"
817,2026-06-05T19:47:56.555803+00:00,xgb,ranking_lgbm,817,4945,7,999,0.7755167484283447,756,243,0.5033719539642334,"[""V380"", ""V215"", ""V342"", ""V255"", ""V191"", ""V176"", ""V160""]","{""n_estimators"": 184, ""learning_rate"": 0.08847389457890248, ""max_depth"": 8, ""subsample"": 0.9329223831879766, ""colsample_bytree"": 0.6577624442272338, ""min_child_weight"": 1, ""reg_alpha"": 0.8314641391893813, ""reg_lambda"": 1.085784517765806}"
818,2026-06-05T19:49:44.571623+00:00,xgb,ranking_lgbm,818,4750,8,998,0.7789940237998962,756,242,0.4987753927707672,"[""V380"", ""V215"", ""V342"", ""V255"", ""V191"", ""V176"", ""V160"", ""V117""]","{""n_estimators"": 363, ""learning_rate"": 0.06894443242821491, ""max_depth"": 8, ""subsample"": 0.5644258480660154, ""colsample_bytree"": 0.6221236573575291, ""min_child_weight"": 4, ""reg_alpha"": 0.045543921264971976, ""reg_lambda"": 2.1861648199678925}"
819,2026-06-05T19:51:08.913070+00:00,xgb,ranking_lgbm,819,4485,8,1000,0.8733997344970703,739,261,0.5009075403213501,"[""V380"", ""V215"", ""V342"", ""V255"", ""V191"", ""V176"", ""V160"", ""V117""]","{""n_estimators"": 259, ""learning_rate"": 0.1742196842852761, ""max_depth"": 9, ""subsample"": 0.8929306403633028, ""colsample_bytree"": 0.8120937602247376, ""min_child_weight"": 1, ""reg_alpha"": 0.42028133205822504, ""reg_lambda"": 2.497537481304322}"
820,2026-06-05T19:52:33.593018+00:00,xgb,ranking_lgbm,820,4770,7,995,0.8363939523696899,743,252,0.5013158917427063,"[""V380"", ""V215"", ""V342"", ""V255"", ""V191"", ""V176"", ""V160""]","{""n_estimators"": 296, ""learning_rate"": 0.13730104281469363, ""max_depth"": 7, ""subsample"": 0.626361694855158, ""colsample_bytree"": 0.9599744765809766, ""min_child_weight"": 1, ""reg_alpha"": 0.5551757504834697, ""reg_lambda"": 2.31107332088815}"
821,2026-06-05T19:53:14.575557+00:00,xgb,ranking_lgbm,821,5195,7,1000,0.6970517039299011,773,227,0.49642592668533325,"[""V380"", ""V215"", ""V342"", ""V255"", ""V191"", ""V176"", ""V160""]","{""n_estimators"": 277, ""learning_rate"": 0.04001539592208849, ""max_depth"": 4, ""subsample"": 0.7620387687487633, ""colsample_bytree"": 0.8866528758219752, ""min_child_weight"": 3, ""reg_alpha"": 0.6842364191989136, ""reg_lambda"": 1.9293810683319983}"
822,2026-06-05T19:53:53.182794+00:00,xgb,ranking_lgbm,822,5090,7,1000,0.760665774345398,766,234,0.4988650977611542,"[""V380"", ""V215"", ""V342"", ""V255"", ""V191"", ""V176"", ""V160""]","{""n_estimators"": 339, ""learning_rate"": 0.17048701312872805, ""max_depth"": 3, ""subsample"": 0.8675336133737974, ""colsample_bytree"": 0.8974067281379265, ""min_child_weight"": 6, ""reg_alpha"": 0.26367666547339486, ""reg_lambda"": 0.6586498030096664}"
823,2026-06-05T19:55:25.989893+00:00,xgb,ranking_lgbm,823,5015,7,1000,0.7865009307861328,761,239,0.5039225816726685,"[""V380"", ""V215"", ""V342"", ""V255"", ""V191"", ""V176"", ""V160""]","{""n_estimators"": 394, ""learning_rate"": 0.08460623421745743, ""max_depth"": 6, ""subsample"": 0.9628618412955978, ""colsample_bytree"": 0.8107008635596273, ""min_child_weight"": 1, ""reg_alpha"": 0.9809524846574217, ""reg_lambda"": 2.011233792070559}"
824,2026-06-05T19:57:16.923000+00:00,xgb,ranking_lgbm,824,4700,7,997,0.8310965299606323,739,258,0.502662181854248,"[""V380"", ""V215"", ""V342"", ""V255"", ""V191"", ""V176"", ""V160""]","{""n_estimators"": 316, ""learning_rate"": 0.1131570185234866, ""max_depth"": 8, ""subsample"": 0.9739064923342622, ""colsample_bytree"": 0.9454524019144215, ""min_child_weight"": 1, ""reg_alpha"": 0.95669046210635, ""reg_lambda"": 1.495248093514853}"
825,2026-06-05T19:58:28.195092+00:00,xgb,ranking_lgbm,825,5180,7,1000,0.747480571269989,772,228,0.5002259016036987,"[""V380"", ""V215"", ""V342"", ""V255"", ""V191"", ""V176"", ""V160""]","{""n_estimators"": 337, ""learning_rate"": 0.06653286022162105, ""max_depth"": 6, ""subsample"": 0.9686399217468697, ""colsample_bytree"": 0.5976244685457228, ""min_child_weight"": 5, ""reg_alpha"": 0.11541298801521072, ""reg_lambda"": 2.4521958080717754}"
826,2026-06-05T19:59:35.499607+00:00,xgb,ranking_lgbm,826,4670,7,1000,0.8058943152427673,738,262,0.49917060136795044,"[""V380"", ""V215"", ""V342"", ""V255"", ""V191"", ""V176"", ""V160""]","{""n_estimators"": 359, ""learning_rate"": 0.16365324554769406, ""max_depth"": 5, ""subsample"": 0.8070443691404383, ""colsample_bytree"": 0.9225907826761205, ""min_child_weight"": 8, ""reg_alpha"": 0.6094039917417716, ""reg_lambda"": 0.8242894793448285}"
827,2026-06-05T20:00:09.782496+00:00,xgb,ranking_lgbm,827,5165,7,1000,0.7007386088371277,771,229,0.49812051653862,"[""V380"", ""V215"", ""V342"", ""V255"", ""V191"", ""V176"", ""V160""]","{""n_estimators"": 149, ""learning_rate"": 0.045652145234940975, ""max_depth"": 6, ""subsample"": 0.7173372064336159, ""colsample_bytree"": 0.8165702253890306, ""min_child_weight"": 4, ""reg_alpha"": 0.44316143618111126, ""reg_lambda"": 0.7562060425866381}"
828,2026-06-05T20:01:25.709569+00:00,xgb,ranking_lgbm,828,5120,7,1000,0.7705535888671875,768,232,0.501599133014679,"[""V380"", ""V215"", ""V342"", ""V255"", ""V191"", ""V176"", ""V160""]","{""n_estimators"": 237, ""learning_rate"": 0.08757702878330698, ""max_depth"": 8, ""subsample"": 0.8939447557594633, ""colsample_bytree"": 0.5318252545114591, ""min_child_weight"": 2, ""reg_alpha"": 0.2774773903813905, ""reg_lambda"": 1.7360304243861324}"
829,2026-06-05T20:03:08.732707+00:00,xgb,ranking_lgbm,829,4640,7,997,0.8184887170791626,735,262,0.4981584846973419,"[""V380"", ""V215"", ""V342"", ""V255"", ""V191"", ""V176"", ""V160""]","{""n_estimators"": 389, ""learning_rate"": 0.12652208116184796, ""max_depth"": 7, ""subsample"": 0.5892872920163534, ""colsample_bytree"": 0.8517746782205647, ""min_child_weight"": 6, ""reg_alpha"": 0.7903066656616562, ""reg_lambda"": 1.9566820144188468}"
830,2026-06-05T20:04:20.509218+00:00,xgb,ranking_lgbm,830,5210,7,1000,0.7291613221168518,774,226,0.49891459941864014,"[""V380"", ""V215"", ""V342"", ""V255"", ""V191"", ""V176"", ""V160""]","{""n_estimators"": 388, ""learning_rate"": 0.038872887265708075, ""max_depth"": 5, ""subsample"": 0.6955555300054462, ""colsample_bytree"": 0.9287765008209137, ""min_child_weight"": 6, ""reg_alpha"": 0.409095147913877, ""reg_lambda"": 0.9607071243559195}"
831,2026-06-05T20:05:03.986913+00:00,xgb,ranking_lgbm,831,4835,7,1000,0.7888249754905701,749,251,0.504299521446228,"[""V380"", ""V215"", ""V342"", ""V255"", ""V191"", ""V176"", ""V160""]","{""n_estimators"": 176, ""learning_rate"": 0.12443566423306492, ""max_depth"": 6, ""subsample"": 0.8159046216874162, ""colsample_bytree"": 0.9869635097768681, ""min_child_weight"": 1, ""reg_alpha"": 0.1410231792947758, ""reg_lambda"": 1.011279934507602}"
832,2026-06-05T20:05:33.930967+00:00,xgb,ranking_lgbm,832,5180,7,1000,0.6632148623466492,772,228,0.49616289138793945,"[""V380"", ""V215"", ""V342"", ""V255"", ""V191"", ""V176"", ""V160""]","{""n_estimators"": 190, ""learning_rate"": 0.037830428039931634, ""max_depth"": 4, ""subsample"": 0.7914916936254315, ""colsample_bytree"": 0.6252327812103375, ""min_child_weight"": 1, ""reg_alpha"": 0.9526600572672259, ""reg_lambda"": 1.2830799008225138}"
833,2026-06-05T20:06:02.971474+00:00,xgb,ranking_lgbm,833,5135,7,1000,0.6859665513038635,769,231,0.49600860476493835,"[""V380"", ""V215"", ""V342"", ""V255"", ""V191"", ""V176"", ""V160""]","{""n_estimators"": 189, ""learning_rate"": 0.045015492050660424, ""max_depth"": 4, ""subsample"": 0.6230352164772847, ""colsample_bytree"": 0.9235930801869113, ""min_child_weight"": 5, ""reg_alpha"": 0.5198266220749587, ""reg_lambda"": 1.7644283107899925}"
834,2026-06-05T20:06:30.725358+00:00,xgb,ranking_lgbm,834,4855,7,990,0.7460998296737671,747,243,0.49770504236221313,"[""V380"", ""V215"", ""V342"", ""V255"", ""V191"", ""V176"", ""V160""]","{""n_estimators"": 124, ""learning_rate"": 0.157269343678086, ""max_depth"": 6, ""subsample"": 0.6019472803547736, ""colsample_bytree"": 0.6336955625257638, ""min_child_weight"": 5, ""reg_alpha"": 0.27113976359440284, ""reg_lambda"": 2.4863127073243003}"
835,2026-06-05T20:07:06.899310+00:00,xgb,ranking_lgbm,835,5020,7,999,0.7375314235687256,761,238,0.4983329176902771,"[""V380"", ""V215"", ""V342"", ""V255"", ""V191"", ""V176"", ""V160""]","{""n_estimators"": 128, ""learning_rate"": 0.0954113823957816, ""max_depth"": 8, ""subsample"": 0.8015092077336932, ""colsample_bytree"": 0.6229317702915005, ""min_child_weight"": 8, ""reg_alpha"": 0.016660387558526835, ""reg_lambda"": 1.5029695154809455}"
836,2026-06-05T20:07:36.830000+00:00,xgb,ranking_lgbm,836,5185,7,999,0.731532633304596,772,227,0.4982715845108032,"[""V380"", ""V215"", ""V342"", ""V255"", ""V191"", ""V176"", ""V160""]","{""n_estimators"": 193, ""learning_rate"": 0.10479198040111935, ""max_depth"": 4, ""subsample"": 0.6303356183255465, ""colsample_bytree"": 0.8549424182821604, ""min_child_weight"": 5, ""reg_alpha"": 0.7059295135112574, ""reg_lambda"": 0.7918822000745713}"
837,2026-06-05T20:08:47.483542+00:00,xgb,ranking_lgbm,837,4905,7,998,0.7884506583213806,753,245,0.5016973614692688,"[""V380"", ""V215"", ""V342"", ""V255"", ""V191"", ""V176"", ""V160""]","{""n_estimators"": 379, ""learning_rate"": 0.08798394772805473, ""max_depth"": 5, ""subsample"": 0.603558626992456, ""colsample_bytree"": 0.9864666059119348, ""min_child_weight"": 4, ""reg_alpha"": 0.1942511976080532, ""reg_lambda"": 0.9984717221523156}"
838,2026-06-05T20:09:58.195897+00:00,xgb,ranking_lgbm,838,4910,7,1000,0.75881028175354,754,246,0.5014407634735107,"[""V380"", ""V215"", ""V342"", ""V255"", ""V191"", ""V176"", ""V160""]","{""n_estimators"": 212, ""learning_rate"": 0.05127605460967706, ""max_depth"": 9, ""subsample"": 0.8089965941965709, ""colsample_bytree"": 0.921959344958255, ""min_child_weight"": 2, ""reg_alpha"": 0.48938702125805755, ""reg_lambda"": 1.7791887309663135}"
839,2026-06-05T20:10:36.205855+00:00,xgb,ranking_lgbm,839,4850,7,1000,0.7473855018615723,750,250,0.5006929636001587,"[""V380"", ""V215"", ""V342"", ""V255"", ""V191"", ""V176"", ""V160""]","{""n_estimators"": 193, ""learning_rate"": 0.11929470729844184, ""max_depth"": 5, ""subsample"": 0.9002828830162117, ""colsample_bytree"": 0.9257510791338303, ""min_child_weight"": 2, ""reg_alpha"": 0.7345384685768651, ""reg_lambda"": 2.3731875604016457}"
840,2026-06-05T20:11:52.115557+00:00,xgb,ranking_lgbm,840,4975,7,999,0.8372297883033752,758,241,0.5013859272003174,"[""V380"", ""V215"", ""V342"", ""V255"", ""V191"", ""V176"", ""V160""]","{""n_estimators"": 320, ""learning_rate"": 0.13678883313607643, ""max_depth"": 6, ""subsample"": 0.5961065684892485, ""colsample_bytree"": 0.8006042399358746, ""min_child_weight"": 2, ""reg_alpha"": 0.4945936580665292, ""reg_lambda"": 0.5602762255261524}"
841,2026-06-05T20:12:17.887958+00:00,xgb,ranking_lgbm,841,5240,7,1000,0.6850782036781311,776,224,0.49683690071105957,"[""V380"", ""V215"", ""V342"", ""V255"", ""V191"", ""V176"", ""V160""]","{""n_estimators"": 229, ""learning_rate"": 0.060615829213099104, ""max_depth"": 3, ""subsample"": 0.864426816135661, ""colsample_bytree"": 0.6736907174817899, ""min_child_weight"": 6, ""reg_alpha"": 0.918995877843689, ""reg_lambda"": 1.7691427294667834}"
842,2026-06-05T20:13:00.186025+00:00,xgb,ranking_lgbm,842,5140,7,999,0.7447590827941895,769,230,0.5006232261657715,"[""V380"", ""V215"", ""V342"", ""V255"", ""V191"", ""V176"", ""V160""]","{""n_estimators"": 136, ""learning_rate"": 0.08792097434846691, ""max_depth"": 8, ""subsample"": 0.9141727355319325, ""colsample_bytree"": 0.7860807311419606, ""min_child_weight"": 2, ""reg_alpha"": 0.9550748204809479, ""reg_lambda"": 2.4439736497374245}"
843,2026-06-05T20:13:34.065860+00:00,xgb,ranking_lgbm,843,5030,7,1000,0.7167778611183167,762,238,0.4971220791339874,"[""V380"", ""V215"", ""V342"", ""V255"", ""V191"", ""V176"", ""V160""]","{""n_estimators"": 104, ""learning_rate"": 0.06645734002437509, ""max_depth"": 9, ""subsample"": 0.9257675887200414, ""colsample_bytree"": 0.7212003186212477, ""min_child_weight"": 6, ""reg_alpha"": 0.5068494231132483, ""reg_lambda"": 2.006613179264158}"
844,2026-06-05T20:15:18.758242+00:00,xgb,ranking_lgbm,844,4385,7,1000,0.8727306723594666,719,281,0.5004798769950867,"[""V380"", ""V215"", ""V342"", ""V255"", ""V191"", ""V176"", ""V160""]","{""n_estimators"": 343, ""learning_rate"": 0.16292568003929747, ""max_depth"": 8, ""subsample"": 0.9549859646145191, ""colsample_bytree"": 0.9435666716121266, ""min_child_weight"": 1, ""reg_alpha"": 0.8206496265942836, ""reg_lambda"": 1.2780342508668279}"
845,2026-06-05T20:17:19.682026+00:00,xgb,ranking_lgbm,845,4775,7,1000,0.8015016317367554,745,255,0.49814698100090027,"[""V380"", ""V215"", ""V342"", ""V255"", ""V191"", ""V176"", ""V160""]","{""n_estimators"": 361, ""learning_rate"": 0.06310927851800965, ""max_depth"": 9, ""subsample"": 0.5875169647623476, ""colsample_bytree"": 0.8814246231230576, ""min_child_weight"": 4, ""reg_alpha"": 0.10313500544716492, ""reg_lambda"": 1.6285520164116054}"
846,2026-06-05T20:18:08.710878+00:00,xgb,ranking_lgbm,846,4885,9,1000,0.7797938585281372,779,221,0.5035589337348938,"[""V380"", ""V215"", ""V342"", ""V255"", ""V191"", ""V176"", ""V160"", ""V117"", ""V390""]","{""n_estimators"": 326, ""learning_rate"": 0.11847126318960184, ""max_depth"": 4, ""subsample"": 0.9726352210012541, ""colsample_bytree"": 0.8763006596191784, ""min_child_weight"": 2, ""reg_alpha"": 0.12743480380057126, ""reg_lambda"": 1.3307180525537161}"
847,2026-06-05T20:19:13.401376+00:00,xgb,ranking_lgbm,847,5160,7,998,0.7552987933158875,770,228,0.4988000988960266,"[""V380"", ""V215"", ""V342"", ""V255"", ""V191"", ""V176"", ""V160""]","{""n_estimators"": 362, ""learning_rate"": 0.08978176616798655, ""max_depth"": 5, ""subsample"": 0.9871138399635571, ""colsample_bytree"": 0.9361930461347523, ""min_child_weight"": 8, ""reg_alpha"": 0.33831042570613346, ""reg_lambda"": 2.4269110658624986}"
848,2026-06-05T20:19:39.569047+00:00,xgb,ranking_lgbm,848,5135,7,1000,0.7211894392967224,769,231,0.49830326437950134,"[""V380"", ""V215"", ""V342"", ""V255"", ""V191"", ""V176"", ""V160""]","{""n_estimators"": 228, ""learning_rate"": 0.12223771275365902, ""max_depth"": 3, ""subsample"": 0.8785593684795646, ""colsample_bytree"": 0.8929382919856221, ""min_child_weight"": 8, ""reg_alpha"": 0.7322034731706581, ""reg_lambda"": 0.5054572115124187}"
849,2026-06-05T20:20:05.527110+00:00,xgb,ranking_lgbm,849,5195,4,1000,0.6281437873840332,733,267,0.4976201057434082,"[""V380"", ""V215"", ""V342"", ""V255""]","{""n_estimators"": 226, ""learning_rate"": 0.05589563985066533, ""max_depth"": 3, ""subsample"": 0.9583274447312575, ""colsample_bytree"": 0.653401230347323, ""min_child_weight"": 1, ""reg_alpha"": 0.10375692046423202, ""reg_lambda"": 2.2668967480572038}"
850,2026-06-05T20:20:49.915544+00:00,xgb,ranking_lgbm,850,5255,7,1000,0.7211617231369019,777,223,0.4971179664134979,"[""V380"", ""V215"", ""V342"", ""V255"", ""V191"", ""V176"", ""V160""]","{""n_estimators"": 301, ""learning_rate"": 0.07184949219428396, ""max_depth"": 4, ""subsample"": 0.7406799544320708, ""colsample_bytree"": 0.6530418277115434, ""min_child_weight"": 7, ""reg_alpha"": 0.913580601681108, ""reg_lambda"": 1.0823651841636472}"
851,2026-06-05T20:22:15.414846+00:00,xgb,ranking_lgbm,851,5180,7,1000,0.719855546951294,772,228,0.4967425763607025,"[""V380"", ""V215"", ""V342"", ""V255"", ""V191"", ""V176"", ""V160""]","{""n_estimators"": 324, ""learning_rate"": 0.03075058734842075, ""max_depth"": 7, ""subsample"": 0.5719879768103717, ""colsample_bytree"": 0.8670715251124497, ""min_child_weight"": 6, ""reg_alpha"": 0.5297942240381566, ""reg_lambda"": 2.4037138553686965}"
852,2026-06-05T20:23:06.310324+00:00,xgb,ranking_lgbm,852,5000,7,1000,0.7572762370109558,760,240,0.4998827278614044,"[""V380"", ""V215"", ""V342"", ""V255"", ""V191"", ""V176"", ""V160""]","{""n_estimators"": 344, ""learning_rate"": 0.12173457441764231, ""max_depth"": 4, ""subsample"": 0.5883556208999902, ""colsample_bytree"": 0.5484966886985336, ""min_child_weight"": 4, ""reg_alpha"": 0.418861695578747, ""reg_lambda"": 1.118644736235932}"
853,2026-06-05T20:23:42.968889+00:00,xgb,ranking_lgbm,853,5045,7,1000,0.7305166125297546,763,237,0.4955247938632965,"[""V380"", ""V215"", ""V342"", ""V255"", ""V191"", ""V176"", ""V160""]","{""n_estimators"": 193, ""learning_rate"": 0.08422169666813398, ""max_depth"": 5, ""subsample"": 0.5827844938141664, ""colsample_bytree"": 0.891797282863809, ""min_child_weight"": 8, ""reg_alpha"": 0.8143144471768694, ""reg_lambda"": 1.1372182655027496}"
854,2026-06-05T20:24:53.044086+00:00,xgb,ranking_lgbm,854,5240,7,1000,0.7192433476448059,776,224,0.49806126952171326,"[""V380"", ""V215"", ""V342"", ""V255"", ""V191"", ""V176"", ""V160""]","{""n_estimators"": 386, ""learning_rate"": 0.03618555591355511, ""max_depth"": 5, ""subsample"": 0.6095228684871518, ""colsample_bytree"": 0.7770562893742363, ""min_child_weight"": 8, ""reg_alpha"": 0.4910973640389432, ""reg_lambda"": 1.7027839385686823}"
855,2026-06-05T20:26:11.754017+00:00,xgb,ranking_lgbm,855,4745,7,1000,0.7633622884750366,743,257,0.498765230178833,"[""V380"", ""V215"", ""V342"", ""V255"", ""V191"", ""V176"", ""V160""]","{""n_estimators"": 236, ""learning_rate"": 0.08592046359132124, ""max_depth"": 9, ""subsample"": 0.5182595890300437, ""colsample_bytree"": 0.7563355970926811, ""min_child_weight"": 6, ""reg_alpha"": 0.7127366910625323, ""reg_lambda"": 2.3353974402765116}"
856,2026-06-05T20:27:18.094951+00:00,xgb,ranking_lgbm,856,4910,7,1000,0.7660906910896301,754,246,0.5013158917427063,"[""V380"", ""V215"", ""V342"", ""V255"", ""V191"", ""V176"", ""V160""]","{""n_estimators"": 223, ""learning_rate"": 0.09373074226797243, ""max_depth"": 8, ""subsample"": 0.8227121204896263, ""colsample_bytree"": 0.5610529285748158, ""min_child_weight"": 3, ""reg_alpha"": 0.5015217537105146, ""reg_lambda"": 1.8488672307248117}"
857,2026-06-05T20:27:34.023989+00:00,xgb,ranking_lgbm,857,5075,7,1000,0.7258028984069824,765,235,0.49708735942840576,"[""V380"", ""V215"", ""V342"", ""V255"", ""V191"", ""V176"", ""V160""]","{""n_estimators"": 102, ""learning_rate"": 0.16408278506228663, ""max_depth"": 4, ""subsample"": 0.8833251492325267, ""colsample_bytree"": 0.9421081010169841, ""min_child_weight"": 5, ""reg_alpha"": 0.49676949065217824, ""reg_lambda"": 0.5333984810522341}"
858,2026-06-05T20:28:33.629844+00:00,xgb,ranking_lgbm,858,4830,7,998,0.7804149985313416,748,250,0.5008009076118469,"[""V380"", ""V215"", ""V342"", ""V255"", ""V191"", ""V176"", ""V160""]","{""n_estimators"": 208, ""learning_rate"": 0.12152218010083776, ""max_depth"": 8, ""subsample"": 0.8002153685922381, ""colsample_bytree"": 0.6036966565882715, ""min_child_weight"": 8, ""reg_alpha"": 0.4171348487375037, ""reg_lambda"": 1.12877226359526}"
859,2026-06-05T20:30:03.772714+00:00,xgb,ranking_lgbm,859,4880,7,1000,0.8029947280883789,752,248,0.5012465119361877,"[""V380"", ""V215"", ""V342"", ""V255"", ""V191"", ""V176"", ""V160""]","{""n_estimators"": 308, ""learning_rate"": 0.09622353586051462, ""max_depth"": 8, ""subsample"": 0.8440127864364411, ""colsample_bytree"": 0.8422573811071383, ""min_child_weight"": 6, ""reg_alpha"": 0.07052480365293501, ""reg_lambda"": 1.5105032370207214}"
860,2026-06-05T20:30:17.235518+00:00,xgb,ranking_lgbm,860,5085,6,999,0.6877380609512329,752,247,0.49758338928222656,"[""V380"", ""V215"", ""V342"", ""V255"", ""V191"", ""V176""]","{""n_estimators"": 118, ""learning_rate"": 0.15895927326098988, ""max_depth"": 3, ""subsample"": 0.9925361684774183, ""colsample_bytree"": 0.6900742509072457, ""min_child_weight"": 8, ""reg_alpha"": 0.29315610336091025, ""reg_lambda"": 1.3363425809858704}"
861,2026-06-05T20:31:32.162904+00:00,xgb,ranking_lgbm,861,5210,7,1000,0.7548489570617676,774,226,0.4996902346611023,"[""V380"", ""V215"", ""V342"", ""V255"", ""V191"", ""V176"", ""V160""]","{""n_estimators"": 341, ""learning_rate"": 0.07315024826520405, ""max_depth"": 6, ""subsample"": 0.9555140693670308, ""colsample_bytree"": 0.6427574154518493, ""min_child_weight"": 4, ""reg_alpha"": 0.5311989919993814, ""reg_lambda"": 2.308175609971402}"
862,2026-06-05T20:33:00.079991+00:00,xgb,ranking_lgbm,862,4565,7,1000,0.8318971395492554,731,269,0.4981054663658142,"[""V380"", ""V215"", ""V342"", ""V255"", ""V191"", ""V176"", ""V160""]","{""n_estimators"": 273, ""learning_rate"": 0.17767316657537346, ""max_depth"": 9, ""subsample"": 0.7073129937192975, ""colsample_bytree"": 0.6974364973022644, ""min_child_weight"": 6, ""reg_alpha"": 0.8222676526210904, ""reg_lambda"": 1.7165575789080147}"
863,2026-06-05T20:34:15.698653+00:00,xgb,ranking_lgbm,863,5005,7,999,0.794180691242218,760,239,0.499324232339859,"[""V380"", ""V215"", ""V342"", ""V255"", ""V191"", ""V176"", ""V160""]","{""n_estimators"": 319, ""learning_rate"": 0.14583244551156205, ""max_depth"": 7, ""subsample"": 0.954622959732173, ""colsample_bytree"": 0.5038852900838753, ""min_child_weight"": 9, ""reg_alpha"": 0.008789639442375208, ""reg_lambda"": 1.9793202875375187}"
864,2026-06-05T20:36:03.476597+00:00,xgb,ranking_lgbm,864,4895,7,1000,0.8310649394989014,753,247,0.4967133700847626,"[""V380"", ""V215"", ""V342"", ""V255"", ""V191"", ""V176"", ""V160""]","{""n_estimators"": 326, ""learning_rate"": 0.1264225434501659, ""max_depth"": 9, ""subsample"": 0.7991108739399198, ""colsample_bytree"": 0.6812842110442336, ""min_child_weight"": 3, ""reg_alpha"": 0.561732283706697, ""reg_lambda"": 1.9988759026699767}"
865,2026-06-05T20:36:45.600407+00:00,xgb,ranking_lgbm,865,4645,7,999,0.7976015210151672,736,263,0.5018054842948914,"[""V380"", ""V215"", ""V342"", ""V255"", ""V191"", ""V176"", ""V160""]","{""n_estimators"": 130, ""learning_rate"": 0.15101073523471104, ""max_depth"": 8, ""subsample"": 0.6460003309200482, ""colsample_bytree"": 0.7836258837835354, ""min_child_weight"": 1, ""reg_alpha"": 0.5495923167061981, ""reg_lambda"": 2.033610352948961}"
866,2026-06-05T20:38:14.323357+00:00,xgb,ranking_lgbm,866,4955,7,1000,0.8345630764961243,757,243,0.5017629265785217,"[""V380"", ""V215"", ""V342"", ""V255"", ""V191"", ""V176"", ""V160""]","{""n_estimators"": 394, ""learning_rate"": 0.12931225734816332, ""max_depth"": 6, ""subsample"": 0.7872450152235319, ""colsample_bytree"": 0.8374988536574252, ""min_child_weight"": 3, ""reg_alpha"": 0.5627121349234586, ""reg_lambda"": 1.1092981256348067}"
867,2026-06-05T20:38:56.089977+00:00,xgb,ranking_lgbm,867,4890,7,995,0.7720350027084351,751,244,0.4978977143764496,"[""V380"", ""V215"", ""V342"", ""V255"", ""V191"", ""V176"", ""V160""]","{""n_estimators"": 202, ""learning_rate"": 0.14431386952974173, ""max_depth"": 6, ""subsample"": 0.5103789510454295, ""colsample_bytree"": 0.577316917358287, ""min_child_weight"": 8, ""reg_alpha"": 0.09490010466967902, ""reg_lambda"": 0.6629669598331307}"
868,2026-06-05T20:40:20.694577+00:00,xgb,ranking_lgbm,868,5065,7,999,0.8557575345039368,764,235,0.5053316950798035,"[""V380"", ""V215"", ""V342"", ""V255"", ""V191"", ""V176"", ""V160""]","{""n_estimators"": 380, ""learning_rate"": 0.13630357240896745, ""max_depth"": 6, ""subsample"": 0.7950227200707594, ""colsample_bytree"": 0.9942025751132126, ""min_child_weight"": 3, ""reg_alpha"": 0.13632805977979112, ""reg_lambda"": 0.8839069061189806}"
869,2026-06-05T20:41:27.229461+00:00,xgb,ranking_lgbm,869,4735,7,999,0.8175162672996521,742,257,0.49831894040107727,"[""V380"", ""V215"", ""V342"", ""V255"", ""V191"", ""V176"", ""V160""]","{""n_estimators"": 239, ""learning_rate"": 0.15272139676874358, ""max_depth"": 8, ""subsample"": 0.8759463806753365, ""colsample_bytree"": 0.8721483463775959, ""min_child_weight"": 8, ""reg_alpha"": 0.4118685064507296, ""reg_lambda"": 0.8316074618590361}"
870,2026-06-05T20:41:57.490573+00:00,xgb,ranking_lgbm,870,5135,7,1000,0.7459007501602173,769,231,0.4983747601509094,"[""V380"", ""V215"", ""V342"", ""V255"", ""V191"", ""V176"", ""V160""]","{""n_estimators"": 116, ""learning_rate"": 0.09875905434021509, ""max_depth"": 7, ""subsample"": 0.6948749895512238, ""colsample_bytree"": 0.9901000065873307, ""min_child_weight"": 5, ""reg_alpha"": 0.14373748323037394, ""reg_lambda"": 0.6953444077704165}"
871,2026-06-05T20:43:05.129961+00:00,xgb,ranking_lgbm,871,4875,8,1000,0.7824022173881531,765,235,0.49905917048454285,"[""V380"", ""V215"", ""V342"", ""V255"", ""V191"", ""V176"", ""V160"", ""V117""]","{""n_estimators"": 319, ""learning_rate"": 0.0892865250679761, ""max_depth"": 6, ""subsample"": 0.5874244725714208, ""colsample_bytree"": 0.8287307792035163, ""min_child_weight"": 8, ""reg_alpha"": 0.2724187238504272, ""reg_lambda"": 0.552712437206208}"
872,2026-06-05T20:43:50.882039+00:00,xgb,ranking_lgbm,872,5000,7,1000,0.7848544716835022,760,240,0.5014792084693909,"[""V380"", ""V215"", ""V342"", ""V255"", ""V191"", ""V176"", ""V160""]","{""n_estimators"": 202, ""learning_rate"": 0.1592013389785336, ""max_depth"": 6, ""subsample"": 0.9504294305187451, ""colsample_bytree"": 0.5803397879035861, ""min_child_weight"": 2, ""reg_alpha"": 0.9179191818275771, ""reg_lambda"": 0.8538042203409313}"
873,2026-06-05T20:44:06.582958+00:00,xgb,ranking_lgbm,873,5080,4,999,0.610217273235321,725,274,0.4954501986503601,"[""V380"", ""V215"", ""V342"", ""V255""]","{""n_estimators"": 105, ""learning_rate"": 0.04517663773656351, ""max_depth"": 4, ""subsample"": 0.663529541001125, ""colsample_bytree"": 0.6994526297470842, ""min_child_weight"": 7, ""reg_alpha"": 0.8145811639659614, ""reg_lambda"": 1.2007134173496492}"
874,2026-06-05T20:45:02.910564+00:00,xgb,ranking_lgbm,874,4495,7,999,0.7859472036361694,726,273,0.498383492231369,"[""V380"", ""V215"", ""V342"", ""V255"", ""V191"", ""V176"", ""V160""]","{""n_estimators"": 267, ""learning_rate"": 0.15214467961694092, ""max_depth"": 6, ""subsample"": 0.5659059676822229, ""colsample_bytree"": 0.5469560510684046, ""min_child_weight"": 7, ""reg_alpha"": 0.19467613255873006, ""reg_lambda"": 1.4230809682982266}"
875,2026-06-05T20:45:16.683100+00:00,xgb,ranking_lgbm,875,5045,7,997,0.7114946246147156,762,235,0.4989592730998993,"[""V380"", ""V215"", ""V342"", ""V255"", ""V191"", ""V176"", ""V160""]","{""n_estimators"": 115, ""learning_rate"": 0.16038183148783297, ""max_depth"": 3, ""subsample"": 0.709838057224071, ""colsample_bytree"": 0.9968342695375523, ""min_child_weight"": 5, ""reg_alpha"": 0.7541021790475727, ""reg_lambda"": 1.4009244883338672}"
876,2026-06-05T20:47:02.328761+00:00,xgb,ranking_lgbm,876,4725,8,1000,0.8305631279945374,755,245,0.5019485354423523,"[""V380"", ""V215"", ""V342"", ""V255"", ""V191"", ""V176"", ""V160"", ""V117""]","{""n_estimators"": 334, ""learning_rate"": 0.12378077278701619, ""max_depth"": 9, ""subsample"": 0.9528512737096153, ""colsample_bytree"": 0.6242009725977049, ""min_child_weight"": 4, ""reg_alpha"": 0.8517441462096388, ""reg_lambda"": 2.1266776674025403}"
877,2026-06-05T20:47:58.541615+00:00,xgb,ranking_lgbm,877,5090,7,1000,0.7324394583702087,766,234,0.49861854314804077,"[""V380"", ""V215"", ""V342"", ""V255"", ""V191"", ""V176"", ""V160""]","{""n_estimators"": 390, ""learning_rate"": 0.05672007023402505, ""max_depth"": 4, ""subsample"": 0.6444592163200977, ""colsample_bytree"": 0.7155412018956968, ""min_child_weight"": 5, ""reg_alpha"": 0.14025349640592766, ""reg_lambda"": 0.7803325163556769}"
878,2026-06-05T20:49:07.959611+00:00,xgb,ranking_lgbm,878,5060,7,1000,0.7417098879814148,764,236,0.4975249171257019,"[""V380"", ""V215"", ""V342"", ""V255"", ""V191"", ""V176"", ""V160""]","{""n_estimators"": 275, ""learning_rate"": 0.06013478028070012, ""max_depth"": 7, ""subsample"": 0.6509607910936063, ""colsample_bytree"": 0.8114652378714868, ""min_child_weight"": 7, ""reg_alpha"": 0.7884417243795022, ""reg_lambda"": 2.2464143872664613}"
879,2026-06-05T20:50:05.667420+00:00,xgb,ranking_lgbm,879,5005,7,999,0.7834534645080566,760,239,0.4993187487125397,"[""V380"", ""V215"", ""V342"", ""V255"", ""V191"", ""V176"", ""V160""]","{""n_estimators"": 197, ""learning_rate"": 0.0893382962629945, ""max_depth"": 8, ""subsample"": 0.6599206798181795, ""colsample_bytree"": 0.7703792444900233, ""min_child_weight"": 3, ""reg_alpha"": 0.2469551965720297, ""reg_lambda"": 0.6762526068316588}"
880,2026-06-05T20:50:30.637041+00:00,xgb,ranking_lgbm,880,5165,7,1000,0.7250978946685791,771,229,0.49965527653694153,"[""V380"", ""V215"", ""V342"", ""V255"", ""V191"", ""V176"", ""V160""]","{""n_estimators"": 223, ""learning_rate"": 0.13866090825267768, ""max_depth"": 3, ""subsample"": 0.5417966810555751, ""colsample_bytree"": 0.5792833322130165, ""min_child_weight"": 9, ""reg_alpha"": 0.6775559876547416, ""reg_lambda"": 1.3618866312223212}"
881,2026-06-05T20:51:21.007051+00:00,xgb,ranking_lgbm,881,5240,7,1000,0.7001168727874756,776,224,0.49607470631599426,"[""V380"", ""V215"", ""V342"", ""V255"", ""V191"", ""V176"", ""V160""]","{""n_estimators"": 288, ""learning_rate"": 0.0427857642314233, ""max_depth"": 5, ""subsample"": 0.5562602697168066, ""colsample_bytree"": 0.5228229778667683, ""min_child_weight"": 6, ""reg_alpha"": 0.8219720490519701, ""reg_lambda"": 1.725702667325361}"
882,2026-06-05T20:52:03.475595+00:00,xgb,ranking_lgbm,882,5000,7,997,0.7346168160438538,759,238,0.4966353476047516,"[""V380"", ""V215"", ""V342"", ""V255"", ""V191"", ""V176"", ""V160""]","{""n_estimators"": 164, ""learning_rate"": 0.09480882126688676, ""max_depth"": 7, ""subsample"": 0.7087508839301728, ""colsample_bytree"": 0.7012836414644832, ""min_child_weight"": 5, ""reg_alpha"": 0.9871266129655316, ""reg_lambda"": 2.3542474136605684}"
883,2026-06-05T20:52:44.052231+00:00,xgb,ranking_lgbm,883,5150,7,1000,0.6899608373641968,770,230,0.4972122609615326,"[""V380"", ""V215"", ""V342"", ""V255"", ""V191"", ""V176"", ""V160""]","{""n_estimators"": 376, ""learning_rate"": 0.040908188114818125, ""max_depth"": 3, ""subsample"": 0.6726930043870356, ""colsample_bytree"": 0.5002283199905002, ""min_child_weight"": 8, ""reg_alpha"": 0.6312305060617238, ""reg_lambda"": 1.9644267162027735}"
884,2026-06-05T20:53:17.401169+00:00,xgb,ranking_lgbm,884,5185,7,999,0.717179000377655,772,227,0.4986673891544342,"[""V380"", ""V215"", ""V342"", ""V255"", ""V191"", ""V176"", ""V160""]","{""n_estimators"": 300, ""learning_rate"": 0.0762620540223907, ""max_depth"": 3, ""subsample"": 0.9253563484429905, ""colsample_bytree"": 0.7226523350393637, ""min_child_weight"": 6, ""reg_alpha"": 0.022538533827387797, ""reg_lambda"": 0.5364390442631688}"
885,2026-06-05T20:54:57.258682+00:00,xgb,ranking_lgbm,885,4835,7,1000,0.852202296257019,749,251,0.4994364380836487,"[""V380"", ""V215"", ""V342"", ""V255"", ""V191"", ""V176"", ""V160""]","{""n_estimators"": 341, ""learning_rate"": 0.11827058166224444, ""max_depth"": 8, ""subsample"": 0.7789881843700754, ""colsample_bytree"": 0.8137766622311431, ""min_child_weight"": 3, ""reg_alpha"": 0.2368518148908535, ""reg_lambda"": 0.6829659840109101}"
886,2026-06-05T20:56:47.392316+00:00,xgb,ranking_lgbm,886,4580,7,1000,0.852310061454773,732,268,0.5002888441085815,"[""V380"", ""V215"", ""V342"", ""V255"", ""V191"", ""V176"", ""V160""]","{""n_estimators"": 360, ""learning_rate"": 0.14578438595401266, ""max_depth"": 9, ""subsample"": 0.7831281383935687, ""colsample_bytree"": 0.6228166979076429, ""min_child_weight"": 6, ""reg_alpha"": 0.4476719494564618, ""reg_lambda"": 1.2274637473553336}"
887,2026-06-05T20:58:32.644458+00:00,xgb,ranking_lgbm,887,4715,7,1000,0.7594908475875854,741,259,0.4956212043762207,"[""V380"", ""V215"", ""V342"", ""V255"", ""V191"", ""V176"", ""V160""]","{""n_estimators"": 382, ""learning_rate"": 0.06973994935200406, ""max_depth"": 8, ""subsample"": 0.550285588550129, ""colsample_bytree"": 0.7349624513722727, ""min_child_weight"": 9, ""reg_alpha"": 0.42987465334840924, ""reg_lambda"": 2.1090642744982215}"
888,2026-06-05T21:00:14.536049+00:00,xgb,ranking_lgbm,888,4865,7,997,0.8143734335899353,750,247,0.5023326873779297,"[""V380"", ""V215"", ""V342"", ""V255"", ""V191"", ""V176"", ""V160""]","{""n_estimators"": 375, ""learning_rate"": 0.09246350039789267, ""max_depth"": 7, ""subsample"": 0.7998462924614002, ""colsample_bytree"": 0.6499353525361791, ""min_child_weight"": 1, ""reg_alpha"": 0.47059630875435554, ""reg_lambda"": 2.3254570794196177}"
889,2026-06-05T21:01:56.056760+00:00,xgb,ranking_lgbm,889,4810,7,999,0.8385956287384033,747,252,0.4973817467689514,"[""V380"", ""V215"", ""V342"", ""V255"", ""V191"", ""V176"", ""V160""]","{""n_estimators"": 339, ""learning_rate"": 0.10252139387327122, ""max_depth"": 9, ""subsample"": 0.714278220659177, ""colsample_bytree"": 0.5287300462876353, ""min_child_weight"": 1, ""reg_alpha"": 0.23221533490420532, ""reg_lambda"": 1.322198795273197}"
890,2026-06-05T21:03:02.394408+00:00,xgb,ranking_lgbm,890,4655,8,999,0.8161123991012573,750,249,0.49685701727867126,"[""V380"", ""V215"", ""V342"", ""V255"", ""V191"", ""V176"", ""V160"", ""V117""]","{""n_estimators"": 238, ""learning_rate"": 0.16762743451592818, ""max_depth"": 8, ""subsample"": 0.8747980903587766, ""colsample_bytree"": 0.7026384179635026, ""min_child_weight"": 9, ""reg_alpha"": 0.6085643351096037, ""reg_lambda"": 2.3680342361948634}"
891,2026-06-05T21:04:12.000087+00:00,xgb,ranking_lgbm,891,4990,7,999,0.7745568752288818,759,240,0.49883919954299927,"[""V380"", ""V215"", ""V342"", ""V255"", ""V191"", ""V176"", ""V160""]","{""n_estimators"": 322, ""learning_rate"": 0.09634868727319684, ""max_depth"": 6, ""subsample"": 0.7916092092748577, ""colsample_bytree"": 0.8129376029594824, ""min_child_weight"": 8, ""reg_alpha"": 0.8329825469527987, ""reg_lambda"": 1.2396490073340756}"
892,2026-06-05T21:05:52.005091+00:00,xgb,ranking_lgbm,892,4925,7,1000,0.7565884590148926,755,245,0.4982552230358124,"[""V380"", ""V215"", ""V342"", ""V255"", ""V191"", ""V176"", ""V160""]","{""n_estimators"": 301, ""learning_rate"": 0.0460303511324862, ""max_depth"": 9, ""subsample"": 0.6252538563216529, ""colsample_bytree"": 0.8292120874000707, ""min_child_weight"": 4, ""reg_alpha"": 0.07563798955293854, ""reg_lambda"": 1.6346358316478122}"
893,2026-06-05T21:06:44.395058+00:00,xgb,ranking_lgbm,893,4975,7,999,0.7541292309761047,758,241,0.5025590658187866,"[""V380"", ""V215"", ""V342"", ""V255"", ""V191"", ""V176"", ""V160""]","{""n_estimators"": 205, ""learning_rate"": 0.08243938900372935, ""max_depth"": 7, ""subsample"": 0.9852840709915804, ""colsample_bytree"": 0.6551559663331508, ""min_child_weight"": 3, ""reg_alpha"": 0.48748621708925854, ""reg_lambda"": 1.1622805086692247}"
894,2026-06-05T21:07:45.821602+00:00,xgb,ranking_lgbm,894,4700,7,1000,0.8258104920387268,740,260,0.49725067615509033,"[""V380"", ""V215"", ""V342"", ""V255"", ""V191"", ""V176"", ""V160""]","{""n_estimators"": 192, ""learning_rate"": 0.17553847059849637, ""max_depth"": 9, ""subsample"": 0.7039467093911339, ""colsample_bytree"": 0.8284193319756148, ""min_child_weight"": 6, ""reg_alpha"": 0.06954166277602292, ""reg_lambda"": 1.3651158327448565}"
895,2026-06-05T21:08:08.831489+00:00,xgb,ranking_lgbm,895,5000,7,1000,0.7482976317405701,760,240,0.4963189959526062,"[""V380"", ""V215"", ""V342"", ""V255"", ""V191"", ""V176"", ""V160""]","{""n_estimators"": 106, ""learning_rate"": 0.15675494918155192, ""max_depth"": 6, ""subsample"": 0.7994899521490495, ""colsample_bytree"": 0.8973299797633805, ""min_child_weight"": 9, ""reg_alpha"": 0.4069172362944946, ""reg_lambda"": 1.8640584388640504}"
896,2026-06-05T21:09:37.625487+00:00,xgb,ranking_lgbm,896,4940,7,1000,0.7724434733390808,756,244,0.49946528673171997,"[""V380"", ""V215"", ""V342"", ""V255"", ""V191"", ""V176"", ""V160""]","{""n_estimators"": 351, ""learning_rate"": 0.06625086232145275, ""max_depth"": 7, ""subsample"": 0.5927189792436682, ""colsample_bytree"": 0.9492792791304812, ""min_child_weight"": 7, ""reg_alpha"": 0.17632481353916096, ""reg_lambda"": 1.366969408580218}"
897,2026-06-05T21:11:06.398165+00:00,xgb,ranking_lgbm,897,5150,7,1000,0.7693641185760498,770,230,0.5004901885986328,"[""V380"", ""V215"", ""V342"", ""V255"", ""V191"", ""V176"", ""V160""]","{""n_estimators"": 392, ""learning_rate"": 0.057450829711159085, ""max_depth"": 6, ""subsample"": 0.605401607404661, ""colsample_bytree"": 0.635258028342472, ""min_child_weight"": 1, ""reg_alpha"": 0.383824360007448, ""reg_lambda"": 1.6034385035178929}"
898,2026-06-05T21:12:14.831247+00:00,xgb,ranking_lgbm,898,5040,7,998,0.7659142017364502,762,236,0.49875950813293457,"[""V380"", ""V215"", ""V342"", ""V255"", ""V191"", ""V176"", ""V160""]","{""n_estimators"": 215, ""learning_rate"": 0.07898180890998412, ""max_depth"": 9, ""subsample"": 0.8536954934870589, ""colsample_bytree"": 0.7982120966511332, ""min_child_weight"": 7, ""reg_alpha"": 0.07051063930111878, ""reg_lambda"": 2.245357794887544}"
899,2026-06-05T21:13:02.790638+00:00,xgb,ranking_lgbm,899,5140,7,999,0.7568983435630798,769,230,0.4989432990550995,"[""V380"", ""V215"", ""V342"", ""V255"", ""V191"", ""V176"", ""V160""]","{""n_estimators"": 331, ""learning_rate"": 0.11856332664434939, ""max_depth"": 4, ""subsample"": 0.8622274856605302, ""colsample_bytree"": 0.8114581381724539, ""min_child_weight"": 5, ""reg_alpha"": 0.4533565461117992, ""reg_lambda"": 1.9395197559128072}"
900,2026-06-05T21:13:57.529124+00:00,xgb,ranking_lgbm,900,5205,7,995,0.71185302734375,772,223,0.49864432215690613,"[""V380"", ""V215"", ""V342"", ""V255"", ""V191"", ""V176"", ""V160""]","{""n_estimators"": 308, ""learning_rate"": 0.03988633151929272, ""max_depth"": 5, ""subsample"": 0.8626217951893349, ""colsample_bytree"": 0.5797529269748823, ""min_child_weight"": 4, ""reg_alpha"": 0.07284631189777502, ""reg_lambda"": 2.2287554560803775}"
901,2026-06-05T21:15:20.536239+00:00,xgb,ranking_lgbm,901,4950,8,1000,0.7756722569465637,770,230,0.49963492155075073,"[""V380"", ""V215"", ""V342"", ""V255"", ""V191"", ""V176"", ""V160"", ""V117""]","{""n_estimators"": 341, ""learning_rate"": 0.07609918902758905, ""max_depth"": 7, ""subsample"": 0.8894153056661782, ""colsample_bytree"": 0.528265335814841, ""min_child_weight"": 7, ""reg_alpha"": 0.6086746455819108, ""reg_lambda"": 1.045080871653567}"
902,2026-06-05T21:15:58.070691+00:00,xgb,ranking_lgbm,902,5120,7,1000,0.7594732046127319,768,232,0.49966248869895935,"[""V380"", ""V215"", ""V342"", ""V255"", ""V191"", ""V176"", ""V160""]","{""n_estimators"": 157, ""learning_rate"": 0.11611910209509764, ""max_depth"": 6, ""subsample"": 0.534417170903942, ""colsample_bytree"": 0.9388299019886219, ""min_child_weight"": 2, ""reg_alpha"": 0.8273225871983672, ""reg_lambda"": 2.059713867358985}"
903,2026-06-05T21:16:50.210732+00:00,xgb,ranking_lgbm,903,5105,7,1000,0.7128551006317139,767,233,0.4967023432254791,"[""V380"", ""V215"", ""V342"", ""V255"", ""V191"", ""V176"", ""V160""]","{""n_estimators"": 166, ""learning_rate"": 0.046697646496363376, ""max_depth"": 9, ""subsample"": 0.5502426279525268, ""colsample_bytree"": 0.9928393730229281, ""min_child_weight"": 9, ""reg_alpha"": 0.9247585599465027, ""reg_lambda"": 1.5466869974245483}"
904,2026-06-05T21:17:28.546496+00:00,xgb,ranking_lgbm,904,5045,7,1000,0.7464216947555542,763,237,0.49733665585517883,"[""V380"", ""V215"", ""V342"", ""V255"", ""V191"", ""V176"", ""V160""]","{""n_estimators"": 340, ""learning_rate"": 0.14992430576078253, ""max_depth"": 3, ""subsample"": 0.6856973744267539, ""colsample_bytree"": 0.6062174061999936, ""min_child_weight"": 6, ""reg_alpha"": 0.8439212370123913, ""reg_lambda"": 0.5665114702738303}"
905,2026-06-05T21:18:06.689287+00:00,xgb,ranking_lgbm,905,5150,7,1000,0.7392279505729675,770,230,0.4986841678619385,"[""V380"", ""V215"", ""V342"", ""V255"", ""V191"", ""V176"", ""V160""]","{""n_estimators"": 344, ""learning_rate"": 0.169646401190537, ""max_depth"": 3, ""subsample"": 0.9219389628250979, ""colsample_bytree"": 0.533136105275058, ""min_child_weight"": 5, ""reg_alpha"": 0.5433168915702342, ""reg_lambda"": 2.087018652829982}"
906,2026-06-05T21:18:57.707836+00:00,xgb,ranking_lgbm,906,5075,7,1000,0.7211683392524719,765,235,0.49849823117256165,"[""V380"", ""V215"", ""V342"", ""V255"", ""V191"", ""V176"", ""V160""]","{""n_estimators"": 300, ""learning_rate"": 0.06028000140457878, ""max_depth"": 5, ""subsample"": 0.9663501215355235, ""colsample_bytree"": 0.644663313124207, ""min_child_weight"": 9, ""reg_alpha"": 0.7733118216618002, ""reg_lambda"": 0.8648429448601471}"
907,2026-06-05T21:21:01.165652+00:00,xgb,ranking_lgbm,907,4625,7,1000,0.8467246890068054,735,265,0.49787086248397827,"[""V380"", ""V215"", ""V342"", ""V255"", ""V191"", ""V176"", ""V160""]","{""n_estimators"": 390, ""learning_rate"": 0.14525161659146602, ""max_depth"": 9, ""subsample"": 0.9421387750191781, ""colsample_bytree"": 0.9234049357406124, ""min_child_weight"": 7, ""reg_alpha"": 0.9313644336130762, ""reg_lambda"": 2.152380165894769}"
908,2026-06-05T21:21:58.358501+00:00,xgb,ranking_lgbm,908,4950,7,998,0.7250458002090454,756,242,0.49630311131477356,"[""V380"", ""V215"", ""V342"", ""V255"", ""V191"", ""V176"", ""V160""]","{""n_estimators"": 210, ""learning_rate"": 0.0589765041713012, ""max_depth"": 8, ""subsample"": 0.530539357452305, ""colsample_bytree"": 0.5888866779928914, ""min_child_weight"": 8, ""reg_alpha"": 0.06078519780460667, ""reg_lambda"": 2.0587964936166365}"
909,2026-06-05T21:22:20.997653+00:00,xgb,ranking_lgbm,909,5015,7,1000,0.7169508934020996,761,239,0.49733495712280273,"[""V380"", ""V215"", ""V342"", ""V255"", ""V191"", ""V176"", ""V160""]","{""n_estimators"": 206, ""learning_rate"": 0.14037302902042037, ""max_depth"": 3, ""subsample"": 0.8746274614687166, ""colsample_bytree"": 0.5155017600588232, ""min_child_weight"": 9, ""reg_alpha"": 0.062349301408047064, ""reg_lambda"": 1.7856852661015192}"
910,2026-06-05T21:24:00.209989+00:00,xgb,ranking_lgbm,910,5045,7,1000,0.766829788684845,763,237,0.4992693364620209,"[""V380"", ""V215"", ""V342"", ""V255"", ""V191"", ""V176"", ""V160""]","{""n_estimators"": 388, ""learning_rate"": 0.06062386017063886, ""max_depth"": 7, ""subsample"": 0.6777650327968103, ""colsample_bytree"": 0.5932823420444893, ""min_child_weight"": 4, ""reg_alpha"": 0.7723278422432546, ""reg_lambda"": 1.1619025473410973}"
911,2026-06-05T21:24:55.795109+00:00,xgb,ranking_lgbm,911,5200,7,999,0.7389779686927795,773,226,0.49889248609542847,"[""V380"", ""V215"", ""V342"", ""V255"", ""V191"", ""V176"", ""V160""]","{""n_estimators"": 275, ""learning_rate"": 0.0732452580177621, ""max_depth"": 6, ""subsample"": 0.9726322845097717, ""colsample_bytree"": 0.6407838187802697, ""min_child_weight"": 9, ""reg_alpha"": 0.8623578770449561, ""reg_lambda"": 1.1850172661050473}"
912,2026-06-05T21:25:56.136870+00:00,xgb,ranking_lgbm,912,4990,7,996,0.7247738242149353,758,238,0.4984612762928009,"[""V380"", ""V215"", ""V342"", ""V255"", ""V191"", ""V176"", ""V160""]","{""n_estimators"": 278, ""learning_rate"": 0.041797784258140305, ""max_depth"": 6, ""subsample"": 0.8684234707980582, ""colsample_bytree"": 0.8814585180873995, ""min_child_weight"": 5, ""reg_alpha"": 0.14589096746193353, ""reg_lambda"": 1.552502413096834}"
913,2026-06-05T21:26:56.112095+00:00,xgb,ranking_lgbm,913,5000,7,1000,0.7713664174079895,760,240,0.5003443956375122,"[""V380"", ""V215"", ""V342"", ""V255"", ""V191"", ""V176"", ""V160""]","{""n_estimators"": 228, ""learning_rate"": 0.10157761160718166, ""max_depth"": 7, ""subsample"": 0.5447280184767335, ""colsample_bytree"": 0.7714573980478419, ""min_child_weight"": 4, ""reg_alpha"": 0.5862449970298748, ""reg_lambda"": 1.9347796613878}"
914,2026-06-05T21:27:40.222098+00:00,xgb,ranking_lgbm,914,4850,7,1000,0.7720672488212585,750,250,0.49704042077064514,"[""V380"", ""V215"", ""V342"", ""V255"", ""V191"", ""V176"", ""V160""]","{""n_estimators"": 168, ""learning_rate"": 0.14385364131968448, ""max_depth"": 7, ""subsample"": 0.5225090870617846, ""colsample_bytree"": 0.6649180613916734, ""min_child_weight"": 4, ""reg_alpha"": 0.9909993193659687, ""reg_lambda"": 1.0516792292327388}"
915,2026-06-05T21:28:43.678763+00:00,xgb,ranking_lgbm,915,5015,7,1000,0.7689903974533081,761,239,0.4987279176712036,"[""V380"", ""V215"", ""V342"", ""V255"", ""V191"", ""V176"", ""V160""]","{""n_estimators"": 240, ""learning_rate"": 0.09572112103430284, ""max_depth"": 7, ""subsample"": 0.5623225214113519, ""colsample_bytree"": 0.6736870994722027, ""min_child_weight"": 3, ""reg_alpha"": 0.9899356372336474, ""reg_lambda"": 1.1018676391211069}"
916,2026-06-05T21:29:21.330926+00:00,xgb,ranking_lgbm,916,5135,7,1000,0.7046648859977722,769,231,0.49798783659935,"[""V380"", ""V215"", ""V342"", ""V255"", ""V191"", ""V176"", ""V160""]","{""n_estimators"": 339, ""learning_rate"": 0.058160821165887465, ""max_depth"": 3, ""subsample"": 0.8099657020828426, ""colsample_bytree"": 0.7796920147382933, ""min_child_weight"": 7, ""reg_alpha"": 0.9911769920711232, ""reg_lambda"": 1.0539001487890995}"
917,2026-06-05T21:29:59.436475+00:00,xgb,ranking_lgbm,917,5285,7,1000,0.7035631537437439,779,221,0.49750062823295593,"[""V380"", ""V215"", ""V342"", ""V255"", ""V191"", ""V176"", ""V160""]","{""n_estimators"": 336, ""learning_rate"": 0.062414646631250015, ""max_depth"": 3, ""subsample"": 0.8643579490114002, ""colsample_bytree"": 0.9655168098773572, ""min_child_weight"": 5, ""reg_alpha"": 0.7902003868722871, ""reg_lambda"": 2.2856518051535777}"
918,2026-06-05T21:30:51.116795+00:00,xgb,ranking_lgbm,918,5020,7,999,0.7421104907989502,761,238,0.49853944778442383,"[""V380"", ""V215"", ""V342"", ""V255"", ""V191"", ""V176"", ""V160""]","{""n_estimators"": 187, ""learning_rate"": 0.09768840383179252, ""max_depth"": 8, ""subsample"": 0.7703038573597183, ""colsample_bytree"": 0.5464553084180329, ""min_child_weight"": 9, ""reg_alpha"": 0.6478209681013126, ""reg_lambda"": 2.372864426335895}"
919,2026-06-05T21:32:00.745465+00:00,xgb,ranking_lgbm,919,4985,7,1000,0.8208196759223938,759,241,0.5005457997322083,"[""V380"", ""V215"", ""V342"", ""V255"", ""V191"", ""V176"", ""V160""]","{""n_estimators"": 279, ""learning_rate"": 0.16597131669771806, ""max_depth"": 7, ""subsample"": 0.9227111403800579, ""colsample_bytree"": 0.7193352311050003, ""min_child_weight"": 7, ""reg_alpha"": 0.7315546646530331, ""reg_lambda"": 1.4559583120734554}"
920,2026-06-05T21:32:20.251796+00:00,xgb,ranking_lgbm,920,5080,7,999,0.7309080362319946,765,234,0.4997241199016571,"[""V380"", ""V215"", ""V342"", ""V255"", ""V191"", ""V176"", ""V160""]","{""n_estimators"": 102, ""learning_rate"": 0.1268676536542253, ""max_depth"": 5, ""subsample"": 0.7689455255986999, ""colsample_bytree"": 0.8896094408975973, ""min_child_weight"": 4, ""reg_alpha"": 0.8257384283496908, ""reg_lambda"": 0.6734556727057386}"
921,2026-06-05T21:32:50.406239+00:00,xgb,ranking_lgbm,921,4925,7,1000,0.7568084001541138,755,245,0.4992723762989044,"[""V380"", ""V215"", ""V342"", ""V255"", ""V191"", ""V176"", ""V160""]","{""n_estimators"": 194, ""learning_rate"": 0.1665493498261879, ""max_depth"": 4, ""subsample"": 0.6744316980676217, ""colsample_bytree"": 0.9199290004166312, ""min_child_weight"": 1, ""reg_alpha"": 0.6626220176306981, ""reg_lambda"": 2.499223325945536}"
922,2026-06-05T21:33:22.734472+00:00,xgb,ranking_lgbm,922,5075,8,999,0.7299261093139648,778,221,0.5001909136772156,"[""V380"", ""V215"", ""V342"", ""V255"", ""V191"", ""V176"", ""V160"", ""V117""]","{""n_estimators"": 135, ""learning_rate"": 0.07437419892110099, ""max_depth"": 6, ""subsample"": 0.7997700890609727, ""colsample_bytree"": 0.8615078677830678, ""min_child_weight"": 1, ""reg_alpha"": 0.15036339514982577, ""reg_lambda"": 2.4426686907967246}"
923,2026-06-05T21:34:01.073253+00:00,xgb,ranking_lgbm,923,5140,7,999,0.7215929627418518,769,230,0.4987415075302124,"[""V380"", ""V215"", ""V342"", ""V255"", ""V191"", ""V176"", ""V160""]","{""n_estimators"": 319, ""learning_rate"": 0.10220105599055705, ""max_depth"": 3, ""subsample"": 0.9496847256953707, ""colsample_bytree"": 0.7603187584897283, ""min_child_weight"": 4, ""reg_alpha"": 0.848296846725581, ""reg_lambda"": 1.540828482049846}"
924,2026-06-05T21:35:32.675571+00:00,xgb,ranking_lgbm,924,5120,7,1000,0.6970392465591431,768,232,0.49683627486228943,"[""V380"", ""V215"", ""V342"", ""V255"", ""V191"", ""V176"", ""V160""]","{""n_estimators"": 309, ""learning_rate"": 0.03026477242817029, ""max_depth"": 9, ""subsample"": 0.5614574117653088, ""colsample_bytree"": 0.5592484054701117, ""min_child_weight"": 9, ""reg_alpha"": 0.6842966086248579, ""reg_lambda"": 1.4926464743251413}"
925,2026-06-05T21:36:20.518370+00:00,xgb,ranking_lgbm,925,5090,7,1000,0.7623216509819031,766,234,0.5007835030555725,"[""V380"", ""V215"", ""V342"", ""V255"", ""V191"", ""V176"", ""V160""]","{""n_estimators"": 194, ""learning_rate"": 0.09909453727036373, ""max_depth"": 7, ""subsample"": 0.960591953254726, ""colsample_bytree"": 0.8973710783218973, ""min_child_weight"": 7, ""reg_alpha"": 0.3256209338134124, ""reg_lambda"": 1.364928530580781}"
926,2026-06-05T21:36:42.592118+00:00,xgb,ranking_lgbm,926,5250,6,993,0.7068341970443726,761,232,0.49834227561950684,"[""V380"", ""V215"", ""V342"", ""V255"", ""V191"", ""V176""]","{""n_estimators"": 194, ""learning_rate"": 0.12460784770265831, ""max_depth"": 3, ""subsample"": 0.6035597615006348, ""colsample_bytree"": 0.5098689929997684, ""min_child_weight"": 3, ""reg_alpha"": 0.1940806023983619, ""reg_lambda"": 1.4759152025460274}"
927,2026-06-05T21:38:16.123280+00:00,xgb,ranking_lgbm,927,4640,7,1000,0.7773600816726685,736,264,0.4962751865386963,"[""V380"", ""V215"", ""V342"", ""V255"", ""V191"", ""V176"", ""V160""]","{""n_estimators"": 378, ""learning_rate"": 0.09384856958706388, ""max_depth"": 7, ""subsample"": 0.6037009122836074, ""colsample_bytree"": 0.6935162734898768, ""min_child_weight"": 9, ""reg_alpha"": 0.7302256347069481, ""reg_lambda"": 1.3194146363531065}"
928,2026-06-05T21:39:19.358985+00:00,xgb,ranking_lgbm,928,4925,7,997,0.7504486441612244,754,243,0.5016250014305115,"[""V380"", ""V215"", ""V342"", ""V255"", ""V191"", ""V176"", ""V160""]","{""n_estimators"": 213, ""learning_rate"": 0.045068496177799025, ""max_depth"": 8, ""subsample"": 0.7856836388249102, ""colsample_bytree"": 0.928503990467531, ""min_child_weight"": 1, ""reg_alpha"": 0.7673815961220007, ""reg_lambda"": 0.9447966707388733}"
929,2026-06-05T21:40:05.110107+00:00,xgb,ranking_lgbm,929,4840,7,996,0.7313487529754639,748,248,0.4959995150566101,"[""V380"", ""V215"", ""V342"", ""V255"", ""V191"", ""V176"", ""V160""]","{""n_estimators"": 220, ""learning_rate"": 0.07099464979370923, ""max_depth"": 6, ""subsample"": 0.5175881869344896, ""colsample_bytree"": 0.6785038771334008, ""min_child_weight"": 8, ""reg_alpha"": 0.0462094340246485, ""reg_lambda"": 1.3206819317041598}"
930,2026-06-05T21:40:47.799624+00:00,xgb,ranking_lgbm,930,5165,7,1000,0.7306656837463379,771,229,0.5002235174179077,"[""V380"", ""V215"", ""V342"", ""V255"", ""V191"", ""V176"", ""V160""]","{""n_estimators"": 242, ""learning_rate"": 0.07318938007273043, ""max_depth"": 5, ""subsample"": 0.9918668858722386, ""colsample_bytree"": 0.8124990423045861, ""min_child_weight"": 5, ""reg_alpha"": 0.3994293610754732, ""reg_lambda"": 2.2764659732321784}"
931,2026-06-05T21:42:27.683392+00:00,xgb,ranking_lgbm,931,4615,9,1000,0.8793386220932007,761,239,0.494830459356308,"[""V380"", ""V215"", ""V342"", ""V255"", ""V191"", ""V176"", ""V160"", ""V117"", ""V390""]","{""n_estimators"": 366, ""learning_rate"": 0.1743965495998179, ""max_depth"": 8, ""subsample"": 0.949576147160204, ""colsample_bytree"": 0.8339228719139814, ""min_child_weight"": 7, ""reg_alpha"": 0.3722476562965221, ""reg_lambda"": 0.5096600626082268}"
932,2026-06-05T21:43:09.305832+00:00,xgb,ranking_lgbm,932,5290,7,999,0.7592777013778687,779,220,0.4996595084667206,"[""V380"", ""V215"", ""V342"", ""V255"", ""V191"", ""V176"", ""V160""]","{""n_estimators"": 275, ""learning_rate"": 0.13563730005242808, ""max_depth"": 4, ""subsample"": 0.8064651646653664, ""colsample_bytree"": 0.9097854360077143, ""min_child_weight"": 2, ""reg_alpha"": 0.9828286966875487, ""reg_lambda"": 1.3225478673570479}"
933,2026-06-05T21:44:17.458864+00:00,xgb,ranking_lgbm,933,5315,7,1000,0.7062775492668152,781,219,0.4988957941532135,"[""V380"", ""V215"", ""V342"", ""V255"", ""V191"", ""V176"", ""V160""]","{""n_estimators"": 319, ""learning_rate"": 0.032292302927030336, ""max_depth"": 6, ""subsample"": 0.8378151376942533, ""colsample_bytree"": 0.5009265626754279, ""min_child_weight"": 4, ""reg_alpha"": 0.672600495307849, ""reg_lambda"": 1.1874497212153463}"
934,2026-06-05T21:44:57.490986+00:00,xgb,ranking_lgbm,934,5080,7,999,0.7404654622077942,765,234,0.49861952662467957,"[""V380"", ""V215"", ""V342"", ""V255"", ""V191"", ""V176"", ""V160""]","{""n_estimators"": 361, ""learning_rate"": 0.12604891199991974, ""max_depth"": 3, ""subsample"": 0.7937684250383552, ""colsample_bytree"": 0.5776884866527825, ""min_child_weight"": 5, ""reg_alpha"": 0.2990995334181159, ""reg_lambda"": 0.7230097116563556}"
935,2026-06-05T21:45:47.607708+00:00,xgb,ranking_lgbm,935,4905,8,997,0.7841549515724182,766,231,0.5007117986679077,"[""V380"", ""V215"", ""V342"", ""V255"", ""V191"", ""V176"", ""V160"", ""V117""]","{""n_estimators"": 340, ""learning_rate"": 0.15391893910335464, ""max_depth"": 4, ""subsample"": 0.9858453387606598, ""colsample_bytree"": 0.9674649158787256, ""min_child_weight"": 3, ""reg_alpha"": 0.9341573667338403, ""reg_lambda"": 0.9377705231870248}"
936,2026-06-05T21:46:29.737556+00:00,xgb,ranking_lgbm,936,4910,7,1000,0.7810544371604919,754,246,0.5003109574317932,"[""V380"", ""V215"", ""V342"", ""V255"", ""V191"", ""V176"", ""V160""]","{""n_estimators"": 135, ""learning_rate"": 0.12459916153767721, ""max_depth"": 9, ""subsample"": 0.8257578123650269, ""colsample_bytree"": 0.8772866673109407, ""min_child_weight"": 2, ""reg_alpha"": 0.765733305569429, ""reg_lambda"": 2.2949093410729926}"
937,2026-06-05T21:47:03.977610+00:00,xgb,ranking_lgbm,937,5185,7,990,0.7235279679298401,769,221,0.49803072214126587,"[""V380"", ""V215"", ""V342"", ""V255"", ""V191"", ""V176"", ""V160""]","{""n_estimators"": 307, ""learning_rate"": 0.09681181164629729, ""max_depth"": 3, ""subsample"": 0.8617703378143189, ""colsample_bytree"": 0.6157262318810192, ""min_child_weight"": 5, ""reg_alpha"": 0.39336416830532717, ""reg_lambda"": 1.0750586715870318}"
938,2026-06-05T21:47:31.394570+00:00,xgb,ranking_lgbm,938,5075,7,997,0.718281626701355,764,233,0.49905672669410706,"[""V380"", ""V215"", ""V342"", ""V255"", ""V191"", ""V176"", ""V160""]","{""n_estimators"": 248, ""learning_rate"": 0.12584810445190697, ""max_depth"": 3, ""subsample"": 0.9815900890005775, ""colsample_bytree"": 0.5058893425858011, ""min_child_weight"": 6, ""reg_alpha"": 0.32480746581039144, ""reg_lambda"": 0.9941111108891869}"
939,2026-06-05T21:48:02.069094+00:00,xgb,ranking_lgbm,939,4835,7,1000,0.7954216599464417,749,251,0.5035083293914795,"[""V380"", ""V215"", ""V342"", ""V255"", ""V191"", ""V176"", ""V160""]","{""n_estimators"": 115, ""learning_rate"": 0.16733262090438214, ""max_depth"": 7, ""subsample"": 0.6277255713868306, ""colsample_bytree"": 0.7336075591308024, ""min_child_weight"": 3, ""reg_alpha"": 0.08985642452521059, ""reg_lambda"": 0.9932150228007428}"
940,2026-06-05T21:49:14.327730+00:00,xgb,ranking_lgbm,940,4930,7,999,0.7856134176254272,755,244,0.500232994556427,"[""V380"", ""V215"", ""V342"", ""V255"", ""V191"", ""V176"", ""V160""]","{""n_estimators"": 270, ""learning_rate"": 0.10502173121672467, ""max_depth"": 7, ""subsample"": 0.6270450378936148, ""colsample_bytree"": 0.5899598779086679, ""min_child_weight"": 2, ""reg_alpha"": 0.8590273690155276, ""reg_lambda"": 2.085533592855322}"
941,2026-06-05T21:50:59.992827+00:00,xgb,ranking_lgbm,941,5040,8,1000,0.7639304995536804,776,224,0.4991362392902374,"[""V380"", ""V215"", ""V342"", ""V255"", ""V191"", ""V176"", ""V160"", ""V117""]","{""n_estimators"": 341, ""learning_rate"": 0.035314246531564585, ""max_depth"": 9, ""subsample"": 0.5288753519823653, ""colsample_bytree"": 0.8334607392180581, ""min_child_weight"": 1, ""reg_alpha"": 0.7647747151453564, ""reg_lambda"": 1.0072806911507426}"
942,2026-06-05T21:51:31.855561+00:00,xgb,ranking_lgbm,942,5110,7,996,0.7115200757980347,766,230,0.4977755844593048,"[""V380"", ""V215"", ""V342"", ""V255"", ""V191"", ""V176"", ""V160""]","{""n_estimators"": 172, ""learning_rate"": 0.06486073663926178, ""max_depth"": 5, ""subsample"": 0.9322563424062293, ""colsample_bytree"": 0.8906733351110556, ""min_child_weight"": 7, ""reg_alpha"": 0.807646962288985, ""reg_lambda"": 0.8843886875314375}"
943,2026-06-05T21:52:39.003227+00:00,xgb,ranking_lgbm,943,4840,7,999,0.8001293540000916,749,250,0.4995037019252777,"[""V380"", ""V215"", ""V342"", ""V255"", ""V191"", ""V176"", ""V160""]","{""n_estimators"": 366, ""learning_rate"": 0.15402731542813725, ""max_depth"": 5, ""subsample"": 0.845858391481396, ""colsample_bytree"": 0.9506683244492958, ""min_child_weight"": 9, ""reg_alpha"": 0.2526879610075581, ""reg_lambda"": 1.6969462989700959}"
944,2026-06-05T21:53:49.122145+00:00,xgb,ranking_lgbm,944,4820,7,997,0.8001530170440674,747,250,0.49978047609329224,"[""V380"", ""V215"", ""V342"", ""V255"", ""V191"", ""V176"", ""V160""]","{""n_estimators"": 239, ""learning_rate"": 0.12893092016116792, ""max_depth"": 8, ""subsample"": 0.9007992945640801, ""colsample_bytree"": 0.8489519354682555, ""min_child_weight"": 6, ""reg_alpha"": 0.801919790794993, ""reg_lambda"": 2.205553176996782}"
945,2026-06-05T21:54:33.204763+00:00,xgb,ranking_lgbm,945,5240,7,1000,0.7121507525444031,776,224,0.4976173937320709,"[""V380"", ""V215"", ""V342"", ""V255"", ""V191"", ""V176"", ""V160""]","{""n_estimators"": 305, ""learning_rate"": 0.04220863420159671, ""max_depth"": 4, ""subsample"": 0.6510682110409807, ""colsample_bytree"": 0.9383975076392075, ""min_child_weight"": 5, ""reg_alpha"": 0.22992461303436784, ""reg_lambda"": 1.2094919554423191}"
946,2026-06-05T21:55:44.016828+00:00,xgb,ranking_lgbm,946,4820,7,997,0.7827580571174622,747,250,0.5008985996246338,"[""V380"", ""V215"", ""V342"", ""V255"", ""V191"", ""V176"", ""V160""]","{""n_estimators"": 264, ""learning_rate"": 0.07300371130252341, ""max_depth"": 7, ""subsample"": 0.6699684109343232, ""colsample_bytree"": 0.954357947812176, ""min_child_weight"": 2, ""reg_alpha"": 0.47167704546350786, ""reg_lambda"": 1.6870129304120227}"
947,2026-06-05T21:56:11.077115+00:00,xgb,ranking_lgbm,947,5000,7,1000,0.738830029964447,760,240,0.49823135137557983,"[""V380"", ""V215"", ""V342"", ""V255"", ""V191"", ""V176"", ""V160""]","{""n_estimators"": 107, ""learning_rate"": 0.08923940715983292, ""max_depth"": 7, ""subsample"": 0.5538361585866773, ""colsample_bytree"": 0.8757648282942229, ""min_child_weight"": 6, ""reg_alpha"": 0.047602150591473325, ""reg_lambda"": 0.5007067014253446}"
948,2026-06-05T21:57:17.983658+00:00,xgb,ranking_lgbm,948,4775,7,1000,0.7675750255584717,745,255,0.499728262424469,"[""V380"", ""V215"", ""V342"", ""V255"", ""V191"", ""V176"", ""V160""]","{""n_estimators"": 378, ""learning_rate"": 0.09621532267087143, ""max_depth"": 5, ""subsample"": 0.5954865008725687, ""colsample_bytree"": 0.782005879564496, ""min_child_weight"": 9, ""reg_alpha"": 0.09869720164763518, ""reg_lambda"": 0.6453452736262302}"
949,2026-06-05T21:58:29.464415+00:00,xgb,ranking_lgbm,949,5195,7,1000,0.7560374736785889,773,227,0.49874600768089294,"[""V380"", ""V215"", ""V342"", ""V255"", ""V191"", ""V176"", ""V160""]","{""n_estimators"": 397, ""learning_rate"": 0.07390322548520947, ""max_depth"": 5, ""subsample"": 0.631080991743428, ""colsample_bytree"": 0.6361486091470001, ""min_child_weight"": 5, ""reg_alpha"": 0.5936006311718113, ""reg_lambda"": 1.1799145369447734}"
950,2026-06-05T21:59:39.999434+00:00,xgb,ranking_lgbm,950,5210,7,1000,0.706470251083374,774,226,0.4974764585494995,"[""V380"", ""V215"", ""V342"", ""V255"", ""V191"", ""V176"", ""V160""]","{""n_estimators"": 233, ""learning_rate"": 0.04155912531763579, ""max_depth"": 9, ""subsample"": 0.6122366048173709, ""colsample_bytree"": 0.5123746758388903, ""min_child_weight"": 9, ""reg_alpha"": 0.4591774062478561, ""reg_lambda"": 1.2524751489828043}"
951,2026-06-05T22:00:53.362707+00:00,xgb,ranking_lgbm,951,4690,7,999,0.8509681224822998,739,260,0.4979027211666107,"[""V380"", ""V215"", ""V342"", ""V255"", ""V191"", ""V176"", ""V160""]","{""n_estimators"": 315, ""learning_rate"": 0.15732215314611325, ""max_depth"": 7, ""subsample"": 0.5330215090606372, ""colsample_bytree"": 0.8344903742794132, ""min_child_weight"": 4, ""reg_alpha"": 0.35898840956512046, ""reg_lambda"": 0.5715544674066229}"
952,2026-06-05T22:01:21.397229+00:00,xgb,ranking_lgbm,952,5195,7,1000,0.7115190625190735,773,227,0.4952528178691864,"[""V380"", ""V215"", ""V342"", ""V255"", ""V191"", ""V176"", ""V160""]","{""n_estimators"": 114, ""learning_rate"": 0.07135354092393348, ""max_depth"": 8, ""subsample"": 0.5120342639327592, ""colsample_bytree"": 0.8777263202433185, ""min_child_weight"": 8, ""reg_alpha"": 0.5650702009975553, ""reg_lambda"": 1.8298470856972726}"
953,2026-06-05T22:02:15.234810+00:00,xgb,ranking_lgbm,953,4765,7,999,0.7860464453697205,744,255,0.4975322186946869,"[""V380"", ""V215"", ""V342"", ""V255"", ""V191"", ""V176"", ""V160""]","{""n_estimators"": 270, ""learning_rate"": 0.10431493449081987, ""max_depth"": 6, ""subsample"": 0.6612812191812383, ""colsample_bytree"": 0.8814521739469978, ""min_child_weight"": 4, ""reg_alpha"": 0.6282085231742733, ""reg_lambda"": 0.5690624042500461}"
954,2026-06-05T22:03:38.710654+00:00,xgb,ranking_lgbm,954,4800,8,1000,0.8074251413345337,760,240,0.5009399652481079,"[""V380"", ""V215"", ""V342"", ""V255"", ""V191"", ""V176"", ""V160"", ""V117""]","{""n_estimators"": 298, ""learning_rate"": 0.11058181469544782, ""max_depth"": 8, ""subsample"": 0.7825663273613039, ""colsample_bytree"": 0.6201552135451034, ""min_child_weight"": 6, ""reg_alpha"": 0.4512463299295415, ""reg_lambda"": 1.0611646520787539}"
955,2026-06-05T22:04:46.093723+00:00,xgb,ranking_lgbm,955,5040,7,998,0.7848900556564331,762,236,0.5022779107093811,"[""V380"", ""V215"", ""V342"", ""V255"", ""V191"", ""V176"", ""V160""]","{""n_estimators"": 359, ""learning_rate"": 0.10365606083292116, ""max_depth"": 5, ""subsample"": 0.8052966459085094, ""colsample_bytree"": 0.9152015122617274, ""min_child_weight"": 4, ""reg_alpha"": 0.517808552118602, ""reg_lambda"": 1.392813314258563}"
956,2026-06-05T22:05:21.344035+00:00,xgb,ranking_lgbm,956,5045,7,1000,0.7173080444335938,763,237,0.4969855546951294,"[""V380"", ""V215"", ""V342"", ""V255"", ""V191"", ""V176"", ""V160""]","{""n_estimators"": 191, ""learning_rate"": 0.06433342981092618, ""max_depth"": 5, ""subsample"": 0.5407102180903216, ""colsample_bytree"": 0.8714752153877561, ""min_child_weight"": 6, ""reg_alpha"": 0.900860000572921, ""reg_lambda"": 1.4078474148240199}"
957,2026-06-05T22:06:39.658686+00:00,xgb,ranking_lgbm,957,4750,7,999,0.8055124878883362,743,256,0.49846580624580383,"[""V380"", ""V215"", ""V342"", ""V255"", ""V191"", ""V176"", ""V160""]","{""n_estimators"": 355, ""learning_rate"": 0.13633782875653688, ""max_depth"": 6, ""subsample"": 0.6498897020860908, ""colsample_bytree"": 0.8317372056931482, ""min_child_weight"": 7, ""reg_alpha"": 0.6453864482881154, ""reg_lambda"": 1.8835246349803485}"
958,2026-06-05T22:07:31.748763+00:00,xgb,ranking_lgbm,958,4985,7,1000,0.7274420261383057,759,241,0.4981310963630676,"[""V380"", ""V215"", ""V342"", ""V255"", ""V191"", ""V176"", ""V160""]","{""n_estimators"": 191, ""learning_rate"": 0.08325886022910872, ""max_depth"": 8, ""subsample"": 0.9981235971257317, ""colsample_bytree"": 0.5318804759136357, ""min_child_weight"": 7, ""reg_alpha"": 0.8071557359746819, ""reg_lambda"": 2.4271959045924936}"
959,2026-06-05T22:08:29.424236+00:00,xgb,ranking_lgbm,959,4955,7,1000,0.7261657118797302,757,243,0.4971553683280945,"[""V380"", ""V215"", ""V342"", ""V255"", ""V191"", ""V176"", ""V160""]","{""n_estimators"": 224, ""learning_rate"": 0.051701753566806646, ""max_depth"": 7, ""subsample"": 0.5407614917943204, ""colsample_bytree"": 0.9209115123770312, ""min_child_weight"": 6, ""reg_alpha"": 0.7057299682441096, ""reg_lambda"": 2.055779391752215}"
960,2026-06-05T22:09:33.131223+00:00,xgb,ranking_lgbm,960,5085,7,998,0.7447964549064636,765,233,0.502876341342926,"[""V380"", ""V215"", ""V342"", ""V255"", ""V191"", ""V176"", ""V160""]","{""n_estimators"": 224, ""learning_rate"": 0.03698583413494501, ""max_depth"": 8, ""subsample"": 0.731766452509957, ""colsample_bytree"": 0.8243178190245292, ""min_child_weight"": 1, ""reg_alpha"": 0.2789170156462313, ""reg_lambda"": 0.6282462514891771}"
961,2026-06-05T22:10:54.362884+00:00,xgb,ranking_lgbm,961,5065,7,999,0.7526002526283264,764,235,0.5012868642807007,"[""V380"", ""V215"", ""V342"", ""V255"", ""V191"", ""V176"", ""V160""]","{""n_estimators"": 289, ""learning_rate"": 0.04153900768998029, ""max_depth"": 8, ""subsample"": 0.9374093364096243, ""colsample_bytree"": 0.8720469320057921, ""min_child_weight"": 3, ""reg_alpha"": 0.24057828366633938, ""reg_lambda"": 1.9380254570186215}"
962,2026-06-05T22:11:22.067221+00:00,xgb,ranking_lgbm,962,5105,7,1000,0.7347014546394348,767,233,0.4984164535999298,"[""V380"", ""V215"", ""V342"", ""V255"", ""V191"", ""V176"", ""V160""]","{""n_estimators"": 192, ""learning_rate"": 0.13665472890196478, ""max_depth"": 4, ""subsample"": 0.6822938755536373, ""colsample_bytree"": 0.6220272322089411, ""min_child_weight"": 6, ""reg_alpha"": 0.4017436576475192, ""reg_lambda"": 2.2147857866903817}"
963,2026-06-05T22:12:29.191856+00:00,xgb,ranking_lgbm,963,4760,7,1000,0.8375716805458069,744,256,0.49913936853408813,"[""V380"", ""V215"", ""V342"", ""V255"", ""V191"", ""V176"", ""V160""]","{""n_estimators"": 209, ""learning_rate"": 0.13625632033467702, ""max_depth"": 9, ""subsample"": 0.6366970247888601, ""colsample_bytree"": 0.6291169947863562, ""min_child_weight"": 2, ""reg_alpha"": 0.059889028691984425, ""reg_lambda"": 1.208537918413171}"
964,2026-06-05T22:13:39.848151+00:00,xgb,ranking_lgbm,964,4795,7,999,0.8406288027763367,746,253,0.5037739276885986,"[""V380"", ""V215"", ""V342"", ""V255"", ""V191"", ""V176"", ""V160""]","{""n_estimators"": 317, ""learning_rate"": 0.1703826781724866, ""max_depth"": 6, ""subsample"": 0.8337762112335582, ""colsample_bytree"": 0.9044609709367732, ""min_child_weight"": 4, ""reg_alpha"": 0.10089001917950946, ""reg_lambda"": 1.926612511178055}"
965,2026-06-05T22:14:22.914879+00:00,xgb,ranking_lgbm,965,5095,7,999,0.7690625190734863,766,233,0.5001148581504822,"[""V380"", ""V215"", ""V342"", ""V255"", ""V191"", ""V176"", ""V160""]","{""n_estimators"": 300, ""learning_rate"": 0.17951866773955866, ""max_depth"": 4, ""subsample"": 0.918210920960055, ""colsample_bytree"": 0.6326081874484608, ""min_child_weight"": 7, ""reg_alpha"": 0.9765172661778362, ""reg_lambda"": 1.7745509172424998}"
966,2026-06-05T22:15:56.727536+00:00,xgb,ranking_lgbm,966,4580,7,1000,0.8433744311332703,732,268,0.4972846806049347,"[""V380"", ""V215"", ""V342"", ""V255"", ""V191"", ""V176"", ""V160""]","{""n_estimators"": 334, ""learning_rate"": 0.17035874136615564, ""max_depth"": 8, ""subsample"": 0.669947510811483, ""colsample_bytree"": 0.7672122667325556, ""min_child_weight"": 7, ""reg_alpha"": 0.044274626484360535, ""reg_lambda"": 2.425524792300793}"
967,2026-06-05T22:16:11.598933+00:00,xgb,ranking_lgbm,967,5180,7,1000,0.6967102885246277,772,228,0.49690136313438416,"[""V380"", ""V215"", ""V342"", ""V255"", ""V191"", ""V176"", ""V160""]","{""n_estimators"": 102, ""learning_rate"": 0.11710106519177879, ""max_depth"": 4, ""subsample"": 0.7618074147395156, ""colsample_bytree"": 0.577475697933179, ""min_child_weight"": 7, ""reg_alpha"": 0.8288963548545978, ""reg_lambda"": 2.4190707803406846}"
968,2026-06-05T22:17:05.858311+00:00,xgb,ranking_lgbm,968,5090,7,1000,0.7632461786270142,766,234,0.5003988742828369,"[""V380"", ""V215"", ""V342"", ""V255"", ""V191"", ""V176"", ""V160""]","{""n_estimators"": 367, ""learning_rate"": 0.1139963266059084, ""max_depth"": 4, ""subsample"": 0.7891509810283355, ""colsample_bytree"": 0.8233697651237661, ""min_child_weight"": 2, ""reg_alpha"": 0.6634317140479615, ""reg_lambda"": 1.6195054032202874}"
969,2026-06-05T22:17:33.509614+00:00,xgb,ranking_lgbm,969,5000,7,1000,0.7332817316055298,760,240,0.4977959096431732,"[""V380"", ""V215"", ""V342"", ""V255"", ""V191"", ""V176"", ""V160""]","{""n_estimators"": 246, ""learning_rate"": 0.1624366459285797, ""max_depth"": 3, ""subsample"": 0.9118612793308477, ""colsample_bytree"": 0.929607724224579, ""min_child_weight"": 9, ""reg_alpha"": 0.22279313465511041, ""reg_lambda"": 1.163615732001836}"
970,2026-06-05T22:18:00.596850+00:00,xgb,ranking_lgbm,970,5250,7,998,0.7094247341156006,776,222,0.4963129460811615,"[""V380"", ""V215"", ""V342"", ""V255"", ""V191"", ""V176"", ""V160""]","{""n_estimators"": 109, ""learning_rate"": 0.0831097626325148, ""max_depth"": 7, ""subsample"": 0.7510382409658671, ""colsample_bytree"": 0.5914976347519559, ""min_child_weight"": 7, ""reg_alpha"": 0.9405472036947345, ""reg_lambda"": 2.228154424611848}"
971,2026-06-05T22:18:44.362650+00:00,xgb,ranking_lgbm,971,5140,7,999,0.7411683201789856,769,230,0.4986110329627991,"[""V380"", ""V215"", ""V342"", ""V255"", ""V191"", ""V176"", ""V160""]","{""n_estimators"": 391, ""learning_rate"": 0.10609887436419779, ""max_depth"": 3, ""subsample"": 0.7589711023201962, ""colsample_bytree"": 0.8957538010447362, ""min_child_weight"": 7, ""reg_alpha"": 0.4224969429775095, ""reg_lambda"": 0.5217961052664852}"
972,2026-06-05T22:20:42.276432+00:00,xgb,ranking_lgbm,972,4535,7,1000,0.846939742565155,729,271,0.5006777048110962,"[""V380"", ""V215"", ""V342"", ""V255"", ""V191"", ""V176"", ""V160""]","{""n_estimators"": 386, ""learning_rate"": 0.1664097462275622, ""max_depth"": 9, ""subsample"": 0.6575462256390958, ""colsample_bytree"": 0.6210966039902185, ""min_child_weight"": 6, ""reg_alpha"": 0.9289962906338352, ""reg_lambda"": 1.6149163847947192}"
973,2026-06-05T22:21:52.363023+00:00,xgb,ranking_lgbm,973,5030,7,1000,0.7497606873512268,762,238,0.4987890124320984,"[""V380"", ""V215"", ""V342"", ""V255"", ""V191"", ""V176"", ""V160""]","{""n_estimators"": 286, ""learning_rate"": 0.07173757609600412, ""max_depth"": 7, ""subsample"": 0.553017688185482, ""colsample_bytree"": 0.6853314468017984, ""min_child_weight"": 8, ""reg_alpha"": 0.41043962567887793, ""reg_lambda"": 1.8821929364199146}"
974,2026-06-05T22:22:23.085528+00:00,xgb,ranking_lgbm,974,5195,7,1000,0.7099756002426147,773,227,0.49826690554618835,"[""V380"", ""V215"", ""V342"", ""V255"", ""V191"", ""V176"", ""V160""]","{""n_estimators"": 285, ""learning_rate"": 0.0953453051847843, ""max_depth"": 3, ""subsample"": 0.9846206692010269, ""colsample_bytree"": 0.5146770586129974, ""min_child_weight"": 5, ""reg_alpha"": 0.7245321008684182, ""reg_lambda"": 0.8169510532259581}"
975,2026-06-05T22:22:54.850269+00:00,xgb,ranking_lgbm,975,5205,7,998,0.7147579193115234,773,225,0.49716147780418396,"[""V380"", ""V215"", ""V342"", ""V255"", ""V191"", ""V176"", ""V160""]","{""n_estimators"": 284, ""learning_rate"": 0.08994154030667878, ""max_depth"": 3, ""subsample"": 0.6791078729504657, ""colsample_bytree"": 0.8206123166186312, ""min_child_weight"": 5, ""reg_alpha"": 0.7815385424613935, ""reg_lambda"": 1.939324845030442}"
976,2026-06-05T22:25:00.283640+00:00,xgb,ranking_lgbm,976,4715,7,1000,0.7666816115379333,741,259,0.4974993169307709,"[""V380"", ""V215"", ""V342"", ""V255"", ""V191"", ""V176"", ""V160""]","{""n_estimators"": 387, ""learning_rate"": 0.05330414789439125, ""max_depth"": 9, ""subsample"": 0.5724274035699475, ""colsample_bytree"": 0.7487656910826106, ""min_child_weight"": 7, ""reg_alpha"": 0.2599830504929964, ""reg_lambda"": 1.4958019793914374}"
977,2026-06-05T22:25:39.005197+00:00,xgb,ranking_lgbm,977,5255,7,1000,0.758047878742218,777,223,0.5017097592353821,"[""V380"", ""V215"", ""V342"", ""V255"", ""V191"", ""V176"", ""V160""]","{""n_estimators"": 260, ""learning_rate"": 0.12101556852887828, ""max_depth"": 4, ""subsample"": 0.9934851205895571, ""colsample_bytree"": 0.7517910092225295, ""min_child_weight"": 1, ""reg_alpha"": 0.19756940778958654, ""reg_lambda"": 0.595557782318469}"
978,2026-06-05T22:26:18.922301+00:00,xgb,ranking_lgbm,978,5240,7,1000,0.6878837943077087,776,224,0.4958708584308624,"[""V380"", ""V215"", ""V342"", ""V255"", ""V191"", ""V176"", ""V160""]","{""n_estimators"": 227, ""learning_rate"": 0.034436612194462056, ""max_depth"": 5, ""subsample"": 0.5306651734310113, ""colsample_bytree"": 0.737864529313262, ""min_child_weight"": 9, ""reg_alpha"": 0.8916836023102408, ""reg_lambda"": 0.6287803705367363}"
979,2026-06-05T22:27:40.291093+00:00,xgb,ranking_lgbm,979,4550,7,1000,0.7804133296012878,730,270,0.49868202209472656,"[""V380"", ""V215"", ""V342"", ""V255"", ""V191"", ""V176"", ""V160""]","{""n_estimators"": 244, ""learning_rate"": 0.10239794427503555, ""max_depth"": 9, ""subsample"": 0.5509514803228379, ""colsample_bytree"": 0.6879378168320337, ""min_child_weight"": 3, ""reg_alpha"": 0.792054041670442, ""reg_lambda"": 2.4893338463844064}"
980,2026-06-05T22:28:37.614007+00:00,xgb,ranking_lgbm,980,4895,7,1000,0.7534494400024414,753,247,0.49703720211982727,"[""V380"", ""V215"", ""V342"", ""V255"", ""V191"", ""V176"", ""V160""]","{""n_estimators"": 180, ""learning_rate"": 0.10065676295252153, ""max_depth"": 9, ""subsample"": 0.5493317628996297, ""colsample_bytree"": 0.8546002094900366, ""min_child_weight"": 9, ""reg_alpha"": 0.19829463855011364, ""reg_lambda"": 2.367704565777158}"
981,2026-06-05T22:29:22.877365+00:00,xgb,ranking_lgbm,981,5105,7,997,0.7131354212760925,766,231,0.49747979640960693,"[""V380"", ""V215"", ""V342"", ""V255"", ""V191"", ""V176"", ""V160""]","{""n_estimators"": 209, ""learning_rate"": 0.054199039680186425, ""max_depth"": 6, ""subsample"": 0.8789633809315172, ""colsample_bytree"": 0.6679327664364973, ""min_child_weight"": 8, ""reg_alpha"": 0.4411336686099885, ""reg_lambda"": 1.8013628371994785}"
982,2026-06-05T22:29:53.959826+00:00,xgb,ranking_lgbm,982,5270,7,1000,0.7242149710655212,778,222,0.4989771544933319,"[""V380"", ""V215"", ""V342"", ""V255"", ""V191"", ""V176"", ""V160""]","{""n_estimators"": 222, ""learning_rate"": 0.08637656161056431, ""max_depth"": 4, ""subsample"": 0.9413675987643855, ""colsample_bytree"": 0.5803795630813038, ""min_child_weight"": 7, ""reg_alpha"": 0.06901091240603541, ""reg_lambda"": 0.7021199603025088}"
983,2026-06-05T22:30:32.718007+00:00,xgb,ranking_lgbm,983,4710,8,991,0.7858862280845642,751,240,0.4985637664794922,"[""V380"", ""V215"", ""V342"", ""V255"", ""V191"", ""V176"", ""V160"", ""V117""]","{""n_estimators"": 134, ""learning_rate"": 0.1562223979812195, ""max_depth"": 8, ""subsample"": 0.5444193371234263, ""colsample_bytree"": 0.8923578326371832, ""min_child_weight"": 9, ""reg_alpha"": 0.08849778883767934, ""reg_lambda"": 1.7434736733343326}"
984,2026-06-05T22:32:36.113598+00:00,xgb,ranking_lgbm,984,4670,7,997,0.8274760246276855,737,260,0.4960997998714447,"[""V380"", ""V215"", ""V342"", ""V255"", ""V191"", ""V176"", ""V160""]","{""n_estimators"": 374, ""learning_rate"": 0.11938814604984901, ""max_depth"": 9, ""subsample"": 0.7876468307362928, ""colsample_bytree"": 0.6624861527741017, ""min_child_weight"": 6, ""reg_alpha"": 0.8520082644878135, ""reg_lambda"": 0.5683142148790319}"
985,2026-06-05T22:33:10.153053+00:00,xgb,ranking_lgbm,985,5045,7,1000,0.7477027773857117,763,237,0.4991024434566498,"[""V380"", ""V215"", ""V342"", ""V255"", ""V191"", ""V176"", ""V160""]","{""n_estimators"": 229, ""learning_rate"": 0.12411323133334416, ""max_depth"": 4, ""subsample"": 0.7112004240755749, ""colsample_bytree"": 0.6003298343992303, ""min_child_weight"": 3, ""reg_alpha"": 0.8174316926845776, ""reg_lambda"": 0.9147986720325023}"
986,2026-06-05T22:33:48.304020+00:00,xgb,ranking_lgbm,986,5095,7,999,0.7019520401954651,766,233,0.49513593316078186,"[""V380"", ""V215"", ""V342"", ""V255"", ""V191"", ""V176"", ""V160""]","{""n_estimators"": 170, ""learning_rate"": 0.051320453226277554, ""max_depth"": 6, ""subsample"": 0.5106702167425372, ""colsample_bytree"": 0.8266635136876381, ""min_child_weight"": 6, ""reg_alpha"": 0.7376953409407507, ""reg_lambda"": 2.1774813716316626}"
987,2026-06-05T22:35:03.281344+00:00,xgb,ranking_lgbm,987,4910,7,1000,0.801745593547821,754,246,0.5011800527572632,"[""V380"", ""V215"", ""V342"", ""V255"", ""V191"", ""V176"", ""V160""]","{""n_estimators"": 342, ""learning_rate"": 0.12974621582354517, ""max_depth"": 6, ""subsample"": 0.8739546891348275, ""colsample_bytree"": 0.8055861079112651, ""min_child_weight"": 7, ""reg_alpha"": 0.24128699388401298, ""reg_lambda"": 1.7554855662371074}"
988,2026-06-05T22:35:51.774654+00:00,xgb,ranking_lgbm,988,4825,7,996,0.8119179606437683,747,249,0.5009070038795471,"[""V380"", ""V215"", ""V342"", ""V255"", ""V191"", ""V176"", ""V160""]","{""n_estimators"": 141, ""learning_rate"": 0.16545898371808157, ""max_depth"": 9, ""subsample"": 0.7295646090144767, ""colsample_bytree"": 0.9244579248120154, ""min_child_weight"": 3, ""reg_alpha"": 0.6286443618153883, ""reg_lambda"": 2.0417170976108956}"
989,2026-06-05T22:36:51.151546+00:00,xgb,ranking_lgbm,989,5135,7,1000,0.7319294214248657,769,231,0.49892714619636536,"[""V380"", ""V215"", ""V342"", ""V255"", ""V191"", ""V176"", ""V160""]","{""n_estimators"": 199, ""learning_rate"": 0.04853552541506717, ""max_depth"": 8, ""subsample"": 0.5287315874047271, ""colsample_bytree"": 0.6983855771026953, ""min_child_weight"": 4, ""reg_alpha"": 0.11929316470258922, ""reg_lambda"": 0.5420998523363083}"
990,2026-06-05T22:37:27.345764+00:00,xgb,ranking_lgbm,990,5130,7,998,0.7493906617164612,768,230,0.5002133846282959,"[""V380"", ""V215"", ""V342"", ""V255"", ""V191"", ""V176"", ""V160""]","{""n_estimators"": 320, ""learning_rate"": 0.14270226337425843, ""max_depth"": 3, ""subsample"": 0.5345977574338054, ""colsample_bytree"": 0.5950838411877251, ""min_child_weight"": 2, ""reg_alpha"": 0.8666304638133356, ""reg_lambda"": 0.7157015973858842}"
991,2026-06-05T22:37:40.574773+00:00,xgb,ranking_lgbm,991,5090,5,999,0.642730176448822,739,260,0.49608731269836426,"[""V380"", ""V215"", ""V342"", ""V255"", ""V191""]","{""n_estimators"": 116, ""learning_rate"": 0.07048358726567577, ""max_depth"": 3, ""subsample"": 0.6067740672223079, ""colsample_bytree"": 0.7270830054336113, ""min_child_weight"": 9, ""reg_alpha"": 0.6182562088866047, ""reg_lambda"": 2.2545937669130005}"
992,2026-06-05T22:38:57.331527+00:00,xgb,ranking_lgbm,992,4845,7,998,0.853580892086029,749,249,0.4967564344406128,"[""V380"", ""V215"", ""V342"", ""V255"", ""V191"", ""V176"", ""V160""]","{""n_estimators"": 260, ""learning_rate"": 0.16434622020992354, ""max_depth"": 8, ""subsample"": 0.7609904230733813, ""colsample_bytree"": 0.9147879860703214, ""min_child_weight"": 5, ""reg_alpha"": 0.17104977146577482, ""reg_lambda"": 1.0135448105772416}"
993,2026-06-05T22:40:02.140190+00:00,xgb,ranking_lgbm,993,4925,7,1000,0.7765182852745056,755,245,0.5000036358833313,"[""V380"", ""V215"", ""V342"", ""V255"", ""V191"", ""V176"", ""V160""]","{""n_estimators"": 367, ""learning_rate"": 0.11835712336199297, ""max_depth"": 5, ""subsample"": 0.8188679075419198, ""colsample_bytree"": 0.6575007357869203, ""min_child_weight"": 9, ""reg_alpha"": 0.4121450532523063, ""reg_lambda"": 1.4457868993105125}"
994,2026-06-05T22:40:21.740973+00:00,xgb,ranking_lgbm,994,5165,7,1000,0.7282121777534485,771,229,0.4979187548160553,"[""V380"", ""V215"", ""V342"", ""V255"", ""V191"", ""V176"", ""V160""]","{""n_estimators"": 103, ""learning_rate"": 0.1357334420778819, ""max_depth"": 5, ""subsample"": 0.8608180781520889, ""colsample_bytree"": 0.7897878416597646, ""min_child_weight"": 4, ""reg_alpha"": 0.9740024352764628, ""reg_lambda"": 0.9084661076755893}"
995,2026-06-05T22:41:22.149060+00:00,xgb,ranking_lgbm,995,4745,7,1000,0.7641016840934753,743,257,0.4981324076652527,"[""V380"", ""V215"", ""V342"", ""V255"", ""V191"", ""V176"", ""V160""]","{""n_estimators"": 209, ""learning_rate"": 0.13421700671653708, ""max_depth"": 8, ""subsample"": 0.5483976446338783, ""colsample_bytree"": 0.5539696727934589, ""min_child_weight"": 7, ""reg_alpha"": 0.824278752340267, ""reg_lambda"": 2.1302895562433948}"
996,2026-06-05T22:41:57.755526+00:00,xgb,ranking_lgbm,996,4775,7,1000,0.7700477242469788,745,255,0.4992635250091553,"[""V380"", ""V215"", ""V342"", ""V255"", ""V191"", ""V176"", ""V160""]","{""n_estimators"": 109, ""learning_rate"": 0.17138208030012486, ""max_depth"": 9, ""subsample"": 0.9449048469871919, ""colsample_bytree"": 0.5204435158749462, ""min_child_weight"": 5, ""reg_alpha"": 0.1697333683717951, ""reg_lambda"": 1.6798022328963107}"
997,2026-06-05T22:42:30.419342+00:00,xgb,ranking_lgbm,997,4975,7,999,0.7268819808959961,758,241,0.49823036789894104,"[""V380"", ""V215"", ""V342"", ""V255"", ""V191"", ""V176"", ""V160""]","{""n_estimators"": 129, ""learning_rate"": 0.09051546997700607, ""max_depth"": 7, ""subsample"": 0.6413477410615435, ""colsample_bytree"": 0.6825814412003202, ""min_child_weight"": 9, ""reg_alpha"": 0.5047171385360546, ""reg_lambda"": 1.5501526409416888}"
998,2026-06-05T22:43:37.249777+00:00,xgb,ranking_lgbm,998,4895,7,1000,0.7722459435462952,753,247,0.49550384283065796,"[""V380"", ""V215"", ""V342"", ""V255"", ""V191"", ""V176"", ""V160""]","{""n_estimators"": 216, ""learning_rate"": 0.09403607604096419, ""max_depth"": 8, ""subsample"": 0.5356357082507788, ""colsample_bytree"": 0.9879122007199875, ""min_child_weight"": 5, ""reg_alpha"": 0.80199383661451, ""reg_lambda"": 0.852098725352421}"
999,2026-06-05T22:44:42.213943+00:00,xgb,ranking_lgbm,999,4770,8,1000,0.8011670112609863,758,242,0.5015711784362793,"[""V380"", ""V215"", ""V342"", ""V255"", ""V191"", ""V176"", ""V160"", ""V117""]","{""n_estimators"": 266, ""learning_rate"": 0.129465391708181, ""max_depth"": 6, ""subsample"": 0.5604715653219949, ""colsample_bytree"": 0.6891628455401299, ""min_child_weight"": 1, ""reg_alpha"": 0.7746769719731526, ""reg_lambda"": 1.9342024513645055}"
1000,2026-06-05T22:45:24.193761+00:00,xgb,ranking_lgbm,1000,5105,7,1000,0.7128263711929321,767,233,0.49726152420043945,"[""V380"", ""V215"", ""V342"", ""V255"", ""V191"", ""V176"", ""V160""]","{""n_estimators"": 300, ""learning_rate"": 0.06222571273112458, ""max_depth"": 4, ""subsample"": 0.5936700006284776, ""colsample_bytree"": 0.5296456792480533, ""min_child_weight"": 9, ""reg_alpha"": 0.5543858124306527, ""reg_lambda"": 1.7562530449551217}"
