trial_id,timestamp_utc,model_type,ranking,random_seed,score,k,N,threshold,tp,fp,p_oof_mean,features,hyperparameters
1,2026-06-05T11:13:52.517892+00:00,xgb,ranking_rf,1,5125,6,997,0.7033007740974426,754,243,0.49810507893562317,"[""V176"", ""V191"", ""V255"", ""V160"", ""V224"", ""V215""]","{""n_estimators"": 272, ""learning_rate"": 0.11892669273375274, ""max_depth"": 3, ""subsample"": 0.801381688035822, ""colsample_bytree"": 0.7724415914984484, ""min_child_weight"": 4, ""reg_alpha"": 0.6458941130666561, ""reg_lambda"": 1.375174422525385}"
2,2026-06-05T11:13:57.714728+00:00,xgb,ranking_rf,2,5120,4,994,0.6851915121078491,726,268,0.4992618262767792,"[""V176"", ""V191"", ""V255"", ""V160""]","{""n_estimators"": 137, ""learning_rate"": 0.17957772164083027, ""max_depth"": 3, ""subsample"": 0.5000571874086724, ""colsample_bytree"": 0.6511662863159199, ""min_child_weight"": 1, ""reg_alpha"": 0.0923385947687978, ""reg_lambda"": 0.8725204227553418}"
3,2026-06-05T11:14:06.884604+00:00,xgb,ranking_rf,3,5110,6,1000,0.6789074540138245,754,246,0.497162401676178,"[""V176"", ""V191"", ""V255"", ""V160"", ""V224"", ""V215""]","{""n_estimators"": 268, ""learning_rate"": 0.05776231172598103, ""max_depth"": 3, ""subsample"": 0.7748312389393546, ""colsample_bytree"": 0.7176611963091384, ""min_child_weight"": 9, ""reg_alpha"": 0.3205364371116073, ""reg_lambda"": 0.8088533461786602}"
4,2026-06-05T11:14:16.001297+00:00,xgb,ranking_rf,4,5110,6,1000,0.7112545967102051,754,246,0.49597957730293274,"[""V176"", ""V191"", ""V255"", ""V160"", ""V224"", ""V215""]","{""n_estimators"": 252, ""learning_rate"": 0.13622217339271572, ""max_depth"": 3, ""subsample"": 0.560664290602608, ""colsample_bytree"": 0.7846556637173405, ""min_child_weight"": 4, ""reg_alpha"": 0.8962930889334381, ""reg_lambda"": 0.7511706209276725}"
5,2026-06-05T11:14:38.121369+00:00,xgb,ranking_rf,5,4505,8,999,0.8437235951423645,740,259,0.4987981915473938,"[""V176"", ""V191"", ""V255"", ""V160"", ""V224"", ""V215"", ""V380"", ""V342""]","{""n_estimators"": 222, ""learning_rate"": 0.16509321832720067, ""max_depth"": 8, ""subsample"": 0.9863421799824421, ""colsample_bytree"": 0.8574079968371824, ""min_child_weight"": 3, ""reg_alpha"": 0.5975562052137366, ""reg_lambda"": 0.7829283472340471}"
6,2026-06-05T11:15:10.130056+00:00,xgb,ranking_rf,6,4485,8,1000,0.853205144405365,739,261,0.4948553144931793,"[""V176"", ""V191"", ""V255"", ""V160"", ""V224"", ""V215"", ""V380"", ""V342""]","{""n_estimators"": 306, ""learning_rate"": 0.16060984592660646, ""max_depth"": 9, ""subsample"": 0.6818684485502947, ""colsample_bytree"": 0.989722499580723, ""min_child_weight"": 5, ""reg_alpha"": 0.6117438629026457, ""reg_lambda"": 2.031815712960631}"
7,2026-06-05T11:15:27.381778+00:00,xgb,ranking_rf,7,4910,7,1000,0.7435940504074097,754,246,0.49822744727134705,"[""V176"", ""V191"", ""V255"", ""V160"", ""V224"", ""V215"", ""V380""]","{""n_estimators"": 301, ""learning_rate"": 0.07979697079517659, ""max_depth"": 5, ""subsample"": 0.5321273022953295, ""colsample_bytree"": 0.6850547012226904, ""min_child_weight"": 2, ""reg_alpha"": 0.5298173621928216, ""reg_lambda"": 1.3376148571133086}"
8,2026-06-05T11:15:54.542814+00:00,xgb,ranking_rf,8,4835,7,1000,0.7603026032447815,749,251,0.4976987838745117,"[""V176"", ""V191"", ""V255"", ""V160"", ""V224"", ""V215"", ""V380""]","{""n_estimators"": 275, ""learning_rate"": 0.06410086197396977, ""max_depth"": 9, ""subsample"": 0.7192046157204468, ""colsample_bytree"": 0.8617325889154706, ""min_child_weight"": 8, ""reg_alpha"": 0.5011204636599379, ""reg_lambda"": 0.6441022667195231}"
9,2026-06-05T11:16:09.766304+00:00,xgb,ranking_rf,9,4975,6,1000,0.7310321927070618,745,255,0.4977358281612396,"[""V176"", ""V191"", ""V255"", ""V160"", ""V224"", ""V215""]","{""n_estimators"": 233, ""learning_rate"": 0.08662754609903955, ""max_depth"": 6, ""subsample"": 0.6163641639886454, ""colsample_bytree"": 0.5056994021387149, ""min_child_weight"": 6, ""reg_alpha"": 0.7660629257734966, ""reg_lambda"": 1.3038502264421383}"
10,2026-06-05T11:16:17.741579+00:00,xgb,ranking_rf,10,5120,4,997,0.6764955520629883,727,270,0.49809589982032776,"[""V176"", ""V191"", ""V255"", ""V160""]","{""n_estimators"": 226, ""learning_rate"": 0.1048695546713918, ""max_depth"": 3, ""subsample"": 0.5669147644796383, ""colsample_bytree"": 0.5710555427272692, ""min_child_weight"": 7, ""reg_alpha"": 0.8772212074585868, ""reg_lambda"": 0.7750536389365965}"
11,2026-06-05T11:16:30.314863+00:00,xgb,ranking_rf,11,5180,5,999,0.6864537596702576,745,254,0.49689552187919617,"[""V176"", ""V191"", ""V255"", ""V160"", ""V224""]","{""n_estimators"": 365, ""learning_rate"": 0.07481417278284423, ""max_depth"": 3, ""subsample"": 0.7215074738443041, ""colsample_bytree"": 0.9159556794856005, ""min_child_weight"": 1, ""reg_alpha"": 0.02517172841774562, ""reg_lambda"": 1.918416019686024}"
12,2026-06-05T11:16:43.357012+00:00,xgb,ranking_rf,12,5175,4,998,0.6740304231643677,731,267,0.49700820446014404,"[""V176"", ""V191"", ""V255"", ""V160""]","{""n_estimators"": 291, ""learning_rate"": 0.032921286223143685, ""max_depth"": 4, ""subsample"": 0.5970578108911735, ""colsample_bytree"": 0.9631414801634982, ""min_child_weight"": 8, ""reg_alpha"": 0.4854270981677824, ""reg_lambda"": 0.5255616291812173}"
13,2026-06-05T11:16:55.599031+00:00,xgb,ranking_rf,13,4830,8,1000,0.7591896057128906,762,238,0.49964022636413574,"[""V176"", ""V191"", ""V255"", ""V160"", ""V224"", ""V215"", ""V380"", ""V342""]","{""n_estimators"": 255, ""learning_rate"": 0.14100745447731072, ""max_depth"": 4, ""subsample"": 0.5432171394442744, ""colsample_bytree"": 0.8618009016460737, ""min_child_weight"": 1, ""reg_alpha"": 0.918747008099885, ""reg_lambda"": 2.3014297082340245}"
14,2026-06-05T11:17:24.549134+00:00,xgb,ranking_rf,14,4845,8,997,0.7675298452377319,762,235,0.4995056092739105,"[""V176"", ""V191"", ""V255"", ""V160"", ""V224"", ""V215"", ""V380"", ""V342""]","{""n_estimators"": 276, ""learning_rate"": 0.06563118300523685, ""max_depth"": 9, ""subsample"": 0.9464913456356123, ""colsample_bytree"": 0.5895767397157889, ""min_child_weight"": 4, ""reg_alpha"": 0.7516615138131563, ""reg_lambda"": 1.7146866884161012}"
15,2026-06-05T11:17:49.567113+00:00,xgb,ranking_rf,15,4805,8,999,0.8502629399299622,760,239,0.4970580041408539,"[""V176"", ""V191"", ""V255"", ""V160"", ""V224"", ""V215"", ""V380"", ""V342""]","{""n_estimators"": 207, ""learning_rate"": 0.16828401577453878, ""max_depth"": 9, ""subsample"": 0.9352138428624064, ""colsample_bytree"": 0.504023474264909, ""min_child_weight"": 1, ""reg_alpha"": 0.22199405367014335, ""reg_lambda"": 1.1388510960084859}"
16,2026-06-05T11:18:01.042309+00:00,xgb,ranking_rf,16,5185,4,999,0.6677713394165039,732,267,0.49749061465263367,"[""V176"", ""V191"", ""V255"", ""V160""]","{""n_estimators"": 345, ""learning_rate"": 0.05683438873814977, ""max_depth"": 3, ""subsample"": 0.6807692230441115, ""colsample_bytree"": 0.637700464303206, ""min_child_weight"": 6, ""reg_alpha"": 0.02495303232907431, ""reg_lambda"": 2.144596193797504}"
17,2026-06-05T11:18:24.631315+00:00,xgb,ranking_rf,17,4875,8,1000,0.7714962363243103,765,235,0.4994077980518341,"[""V176"", ""V191"", ""V255"", ""V160"", ""V224"", ""V215"", ""V380"", ""V342""]","{""n_estimators"": 269, ""learning_rate"": 0.0789984238779135, ""max_depth"": 8, ""subsample"": 0.7753507282905905, ""colsample_bytree"": 0.5228009750664031, ""min_child_weight"": 5, ""reg_alpha"": 0.22308094169128878, ""reg_lambda"": 1.877452323642713}"
18,2026-06-05T11:18:44.425836+00:00,xgb,ranking_rf,18,4910,7,1000,0.7144922614097595,754,246,0.496640145778656,"[""V176"", ""V191"", ""V255"", ""V160"", ""V224"", ""V215"", ""V380""]","{""n_estimators"": 211, ""learning_rate"": 0.057266665768534036, ""max_depth"": 9, ""subsample"": 0.5957603934737474, ""colsample_bytree"": 0.5339501790956457, ""min_child_weight"": 7, ""reg_alpha"": 0.41022325051079334, ""reg_lambda"": 0.7059877162802353}"
19,2026-06-05T11:19:21.300587+00:00,xgb,ranking_rf,19,4925,6,992,0.7407039403915405,739,253,0.5014074444770813,"[""V176"", ""V191"", ""V255"", ""V160"", ""V224"", ""V215""]","{""n_estimators"": 398, ""learning_rate"": 0.04140161511166397, ""max_depth"": 8, ""subsample"": 0.939300735460776, ""colsample_bytree"": 0.5909201126857673, ""min_child_weight"": 3, ""reg_alpha"": 0.2039724048237226, ""reg_lambda"": 0.523013467581595}"
20,2026-06-05T11:19:32.101321+00:00,xgb,ranking_rf,20,5080,4,999,0.6918366551399231,725,274,0.4997093677520752,"[""V176"", ""V191"", ""V255"", ""V160""]","{""n_estimators"": 193, ""learning_rate"": 0.09457023444911432, ""max_depth"": 5, ""subsample"": 0.6234689865831635, ""colsample_bytree"": 0.5690658437381597, ""min_child_weight"": 3, ""reg_alpha"": 0.08299956500689287, ""reg_lambda"": 1.8439541625609333}"
21,2026-06-05T11:19:51.679614+00:00,xgb,ranking_rf,21,4705,6,1000,0.7703343033790588,727,273,0.4990466833114624,"[""V176"", ""V191"", ""V255"", ""V160"", ""V224"", ""V215""]","{""n_estimators"": 371, ""learning_rate"": 0.17316184098817117, ""max_depth"": 5, ""subsample"": 0.907918738653842, ""colsample_bytree"": 0.5179447928084266, ""min_child_weight"": 8, ""reg_alpha"": 0.95045165254683, ""reg_lambda"": 1.8457313108222326}"
22,2026-06-05T11:20:02.646704+00:00,xgb,ranking_rf,22,5065,6,1000,0.7008304595947266,751,249,0.4991663694381714,"[""V176"", ""V191"", ""V255"", ""V160"", ""V224"", ""V215""]","{""n_estimators"": 307, ""learning_rate"": 0.07336644896847253, ""max_depth"": 3, ""subsample"": 0.5180738382846721, ""colsample_bytree"": 0.9757994905334814, ""min_child_weight"": 3, ""reg_alpha"": 0.0507732566953768, ""reg_lambda"": 1.1045437879292337}"
23,2026-06-05T11:20:20.549141+00:00,xgb,ranking_rf,23,4835,7,1000,0.7663193345069885,749,251,0.4967873990535736,"[""V176"", ""V191"", ""V255"", ""V160"", ""V224"", ""V215"", ""V380""]","{""n_estimators"": 232, ""learning_rate"": 0.10225215926450489, ""max_depth"": 7, ""subsample"": 0.8187395776032731, ""colsample_bytree"": 0.8900170891402719, ""min_child_weight"": 9, ""reg_alpha"": 0.3388639606037004, ""reg_lambda"": 1.0410656665956624}"
24,2026-06-05T11:20:28.506613+00:00,xgb,ranking_rf,24,5125,6,994,0.7046678066253662,753,241,0.49679672718048096,"[""V176"", ""V191"", ""V255"", ""V160"", ""V224"", ""V215""]","{""n_estimators"": 183, ""learning_rate"": 0.13036456877026253, ""max_depth"": 4, ""subsample"": 0.8827298796984535, ""colsample_bytree"": 0.6411979219835564, ""min_child_weight"": 8, ""reg_alpha"": 0.18399514382436277, ""reg_lambda"": 0.6996402351922164}"
25,2026-06-05T11:20:41.208385+00:00,xgb,ranking_rf,25,5190,4,998,0.6651066541671753,732,266,0.4976290166378021,"[""V176"", ""V191"", ""V255"", ""V160""]","{""n_estimators"": 292, ""learning_rate"": 0.03792819298788975, ""max_depth"": 4, ""subsample"": 0.6100336498914258, ""colsample_bytree"": 0.680528176982029, ""min_child_weight"": 5, ""reg_alpha"": 0.7871809005473235, ""reg_lambda"": 1.4481023895196166}"
26,2026-06-05T11:21:02.826338+00:00,xgb,ranking_rf,26,4520,7,991,0.8081015944480896,725,266,0.500001072883606,"[""V176"", ""V191"", ""V255"", ""V160"", ""V224"", ""V215"", ""V380""]","{""n_estimators"": 232, ""learning_rate"": 0.13440989611552312, ""max_depth"": 8, ""subsample"": 0.5494121133756311, ""colsample_bytree"": 0.5904122755344962, ""min_child_weight"": 3, ""reg_alpha"": 0.11737554713471554, ""reg_lambda"": 1.86993748874827}"
27,2026-06-05T11:21:40.843228+00:00,xgb,ranking_rf,27,4795,6,1000,0.7889785170555115,733,267,0.49796488881111145,"[""V176"", ""V191"", ""V255"", ""V160"", ""V224"", ""V215""]","{""n_estimators"": 362, ""learning_rate"": 0.0742374740931738, ""max_depth"": 9, ""subsample"": 0.8946103680854298, ""colsample_bytree"": 0.9352810312379117, ""min_child_weight"": 5, ""reg_alpha"": 0.22611233047772372, ""reg_lambda"": 2.0015694572954197}"
28,2026-06-05T11:21:45.367042+00:00,xgb,ranking_rf,28,5215,6,1000,0.6724860072135925,761,239,0.49594995379447937,"[""V176"", ""V191"", ""V255"", ""V160"", ""V224"", ""V215""]","{""n_estimators"": 119, ""learning_rate"": 0.10212022596737415, ""max_depth"": 3, ""subsample"": 0.7339788372367739, ""colsample_bytree"": 0.6922940030074893, ""min_child_weight"": 2, ""reg_alpha"": 0.8409693307667548, ""reg_lambda"": 2.2570994676607126}"
29,2026-06-05T11:22:33.657013+00:00,xgb,ranking_rf,29,4805,7,1000,0.7882655262947083,747,253,0.49670106172561646,"[""V176"", ""V191"", ""V255"", ""V160"", ""V224"", ""V215"", ""V380""]","{""n_estimators"": 357, ""learning_rate"": 0.05562346409399763, ""max_depth"": 9, ""subsample"": 0.5624835460046205, ""colsample_bytree"": 0.6987961843500585, ""min_child_weight"": 1, ""reg_alpha"": 0.5109929816531131, ""reg_lambda"": 0.86538671683165}"
30,2026-06-05T11:22:44.621568+00:00,xgb,ranking_rf,30,5170,4,999,0.6781792640686035,731,268,0.497480571269989,"[""V176"", ""V191"", ""V255"", ""V160""]","{""n_estimators"": 336, ""learning_rate"": 0.08197486177823288, ""max_depth"": 3, ""subsample"": 0.8816186021651424, ""colsample_bytree"": 0.7263595287997057, ""min_child_weight"": 6, ""reg_alpha"": 0.33095996623214907, ""reg_lambda"": 2.2092189021245403}"
31,2026-06-05T11:23:18.254425+00:00,xgb,ranking_rf,31,4430,8,999,0.8478257656097412,735,264,0.4955943822860718,"[""V176"", ""V191"", ""V255"", ""V160"", ""V224"", ""V215"", ""V380"", ""V342""]","{""n_estimators"": 393, ""learning_rate"": 0.16754669731193983, ""max_depth"": 8, ""subsample"": 0.8315239526678343, ""colsample_bytree"": 0.5818253630513767, ""min_child_weight"": 6, ""reg_alpha"": 0.7064143966634708, ""reg_lambda"": 1.7001416383944599}"
32,2026-06-05T11:23:50.105028+00:00,xgb,ranking_rf,32,5005,6,1000,0.7231096625328064,747,253,0.4976017475128174,"[""V176"", ""V191"", ""V255"", ""V160"", ""V224"", ""V215""]","{""n_estimators"": 310, ""learning_rate"": 0.034348740307359654, ""max_depth"": 9, ""subsample"": 0.885156466109439, ""colsample_bytree"": 0.9934350015462314, ""min_child_weight"": 7, ""reg_alpha"": 0.22028364917914411, ""reg_lambda"": 2.3361432115530745}"
33,2026-06-05T11:24:21.967338+00:00,xgb,ranking_rf,33,4960,6,1000,0.7274057865142822,744,256,0.49705809354782104,"[""V176"", ""V191"", ""V255"", ""V160"", ""V224"", ""V215""]","{""n_estimators"": 315, ""learning_rate"": 0.03894847665657604, ""max_depth"": 9, ""subsample"": 0.7775643889992984, ""colsample_bytree"": 0.9778282744958838, ""min_child_weight"": 8, ""reg_alpha"": 0.8162051391124808, ""reg_lambda"": 0.7021731206172495}"
34,2026-06-05T11:24:28.774556+00:00,xgb,ranking_rf,34,5075,6,998,0.7031133770942688,751,247,0.4959965944290161,"[""V176"", ""V191"", ""V255"", ""V160"", ""V224"", ""V215""]","{""n_estimators"": 120, ""learning_rate"": 0.13345238646489616, ""max_depth"": 5, ""subsample"": 0.7054704014982704, ""colsample_bytree"": 0.63014984544345, ""min_child_weight"": 7, ""reg_alpha"": 0.7509236424046749, ""reg_lambda"": 1.7259127500602813}"
35,2026-06-05T11:24:53.108552+00:00,xgb,ranking_rf,35,4530,8,1000,0.8454982042312622,742,258,0.49589771032333374,"[""V176"", ""V191"", ""V255"", ""V160"", ""V224"", ""V215"", ""V380"", ""V342""]","{""n_estimators"": 222, ""learning_rate"": 0.14701506907870124, ""max_depth"": 9, ""subsample"": 0.7090076306197519, ""colsample_bytree"": 0.723881427250396, ""min_child_weight"": 3, ""reg_alpha"": 0.2530864507581302, ""reg_lambda"": 0.8799306125873398}"
36,2026-06-05T11:25:05.909730+00:00,xgb,ranking_rf,36,5120,4,1000,0.6955543160438538,728,272,0.497982919216156,"[""V176"", ""V191"", ""V255"", ""V160""]","{""n_estimators"": 301, ""learning_rate"": 0.09746926044115752, ""max_depth"": 4, ""subsample"": 0.623053428819122, ""colsample_bytree"": 0.5140628174589381, ""min_child_weight"": 9, ""reg_alpha"": 0.11134663609249817, ""reg_lambda"": 1.752874457908505}"
37,2026-06-05T11:25:13.775222+00:00,xgb,ranking_rf,37,5315,4,1000,0.6494694352149963,741,259,0.4971029758453369,"[""V176"", ""V191"", ""V255"", ""V160""]","{""n_estimators"": 233, ""learning_rate"": 0.043145850153581286, ""max_depth"": 3, ""subsample"": 0.9760903337030069, ""colsample_bytree"": 0.5715867238605152, ""min_child_weight"": 6, ""reg_alpha"": 0.36321459652102894, ""reg_lambda"": 0.8731136245786317}"
38,2026-06-05T11:25:49.849596+00:00,xgb,ranking_rf,38,4740,8,1000,0.788685142993927,756,244,0.49713048338890076,"[""V176"", ""V191"", ""V255"", ""V160"", ""V224"", ""V215"", ""V380"", ""V342""]","{""n_estimators"": 351, ""learning_rate"": 0.05891925434357364, ""max_depth"": 9, ""subsample"": 0.6548361317071475, ""colsample_bytree"": 0.9290893624880314, ""min_child_weight"": 6, ""reg_alpha"": 0.10343755501999807, ""reg_lambda"": 1.990951532568867}"
39,2026-06-05T11:26:04.832997+00:00,xgb,ranking_rf,39,4575,6,999,0.7855899333953857,718,281,0.5000393390655518,"[""V176"", ""V191"", ""V255"", ""V160"", ""V224"", ""V215""]","{""n_estimators"": 153, ""learning_rate"": 0.16697481633447067, ""max_depth"": 7, ""subsample"": 0.8514124468053648, ""colsample_bytree"": 0.8168170485857034, ""min_child_weight"": 1, ""reg_alpha"": 0.20012684285990445, ""reg_lambda"": 1.2747757753334024}"
40,2026-06-05T11:26:22.383550+00:00,xgb,ranking_rf,40,4545,6,999,0.7822662591934204,716,283,0.49784091114997864,"[""V176"", ""V191"", ""V255"", ""V160"", ""V224"", ""V215""]","{""n_estimators"": 205, ""learning_rate"": 0.14968485319239078, ""max_depth"": 7, ""subsample"": 0.6834448058979581, ""colsample_bytree"": 0.9143260851576999, ""min_child_weight"": 5, ""reg_alpha"": 0.5255145833645837, ""reg_lambda"": 1.4278168116201368}"
41,2026-06-05T11:26:32.907380+00:00,xgb,ranking_rf,41,5195,4,1000,0.6575779914855957,733,267,0.4970686435699463,"[""V176"", ""V191"", ""V255"", ""V160""]","{""n_estimators"": 319, ""learning_rate"": 0.03830490601677901, ""max_depth"": 3, ""subsample"": 0.8525151509318694, ""colsample_bytree"": 0.5725230814902134, ""min_child_weight"": 8, ""reg_alpha"": 0.3039123053407655, ""reg_lambda"": 1.5527990485942909}"
42,2026-06-05T11:26:41.068848+00:00,xgb,ranking_rf,42,5250,6,999,0.6725120544433594,763,236,0.49582788348197937,"[""V176"", ""V191"", ""V255"", ""V160"", ""V224"", ""V215""]","{""n_estimators"": 180, ""learning_rate"": 0.053303901452723304, ""max_depth"": 4, ""subsample"": 0.5582118515832657, ""colsample_bytree"": 0.8019328444744065, ""min_child_weight"": 9, ""reg_alpha"": 0.6685157172603458, ""reg_lambda"": 2.3348956977417936}"
43,2026-06-05T11:27:01.231373+00:00,xgb,ranking_rf,43,4540,6,1000,0.7878007292747498,716,284,0.4988507926464081,"[""V176"", ""V191"", ""V255"", ""V160"", ""V224"", ""V215""]","{""n_estimators"": 202, ""learning_rate"": 0.1494814480290349, ""max_depth"": 9, ""subsample"": 0.8659969709057025, ""colsample_bytree"": 0.7993292420985183, ""min_child_weight"": 7, ""reg_alpha"": 0.44583275285359114, ""reg_lambda"": 0.6999498316360058}"
44,2026-06-05T11:27:21.028785+00:00,xgb,ranking_rf,44,5125,6,997,0.7045629024505615,754,243,0.4977884888648987,"[""V176"", ""V191"", ""V255"", ""V160"", ""V224"", ""V215""]","{""n_estimators"": 355, ""learning_rate"": 0.045437213853066, ""max_depth"": 5, ""subsample"": 0.6202948099826744, ""colsample_bytree"": 0.6635695279055699, ""min_child_weight"": 3, ""reg_alpha"": 0.6660902130980257, ""reg_lambda"": 1.5823244245668076}"
45,2026-06-05T11:27:55.377429+00:00,xgb,ranking_rf,45,4720,6,1000,0.8012198209762573,728,272,0.4970068335533142,"[""V176"", ""V191"", ""V255"", ""V160"", ""V224"", ""V215""]","{""n_estimators"": 376, ""learning_rate"": 0.09488125596731464, ""max_depth"": 8, ""subsample"": 0.8723202408397589, ""colsample_bytree"": 0.6802504181281428, ""min_child_weight"": 4, ""reg_alpha"": 0.29637592739789465, ""reg_lambda"": 1.0139351396825842}"
46,2026-06-05T11:28:14.376437+00:00,xgb,ranking_rf,46,4785,6,999,0.7705232501029968,732,267,0.4971406161785126,"[""V176"", ""V191"", ""V255"", ""V160"", ""V224"", ""V215""]","{""n_estimators"": 231, ""learning_rate"": 0.13072195002598386, ""max_depth"": 8, ""subsample"": 0.978626215623578, ""colsample_bytree"": 0.9573202821344433, ""min_child_weight"": 9, ""reg_alpha"": 0.04852200090644587, ""reg_lambda"": 0.8266488964165335}"
47,2026-06-05T11:28:42.536044+00:00,xgb,ranking_rf,47,4740,7,983,0.7883884906768799,737,246,0.4980260729789734,"[""V176"", ""V191"", ""V255"", ""V160"", ""V224"", ""V215"", ""V380""]","{""n_estimators"": 289, ""learning_rate"": 0.06870702382344793, ""max_depth"": 7, ""subsample"": 0.6245215457578744, ""colsample_bytree"": 0.8790379323249089, ""min_child_weight"": 1, ""reg_alpha"": 0.04286544835226391, ""reg_lambda"": 1.381734406859609}"
48,2026-06-05T11:28:50.743333+00:00,xgb,ranking_rf,48,5080,6,1000,0.711704671382904,752,248,0.49682343006134033,"[""V176"", ""V191"", ""V255"", ""V160"", ""V224"", ""V215""]","{""n_estimators"": 235, ""learning_rate"": 0.15776362557837711, ""max_depth"": 3, ""subsample"": 0.8643673167505531, ""colsample_bytree"": 0.6757339029463507, ""min_child_weight"": 1, ""reg_alpha"": 0.7996046016600539, ""reg_lambda"": 1.791123709016585}"
49,2026-06-05T11:28:58.779546+00:00,xgb,ranking_rf,49,5065,6,1000,0.6908812522888184,751,249,0.49596884846687317,"[""V176"", ""V191"", ""V255"", ""V160"", ""V224"", ""V215""]","{""n_estimators"": 100, ""learning_rate"": 0.09397256466549626, ""max_depth"": 7, ""subsample"": 0.6424305837369592, ""colsample_bytree"": 0.649488188729479, ""min_child_weight"": 7, ""reg_alpha"": 0.9633315304254785, ""reg_lambda"": 1.2926608154879566}"
50,2026-06-05T11:29:27.175511+00:00,xgb,ranking_rf,50,4770,8,1000,0.7694627046585083,758,242,0.49782031774520874,"[""V176"", ""V191"", ""V255"", ""V160"", ""V224"", ""V215"", ""V380"", ""V342""]","{""n_estimators"": 273, ""learning_rate"": 0.06705927479427215, ""max_depth"": 9, ""subsample"": 0.5971078570619353, ""colsample_bytree"": 0.8813148613396167, ""min_child_weight"": 6, ""reg_alpha"": 0.5668846594996723, ""reg_lambda"": 1.5939317604860634}"
51,2026-06-05T11:29:51.812949+00:00,xgb,ranking_rf,51,4970,7,1000,0.7287282347679138,758,242,0.49659696221351624,"[""V176"", ""V191"", ""V255"", ""V160"", ""V224"", ""V215"", ""V380""]","{""n_estimators"": 276, ""learning_rate"": 0.049376187653932466, ""max_depth"": 8, ""subsample"": 0.6277369618786057, ""colsample_bytree"": 0.6981649548613884, ""min_child_weight"": 6, ""reg_alpha"": 0.15220072117875683, ""reg_lambda"": 2.4094122560053646}"
52,2026-06-05T11:29:58.969553+00:00,xgb,ranking_rf,52,5215,4,999,0.6507317423820496,734,265,0.49650394916534424,"[""V176"", ""V191"", ""V255"", ""V160""]","{""n_estimators"": 157, ""learning_rate"": 0.03670682733044191, ""max_depth"": 4, ""subsample"": 0.9713613638431569, ""colsample_bytree"": 0.7738909582950659, ""min_child_weight"": 5, ""reg_alpha"": 0.9493378066500051, ""reg_lambda"": 0.8153403375475279}"
53,2026-06-05T11:30:25.738741+00:00,xgb,ranking_rf,53,4945,6,1000,0.7032114267349243,743,257,0.4986713230609894,"[""V176"", ""V191"", ""V255"", ""V160"", ""V224"", ""V215""]","{""n_estimators"": 256, ""learning_rate"": 0.0339176972354801, ""max_depth"": 9, ""subsample"": 0.8092108846748052, ""colsample_bytree"": 0.5491422326684496, ""min_child_weight"": 4, ""reg_alpha"": 0.03246557697973673, ""reg_lambda"": 0.6432179141212648}"
54,2026-06-05T11:30:40.602225+00:00,xgb,ranking_rf,54,4780,4,999,0.7355818152427673,705,294,0.5004536509513855,"[""V176"", ""V191"", ""V255"", ""V160""]","{""n_estimators"": 125, ""learning_rate"": 0.1318132484270247, ""max_depth"": 8, ""subsample"": 0.7274377012028764, ""colsample_bytree"": 0.6760874568459809, ""min_child_weight"": 1, ""reg_alpha"": 0.45291324576330383, ""reg_lambda"": 1.4773259798369138}"
55,2026-06-05T11:30:49.700450+00:00,xgb,ranking_rf,55,5215,6,994,0.6810400485992432,759,235,0.4969845116138458,"[""V176"", ""V191"", ""V255"", ""V160"", ""V224"", ""V215""]","{""n_estimators"": 211, ""learning_rate"": 0.059089998859807286, ""max_depth"": 4, ""subsample"": 0.7591413640837381, ""colsample_bytree"": 0.5043027260043846, ""min_child_weight"": 7, ""reg_alpha"": 0.8013812560164609, ""reg_lambda"": 2.014623977217309}"
56,2026-06-05T11:31:13.101289+00:00,xgb,ranking_rf,56,4380,5,1000,0.7981518507003784,692,308,0.49809446930885315,"[""V176"", ""V191"", ""V255"", ""V160"", ""V224""]","{""n_estimators"": 254, ""learning_rate"": 0.17574838799846812, ""max_depth"": 8, ""subsample"": 0.6239774832223456, ""colsample_bytree"": 0.9917461854633831, ""min_child_weight"": 6, ""reg_alpha"": 0.2855442354647988, ""reg_lambda"": 2.225260754103279}"
57,2026-06-05T11:31:28.344366+00:00,xgb,ranking_rf,57,4800,8,1000,0.7712913751602173,760,240,0.4981929659843445,"[""V176"", ""V191"", ""V255"", ""V160"", ""V224"", ""V215"", ""V380"", ""V342""]","{""n_estimators"": 292, ""learning_rate"": 0.13105524370037064, ""max_depth"": 5, ""subsample"": 0.7997527880759778, ""colsample_bytree"": 0.5908752672872168, ""min_child_weight"": 7, ""reg_alpha"": 0.24784955351126103, ""reg_lambda"": 1.4172226502924277}"
58,2026-06-05T11:31:39.272050+00:00,xgb,ranking_rf,58,5150,4,1000,0.6745951175689697,730,270,0.4968530237674713,"[""V176"", ""V191"", ""V255"", ""V160""]","{""n_estimators"": 314, ""learning_rate"": 0.0645715649327592, ""max_depth"": 3, ""subsample"": 0.6553913492800435, ""colsample_bytree"": 0.7829779453807528, ""min_child_weight"": 8, ""reg_alpha"": 0.9371334299974101, ""reg_lambda"": 1.473518117042707}"
59,2026-06-05T11:31:56.196967+00:00,xgb,ranking_rf,59,4870,6,1000,0.7627933025360107,738,262,0.5009084939956665,"[""V176"", ""V191"", ""V255"", ""V160"", ""V224"", ""V215""]","{""n_estimators"": 391, ""learning_rate"": 0.15501320405066674, ""max_depth"": 4, ""subsample"": 0.7480301743838947, ""colsample_bytree"": 0.5378110332975685, ""min_child_weight"": 2, ""reg_alpha"": 0.2896340057739586, ""reg_lambda"": 1.1176089175768495}"
60,2026-06-05T11:32:15.074834+00:00,xgb,ranking_rf,60,4730,7,1000,0.7815585136413574,742,258,0.5001430511474609,"[""V176"", ""V191"", ""V255"", ""V160"", ""V224"", ""V215"", ""V380""]","{""n_estimators"": 277, ""learning_rate"": 0.15069251815736728, ""max_depth"": 6, ""subsample"": 0.9895808923399334, ""colsample_bytree"": 0.6989276467769358, ""min_child_weight"": 4, ""reg_alpha"": 0.9411898423454207, ""reg_lambda"": 0.8996632034179628}"
61,2026-06-05T11:32:33.443296+00:00,xgb,ranking_rf,61,4715,7,1000,0.7926023006439209,741,259,0.4998345673084259,"[""V176"", ""V191"", ""V255"", ""V160"", ""V224"", ""V215"", ""V380""]","{""n_estimators"": 305, ""learning_rate"": 0.1461976957920333, ""max_depth"": 5, ""subsample"": 0.6615913384841097, ""colsample_bytree"": 0.8328747851441545, ""min_child_weight"": 2, ""reg_alpha"": 0.74842802731882, ""reg_lambda"": 1.5607951638015345}"
62,2026-06-05T11:32:40.407842+00:00,xgb,ranking_rf,62,5100,5,997,0.6828085780143738,739,258,0.49722930788993835,"[""V176"", ""V191"", ""V255"", ""V160"", ""V224""]","{""n_estimators"": 199, ""learning_rate"": 0.15936471124889298, ""max_depth"": 3, ""subsample"": 0.9386633841035263, ""colsample_bytree"": 0.7497756536733196, ""min_child_weight"": 2, ""reg_alpha"": 0.0035455468097308485, ""reg_lambda"": 2.34728869327677}"
63,2026-06-05T11:32:46.033281+00:00,xgb,ranking_rf,63,5170,4,999,0.6694528460502625,731,268,0.49783408641815186,"[""V176"", ""V191"", ""V255"", ""V160""]","{""n_estimators"": 118, ""learning_rate"": 0.11134514148061071, ""max_depth"": 4, ""subsample"": 0.9230425486404414, ""colsample_bytree"": 0.7057009999048872, ""min_child_weight"": 2, ""reg_alpha"": 0.8864141351799908, ""reg_lambda"": 1.065650903326277}"
64,2026-06-05T11:32:54.944196+00:00,xgb,ranking_rf,64,4980,6,999,0.7147718071937561,745,254,0.4975016117095947,"[""V176"", ""V191"", ""V255"", ""V160"", ""V224"", ""V215""]","{""n_estimators"": 144, ""learning_rate"": 0.10290383956907082, ""max_depth"": 5, ""subsample"": 0.5358353015991768, ""colsample_bytree"": 0.9109119480588979, ""min_child_weight"": 3, ""reg_alpha"": 0.7855495680577067, ""reg_lambda"": 1.988675647126036}"
65,2026-06-05T11:33:04.673141+00:00,xgb,ranking_rf,65,5060,7,1000,0.729378342628479,764,236,0.49694427847862244,"[""V176"", ""V191"", ""V255"", ""V160"", ""V224"", ""V215"", ""V380""]","{""n_estimators"": 219, ""learning_rate"": 0.11277179628118034, ""max_depth"": 4, ""subsample"": 0.7249294494277263, ""colsample_bytree"": 0.7285099126973593, ""min_child_weight"": 9, ""reg_alpha"": 0.3133373611975704, ""reg_lambda"": 1.089718922003161}"
66,2026-06-05T11:33:23.907807+00:00,xgb,ranking_rf,66,5055,5,997,0.679779589176178,736,261,0.49684959650039673,"[""V176"", ""V191"", ""V255"", ""V160"", ""V224""]","{""n_estimators"": 217, ""learning_rate"": 0.034710407925387085, ""max_depth"": 8, ""subsample"": 0.6879524371498996, ""colsample_bytree"": 0.7099811967588081, ""min_child_weight"": 7, ""reg_alpha"": 0.16295022250708835, ""reg_lambda"": 1.8986275064555331}"
67,2026-06-05T11:33:32.450871+00:00,xgb,ranking_rf,67,5080,6,1000,0.6861142516136169,752,248,0.4947356581687927,"[""V176"", ""V191"", ""V255"", ""V160"", ""V224"", ""V215""]","{""n_estimators"": 120, ""learning_rate"": 0.059310349896959456, ""max_depth"": 6, ""subsample"": 0.6813427330884438, ""colsample_bytree"": 0.8395544377228157, ""min_child_weight"": 6, ""reg_alpha"": 0.904821464800912, ""reg_lambda"": 2.3432659917833862}"
68,2026-06-05T11:33:45.853159+00:00,xgb,ranking_rf,68,4810,6,1000,0.7462890148162842,734,266,0.49998629093170166,"[""V176"", ""V191"", ""V255"", ""V160"", ""V224"", ""V215""]","{""n_estimators"": 302, ""learning_rate"": 0.17270294161799465, ""max_depth"": 4, ""subsample"": 0.665795910506717, ""colsample_bytree"": 0.529998964780309, ""min_child_weight"": 4, ""reg_alpha"": 0.7561352918483811, ""reg_lambda"": 2.337622370165859}"
69,2026-06-05T11:34:08.611187+00:00,xgb,ranking_rf,69,5000,6,998,0.7176221013069153,746,252,0.4974251091480255,"[""V176"", ""V191"", ""V255"", ""V160"", ""V224"", ""V215""]","{""n_estimators"": 302, ""learning_rate"": 0.05209432919976728, ""max_depth"": 7, ""subsample"": 0.8053883912485752, ""colsample_bytree"": 0.6481939791478635, ""min_child_weight"": 7, ""reg_alpha"": 0.32266640733806584, ""reg_lambda"": 1.1182425722494775}"
70,2026-06-05T11:34:19.209145+00:00,xgb,ranking_rf,70,4995,7,995,0.7328729629516602,758,237,0.4981044828891754,"[""V176"", ""V191"", ""V255"", ""V160"", ""V224"", ""V215"", ""V380""]","{""n_estimators"": 154, ""learning_rate"": 0.09023680732667563, ""max_depth"": 6, ""subsample"": 0.6751262626117057, ""colsample_bytree"": 0.8947046282154463, ""min_child_weight"": 7, ""reg_alpha"": 0.14305329511753428, ""reg_lambda"": 1.0626445875313442}"
71,2026-06-05T11:34:43.006235+00:00,xgb,ranking_rf,71,4520,7,1000,0.8117085099220276,728,272,0.496394544839859,"[""V176"", ""V191"", ""V255"", ""V160"", ""V224"", ""V215"", ""V380""]","{""n_estimators"": 314, ""learning_rate"": 0.16086394416138233, ""max_depth"": 7, ""subsample"": 0.562761909906455, ""colsample_bytree"": 0.5852866668881198, ""min_child_weight"": 6, ""reg_alpha"": 0.14800810092978367, ""reg_lambda"": 2.2190682044864136}"
72,2026-06-05T11:34:50.246601+00:00,xgb,ranking_rf,72,5130,6,999,0.6998960971832275,755,244,0.4983900487422943,"[""V176"", ""V191"", ""V255"", ""V160"", ""V224"", ""V215""]","{""n_estimators"": 207, ""learning_rate"": 0.14386799520246607, ""max_depth"": 3, ""subsample"": 0.8564588174175376, ""colsample_bytree"": 0.5847643871477171, ""min_child_weight"": 1, ""reg_alpha"": 0.7883107006384493, ""reg_lambda"": 1.9452085687596747}"
73,2026-06-05T11:35:22.189092+00:00,xgb,ranking_rf,73,4480,7,999,0.8018369674682617,725,274,0.498319536447525,"[""V176"", ""V191"", ""V255"", ""V160"", ""V224"", ""V215"", ""V380""]","{""n_estimators"": 375, ""learning_rate"": 0.13265139499180312, ""max_depth"": 8, ""subsample"": 0.5355825065418596, ""colsample_bytree"": 0.8241709709637413, ""min_child_weight"": 8, ""reg_alpha"": 0.6426342183058991, ""reg_lambda"": 2.389809447129578}"
74,2026-06-05T11:35:30.932802+00:00,xgb,ranking_rf,74,4990,4,999,0.6818791031837463,719,280,0.4970290958881378,"[""V176"", ""V191"", ""V255"", ""V160""]","{""n_estimators"": 246, ""learning_rate"": 0.11079313964534203, ""max_depth"": 3, ""subsample"": 0.5866905920589611, ""colsample_bytree"": 0.7593431863672621, ""min_child_weight"": 8, ""reg_alpha"": 0.0859074536262453, ""reg_lambda"": 2.232350670875527}"
75,2026-06-05T11:35:50.715444+00:00,xgb,ranking_rf,75,4500,6,999,0.7900025248527527,713,286,0.49652406573295593,"[""V176"", ""V191"", ""V255"", ""V160"", ""V224"", ""V215""]","{""n_estimators"": 237, ""learning_rate"": 0.16973444274872976, ""max_depth"": 7, ""subsample"": 0.6635426005407173, ""colsample_bytree"": 0.6244302380424167, ""min_child_weight"": 4, ""reg_alpha"": 0.6613284133782242, ""reg_lambda"": 1.9209825140591332}"
76,2026-06-05T11:36:06.435709+00:00,xgb,ranking_rf,76,4900,4,996,0.7203058004379272,712,284,0.4994424879550934,"[""V176"", ""V191"", ""V255"", ""V160""]","{""n_estimators"": 348, ""learning_rate"": 0.136833756416251, ""max_depth"": 4, ""subsample"": 0.9440553349501286, ""colsample_bytree"": 0.9648290885870345, ""min_child_weight"": 3, ""reg_alpha"": 0.533186156632571, ""reg_lambda"": 1.4717725990392168}"
77,2026-06-05T11:36:15.527715+00:00,xgb,ranking_rf,77,5180,4,1000,0.6815880537033081,732,268,0.49847909808158875,"[""V176"", ""V191"", ""V255"", ""V160""]","{""n_estimators"": 261, ""learning_rate"": 0.10769894579684795, ""max_depth"": 3, ""subsample"": 0.6673763122857626, ""colsample_bytree"": 0.5968567593367713, ""min_child_weight"": 3, ""reg_alpha"": 0.856685518937633, ""reg_lambda"": 1.6370261887467987}"
78,2026-06-05T11:36:44.011678+00:00,xgb,ranking_rf,78,5005,6,1000,0.7059352993965149,747,253,0.49871543049812317,"[""V176"", ""V191"", ""V255"", ""V160"", ""V224"", ""V215""]","{""n_estimators"": 315, ""learning_rate"": 0.034854890676806416, ""max_depth"": 7, ""subsample"": 0.8768561148645884, ""colsample_bytree"": 0.5696572840513675, ""min_child_weight"": 1, ""reg_alpha"": 0.34115110179783437, ""reg_lambda"": 2.2779641647063333}"
79,2026-06-05T11:36:54.419573+00:00,xgb,ranking_rf,79,4970,4,1000,0.6990959644317627,718,282,0.49893486499786377,"[""V176"", ""V191"", ""V255"", ""V160""]","{""n_estimators"": 297, ""learning_rate"": 0.16309995384621956, ""max_depth"": 3, ""subsample"": 0.8993480339519009, ""colsample_bytree"": 0.9000542958289413, ""min_child_weight"": 5, ""reg_alpha"": 0.7606209251584098, ""reg_lambda"": 2.4873447840099763}"
80,2026-06-05T11:37:16.228030+00:00,xgb,ranking_rf,80,4810,6,1000,0.7533888220787048,734,266,0.4965948164463043,"[""V176"", ""V191"", ""V255"", ""V160"", ""V224"", ""V215""]","{""n_estimators"": 289, ""learning_rate"": 0.10021011389221726, ""max_depth"": 7, ""subsample"": 0.9069010844423553, ""colsample_bytree"": 0.7170950316648108, ""min_child_weight"": 8, ""reg_alpha"": 0.3213640316096379, ""reg_lambda"": 2.0583479942148264}"
81,2026-06-05T11:37:35.137174+00:00,xgb,ranking_rf,81,4730,7,1000,0.7722175121307373,742,258,0.49997881054878235,"[""V176"", ""V191"", ""V255"", ""V160"", ""V224"", ""V215"", ""V380""]","{""n_estimators"": 275, ""learning_rate"": 0.13142344873332196, ""max_depth"": 6, ""subsample"": 0.6349344855364751, ""colsample_bytree"": 0.8372409373444962, ""min_child_weight"": 8, ""reg_alpha"": 0.8825398436572417, ""reg_lambda"": 1.9820235999174913}"
82,2026-06-05T11:37:57.107854+00:00,xgb,ranking_rf,82,4825,7,999,0.7713642120361328,748,251,0.5025694370269775,"[""V176"", ""V191"", ""V255"", ""V160"", ""V224"", ""V215"", ""V380""]","{""n_estimators"": 293, ""learning_rate"": 0.08112733150339524, ""max_depth"": 6, ""subsample"": 0.8325977284976065, ""colsample_bytree"": 0.9500428432131734, ""min_child_weight"": 2, ""reg_alpha"": 0.2482102251210051, ""reg_lambda"": 1.5182388888192124}"
83,2026-06-05T11:38:13.934534+00:00,xgb,ranking_rf,83,5065,6,1000,0.7037249207496643,751,249,0.49668368697166443,"[""V176"", ""V191"", ""V255"", ""V160"", ""V224"", ""V215""]","{""n_estimators"": 231, ""learning_rate"": 0.04320206370863776, ""max_depth"": 6, ""subsample"": 0.8119496061676899, ""colsample_bytree"": 0.889021153657708, ""min_child_weight"": 3, ""reg_alpha"": 0.6556181010539374, ""reg_lambda"": 2.416239723524961}"
84,2026-06-05T11:38:20.228473+00:00,xgb,ranking_rf,84,5155,6,1000,0.688418984413147,757,243,0.49835795164108276,"[""V176"", ""V191"", ""V255"", ""V160"", ""V224"", ""V215""]","{""n_estimators"": 182, ""learning_rate"": 0.11484862523204188, ""max_depth"": 3, ""subsample"": 0.9534267514092118, ""colsample_bytree"": 0.6368665427989014, ""min_child_weight"": 5, ""reg_alpha"": 0.3867360667480175, ""reg_lambda"": 1.9868183225995777}"
85,2026-06-05T11:38:55.298770+00:00,xgb,ranking_rf,85,4635,8,1000,0.828849732875824,749,251,0.4975335896015167,"[""V176"", ""V191"", ""V255"", ""V160"", ""V224"", ""V215"", ""V380"", ""V342""]","{""n_estimators"": 341, ""learning_rate"": 0.08553634741733987, ""max_depth"": 8, ""subsample"": 0.657796307014227, ""colsample_bytree"": 0.685256376825683, ""min_child_weight"": 2, ""reg_alpha"": 0.2754019958793309, ""reg_lambda"": 0.7196162679540223}"
86,2026-06-05T11:39:14.977139+00:00,xgb,ranking_rf,86,4735,7,993,0.7905109524726868,740,253,0.5005486011505127,"[""V176"", ""V191"", ""V255"", ""V160"", ""V224"", ""V215"", ""V380""]","{""n_estimators"": 260, ""learning_rate"": 0.10634296029681105, ""max_depth"": 6, ""subsample"": 0.5242880458153736, ""colsample_bytree"": 0.8733298267182206, ""min_child_weight"": 2, ""reg_alpha"": 0.37324974209927675, ""reg_lambda"": 1.2385571871464731}"
87,2026-06-05T11:39:38.401917+00:00,xgb,ranking_rf,87,4375,8,998,0.8481940031051636,731,267,0.4942883849143982,"[""V176"", ""V191"", ""V255"", ""V160"", ""V224"", ""V215"", ""V380"", ""V342""]","{""n_estimators"": 248, ""learning_rate"": 0.17896065653163168, ""max_depth"": 7, ""subsample"": 0.576318871650123, ""colsample_bytree"": 0.8772964057627615, ""min_child_weight"": 2, ""reg_alpha"": 0.42164722079002415, ""reg_lambda"": 2.2120477521770416}"
88,2026-06-05T11:40:16.279729+00:00,xgb,ranking_rf,88,4745,7,1000,0.7780588269233704,743,257,0.49849942326545715,"[""V176"", ""V191"", ""V255"", ""V160"", ""V224"", ""V215"", ""V380""]","{""n_estimators"": 287, ""learning_rate"": 0.07100475866817983, ""max_depth"": 9, ""subsample"": 0.5489160886576936, ""colsample_bytree"": 0.6203724578905905, ""min_child_weight"": 1, ""reg_alpha"": 0.5474529344525135, ""reg_lambda"": 1.9383065958575159}"
89,2026-06-05T11:40:39.089868+00:00,xgb,ranking_rf,89,4800,6,999,0.7770534753799438,733,266,0.5018401741981506,"[""V176"", ""V191"", ""V255"", ""V160"", ""V224"", ""V215""]","{""n_estimators"": 388, ""learning_rate"": 0.10607245323196202, ""max_depth"": 5, ""subsample"": 0.8262089375268116, ""colsample_bytree"": 0.8611118260770707, ""min_child_weight"": 1, ""reg_alpha"": 0.7142971018711349, ""reg_lambda"": 1.9346767641828015}"
90,2026-06-05T11:41:21.546087+00:00,xgb,ranking_rf,90,4840,7,999,0.8192296028137207,749,250,0.49744901061058044,"[""V176"", ""V191"", ""V255"", ""V160"", ""V224"", ""V215"", ""V380""]","{""n_estimators"": 386, ""learning_rate"": 0.06839057014675053, ""max_depth"": 9, ""subsample"": 0.6433264355991843, ""colsample_bytree"": 0.8174003867960912, ""min_child_weight"": 3, ""reg_alpha"": 0.015990073460554255, ""reg_lambda"": 0.8051904577678375}"
91,2026-06-05T11:41:39.565855+00:00,xgb,ranking_rf,91,5020,6,1000,0.7225006818771362,748,252,0.49874043464660645,"[""V176"", ""V191"", ""V255"", ""V160"", ""V224"", ""V215""]","{""n_estimators"": 257, ""learning_rate"": 0.053652849151411094, ""max_depth"": 6, ""subsample"": 0.6549256663937038, ""colsample_bytree"": 0.7049210711795026, ""min_child_weight"": 3, ""reg_alpha"": 0.2677095144131617, ""reg_lambda"": 1.1681023149767582}"
92,2026-06-05T11:41:54.853631+00:00,xgb,ranking_rf,92,4770,8,1000,0.800825834274292,758,242,0.4994528889656067,"[""V176"", ""V191"", ""V255"", ""V160"", ""V224"", ""V215"", ""V380"", ""V342""]","{""n_estimators"": 278, ""learning_rate"": 0.17861761331076226, ""max_depth"": 5, ""subsample"": 0.648249844350536, ""colsample_bytree"": 0.546666834240384, ""min_child_weight"": 5, ""reg_alpha"": 0.4583770910294558, ""reg_lambda"": 1.577739784901779}"
93,2026-06-05T11:42:07.223556+00:00,xgb,ranking_rf,93,4865,7,1000,0.7653217315673828,751,249,0.5005431771278381,"[""V176"", ""V191"", ""V255"", ""V160"", ""V224"", ""V215"", ""V380""]","{""n_estimators"": 222, ""learning_rate"": 0.16710351190184977, ""max_depth"": 5, ""subsample"": 0.7123640657375538, ""colsample_bytree"": 0.7394348234235947, ""min_child_weight"": 8, ""reg_alpha"": 0.2581038426855332, ""reg_lambda"": 2.365515194635824}"
94,2026-06-05T11:42:30.180525+00:00,xgb,ranking_rf,94,4810,6,994,0.7325338125228882,732,262,0.49720245599746704,"[""V176"", ""V191"", ""V255"", ""V160"", ""V224"", ""V215""]","{""n_estimators"": 252, ""learning_rate"": 0.07608615140153549, ""max_depth"": 8, ""subsample"": 0.5525139031407196, ""colsample_bytree"": 0.5671243952946167, ""min_child_weight"": 5, ""reg_alpha"": 0.9993765288232714, ""reg_lambda"": 2.0019678538643824}"
95,2026-06-05T11:42:54.393980+00:00,xgb,ranking_rf,95,4490,4,1000,0.7574676871299744,686,314,0.49939578771591187,"[""V176"", ""V191"", ""V255"", ""V160""]","{""n_estimators"": 287, ""learning_rate"": 0.1477736639312146, ""max_depth"": 8, ""subsample"": 0.8449308072893819, ""colsample_bytree"": 0.7117164894502674, ""min_child_weight"": 9, ""reg_alpha"": 0.39247196998969147, ""reg_lambda"": 1.5238142962625791}"
96,2026-06-05T11:43:38.837407+00:00,xgb,ranking_rf,96,4840,6,1000,0.7555298209190369,736,264,0.4973229467868805,"[""V176"", ""V191"", ""V255"", ""V160"", ""V224"", ""V215""]","{""n_estimators"": 397, ""learning_rate"": 0.058603202793627435, ""max_depth"": 9, ""subsample"": 0.6150425401289981, ""colsample_bytree"": 0.6531876829750216, ""min_child_weight"": 3, ""reg_alpha"": 0.8694621000041144, ""reg_lambda"": 1.9484753527986953}"
97,2026-06-05T11:43:53.701285+00:00,xgb,ranking_rf,97,4930,6,1000,0.7419565916061401,742,258,0.4982302784919739,"[""V176"", ""V191"", ""V255"", ""V160"", ""V224"", ""V215""]","{""n_estimators"": 184, ""learning_rate"": 0.101283994886468, ""max_depth"": 7, ""subsample"": 0.9086176865817284, ""colsample_bytree"": 0.9519402373675536, ""min_child_weight"": 7, ""reg_alpha"": 0.5862663471555426, ""reg_lambda"": 1.4496881379544855}"
98,2026-06-05T11:44:06.348244+00:00,xgb,ranking_rf,98,5065,6,1000,0.7528635859489441,751,249,0.49754706025123596,"[""V176"", ""V191"", ""V255"", ""V160"", ""V224"", ""V215""]","{""n_estimators"": 190, ""learning_rate"": 0.15326010834824572, ""max_depth"": 6, ""subsample"": 0.7235768926307558, ""colsample_bytree"": 0.6422905045143158, ""min_child_weight"": 6, ""reg_alpha"": 0.2385812424044581, ""reg_lambda"": 0.7375072684337953}"
99,2026-06-05T11:44:16.216846+00:00,xgb,ranking_rf,99,4870,4,999,0.7085505127906799,711,288,0.49767032265663147,"[""V176"", ""V191"", ""V255"", ""V160""]","{""n_estimators"": 142, ""learning_rate"": 0.1150783523176327, ""max_depth"": 6, ""subsample"": 0.5709159328810234, ""colsample_bytree"": 0.8866032008002485, ""min_child_weight"": 7, ""reg_alpha"": 0.11891018660926722, ""reg_lambda"": 1.2771190455657404}"
100,2026-06-05T11:44:23.980976+00:00,xgb,ranking_rf,100,5095,4,996,0.6806742548942566,725,271,0.49792012572288513,"[""V176"", ""V191"", ""V255"", ""V160""]","{""n_estimators"": 229, ""learning_rate"": 0.1383809511602801, ""max_depth"": 3, ""subsample"": 0.9127475870179482, ""colsample_bytree"": 0.515723193813149, ""min_child_weight"": 6, ""reg_alpha"": 0.19331310365809062, ""reg_lambda"": 2.4546961232665554}"
101,2026-06-05T11:44:28.145874+00:00,xgb,ranking_rf,101,5115,5,1000,0.651836097240448,741,259,0.49600762128829956,"[""V176"", ""V191"", ""V255"", ""V160"", ""V224""]","{""n_estimators"": 108, ""learning_rate"": 0.1306733450424329, ""max_depth"": 3, ""subsample"": 0.5743024200376825, ""colsample_bytree"": 0.5783555400430005, ""min_child_weight"": 6, ""reg_alpha"": 0.6707490847267786, ""reg_lambda"": 2.1517055102100953}"
102,2026-06-05T11:44:37.773180+00:00,xgb,ranking_rf,102,4815,8,994,0.7375617027282715,759,235,0.4967310130596161,"[""V176"", ""V191"", ""V255"", ""V160"", ""V224"", ""V215"", ""V380"", ""V342""]","{""n_estimators"": 111, ""learning_rate"": 0.11560013803022097, ""max_depth"": 8, ""subsample"": 0.5006651978391297, ""colsample_bytree"": 0.7670554400753113, ""min_child_weight"": 9, ""reg_alpha"": 0.3069662196722378, ""reg_lambda"": 2.287226159366795}"
103,2026-06-05T11:44:57.389677+00:00,xgb,ranking_rf,103,4825,8,998,0.7643348574638367,761,237,0.4979037046432495,"[""V176"", ""V191"", ""V255"", ""V160"", ""V224"", ""V215"", ""V380"", ""V342""]","{""n_estimators"": 356, ""learning_rate"": 0.08963361525087085, ""max_depth"": 5, ""subsample"": 0.6496408705048509, ""colsample_bytree"": 0.8653701339545172, ""min_child_weight"": 9, ""reg_alpha"": 0.8090176696206909, ""reg_lambda"": 0.8344970082978309}"
104,2026-06-05T11:45:22.370572+00:00,xgb,ranking_rf,104,4820,7,1000,0.7647348046302795,748,252,0.49859678745269775,"[""V176"", ""V191"", ""V255"", ""V160"", ""V224"", ""V215"", ""V380""]","{""n_estimators"": 363, ""learning_rate"": 0.06886410240927554, ""max_depth"": 6, ""subsample"": 0.5854718426387511, ""colsample_bytree"": 0.9138161238103206, ""min_child_weight"": 6, ""reg_alpha"": 0.4809718091737758, ""reg_lambda"": 0.6774463031095974}"
105,2026-06-05T11:45:33.319532+00:00,xgb,ranking_rf,105,5130,8,997,0.7033805251121521,781,216,0.4968583583831787,"[""V176"", ""V191"", ""V255"", ""V160"", ""V224"", ""V215"", ""V380"", ""V342""]","{""n_estimators"": 169, ""learning_rate"": 0.04865121226195061, ""max_depth"": 6, ""subsample"": 0.9037466810251883, ""colsample_bytree"": 0.6492372877700416, ""min_child_weight"": 9, ""reg_alpha"": 0.9990267438600756, ""reg_lambda"": 0.6862460286235736}"
106,2026-06-05T11:45:46.002047+00:00,xgb,ranking_rf,106,5060,4,997,0.6870607137680054,723,274,0.4985676407814026,"[""V176"", ""V191"", ""V255"", ""V160""]","{""n_estimators"": 292, ""learning_rate"": 0.07923980012555377, ""max_depth"": 4, ""subsample"": 0.9296778725443235, ""colsample_bytree"": 0.5528434176595423, ""min_child_weight"": 1, ""reg_alpha"": 0.7344198008156535, ""reg_lambda"": 1.1983537718181994}"
107,2026-06-05T11:46:18.670862+00:00,xgb,ranking_rf,107,4520,7,1000,0.8083895444869995,728,272,0.49742549657821655,"[""V176"", ""V191"", ""V255"", ""V160"", ""V224"", ""V215"", ""V380""]","{""n_estimators"": 395, ""learning_rate"": 0.10144038280423547, ""max_depth"": 7, ""subsample"": 0.8051093858635581, ""colsample_bytree"": 0.926029908737652, ""min_child_weight"": 6, ""reg_alpha"": 0.9968964530112713, ""reg_lambda"": 0.526100037358133}"
108,2026-06-05T11:46:34.597390+00:00,xgb,ranking_rf,108,4850,7,1000,0.8000344634056091,750,250,0.4973108768463135,"[""V176"", ""V191"", ""V255"", ""V160"", ""V224"", ""V215"", ""V380""]","{""n_estimators"": 162, ""learning_rate"": 0.17865872311008818, ""max_depth"": 9, ""subsample"": 0.7817009243238886, ""colsample_bytree"": 0.6126322071843793, ""min_child_weight"": 7, ""reg_alpha"": 0.38534581029781123, ""reg_lambda"": 0.5345593742309691}"
109,2026-06-05T11:46:48.396488+00:00,xgb,ranking_rf,109,4625,4,1000,0.7498008012771606,695,305,0.5003642439842224,"[""V176"", ""V191"", ""V255"", ""V160""]","{""n_estimators"": 199, ""learning_rate"": 0.1660827953007679, ""max_depth"": 6, ""subsample"": 0.7900444701755276, ""colsample_bytree"": 0.5645571432898695, ""min_child_weight"": 3, ""reg_alpha"": 0.32222699883338013, ""reg_lambda"": 1.0335838328778142}"
110,2026-06-05T11:47:19.384313+00:00,xgb,ranking_rf,110,4585,6,1000,0.8130798935890198,719,281,0.49681445956230164,"[""V176"", ""V191"", ""V255"", ""V160"", ""V224"", ""V215""]","{""n_estimators"": 362, ""learning_rate"": 0.12530708434964685, ""max_depth"": 8, ""subsample"": 0.8496417980729397, ""colsample_bytree"": 0.5972846241030003, ""min_child_weight"": 5, ""reg_alpha"": 0.08857352813998931, ""reg_lambda"": 1.182780464963317}"
111,2026-06-05T11:47:47.652102+00:00,xgb,ranking_rf,111,4580,6,998,0.8140767216682434,718,280,0.4993610978126526,"[""V176"", ""V191"", ""V255"", ""V160"", ""V224"", ""V215""]","{""n_estimators"": 228, ""learning_rate"": 0.1519279911277317, ""max_depth"": 8, ""subsample"": 0.9778001107751674, ""colsample_bytree"": 0.927166330365429, ""min_child_weight"": 1, ""reg_alpha"": 0.6824631292225899, ""reg_lambda"": 2.4100199919752088}"
112,2026-06-05T11:48:01.122976+00:00,xgb,ranking_rf,112,4960,4,999,0.6935194134712219,717,282,0.497524619102478,"[""V176"", ""V191"", ""V255"", ""V160""]","{""n_estimators"": 312, ""learning_rate"": 0.09540885290567552, ""max_depth"": 4, ""subsample"": 0.648857989517321, ""colsample_bytree"": 0.6889312198354414, ""min_child_weight"": 8, ""reg_alpha"": 0.022478324544161765, ""reg_lambda"": 1.3404489845291154}"
113,2026-06-05T11:48:11.470435+00:00,xgb,ranking_rf,113,5100,6,999,0.7215691804885864,753,246,0.49698007106781006,"[""V176"", ""V191"", ""V255"", ""V160"", ""V224"", ""V215""]","{""n_estimators"": 200, ""learning_rate"": 0.13613633130524821, ""max_depth"": 5, ""subsample"": 0.9750082897025836, ""colsample_bytree"": 0.5378386023510308, ""min_child_weight"": 8, ""reg_alpha"": 0.6089615362342131, ""reg_lambda"": 1.0053604402364154}"
114,2026-06-05T11:48:26.593951+00:00,xgb,ranking_rf,114,5070,8,1000,0.7182096242904663,778,222,0.49861180782318115,"[""V176"", ""V191"", ""V255"", ""V160"", ""V224"", ""V215"", ""V380"", ""V342""]","{""n_estimators"": 265, ""learning_rate"": 0.04847894274507119, ""max_depth"": 5, ""subsample"": 0.9474658813493118, ""colsample_bytree"": 0.7182467737893041, ""min_child_weight"": 1, ""reg_alpha"": 0.5758578744249331, ""reg_lambda"": 2.1809418394591447}"
115,2026-06-05T11:48:35.785772+00:00,xgb,ranking_rf,115,5090,4,1000,0.6658146381378174,726,274,0.49704647064208984,"[""V176"", ""V191"", ""V255"", ""V160""]","{""n_estimators"": 174, ""learning_rate"": 0.048962816374836786, ""max_depth"": 5, ""subsample"": 0.9629418815241304, ""colsample_bytree"": 0.7442065888253218, ""min_child_weight"": 9, ""reg_alpha"": 0.00941220195459147, ""reg_lambda"": 1.258646564680408}"
116,2026-06-05T11:48:56.271647+00:00,xgb,ranking_rf,116,4835,7,1000,0.7506713271141052,749,251,0.4999369978904724,"[""V176"", ""V191"", ""V255"", ""V160"", ""V224"", ""V215"", ""V380""]","{""n_estimators"": 374, ""learning_rate"": 0.07373504262727618, ""max_depth"": 5, ""subsample"": 0.7068458667341254, ""colsample_bytree"": 0.7884003743629017, ""min_child_weight"": 6, ""reg_alpha"": 0.49465065591439905, ""reg_lambda"": 0.5324518914985386}"
117,2026-06-05T11:49:04.640470+00:00,xgb,ranking_rf,117,5020,6,1000,0.710867166519165,748,252,0.4959286153316498,"[""V176"", ""V191"", ""V255"", ""V160"", ""V224"", ""V215""]","{""n_estimators"": 149, ""learning_rate"": 0.10604634876825417, ""max_depth"": 5, ""subsample"": 0.5012457534291186, ""colsample_bytree"": 0.8919562981287088, ""min_child_weight"": 9, ""reg_alpha"": 0.4779939510390452, ""reg_lambda"": 1.2234473789323481}"
118,2026-06-05T11:49:20.032047+00:00,xgb,ranking_rf,118,5000,7,1000,0.729064404964447,760,240,0.498887836933136,"[""V176"", ""V191"", ""V255"", ""V160"", ""V224"", ""V215"", ""V380""]","{""n_estimators"": 212, ""learning_rate"": 0.07489996661157097, ""max_depth"": 6, ""subsample"": 0.9426517003801302, ""colsample_bytree"": 0.5932217947755613, ""min_child_weight"": 1, ""reg_alpha"": 0.6068702269002959, ""reg_lambda"": 1.465429198141477}"
119,2026-06-05T11:49:51.013870+00:00,xgb,ranking_rf,119,4725,8,1000,0.7444122433662415,755,245,0.4948267936706543,"[""V176"", ""V191"", ""V255"", ""V160"", ""V224"", ""V215"", ""V380"", ""V342""]","{""n_estimators"": 356, ""learning_rate"": 0.04711449799590322, ""max_depth"": 8, ""subsample"": 0.5293123845371088, ""colsample_bytree"": 0.9544752105318116, ""min_child_weight"": 9, ""reg_alpha"": 0.9377480497194558, ""reg_lambda"": 0.7616965582502819}"
120,2026-06-05T11:50:00.348628+00:00,xgb,ranking_rf,120,5090,7,1000,0.6811642646789551,766,234,0.4962339699268341,"[""V176"", ""V191"", ""V255"", ""V160"", ""V224"", ""V215"", ""V380""]","{""n_estimators"": 126, ""learning_rate"": 0.0606071576410507, ""max_depth"": 7, ""subsample"": 0.8154157441549342, ""colsample_bytree"": 0.5284625827028449, ""min_child_weight"": 9, ""reg_alpha"": 0.4199864819996859, ""reg_lambda"": 2.4741230039719895}"
121,2026-06-05T11:50:34.999673+00:00,xgb,ranking_rf,121,4655,7,1000,0.7833786606788635,737,263,0.49578866362571716,"[""V176"", ""V191"", ""V255"", ""V160"", ""V224"", ""V215"", ""V380""]","{""n_estimators"": 267, ""learning_rate"": 0.08483242628681525, ""max_depth"": 9, ""subsample"": 0.7827625292433145, ""colsample_bytree"": 0.7951797599355124, ""min_child_weight"": 2, ""reg_alpha"": 0.9508648660726735, ""reg_lambda"": 2.469151198156082}"
122,2026-06-05T11:50:51.844080+00:00,xgb,ranking_rf,122,4685,7,1000,0.792784571647644,739,261,0.5010475516319275,"[""V176"", ""V191"", ""V255"", ""V160"", ""V224"", ""V215"", ""V380""]","{""n_estimators"": 364, ""learning_rate"": 0.1786814106624154, ""max_depth"": 4, ""subsample"": 0.5759722786105714, ""colsample_bytree"": 0.9150890691488169, ""min_child_weight"": 3, ""reg_alpha"": 0.5557905998327344, ""reg_lambda"": 1.9910478844418193}"
123,2026-06-05T11:51:16.412836+00:00,xgb,ranking_rf,123,4945,6,1000,0.737598180770874,743,257,0.4984119236469269,"[""V176"", ""V191"", ""V255"", ""V160"", ""V224"", ""V215""]","{""n_estimators"": 372, ""learning_rate"": 0.06323581897623679, ""max_depth"": 6, ""subsample"": 0.8057706055566998, ""colsample_bytree"": 0.7915403020405313, ""min_child_weight"": 6, ""reg_alpha"": 0.1887731000040771, ""reg_lambda"": 1.9041959478553248}"
124,2026-06-05T11:51:31.772542+00:00,xgb,ranking_rf,124,4755,8,1000,0.7772712707519531,757,243,0.49933701753616333,"[""V176"", ""V191"", ""V255"", ""V160"", ""V224"", ""V215"", ""V380"", ""V342""]","{""n_estimators"": 198, ""learning_rate"": 0.11269721536243368, ""max_depth"": 6, ""subsample"": 0.7455594667162986, ""colsample_bytree"": 0.8900138809560396, ""min_child_weight"": 2, ""reg_alpha"": 0.6848297385848633, ""reg_lambda"": 1.4618638029687219}"
125,2026-06-05T11:51:46.141745+00:00,xgb,ranking_rf,125,4810,6,1000,0.7542471885681152,734,266,0.49949365854263306,"[""V176"", ""V191"", ""V255"", ""V160"", ""V224"", ""V215""]","{""n_estimators"": 256, ""learning_rate"": 0.14182072273284196, ""max_depth"": 5, ""subsample"": 0.795162280865912, ""colsample_bytree"": 0.7802080042090487, ""min_child_weight"": 6, ""reg_alpha"": 0.6679624094080733, ""reg_lambda"": 1.2909500215645557}"
126,2026-06-05T11:52:04.925274+00:00,xgb,ranking_rf,126,5120,4,1000,0.6822331547737122,728,272,0.49848634004592896,"[""V176"", ""V191"", ""V255"", ""V160""]","{""n_estimators"": 257, ""learning_rate"": 0.03862960427521346, ""max_depth"": 6, ""subsample"": 0.56627626360008, ""colsample_bytree"": 0.5655425748553515, ""min_child_weight"": 1, ""reg_alpha"": 0.6195123896958387, ""reg_lambda"": 0.5266708072723254}"
127,2026-06-05T11:52:18.721128+00:00,xgb,ranking_rf,127,5060,7,1000,0.7006887197494507,764,236,0.49635010957717896,"[""V176"", ""V191"", ""V255"", ""V160"", ""V224"", ""V215"", ""V380""]","{""n_estimators"": 211, ""learning_rate"": 0.049221610805100055, ""max_depth"": 6, ""subsample"": 0.5671520609985239, ""colsample_bytree"": 0.657206426366149, ""min_child_weight"": 7, ""reg_alpha"": 0.3830457201015457, ""reg_lambda"": 1.6600903484051248}"
128,2026-06-05T11:52:43.211475+00:00,xgb,ranking_rf,128,5035,6,994,0.7209867835044861,747,247,0.4974844753742218,"[""V176"", ""V191"", ""V255"", ""V160"", ""V224"", ""V215""]","{""n_estimators"": 301, ""learning_rate"": 0.03825204965468082, ""max_depth"": 7, ""subsample"": 0.592982656100218, ""colsample_bytree"": 0.8863953239764543, ""min_child_weight"": 5, ""reg_alpha"": 0.0862768990883871, ""reg_lambda"": 1.3827895141863313}"
129,2026-06-05T11:53:00.119008+00:00,xgb,ranking_rf,129,4470,4,998,0.7393838167190552,684,314,0.49843740463256836,"[""V176"", ""V191"", ""V255"", ""V160""]","{""n_estimators"": 310, ""learning_rate"": 0.16380285754406246, ""max_depth"": 5, ""subsample"": 0.5657042390867435, ""colsample_bytree"": 0.5207967218738436, ""min_child_weight"": 6, ""reg_alpha"": 0.6454746004955415, ""reg_lambda"": 2.0811987040444664}"
130,2026-06-05T11:53:18.846489+00:00,xgb,ranking_rf,130,4795,7,999,0.7552236914634705,746,253,0.49879541993141174,"[""V176"", ""V191"", ""V255"", ""V160"", ""V224"", ""V215"", ""V380""]","{""n_estimators"": 195, ""learning_rate"": 0.10187462665318671, ""max_depth"": 9, ""subsample"": 0.8026476188127638, ""colsample_bytree"": 0.5424281888062252, ""min_child_weight"": 7, ""reg_alpha"": 0.2694224408938686, ""reg_lambda"": 0.585052044650799}"
131,2026-06-05T11:53:30.819196+00:00,xgb,ranking_rf,131,5130,6,996,0.7134803533554077,754,242,0.4972824156284332,"[""V176"", ""V191"", ""V255"", ""V160"", ""V224"", ""V215""]","{""n_estimators"": 217, ""learning_rate"": 0.07673165416913849, ""max_depth"": 5, ""subsample"": 0.9428392690636642, ""colsample_bytree"": 0.8811695445101059, ""min_child_weight"": 7, ""reg_alpha"": 0.47493860219754014, ""reg_lambda"": 2.346231967192156}"
132,2026-06-05T11:53:45.340082+00:00,xgb,ranking_rf,132,4820,4,1000,0.7271823287010193,708,292,0.500217616558075,"[""V176"", ""V191"", ""V255"", ""V160""]","{""n_estimators"": 322, ""learning_rate"": 0.17221637487604047, ""max_depth"": 4, ""subsample"": 0.7912592762756949, ""colsample_bytree"": 0.6607387650404575, ""min_child_weight"": 1, ""reg_alpha"": 0.6331399100979177, ""reg_lambda"": 1.704874459716038}"
133,2026-06-05T11:54:07.357829+00:00,xgb,ranking_rf,133,4625,7,994,0.7994768023490906,733,261,0.500583827495575,"[""V176"", ""V191"", ""V255"", ""V160"", ""V224"", ""V215"", ""V380""]","{""n_estimators"": 181, ""learning_rate"": 0.09638895328563186, ""max_depth"": 9, ""subsample"": 0.8908413958536311, ""colsample_bytree"": 0.9007985591201013, ""min_child_weight"": 3, ""reg_alpha"": 0.3290568214813019, ""reg_lambda"": 0.516128873172996}"
134,2026-06-05T11:54:18.895961+00:00,xgb,ranking_rf,134,5065,6,1000,0.7033122777938843,751,249,0.4974237382411957,"[""V176"", ""V191"", ""V255"", ""V160"", ""V224"", ""V215""]","{""n_estimators"": 261, ""learning_rate"": 0.08441203876919393, ""max_depth"": 4, ""subsample"": 0.5547780615569466, ""colsample_bytree"": 0.5711217574388965, ""min_child_weight"": 6, ""reg_alpha"": 0.955046070649496, ""reg_lambda"": 1.8190168917561158}"
135,2026-06-05T11:54:26.563202+00:00,xgb,ranking_rf,135,5100,5,1000,0.6761928796768188,740,260,0.497775137424469,"[""V176"", ""V191"", ""V255"", ""V160"", ""V224""]","{""n_estimators"": 138, ""learning_rate"": 0.09716463672707178, ""max_depth"": 5, ""subsample"": 0.8591538886796639, ""colsample_bytree"": 0.5976059387068254, ""min_child_weight"": 7, ""reg_alpha"": 0.7116700774041035, ""reg_lambda"": 1.8305433032809324}"
136,2026-06-05T11:54:43.761979+00:00,xgb,ranking_rf,136,5025,6,999,0.7049560546875,748,251,0.49597933888435364,"[""V176"", ""V191"", ""V255"", ""V160"", ""V224"", ""V215""]","{""n_estimators"": 259, ""learning_rate"": 0.047441552871124476, ""max_depth"": 6, ""subsample"": 0.59769908780629, ""colsample_bytree"": 0.9314911566944506, ""min_child_weight"": 8, ""reg_alpha"": 0.05255594905798844, ""reg_lambda"": 2.3605271396595358}"
137,2026-06-05T11:55:12.278572+00:00,xgb,ranking_rf,137,4480,7,996,0.8347213268280029,724,272,0.4965764582157135,"[""V176"", ""V191"", ""V255"", ""V160"", ""V224"", ""V215"", ""V380""]","{""n_estimators"": 323, ""learning_rate"": 0.1716123112456886, ""max_depth"": 8, ""subsample"": 0.6067309421148201, ""colsample_bytree"": 0.5762094992339503, ""min_child_weight"": 5, ""reg_alpha"": 0.9582703214488213, ""reg_lambda"": 0.845882898096}"
138,2026-06-05T11:55:34.019791+00:00,xgb,ranking_rf,138,4835,7,1000,0.7643673419952393,749,251,0.49980098009109497,"[""V176"", ""V191"", ""V255"", ""V160"", ""V224"", ""V215"", ""V380""]","{""n_estimators"": 322, ""learning_rate"": 0.10592190327705148, ""max_depth"": 6, ""subsample"": 0.847685483795739, ""colsample_bytree"": 0.8499951763546784, ""min_child_weight"": 7, ""reg_alpha"": 0.5027030219248629, ""reg_lambda"": 2.283606338442899}"
139,2026-06-05T11:56:03.679867+00:00,xgb,ranking_rf,139,4345,6,1000,0.8130082488059998,703,297,0.49685439467430115,"[""V176"", ""V191"", ""V255"", ""V160"", ""V224"", ""V215""]","{""n_estimators"": 350, ""learning_rate"": 0.1512865051313081, ""max_depth"": 8, ""subsample"": 0.6620137638719381, ""colsample_bytree"": 0.976119219786671, ""min_child_weight"": 9, ""reg_alpha"": 0.07758451546789491, ""reg_lambda"": 1.2691281802192131}"
140,2026-06-05T11:56:13.835886+00:00,xgb,ranking_rf,140,5065,6,1000,0.6986883878707886,751,249,0.4989519417285919,"[""V176"", ""V191"", ""V255"", ""V160"", ""V224"", ""V215""]","{""n_estimators"": 104, ""learning_rate"": 0.05803429970880393, ""max_depth"": 7, ""subsample"": 0.9671116709499092, ""colsample_bytree"": 0.979480618658787, ""min_child_weight"": 2, ""reg_alpha"": 0.19195314620421766, ""reg_lambda"": 0.9613370938849546}"
141,2026-06-05T11:56:35.630817+00:00,xgb,ranking_rf,141,4920,6,999,0.71517413854599,741,258,0.4963025450706482,"[""V176"", ""V191"", ""V255"", ""V160"", ""V224"", ""V215""]","{""n_estimators"": 204, ""learning_rate"": 0.057421068894191435, ""max_depth"": 9, ""subsample"": 0.5004923882068524, ""colsample_bytree"": 0.6482816544189353, ""min_child_weight"": 4, ""reg_alpha"": 0.9155044058012787, ""reg_lambda"": 0.9288827641677533}"
142,2026-06-05T11:56:51.946400+00:00,xgb,ranking_rf,142,4855,6,1000,0.7540541291236877,737,263,0.4992596209049225,"[""V176"", ""V191"", ""V255"", ""V160"", ""V224"", ""V215""]","{""n_estimators"": 218, ""learning_rate"": 0.08342561772733356, ""max_depth"": 6, ""subsample"": 0.7455755264363668, ""colsample_bytree"": 0.9355098520003529, ""min_child_weight"": 2, ""reg_alpha"": 0.15443588642592365, ""reg_lambda"": 0.600828162027363}"
143,2026-06-05T11:57:23.834925+00:00,xgb,ranking_rf,143,4755,6,999,0.7901090383529663,730,269,0.5002593398094177,"[""V176"", ""V191"", ""V255"", ""V160"", ""V224"", ""V215""]","{""n_estimators"": 377, ""learning_rate"": 0.08648257273190565, ""max_depth"": 7, ""subsample"": 0.8879095346945204, ""colsample_bytree"": 0.8236124001439071, ""min_child_weight"": 3, ""reg_alpha"": 0.3220361230629616, ""reg_lambda"": 1.0394122217936597}"
144,2026-06-05T11:57:32.048166+00:00,xgb,ranking_rf,144,5080,6,1000,0.7200596928596497,752,248,0.49806782603263855,"[""V176"", ""V191"", ""V255"", ""V160"", ""V224"", ""V215""]","{""n_estimators"": 178, ""learning_rate"": 0.14602142342174954, ""max_depth"": 4, ""subsample"": 0.7340450504366748, ""colsample_bytree"": 0.7119690078210117, ""min_child_weight"": 3, ""reg_alpha"": 0.5125118645514876, ""reg_lambda"": 1.4092657865402691}"
145,2026-06-05T11:57:54.659771+00:00,xgb,ranking_rf,145,4890,6,999,0.760867178440094,739,260,0.5007264614105225,"[""V176"", ""V191"", ""V255"", ""V160"", ""V224"", ""V215""]","{""n_estimators"": 316, ""learning_rate"": 0.10151017457825774, ""max_depth"": 6, ""subsample"": 0.9716021184291934, ""colsample_bytree"": 0.8137731496541742, ""min_child_weight"": 2, ""reg_alpha"": 0.45904381884196677, ""reg_lambda"": 2.114752345743609}"
146,2026-06-05T11:58:08.522061+00:00,xgb,ranking_rf,146,5125,6,1000,0.6672664284706116,755,245,0.4943029284477234,"[""V176"", ""V191"", ""V255"", ""V160"", ""V224"", ""V215""]","{""n_estimators"": 137, ""learning_rate"": 0.03030446993790147, ""max_depth"": 9, ""subsample"": 0.8974357175840476, ""colsample_bytree"": 0.7099543312648593, ""min_child_weight"": 9, ""reg_alpha"": 0.7707390295296226, ""reg_lambda"": 1.6962791587134505}"
147,2026-06-05T11:58:23.821100+00:00,xgb,ranking_rf,147,5095,7,993,0.7343451380729675,764,229,0.4985795021057129,"[""V176"", ""V191"", ""V255"", ""V160"", ""V224"", ""V215"", ""V380""]","{""n_estimators"": 354, ""learning_rate"": 0.07497309103042094, ""max_depth"": 4, ""subsample"": 0.7747285825530239, ""colsample_bytree"": 0.7746493402956453, ""min_child_weight"": 8, ""reg_alpha"": 0.362831816766112, ""reg_lambda"": 0.512687695764233}"
148,2026-06-05T11:58:37.926425+00:00,xgb,ranking_rf,148,5050,6,1000,0.7115495800971985,750,250,0.498550683259964,"[""V176"", ""V191"", ""V255"", ""V160"", ""V224"", ""V215""]","{""n_estimators"": 314, ""learning_rate"": 0.058835382647419, ""max_depth"": 4, ""subsample"": 0.5154154325710245, ""colsample_bytree"": 0.8456281601353183, ""min_child_weight"": 2, ""reg_alpha"": 0.45742173035504685, ""reg_lambda"": 0.5003943156341595}"
149,2026-06-05T11:58:58.287106+00:00,xgb,ranking_rf,149,4890,6,999,0.6986958384513855,739,260,0.4963226020336151,"[""V176"", ""V191"", ""V255"", ""V160"", ""V224"", ""V215""]","{""n_estimators"": 183, ""learning_rate"": 0.054657011188911336, ""max_depth"": 9, ""subsample"": 0.5791363612187062, ""colsample_bytree"": 0.5312225629307301, ""min_child_weight"": 3, ""reg_alpha"": 0.9819110006571198, ""reg_lambda"": 2.357905406158034}"
150,2026-06-05T11:59:04.432546+00:00,xgb,ranking_rf,150,5020,6,1000,0.7151558995246887,748,252,0.4974306523799896,"[""V176"", ""V191"", ""V255"", ""V160"", ""V224"", ""V215""]","{""n_estimators"": 128, ""learning_rate"": 0.17695554049768736, ""max_depth"": 4, ""subsample"": 0.8676998050439066, ""colsample_bytree"": 0.9756139811493096, ""min_child_weight"": 5, ""reg_alpha"": 0.8609819860487256, ""reg_lambda"": 1.4415047608559004}"
151,2026-06-05T11:59:18.574646+00:00,xgb,ranking_rf,151,5075,7,1000,0.7675445079803467,765,235,0.4991162121295929,"[""V176"", ""V191"", ""V255"", ""V160"", ""V224"", ""V215"", ""V380""]","{""n_estimators"": 328, ""learning_rate"": 0.16977221540134954, ""max_depth"": 4, ""subsample"": 0.9388275721632928, ""colsample_bytree"": 0.8694827383349863, ""min_child_weight"": 6, ""reg_alpha"": 0.517208551210307, ""reg_lambda"": 2.4042192597312204}"
152,2026-06-05T11:59:48.635174+00:00,xgb,ranking_rf,152,4975,4,999,0.7131572961807251,718,281,0.4985820949077606,"[""V176"", ""V191"", ""V255"", ""V160""]","{""n_estimators"": 318, ""learning_rate"": 0.05652325516482365, ""max_depth"": 7, ""subsample"": 0.5989452704798948, ""colsample_bytree"": 0.6338973141256514, ""min_child_weight"": 1, ""reg_alpha"": 0.7699707726508938, ""reg_lambda"": 2.401522442667821}"
153,2026-06-05T12:00:21.541677+00:00,xgb,ranking_rf,153,4780,6,997,0.7750272154808044,731,266,0.4982052743434906,"[""V176"", ""V191"", ""V255"", ""V160"", ""V224"", ""V215""]","{""n_estimators"": 320, ""learning_rate"": 0.07527076044340861, ""max_depth"": 8, ""subsample"": 0.5191645365060096, ""colsample_bytree"": 0.6626866522660745, ""min_child_weight"": 2, ""reg_alpha"": 0.5676458706895693, ""reg_lambda"": 0.6446794022584075}"
154,2026-06-05T12:00:28.315761+00:00,xgb,ranking_rf,154,5075,4,1000,0.6775174736976624,725,275,0.49785253405570984,"[""V176"", ""V191"", ""V255"", ""V160""]","{""n_estimators"": 195, ""learning_rate"": 0.13273302703632162, ""max_depth"": 3, ""subsample"": 0.746834809262805, ""colsample_bytree"": 0.5277159474663627, ""min_child_weight"": 7, ""reg_alpha"": 0.8048666508545789, ""reg_lambda"": 0.9200359209721576}"
155,2026-06-05T12:00:58.524869+00:00,xgb,ranking_rf,155,4695,8,1000,0.8338829278945923,753,247,0.4988712966442108,"[""V176"", ""V191"", ""V255"", ""V160"", ""V224"", ""V215"", ""V380"", ""V342""]","{""n_estimators"": 377, ""learning_rate"": 0.12458259110172397, ""max_depth"": 7, ""subsample"": 0.9298138059135277, ""colsample_bytree"": 0.6451656664406809, ""min_child_weight"": 4, ""reg_alpha"": 0.637513091539349, ""reg_lambda"": 1.0069900989165934}"
156,2026-06-05T12:01:28.377200+00:00,xgb,ranking_rf,156,4660,6,1000,0.7880871295928955,724,276,0.4956691265106201,"[""V176"", ""V191"", ""V255"", ""V160"", ""V224"", ""V215""]","{""n_estimators"": 354, ""learning_rate"": 0.1129130219368032, ""max_depth"": 8, ""subsample"": 0.8103125441480137, ""colsample_bytree"": 0.5533133378281505, ""min_child_weight"": 7, ""reg_alpha"": 0.2401064478125089, ""reg_lambda"": 1.4611392026782861}"
157,2026-06-05T12:01:41.923057+00:00,xgb,ranking_rf,157,4585,8,998,0.7886764407157898,745,253,0.4959739148616791,"[""V176"", ""V191"", ""V255"", ""V160"", ""V224"", ""V215"", ""V380"", ""V342""]","{""n_estimators"": 144, ""learning_rate"": 0.16517441886551715, ""max_depth"": 8, ""subsample"": 0.6312176626899546, ""colsample_bytree"": 0.5937341472102975, ""min_child_weight"": 5, ""reg_alpha"": 0.5965327159933547, ""reg_lambda"": 1.2140131268290018}"
158,2026-06-05T12:01:57.368418+00:00,xgb,ranking_rf,158,4940,6,998,0.7362782955169678,742,256,0.49698564410209656,"[""V176"", ""V191"", ""V255"", ""V160"", ""V224"", ""V215""]","{""n_estimators"": 268, ""learning_rate"": 0.09366085587280305, ""max_depth"": 5, ""subsample"": 0.5367229516020656, ""colsample_bytree"": 0.9428662945200942, ""min_child_weight"": 6, ""reg_alpha"": 0.6404589862067358, ""reg_lambda"": 0.997947999665588}"
159,2026-06-05T12:02:25.264746+00:00,xgb,ranking_rf,159,4895,7,994,0.7381817698478699,751,243,0.4958546459674835,"[""V176"", ""V191"", ""V255"", ""V160"", ""V224"", ""V215"", ""V380""]","{""n_estimators"": 306, ""learning_rate"": 0.05325101024336133, ""max_depth"": 8, ""subsample"": 0.5560896268159774, ""colsample_bytree"": 0.7816700367040825, ""min_child_weight"": 6, ""reg_alpha"": 0.8210471786593786, ""reg_lambda"": 1.8326844474076318}"
160,2026-06-05T12:02:34.383341+00:00,xgb,ranking_rf,160,5080,6,1000,0.6955822706222534,752,248,0.4968348741531372,"[""V176"", ""V191"", ""V255"", ""V160"", ""V224"", ""V215""]","{""n_estimators"": 111, ""learning_rate"": 0.06271829433335971, ""max_depth"": 7, ""subsample"": 0.5875103044251946, ""colsample_bytree"": 0.9064671631247345, ""min_child_weight"": 7, ""reg_alpha"": 0.6640473205014216, ""reg_lambda"": 0.8268177930533673}"
161,2026-06-05T12:02:45.968118+00:00,xgb,ranking_rf,161,5160,5,1000,0.6912755370140076,744,256,0.4983312487602234,"[""V176"", ""V191"", ""V255"", ""V160"", ""V224""]","{""n_estimators"": 254, ""learning_rate"": 0.07851518623551931, ""max_depth"": 4, ""subsample"": 0.846974511841555, ""colsample_bytree"": 0.7466781234987354, ""min_child_weight"": 1, ""reg_alpha"": 0.6986362572313116, ""reg_lambda"": 0.8548873400947286}"
162,2026-06-05T12:03:01.492241+00:00,xgb,ranking_rf,162,4890,5,1000,0.6684800982475281,726,274,0.49776914715766907,"[""V176"", ""V191"", ""V255"", ""V160"", ""V224""]","{""n_estimators"": 178, ""learning_rate"": 0.05167442629248821, ""max_depth"": 7, ""subsample"": 0.7511907372444331, ""colsample_bytree"": 0.5218570501619564, ""min_child_weight"": 2, ""reg_alpha"": 0.6161942526128577, ""reg_lambda"": 2.3477152683269695}"
163,2026-06-05T12:03:12.464443+00:00,xgb,ranking_rf,163,5065,6,1000,0.6892145276069641,751,249,0.49686822295188904,"[""V176"", ""V191"", ""V255"", ""V160"", ""V224"", ""V215""]","{""n_estimators"": 161, ""learning_rate"": 0.04687972223540658, ""max_depth"": 6, ""subsample"": 0.9544682312220966, ""colsample_bytree"": 0.8644302779751157, ""min_child_weight"": 7, ""reg_alpha"": 0.2750704087517225, ""reg_lambda"": 1.924448675219294}"
164,2026-06-05T12:03:25.915308+00:00,xgb,ranking_rf,164,4820,4,1000,0.7061183452606201,708,292,0.4978150427341461,"[""V176"", ""V191"", ""V255"", ""V160""]","{""n_estimators"": 242, ""learning_rate"": 0.10111344915950261, ""max_depth"": 5, ""subsample"": 0.5069556768711082, ""colsample_bytree"": 0.9325081475459089, ""min_child_weight"": 8, ""reg_alpha"": 0.02715741591789167, ""reg_lambda"": 2.054492409046593}"
165,2026-06-05T12:03:33.754423+00:00,xgb,ranking_rf,165,5390,4,1000,0.668751060962677,746,254,0.4968898892402649,"[""V176"", ""V191"", ""V255"", ""V160""]","{""n_estimators"": 220, ""learning_rate"": 0.05860889767114333, ""max_depth"": 3, ""subsample"": 0.6391262521575627, ""colsample_bytree"": 0.9126700786285592, ""min_child_weight"": 3, ""reg_alpha"": 0.7117797684855637, ""reg_lambda"": 0.6579684003458004}"
166,2026-06-05T12:03:47.955737+00:00,xgb,ranking_rf,166,5020,6,1000,0.6824336647987366,748,252,0.497800350189209,"[""V176"", ""V191"", ""V255"", ""V160"", ""V224"", ""V215""]","{""n_estimators"": 320, ""learning_rate"": 0.037147476721460446, ""max_depth"": 4, ""subsample"": 0.9860934171947979, ""colsample_bytree"": 0.985024521573483, ""min_child_weight"": 3, ""reg_alpha"": 0.3347764028802155, ""reg_lambda"": 1.965650976580702}"
167,2026-06-05T12:04:01.403397+00:00,xgb,ranking_rf,167,4835,4,1000,0.6655229926109314,709,291,0.49722108244895935,"[""V176"", ""V191"", ""V255"", ""V160""]","{""n_estimators"": 105, ""learning_rate"": 0.0557526507533458, ""max_depth"": 9, ""subsample"": 0.8826931201009995, ""colsample_bytree"": 0.513313096623935, ""min_child_weight"": 2, ""reg_alpha"": 0.5959530838548679, ""reg_lambda"": 1.6989667183131152}"
168,2026-06-05T12:04:14.119363+00:00,xgb,ranking_rf,168,5145,5,1000,0.676970899105072,743,257,0.49755874276161194,"[""V176"", ""V191"", ""V255"", ""V160"", ""V224""]","{""n_estimators"": 366, ""learning_rate"": 0.05476732482396274, ""max_depth"": 3, ""subsample"": 0.6901239315924346, ""colsample_bytree"": 0.9805164149643157, ""min_child_weight"": 6, ""reg_alpha"": 0.9662715382933567, ""reg_lambda"": 1.3110914800256608}"
169,2026-06-05T12:04:43.152956+00:00,xgb,ranking_rf,169,5020,6,1000,0.7211151123046875,748,252,0.497053325176239,"[""V176"", ""V191"", ""V255"", ""V160"", ""V224"", ""V215""]","{""n_estimators"": 313, ""learning_rate"": 0.043888164819232585, ""max_depth"": 8, ""subsample"": 0.623416355447536, ""colsample_bytree"": 0.6687481707892988, ""min_child_weight"": 5, ""reg_alpha"": 0.6514305494334738, ""reg_lambda"": 1.9668045483877383}"
170,2026-06-05T12:05:12.587522+00:00,xgb,ranking_rf,170,4895,7,1000,0.7240699529647827,753,247,0.49774184823036194,"[""V176"", ""V191"", ""V255"", ""V160"", ""V224"", ""V215"", ""V380""]","{""n_estimators"": 391, ""learning_rate"": 0.04670127724212554, ""max_depth"": 7, ""subsample"": 0.8339636903280526, ""colsample_bytree"": 0.5391987892075931, ""min_child_weight"": 6, ""reg_alpha"": 0.9025598536073296, ""reg_lambda"": 1.2602629833117571}"
171,2026-06-05T12:05:23.844414+00:00,xgb,ranking_rf,171,4985,4,1000,0.6843480467796326,719,281,0.49841275811195374,"[""V176"", ""V191"", ""V255"", ""V160""]","{""n_estimators"": 139, ""learning_rate"": 0.06402926738771375, ""max_depth"": 7, ""subsample"": 0.9047005493359197, ""colsample_bytree"": 0.6189965329950218, ""min_child_weight"": 5, ""reg_alpha"": 0.15591418550426928, ""reg_lambda"": 1.5068091752693604}"
172,2026-06-05T12:05:38.018018+00:00,xgb,ranking_rf,172,4750,4,999,0.708308219909668,703,296,0.4991793930530548,"[""V176"", ""V191"", ""V255"", ""V160""]","{""n_estimators"": 122, ""learning_rate"": 0.10327640867484081, ""max_depth"": 9, ""subsample"": 0.9098793148482309, ""colsample_bytree"": 0.6136019281865086, ""min_child_weight"": 3, ""reg_alpha"": 0.6115352670572818, ""reg_lambda"": 1.80481377407891}"
173,2026-06-05T12:06:23.493217+00:00,xgb,ranking_rf,173,4500,8,1000,0.7854608297348022,740,260,0.49562060832977295,"[""V176"", ""V191"", ""V255"", ""V160"", ""V224"", ""V215"", ""V380"", ""V342""]","{""n_estimators"": 382, ""learning_rate"": 0.04828592992343915, ""max_depth"": 9, ""subsample"": 0.5874892014097743, ""colsample_bytree"": 0.8925877124479182, ""min_child_weight"": 3, ""reg_alpha"": 0.8797273212107523, ""reg_lambda"": 1.1174484784968841}"
174,2026-06-05T12:06:55.800125+00:00,xgb,ranking_rf,174,4975,6,1000,0.7237963676452637,745,255,0.49803006649017334,"[""V176"", ""V191"", ""V255"", ""V160"", ""V224"", ""V215""]","{""n_estimators"": 329, ""learning_rate"": 0.03368262012587677, ""max_depth"": 8, ""subsample"": 0.7611242066384631, ""colsample_bytree"": 0.7913662556322183, ""min_child_weight"": 4, ""reg_alpha"": 0.9418185924949404, ""reg_lambda"": 0.6439368438490995}"
175,2026-06-05T12:07:09.608764+00:00,xgb,ranking_rf,175,4660,6,1000,0.7662689089775085,724,276,0.498821884393692,"[""V176"", ""V191"", ""V255"", ""V160"", ""V224"", ""V215""]","{""n_estimators"": 168, ""learning_rate"": 0.1653795046248979, ""max_depth"": 7, ""subsample"": 0.6031023274518449, ""colsample_bytree"": 0.7584206550929515, ""min_child_weight"": 6, ""reg_alpha"": 0.75832031578412, ""reg_lambda"": 2.1088932605637343}"
176,2026-06-05T12:07:35.416789+00:00,xgb,ranking_rf,176,4715,7,1000,0.7731689214706421,741,259,0.4983435571193695,"[""V176"", ""V191"", ""V255"", ""V160"", ""V224"", ""V215"", ""V380""]","{""n_estimators"": 376, ""learning_rate"": 0.09266590014027212, ""max_depth"": 6, ""subsample"": 0.7769116161320003, ""colsample_bytree"": 0.814130781626996, ""min_child_weight"": 6, ""reg_alpha"": 0.9604980925219321, ""reg_lambda"": 1.4700427080334344}"
177,2026-06-05T12:07:45.314560+00:00,xgb,ranking_rf,177,5175,5,1000,0.6707407236099243,745,255,0.4968874156475067,"[""V176"", ""V191"", ""V255"", ""V160"", ""V224""]","{""n_estimators"": 289, ""learning_rate"": 0.06189074068948038, ""max_depth"": 3, ""subsample"": 0.8323332622150523, ""colsample_bytree"": 0.9663832667507566, ""min_child_weight"": 9, ""reg_alpha"": 0.7601006582683313, ""reg_lambda"": 2.2264633121588044}"
178,2026-06-05T12:08:00.706313+00:00,xgb,ranking_rf,178,4750,6,1000,0.7539073824882507,730,270,0.49847763776779175,"[""V176"", ""V191"", ""V255"", ""V160"", ""V224"", ""V215""]","{""n_estimators"": 149, ""learning_rate"": 0.14806235587500516, ""max_depth"": 9, ""subsample"": 0.722284341408413, ""colsample_bytree"": 0.593349328845137, ""min_child_weight"": 6, ""reg_alpha"": 0.5890896814110392, ""reg_lambda"": 1.6107895456193408}"
179,2026-06-05T12:08:24.823383+00:00,xgb,ranking_rf,179,4960,4,999,0.7125499844551086,717,282,0.49891629815101624,"[""V176"", ""V191"", ""V255"", ""V160""]","{""n_estimators"": 282, ""learning_rate"": 0.052411990953639145, ""max_depth"": 7, ""subsample"": 0.7378108640436893, ""colsample_bytree"": 0.7606683257093911, ""min_child_weight"": 3, ""reg_alpha"": 0.5578369465135752, ""reg_lambda"": 2.399146018527191}"
180,2026-06-05T12:08:31.748998+00:00,xgb,ranking_rf,180,5150,4,1000,0.671257734298706,730,270,0.4974167048931122,"[""V176"", ""V191"", ""V255"", ""V160""]","{""n_estimators"": 123, ""learning_rate"": 0.08693273715853742, ""max_depth"": 5, ""subsample"": 0.8926506243440394, ""colsample_bytree"": 0.6858870611649034, ""min_child_weight"": 4, ""reg_alpha"": 0.8240074862807772, ""reg_lambda"": 1.6837675401234142}"
181,2026-06-05T12:09:06.961579+00:00,xgb,ranking_rf,181,4460,7,1000,0.8524835109710693,724,276,0.4963439404964447,"[""V176"", ""V191"", ""V255"", ""V160"", ""V224"", ""V215"", ""V380""]","{""n_estimators"": 341, ""learning_rate"": 0.17422540973342518, ""max_depth"": 8, ""subsample"": 0.8466110103256086, ""colsample_bytree"": 0.6203920535161659, ""min_child_weight"": 2, ""reg_alpha"": 0.9060878715810445, ""reg_lambda"": 1.7867740748763092}"
182,2026-06-05T12:09:21.797926+00:00,xgb,ranking_rf,182,5050,6,1000,0.7029579281806946,750,250,0.4969097673892975,"[""V176"", ""V191"", ""V255"", ""V160"", ""V224"", ""V215""]","{""n_estimators"": 353, ""learning_rate"": 0.053966590442608535, ""max_depth"": 4, ""subsample"": 0.7852836083832175, ""colsample_bytree"": 0.7029177663554251, ""min_child_weight"": 7, ""reg_alpha"": 0.009195463037015905, ""reg_lambda"": 1.8165307837593505}"
183,2026-06-05T12:09:31.481896+00:00,xgb,ranking_rf,183,5245,4,996,0.6550582647323608,735,261,0.4966777265071869,"[""V176"", ""V191"", ""V255"", ""V160""]","{""n_estimators"": 290, ""learning_rate"": 0.03942952002312457, ""max_depth"": 3, ""subsample"": 0.715835764212827, ""colsample_bytree"": 0.7170162721626572, ""min_child_weight"": 6, ""reg_alpha"": 0.2718843032212668, ""reg_lambda"": 2.2486496956314337}"
184,2026-06-05T12:10:02.665669+00:00,xgb,ranking_rf,184,4615,6,1000,0.8047738671302795,721,279,0.4977732300758362,"[""V176"", ""V191"", ""V255"", ""V160"", ""V224"", ""V215""]","{""n_estimators"": 393, ""learning_rate"": 0.13563047814289741, ""max_depth"": 8, ""subsample"": 0.9442314622493466, ""colsample_bytree"": 0.7291734574938755, ""min_child_weight"": 9, ""reg_alpha"": 0.06205617803901964, ""reg_lambda"": 2.22977680969338}"
185,2026-06-05T12:10:19.130993+00:00,xgb,ranking_rf,185,5125,6,997,0.7142443060874939,754,243,0.49619415402412415,"[""V176"", ""V191"", ""V255"", ""V160"", ""V224"", ""V215""]","{""n_estimators"": 372, ""learning_rate"": 0.06721404743079595, ""max_depth"": 4, ""subsample"": 0.7280107154791048, ""colsample_bytree"": 0.8847753221500296, ""min_child_weight"": 7, ""reg_alpha"": 0.5638760559655487, ""reg_lambda"": 1.638000858460065}"
186,2026-06-05T12:10:35.152284+00:00,xgb,ranking_rf,186,4895,6,995,0.7494527101516724,738,257,0.4982089698314667,"[""V176"", ""V191"", ""V255"", ""V160"", ""V224"", ""V215""]","{""n_estimators"": 356, ""learning_rate"": 0.14617401225311394, ""max_depth"": 4, ""subsample"": 0.697151838943259, ""colsample_bytree"": 0.8271381619347884, ""min_child_weight"": 6, ""reg_alpha"": 0.7072779403599593, ""reg_lambda"": 1.9300687261941019}"
187,2026-06-05T12:10:47.391781+00:00,xgb,ranking_rf,187,5065,6,1000,0.6843417882919312,751,249,0.4972584545612335,"[""V176"", ""V191"", ""V255"", ""V160"", ""V224"", ""V215""]","{""n_estimators"": 273, ""learning_rate"": 0.03764098280163358, ""max_depth"": 4, ""subsample"": 0.7593055672947217, ""colsample_bytree"": 0.9297129139702724, ""min_child_weight"": 4, ""reg_alpha"": 0.19447445600230795, ""reg_lambda"": 1.324508774114332}"
188,2026-06-05T12:11:00.096470+00:00,xgb,ranking_rf,188,4805,7,1000,0.7520731687545776,747,253,0.4984941780567169,"[""V176"", ""V191"", ""V255"", ""V160"", ""V224"", ""V215"", ""V380""]","{""n_estimators"": 207, ""learning_rate"": 0.1155424857324776, ""max_depth"": 5, ""subsample"": 0.5234154563561593, ""colsample_bytree"": 0.7563854929107485, ""min_child_weight"": 1, ""reg_alpha"": 0.8106541406532113, ""reg_lambda"": 1.3593465391375343}"
189,2026-06-05T12:11:38.520795+00:00,xgb,ranking_rf,189,4530,8,997,0.8619378209114075,741,256,0.4966686964035034,"[""V176"", ""V191"", ""V255"", ""V160"", ""V224"", ""V215"", ""V380"", ""V342""]","{""n_estimators"": 374, ""learning_rate"": 0.1206134625409059, ""max_depth"": 9, ""subsample"": 0.887833089742012, ""colsample_bytree"": 0.7001154005860323, ""min_child_weight"": 4, ""reg_alpha"": 0.26923997328433547, ""reg_lambda"": 1.2109635985804879}"
190,2026-06-05T12:11:49.661147+00:00,xgb,ranking_rf,190,5080,6,1000,0.7038508653640747,752,248,0.4988599121570587,"[""V176"", ""V191"", ""V255"", ""V160"", ""V224"", ""V215""]","{""n_estimators"": 163, ""learning_rate"": 0.06400920597228983, ""max_depth"": 6, ""subsample"": 0.925536989914405, ""colsample_bytree"": 0.7492175395763907, ""min_child_weight"": 4, ""reg_alpha"": 0.016847176099380468, ""reg_lambda"": 0.5287179381343641}"
191,2026-06-05T12:12:05.646228+00:00,xgb,ranking_rf,191,4745,7,1000,0.7704470753669739,743,257,0.499096155166626,"[""V176"", ""V191"", ""V255"", ""V160"", ""V224"", ""V215"", ""V380""]","{""n_estimators"": 178, ""learning_rate"": 0.13960260252712686, ""max_depth"": 8, ""subsample"": 0.8273950617407952, ""colsample_bytree"": 0.8548809317597057, ""min_child_weight"": 9, ""reg_alpha"": 0.594045674962394, ""reg_lambda"": 1.4565456583441032}"
192,2026-06-05T12:12:15.470844+00:00,xgb,ranking_rf,192,5000,7,1000,0.7065106630325317,760,240,0.4968254864215851,"[""V176"", ""V191"", ""V255"", ""V160"", ""V224"", ""V215"", ""V380""]","{""n_estimators"": 103, ""learning_rate"": 0.06832633894112093, ""max_depth"": 8, ""subsample"": 0.6553490766034309, ""colsample_bytree"": 0.6643686678777552, ""min_child_weight"": 5, ""reg_alpha"": 0.1047692018268398, ""reg_lambda"": 0.8338804238257018}"
193,2026-06-05T12:12:35.406597+00:00,xgb,ranking_rf,193,4975,6,1000,0.7101737856864929,745,255,0.4972001910209656,"[""V176"", ""V191"", ""V255"", ""V160"", ""V224"", ""V215""]","{""n_estimators"": 198, ""learning_rate"": 0.0461772232867126, ""max_depth"": 9, ""subsample"": 0.7116208223253591, ""colsample_bytree"": 0.9659743198444156, ""min_child_weight"": 9, ""reg_alpha"": 0.4374053436963742, ""reg_lambda"": 1.8285360233365302}"
194,2026-06-05T12:13:07.957764+00:00,xgb,ranking_rf,194,4785,6,999,0.7504447102546692,732,267,0.49693983793258667,"[""V176"", ""V191"", ""V255"", ""V160"", ""V224"", ""V215""]","{""n_estimators"": 338, ""learning_rate"": 0.0726996003796947, ""max_depth"": 9, ""subsample"": 0.6990791432494035, ""colsample_bytree"": 0.5455421161024053, ""min_child_weight"": 7, ""reg_alpha"": 0.8395091781396117, ""reg_lambda"": 1.788392210039253}"
195,2026-06-05T12:13:36.700138+00:00,xgb,ranking_rf,195,4725,6,999,0.777730405330658,728,271,0.4971521496772766,"[""V176"", ""V191"", ""V255"", ""V160"", ""V224"", ""V215""]","{""n_estimators"": 325, ""learning_rate"": 0.09131245127156759, ""max_depth"": 8, ""subsample"": 0.7863315810239155, ""colsample_bytree"": 0.7742531874341565, ""min_child_weight"": 6, ""reg_alpha"": 0.1007613669330879, ""reg_lambda"": 1.0667390102300418}"
196,2026-06-05T12:14:22.566540+00:00,xgb,ranking_rf,196,4765,6,1000,0.7764070630073547,731,269,0.5012270212173462,"[""V176"", ""V191"", ""V255"", ""V160"", ""V224"", ""V215""]","{""n_estimators"": 391, ""learning_rate"": 0.04472572553026431, ""max_depth"": 8, ""subsample"": 0.7884731681185995, ""colsample_bytree"": 0.8077597650846489, ""min_child_weight"": 1, ""reg_alpha"": 0.13405865719924293, ""reg_lambda"": 0.6801263685868757}"
197,2026-06-05T12:14:30.380035+00:00,xgb,ranking_rf,197,4960,6,1000,0.7045480608940125,744,256,0.49932393431663513,"[""V176"", ""V191"", ""V255"", ""V160"", ""V224"", ""V215""]","{""n_estimators"": 128, ""learning_rate"": 0.08878802528006066, ""max_depth"": 5, ""subsample"": 0.5895480514061532, ""colsample_bytree"": 0.7535922127295077, ""min_child_weight"": 2, ""reg_alpha"": 0.4258022513316886, ""reg_lambda"": 1.081968568553337}"
198,2026-06-05T12:15:00.228821+00:00,xgb,ranking_rf,198,4720,7,999,0.8135194778442383,741,258,0.49808651208877563,"[""V176"", ""V191"", ""V255"", ""V160"", ""V224"", ""V215"", ""V380""]","{""n_estimators"": 373, ""learning_rate"": 0.12915192624707095, ""max_depth"": 7, ""subsample"": 0.9881309074791317, ""colsample_bytree"": 0.8843745697370938, ""min_child_weight"": 5, ""reg_alpha"": 0.7347604621834732, ""reg_lambda"": 1.9062676800282536}"
199,2026-06-05T12:15:19.079082+00:00,xgb,ranking_rf,199,4780,6,1000,0.7531608939170837,732,268,0.4996238350868225,"[""V176"", ""V191"", ""V255"", ""V160"", ""V224"", ""V215""]","{""n_estimators"": 354, ""learning_rate"": 0.128073044745896, ""max_depth"": 5, ""subsample"": 0.653842487169016, ""colsample_bytree"": 0.5302063144194635, ""min_child_weight"": 9, ""reg_alpha"": 0.496896009749325, ""reg_lambda"": 2.4514379069317394}"
200,2026-06-05T12:15:39.968953+00:00,xgb,ranking_rf,200,4780,6,1000,0.7585242390632629,732,268,0.49753013253211975,"[""V176"", ""V191"", ""V255"", ""V160"", ""V224"", ""V215""]","{""n_estimators"": 388, ""learning_rate"": 0.12127629071463422, ""max_depth"": 5, ""subsample"": 0.9220763009173959, ""colsample_bytree"": 0.7319211751922479, ""min_child_weight"": 6, ""reg_alpha"": 0.5023517505785662, ""reg_lambda"": 1.403573130545568}"
201,2026-06-05T12:16:09.871186+00:00,xgb,ranking_rf,201,4600,6,1000,0.7812992930412292,720,280,0.4975583553314209,"[""V176"", ""V191"", ""V255"", ""V160"", ""V224"", ""V215""]","{""n_estimators"": 382, ""learning_rate"": 0.10412154439078355, ""max_depth"": 7, ""subsample"": 0.7972100721955663, ""colsample_bytree"": 0.7141543424648473, ""min_child_weight"": 7, ""reg_alpha"": 0.7270295728451086, ""reg_lambda"": 1.8044154790312454}"
202,2026-06-05T12:16:14.803699+00:00,xgb,ranking_rf,202,5120,4,1000,0.6747913360595703,728,272,0.4985518455505371,"[""V176"", ""V191"", ""V255"", ""V160""]","{""n_estimators"": 100, ""learning_rate"": 0.10943063573674948, ""max_depth"": 4, ""subsample"": 0.8055296976449715, ""colsample_bytree"": 0.904845901695718, ""min_child_weight"": 4, ""reg_alpha"": 0.14003681348221309, ""reg_lambda"": 1.0350237641949025}"
203,2026-06-05T12:16:23.582162+00:00,xgb,ranking_rf,203,5135,4,1000,0.6673908829689026,729,271,0.49740418791770935,"[""V176"", ""V191"", ""V255"", ""V160""]","{""n_estimators"": 251, ""learning_rate"": 0.0696081466493077, ""max_depth"": 3, ""subsample"": 0.6830029412840953, ""colsample_bytree"": 0.6979016400687101, ""min_child_weight"": 7, ""reg_alpha"": 0.5714755379709365, ""reg_lambda"": 1.6992139983709957}"
204,2026-06-05T12:16:35.724159+00:00,xgb,ranking_rf,204,4740,8,1000,0.7728487253189087,756,244,0.502102255821228,"[""V176"", ""V191"", ""V255"", ""V160"", ""V224"", ""V215"", ""V380"", ""V342""]","{""n_estimators"": 208, ""learning_rate"": 0.13008419326201648, ""max_depth"": 5, ""subsample"": 0.7253034415805064, ""colsample_bytree"": 0.8126736170514264, ""min_child_weight"": 3, ""reg_alpha"": 0.20780668175549577, ""reg_lambda"": 1.6888971506748391}"
205,2026-06-05T12:16:53.650676+00:00,xgb,ranking_rf,205,4730,4,1000,0.7557451725006104,702,298,0.5001588463783264,"[""V176"", ""V191"", ""V255"", ""V160""]","{""n_estimators"": 165, ""learning_rate"": 0.12829994668945977, ""max_depth"": 8, ""subsample"": 0.8326735481924232, ""colsample_bytree"": 0.999577354352863, ""min_child_weight"": 3, ""reg_alpha"": 0.32287268168537997, ""reg_lambda"": 1.7408356277025139}"
206,2026-06-05T12:17:31.565991+00:00,xgb,ranking_rf,206,4645,7,999,0.8373021483421326,736,263,0.4974502921104431,"[""V176"", ""V191"", ""V255"", ""V160"", ""V224"", ""V215"", ""V380""]","{""n_estimators"": 392, ""learning_rate"": 0.11414131624210533, ""max_depth"": 8, ""subsample"": 0.562420833186977, ""colsample_bytree"": 0.9816805308046518, ""min_child_weight"": 4, ""reg_alpha"": 0.4273238312076574, ""reg_lambda"": 1.040601990135688}"
207,2026-06-05T12:18:00.407718+00:00,xgb,ranking_rf,207,4290,8,1000,0.8437504768371582,726,274,0.4967992305755615,"[""V176"", ""V191"", ""V255"", ""V160"", ""V224"", ""V215"", ""V380"", ""V342""]","{""n_estimators"": 377, ""learning_rate"": 0.17985417554329092, ""max_depth"": 7, ""subsample"": 0.5228631567742412, ""colsample_bytree"": 0.7908538882675772, ""min_child_weight"": 7, ""reg_alpha"": 0.8086390541777922, ""reg_lambda"": 1.1942832644566317}"
208,2026-06-05T12:18:04.505803+00:00,xgb,ranking_rf,208,5180,4,1000,0.6650906801223755,732,268,0.4973214268684387,"[""V176"", ""V191"", ""V255"", ""V160""]","{""n_estimators"": 106, ""learning_rate"": 0.15722845826226012, ""max_depth"": 3, ""subsample"": 0.7236571420946005, ""colsample_bytree"": 0.6809433680466053, ""min_child_weight"": 7, ""reg_alpha"": 0.6547572801986157, ""reg_lambda"": 1.143464063832414}"
209,2026-06-05T12:18:33.656017+00:00,xgb,ranking_rf,209,5065,6,1000,0.7208792567253113,751,249,0.49851474165916443,"[""V176"", ""V191"", ""V255"", ""V160"", ""V224"", ""V215""]","{""n_estimators"": 298, ""learning_rate"": 0.03350177929008783, ""max_depth"": 8, ""subsample"": 0.9801676091600258, ""colsample_bytree"": 0.9899440186459942, ""min_child_weight"": 4, ""reg_alpha"": 0.19594561928608034, ""reg_lambda"": 0.7812342838223532}"
210,2026-06-05T12:18:47.235670+00:00,xgb,ranking_rf,210,4920,6,999,0.7414747476577759,741,258,0.49735936522483826,"[""V176"", ""V191"", ""V255"", ""V160"", ""V224"", ""V215""]","{""n_estimators"": 322, ""learning_rate"": 0.16097048178849752, ""max_depth"": 4, ""subsample"": 0.9093759168589453, ""colsample_bytree"": 0.8133976680628591, ""min_child_weight"": 8, ""reg_alpha"": 0.7086523232831442, ""reg_lambda"": 1.0862293939548266}"
211,2026-06-05T12:18:59.336136+00:00,xgb,ranking_rf,211,4900,6,1000,0.7269553542137146,740,260,0.4977570176124573,"[""V176"", ""V191"", ""V255"", ""V160"", ""V224"", ""V215""]","{""n_estimators"": 110, ""learning_rate"": 0.10018382918407927, ""max_depth"": 8, ""subsample"": 0.8915299045189957, ""colsample_bytree"": 0.7521904634441388, ""min_child_weight"": 2, ""reg_alpha"": 0.48014891969000717, ""reg_lambda"": 1.693878976477244}"
212,2026-06-05T12:19:46.286530+00:00,xgb,ranking_rf,212,4825,6,1000,0.7474873065948486,735,265,0.5008141398429871,"[""V176"", ""V191"", ""V255"", ""V160"", ""V224"", ""V215""]","{""n_estimators"": 362, ""learning_rate"": 0.04966536942067986, ""max_depth"": 9, ""subsample"": 0.9848294851260737, ""colsample_bytree"": 0.5162006390025555, ""min_child_weight"": 1, ""reg_alpha"": 0.5642145149306808, ""reg_lambda"": 2.409111260832729}"
213,2026-06-05T12:20:17.346653+00:00,xgb,ranking_rf,213,4790,6,986,0.7473383545875549,728,258,0.4986201226711273,"[""V176"", ""V191"", ""V255"", ""V160"", ""V224"", ""V215""]","{""n_estimators"": 380, ""learning_rate"": 0.054995490064870076, ""max_depth"": 7, ""subsample"": 0.5255151284323532, ""colsample_bytree"": 0.5050036852443185, ""min_child_weight"": 2, ""reg_alpha"": 0.7573561988990286, ""reg_lambda"": 1.0620365908772045}"
214,2026-06-05T12:20:34.718959+00:00,xgb,ranking_rf,214,4885,6,1000,0.7367913126945496,739,261,0.4985874593257904,"[""V176"", ""V191"", ""V255"", ""V160"", ""V224"", ""V215""]","{""n_estimators"": 399, ""learning_rate"": 0.11755807569516415, ""max_depth"": 4, ""subsample"": 0.972211216111379, ""colsample_bytree"": 0.8004636104576779, ""min_child_weight"": 4, ""reg_alpha"": 0.9158857742082411, ""reg_lambda"": 1.46972050325986}"
215,2026-06-05T12:20:56.151595+00:00,xgb,ranking_rf,215,4670,7,997,0.7988916039466858,737,260,0.4985431730747223,"[""V176"", ""V191"", ""V255"", ""V160"", ""V224"", ""V215"", ""V380""]","{""n_estimators"": 217, ""learning_rate"": 0.158943504045596, ""max_depth"": 9, ""subsample"": 0.9548704000713797, ""colsample_bytree"": 0.7025618690240694, ""min_child_weight"": 7, ""reg_alpha"": 0.6008328132600935, ""reg_lambda"": 1.4398846090790005}"
216,2026-06-05T12:21:07.683818+00:00,xgb,ranking_rf,216,5020,6,1000,0.6866738200187683,748,252,0.49691420793533325,"[""V176"", ""V191"", ""V255"", ""V160"", ""V224"", ""V215""]","{""n_estimators"": 114, ""learning_rate"": 0.05729833318629864, ""max_depth"": 9, ""subsample"": 0.8632233747212856, ""colsample_bytree"": 0.6381562355318178, ""min_child_weight"": 8, ""reg_alpha"": 0.6077007629005348, ""reg_lambda"": 1.1170292169369322}"
217,2026-06-05T12:21:36.633831+00:00,xgb,ranking_rf,217,4850,7,1000,0.7732858061790466,750,250,0.49763330817222595,"[""V176"", ""V191"", ""V255"", ""V160"", ""V224"", ""V215"", ""V380""]","{""n_estimators"": 340, ""learning_rate"": 0.09243471664895639, ""max_depth"": 8, ""subsample"": 0.8428205214196711, ""colsample_bytree"": 0.6055910587656016, ""min_child_weight"": 8, ""reg_alpha"": 0.9444693130561128, ""reg_lambda"": 1.3296272714618322}"
218,2026-06-05T12:22:13.229829+00:00,xgb,ranking_rf,218,4920,6,999,0.7156603336334229,741,258,0.49798065423965454,"[""V176"", ""V191"", ""V255"", ""V160"", ""V224"", ""V215""]","{""n_estimators"": 246, ""learning_rate"": 0.031177044727003382, ""max_depth"": 9, ""subsample"": 0.635830999994039, ""colsample_bytree"": 0.8038130443368878, ""min_child_weight"": 1, ""reg_alpha"": 0.6420463247343455, ""reg_lambda"": 1.4510422084686474}"
219,2026-06-05T12:22:25.866883+00:00,xgb,ranking_rf,219,4720,6,1000,0.7743670344352722,728,272,0.4991984963417053,"[""V176"", ""V191"", ""V255"", ""V160"", ""V224"", ""V215""]","{""n_estimators"": 177, ""learning_rate"": 0.16984946066388845, ""max_depth"": 6, ""subsample"": 0.8273721232804252, ""colsample_bytree"": 0.8988338368731641, ""min_child_weight"": 5, ""reg_alpha"": 0.35346798819520875, ""reg_lambda"": 0.9538698582253695}"
220,2026-06-05T12:22:38.117125+00:00,xgb,ranking_rf,220,5185,6,1000,0.6941393613815308,759,241,0.4988861382007599,"[""V176"", ""V191"", ""V255"", ""V160"", ""V224"", ""V215""]","{""n_estimators"": 352, ""learning_rate"": 0.07142509932704197, ""max_depth"": 3, ""subsample"": 0.5098804767119034, ""colsample_bytree"": 0.8646542948176328, ""min_child_weight"": 4, ""reg_alpha"": 0.7884468467440029, ""reg_lambda"": 2.353439477965291}"
221,2026-06-05T12:22:49.023938+00:00,xgb,ranking_rf,221,5125,4,996,0.6816547513008118,727,269,0.4977724254131317,"[""V176"", ""V191"", ""V255"", ""V160""]","{""n_estimators"": 320, ""learning_rate"": 0.08604801266974449, ""max_depth"": 3, ""subsample"": 0.6435653575909894, ""colsample_bytree"": 0.9141314749885181, ""min_child_weight"": 7, ""reg_alpha"": 0.47170821055432666, ""reg_lambda"": 1.3016826947049411}"
222,2026-06-05T12:23:03.688158+00:00,xgb,ranking_rf,222,4760,4,1000,0.733680009841919,704,296,0.4996463358402252,"[""V176"", ""V191"", ""V255"", ""V160""]","{""n_estimators"": 330, ""learning_rate"": 0.17464610229589525, ""max_depth"": 4, ""subsample"": 0.8299567527457161, ""colsample_bytree"": 0.9459292030633419, ""min_child_weight"": 7, ""reg_alpha"": 0.12043292313180742, ""reg_lambda"": 1.808979432536318}"
223,2026-06-05T12:23:27.860889+00:00,xgb,ranking_rf,223,4885,6,1000,0.732337474822998,739,261,0.4975409209728241,"[""V176"", ""V191"", ""V255"", ""V160"", ""V224"", ""V215""]","{""n_estimators"": 234, ""learning_rate"": 0.06186453769205195, ""max_depth"": 9, ""subsample"": 0.9178370941298499, ""colsample_bytree"": 0.8268826296081002, ""min_child_weight"": 7, ""reg_alpha"": 0.6792545555543575, ""reg_lambda"": 2.109657641657731}"
224,2026-06-05T12:23:34.392529+00:00,xgb,ranking_rf,224,4865,4,1000,0.6852152347564697,711,289,0.4973035156726837,"[""V176"", ""V191"", ""V255"", ""V160""]","{""n_estimators"": 117, ""learning_rate"": 0.14825504337429724, ""max_depth"": 5, ""subsample"": 0.8548022677637188, ""colsample_bytree"": 0.5188927957178662, ""min_child_weight"": 7, ""reg_alpha"": 0.2124911316951117, ""reg_lambda"": 1.5086292916939963}"
225,2026-06-05T12:24:04.567289+00:00,xgb,ranking_rf,225,4725,8,1000,0.8074595332145691,755,245,0.49737057089805603,"[""V176"", ""V191"", ""V255"", ""V160"", ""V224"", ""V215"", ""V380"", ""V342""]","{""n_estimators"": 289, ""learning_rate"": 0.09555724564104191, ""max_depth"": 9, ""subsample"": 0.7333563020609754, ""colsample_bytree"": 0.5324473183359684, ""min_child_weight"": 4, ""reg_alpha"": 0.6100410946632842, ""reg_lambda"": 0.9511831894853067}"
226,2026-06-05T12:24:29.453362+00:00,xgb,ranking_rf,226,4585,4,999,0.7457482218742371,692,307,0.4992900788784027,"[""V176"", ""V191"", ""V255"", ""V160""]","{""n_estimators"": 263, ""learning_rate"": 0.1250395452251532, ""max_depth"": 9, ""subsample"": 0.6149342343839219, ""colsample_bytree"": 0.6868491383187412, ""min_child_weight"": 8, ""reg_alpha"": 0.8953442360305133, ""reg_lambda"": 1.7025082026481346}"
227,2026-06-05T12:24:50.559546+00:00,xgb,ranking_rf,227,4815,8,1000,0.7606860399246216,761,239,0.4971618056297302,"[""V176"", ""V191"", ""V255"", ""V160"", ""V224"", ""V215"", ""V380"", ""V342""]","{""n_estimators"": 238, ""learning_rate"": 0.08172402045057728, ""max_depth"": 8, ""subsample"": 0.9042955030261661, ""colsample_bytree"": 0.8619070586439539, ""min_child_weight"": 9, ""reg_alpha"": 0.936476769606501, ""reg_lambda"": 1.4472352826526305}"
228,2026-06-05T12:24:57.935574+00:00,xgb,ranking_rf,228,5225,4,1000,0.6478337645530701,735,265,0.49669110774993896,"[""V176"", ""V191"", ""V255"", ""V160""]","{""n_estimators"": 132, ""learning_rate"": 0.045106844433286816, ""max_depth"": 5, ""subsample"": 0.8211340797288049, ""colsample_bytree"": 0.7260321838869483, ""min_child_weight"": 5, ""reg_alpha"": 0.8254849302539797, ""reg_lambda"": 1.7648444900528355}"
229,2026-06-05T12:25:16.782231+00:00,xgb,ranking_rf,229,4900,6,1000,0.7557666301727295,740,260,0.4994528293609619,"[""V176"", ""V191"", ""V255"", ""V160"", ""V224"", ""V215""]","{""n_estimators"": 244, ""learning_rate"": 0.11126141503532347, ""max_depth"": 7, ""subsample"": 0.987473518945586, ""colsample_bytree"": 0.6677387820148057, ""min_child_weight"": 4, ""reg_alpha"": 0.5890490882552291, ""reg_lambda"": 1.8073243458759651}"
230,2026-06-05T12:25:55.352452+00:00,xgb,ranking_rf,230,4715,8,993,0.7984122037887573,752,241,0.49983349442481995,"[""V176"", ""V191"", ""V255"", ""V160"", ""V224"", ""V215"", ""V380"", ""V342""]","{""n_estimators"": 268, ""learning_rate"": 0.07143948917933815, ""max_depth"": 9, ""subsample"": 0.8897308701021878, ""colsample_bytree"": 0.7352317206954597, ""min_child_weight"": 1, ""reg_alpha"": 0.44522779698789716, ""reg_lambda"": 1.900097205728279}"
231,2026-06-05T12:26:18.360342+00:00,xgb,ranking_rf,231,5030,7,1000,0.7101648449897766,762,238,0.49748051166534424,"[""V176"", ""V191"", ""V255"", ""V160"", ""V224"", ""V215"", ""V380""]","{""n_estimators"": 356, ""learning_rate"": 0.035007819327307094, ""max_depth"": 6, ""subsample"": 0.6292758303200805, ""colsample_bytree"": 0.6570611900601098, ""min_child_weight"": 5, ""reg_alpha"": 0.598389109559481, ""reg_lambda"": 2.0833956153177207}"
232,2026-06-05T12:26:26.483361+00:00,xgb,ranking_rf,232,5100,5,1000,0.6882288455963135,740,260,0.49499985575675964,"[""V176"", ""V191"", ""V255"", ""V160"", ""V224""]","{""n_estimators"": 187, ""learning_rate"": 0.12083752064132218, ""max_depth"": 4, ""subsample"": 0.7133550350945626, ""colsample_bytree"": 0.6576723474577082, ""min_child_weight"": 8, ""reg_alpha"": 0.7279919006185939, ""reg_lambda"": 2.016014204009445}"
233,2026-06-05T12:26:36.489666+00:00,xgb,ranking_rf,233,4960,8,998,0.725914478302002,770,228,0.49819687008857727,"[""V176"", ""V191"", ""V255"", ""V160"", ""V224"", ""V215"", ""V380"", ""V342""]","{""n_estimators"": 105, ""learning_rate"": 0.08192080807035734, ""max_depth"": 8, ""subsample"": 0.6683027321559942, ""colsample_bytree"": 0.7364401493615957, ""min_child_weight"": 5, ""reg_alpha"": 0.28409629684326765, ""reg_lambda"": 2.1957259181929842}"
234,2026-06-05T12:27:06.369279+00:00,xgb,ranking_rf,234,4565,7,1000,0.8510245680809021,731,269,0.49729180335998535,"[""V176"", ""V191"", ""V255"", ""V160"", ""V224"", ""V215"", ""V380""]","{""n_estimators"": 395, ""learning_rate"": 0.16383233977707495, ""max_depth"": 7, ""subsample"": 0.7810841981311893, ""colsample_bytree"": 0.5705108245793935, ""min_child_weight"": 4, ""reg_alpha"": 0.1484237756658635, ""reg_lambda"": 0.7367477079785434}"
235,2026-06-05T12:27:27.213138+00:00,xgb,ranking_rf,235,4665,7,998,0.8245545029640198,737,261,0.5005091428756714,"[""V176"", ""V191"", ""V255"", ""V160"", ""V224"", ""V215"", ""V380""]","{""n_estimators"": 285, ""learning_rate"": 0.16686006652589733, ""max_depth"": 6, ""subsample"": 0.7969786496707043, ""colsample_bytree"": 0.9998375166163125, ""min_child_weight"": 4, ""reg_alpha"": 0.6951190206372875, ""reg_lambda"": 1.1511868455535716}"
236,2026-06-05T12:27:44.196019+00:00,xgb,ranking_rf,236,4690,6,1000,0.7542815208435059,726,274,0.4991416931152344,"[""V176"", ""V191"", ""V255"", ""V160"", ""V224"", ""V215""]","{""n_estimators"": 194, ""learning_rate"": 0.10840605698476806, ""max_depth"": 7, ""subsample"": 0.820633552699191, ""colsample_bytree"": 0.8634135699797743, ""min_child_weight"": 4, ""reg_alpha"": 0.6253794054019376, ""reg_lambda"": 2.1765218626863705}"
237,2026-06-05T12:27:57.975012+00:00,xgb,ranking_rf,237,4735,6,1000,0.7586935758590698,729,271,0.4969877004623413,"[""V176"", ""V191"", ""V255"", ""V160"", ""V224"", ""V215""]","{""n_estimators"": 134, ""learning_rate"": 0.15160790278872252, ""max_depth"": 8, ""subsample"": 0.8447159261583044, ""colsample_bytree"": 0.8785713141826085, ""min_child_weight"": 5, ""reg_alpha"": 0.9706345731376895, ""reg_lambda"": 1.9273639284334363}"
238,2026-06-05T12:28:13.335099+00:00,xgb,ranking_rf,238,5180,6,998,0.6882679462432861,758,240,0.49668389558792114,"[""V176"", ""V191"", ""V255"", ""V160"", ""V224"", ""V215""]","{""n_estimators"": 359, ""learning_rate"": 0.03209366013691968, ""max_depth"": 4, ""subsample"": 0.82156582236521, ""colsample_bytree"": 0.8584986104802137, ""min_child_weight"": 8, ""reg_alpha"": 0.7211876625353518, ""reg_lambda"": 0.6078060481607053}"
239,2026-06-05T12:28:25.196691+00:00,xgb,ranking_rf,239,4940,6,995,0.7325149774551392,741,254,0.4962131381034851,"[""V176"", ""V191"", ""V255"", ""V160"", ""V224"", ""V215""]","{""n_estimators"": 135, ""learning_rate"": 0.09953285701416689, ""max_depth"": 7, ""subsample"": 0.8537013012885692, ""colsample_bytree"": 0.9735305097522693, ""min_child_weight"": 5, ""reg_alpha"": 0.9647470633909605, ""reg_lambda"": 0.6253031666833799}"
240,2026-06-05T12:28:31.501238+00:00,xgb,ranking_rf,240,5095,8,998,0.729875922203064,779,219,0.5000015497207642,"[""V176"", ""V191"", ""V255"", ""V160"", ""V224"", ""V215"", ""V380"", ""V342""]","{""n_estimators"": 133, ""learning_rate"": 0.14554905051957598, ""max_depth"": 4, ""subsample"": 0.6340403725363419, ""colsample_bytree"": 0.7419080158054936, ""min_child_weight"": 4, ""reg_alpha"": 0.7683620166105436, ""reg_lambda"": 1.2881912377771687}"
241,2026-06-05T12:28:44.557124+00:00,xgb,ranking_rf,241,4800,4,998,0.7269467115402222,706,292,0.49808818101882935,"[""V176"", ""V191"", ""V255"", ""V160""]","{""n_estimators"": 243, ""learning_rate"": 0.17510892528710162, ""max_depth"": 5, ""subsample"": 0.8918664199740634, ""colsample_bytree"": 0.6219563774272732, ""min_child_weight"": 6, ""reg_alpha"": 0.7927918905183943, ""reg_lambda"": 1.953471747300381}"
242,2026-06-05T12:29:08.937007+00:00,xgb,ranking_rf,242,4700,8,999,0.8085085153579712,753,246,0.500152587890625,"[""V176"", ""V191"", ""V255"", ""V160"", ""V224"", ""V215"", ""V380"", ""V342""]","{""n_estimators"": 386, ""learning_rate"": 0.11674598563041767, ""max_depth"": 6, ""subsample"": 0.99575044215289, ""colsample_bytree"": 0.9074297499986931, ""min_child_weight"": 5, ""reg_alpha"": 0.00039359712017494886, ""reg_lambda"": 1.7767508054288057}"
243,2026-06-05T12:29:34.741496+00:00,xgb,ranking_rf,243,4815,8,1000,0.7746086120605469,761,239,0.4982841908931732,"[""V176"", ""V191"", ""V255"", ""V160"", ""V224"", ""V215"", ""V380"", ""V342""]","{""n_estimators"": 242, ""learning_rate"": 0.06264402492553454, ""max_depth"": 9, ""subsample"": 0.8237870093101607, ""colsample_bytree"": 0.7898645777124222, ""min_child_weight"": 5, ""reg_alpha"": 0.10748699850593879, ""reg_lambda"": 1.7514707837819163}"
244,2026-06-05T12:29:55.432104+00:00,xgb,ranking_rf,244,4680,8,1000,0.8093253374099731,752,248,0.49731895327568054,"[""V176"", ""V191"", ""V255"", ""V160"", ""V224"", ""V215"", ""V380"", ""V342""]","{""n_estimators"": 381, ""learning_rate"": 0.14729879814876548, ""max_depth"": 5, ""subsample"": 0.8460652431325204, ""colsample_bytree"": 0.7792491853396594, ""min_child_weight"": 7, ""reg_alpha"": 0.44586233839611844, ""reg_lambda"": 1.965327804885954}"
245,2026-06-05T12:30:06.871874+00:00,xgb,ranking_rf,245,5060,4,1000,0.6501306295394897,724,276,0.4953679144382477,"[""V176"", ""V191"", ""V255"", ""V160""]","{""n_estimators"": 126, ""learning_rate"": 0.04489155764552884, ""max_depth"": 8, ""subsample"": 0.6981733738288391, ""colsample_bytree"": 0.5361968750798346, ""min_child_weight"": 6, ""reg_alpha"": 0.9904842879133589, ""reg_lambda"": 1.7620760847388734}"
246,2026-06-05T12:30:29.689636+00:00,xgb,ranking_rf,246,4990,6,1000,0.7249625325202942,746,254,0.4993343651294708,"[""V176"", ""V191"", ""V255"", ""V160"", ""V224"", ""V215""]","{""n_estimators"": 399, ""learning_rate"": 0.04687950069217968, ""max_depth"": 5, ""subsample"": 0.8858586887873995, ""colsample_bytree"": 0.8627333787922633, ""min_child_weight"": 2, ""reg_alpha"": 0.8789853822576723, ""reg_lambda"": 0.8910821554240982}"
247,2026-06-05T12:30:41.418696+00:00,xgb,ranking_rf,247,4775,4,997,0.715756356716156,704,293,0.4973233938217163,"[""V176"", ""V191"", ""V255"", ""V160""]","{""n_estimators"": 258, ""learning_rate"": 0.16686996631600068, ""max_depth"": 4, ""subsample"": 0.6361124611995401, ""colsample_bytree"": 0.958536729242492, ""min_child_weight"": 9, ""reg_alpha"": 0.5371991662341392, ""reg_lambda"": 1.4522300729656257}"
248,2026-06-05T12:30:50.944527+00:00,xgb,ranking_rf,248,5300,4,1000,0.6666468381881714,740,260,0.4972466230392456,"[""V176"", ""V191"", ""V255"", ""V160""]","{""n_estimators"": 227, ""learning_rate"": 0.06114791204133052, ""max_depth"": 4, ""subsample"": 0.9155302514165626, ""colsample_bytree"": 0.5429549279963759, ""min_child_weight"": 9, ""reg_alpha"": 0.9699768378015103, ""reg_lambda"": 1.8938394167459525}"
249,2026-06-05T12:31:21.808125+00:00,xgb,ranking_rf,249,4280,7,1000,0.8083325624465942,712,288,0.49776914715766907,"[""V176"", ""V191"", ""V255"", ""V160"", ""V224"", ""V215"", ""V380""]","{""n_estimators"": 354, ""learning_rate"": 0.14815447041955032, ""max_depth"": 9, ""subsample"": 0.5145694269435792, ""colsample_bytree"": 0.7849829375900395, ""min_child_weight"": 9, ""reg_alpha"": 0.50916131580001, ""reg_lambda"": 2.200669634258858}"
250,2026-06-05T12:31:54.018147+00:00,xgb,ranking_rf,250,4870,6,1000,0.7294297218322754,738,262,0.5003363490104675,"[""V176"", ""V191"", ""V255"", ""V160"", ""V224"", ""V215""]","{""n_estimators"": 372, ""learning_rate"": 0.036441153734278586, ""max_depth"": 7, ""subsample"": 0.9653997408966344, ""colsample_bytree"": 0.8177890894471482, ""min_child_weight"": 2, ""reg_alpha"": 0.43269122791944037, ""reg_lambda"": 0.9243143158168861}"
251,2026-06-05T12:32:09.802687+00:00,xgb,ranking_rf,251,4935,5,1000,0.714737594127655,729,271,0.49734336137771606,"[""V176"", ""V191"", ""V255"", ""V160"", ""V224""]","{""n_estimators"": 177, ""learning_rate"": 0.07089954611203525, ""max_depth"": 8, ""subsample"": 0.8093121952280664, ""colsample_bytree"": 0.8206704927692917, ""min_child_weight"": 6, ""reg_alpha"": 0.014227939942445977, ""reg_lambda"": 1.8966963833029207}"
252,2026-06-05T12:32:23.358131+00:00,xgb,ranking_rf,252,4860,8,1000,0.7366366982460022,764,236,0.49786025285720825,"[""V176"", ""V191"", ""V255"", ""V160"", ""V224"", ""V215"", ""V380"", ""V342""]","{""n_estimators"": 133, ""learning_rate"": 0.06989199869007884, ""max_depth"": 8, ""subsample"": 0.6999333364975407, ""colsample_bytree"": 0.8261454362082301, ""min_child_weight"": 4, ""reg_alpha"": 0.3691264252916585, ""reg_lambda"": 0.8742668035447259}"
253,2026-06-05T12:32:49.533541+00:00,xgb,ranking_rf,253,4455,8,1000,0.8600926995277405,737,263,0.4960259795188904,"[""V176"", ""V191"", ""V255"", ""V160"", ""V224"", ""V215"", ""V380"", ""V342""]","{""n_estimators"": 255, ""learning_rate"": 0.15818480219676073, ""max_depth"": 8, ""subsample"": 0.6236656184203225, ""colsample_bytree"": 0.75581465186391, ""min_child_weight"": 2, ""reg_alpha"": 0.3481155634802825, ""reg_lambda"": 1.0636785767331847}"
254,2026-06-05T12:33:32.994719+00:00,xgb,ranking_rf,254,4385,7,1000,0.8366764187812805,719,281,0.49680987000465393,"[""V176"", ""V191"", ""V255"", ""V160"", ""V224"", ""V215"", ""V380""]","{""n_estimators"": 367, ""learning_rate"": 0.10765766421350724, ""max_depth"": 8, ""subsample"": 0.7600433146213702, ""colsample_bytree"": 0.753894396664428, ""min_child_weight"": 1, ""reg_alpha"": 0.5300297459827586, ""reg_lambda"": 1.9323885920342778}"
255,2026-06-05T12:33:49.884300+00:00,xgb,ranking_rf,255,4835,7,1000,0.7588609457015991,749,251,0.4984962046146393,"[""V176"", ""V191"", ""V255"", ""V160"", ""V224"", ""V215"", ""V380""]","{""n_estimators"": 397, ""learning_rate"": 0.1260177224432955, ""max_depth"": 4, ""subsample"": 0.7393853782135867, ""colsample_bytree"": 0.7089318148591918, ""min_child_weight"": 7, ""reg_alpha"": 0.06805682745208586, ""reg_lambda"": 1.1499020935202264}"
256,2026-06-05T12:34:21.055653+00:00,xgb,ranking_rf,256,4810,6,1000,0.7603086233139038,734,266,0.4986884891986847,"[""V176"", ""V191"", ""V255"", ""V160"", ""V224"", ""V215""]","{""n_estimators"": 269, ""learning_rate"": 0.06345530756018841, ""max_depth"": 9, ""subsample"": 0.9896344990722749, ""colsample_bytree"": 0.9866962424602854, ""min_child_weight"": 3, ""reg_alpha"": 0.3300825460801403, ""reg_lambda"": 1.2602334645367024}"
257,2026-06-05T12:34:32.355737+00:00,xgb,ranking_rf,257,4960,6,1000,0.7252289056777954,744,256,0.4975423812866211,"[""V176"", ""V191"", ""V255"", ""V160"", ""V224"", ""V215""]","{""n_estimators"": 260, ""learning_rate"": 0.15515954999564666, ""max_depth"": 4, ""subsample"": 0.6016199272045251, ""colsample_bytree"": 0.5421215433097002, ""min_child_weight"": 8, ""reg_alpha"": 0.9707096472601386, ""reg_lambda"": 1.2178054508374905}"
258,2026-06-05T12:34:45.985723+00:00,xgb,ranking_rf,258,4880,8,999,0.7720938920974731,765,234,0.4985545873641968,"[""V176"", ""V191"", ""V255"", ""V160"", ""V224"", ""V215"", ""V380"", ""V342""]","{""n_estimators"": 315, ""learning_rate"": 0.15099842361629012, ""max_depth"": 4, ""subsample"": 0.7633378570612244, ""colsample_bytree"": 0.608856006559098, ""min_child_weight"": 4, ""reg_alpha"": 0.3967159489117993, ""reg_lambda"": 1.3416917212191461}"
259,2026-06-05T12:35:15.852456+00:00,xgb,ranking_rf,259,5030,8,999,0.7393837571144104,775,224,0.49881717562675476,"[""V176"", ""V191"", ""V255"", ""V160"", ""V224"", ""V215"", ""V380"", ""V342""]","{""n_estimators"": 299, ""learning_rate"": 0.03446832961358194, ""max_depth"": 8, ""subsample"": 0.7066235877195288, ""colsample_bytree"": 0.8538851352637156, ""min_child_weight"": 4, ""reg_alpha"": 0.5757204281501275, ""reg_lambda"": 0.8018954679017039}"
260,2026-06-05T12:35:32.137377+00:00,xgb,ranking_rf,260,4625,7,1000,0.7946065664291382,735,265,0.49889707565307617,"[""V176"", ""V191"", ""V255"", ""V160"", ""V224"", ""V215"", ""V380""]","{""n_estimators"": 204, ""learning_rate"": 0.16084961000924436, ""max_depth"": 6, ""subsample"": 0.6330677556667899, ""colsample_bytree"": 0.9377129553265038, ""min_child_weight"": 2, ""reg_alpha"": 0.8633012548147482, ""reg_lambda"": 2.1218629997139695}"
261,2026-06-05T12:35:37.606951+00:00,xgb,ranking_rf,261,5275,4,999,0.6417382955551147,738,261,0.4958064556121826,"[""V176"", ""V191"", ""V255"", ""V160""]","{""n_estimators"": 110, ""learning_rate"": 0.0390949105667837, ""max_depth"": 4, ""subsample"": 0.6296671749566255, ""colsample_bytree"": 0.8899065820406238, ""min_child_weight"": 2, ""reg_alpha"": 0.17038880155372327, ""reg_lambda"": 1.321458800204435}"
262,2026-06-05T12:35:55.158595+00:00,xgb,ranking_rf,262,4725,7,998,0.78607177734375,741,257,0.5012971758842468,"[""V176"", ""V191"", ""V255"", ""V160"", ""V224"", ""V215"", ""V380""]","{""n_estimators"": 324, ""learning_rate"": 0.1769456897889942, ""max_depth"": 5, ""subsample"": 0.913553334263686, ""colsample_bytree"": 0.8044327290327276, ""min_child_weight"": 9, ""reg_alpha"": 0.711006505255354, ""reg_lambda"": 2.388312384290225}"
263,2026-06-05T12:36:15.552101+00:00,xgb,ranking_rf,263,5080,6,1000,0.722815752029419,752,248,0.4975022077560425,"[""V176"", ""V191"", ""V255"", ""V160"", ""V224"", ""V215""]","{""n_estimators"": 305, ""learning_rate"": 0.043546544373714254, ""max_depth"": 6, ""subsample"": 0.7445481001082628, ""colsample_bytree"": 0.8662328717923955, ""min_child_weight"": 5, ""reg_alpha"": 0.23223760063530852, ""reg_lambda"": 0.6302362142752753}"
264,2026-06-05T12:36:25.666996+00:00,xgb,ranking_rf,264,4895,7,1000,0.7432910799980164,753,247,0.49692216515541077,"[""V176"", ""V191"", ""V255"", ""V160"", ""V224"", ""V215"", ""V380""]","{""n_estimators"": 223, ""learning_rate"": 0.1436798433489625, ""max_depth"": 4, ""subsample"": 0.7608012954590857, ""colsample_bytree"": 0.9584550456167942, ""min_child_weight"": 6, ""reg_alpha"": 0.3433184802505387, ""reg_lambda"": 0.8400218930648884}"
265,2026-06-05T12:36:51.315528+00:00,xgb,ranking_rf,265,4695,8,997,0.7858105897903442,752,245,0.49642157554626465,"[""V176"", ""V191"", ""V255"", ""V160"", ""V224"", ""V215"", ""V380"", ""V342""]","{""n_estimators"": 274, ""learning_rate"": 0.09972306032205212, ""max_depth"": 8, ""subsample"": 0.7863380885333622, ""colsample_bytree"": 0.5216783589627111, ""min_child_weight"": 4, ""reg_alpha"": 0.6158333353777803, ""reg_lambda"": 2.3695096605495785}"
266,2026-06-05T12:36:56.796470+00:00,xgb,ranking_rf,266,5355,4,998,0.6363990306854248,743,255,0.4964790940284729,"[""V176"", ""V191"", ""V255"", ""V160""]","{""n_estimators"": 153, ""learning_rate"": 0.04018684732935793, ""max_depth"": 3, ""subsample"": 0.560730240065699, ""colsample_bytree"": 0.5100033291767915, ""min_child_weight"": 8, ""reg_alpha"": 0.15773176075777406, ""reg_lambda"": 0.940423222512422}"
267,2026-06-05T12:37:22.218277+00:00,xgb,ranking_rf,267,5140,6,991,0.7013046145439148,753,238,0.4971461892127991,"[""V176"", ""V191"", ""V255"", ""V160"", ""V224"", ""V215""]","{""n_estimators"": 315, ""learning_rate"": 0.030368306127775174, ""max_depth"": 7, ""subsample"": 0.9387089365234613, ""colsample_bytree"": 0.7802978520588975, ""min_child_weight"": 5, ""reg_alpha"": 0.8963836187705556, ""reg_lambda"": 2.4995782558857584}"
268,2026-06-05T12:37:34.478312+00:00,xgb,ranking_rf,268,5000,4,1000,0.7037685513496399,720,280,0.4986340403556824,"[""V176"", ""V191"", ""V255"", ""V160""]","{""n_estimators"": 280, ""learning_rate"": 0.12205777828218502, ""max_depth"": 4, ""subsample"": 0.7897022065913181, ""colsample_bytree"": 0.6444774157726019, ""min_child_weight"": 4, ""reg_alpha"": 0.8162956691027852, ""reg_lambda"": 1.2082371566930314}"
269,2026-06-05T12:37:47.438740+00:00,xgb,ranking_rf,269,4880,4,1000,0.7187296748161316,712,288,0.49852874875068665,"[""V176"", ""V191"", ""V255"", ""V160""]","{""n_estimators"": 237, ""learning_rate"": 0.13428331557145257, ""max_depth"": 5, ""subsample"": 0.8499249711186811, ""colsample_bytree"": 0.6767351613816155, ""min_child_weight"": 3, ""reg_alpha"": 0.014944361357745684, ""reg_lambda"": 0.5182227312620249}"
270,2026-06-05T12:37:58.476811+00:00,xgb,ranking_rf,270,4705,7,999,0.7499908208847046,740,259,0.5005247592926025,"[""V176"", ""V191"", ""V255"", ""V160"", ""V224"", ""V215"", ""V380""]","{""n_estimators"": 140, ""learning_rate"": 0.16822191896073613, ""max_depth"": 7, ""subsample"": 0.9089921685885376, ""colsample_bytree"": 0.5330954098914026, ""min_child_weight"": 6, ""reg_alpha"": 0.8319242137636502, ""reg_lambda"": 2.212856442338029}"
271,2026-06-05T12:38:11.914095+00:00,xgb,ranking_rf,271,4690,6,1000,0.7480351328849792,726,274,0.4973697364330292,"[""V176"", ""V191"", ""V255"", ""V160"", ""V224"", ""V215""]","{""n_estimators"": 132, ""learning_rate"": 0.13766703800309016, ""max_depth"": 9, ""subsample"": 0.9517209307687221, ""colsample_bytree"": 0.5681779158118025, ""min_child_weight"": 5, ""reg_alpha"": 0.06732482620635838, ""reg_lambda"": 1.11964899757814}"
272,2026-06-05T12:38:29.098180+00:00,xgb,ranking_rf,272,4780,6,997,0.7192681431770325,731,266,0.498015433549881,"[""V176"", ""V191"", ""V255"", ""V160"", ""V224"", ""V215""]","{""n_estimators"": 197, ""learning_rate"": 0.08064621135191208, ""max_depth"": 8, ""subsample"": 0.6814880618327674, ""colsample_bytree"": 0.5213747488268325, ""min_child_weight"": 7, ""reg_alpha"": 0.6764862831797576, ""reg_lambda"": 1.0757549832014313}"
273,2026-06-05T12:38:49.383881+00:00,xgb,ranking_rf,273,4925,7,1000,0.7597846984863281,755,245,0.4983510375022888,"[""V176"", ""V191"", ""V255"", ""V160"", ""V224"", ""V215"", ""V380""]","{""n_estimators"": 342, ""learning_rate"": 0.09320291595001225, ""max_depth"": 6, ""subsample"": 0.9689489798730866, ""colsample_bytree"": 0.6530048111460103, ""min_child_weight"": 8, ""reg_alpha"": 0.019743443829227658, ""reg_lambda"": 1.028796109890846}"
274,2026-06-05T12:39:11.375090+00:00,xgb,ranking_rf,274,4880,7,1000,0.7470588088035583,752,248,0.49801522493362427,"[""V176"", ""V191"", ""V255"", ""V160"", ""V224"", ""V215"", ""V380""]","{""n_estimators"": 339, ""learning_rate"": 0.0813666719924036, ""max_depth"": 6, ""subsample"": 0.5317848802142184, ""colsample_bytree"": 0.502430321329717, ""min_child_weight"": 5, ""reg_alpha"": 0.5646298372531614, ""reg_lambda"": 0.5613655860914268}"
275,2026-06-05T12:39:31.897071+00:00,xgb,ranking_rf,275,4460,7,1000,0.8094667196273804,724,276,0.49966681003570557,"[""V176"", ""V191"", ""V255"", ""V160"", ""V224"", ""V215"", ""V380""]","{""n_estimators"": 214, ""learning_rate"": 0.16206126384520947, ""max_depth"": 8, ""subsample"": 0.5796591428962115, ""colsample_bytree"": 0.5471716595937843, ""min_child_weight"": 3, ""reg_alpha"": 0.3912498133334015, ""reg_lambda"": 1.0936627381487287}"
276,2026-06-05T12:39:39.417223+00:00,xgb,ranking_rf,276,4980,8,1000,0.7350338101387024,772,228,0.49726152420043945,"[""V176"", ""V191"", ""V255"", ""V160"", ""V224"", ""V215"", ""V380"", ""V342""]","{""n_estimators"": 158, ""learning_rate"": 0.14339603850882188, ""max_depth"": 4, ""subsample"": 0.7826456573948157, ""colsample_bytree"": 0.9673920873664286, ""min_child_weight"": 3, ""reg_alpha"": 0.9814911514263743, ""reg_lambda"": 2.0732179534318593}"
277,2026-06-05T12:39:57.516997+00:00,xgb,ranking_rf,277,4815,8,1000,0.7610141634941101,761,239,0.5012469291687012,"[""V176"", ""V191"", ""V255"", ""V160"", ""V224"", ""V215"", ""V380"", ""V342""]","{""n_estimators"": 262, ""learning_rate"": 0.07589930174192255, ""max_depth"": 6, ""subsample"": 0.6133687179963443, ""colsample_bytree"": 0.5062033500659744, ""min_child_weight"": 2, ""reg_alpha"": 0.5162619641002294, ""reg_lambda"": 0.8884014331306298}"
278,2026-06-05T12:40:11.623419+00:00,xgb,ranking_rf,278,4940,4,1000,0.6699727773666382,716,284,0.49809905886650085,"[""V176"", ""V191"", ""V255"", ""V160""]","{""n_estimators"": 166, ""learning_rate"": 0.04183772391231255, ""max_depth"": 7, ""subsample"": 0.8270274944447487, ""colsample_bytree"": 0.5982937984394316, ""min_child_weight"": 3, ""reg_alpha"": 0.07139902413910448, ""reg_lambda"": 0.8925669591471819}"
279,2026-06-05T12:40:23.057175+00:00,xgb,ranking_rf,279,5085,6,984,0.7188385725021362,747,237,0.49748241901397705,"[""V176"", ""V191"", ""V255"", ""V160"", ""V224"", ""V215""]","{""n_estimators"": 260, ""learning_rate"": 0.10425777342978289, ""max_depth"": 4, ""subsample"": 0.7596417807507077, ""colsample_bytree"": 0.8690717563269741, ""min_child_weight"": 8, ""reg_alpha"": 0.25917617072124033, ""reg_lambda"": 2.1447627487589602}"
280,2026-06-05T12:40:33.273482+00:00,xgb,ranking_rf,280,5110,6,1000,0.6861619353294373,754,246,0.4970337748527527,"[""V176"", ""V191"", ""V255"", ""V160"", ""V224"", ""V215""]","{""n_estimators"": 149, ""learning_rate"": 0.03953699144700008, ""max_depth"": 6, ""subsample"": 0.9173611832272681, ""colsample_bytree"": 0.86789081699837, ""min_child_weight"": 7, ""reg_alpha"": 0.15087369103425463, ""reg_lambda"": 1.6673296979892682}"
281,2026-06-05T12:40:46.445484+00:00,xgb,ranking_rf,281,5085,6,996,0.7080581188201904,751,245,0.49650341272354126,"[""V176"", ""V191"", ""V255"", ""V160"", ""V224"", ""V215""]","{""n_estimators"": 393, ""learning_rate"": 0.1123064471530981, ""max_depth"": 3, ""subsample"": 0.7469819692929773, ""colsample_bytree"": 0.6520102793909576, ""min_child_weight"": 8, ""reg_alpha"": 0.9121104888535994, ""reg_lambda"": 0.7541896421055043}"
282,2026-06-05T12:41:03.679814+00:00,xgb,ranking_rf,282,4825,6,997,0.7264792323112488,734,263,0.4989776909351349,"[""V176"", ""V191"", ""V255"", ""V160"", ""V224"", ""V215""]","{""n_estimators"": 216, ""learning_rate"": 0.07599166149783432, ""max_depth"": 7, ""subsample"": 0.5891853246709723, ""colsample_bytree"": 0.6606508145095429, ""min_child_weight"": 5, ""reg_alpha"": 0.3430070942862954, ""reg_lambda"": 1.0822757888540377}"
283,2026-06-05T12:41:17.495576+00:00,xgb,ranking_rf,283,5205,6,999,0.71681147813797,760,239,0.4977429211139679,"[""V176"", ""V191"", ""V255"", ""V160"", ""V224"", ""V215""]","{""n_estimators"": 332, ""learning_rate"": 0.08875835386701669, ""max_depth"": 4, ""subsample"": 0.9147436816319687, ""colsample_bytree"": 0.5154264678292537, ""min_child_weight"": 6, ""reg_alpha"": 0.9920749746293885, ""reg_lambda"": 1.2698029656716516}"
284,2026-06-05T12:41:39.142575+00:00,xgb,ranking_rf,284,4570,5,998,0.7708677649497986,704,294,0.49935662746429443,"[""V176"", ""V191"", ""V255"", ""V160"", ""V224""]","{""n_estimators"": 243, ""learning_rate"": 0.1574453919305912, ""max_depth"": 7, ""subsample"": 0.8204119493778226, ""colsample_bytree"": 0.5859323076301932, ""min_child_weight"": 2, ""reg_alpha"": 0.7624928946207605, ""reg_lambda"": 1.7998122747126528}"
285,2026-06-05T12:41:51.418757+00:00,xgb,ranking_rf,285,5055,8,1000,0.6954039931297302,777,223,0.4977993071079254,"[""V176"", ""V191"", ""V255"", ""V160"", ""V224"", ""V215"", ""V380"", ""V342""]","{""n_estimators"": 173, ""learning_rate"": 0.04553848181747301, ""max_depth"": 6, ""subsample"": 0.9392388861092404, ""colsample_bytree"": 0.5657816209003214, ""min_child_weight"": 2, ""reg_alpha"": 0.09907760361292017, ""reg_lambda"": 2.088235702925381}"
286,2026-06-05T12:42:00.342646+00:00,xgb,ranking_rf,286,5160,6,999,0.6861376762390137,757,242,0.497190922498703,"[""V176"", ""V191"", ""V255"", ""V160"", ""V224"", ""V215""]","{""n_estimators"": 261, ""learning_rate"": 0.07253927959862808, ""max_depth"": 3, ""subsample"": 0.8052038129255961, ""colsample_bytree"": 0.7817109358676899, ""min_child_weight"": 2, ""reg_alpha"": 0.5327790359329302, ""reg_lambda"": 2.2777247624470762}"
287,2026-06-05T12:42:27.963848+00:00,xgb,ranking_rf,287,4475,7,1000,0.8320567607879639,725,275,0.4985783100128174,"[""V176"", ""V191"", ""V255"", ""V160"", ""V224"", ""V215"", ""V380""]","{""n_estimators"": 393, ""learning_rate"": 0.15172140823493374, ""max_depth"": 6, ""subsample"": 0.6521155790312767, ""colsample_bytree"": 0.9322585029948977, ""min_child_weight"": 5, ""reg_alpha"": 0.2836328608049449, ""reg_lambda"": 2.4421198072010872}"
288,2026-06-05T12:43:02.985400+00:00,xgb,ranking_rf,288,4585,6,997,0.8134564757347107,718,279,0.4986494183540344,"[""V176"", ""V191"", ""V255"", ""V160"", ""V224"", ""V215""]","{""n_estimators"": 399, ""learning_rate"": 0.13661296803393747, ""max_depth"": 9, ""subsample"": 0.9841043121040887, ""colsample_bytree"": 0.7969492086075958, ""min_child_weight"": 8, ""reg_alpha"": 0.018113184334213606, ""reg_lambda"": 2.410302660615365}"
289,2026-06-05T12:43:13.771819+00:00,xgb,ranking_rf,289,5125,6,1000,0.6983962655067444,755,245,0.49796903133392334,"[""V176"", ""V191"", ""V255"", ""V160"", ""V224"", ""V215""]","{""n_estimators"": 262, ""learning_rate"": 0.08441114311855188, ""max_depth"": 4, ""subsample"": 0.9062656695085208, ""colsample_bytree"": 0.5109893829341378, ""min_child_weight"": 9, ""reg_alpha"": 0.0019094174578599965, ""reg_lambda"": 1.5442728579859344}"
290,2026-06-05T12:43:28.940875+00:00,xgb,ranking_rf,290,5170,6,1000,0.6853523254394531,758,242,0.49583670496940613,"[""V176"", ""V191"", ""V255"", ""V160"", ""V224"", ""V215""]","{""n_estimators"": 275, ""learning_rate"": 0.03531703292234474, ""max_depth"": 5, ""subsample"": 0.5889095188330615, ""colsample_bytree"": 0.8581635285112887, ""min_child_weight"": 6, ""reg_alpha"": 0.8173122588988911, ""reg_lambda"": 1.9172246369326853}"
291,2026-06-05T12:43:55.540193+00:00,xgb,ranking_rf,291,4830,8,1000,0.7738518118858337,762,238,0.49920639395713806,"[""V176"", ""V191"", ""V255"", ""V160"", ""V224"", ""V215"", ""V380"", ""V342""]","{""n_estimators"": 225, ""learning_rate"": 0.06936914825042625, ""max_depth"": 8, ""subsample"": 0.7416269370361357, ""colsample_bytree"": 0.6998988402092841, ""min_child_weight"": 1, ""reg_alpha"": 0.08144580957192082, ""reg_lambda"": 2.4334388744103723}"
292,2026-06-05T12:44:04.144398+00:00,xgb,ranking_rf,292,4960,6,1000,0.7047783136367798,744,256,0.49823129177093506,"[""V176"", ""V191"", ""V255"", ""V160"", ""V224"", ""V215""]","{""n_estimators"": 147, ""learning_rate"": 0.08930201486613445, ""max_depth"": 5, ""subsample"": 0.8253101131982901, ""colsample_bytree"": 0.7078405744684368, ""min_child_weight"": 2, ""reg_alpha"": 0.3854754594759452, ""reg_lambda"": 1.0326605088847807}"
293,2026-06-05T12:44:13.440499+00:00,xgb,ranking_rf,293,5160,6,999,0.7062718868255615,757,242,0.49774229526519775,"[""V176"", ""V191"", ""V255"", ""V160"", ""V224"", ""V215""]","{""n_estimators"": 272, ""learning_rate"": 0.12986291681397055, ""max_depth"": 3, ""subsample"": 0.799030898478017, ""colsample_bytree"": 0.7389165890846937, ""min_child_weight"": 5, ""reg_alpha"": 0.36016993805790476, ""reg_lambda"": 1.8060209842058612}"
294,2026-06-05T12:44:31.982119+00:00,xgb,ranking_rf,294,4675,6,1000,0.7473360300064087,725,275,0.49616381525993347,"[""V176"", ""V191"", ""V255"", ""V160"", ""V224"", ""V215""]","{""n_estimators"": 177, ""learning_rate"": 0.08686948485864997, ""max_depth"": 9, ""subsample"": 0.6836713158654701, ""colsample_bytree"": 0.8283178210102742, ""min_child_weight"": 6, ""reg_alpha"": 0.18476603303816652, ""reg_lambda"": 0.878439832545725}"
295,2026-06-05T12:44:47.840422+00:00,xgb,ranking_rf,295,5150,4,1000,0.679747998714447,730,270,0.49792689085006714,"[""V176"", ""V191"", ""V255"", ""V160""]","{""n_estimators"": 377, ""learning_rate"": 0.050448409212640336, ""max_depth"": 4, ""subsample"": 0.9258630389981573, ""colsample_bytree"": 0.6062745589071034, ""min_child_weight"": 2, ""reg_alpha"": 0.4548610474844579, ""reg_lambda"": 0.5112662738954297}"
296,2026-06-05T12:45:04.823816+00:00,xgb,ranking_rf,296,5155,6,1000,0.7273584008216858,757,243,0.4975077509880066,"[""V176"", ""V191"", ""V255"", ""V160"", ""V224"", ""V215""]","{""n_estimators"": 324, ""learning_rate"": 0.08851767286461257, ""max_depth"": 5, ""subsample"": 0.8656250803531546, ""colsample_bytree"": 0.7350437413818942, ""min_child_weight"": 9, ""reg_alpha"": 0.3828647258331257, ""reg_lambda"": 1.777463970147332}"
297,2026-06-05T12:45:22.095555+00:00,xgb,ranking_rf,297,4745,7,1000,0.7770941853523254,743,257,0.49947357177734375,"[""V176"", ""V191"", ""V255"", ""V160"", ""V224"", ""V215"", ""V380""]","{""n_estimators"": 263, ""learning_rate"": 0.13853710555163834, ""max_depth"": 6, ""subsample"": 0.620716862842972, ""colsample_bytree"": 0.6935747807468136, ""min_child_weight"": 6, ""reg_alpha"": 0.002940409394668997, ""reg_lambda"": 1.6053229366484334}"
298,2026-06-05T12:45:30.245083+00:00,xgb,ranking_rf,298,5110,6,1000,0.6860802173614502,754,246,0.4979705214500427,"[""V176"", ""V191"", ""V255"", ""V160"", ""V224"", ""V215""]","{""n_estimators"": 234, ""learning_rate"": 0.09621791689031776, ""max_depth"": 3, ""subsample"": 0.5360370669652414, ""colsample_bytree"": 0.5247810708692129, ""min_child_weight"": 5, ""reg_alpha"": 0.9716600253162436, ""reg_lambda"": 1.918103482123702}"
299,2026-06-05T12:45:54.212334+00:00,xgb,ranking_rf,299,4750,7,999,0.7848203182220459,743,256,0.4971293807029724,"[""V176"", ""V191"", ""V255"", ""V160"", ""V224"", ""V215"", ""V380""]","{""n_estimators"": 256, ""learning_rate"": 0.11569857514536964, ""max_depth"": 8, ""subsample"": 0.9114263550263733, ""colsample_bytree"": 0.7732759419921333, ""min_child_weight"": 6, ""reg_alpha"": 0.8413564806674667, ""reg_lambda"": 2.0829049329727543}"
300,2026-06-05T12:46:20.494632+00:00,xgb,ranking_rf,300,4480,7,993,0.8218874335289001,723,270,0.4952648878097534,"[""V176"", ""V191"", ""V255"", ""V160"", ""V224"", ""V215"", ""V380""]","{""n_estimators"": 318, ""learning_rate"": 0.15319438579099165, ""max_depth"": 7, ""subsample"": 0.7626558008762885, ""colsample_bytree"": 0.9811396760360347, ""min_child_weight"": 6, ""reg_alpha"": 0.6738443624343919, ""reg_lambda"": 1.6872451977408838}"
301,2026-06-05T12:46:36.829189+00:00,xgb,ranking_rf,301,4940,4,1000,0.6897868514060974,716,284,0.49820613861083984,"[""V176"", ""V191"", ""V255"", ""V160""]","{""n_estimators"": 309, ""learning_rate"": 0.06306679042542987, ""max_depth"": 5, ""subsample"": 0.6845406262646891, ""colsample_bytree"": 0.6453878518832088, ""min_child_weight"": 8, ""reg_alpha"": 0.7003744600865723, ""reg_lambda"": 1.3448436530097478}"
302,2026-06-05T12:46:58.589234+00:00,xgb,ranking_rf,302,4580,4,1000,0.7829068899154663,692,308,0.5008399486541748,"[""V176"", ""V191"", ""V255"", ""V160""]","{""n_estimators"": 168, ""learning_rate"": 0.13116475766736496, ""max_depth"": 8, ""subsample"": 0.6468072225066102, ""colsample_bytree"": 0.9915862882554043, ""min_child_weight"": 1, ""reg_alpha"": 0.39105643279960833, ""reg_lambda"": 1.4238121919598243}"
303,2026-06-05T12:47:04.270519+00:00,xgb,ranking_rf,303,5145,4,998,0.6758558750152588,729,269,0.4980391561985016,"[""V176"", ""V191"", ""V255"", ""V160""]","{""n_estimators"": 124, ""learning_rate"": 0.10037353295146655, ""max_depth"": 4, ""subsample"": 0.8065436987044907, ""colsample_bytree"": 0.9394230400458025, ""min_child_weight"": 4, ""reg_alpha"": 0.15321095381897876, ""reg_lambda"": 1.0132938236593376}"
304,2026-06-05T12:47:11.547319+00:00,xgb,ranking_rf,304,5145,4,998,0.6524146795272827,729,269,0.49628710746765137,"[""V176"", ""V191"", ""V255"", ""V160""]","{""n_estimators"": 159, ""learning_rate"": 0.038279705734217614, ""max_depth"": 4, ""subsample"": 0.7753971422661374, ""colsample_bytree"": 0.9054459297315465, ""min_child_weight"": 6, ""reg_alpha"": 0.6890043723231779, ""reg_lambda"": 1.9849940268253203}"
305,2026-06-05T12:47:33.066469+00:00,xgb,ranking_rf,305,4865,7,994,0.7826800346374512,749,245,0.5008988976478577,"[""V176"", ""V191"", ""V255"", ""V160"", ""V224"", ""V215"", ""V380""]","{""n_estimators"": 387, ""learning_rate"": 0.13164168346259758, ""max_depth"": 5, ""subsample"": 0.9696398243385753, ""colsample_bytree"": 0.7046608540992362, ""min_child_weight"": 2, ""reg_alpha"": 0.6025004382146482, ""reg_lambda"": 2.28061550275075}"
306,2026-06-05T12:47:59.996839+00:00,xgb,ranking_rf,306,4505,7,1000,0.8340169787406921,727,273,0.49501273036003113,"[""V176"", ""V191"", ""V255"", ""V160"", ""V224"", ""V215"", ""V380""]","{""n_estimators"": 311, ""learning_rate"": 0.17248188382340834, ""max_depth"": 7, ""subsample"": 0.7105024831559232, ""colsample_bytree"": 0.7404491656028118, ""min_child_weight"": 3, ""reg_alpha"": 0.9810341443333886, ""reg_lambda"": 1.3887177981364678}"
307,2026-06-05T12:48:29.444101+00:00,xgb,ranking_rf,307,4480,8,995,0.8357091546058655,737,258,0.4963744282722473,"[""V176"", ""V191"", ""V255"", ""V160"", ""V224"", ""V215"", ""V380"", ""V342""]","{""n_estimators"": 324, ""learning_rate"": 0.15125956709123425, ""max_depth"": 9, ""subsample"": 0.6620408087744488, ""colsample_bytree"": 0.7448512735535029, ""min_child_weight"": 8, ""reg_alpha"": 0.022462472298727665, ""reg_lambda"": 1.2958504012935665}"
308,2026-06-05T12:48:56.275431+00:00,xgb,ranking_rf,308,4600,6,1000,0.7750126123428345,720,280,0.49797046184539795,"[""V176"", ""V191"", ""V255"", ""V160"", ""V224"", ""V215""]","{""n_estimators"": 277, ""learning_rate"": 0.09279276296372731, ""max_depth"": 8, ""subsample"": 0.6456700074758037, ""colsample_bytree"": 0.7055806696127134, ""min_child_weight"": 4, ""reg_alpha"": 0.48826610164698947, ""reg_lambda"": 1.3522953672152704}"
309,2026-06-05T12:49:01.424178+00:00,xgb,ranking_rf,309,5305,4,996,0.6246987581253052,739,257,0.49636808037757874,"[""V176"", ""V191"", ""V255"", ""V160""]","{""n_estimators"": 140, ""learning_rate"": 0.03323024103249465, ""max_depth"": 3, ""subsample"": 0.5957866874116182, ""colsample_bytree"": 0.6079255419929565, ""min_child_weight"": 1, ""reg_alpha"": 0.5537155363447223, ""reg_lambda"": 0.964295337111613}"
310,2026-06-05T12:49:17.184897+00:00,xgb,ranking_rf,310,4830,7,998,0.7602545022964478,748,250,0.49898001551628113,"[""V176"", ""V191"", ""V255"", ""V160"", ""V224"", ""V215"", ""V380""]","{""n_estimators"": 363, ""learning_rate"": 0.1517259724397549, ""max_depth"": 4, ""subsample"": 0.8545418623392296, ""colsample_bytree"": 0.8542339105261525, ""min_child_weight"": 9, ""reg_alpha"": 0.4269680841301582, ""reg_lambda"": 2.4551800377296455}"
311,2026-06-05T12:49:27.111641+00:00,xgb,ranking_rf,311,4910,6,998,0.7225659489631653,740,258,0.49801144003868103,"[""V176"", ""V191"", ""V255"", ""V160"", ""V224"", ""V215""]","{""n_estimators"": 224, ""learning_rate"": 0.1302852906107485, ""max_depth"": 4, ""subsample"": 0.5455791749449456, ""colsample_bytree"": 0.643627862567806, ""min_child_weight"": 4, ""reg_alpha"": 0.31286143474987327, ""reg_lambda"": 0.6214681536881224}"
312,2026-06-05T12:49:37.391937+00:00,xgb,ranking_rf,312,5040,5,1000,0.6873076558113098,736,264,0.49603885412216187,"[""V176"", ""V191"", ""V255"", ""V160"", ""V224""]","{""n_estimators"": 292, ""learning_rate"": 0.09592558932201153, ""max_depth"": 3, ""subsample"": 0.5414316112736917, ""colsample_bytree"": 0.8098194382696109, ""min_child_weight"": 4, ""reg_alpha"": 0.6888564250944492, ""reg_lambda"": 1.2943003241464248}"
313,2026-06-05T12:49:42.853751+00:00,xgb,ranking_rf,313,5170,7,999,0.6878029108047485,771,228,0.49687817692756653,"[""V176"", ""V191"", ""V255"", ""V160"", ""V224"", ""V215"", ""V380""]","{""n_estimators"": 120, ""learning_rate"": 0.09280830297978974, ""max_depth"": 4, ""subsample"": 0.6913028440262308, ""colsample_bytree"": 0.6032366971155498, ""min_child_weight"": 9, ""reg_alpha"": 0.6206778211680212, ""reg_lambda"": 1.372209518314356}"
314,2026-06-05T12:49:48.142559+00:00,xgb,ranking_rf,314,5130,6,996,0.6735738515853882,754,242,0.4968845844268799,"[""V176"", ""V191"", ""V255"", ""V160"", ""V224"", ""V215""]","{""n_estimators"": 108, ""learning_rate"": 0.06979591453459602, ""max_depth"": 4, ""subsample"": 0.808966861969497, ""colsample_bytree"": 0.9731231935569691, ""min_child_weight"": 3, ""reg_alpha"": 0.6705675189911386, ""reg_lambda"": 1.7876304264724323}"
315,2026-06-05T12:49:55.989659+00:00,xgb,ranking_rf,315,4780,6,1000,0.7240756750106812,732,268,0.49516329169273376,"[""V176"", ""V191"", ""V255"", ""V160"", ""V224"", ""V215""]","{""n_estimators"": 108, ""learning_rate"": 0.1756813435128427, ""max_depth"": 6, ""subsample"": 0.632523875586231, ""colsample_bytree"": 0.8916026897708693, ""min_child_weight"": 8, ""reg_alpha"": 0.9158082591545209, ""reg_lambda"": 2.410556133507959}"
316,2026-06-05T12:50:07.705748+00:00,xgb,ranking_rf,316,4985,5,999,0.6950992941856384,732,267,0.4982260763645172,"[""V176"", ""V191"", ""V255"", ""V160"", ""V224""]","{""n_estimators"": 199, ""learning_rate"": 0.07187481782328597, ""max_depth"": 5, ""subsample"": 0.6578237691964646, ""colsample_bytree"": 0.998450133865232, ""min_child_weight"": 4, ""reg_alpha"": 0.7370035880243998, ""reg_lambda"": 1.4759671238322587}"
317,2026-06-05T12:50:23.639884+00:00,xgb,ranking_rf,317,4745,4,1000,0.7264276742935181,703,297,0.4975998103618622,"[""V176"", ""V191"", ""V255"", ""V160""]","{""n_estimators"": 187, ""learning_rate"": 0.123320046033273, ""max_depth"": 7, ""subsample"": 0.5415026351915679, ""colsample_bytree"": 0.5948546593747283, ""min_child_weight"": 3, ""reg_alpha"": 0.8381152336577052, ""reg_lambda"": 1.902141871764689}"
318,2026-06-05T12:50:45.481390+00:00,xgb,ranking_rf,318,4735,8,998,0.8168048858642578,755,243,0.5017713904380798,"[""V176"", ""V191"", ""V255"", ""V160"", ""V224"", ""V215"", ""V380"", ""V342""]","{""n_estimators"": 347, ""learning_rate"": 0.12912136799801383, ""max_depth"": 6, ""subsample"": 0.9817610081544046, ""colsample_bytree"": 0.7883755144258491, ""min_child_weight"": 5, ""reg_alpha"": 0.05776215872268742, ""reg_lambda"": 0.9855831050819763}"
319,2026-06-05T12:50:53.583469+00:00,xgb,ranking_rf,319,4940,4,1000,0.6968770027160645,716,284,0.49733465909957886,"[""V176"", ""V191"", ""V255"", ""V160""]","{""n_estimators"": 174, ""learning_rate"": 0.16458765516091345, ""max_depth"": 4, ""subsample"": 0.572240641647731, ""colsample_bytree"": 0.7027937349000819, ""min_child_weight"": 2, ""reg_alpha"": 0.23179452139321977, ""reg_lambda"": 2.157054882439919}"
320,2026-06-05T12:51:09.979497+00:00,xgb,ranking_rf,320,5155,6,1000,0.6883522868156433,757,243,0.4976692497730255,"[""V176"", ""V191"", ""V255"", ""V160"", ""V224"", ""V215""]","{""n_estimators"": 389, ""learning_rate"": 0.040616065839952906, ""max_depth"": 4, ""subsample"": 0.571899425061118, ""colsample_bytree"": 0.5070477110312186, ""min_child_weight"": 5, ""reg_alpha"": 0.45871956220816146, ""reg_lambda"": 1.8194334843248705}"
321,2026-06-05T12:51:36.115676+00:00,xgb,ranking_rf,321,4455,5,1000,0.7769198417663574,697,303,0.4996311664581299,"[""V176"", ""V191"", ""V255"", ""V160"", ""V224""]","{""n_estimators"": 369, ""learning_rate"": 0.16651852710839354, ""max_depth"": 7, ""subsample"": 0.996654647148987, ""colsample_bytree"": 0.7003459175719987, ""min_child_weight"": 9, ""reg_alpha"": 0.41335533278284053, ""reg_lambda"": 2.0779892209414568}"
322,2026-06-05T12:51:41.874305+00:00,xgb,ranking_rf,322,5240,4,1000,0.6353768110275269,736,264,0.4955552816390991,"[""V176"", ""V191"", ""V255"", ""V160""]","{""n_estimators"": 126, ""learning_rate"": 0.04168685380741865, ""max_depth"": 4, ""subsample"": 0.7391943568277041, ""colsample_bytree"": 0.6945982193681773, ""min_child_weight"": 9, ""reg_alpha"": 0.5266756362845376, ""reg_lambda"": 2.3151075064796807}"
323,2026-06-05T12:51:49.491349+00:00,xgb,ranking_rf,323,5230,4,999,0.661041796207428,735,264,0.497408002614975,"[""V176"", ""V191"", ""V255"", ""V160""]","{""n_estimators"": 173, ""learning_rate"": 0.05125380944201404, ""max_depth"": 4, ""subsample"": 0.5429385869454262, ""colsample_bytree"": 0.5383125842266332, ""min_child_weight"": 6, ""reg_alpha"": 0.5779465059479731, ""reg_lambda"": 0.8984052443944852}"
324,2026-06-05T12:52:13.281641+00:00,xgb,ranking_rf,324,4720,7,999,0.7990964651107788,741,258,0.4990864396095276,"[""V176"", ""V191"", ""V255"", ""V160"", ""V224"", ""V215"", ""V380""]","{""n_estimators"": 284, ""learning_rate"": 0.12483944972270741, ""max_depth"": 7, ""subsample"": 0.9519249090451438, ""colsample_bytree"": 0.937740289742661, ""min_child_weight"": 4, ""reg_alpha"": 0.5083291052203583, ""reg_lambda"": 1.991736739858824}"
325,2026-06-05T12:52:29.460433+00:00,xgb,ranking_rf,325,5045,7,1000,0.7203218936920166,763,237,0.4978927671909332,"[""V176"", ""V191"", ""V255"", ""V160"", ""V224"", ""V215"", ""V380""]","{""n_estimators"": 253, ""learning_rate"": 0.06827636485619218, ""max_depth"": 6, ""subsample"": 0.5288773270527456, ""colsample_bytree"": 0.667940228232466, ""min_child_weight"": 9, ""reg_alpha"": 0.6352146412549811, ""reg_lambda"": 1.1098950988611906}"
326,2026-06-05T12:52:57.892997+00:00,xgb,ranking_rf,326,4460,7,1000,0.8486963510513306,724,276,0.49853387475013733,"[""V176"", ""V191"", ""V255"", ""V160"", ""V224"", ""V215"", ""V380""]","{""n_estimators"": 285, ""learning_rate"": 0.17715728195684363, ""max_depth"": 9, ""subsample"": 0.8415328759902213, ""colsample_bytree"": 0.8456846950093289, ""min_child_weight"": 6, ""reg_alpha"": 0.1540561599522543, ""reg_lambda"": 1.9927697850402877}"
327,2026-06-05T12:53:18.722830+00:00,xgb,ranking_rf,327,4450,6,1000,0.7780817747116089,710,290,0.49682480096817017,"[""V176"", ""V191"", ""V255"", ""V160"", ""V224"", ""V215""]","{""n_estimators"": 253, ""learning_rate"": 0.14558400711401823, ""max_depth"": 8, ""subsample"": 0.7512224556290732, ""colsample_bytree"": 0.5180009391545384, ""min_child_weight"": 9, ""reg_alpha"": 0.6244720769528799, ""reg_lambda"": 0.9843579796042699}"
328,2026-06-05T12:53:24.207390+00:00,xgb,ranking_rf,328,5215,4,993,0.6640737056732178,732,261,0.4968922734260559,"[""V176"", ""V191"", ""V255"", ""V160""]","{""n_estimators"": 154, ""learning_rate"": 0.08801859214613672, ""max_depth"": 3, ""subsample"": 0.8573950720429822, ""colsample_bytree"": 0.8398756843981485, ""min_child_weight"": 9, ""reg_alpha"": 0.373903897000435, ""reg_lambda"": 1.7471628879498633}"
329,2026-06-05T12:53:41.101139+00:00,xgb,ranking_rf,329,4985,7,1000,0.717881977558136,759,241,0.49670740962028503,"[""V176"", ""V191"", ""V255"", ""V160"", ""V224"", ""V215"", ""V380""]","{""n_estimators"": 184, ""learning_rate"": 0.048946298869842406, ""max_depth"": 8, ""subsample"": 0.543612261038442, ""colsample_bytree"": 0.9232594983427174, ""min_child_weight"": 6, ""reg_alpha"": 0.06416483908006176, ""reg_lambda"": 1.2644304034167644}"
330,2026-06-05T12:53:49.335626+00:00,xgb,ranking_rf,330,5170,6,1000,0.6833326816558838,758,242,0.4973597526550293,"[""V176"", ""V191"", ""V255"", ""V160"", ""V224"", ""V215""]","{""n_estimators"": 246, ""learning_rate"": 0.08864544253490902, ""max_depth"": 3, ""subsample"": 0.9129300074974399, ""colsample_bytree"": 0.5923379613083708, ""min_child_weight"": 6, ""reg_alpha"": 0.4651772429761618, ""reg_lambda"": 1.4716644727989525}"
331,2026-06-05T12:54:14.400300+00:00,xgb,ranking_rf,331,4945,6,1000,0.7284934520721436,743,257,0.4982052147388458,"[""V176"", ""V191"", ""V255"", ""V160"", ""V224"", ""V215""]","{""n_estimators"": 321, ""learning_rate"": 0.059485532846810706, ""max_depth"": 7, ""subsample"": 0.9671427272699025, ""colsample_bytree"": 0.7415680987834248, ""min_child_weight"": 6, ""reg_alpha"": 0.9333841582479172, ""reg_lambda"": 1.7624121770987309}"
332,2026-06-05T12:54:23.097456+00:00,xgb,ranking_rf,332,5090,4,1000,0.6620408296585083,726,274,0.49741917848587036,"[""V176"", ""V191"", ""V255"", ""V160""]","{""n_estimators"": 253, ""learning_rate"": 0.04739872485408747, ""max_depth"": 3, ""subsample"": 0.8186065077484181, ""colsample_bytree"": 0.7920772354665313, ""min_child_weight"": 2, ""reg_alpha"": 0.08933988911643365, ""reg_lambda"": 1.8924170410315773}"
333,2026-06-05T12:54:38.291586+00:00,xgb,ranking_rf,333,4665,8,1000,0.7770505547523499,751,249,0.49741673469543457,"[""V176"", ""V191"", ""V255"", ""V160"", ""V224"", ""V215"", ""V380"", ""V342""]","{""n_estimators"": 147, ""learning_rate"": 0.13375634256385313, ""max_depth"": 9, ""subsample"": 0.6426651562143844, ""colsample_bytree"": 0.9650197115449606, ""min_child_weight"": 8, ""reg_alpha"": 0.25575326231541906, ""reg_lambda"": 2.4436532529672665}"
334,2026-06-05T12:55:03.104742+00:00,xgb,ranking_rf,334,4595,8,999,0.8512335419654846,746,253,0.4996369183063507,"[""V176"", ""V191"", ""V255"", ""V160"", ""V224"", ""V215"", ""V380"", ""V342""]","{""n_estimators"": 368, ""learning_rate"": 0.13934260918485103, ""max_depth"": 6, ""subsample"": 0.6664075081435545, ""colsample_bytree"": 0.7986631444421478, ""min_child_weight"": 4, ""reg_alpha"": 0.04830366574949008, ""reg_lambda"": 0.7090603763449417}"
335,2026-06-05T12:55:11.165901+00:00,xgb,ranking_rf,335,4930,4,999,0.6903790235519409,715,284,0.4975612163543701,"[""V176"", ""V191"", ""V255"", ""V160""]","{""n_estimators"": 230, ""learning_rate"": 0.1721652585631072, ""max_depth"": 3, ""subsample"": 0.5621337978717444, ""colsample_bytree"": 0.5852740531208278, ""min_child_weight"": 4, ""reg_alpha"": 0.6966026337671779, ""reg_lambda"": 0.604164209952017}"
336,2026-06-05T12:55:31.325271+00:00,xgb,ranking_rf,336,4780,6,1000,0.7901300191879272,732,268,0.49818292260169983,"[""V176"", ""V191"", ""V255"", ""V160"", ""V224"", ""V215""]","{""n_estimators"": 349, ""learning_rate"": 0.15814355808743813, ""max_depth"": 5, ""subsample"": 0.8231615947304187, ""colsample_bytree"": 0.7271751044425206, ""min_child_weight"": 2, ""reg_alpha"": 0.5908125548616511, ""reg_lambda"": 1.5316214628498006}"
337,2026-06-05T12:55:36.057490+00:00,xgb,ranking_rf,337,5000,4,1000,0.6738011837005615,720,280,0.49701210856437683,"[""V176"", ""V191"", ""V255"", ""V160""]","{""n_estimators"": 128, ""learning_rate"": 0.16448554749680913, ""max_depth"": 3, ""subsample"": 0.8829105579494683, ""colsample_bytree"": 0.8307848496506839, ""min_child_weight"": 7, ""reg_alpha"": 0.7041876662339233, ""reg_lambda"": 1.7879538512096738}"
338,2026-06-05T12:55:47.990760+00:00,xgb,ranking_rf,338,5140,6,1000,0.7032421231269836,756,244,0.49693867564201355,"[""V176"", ""V191"", ""V255"", ""V160"", ""V224"", ""V215""]","{""n_estimators"": 360, ""learning_rate"": 0.09822560074206524, ""max_depth"": 3, ""subsample"": 0.7838902981276599, ""colsample_bytree"": 0.524847102781181, ""min_child_weight"": 5, ""reg_alpha"": 0.9580571892115066, ""reg_lambda"": 1.7571444711024984}"
339,2026-06-05T12:56:05.313299+00:00,xgb,ranking_rf,339,4945,6,1000,0.7265185117721558,743,257,0.4988267123699188,"[""V176"", ""V191"", ""V255"", ""V160"", ""V224"", ""V215""]","{""n_estimators"": 179, ""learning_rate"": 0.060672963964680054, ""max_depth"": 8, ""subsample"": 0.9128230864368483, ""colsample_bytree"": 0.7594947318574614, ""min_child_weight"": 4, ""reg_alpha"": 0.13428842431760069, ""reg_lambda"": 0.6905716552076004}"
340,2026-06-05T12:56:12.867882+00:00,xgb,ranking_rf,340,5230,4,999,0.6549386978149414,735,264,0.4968579113483429,"[""V176"", ""V191"", ""V255"", ""V160""]","{""n_estimators"": 218, ""learning_rate"": 0.041814869387014356, ""max_depth"": 3, ""subsample"": 0.6359644407731551, ""colsample_bytree"": 0.761332104328727, ""min_child_weight"": 5, ""reg_alpha"": 0.37724720705176207, ""reg_lambda"": 2.1670314687273153}"
341,2026-06-05T12:56:22.996163+00:00,xgb,ranking_rf,341,5275,6,1000,0.6975798010826111,765,235,0.49784305691719055,"[""V176"", ""V191"", ""V255"", ""V160"", ""V224"", ""V215""]","{""n_estimators"": 232, ""learning_rate"": 0.07251193885324253, ""max_depth"": 4, ""subsample"": 0.7716903954319592, ""colsample_bytree"": 0.6715941074514055, ""min_child_weight"": 4, ""reg_alpha"": 0.261303310458854, ""reg_lambda"": 1.1754988958802843}"
342,2026-06-05T12:56:35.829900+00:00,xgb,ranking_rf,342,5015,4,1000,0.703065037727356,721,279,0.4997171461582184,"[""V176"", ""V191"", ""V255"", ""V160""]","{""n_estimators"": 215, ""learning_rate"": 0.07667615435251432, ""max_depth"": 5, ""subsample"": 0.8489916955659383, ""colsample_bytree"": 0.8390739367047434, ""min_child_weight"": 1, ""reg_alpha"": 0.8091550129418644, ""reg_lambda"": 0.6596984508075137}"
343,2026-06-05T12:56:42.910456+00:00,xgb,ranking_rf,343,4855,8,998,0.7572725415229797,763,235,0.4972660541534424,"[""V176"", ""V191"", ""V255"", ""V160"", ""V224"", ""V215"", ""V380"", ""V342""]","{""n_estimators"": 119, ""learning_rate"": 0.17789611751844833, ""max_depth"": 5, ""subsample"": 0.5204016533373573, ""colsample_bytree"": 0.7884179358127805, ""min_child_weight"": 4, ""reg_alpha"": 0.13214054942810016, ""reg_lambda"": 1.0048931454499752}"
344,2026-06-05T12:56:50.519028+00:00,xgb,ranking_rf,344,5215,6,1000,0.6965000033378601,761,239,0.4982236325740814,"[""V176"", ""V191"", ""V255"", ""V160"", ""V224"", ""V215""]","{""n_estimators"": 213, ""learning_rate"": 0.1269028520189526, ""max_depth"": 3, ""subsample"": 0.7945368305594885, ""colsample_bytree"": 0.9323008218371028, ""min_child_weight"": 5, ""reg_alpha"": 0.9212215637795673, ""reg_lambda"": 2.363663230520198}"
345,2026-06-05T12:57:13.499219+00:00,xgb,ranking_rf,345,4555,7,990,0.8129253387451172,727,263,0.49726495146751404,"[""V176"", ""V191"", ""V255"", ""V160"", ""V224"", ""V215"", ""V380""]","{""n_estimators"": 217, ""learning_rate"": 0.12842941735242108, ""max_depth"": 8, ""subsample"": 0.628487244317081, ""colsample_bytree"": 0.9813927420407422, ""min_child_weight"": 3, ""reg_alpha"": 0.3340252750631807, ""reg_lambda"": 1.6517981186056634}"
346,2026-06-05T12:57:19.300774+00:00,xgb,ranking_rf,346,5110,6,1000,0.6958785653114319,754,246,0.49759355187416077,"[""V176"", ""V191"", ""V255"", ""V160"", ""V224"", ""V215""]","{""n_estimators"": 124, ""learning_rate"": 0.13431275218526, ""max_depth"": 4, ""subsample"": 0.98083310053527, ""colsample_bytree"": 0.9301410997069811, ""min_child_weight"": 5, ""reg_alpha"": 0.49474806137419547, ""reg_lambda"": 1.9210808295018795}"
347,2026-06-05T12:57:32.141544+00:00,xgb,ranking_rf,347,4990,6,1000,0.7197933793067932,746,254,0.49576830863952637,"[""V176"", ""V191"", ""V255"", ""V160"", ""V224"", ""V215""]","{""n_estimators"": 376, ""learning_rate"": 0.12509799444202585, ""max_depth"": 3, ""subsample"": 0.5928049030627042, ""colsample_bytree"": 0.7217280960223902, ""min_child_weight"": 3, ""reg_alpha"": 0.01833833957879183, ""reg_lambda"": 1.766263445660561}"
348,2026-06-05T12:57:47.305734+00:00,xgb,ranking_rf,348,4775,6,998,0.7465464472770691,731,267,0.49869441986083984,"[""V176"", ""V191"", ""V255"", ""V160"", ""V224"", ""V215""]","{""n_estimators"": 277, ""learning_rate"": 0.13074538471663089, ""max_depth"": 5, ""subsample"": 0.9401440124774778, ""colsample_bytree"": 0.878207386360518, ""min_child_weight"": 4, ""reg_alpha"": 0.8367486877064269, ""reg_lambda"": 2.406128295639194}"
349,2026-06-05T12:58:07.535932+00:00,xgb,ranking_rf,349,4790,8,993,0.7699958086013794,757,236,0.4985891580581665,"[""V176"", ""V191"", ""V255"", ""V160"", ""V224"", ""V215"", ""V380"", ""V342""]","{""n_estimators"": 183, ""learning_rate"": 0.08588220698865184, ""max_depth"": 8, ""subsample"": 0.6659693201274063, ""colsample_bytree"": 0.9867986526755073, ""min_child_weight"": 3, ""reg_alpha"": 0.7560800147305349, ""reg_lambda"": 1.808648654373059}"
350,2026-06-05T12:58:42.411239+00:00,xgb,ranking_rf,350,4550,7,1000,0.8129640817642212,730,270,0.49659857153892517,"[""V176"", ""V191"", ""V255"", ""V160"", ""V224"", ""V215"", ""V380""]","{""n_estimators"": 289, ""learning_rate"": 0.11948146101554281, ""max_depth"": 9, ""subsample"": 0.6180974757764846, ""colsample_bytree"": 0.9576503927149869, ""min_child_weight"": 3, ""reg_alpha"": 0.8027234869040961, ""reg_lambda"": 2.4809108487914964}"
351,2026-06-05T12:58:53.956470+00:00,xgb,ranking_rf,351,4880,7,1000,0.7590844631195068,752,248,0.5009886622428894,"[""V176"", ""V191"", ""V255"", ""V160"", ""V224"", ""V215"", ""V380""]","{""n_estimators"": 223, ""learning_rate"": 0.14626781044481169, ""max_depth"": 5, ""subsample"": 0.9473767638360108, ""colsample_bytree"": 0.6416294656553388, ""min_child_weight"": 5, ""reg_alpha"": 0.09316769266551717, ""reg_lambda"": 1.178844861220331}"
352,2026-06-05T12:59:06.578680+00:00,xgb,ranking_rf,352,5115,6,999,0.6889532804489136,754,245,0.4966062903404236,"[""V176"", ""V191"", ""V255"", ""V160"", ""V224"", ""V215""]","{""n_estimators"": 166, ""learning_rate"": 0.04587461302022504, ""max_depth"": 6, ""subsample"": 0.504470421344176, ""colsample_bytree"": 0.9092973591745993, ""min_child_weight"": 2, ""reg_alpha"": 0.16292942115458375, ""reg_lambda"": 2.457872898833882}"
353,2026-06-05T12:59:12.540533+00:00,xgb,ranking_rf,353,5175,6,999,0.6972259879112244,758,241,0.49693456292152405,"[""V176"", ""V191"", ""V255"", ""V160"", ""V224"", ""V215""]","{""n_estimators"": 166, ""learning_rate"": 0.16013796235809646, ""max_depth"": 3, ""subsample"": 0.6158735689509767, ""colsample_bytree"": 0.5504086608453373, ""min_child_weight"": 2, ""reg_alpha"": 0.2389106535876644, ""reg_lambda"": 1.8541045284755686}"
354,2026-06-05T12:59:27.536167+00:00,xgb,ranking_rf,354,4870,7,999,0.7977630496025085,751,248,0.49962952733039856,"[""V176"", ""V191"", ""V255"", ""V160"", ""V224"", ""V215"", ""V380""]","{""n_estimators"": 225, ""learning_rate"": 0.17498243547566733, ""max_depth"": 6, ""subsample"": 0.9078287251802999, ""colsample_bytree"": 0.8404311024264041, ""min_child_weight"": 5, ""reg_alpha"": 0.3052011538480608, ""reg_lambda"": 0.6775230980252471}"
355,2026-06-05T12:59:56.183130+00:00,xgb,ranking_rf,355,4445,7,1000,0.7974688410758972,723,277,0.4965190887451172,"[""V176"", ""V191"", ""V255"", ""V160"", ""V224"", ""V215"", ""V380""]","{""n_estimators"": 272, ""learning_rate"": 0.10979073113193559, ""max_depth"": 8, ""subsample"": 0.644057139009419, ""colsample_bytree"": 0.8523666106164219, ""min_child_weight"": 3, ""reg_alpha"": 0.5557929497493587, ""reg_lambda"": 2.1378073766046755}"
356,2026-06-05T13:00:26.672224+00:00,xgb,ranking_rf,356,4795,6,1000,0.7616685032844543,733,267,0.4994640648365021,"[""V176"", ""V191"", ""V255"", ""V160"", ""V224"", ""V215""]","{""n_estimators"": 354, ""learning_rate"": 0.0718265332863699, ""max_depth"": 8, ""subsample"": 0.9708336928310022, ""colsample_bytree"": 0.5697591582132197, ""min_child_weight"": 4, ""reg_alpha"": 0.07179250469946985, ""reg_lambda"": 1.218546638321599}"
357,2026-06-05T13:00:51.012833+00:00,xgb,ranking_rf,357,4680,8,1000,0.8126603960990906,752,248,0.49721190333366394,"[""V176"", ""V191"", ""V255"", ""V160"", ""V224"", ""V215"", ""V380"", ""V342""]","{""n_estimators"": 379, ""learning_rate"": 0.13268947880723003, ""max_depth"": 6, ""subsample"": 0.8649015222347048, ""colsample_bytree"": 0.7538489766168612, ""min_child_weight"": 8, ""reg_alpha"": 0.4644786666649421, ""reg_lambda"": 1.8067449813309366}"
358,2026-06-05T13:01:18.759096+00:00,xgb,ranking_rf,358,4655,4,1000,0.7917505502700806,697,303,0.49903008341789246,"[""V176"", ""V191"", ""V255"", ""V160""]","{""n_estimators"": 268, ""learning_rate"": 0.14545709662360917, ""max_depth"": 9, ""subsample"": 0.909337806995894, ""colsample_bytree"": 0.8446877835420623, ""min_child_weight"": 6, ""reg_alpha"": 0.5922879387182498, ""reg_lambda"": 1.7977684381097407}"
359,2026-06-05T13:01:47.375683+00:00,xgb,ranking_rf,359,4830,7,995,0.7556159496307373,747,248,0.4979213774204254,"[""V176"", ""V191"", ""V255"", ""V160"", ""V224"", ""V215"", ""V380""]","{""n_estimators"": 301, ""learning_rate"": 0.06112923412342196, ""max_depth"": 9, ""subsample"": 0.9633552830759958, ""colsample_bytree"": 0.6044099101928063, ""min_child_weight"": 7, ""reg_alpha"": 0.5902008334612625, ""reg_lambda"": 1.1441470743115778}"
360,2026-06-05T13:02:18.558390+00:00,xgb,ranking_rf,360,4450,7,996,0.8165605068206787,722,274,0.4966639578342438,"[""V176"", ""V191"", ""V255"", ""V160"", ""V224"", ""V215"", ""V380""]","{""n_estimators"": 330, ""learning_rate"": 0.13500351368438862, ""max_depth"": 9, ""subsample"": 0.71537678809903, ""colsample_bytree"": 0.7175105966723493, ""min_child_weight"": 8, ""reg_alpha"": 0.6091080570925863, ""reg_lambda"": 1.1202641095862476}"
361,2026-06-05T13:02:27.706168+00:00,xgb,ranking_rf,361,5035,6,1000,0.7219290733337402,749,251,0.4984758198261261,"[""V176"", ""V191"", ""V255"", ""V160"", ""V224"", ""V215""]","{""n_estimators"": 164, ""learning_rate"": 0.12642490216515065, ""max_depth"": 5, ""subsample"": 0.6847511503491108, ""colsample_bytree"": 0.7133098000464655, ""min_child_weight"": 7, ""reg_alpha"": 0.2061876208764558, ""reg_lambda"": 2.0730053283195256}"
362,2026-06-05T13:02:39.180401+00:00,xgb,ranking_rf,362,5320,4,999,0.6733874082565308,741,258,0.49723613262176514,"[""V176"", ""V191"", ""V255"", ""V160""]","{""n_estimators"": 353, ""learning_rate"": 0.07582095410021564, ""max_depth"": 3, ""subsample"": 0.9380929844715444, ""colsample_bytree"": 0.7049996084658205, ""min_child_weight"": 9, ""reg_alpha"": 0.06715908344493005, ""reg_lambda"": 2.143304339204708}"
363,2026-06-05T13:02:49.890024+00:00,xgb,ranking_rf,363,4970,7,1000,0.7437953352928162,758,242,0.4985785186290741,"[""V176"", ""V191"", ""V255"", ""V160"", ""V224"", ""V215"", ""V380""]","{""n_estimators"": 255, ""learning_rate"": 0.17797994846575416, ""max_depth"": 4, ""subsample"": 0.8768534391893701, ""colsample_bytree"": 0.5408785770486889, ""min_child_weight"": 8, ""reg_alpha"": 0.6155977915741561, ""reg_lambda"": 0.6883321139736382}"
364,2026-06-05T13:03:03.365788+00:00,xgb,ranking_rf,364,4950,6,999,0.7558183670043945,743,256,0.5010820031166077,"[""V176"", ""V191"", ""V255"", ""V160"", ""V224"", ""V215""]","{""n_estimators"": 311, ""learning_rate"": 0.14341777178106108, ""max_depth"": 4, ""subsample"": 0.7943033530439771, ""colsample_bytree"": 0.6708340602921745, ""min_child_weight"": 2, ""reg_alpha"": 0.037175529820830944, ""reg_lambda"": 1.4640805366183094}"
365,2026-06-05T13:03:21.589843+00:00,xgb,ranking_rf,365,5125,7,999,0.7175581455230713,768,231,0.49663519859313965,"[""V176"", ""V191"", ""V255"", ""V160"", ""V224"", ""V215"", ""V380""]","{""n_estimators"": 274, ""learning_rate"": 0.046419451049379515, ""max_depth"": 6, ""subsample"": 0.5951728153387291, ""colsample_bytree"": 0.920886429457551, ""min_child_weight"": 8, ""reg_alpha"": 0.3871676886834531, ""reg_lambda"": 1.8156841674260005}"
366,2026-06-05T13:03:33.807150+00:00,xgb,ranking_rf,366,4795,6,1000,0.7492906451225281,733,267,0.4985608458518982,"[""V176"", ""V191"", ""V255"", ""V160"", ""V224"", ""V215""]","{""n_estimators"": 182, ""learning_rate"": 0.16523721729398075, ""max_depth"": 6, ""subsample"": 0.8423052337425487, ""colsample_bytree"": 0.7942810329093077, ""min_child_weight"": 9, ""reg_alpha"": 0.6779604685800207, ""reg_lambda"": 1.651678805127925}"
367,2026-06-05T13:03:51.928187+00:00,xgb,ranking_rf,367,4670,4,1000,0.7743334770202637,698,302,0.5018138885498047,"[""V176"", ""V191"", ""V255"", ""V160""]","{""n_estimators"": 158, ""learning_rate"": 0.15872831186700215, ""max_depth"": 9, ""subsample"": 0.9380390910926568, ""colsample_bytree"": 0.9532211731035967, ""min_child_weight"": 4, ""reg_alpha"": 0.2821407658278343, ""reg_lambda"": 1.5559245668746147}"
368,2026-06-05T13:04:03.170927+00:00,xgb,ranking_rf,368,5210,4,1000,0.666845977306366,734,266,0.49753573536872864,"[""V176"", ""V191"", ""V255"", ""V160""]","{""n_estimators"": 339, ""learning_rate"": 0.04935587218967262, ""max_depth"": 3, ""subsample"": 0.7683891941215251, ""colsample_bytree"": 0.6434469225413697, ""min_child_weight"": 4, ""reg_alpha"": 0.20179975141797413, ""reg_lambda"": 2.320488661973549}"
369,2026-06-05T13:04:15.153619+00:00,xgb,ranking_rf,369,5065,4,999,0.669249951839447,724,275,0.49770990014076233,"[""V176"", ""V191"", ""V255"", ""V160""]","{""n_estimators"": 201, ""learning_rate"": 0.030011402707162536, ""max_depth"": 5, ""subsample"": 0.7835723940226413, ""colsample_bytree"": 0.9681283913003224, ""min_child_weight"": 2, ""reg_alpha"": 0.6938933441971448, ""reg_lambda"": 0.6703459439772721}"
370,2026-06-05T13:04:34.202837+00:00,xgb,ranking_rf,370,4935,6,999,0.7277608513832092,742,257,0.4971220791339874,"[""V176"", ""V191"", ""V255"", ""V160"", ""V224"", ""V215""]","{""n_estimators"": 370, ""learning_rate"": 0.08151734476708297, ""max_depth"": 5, ""subsample"": 0.726343313026903, ""colsample_bytree"": 0.6163664899425607, ""min_child_weight"": 7, ""reg_alpha"": 0.21570930151457224, ""reg_lambda"": 2.3784831393420918}"
371,2026-06-05T13:04:45.100618+00:00,xgb,ranking_rf,371,5005,4,999,0.6926587224006653,720,279,0.4985744059085846,"[""V176"", ""V191"", ""V255"", ""V160""]","{""n_estimators"": 332, ""learning_rate"": 0.14501101512581716, ""max_depth"": 3, ""subsample"": 0.9337582293060112, ""colsample_bytree"": 0.6660198717407084, ""min_child_weight"": 7, ""reg_alpha"": 0.3241507921976695, ""reg_lambda"": 1.3971959830564553}"
372,2026-06-05T13:05:00.903381+00:00,xgb,ranking_rf,372,4745,7,1000,0.7484084367752075,743,257,0.49848994612693787,"[""V176"", ""V191"", ""V255"", ""V160"", ""V224"", ""V215"", ""V380""]","{""n_estimators"": 181, ""learning_rate"": 0.11590435067434614, ""max_depth"": 7, ""subsample"": 0.792325991438326, ""colsample_bytree"": 0.518134222753913, ""min_child_weight"": 2, ""reg_alpha"": 0.9910594855160908, ""reg_lambda"": 2.2699391706681133}"
373,2026-06-05T13:05:41.081054+00:00,xgb,ranking_rf,373,4585,7,999,0.8019391894340515,732,267,0.49699756503105164,"[""V176"", ""V191"", ""V255"", ""V160"", ""V224"", ""V215"", ""V380""]","{""n_estimators"": 355, ""learning_rate"": 0.07911073537331786, ""max_depth"": 8, ""subsample"": 0.7055798960631745, ""colsample_bytree"": 0.8572106324863928, ""min_child_weight"": 2, ""reg_alpha"": 0.5912627021765406, ""reg_lambda"": 2.4452661873374066}"
374,2026-06-05T13:06:00.303089+00:00,xgb,ranking_rf,374,4885,6,1000,0.7503823041915894,739,261,0.49826112389564514,"[""V176"", ""V191"", ""V255"", ""V160"", ""V224"", ""V215""]","{""n_estimators"": 370, ""learning_rate"": 0.10677850862956277, ""max_depth"": 5, ""subsample"": 0.8786624403499138, ""colsample_bytree"": 0.5717574881647812, ""min_child_weight"": 5, ""reg_alpha"": 0.2592908498640971, ""reg_lambda"": 0.5425773175870237}"
375,2026-06-05T13:06:26.802786+00:00,xgb,ranking_rf,375,4915,7,999,0.7594499588012695,754,245,0.4994424879550934,"[""V176"", ""V191"", ""V255"", ""V160"", ""V224"", ""V215"", ""V380""]","{""n_estimators"": 259, ""learning_rate"": 0.06892040900137308, ""max_depth"": 7, ""subsample"": 0.5794948403672711, ""colsample_bytree"": 0.8699279787375026, ""min_child_weight"": 1, ""reg_alpha"": 0.7721431657762545, ""reg_lambda"": 2.221894296110462}"
376,2026-06-05T13:06:49.011776+00:00,xgb,ranking_rf,376,5060,4,1000,0.6854132413864136,724,276,0.4973558485507965,"[""V176"", ""V191"", ""V255"", ""V160""]","{""n_estimators"": 352, ""learning_rate"": 0.03805517874984324, ""max_depth"": 6, ""subsample"": 0.5176838197246283, ""colsample_bytree"": 0.6076515150391649, ""min_child_weight"": 6, ""reg_alpha"": 0.2441186703255298, ""reg_lambda"": 1.5264833124500508}"
377,2026-06-05T13:06:58.473825+00:00,xgb,ranking_rf,377,5160,6,999,0.6892397999763489,757,242,0.49723711609840393,"[""V176"", ""V191"", ""V255"", ""V160"", ""V224"", ""V215""]","{""n_estimators"": 224, ""learning_rate"": 0.07748001671969318, ""max_depth"": 4, ""subsample"": 0.9731434059794462, ""colsample_bytree"": 0.5376707918773884, ""min_child_weight"": 7, ""reg_alpha"": 0.8068394908569135, ""reg_lambda"": 1.2692006343857942}"
378,2026-06-05T13:07:05.030878+00:00,xgb,ranking_rf,378,5200,4,996,0.6771752834320068,732,264,0.4967346787452698,"[""V176"", ""V191"", ""V255"", ""V160""]","{""n_estimators"": 115, ""learning_rate"": 0.07454771599279605, ""max_depth"": 5, ""subsample"": 0.7609364030621646, ""colsample_bytree"": 0.9105502581238889, ""min_child_weight"": 9, ""reg_alpha"": 0.12035503781149015, ""reg_lambda"": 1.8992501719515704}"
379,2026-06-05T13:07:17.146639+00:00,xgb,ranking_rf,379,4940,8,999,0.7332823276519775,769,230,0.4970603585243225,"[""V176"", ""V191"", ""V255"", ""V160"", ""V224"", ""V215"", ""V380"", ""V342""]","{""n_estimators"": 344, ""learning_rate"": 0.10287032386406186, ""max_depth"": 3, ""subsample"": 0.5250672766580953, ""colsample_bytree"": 0.9082096488486721, ""min_child_weight"": 7, ""reg_alpha"": 0.768916383682357, ""reg_lambda"": 0.8466251793466284}"
380,2026-06-05T13:07:35.257124+00:00,xgb,ranking_rf,380,4905,6,993,0.7308468222618103,738,255,0.4979541003704071,"[""V176"", ""V191"", ""V255"", ""V160"", ""V224"", ""V215""]","{""n_estimators"": 340, ""learning_rate"": 0.07471929873768608, ""max_depth"": 5, ""subsample"": 0.8025593879244834, ""colsample_bytree"": 0.7905029420064373, ""min_child_weight"": 9, ""reg_alpha"": 0.698420640075531, ""reg_lambda"": 0.5108295582987863}"
381,2026-06-05T13:07:46.479195+00:00,xgb,ranking_rf,381,5020,6,1000,0.7495298981666565,748,252,0.5007960796356201,"[""V176"", ""V191"", ""V255"", ""V160"", ""V224"", ""V215""]","{""n_estimators"": 158, ""learning_rate"": 0.14922480837517288, ""max_depth"": 6, ""subsample"": 0.920575986434381, ""colsample_bytree"": 0.6847343891088518, ""min_child_weight"": 3, ""reg_alpha"": 0.6845762638984801, ""reg_lambda"": 1.2662886773701036}"
382,2026-06-05T13:07:57.742271+00:00,xgb,ranking_rf,382,4990,6,982,0.726272463798523,740,242,0.49737030267715454,"[""V176"", ""V191"", ""V255"", ""V160"", ""V224"", ""V215""]","{""n_estimators"": 173, ""learning_rate"": 0.09324862812614934, ""max_depth"": 6, ""subsample"": 0.6320007750846004, ""colsample_bytree"": 0.7668152723491337, ""min_child_weight"": 7, ""reg_alpha"": 0.14907796221845926, ""reg_lambda"": 1.17262871095532}"
383,2026-06-05T13:08:13.260773+00:00,xgb,ranking_rf,383,4995,6,999,0.7140124440193176,746,253,0.4964807629585266,"[""V176"", ""V191"", ""V255"", ""V160"", ""V224"", ""V215""]","{""n_estimators"": 169, ""learning_rate"": 0.05615948308581871, ""max_depth"": 8, ""subsample"": 0.9847638028637595, ""colsample_bytree"": 0.8907366343721306, ""min_child_weight"": 7, ""reg_alpha"": 0.5266584927405785, ""reg_lambda"": 1.4322344920382553}"
384,2026-06-05T13:08:20.933483+00:00,xgb,ranking_rf,384,5055,5,1000,0.6602296233177185,737,263,0.496433824300766,"[""V176"", ""V191"", ""V255"", ""V160"", ""V224""]","{""n_estimators"": 129, ""learning_rate"": 0.05456469199913819, ""max_depth"": 5, ""subsample"": 0.6675076209237434, ""colsample_bytree"": 0.7984537571229016, ""min_child_weight"": 3, ""reg_alpha"": 0.1825759873912185, ""reg_lambda"": 2.4809633413082013}"
385,2026-06-05T13:08:50.869845+00:00,xgb,ranking_rf,385,4915,6,1000,0.7489813566207886,741,259,0.5014183521270752,"[""V176"", ""V191"", ""V255"", ""V160"", ""V224"", ""V215""]","{""n_estimators"": 330, ""learning_rate"": 0.04821832614179053, ""max_depth"": 7, ""subsample"": 0.8613656924743454, ""colsample_bytree"": 0.8839339858286192, ""min_child_weight"": 2, ""reg_alpha"": 0.29418787476391584, ""reg_lambda"": 1.3824246255059665}"
386,2026-06-05T13:09:08.208940+00:00,xgb,ranking_rf,386,4980,8,1000,0.7271050214767456,772,228,0.4974258840084076,"[""V176"", ""V191"", ""V255"", ""V160"", ""V224"", ""V215"", ""V380"", ""V342""]","{""n_estimators"": 162, ""learning_rate"": 0.057625884708806946, ""max_depth"": 9, ""subsample"": 0.609050528134408, ""colsample_bytree"": 0.5293531890000025, ""min_child_weight"": 4, ""reg_alpha"": 0.6578524038640593, ""reg_lambda"": 0.9120639996150877}"
387,2026-06-05T13:09:21.784975+00:00,xgb,ranking_rf,387,4855,6,1000,0.7562614679336548,737,263,0.4991026222705841,"[""V176"", ""V191"", ""V255"", ""V160"", ""V224"", ""V215""]","{""n_estimators"": 317, ""learning_rate"": 0.17623340678307636, ""max_depth"": 4, ""subsample"": 0.9155966187777753, ""colsample_bytree"": 0.5503112959204566, ""min_child_weight"": 1, ""reg_alpha"": 0.13820658597883106, ""reg_lambda"": 2.440445771928757}"
388,2026-06-05T13:09:54.974059+00:00,xgb,ranking_rf,388,4765,6,1000,0.7648168206214905,731,269,0.4991573691368103,"[""V176"", ""V191"", ""V255"", ""V160"", ""V224"", ""V215""]","{""n_estimators"": 364, ""learning_rate"": 0.06119043930634085, ""max_depth"": 7, ""subsample"": 0.8029723373338941, ""colsample_bytree"": 0.9389832445913523, ""min_child_weight"": 3, ""reg_alpha"": 0.989780023686093, ""reg_lambda"": 0.5713546507042622}"
389,2026-06-05T13:10:04.656467+00:00,xgb,ranking_rf,389,5085,5,1000,0.6901371479034424,739,261,0.49846121668815613,"[""V176"", ""V191"", ""V255"", ""V160"", ""V224""]","{""n_estimators"": 274, ""learning_rate"": 0.10561938633761024, ""max_depth"": 3, ""subsample"": 0.7152492971899729, ""colsample_bytree"": 0.9382163573048077, ""min_child_weight"": 1, ""reg_alpha"": 0.47913251206671326, ""reg_lambda"": 0.6926528225123691}"
390,2026-06-05T13:10:13.869543+00:00,xgb,ranking_rf,390,4925,7,1000,0.7362298965454102,755,245,0.4965272843837738,"[""V176"", ""V191"", ""V255"", ""V160"", ""V224"", ""V215"", ""V380""]","{""n_estimators"": 202, ""learning_rate"": 0.14799029738117997, ""max_depth"": 4, ""subsample"": 0.6383395098341609, ""colsample_bytree"": 0.8020494560518665, ""min_child_weight"": 6, ""reg_alpha"": 0.7960233965332763, ""reg_lambda"": 0.7940000785989603}"
391,2026-06-05T13:10:50.385340+00:00,xgb,ranking_rf,391,4630,6,1000,0.813339352607727,722,278,0.49707353115081787,"[""V176"", ""V191"", ""V255"", ""V160"", ""V224"", ""V215""]","{""n_estimators"": 397, ""learning_rate"": 0.12577870282920206, ""max_depth"": 8, ""subsample"": 0.9862742430173785, ""colsample_bytree"": 0.7241359282576828, ""min_child_weight"": 4, ""reg_alpha"": 0.5720043992986669, ""reg_lambda"": 2.446865682967747}"
392,2026-06-05T13:11:11.847457+00:00,xgb,ranking_rf,392,4955,4,1000,0.6918182373046875,717,283,0.4979693293571472,"[""V176"", ""V191"", ""V255"", ""V160""]","{""n_estimators"": 336, ""learning_rate"": 0.04872414709778353, ""max_depth"": 6, ""subsample"": 0.5771572428979699, ""colsample_bytree"": 0.6702759805175191, ""min_child_weight"": 6, ""reg_alpha"": 0.12192393883732078, ""reg_lambda"": 0.775704043228512}"
393,2026-06-05T13:11:25.995112+00:00,xgb,ranking_rf,393,4985,8,999,0.73929363489151,772,227,0.4972374141216278,"[""V176"", ""V191"", ""V255"", ""V160"", ""V224"", ""V215"", ""V380"", ""V342""]","{""n_estimators"": 128, ""learning_rate"": 0.06436615495900816, ""max_depth"": 9, ""subsample"": 0.5315513496366614, ""colsample_bytree"": 0.9945144847436431, ""min_child_weight"": 5, ""reg_alpha"": 0.37892064932757374, ""reg_lambda"": 0.9900570176269772}"
394,2026-06-05T13:11:47.090101+00:00,xgb,ranking_rf,394,4900,6,1000,0.7223877906799316,740,260,0.4973500967025757,"[""V176"", ""V191"", ""V255"", ""V160"", ""V224"", ""V215""]","{""n_estimators"": 283, ""learning_rate"": 0.05119400330129817, ""max_depth"": 7, ""subsample"": 0.8977412119401251, ""colsample_bytree"": 0.8386694930214966, ""min_child_weight"": 9, ""reg_alpha"": 0.5511190604873063, ""reg_lambda"": 2.104427690548191}"
395,2026-06-05T13:12:02.258228+00:00,xgb,ranking_rf,395,5070,6,999,0.7147240042686462,751,248,0.4967554807662964,"[""V176"", ""V191"", ""V255"", ""V160"", ""V224"", ""V215""]","{""n_estimators"": 343, ""learning_rate"": 0.08425464495773416, ""max_depth"": 4, ""subsample"": 0.5401799905533415, ""colsample_bytree"": 0.8296253715685742, ""min_child_weight"": 7, ""reg_alpha"": 0.5919699939103381, ""reg_lambda"": 0.5515406716157998}"
396,2026-06-05T13:12:20.629782+00:00,xgb,ranking_rf,396,5015,7,997,0.7162481546401978,760,237,0.4974623918533325,"[""V176"", ""V191"", ""V255"", ""V160"", ""V224"", ""V215"", ""V380""]","{""n_estimators"": 246, ""learning_rate"": 0.04645269153885223, ""max_depth"": 7, ""subsample"": 0.9763633870760213, ""colsample_bytree"": 0.7869129925089701, ""min_child_weight"": 9, ""reg_alpha"": 0.6306195055746945, ""reg_lambda"": 1.9387973757622263}"
397,2026-06-05T13:12:49.110669+00:00,xgb,ranking_rf,397,4810,4,999,0.7071220874786377,707,292,0.5003299117088318,"[""V176"", ""V191"", ""V255"", ""V160""]","{""n_estimators"": 244, ""learning_rate"": 0.05212365275324279, ""max_depth"": 8, ""subsample"": 0.9111949450623832, ""colsample_bytree"": 0.6453036898293629, ""min_child_weight"": 1, ""reg_alpha"": 0.9589511272488508, ""reg_lambda"": 1.375918935797236}"
398,2026-06-05T13:12:56.610664+00:00,xgb,ranking_rf,398,5075,6,998,0.7083080410957336,751,247,0.4976945221424103,"[""V176"", ""V191"", ""V255"", ""V160"", ""V224"", ""V215""]","{""n_estimators"": 123, ""learning_rate"": 0.09167719974247597, ""max_depth"": 5, ""subsample"": 0.6415800049376086, ""colsample_bytree"": 0.8376789477484956, ""min_child_weight"": 1, ""reg_alpha"": 0.003378134015939782, ""reg_lambda"": 1.601512195332049}"
399,2026-06-05T13:13:06.112683+00:00,xgb,ranking_rf,399,5090,6,995,0.7111927270889282,751,244,0.49686679244041443,"[""V176"", ""V191"", ""V255"", ""V160"", ""V224"", ""V215""]","{""n_estimators"": 226, ""learning_rate"": 0.1022057998626692, ""max_depth"": 4, ""subsample"": 0.7126659186801697, ""colsample_bytree"": 0.6629468593103418, ""min_child_weight"": 3, ""reg_alpha"": 0.4014761629641195, ""reg_lambda"": 0.6272771545546896}"
400,2026-06-05T13:13:21.484347+00:00,xgb,ranking_rf,400,5130,6,999,0.6719427704811096,755,244,0.49632662534713745,"[""V176"", ""V191"", ""V255"", ""V160"", ""V224"", ""V215""]","{""n_estimators"": 178, ""learning_rate"": 0.03611090660895322, ""max_depth"": 8, ""subsample"": 0.5369804718611444, ""colsample_bytree"": 0.5539828796789461, ""min_child_weight"": 6, ""reg_alpha"": 0.33128826960000446, ""reg_lambda"": 2.3121908008196472}"
401,2026-06-05T13:13:44.040671+00:00,xgb,ranking_rf,401,4550,3,998,0.6813046336174011,676,322,0.497586190700531,"[""V176"", ""V191"", ""V255""]","{""n_estimators"": 240, ""learning_rate"": 0.1404699961361221, ""max_depth"": 9, ""subsample"": 0.5741079145722346, ""colsample_bytree"": 0.5060241938991342, ""min_child_weight"": 7, ""reg_alpha"": 0.9317377835865029, ""reg_lambda"": 1.7359591850036442}"
402,2026-06-05T13:14:24.247398+00:00,xgb,ranking_rf,402,4430,7,1000,0.8432772755622864,722,278,0.494579017162323,"[""V176"", ""V191"", ""V255"", ""V160"", ""V224"", ""V215"", ""V380""]","{""n_estimators"": 299, ""learning_rate"": 0.14139091052329128, ""max_depth"": 9, ""subsample"": 0.5468606895054482, ""colsample_bytree"": 0.8621848362346867, ""min_child_weight"": 1, ""reg_alpha"": 0.8711373879797916, ""reg_lambda"": 1.6468540645773482}"
403,2026-06-05T13:14:35.239412+00:00,xgb,ranking_rf,403,5000,7,997,0.7208839654922485,759,238,0.4968128800392151,"[""V176"", ""V191"", ""V255"", ""V160"", ""V224"", ""V215"", ""V380""]","{""n_estimators"": 106, ""learning_rate"": 0.10150512910931571, ""max_depth"": 9, ""subsample"": 0.6777326796264752, ""colsample_bytree"": 0.9146030377411338, ""min_child_weight"": 9, ""reg_alpha"": 0.9118447117553647, ""reg_lambda"": 2.4134493088516376}"
404,2026-06-05T13:14:44.729126+00:00,xgb,ranking_rf,404,5195,4,1000,0.6845645904541016,733,267,0.49774521589279175,"[""V176"", ""V191"", ""V255"", ""V160""]","{""n_estimators"": 278, ""learning_rate"": 0.1289467124434095, ""max_depth"": 3, ""subsample"": 0.7974249367634725, ""colsample_bytree"": 0.6838213389285013, ""min_child_weight"": 2, ""reg_alpha"": 0.36989811475008394, ""reg_lambda"": 1.8545353668487274}"
405,2026-06-05T13:15:24.428048+00:00,xgb,ranking_rf,405,4610,7,1000,0.814331591129303,734,266,0.4991687536239624,"[""V176"", ""V191"", ""V255"", ""V160"", ""V224"", ""V215"", ""V380""]","{""n_estimators"": 331, ""learning_rate"": 0.09342336164866906, ""max_depth"": 9, ""subsample"": 0.9465528692604489, ""colsample_bytree"": 0.6390176527717817, ""min_child_weight"": 2, ""reg_alpha"": 0.8037915447197211, ""reg_lambda"": 1.0157488356852835}"
406,2026-06-05T13:15:43.897661+00:00,xgb,ranking_rf,406,4885,6,1000,0.7288581132888794,739,261,0.4956713914871216,"[""V176"", ""V191"", ""V255"", ""V160"", ""V224"", ""V215""]","{""n_estimators"": 209, ""learning_rate"": 0.0717410880724835, ""max_depth"": 9, ""subsample"": 0.5666334154941907, ""colsample_bytree"": 0.6845518205985994, ""min_child_weight"": 7, ""reg_alpha"": 0.08397831280364065, ""reg_lambda"": 1.9978377596012078}"
407,2026-06-05T13:16:16.492209+00:00,xgb,ranking_rf,407,4600,6,1000,0.8075324296951294,720,280,0.49942895770072937,"[""V176"", ""V191"", ""V255"", ""V160"", ""V224"", ""V215""]","{""n_estimators"": 343, ""learning_rate"": 0.10034785770939035, ""max_depth"": 7, ""subsample"": 0.6959572359005316, ""colsample_bytree"": 0.9060063656198288, ""min_child_weight"": 2, ""reg_alpha"": 0.4761851789152607, ""reg_lambda"": 1.8713017650155368}"
408,2026-06-05T13:16:47.091045+00:00,xgb,ranking_rf,408,4645,7,999,0.8119032382965088,736,263,0.49813926219940186,"[""V176"", ""V191"", ""V255"", ""V160"", ""V224"", ""V215"", ""V380""]","{""n_estimators"": 321, ""learning_rate"": 0.10556828994471266, ""max_depth"": 8, ""subsample"": 0.6798069125326325, ""colsample_bytree"": 0.9450273470785044, ""min_child_weight"": 5, ""reg_alpha"": 0.2907532217784423, ""reg_lambda"": 1.4399896446231433}"
409,2026-06-05T13:16:58.590322+00:00,xgb,ranking_rf,409,4710,6,999,0.7462524175643921,727,272,0.4966166913509369,"[""V176"", ""V191"", ""V255"", ""V160"", ""V224"", ""V215""]","{""n_estimators"": 134, ""learning_rate"": 0.15481474068403184, ""max_depth"": 7, ""subsample"": 0.897013833697581, ""colsample_bytree"": 0.7859683349937373, ""min_child_weight"": 5, ""reg_alpha"": 0.8434824415166363, ""reg_lambda"": 1.9983761740860542}"
410,2026-06-05T13:17:24.466596+00:00,xgb,ranking_rf,410,4960,6,1000,0.7322736382484436,744,256,0.4972039461135864,"[""V176"", ""V191"", ""V255"", ""V160"", ""V224"", ""V215""]","{""n_estimators"": 359, ""learning_rate"": 0.06983281221206691, ""max_depth"": 7, ""subsample"": 0.9223042627593074, ""colsample_bytree"": 0.5943597310434854, ""min_child_weight"": 9, ""reg_alpha"": 0.7999526498505651, ""reg_lambda"": 1.7706813584637997}"
411,2026-06-05T13:17:46.642761+00:00,xgb,ranking_rf,411,4825,7,999,0.7889345288276672,748,251,0.49901485443115234,"[""V176"", ""V191"", ""V255"", ""V160"", ""V224"", ""V215"", ""V380""]","{""n_estimators"": 274, ""learning_rate"": 0.1136159456266044, ""max_depth"": 8, ""subsample"": 0.980390838742654, ""colsample_bytree"": 0.9080557106209156, ""min_child_weight"": 9, ""reg_alpha"": 0.038869246041091765, ""reg_lambda"": 0.5272659831452702}"
412,2026-06-05T13:17:58.179130+00:00,xgb,ranking_rf,412,4870,6,1000,0.7297564744949341,738,262,0.4984610378742218,"[""V176"", ""V191"", ""V255"", ""V160"", ""V224"", ""V215""]","{""n_estimators"": 208, ""learning_rate"": 0.12282963075262754, ""max_depth"": 5, ""subsample"": 0.8610747242524897, ""colsample_bytree"": 0.5054184268579263, ""min_child_weight"": 1, ""reg_alpha"": 0.7197087124650342, ""reg_lambda"": 1.3077753037779372}"
413,2026-06-05T13:18:09.316590+00:00,xgb,ranking_rf,413,5185,6,1000,0.6724399924278259,759,241,0.49677494168281555,"[""V176"", ""V191"", ""V255"", ""V160"", ""V224"", ""V215""]","{""n_estimators"": 262, ""learning_rate"": 0.03493573751169332, ""max_depth"": 4, ""subsample"": 0.9869604564284771, ""colsample_bytree"": 0.8622692282733136, ""min_child_weight"": 8, ""reg_alpha"": 0.2931404129866795, ""reg_lambda"": 2.3474081694809277}"
414,2026-06-05T13:18:15.505304+00:00,xgb,ranking_rf,414,5345,4,1000,0.6371275782585144,743,257,0.49535703659057617,"[""V176"", ""V191"", ""V255"", ""V160""]","{""n_estimators"": 171, ""learning_rate"": 0.0315955124628267, ""max_depth"": 3, ""subsample"": 0.5389732893957969, ""colsample_bytree"": 0.7929497854861065, ""min_child_weight"": 7, ""reg_alpha"": 0.38862060574655777, ""reg_lambda"": 1.6791838206123708}"
415,2026-06-05T13:18:46.355184+00:00,xgb,ranking_rf,415,4850,7,1000,0.7724371552467346,750,250,0.49677592515945435,"[""V176"", ""V191"", ""V255"", ""V160"", ""V224"", ""V215"", ""V380""]","{""n_estimators"": 328, ""learning_rate"": 0.07484326085779225, ""max_depth"": 9, ""subsample"": 0.9549288867773962, ""colsample_bytree"": 0.8634011183224809, ""min_child_weight"": 9, ""reg_alpha"": 0.19187465613070986, ""reg_lambda"": 2.226624833501906}"
416,2026-06-05T13:18:53.333208+00:00,xgb,ranking_rf,416,5310,4,992,0.6766923069953918,738,254,0.49747157096862793,"[""V176"", ""V191"", ""V255"", ""V160""]","{""n_estimators"": 198, ""learning_rate"": 0.10591028264361675, ""max_depth"": 3, ""subsample"": 0.5855207200978239, ""colsample_bytree"": 0.5642548945757562, ""min_child_weight"": 4, ""reg_alpha"": 0.7919841919126526, ""reg_lambda"": 1.4786566448390865}"
417,2026-06-05T13:19:09.386523+00:00,xgb,ranking_rf,417,5075,7,1000,0.7222363948822021,765,235,0.4972817897796631,"[""V176"", ""V191"", ""V255"", ""V160"", ""V224"", ""V215"", ""V380""]","{""n_estimators"": 362, ""learning_rate"": 0.06720575442436272, ""max_depth"": 4, ""subsample"": 0.6354646838481088, ""colsample_bytree"": 0.8129268132903456, ""min_child_weight"": 3, ""reg_alpha"": 0.3137342182552071, ""reg_lambda"": 2.255438318661291}"
418,2026-06-05T13:19:19.036400+00:00,xgb,ranking_rf,418,4835,4,1000,0.706069827079773,709,291,0.49648359417915344,"[""V176"", ""V191"", ""V255"", ""V160""]","{""n_estimators"": 215, ""learning_rate"": 0.1554265788791865, ""max_depth"": 4, ""subsample"": 0.5486945179200606, ""colsample_bytree"": 0.7667527392447082, ""min_child_weight"": 9, ""reg_alpha"": 0.42507457578660723, ""reg_lambda"": 1.1769985258488844}"
419,2026-06-05T13:19:25.748823+00:00,xgb,ranking_rf,419,5195,4,1000,0.6370732188224792,733,267,0.4960852563381195,"[""V176"", ""V191"", ""V255"", ""V160""]","{""n_estimators"": 193, ""learning_rate"": 0.03538631911982854, ""max_depth"": 3, ""subsample"": 0.9713102092947141, ""colsample_bytree"": 0.9950300292994866, ""min_child_weight"": 9, ""reg_alpha"": 0.9791570674617804, ""reg_lambda"": 2.3405601989321116}"
420,2026-06-05T13:19:40.785197+00:00,xgb,ranking_rf,420,4975,6,994,0.7187627553939819,743,251,0.4981514513492584,"[""V176"", ""V191"", ""V255"", ""V160"", ""V224"", ""V215""]","{""n_estimators"": 182, ""learning_rate"": 0.07510519112108661, ""max_depth"": 7, ""subsample"": 0.7858123379124251, ""colsample_bytree"": 0.5895937285290822, ""min_child_weight"": 4, ""reg_alpha"": 0.8779890837200499, ""reg_lambda"": 0.8514678615027005}"
421,2026-06-05T13:19:52.542298+00:00,xgb,ranking_rf,421,4835,7,1000,0.7292338609695435,749,251,0.49638307094573975,"[""V176"", ""V191"", ""V255"", ""V160"", ""V224"", ""V215"", ""V380""]","{""n_estimators"": 172, ""learning_rate"": 0.09795460152688383, ""max_depth"": 6, ""subsample"": 0.5544640910184181, ""colsample_bytree"": 0.9340832396426892, ""min_child_weight"": 9, ""reg_alpha"": 0.9195450794139408, ""reg_lambda"": 0.6083152900269269}"
422,2026-06-05T13:20:02.515338+00:00,xgb,ranking_rf,422,4835,6,995,0.7389607429504395,734,261,0.49758484959602356,"[""V176"", ""V191"", ""V255"", ""V160"", ""V224"", ""V215""]","{""n_estimators"": 153, ""learning_rate"": 0.1504966301127031, ""max_depth"": 6, ""subsample"": 0.6272643766868016, ""colsample_bytree"": 0.5900348134432816, ""min_child_weight"": 7, ""reg_alpha"": 0.11106872140751178, ""reg_lambda"": 1.16590759062785}"
423,2026-06-05T13:20:12.652149+00:00,xgb,ranking_rf,423,5155,4,999,0.6765338182449341,730,269,0.49797457456588745,"[""V176"", ""V191"", ""V255"", ""V160""]","{""n_estimators"": 302, ""learning_rate"": 0.08119409341664754, ""max_depth"": 3, ""subsample"": 0.7560641308575999, ""colsample_bytree"": 0.665491372215851, ""min_child_weight"": 8, ""reg_alpha"": 0.5603709696706648, ""reg_lambda"": 2.255070135923848}"
424,2026-06-05T13:20:30.522977+00:00,xgb,ranking_rf,424,4835,7,1000,0.7802587151527405,749,251,0.5000088810920715,"[""V176"", ""V191"", ""V255"", ""V160"", ""V224"", ""V215"", ""V380""]","{""n_estimators"": 338, ""learning_rate"": 0.1489209955056915, ""max_depth"": 5, ""subsample"": 0.9644939858874917, ""colsample_bytree"": 0.7632373102186856, ""min_child_weight"": 7, ""reg_alpha"": 0.4949272420520048, ""reg_lambda"": 0.7283096705443104}"
425,2026-06-05T13:20:37.441229+00:00,xgb,ranking_rf,425,5030,7,1000,0.7075806856155396,762,238,0.4957207143306732,"[""V176"", ""V191"", ""V255"", ""V160"", ""V224"", ""V215"", ""V380""]","{""n_estimators"": 116, ""learning_rate"": 0.0997766016542654, ""max_depth"": 5, ""subsample"": 0.8429287840342237, ""colsample_bytree"": 0.8804907416611261, ""min_child_weight"": 4, ""reg_alpha"": 0.6463100428946602, ""reg_lambda"": 2.4917238334839524}"
426,2026-06-05T13:20:57.376725+00:00,xgb,ranking_rf,426,4800,8,1000,0.7557341456413269,760,240,0.4971610903739929,"[""V176"", ""V191"", ""V255"", ""V160"", ""V224"", ""V215"", ""V380"", ""V342""]","{""n_estimators"": 241, ""learning_rate"": 0.07040762518220495, ""max_depth"": 7, ""subsample"": 0.5590665727037787, ""colsample_bytree"": 0.8307673692427304, ""min_child_weight"": 5, ""reg_alpha"": 0.41884959849120307, ""reg_lambda"": 1.9712291145705902}"
427,2026-06-05T13:21:15.999866+00:00,xgb,ranking_rf,427,4755,8,1000,0.8016616702079773,757,243,0.4982551634311676,"[""V176"", ""V191"", ""V255"", ""V160"", ""V224"", ""V215"", ""V380"", ""V342""]","{""n_estimators"": 270, ""learning_rate"": 0.1305492762626984, ""max_depth"": 6, ""subsample"": 0.779231931602846, ""colsample_bytree"": 0.7160199512943287, ""min_child_weight"": 4, ""reg_alpha"": 0.4153995088196437, ""reg_lambda"": 1.123781878156892}"
428,2026-06-05T13:21:29.156527+00:00,xgb,ranking_rf,428,4960,6,997,0.7275105118751526,743,254,0.49867090582847595,"[""V176"", ""V191"", ""V255"", ""V160"", ""V224"", ""V215""]","{""n_estimators"": 390, ""learning_rate"": 0.126590077706626, ""max_depth"": 3, ""subsample"": 0.574282515034723, ""colsample_bytree"": 0.5728931801484125, ""min_child_weight"": 5, ""reg_alpha"": 0.5743758402226247, ""reg_lambda"": 0.7075455418557255}"
429,2026-06-05T13:21:57.468763+00:00,xgb,ranking_rf,429,4725,8,1000,0.7868573069572449,755,245,0.49726733565330505,"[""V176"", ""V191"", ""V255"", ""V160"", ""V224"", ""V215"", ""V380"", ""V342""]","{""n_estimators"": 386, ""learning_rate"": 0.09931606317139674, ""max_depth"": 7, ""subsample"": 0.7226099608621016, ""colsample_bytree"": 0.5642739377250838, ""min_child_weight"": 9, ""reg_alpha"": 0.8038360748151027, ""reg_lambda"": 1.321692868502884}"
430,2026-06-05T13:22:16.753737+00:00,xgb,ranking_rf,430,5085,6,999,0.708224356174469,752,247,0.49755722284317017,"[""V176"", ""V191"", ""V255"", ""V160"", ""V224"", ""V215""]","{""n_estimators"": 354, ""learning_rate"": 0.05108031631693938, ""max_depth"": 5, ""subsample"": 0.5608110414315475, ""colsample_bytree"": 0.6642991489639312, ""min_child_weight"": 3, ""reg_alpha"": 0.8624042386000373, ""reg_lambda"": 1.4465874577381062}"
431,2026-06-05T13:22:38.808266+00:00,xgb,ranking_rf,431,4840,6,997,0.7405958771705627,735,262,0.50115567445755,"[""V176"", ""V191"", ""V255"", ""V160"", ""V224"", ""V215""]","{""n_estimators"": 313, ""learning_rate"": 0.059756891380838964, ""max_depth"": 6, ""subsample"": 0.9652312391438622, ""colsample_bytree"": 0.9325568698360727, ""min_child_weight"": 2, ""reg_alpha"": 0.1739891800407911, ""reg_lambda"": 1.1310539569925242}"
432,2026-06-05T13:22:56.688216+00:00,xgb,ranking_rf,432,4900,6,994,0.7463945746421814,738,256,0.4982417821884155,"[""V176"", ""V191"", ""V255"", ""V160"", ""V224"", ""V215""]","{""n_estimators"": 345, ""learning_rate"": 0.12044020490313527, ""max_depth"": 5, ""subsample"": 0.9906652450357836, ""colsample_bytree"": 0.9992912098223564, ""min_child_weight"": 8, ""reg_alpha"": 0.1865928399564155, ""reg_lambda"": 2.4433400874699496}"
433,2026-06-05T13:23:16.121800+00:00,xgb,ranking_rf,433,4680,6,999,0.7694922089576721,725,274,0.4961649775505066,"[""V176"", ""V191"", ""V255"", ""V160"", ""V224"", ""V215""]","{""n_estimators"": 234, ""learning_rate"": 0.12043810318709566, ""max_depth"": 7, ""subsample"": 0.7949750549617804, ""colsample_bytree"": 0.993636688083742, ""min_child_weight"": 6, ""reg_alpha"": 0.6861135975183287, ""reg_lambda"": 0.530234661200983}"
434,2026-06-05T13:23:45.480547+00:00,xgb,ranking_rf,434,4630,6,1000,0.7999623417854309,722,278,0.4979354441165924,"[""V176"", ""V191"", ""V255"", ""V160"", ""V224"", ""V215""]","{""n_estimators"": 258, ""learning_rate"": 0.11167889946513279, ""max_depth"": 9, ""subsample"": 0.7461707178716518, ""colsample_bytree"": 0.5672927577898157, ""min_child_weight"": 2, ""reg_alpha"": 0.11591971921189725, ""reg_lambda"": 1.7959013154502765}"
435,2026-06-05T13:24:22.457214+00:00,xgb,ranking_rf,435,4760,7,997,0.8298171758651733,743,254,0.49920371174812317,"[""V176"", ""V191"", ""V255"", ""V160"", ""V224"", ""V215"", ""V380""]","{""n_estimators"": 373, ""learning_rate"": 0.08189457235499485, ""max_depth"": 8, ""subsample"": 0.7045246229942612, ""colsample_bytree"": 0.9022128840437909, ""min_child_weight"": 3, ""reg_alpha"": 0.0164243830822699, ""reg_lambda"": 0.702676742468316}"
436,2026-06-05T13:24:55.439674+00:00,xgb,ranking_rf,436,4630,7,999,0.7982143759727478,735,264,0.49974942207336426,"[""V176"", ""V191"", ""V255"", ""V160"", ""V224"", ""V215"", ""V380""]","{""n_estimators"": 317, ""learning_rate"": 0.08187227312854939, ""max_depth"": 7, ""subsample"": 0.5854812070350643, ""colsample_bytree"": 0.910310955377813, ""min_child_weight"": 1, ""reg_alpha"": 0.9238225064556265, ""reg_lambda"": 1.4087299378159104}"
437,2026-06-05T13:25:18.518731+00:00,xgb,ranking_rf,437,4415,5,999,0.7741406559944153,694,305,0.4964708387851715,"[""V176"", ""V191"", ""V255"", ""V160"", ""V224""]","{""n_estimators"": 318, ""learning_rate"": 0.14213239250947313, ""max_depth"": 7, ""subsample"": 0.555482169584876, ""colsample_bytree"": 0.6968498962516205, ""min_child_weight"": 8, ""reg_alpha"": 0.15471458913683644, ""reg_lambda"": 0.76763177283389}"
438,2026-06-05T13:25:26.112846+00:00,xgb,ranking_rf,438,4880,4,1000,0.7128403186798096,712,288,0.4988010823726654,"[""V176"", ""V191"", ""V255"", ""V160""]","{""n_estimators"": 111, ""learning_rate"": 0.17478170357882908, ""max_depth"": 6, ""subsample"": 0.9122817244072856, ""colsample_bytree"": 0.841991714770816, ""min_child_weight"": 9, ""reg_alpha"": 0.797274952553046, ""reg_lambda"": 0.6344377260026424}"
439,2026-06-05T13:25:58.603535+00:00,xgb,ranking_rf,439,4825,6,1000,0.7444218397140503,735,265,0.4983769655227661,"[""V176"", ""V191"", ""V255"", ""V160"", ""V224"", ""V215""]","{""n_estimators"": 328, ""learning_rate"": 0.06330927750122772, ""max_depth"": 8, ""subsample"": 0.9219906263571033, ""colsample_bytree"": 0.5991426632780326, ""min_child_weight"": 3, ""reg_alpha"": 0.8034841834134794, ""reg_lambda"": 1.868300385083222}"
440,2026-06-05T13:26:16.930573+00:00,xgb,ranking_rf,440,4775,7,1000,0.7749549746513367,745,255,0.5002569556236267,"[""V176"", ""V191"", ""V255"", ""V160"", ""V224"", ""V215"", ""V380""]","{""n_estimators"": 184, ""learning_rate"": 0.12250253011486142, ""max_depth"": 7, ""subsample"": 0.6699931692638519, ""colsample_bytree"": 0.6927076158260121, ""min_child_weight"": 1, ""reg_alpha"": 0.7508191268875366, ""reg_lambda"": 1.6206011557415585}"
441,2026-06-05T13:26:27.263914+00:00,xgb,ranking_rf,441,5060,7,1000,0.7523249387741089,764,236,0.5001112222671509,"[""V176"", ""V191"", ""V255"", ""V160"", ""V224"", ""V215"", ""V380""]","{""n_estimators"": 183, ""learning_rate"": 0.1747718742819659, ""max_depth"": 5, ""subsample"": 0.722454672299307, ""colsample_bytree"": 0.6709336735909711, ""min_child_weight"": 8, ""reg_alpha"": 0.4002543550197579, ""reg_lambda"": 2.0307823594661794}"
442,2026-06-05T13:26:54.858247+00:00,xgb,ranking_rf,442,5020,6,1000,0.7178438305854797,748,252,0.4972898066043854,"[""V176"", ""V191"", ""V255"", ""V160"", ""V224"", ""V215""]","{""n_estimators"": 241, ""learning_rate"": 0.03514346703472954, ""max_depth"": 9, ""subsample"": 0.9658657190176116, ""colsample_bytree"": 0.9772814058249544, ""min_child_weight"": 5, ""reg_alpha"": 0.8415945999877799, ""reg_lambda"": 1.1393052816873694}"
443,2026-06-05T13:27:10.996660+00:00,xgb,ranking_rf,443,5030,4,1000,0.6922820210456848,722,278,0.4981042444705963,"[""V176"", ""V191"", ""V255"", ""V160""]","{""n_estimators"": 296, ""learning_rate"": 0.06822465987112933, ""max_depth"": 5, ""subsample"": 0.7672140031904546, ""colsample_bytree"": 0.5430875809355389, ""min_child_weight"": 3, ""reg_alpha"": 0.4833297823539032, ""reg_lambda"": 2.3710863024646356}"
444,2026-06-05T13:27:25.452170+00:00,xgb,ranking_rf,444,5015,7,1000,0.7596849203109741,761,239,0.4984583854675293,"[""V176"", ""V191"", ""V255"", ""V160"", ""V224"", ""V215"", ""V380""]","{""n_estimators"": 253, ""learning_rate"": 0.1125901328698143, ""max_depth"": 5, ""subsample"": 0.5313987802430966, ""colsample_bytree"": 0.7852124345407848, ""min_child_weight"": 3, ""reg_alpha"": 0.2580884146415655, ""reg_lambda"": 1.8819300916877264}"
445,2026-06-05T13:27:40.043212+00:00,xgb,ranking_rf,445,4780,7,999,0.7660685777664185,745,254,0.4983803629875183,"[""V176"", ""V191"", ""V255"", ""V160"", ""V224"", ""V215"", ""V380""]","{""n_estimators"": 212, ""learning_rate"": 0.15319424476131446, ""max_depth"": 6, ""subsample"": 0.7820950659633525, ""colsample_bytree"": 0.9506038577822592, ""min_child_weight"": 9, ""reg_alpha"": 0.7632399594523059, ""reg_lambda"": 1.8943684744292573}"
446,2026-06-05T13:27:51.857837+00:00,xgb,ranking_rf,446,4615,6,1000,0.768623948097229,721,279,0.4967939555644989,"[""V176"", ""V191"", ""V255"", ""V160"", ""V224"", ""V215""]","{""n_estimators"": 199, ""learning_rate"": 0.15493374094252943, ""max_depth"": 5, ""subsample"": 0.5322548087713674, ""colsample_bytree"": 0.6897566567753112, ""min_child_weight"": 1, ""reg_alpha"": 0.9629563560871472, ""reg_lambda"": 0.5312000194934783}"
447,2026-06-05T13:28:04.365409+00:00,xgb,ranking_rf,447,4820,4,1000,0.7297184467315674,708,292,0.4993492662906647,"[""V176"", ""V191"", ""V255"", ""V160""]","{""n_estimators"": 131, ""learning_rate"": 0.1463331207790285, ""max_depth"": 8, ""subsample"": 0.5793628359170636, ""colsample_bytree"": 0.8937201937494172, ""min_child_weight"": 7, ""reg_alpha"": 0.9938026068295903, ""reg_lambda"": 1.0589081630642345}"
448,2026-06-05T13:28:09.668127+00:00,xgb,ranking_rf,448,5140,6,1000,0.6817737817764282,756,244,0.49780312180519104,"[""V176"", ""V191"", ""V255"", ""V160"", ""V224"", ""V215""]","{""n_estimators"": 112, ""learning_rate"": 0.09282871620416398, ""max_depth"": 4, ""subsample"": 0.9230069783221448, ""colsample_bytree"": 0.7713120524929071, ""min_child_weight"": 4, ""reg_alpha"": 0.6448933766815984, ""reg_lambda"": 0.8715475187948865}"
449,2026-06-05T13:28:46.379206+00:00,xgb,ranking_rf,449,4430,7,1000,0.8327373266220093,722,278,0.4947313964366913,"[""V176"", ""V191"", ""V255"", ""V160"", ""V224"", ""V215"", ""V380""]","{""n_estimators"": 352, ""learning_rate"": 0.15201784628157003, ""max_depth"": 9, ""subsample"": 0.8774420759049035, ""colsample_bytree"": 0.5555756395772826, ""min_child_weight"": 4, ""reg_alpha"": 0.7842135270572921, ""reg_lambda"": 1.8069385019253157}"
450,2026-06-05T13:29:21.560317+00:00,xgb,ranking_rf,450,4520,8,999,0.856276273727417,741,258,0.49582695960998535,"[""V176"", ""V191"", ""V255"", ""V160"", ""V224"", ""V215"", ""V380"", ""V342""]","{""n_estimators"": 287, ""learning_rate"": 0.1722874337471625, ""max_depth"": 9, ""subsample"": 0.9054145862656879, ""colsample_bytree"": 0.7297991920778104, ""min_child_weight"": 2, ""reg_alpha"": 0.9347715949722373, ""reg_lambda"": 1.6341864587839952}"
451,2026-06-05T13:29:38.578436+00:00,xgb,ranking_rf,451,4770,6,999,0.7743836045265198,731,268,0.4974806606769562,"[""V176"", ""V191"", ""V255"", ""V160"", ""V224"", ""V215""]","{""n_estimators"": 163, ""learning_rate"": 0.13270148325589579, ""max_depth"": 9, ""subsample"": 0.9021472076940005, ""colsample_bytree"": 0.8820698030942122, ""min_child_weight"": 7, ""reg_alpha"": 0.21527059185756758, ""reg_lambda"": 0.8563314666198687}"
452,2026-06-05T13:29:51.656347+00:00,xgb,ranking_rf,452,4915,6,1000,0.7132645845413208,741,259,0.49853843450546265,"[""V176"", ""V191"", ""V255"", ""V160"", ""V224"", ""V215""]","{""n_estimators"": 131, ""learning_rate"": 0.09050250343583352, ""max_depth"": 8, ""subsample"": 0.769745884923794, ""colsample_bytree"": 0.62616138779254, ""min_child_weight"": 4, ""reg_alpha"": 0.30255788564449626, ""reg_lambda"": 2.274310847706973}"
453,2026-06-05T13:30:01.945767+00:00,xgb,ranking_rf,453,5065,4,996,0.6603502631187439,723,273,0.49670928716659546,"[""V176"", ""V191"", ""V255"", ""V160""]","{""n_estimators"": 131, ""learning_rate"": 0.04853397812659506, ""max_depth"": 7, ""subsample"": 0.9398816289031111, ""colsample_bytree"": 0.5387910283700423, ""min_child_weight"": 8, ""reg_alpha"": 0.03221375456522513, ""reg_lambda"": 1.4279623790673264}"
454,2026-06-05T13:30:10.960093+00:00,xgb,ranking_rf,454,5125,6,1000,0.6974498629570007,755,245,0.49719882011413574,"[""V176"", ""V191"", ""V255"", ""V160"", ""V224"", ""V215""]","{""n_estimators"": 268, ""learning_rate"": 0.10546683835325943, ""max_depth"": 3, ""subsample"": 0.9250781356252034, ""colsample_bytree"": 0.7563028850580711, ""min_child_weight"": 4, ""reg_alpha"": 0.23080030745677893, ""reg_lambda"": 1.203407831677376}"
455,2026-06-05T13:30:20.880471+00:00,xgb,ranking_rf,455,5125,6,994,0.7033783197402954,753,241,0.49774131178855896,"[""V176"", ""V191"", ""V255"", ""V160"", ""V224"", ""V215""]","{""n_estimators"": 287, ""learning_rate"": 0.11798375882128777, ""max_depth"": 3, ""subsample"": 0.9647268838598317, ""colsample_bytree"": 0.8797067022737401, ""min_child_weight"": 3, ""reg_alpha"": 0.7046429465629708, ""reg_lambda"": 2.1412676857165485}"
456,2026-06-05T13:30:33.600576+00:00,xgb,ranking_rf,456,4975,6,1000,0.7089114785194397,745,255,0.497416615486145,"[""V176"", ""V191"", ""V255"", ""V160"", ""V224"", ""V215""]","{""n_estimators"": 377, ""learning_rate"": 0.12230558167074312, ""max_depth"": 3, ""subsample"": 0.664200902426165, ""colsample_bytree"": 0.5096813389068642, ""min_child_weight"": 7, ""reg_alpha"": 0.3187487948245582, ""reg_lambda"": 1.658501253773542}"
457,2026-06-05T13:30:44.269342+00:00,xgb,ranking_rf,457,5090,6,998,0.6881552338600159,752,246,0.49728330969810486,"[""V176"", ""V191"", ""V255"", ""V160"", ""V224"", ""V215""]","{""n_estimators"": 201, ""learning_rate"": 0.05446001747795347, ""max_depth"": 5, ""subsample"": 0.6673443906326718, ""colsample_bytree"": 0.6425819234014616, ""min_child_weight"": 5, ""reg_alpha"": 0.3120526066847287, ""reg_lambda"": 0.7427196764814474}"
458,2026-06-05T13:31:03.587410+00:00,xgb,ranking_rf,458,4830,6,999,0.732837438583374,735,264,0.49676674604415894,"[""V176"", ""V191"", ""V255"", ""V160"", ""V224"", ""V215""]","{""n_estimators"": 247, ""learning_rate"": 0.0784588899240261, ""max_depth"": 7, ""subsample"": 0.6041331088115586, ""colsample_bytree"": 0.7450604652509563, ""min_child_weight"": 7, ""reg_alpha"": 0.10155764638858189, ""reg_lambda"": 1.956351816153882}"
459,2026-06-05T13:31:11.826241+00:00,xgb,ranking_rf,459,4890,8,1000,0.7692432999610901,766,234,0.5014395713806152,"[""V176"", ""V191"", ""V255"", ""V160"", ""V224"", ""V215"", ""V380"", ""V342""]","{""n_estimators"": 140, ""learning_rate"": 0.17775364617247633, ""max_depth"": 5, ""subsample"": 0.8215344557434194, ""colsample_bytree"": 0.5188655321546073, ""min_child_weight"": 1, ""reg_alpha"": 0.12521780077617595, ""reg_lambda"": 0.724103179770081}"
460,2026-06-05T13:31:25.297440+00:00,xgb,ranking_rf,460,5230,6,1000,0.7060346007347107,762,238,0.49737197160720825,"[""V176"", ""V191"", ""V255"", ""V160"", ""V224"", ""V215""]","{""n_estimators"": 310, ""learning_rate"": 0.0690967431028279, ""max_depth"": 4, ""subsample"": 0.9320986643881974, ""colsample_bytree"": 0.8507373121027711, ""min_child_weight"": 7, ""reg_alpha"": 0.25350058812482623, ""reg_lambda"": 1.563797935547261}"
461,2026-06-05T13:31:39.411040+00:00,xgb,ranking_rf,461,4870,4,999,0.7288926243782043,711,288,0.5003288984298706,"[""V176"", ""V191"", ""V255"", ""V160""]","{""n_estimators"": 302, ""learning_rate"": 0.1626711759908711, ""max_depth"": 4, ""subsample"": 0.5767312315565627, ""colsample_bytree"": 0.6784460718980405, ""min_child_weight"": 1, ""reg_alpha"": 0.5059843472764356, ""reg_lambda"": 1.8938749524516054}"
462,2026-06-05T13:31:57.723381+00:00,xgb,ranking_rf,462,4970,4,991,0.723587691783905,715,276,0.49898311495780945,"[""V176"", ""V191"", ""V255"", ""V160""]","{""n_estimators"": 389, ""learning_rate"": 0.11630658941979231, ""max_depth"": 4, ""subsample"": 0.5517382690266459, ""colsample_bytree"": 0.983579242377761, ""min_child_weight"": 2, ""reg_alpha"": 0.4316445999152606, ""reg_lambda"": 2.3493229780273213}"
463,2026-06-05T13:32:07.858032+00:00,xgb,ranking_rf,463,5030,7,1000,0.7340078949928284,762,238,0.49859458208084106,"[""V176"", ""V191"", ""V255"", ""V160"", ""V224"", ""V215"", ""V380""]","{""n_estimators"": 292, ""learning_rate"": 0.16662456789209573, ""max_depth"": 3, ""subsample"": 0.8079966763310489, ""colsample_bytree"": 0.8282549913102821, ""min_child_weight"": 8, ""reg_alpha"": 0.008695216343725387, ""reg_lambda"": 1.6537356365274754}"
464,2026-06-05T13:32:17.995337+00:00,xgb,ranking_rf,464,5180,4,1000,0.6697919368743896,732,268,0.4968033730983734,"[""V176"", ""V191"", ""V255"", ""V160""]","{""n_estimators"": 220, ""learning_rate"": 0.047915440543261606, ""max_depth"": 4, ""subsample"": 0.5891765345234881, ""colsample_bytree"": 0.9647772877692083, ""min_child_weight"": 8, ""reg_alpha"": 0.7857452783068858, ""reg_lambda"": 2.191869103340104}"
465,2026-06-05T13:32:34.991962+00:00,xgb,ranking_rf,465,4780,7,999,0.7621521949768066,745,254,0.4977799952030182,"[""V176"", ""V191"", ""V255"", ""V160"", ""V224"", ""V215"", ""V380""]","{""n_estimators"": 319, ""learning_rate"": 0.15247889863042802, ""max_depth"": 5, ""subsample"": 0.8059930900971038, ""colsample_bytree"": 0.5404750066367275, ""min_child_weight"": 9, ""reg_alpha"": 0.7514275849883996, ""reg_lambda"": 1.9158609836360274}"
466,2026-06-05T13:32:43.623274+00:00,xgb,ranking_rf,466,5080,6,1000,0.7135049700737,752,248,0.4978751540184021,"[""V176"", ""V191"", ""V255"", ""V160"", ""V224"", ""V215""]","{""n_estimators"": 189, ""learning_rate"": 0.1396741996268678, ""max_depth"": 4, ""subsample"": 0.7813329735626867, ""colsample_bytree"": 0.6335043387552867, ""min_child_weight"": 1, ""reg_alpha"": 0.0666329261837586, ""reg_lambda"": 2.0904401858841286}"
467,2026-06-05T13:32:52.370386+00:00,xgb,ranking_rf,467,5075,4,1000,0.6834939122200012,725,275,0.49691689014434814,"[""V176"", ""V191"", ""V255"", ""V160""]","{""n_estimators"": 264, ""learning_rate"": 0.16750650243555432, ""max_depth"": 3, ""subsample"": 0.9901040024175479, ""colsample_bytree"": 0.5364277412389777, ""min_child_weight"": 9, ""reg_alpha"": 0.381820312152801, ""reg_lambda"": 1.409447566550051}"
468,2026-06-05T13:33:05.211379+00:00,xgb,ranking_rf,468,5255,7,1000,0.6890404224395752,777,223,0.49736785888671875,"[""V176"", ""V191"", ""V255"", ""V160"", ""V224"", ""V215"", ""V380""]","{""n_estimators"": 376, ""learning_rate"": 0.04358172428791547, ""max_depth"": 3, ""subsample"": 0.5138258946448011, ""colsample_bytree"": 0.6196211226381674, ""min_child_weight"": 8, ""reg_alpha"": 0.3792410588730579, ""reg_lambda"": 1.2291584020650066}"
469,2026-06-05T13:33:24.229871+00:00,xgb,ranking_rf,469,4745,4,1000,0.7204762697219849,703,297,0.49797970056533813,"[""V176"", ""V191"", ""V255"", ""V160""]","{""n_estimators"": 280, ""learning_rate"": 0.11162315653432898, ""max_depth"": 6, ""subsample"": 0.8587419024241558, ""colsample_bytree"": 0.7424568766369737, ""min_child_weight"": 7, ""reg_alpha"": 0.7503125862899603, ""reg_lambda"": 2.4236206276945804}"
470,2026-06-05T13:33:37.646614+00:00,xgb,ranking_rf,470,5175,6,999,0.6807311177253723,758,241,0.4974181652069092,"[""V176"", ""V191"", ""V255"", ""V160"", ""V224"", ""V215""]","{""n_estimators"": 395, ""learning_rate"": 0.042800023997894523, ""max_depth"": 3, ""subsample"": 0.7501981086992724, ""colsample_bytree"": 0.8446582410712203, ""min_child_weight"": 7, ""reg_alpha"": 0.2263231257605528, ""reg_lambda"": 1.8484746286110594}"
471,2026-06-05T13:33:59.841789+00:00,xgb,ranking_rf,471,4635,8,997,0.7859562039375305,748,249,0.49603271484375,"[""V176"", ""V191"", ""V255"", ""V160"", ""V224"", ""V215"", ""V380"", ""V342""]","{""n_estimators"": 293, ""learning_rate"": 0.12297400307808014, ""max_depth"": 7, ""subsample"": 0.6216193053020608, ""colsample_bytree"": 0.7039534246072048, ""min_child_weight"": 9, ""reg_alpha"": 0.5289024506664153, ""reg_lambda"": 2.0127882095402327}"
472,2026-06-05T13:34:15.722151+00:00,xgb,ranking_rf,472,4890,8,1000,0.7352687120437622,766,234,0.4976230561733246,"[""V176"", ""V191"", ""V255"", ""V160"", ""V224"", ""V215"", ""V380"", ""V342""]","{""n_estimators"": 182, ""learning_rate"": 0.079268889251592, ""max_depth"": 8, ""subsample"": 0.9317795969214154, ""colsample_bytree"": 0.5059002585556087, ""min_child_weight"": 8, ""reg_alpha"": 0.842853411837264, ""reg_lambda"": 1.9403914065064247}"
473,2026-06-05T13:34:28.393215+00:00,xgb,ranking_rf,473,4685,4,1000,0.7515251040458679,699,301,0.5017197132110596,"[""V176"", ""V191"", ""V255"", ""V160""]","{""n_estimators"": 160, ""learning_rate"": 0.13431076081159057, ""max_depth"": 6, ""subsample"": 0.7297234216010632, ""colsample_bytree"": 0.8104910717792353, ""min_child_weight"": 1, ""reg_alpha"": 0.28780058891641613, ""reg_lambda"": 0.9922187023192159}"
474,2026-06-05T13:34:46.339640+00:00,xgb,ranking_rf,474,5065,6,1000,0.7029983401298523,751,249,0.4973175823688507,"[""V176"", ""V191"", ""V255"", ""V160"", ""V224"", ""V215""]","{""n_estimators"": 330, ""learning_rate"": 0.03966344650037538, ""max_depth"": 5, ""subsample"": 0.9102217829681575, ""colsample_bytree"": 0.9232656216880467, ""min_child_weight"": 5, ""reg_alpha"": 0.3588590136492954, ""reg_lambda"": 1.5722398907911614}"
475,2026-06-05T13:34:54.359990+00:00,xgb,ranking_rf,475,5025,4,998,0.6923385858535767,721,277,0.49841880798339844,"[""V176"", ""V191"", ""V255"", ""V160""]","{""n_estimators"": 100, ""learning_rate"": 0.08311606428038956, ""max_depth"": 6, ""subsample"": 0.6637150838400797, ""colsample_bytree"": 0.8860954195975579, ""min_child_weight"": 1, ""reg_alpha"": 0.3700578385555623, ""reg_lambda"": 2.09906938030083}"
476,2026-06-05T13:35:09.290909+00:00,xgb,ranking_rf,476,5260,4,999,0.6682359576225281,737,262,0.4972522556781769,"[""V176"", ""V191"", ""V255"", ""V160""]","{""n_estimators"": 357, ""learning_rate"": 0.034765252583617665, ""max_depth"": 4, ""subsample"": 0.7510164640064949, ""colsample_bytree"": 0.6714281897410961, ""min_child_weight"": 3, ""reg_alpha"": 0.9755460054230242, ""reg_lambda"": 0.9180689660854293}"
477,2026-06-05T13:35:41.570195+00:00,xgb,ranking_rf,477,4270,4,999,0.8053272366523743,671,328,0.4936785101890564,"[""V176"", ""V191"", ""V255"", ""V160""]","{""n_estimators"": 379, ""learning_rate"": 0.16793614508162266, ""max_depth"": 8, ""subsample"": 0.5134114300891125, ""colsample_bytree"": 0.8875987067113362, ""min_child_weight"": 6, ""reg_alpha"": 0.04071763424749786, ""reg_lambda"": 2.2672767538007497}"
478,2026-06-05T13:36:18.507218+00:00,xgb,ranking_rf,478,4510,4,999,0.7873942852020264,687,312,0.4994879961013794,"[""V176"", ""V191"", ""V255"", ""V160""]","{""n_estimators"": 390, ""learning_rate"": 0.1194589322023339, ""max_depth"": 7, ""subsample"": 0.8276702294554379, ""colsample_bytree"": 0.6303252378795478, ""min_child_weight"": 1, ""reg_alpha"": 0.8380122392056255, ""reg_lambda"": 1.6963591209142663}"
479,2026-06-05T13:36:57.400607+00:00,xgb,ranking_rf,479,4795,6,1000,0.7615249752998352,733,267,0.4988916516304016,"[""V176"", ""V191"", ""V255"", ""V160"", ""V224"", ""V215""]","{""n_estimators"": 262, ""learning_rate"": 0.0533324052871669, ""max_depth"": 9, ""subsample"": 0.7271284616391784, ""colsample_bytree"": 0.750557973267992, ""min_child_weight"": 1, ""reg_alpha"": 0.6556006992224979, ""reg_lambda"": 0.9489631515829606}"
480,2026-06-05T13:37:18.431703+00:00,xgb,ranking_rf,480,4655,7,1000,0.7985512018203735,737,263,0.49939170479774475,"[""V176"", ""V191"", ""V255"", ""V160"", ""V224"", ""V215"", ""V380""]","{""n_estimators"": 328, ""learning_rate"": 0.15670127058577102, ""max_depth"": 6, ""subsample"": 0.977391285456408, ""colsample_bytree"": 0.6286376203614942, ""min_child_weight"": 6, ""reg_alpha"": 0.49538987875207297, ""reg_lambda"": 0.7195482635249095}"
481,2026-06-05T13:37:28.479799+00:00,xgb,ranking_rf,481,4930,7,996,0.7337068319320679,754,242,0.4984469711780548,"[""V176"", ""V191"", ""V255"", ""V160"", ""V224"", ""V215"", ""V380""]","{""n_estimators"": 228, ""learning_rate"": 0.1404172179199184, ""max_depth"": 4, ""subsample"": 0.8569610346071335, ""colsample_bytree"": 0.7006230822982085, ""min_child_weight"": 9, ""reg_alpha"": 0.2471538986549281, ""reg_lambda"": 0.9656489338535905}"
482,2026-06-05T13:37:59.771990+00:00,xgb,ranking_rf,482,4635,9,999,0.852591335773468,762,237,0.49830392003059387,"[""V176"", ""V191"", ""V255"", ""V160"", ""V224"", ""V215"", ""V380"", ""V342"", ""V483""]","{""n_estimators"": 306, ""learning_rate"": 0.1395157494001012, ""max_depth"": 9, ""subsample"": 0.9978050521872156, ""colsample_bytree"": 0.6282759034471278, ""min_child_weight"": 3, ""reg_alpha"": 0.28026416213699756, ""reg_lambda"": 1.2039926403558163}"
483,2026-06-05T13:38:22.354865+00:00,xgb,ranking_rf,483,4770,8,1000,0.819002628326416,758,242,0.49376827478408813,"[""V176"", ""V191"", ""V255"", ""V160"", ""V224"", ""V215"", ""V380"", ""V342""]","{""n_estimators"": 236, ""learning_rate"": 0.13275228800974886, ""max_depth"": 9, ""subsample"": 0.8700034450004642, ""colsample_bytree"": 0.8723026933433535, ""min_child_weight"": 7, ""reg_alpha"": 0.3540088247334773, ""reg_lambda"": 1.282096179114438}"
484,2026-06-05T13:38:29.476044+00:00,xgb,ranking_rf,484,5105,7,1000,0.7210437059402466,767,233,0.49783816933631897,"[""V176"", ""V191"", ""V255"", ""V160"", ""V224"", ""V215"", ""V380""]","{""n_estimators"": 148, ""learning_rate"": 0.14760484906310167, ""max_depth"": 4, ""subsample"": 0.6847717004316798, ""colsample_bytree"": 0.6913421981757432, ""min_child_weight"": 2, ""reg_alpha"": 0.7479337906547048, ""reg_lambda"": 1.8611353416684495}"
485,2026-06-05T13:38:47.273109+00:00,xgb,ranking_rf,485,4810,7,999,0.7540115714073181,747,252,0.49649131298065186,"[""V176"", ""V191"", ""V255"", ""V160"", ""V224"", ""V215"", ""V380""]","{""n_estimators"": 259, ""learning_rate"": 0.09972224720699617, ""max_depth"": 6, ""subsample"": 0.7091051704812055, ""colsample_bytree"": 0.9448580297766724, ""min_child_weight"": 9, ""reg_alpha"": 0.6535976563064814, ""reg_lambda"": 1.4740343387984771}"
486,2026-06-05T13:38:57.031724+00:00,xgb,ranking_rf,486,5165,4,997,0.6811461448669434,730,267,0.4972153306007385,"[""V176"", ""V191"", ""V255"", ""V160""]","{""n_estimators"": 274, ""learning_rate"": 0.09154008794013979, ""max_depth"": 3, ""subsample"": 0.5819969460099894, ""colsample_bytree"": 0.8015063728445462, ""min_child_weight"": 4, ""reg_alpha"": 0.2740766407516114, ""reg_lambda"": 2.354983263337952}"
487,2026-06-05T13:39:06.350115+00:00,xgb,ranking_rf,487,5210,4,1000,0.6480537056922913,734,266,0.49715015292167664,"[""V176"", ""V191"", ""V255"", ""V160""]","{""n_estimators"": 216, ""learning_rate"": 0.030947926214827243, ""max_depth"": 4, ""subsample"": 0.8161169631542626, ""colsample_bytree"": 0.5228235516933312, ""min_child_weight"": 8, ""reg_alpha"": 0.41494637976762017, ""reg_lambda"": 1.961465373930342}"
488,2026-06-05T13:39:53.726266+00:00,xgb,ranking_rf,488,4370,7,1000,0.8600956201553345,718,282,0.49623847007751465,"[""V176"", ""V191"", ""V255"", ""V160"", ""V224"", ""V215"", ""V380""]","{""n_estimators"": 349, ""learning_rate"": 0.1515682405024012, ""max_depth"": 9, ""subsample"": 0.799802343147764, ""colsample_bytree"": 0.7741388809503915, ""min_child_weight"": 1, ""reg_alpha"": 0.6490127951001999, ""reg_lambda"": 2.2362015944963414}"
489,2026-06-05T13:40:09.378058+00:00,xgb,ranking_rf,489,4790,7,1000,0.7498982548713684,746,254,0.4981687068939209,"[""V176"", ""V191"", ""V255"", ""V160"", ""V224"", ""V215"", ""V380""]","{""n_estimators"": 235, ""learning_rate"": 0.10682025715999506, ""max_depth"": 6, ""subsample"": 0.5874841599935199, ""colsample_bytree"": 0.5121470854531085, ""min_child_weight"": 3, ""reg_alpha"": 0.19979201831910376, ""reg_lambda"": 2.094447617715387}"
490,2026-06-05T13:40:35.412940+00:00,xgb,ranking_rf,490,4490,3,992,0.6910670399665833,670,322,0.49800196290016174,"[""V176"", ""V191"", ""V255""]","{""n_estimators"": 265, ""learning_rate"": 0.1290544928511407, ""max_depth"": 9, ""subsample"": 0.5299572555345036, ""colsample_bytree"": 0.5446949907975354, ""min_child_weight"": 5, ""reg_alpha"": 0.7924509098044129, ""reg_lambda"": 1.9208086182302637}"
491,2026-06-05T13:40:44.608198+00:00,xgb,ranking_rf,491,5155,6,997,0.684342086315155,756,241,0.49673765897750854,"[""V176"", ""V191"", ""V255"", ""V160"", ""V224"", ""V215""]","{""n_estimators"": 254, ""learning_rate"": 0.06734797032301398, ""max_depth"": 3, ""subsample"": 0.5451124111165584, ""colsample_bytree"": 0.7557411705022102, ""min_child_weight"": 3, ""reg_alpha"": 0.8635646548419585, ""reg_lambda"": 0.9695505632023835}"
492,2026-06-05T13:41:05.981078+00:00,xgb,ranking_rf,492,4615,7,999,0.8182500600814819,734,265,0.4997868239879608,"[""V176"", ""V191"", ""V255"", ""V160"", ""V224"", ""V215"", ""V380""]","{""n_estimators"": 278, ""learning_rate"": 0.16615900361036054, ""max_depth"": 7, ""subsample"": 0.7708277887007068, ""colsample_bytree"": 0.8853597211231428, ""min_child_weight"": 8, ""reg_alpha"": 0.0739409413331179, ""reg_lambda"": 1.530209644485027}"
493,2026-06-05T13:41:14.488304+00:00,xgb,ranking_rf,493,5010,5,997,0.6957203149795532,733,264,0.4974810481071472,"[""V176"", ""V191"", ""V255"", ""V160"", ""V224""]","{""n_estimators"": 112, ""learning_rate"": 0.08943866779742035, ""max_depth"": 7, ""subsample"": 0.778602558656878, ""colsample_bytree"": 0.8400796048462911, ""min_child_weight"": 9, ""reg_alpha"": 0.21811894106847873, ""reg_lambda"": 1.3471917705448129}"
494,2026-06-05T13:41:20.397212+00:00,xgb,ranking_rf,494,5070,5,997,0.6888599991798401,737,260,0.49650484323501587,"[""V176"", ""V191"", ""V255"", ""V160"", ""V224""]","{""n_estimators"": 134, ""learning_rate"": 0.1730348526561939, ""max_depth"": 4, ""subsample"": 0.9479474289853919, ""colsample_bytree"": 0.711223657940385, ""min_child_weight"": 7, ""reg_alpha"": 0.7102477795195669, ""reg_lambda"": 1.9757822735847574}"
495,2026-06-05T13:41:40.556045+00:00,xgb,ranking_rf,495,4985,7,1000,0.7245982885360718,759,241,0.49779510498046875,"[""V176"", ""V191"", ""V255"", ""V160"", ""V224"", ""V215"", ""V380""]","{""n_estimators"": 368, ""learning_rate"": 0.05958734709167342, ""max_depth"": 5, ""subsample"": 0.634538454101472, ""colsample_bytree"": 0.6800191692534041, ""min_child_weight"": 8, ""reg_alpha"": 0.5168540418619293, ""reg_lambda"": 1.760583081488489}"
496,2026-06-05T13:41:51.987974+00:00,xgb,ranking_rf,496,5145,4,998,0.6659518480300903,729,269,0.4975051283836365,"[""V176"", ""V191"", ""V255"", ""V160""]","{""n_estimators"": 253, ""learning_rate"": 0.047996651286071695, ""max_depth"": 4, ""subsample"": 0.6750261393142385, ""colsample_bytree"": 0.6046057028739364, ""min_child_weight"": 3, ""reg_alpha"": 0.654334758462003, ""reg_lambda"": 2.4221664781473558}"
497,2026-06-05T13:42:15.833153+00:00,xgb,ranking_rf,497,4880,6,998,0.7312702536582947,738,260,0.49797916412353516,"[""V176"", ""V191"", ""V255"", ""V160"", ""V224"", ""V215""]","{""n_estimators"": 285, ""learning_rate"": 0.059695944620113954, ""max_depth"": 7, ""subsample"": 0.8838614113450516, ""colsample_bytree"": 0.8132753496000507, ""min_child_weight"": 4, ""reg_alpha"": 0.4762048760517802, ""reg_lambda"": 1.9741262433536915}"
498,2026-06-05T13:42:23.328488+00:00,xgb,ranking_rf,498,5145,6,999,0.6667287945747375,756,243,0.49685782194137573,"[""V176"", ""V191"", ""V255"", ""V160"", ""V224"", ""V215""]","{""n_estimators"": 208, ""learning_rate"": 0.05661569164146983, ""max_depth"": 3, ""subsample"": 0.6167840680462657, ""colsample_bytree"": 0.7510522898485619, ""min_child_weight"": 9, ""reg_alpha"": 0.4767981577677234, ""reg_lambda"": 2.278100844910446}"
499,2026-06-05T13:42:49.466465+00:00,xgb,ranking_rf,499,4570,8,998,0.8320743441581726,744,254,0.49784135818481445,"[""V176"", ""V191"", ""V255"", ""V160"", ""V224"", ""V215"", ""V380"", ""V342""]","{""n_estimators"": 205, ""learning_rate"": 0.1432506777535143, ""max_depth"": 8, ""subsample"": 0.7935534520226952, ""colsample_bytree"": 0.8353678883420335, ""min_child_weight"": 1, ""reg_alpha"": 0.9444277505312015, ""reg_lambda"": 1.0904672502650943}"
500,2026-06-05T13:43:01.269081+00:00,xgb,ranking_rf,500,5020,7,999,0.7288568019866943,761,238,0.4975132942199707,"[""V176"", ""V191"", ""V255"", ""V160"", ""V224"", ""V215"", ""V380""]","{""n_estimators"": 251, ""learning_rate"": 0.08884434727451698, ""max_depth"": 4, ""subsample"": 0.6924540444534188, ""colsample_bytree"": 0.8922270110957837, ""min_child_weight"": 2, ""reg_alpha"": 0.7113014514350772, ""reg_lambda"": 0.9593037016929729}"
501,2026-06-05T13:43:14.450079+00:00,xgb,ranking_rf,501,5050,7,999,0.7443801760673523,763,236,0.5004763007164001,"[""V176"", ""V191"", ""V255"", ""V160"", ""V224"", ""V215"", ""V380""]","{""n_estimators"": 373, ""learning_rate"": 0.1299917395919788, ""max_depth"": 3, ""subsample"": 0.5425553114589721, ""colsample_bytree"": 0.6962095283364718, ""min_child_weight"": 2, ""reg_alpha"": 0.36548742899409736, ""reg_lambda"": 0.8015078506222135}"
502,2026-06-05T13:43:21.213767+00:00,xgb,ranking_rf,502,5215,4,996,0.6455508470535278,733,263,0.4966622591018677,"[""V176"", ""V191"", ""V255"", ""V160""]","{""n_estimators"": 187, ""learning_rate"": 0.03652658847669513, ""max_depth"": 3, ""subsample"": 0.626759298207374, ""colsample_bytree"": 0.7792844577090362, ""min_child_weight"": 5, ""reg_alpha"": 0.6559051250143187, ""reg_lambda"": 1.4128114854771403}"
503,2026-06-05T13:43:45.873835+00:00,xgb,ranking_rf,503,4675,8,998,0.8149226903915405,751,247,0.49828794598579407,"[""V176"", ""V191"", ""V255"", ""V160"", ""V224"", ""V215"", ""V380"", ""V342""]","{""n_estimators"": 220, ""learning_rate"": 0.10565604828229494, ""max_depth"": 8, ""subsample"": 0.6741674321442418, ""colsample_bytree"": 0.9247037404940102, ""min_child_weight"": 2, ""reg_alpha"": 0.06638593718381958, ""reg_lambda"": 1.654025979318764}"
504,2026-06-05T13:44:05.599400+00:00,xgb,ranking_rf,504,4845,8,1000,0.7637412548065186,763,237,0.5018117427825928,"[""V176"", ""V191"", ""V255"", ""V160"", ""V224"", ""V215"", ""V380"", ""V342""]","{""n_estimators"": 161, ""learning_rate"": 0.06213161170148669, ""max_depth"": 9, ""subsample"": 0.8944511130415003, ""colsample_bytree"": 0.8292617635292341, ""min_child_weight"": 3, ""reg_alpha"": 0.27497599921357607, ""reg_lambda"": 0.5521724242288137}"
505,2026-06-05T13:44:32.370901+00:00,xgb,ranking_rf,505,4350,5,1000,0.7895082235336304,690,310,0.49680086970329285,"[""V176"", ""V191"", ""V255"", ""V160"", ""V224""]","{""n_estimators"": 269, ""learning_rate"": 0.1719422040188715, ""max_depth"": 9, ""subsample"": 0.585924563674895, ""colsample_bytree"": 0.7599306326993831, ""min_child_weight"": 6, ""reg_alpha"": 0.9721887245399803, ""reg_lambda"": 2.091787168116305}"
506,2026-06-05T13:44:58.853957+00:00,xgb,ranking_rf,506,5020,6,1000,0.7119058966636658,748,252,0.4966363310813904,"[""V176"", ""V191"", ""V255"", ""V160"", ""V224"", ""V215""]","{""n_estimators"": 249, ""learning_rate"": 0.039516986336285455, ""max_depth"": 9, ""subsample"": 0.5988573282764245, ""colsample_bytree"": 0.6889450585579575, ""min_child_weight"": 5, ""reg_alpha"": 0.08256877990896516, ""reg_lambda"": 2.419038495051455}"
507,2026-06-05T13:45:11.638483+00:00,xgb,ranking_rf,507,4950,4,998,0.7070270776748657,716,282,0.49794378876686096,"[""V176"", ""V191"", ""V255"", ""V160""]","{""n_estimators"": 152, ""learning_rate"": 0.09080232561338647, ""max_depth"": 7, ""subsample"": 0.5577366426003556, ""colsample_bytree"": 0.5311376330070328, ""min_child_weight"": 3, ""reg_alpha"": 0.45142320982825246, ""reg_lambda"": 0.5532795130085171}"
508,2026-06-05T13:45:19.144978+00:00,xgb,ranking_rf,508,5175,4,998,0.6588864326477051,731,267,0.49667632579803467,"[""V176"", ""V191"", ""V255"", ""V160""]","{""n_estimators"": 212, ""learning_rate"": 0.04944088226801577, ""max_depth"": 3, ""subsample"": 0.9419862868625068, ""colsample_bytree"": 0.9600310116115155, ""min_child_weight"": 8, ""reg_alpha"": 0.1479811538765119, ""reg_lambda"": 1.6068551388802519}"
509,2026-06-05T13:45:39.019363+00:00,xgb,ranking_rf,509,4865,8,999,0.757371187210083,764,235,0.4954933524131775,"[""V176"", ""V191"", ""V255"", ""V160"", ""V224"", ""V215"", ""V380"", ""V342""]","{""n_estimators"": 265, ""learning_rate"": 0.09022165740558771, ""max_depth"": 7, ""subsample"": 0.7055296881431647, ""colsample_bytree"": 0.5888174080025966, ""min_child_weight"": 9, ""reg_alpha"": 0.42818472459442614, ""reg_lambda"": 2.116424390013087}"
510,2026-06-05T13:45:55.075923+00:00,xgb,ranking_rf,510,4870,6,1000,0.7183073163032532,738,262,0.4998725652694702,"[""V176"", ""V191"", ""V255"", ""V160"", ""V224"", ""V215""]","{""n_estimators"": 180, ""learning_rate"": 0.06763174195110339, ""max_depth"": 7, ""subsample"": 0.9349652021291495, ""colsample_bytree"": 0.5885150422263914, ""min_child_weight"": 2, ""reg_alpha"": 0.675741961281431, ""reg_lambda"": 0.7639370276314061}"
511,2026-06-05T13:46:06.079989+00:00,xgb,ranking_rf,511,4990,6,1000,0.7462539672851562,746,254,0.49896475672721863,"[""V176"", ""V191"", ""V255"", ""V160"", ""V224"", ""V215""]","{""n_estimators"": 235, ""learning_rate"": 0.17212637658408877, ""max_depth"": 4, ""subsample"": 0.7880414918495862, ""colsample_bytree"": 0.7711973169596946, ""min_child_weight"": 1, ""reg_alpha"": 0.4722738390385597, ""reg_lambda"": 1.0986258333911132}"
512,2026-06-05T13:46:24.264678+00:00,xgb,ranking_rf,512,4550,7,1000,0.7846773266792297,730,270,0.49962466955184937,"[""V176"", ""V191"", ""V255"", ""V160"", ""V224"", ""V215"", ""V380""]","{""n_estimators"": 217, ""learning_rate"": 0.11952500985155799, ""max_depth"": 7, ""subsample"": 0.6191549180201803, ""colsample_bytree"": 0.8453862969842763, ""min_child_weight"": 5, ""reg_alpha"": 0.15777083273844228, ""reg_lambda"": 0.6706505282279198}"
513,2026-06-05T13:46:51.957819+00:00,xgb,ranking_rf,513,4800,8,1000,0.8053298592567444,760,240,0.4985133707523346,"[""V176"", ""V191"", ""V255"", ""V160"", ""V224"", ""V215"", ""V380"", ""V342""]","{""n_estimators"": 365, ""learning_rate"": 0.0881777565554554, ""max_depth"": 6, ""subsample"": 0.6126651692568459, ""colsample_bytree"": 0.7795735758826612, ""min_child_weight"": 2, ""reg_alpha"": 0.4699467593876361, ""reg_lambda"": 1.6187511485302488}"
514,2026-06-05T13:47:12.993144+00:00,xgb,ranking_rf,514,4690,7,999,0.7529140114784241,739,260,0.4983169436454773,"[""V176"", ""V191"", ""V255"", ""V160"", ""V224"", ""V215"", ""V380""]","{""n_estimators"": 248, ""learning_rate"": 0.1046834803830639, ""max_depth"": 8, ""subsample"": 0.8320485134524913, ""colsample_bytree"": 0.551446483333867, ""min_child_weight"": 8, ""reg_alpha"": 0.16563168565745134, ""reg_lambda"": 2.079767843799452}"
515,2026-06-05T13:47:20.667291+00:00,xgb,ranking_rf,515,4980,5,1000,0.6888073086738586,732,268,0.49618789553642273,"[""V176"", ""V191"", ""V255"", ""V160"", ""V224""]","{""n_estimators"": 214, ""learning_rate"": 0.16394430366798324, ""max_depth"": 3, ""subsample"": 0.5851250315815455, ""colsample_bytree"": 0.5228933682800732, ""min_child_weight"": 9, ""reg_alpha"": 0.8171919203610936, ""reg_lambda"": 1.4734459381900649}"
516,2026-06-05T13:47:46.637336+00:00,xgb,ranking_rf,516,4590,8,997,0.8411741852760315,745,252,0.4951505959033966,"[""V176"", ""V191"", ""V255"", ""V160"", ""V224"", ""V215"", ""V380"", ""V342""]","{""n_estimators"": 301, ""learning_rate"": 0.145380885309429, ""max_depth"": 7, ""subsample"": 0.844806464086878, ""colsample_bytree"": 0.8966122520794686, ""min_child_weight"": 4, ""reg_alpha"": 0.9067952666968713, ""reg_lambda"": 0.5993830473510504}"
517,2026-06-05T13:48:09.796247+00:00,xgb,ranking_rf,517,4810,7,999,0.7419927716255188,747,252,0.49642226099967957,"[""V176"", ""V191"", ""V255"", ""V160"", ""V224"", ""V215"", ""V380""]","{""n_estimators"": 355, ""learning_rate"": 0.07841476981536566, ""max_depth"": 6, ""subsample"": 0.5557642126380788, ""colsample_bytree"": 0.783393932237668, ""min_child_weight"": 9, ""reg_alpha"": 0.8376069301429002, ""reg_lambda"": 1.58430314529424}"
518,2026-06-05T13:48:17.448474+00:00,xgb,ranking_rf,518,5005,6,997,0.7228236794471741,746,251,0.49879854917526245,"[""V176"", ""V191"", ""V255"", ""V160"", ""V224"", ""V215""]","{""n_estimators"": 133, ""learning_rate"": 0.16574933411676798, ""max_depth"": 5, ""subsample"": 0.7508575525300714, ""colsample_bytree"": 0.6214700816457801, ""min_child_weight"": 6, ""reg_alpha"": 0.3185560449735856, ""reg_lambda"": 1.3167539632492093}"
519,2026-06-05T13:48:41.698673+00:00,xgb,ranking_rf,519,4885,8,998,0.7453620433807373,765,233,0.49974575638771057,"[""V176"", ""V191"", ""V255"", ""V160"", ""V224"", ""V215"", ""V380"", ""V342""]","{""n_estimators"": 205, ""learning_rate"": 0.042969113435825365, ""max_depth"": 8, ""subsample"": 0.7789082101251219, ""colsample_bytree"": 0.9579115206151032, ""min_child_weight"": 2, ""reg_alpha"": 0.6381575907798789, ""reg_lambda"": 0.6647076063604089}"
520,2026-06-05T13:48:51.648139+00:00,xgb,ranking_rf,520,5075,4,1000,0.6866708993911743,725,275,0.4982951283454895,"[""V176"", ""V191"", ""V255"", ""V160""]","{""n_estimators"": 124, ""learning_rate"": 0.07647368639653412, ""max_depth"": 7, ""subsample"": 0.5706373288488474, ""colsample_bytree"": 0.7886444351574347, ""min_child_weight"": 9, ""reg_alpha"": 0.423086818890556, ""reg_lambda"": 2.1628572075316574}"
521,2026-06-05T13:49:16.978450+00:00,xgb,ranking_rf,521,4475,7,997,0.7961772084236145,724,273,0.4996092915534973,"[""V176"", ""V191"", ""V255"", ""V160"", ""V224"", ""V215"", ""V380""]","{""n_estimators"": 272, ""learning_rate"": 0.11721784115693804, ""max_depth"": 7, ""subsample"": 0.5072895564489284, ""colsample_bytree"": 0.7217678970369816, ""min_child_weight"": 2, ""reg_alpha"": 0.580725381615036, ""reg_lambda"": 2.235541344577262}"
522,2026-06-05T13:49:24.243175+00:00,xgb,ranking_rf,522,5105,4,1000,0.6840770840644836,727,273,0.49798738956451416,"[""V176"", ""V191"", ""V255"", ""V160""]","{""n_estimators"": 118, ""learning_rate"": 0.12215356883045121, ""max_depth"": 5, ""subsample"": 0.709603447144713, ""colsample_bytree"": 0.7104287462007752, ""min_child_weight"": 3, ""reg_alpha"": 0.6929112234320187, ""reg_lambda"": 2.05418435367865}"
523,2026-06-05T13:49:47.308208+00:00,xgb,ranking_rf,523,4825,7,999,0.8065183758735657,748,251,0.4997410178184509,"[""V176"", ""V191"", ""V255"", ""V160"", ""V224"", ""V215"", ""V380""]","{""n_estimators"": 388, ""learning_rate"": 0.15643019152464036, ""max_depth"": 5, ""subsample"": 0.7597384269727498, ""colsample_bytree"": 0.6904771131573906, ""min_child_weight"": 2, ""reg_alpha"": 0.7065627075933844, ""reg_lambda"": 1.9655096206301663}"
524,2026-06-05T13:50:02.039758+00:00,xgb,ranking_rf,524,4860,5,1000,0.7175132036209106,724,276,0.49603813886642456,"[""V176"", ""V191"", ""V255"", ""V160"", ""V224""]","{""n_estimators"": 318, ""learning_rate"": 0.11594275682921991, ""max_depth"": 4, ""subsample"": 0.7016541866578461, ""colsample_bytree"": 0.9452827394630885, ""min_child_weight"": 8, ""reg_alpha"": 0.9574412162687149, ""reg_lambda"": 0.8848630740647714}"
525,2026-06-05T13:50:13.836913+00:00,xgb,ranking_rf,525,4945,6,1000,0.7155616879463196,743,257,0.49822553992271423,"[""V176"", ""V191"", ""V255"", ""V160"", ""V224"", ""V215""]","{""n_estimators"": 120, ""learning_rate"": 0.08063033422443014, ""max_depth"": 8, ""subsample"": 0.9549586423816404, ""colsample_bytree"": 0.7804751183866439, ""min_child_weight"": 5, ""reg_alpha"": 0.16295569163645385, ""reg_lambda"": 0.9348272785851195}"
526,2026-06-05T13:50:18.041584+00:00,xgb,ranking_rf,526,5165,4,997,0.6694219708442688,730,267,0.4970317482948303,"[""V176"", ""V191"", ""V255"", ""V160""]","{""n_estimators"": 110, ""learning_rate"": 0.17217320275990886, ""max_depth"": 3, ""subsample"": 0.8832333881016132, ""colsample_bytree"": 0.6755123150752863, ""min_child_weight"": 7, ""reg_alpha"": 0.4867892020133031, ""reg_lambda"": 1.5716627365176548}"
527,2026-06-05T13:50:41.496256+00:00,xgb,ranking_rf,527,4695,5,1000,0.7349320650100708,713,287,0.4971558451652527,"[""V176"", ""V191"", ""V255"", ""V160"", ""V224""]","{""n_estimators"": 266, ""learning_rate"": 0.0899046504330563, ""max_depth"": 8, ""subsample"": 0.5198229456038712, ""colsample_bytree"": 0.773738952791913, ""min_child_weight"": 8, ""reg_alpha"": 0.5640022556927179, ""reg_lambda"": 1.1209566966333693}"
528,2026-06-05T13:51:01.347834+00:00,xgb,ranking_rf,528,5050,6,1000,0.7212401032447815,750,250,0.4983048737049103,"[""V176"", ""V191"", ""V255"", ""V160"", ""V224"", ""V215""]","{""n_estimators"": 365, ""learning_rate"": 0.060334122921935844, ""max_depth"": 5, ""subsample"": 0.8500829588330207, ""colsample_bytree"": 0.8490992412137455, ""min_child_weight"": 9, ""reg_alpha"": 0.7227997101063, ""reg_lambda"": 1.4460412592574543}"
529,2026-06-05T13:51:13.645113+00:00,xgb,ranking_rf,529,4990,6,1000,0.7183935046195984,746,254,0.49801522493362427,"[""V176"", ""V191"", ""V255"", ""V160"", ""V224"", ""V215""]","{""n_estimators"": 368, ""learning_rate"": 0.15408273655765334, ""max_depth"": 3, ""subsample"": 0.7850837400589827, ""colsample_bytree"": 0.6335466030195516, ""min_child_weight"": 9, ""reg_alpha"": 0.6663902903147324, ""reg_lambda"": 1.6633492110889017}"
530,2026-06-05T13:51:18.007093+00:00,xgb,ranking_rf,530,5240,4,1000,0.6669836640357971,736,264,0.4976184666156769,"[""V176"", ""V191"", ""V255"", ""V160""]","{""n_estimators"": 120, ""learning_rate"": 0.14634942026692402, ""max_depth"": 3, ""subsample"": 0.8109019424150302, ""colsample_bytree"": 0.7059692291173895, ""min_child_weight"": 8, ""reg_alpha"": 0.851125775760085, ""reg_lambda"": 2.2139692049719994}"
531,2026-06-05T13:51:45.422883+00:00,xgb,ranking_rf,531,4730,7,1000,0.7605733871459961,742,258,0.49786141514778137,"[""V176"", ""V191"", ""V255"", ""V160"", ""V224"", ""V215"", ""V380""]","{""n_estimators"": 298, ""learning_rate"": 0.09617022319549937, ""max_depth"": 9, ""subsample"": 0.6356647824729268, ""colsample_bytree"": 0.5741633867201169, ""min_child_weight"": 9, ""reg_alpha"": 0.5197494510676268, ""reg_lambda"": 2.2900332183476495}"
532,2026-06-05T13:51:58.595152+00:00,xgb,ranking_rf,532,5200,6,1000,0.6978721618652344,760,240,0.49698173999786377,"[""V176"", ""V191"", ""V255"", ""V160"", ""V224"", ""V215""]","{""n_estimators"": 388, ""learning_rate"": 0.07717029037506777, ""max_depth"": 3, ""subsample"": 0.8985396237784441, ""colsample_bytree"": 0.922109216375766, ""min_child_weight"": 7, ""reg_alpha"": 0.19213574193788152, ""reg_lambda"": 1.616541698908362}"
533,2026-06-05T13:52:14.671198+00:00,xgb,ranking_rf,533,4810,7,999,0.772300660610199,747,252,0.5009012222290039,"[""V176"", ""V191"", ""V255"", ""V160"", ""V224"", ""V215"", ""V380""]","{""n_estimators"": 285, ""learning_rate"": 0.1330509562001152, ""max_depth"": 5, ""subsample"": 0.8360464131853963, ""colsample_bytree"": 0.5894944825534588, ""min_child_weight"": 2, ""reg_alpha"": 0.046741540217186794, ""reg_lambda"": 2.1396718813630935}"
534,2026-06-05T13:52:35.153843+00:00,xgb,ranking_rf,534,4740,8,1000,0.7967109084129333,756,244,0.49768510460853577,"[""V176"", ""V191"", ""V255"", ""V160"", ""V224"", ""V215"", ""V380"", ""V342""]","{""n_estimators"": 192, ""learning_rate"": 0.12150379196269902, ""max_depth"": 9, ""subsample"": 0.915478438694606, ""colsample_bytree"": 0.6702358745576816, ""min_child_weight"": 5, ""reg_alpha"": 0.2709088189043699, ""reg_lambda"": 1.847565594114361}"
535,2026-06-05T13:53:08.574933+00:00,xgb,ranking_rf,535,4780,6,1000,0.7129985690116882,732,268,0.49788886308670044,"[""V176"", ""V191"", ""V255"", ""V160"", ""V224"", ""V215""]","{""n_estimators"": 228, ""learning_rate"": 0.03130360503422751, ""max_depth"": 9, ""subsample"": 0.7504140395018006, ""colsample_bytree"": 0.7090421015030501, ""min_child_weight"": 1, ""reg_alpha"": 0.1310598565010207, ""reg_lambda"": 2.0622336927949796}"
536,2026-06-05T13:53:20.242879+00:00,xgb,ranking_rf,536,4965,7,998,0.7395150661468506,757,241,0.497040718793869,"[""V176"", ""V191"", ""V255"", ""V160"", ""V224"", ""V215"", ""V380""]","{""n_estimators"": 329, ""learning_rate"": 0.16886450612580745, ""max_depth"": 3, ""subsample"": 0.5817303738732083, ""colsample_bytree"": 0.8345410233399454, ""min_child_weight"": 7, ""reg_alpha"": 0.5788995656310054, ""reg_lambda"": 1.8762698373631241}"
537,2026-06-05T13:53:27.659074+00:00,xgb,ranking_rf,537,5065,6,1000,0.6845088005065918,751,249,0.497315913438797,"[""V176"", ""V191"", ""V255"", ""V160"", ""V224"", ""V215""]","{""n_estimators"": 128, ""learning_rate"": 0.08005205599375553, ""max_depth"": 5, ""subsample"": 0.6921866115962685, ""colsample_bytree"": 0.6143850434994742, ""min_child_weight"": 6, ""reg_alpha"": 0.43466258925368795, ""reg_lambda"": 1.361828438168314}"
538,2026-06-05T13:53:35.013783+00:00,xgb,ranking_rf,538,5140,6,1000,0.6976686120033264,756,244,0.4966993033885956,"[""V176"", ""V191"", ""V255"", ""V160"", ""V224"", ""V215""]","{""n_estimators"": 208, ""learning_rate"": 0.15689271289604206, ""max_depth"": 3, ""subsample"": 0.8451433482885868, ""colsample_bytree"": 0.6006885355355035, ""min_child_weight"": 9, ""reg_alpha"": 0.40071990483959663, ""reg_lambda"": 2.2282017248150634}"
539,2026-06-05T13:53:51.066277+00:00,xgb,ranking_rf,539,4840,6,1000,0.7542053461074829,736,264,0.4980899393558502,"[""V176"", ""V191"", ""V255"", ""V160"", ""V224"", ""V215""]","{""n_estimators"": 283, ""learning_rate"": 0.13275175030813968, ""max_depth"": 5, ""subsample"": 0.7546805103141541, ""colsample_bytree"": 0.7290008132690688, ""min_child_weight"": 6, ""reg_alpha"": 0.4285027771951664, ""reg_lambda"": 1.1497834732112033}"
540,2026-06-05T13:54:04.821839+00:00,xgb,ranking_rf,540,4830,8,1000,0.7536550760269165,762,238,0.4984457492828369,"[""V176"", ""V191"", ""V255"", ""V160"", ""V224"", ""V215"", ""V380"", ""V342""]","{""n_estimators"": 240, ""learning_rate"": 0.09734068824488262, ""max_depth"": 5, ""subsample"": 0.5587187144358372, ""colsample_bytree"": 0.746054143205557, ""min_child_weight"": 5, ""reg_alpha"": 0.6003215892472942, ""reg_lambda"": 0.6353542097019722}"
541,2026-06-05T13:54:14.963680+00:00,xgb,ranking_rf,541,4850,7,1000,0.7621921896934509,750,250,0.5001186728477478,"[""V176"", ""V191"", ""V255"", ""V160"", ""V224"", ""V215"", ""V380""]","{""n_estimators"": 183, ""learning_rate"": 0.16592701089255912, ""max_depth"": 5, ""subsample"": 0.6720219392355503, ""colsample_bytree"": 0.5469994053909337, ""min_child_weight"": 3, ""reg_alpha"": 0.14350946973940126, ""reg_lambda"": 0.5599951162182544}"
542,2026-06-05T13:54:36.180071+00:00,xgb,ranking_rf,542,5030,7,1000,0.7228618860244751,762,238,0.49685487151145935,"[""V176"", ""V191"", ""V255"", ""V160"", ""V224"", ""V215"", ""V380""]","{""n_estimators"": 231, ""learning_rate"": 0.03907543856140318, ""max_depth"": 8, ""subsample"": 0.6476711730126854, ""colsample_bytree"": 0.9191791241859547, ""min_child_weight"": 6, ""reg_alpha"": 0.5434704410177225, ""reg_lambda"": 1.2214262429866327}"
543,2026-06-05T13:54:57.055804+00:00,xgb,ranking_rf,543,5025,8,1000,0.7229713201522827,775,225,0.49695977568626404,"[""V176"", ""V191"", ""V255"", ""V160"", ""V224"", ""V215"", ""V380"", ""V342""]","{""n_estimators"": 219, ""learning_rate"": 0.03635880312904417, ""max_depth"": 7, ""subsample"": 0.7548639178386054, ""colsample_bytree"": 0.9044084819028662, ""min_child_weight"": 2, ""reg_alpha"": 0.2677448899816186, ""reg_lambda"": 1.86173721083804}"
544,2026-06-05T13:55:23.349382+00:00,xgb,ranking_rf,544,5155,6,1000,0.6946380138397217,757,243,0.4969590902328491,"[""V176"", ""V191"", ""V255"", ""V160"", ""V224"", ""V215""]","{""n_estimators"": 349, ""learning_rate"": 0.030591448543440397, ""max_depth"": 7, ""subsample"": 0.7007402597938673, ""colsample_bytree"": 0.5773212912169661, ""min_child_weight"": 8, ""reg_alpha"": 0.7550981102680678, ""reg_lambda"": 1.016521362865102}"
545,2026-06-05T13:55:28.180158+00:00,xgb,ranking_rf,545,5125,6,997,0.6915001273155212,754,243,0.4966064393520355,"[""V176"", ""V191"", ""V255"", ""V160"", ""V224"", ""V215""]","{""n_estimators"": 129, ""learning_rate"": 0.16474321308265086, ""max_depth"": 3, ""subsample"": 0.709693744652967, ""colsample_bytree"": 0.5828905908644064, ""min_child_weight"": 7, ""reg_alpha"": 0.027165228621922166, ""reg_lambda"": 0.6901607013317803}"
546,2026-06-05T13:55:33.333560+00:00,xgb,ranking_rf,546,5295,4,998,0.6364752054214478,739,259,0.4964253008365631,"[""V176"", ""V191"", ""V255"", ""V160""]","{""n_estimators"": 105, ""learning_rate"": 0.045486266910110214, ""max_depth"": 4, ""subsample"": 0.5757745566833377, ""colsample_bytree"": 0.7070898218517356, ""min_child_weight"": 5, ""reg_alpha"": 0.19510495473422929, ""reg_lambda"": 0.5896729879905909}"
547,2026-06-05T13:56:04.720383+00:00,xgb,ranking_rf,547,4655,8,999,0.8633918166160583,750,249,0.49584731459617615,"[""V176"", ""V191"", ""V255"", ""V160"", ""V224"", ""V215"", ""V380"", ""V342""]","{""n_estimators"": 215, ""learning_rate"": 0.1759867654536359, ""max_depth"": 9, ""subsample"": 0.7935566846146305, ""colsample_bytree"": 0.8469637218079693, ""min_child_weight"": 1, ""reg_alpha"": 0.4997189214419865, ""reg_lambda"": 1.6620232519999463}"
548,2026-06-05T13:56:14.008386+00:00,xgb,ranking_rf,548,4970,7,1000,0.7214912176132202,758,242,0.49943241477012634,"[""V176"", ""V191"", ""V255"", ""V160"", ""V224"", ""V215"", ""V380""]","{""n_estimators"": 211, ""learning_rate"": 0.12280740945454956, ""max_depth"": 4, ""subsample"": 0.9551068160514273, ""colsample_bytree"": 0.5024441898144749, ""min_child_weight"": 3, ""reg_alpha"": 0.31724590457062374, ""reg_lambda"": 0.6734345014674896}"
549,2026-06-05T13:56:36.136427+00:00,xgb,ranking_rf,549,4800,8,1000,0.7584443092346191,760,240,0.49795740842819214,"[""V176"", ""V191"", ""V255"", ""V160"", ""V224"", ""V215"", ""V380"", ""V342""]","{""n_estimators"": 234, ""learning_rate"": 0.07253065681319082, ""max_depth"": 8, ""subsample"": 0.8041610289201384, ""colsample_bytree"": 0.8369211194572368, ""min_child_weight"": 7, ""reg_alpha"": 0.8360847552167682, ""reg_lambda"": 1.0037230848483434}"
550,2026-06-05T13:56:53.332562+00:00,xgb,ranking_rf,550,5170,6,1000,0.6961449980735779,758,242,0.4972290098667145,"[""V176"", ""V191"", ""V255"", ""V160"", ""V224"", ""V215""]","{""n_estimators"": 220, ""learning_rate"": 0.03814439617112726, ""max_depth"": 7, ""subsample"": 0.9608281491631276, ""colsample_bytree"": 0.7410672851531123, ""min_child_weight"": 8, ""reg_alpha"": 0.4858387174512022, ""reg_lambda"": 2.259148258715147}"
551,2026-06-05T13:56:58.389633+00:00,xgb,ranking_rf,551,5110,6,1000,0.6897061467170715,754,246,0.4992739260196686,"[""V176"", ""V191"", ""V255"", ""V160"", ""V224"", ""V215""]","{""n_estimators"": 137, ""learning_rate"": 0.15135328661157454, ""max_depth"": 3, ""subsample"": 0.5952175237073124, ""colsample_bytree"": 0.5714703358638049, ""min_child_weight"": 3, ""reg_alpha"": 0.4265766966223501, ""reg_lambda"": 1.2237304313712336}"
552,2026-06-05T13:57:09.079781+00:00,xgb,ranking_rf,552,5260,4,999,0.6717093586921692,737,262,0.49840742349624634,"[""V176"", ""V191"", ""V255"", ""V160""]","{""n_estimators"": 321, ""learning_rate"": 0.07243654985894568, ""max_depth"": 3, ""subsample"": 0.687247122733189, ""colsample_bytree"": 0.5112213634031066, ""min_child_weight"": 9, ""reg_alpha"": 0.6264960777029969, ""reg_lambda"": 0.9561584212971923}"
553,2026-06-05T13:57:17.845837+00:00,xgb,ranking_rf,553,5115,4,998,0.6896453499794006,727,271,0.49771180748939514,"[""V176"", ""V191"", ""V255"", ""V160""]","{""n_estimators"": 186, ""learning_rate"": 0.11647325012529754, ""max_depth"": 4, ""subsample"": 0.5848742209422655, ""colsample_bytree"": 0.6223185301647631, ""min_child_weight"": 1, ""reg_alpha"": 0.14935184726600137, ""reg_lambda"": 0.9731444042964901}"
554,2026-06-05T13:57:29.173033+00:00,xgb,ranking_rf,554,4875,8,1000,0.7507650256156921,765,235,0.49815088510513306,"[""V176"", ""V191"", ""V255"", ""V160"", ""V224"", ""V215"", ""V380"", ""V342""]","{""n_estimators"": 147, ""learning_rate"": 0.11262101840392637, ""max_depth"": 7, ""subsample"": 0.9390989606227247, ""colsample_bytree"": 0.8483914611600283, ""min_child_weight"": 9, ""reg_alpha"": 0.4604657672002155, ""reg_lambda"": 0.8820373414314293}"
555,2026-06-05T13:57:51.866891+00:00,xgb,ranking_rf,555,4735,6,1000,0.777834951877594,729,271,0.4981003999710083,"[""V176"", ""V191"", ""V255"", ""V160"", ""V224"", ""V215""]","{""n_estimators"": 363, ""learning_rate"": 0.13354240294287045, ""max_depth"": 6, ""subsample"": 0.8753944577877759, ""colsample_bytree"": 0.5967469499590183, ""min_child_weight"": 8, ""reg_alpha"": 0.26247561484016313, ""reg_lambda"": 0.7019265196581308}"
556,2026-06-05T13:58:18.138917+00:00,xgb,ranking_rf,556,4970,7,1000,0.7299930453300476,758,242,0.5010448098182678,"[""V176"", ""V191"", ""V255"", ""V160"", ""V224"", ""V215"", ""V380""]","{""n_estimators"": 274, ""learning_rate"": 0.03717826988342933, ""max_depth"": 7, ""subsample"": 0.9961518484591694, ""colsample_bytree"": 0.7360011807874118, ""min_child_weight"": 1, ""reg_alpha"": 0.677503421499723, ""reg_lambda"": 1.1794667592643289}"
557,2026-06-05T13:58:48.829029+00:00,xgb,ranking_rf,557,4790,7,1000,0.8086623549461365,746,254,0.500638484954834,"[""V176"", ""V191"", ""V255"", ""V160"", ""V224"", ""V215"", ""V380""]","{""n_estimators"": 243, ""learning_rate"": 0.09108754754596957, ""max_depth"": 9, ""subsample"": 0.8894975853023832, ""colsample_bytree"": 0.7695437676488277, ""min_child_weight"": 2, ""reg_alpha"": 0.41693278415491286, ""reg_lambda"": 0.851191826367675}"
558,2026-06-05T13:59:14.784683+00:00,xgb,ranking_rf,558,4565,7,1000,0.844046950340271,731,269,0.501474142074585,"[""V176"", ""V191"", ""V255"", ""V160"", ""V224"", ""V215"", ""V380""]","{""n_estimators"": 326, ""learning_rate"": 0.16553173507839333, ""max_depth"": 6, ""subsample"": 0.7104503214741218, ""colsample_bytree"": 0.8451647768187855, ""min_child_weight"": 1, ""reg_alpha"": 0.2594806894726859, ""reg_lambda"": 1.7642786520602758}"
559,2026-06-05T13:59:26.012124+00:00,xgb,ranking_rf,559,4990,6,1000,0.7255427837371826,746,254,0.4966743588447571,"[""V176"", ""V191"", ""V255"", ""V160"", ""V224"", ""V215""]","{""n_estimators"": 205, ""learning_rate"": 0.11363881006937888, ""max_depth"": 5, ""subsample"": 0.9992217225515556, ""colsample_bytree"": 0.9386554074329287, ""min_child_weight"": 7, ""reg_alpha"": 0.05699721073376385, ""reg_lambda"": 0.5005851702036761}"
560,2026-06-05T13:59:41.133241+00:00,xgb,ranking_rf,560,4855,6,1000,0.7425644397735596,737,263,0.4964885711669922,"[""V176"", ""V191"", ""V255"", ""V160"", ""V224"", ""V215""]","{""n_estimators"": 327, ""learning_rate"": 0.14358163252932343, ""max_depth"": 4, ""subsample"": 0.7959527936602381, ""colsample_bytree"": 0.9848489206627189, ""min_child_weight"": 8, ""reg_alpha"": 0.9881509307119392, ""reg_lambda"": 1.0965097344934818}"
561,2026-06-05T14:00:09.782920+00:00,xgb,ranking_rf,561,4870,6,1000,0.7285022735595703,738,262,0.498547226190567,"[""V176"", ""V191"", ""V255"", ""V160"", ""V224"", ""V215""]","{""n_estimators"": 238, ""learning_rate"": 0.047712966585886724, ""max_depth"": 8, ""subsample"": 0.6057883693806535, ""colsample_bytree"": 0.7097439378944667, ""min_child_weight"": 1, ""reg_alpha"": 0.9559615930780756, ""reg_lambda"": 1.8121387877279225}"
562,2026-06-05T14:00:34.960851+00:00,xgb,ranking_rf,562,4805,4,1000,0.7228987812995911,707,293,0.49994170665740967,"[""V176"", ""V191"", ""V255"", ""V160""]","{""n_estimators"": 380, ""learning_rate"": 0.08190326023230787, ""max_depth"": 6, ""subsample"": 0.6651080584929123, ""colsample_bytree"": 0.7286620446727303, ""min_child_weight"": 7, ""reg_alpha"": 0.6823238943983785, ""reg_lambda"": 0.5463752551266321}"
563,2026-06-05T14:00:52.339460+00:00,xgb,ranking_rf,563,4750,7,999,0.7569536566734314,743,256,0.4969884753227234,"[""V176"", ""V191"", ""V255"", ""V160"", ""V224"", ""V215"", ""V380""]","{""n_estimators"": 175, ""learning_rate"": 0.1035868689049, ""max_depth"": 9, ""subsample"": 0.7269662175845435, ""colsample_bytree"": 0.5826267201553352, ""min_child_weight"": 7, ""reg_alpha"": 0.6674336476211878, ""reg_lambda"": 0.5958613175587071}"
564,2026-06-05T14:00:58.534246+00:00,xgb,ranking_rf,564,5080,4,999,0.6736051440238953,725,274,0.49803343415260315,"[""V176"", ""V191"", ""V255"", ""V160""]","{""n_estimators"": 130, ""learning_rate"": 0.11238122702019258, ""max_depth"": 4, ""subsample"": 0.852401515217867, ""colsample_bytree"": 0.5063282851513615, ""min_child_weight"": 1, ""reg_alpha"": 0.3436239674964182, ""reg_lambda"": 0.5263019736236867}"
565,2026-06-05T14:01:10.023114+00:00,xgb,ranking_rf,565,4965,8,1000,0.760389506816864,771,229,0.4980349540710449,"[""V176"", ""V191"", ""V255"", ""V160"", ""V224"", ""V215"", ""V380"", ""V342""]","{""n_estimators"": 148, ""learning_rate"": 0.13174429615321054, ""max_depth"": 7, ""subsample"": 0.827729359173311, ""colsample_bytree"": 0.5945430188916851, ""min_child_weight"": 7, ""reg_alpha"": 0.26956164879858624, ""reg_lambda"": 0.9600891297364988}"
566,2026-06-05T14:01:39.231108+00:00,xgb,ranking_rf,566,4735,8,998,0.8050479292869568,755,243,0.49948233366012573,"[""V176"", ""V191"", ""V255"", ""V160"", ""V224"", ""V215"", ""V380"", ""V342""]","{""n_estimators"": 360, ""learning_rate"": 0.10236023169890453, ""max_depth"": 8, ""subsample"": 0.9008392597891316, ""colsample_bytree"": 0.5797031187016757, ""min_child_weight"": 8, ""reg_alpha"": 0.056272614545131106, ""reg_lambda"": 2.011154578851531}"
567,2026-06-05T14:01:54.783637+00:00,xgb,ranking_rf,567,4715,7,1000,0.7823632955551147,741,259,0.5000153183937073,"[""V176"", ""V191"", ""V255"", ""V160"", ""V224"", ""V215"", ""V380""]","{""n_estimators"": 184, ""learning_rate"": 0.13463196228661345, ""max_depth"": 7, ""subsample"": 0.7957275825249677, ""colsample_bytree"": 0.9764583398187507, ""min_child_weight"": 6, ""reg_alpha"": 0.2882594885762607, ""reg_lambda"": 1.396272210550142}"
568,2026-06-05T14:02:22.374983+00:00,xgb,ranking_rf,568,4425,8,1000,0.8510051369667053,735,265,0.4958967864513397,"[""V176"", ""V191"", ""V255"", ""V160"", ""V224"", ""V215"", ""V380"", ""V342""]","{""n_estimators"": 295, ""learning_rate"": 0.1729549454333676, ""max_depth"": 7, ""subsample"": 0.564638094394513, ""colsample_bytree"": 0.9805920161079085, ""min_child_weight"": 2, ""reg_alpha"": 0.980702958078914, ""reg_lambda"": 1.5039471493012109}"
569,2026-06-05T14:02:57.103917+00:00,xgb,ranking_rf,569,4690,8,998,0.7699519991874695,752,246,0.4954985976219177,"[""V176"", ""V191"", ""V255"", ""V160"", ""V224"", ""V215"", ""V380"", ""V342""]","{""n_estimators"": 352, ""learning_rate"": 0.055038657862803986, ""max_depth"": 9, ""subsample"": 0.7243041595465515, ""colsample_bytree"": 0.8359654490243029, ""min_child_weight"": 8, ""reg_alpha"": 0.670403042905866, ""reg_lambda"": 0.8615191636378079}"
570,2026-06-05T14:03:07.777661+00:00,xgb,ranking_rf,570,5060,8,999,0.7058080434799194,777,222,0.49727967381477356,"[""V176"", ""V191"", ""V255"", ""V160"", ""V224"", ""V215"", ""V380"", ""V342""]","{""n_estimators"": 134, ""learning_rate"": 0.05967883081476801, ""max_depth"": 7, ""subsample"": 0.7531799245018901, ""colsample_bytree"": 0.6464977911267351, ""min_child_weight"": 7, ""reg_alpha"": 0.9854995647932548, ""reg_lambda"": 1.6617955819533243}"
571,2026-06-05T14:03:16.142863+00:00,xgb,ranking_rf,571,5320,6,1000,0.6907875537872314,768,232,0.4965709447860718,"[""V176"", ""V191"", ""V255"", ""V160"", ""V224"", ""V215""]","{""n_estimators"": 185, ""learning_rate"": 0.07415163571512587, ""max_depth"": 4, ""subsample"": 0.8542513666008082, ""colsample_bytree"": 0.7840610222963726, ""min_child_weight"": 4, ""reg_alpha"": 0.3076299846412932, ""reg_lambda"": 1.4331285755522027}"
572,2026-06-05T14:04:14.804631+00:00,xgb,ranking_rf,572,4495,7,999,0.8370085954666138,726,273,0.496952086687088,"[""V176"", ""V191"", ""V255"", ""V160"", ""V224"", ""V215"", ""V380""]","{""n_estimators"": 389, ""learning_rate"": 0.07183121009785785, ""max_depth"": 9, ""subsample"": 0.7928778630320972, ""colsample_bytree"": 0.9119101055662142, ""min_child_weight"": 1, ""reg_alpha"": 0.6480362679136664, ""reg_lambda"": 1.2391714274233239}"
573,2026-06-05T14:04:24.101048+00:00,xgb,ranking_rf,573,5200,4,999,0.6646373867988586,733,266,0.4974161982536316,"[""V176"", ""V191"", ""V255"", ""V160""]","{""n_estimators"": 221, ""learning_rate"": 0.05601552023302985, ""max_depth"": 4, ""subsample"": 0.9161127807910766, ""colsample_bytree"": 0.582999430313617, ""min_child_weight"": 3, ""reg_alpha"": 0.644680490148373, ""reg_lambda"": 1.2690429913309456}"
574,2026-06-05T14:04:36.462435+00:00,xgb,ranking_rf,574,5025,8,1000,0.6982624530792236,775,225,0.4962902367115021,"[""V176"", ""V191"", ""V255"", ""V160"", ""V224"", ""V215"", ""V380"", ""V342""]","{""n_estimators"": 132, ""learning_rate"": 0.05139850574860612, ""max_depth"": 9, ""subsample"": 0.6941957426474833, ""colsample_bytree"": 0.5162462738538796, ""min_child_weight"": 9, ""reg_alpha"": 0.3636694628665179, ""reg_lambda"": 1.482786902369331}"
575,2026-06-05T14:04:54.963213+00:00,xgb,ranking_rf,575,4655,6,998,0.7867074012756348,723,275,0.49997246265411377,"[""V176"", ""V191"", ""V255"", ""V160"", ""V224"", ""V215""]","{""n_estimators"": 271, ""learning_rate"": 0.1599792910230514, ""max_depth"": 6, ""subsample"": 0.762075257515157, ""colsample_bytree"": 0.5011636192945439, ""min_child_weight"": 4, ""reg_alpha"": 0.29378808160081604, ""reg_lambda"": 1.9197017525215383}"
576,2026-06-05T14:05:03.304941+00:00,xgb,ranking_rf,576,5155,6,1000,0.6814534664154053,757,243,0.49713608622550964,"[""V176"", ""V191"", ""V255"", ""V160"", ""V224"", ""V215""]","{""n_estimators"": 243, ""learning_rate"": 0.07247130917968381, ""max_depth"": 3, ""subsample"": 0.761821250416534, ""colsample_bytree"": 0.7237056437085138, ""min_child_weight"": 9, ""reg_alpha"": 0.7582169116500092, ""reg_lambda"": 1.4327629373106694}"
577,2026-06-05T14:05:24.294243+00:00,xgb,ranking_rf,577,4710,4,998,0.7759630680084229,700,298,0.4991471767425537,"[""V176"", ""V191"", ""V255"", ""V160""]","{""n_estimators"": 378, ""learning_rate"": 0.1671047929100523, ""max_depth"": 5, ""subsample"": 0.6839170037359126, ""colsample_bytree"": 0.80701088973105, ""min_child_weight"": 5, ""reg_alpha"": 0.17202564771867468, ""reg_lambda"": 0.8211949065525685}"
578,2026-06-05T14:05:36.914728+00:00,xgb,ranking_rf,578,4995,8,1000,0.7397865056991577,773,227,0.4976470172405243,"[""V176"", ""V191"", ""V255"", ""V160"", ""V224"", ""V215"", ""V380"", ""V342""]","{""n_estimators"": 376, ""learning_rate"": 0.13075346785365766, ""max_depth"": 3, ""subsample"": 0.5168075136174413, ""colsample_bytree"": 0.6156860284110353, ""min_child_weight"": 2, ""reg_alpha"": 0.9096300850270245, ""reg_lambda"": 2.1513022779839925}"
579,2026-06-05T14:06:11.514713+00:00,xgb,ranking_rf,579,4670,6,998,0.7623903155326843,724,274,0.49848583340644836,"[""V176"", ""V191"", ""V255"", ""V160"", ""V224"", ""V215""]","{""n_estimators"": 282, ""learning_rate"": 0.07083105939534004, ""max_depth"": 9, ""subsample"": 0.9741857734747397, ""colsample_bytree"": 0.7607971682848846, ""min_child_weight"": 2, ""reg_alpha"": 0.4222137836450718, ""reg_lambda"": 1.805340377441463}"
580,2026-06-05T14:06:19.582068+00:00,xgb,ranking_rf,580,4795,4,999,0.7010179758071899,706,293,0.49746590852737427,"[""V176"", ""V191"", ""V255"", ""V160""]","{""n_estimators"": 116, ""learning_rate"": 0.16685769963248778, ""max_depth"": 6, ""subsample"": 0.5685709106790661, ""colsample_bytree"": 0.6822938693094396, ""min_child_weight"": 9, ""reg_alpha"": 0.6780566584534488, ""reg_lambda"": 2.0306332289968134}"
581,2026-06-05T14:06:49.736832+00:00,xgb,ranking_rf,581,4590,5,1000,0.7736836671829224,706,294,0.49725663661956787,"[""V176"", ""V191"", ""V255"", ""V160"", ""V224""]","{""n_estimators"": 310, ""learning_rate"": 0.09752543795032798, ""max_depth"": 8, ""subsample"": 0.6887591880896047, ""colsample_bytree"": 0.8784978148728262, ""min_child_weight"": 5, ""reg_alpha"": 0.7198641191303572, ""reg_lambda"": 1.5858377625967781}"
582,2026-06-05T14:07:08.983623+00:00,xgb,ranking_rf,582,4800,6,999,0.7765544056892395,733,266,0.4982995092868805,"[""V176"", ""V191"", ""V255"", ""V160"", ""V224"", ""V215""]","{""n_estimators"": 289, ""learning_rate"": 0.16344098587904884, ""max_depth"": 6, ""subsample"": 0.8752385333497483, ""colsample_bytree"": 0.7889084585406222, ""min_child_weight"": 9, ""reg_alpha"": 0.6353965299858889, ""reg_lambda"": 0.6970962524052378}"
583,2026-06-05T14:07:16.307397+00:00,xgb,ranking_rf,583,5225,4,997,0.6553709506988525,734,263,0.49754366278648376,"[""V176"", ""V191"", ""V255"", ""V160""]","{""n_estimators"": 154, ""learning_rate"": 0.036838277401066065, ""max_depth"": 4, ""subsample"": 0.7527088219424072, ""colsample_bytree"": 0.7776560889435611, ""min_child_weight"": 3, ""reg_alpha"": 0.2681241773527343, ""reg_lambda"": 1.1864532842220619}"
584,2026-06-05T14:07:21.300151+00:00,xgb,ranking_rf,584,5300,4,1000,0.6346047520637512,740,260,0.49642181396484375,"[""V176"", ""V191"", ""V255"", ""V160""]","{""n_estimators"": 133, ""learning_rate"": 0.04716223133996987, ""max_depth"": 3, ""subsample"": 0.5793659016901398, ""colsample_bytree"": 0.5497449644726076, ""min_child_weight"": 6, ""reg_alpha"": 0.6703019377340833, ""reg_lambda"": 1.91030761024673}"
585,2026-06-05T14:07:31.349046+00:00,xgb,ranking_rf,585,5165,5,999,0.6743411421775818,744,255,0.497463196516037,"[""V176"", ""V191"", ""V255"", ""V160"", ""V224""]","{""n_estimators"": 177, ""learning_rate"": 0.04776925714365978, ""max_depth"": 5, ""subsample"": 0.6361316396746445, ""colsample_bytree"": 0.993695926602312, ""min_child_weight"": 8, ""reg_alpha"": 0.8698702308834095, ""reg_lambda"": 1.0442608329983447}"
586,2026-06-05T14:07:54.149117+00:00,xgb,ranking_rf,586,4550,4,1000,0.7330126762390137,690,310,0.49690502882003784,"[""V176"", ""V191"", ""V255"", ""V160""]","{""n_estimators"": 362, ""learning_rate"": 0.12826446881211717, ""max_depth"": 6, ""subsample"": 0.6925581768390587, ""colsample_bytree"": 0.536470792873569, ""min_child_weight"": 9, ""reg_alpha"": 0.953376532873266, ""reg_lambda"": 2.464691394467992}"
587,2026-06-05T14:08:20.209562+00:00,xgb,ranking_rf,587,4635,6,999,0.7822177410125732,722,277,0.49612754583358765,"[""V176"", ""V191"", ""V255"", ""V160"", ""V224"", ""V215""]","{""n_estimators"": 252, ""learning_rate"": 0.10465213671330972, ""max_depth"": 9, ""subsample"": 0.5527345702256377, ""colsample_bytree"": 0.540870861439765, ""min_child_weight"": 4, ""reg_alpha"": 0.12138112395309097, ""reg_lambda"": 1.6625927870456592}"
588,2026-06-05T14:08:32.865020+00:00,xgb,ranking_rf,588,4960,4,999,0.6675969362258911,717,282,0.49657168984413147,"[""V176"", ""V191"", ""V255"", ""V160""]","{""n_estimators"": 118, ""learning_rate"": 0.03439112020373642, ""max_depth"": 9, ""subsample"": 0.7654857776117724, ""colsample_bytree"": 0.8284736093907576, ""min_child_weight"": 7, ""reg_alpha"": 0.0974831418299652, ""reg_lambda"": 1.4863286644704554}"
589,2026-06-05T14:08:59.491172+00:00,xgb,ranking_rf,589,4460,8,999,0.83676677942276,737,262,0.4978961944580078,"[""V176"", ""V191"", ""V255"", ""V160"", ""V224"", ""V215"", ""V380"", ""V342""]","{""n_estimators"": 347, ""learning_rate"": 0.15566223270414162, ""max_depth"": 7, ""subsample"": 0.7417555398879405, ""colsample_bytree"": 0.7770995749202967, ""min_child_weight"": 9, ""reg_alpha"": 0.5271779722272611, ""reg_lambda"": 0.8939514814443519}"
590,2026-06-05T14:09:33.526102+00:00,xgb,ranking_rf,590,4470,8,1000,0.8625009059906006,738,262,0.49643275141716003,"[""V176"", ""V191"", ""V255"", ""V160"", ""V224"", ""V215"", ""V380"", ""V342""]","{""n_estimators"": 324, ""learning_rate"": 0.15442398944035107, ""max_depth"": 9, ""subsample"": 0.8293201561508052, ""colsample_bytree"": 0.8984695354049219, ""min_child_weight"": 5, ""reg_alpha"": 0.7310686020120064, ""reg_lambda"": 1.214261267803092}"
591,2026-06-05T14:09:55.260937+00:00,xgb,ranking_rf,591,5070,8,1000,0.7238702178001404,778,222,0.496989905834198,"[""V176"", ""V191"", ""V255"", ""V160"", ""V224"", ""V215"", ""V380"", ""V342""]","{""n_estimators"": 334, ""learning_rate"": 0.03321529485578978, ""max_depth"": 6, ""subsample"": 0.6797143721398299, ""colsample_bytree"": 0.765773261813796, ""min_child_weight"": 7, ""reg_alpha"": 0.8010024463060643, ""reg_lambda"": 1.379587721970001}"
592,2026-06-05T14:10:26.608790+00:00,xgb,ranking_rf,592,4625,7,1000,0.802025318145752,735,265,0.4984826147556305,"[""V176"", ""V191"", ""V255"", ""V160"", ""V224"", ""V215"", ""V380""]","{""n_estimators"": 319, ""learning_rate"": 0.10114449558369717, ""max_depth"": 9, ""subsample"": 0.6884015300918587, ""colsample_bytree"": 0.8100417634002517, ""min_child_weight"": 7, ""reg_alpha"": 0.1423545570533623, ""reg_lambda"": 0.77941179611914}"
593,2026-06-05T14:10:55.748372+00:00,xgb,ranking_rf,593,4660,6,997,0.7455833554267883,723,274,0.49602940678596497,"[""V176"", ""V191"", ""V255"", ""V160"", ""V224"", ""V215""]","{""n_estimators"": 286, ""learning_rate"": 0.06686628823501783, ""max_depth"": 9, ""subsample"": 0.5902084309633788, ""colsample_bytree"": 0.7168772665780194, ""min_child_weight"": 6, ""reg_alpha"": 0.4333120908809345, ""reg_lambda"": 1.4625388077823722}"
594,2026-06-05T14:11:15.833119+00:00,xgb,ranking_rf,594,4545,8,1000,0.8246481418609619,743,257,0.49819618463516235,"[""V176"", ""V191"", ""V255"", ""V160"", ""V224"", ""V215"", ""V380"", ""V342""]","{""n_estimators"": 160, ""learning_rate"": 0.15298710729191, ""max_depth"": 9, ""subsample"": 0.8065533525793916, ""colsample_bytree"": 0.9988352681431226, ""min_child_weight"": 3, ""reg_alpha"": 0.31262762454032444, ""reg_lambda"": 1.8672408168198873}"
595,2026-06-05T14:11:37.134912+00:00,xgb,ranking_rf,595,4715,7,1000,0.8170019388198853,741,259,0.5021045207977295,"[""V176"", ""V191"", ""V255"", ""V160"", ""V224"", ""V215"", ""V380""]","{""n_estimators"": 165, ""learning_rate"": 0.1235626037131326, ""max_depth"": 8, ""subsample"": 0.8006858566851904, ""colsample_bytree"": 0.9027051203889513, ""min_child_weight"": 1, ""reg_alpha"": 0.42127035892950704, ""reg_lambda"": 0.7773606949094041}"
596,2026-06-05T14:11:48.870373+00:00,xgb,ranking_rf,596,4925,7,1000,0.7360451817512512,755,245,0.4968329668045044,"[""V176"", ""V191"", ""V255"", ""V160"", ""V224"", ""V215"", ""V380""]","{""n_estimators"": 125, ""learning_rate"": 0.09883760278166782, ""max_depth"": 8, ""subsample"": 0.6439296296879784, ""colsample_bytree"": 0.7515249309931094, ""min_child_weight"": 7, ""reg_alpha"": 0.34696934522081013, ""reg_lambda"": 0.7652204217273735}"
597,2026-06-05T14:12:09.902004+00:00,xgb,ranking_rf,597,4475,7,1000,0.8079891800880432,725,275,0.4972335994243622,"[""V176"", ""V191"", ""V255"", ""V160"", ""V224"", ""V215"", ""V380""]","{""n_estimators"": 255, ""learning_rate"": 0.17959321379113363, ""max_depth"": 7, ""subsample"": 0.7732837743329948, ""colsample_bytree"": 0.8737554930544313, ""min_child_weight"": 8, ""reg_alpha"": 0.8450515632860955, ""reg_lambda"": 1.8483343032234016}"
598,2026-06-05T14:12:36.144784+00:00,xgb,ranking_rf,598,4790,7,1000,0.7742334008216858,746,254,0.4989927113056183,"[""V176"", ""V191"", ""V255"", ""V160"", ""V224"", ""V215"", ""V380""]","{""n_estimators"": 260, ""learning_rate"": 0.09325023084315781, ""max_depth"": 9, ""subsample"": 0.9222119983030211, ""colsample_bytree"": 0.8322625731954398, ""min_child_weight"": 8, ""reg_alpha"": 0.5956730146965235, ""reg_lambda"": 1.370486820934937}"
599,2026-06-05T14:13:12.341633+00:00,xgb,ranking_rf,599,4420,7,999,0.8378488421440125,721,278,0.49901553988456726,"[""V176"", ""V191"", ""V255"", ""V160"", ""V224"", ""V215"", ""V380""]","{""n_estimators"": 371, ""learning_rate"": 0.14103351640331552, ""max_depth"": 9, ""subsample"": 0.8545470551979841, ""colsample_bytree"": 0.9800343381593272, ""min_child_weight"": 8, ""reg_alpha"": 0.8368675738829325, ""reg_lambda"": 1.1319376190476869}"
600,2026-06-05T14:13:24.090757+00:00,xgb,ranking_rf,600,5185,6,1000,0.693239152431488,759,241,0.4966020882129669,"[""V176"", ""V191"", ""V255"", ""V160"", ""V224"", ""V215""]","{""n_estimators"": 341, ""learning_rate"": 0.07051422665426686, ""max_depth"": 3, ""subsample"": 0.7436866380355387, ""colsample_bytree"": 0.763317433223083, ""min_child_weight"": 9, ""reg_alpha"": 0.10366858924585154, ""reg_lambda"": 2.209637489303427}"
601,2026-06-05T14:13:43.404601+00:00,xgb,ranking_rf,601,4980,6,999,0.7038503885269165,745,254,0.4985041916370392,"[""V176"", ""V191"", ""V255"", ""V160"", ""V224"", ""V215""]","{""n_estimators"": 296, ""learning_rate"": 0.050388050238500896, ""max_depth"": 6, ""subsample"": 0.901459804768028, ""colsample_bytree"": 0.5275797017347252, ""min_child_weight"": 5, ""reg_alpha"": 0.6151715234739377, ""reg_lambda"": 1.6121863551788245}"
602,2026-06-05T14:13:52.822631+00:00,xgb,ranking_rf,602,5205,6,999,0.691781759262085,760,239,0.49679747223854065,"[""V176"", ""V191"", ""V255"", ""V160"", ""V224"", ""V215""]","{""n_estimators"": 269, ""learning_rate"": 0.07284807442320544, ""max_depth"": 3, ""subsample"": 0.7321333257741864, ""colsample_bytree"": 0.9925132162943067, ""min_child_weight"": 3, ""reg_alpha"": 0.004123807705247562, ""reg_lambda"": 1.7705678110166299}"
603,2026-06-05T14:14:00.923357+00:00,xgb,ranking_rf,603,5270,4,1000,0.6513533592224121,738,262,0.4972437024116516,"[""V176"", ""V191"", ""V255"", ""V160""]","{""n_estimators"": 236, ""learning_rate"": 0.04713096463334088, ""max_depth"": 3, ""subsample"": 0.9086264839944069, ""colsample_bytree"": 0.6658862070264833, ""min_child_weight"": 5, ""reg_alpha"": 0.6797725788580135, ""reg_lambda"": 1.761086853765367}"
604,2026-06-05T14:14:16.919639+00:00,xgb,ranking_rf,604,4770,8,1000,0.7966729998588562,758,242,0.5001114010810852,"[""V176"", ""V191"", ""V255"", ""V160"", ""V224"", ""V215"", ""V380"", ""V342""]","{""n_estimators"": 259, ""learning_rate"": 0.12522894337778845, ""max_depth"": 5, ""subsample"": 0.5546581081078434, ""colsample_bytree"": 0.9856375276044352, ""min_child_weight"": 1, ""reg_alpha"": 0.22119034800937376, ""reg_lambda"": 1.480235040147175}"
605,2026-06-05T14:14:29.525078+00:00,xgb,ranking_rf,605,4880,7,1000,0.7659059762954712,752,248,0.5002264380455017,"[""V176"", ""V191"", ""V255"", ""V160"", ""V224"", ""V215"", ""V380""]","{""n_estimators"": 272, ""learning_rate"": 0.17277796130029496, ""max_depth"": 4, ""subsample"": 0.7156139991279147, ""colsample_bytree"": 0.911019262307019, ""min_child_weight"": 7, ""reg_alpha"": 0.590075746400683, ""reg_lambda"": 2.081701691713879}"
606,2026-06-05T14:14:57.590688+00:00,xgb,ranking_rf,606,4755,6,999,0.782016932964325,730,269,0.49826326966285706,"[""V176"", ""V191"", ""V255"", ""V160"", ""V224"", ""V215""]","{""n_estimators"": 238, ""learning_rate"": 0.09578632090281272, ""max_depth"": 8, ""subsample"": 0.730344015876746, ""colsample_bytree"": 0.8764729301858766, ""min_child_weight"": 2, ""reg_alpha"": 0.9682683164395094, ""reg_lambda"": 1.2317130538900318}"
607,2026-06-05T14:15:05.847112+00:00,xgb,ranking_rf,607,5160,5,1000,0.6775487661361694,744,256,0.49662694334983826,"[""V176"", ""V191"", ""V255"", ""V160"", ""V224""]","{""n_estimators"": 233, ""learning_rate"": 0.11706678088957634, ""max_depth"": 3, ""subsample"": 0.7809526014562868, ""colsample_bytree"": 0.7668550405803432, ""min_child_weight"": 4, ""reg_alpha"": 0.6719735081037694, ""reg_lambda"": 2.45027797315481}"
608,2026-06-05T14:15:13.505097+00:00,xgb,ranking_rf,608,5195,4,1000,0.6546964049339294,733,267,0.49751704931259155,"[""V176"", ""V191"", ""V255"", ""V160""]","{""n_estimators"": 219, ""learning_rate"": 0.05008994181356618, ""max_depth"": 3, ""subsample"": 0.9178379820620147, ""colsample_bytree"": 0.7738642327415286, ""min_child_weight"": 3, ""reg_alpha"": 0.11426602867433944, ""reg_lambda"": 0.538405939295217}"
609,2026-06-05T14:15:36.751831+00:00,xgb,ranking_rf,609,4945,6,1000,0.7137225270271301,743,257,0.4964153468608856,"[""V176"", ""V191"", ""V255"", ""V160"", ""V224"", ""V215""]","{""n_estimators"": 241, ""learning_rate"": 0.0485831646840113, ""max_depth"": 9, ""subsample"": 0.6332223913721626, ""colsample_bytree"": 0.8183344151121759, ""min_child_weight"": 9, ""reg_alpha"": 0.18983452768614728, ""reg_lambda"": 1.8029843391378544}"
610,2026-06-05T14:15:40.867338+00:00,xgb,ranking_rf,610,5075,4,1000,0.6774652600288391,725,275,0.498459130525589,"[""V176"", ""V191"", ""V255"", ""V160""]","{""n_estimators"": 102, ""learning_rate"": 0.17127379965200626, ""max_depth"": 3, ""subsample"": 0.6895772933486393, ""colsample_bytree"": 0.9656356976654248, ""min_child_weight"": 2, ""reg_alpha"": 0.7253647029609771, ""reg_lambda"": 0.7352103889321728}"
611,2026-06-05T14:16:00.838903+00:00,xgb,ranking_rf,611,4505,4,997,0.7475635409355164,686,311,0.4975309669971466,"[""V176"", ""V191"", ""V255"", ""V160""]","{""n_estimators"": 184, ""learning_rate"": 0.14300226161051252, ""max_depth"": 9, ""subsample"": 0.6530729148853133, ""colsample_bytree"": 0.8506419805091318, ""min_child_weight"": 6, ""reg_alpha"": 0.5355408666478497, ""reg_lambda"": 2.4383631844200364}"
612,2026-06-05T14:16:08.130569+00:00,xgb,ranking_rf,612,4955,4,994,0.7069678902626038,715,279,0.499742329120636,"[""V176"", ""V191"", ""V255"", ""V160""]","{""n_estimators"": 114, ""learning_rate"": 0.16285687800190812, ""max_depth"": 5, ""subsample"": 0.811013627297297, ""colsample_bytree"": 0.7728013880854869, ""min_child_weight"": 1, ""reg_alpha"": 0.7372683140005261, ""reg_lambda"": 1.782992573082383}"
613,2026-06-05T14:16:18.081619+00:00,xgb,ranking_rf,613,5245,4,999,0.6744461059570312,736,263,0.4972497522830963,"[""V176"", ""V191"", ""V255"", ""V160""]","{""n_estimators"": 233, ""learning_rate"": 0.055680681127196666, ""max_depth"": 4, ""subsample"": 0.9399700952228782, ""colsample_bytree"": 0.9327098610049734, ""min_child_weight"": 9, ""reg_alpha"": 0.42853135968279354, ""reg_lambda"": 1.2393888907713222}"
614,2026-06-05T14:16:40.315284+00:00,xgb,ranking_rf,614,4880,7,1000,0.7890294194221497,752,248,0.4970678687095642,"[""V176"", ""V191"", ""V255"", ""V160"", ""V224"", ""V215"", ""V380""]","{""n_estimators"": 354, ""learning_rate"": 0.15568486186359104, ""max_depth"": 6, ""subsample"": 0.9490650030385726, ""colsample_bytree"": 0.6784441750324313, ""min_child_weight"": 8, ""reg_alpha"": 0.5208699094848576, ""reg_lambda"": 2.3330038770853223}"
615,2026-06-05T14:16:51.738578+00:00,xgb,ranking_rf,615,4845,6,999,0.7270628213882446,736,263,0.4972381293773651,"[""V176"", ""V191"", ""V255"", ""V160"", ""V224"", ""V215""]","{""n_estimators"": 209, ""learning_rate"": 0.13774175295452484, ""max_depth"": 5, ""subsample"": 0.5373941533166254, ""colsample_bytree"": 0.5951096292651448, ""min_child_weight"": 8, ""reg_alpha"": 0.49221675590351843, ""reg_lambda"": 1.9346056020737992}"
616,2026-06-05T14:17:01.910881+00:00,xgb,ranking_rf,616,4955,7,1000,0.731167197227478,757,243,0.49612054228782654,"[""V176"", ""V191"", ""V255"", ""V160"", ""V224"", ""V215"", ""V380""]","{""n_estimators"": 278, ""learning_rate"": 0.15619235295887535, ""max_depth"": 3, ""subsample"": 0.5978120447027113, ""colsample_bytree"": 0.9631253989247981, ""min_child_weight"": 5, ""reg_alpha"": 0.7093718823413194, ""reg_lambda"": 2.0790106548830454}"
617,2026-06-05T14:17:13.478556+00:00,xgb,ranking_rf,617,4860,6,999,0.7365680932998657,737,262,0.4984566271305084,"[""V176"", ""V191"", ""V255"", ""V160"", ""V224"", ""V215""]","{""n_estimators"": 158, ""learning_rate"": 0.11462701578451369, ""max_depth"": 6, ""subsample"": 0.5387566869956343, ""colsample_bytree"": 0.5686056334628282, ""min_child_weight"": 2, ""reg_alpha"": 0.3197035791771997, ""reg_lambda"": 1.2326980662611873}"
618,2026-06-05T14:17:25.713214+00:00,xgb,ranking_rf,618,4980,6,999,0.7160785794258118,745,254,0.4972788989543915,"[""V176"", ""V191"", ""V255"", ""V160"", ""V224"", ""V215""]","{""n_estimators"": 274, ""learning_rate"": 0.0934265153965357, ""max_depth"": 4, ""subsample"": 0.8490343998620989, ""colsample_bytree"": 0.9855386795692714, ""min_child_weight"": 7, ""reg_alpha"": 0.11181174842223074, ""reg_lambda"": 1.0101758563238759}"
619,2026-06-05T14:17:31.898532+00:00,xgb,ranking_rf,619,5155,6,994,0.7156364321708679,755,239,0.4980108439922333,"[""V176"", ""V191"", ""V255"", ""V160"", ""V224"", ""V215""]","{""n_estimators"": 131, ""learning_rate"": 0.1494619296269702, ""max_depth"": 4, ""subsample"": 0.8205957022436328, ""colsample_bytree"": 0.9069154730041818, ""min_child_weight"": 6, ""reg_alpha"": 0.10079731001612968, ""reg_lambda"": 0.5756242816403481}"
620,2026-06-05T14:18:08.633041+00:00,xgb,ranking_rf,620,4660,6,1000,0.8078705072402954,724,276,0.4982702136039734,"[""V176"", ""V191"", ""V255"", ""V160"", ""V224"", ""V215""]","{""n_estimators"": 352, ""learning_rate"": 0.10598418031218731, ""max_depth"": 8, ""subsample"": 0.6110439303458775, ""colsample_bytree"": 0.6272445019682245, ""min_child_weight"": 2, ""reg_alpha"": 0.5977304331572482, ""reg_lambda"": 1.3067173936384389}"
621,2026-06-05T14:18:33.009358+00:00,xgb,ranking_rf,621,4595,7,1000,0.8212129473686218,733,267,0.5005694627761841,"[""V176"", ""V191"", ""V255"", ""V160"", ""V224"", ""V215"", ""V380""]","{""n_estimators"": 263, ""learning_rate"": 0.13874320733805567, ""max_depth"": 7, ""subsample"": 0.6407950381476022, ""colsample_bytree"": 0.7194768239056446, ""min_child_weight"": 2, ""reg_alpha"": 0.7793552021284367, ""reg_lambda"": 1.0967365986956736}"
622,2026-06-05T14:18:45.037390+00:00,xgb,ranking_rf,622,5050,6,994,0.7107557058334351,748,246,0.497311532497406,"[""V176"", ""V191"", ""V255"", ""V160"", ""V224"", ""V215""]","{""n_estimators"": 274, ""learning_rate"": 0.10244985274922878, ""max_depth"": 4, ""subsample"": 0.7993773087170107, ""colsample_bytree"": 0.7822732256438815, ""min_child_weight"": 9, ""reg_alpha"": 0.4654074477601169, ""reg_lambda"": 2.0111451570560614}"
623,2026-06-05T14:19:08.232579+00:00,xgb,ranking_rf,623,4775,7,1000,0.7361698150634766,745,255,0.4970257878303528,"[""V176"", ""V191"", ""V255"", ""V160"", ""V224"", ""V215"", ""V380""]","{""n_estimators"": 283, ""learning_rate"": 0.07033234663841073, ""max_depth"": 8, ""subsample"": 0.6416251781611617, ""colsample_bytree"": 0.5651686583180178, ""min_child_weight"": 8, ""reg_alpha"": 0.3120863305411783, ""reg_lambda"": 1.199642451760544}"
624,2026-06-05T14:19:19.212855+00:00,xgb,ranking_rf,624,4670,7,1000,0.7291555404663086,738,262,0.49499833583831787,"[""V176"", ""V191"", ""V255"", ""V160"", ""V224"", ""V215"", ""V380""]","{""n_estimators"": 122, ""learning_rate"": 0.12537780001861248, ""max_depth"": 8, ""subsample"": 0.5434917323053695, ""colsample_bytree"": 0.545236984927103, ""min_child_weight"": 7, ""reg_alpha"": 0.8654478568367299, ""reg_lambda"": 0.6665031318875045}"
625,2026-06-05T14:19:40.055694+00:00,xgb,ranking_rf,625,5035,6,1000,0.7281520366668701,749,251,0.49868300557136536,"[""V176"", ""V191"", ""V255"", ""V160"", ""V224"", ""V215""]","{""n_estimators"": 384, ""learning_rate"": 0.058203325940653805, ""max_depth"": 5, ""subsample"": 0.6258785430569971, ""colsample_bytree"": 0.5790662260777073, ""min_child_weight"": 3, ""reg_alpha"": 0.021042766803644808, ""reg_lambda"": 1.4300521407391418}"
626,2026-06-05T14:20:14.272821+00:00,xgb,ranking_rf,626,4695,8,994,0.7999463081359863,751,243,0.4963984489440918,"[""V176"", ""V191"", ""V255"", ""V160"", ""V224"", ""V215"", ""V380"", ""V342""]","{""n_estimators"": 384, ""learning_rate"": 0.08593185009700702, ""max_depth"": 9, ""subsample"": 0.6297021073362068, ""colsample_bytree"": 0.6840250727917991, ""min_child_weight"": 9, ""reg_alpha"": 0.04653115725594725, ""reg_lambda"": 0.7045996255703697}"
627,2026-06-05T14:20:54.115291+00:00,xgb,ranking_rf,627,4580,8,999,0.861583411693573,745,254,0.49647030234336853,"[""V176"", ""V191"", ""V255"", ""V160"", ""V224"", ""V215"", ""V380"", ""V342""]","{""n_estimators"": 284, ""learning_rate"": 0.154346537538619, ""max_depth"": 9, ""subsample"": 0.9086704159647637, ""colsample_bytree"": 0.7901433342838673, ""min_child_weight"": 1, ""reg_alpha"": 0.6344565560877001, ""reg_lambda"": 2.01884686212407}"
628,2026-06-05T14:21:04.804346+00:00,xgb,ranking_rf,628,4990,4,999,0.6877174377441406,719,280,0.4984511733055115,"[""V176"", ""V191"", ""V255"", ""V160""]","{""n_estimators"": 250, ""learning_rate"": 0.08922279164025276, ""max_depth"": 4, ""subsample"": 0.8708419578925037, ""colsample_bytree"": 0.680999102770927, ""min_child_weight"": 3, ""reg_alpha"": 0.23262184630467742, ""reg_lambda"": 1.4847307667672074}"
629,2026-06-05T14:21:16.630930+00:00,xgb,ranking_rf,629,5065,6,1000,0.7190401554107666,751,249,0.4981520473957062,"[""V176"", ""V191"", ""V255"", ""V160"", ""V224"", ""V215""]","{""n_estimators"": 335, ""learning_rate"": 0.1120614227648532, ""max_depth"": 3, ""subsample"": 0.5579383241696677, ""colsample_bytree"": 0.9053031734194543, ""min_child_weight"": 4, ""reg_alpha"": 0.028015527438707943, ""reg_lambda"": 0.5415328162932573}"
630,2026-06-05T14:21:36.589654+00:00,xgb,ranking_rf,630,4650,6,999,0.7779340147972107,723,276,0.4977673888206482,"[""V176"", ""V191"", ""V255"", ""V160"", ""V224"", ""V215""]","{""n_estimators"": 304, ""learning_rate"": 0.1623799062009453, ""max_depth"": 6, ""subsample"": 0.8730850744461336, ""colsample_bytree"": 0.6481452306368857, ""min_child_weight"": 8, ""reg_alpha"": 0.7864535189916418, ""reg_lambda"": 0.7636684830528653}"
631,2026-06-05T14:21:43.415480+00:00,xgb,ranking_rf,631,5135,4,1000,0.676699161529541,729,271,0.4974519610404968,"[""V176"", ""V191"", ""V255"", ""V160""]","{""n_estimators"": 188, ""learning_rate"": 0.15233400138962216, ""max_depth"": 3, ""subsample"": 0.7077133253415264, ""colsample_bytree"": 0.6686711978615894, ""min_child_weight"": 8, ""reg_alpha"": 0.8116164233415779, ""reg_lambda"": 0.7561931936879198}"
632,2026-06-05T14:21:54.773330+00:00,xgb,ranking_rf,632,4745,7,1000,0.7451856136322021,743,257,0.4979971647262573,"[""V176"", ""V191"", ""V255"", ""V160"", ""V224"", ""V215"", ""V380""]","{""n_estimators"": 125, ""learning_rate"": 0.13291773258924128, ""max_depth"": 8, ""subsample"": 0.768522410133313, ""colsample_bytree"": 0.782907556879703, ""min_child_weight"": 9, ""reg_alpha"": 0.1420520207895961, ""reg_lambda"": 2.011144298833294}"
633,2026-06-05T14:22:15.682989+00:00,xgb,ranking_rf,633,4495,7,999,0.7965841889381409,726,273,0.49699628353118896,"[""V176"", ""V191"", ""V255"", ""V160"", ""V224"", ""V215"", ""V380""]","{""n_estimators"": 286, ""learning_rate"": 0.16116313555376355, ""max_depth"": 7, ""subsample"": 0.763536398514544, ""colsample_bytree"": 0.6475775188489921, ""min_child_weight"": 9, ""reg_alpha"": 0.47433064283437376, ""reg_lambda"": 1.277131879423792}"
634,2026-06-05T14:22:21.773199+00:00,xgb,ranking_rf,634,5220,6,999,0.6682877540588379,761,238,0.49614498019218445,"[""V176"", ""V191"", ""V255"", ""V160"", ""V224"", ""V215""]","{""n_estimators"": 176, ""learning_rate"": 0.05881565687275944, ""max_depth"": 3, ""subsample"": 0.5750890571393314, ""colsample_bytree"": 0.7677977811891765, ""min_child_weight"": 5, ""reg_alpha"": 0.2929515741180032, ""reg_lambda"": 1.3976398716163387}"
635,2026-06-05T14:22:34.857958+00:00,xgb,ranking_rf,635,5245,6,1000,0.6704744696617126,763,237,0.4974079132080078,"[""V176"", ""V191"", ""V255"", ""V160"", ""V224"", ""V215""]","{""n_estimators"": 388, ""learning_rate"": 0.03509810856768125, ""max_depth"": 3, ""subsample"": 0.6532374566138504, ""colsample_bytree"": 0.6318961897273194, ""min_child_weight"": 6, ""reg_alpha"": 0.5931773665801, ""reg_lambda"": 0.6332605971677774}"
636,2026-06-05T14:22:58.535588+00:00,xgb,ranking_rf,636,4660,6,997,0.7581157088279724,723,274,0.4996490180492401,"[""V176"", ""V191"", ""V255"", ""V160"", ""V224"", ""V215""]","{""n_estimators"": 188, ""learning_rate"": 0.07839303839902778, ""max_depth"": 8, ""subsample"": 0.8424494112962359, ""colsample_bytree"": 0.8626125175455264, ""min_child_weight"": 1, ""reg_alpha"": 0.3983013033165327, ""reg_lambda"": 2.2448616687754166}"
637,2026-06-05T14:23:27.125445+00:00,xgb,ranking_rf,637,4525,9,1000,0.8223233819007874,755,245,0.4967084527015686,"[""V176"", ""V191"", ""V255"", ""V160"", ""V224"", ""V215"", ""V380"", ""V342"", ""V483""]","{""n_estimators"": 288, ""learning_rate"": 0.13163850195855936, ""max_depth"": 8, ""subsample"": 0.9383507415822463, ""colsample_bytree"": 0.8864685332082898, ""min_child_weight"": 4, ""reg_alpha"": 0.6716229109914464, ""reg_lambda"": 2.2311431546533322}"
638,2026-06-05T14:23:58.738680+00:00,xgb,ranking_rf,638,4550,7,1000,0.7847048044204712,730,270,0.500130832195282,"[""V176"", ""V191"", ""V255"", ""V160"", ""V224"", ""V215"", ""V380""]","{""n_estimators"": 380, ""learning_rate"": 0.11384014004916106, ""max_depth"": 8, ""subsample"": 0.9136116695832762, ""colsample_bytree"": 0.5405045501546517, ""min_child_weight"": 9, ""reg_alpha"": 0.9195408853758387, ""reg_lambda"": 1.8587126157289298}"
639,2026-06-05T14:24:09.367193+00:00,xgb,ranking_rf,639,5020,6,1000,0.7268674373626709,748,252,0.49809038639068604,"[""V176"", ""V191"", ""V255"", ""V160"", ""V224"", ""V215""]","{""n_estimators"": 299, ""learning_rate"": 0.15591512919954484, ""max_depth"": 3, ""subsample"": 0.8156066059314186, ""colsample_bytree"": 0.981696769477078, ""min_child_weight"": 1, ""reg_alpha"": 0.674378002356693, ""reg_lambda"": 1.2223664416050757}"
640,2026-06-05T14:24:23.796527+00:00,xgb,ranking_rf,640,5065,6,1000,0.7067075967788696,751,249,0.49801382422447205,"[""V176"", ""V191"", ""V255"", ""V160"", ""V224"", ""V215""]","{""n_estimators"": 320, ""learning_rate"": 0.0666547773417677, ""max_depth"": 4, ""subsample"": 0.9574728004780402, ""colsample_bytree"": 0.9658647712557318, ""min_child_weight"": 2, ""reg_alpha"": 0.8890274956404234, ""reg_lambda"": 1.5897404080159736}"
641,2026-06-05T14:24:47.555610+00:00,xgb,ranking_rf,641,4735,7,999,0.8070559501647949,742,257,0.5020264387130737,"[""V176"", ""V191"", ""V255"", ""V160"", ""V224"", ""V215"", ""V380""]","{""n_estimators"": 213, ""learning_rate"": 0.1100657989968412, ""max_depth"": 9, ""subsample"": 0.8201360623079097, ""colsample_bytree"": 0.7070214680487548, ""min_child_weight"": 3, ""reg_alpha"": 0.05511966929321899, ""reg_lambda"": 1.353794190651276}"
642,2026-06-05T14:25:04.548481+00:00,xgb,ranking_rf,642,4850,7,1000,0.7501006126403809,750,250,0.49485865235328674,"[""V176"", ""V191"", ""V255"", ""V160"", ""V224"", ""V215"", ""V380""]","{""n_estimators"": 259, ""learning_rate"": 0.11316325400860258, ""max_depth"": 6, ""subsample"": 0.6326602986574836, ""colsample_bytree"": 0.7261922906078938, ""min_child_weight"": 9, ""reg_alpha"": 0.866741814910775, ""reg_lambda"": 1.5564581862353657}"
643,2026-06-05T14:25:30.279797+00:00,xgb,ranking_rf,643,4990,4,999,0.7015599012374878,719,280,0.49918457865715027,"[""V176"", ""V191"", ""V255"", ""V160""]","{""n_estimators"": 306, ""learning_rate"": 0.047153738112414204, ""max_depth"": 7, ""subsample"": 0.792078624267919, ""colsample_bytree"": 0.6852001465364159, ""min_child_weight"": 3, ""reg_alpha"": 0.20252574005893265, ""reg_lambda"": 1.3681722126278162}"
644,2026-06-05T14:25:39.862361+00:00,xgb,ranking_rf,644,4945,6,1000,0.7133677005767822,743,257,0.4986068308353424,"[""V176"", ""V191"", ""V255"", ""V160"", ""V224"", ""V215""]","{""n_estimators"": 144, ""learning_rate"": 0.1322009490559341, ""max_depth"": 6, ""subsample"": 0.9106862904725543, ""colsample_bytree"": 0.6152794805874706, ""min_child_weight"": 7, ""reg_alpha"": 0.09754035407030714, ""reg_lambda"": 1.8389311708541642}"
645,2026-06-05T14:25:57.668034+00:00,xgb,ranking_rf,645,4955,8,999,0.7670973539352417,770,229,0.49721112847328186,"[""V176"", ""V191"", ""V255"", ""V160"", ""V224"", ""V215"", ""V380"", ""V342""]","{""n_estimators"": 305, ""learning_rate"": 0.08356339577947453, ""max_depth"": 5, ""subsample"": 0.6312074144306336, ""colsample_bytree"": 0.9954673375697798, ""min_child_weight"": 4, ""reg_alpha"": 0.5031971003239029, ""reg_lambda"": 0.5851759853440797}"
646,2026-06-05T14:26:03.163394+00:00,xgb,ranking_rf,646,5330,4,1000,0.6556339263916016,742,258,0.49673521518707275,"[""V176"", ""V191"", ""V255"", ""V160""]","{""n_estimators"": 153, ""learning_rate"": 0.0716563351982197, ""max_depth"": 3, ""subsample"": 0.7360702129290082, ""colsample_bytree"": 0.5179003413953556, ""min_child_weight"": 5, ""reg_alpha"": 0.2822994997174584, ""reg_lambda"": 0.5508829489723974}"
647,2026-06-05T14:26:07.124677+00:00,xgb,ranking_rf,647,5180,4,997,0.6387130618095398,731,266,0.49585917592048645,"[""V176"", ""V191"", ""V255"", ""V160""]","{""n_estimators"": 101, ""learning_rate"": 0.06240651414309708, ""max_depth"": 3, ""subsample"": 0.533419777184805, ""colsample_bytree"": 0.6586454066221703, ""min_child_weight"": 4, ""reg_alpha"": 0.17922108993044905, ""reg_lambda"": 2.029491291940806}"
648,2026-06-05T14:26:27.314960+00:00,xgb,ranking_rf,648,4990,6,994,0.7065111994743347,744,250,0.49711737036705017,"[""V176"", ""V191"", ""V255"", ""V160"", ""V224"", ""V215""]","{""n_estimators"": 216, ""learning_rate"": 0.05541409290811029, ""max_depth"": 9, ""subsample"": 0.7498309621776937, ""colsample_bytree"": 0.582210763664575, ""min_child_weight"": 9, ""reg_alpha"": 0.3933050701412969, ""reg_lambda"": 1.8725636378370574}"
649,2026-06-05T14:26:52.753585+00:00,xgb,ranking_rf,649,4910,4,1000,0.6979003548622131,714,286,0.4987920820713043,"[""V176"", ""V191"", ""V255"", ""V160""]","{""n_estimators"": 314, ""learning_rate"": 0.04492328689094316, ""max_depth"": 7, ""subsample"": 0.8998416139914613, ""colsample_bytree"": 0.5513713441041755, ""min_child_weight"": 3, ""reg_alpha"": 0.443570610747574, ""reg_lambda"": 1.9137016856020486}"
650,2026-06-05T14:27:18.813057+00:00,xgb,ranking_rf,650,4540,6,1000,0.8075457215309143,716,284,0.4988582134246826,"[""V176"", ""V191"", ""V255"", ""V160"", ""V224"", ""V215""]","{""n_estimators"": 316, ""learning_rate"": 0.16443405859490673, ""max_depth"": 7, ""subsample"": 0.9603116695670741, ""colsample_bytree"": 0.601336684964449, ""min_child_weight"": 3, ""reg_alpha"": 0.7324640396913901, ""reg_lambda"": 1.0458866996710678}"
651,2026-06-05T14:27:34.436972+00:00,xgb,ranking_rf,651,4790,7,1000,0.7409165501594543,746,254,0.4987747073173523,"[""V176"", ""V191"", ""V255"", ""V160"", ""V224"", ""V215"", ""V380""]","{""n_estimators"": 192, ""learning_rate"": 0.09378846945705344, ""max_depth"": 7, ""subsample"": 0.7952969432758773, ""colsample_bytree"": 0.8223356383107915, ""min_child_weight"": 7, ""reg_alpha"": 0.9558829710846916, ""reg_lambda"": 1.989710576956996}"
652,2026-06-05T14:27:45.258350+00:00,xgb,ranking_rf,652,5185,6,1000,0.6943990588188171,759,241,0.497835636138916,"[""V176"", ""V191"", ""V255"", ""V160"", ""V224"", ""V215""]","{""n_estimators"": 323, ""learning_rate"": 0.08647422792455872, ""max_depth"": 3, ""subsample"": 0.9688886881353429, ""colsample_bytree"": 0.6537200035191777, ""min_child_weight"": 7, ""reg_alpha"": 0.5460261429753012, ""reg_lambda"": 0.5063495458560001}"
653,2026-06-05T14:28:04.129303+00:00,xgb,ranking_rf,653,4795,6,1000,0.750987708568573,733,267,0.4983537495136261,"[""V176"", ""V191"", ""V255"", ""V160"", ""V224"", ""V215""]","{""n_estimators"": 268, ""learning_rate"": 0.10784587966818542, ""max_depth"": 6, ""subsample"": 0.781313605445366, ""colsample_bytree"": 0.6179117123918695, ""min_child_weight"": 3, ""reg_alpha"": 0.8195634593321037, ""reg_lambda"": 1.1304163436543297}"
654,2026-06-05T14:28:19.508337+00:00,xgb,ranking_rf,654,4875,6,996,0.7363836765289307,737,259,0.4974876046180725,"[""V176"", ""V191"", ""V255"", ""V160"", ""V224"", ""V215""]","{""n_estimators"": 262, ""learning_rate"": 0.08926272084648083, ""max_depth"": 5, ""subsample"": 0.5743012965815408, ""colsample_bytree"": 0.9496537402677305, ""min_child_weight"": 4, ""reg_alpha"": 0.5039494361417497, ""reg_lambda"": 1.40350618682632}"
655,2026-06-05T14:28:51.142687+00:00,xgb,ranking_rf,655,4790,7,1000,0.8452358245849609,746,254,0.4958140254020691,"[""V176"", ""V191"", ""V255"", ""V160"", ""V224"", ""V215"", ""V380""]","{""n_estimators"": 356, ""learning_rate"": 0.15642637725721828, ""max_depth"": 8, ""subsample"": 0.9166764441187607, ""colsample_bytree"": 0.8709392236901766, ""min_child_weight"": 6, ""reg_alpha"": 0.13514666752312454, ""reg_lambda"": 1.9233330139189875}"
656,2026-06-05T14:29:03.176120+00:00,xgb,ranking_rf,656,4940,7,1000,0.731235146522522,756,244,0.497342586517334,"[""V176"", ""V191"", ""V255"", ""V160"", ""V224"", ""V215"", ""V380""]","{""n_estimators"": 149, ""learning_rate"": 0.1331206871571713, ""max_depth"": 7, ""subsample"": 0.5696832901892467, ""colsample_bytree"": 0.5610772279070328, ""min_child_weight"": 6, ""reg_alpha"": 0.9294009942832058, ""reg_lambda"": 1.9932853290126376}"
657,2026-06-05T14:29:29.824567+00:00,xgb,ranking_rf,657,4610,7,1000,0.7740310430526733,734,266,0.49610069394111633,"[""V176"", ""V191"", ""V255"", ""V160"", ""V224"", ""V215"", ""V380""]","{""n_estimators"": 271, ""learning_rate"": 0.11260988407279957, ""max_depth"": 9, ""subsample"": 0.6744855347394967, ""colsample_bytree"": 0.6135965535631789, ""min_child_weight"": 7, ""reg_alpha"": 0.7555537967607066, ""reg_lambda"": 2.3155319475885365}"
658,2026-06-05T14:29:56.017657+00:00,xgb,ranking_rf,658,4660,6,1000,0.7934377789497375,724,276,0.4971316456794739,"[""V176"", ""V191"", ""V255"", ""V160"", ""V224"", ""V215""]","{""n_estimators"": 398, ""learning_rate"": 0.16955386261065775, ""max_depth"": 6, ""subsample"": 0.9929443275224061, ""colsample_bytree"": 0.7954578252302963, ""min_child_weight"": 7, ""reg_alpha"": 0.8210960554748712, ""reg_lambda"": 2.342669258019212}"
659,2026-06-05T14:30:08.381999+00:00,xgb,ranking_rf,659,5110,6,1000,0.6953244209289551,754,246,0.4977673888206482,"[""V176"", ""V191"", ""V255"", ""V160"", ""V224"", ""V215""]","{""n_estimators"": 285, ""learning_rate"": 0.06360809539887172, ""max_depth"": 4, ""subsample"": 0.9338632674704961, ""colsample_bytree"": 0.5273264175942521, ""min_child_weight"": 2, ""reg_alpha"": 0.7200391577181292, ""reg_lambda"": 2.144378265390297}"
660,2026-06-05T14:30:34.043190+00:00,xgb,ranking_rf,660,4595,7,1000,0.7943989038467407,733,267,0.4956781268119812,"[""V176"", ""V191"", ""V255"", ""V160"", ""V224"", ""V215"", ""V380""]","{""n_estimators"": 395, ""learning_rate"": 0.16046420746360365, ""max_depth"": 6, ""subsample"": 0.827154930343772, ""colsample_bytree"": 0.5647934712574456, ""min_child_weight"": 8, ""reg_alpha"": 0.7705326901337854, ""reg_lambda"": 2.4099737592853607}"
661,2026-06-05T14:30:54.828221+00:00,xgb,ranking_rf,661,4425,8,1000,0.8161273002624512,735,265,0.4995213747024536,"[""V176"", ""V191"", ""V255"", ""V160"", ""V224"", ""V215"", ""V380"", ""V342""]","{""n_estimators"": 377, ""learning_rate"": 0.159171123004478, ""max_depth"": 5, ""subsample"": 0.5188829382113949, ""colsample_bytree"": 0.8493187603721162, ""min_child_weight"": 8, ""reg_alpha"": 0.21277774759229584, ""reg_lambda"": 0.7439742037950083}"
662,2026-06-05T14:31:26.887693+00:00,xgb,ranking_rf,662,4305,8,994,0.8595199584960938,725,269,0.49896010756492615,"[""V176"", ""V191"", ""V255"", ""V160"", ""V224"", ""V215"", ""V380"", ""V342""]","{""n_estimators"": 373, ""learning_rate"": 0.17873555918447323, ""max_depth"": 7, ""subsample"": 0.5801339690279749, ""colsample_bytree"": 0.57528213404444, ""min_child_weight"": 2, ""reg_alpha"": 0.5887501218381102, ""reg_lambda"": 1.6970771042151094}"
663,2026-06-05T14:31:41.360533+00:00,xgb,ranking_rf,663,4990,6,1000,0.7050480842590332,746,254,0.4967312514781952,"[""V176"", ""V191"", ""V255"", ""V160"", ""V224"", ""V215""]","{""n_estimators"": 174, ""learning_rate"": 0.06269450013300883, ""max_depth"": 7, ""subsample"": 0.5100625440833941, ""colsample_bytree"": 0.7611369738051433, ""min_child_weight"": 5, ""reg_alpha"": 0.8146253679938228, ""reg_lambda"": 1.8691753628866252}"
664,2026-06-05T14:31:58.620533+00:00,xgb,ranking_rf,664,4825,7,999,0.7577560544013977,748,251,0.4969136714935303,"[""V176"", ""V191"", ""V255"", ""V160"", ""V224"", ""V215"", ""V380""]","{""n_estimators"": 210, ""learning_rate"": 0.11817106040400352, ""max_depth"": 7, ""subsample"": 0.7478469883586965, ""colsample_bytree"": 0.7138439902113891, ""min_child_weight"": 6, ""reg_alpha"": 0.7178240908047833, ""reg_lambda"": 2.422744873946953}"
665,2026-06-05T14:32:10.322007+00:00,xgb,ranking_rf,665,5165,4,1000,0.6744781732559204,731,269,0.497943252325058,"[""V176"", ""V191"", ""V255"", ""V160""]","{""n_estimators"": 272, ""learning_rate"": 0.06262182673185542, ""max_depth"": 4, ""subsample"": 0.8177012995207046, ""colsample_bytree"": 0.6135506195639217, ""min_child_weight"": 9, ""reg_alpha"": 0.9672479495944825, ""reg_lambda"": 1.9942207907326353}"
666,2026-06-05T14:32:32.424287+00:00,xgb,ranking_rf,666,5145,6,999,0.6876352429389954,756,243,0.49720606207847595,"[""V176"", ""V191"", ""V255"", ""V160"", ""V224"", ""V215""]","{""n_estimators"": 333, ""learning_rate"": 0.03043565596678859, ""max_depth"": 6, ""subsample"": 0.54756804197484, ""colsample_bytree"": 0.5991422412317605, ""min_child_weight"": 4, ""reg_alpha"": 0.2174364042010294, ""reg_lambda"": 2.079590755939862}"
667,2026-06-05T14:33:08.997533+00:00,xgb,ranking_rf,667,4840,6,991,0.7522934675216675,733,258,0.498274028301239,"[""V176"", ""V191"", ""V255"", ""V160"", ""V224"", ""V215""]","{""n_estimators"": 336, ""learning_rate"": 0.04539265756776925, ""max_depth"": 9, ""subsample"": 0.8382571679688127, ""colsample_bytree"": 0.8639290286240374, ""min_child_weight"": 5, ""reg_alpha"": 0.33596835294889804, ""reg_lambda"": 0.9886857034800602}"
668,2026-06-05T14:33:36.293931+00:00,xgb,ranking_rf,668,4525,7,996,0.8258598446846008,727,269,0.49766796827316284,"[""V176"", ""V191"", ""V255"", ""V160"", ""V224"", ""V215"", ""V380""]","{""n_estimators"": 313, ""learning_rate"": 0.1551413720078526, ""max_depth"": 7, ""subsample"": 0.7641732095917879, ""colsample_bytree"": 0.6843477289241799, ""min_child_weight"": 3, ""reg_alpha"": 0.8845630458194951, ""reg_lambda"": 0.9356058439881221}"
669,2026-06-05T14:34:03.082529+00:00,xgb,ranking_rf,669,4985,6,998,0.7435255646705627,745,253,0.49768906831741333,"[""V176"", ""V191"", ""V255"", ""V160"", ""V224"", ""V215""]","{""n_estimators"": 311, ""learning_rate"": 0.0619481556091629, ""max_depth"": 8, ""subsample"": 0.8839984884377339, ""colsample_bytree"": 0.871219131096711, ""min_child_weight"": 9, ""reg_alpha"": 0.22808650216899073, ""reg_lambda"": 0.9633978635336524}"
670,2026-06-05T14:34:17.725415+00:00,xgb,ranking_rf,670,4845,8,997,0.7702993750572205,762,235,0.49860167503356934,"[""V176"", ""V191"", ""V255"", ""V160"", ""V224"", ""V215"", ""V380"", ""V342""]","{""n_estimators"": 269, ""learning_rate"": 0.13199506335368566, ""max_depth"": 5, ""subsample"": 0.9375366721000615, ""colsample_bytree"": 0.7226284528900588, ""min_child_weight"": 6, ""reg_alpha"": 0.32359097696081285, ""reg_lambda"": 1.4761711594891997}"
671,2026-06-05T14:34:33.111177+00:00,xgb,ranking_rf,671,5065,4,999,0.6486037373542786,724,275,0.4961983263492584,"[""V176"", ""V191"", ""V255"", ""V160""]","{""n_estimators"": 150, ""learning_rate"": 0.03341121159913546, ""max_depth"": 9, ""subsample"": 0.548805222656688, ""colsample_bytree"": 0.543477552646936, ""min_child_weight"": 5, ""reg_alpha"": 0.5809470917714099, ""reg_lambda"": 1.4585771477072915}"
672,2026-06-05T14:34:42.924405+00:00,xgb,ranking_rf,672,5215,6,1000,0.6941835880279541,761,239,0.49717840552330017,"[""V176"", ""V191"", ""V255"", ""V160"", ""V224"", ""V215""]","{""n_estimators"": 279, ""learning_rate"": 0.09822982883420439, ""max_depth"": 3, ""subsample"": 0.5093406120061572, ""colsample_bytree"": 0.6652922682311524, ""min_child_weight"": 8, ""reg_alpha"": 0.6062457813544608, ""reg_lambda"": 2.163539318752541}"
673,2026-06-05T14:35:16.596390+00:00,xgb,ranking_rf,673,4770,8,1000,0.7642593383789062,758,242,0.49815496802330017,"[""V176"", ""V191"", ""V255"", ""V160"", ""V224"", ""V215"", ""V380"", ""V342""]","{""n_estimators"": 379, ""learning_rate"": 0.0528302900414324, ""max_depth"": 8, ""subsample"": 0.8807883530621594, ""colsample_bytree"": 0.7282928064162241, ""min_child_weight"": 7, ""reg_alpha"": 0.38525507053670693, ""reg_lambda"": 1.9887614219847236}"
674,2026-06-05T14:35:28.945607+00:00,xgb,ranking_rf,674,4920,6,999,0.730661153793335,741,258,0.49906620383262634,"[""V176"", ""V191"", ""V255"", ""V160"", ""V224"", ""V215""]","{""n_estimators"": 125, ""learning_rate"": 0.10033561177236111, ""max_depth"": 8, ""subsample"": 0.5307687695704335, ""colsample_bytree"": 0.5043810521955354, ""min_child_weight"": 3, ""reg_alpha"": 0.5071044037173669, ""reg_lambda"": 0.9349108722263269}"
675,2026-06-05T14:35:56.482995+00:00,xgb,ranking_rf,675,4865,7,1000,0.7418439388275146,751,249,0.4999018609523773,"[""V176"", ""V191"", ""V255"", ""V160"", ""V224"", ""V215"", ""V380""]","{""n_estimators"": 289, ""learning_rate"": 0.053158929921694464, ""max_depth"": 8, ""subsample"": 0.7370823725080399, ""colsample_bytree"": 0.6185849615733312, ""min_child_weight"": 4, ""reg_alpha"": 0.5513557802031247, ""reg_lambda"": 1.3176061768941263}"
676,2026-06-05T14:36:07.958146+00:00,xgb,ranking_rf,676,5165,4,1000,0.6565109491348267,731,269,0.49645185470581055,"[""V176"", ""V191"", ""V255"", ""V160""]","{""n_estimators"": 269, ""learning_rate"": 0.03283566557565051, ""max_depth"": 4, ""subsample"": 0.8542952750158437, ""colsample_bytree"": 0.62144872426085, ""min_child_weight"": 9, ""reg_alpha"": 0.6973198721109698, ""reg_lambda"": 1.1568266225567552}"
677,2026-06-05T14:36:33.930153+00:00,xgb,ranking_rf,677,4695,6,996,0.7699986100196838,725,271,0.5001251101493835,"[""V176"", ""V191"", ""V255"", ""V160"", ""V224"", ""V215""]","{""n_estimators"": 344, ""learning_rate"": 0.08272930706677889, ""max_depth"": 6, ""subsample"": 0.5742694951781455, ""colsample_bytree"": 0.8651177904198721, ""min_child_weight"": 2, ""reg_alpha"": 0.0822371903471254, ""reg_lambda"": 2.4626078566126033}"
678,2026-06-05T14:36:54.808648+00:00,xgb,ranking_rf,678,4845,4,995,0.7216131687164307,708,287,0.498173326253891,"[""V176"", ""V191"", ""V255"", ""V160""]","{""n_estimators"": 356, ""learning_rate"": 0.0810035926728134, ""max_depth"": 5, ""subsample"": 0.6828349355062184, ""colsample_bytree"": 0.866599831147183, ""min_child_weight"": 3, ""reg_alpha"": 0.5848336970074541, ""reg_lambda"": 1.8124702603856304}"
679,2026-06-05T14:37:01.241907+00:00,xgb,ranking_rf,679,5185,6,1000,0.6998213529586792,759,241,0.4965576231479645,"[""V176"", ""V191"", ""V255"", ""V160"", ""V224"", ""V215""]","{""n_estimators"": 181, ""learning_rate"": 0.16791819909600428, ""max_depth"": 3, ""subsample"": 0.8502321586145332, ""colsample_bytree"": 0.7656950183362167, ""min_child_weight"": 6, ""reg_alpha"": 0.752138481044003, ""reg_lambda"": 1.890693216113929}"
680,2026-06-05T14:37:20.106781+00:00,xgb,ranking_rf,680,4975,6,1000,0.732873797416687,745,255,0.49887147545814514,"[""V176"", ""V191"", ""V255"", ""V160"", ""V224"", ""V215""]","{""n_estimators"": 313, ""learning_rate"": 0.06123692824560821, ""max_depth"": 5, ""subsample"": 0.838644677192028, ""colsample_bytree"": 0.8732900187001877, ""min_child_weight"": 1, ""reg_alpha"": 0.7297138320461781, ""reg_lambda"": 0.6410985797215114}"
681,2026-06-05T14:37:24.380735+00:00,xgb,ranking_rf,681,5285,4,1000,0.6167324781417847,739,261,0.4962076246738434,"[""V176"", ""V191"", ""V255"", ""V160""]","{""n_estimators"": 112, ""learning_rate"": 0.03606334107123983, ""max_depth"": 3, ""subsample"": 0.6140501282460944, ""colsample_bytree"": 0.5312148579906828, ""min_child_weight"": 9, ""reg_alpha"": 0.6030418374873462, ""reg_lambda"": 0.8802194476602618}"
682,2026-06-05T14:37:35.413351+00:00,xgb,ranking_rf,682,5095,6,1000,0.6738134026527405,753,247,0.4970075190067291,"[""V176"", ""V191"", ""V255"", ""V160"", ""V224"", ""V215""]","{""n_estimators"": 249, ""learning_rate"": 0.040383882456102985, ""max_depth"": 4, ""subsample"": 0.9460016051840398, ""colsample_bytree"": 0.7957649107762792, ""min_child_weight"": 5, ""reg_alpha"": 0.9753086825979813, ""reg_lambda"": 1.1733844902557118}"
683,2026-06-05T14:37:53.689722+00:00,xgb,ranking_rf,683,4770,6,999,0.762553870677948,731,268,0.4974982440471649,"[""V176"", ""V191"", ""V255"", ""V160"", ""V224"", ""V215""]","{""n_estimators"": 329, ""learning_rate"": 0.13491651488116568, ""max_depth"": 5, ""subsample"": 0.6602120435972696, ""colsample_bytree"": 0.571942795557272, ""min_child_weight"": 3, ""reg_alpha"": 0.564758988676993, ""reg_lambda"": 1.5948971506202168}"
684,2026-06-05T14:38:09.527692+00:00,xgb,ranking_rf,684,4910,4,1000,0.6996423006057739,714,286,0.4971098005771637,"[""V176"", ""V191"", ""V255"", ""V160""]","{""n_estimators"": 121, ""learning_rate"": 0.06649655136373367, ""max_depth"": 9, ""subsample"": 0.5130669825539932, ""colsample_bytree"": 0.8120835421697058, ""min_child_weight"": 2, ""reg_alpha"": 0.890590742837996, ""reg_lambda"": 2.209981994586067}"
685,2026-06-05T14:38:26.762415+00:00,xgb,ranking_rf,685,4930,6,1000,0.7317208051681519,742,258,0.4978889524936676,"[""V176"", ""V191"", ""V255"", ""V160"", ""V224"", ""V215""]","{""n_estimators"": 191, ""learning_rate"": 0.06776686349880459, ""max_depth"": 7, ""subsample"": 0.6603682663924952, ""colsample_bytree"": 0.9251441890688445, ""min_child_weight"": 3, ""reg_alpha"": 0.07876181488386713, ""reg_lambda"": 2.3654490190957}"
686,2026-06-05T14:38:38.270430+00:00,xgb,ranking_rf,686,4920,8,1000,0.7442453503608704,768,232,0.4952399432659149,"[""V176"", ""V191"", ""V255"", ""V160"", ""V224"", ""V215"", ""V380"", ""V342""]","{""n_estimators"": 260, ""learning_rate"": 0.14230615536637503, ""max_depth"": 4, ""subsample"": 0.6360205660464202, ""colsample_bytree"": 0.523375033962577, ""min_child_weight"": 7, ""reg_alpha"": 0.8770183190939259, ""reg_lambda"": 2.0136841230848272}"
687,2026-06-05T14:38:53.094625+00:00,xgb,ranking_rf,687,5105,4,1000,0.6608601212501526,727,273,0.49587422609329224,"[""V176"", ""V191"", ""V255"", ""V160""]","{""n_estimators"": 206, ""learning_rate"": 0.03593047110866741, ""max_depth"": 6, ""subsample"": 0.5864534139240513, ""colsample_bytree"": 0.6090809994161909, ""min_child_weight"": 2, ""reg_alpha"": 0.4184126307387308, ""reg_lambda"": 2.4837273525254604}"
688,2026-06-05T14:39:23.361333+00:00,xgb,ranking_rf,688,4410,8,997,0.8304571509361267,733,264,0.49645867943763733,"[""V176"", ""V191"", ""V255"", ""V160"", ""V224"", ""V215"", ""V380"", ""V342""]","{""n_estimators"": 313, ""learning_rate"": 0.12297634924734212, ""max_depth"": 9, ""subsample"": 0.5770870873530374, ""colsample_bytree"": 0.9051123054424461, ""min_child_weight"": 7, ""reg_alpha"": 0.061865450637173414, ""reg_lambda"": 0.9267762178050543}"
689,2026-06-05T14:39:37.697816+00:00,xgb,ranking_rf,689,5170,6,1000,0.6981600522994995,758,242,0.49788564443588257,"[""V176"", ""V191"", ""V255"", ""V160"", ""V224"", ""V215""]","{""n_estimators"": 330, ""learning_rate"": 0.06080248694194959, ""max_depth"": 4, ""subsample"": 0.9929470876716615, ""colsample_bytree"": 0.9893098823630075, ""min_child_weight"": 6, ""reg_alpha"": 0.9321567939729362, ""reg_lambda"": 2.4714125528916964}"
690,2026-06-05T14:39:41.502515+00:00,xgb,ranking_rf,690,5055,4,992,0.6640992164611816,721,271,0.49687275290489197,"[""V176"", ""V191"", ""V255"", ""V160""]","{""n_estimators"": 102, ""learning_rate"": 0.13865529148650435, ""max_depth"": 3, ""subsample"": 0.933626617747976, ""colsample_bytree"": 0.9663729441486532, ""min_child_weight"": 9, ""reg_alpha"": 0.8116195994216848, ""reg_lambda"": 2.494076556699836}"
691,2026-06-05T14:40:16.419495+00:00,xgb,ranking_rf,691,4410,5,1000,0.8572877049446106,694,306,0.49653875827789307,"[""V176"", ""V191"", ""V255"", ""V160"", ""V224""]","{""n_estimators"": 321, ""learning_rate"": 0.16950060643965253, ""max_depth"": 9, ""subsample"": 0.6642111099775037, ""colsample_bytree"": 0.8117010778205171, ""min_child_weight"": 3, ""reg_alpha"": 0.33244468180479114, ""reg_lambda"": 1.0299834655181832}"
692,2026-06-05T14:40:24.176203+00:00,xgb,ranking_rf,692,4880,6,998,0.7282317876815796,738,260,0.4974541962146759,"[""V176"", ""V191"", ""V255"", ""V160"", ""V224"", ""V215""]","{""n_estimators"": 170, ""learning_rate"": 0.17681787246914302, ""max_depth"": 4, ""subsample"": 0.5938449114831252, ""colsample_bytree"": 0.5061082330673273, ""min_child_weight"": 6, ""reg_alpha"": 0.14815153554882554, ""reg_lambda"": 2.2203795912706865}"
693,2026-06-05T14:40:41.579072+00:00,xgb,ranking_rf,693,4780,6,1000,0.7960880398750305,732,268,0.4998411238193512,"[""V176"", ""V191"", ""V255"", ""V160"", ""V224"", ""V215""]","{""n_estimators"": 132, ""learning_rate"": 0.14651247129010803, ""max_depth"": 9, ""subsample"": 0.9181154326180236, ""colsample_bytree"": 0.9397614987219727, ""min_child_weight"": 2, ""reg_alpha"": 0.19076693220716368, ""reg_lambda"": 1.0184365484118787}"
694,2026-06-05T14:40:56.384305+00:00,xgb,ranking_rf,694,5150,4,997,0.6796448826789856,729,268,0.49805527925491333,"[""V176"", ""V191"", ""V255"", ""V160""]","{""n_estimators"": 342, ""learning_rate"": 0.056077482921046355, ""max_depth"": 4, ""subsample"": 0.8574415993069435, ""colsample_bytree"": 0.6522676633081942, ""min_child_weight"": 5, ""reg_alpha"": 0.726129904017195, ""reg_lambda"": 1.1313308497359431}"
695,2026-06-05T14:41:20.128986+00:00,xgb,ranking_rf,695,4810,4,999,0.7498199343681335,707,292,0.5008578896522522,"[""V176"", ""V191"", ""V255"", ""V160""]","{""n_estimators"": 244, ""learning_rate"": 0.11026346661808026, ""max_depth"": 7, ""subsample"": 0.8137842901941279, ""colsample_bytree"": 0.6917843812095421, ""min_child_weight"": 1, ""reg_alpha"": 0.5179919454104388, ""reg_lambda"": 1.5358199112696787}"
696,2026-06-05T14:41:40.303665+00:00,xgb,ranking_rf,696,4765,6,1000,0.7638334035873413,731,269,0.4971381723880768,"[""V176"", ""V191"", ""V255"", ""V160"", ""V224"", ""V215""]","{""n_estimators"": 246, ""learning_rate"": 0.10264780079279266, ""max_depth"": 7, ""subsample"": 0.8477422903985952, ""colsample_bytree"": 0.8700713119618643, ""min_child_weight"": 6, ""reg_alpha"": 0.6139460257025375, ""reg_lambda"": 1.4070946085224982}"
697,2026-06-05T14:42:18.190326+00:00,xgb,ranking_rf,697,4355,5,996,0.805118203163147,689,307,0.4982714354991913,"[""V176"", ""V191"", ""V255"", ""V160"", ""V224""]","{""n_estimators"": 395, ""learning_rate"": 0.11628495413192243, ""max_depth"": 9, ""subsample"": 0.6327416453070351, ""colsample_bytree"": 0.9554745472483104, ""min_child_weight"": 7, ""reg_alpha"": 0.4281033248232159, ""reg_lambda"": 0.8452095298499442}"
698,2026-06-05T14:42:27.317596+00:00,xgb,ranking_rf,698,5110,6,1000,0.6970027685165405,754,246,0.4960409104824066,"[""V176"", ""V191"", ""V255"", ""V160"", ""V224"", ""V215""]","{""n_estimators"": 156, ""learning_rate"": 0.0760062494170978, ""max_depth"": 5, ""subsample"": 0.5591779376044084, ""colsample_bytree"": 0.9943997297056035, ""min_child_weight"": 8, ""reg_alpha"": 0.3941684283491885, ""reg_lambda"": 2.0197035912037626}"
699,2026-06-05T14:42:49.560155+00:00,xgb,ranking_rf,699,5065,6,1000,0.7162699103355408,751,249,0.4970465898513794,"[""V176"", ""V191"", ""V255"", ""V160"", ""V224"", ""V215""]","{""n_estimators"": 270, ""learning_rate"": 0.05360560006411434, ""max_depth"": 8, ""subsample"": 0.822511493301537, ""colsample_bytree"": 0.5713956367959023, ""min_child_weight"": 9, ""reg_alpha"": 0.09124628166404514, ""reg_lambda"": 1.4653077967945227}"
700,2026-06-05T14:43:15.773790+00:00,xgb,ranking_rf,700,4385,5,999,0.798785924911499,692,307,0.49878719449043274,"[""V176"", ""V191"", ""V255"", ""V160"", ""V224""]","{""n_estimators"": 317, ""learning_rate"": 0.17207444869434219, ""max_depth"": 8, ""subsample"": 0.8561484589233811, ""colsample_bytree"": 0.7957753966497922, ""min_child_weight"": 9, ""reg_alpha"": 0.2109385463325819, ""reg_lambda"": 0.7760017669192592}"
701,2026-06-05T14:43:31.182121+00:00,xgb,ranking_rf,701,4855,4,999,0.7134212255477905,710,289,0.49660545587539673,"[""V176"", ""V191"", ""V255"", ""V160""]","{""n_estimators"": 155, ""learning_rate"": 0.0881367501059955, ""max_depth"": 9, ""subsample"": 0.7127926568143308, ""colsample_bytree"": 0.8643519628878409, ""min_child_weight"": 9, ""reg_alpha"": 0.09981691349398958, ""reg_lambda"": 1.6602655495760774}"
702,2026-06-05T14:44:06.955455+00:00,xgb,ranking_rf,702,4705,7,999,0.8177427053451538,740,259,0.49778228998184204,"[""V176"", ""V191"", ""V255"", ""V160"", ""V224"", ""V215"", ""V380""]","{""n_estimators"": 312, ""learning_rate"": 0.09727597041375619, ""max_depth"": 9, ""subsample"": 0.841900114586424, ""colsample_bytree"": 0.774705709025705, ""min_child_weight"": 3, ""reg_alpha"": 0.22821162160457786, ""reg_lambda"": 1.6861637607048172}"
703,2026-06-05T14:44:41.461339+00:00,xgb,ranking_rf,703,4570,6,1000,0.7879542112350464,718,282,0.4990997910499573,"[""V176"", ""V191"", ""V255"", ""V160"", ""V224"", ""V215""]","{""n_estimators"": 310, ""learning_rate"": 0.07494287226851293, ""max_depth"": 9, ""subsample"": 0.5251175382238451, ""colsample_bytree"": 0.7677460394885125, ""min_child_weight"": 3, ""reg_alpha"": 0.16004088095043856, ""reg_lambda"": 0.8535693106424667}"
704,2026-06-05T14:44:54.577735+00:00,xgb,ranking_rf,704,5185,6,1000,0.683957576751709,759,241,0.4971640706062317,"[""V176"", ""V191"", ""V255"", ""V160"", ""V224"", ""V215""]","{""n_estimators"": 386, ""learning_rate"": 0.05791354807943552, ""max_depth"": 3, ""subsample"": 0.5376340308602413, ""colsample_bytree"": 0.5416497539546159, ""min_child_weight"": 6, ""reg_alpha"": 0.7740805300361873, ""reg_lambda"": 1.189429431628379}"
705,2026-06-05T14:45:22.131091+00:00,xgb,ranking_rf,705,4350,8,1000,0.8627534508705139,730,270,0.4969257712364197,"[""V176"", ""V191"", ""V255"", ""V160"", ""V224"", ""V215"", ""V380"", ""V342""]","{""n_estimators"": 220, ""learning_rate"": 0.17021189400803222, ""max_depth"": 9, ""subsample"": 0.5933562237070111, ""colsample_bytree"": 0.9146185147052206, ""min_child_weight"": 2, ""reg_alpha"": 0.31686043950592024, ""reg_lambda"": 1.558280846573217}"
706,2026-06-05T14:45:33.184836+00:00,xgb,ranking_rf,706,5005,6,1000,0.7317959070205688,747,253,0.49987953901290894,"[""V176"", ""V191"", ""V255"", ""V160"", ""V224"", ""V215""]","{""n_estimators"": 245, ""learning_rate"": 0.13321530540659743, ""max_depth"": 4, ""subsample"": 0.7024218584031003, ""colsample_bytree"": 0.6988739712381034, ""min_child_weight"": 5, ""reg_alpha"": 0.5562633774857536, ""reg_lambda"": 0.6614505818014358}"
707,2026-06-05T14:45:47.507368+00:00,xgb,ranking_rf,707,4830,8,1000,0.7455424070358276,762,238,0.4994506239891052,"[""V176"", ""V191"", ""V255"", ""V160"", ""V224"", ""V215"", ""V380"", ""V342""]","{""n_estimators"": 197, ""learning_rate"": 0.08903260533337999, ""max_depth"": 7, ""subsample"": 0.7649774695192642, ""colsample_bytree"": 0.5522217880917788, ""min_child_weight"": 8, ""reg_alpha"": 0.19079121350480677, ""reg_lambda"": 1.7572272625055942}"
708,2026-06-05T14:46:02.733922+00:00,xgb,ranking_rf,708,5015,4,1000,0.6988388895988464,721,279,0.4973877966403961,"[""V176"", ""V191"", ""V255"", ""V160""]","{""n_estimators"": 349, ""learning_rate"": 0.0904918648197317, ""max_depth"": 4, ""subsample"": 0.6461713672839791, ""colsample_bytree"": 0.5847944854478614, ""min_child_weight"": 4, ""reg_alpha"": 0.6248971881760271, ""reg_lambda"": 1.4738030756906755}"
709,2026-06-05T14:46:11.505006+00:00,xgb,ranking_rf,709,5070,4,998,0.6800532937049866,724,274,0.49785351753234863,"[""V176"", ""V191"", ""V255"", ""V160""]","{""n_estimators"": 268, ""learning_rate"": 0.10966050448368478, ""max_depth"": 3, ""subsample"": 0.9062612911881083, ""colsample_bytree"": 0.584755557938614, ""min_child_weight"": 6, ""reg_alpha"": 0.5485636662040657, ""reg_lambda"": 1.0116368028809168}"
710,2026-06-05T14:46:20.692164+00:00,xgb,ranking_rf,710,4945,7,999,0.7229169011116028,756,243,0.4971782863140106,"[""V176"", ""V191"", ""V255"", ""V160"", ""V224"", ""V215"", ""V380""]","{""n_estimators"": 115, ""learning_rate"": 0.11122507294308372, ""max_depth"": 7, ""subsample"": 0.6174835643519656, ""colsample_bytree"": 0.6029354445924193, ""min_child_weight"": 6, ""reg_alpha"": 0.4342309304214552, ""reg_lambda"": 1.3705356852736021}"
711,2026-06-05T14:46:34.902164+00:00,xgb,ranking_rf,711,5230,6,1000,0.6872190833091736,762,238,0.49708202481269836,"[""V176"", ""V191"", ""V255"", ""V160"", ""V224"", ""V215""]","{""n_estimators"": 330, ""learning_rate"": 0.042254444920581155, ""max_depth"": 4, ""subsample"": 0.8122365955924242, ""colsample_bytree"": 0.5044114375376564, ""min_child_weight"": 1, ""reg_alpha"": 0.5386840109227246, ""reg_lambda"": 1.6016024294442233}"
712,2026-06-05T14:46:48.551968+00:00,xgb,ranking_rf,712,4785,6,999,0.760704517364502,732,267,0.4968894422054291,"[""V176"", ""V191"", ""V255"", ""V160"", ""V224"", ""V215""]","{""n_estimators"": 197, ""learning_rate"": 0.12910857462708214, ""max_depth"": 6, ""subsample"": 0.7414545385276496, ""colsample_bytree"": 0.8034980043334026, ""min_child_weight"": 4, ""reg_alpha"": 0.39330722004879837, ""reg_lambda"": 0.5261031338736784}"
713,2026-06-05T14:47:00.031093+00:00,xgb,ranking_rf,713,5010,8,1000,0.717314600944519,774,226,0.4984608292579651,"[""V176"", ""V191"", ""V255"", ""V160"", ""V224"", ""V215"", ""V380"", ""V342""]","{""n_estimators"": 145, ""learning_rate"": 0.06792924520321508, ""max_depth"": 7, ""subsample"": 0.9857911794609708, ""colsample_bytree"": 0.5449689389263617, ""min_child_weight"": 4, ""reg_alpha"": 0.6907926944616959, ""reg_lambda"": 1.1554020708929693}"
714,2026-06-05T14:47:16.783652+00:00,xgb,ranking_rf,714,5125,6,1000,0.7019726037979126,755,245,0.4976736307144165,"[""V176"", ""V191"", ""V255"", ""V160"", ""V224"", ""V215""]","{""n_estimators"": 305, ""learning_rate"": 0.045482224483788164, ""max_depth"": 5, ""subsample"": 0.7933481166847707, ""colsample_bytree"": 0.800365491130802, ""min_child_weight"": 6, ""reg_alpha"": 0.5613360214426183, ""reg_lambda"": 0.7225982213576261}"
715,2026-06-05T14:47:35.748566+00:00,xgb,ranking_rf,715,4845,6,999,0.7258170247077942,736,263,0.497723251581192,"[""V176"", ""V191"", ""V255"", ""V160"", ""V224"", ""V215""]","{""n_estimators"": 285, ""learning_rate"": 0.0807587381266941, ""max_depth"": 6, ""subsample"": 0.6797200458663656, ""colsample_bytree"": 0.6154588950754034, ""min_child_weight"": 6, ""reg_alpha"": 0.6679508816764005, ""reg_lambda"": 1.378155945599128}"
716,2026-06-05T14:48:04.338217+00:00,xgb,ranking_rf,716,4900,6,988,0.7644809484481812,736,252,0.49823808670043945,"[""V176"", ""V191"", ""V255"", ""V160"", ""V224"", ""V215""]","{""n_estimators"": 338, ""learning_rate"": 0.07986961744659482, ""max_depth"": 7, ""subsample"": 0.8629564343299396, ""colsample_bytree"": 0.7557708567229308, ""min_child_weight"": 4, ""reg_alpha"": 0.724041102729564, ""reg_lambda"": 1.9392451952315641}"
717,2026-06-05T14:48:08.859761+00:00,xgb,ranking_rf,717,5270,4,997,0.6407054662704468,737,260,0.4970298707485199,"[""V176"", ""V191"", ""V255"", ""V160""]","{""n_estimators"": 122, ""learning_rate"": 0.061462058369808246, ""max_depth"": 3, ""subsample"": 0.8788831287355843, ""colsample_bytree"": 0.6396186906842454, ""min_child_weight"": 4, ""reg_alpha"": 0.8409544107869518, ""reg_lambda"": 2.0447352985562195}"
718,2026-06-05T14:48:33.767190+00:00,xgb,ranking_rf,718,4890,6,999,0.7207239866256714,739,260,0.4986713230609894,"[""V176"", ""V191"", ""V255"", ""V160"", ""V224"", ""V215""]","{""n_estimators"": 231, ""learning_rate"": 0.04206342026276844, ""max_depth"": 8, ""subsample"": 0.5966836812418537, ""colsample_bytree"": 0.7598386189598638, ""min_child_weight"": 2, ""reg_alpha"": 0.12827656070525095, ""reg_lambda"": 1.5912317470913258}"
719,2026-06-05T14:48:46.010797+00:00,xgb,ranking_rf,719,4615,4,999,0.7291058897972107,694,305,0.4971037209033966,"[""V176"", ""V191"", ""V255"", ""V160""]","{""n_estimators"": 166, ""learning_rate"": 0.13670481558601066, ""max_depth"": 6, ""subsample"": 0.5165475516285751, ""colsample_bytree"": 0.9089300411212231, ""min_child_weight"": 4, ""reg_alpha"": 0.5687379015577061, ""reg_lambda"": 1.5641422492209942}"
720,2026-06-05T14:49:09.832699+00:00,xgb,ranking_rf,720,4965,8,1000,0.7169100046157837,771,229,0.4974796772003174,"[""V176"", ""V191"", ""V255"", ""V160"", ""V224"", ""V215"", ""V380"", ""V342""]","{""n_estimators"": 210, ""learning_rate"": 0.03221374148210516, ""max_depth"": 8, ""subsample"": 0.8931708697754464, ""colsample_bytree"": 0.830426450548515, ""min_child_weight"": 2, ""reg_alpha"": 0.8359773637895309, ""reg_lambda"": 1.552218640204697}"
721,2026-06-05T14:49:33.282944+00:00,xgb,ranking_rf,721,4675,7,999,0.7980852127075195,738,261,0.4986925721168518,"[""V176"", ""V191"", ""V255"", ""V160"", ""V224"", ""V215"", ""V380""]","{""n_estimators"": 275, ""learning_rate"": 0.12688912071549308, ""max_depth"": 7, ""subsample"": 0.5980015026972538, ""colsample_bytree"": 0.81686462026495, ""min_child_weight"": 4, ""reg_alpha"": 0.48351656446772473, ""reg_lambda"": 1.7355784831299133}"
722,2026-06-05T14:49:48.683408+00:00,xgb,ranking_rf,722,4915,6,1000,0.7470227479934692,741,259,0.49689969420433044,"[""V176"", ""V191"", ""V255"", ""V160"", ""V224"", ""V215""]","{""n_estimators"": 285, ""learning_rate"": 0.13025732115820704, ""max_depth"": 5, ""subsample"": 0.9762951486120846, ""colsample_bytree"": 0.9398643151265091, ""min_child_weight"": 8, ""reg_alpha"": 0.4757678600752818, ""reg_lambda"": 1.3980409888607928}"
723,2026-06-05T14:50:04.771054+00:00,xgb,ranking_rf,723,4955,7,1000,0.739753246307373,757,243,0.4981020987033844,"[""V176"", ""V191"", ""V255"", ""V160"", ""V224"", ""V215"", ""V380""]","{""n_estimators"": 204, ""learning_rate"": 0.08473535491247239, ""max_depth"": 7, ""subsample"": 0.917260959160934, ""colsample_bytree"": 0.9631817170966905, ""min_child_weight"": 9, ""reg_alpha"": 0.5099642760340287, ""reg_lambda"": 1.8501245697971342}"
724,2026-06-05T14:50:21.013051+00:00,xgb,ranking_rf,724,4980,6,999,0.7273442149162292,745,254,0.49901333451271057,"[""V176"", ""V191"", ""V255"", ""V160"", ""V224"", ""V215""]","{""n_estimators"": 283, ""learning_rate"": 0.07417577086874777, ""max_depth"": 5, ""subsample"": 0.9779469607185822, ""colsample_bytree"": 0.8875602222046846, ""min_child_weight"": 2, ""reg_alpha"": 0.7609652293767976, ""reg_lambda"": 0.8200259499961171}"
725,2026-06-05T14:50:26.115064+00:00,xgb,ranking_rf,725,5075,4,1000,0.6431043148040771,725,275,0.497633695602417,"[""V176"", ""V191"", ""V255"", ""V160""]","{""n_estimators"": 106, ""learning_rate"": 0.05537664961242146, ""max_depth"": 4, ""subsample"": 0.7208036683472474, ""colsample_bytree"": 0.7358844974157215, ""min_child_weight"": 7, ""reg_alpha"": 0.5992010632655912, ""reg_lambda"": 1.2027099504028755}"
726,2026-06-05T14:50:32.160252+00:00,xgb,ranking_rf,726,5050,6,1000,0.6988383531570435,750,250,0.49629971385002136,"[""V176"", ""V191"", ""V255"", ""V160"", ""V224"", ""V215""]","{""n_estimators"": 103, ""learning_rate"": 0.1615594367302014, ""max_depth"": 5, ""subsample"": 0.7727553117779857, ""colsample_bytree"": 0.6591012485948889, ""min_child_weight"": 8, ""reg_alpha"": 0.9286343968573963, ""reg_lambda"": 1.9889548685817717}"
727,2026-06-05T14:50:40.119412+00:00,xgb,ranking_rf,727,5265,4,992,0.6544833779335022,735,257,0.49782735109329224,"[""V176"", ""V191"", ""V255"", ""V160""]","{""n_estimators"": 177, ""learning_rate"": 0.04384399462949724, ""max_depth"": 4, ""subsample"": 0.7647241160107595, ""colsample_bytree"": 0.5589215765446196, ""min_child_weight"": 4, ""reg_alpha"": 0.8077533377881071, ""reg_lambda"": 1.0972755996748076}"
728,2026-06-05T14:50:48.003350+00:00,xgb,ranking_rf,728,5050,4,996,0.6913039088249207,722,274,0.4976222515106201,"[""V176"", ""V191"", ""V255"", ""V160""]","{""n_estimators"": 222, ""learning_rate"": 0.1544873802370964, ""max_depth"": 3, ""subsample"": 0.6700023924403324, ""colsample_bytree"": 0.93413554694085, ""min_child_weight"": 1, ""reg_alpha"": 0.3313885024752288, ""reg_lambda"": 1.733746307959453}"
729,2026-06-05T14:51:21.561002+00:00,xgb,ranking_rf,729,4630,7,999,0.821792483329773,735,264,0.4975155293941498,"[""V176"", ""V191"", ""V255"", ""V160"", ""V224"", ""V215"", ""V380""]","{""n_estimators"": 361, ""learning_rate"": 0.10497484181317661, ""max_depth"": 7, ""subsample"": 0.5784481261934544, ""colsample_bytree"": 0.9138863441706921, ""min_child_weight"": 2, ""reg_alpha"": 0.19851541008102347, ""reg_lambda"": 2.4040505743252787}"
730,2026-06-05T14:51:44.512887+00:00,xgb,ranking_rf,730,5050,6,1000,0.7140637636184692,750,250,0.4970981478691101,"[""V176"", ""V191"", ""V255"", ""V160"", ""V224"", ""V215""]","{""n_estimators"": 225, ""learning_rate"": 0.04145890627010773, ""max_depth"": 9, ""subsample"": 0.8029056838266257, ""colsample_bytree"": 0.8739374802881625, ""min_child_weight"": 8, ""reg_alpha"": 0.5246042272983212, ""reg_lambda"": 2.1440810736302502}"
731,2026-06-05T14:52:20.858671+00:00,xgb,ranking_rf,731,4820,8,999,0.7917441129684448,761,238,0.4978996217250824,"[""V176"", ""V191"", ""V255"", ""V160"", ""V224"", ""V215"", ""V380"", ""V342""]","{""n_estimators"": 360, ""learning_rate"": 0.06936355445303621, ""max_depth"": 9, ""subsample"": 0.99236139767702, ""colsample_bytree"": 0.9296145566395906, ""min_child_weight"": 7, ""reg_alpha"": 0.7751458303360153, ""reg_lambda"": 0.6114543270488875}"
732,2026-06-05T14:52:31.390294+00:00,xgb,ranking_rf,732,4695,8,1000,0.768802285194397,753,247,0.4964449107646942,"[""V176"", ""V191"", ""V255"", ""V160"", ""V224"", ""V215"", ""V380"", ""V342""]","{""n_estimators"": 189, ""learning_rate"": 0.17553156154048413, ""max_depth"": 5, ""subsample"": 0.6097306267873913, ""colsample_bytree"": 0.7472895982125816, ""min_child_weight"": 9, ""reg_alpha"": 0.012381855290244603, ""reg_lambda"": 1.8849025566611388}"
733,2026-06-05T14:52:37.293666+00:00,xgb,ranking_rf,733,5115,5,1000,0.6827999353408813,741,259,0.4967765510082245,"[""V176"", ""V191"", ""V255"", ""V160"", ""V224""]","{""n_estimators"": 159, ""learning_rate"": 0.1461822310345822, ""max_depth"": 3, ""subsample"": 0.720486091946428, ""colsample_bytree"": 0.9205207026750664, ""min_child_weight"": 5, ""reg_alpha"": 0.6547598474643944, ""reg_lambda"": 1.5950937057600474}"
734,2026-06-05T14:52:58.057496+00:00,xgb,ranking_rf,734,4830,8,1000,0.785034716129303,762,238,0.49621137976646423,"[""V176"", ""V191"", ""V255"", ""V160"", ""V224"", ""V215"", ""V380"", ""V342""]","{""n_estimators"": 225, ""learning_rate"": 0.12954449575411145, ""max_depth"": 9, ""subsample"": 0.8541286971872346, ""colsample_bytree"": 0.5988880739610989, ""min_child_weight"": 9, ""reg_alpha"": 0.1627385089390061, ""reg_lambda"": 1.9678234113665718}"
735,2026-06-05T14:53:18.535745+00:00,xgb,ranking_rf,735,4515,7,998,0.838473916053772,727,271,0.4968768060207367,"[""V176"", ""V191"", ""V255"", ""V160"", ""V224"", ""V215"", ""V380""]","{""n_estimators"": 292, ""learning_rate"": 0.17807096909963369, ""max_depth"": 6, ""subsample"": 0.6900907872246904, ""colsample_bytree"": 0.8980386294521465, ""min_child_weight"": 5, ""reg_alpha"": 0.3055816680739414, ""reg_lambda"": 0.690315847643612}"
736,2026-06-05T14:53:38.741321+00:00,xgb,ranking_rf,736,4630,7,999,0.7865522503852844,735,264,0.49767109751701355,"[""V176"", ""V191"", ""V255"", ""V160"", ""V224"", ""V215"", ""V380""]","{""n_estimators"": 248, ""learning_rate"": 0.14520183159978983, ""max_depth"": 7, ""subsample"": 0.8543002562555142, ""colsample_bytree"": 0.7454836319204178, ""min_child_weight"": 7, ""reg_alpha"": 0.9921061203688227, ""reg_lambda"": 1.4053814839480945}"
737,2026-06-05T14:54:01.345043+00:00,xgb,ranking_rf,737,4760,8,999,0.7990156412124634,757,242,0.49961620569229126,"[""V176"", ""V191"", ""V255"", ""V160"", ""V224"", ""V215"", ""V380"", ""V342""]","{""n_estimators"": 186, ""learning_rate"": 0.10522476787903982, ""max_depth"": 9, ""subsample"": 0.9157446894617081, ""colsample_bytree"": 0.9520708457924875, ""min_child_weight"": 3, ""reg_alpha"": 0.1447741493251724, ""reg_lambda"": 2.0926348143165816}"
738,2026-06-05T14:54:12.871274+00:00,xgb,ranking_rf,738,4835,6,995,0.7254236340522766,734,261,0.4958483874797821,"[""V176"", ""V191"", ""V255"", ""V160"", ""V224"", ""V215""]","{""n_estimators"": 173, ""learning_rate"": 0.12889863212039082, ""max_depth"": 6, ""subsample"": 0.645960465573156, ""colsample_bytree"": 0.62827244751094, ""min_child_weight"": 8, ""reg_alpha"": 0.7087635469205024, ""reg_lambda"": 0.9902796680450245}"
739,2026-06-05T14:54:30.998009+00:00,xgb,ranking_rf,739,4700,4,1000,0.7185234427452087,700,300,0.5000113248825073,"[""V176"", ""V191"", ""V255"", ""V160""]","{""n_estimators"": 162, ""learning_rate"": 0.0822433547184695, ""max_depth"": 9, ""subsample"": 0.7887826047917024, ""colsample_bytree"": 0.7293709291449453, ""min_child_weight"": 4, ""reg_alpha"": 0.23542168330142155, ""reg_lambda"": 0.9067700290771714}"
740,2026-06-05T14:54:42.342957+00:00,xgb,ranking_rf,740,4855,4,999,0.7308648228645325,710,289,0.498600035905838,"[""V176"", ""V191"", ""V255"", ""V160""]","{""n_estimators"": 245, ""learning_rate"": 0.15475987004277467, ""max_depth"": 4, ""subsample"": 0.6941496498709119, ""colsample_bytree"": 0.8281837980661975, ""min_child_weight"": 1, ""reg_alpha"": 0.2670966876667944, ""reg_lambda"": 0.8007492091197457}"
741,2026-06-05T14:54:59.666632+00:00,xgb,ranking_rf,741,4940,7,994,0.7647572755813599,754,240,0.49949735403060913,"[""V176"", ""V191"", ""V255"", ""V160"", ""V224"", ""V215"", ""V380""]","{""n_estimators"": 289, ""learning_rate"": 0.1083068859493127, ""max_depth"": 5, ""subsample"": 0.6833641283561722, ""colsample_bytree"": 0.8931255488000986, ""min_child_weight"": 2, ""reg_alpha"": 0.8587805060195121, ""reg_lambda"": 2.4157125393826586}"
742,2026-06-05T14:55:41.845669+00:00,xgb,ranking_rf,742,4635,8,1000,0.8529133200645447,749,251,0.4981175661087036,"[""V176"", ""V191"", ""V255"", ""V160"", ""V224"", ""V215"", ""V380"", ""V342""]","{""n_estimators"": 364, ""learning_rate"": 0.09920572990552427, ""max_depth"": 9, ""subsample"": 0.7321057780128575, ""colsample_bytree"": 0.881478782055414, ""min_child_weight"": 3, ""reg_alpha"": 0.6038756980953818, ""reg_lambda"": 0.66467751386067}"
743,2026-06-05T14:56:00.601421+00:00,xgb,ranking_rf,743,4920,8,1000,0.7864870429039001,768,232,0.504389762878418,"[""V176"", ""V191"", ""V255"", ""V160"", ""V224"", ""V215"", ""V380"", ""V342""]","{""n_estimators"": 318, ""learning_rate"": 0.09148203446477325, ""max_depth"": 5, ""subsample"": 0.9398186776993851, ""colsample_bytree"": 0.997772931124544, ""min_child_weight"": 1, ""reg_alpha"": 0.11112091409421221, ""reg_lambda"": 0.5196047633321317}"
744,2026-06-05T14:56:13.270922+00:00,xgb,ranking_rf,744,5170,6,1000,0.7082913517951965,758,242,0.49746397137641907,"[""V176"", ""V191"", ""V255"", ""V160"", ""V224"", ""V215""]","{""n_estimators"": 378, ""learning_rate"": 0.11899105483043038, ""max_depth"": 3, ""subsample"": 0.7872583576871872, ""colsample_bytree"": 0.545246315347826, ""min_child_weight"": 7, ""reg_alpha"": 0.8314739050939681, ""reg_lambda"": 2.1838612303097826}"
745,2026-06-05T14:56:21.032799+00:00,xgb,ranking_rf,745,5260,4,993,0.6502930521965027,735,258,0.49694034457206726,"[""V176"", ""V191"", ""V255"", ""V160""]","{""n_estimators"": 168, ""learning_rate"": 0.0435513001475376, ""max_depth"": 4, ""subsample"": 0.9693253807274855, ""colsample_bytree"": 0.736259481597813, ""min_child_weight"": 2, ""reg_alpha"": 0.7704602804570979, ""reg_lambda"": 1.9997859935379874}"
746,2026-06-05T14:56:26.852352+00:00,xgb,ranking_rf,746,5270,4,1000,0.6301780343055725,738,262,0.49582239985466003,"[""V176"", ""V191"", ""V255"", ""V160""]","{""n_estimators"": 123, ""learning_rate"": 0.03795736994204317, ""max_depth"": 4, ""subsample"": 0.6678479791505216, ""colsample_bytree"": 0.5701422918964856, ""min_child_weight"": 4, ""reg_alpha"": 0.4783728249308956, ""reg_lambda"": 1.2662801958227663}"
747,2026-06-05T14:56:50.125448+00:00,xgb,ranking_rf,747,4710,8,1000,0.8084150552749634,754,246,0.49890175461769104,"[""V176"", ""V191"", ""V255"", ""V160"", ""V224"", ""V215"", ""V380"", ""V342""]","{""n_estimators"": 208, ""learning_rate"": 0.1205076305007437, ""max_depth"": 8, ""subsample"": 0.7754061933483204, ""colsample_bytree"": 0.9592986892604332, ""min_child_weight"": 3, ""reg_alpha"": 0.8977323458033857, ""reg_lambda"": 1.5286945957158609}"
748,2026-06-05T14:57:28.174044+00:00,xgb,ranking_rf,748,4760,7,1000,0.80515056848526,744,256,0.5001251101493835,"[""V176"", ""V191"", ""V255"", ""V160"", ""V224"", ""V215"", ""V380""]","{""n_estimators"": 329, ""learning_rate"": 0.06955764681008086, ""max_depth"": 8, ""subsample"": 0.7340283274214994, ""colsample_bytree"": 0.7768134457016236, ""min_child_weight"": 1, ""reg_alpha"": 0.16662548086067974, ""reg_lambda"": 1.3081498821437114}"
749,2026-06-05T14:57:35.175167+00:00,xgb,ranking_rf,749,5180,4,1000,0.6651120781898499,732,268,0.4977947175502777,"[""V176"", ""V191"", ""V255"", ""V160""]","{""n_estimators"": 197, ""learning_rate"": 0.08066951268509517, ""max_depth"": 3, ""subsample"": 0.690385748027466, ""colsample_bytree"": 0.6816878690020289, ""min_child_weight"": 6, ""reg_alpha"": 0.9271992367652644, ""reg_lambda"": 1.1800158724203957}"
750,2026-06-05T14:57:46.245757+00:00,xgb,ranking_rf,750,5165,8,999,0.7209993004798889,784,215,0.4982201159000397,"[""V176"", ""V191"", ""V255"", ""V160"", ""V224"", ""V215"", ""V380"", ""V342""]","{""n_estimators"": 247, ""learning_rate"": 0.060256203315658494, ""max_depth"": 4, ""subsample"": 0.5797709938199915, ""colsample_bytree"": 0.627561966243221, ""min_child_weight"": 1, ""reg_alpha"": 0.4192501363924386, ""reg_lambda"": 0.5166837712612724}"
751,2026-06-05T14:58:00.026284+00:00,xgb,ranking_rf,751,4595,7,1000,0.7844488620758057,733,267,0.5016291737556458,"[""V176"", ""V191"", ""V255"", ""V160"", ""V224"", ""V215"", ""V380""]","{""n_estimators"": 200, ""learning_rate"": 0.17258568863299925, ""max_depth"": 6, ""subsample"": 0.6309994640543681, ""colsample_bytree"": 0.7956720856926797, ""min_child_weight"": 7, ""reg_alpha"": 0.5388437132515536, ""reg_lambda"": 1.198127339803915}"
752,2026-06-05T14:58:05.797730+00:00,xgb,ranking_rf,752,5215,4,999,0.6480376720428467,734,265,0.4969336986541748,"[""V176"", ""V191"", ""V255"", ""V160""]","{""n_estimators"": 161, ""learning_rate"": 0.05571541634459773, ""max_depth"": 3, ""subsample"": 0.8962172710527208, ""colsample_bytree"": 0.5522985578862638, ""min_child_weight"": 1, ""reg_alpha"": 0.5552592621624128, ""reg_lambda"": 2.115991454233341}"
753,2026-06-05T14:58:16.597107+00:00,xgb,ranking_rf,753,4650,5,1000,0.7136276960372925,710,290,0.49720299243927,"[""V176"", ""V191"", ""V255"", ""V160"", ""V224""]","{""n_estimators"": 145, ""learning_rate"": 0.15664613337659722, ""max_depth"": 7, ""subsample"": 0.5203064488165504, ""colsample_bytree"": 0.5301933349920009, ""min_child_weight"": 9, ""reg_alpha"": 0.43014574002572503, ""reg_lambda"": 1.8800643066334886}"
754,2026-06-05T14:58:32.557559+00:00,xgb,ranking_rf,754,4910,4,1000,0.7008241415023804,714,286,0.4973805546760559,"[""V176"", ""V191"", ""V255"", ""V160""]","{""n_estimators"": 286, ""learning_rate"": 0.08369556939797448, ""max_depth"": 5, ""subsample"": 0.6970459820939428, ""colsample_bytree"": 0.7198797116639053, ""min_child_weight"": 4, ""reg_alpha"": 0.1289398216498293, ""reg_lambda"": 0.8225332036901236}"
755,2026-06-05T14:58:52.654733+00:00,xgb,ranking_rf,755,4975,8,995,0.7075735330581665,770,225,0.4942891001701355,"[""V176"", ""V191"", ""V255"", ""V160"", ""V224"", ""V215"", ""V380"", ""V342""]","{""n_estimators"": 229, ""learning_rate"": 0.03001968709428569, ""max_depth"": 7, ""subsample"": 0.561296500831064, ""colsample_bytree"": 0.8998874292707991, ""min_child_weight"": 3, ""reg_alpha"": 0.6015954323044944, ""reg_lambda"": 1.567363243201326}"
756,2026-06-05T14:59:06.538344+00:00,xgb,ranking_rf,756,4760,4,1000,0.7346912026405334,704,296,0.5011643767356873,"[""V176"", ""V191"", ""V255"", ""V160""]","{""n_estimators"": 248, ""learning_rate"": 0.14351575312663065, ""max_depth"": 5, ""subsample"": 0.8437425987884465, ""colsample_bytree"": 0.7589477723094264, ""min_child_weight"": 2, ""reg_alpha"": 0.5695617421754744, ""reg_lambda"": 1.9289337067364953}"
757,2026-06-05T14:59:33.916022+00:00,xgb,ranking_rf,757,4910,7,1000,0.7418454885482788,754,246,0.4967179298400879,"[""V176"", ""V191"", ""V255"", ""V160"", ""V224"", ""V215"", ""V380""]","{""n_estimators"": 296, ""learning_rate"": 0.058427704813068665, ""max_depth"": 8, ""subsample"": 0.6636033235910932, ""colsample_bytree"": 0.8524213326817848, ""min_child_weight"": 7, ""reg_alpha"": 0.5822103111247491, ""reg_lambda"": 1.4931429571765993}"
758,2026-06-05T15:00:08.465560+00:00,xgb,ranking_rf,758,4570,7,999,0.7925108671188354,731,268,0.49616533517837524,"[""V176"", ""V191"", ""V255"", ""V160"", ""V224"", ""V215"", ""V380""]","{""n_estimators"": 390, ""learning_rate"": 0.1004565802079022, ""max_depth"": 8, ""subsample"": 0.7547349888932953, ""colsample_bytree"": 0.8566330108654954, ""min_child_weight"": 9, ""reg_alpha"": 0.6991272320377855, ""reg_lambda"": 1.3374803806894777}"
759,2026-06-05T15:00:27.388919+00:00,xgb,ranking_rf,759,4870,6,1000,0.7614136338233948,738,262,0.4995327293872833,"[""V176"", ""V191"", ""V255"", ""V160"", ""V224"", ""V215""]","{""n_estimators"": 244, ""learning_rate"": 0.09596382793284458, ""max_depth"": 6, ""subsample"": 0.7381288941560147, ""colsample_bytree"": 0.7548531696865614, ""min_child_weight"": 1, ""reg_alpha"": 0.2563967916011243, ""reg_lambda"": 0.9974430383223285}"
760,2026-06-05T15:00:50.985836+00:00,xgb,ranking_rf,760,4920,6,999,0.7206617593765259,741,258,0.49911069869995117,"[""V176"", ""V191"", ""V255"", ""V160"", ""V224"", ""V215""]","{""n_estimators"": 236, ""learning_rate"": 0.047541663194858655, ""max_depth"": 7, ""subsample"": 0.8928507414081801, ""colsample_bytree"": 0.7937341681792032, ""min_child_weight"": 1, ""reg_alpha"": 0.8840721222360721, ""reg_lambda"": 1.55646790134006}"
761,2026-06-05T15:00:57.819036+00:00,xgb,ranking_rf,761,5050,6,1000,0.6668826937675476,750,250,0.4965939521789551,"[""V176"", ""V191"", ""V255"", ""V160"", ""V224"", ""V215""]","{""n_estimators"": 112, ""learning_rate"": 0.048523494152078864, ""max_depth"": 5, ""subsample"": 0.8908817560178308, ""colsample_bytree"": 0.9956034142412533, ""min_child_weight"": 2, ""reg_alpha"": 0.214081951692763, ""reg_lambda"": 1.5570722808676065}"
762,2026-06-05T15:01:27.247459+00:00,xgb,ranking_rf,762,4720,7,999,0.7625059485435486,741,258,0.4990173280239105,"[""V176"", ""V191"", ""V255"", ""V160"", ""V224"", ""V215"", ""V380""]","{""n_estimators"": 385, ""learning_rate"": 0.06814510524692113, ""max_depth"": 7, ""subsample"": 0.888180601972848, ""colsample_bytree"": 0.7063703920674564, ""min_child_weight"": 6, ""reg_alpha"": 0.1304975903747918, ""reg_lambda"": 1.6364845607292369}"
763,2026-06-05T15:01:47.744619+00:00,xgb,ranking_rf,763,4560,4,995,0.7680112719535828,689,306,0.5006278157234192,"[""V176"", ""V191"", ""V255"", ""V160""]","{""n_estimators"": 154, ""learning_rate"": 0.1341825648241911, ""max_depth"": 9, ""subsample"": 0.7956224500131971, ""colsample_bytree"": 0.5550456313041949, ""min_child_weight"": 1, ""reg_alpha"": 0.09218034549602361, ""reg_lambda"": 1.5838793447098583}"
764,2026-06-05T15:02:03.677347+00:00,xgb,ranking_rf,764,4755,6,999,0.7611941695213318,730,269,0.4971744120121002,"[""V176"", ""V191"", ""V255"", ""V160"", ""V224"", ""V215""]","{""n_estimators"": 273, ""learning_rate"": 0.1485310254258199, ""max_depth"": 5, ""subsample"": 0.6349230182733334, ""colsample_bytree"": 0.9443435374586411, ""min_child_weight"": 6, ""reg_alpha"": 0.70510703949888, ""reg_lambda"": 1.101087311316014}"
765,2026-06-05T15:02:28.399659+00:00,xgb,ranking_rf,765,4655,7,1000,0.8140703439712524,737,263,0.4974668323993683,"[""V176"", ""V191"", ""V255"", ""V160"", ""V224"", ""V215"", ""V380""]","{""n_estimators"": 290, ""learning_rate"": 0.160656849768427, ""max_depth"": 8, ""subsample"": 0.9757513031803271, ""colsample_bytree"": 0.8432237309023219, ""min_child_weight"": 9, ""reg_alpha"": 0.6725402448740934, ""reg_lambda"": 0.5589671573538768}"
766,2026-06-05T15:02:40.027853+00:00,xgb,ranking_rf,766,4980,6,999,0.7188623547554016,745,254,0.497514009475708,"[""V176"", ""V191"", ""V255"", ""V160"", ""V224"", ""V215""]","{""n_estimators"": 129, ""learning_rate"": 0.0848068893668688, ""max_depth"": 7, ""subsample"": 0.6451786198524225, ""colsample_bytree"": 0.9717816056110788, ""min_child_weight"": 4, ""reg_alpha"": 0.7095059215924622, ""reg_lambda"": 2.284244286076049}"
767,2026-06-05T15:03:03.004754+00:00,xgb,ranking_rf,767,4830,8,1000,0.775001585483551,762,238,0.4992965757846832,"[""V176"", ""V191"", ""V255"", ""V160"", ""V224"", ""V215"", ""V380"", ""V342""]","{""n_estimators"": 334, ""learning_rate"": 0.09338630827640496, ""max_depth"": 6, ""subsample"": 0.50651849339883, ""colsample_bytree"": 0.5484045534803339, ""min_child_weight"": 3, ""reg_alpha"": 0.495805930447604, ""reg_lambda"": 1.9090376347230147}"
768,2026-06-05T15:03:12.930491+00:00,xgb,ranking_rf,768,5200,4,999,0.6737416982650757,733,266,0.49792972207069397,"[""V176"", ""V191"", ""V255"", ""V160""]","{""n_estimators"": 295, ""learning_rate"": 0.08549479813675015, ""max_depth"": 3, ""subsample"": 0.9382272109628522, ""colsample_bytree"": 0.6698104921989383, ""min_child_weight"": 9, ""reg_alpha"": 0.6542212708708877, ""reg_lambda"": 1.0915629332782355}"
769,2026-06-05T15:03:38.223896+00:00,xgb,ranking_rf,769,4595,7,991,0.8063895106315613,730,261,0.4959847629070282,"[""V176"", ""V191"", ""V255"", ""V160"", ""V224"", ""V215"", ""V380""]","{""n_estimators"": 226, ""learning_rate"": 0.12794867378718666, ""max_depth"": 9, ""subsample"": 0.5915277547912605, ""colsample_bytree"": 0.9435424555647693, ""min_child_weight"": 4, ""reg_alpha"": 0.5599579476735781, ""reg_lambda"": 1.5852555507766197}"
770,2026-06-05T15:04:02.509215+00:00,xgb,ranking_rf,770,4810,4,999,0.7692545056343079,707,292,0.4978480041027069,"[""V176"", ""V191"", ""V255"", ""V160""]","{""n_estimators"": 320, ""learning_rate"": 0.11718489983279924, ""max_depth"": 6, ""subsample"": 0.5726410857813136, ""colsample_bytree"": 0.7033931351654574, ""min_child_weight"": 1, ""reg_alpha"": 0.0789588516521017, ""reg_lambda"": 1.1522618004879563}"
771,2026-06-05T15:04:14.054394+00:00,xgb,ranking_rf,771,5010,8,1000,0.7541018128395081,774,226,0.49700018763542175,"[""V176"", ""V191"", ""V255"", ""V160"", ""V224"", ""V215"", ""V380"", ""V342""]","{""n_estimators"": 124, ""learning_rate"": 0.12427584618413812, ""max_depth"": 8, ""subsample"": 0.9749088624401641, ""colsample_bytree"": 0.9085522501942063, ""min_child_weight"": 8, ""reg_alpha"": 0.617632450728735, ""reg_lambda"": 1.3850535078350459}"
772,2026-06-05T15:04:34.712762+00:00,xgb,ranking_rf,772,5095,6,997,0.7173368334770203,752,245,0.49732208251953125,"[""V176"", ""V191"", ""V255"", ""V160"", ""V224"", ""V215""]","{""n_estimators"": 382, ""learning_rate"": 0.05440149395323754, ""max_depth"": 5, ""subsample"": 0.695269324899783, ""colsample_bytree"": 0.9431277096516588, ""min_child_weight"": 9, ""reg_alpha"": 0.04642177882270948, ""reg_lambda"": 2.001272584809635}"
773,2026-06-05T15:04:48.999996+00:00,xgb,ranking_rf,773,4785,8,1000,0.7738755941390991,759,241,0.49873778223991394,"[""V176"", ""V191"", ""V255"", ""V160"", ""V224"", ""V215"", ""V380"", ""V342""]","{""n_estimators"": 134, ""learning_rate"": 0.12689543375512502, ""max_depth"": 7, ""subsample"": 0.8795999884302745, ""colsample_bytree"": 0.8793426817977645, ""min_child_weight"": 1, ""reg_alpha"": 0.8216677995520697, ""reg_lambda"": 2.0927003540234472}"
774,2026-06-05T15:04:56.671766+00:00,xgb,ranking_rf,774,5020,6,1000,0.7251555323600769,748,252,0.4981454014778137,"[""V176"", ""V191"", ""V255"", ""V160"", ""V224"", ""V215""]","{""n_estimators"": 125, ""learning_rate"": 0.13093945206183707, ""max_depth"": 5, ""subsample"": 0.5874359207142029, ""colsample_bytree"": 0.7872319224261766, ""min_child_weight"": 3, ""reg_alpha"": 0.30877470788603734, ""reg_lambda"": 0.9918376054127396}"
775,2026-06-05T15:05:12.823410+00:00,xgb,ranking_rf,775,4765,6,1000,0.7497493624687195,731,269,0.49784785509109497,"[""V176"", ""V191"", ""V255"", ""V160"", ""V224"", ""V215""]","{""n_estimators"": 178, ""learning_rate"": 0.12083352097538312, ""max_depth"": 8, ""subsample"": 0.7768388446295151, ""colsample_bytree"": 0.565484779852947, ""min_child_weight"": 6, ""reg_alpha"": 0.49143082462986, ""reg_lambda"": 0.8004655969473597}"
776,2026-06-05T15:05:18.809726+00:00,xgb,ranking_rf,776,5215,6,991,0.663020133972168,758,233,0.49715113639831543,"[""V176"", ""V191"", ""V255"", ""V160"", ""V224"", ""V215""]","{""n_estimators"": 171, ""learning_rate"": 0.06702471519248786, ""max_depth"": 3, ""subsample"": 0.8772540702758304, ""colsample_bytree"": 0.6522178651210164, ""min_child_weight"": 3, ""reg_alpha"": 0.8977526397327452, ""reg_lambda"": 1.9067166550338486}"
777,2026-06-05T15:05:39.648994+00:00,xgb,ranking_rf,777,5040,8,1000,0.7399681806564331,776,224,0.49790385365486145,"[""V176"", ""V191"", ""V255"", ""V160"", ""V224"", ""V215"", ""V380"", ""V342""]","{""n_estimators"": 315, ""learning_rate"": 0.051463859628501266, ""max_depth"": 6, ""subsample"": 0.6182911202227616, ""colsample_bytree"": 0.6818395974639431, ""min_child_weight"": 6, ""reg_alpha"": 0.492342622826067, ""reg_lambda"": 0.9522271922185521}"
778,2026-06-05T15:06:00.912096+00:00,xgb,ranking_rf,778,4675,7,999,0.7715701460838318,738,261,0.4950290024280548,"[""V176"", ""V191"", ""V255"", ""V160"", ""V224"", ""V215"", ""V380""]","{""n_estimators"": 203, ""learning_rate"": 0.12696746316070473, ""max_depth"": 9, ""subsample"": 0.531018207357281, ""colsample_bytree"": 0.7299301708044844, ""min_child_weight"": 5, ""reg_alpha"": 0.9269970477498947, ""reg_lambda"": 1.9539779686381402}"
779,2026-06-05T15:06:29.824953+00:00,xgb,ranking_rf,779,4515,6,999,0.7902359962463379,714,285,0.4960043430328369,"[""V176"", ""V191"", ""V255"", ""V160"", ""V224"", ""V215""]","{""n_estimators"": 384, ""learning_rate"": 0.11965639360775938, ""max_depth"": 7, ""subsample"": 0.7988818056105949, ""colsample_bytree"": 0.8331016131698972, ""min_child_weight"": 9, ""reg_alpha"": 0.1977809385673669, ""reg_lambda"": 1.0654924157202224}"
780,2026-06-05T15:06:57.626758+00:00,xgb,ranking_rf,780,4585,3,997,0.6806459426879883,678,319,0.49726971983909607,"[""V176"", ""V191"", ""V255""]","{""n_estimators"": 374, ""learning_rate"": 0.15414994879357222, ""max_depth"": 7, ""subsample"": 0.9622841576624686, ""colsample_bytree"": 0.6568451764705066, ""min_child_weight"": 9, ""reg_alpha"": 0.9884600679657193, ""reg_lambda"": 2.0552497196348947}"
781,2026-06-05T15:07:15.390430+00:00,xgb,ranking_rf,781,4610,4,1000,0.7505895495414734,694,306,0.49958330392837524,"[""V176"", ""V191"", ""V255"", ""V160""]","{""n_estimators"": 313, ""learning_rate"": 0.14982726845614264, ""max_depth"": 5, ""subsample"": 0.6425580209040537, ""colsample_bytree"": 0.8934757121247465, ""min_child_weight"": 7, ""reg_alpha"": 0.2556512743660663, ""reg_lambda"": 0.9091036331162823}"
782,2026-06-05T15:07:28.189580+00:00,xgb,ranking_rf,782,5115,6,999,0.6930832862854004,754,245,0.49779361486434937,"[""V176"", ""V191"", ""V255"", ""V160"", ""V224"", ""V215""]","{""n_estimators"": 376, ""learning_rate"": 0.05609607298291752, ""max_depth"": 3, ""subsample"": 0.7907627212889208, ""colsample_bytree"": 0.8438741058321171, ""min_child_weight"": 5, ""reg_alpha"": 0.5896825041732242, ""reg_lambda"": 0.6592909405522456}"
783,2026-06-05T15:07:32.437229+00:00,xgb,ranking_rf,783,5150,4,1000,0.6742336750030518,730,270,0.4973077178001404,"[""V176"", ""V191"", ""V255"", ""V160""]","{""n_estimators"": 110, ""learning_rate"": 0.16933764628689615, ""max_depth"": 3, ""subsample"": 0.7718207566196076, ""colsample_bytree"": 0.8142181476506227, ""min_child_weight"": 4, ""reg_alpha"": 0.7940596785093214, ""reg_lambda"": 1.5114973069044229}"
784,2026-06-05T15:07:44.969038+00:00,xgb,ranking_rf,784,5135,4,1000,0.6452109217643738,729,271,0.49635714292526245,"[""V176"", ""V191"", ""V255"", ""V160""]","{""n_estimators"": 118, ""learning_rate"": 0.03725313225705161, ""max_depth"": 9, ""subsample"": 0.7729943208473373, ""colsample_bytree"": 0.6770950009761456, ""min_child_weight"": 7, ""reg_alpha"": 0.5926068827631354, ""reg_lambda"": 0.727193878236412}"
785,2026-06-05T15:08:09.743148+00:00,xgb,ranking_rf,785,4385,7,994,0.7971267700195312,717,277,0.4949142038822174,"[""V176"", ""V191"", ""V255"", ""V160"", ""V224"", ""V215"", ""V380""]","{""n_estimators"": 249, ""learning_rate"": 0.1537248702605843, ""max_depth"": 9, ""subsample"": 0.5299233281217012, ""colsample_bytree"": 0.999380619175912, ""min_child_weight"": 7, ""reg_alpha"": 0.869403601946963, ""reg_lambda"": 1.7427770785260994}"
786,2026-06-05T15:08:36.180217+00:00,xgb,ranking_rf,786,4635,6,999,0.8010363578796387,722,277,0.49771732091903687,"[""V176"", ""V191"", ""V255"", ""V160"", ""V224"", ""V215""]","{""n_estimators"": 316, ""learning_rate"": 0.1308432432226474, ""max_depth"": 7, ""subsample"": 0.7348922286937101, ""colsample_bytree"": 0.9277634826180503, ""min_child_weight"": 5, ""reg_alpha"": 0.1787336262916417, ""reg_lambda"": 1.8900063988379847}"
787,2026-06-05T15:09:00.111293+00:00,xgb,ranking_rf,787,5175,6,999,0.7216121554374695,758,241,0.4981788992881775,"[""V176"", ""V191"", ""V255"", ""V160"", ""V224"", ""V215""]","{""n_estimators"": 386, ""learning_rate"": 0.046295589105164736, ""max_depth"": 6, ""subsample"": 0.9469594475620631, ""colsample_bytree"": 0.6933449018254587, ""min_child_weight"": 7, ""reg_alpha"": 0.29579432365474, ""reg_lambda"": 1.3961626645411878}"
788,2026-06-05T15:09:09.399851+00:00,xgb,ranking_rf,788,5060,8,999,0.6959224939346313,777,222,0.49742284417152405,"[""V176"", ""V191"", ""V255"", ""V160"", ""V224"", ""V215"", ""V380"", ""V342""]","{""n_estimators"": 145, ""learning_rate"": 0.052190209867640946, ""max_depth"": 6, ""subsample"": 0.982006496591106, ""colsample_bytree"": 0.5485423475723823, ""min_child_weight"": 8, ""reg_alpha"": 0.13612390667901542, ""reg_lambda"": 1.6800081127096398}"
789,2026-06-05T15:09:17.122065+00:00,xgb,ranking_rf,789,5255,4,1000,0.654965341091156,737,263,0.4967951774597168,"[""V176"", ""V191"", ""V255"", ""V160""]","{""n_estimators"": 182, ""learning_rate"": 0.04849887015898041, ""max_depth"": 4, ""subsample"": 0.810204907836358, ""colsample_bytree"": 0.6000696643356616, ""min_child_weight"": 8, ""reg_alpha"": 0.8080338599445401, ""reg_lambda"": 0.5770298396742015}"
790,2026-06-05T15:09:25.871254+00:00,xgb,ranking_rf,790,5015,6,998,0.6775802373886108,747,251,0.4973118305206299,"[""V176"", ""V191"", ""V255"", ""V160"", ""V224"", ""V215""]","{""n_estimators"": 151, ""learning_rate"": 0.049860707480736566, ""max_depth"": 5, ""subsample"": 0.8968894348861143, ""colsample_bytree"": 0.8122098403559737, ""min_child_weight"": 5, ""reg_alpha"": 0.7370499056494675, ""reg_lambda"": 0.602014497080744}"
791,2026-06-05T15:09:40.884216+00:00,xgb,ranking_rf,791,4885,6,1000,0.7496637105941772,739,261,0.49861934781074524,"[""V176"", ""V191"", ""V255"", ""V160"", ""V224"", ""V215""]","{""n_estimators"": 340, ""learning_rate"": 0.13371151068462428, ""max_depth"": 4, ""subsample"": 0.9362727435512272, ""colsample_bytree"": 0.8081481697129443, ""min_child_weight"": 2, ""reg_alpha"": 0.1352345565626364, ""reg_lambda"": 0.6093986269194105}"
792,2026-06-05T15:10:01.885813+00:00,xgb,ranking_rf,792,4610,5,999,0.7963335514068604,707,292,0.5005144476890564,"[""V176"", ""V191"", ""V255"", ""V160"", ""V224""]","{""n_estimators"": 352, ""learning_rate"": 0.17657708750609147, ""max_depth"": 5, ""subsample"": 0.7529965164679042, ""colsample_bytree"": 0.7039208323693525, ""min_child_weight"": 1, ""reg_alpha"": 0.7749605923383189, ""reg_lambda"": 0.7623564641255496}"
793,2026-06-05T15:10:14.537355+00:00,xgb,ranking_rf,793,5200,6,1000,0.6985272765159607,760,240,0.4967801868915558,"[""V176"", ""V191"", ""V255"", ""V160"", ""V224"", ""V215""]","{""n_estimators"": 225, ""learning_rate"": 0.048775598831193444, ""max_depth"": 5, ""subsample"": 0.6107756971623303, ""colsample_bytree"": 0.9420280048970457, ""min_child_weight"": 7, ""reg_alpha"": 0.053162631621438194, ""reg_lambda"": 0.5769874349569029}"
794,2026-06-05T15:10:36.719894+00:00,xgb,ranking_rf,794,4830,4,992,0.7250853180885315,706,286,0.5002344846725464,"[""V176"", ""V191"", ""V255"", ""V160""]","{""n_estimators"": 225, ""learning_rate"": 0.09193026742814239, ""max_depth"": 7, ""subsample"": 0.6327513841064583, ""colsample_bytree"": 0.679156605611482, ""min_child_weight"": 1, ""reg_alpha"": 0.7598444499237968, ""reg_lambda"": 2.4905293436877494}"
795,2026-06-05T15:10:49.335274+00:00,xgb,ranking_rf,795,5080,6,1000,0.7039394378662109,752,248,0.49669697880744934,"[""V176"", ""V191"", ""V255"", ""V160"", ""V224"", ""V215""]","{""n_estimators"": 279, ""learning_rate"": 0.06243788926698828, ""max_depth"": 4, ""subsample"": 0.7890864710680237, ""colsample_bytree"": 0.9138550596857102, ""min_child_weight"": 4, ""reg_alpha"": 0.7476653334841531, ""reg_lambda"": 0.8664646023565532}"
796,2026-06-05T15:11:23.533081+00:00,xgb,ranking_rf,796,4640,7,1000,0.7797125577926636,736,264,0.49559175968170166,"[""V176"", ""V191"", ""V255"", ""V160"", ""V224"", ""V215"", ""V380""]","{""n_estimators"": 392, ""learning_rate"": 0.10212531615367833, ""max_depth"": 9, ""subsample"": 0.6482218742469327, ""colsample_bytree"": 0.6110134083168094, ""min_child_weight"": 9, ""reg_alpha"": 0.644713087835808, ""reg_lambda"": 2.1950613496362146}"
797,2026-06-05T15:12:00.791764+00:00,xgb,ranking_rf,797,4595,7,1000,0.8138067722320557,733,267,0.49686500430107117,"[""V176"", ""V191"", ""V255"", ""V160"", ""V224"", ""V215"", ""V380""]","{""n_estimators"": 330, ""learning_rate"": 0.08148051214167434, ""max_depth"": 9, ""subsample"": 0.6898269963642113, ""colsample_bytree"": 0.7180731394329398, ""min_child_weight"": 3, ""reg_alpha"": 0.27281549156914964, ""reg_lambda"": 0.8222477888080695}"
798,2026-06-05T15:12:06.646361+00:00,xgb,ranking_rf,798,5205,6,999,0.6883458495140076,760,239,0.4967702031135559,"[""V176"", ""V191"", ""V255"", ""V160"", ""V224"", ""V215""]","{""n_estimators"": 162, ""learning_rate"": 0.1372351234536729, ""max_depth"": 3, ""subsample"": 0.9036098465091774, ""colsample_bytree"": 0.7314473685619884, ""min_child_weight"": 8, ""reg_alpha"": 0.39807569729508707, ""reg_lambda"": 1.5319860791426492}"
799,2026-06-05T15:12:32.402975+00:00,xgb,ranking_rf,799,4965,6,999,0.7893983721733093,744,255,0.5004359483718872,"[""V176"", ""V191"", ""V255"", ""V160"", ""V224"", ""V215""]","{""n_estimators"": 284, ""learning_rate"": 0.09282555103034335, ""max_depth"": 7, ""subsample"": 0.8448141366087356, ""colsample_bytree"": 0.9604141495671705, ""min_child_weight"": 2, ""reg_alpha"": 0.08888046034075814, ""reg_lambda"": 1.17605738706176}"
800,2026-06-05T15:12:38.721428+00:00,xgb,ranking_rf,800,5345,4,1000,0.6647773385047913,743,257,0.4971720576286316,"[""V176"", ""V191"", ""V255"", ""V160""]","{""n_estimators"": 139, ""learning_rate"": 0.07194015069930274, ""max_depth"": 4, ""subsample"": 0.5360257861433118, ""colsample_bytree"": 0.6198542186333016, ""min_child_weight"": 6, ""reg_alpha"": 0.22771967231137413, ""reg_lambda"": 2.4070342402266767}"
801,2026-06-05T15:13:07.626684+00:00,xgb,ranking_rf,801,4555,6,997,0.8392205834388733,716,281,0.49744272232055664,"[""V176"", ""V191"", ""V255"", ""V160"", ""V224"", ""V215""]","{""n_estimators"": 311, ""learning_rate"": 0.15421397382731847, ""max_depth"": 7, ""subsample"": 0.8540806482971977, ""colsample_bytree"": 0.9788006200864926, ""min_child_weight"": 2, ""reg_alpha"": 0.4942708528525763, ""reg_lambda"": 1.4409698860207605}"
802,2026-06-05T15:13:53.969821+00:00,xgb,ranking_rf,802,4625,6,983,0.8630065321922302,716,267,0.4964000880718231,"[""V176"", ""V191"", ""V255"", ""V160"", ""V224"", ""V215""]","{""n_estimators"": 374, ""learning_rate"": 0.12261847916101797, ""max_depth"": 9, ""subsample"": 0.7692670987012717, ""colsample_bytree"": 0.5951679025705995, ""min_child_weight"": 1, ""reg_alpha"": 0.5650492061813689, ""reg_lambda"": 0.5879048663679849}"
803,2026-06-05T15:14:18.105262+00:00,xgb,ranking_rf,803,4680,6,999,0.8122745752334595,725,274,0.5008948445320129,"[""V176"", ""V191"", ""V255"", ""V160"", ""V224"", ""V215""]","{""n_estimators"": 292, ""learning_rate"": 0.1353329693677191, ""max_depth"": 7, ""subsample"": 0.9135425128238909, ""colsample_bytree"": 0.9471176072637317, ""min_child_weight"": 4, ""reg_alpha"": 0.22281904123580687, ""reg_lambda"": 0.7380716167044747}"
804,2026-06-05T15:14:25.272551+00:00,xgb,ranking_rf,804,5090,4,1000,0.6940365433692932,726,274,0.49773964285850525,"[""V176"", ""V191"", ""V255"", ""V160""]","{""n_estimators"": 161, ""learning_rate"": 0.17653258538769, ""max_depth"": 4, ""subsample"": 0.9195341883887994, ""colsample_bytree"": 0.5622553439157465, ""min_child_weight"": 8, ""reg_alpha"": 0.3570118503554953, ""reg_lambda"": 2.0708527010595725}"
805,2026-06-05T15:14:42.211885+00:00,xgb,ranking_rf,805,5060,4,1000,0.7010611891746521,724,276,0.49796250462532043,"[""V176"", ""V191"", ""V255"", ""V160""]","{""n_estimators"": 292, ""learning_rate"": 0.06431517878442508, ""max_depth"": 5, ""subsample"": 0.5822162720732742, ""colsample_bytree"": 0.9772393384216178, ""min_child_weight"": 5, ""reg_alpha"": 0.41139161751757414, ""reg_lambda"": 2.241434475679789}"
806,2026-06-05T15:14:53.925141+00:00,xgb,ranking_rf,806,4785,8,994,0.7880517840385437,757,237,0.4986504018306732,"[""V176"", ""V191"", ""V255"", ""V160"", ""V224"", ""V215"", ""V380"", ""V342""]","{""n_estimators"": 172, ""learning_rate"": 0.1591426918877401, ""max_depth"": 6, ""subsample"": 0.702417270001046, ""colsample_bytree"": 0.580109133736141, ""min_child_weight"": 3, ""reg_alpha"": 0.16181704493438875, ""reg_lambda"": 1.6122219111002387}"
807,2026-06-05T15:15:01.435572+00:00,xgb,ranking_rf,807,5000,4,1000,0.7018713355064392,720,280,0.49697187542915344,"[""V176"", ""V191"", ""V255"", ""V160""]","{""n_estimators"": 125, ""learning_rate"": 0.14465702165861125, ""max_depth"": 5, ""subsample"": 0.7390806421861189, ""colsample_bytree"": 0.9364627664313576, ""min_child_weight"": 4, ""reg_alpha"": 0.21145342236856446, ""reg_lambda"": 1.9095507122906399}"
808,2026-06-05T15:15:13.486432+00:00,xgb,ranking_rf,808,5185,6,1000,0.695060670375824,759,241,0.4980584383010864,"[""V176"", ""V191"", ""V255"", ""V160"", ""V224"", ""V215""]","{""n_estimators"": 215, ""learning_rate"": 0.05168146321802079, ""max_depth"": 5, ""subsample"": 0.533426881772981, ""colsample_bytree"": 0.5688637345361403, ""min_child_weight"": 3, ""reg_alpha"": 0.16113643837831704, ""reg_lambda"": 1.117292874263099}"
809,2026-06-05T15:15:27.562148+00:00,xgb,ranking_rf,809,5085,6,999,0.7052494883537292,752,247,0.4985834062099457,"[""V176"", ""V191"", ""V255"", ""V160"", ""V224"", ""V215""]","{""n_estimators"": 345, ""learning_rate"": 0.06242509271816905, ""max_depth"": 4, ""subsample"": 0.8483142649984292, ""colsample_bytree"": 0.7508993249435814, ""min_child_weight"": 6, ""reg_alpha"": 0.020346712578096282, ""reg_lambda"": 2.1308455353369165}"
810,2026-06-05T15:15:38.550970+00:00,xgb,ranking_rf,810,5105,6,998,0.7086309790611267,753,245,0.4982532262802124,"[""V176"", ""V191"", ""V255"", ""V160"", ""V224"", ""V215""]","{""n_estimators"": 197, ""learning_rate"": 0.07335012645339999, ""max_depth"": 5, ""subsample"": 0.6055767078962897, ""colsample_bytree"": 0.7927047805014813, ""min_child_weight"": 4, ""reg_alpha"": 0.04420431445642492, ""reg_lambda"": 2.1780148615066963}"
811,2026-06-05T15:15:56.138125+00:00,xgb,ranking_rf,811,4510,4,993,0.755289614200592,685,308,0.49957597255706787,"[""V176"", ""V191"", ""V255"", ""V160""]","{""n_estimators"": 230, ""learning_rate"": 0.17423903028298113, ""max_depth"": 7, ""subsample"": 0.5930642541696118, ""colsample_bytree"": 0.8977672931130116, ""min_child_weight"": 9, ""reg_alpha"": 0.9157729209302069, ""reg_lambda"": 0.7462421224900608}"
812,2026-06-05T15:16:08.832466+00:00,xgb,ranking_rf,812,5165,5,999,0.6936352252960205,744,255,0.49723583459854126,"[""V176"", ""V191"", ""V255"", ""V160"", ""V224""]","{""n_estimators"": 385, ""learning_rate"": 0.10745252948482838, ""max_depth"": 3, ""subsample"": 0.9247958820831149, ""colsample_bytree"": 0.7521821044327686, ""min_child_weight"": 5, ""reg_alpha"": 0.07436230946021272, ""reg_lambda"": 2.418739526619154}"
813,2026-06-05T15:16:21.640403+00:00,xgb,ranking_rf,813,4775,4,1000,0.7171304225921631,705,295,0.49956026673316956,"[""V176"", ""V191"", ""V255"", ""V160""]","{""n_estimators"": 180, ""learning_rate"": 0.10229948430227545, ""max_depth"": 6, ""subsample"": 0.6632958543917488, ""colsample_bytree"": 0.7967250111256667, ""min_child_weight"": 5, ""reg_alpha"": 0.3867349120878376, ""reg_lambda"": 2.046487643652118}"
814,2026-06-05T15:16:32.095981+00:00,xgb,ranking_rf,814,4865,7,1000,0.7699301838874817,751,249,0.5000501871109009,"[""V176"", ""V191"", ""V255"", ""V160"", ""V224"", ""V215"", ""V380""]","{""n_estimators"": 155, ""learning_rate"": 0.17896548747743599, ""max_depth"": 6, ""subsample"": 0.6292424120575849, ""colsample_bytree"": 0.5031494024365317, ""min_child_weight"": 5, ""reg_alpha"": 0.46342272843369237, ""reg_lambda"": 0.7978172661293206}"
815,2026-06-05T15:16:50.378137+00:00,xgb,ranking_rf,815,4975,6,1000,0.6932143568992615,745,255,0.4995286166667938,"[""V176"", ""V191"", ""V255"", ""V160"", ""V224"", ""V215""]","{""n_estimators"": 265, ""learning_rate"": 0.0354994412101562, ""max_depth"": 6, ""subsample"": 0.944169248068536, ""colsample_bytree"": 0.6520774413086766, ""min_child_weight"": 3, ""reg_alpha"": 0.06291315138764231, ""reg_lambda"": 1.1843388672438697}"
816,2026-06-05T15:17:13.998264+00:00,xgb,ranking_rf,816,4430,4,1000,0.7590950727462769,682,318,0.4989369213581085,"[""V176"", ""V191"", ""V255"", ""V160""]","{""n_estimators"": 312, ""learning_rate"": 0.17325524305329018, ""max_depth"": 7, ""subsample"": 0.5034491030374275, ""colsample_bytree"": 0.699102391939191, ""min_child_weight"": 8, ""reg_alpha"": 0.39593724061058455, ""reg_lambda"": 2.2083821002077224}"
817,2026-06-05T15:17:36.029527+00:00,xgb,ranking_rf,817,4685,8,999,0.7761655449867249,752,247,0.5015751719474792,"[""V176"", ""V191"", ""V255"", ""V160"", ""V224"", ""V215"", ""V380"", ""V342""]","{""n_estimators"": 184, ""learning_rate"": 0.08847389457890248, ""max_depth"": 8, ""subsample"": 0.9329223831879766, ""colsample_bytree"": 0.6577624442272338, ""min_child_weight"": 1, ""reg_alpha"": 0.8314641391893813, ""reg_lambda"": 1.085784517765806}"
818,2026-06-05T15:18:09.235750+00:00,xgb,ranking_rf,818,4610,7,1000,0.7727242708206177,734,266,0.49857911467552185,"[""V176"", ""V191"", ""V255"", ""V160"", ""V224"", ""V215"", ""V380""]","{""n_estimators"": 363, ""learning_rate"": 0.06894443242821491, ""max_depth"": 8, ""subsample"": 0.5644258480660154, ""colsample_bytree"": 0.6221236573575291, ""min_child_weight"": 4, ""reg_alpha"": 0.045543921264971976, ""reg_lambda"": 2.1861648199678925}"
819,2026-06-05T15:18:45.676318+00:00,xgb,ranking_rf,819,4685,7,1000,0.8611428737640381,739,261,0.49797001481056213,"[""V176"", ""V191"", ""V255"", ""V160"", ""V224"", ""V215"", ""V380""]","{""n_estimators"": 259, ""learning_rate"": 0.1742196842852761, ""max_depth"": 9, ""subsample"": 0.8929306403633028, ""colsample_bytree"": 0.8120937602247376, ""min_child_weight"": 1, ""reg_alpha"": 0.42028133205822504, ""reg_lambda"": 2.497537481304322}"
820,2026-06-05T15:19:16.457117+00:00,xgb,ranking_rf,820,4515,8,1000,0.8451611399650574,741,259,0.4992848038673401,"[""V176"", ""V191"", ""V255"", ""V160"", ""V224"", ""V215"", ""V380"", ""V342""]","{""n_estimators"": 296, ""learning_rate"": 0.13730104281469363, ""max_depth"": 7, ""subsample"": 0.626361694855158, ""colsample_bytree"": 0.9599744765809766, ""min_child_weight"": 1, ""reg_alpha"": 0.5551757504834697, ""reg_lambda"": 2.31107332088815}"
821,2026-06-05T15:19:29.120290+00:00,xgb,ranking_rf,821,5165,7,1000,0.6908792853355408,771,229,0.4972321391105652,"[""V176"", ""V191"", ""V255"", ""V160"", ""V224"", ""V215"", ""V380""]","{""n_estimators"": 277, ""learning_rate"": 0.04001539592208849, ""max_depth"": 4, ""subsample"": 0.7620387687487633, ""colsample_bytree"": 0.8866528758219752, ""min_child_weight"": 3, ""reg_alpha"": 0.6842364191989136, ""reg_lambda"": 1.9293810683319983}"
822,2026-06-05T15:19:40.883942+00:00,xgb,ranking_rf,822,5055,6,996,0.7329098582267761,749,247,0.49685654044151306,"[""V176"", ""V191"", ""V255"", ""V160"", ""V224"", ""V215""]","{""n_estimators"": 339, ""learning_rate"": 0.17048701312872805, ""max_depth"": 3, ""subsample"": 0.8675336133737974, ""colsample_bytree"": 0.8974067281379265, ""min_child_weight"": 6, ""reg_alpha"": 0.26367666547339486, ""reg_lambda"": 0.6586498030096664}"
823,2026-06-05T15:20:11.073008+00:00,xgb,ranking_rf,823,4730,7,1000,0.7786955833435059,742,258,0.5006914138793945,"[""V176"", ""V191"", ""V255"", ""V160"", ""V224"", ""V215"", ""V380""]","{""n_estimators"": 394, ""learning_rate"": 0.08460623421745743, ""max_depth"": 6, ""subsample"": 0.9628618412955978, ""colsample_bytree"": 0.8107008635596273, ""min_child_weight"": 1, ""reg_alpha"": 0.9809524846574217, ""reg_lambda"": 2.011233792070559}"
824,2026-06-05T15:20:50.014475+00:00,xgb,ranking_rf,824,4520,6,989,0.8206523060798645,711,278,0.49717944860458374,"[""V176"", ""V191"", ""V255"", ""V160"", ""V224"", ""V215""]","{""n_estimators"": 316, ""learning_rate"": 0.1131570185234866, ""max_depth"": 8, ""subsample"": 0.9739064923342622, ""colsample_bytree"": 0.9454524019144215, ""min_child_weight"": 1, ""reg_alpha"": 0.95669046210635, ""reg_lambda"": 1.495248093514853}"
825,2026-06-05T15:21:11.150944+00:00,xgb,ranking_rf,825,4950,6,999,0.7179898619651794,743,256,0.497646301984787,"[""V176"", ""V191"", ""V255"", ""V160"", ""V224"", ""V215""]","{""n_estimators"": 337, ""learning_rate"": 0.06653286022162105, ""max_depth"": 6, ""subsample"": 0.9686399217468697, ""colsample_bytree"": 0.5976244685457228, ""min_child_weight"": 5, ""reg_alpha"": 0.11541298801521072, ""reg_lambda"": 2.4521958080717754}"
826,2026-06-05T15:21:31.376718+00:00,xgb,ranking_rf,826,4745,7,1000,0.8012905120849609,743,257,0.5013270378112793,"[""V176"", ""V191"", ""V255"", ""V160"", ""V224"", ""V215"", ""V380""]","{""n_estimators"": 359, ""learning_rate"": 0.16365324554769406, ""max_depth"": 5, ""subsample"": 0.8070443691404383, ""colsample_bytree"": 0.9225907826761205, ""min_child_weight"": 8, ""reg_alpha"": 0.6094039917417716, ""reg_lambda"": 0.8242894793448285}"
827,2026-06-05T15:21:42.149588+00:00,xgb,ranking_rf,827,5110,6,1000,0.6855844259262085,754,246,0.4977310597896576,"[""V176"", ""V191"", ""V255"", ""V160"", ""V224"", ""V215""]","{""n_estimators"": 149, ""learning_rate"": 0.045652145234940975, ""max_depth"": 6, ""subsample"": 0.7173372064336159, ""colsample_bytree"": 0.8165702253890306, ""min_child_weight"": 4, ""reg_alpha"": 0.44316143618111126, ""reg_lambda"": 0.7562060425866381}"
828,2026-06-05T15:22:05.651048+00:00,xgb,ranking_rf,828,4745,4,997,0.7327144742012024,702,295,0.5007533431053162,"[""V176"", ""V191"", ""V255"", ""V160""]","{""n_estimators"": 237, ""learning_rate"": 0.08757702878330698, ""max_depth"": 8, ""subsample"": 0.8939447557594633, ""colsample_bytree"": 0.5318252545114591, ""min_child_weight"": 2, ""reg_alpha"": 0.2774773903813905, ""reg_lambda"": 1.7360304243861324}"
829,2026-06-05T15:22:37.144049+00:00,xgb,ranking_rf,829,4510,4,999,0.775153398513794,687,312,0.4973403215408325,"[""V176"", ""V191"", ""V255"", ""V160""]","{""n_estimators"": 389, ""learning_rate"": 0.12652208116184796, ""max_depth"": 7, ""subsample"": 0.5892872920163534, ""colsample_bytree"": 0.8517746782205647, ""min_child_weight"": 6, ""reg_alpha"": 0.7903066656616562, ""reg_lambda"": 1.9566820144188468}"
830,2026-06-05T15:22:58.627258+00:00,xgb,ranking_rf,830,5065,6,1000,0.7107652425765991,751,249,0.49833744764328003,"[""V176"", ""V191"", ""V255"", ""V160"", ""V224"", ""V215""]","{""n_estimators"": 388, ""learning_rate"": 0.038872887265708075, ""max_depth"": 5, ""subsample"": 0.6955555300054462, ""colsample_bytree"": 0.9287765008209137, ""min_child_weight"": 6, ""reg_alpha"": 0.409095147913877, ""reg_lambda"": 0.9607071243559195}"
831,2026-06-05T15:23:12.529627+00:00,xgb,ranking_rf,831,4775,5,999,0.7548395991325378,718,281,0.5005665421485901,"[""V176"", ""V191"", ""V255"", ""V160"", ""V224""]","{""n_estimators"": 176, ""learning_rate"": 0.12443566423306492, ""max_depth"": 6, ""subsample"": 0.8159046216874162, ""colsample_bytree"": 0.9869635097768681, ""min_child_weight"": 1, ""reg_alpha"": 0.1410231792947758, ""reg_lambda"": 1.011279934507602}"
832,2026-06-05T15:23:21.255792+00:00,xgb,ranking_rf,832,5230,4,999,0.6500657200813293,735,264,0.4972628057003021,"[""V176"", ""V191"", ""V255"", ""V160""]","{""n_estimators"": 190, ""learning_rate"": 0.037830428039931634, ""max_depth"": 4, ""subsample"": 0.7914916936254315, ""colsample_bytree"": 0.6252327812103375, ""min_child_weight"": 1, ""reg_alpha"": 0.9526600572672259, ""reg_lambda"": 1.2830799008225138}"
833,2026-06-05T15:23:30.102031+00:00,xgb,ranking_rf,833,5160,5,1000,0.6685459017753601,744,256,0.49682554602622986,"[""V176"", ""V191"", ""V255"", ""V160"", ""V224""]","{""n_estimators"": 189, ""learning_rate"": 0.045015492050660424, ""max_depth"": 4, ""subsample"": 0.6230352164772847, ""colsample_bytree"": 0.9235930801869113, ""min_child_weight"": 5, ""reg_alpha"": 0.5198266220749587, ""reg_lambda"": 1.7644283107899925}"
834,2026-06-05T15:23:38.729822+00:00,xgb,ranking_rf,834,4945,6,997,0.7272533178329468,742,255,0.4967658221721649,"[""V176"", ""V191"", ""V255"", ""V160"", ""V224"", ""V215""]","{""n_estimators"": 124, ""learning_rate"": 0.157269343678086, ""max_depth"": 6, ""subsample"": 0.6019472803547736, ""colsample_bytree"": 0.6336955625257638, ""min_child_weight"": 5, ""reg_alpha"": 0.27113976359440284, ""reg_lambda"": 2.4863127073243003}"
835,2026-06-05T15:23:49.619777+00:00,xgb,ranking_rf,835,4940,7,1000,0.7296955585479736,756,244,0.4976713955402374,"[""V176"", ""V191"", ""V255"", ""V160"", ""V224"", ""V215"", ""V380""]","{""n_estimators"": 128, ""learning_rate"": 0.0954113823957816, ""max_depth"": 8, ""subsample"": 0.8015092077336932, ""colsample_bytree"": 0.6229317702915005, ""min_child_weight"": 8, ""reg_alpha"": 0.016660387558526835, ""reg_lambda"": 1.5029695154809455}"
836,2026-06-05T15:23:58.603816+00:00,xgb,ranking_rf,836,5200,6,1000,0.7152378559112549,760,240,0.498805969953537,"[""V176"", ""V191"", ""V255"", ""V160"", ""V224"", ""V215""]","{""n_estimators"": 193, ""learning_rate"": 0.10479198040111935, ""max_depth"": 4, ""subsample"": 0.6303356183255465, ""colsample_bytree"": 0.8549424182821604, ""min_child_weight"": 5, ""reg_alpha"": 0.7059295135112574, ""reg_lambda"": 0.7918822000745713}"
837,2026-06-05T15:24:20.215415+00:00,xgb,ranking_rf,837,4880,7,1000,0.7703946232795715,752,248,0.4979274272918701,"[""V176"", ""V191"", ""V255"", ""V160"", ""V224"", ""V215"", ""V380""]","{""n_estimators"": 379, ""learning_rate"": 0.08798394772805473, ""max_depth"": 5, ""subsample"": 0.603558626992456, ""colsample_bytree"": 0.9864666059119348, ""min_child_weight"": 4, ""reg_alpha"": 0.1942511976080532, ""reg_lambda"": 0.9984717221523156}"
838,2026-06-05T15:24:49.122087+00:00,xgb,ranking_rf,838,4800,6,999,0.7430852651596069,733,266,0.4984072148799896,"[""V176"", ""V191"", ""V255"", ""V160"", ""V224"", ""V215""]","{""n_estimators"": 212, ""learning_rate"": 0.05127605460967706, ""max_depth"": 9, ""subsample"": 0.8089965941965709, ""colsample_bytree"": 0.921959344958255, ""min_child_weight"": 2, ""reg_alpha"": 0.48938702125805755, ""reg_lambda"": 1.7791887309663135}"
839,2026-06-05T15:25:00.841749+00:00,xgb,ranking_rf,839,4905,6,999,0.7356284260749817,740,259,0.4989595115184784,"[""V176"", ""V191"", ""V255"", ""V160"", ""V224"", ""V215""]","{""n_estimators"": 193, ""learning_rate"": 0.11929470729844184, ""max_depth"": 5, ""subsample"": 0.9002828830162117, ""colsample_bytree"": 0.9257510791338303, ""min_child_weight"": 2, ""reg_alpha"": 0.7345384685768651, ""reg_lambda"": 2.3731875604016457}"
840,2026-06-05T15:25:25.069630+00:00,xgb,ranking_rf,840,4440,8,1000,0.8421852588653564,736,264,0.4995094835758209,"[""V176"", ""V191"", ""V255"", ""V160"", ""V224"", ""V215"", ""V380"", ""V342""]","{""n_estimators"": 320, ""learning_rate"": 0.13678883313607643, ""max_depth"": 6, ""subsample"": 0.5961065684892485, ""colsample_bytree"": 0.8006042399358746, ""min_child_weight"": 2, ""reg_alpha"": 0.4945936580665292, ""reg_lambda"": 0.5602762255261524}"
841,2026-06-05T15:25:33.023234+00:00,xgb,ranking_rf,841,5240,4,1000,0.6601110696792603,736,264,0.49684375524520874,"[""V176"", ""V191"", ""V255"", ""V160""]","{""n_estimators"": 229, ""learning_rate"": 0.060615829213099104, ""max_depth"": 3, ""subsample"": 0.864426816135661, ""colsample_bytree"": 0.6736907174817899, ""min_child_weight"": 6, ""reg_alpha"": 0.918995877843689, ""reg_lambda"": 1.7691427294667834}"
842,2026-06-05T15:25:48.656602+00:00,xgb,ranking_rf,842,4850,8,999,0.7468554973602295,763,236,0.49847611784935,"[""V176"", ""V191"", ""V255"", ""V160"", ""V224"", ""V215"", ""V380"", ""V342""]","{""n_estimators"": 136, ""learning_rate"": 0.08792097434846691, ""max_depth"": 8, ""subsample"": 0.9141727355319325, ""colsample_bytree"": 0.7860807311419606, ""min_child_weight"": 2, ""reg_alpha"": 0.9550748204809479, ""reg_lambda"": 2.4439736497374245}"
843,2026-06-05T15:26:00.133119+00:00,xgb,ranking_rf,843,4960,7,999,0.7135718464851379,757,242,0.49856290221214294,"[""V176"", ""V191"", ""V255"", ""V160"", ""V224"", ""V215"", ""V380""]","{""n_estimators"": 104, ""learning_rate"": 0.06645734002437509, ""max_depth"": 9, ""subsample"": 0.9257675887200414, ""colsample_bytree"": 0.7212003186212477, ""min_child_weight"": 6, ""reg_alpha"": 0.5068494231132483, ""reg_lambda"": 2.006613179264158}"
844,2026-06-05T15:26:40.774569+00:00,xgb,ranking_rf,844,4305,8,1000,0.8789646029472351,727,273,0.49692508578300476,"[""V176"", ""V191"", ""V255"", ""V160"", ""V224"", ""V215"", ""V380"", ""V342""]","{""n_estimators"": 343, ""learning_rate"": 0.16292568003929747, ""max_depth"": 8, ""subsample"": 0.9549859646145191, ""colsample_bytree"": 0.9435666716121266, ""min_child_weight"": 1, ""reg_alpha"": 0.8206496265942836, ""reg_lambda"": 1.2780342508668279}"
845,2026-06-05T15:27:20.070909+00:00,xgb,ranking_rf,845,4795,6,1000,0.7773723602294922,733,267,0.4941701292991638,"[""V176"", ""V191"", ""V255"", ""V160"", ""V224"", ""V215""]","{""n_estimators"": 361, ""learning_rate"": 0.06310927851800965, ""max_depth"": 9, ""subsample"": 0.5875169647623476, ""colsample_bytree"": 0.8814246231230576, ""min_child_weight"": 4, ""reg_alpha"": 0.10313500544716492, ""reg_lambda"": 1.6285520164116054}"
846,2026-06-05T15:27:34.238362+00:00,xgb,ranking_rf,846,4950,6,999,0.739662230014801,743,256,0.5007684826850891,"[""V176"", ""V191"", ""V255"", ""V160"", ""V224"", ""V215""]","{""n_estimators"": 326, ""learning_rate"": 0.11847126318960184, ""max_depth"": 4, ""subsample"": 0.9726352210012541, ""colsample_bytree"": 0.8763006596191784, ""min_child_weight"": 2, ""reg_alpha"": 0.12743480380057126, ""reg_lambda"": 1.3307180525537161}"
847,2026-06-05T15:27:53.223625+00:00,xgb,ranking_rf,847,4960,6,997,0.7300981283187866,743,254,0.4964793920516968,"[""V176"", ""V191"", ""V255"", ""V160"", ""V224"", ""V215""]","{""n_estimators"": 362, ""learning_rate"": 0.08978176616798655, ""max_depth"": 5, ""subsample"": 0.9871138399635571, ""colsample_bytree"": 0.9361930461347523, ""min_child_weight"": 8, ""reg_alpha"": 0.33831042570613346, ""reg_lambda"": 2.4269110658624986}"
848,2026-06-05T15:28:01.263263+00:00,xgb,ranking_rf,848,5160,6,999,0.6982251405715942,757,242,0.49597930908203125,"[""V176"", ""V191"", ""V255"", ""V160"", ""V224"", ""V215""]","{""n_estimators"": 228, ""learning_rate"": 0.12223771275365902, ""max_depth"": 3, ""subsample"": 0.8785593684795646, ""colsample_bytree"": 0.8929382919856221, ""min_child_weight"": 8, ""reg_alpha"": 0.7322034731706581, ""reg_lambda"": 0.5054572115124187}"
849,2026-06-05T15:28:09.003944+00:00,xgb,ranking_rf,849,5270,4,1000,0.6554867029190063,738,262,0.4973853528499603,"[""V176"", ""V191"", ""V255"", ""V160""]","{""n_estimators"": 226, ""learning_rate"": 0.05589563985066533, ""max_depth"": 3, ""subsample"": 0.9583274447312575, ""colsample_bytree"": 0.653401230347323, ""min_child_weight"": 1, ""reg_alpha"": 0.10375692046423202, ""reg_lambda"": 2.2668967480572038}"
850,2026-06-05T15:28:21.755321+00:00,xgb,ranking_rf,850,5055,4,998,0.6847140789031982,723,275,0.49761465191841125,"[""V176"", ""V191"", ""V255"", ""V160""]","{""n_estimators"": 301, ""learning_rate"": 0.07184949219428396, ""max_depth"": 4, ""subsample"": 0.7406799544320708, ""colsample_bytree"": 0.6530418277115434, ""min_child_weight"": 7, ""reg_alpha"": 0.913580601681108, ""reg_lambda"": 1.0823651841636472}"
851,2026-06-05T15:28:47.924234+00:00,xgb,ranking_rf,851,4970,7,1000,0.7138535380363464,758,242,0.4963810443878174,"[""V176"", ""V191"", ""V255"", ""V160"", ""V224"", ""V215"", ""V380""]","{""n_estimators"": 324, ""learning_rate"": 0.03075058734842075, ""max_depth"": 7, ""subsample"": 0.5719879768103717, ""colsample_bytree"": 0.8670715251124497, ""min_child_weight"": 6, ""reg_alpha"": 0.5297942240381566, ""reg_lambda"": 2.4037138553686965}"
852,2026-06-05T15:29:02.532985+00:00,xgb,ranking_rf,852,4895,7,1000,0.7484999895095825,753,247,0.4974234402179718,"[""V176"", ""V191"", ""V255"", ""V160"", ""V224"", ""V215"", ""V380""]","{""n_estimators"": 344, ""learning_rate"": 0.12173457441764231, ""max_depth"": 4, ""subsample"": 0.5883556208999902, ""colsample_bytree"": 0.5484966886985336, ""min_child_weight"": 4, ""reg_alpha"": 0.418861695578747, ""reg_lambda"": 1.118644736235932}"
853,2026-06-05T15:29:13.557997+00:00,xgb,ranking_rf,853,5055,5,1000,0.6993619799613953,737,263,0.4948059618473053,"[""V176"", ""V191"", ""V255"", ""V160"", ""V224""]","{""n_estimators"": 193, ""learning_rate"": 0.08422169666813398, ""max_depth"": 5, ""subsample"": 0.5827844938141664, ""colsample_bytree"": 0.891797282863809, ""min_child_weight"": 8, ""reg_alpha"": 0.8143144471768694, ""reg_lambda"": 1.1372182655027496}"
854,2026-06-05T15:29:34.177858+00:00,xgb,ranking_rf,854,5110,6,1000,0.7005704641342163,754,246,0.49764859676361084,"[""V176"", ""V191"", ""V255"", ""V160"", ""V224"", ""V215""]","{""n_estimators"": 386, ""learning_rate"": 0.03618555591355511, ""max_depth"": 5, ""subsample"": 0.6095228684871518, ""colsample_bytree"": 0.7770562893742363, ""min_child_weight"": 8, ""reg_alpha"": 0.4910973640389432, ""reg_lambda"": 1.7027839385686823}"
855,2026-06-05T15:29:57.681242+00:00,xgb,ranking_rf,855,4735,4,999,0.7259997129440308,702,297,0.4959230422973633,"[""V176"", ""V191"", ""V255"", ""V160""]","{""n_estimators"": 236, ""learning_rate"": 0.08592046359132124, ""max_depth"": 9, ""subsample"": 0.5182595890300437, ""colsample_bytree"": 0.7563355970926811, ""min_child_weight"": 6, ""reg_alpha"": 0.7127366910625323, ""reg_lambda"": 2.3353974402765116}"
856,2026-06-05T15:30:18.997039+00:00,xgb,ranking_rf,856,4915,8,995,0.776232123374939,766,229,0.49988359212875366,"[""V176"", ""V191"", ""V255"", ""V160"", ""V224"", ""V215"", ""V380"", ""V342""]","{""n_estimators"": 223, ""learning_rate"": 0.09373074226797243, ""max_depth"": 8, ""subsample"": 0.8227121204896263, ""colsample_bytree"": 0.5610529285748158, ""min_child_weight"": 3, ""reg_alpha"": 0.5015217537105146, ""reg_lambda"": 1.8488672307248117}"
857,2026-06-05T15:30:24.007841+00:00,xgb,ranking_rf,857,5065,6,1000,0.7065002918243408,751,249,0.4968707859516144,"[""V176"", ""V191"", ""V255"", ""V160"", ""V224"", ""V215""]","{""n_estimators"": 102, ""learning_rate"": 0.16408278506228663, ""max_depth"": 4, ""subsample"": 0.8833251492325267, ""colsample_bytree"": 0.9421081010169841, ""min_child_weight"": 5, ""reg_alpha"": 0.49676949065217824, ""reg_lambda"": 0.5333984810522341}"
858,2026-06-05T15:30:42.132644+00:00,xgb,ranking_rf,858,4630,6,997,0.7461761832237244,721,276,0.4958260655403137,"[""V176"", ""V191"", ""V255"", ""V160"", ""V224"", ""V215""]","{""n_estimators"": 208, ""learning_rate"": 0.12152218010083776, ""max_depth"": 8, ""subsample"": 0.8002153685922381, ""colsample_bytree"": 0.6036966565882715, ""min_child_weight"": 8, ""reg_alpha"": 0.4171348487375037, ""reg_lambda"": 1.12877226359526}"
859,2026-06-05T15:31:09.674248+00:00,xgb,ranking_rf,859,4660,7,999,0.7862159609794617,737,262,0.49743521213531494,"[""V176"", ""V191"", ""V255"", ""V160"", ""V224"", ""V215"", ""V380""]","{""n_estimators"": 308, ""learning_rate"": 0.09622353586051462, ""max_depth"": 8, ""subsample"": 0.8440127864364411, ""colsample_bytree"": 0.8422573811071383, ""min_child_weight"": 6, ""reg_alpha"": 0.07052480365293501, ""reg_lambda"": 1.5105032370207214}"
860,2026-06-05T15:31:13.963711+00:00,xgb,ranking_rf,860,5105,4,1000,0.6655164957046509,727,273,0.4972047805786133,"[""V176"", ""V191"", ""V255"", ""V160""]","{""n_estimators"": 118, ""learning_rate"": 0.15895927326098988, ""max_depth"": 3, ""subsample"": 0.9925361684774183, ""colsample_bytree"": 0.6900742509072457, ""min_child_weight"": 8, ""reg_alpha"": 0.29315610336091025, ""reg_lambda"": 1.3363425809858704}"
861,2026-06-05T15:31:36.508645+00:00,xgb,ranking_rf,861,4930,6,1000,0.727576732635498,742,258,0.49690693616867065,"[""V176"", ""V191"", ""V255"", ""V160"", ""V224"", ""V215""]","{""n_estimators"": 341, ""learning_rate"": 0.07315024826520405, ""max_depth"": 6, ""subsample"": 0.9555140693670308, ""colsample_bytree"": 0.6427574154518493, ""min_child_weight"": 4, ""reg_alpha"": 0.5311989919993814, ""reg_lambda"": 2.308175609971402}"
862,2026-06-05T15:32:03.665070+00:00,xgb,ranking_rf,862,4520,7,1000,0.8228923082351685,728,272,0.4953702986240387,"[""V176"", ""V191"", ""V255"", ""V160"", ""V224"", ""V215"", ""V380""]","{""n_estimators"": 273, ""learning_rate"": 0.17767316657537346, ""max_depth"": 9, ""subsample"": 0.7073129937192975, ""colsample_bytree"": 0.6974364973022644, ""min_child_weight"": 6, ""reg_alpha"": 0.8222676526210904, ""reg_lambda"": 1.7165575789080147}"
863,2026-06-05T15:32:25.698046+00:00,xgb,ranking_rf,863,4605,8,1000,0.8057305216789246,747,253,0.4982941448688507,"[""V176"", ""V191"", ""V255"", ""V160"", ""V224"", ""V215"", ""V380"", ""V342""]","{""n_estimators"": 319, ""learning_rate"": 0.14583244551156205, ""max_depth"": 7, ""subsample"": 0.954622959732173, ""colsample_bytree"": 0.5038852900838753, ""min_child_weight"": 9, ""reg_alpha"": 0.008789639442375208, ""reg_lambda"": 1.9793202875375187}"
864,2026-06-05T15:33:02.457730+00:00,xgb,ranking_rf,864,4540,8,998,0.8475221991539001,742,256,0.49438783526420593,"[""V176"", ""V191"", ""V255"", ""V160"", ""V224"", ""V215"", ""V380"", ""V342""]","{""n_estimators"": 326, ""learning_rate"": 0.1264225434501659, ""max_depth"": 9, ""subsample"": 0.7991108739399198, ""colsample_bytree"": 0.6812842110442336, ""min_child_weight"": 3, ""reg_alpha"": 0.561732283706697, ""reg_lambda"": 1.9988759026699767}"
865,2026-06-05T15:33:18.998899+00:00,xgb,ranking_rf,865,4540,5,998,0.7574360966682434,702,296,0.49901947379112244,"[""V176"", ""V191"", ""V255"", ""V160"", ""V224""]","{""n_estimators"": 130, ""learning_rate"": 0.15101073523471104, ""max_depth"": 8, ""subsample"": 0.6460003309200482, ""colsample_bytree"": 0.7836258837835354, ""min_child_weight"": 1, ""reg_alpha"": 0.5495923167061981, ""reg_lambda"": 2.033610352948961}"
866,2026-06-05T15:33:47.695267+00:00,xgb,ranking_rf,866,4615,9,1000,0.8491919636726379,761,239,0.49866044521331787,"[""V176"", ""V191"", ""V255"", ""V160"", ""V224"", ""V215"", ""V380"", ""V342"", ""V483""]","{""n_estimators"": 394, ""learning_rate"": 0.12931225734816332, ""max_depth"": 6, ""subsample"": 0.7872450152235319, ""colsample_bytree"": 0.8374988536574252, ""min_child_weight"": 3, ""reg_alpha"": 0.5627121349234586, ""reg_lambda"": 1.1092981256348067}"
867,2026-06-05T15:34:00.562948+00:00,xgb,ranking_rf,867,4765,7,999,0.7626544833183289,744,255,0.49913397431373596,"[""V176"", ""V191"", ""V255"", ""V160"", ""V224"", ""V215"", ""V380""]","{""n_estimators"": 202, ""learning_rate"": 0.14431386952974173, ""max_depth"": 6, ""subsample"": 0.5103789510454295, ""colsample_bytree"": 0.577316917358287, ""min_child_weight"": 8, ""reg_alpha"": 0.09490010466967902, ""reg_lambda"": 0.6629669598331307}"
868,2026-06-05T15:34:27.583651+00:00,xgb,ranking_rf,868,4665,8,1000,0.8611739873886108,751,249,0.5005202293395996,"[""V176"", ""V191"", ""V255"", ""V160"", ""V224"", ""V215"", ""V380"", ""V342""]","{""n_estimators"": 380, ""learning_rate"": 0.13630357240896745, ""max_depth"": 6, ""subsample"": 0.7950227200707594, ""colsample_bytree"": 0.9942025751132126, ""min_child_weight"": 3, ""reg_alpha"": 0.13632805977979112, ""reg_lambda"": 0.8839069061189806}"
869,2026-06-05T15:34:48.545537+00:00,xgb,ranking_rf,869,4535,4,997,0.76720130443573,688,309,0.49793246388435364,"[""V176"", ""V191"", ""V255"", ""V160""]","{""n_estimators"": 239, ""learning_rate"": 0.15272139676874358, ""max_depth"": 8, ""subsample"": 0.8759463806753365, ""colsample_bytree"": 0.8721483463775959, ""min_child_weight"": 8, ""reg_alpha"": 0.4118685064507296, ""reg_lambda"": 0.8316074618590361}"
870,2026-06-05T15:34:58.580963+00:00,xgb,ranking_rf,870,4970,8,999,0.7526878118515015,771,228,0.4987989664077759,"[""V176"", ""V191"", ""V255"", ""V160"", ""V224"", ""V215"", ""V380"", ""V342""]","{""n_estimators"": 116, ""learning_rate"": 0.09875905434021509, ""max_depth"": 7, ""subsample"": 0.6948749895512238, ""colsample_bytree"": 0.9901000065873307, ""min_child_weight"": 5, ""reg_alpha"": 0.14373748323037394, ""reg_lambda"": 0.6953444077704165}"
871,2026-06-05T15:35:19.203056+00:00,xgb,ranking_rf,871,4840,6,1000,0.7483627200126648,736,264,0.49939271807670593,"[""V176"", ""V191"", ""V255"", ""V160"", ""V224"", ""V215""]","{""n_estimators"": 319, ""learning_rate"": 0.0892865250679761, ""max_depth"": 6, ""subsample"": 0.5874244725714208, ""colsample_bytree"": 0.8287307792035163, ""min_child_weight"": 8, ""reg_alpha"": 0.2724187238504272, ""reg_lambda"": 0.552712437206208}"
872,2026-06-05T15:35:33.702220+00:00,xgb,ranking_rf,872,4925,4,1000,0.7461447715759277,715,285,0.5004690885543823,"[""V176"", ""V191"", ""V255"", ""V160""]","{""n_estimators"": 202, ""learning_rate"": 0.1592013389785336, ""max_depth"": 6, ""subsample"": 0.9504294305187451, ""colsample_bytree"": 0.5803397879035861, ""min_child_weight"": 2, ""reg_alpha"": 0.9179191818275771, ""reg_lambda"": 0.8538042203409313}"
873,2026-06-05T15:35:38.727717+00:00,xgb,ranking_rf,873,5210,4,1000,0.6325033903121948,734,266,0.49568793177604675,"[""V176"", ""V191"", ""V255"", ""V160""]","{""n_estimators"": 105, ""learning_rate"": 0.04517663773656351, ""max_depth"": 4, ""subsample"": 0.663529541001125, ""colsample_bytree"": 0.6994526297470842, ""min_child_weight"": 7, ""reg_alpha"": 0.8145811639659614, ""reg_lambda"": 1.2007134173496492}"
874,2026-06-05T15:35:55.930764+00:00,xgb,ranking_rf,874,4635,8,1000,0.7977588176727295,749,251,0.49720922112464905,"[""V176"", ""V191"", ""V255"", ""V160"", ""V224"", ""V215"", ""V380"", ""V342""]","{""n_estimators"": 267, ""learning_rate"": 0.15214467961694092, ""max_depth"": 6, ""subsample"": 0.5659059676822229, ""colsample_bytree"": 0.5469560510684046, ""min_child_weight"": 7, ""reg_alpha"": 0.19467613255873006, ""reg_lambda"": 1.4230809682982266}"
875,2026-06-05T15:36:00.385988+00:00,xgb,ranking_rf,875,5175,6,999,0.6890013217926025,758,241,0.4952147603034973,"[""V176"", ""V191"", ""V255"", ""V160"", ""V224"", ""V215""]","{""n_estimators"": 115, ""learning_rate"": 0.16038183148783297, ""max_depth"": 3, ""subsample"": 0.709838057224071, ""colsample_bytree"": 0.9968342695375523, ""min_child_weight"": 5, ""reg_alpha"": 0.7541021790475727, ""reg_lambda"": 1.4009244883338672}"
876,2026-06-05T15:36:35.761311+00:00,xgb,ranking_rf,876,4600,7,999,0.8139506578445435,733,266,0.4980010688304901,"[""V176"", ""V191"", ""V255"", ""V160"", ""V224"", ""V215"", ""V380""]","{""n_estimators"": 334, ""learning_rate"": 0.12378077278701619, ""max_depth"": 9, ""subsample"": 0.9528512737096153, ""colsample_bytree"": 0.6242009725977049, ""min_child_weight"": 4, ""reg_alpha"": 0.8517441462096388, ""reg_lambda"": 2.1266776674025403}"
877,2026-06-05T15:36:52.782135+00:00,xgb,ranking_rf,877,4985,6,998,0.7115204930305481,745,253,0.49858906865119934,"[""V176"", ""V191"", ""V255"", ""V160"", ""V224"", ""V215""]","{""n_estimators"": 390, ""learning_rate"": 0.05672007023402505, ""max_depth"": 4, ""subsample"": 0.6444592163200977, ""colsample_bytree"": 0.7155412018956968, ""min_child_weight"": 5, ""reg_alpha"": 0.14025349640592766, ""reg_lambda"": 0.7803325163556769}"
878,2026-06-05T15:37:15.050287+00:00,xgb,ranking_rf,878,4900,7,999,0.7325231432914734,753,246,0.49697327613830566,"[""V176"", ""V191"", ""V255"", ""V160"", ""V224"", ""V215"", ""V380""]","{""n_estimators"": 275, ""learning_rate"": 0.06013478028070012, ""max_depth"": 7, ""subsample"": 0.6509607910936063, ""colsample_bytree"": 0.8114652378714868, ""min_child_weight"": 7, ""reg_alpha"": 0.7884417243795022, ""reg_lambda"": 2.2464143872664613}"
879,2026-06-05T15:37:35.223426+00:00,xgb,ranking_rf,879,4750,6,1000,0.7610459327697754,730,270,0.4980302155017853,"[""V176"", ""V191"", ""V255"", ""V160"", ""V224"", ""V215""]","{""n_estimators"": 197, ""learning_rate"": 0.0893382962629945, ""max_depth"": 8, ""subsample"": 0.6599206798181795, ""colsample_bytree"": 0.7703792444900233, ""min_child_weight"": 3, ""reg_alpha"": 0.2469551965720297, ""reg_lambda"": 0.6762526068316588}"
880,2026-06-05T15:37:43.251633+00:00,xgb,ranking_rf,880,5095,6,997,0.699741780757904,752,245,0.49844443798065186,"[""V176"", ""V191"", ""V255"", ""V160"", ""V224"", ""V215""]","{""n_estimators"": 223, ""learning_rate"": 0.13866090825267768, ""max_depth"": 3, ""subsample"": 0.5417966810555751, ""colsample_bytree"": 0.5792833322130165, ""min_child_weight"": 9, ""reg_alpha"": 0.6775559876547416, ""reg_lambda"": 1.3618866312223212}"
881,2026-06-05T15:37:58.667724+00:00,xgb,ranking_rf,881,5145,4,998,0.67427659034729,729,269,0.4979563057422638,"[""V176"", ""V191"", ""V255"", ""V160""]","{""n_estimators"": 288, ""learning_rate"": 0.0427857642314233, ""max_depth"": 5, ""subsample"": 0.5562602697168066, ""colsample_bytree"": 0.5228229778667683, ""min_child_weight"": 6, ""reg_alpha"": 0.8219720490519701, ""reg_lambda"": 1.725702667325361}"
882,2026-06-05T15:38:12.218429+00:00,xgb,ranking_rf,882,4910,7,1000,0.724486231803894,754,246,0.49663662910461426,"[""V176"", ""V191"", ""V255"", ""V160"", ""V224"", ""V215"", ""V380""]","{""n_estimators"": 164, ""learning_rate"": 0.09480882126688676, ""max_depth"": 7, ""subsample"": 0.7087508839301728, ""colsample_bytree"": 0.7012836414644832, ""min_child_weight"": 5, ""reg_alpha"": 0.9871266129655316, ""reg_lambda"": 2.3542474136605684}"
883,2026-06-05T15:38:24.335177+00:00,xgb,ranking_rf,883,5210,4,1000,0.6646128296852112,734,266,0.4973938465118408,"[""V176"", ""V191"", ""V255"", ""V160""]","{""n_estimators"": 376, ""learning_rate"": 0.040908188114818125, ""max_depth"": 3, ""subsample"": 0.6726930043870356, ""colsample_bytree"": 0.5002283199905002, ""min_child_weight"": 8, ""reg_alpha"": 0.6312305060617238, ""reg_lambda"": 1.9644267162027735}"
884,2026-06-05T15:38:34.468717+00:00,xgb,ranking_rf,884,5230,6,1000,0.6931012272834778,762,238,0.49751776456832886,"[""V176"", ""V191"", ""V255"", ""V160"", ""V224"", ""V215""]","{""n_estimators"": 300, ""learning_rate"": 0.0762620540223907, ""max_depth"": 3, ""subsample"": 0.9253563484429905, ""colsample_bytree"": 0.7226523350393637, ""min_child_weight"": 6, ""reg_alpha"": 0.022538533827387797, ""reg_lambda"": 0.5364390442631688}"
885,2026-06-05T15:39:08.183142+00:00,xgb,ranking_rf,885,4590,8,1000,0.8618696928024292,746,254,0.49703916907310486,"[""V176"", ""V191"", ""V255"", ""V160"", ""V224"", ""V215"", ""V380"", ""V342""]","{""n_estimators"": 341, ""learning_rate"": 0.11827058166224444, ""max_depth"": 8, ""subsample"": 0.7789881843700754, ""colsample_bytree"": 0.8137766622311431, ""min_child_weight"": 3, ""reg_alpha"": 0.2368518148908535, ""reg_lambda"": 0.6829659840109101}"
886,2026-06-05T15:39:42.656004+00:00,xgb,ranking_rf,886,4640,7,1000,0.8400415778160095,736,264,0.49762606620788574,"[""V176"", ""V191"", ""V255"", ""V160"", ""V224"", ""V215"", ""V380""]","{""n_estimators"": 360, ""learning_rate"": 0.14578438595401266, ""max_depth"": 9, ""subsample"": 0.7831281383935687, ""colsample_bytree"": 0.6228166979076429, ""min_child_weight"": 6, ""reg_alpha"": 0.4476719494564618, ""reg_lambda"": 1.2274637473553336}"
887,2026-06-05T15:40:15.021479+00:00,xgb,ranking_rf,887,4705,6,1000,0.7473877668380737,727,273,0.49836963415145874,"[""V176"", ""V191"", ""V255"", ""V160"", ""V224"", ""V215""]","{""n_estimators"": 382, ""learning_rate"": 0.06973994935200406, ""max_depth"": 8, ""subsample"": 0.550285588550129, ""colsample_bytree"": 0.7349624513722727, ""min_child_weight"": 9, ""reg_alpha"": 0.42987465334840924, ""reg_lambda"": 2.1090642744982215}"
888,2026-06-05T15:40:50.478098+00:00,xgb,ranking_rf,888,4705,7,999,0.8062024116516113,740,259,0.5018028616905212,"[""V176"", ""V191"", ""V255"", ""V160"", ""V224"", ""V215"", ""V380""]","{""n_estimators"": 375, ""learning_rate"": 0.09246350039789267, ""max_depth"": 7, ""subsample"": 0.7998462924614002, ""colsample_bytree"": 0.6499353525361791, ""min_child_weight"": 1, ""reg_alpha"": 0.47059630875435554, ""reg_lambda"": 2.3254570794196177}"
889,2026-06-05T15:41:32.903580+00:00,xgb,ranking_rf,889,4505,4,1000,0.8189080357551575,687,313,0.49991166591644287,"[""V176"", ""V191"", ""V255"", ""V160""]","{""n_estimators"": 339, ""learning_rate"": 0.10252139387327122, ""max_depth"": 9, ""subsample"": 0.714278220659177, ""colsample_bytree"": 0.5287300462876353, ""min_child_weight"": 1, ""reg_alpha"": 0.23221533490420532, ""reg_lambda"": 1.322198795273197}"
890,2026-06-05T15:41:53.549546+00:00,xgb,ranking_rf,890,4685,7,1000,0.7870029807090759,739,261,0.49632349610328674,"[""V176"", ""V191"", ""V255"", ""V160"", ""V224"", ""V215"", ""V380""]","{""n_estimators"": 238, ""learning_rate"": 0.16762743451592818, ""max_depth"": 8, ""subsample"": 0.8747980903587766, ""colsample_bytree"": 0.7026384179635026, ""min_child_weight"": 9, ""reg_alpha"": 0.6085643351096037, ""reg_lambda"": 2.3680342361948634}"
891,2026-06-05T15:42:15.309075+00:00,xgb,ranking_rf,891,4805,8,996,0.7755898833274841,759,237,0.4974774420261383,"[""V176"", ""V191"", ""V255"", ""V160"", ""V224"", ""V215"", ""V380"", ""V342""]","{""n_estimators"": 322, ""learning_rate"": 0.09634868727319684, ""max_depth"": 6, ""subsample"": 0.7916092092748577, ""colsample_bytree"": 0.8129376029594824, ""min_child_weight"": 8, ""reg_alpha"": 0.8329825469527987, ""reg_lambda"": 1.2396490073340756}"
892,2026-06-05T15:42:48.245336+00:00,xgb,ranking_rf,892,4825,6,1000,0.7334477305412292,735,265,0.49691739678382874,"[""V176"", ""V191"", ""V255"", ""V160"", ""V224"", ""V215""]","{""n_estimators"": 301, ""learning_rate"": 0.0460303511324862, ""max_depth"": 9, ""subsample"": 0.6252538563216529, ""colsample_bytree"": 0.8292120874000707, ""min_child_weight"": 4, ""reg_alpha"": 0.07563798955293854, ""reg_lambda"": 1.6346358316478122}"
893,2026-06-05T15:43:05.083921+00:00,xgb,ranking_rf,893,4870,4,999,0.7103936672210693,711,288,0.5014145970344543,"[""V176"", ""V191"", ""V255"", ""V160""]","{""n_estimators"": 205, ""learning_rate"": 0.08243938900372935, ""max_depth"": 7, ""subsample"": 0.9852840709915804, ""colsample_bytree"": 0.6551559663331508, ""min_child_weight"": 3, ""reg_alpha"": 0.48748621708925854, ""reg_lambda"": 1.1622805086692247}"
894,2026-06-05T15:43:23.838888+00:00,xgb,ranking_rf,894,4530,8,1000,0.8308576345443726,742,258,0.4940294325351715,"[""V176"", ""V191"", ""V255"", ""V160"", ""V224"", ""V215"", ""V380"", ""V342""]","{""n_estimators"": 192, ""learning_rate"": 0.17553847059849637, ""max_depth"": 9, ""subsample"": 0.7039467093911339, ""colsample_bytree"": 0.8284193319756148, ""min_child_weight"": 6, ""reg_alpha"": 0.06954166277602292, ""reg_lambda"": 1.3651158327448565}"
895,2026-06-05T15:43:31.283926+00:00,xgb,ranking_rf,895,5000,4,1000,0.7044900059700012,720,280,0.49763691425323486,"[""V176"", ""V191"", ""V255"", ""V160""]","{""n_estimators"": 106, ""learning_rate"": 0.15675494918155192, ""max_depth"": 6, ""subsample"": 0.7994899521490495, ""colsample_bytree"": 0.8973299797633805, ""min_child_weight"": 9, ""reg_alpha"": 0.4069172362944946, ""reg_lambda"": 1.8640584388640504}"
896,2026-06-05T15:43:59.293905+00:00,xgb,ranking_rf,896,4780,6,1000,0.7499434351921082,732,268,0.4978351593017578,"[""V176"", ""V191"", ""V255"", ""V160"", ""V224"", ""V215""]","{""n_estimators"": 351, ""learning_rate"": 0.06625086232145275, ""max_depth"": 7, ""subsample"": 0.5927189792436682, ""colsample_bytree"": 0.9492792791304812, ""min_child_weight"": 7, ""reg_alpha"": 0.17632481353916096, ""reg_lambda"": 1.366969408580218}"
897,2026-06-05T15:44:28.394191+00:00,xgb,ranking_rf,897,5020,6,997,0.7394009828567505,747,250,0.49986758828163147,"[""V176"", ""V191"", ""V255"", ""V160"", ""V224"", ""V215""]","{""n_estimators"": 392, ""learning_rate"": 0.057450829711159085, ""max_depth"": 6, ""subsample"": 0.605401607404661, ""colsample_bytree"": 0.635258028342472, ""min_child_weight"": 1, ""reg_alpha"": 0.383824360007448, ""reg_lambda"": 1.6034385035178929}"
898,2026-06-05T15:44:50.041676+00:00,xgb,ranking_rf,898,4840,7,999,0.756199300289154,749,250,0.4985056519508362,"[""V176"", ""V191"", ""V255"", ""V160"", ""V224"", ""V215"", ""V380""]","{""n_estimators"": 215, ""learning_rate"": 0.07898180890998412, ""max_depth"": 9, ""subsample"": 0.8536954934870589, ""colsample_bytree"": 0.7982120966511332, ""min_child_weight"": 7, ""reg_alpha"": 0.07051063930111878, ""reg_lambda"": 2.245357794887544}"
899,2026-06-05T15:45:04.673839+00:00,xgb,ranking_rf,899,5010,6,996,0.7292541265487671,746,250,0.49906739592552185,"[""V176"", ""V191"", ""V255"", ""V160"", ""V224"", ""V215""]","{""n_estimators"": 331, ""learning_rate"": 0.11856332664434939, ""max_depth"": 4, ""subsample"": 0.8622274856605302, ""colsample_bytree"": 0.8114581381724539, ""min_child_weight"": 5, ""reg_alpha"": 0.4533565461117992, ""reg_lambda"": 1.9395197559128072}"
900,2026-06-05T15:45:20.750203+00:00,xgb,ranking_rf,900,5210,4,1000,0.67375648021698,734,266,0.4983369708061218,"[""V176"", ""V191"", ""V255"", ""V160""]","{""n_estimators"": 308, ""learning_rate"": 0.03988633151929272, ""max_depth"": 5, ""subsample"": 0.8626217951893349, ""colsample_bytree"": 0.5797529269748823, ""min_child_weight"": 4, ""reg_alpha"": 0.07284631189777502, ""reg_lambda"": 2.2287554560803775}"
901,2026-06-05T15:45:46.094089+00:00,xgb,ranking_rf,901,4810,7,993,0.7530189752578735,745,248,0.4981626570224762,"[""V176"", ""V191"", ""V255"", ""V160"", ""V224"", ""V215"", ""V380""]","{""n_estimators"": 341, ""learning_rate"": 0.07609918902758905, ""max_depth"": 7, ""subsample"": 0.8894153056661782, ""colsample_bytree"": 0.528265335814841, ""min_child_weight"": 7, ""reg_alpha"": 0.6086746455819108, ""reg_lambda"": 1.045080871653567}"
902,2026-06-05T15:45:58.621291+00:00,xgb,ranking_rf,902,4805,5,999,0.7282260656356812,720,279,0.49865928292274475,"[""V176"", ""V191"", ""V255"", ""V160"", ""V224""]","{""n_estimators"": 157, ""learning_rate"": 0.11611910209509764, ""max_depth"": 6, ""subsample"": 0.534417170903942, ""colsample_bytree"": 0.9388299019886219, ""min_child_weight"": 2, ""reg_alpha"": 0.8273225871983672, ""reg_lambda"": 2.059713867358985}"
903,2026-06-05T15:46:14.781744+00:00,xgb,ranking_rf,903,4990,4,996,0.6815556883811951,718,278,0.49778515100479126,"[""V176"", ""V191"", ""V255"", ""V160""]","{""n_estimators"": 166, ""learning_rate"": 0.046697646496363376, ""max_depth"": 9, ""subsample"": 0.5502426279525268, ""colsample_bytree"": 0.9928393730229281, ""min_child_weight"": 9, ""reg_alpha"": 0.9247585599465027, ""reg_lambda"": 1.5466869974245483}"
904,2026-06-05T15:46:26.294482+00:00,xgb,ranking_rf,904,5005,6,1000,0.7170959711074829,747,253,0.49725595116615295,"[""V176"", ""V191"", ""V255"", ""V160"", ""V224"", ""V215""]","{""n_estimators"": 340, ""learning_rate"": 0.14992430576078253, ""max_depth"": 3, ""subsample"": 0.6856973744267539, ""colsample_bytree"": 0.6062174061999936, ""min_child_weight"": 6, ""reg_alpha"": 0.8439212370123913, ""reg_lambda"": 0.5665114702738303}"
905,2026-06-05T15:46:37.565044+00:00,xgb,ranking_rf,905,5045,4,1000,0.6960644721984863,723,277,0.498164564371109,"[""V176"", ""V191"", ""V255"", ""V160""]","{""n_estimators"": 344, ""learning_rate"": 0.169646401190537, ""max_depth"": 3, ""subsample"": 0.9219389628250979, ""colsample_bytree"": 0.533136105275058, ""min_child_weight"": 5, ""reg_alpha"": 0.5433168915702342, ""reg_lambda"": 2.087018652829982}"
906,2026-06-05T15:46:52.973293+00:00,xgb,ranking_rf,906,5125,6,1000,0.7026224136352539,755,245,0.49743524193763733,"[""V176"", ""V191"", ""V255"", ""V160"", ""V224"", ""V215""]","{""n_estimators"": 300, ""learning_rate"": 0.06028000140457878, ""max_depth"": 5, ""subsample"": 0.9663501215355235, ""colsample_bytree"": 0.644663313124207, ""min_child_weight"": 9, ""reg_alpha"": 0.7733118216618002, ""reg_lambda"": 0.8648429448601471}"
907,2026-06-05T15:47:31.769524+00:00,xgb,ranking_rf,907,4485,7,995,0.842720627784729,724,271,0.49655458331108093,"[""V176"", ""V191"", ""V255"", ""V160"", ""V224"", ""V215"", ""V380""]","{""n_estimators"": 390, ""learning_rate"": 0.14525161659146602, ""max_depth"": 9, ""subsample"": 0.9421387750191781, ""colsample_bytree"": 0.9234049357406124, ""min_child_weight"": 7, ""reg_alpha"": 0.9313644336130762, ""reg_lambda"": 2.152380165894769}"
908,2026-06-05T15:47:49.259580+00:00,xgb,ranking_rf,908,5090,6,998,0.7065134644508362,752,246,0.49841025471687317,"[""V176"", ""V191"", ""V255"", ""V160"", ""V224"", ""V215""]","{""n_estimators"": 210, ""learning_rate"": 0.0589765041713012, ""max_depth"": 8, ""subsample"": 0.530539357452305, ""colsample_bytree"": 0.5888866779928914, ""min_child_weight"": 8, ""reg_alpha"": 0.06078519780460667, ""reg_lambda"": 2.0587964936166365}"
909,2026-06-05T15:47:56.320901+00:00,xgb,ranking_rf,909,5100,5,1000,0.6777593493461609,740,260,0.4967433512210846,"[""V176"", ""V191"", ""V255"", ""V160"", ""V224""]","{""n_estimators"": 206, ""learning_rate"": 0.14037302902042037, ""max_depth"": 3, ""subsample"": 0.8746274614687166, ""colsample_bytree"": 0.5155017600588232, ""min_child_weight"": 9, ""reg_alpha"": 0.062349301408047064, ""reg_lambda"": 1.7856852661015192}"
910,2026-06-05T15:48:28.015207+00:00,xgb,ranking_rf,910,4805,4,1000,0.7262230515480042,707,293,0.49877479672431946,"[""V176"", ""V191"", ""V255"", ""V160""]","{""n_estimators"": 388, ""learning_rate"": 0.06062386017063886, ""max_depth"": 7, ""subsample"": 0.6777650327968103, ""colsample_bytree"": 0.5932823420444893, ""min_child_weight"": 4, ""reg_alpha"": 0.7723278422432546, ""reg_lambda"": 1.1619025473410973}"
911,2026-06-05T15:48:45.303227+00:00,xgb,ranking_rf,911,4975,6,1000,0.7124747037887573,745,255,0.49615487456321716,"[""V176"", ""V191"", ""V255"", ""V160"", ""V224"", ""V215""]","{""n_estimators"": 275, ""learning_rate"": 0.0732452580177621, ""max_depth"": 6, ""subsample"": 0.9726322845097717, ""colsample_bytree"": 0.6407838187802697, ""min_child_weight"": 9, ""reg_alpha"": 0.8623578770449561, ""reg_lambda"": 1.1850172661050473}"
912,2026-06-05T15:49:04.231616+00:00,xgb,ranking_rf,912,5140,6,1000,0.7095147967338562,756,244,0.49788525700569153,"[""V176"", ""V191"", ""V255"", ""V160"", ""V224"", ""V215""]","{""n_estimators"": 278, ""learning_rate"": 0.041797784258140305, ""max_depth"": 6, ""subsample"": 0.8684234707980582, ""colsample_bytree"": 0.8814585180873995, ""min_child_weight"": 5, ""reg_alpha"": 0.14589096746193353, ""reg_lambda"": 1.552502413096834}"
913,2026-06-05T15:49:23.687343+00:00,xgb,ranking_rf,913,4760,5,993,0.7395613193511963,715,278,0.49688956141471863,"[""V176"", ""V191"", ""V255"", ""V160"", ""V224""]","{""n_estimators"": 228, ""learning_rate"": 0.10157761160718166, ""max_depth"": 7, ""subsample"": 0.5447280184767335, ""colsample_bytree"": 0.7714573980478419, ""min_child_weight"": 4, ""reg_alpha"": 0.5862449970298748, ""reg_lambda"": 1.9347796613878}"
914,2026-06-05T15:49:37.993415+00:00,xgb,ranking_rf,914,4615,4,999,0.7342049479484558,694,305,0.4995996057987213,"[""V176"", ""V191"", ""V255"", ""V160""]","{""n_estimators"": 168, ""learning_rate"": 0.14385364131968448, ""max_depth"": 7, ""subsample"": 0.5225090870617846, ""colsample_bytree"": 0.6649180613916734, ""min_child_weight"": 4, ""reg_alpha"": 0.9909993193659687, ""reg_lambda"": 1.0516792292327388}"
915,2026-06-05T15:49:58.691406+00:00,xgb,ranking_rf,915,4725,7,998,0.7682044506072998,741,257,0.49960601329803467,"[""V176"", ""V191"", ""V255"", ""V160"", ""V224"", ""V215"", ""V380""]","{""n_estimators"": 240, ""learning_rate"": 0.09572112103430284, ""max_depth"": 7, ""subsample"": 0.5623225214113519, ""colsample_bytree"": 0.6736870994722027, ""min_child_weight"": 3, ""reg_alpha"": 0.9899356372336474, ""reg_lambda"": 1.1018676391211069}"
916,2026-06-05T15:50:10.297080+00:00,xgb,ranking_rf,916,5160,6,999,0.6857063174247742,757,242,0.4979543089866638,"[""V176"", ""V191"", ""V255"", ""V160"", ""V224"", ""V215""]","{""n_estimators"": 339, ""learning_rate"": 0.058160821165887465, ""max_depth"": 3, ""subsample"": 0.8099657020828426, ""colsample_bytree"": 0.7796920147382933, ""min_child_weight"": 7, ""reg_alpha"": 0.9911769920711232, ""reg_lambda"": 1.0539001487890995}"
917,2026-06-05T15:50:21.949346+00:00,xgb,ranking_rf,917,5205,5,1000,0.6767107248306274,747,253,0.4972090721130371,"[""V176"", ""V191"", ""V255"", ""V160"", ""V224""]","{""n_estimators"": 336, ""learning_rate"": 0.062414646631250015, ""max_depth"": 3, ""subsample"": 0.8643579490114002, ""colsample_bytree"": 0.9655168098773572, ""min_child_weight"": 5, ""reg_alpha"": 0.7902003868722871, ""reg_lambda"": 2.2856518051535777}"
918,2026-06-05T15:50:37.964308+00:00,xgb,ranking_rf,918,4900,7,999,0.7311960458755493,753,246,0.4982733428478241,"[""V176"", ""V191"", ""V255"", ""V160"", ""V224"", ""V215"", ""V380""]","{""n_estimators"": 187, ""learning_rate"": 0.09768840383179252, ""max_depth"": 8, ""subsample"": 0.7703038573597183, ""colsample_bytree"": 0.5464553084180329, ""min_child_weight"": 9, ""reg_alpha"": 0.6478209681013126, ""reg_lambda"": 2.372864426335895}"
919,2026-06-05T15:50:59.874195+00:00,xgb,ranking_rf,919,4660,8,998,0.8196359872817993,750,248,0.4989439845085144,"[""V176"", ""V191"", ""V255"", ""V160"", ""V224"", ""V215"", ""V380"", ""V342""]","{""n_estimators"": 279, ""learning_rate"": 0.16597131669771806, ""max_depth"": 7, ""subsample"": 0.9227111403800579, ""colsample_bytree"": 0.7193352311050003, ""min_child_weight"": 7, ""reg_alpha"": 0.7315546646530331, ""reg_lambda"": 1.4559583120734554}"
920,2026-06-05T15:51:06.221098+00:00,xgb,ranking_rf,920,4940,7,1000,0.7240793704986572,756,244,0.49884647130966187,"[""V176"", ""V191"", ""V255"", ""V160"", ""V224"", ""V215"", ""V380""]","{""n_estimators"": 102, ""learning_rate"": 0.1268676536542253, ""max_depth"": 5, ""subsample"": 0.7689455255986999, ""colsample_bytree"": 0.8896094408975973, ""min_child_weight"": 4, ""reg_alpha"": 0.8257384283496908, ""reg_lambda"": 0.6734556727057386}"
921,2026-06-05T15:51:15.766454+00:00,xgb,ranking_rf,921,4945,6,994,0.7356808185577393,741,253,0.4981113374233246,"[""V176"", ""V191"", ""V255"", ""V160"", ""V224"", ""V215""]","{""n_estimators"": 194, ""learning_rate"": 0.1665493498261879, ""max_depth"": 4, ""subsample"": 0.6744316980676217, ""colsample_bytree"": 0.9199290004166312, ""min_child_weight"": 1, ""reg_alpha"": 0.6626220176306981, ""reg_lambda"": 2.499223325945536}"
922,2026-06-05T15:51:26.575205+00:00,xgb,ranking_rf,922,5000,6,998,0.712647020816803,746,252,0.4997209906578064,"[""V176"", ""V191"", ""V255"", ""V160"", ""V224"", ""V215""]","{""n_estimators"": 135, ""learning_rate"": 0.07437419892110099, ""max_depth"": 6, ""subsample"": 0.7997700890609727, ""colsample_bytree"": 0.8615078677830678, ""min_child_weight"": 1, ""reg_alpha"": 0.15036339514982577, ""reg_lambda"": 2.4426686907967246}"
923,2026-06-05T15:51:37.363073+00:00,xgb,ranking_rf,923,5110,6,1000,0.7012468576431274,754,246,0.4971851706504822,"[""V176"", ""V191"", ""V255"", ""V160"", ""V224"", ""V215""]","{""n_estimators"": 319, ""learning_rate"": 0.10220105599055705, ""max_depth"": 3, ""subsample"": 0.9496847256953707, ""colsample_bytree"": 0.7603187584897283, ""min_child_weight"": 4, ""reg_alpha"": 0.848296846725581, ""reg_lambda"": 1.540828482049846}"
924,2026-06-05T15:52:04.912574+00:00,xgb,ranking_rf,924,5130,6,999,0.6882107853889465,755,244,0.4961346685886383,"[""V176"", ""V191"", ""V255"", ""V160"", ""V224"", ""V215""]","{""n_estimators"": 309, ""learning_rate"": 0.03026477242817029, ""max_depth"": 9, ""subsample"": 0.5614574117653088, ""colsample_bytree"": 0.5592484054701117, ""min_child_weight"": 9, ""reg_alpha"": 0.6842966086248579, ""reg_lambda"": 1.4926464743251413}"
925,2026-06-05T15:52:19.774185+00:00,xgb,ranking_rf,925,5020,6,1000,0.7473530769348145,748,252,0.4991559684276581,"[""V176"", ""V191"", ""V255"", ""V160"", ""V224"", ""V215""]","{""n_estimators"": 194, ""learning_rate"": 0.09909453727036373, ""max_depth"": 7, ""subsample"": 0.960591953254726, ""colsample_bytree"": 0.8973710783218973, ""min_child_weight"": 7, ""reg_alpha"": 0.3256209338134124, ""reg_lambda"": 1.364928530580781}"
926,2026-06-05T15:52:26.624369+00:00,xgb,ranking_rf,926,5185,6,1000,0.6937633156776428,759,241,0.4998093247413635,"[""V176"", ""V191"", ""V255"", ""V160"", ""V224"", ""V215""]","{""n_estimators"": 194, ""learning_rate"": 0.12460784770265831, ""max_depth"": 3, ""subsample"": 0.6035597615006348, ""colsample_bytree"": 0.5098689929997684, ""min_child_weight"": 3, ""reg_alpha"": 0.1940806023983619, ""reg_lambda"": 1.4759152025460274}"
927,2026-06-05T15:52:55.188426+00:00,xgb,ranking_rf,927,4655,4,1000,0.7293776273727417,697,303,0.49790501594543457,"[""V176"", ""V191"", ""V255"", ""V160""]","{""n_estimators"": 378, ""learning_rate"": 0.09384856958706388, ""max_depth"": 7, ""subsample"": 0.6037009122836074, ""colsample_bytree"": 0.6935162734898768, ""min_child_weight"": 9, ""reg_alpha"": 0.7302256347069481, ""reg_lambda"": 1.3194146363531065}"
928,2026-06-05T15:53:22.611933+00:00,xgb,ranking_rf,928,4750,6,1000,0.733138382434845,730,270,0.49850156903266907,"[""V176"", ""V191"", ""V255"", ""V160"", ""V224"", ""V215""]","{""n_estimators"": 213, ""learning_rate"": 0.045068496177799025, ""max_depth"": 8, ""subsample"": 0.7856836388249102, ""colsample_bytree"": 0.928503990467531, ""min_child_weight"": 1, ""reg_alpha"": 0.7673815961220007, ""reg_lambda"": 0.9447966707388733}"
929,2026-06-05T15:53:36.584921+00:00,xgb,ranking_rf,929,5020,6,1000,0.7149648666381836,748,252,0.4974645972251892,"[""V176"", ""V191"", ""V255"", ""V160"", ""V224"", ""V215""]","{""n_estimators"": 220, ""learning_rate"": 0.07099464979370923, ""max_depth"": 6, ""subsample"": 0.5175881869344896, ""colsample_bytree"": 0.6785038771334008, ""min_child_weight"": 8, ""reg_alpha"": 0.0462094340246485, ""reg_lambda"": 1.3206819317041598}"
930,2026-06-05T15:53:49.250427+00:00,xgb,ranking_rf,930,5080,6,997,0.7064359784126282,751,246,0.4974806606769562,"[""V176"", ""V191"", ""V255"", ""V160"", ""V224"", ""V215""]","{""n_estimators"": 242, ""learning_rate"": 0.07318938007273043, ""max_depth"": 5, ""subsample"": 0.9918668858722386, ""colsample_bytree"": 0.8124990423045861, ""min_child_weight"": 5, ""reg_alpha"": 0.3994293610754732, ""reg_lambda"": 2.2764659732321784}"
931,2026-06-05T15:54:20.600160+00:00,xgb,ranking_rf,931,4475,8,999,0.8698365688323975,738,261,0.4983935058116913,"[""V176"", ""V191"", ""V255"", ""V160"", ""V224"", ""V215"", ""V380"", ""V342""]","{""n_estimators"": 366, ""learning_rate"": 0.1743965495998179, ""max_depth"": 8, ""subsample"": 0.949576147160204, ""colsample_bytree"": 0.8339228719139814, ""min_child_weight"": 7, ""reg_alpha"": 0.3722476562965221, ""reg_lambda"": 0.5096600626082268}"
932,2026-06-05T15:54:33.488793+00:00,xgb,ranking_rf,932,4880,7,1000,0.749445378780365,752,248,0.49862831830978394,"[""V176"", ""V191"", ""V255"", ""V160"", ""V224"", ""V215"", ""V380""]","{""n_estimators"": 275, ""learning_rate"": 0.13563730005242808, ""max_depth"": 4, ""subsample"": 0.8064651646653664, ""colsample_bytree"": 0.9097854360077143, ""min_child_weight"": 2, ""reg_alpha"": 0.9828286966875487, ""reg_lambda"": 1.3225478673570479}"
933,2026-06-05T15:54:54.655320+00:00,xgb,ranking_rf,933,5075,8,999,0.7124593257904053,778,221,0.4984283745288849,"[""V176"", ""V191"", ""V255"", ""V160"", ""V224"", ""V215"", ""V380"", ""V342""]","{""n_estimators"": 319, ""learning_rate"": 0.032292302927030336, ""max_depth"": 6, ""subsample"": 0.8378151376942533, ""colsample_bytree"": 0.5009265626754279, ""min_child_weight"": 4, ""reg_alpha"": 0.672600495307849, ""reg_lambda"": 1.1874497212153463}"
934,2026-06-05T15:55:06.793924+00:00,xgb,ranking_rf,934,5010,5,1000,0.6966838240623474,734,266,0.4974488317966461,"[""V176"", ""V191"", ""V255"", ""V160"", ""V224""]","{""n_estimators"": 361, ""learning_rate"": 0.12604891199991974, ""max_depth"": 3, ""subsample"": 0.7937684250383552, ""colsample_bytree"": 0.5776884866527825, ""min_child_weight"": 5, ""reg_alpha"": 0.2990995334181159, ""reg_lambda"": 0.7230097116563556}"
935,2026-06-05T15:55:21.874305+00:00,xgb,ranking_rf,935,4945,6,1000,0.7506523132324219,743,257,0.49858829379081726,"[""V176"", ""V191"", ""V255"", ""V160"", ""V224"", ""V215""]","{""n_estimators"": 340, ""learning_rate"": 0.15391893910335464, ""max_depth"": 4, ""subsample"": 0.9858453387606598, ""colsample_bytree"": 0.9674649158787256, ""min_child_weight"": 3, ""reg_alpha"": 0.9341573667338403, ""reg_lambda"": 0.9377705231870248}"
936,2026-06-05T15:55:40.785503+00:00,xgb,ranking_rf,936,4690,6,1000,0.7683967351913452,726,274,0.4962058663368225,"[""V176"", ""V191"", ""V255"", ""V160"", ""V224"", ""V215""]","{""n_estimators"": 135, ""learning_rate"": 0.12459916153767721, ""max_depth"": 9, ""subsample"": 0.8257578123650269, ""colsample_bytree"": 0.8772866673109407, ""min_child_weight"": 2, ""reg_alpha"": 0.765733305569429, ""reg_lambda"": 2.2949093410729926}"
937,2026-06-05T15:55:51.175349+00:00,xgb,ranking_rf,937,5125,6,1000,0.6945221424102783,755,245,0.49742281436920166,"[""V176"", ""V191"", ""V255"", ""V160"", ""V224"", ""V215""]","{""n_estimators"": 307, ""learning_rate"": 0.09681181164629729, ""max_depth"": 3, ""subsample"": 0.8617703378143189, ""colsample_bytree"": 0.6157262318810192, ""min_child_weight"": 5, ""reg_alpha"": 0.39336416830532717, ""reg_lambda"": 1.0750586715870318}"
938,2026-06-05T15:55:59.476025+00:00,xgb,ranking_rf,938,5230,4,999,0.6790395975112915,735,264,0.4977646470069885,"[""V176"", ""V191"", ""V255"", ""V160""]","{""n_estimators"": 248, ""learning_rate"": 0.12584810445190697, ""max_depth"": 3, ""subsample"": 0.9815900890005775, ""colsample_bytree"": 0.5058893425858011, ""min_child_weight"": 6, ""reg_alpha"": 0.32480746581039144, ""reg_lambda"": 0.9941111108891869}"
939,2026-06-05T15:56:09.673737+00:00,xgb,ranking_rf,939,4850,4,1000,0.7368189096450806,710,290,0.49978578090667725,"[""V176"", ""V191"", ""V255"", ""V160""]","{""n_estimators"": 115, ""learning_rate"": 0.16733262090438214, ""max_depth"": 7, ""subsample"": 0.6277255713868306, ""colsample_bytree"": 0.7336075591308024, ""min_child_weight"": 3, ""reg_alpha"": 0.08985642452521059, ""reg_lambda"": 0.9932150228007428}"
940,2026-06-05T15:56:33.940420+00:00,xgb,ranking_rf,940,4700,4,1000,0.7380155324935913,700,300,0.4999214708805084,"[""V176"", ""V191"", ""V255"", ""V160""]","{""n_estimators"": 270, ""learning_rate"": 0.10502173121672467, ""max_depth"": 7, ""subsample"": 0.6270450378936148, ""colsample_bytree"": 0.5899598779086679, ""min_child_weight"": 2, ""reg_alpha"": 0.8590273690155276, ""reg_lambda"": 2.085533592855322}"
941,2026-06-05T15:57:24.142044+00:00,xgb,ranking_rf,941,4780,6,997,0.7550378441810608,731,266,0.4969783127307892,"[""V176"", ""V191"", ""V255"", ""V160"", ""V224"", ""V215""]","{""n_estimators"": 341, ""learning_rate"": 0.035314246531564585, ""max_depth"": 9, ""subsample"": 0.5288753519823653, ""colsample_bytree"": 0.8334607392180581, ""min_child_weight"": 1, ""reg_alpha"": 0.7647747151453564, ""reg_lambda"": 1.0072806911507426}"
942,2026-06-05T15:57:33.591920+00:00,xgb,ranking_rf,942,5145,5,1000,0.6800552010536194,743,257,0.49660995602607727,"[""V176"", ""V191"", ""V255"", ""V160"", ""V224""]","{""n_estimators"": 172, ""learning_rate"": 0.06486073663926178, ""max_depth"": 5, ""subsample"": 0.9322563424062293, ""colsample_bytree"": 0.8906733351110556, ""min_child_weight"": 7, ""reg_alpha"": 0.807646962288985, ""reg_lambda"": 0.8843886875314375}"
943,2026-06-05T15:57:53.871925+00:00,xgb,ranking_rf,943,4670,7,1000,0.7885698080062866,738,262,0.4973156154155731,"[""V176"", ""V191"", ""V255"", ""V160"", ""V224"", ""V215"", ""V380""]","{""n_estimators"": 366, ""learning_rate"": 0.15402731542813725, ""max_depth"": 5, ""subsample"": 0.845858391481396, ""colsample_bytree"": 0.9506683244492958, ""min_child_weight"": 9, ""reg_alpha"": 0.2526879610075581, ""reg_lambda"": 1.6969462989700959}"
944,2026-06-05T15:58:16.672357+00:00,xgb,ranking_rf,944,4595,7,997,0.7872632741928101,732,265,0.4976348578929901,"[""V176"", ""V191"", ""V255"", ""V160"", ""V224"", ""V215"", ""V380""]","{""n_estimators"": 239, ""learning_rate"": 0.12893092016116792, ""max_depth"": 8, ""subsample"": 0.9007992945640801, ""colsample_bytree"": 0.8489519354682555, ""min_child_weight"": 6, ""reg_alpha"": 0.801919790794993, ""reg_lambda"": 2.205553176996782}"
945,2026-06-05T15:58:30.285876+00:00,xgb,ranking_rf,945,5175,6,999,0.6929236054420471,758,241,0.49647256731987,"[""V176"", ""V191"", ""V255"", ""V160"", ""V224"", ""V215""]","{""n_estimators"": 305, ""learning_rate"": 0.04220863420159671, ""max_depth"": 4, ""subsample"": 0.6510682110409807, ""colsample_bytree"": 0.9383975076392075, ""min_child_weight"": 5, ""reg_alpha"": 0.22992461303436784, ""reg_lambda"": 1.2094919554423191}"
946,2026-06-05T15:58:55.330586+00:00,xgb,ranking_rf,946,4795,6,1000,0.7618716359138489,733,267,0.49846187233924866,"[""V176"", ""V191"", ""V255"", ""V160"", ""V224"", ""V215""]","{""n_estimators"": 264, ""learning_rate"": 0.07300371130252341, ""max_depth"": 7, ""subsample"": 0.6699684109343232, ""colsample_bytree"": 0.954357947812176, ""min_child_weight"": 2, ""reg_alpha"": 0.47167704546350786, ""reg_lambda"": 1.6870129304120227}"
947,2026-06-05T15:59:03.817971+00:00,xgb,ranking_rf,947,5050,6,1000,0.7170631885528564,750,250,0.497802734375,"[""V176"", ""V191"", ""V255"", ""V160"", ""V224"", ""V215""]","{""n_estimators"": 107, ""learning_rate"": 0.08923940715983292, ""max_depth"": 7, ""subsample"": 0.5538361585866773, ""colsample_bytree"": 0.8757648282942229, ""min_child_weight"": 6, ""reg_alpha"": 0.047602150591473325, ""reg_lambda"": 0.5007067014253446}"
948,2026-06-05T15:59:23.424113+00:00,xgb,ranking_rf,948,4895,8,999,0.7712340354919434,766,233,0.4989383816719055,"[""V176"", ""V191"", ""V255"", ""V160"", ""V224"", ""V215"", ""V380"", ""V342""]","{""n_estimators"": 378, ""learning_rate"": 0.09621532267087143, ""max_depth"": 5, ""subsample"": 0.5954865008725687, ""colsample_bytree"": 0.782005879564496, ""min_child_weight"": 9, ""reg_alpha"": 0.09869720164763518, ""reg_lambda"": 0.6453452736262302}"
949,2026-06-05T15:59:45.019074+00:00,xgb,ranking_rf,949,4965,6,999,0.7331652045249939,744,255,0.49703726172447205,"[""V176"", ""V191"", ""V255"", ""V160"", ""V224"", ""V215""]","{""n_estimators"": 397, ""learning_rate"": 0.07390322548520947, ""max_depth"": 5, ""subsample"": 0.631080991743428, ""colsample_bytree"": 0.6361486091470001, ""min_child_weight"": 5, ""reg_alpha"": 0.5936006311718113, ""reg_lambda"": 1.1799145369447734}"
950,2026-06-05T16:00:06.092784+00:00,xgb,ranking_rf,950,4955,7,1000,0.6998217701911926,757,243,0.4969402253627777,"[""V176"", ""V191"", ""V255"", ""V160"", ""V224"", ""V215"", ""V380""]","{""n_estimators"": 233, ""learning_rate"": 0.04155912531763579, ""max_depth"": 9, ""subsample"": 0.6122366048173709, ""colsample_bytree"": 0.5123746758388903, ""min_child_weight"": 9, ""reg_alpha"": 0.4591774062478561, ""reg_lambda"": 1.2524751489828043}"
951,2026-06-05T16:00:31.588139+00:00,xgb,ranking_rf,951,4475,7,997,0.8419708609580994,724,273,0.49821600317955017,"[""V176"", ""V191"", ""V255"", ""V160"", ""V224"", ""V215"", ""V380""]","{""n_estimators"": 315, ""learning_rate"": 0.15732215314611325, ""max_depth"": 7, ""subsample"": 0.5330215090606372, ""colsample_bytree"": 0.8344903742794132, ""min_child_weight"": 4, ""reg_alpha"": 0.35898840956512046, ""reg_lambda"": 0.5715544674066229}"
952,2026-06-05T16:00:41.970919+00:00,xgb,ranking_rf,952,5000,5,999,0.6835670471191406,733,266,0.49571651220321655,"[""V176"", ""V191"", ""V255"", ""V160"", ""V224""]","{""n_estimators"": 114, ""learning_rate"": 0.07135354092393348, ""max_depth"": 8, ""subsample"": 0.5120342639327592, ""colsample_bytree"": 0.8777263202433185, ""min_child_weight"": 8, ""reg_alpha"": 0.5650702009975553, ""reg_lambda"": 1.8298470856972726}"
953,2026-06-05T16:01:01.586167+00:00,xgb,ranking_rf,953,4675,6,1000,0.7657768726348877,725,275,0.49636268615722656,"[""V176"", ""V191"", ""V255"", ""V160"", ""V224"", ""V215""]","{""n_estimators"": 270, ""learning_rate"": 0.10431493449081987, ""max_depth"": 6, ""subsample"": 0.6612812191812383, ""colsample_bytree"": 0.8814521739469978, ""min_child_weight"": 4, ""reg_alpha"": 0.6282085231742733, ""reg_lambda"": 0.5690624042500461}"
954,2026-06-05T16:01:28.126942+00:00,xgb,ranking_rf,954,4690,8,998,0.8070257902145386,752,246,0.4978819191455841,"[""V176"", ""V191"", ""V255"", ""V160"", ""V224"", ""V215"", ""V380"", ""V342""]","{""n_estimators"": 298, ""learning_rate"": 0.11058181469544782, ""max_depth"": 8, ""subsample"": 0.7825663273613039, ""colsample_bytree"": 0.6201552135451034, ""min_child_weight"": 6, ""reg_alpha"": 0.4512463299295415, ""reg_lambda"": 1.0611646520787539}"
955,2026-06-05T16:01:48.814313+00:00,xgb,ranking_rf,955,4895,7,997,0.7756076455116272,752,245,0.5013972520828247,"[""V176"", ""V191"", ""V255"", ""V160"", ""V224"", ""V215"", ""V380""]","{""n_estimators"": 359, ""learning_rate"": 0.10365606083292116, ""max_depth"": 5, ""subsample"": 0.8052966459085094, ""colsample_bytree"": 0.9152015122617274, ""min_child_weight"": 4, ""reg_alpha"": 0.517808552118602, ""reg_lambda"": 1.392813314258563}"
956,2026-06-05T16:01:59.781433+00:00,xgb,ranking_rf,956,5125,4,990,0.6855341196060181,725,265,0.4962630867958069,"[""V176"", ""V191"", ""V255"", ""V160""]","{""n_estimators"": 191, ""learning_rate"": 0.06433342981092618, ""max_depth"": 5, ""subsample"": 0.5407102180903216, ""colsample_bytree"": 0.8714752153877561, ""min_child_weight"": 6, ""reg_alpha"": 0.900860000572921, ""reg_lambda"": 1.4078474148240199}"
957,2026-06-05T16:02:24.119954+00:00,xgb,ranking_rf,957,4675,7,996,0.7939389944076538,737,259,0.4951494038105011,"[""V176"", ""V191"", ""V255"", ""V160"", ""V224"", ""V215"", ""V380""]","{""n_estimators"": 355, ""learning_rate"": 0.13633782875653688, ""max_depth"": 6, ""subsample"": 0.6498897020860908, ""colsample_bytree"": 0.8317372056931482, ""min_child_weight"": 7, ""reg_alpha"": 0.6453864482881154, ""reg_lambda"": 1.8835246349803485}"
958,2026-06-05T16:02:40.542698+00:00,xgb,ranking_rf,958,4800,6,999,0.7175883054733276,733,266,0.49790138006210327,"[""V176"", ""V191"", ""V255"", ""V160"", ""V224"", ""V215""]","{""n_estimators"": 191, ""learning_rate"": 0.08325886022910872, ""max_depth"": 8, ""subsample"": 0.9981235971257317, ""colsample_bytree"": 0.5318804759136357, ""min_child_weight"": 7, ""reg_alpha"": 0.8071557359746819, ""reg_lambda"": 2.4271959045924936}"
959,2026-06-05T16:02:58.831710+00:00,xgb,ranking_rf,959,5015,6,998,0.7119882702827454,747,251,0.49558544158935547,"[""V176"", ""V191"", ""V255"", ""V160"", ""V224"", ""V215""]","{""n_estimators"": 224, ""learning_rate"": 0.051701753566806646, ""max_depth"": 7, ""subsample"": 0.5407614917943204, ""colsample_bytree"": 0.9209115123770312, ""min_child_weight"": 6, ""reg_alpha"": 0.7057299682441096, ""reg_lambda"": 2.055779391752215}"
960,2026-06-05T16:03:26.112372+00:00,xgb,ranking_rf,960,5010,8,1000,0.7488522529602051,774,226,0.5012459754943848,"[""V176"", ""V191"", ""V255"", ""V160"", ""V224"", ""V215"", ""V380"", ""V342""]","{""n_estimators"": 224, ""learning_rate"": 0.03698583413494501, ""max_depth"": 8, ""subsample"": 0.731766452509957, ""colsample_bytree"": 0.8243178190245292, ""min_child_weight"": 1, ""reg_alpha"": 0.2789170156462313, ""reg_lambda"": 0.6282462514891771}"
961,2026-06-05T16:03:55.931762+00:00,xgb,ranking_rf,961,5035,6,1000,0.7263094186782837,749,251,0.4990062415599823,"[""V176"", ""V191"", ""V255"", ""V160"", ""V224"", ""V215""]","{""n_estimators"": 289, ""learning_rate"": 0.04153900768998029, ""max_depth"": 8, ""subsample"": 0.9374093364096243, ""colsample_bytree"": 0.8720469320057921, ""min_child_weight"": 3, ""reg_alpha"": 0.24057828366633938, ""reg_lambda"": 1.9380254570186215}"
962,2026-06-05T16:04:04.570301+00:00,xgb,ranking_rf,962,5070,8,997,0.7371402382850647,777,220,0.49698251485824585,"[""V176"", ""V191"", ""V255"", ""V160"", ""V224"", ""V215"", ""V380"", ""V342""]","{""n_estimators"": 192, ""learning_rate"": 0.13665472890196478, ""max_depth"": 4, ""subsample"": 0.6822938755536373, ""colsample_bytree"": 0.6220272322089411, ""min_child_weight"": 6, ""reg_alpha"": 0.4017436576475192, ""reg_lambda"": 2.2147857866903817}"
963,2026-06-05T16:04:28.950129+00:00,xgb,ranking_rf,963,4580,8,999,0.8369300961494446,745,254,0.4975731372833252,"[""V176"", ""V191"", ""V255"", ""V160"", ""V224"", ""V215"", ""V380"", ""V342""]","{""n_estimators"": 209, ""learning_rate"": 0.13625632033467702, ""max_depth"": 9, ""subsample"": 0.6366970247888601, ""colsample_bytree"": 0.6291169947863562, ""min_child_weight"": 2, ""reg_alpha"": 0.059889028691984425, ""reg_lambda"": 1.208537918413171}"
964,2026-06-05T16:04:51.100224+00:00,xgb,ranking_rf,964,4535,6,998,0.8135481476783752,715,283,0.49976983666419983,"[""V176"", ""V191"", ""V255"", ""V160"", ""V224"", ""V215""]","{""n_estimators"": 317, ""learning_rate"": 0.1703826781724866, ""max_depth"": 6, ""subsample"": 0.8337762112335582, ""colsample_bytree"": 0.9044609709367732, ""min_child_weight"": 4, ""reg_alpha"": 0.10089001917950946, ""reg_lambda"": 1.926612511178055}"
965,2026-06-05T16:05:03.844819+00:00,xgb,ranking_rf,965,4965,6,996,0.7435758709907532,743,253,0.4979614317417145,"[""V176"", ""V191"", ""V255"", ""V160"", ""V224"", ""V215""]","{""n_estimators"": 300, ""learning_rate"": 0.17951866773955866, ""max_depth"": 4, ""subsample"": 0.918210920960055, ""colsample_bytree"": 0.6326081874484608, ""min_child_weight"": 7, ""reg_alpha"": 0.9765172661778362, ""reg_lambda"": 1.7745509172424998}"
966,2026-06-05T16:05:32.642075+00:00,xgb,ranking_rf,966,4415,7,1000,0.8341811299324036,721,279,0.49774888157844543,"[""V176"", ""V191"", ""V255"", ""V160"", ""V224"", ""V215"", ""V380""]","{""n_estimators"": 334, ""learning_rate"": 0.17035874136615564, ""max_depth"": 8, ""subsample"": 0.669947510811483, ""colsample_bytree"": 0.7672122667325556, ""min_child_weight"": 7, ""reg_alpha"": 0.044274626484360535, ""reg_lambda"": 2.425524792300793}"
967,2026-06-05T16:05:37.471946+00:00,xgb,ranking_rf,967,5095,6,1000,0.680800199508667,753,247,0.49638983607292175,"[""V176"", ""V191"", ""V255"", ""V160"", ""V224"", ""V215""]","{""n_estimators"": 102, ""learning_rate"": 0.11710106519177879, ""max_depth"": 4, ""subsample"": 0.7618074147395156, ""colsample_bytree"": 0.577475697933179, ""min_child_weight"": 7, ""reg_alpha"": 0.8288963548545978, ""reg_lambda"": 2.4190707803406846}"
968,2026-06-05T16:05:54.060188+00:00,xgb,ranking_rf,968,5020,6,1000,0.7409889101982117,748,252,0.49774178862571716,"[""V176"", ""V191"", ""V255"", ""V160"", ""V224"", ""V215""]","{""n_estimators"": 367, ""learning_rate"": 0.1139963266059084, ""max_depth"": 4, ""subsample"": 0.7891509810283355, ""colsample_bytree"": 0.8233697651237661, ""min_child_weight"": 2, ""reg_alpha"": 0.6634317140479615, ""reg_lambda"": 1.6195054032202874}"
969,2026-06-05T16:06:02.701295+00:00,xgb,ranking_rf,969,5095,6,1000,0.7166923880577087,753,247,0.49932369589805603,"[""V176"", ""V191"", ""V255"", ""V160"", ""V224"", ""V215""]","{""n_estimators"": 246, ""learning_rate"": 0.1624366459285797, ""max_depth"": 3, ""subsample"": 0.9118612793308477, ""colsample_bytree"": 0.929607724224579, ""min_child_weight"": 9, ""reg_alpha"": 0.22279313465511041, ""reg_lambda"": 1.163615732001836}"
970,2026-06-05T16:06:11.438248+00:00,xgb,ranking_rf,970,5020,6,1000,0.6822868585586548,748,252,0.4950694739818573,"[""V176"", ""V191"", ""V255"", ""V160"", ""V224"", ""V215""]","{""n_estimators"": 109, ""learning_rate"": 0.0831097626325148, ""max_depth"": 7, ""subsample"": 0.7510382409658671, ""colsample_bytree"": 0.5914976347519559, ""min_child_weight"": 7, ""reg_alpha"": 0.9405472036947345, ""reg_lambda"": 2.228154424611848}"
971,2026-06-05T16:06:24.358223+00:00,xgb,ranking_rf,971,5095,6,1000,0.7145413160324097,753,247,0.4957793951034546,"[""V176"", ""V191"", ""V255"", ""V160"", ""V224"", ""V215""]","{""n_estimators"": 391, ""learning_rate"": 0.10609887436419779, ""max_depth"": 3, ""subsample"": 0.7589711023201962, ""colsample_bytree"": 0.8957538010447362, ""min_child_weight"": 7, ""reg_alpha"": 0.4224969429775095, ""reg_lambda"": 0.5217961052664852}"
972,2026-06-05T16:07:01.163049+00:00,xgb,ranking_rf,972,4240,4,999,0.8050681948661804,669,330,0.5012211799621582,"[""V176"", ""V191"", ""V255"", ""V160""]","{""n_estimators"": 386, ""learning_rate"": 0.1664097462275622, ""max_depth"": 9, ""subsample"": 0.6575462256390958, ""colsample_bytree"": 0.6210966039902185, ""min_child_weight"": 6, ""reg_alpha"": 0.9289962906338352, ""reg_lambda"": 1.6149163847947192}"
973,2026-06-05T16:07:22.661771+00:00,xgb,ranking_rf,973,4820,7,1000,0.7371149063110352,748,252,0.4982615113258362,"[""V176"", ""V191"", ""V255"", ""V160"", ""V224"", ""V215"", ""V380""]","{""n_estimators"": 286, ""learning_rate"": 0.07173757609600412, ""max_depth"": 7, ""subsample"": 0.553017688185482, ""colsample_bytree"": 0.6853314468017984, ""min_child_weight"": 8, ""reg_alpha"": 0.41043962567887793, ""reg_lambda"": 1.8821929364199146}"
974,2026-06-05T16:07:32.131590+00:00,xgb,ranking_rf,974,5200,6,997,0.6918805837631226,759,238,0.4976479411125183,"[""V176"", ""V191"", ""V255"", ""V160"", ""V224"", ""V215""]","{""n_estimators"": 285, ""learning_rate"": 0.0953453051847843, ""max_depth"": 3, ""subsample"": 0.9846206692010269, ""colsample_bytree"": 0.5146770586129974, ""min_child_weight"": 5, ""reg_alpha"": 0.7245321008684182, ""reg_lambda"": 0.8169510532259581}"
975,2026-06-05T16:07:42.110785+00:00,xgb,ranking_rf,975,5035,6,997,0.6929119229316711,748,249,0.4969141483306885,"[""V176"", ""V191"", ""V255"", ""V160"", ""V224"", ""V215""]","{""n_estimators"": 284, ""learning_rate"": 0.08994154030667878, ""max_depth"": 3, ""subsample"": 0.6791078729504657, ""colsample_bytree"": 0.8206123166186312, ""min_child_weight"": 5, ""reg_alpha"": 0.7815385424613935, ""reg_lambda"": 1.939324845030442}"
976,2026-06-05T16:08:19.927088+00:00,xgb,ranking_rf,976,4785,8,1000,0.7610139846801758,759,241,0.4945615231990814,"[""V176"", ""V191"", ""V255"", ""V160"", ""V224"", ""V215"", ""V380"", ""V342""]","{""n_estimators"": 387, ""learning_rate"": 0.05330414789439125, ""max_depth"": 9, ""subsample"": 0.5724274035699475, ""colsample_bytree"": 0.7487656910826106, ""min_child_weight"": 7, ""reg_alpha"": 0.2599830504929964, ""reg_lambda"": 1.4958019793914374}"
977,2026-06-05T16:08:31.524915+00:00,xgb,ranking_rf,977,5010,8,997,0.7590676546096802,773,224,0.5002337694168091,"[""V176"", ""V191"", ""V255"", ""V160"", ""V224"", ""V215"", ""V380"", ""V342""]","{""n_estimators"": 260, ""learning_rate"": 0.12101556852887828, ""max_depth"": 4, ""subsample"": 0.9934851205895571, ""colsample_bytree"": 0.7517910092225295, ""min_child_weight"": 1, ""reg_alpha"": 0.19756940778958654, ""reg_lambda"": 0.595557782318469}"
978,2026-06-05T16:08:43.913029+00:00,xgb,ranking_rf,978,5105,4,997,0.6569094657897949,726,271,0.496793270111084,"[""V176"", ""V191"", ""V255"", ""V160""]","{""n_estimators"": 227, ""learning_rate"": 0.034436612194462056, ""max_depth"": 5, ""subsample"": 0.5306651734310113, ""colsample_bytree"": 0.737864529313262, ""min_child_weight"": 9, ""reg_alpha"": 0.8916836023102408, ""reg_lambda"": 0.6287803705367363}"
979,2026-06-05T16:09:11.865915+00:00,xgb,ranking_rf,979,4565,7,1000,0.7691603302955627,731,269,0.49534687399864197,"[""V176"", ""V191"", ""V255"", ""V160"", ""V224"", ""V215"", ""V380""]","{""n_estimators"": 244, ""learning_rate"": 0.10239794427503555, ""max_depth"": 9, ""subsample"": 0.5509514803228379, ""colsample_bytree"": 0.6879378168320337, ""min_child_weight"": 3, ""reg_alpha"": 0.792054041670442, ""reg_lambda"": 2.4893338463844064}"
980,2026-06-05T16:09:29.377891+00:00,xgb,ranking_rf,980,4745,6,998,0.734857976436615,729,269,0.49577513337135315,"[""V176"", ""V191"", ""V255"", ""V160"", ""V224"", ""V215""]","{""n_estimators"": 180, ""learning_rate"": 0.10065676295252153, ""max_depth"": 9, ""subsample"": 0.5493317628996297, ""colsample_bytree"": 0.8546002094900366, ""min_child_weight"": 9, ""reg_alpha"": 0.19829463855011364, ""reg_lambda"": 2.367704565777158}"
981,2026-06-05T16:09:42.980629+00:00,xgb,ranking_rf,981,4995,6,996,0.7017531394958496,745,251,0.49737975001335144,"[""V176"", ""V191"", ""V255"", ""V160"", ""V224"", ""V215""]","{""n_estimators"": 209, ""learning_rate"": 0.054199039680186425, ""max_depth"": 6, ""subsample"": 0.8789633809315172, ""colsample_bytree"": 0.6679327664364973, ""min_child_weight"": 8, ""reg_alpha"": 0.4411336686099885, ""reg_lambda"": 1.8013628371994785}"
982,2026-06-05T16:09:52.531428+00:00,xgb,ranking_rf,982,5140,6,1000,0.6981953978538513,756,244,0.49726590514183044,"[""V176"", ""V191"", ""V255"", ""V160"", ""V224"", ""V215""]","{""n_estimators"": 222, ""learning_rate"": 0.08637656161056431, ""max_depth"": 4, ""subsample"": 0.9413675987643855, ""colsample_bytree"": 0.5803795630813038, ""min_child_weight"": 7, ""reg_alpha"": 0.06901091240603541, ""reg_lambda"": 0.7021199603025088}"
983,2026-06-05T16:10:04.593943+00:00,xgb,ranking_rf,983,4600,7,999,0.7599039077758789,733,266,0.49730777740478516,"[""V176"", ""V191"", ""V255"", ""V160"", ""V224"", ""V215"", ""V380""]","{""n_estimators"": 134, ""learning_rate"": 0.1562223979812195, ""max_depth"": 8, ""subsample"": 0.5444193371234263, ""colsample_bytree"": 0.8923578326371832, ""min_child_weight"": 9, ""reg_alpha"": 0.08849778883767934, ""reg_lambda"": 1.7434736733343326}"
984,2026-06-05T16:10:42.191636+00:00,xgb,ranking_rf,984,4505,8,999,0.8356509208679199,740,259,0.4972612261772156,"[""V176"", ""V191"", ""V255"", ""V160"", ""V224"", ""V215"", ""V380"", ""V342""]","{""n_estimators"": 374, ""learning_rate"": 0.11938814604984901, ""max_depth"": 9, ""subsample"": 0.7876468307362928, ""colsample_bytree"": 0.6624861527741017, ""min_child_weight"": 6, ""reg_alpha"": 0.8520082644878135, ""reg_lambda"": 0.5683142148790319}"
985,2026-06-05T16:10:52.581187+00:00,xgb,ranking_rf,985,4990,6,1000,0.7210358381271362,746,254,0.49803289771080017,"[""V176"", ""V191"", ""V255"", ""V160"", ""V224"", ""V215""]","{""n_estimators"": 229, ""learning_rate"": 0.12411323133334416, ""max_depth"": 4, ""subsample"": 0.7112004240755749, ""colsample_bytree"": 0.6003298343992303, ""min_child_weight"": 3, ""reg_alpha"": 0.8174316926845776, ""reg_lambda"": 0.9147986720325023}"
986,2026-06-05T16:11:04.262853+00:00,xgb,ranking_rf,986,5115,5,1000,0.6795759201049805,741,259,0.49655088782310486,"[""V176"", ""V191"", ""V255"", ""V160"", ""V224""]","{""n_estimators"": 170, ""learning_rate"": 0.051320453226277554, ""max_depth"": 6, ""subsample"": 0.5106702167425372, ""colsample_bytree"": 0.8266635136876381, ""min_child_weight"": 6, ""reg_alpha"": 0.7376953409407507, ""reg_lambda"": 2.1774813716316626}"
987,2026-06-05T16:11:26.602754+00:00,xgb,ranking_rf,987,4750,7,999,0.793872594833374,743,256,0.49923768639564514,"[""V176"", ""V191"", ""V255"", ""V160"", ""V224"", ""V215"", ""V380""]","{""n_estimators"": 342, ""learning_rate"": 0.12974621582354517, ""max_depth"": 6, ""subsample"": 0.8739546891348275, ""colsample_bytree"": 0.8055861079112651, ""min_child_weight"": 7, ""reg_alpha"": 0.24128699388401298, ""reg_lambda"": 1.7554855662371074}"
988,2026-06-05T16:11:44.793475+00:00,xgb,ranking_rf,988,4575,8,1000,0.8163222074508667,745,255,0.4977456033229828,"[""V176"", ""V191"", ""V255"", ""V160"", ""V224"", ""V215"", ""V380"", ""V342""]","{""n_estimators"": 141, ""learning_rate"": 0.16545898371808157, ""max_depth"": 9, ""subsample"": 0.7295646090144767, ""colsample_bytree"": 0.9244579248120154, ""min_child_weight"": 3, ""reg_alpha"": 0.6286443618153883, ""reg_lambda"": 2.0417170976108956}"
989,2026-06-05T16:12:03.826094+00:00,xgb,ranking_rf,989,4915,6,1000,0.7198703289031982,741,259,0.4971809685230255,"[""V176"", ""V191"", ""V255"", ""V160"", ""V224"", ""V215""]","{""n_estimators"": 199, ""learning_rate"": 0.04853552541506717, ""max_depth"": 8, ""subsample"": 0.5287315874047271, ""colsample_bytree"": 0.6983855771026953, ""min_child_weight"": 4, ""reg_alpha"": 0.11929316470258922, ""reg_lambda"": 0.5420998523363083}"
990,2026-06-05T16:12:15.020385+00:00,xgb,ranking_rf,990,5080,6,1000,0.7246882915496826,752,248,0.5019969940185547,"[""V176"", ""V191"", ""V255"", ""V160"", ""V224"", ""V215""]","{""n_estimators"": 320, ""learning_rate"": 0.14270226337425843, ""max_depth"": 3, ""subsample"": 0.5345977574338054, ""colsample_bytree"": 0.5950838411877251, ""min_child_weight"": 2, ""reg_alpha"": 0.8666304638133356, ""reg_lambda"": 0.7157015973858842}"
991,2026-06-05T16:12:19.492915+00:00,xgb,ranking_rf,991,5155,4,999,0.6447891592979431,730,269,0.49627113342285156,"[""V176"", ""V191"", ""V255"", ""V160""]","{""n_estimators"": 116, ""learning_rate"": 0.07048358726567577, ""max_depth"": 3, ""subsample"": 0.6067740672223079, ""colsample_bytree"": 0.7270830054336113, ""min_child_weight"": 9, ""reg_alpha"": 0.6182562088866047, ""reg_lambda"": 2.2545937669130005}"
992,2026-06-05T16:12:44.120751+00:00,xgb,ranking_rf,992,4525,4,999,0.8069127202033997,688,311,0.4974295496940613,"[""V176"", ""V191"", ""V255"", ""V160""]","{""n_estimators"": 260, ""learning_rate"": 0.16434622020992354, ""max_depth"": 8, ""subsample"": 0.7609904230733813, ""colsample_bytree"": 0.9147879860703214, ""min_child_weight"": 5, ""reg_alpha"": 0.17104977146577482, ""reg_lambda"": 1.0135448105772416}"
993,2026-06-05T16:13:03.648959+00:00,xgb,ranking_rf,993,4805,8,999,0.7794880270957947,760,239,0.49808934330940247,"[""V176"", ""V191"", ""V255"", ""V160"", ""V224"", ""V215"", ""V380"", ""V342""]","{""n_estimators"": 367, ""learning_rate"": 0.11835712336199297, ""max_depth"": 5, ""subsample"": 0.8188679075419198, ""colsample_bytree"": 0.6575007357869203, ""min_child_weight"": 9, ""reg_alpha"": 0.4121450532523063, ""reg_lambda"": 1.4457868993105125}"
994,2026-06-05T16:13:09.870996+00:00,xgb,ranking_rf,994,5005,6,1000,0.7046876549720764,747,253,0.4976479411125183,"[""V176"", ""V191"", ""V255"", ""V160"", ""V224"", ""V215""]","{""n_estimators"": 103, ""learning_rate"": 0.1357334420778819, ""max_depth"": 5, ""subsample"": 0.8608180781520889, ""colsample_bytree"": 0.7897878416597646, ""min_child_weight"": 4, ""reg_alpha"": 0.9740024352764628, ""reg_lambda"": 0.9084661076755893}"
995,2026-06-05T16:13:27.866179+00:00,xgb,ranking_rf,995,4715,7,1000,0.7567234635353088,741,259,0.49846142530441284,"[""V176"", ""V191"", ""V255"", ""V160"", ""V224"", ""V215"", ""V380""]","{""n_estimators"": 209, ""learning_rate"": 0.13421700671653708, ""max_depth"": 8, ""subsample"": 0.5483976446338783, ""colsample_bytree"": 0.5539696727934589, ""min_child_weight"": 7, ""reg_alpha"": 0.824278752340267, ""reg_lambda"": 2.1302895562433948}"
996,2026-06-05T16:13:38.802678+00:00,xgb,ranking_rf,996,4760,8,999,0.779070258140564,757,242,0.5007171630859375,"[""V176"", ""V191"", ""V255"", ""V160"", ""V224"", ""V215"", ""V380"", ""V342""]","{""n_estimators"": 109, ""learning_rate"": 0.17138208030012486, ""max_depth"": 9, ""subsample"": 0.9449048469871919, ""colsample_bytree"": 0.5204435158749462, ""min_child_weight"": 5, ""reg_alpha"": 0.1697333683717951, ""reg_lambda"": 1.6798022328963107}"
997,2026-06-05T16:13:48.890750+00:00,xgb,ranking_rf,997,5025,8,1000,0.7249962091445923,775,225,0.4962407350540161,"[""V176"", ""V191"", ""V255"", ""V160"", ""V224"", ""V215"", ""V380"", ""V342""]","{""n_estimators"": 129, ""learning_rate"": 0.09051546997700607, ""max_depth"": 7, ""subsample"": 0.6413477410615435, ""colsample_bytree"": 0.6825814412003202, ""min_child_weight"": 9, ""reg_alpha"": 0.5047171385360546, ""reg_lambda"": 1.5501526409416888}"
998,2026-06-05T16:14:10.434687+00:00,xgb,ranking_rf,998,4735,8,998,0.7811200022697449,755,243,0.4984748065471649,"[""V176"", ""V191"", ""V255"", ""V160"", ""V224"", ""V215"", ""V380"", ""V342""]","{""n_estimators"": 216, ""learning_rate"": 0.09403607604096419, ""max_depth"": 8, ""subsample"": 0.5356357082507788, ""colsample_bytree"": 0.9879122007199875, ""min_child_weight"": 5, ""reg_alpha"": 0.80199383661451, ""reg_lambda"": 0.852098725352421}"
999,2026-06-05T16:14:31.400922+00:00,xgb,ranking_rf,999,4785,8,1000,0.8045355081558228,759,241,0.5014671683311462,"[""V176"", ""V191"", ""V255"", ""V160"", ""V224"", ""V215"", ""V380"", ""V342""]","{""n_estimators"": 266, ""learning_rate"": 0.129465391708181, ""max_depth"": 6, ""subsample"": 0.5604715653219949, ""colsample_bytree"": 0.6891628455401299, ""min_child_weight"": 1, ""reg_alpha"": 0.7746769719731526, ""reg_lambda"": 1.9342024513645055}"
1000,2026-06-05T16:14:44.340739+00:00,xgb,ranking_rf,1000,5115,6,999,0.6928917765617371,754,245,0.49657514691352844,"[""V176"", ""V191"", ""V255"", ""V160"", ""V224"", ""V215""]","{""n_estimators"": 300, ""learning_rate"": 0.06222571273112458, ""max_depth"": 4, ""subsample"": 0.5936700006284776, ""colsample_bytree"": 0.5296456792480533, ""min_child_weight"": 9, ""reg_alpha"": 0.5543858124306527, ""reg_lambda"": 1.7562530449551217}"
