trial_id,timestamp_utc,model_type,ranking,random_seed,score,k,N,threshold,tp,fp,p_oof_mean,features,hyperparameters
1,2026-06-05T11:13:52.521165+00:00,xgb,ranking_total,1,5255,5,999,0.7030144929885864,750,249,0.49913105368614197,"[""V176"", ""V255"", ""V191"", ""V160"", ""V215""]","{""n_estimators"": 272, ""learning_rate"": 0.11892669273375274, ""max_depth"": 3, ""subsample"": 0.801381688035822, ""colsample_bytree"": 0.7724415914984484, ""min_child_weight"": 4, ""reg_alpha"": 0.6458941130666561, ""reg_lambda"": 1.375174422525385}"
2,2026-06-05T11:13:57.728850+00:00,xgb,ranking_total,2,5235,5,1000,0.701526939868927,749,251,0.4972658157348633,"[""V176"", ""V255"", ""V191"", ""V160"", ""V215""]","{""n_estimators"": 137, ""learning_rate"": 0.17957772164083027, ""max_depth"": 3, ""subsample"": 0.5000571874086724, ""colsample_bytree"": 0.6511662863159199, ""min_child_weight"": 1, ""reg_alpha"": 0.0923385947687978, ""reg_lambda"": 0.8725204227553418}"
3,2026-06-05T11:14:06.857870+00:00,xgb,ranking_total,3,5325,5,1000,0.6792773604393005,755,245,0.49752378463745117,"[""V176"", ""V255"", ""V191"", ""V160"", ""V215""]","{""n_estimators"": 268, ""learning_rate"": 0.05776231172598103, ""max_depth"": 3, ""subsample"": 0.7748312389393546, ""colsample_bytree"": 0.7176611963091384, ""min_child_weight"": 9, ""reg_alpha"": 0.3205364371116073, ""reg_lambda"": 0.8088533461786602}"
4,2026-06-05T11:14:15.920170+00:00,xgb,ranking_total,4,5245,6,1000,0.7108859419822693,763,237,0.496477335691452,"[""V176"", ""V255"", ""V191"", ""V160"", ""V215"", ""V380""]","{""n_estimators"": 252, ""learning_rate"": 0.13622217339271572, ""max_depth"": 3, ""subsample"": 0.560664290602608, ""colsample_bytree"": 0.7846556637173405, ""min_child_weight"": 4, ""reg_alpha"": 0.8962930889334381, ""reg_lambda"": 0.7511706209276725}"
5,2026-06-05T11:14:38.127575+00:00,xgb,ranking_total,5,4830,7,998,0.8415862917900085,748,250,0.5006218552589417,"[""V176"", ""V255"", ""V191"", ""V160"", ""V215"", ""V380"", ""V342""]","{""n_estimators"": 222, ""learning_rate"": 0.16509321832720067, ""max_depth"": 8, ""subsample"": 0.9863421799824421, ""colsample_bytree"": 0.8574079968371824, ""min_child_weight"": 3, ""reg_alpha"": 0.5975562052137366, ""reg_lambda"": 0.7829283472340471}"
6,2026-06-05T11:15:10.285497+00:00,xgb,ranking_total,6,4530,8,1000,0.8505867123603821,742,258,0.49789121747016907,"[""V176"", ""V255"", ""V191"", ""V160"", ""V215"", ""V380"", ""V342"", ""V483""]","{""n_estimators"": 306, ""learning_rate"": 0.16060984592660646, ""max_depth"": 9, ""subsample"": 0.6818684485502947, ""colsample_bytree"": 0.989722499580723, ""min_child_weight"": 5, ""reg_alpha"": 0.6117438629026457, ""reg_lambda"": 2.031815712960631}"
7,2026-06-05T11:15:27.549435+00:00,xgb,ranking_total,7,5070,6,999,0.739840030670166,751,248,0.4990065395832062,"[""V176"", ""V255"", ""V191"", ""V160"", ""V215"", ""V380""]","{""n_estimators"": 301, ""learning_rate"": 0.07979697079517659, ""max_depth"": 5, ""subsample"": 0.5321273022953295, ""colsample_bytree"": 0.6850547012226904, ""min_child_weight"": 2, ""reg_alpha"": 0.5298173621928216, ""reg_lambda"": 1.3376148571133086}"
8,2026-06-05T11:15:54.753143+00:00,xgb,ranking_total,8,4900,6,1000,0.7576993703842163,740,260,0.5008746385574341,"[""V176"", ""V255"", ""V191"", ""V160"", ""V215"", ""V380""]","{""n_estimators"": 275, ""learning_rate"": 0.06410086197396977, ""max_depth"": 9, ""subsample"": 0.7192046157204468, ""colsample_bytree"": 0.8617325889154706, ""min_child_weight"": 8, ""reg_alpha"": 0.5011204636599379, ""reg_lambda"": 0.6441022667195231}"
9,2026-06-05T11:16:09.989479+00:00,xgb,ranking_total,9,5075,7,1000,0.7379772663116455,765,235,0.4982786476612091,"[""V176"", ""V255"", ""V191"", ""V160"", ""V215"", ""V380"", ""V342""]","{""n_estimators"": 233, ""learning_rate"": 0.08662754609903955, ""max_depth"": 6, ""subsample"": 0.6163641639886454, ""colsample_bytree"": 0.5056994021387149, ""min_child_weight"": 6, ""reg_alpha"": 0.7660629257734966, ""reg_lambda"": 1.3038502264421383}"
10,2026-06-05T11:16:17.909259+00:00,xgb,ranking_total,10,5280,5,1000,0.6812259554862976,752,248,0.4977342188358307,"[""V176"", ""V255"", ""V191"", ""V160"", ""V215""]","{""n_estimators"": 226, ""learning_rate"": 0.1048695546713918, ""max_depth"": 3, ""subsample"": 0.5669147644796383, ""colsample_bytree"": 0.5710555427272692, ""min_child_weight"": 7, ""reg_alpha"": 0.8772212074585868, ""reg_lambda"": 0.7750536389365965}"
11,2026-06-05T11:16:30.420747+00:00,xgb,ranking_total,11,5205,5,1000,0.7025526165962219,747,253,0.4980226457118988,"[""V176"", ""V255"", ""V191"", ""V160"", ""V215""]","{""n_estimators"": 365, ""learning_rate"": 0.07481417278284423, ""max_depth"": 3, ""subsample"": 0.7215074738443041, ""colsample_bytree"": 0.9159556794856005, ""min_child_weight"": 1, ""reg_alpha"": 0.02517172841774562, ""reg_lambda"": 1.918416019686024}"
12,2026-06-05T11:16:43.394686+00:00,xgb,ranking_total,12,5295,5,1000,0.6824702620506287,753,247,0.49765655398368835,"[""V176"", ""V255"", ""V191"", ""V160"", ""V215""]","{""n_estimators"": 291, ""learning_rate"": 0.032921286223143685, ""max_depth"": 4, ""subsample"": 0.5970578108911735, ""colsample_bytree"": 0.9631414801634982, ""min_child_weight"": 8, ""reg_alpha"": 0.4854270981677824, ""reg_lambda"": 0.5255616291812173}"
13,2026-06-05T11:16:55.595111+00:00,xgb,ranking_total,13,5075,5,999,0.7328101992607117,738,261,0.4988050162792206,"[""V176"", ""V255"", ""V191"", ""V160"", ""V215""]","{""n_estimators"": 255, ""learning_rate"": 0.14100745447731072, ""max_depth"": 4, ""subsample"": 0.5432171394442744, ""colsample_bytree"": 0.8618009016460737, ""min_child_weight"": 1, ""reg_alpha"": 0.918747008099885, ""reg_lambda"": 2.3014297082340245}"
14,2026-06-05T11:17:24.591295+00:00,xgb,ranking_total,14,5120,7,1000,0.765719473361969,768,232,0.5010812282562256,"[""V176"", ""V255"", ""V191"", ""V160"", ""V215"", ""V380"", ""V342""]","{""n_estimators"": 276, ""learning_rate"": 0.06563118300523685, ""max_depth"": 9, ""subsample"": 0.9464913456356123, ""colsample_bytree"": 0.5895767397157889, ""min_child_weight"": 4, ""reg_alpha"": 0.7516615138131563, ""reg_lambda"": 1.7146866884161012}"
15,2026-06-05T11:17:49.627340+00:00,xgb,ranking_total,15,4945,7,999,0.841525673866272,756,243,0.5030845999717712,"[""V176"", ""V255"", ""V191"", ""V160"", ""V215"", ""V380"", ""V342""]","{""n_estimators"": 207, ""learning_rate"": 0.16828401577453878, ""max_depth"": 9, ""subsample"": 0.9352138428624064, ""colsample_bytree"": 0.504023474264909, ""min_child_weight"": 1, ""reg_alpha"": 0.22199405367014335, ""reg_lambda"": 1.1388510960084859}"
16,2026-06-05T11:18:01.023952+00:00,xgb,ranking_total,16,5260,6,1000,0.6967358589172363,764,236,0.4972720146179199,"[""V176"", ""V255"", ""V191"", ""V160"", ""V215"", ""V380""]","{""n_estimators"": 345, ""learning_rate"": 0.05683438873814977, ""max_depth"": 3, ""subsample"": 0.6807692230441115, ""colsample_bytree"": 0.637700464303206, ""min_child_weight"": 6, ""reg_alpha"": 0.02495303232907431, ""reg_lambda"": 2.144596193797504}"
17,2026-06-05T11:18:24.667486+00:00,xgb,ranking_total,17,4900,7,999,0.7646471261978149,753,246,0.5000926852226257,"[""V176"", ""V255"", ""V191"", ""V160"", ""V215"", ""V380"", ""V342""]","{""n_estimators"": 269, ""learning_rate"": 0.0789984238779135, ""max_depth"": 8, ""subsample"": 0.7753507282905905, ""colsample_bytree"": 0.5228009750664031, ""min_child_weight"": 5, ""reg_alpha"": 0.22308094169128878, ""reg_lambda"": 1.877452323642713}"
18,2026-06-05T11:18:44.599795+00:00,xgb,ranking_total,18,5155,7,999,0.728992223739624,770,229,0.4983710050582886,"[""V176"", ""V255"", ""V191"", ""V160"", ""V215"", ""V380"", ""V342""]","{""n_estimators"": 211, ""learning_rate"": 0.057266665768534036, ""max_depth"": 9, ""subsample"": 0.5957603934737474, ""colsample_bytree"": 0.5339501790956457, ""min_child_weight"": 7, ""reg_alpha"": 0.41022325051079334, ""reg_lambda"": 0.7059877162802353}"
19,2026-06-05T11:19:21.633364+00:00,xgb,ranking_total,19,4990,7,996,0.769538164138794,758,238,0.5044581890106201,"[""V176"", ""V255"", ""V191"", ""V160"", ""V215"", ""V380"", ""V342""]","{""n_estimators"": 398, ""learning_rate"": 0.04140161511166397, ""max_depth"": 8, ""subsample"": 0.939300735460776, ""colsample_bytree"": 0.5909201126857673, ""min_child_weight"": 3, ""reg_alpha"": 0.2039724048237226, ""reg_lambda"": 0.523013467581595}"
20,2026-06-05T11:19:32.446764+00:00,xgb,ranking_total,20,5120,5,999,0.703481912612915,741,258,0.4993111789226532,"[""V176"", ""V255"", ""V191"", ""V160"", ""V215""]","{""n_estimators"": 193, ""learning_rate"": 0.09457023444911432, ""max_depth"": 5, ""subsample"": 0.6234689865831635, ""colsample_bytree"": 0.5690658437381597, ""min_child_weight"": 3, ""reg_alpha"": 0.08299956500689287, ""reg_lambda"": 1.8439541625609333}"
21,2026-06-05T11:19:52.035131+00:00,xgb,ranking_total,21,4850,7,1000,0.7928492426872253,750,250,0.5010662078857422,"[""V176"", ""V255"", ""V191"", ""V160"", ""V215"", ""V380"", ""V342""]","{""n_estimators"": 371, ""learning_rate"": 0.17316184098817117, ""max_depth"": 5, ""subsample"": 0.907918738653842, ""colsample_bytree"": 0.5179447928084266, ""min_child_weight"": 8, ""reg_alpha"": 0.95045165254683, ""reg_lambda"": 1.8457313108222326}"
22,2026-06-05T11:20:02.959428+00:00,xgb,ranking_total,22,5265,5,1000,0.6943013072013855,751,249,0.4981742799282074,"[""V176"", ""V255"", ""V191"", ""V160"", ""V215""]","{""n_estimators"": 307, ""learning_rate"": 0.07336644896847253, ""max_depth"": 3, ""subsample"": 0.5180738382846721, ""colsample_bytree"": 0.9757994905334814, ""min_child_weight"": 3, ""reg_alpha"": 0.0507732566953768, ""reg_lambda"": 1.1045437879292337}"
23,2026-06-05T11:20:20.896496+00:00,xgb,ranking_total,23,4960,6,1000,0.7562471628189087,744,256,0.5010272264480591,"[""V176"", ""V255"", ""V191"", ""V160"", ""V215"", ""V380""]","{""n_estimators"": 232, ""learning_rate"": 0.10225215926450489, ""max_depth"": 7, ""subsample"": 0.8187395776032731, ""colsample_bytree"": 0.8900170891402719, ""min_child_weight"": 9, ""reg_alpha"": 0.3388639606037004, ""reg_lambda"": 1.0410656665956624}"
24,2026-06-05T11:20:28.847512+00:00,xgb,ranking_total,24,5305,5,998,0.7124757170677185,753,245,0.4992997944355011,"[""V176"", ""V255"", ""V191"", ""V160"", ""V215""]","{""n_estimators"": 183, ""learning_rate"": 0.13036456877026253, ""max_depth"": 4, ""subsample"": 0.8827298796984535, ""colsample_bytree"": 0.6411979219835564, ""min_child_weight"": 8, ""reg_alpha"": 0.18399514382436277, ""reg_lambda"": 0.6996402351922164}"
25,2026-06-05T11:20:41.499668+00:00,xgb,ranking_total,25,5360,5,993,0.680782675743103,755,238,0.4979133903980255,"[""V176"", ""V255"", ""V191"", ""V160"", ""V215""]","{""n_estimators"": 292, ""learning_rate"": 0.03792819298788975, ""max_depth"": 4, ""subsample"": 0.6100336498914258, ""colsample_bytree"": 0.680528176982029, ""min_child_weight"": 5, ""reg_alpha"": 0.7871809005473235, ""reg_lambda"": 1.4481023895196166}"
26,2026-06-05T11:21:03.161015+00:00,xgb,ranking_total,26,4765,7,993,0.8097319006919861,742,251,0.49845585227012634,"[""V176"", ""V255"", ""V191"", ""V160"", ""V215"", ""V380"", ""V342""]","{""n_estimators"": 232, ""learning_rate"": 0.13440989611552312, ""max_depth"": 8, ""subsample"": 0.5494121133756311, ""colsample_bytree"": 0.5904122755344962, ""min_child_weight"": 3, ""reg_alpha"": 0.11737554713471554, ""reg_lambda"": 1.86993748874827}"
27,2026-06-05T11:21:41.258253+00:00,xgb,ranking_total,27,4930,7,999,0.8045144081115723,755,244,0.49947530031204224,"[""V176"", ""V255"", ""V191"", ""V160"", ""V215"", ""V380"", ""V342""]","{""n_estimators"": 362, ""learning_rate"": 0.0742374740931738, ""max_depth"": 9, ""subsample"": 0.8946103680854298, ""colsample_bytree"": 0.9352810312379117, ""min_child_weight"": 5, ""reg_alpha"": 0.22611233047772372, ""reg_lambda"": 2.0015694572954197}"
28,2026-06-05T11:21:45.772545+00:00,xgb,ranking_total,28,5325,5,1000,0.6721740365028381,755,245,0.4962148070335388,"[""V176"", ""V255"", ""V191"", ""V160"", ""V215""]","{""n_estimators"": 119, ""learning_rate"": 0.10212022596737415, ""max_depth"": 3, ""subsample"": 0.7339788372367739, ""colsample_bytree"": 0.6922940030074893, ""min_child_weight"": 2, ""reg_alpha"": 0.8409693307667548, ""reg_lambda"": 2.2570994676607126}"
29,2026-06-05T11:22:34.070189+00:00,xgb,ranking_total,29,4835,7,1000,0.7911230325698853,749,251,0.5002604722976685,"[""V176"", ""V255"", ""V191"", ""V160"", ""V215"", ""V380"", ""V342""]","{""n_estimators"": 357, ""learning_rate"": 0.05562346409399763, ""max_depth"": 9, ""subsample"": 0.5624835460046205, ""colsample_bytree"": 0.6987961843500585, ""min_child_weight"": 1, ""reg_alpha"": 0.5109929816531131, ""reg_lambda"": 0.86538671683165}"
30,2026-06-05T11:22:45.017655+00:00,xgb,ranking_total,30,5375,5,999,0.6956458687782288,758,241,0.49786221981048584,"[""V176"", ""V255"", ""V191"", ""V160"", ""V215""]","{""n_estimators"": 336, ""learning_rate"": 0.08197486177823288, ""max_depth"": 3, ""subsample"": 0.8816186021651424, ""colsample_bytree"": 0.7263595287997057, ""min_child_weight"": 6, ""reg_alpha"": 0.33095996623214907, ""reg_lambda"": 2.2092189021245403}"
31,2026-06-05T11:23:18.738921+00:00,xgb,ranking_total,31,4540,6,1000,0.8331525921821594,716,284,0.49894237518310547,"[""V176"", ""V255"", ""V191"", ""V160"", ""V215"", ""V380""]","{""n_estimators"": 393, ""learning_rate"": 0.16754669731193983, ""max_depth"": 8, ""subsample"": 0.8315239526678343, ""colsample_bytree"": 0.5818253630513767, ""min_child_weight"": 6, ""reg_alpha"": 0.7064143966634708, ""reg_lambda"": 1.7001416383944599}"
32,2026-06-05T11:23:50.711889+00:00,xgb,ranking_total,32,5055,5,997,0.7197315096855164,736,261,0.4980122148990631,"[""V176"", ""V255"", ""V191"", ""V160"", ""V215""]","{""n_estimators"": 310, ""learning_rate"": 0.034348740307359654, ""max_depth"": 9, ""subsample"": 0.885156466109439, ""colsample_bytree"": 0.9934350015462314, ""min_child_weight"": 7, ""reg_alpha"": 0.22028364917914411, ""reg_lambda"": 2.3361432115530745}"
33,2026-06-05T11:24:22.634445+00:00,xgb,ranking_total,33,5075,7,1000,0.7444111108779907,765,235,0.4978545010089874,"[""V176"", ""V255"", ""V191"", ""V160"", ""V215"", ""V380"", ""V342""]","{""n_estimators"": 315, ""learning_rate"": 0.03894847665657604, ""max_depth"": 9, ""subsample"": 0.7775643889992984, ""colsample_bytree"": 0.9778282744958838, ""min_child_weight"": 8, ""reg_alpha"": 0.8162051391124808, ""reg_lambda"": 0.7021731206172495}"
34,2026-06-05T11:24:29.453341+00:00,xgb,ranking_total,34,5255,6,998,0.714532196521759,763,235,0.498381644487381,"[""V176"", ""V255"", ""V191"", ""V160"", ""V215"", ""V380""]","{""n_estimators"": 120, ""learning_rate"": 0.13345238646489616, ""max_depth"": 5, ""subsample"": 0.7054704014982704, ""colsample_bytree"": 0.63014984544345, ""min_child_weight"": 7, ""reg_alpha"": 0.7509236424046749, ""reg_lambda"": 1.7259127500602813}"
35,2026-06-05T11:24:53.884608+00:00,xgb,ranking_total,35,4555,7,999,0.8438531756401062,730,269,0.4957059621810913,"[""V176"", ""V255"", ""V191"", ""V160"", ""V215"", ""V380"", ""V342""]","{""n_estimators"": 222, ""learning_rate"": 0.14701506907870124, ""max_depth"": 9, ""subsample"": 0.7090076306197519, ""colsample_bytree"": 0.723881427250396, ""min_child_weight"": 3, ""reg_alpha"": 0.2530864507581302, ""reg_lambda"": 0.8799306125873398}"
36,2026-06-05T11:25:06.698941+00:00,xgb,ranking_total,36,5145,5,1000,0.7094394564628601,743,257,0.4977474510669708,"[""V176"", ""V255"", ""V191"", ""V160"", ""V215""]","{""n_estimators"": 301, ""learning_rate"": 0.09746926044115752, ""max_depth"": 4, ""subsample"": 0.623053428819122, ""colsample_bytree"": 0.5140628174589381, ""min_child_weight"": 9, ""reg_alpha"": 0.11134663609249817, ""reg_lambda"": 1.752874457908505}"
37,2026-06-05T11:25:14.515628+00:00,xgb,ranking_total,37,5370,5,1000,0.65555340051651,758,242,0.4974247217178345,"[""V176"", ""V255"", ""V191"", ""V160"", ""V215""]","{""n_estimators"": 233, ""learning_rate"": 0.043145850153581286, ""max_depth"": 3, ""subsample"": 0.9760903337030069, ""colsample_bytree"": 0.5715867238605152, ""min_child_weight"": 6, ""reg_alpha"": 0.36321459652102894, ""reg_lambda"": 0.8731136245786317}"
38,2026-06-05T11:25:50.744659+00:00,xgb,ranking_total,38,5005,7,996,0.7778923511505127,759,237,0.49757733941078186,"[""V176"", ""V255"", ""V191"", ""V160"", ""V215"", ""V380"", ""V342""]","{""n_estimators"": 351, ""learning_rate"": 0.05891925434357364, ""max_depth"": 9, ""subsample"": 0.6548361317071475, ""colsample_bytree"": 0.9290893624880314, ""min_child_weight"": 6, ""reg_alpha"": 0.10343755501999807, ""reg_lambda"": 1.990951532568867}"
39,2026-06-05T11:26:05.690003+00:00,xgb,ranking_total,39,4850,7,1000,0.8127328753471375,750,250,0.5019062757492065,"[""V176"", ""V255"", ""V191"", ""V160"", ""V215"", ""V380"", ""V342""]","{""n_estimators"": 153, ""learning_rate"": 0.16697481633447067, ""max_depth"": 7, ""subsample"": 0.8514124468053648, ""colsample_bytree"": 0.8168170485857034, ""min_child_weight"": 1, ""reg_alpha"": 0.20012684285990445, ""reg_lambda"": 1.2747757753334024}"
40,2026-06-05T11:26:23.210744+00:00,xgb,ranking_total,40,4665,6,996,0.791609525680542,723,273,0.5002738237380981,"[""V176"", ""V255"", ""V191"", ""V160"", ""V215"", ""V380""]","{""n_estimators"": 205, ""learning_rate"": 0.14968485319239078, ""max_depth"": 7, ""subsample"": 0.6834448058979581, ""colsample_bytree"": 0.9143260851576999, ""min_child_weight"": 5, ""reg_alpha"": 0.5255145833645837, ""reg_lambda"": 1.4278168116201368}"
41,2026-06-05T11:26:33.698060+00:00,xgb,ranking_total,41,5445,5,1000,0.6661800146102905,763,237,0.497392863035202,"[""V176"", ""V255"", ""V191"", ""V160"", ""V215""]","{""n_estimators"": 319, ""learning_rate"": 0.03830490601677901, ""max_depth"": 3, ""subsample"": 0.8525151509318694, ""colsample_bytree"": 0.5725230814902134, ""min_child_weight"": 8, ""reg_alpha"": 0.3039123053407655, ""reg_lambda"": 1.5527990485942909}"
42,2026-06-05T11:26:41.844659+00:00,xgb,ranking_total,42,5190,5,1000,0.6749759912490845,746,254,0.49569571018218994,"[""V176"", ""V255"", ""V191"", ""V160"", ""V215""]","{""n_estimators"": 180, ""learning_rate"": 0.053303901452723304, ""max_depth"": 4, ""subsample"": 0.5582118515832657, ""colsample_bytree"": 0.8019328444744065, ""min_child_weight"": 9, ""reg_alpha"": 0.6685157172603458, ""reg_lambda"": 2.3348956977417936}"
43,2026-06-05T11:27:02.019250+00:00,xgb,ranking_total,43,4670,7,1000,0.8155159950256348,738,262,0.4990678131580353,"[""V176"", ""V255"", ""V191"", ""V160"", ""V215"", ""V380"", ""V342""]","{""n_estimators"": 202, ""learning_rate"": 0.1494814480290349, ""max_depth"": 9, ""subsample"": 0.8659969709057025, ""colsample_bytree"": 0.7993292420985183, ""min_child_weight"": 7, ""reg_alpha"": 0.44583275285359114, ""reg_lambda"": 0.6999498316360058}"
44,2026-06-05T11:27:21.842850+00:00,xgb,ranking_total,44,5270,7,1000,0.7272229790687561,778,222,0.49915987253189087,"[""V176"", ""V255"", ""V191"", ""V160"", ""V215"", ""V380"", ""V342""]","{""n_estimators"": 355, ""learning_rate"": 0.045437213853066, ""max_depth"": 5, ""subsample"": 0.6202948099826744, ""colsample_bytree"": 0.6635695279055699, ""min_child_weight"": 3, ""reg_alpha"": 0.6660902130980257, ""reg_lambda"": 1.5823244245668076}"
45,2026-06-05T11:27:56.126684+00:00,xgb,ranking_total,45,4800,6,999,0.8114525079727173,733,266,0.49906688928604126,"[""V176"", ""V255"", ""V191"", ""V160"", ""V215"", ""V380""]","{""n_estimators"": 376, ""learning_rate"": 0.09488125596731464, ""max_depth"": 8, ""subsample"": 0.8723202408397589, ""colsample_bytree"": 0.6802504181281428, ""min_child_weight"": 4, ""reg_alpha"": 0.29637592739789465, ""reg_lambda"": 1.0139351396825842}"
46,2026-06-05T11:28:15.242930+00:00,xgb,ranking_total,46,4930,7,999,0.7930030226707458,755,244,0.4984913170337677,"[""V176"", ""V255"", ""V191"", ""V160"", ""V215"", ""V380"", ""V342""]","{""n_estimators"": 231, ""learning_rate"": 0.13072195002598386, ""max_depth"": 8, ""subsample"": 0.978626215623578, ""colsample_bytree"": 0.9573202821344433, ""min_child_weight"": 9, ""reg_alpha"": 0.04852200090644587, ""reg_lambda"": 0.8266488964165335}"
47,2026-06-05T11:28:43.326989+00:00,xgb,ranking_total,47,5045,6,998,0.7872652411460876,749,249,0.5033843517303467,"[""V176"", ""V255"", ""V191"", ""V160"", ""V215"", ""V380""]","{""n_estimators"": 289, ""learning_rate"": 0.06870702382344793, ""max_depth"": 7, ""subsample"": 0.6245215457578744, ""colsample_bytree"": 0.8790379323249089, ""min_child_weight"": 1, ""reg_alpha"": 0.04286544835226391, ""reg_lambda"": 1.381734406859609}"
48,2026-06-05T11:28:51.426197+00:00,xgb,ranking_total,48,5150,5,999,0.7041852474212646,743,256,0.4977424442768097,"[""V176"", ""V255"", ""V191"", ""V160"", ""V215""]","{""n_estimators"": 235, ""learning_rate"": 0.15776362557837711, ""max_depth"": 3, ""subsample"": 0.8643673167505531, ""colsample_bytree"": 0.6757339029463507, ""min_child_weight"": 1, ""reg_alpha"": 0.7996046016600539, ""reg_lambda"": 1.791123709016585}"
49,2026-06-05T11:28:59.270955+00:00,xgb,ranking_total,49,5230,6,1000,0.6989870071411133,762,238,0.4982239603996277,"[""V176"", ""V255"", ""V191"", ""V160"", ""V215"", ""V380""]","{""n_estimators"": 100, ""learning_rate"": 0.09397256466549626, ""max_depth"": 7, ""subsample"": 0.6424305837369592, ""colsample_bytree"": 0.649488188729479, ""min_child_weight"": 7, ""reg_alpha"": 0.9633315304254785, ""reg_lambda"": 1.2926608154879566}"
50,2026-06-05T11:29:27.041070+00:00,xgb,ranking_total,50,4910,7,1000,0.7681539058685303,754,246,0.49774491786956787,"[""V176"", ""V255"", ""V191"", ""V160"", ""V215"", ""V380"", ""V342""]","{""n_estimators"": 273, ""learning_rate"": 0.06705927479427215, ""max_depth"": 9, ""subsample"": 0.5971078570619353, ""colsample_bytree"": 0.8813148613396167, ""min_child_weight"": 6, ""reg_alpha"": 0.5668846594996723, ""reg_lambda"": 1.5939317604860634}"
51,2026-06-05T11:29:51.112467+00:00,xgb,ranking_total,51,5005,6,1000,0.7284947037696838,747,253,0.4977790117263794,"[""V176"", ""V255"", ""V191"", ""V160"", ""V215"", ""V380""]","{""n_estimators"": 276, ""learning_rate"": 0.049376187653932466, ""max_depth"": 8, ""subsample"": 0.6277369618786057, ""colsample_bytree"": 0.6981649548613884, ""min_child_weight"": 6, ""reg_alpha"": 0.15220072117875683, ""reg_lambda"": 2.4094122560053646}"
52,2026-06-05T11:29:58.080200+00:00,xgb,ranking_total,52,5355,5,1000,0.6503350734710693,757,243,0.4963870048522949,"[""V176"", ""V255"", ""V191"", ""V160"", ""V215""]","{""n_estimators"": 157, ""learning_rate"": 0.03670682733044191, ""max_depth"": 4, ""subsample"": 0.9713613638431569, ""colsample_bytree"": 0.7738909582950659, ""min_child_weight"": 5, ""reg_alpha"": 0.9493378066500051, ""reg_lambda"": 0.8153403375475279}"
53,2026-06-05T11:30:24.354899+00:00,xgb,ranking_total,53,5075,7,1000,0.7226971983909607,765,235,0.5005247592926025,"[""V176"", ""V255"", ""V191"", ""V160"", ""V215"", ""V380"", ""V342""]","{""n_estimators"": 256, ""learning_rate"": 0.0339176972354801, ""max_depth"": 9, ""subsample"": 0.8092108846748052, ""colsample_bytree"": 0.5491422326684496, ""min_child_weight"": 4, ""reg_alpha"": 0.03246557697973673, ""reg_lambda"": 0.6432179141212648}"
54,2026-06-05T11:30:38.951262+00:00,xgb,ranking_total,54,4770,7,998,0.7830773591995239,744,254,0.5028438568115234,"[""V176"", ""V255"", ""V191"", ""V160"", ""V215"", ""V380"", ""V342""]","{""n_estimators"": 125, ""learning_rate"": 0.1318132484270247, ""max_depth"": 8, ""subsample"": 0.7274377012028764, ""colsample_bytree"": 0.6760874568459809, ""min_child_weight"": 1, ""reg_alpha"": 0.45291324576330383, ""reg_lambda"": 1.4773259798369138}"
55,2026-06-05T11:30:47.743376+00:00,xgb,ranking_total,55,5295,5,997,0.6701465249061584,752,245,0.4966498017311096,"[""V176"", ""V255"", ""V191"", ""V160"", ""V215""]","{""n_estimators"": 211, ""learning_rate"": 0.059089998859807286, ""max_depth"": 4, ""subsample"": 0.7591413640837381, ""colsample_bytree"": 0.5043027260043846, ""min_child_weight"": 7, ""reg_alpha"": 0.8013812560164609, ""reg_lambda"": 2.014623977217309}"
56,2026-06-05T11:31:10.829010+00:00,xgb,ranking_total,56,4575,6,999,0.8228450417518616,718,281,0.5018638968467712,"[""V176"", ""V255"", ""V191"", ""V160"", ""V215"", ""V380""]","{""n_estimators"": 254, ""learning_rate"": 0.17574838799846812, ""max_depth"": 8, ""subsample"": 0.6239774832223456, ""colsample_bytree"": 0.9917461854633831, ""min_child_weight"": 6, ""reg_alpha"": 0.2855442354647988, ""reg_lambda"": 2.225260754103279}"
57,2026-06-05T11:31:25.660662+00:00,xgb,ranking_total,57,4970,7,1000,0.7732667326927185,758,242,0.4982087016105652,"[""V176"", ""V255"", ""V191"", ""V160"", ""V215"", ""V380"", ""V342""]","{""n_estimators"": 292, ""learning_rate"": 0.13105524370037064, ""max_depth"": 5, ""subsample"": 0.7997527880759778, ""colsample_bytree"": 0.5908752672872168, ""min_child_weight"": 7, ""reg_alpha"": 0.24784955351126103, ""reg_lambda"": 1.4172226502924277}"
58,2026-06-05T11:31:36.229437+00:00,xgb,ranking_total,58,5250,5,1000,0.6836041808128357,750,250,0.49619409441947937,"[""V176"", ""V255"", ""V191"", ""V160"", ""V215""]","{""n_estimators"": 314, ""learning_rate"": 0.0645715649327592, ""max_depth"": 3, ""subsample"": 0.6553913492800435, ""colsample_bytree"": 0.7829779453807528, ""min_child_weight"": 8, ""reg_alpha"": 0.9371334299974101, ""reg_lambda"": 1.473518117042707}"
59,2026-06-05T11:31:52.714119+00:00,xgb,ranking_total,59,4940,7,1000,0.7903376221656799,756,244,0.5000616312026978,"[""V176"", ""V255"", ""V191"", ""V160"", ""V215"", ""V380"", ""V342""]","{""n_estimators"": 391, ""learning_rate"": 0.15501320405066674, ""max_depth"": 4, ""subsample"": 0.7480301743838947, ""colsample_bytree"": 0.5378110332975685, ""min_child_weight"": 2, ""reg_alpha"": 0.2896340057739586, ""reg_lambda"": 1.1176089175768495}"
60,2026-06-05T11:32:11.278066+00:00,xgb,ranking_total,60,5050,7,999,0.7939849495887756,763,236,0.5030933618545532,"[""V176"", ""V255"", ""V191"", ""V160"", ""V215"", ""V380"", ""V342""]","{""n_estimators"": 277, ""learning_rate"": 0.15069251815736728, ""max_depth"": 6, ""subsample"": 0.9895808923399334, ""colsample_bytree"": 0.6989276467769358, ""min_child_weight"": 4, ""reg_alpha"": 0.9411898423454207, ""reg_lambda"": 0.8996632034179628}"
61,2026-06-05T11:32:29.231208+00:00,xgb,ranking_total,61,4785,6,999,0.7827514410018921,732,267,0.5021297931671143,"[""V176"", ""V255"", ""V191"", ""V160"", ""V215"", ""V380""]","{""n_estimators"": 305, ""learning_rate"": 0.1461976957920333, ""max_depth"": 5, ""subsample"": 0.6615913384841097, ""colsample_bytree"": 0.8328747851441545, ""min_child_weight"": 2, ""reg_alpha"": 0.74842802731882, ""reg_lambda"": 1.5607951638015345}"
62,2026-06-05T11:32:35.993896+00:00,xgb,ranking_total,62,5175,5,1000,0.6951412558555603,745,255,0.4984322190284729,"[""V176"", ""V255"", ""V191"", ""V160"", ""V215""]","{""n_estimators"": 199, ""learning_rate"": 0.15936471124889298, ""max_depth"": 3, ""subsample"": 0.9386633841035263, ""colsample_bytree"": 0.7497756536733196, ""min_child_weight"": 2, ""reg_alpha"": 0.0035455468097308485, ""reg_lambda"": 2.34728869327677}"
63,2026-06-05T11:32:41.488476+00:00,xgb,ranking_total,63,5155,5,998,0.6877037882804871,743,255,0.49822407960891724,"[""V176"", ""V255"", ""V191"", ""V160"", ""V215""]","{""n_estimators"": 118, ""learning_rate"": 0.11134514148061071, ""max_depth"": 4, ""subsample"": 0.9230425486404414, ""colsample_bytree"": 0.7057009999048872, ""min_child_weight"": 2, ""reg_alpha"": 0.8864141351799908, ""reg_lambda"": 1.065650903326277}"
64,2026-06-05T11:32:50.163020+00:00,xgb,ranking_total,64,5165,7,1000,0.7310002446174622,771,229,0.49795740842819214,"[""V176"", ""V255"", ""V191"", ""V160"", ""V215"", ""V380"", ""V342""]","{""n_estimators"": 144, ""learning_rate"": 0.10290383956907082, ""max_depth"": 5, ""subsample"": 0.5358353015991768, ""colsample_bytree"": 0.9109119480588979, ""min_child_weight"": 3, ""reg_alpha"": 0.7855495680577067, ""reg_lambda"": 1.988675647126036}"
65,2026-06-05T11:32:59.617274+00:00,xgb,ranking_total,65,5180,5,996,0.7104203701019287,744,252,0.4968718886375427,"[""V176"", ""V255"", ""V191"", ""V160"", ""V215""]","{""n_estimators"": 219, ""learning_rate"": 0.11277179628118034, ""max_depth"": 4, ""subsample"": 0.7249294494277263, ""colsample_bytree"": 0.7285099126973593, ""min_child_weight"": 9, ""reg_alpha"": 0.3133373611975704, ""reg_lambda"": 1.089718922003161}"
66,2026-06-05T11:33:18.465214+00:00,xgb,ranking_total,66,5285,7,1000,0.7054104804992676,779,221,0.49617186188697815,"[""V176"", ""V255"", ""V191"", ""V160"", ""V215"", ""V380"", ""V342""]","{""n_estimators"": 217, ""learning_rate"": 0.034710407925387085, ""max_depth"": 8, ""subsample"": 0.6879524371498996, ""colsample_bytree"": 0.7099811967588081, ""min_child_weight"": 7, ""reg_alpha"": 0.16295022250708835, ""reg_lambda"": 1.8986275064555331}"
67,2026-06-05T11:33:26.847488+00:00,xgb,ranking_total,67,5175,5,1000,0.6852399706840515,745,255,0.49609267711639404,"[""V176"", ""V255"", ""V191"", ""V160"", ""V215""]","{""n_estimators"": 120, ""learning_rate"": 0.059310349896959456, ""max_depth"": 6, ""subsample"": 0.6813427330884438, ""colsample_bytree"": 0.8395544377228157, ""min_child_weight"": 6, ""reg_alpha"": 0.904821464800912, ""reg_lambda"": 2.3432659917833862}"
68,2026-06-05T11:33:39.750377+00:00,xgb,ranking_total,68,4945,6,997,0.7539414167404175,742,255,0.5005567669868469,"[""V176"", ""V255"", ""V191"", ""V160"", ""V215"", ""V380""]","{""n_estimators"": 302, ""learning_rate"": 0.17270294161799465, ""max_depth"": 4, ""subsample"": 0.665795910506717, ""colsample_bytree"": 0.529998964780309, ""min_child_weight"": 4, ""reg_alpha"": 0.7561352918483811, ""reg_lambda"": 2.337622370165859}"
69,2026-06-05T11:34:02.052085+00:00,xgb,ranking_total,69,5200,7,999,0.7434564828872681,773,226,0.4995866119861603,"[""V176"", ""V255"", ""V191"", ""V160"", ""V215"", ""V380"", ""V342""]","{""n_estimators"": 302, ""learning_rate"": 0.05209432919976728, ""max_depth"": 7, ""subsample"": 0.8053883912485752, ""colsample_bytree"": 0.6481939791478635, ""min_child_weight"": 7, ""reg_alpha"": 0.32266640733806584, ""reg_lambda"": 1.1182425722494775}"
70,2026-06-05T11:34:12.403863+00:00,xgb,ranking_total,70,5155,5,995,0.7205522656440735,742,253,0.5005333423614502,"[""V176"", ""V255"", ""V191"", ""V160"", ""V215""]","{""n_estimators"": 154, ""learning_rate"": 0.09023680732667563, ""max_depth"": 6, ""subsample"": 0.6751262626117057, ""colsample_bytree"": 0.8947046282154463, ""min_child_weight"": 7, ""reg_alpha"": 0.14305329511753428, ""reg_lambda"": 1.0626445875313442}"
71,2026-06-05T11:34:35.713380+00:00,xgb,ranking_total,71,4700,5,999,0.7863209843635559,713,286,0.49823030829429626,"[""V176"", ""V255"", ""V191"", ""V160"", ""V215""]","{""n_estimators"": 314, ""learning_rate"": 0.16086394416138233, ""max_depth"": 7, ""subsample"": 0.562761909906455, ""colsample_bytree"": 0.5852866668881198, ""min_child_weight"": 6, ""reg_alpha"": 0.14800810092978367, ""reg_lambda"": 2.2190682044864136}"
72,2026-06-05T11:34:42.755655+00:00,xgb,ranking_total,72,5385,5,1000,0.6957244277000427,759,241,0.4969359338283539,"[""V176"", ""V255"", ""V191"", ""V160"", ""V215""]","{""n_estimators"": 207, ""learning_rate"": 0.14386799520246607, ""max_depth"": 3, ""subsample"": 0.8564588174175376, ""colsample_bytree"": 0.5847643871477171, ""min_child_weight"": 1, ""reg_alpha"": 0.7883107006384493, ""reg_lambda"": 1.9452085687596747}"
73,2026-06-05T11:35:14.091455+00:00,xgb,ranking_total,73,4505,5,999,0.7804409861564636,700,299,0.49783632159233093,"[""V176"", ""V255"", ""V191"", ""V160"", ""V215""]","{""n_estimators"": 375, ""learning_rate"": 0.13265139499180312, ""max_depth"": 8, ""subsample"": 0.5355825065418596, ""colsample_bytree"": 0.8241709709637413, ""min_child_weight"": 8, ""reg_alpha"": 0.6426342183058991, ""reg_lambda"": 2.389809447129578}"
74,2026-06-05T11:35:22.562808+00:00,xgb,ranking_total,74,5045,7,1000,0.7203359603881836,763,237,0.49828970432281494,"[""V176"", ""V255"", ""V191"", ""V160"", ""V215"", ""V380"", ""V342""]","{""n_estimators"": 246, ""learning_rate"": 0.11079313964534203, ""max_depth"": 3, ""subsample"": 0.5866905920589611, ""colsample_bytree"": 0.7593431863672621, ""min_child_weight"": 8, ""reg_alpha"": 0.0859074536262453, ""reg_lambda"": 2.232350670875527}"
75,2026-06-05T11:35:41.912449+00:00,xgb,ranking_total,75,4655,7,1000,0.8156008720397949,737,263,0.49865418672561646,"[""V176"", ""V255"", ""V191"", ""V160"", ""V215"", ""V380"", ""V342""]","{""n_estimators"": 237, ""learning_rate"": 0.16973444274872976, ""max_depth"": 7, ""subsample"": 0.6635426005407173, ""colsample_bytree"": 0.6244302380424167, ""min_child_weight"": 4, ""reg_alpha"": 0.6613284133782242, ""reg_lambda"": 1.9209825140591332}"
76,2026-06-05T11:35:57.173324+00:00,xgb,ranking_total,76,5075,7,1000,0.7740589380264282,765,235,0.5008717775344849,"[""V176"", ""V255"", ""V191"", ""V160"", ""V215"", ""V380"", ""V342""]","{""n_estimators"": 348, ""learning_rate"": 0.136833756416251, ""max_depth"": 4, ""subsample"": 0.9440553349501286, ""colsample_bytree"": 0.9648290885870345, ""min_child_weight"": 3, ""reg_alpha"": 0.533186156632571, ""reg_lambda"": 1.4717725990392168}"
77,2026-06-05T11:36:06.024014+00:00,xgb,ranking_total,77,5265,5,997,0.6928673982620239,750,247,0.49780145287513733,"[""V176"", ""V255"", ""V191"", ""V160"", ""V215""]","{""n_estimators"": 261, ""learning_rate"": 0.10769894579684795, ""max_depth"": 3, ""subsample"": 0.6673763122857626, ""colsample_bytree"": 0.5968567593367713, ""min_child_weight"": 3, ""reg_alpha"": 0.856685518937633, ""reg_lambda"": 1.6370261887467987}"
78,2026-06-05T11:36:33.994740+00:00,xgb,ranking_total,78,5110,6,997,0.711537778377533,753,244,0.5003660917282104,"[""V176"", ""V255"", ""V191"", ""V160"", ""V215"", ""V380""]","{""n_estimators"": 315, ""learning_rate"": 0.034854890676806416, ""max_depth"": 7, ""subsample"": 0.8768561148645884, ""colsample_bytree"": 0.5696572840513675, ""min_child_weight"": 1, ""reg_alpha"": 0.34115110179783437, ""reg_lambda"": 2.2779641647063333}"
79,2026-06-05T11:36:44.018359+00:00,xgb,ranking_total,79,5160,5,1000,0.7164002060890198,744,256,0.4977993071079254,"[""V176"", ""V255"", ""V191"", ""V160"", ""V215""]","{""n_estimators"": 297, ""learning_rate"": 0.16309995384621956, ""max_depth"": 3, ""subsample"": 0.8993480339519009, ""colsample_bytree"": 0.9000542958289413, ""min_child_weight"": 5, ""reg_alpha"": 0.7606209251584098, ""reg_lambda"": 2.4873447840099763}"
80,2026-06-05T11:37:05.268112+00:00,xgb,ranking_total,80,4960,7,999,0.7757858633995056,757,242,0.4997873902320862,"[""V176"", ""V255"", ""V191"", ""V160"", ""V215"", ""V380"", ""V342""]","{""n_estimators"": 289, ""learning_rate"": 0.10021011389221726, ""max_depth"": 7, ""subsample"": 0.9069010844423553, ""colsample_bytree"": 0.7170950316648108, ""min_child_weight"": 8, ""reg_alpha"": 0.3213640316096379, ""reg_lambda"": 2.0583479942148264}"
81,2026-06-05T11:37:23.693617+00:00,xgb,ranking_total,81,4855,6,1000,0.7675618529319763,737,263,0.5006847381591797,"[""V176"", ""V255"", ""V191"", ""V160"", ""V215"", ""V380""]","{""n_estimators"": 275, ""learning_rate"": 0.13142344873332196, ""max_depth"": 6, ""subsample"": 0.6349344855364751, ""colsample_bytree"": 0.8372409373444962, ""min_child_weight"": 8, ""reg_alpha"": 0.8825398436572417, ""reg_lambda"": 1.9820235999174913}"
82,2026-06-05T11:37:45.321232+00:00,xgb,ranking_total,82,5055,5,1000,0.753486156463623,737,263,0.5028847455978394,"[""V176"", ""V255"", ""V191"", ""V160"", ""V215""]","{""n_estimators"": 293, ""learning_rate"": 0.08112733150339524, ""max_depth"": 6, ""subsample"": 0.8325977284976065, ""colsample_bytree"": 0.9500428432131734, ""min_child_weight"": 2, ""reg_alpha"": 0.2482102251210051, ""reg_lambda"": 1.5182388888192124}"
83,2026-06-05T11:38:01.808487+00:00,xgb,ranking_total,83,5365,5,998,0.7028824090957642,757,241,0.4980315566062927,"[""V176"", ""V255"", ""V191"", ""V160"", ""V215""]","{""n_estimators"": 231, ""learning_rate"": 0.04320206370863776, ""max_depth"": 6, ""subsample"": 0.8119496061676899, ""colsample_bytree"": 0.889021153657708, ""min_child_weight"": 3, ""reg_alpha"": 0.6556181010539374, ""reg_lambda"": 2.416239723524961}"
84,2026-06-05T11:38:07.991728+00:00,xgb,ranking_total,84,5355,5,997,0.6867603659629822,756,241,0.4982370138168335,"[""V176"", ""V255"", ""V191"", ""V160"", ""V215""]","{""n_estimators"": 182, ""learning_rate"": 0.11484862523204188, ""max_depth"": 3, ""subsample"": 0.9534267514092118, ""colsample_bytree"": 0.6368665427989014, ""min_child_weight"": 5, ""reg_alpha"": 0.3867360667480175, ""reg_lambda"": 1.9868183225995777}"
85,2026-06-05T11:38:42.451234+00:00,xgb,ranking_total,85,4820,7,997,0.8244267106056213,747,250,0.500102162361145,"[""V176"", ""V255"", ""V191"", ""V160"", ""V215"", ""V380"", ""V342""]","{""n_estimators"": 341, ""learning_rate"": 0.08553634741733987, ""max_depth"": 8, ""subsample"": 0.657796307014227, ""colsample_bytree"": 0.685256376825683, ""min_child_weight"": 2, ""reg_alpha"": 0.2754019958793309, ""reg_lambda"": 0.7196162679540223}"
86,2026-06-05T11:39:01.701813+00:00,xgb,ranking_total,86,4895,7,1000,0.7966322898864746,753,247,0.5010886788368225,"[""V176"", ""V255"", ""V191"", ""V160"", ""V215"", ""V380"", ""V342""]","{""n_estimators"": 260, ""learning_rate"": 0.10634296029681105, ""max_depth"": 6, ""subsample"": 0.5242880458153736, ""colsample_bytree"": 0.8733298267182206, ""min_child_weight"": 2, ""reg_alpha"": 0.37324974209927675, ""reg_lambda"": 1.2385571871464731}"
87,2026-06-05T11:39:24.691873+00:00,xgb,ranking_total,87,4685,7,1000,0.843856930732727,739,261,0.5006518363952637,"[""V176"", ""V255"", ""V191"", ""V160"", ""V215"", ""V380"", ""V342""]","{""n_estimators"": 248, ""learning_rate"": 0.17896065653163168, ""max_depth"": 7, ""subsample"": 0.576318871650123, ""colsample_bytree"": 0.8772964057627615, ""min_child_weight"": 2, ""reg_alpha"": 0.42164722079002415, ""reg_lambda"": 2.2120477521770416}"
88,2026-06-05T11:40:02.689110+00:00,xgb,ranking_total,88,4835,7,1000,0.78554368019104,749,251,0.4996950328350067,"[""V176"", ""V255"", ""V191"", ""V160"", ""V215"", ""V380"", ""V342""]","{""n_estimators"": 287, ""learning_rate"": 0.07100475866817983, ""max_depth"": 9, ""subsample"": 0.5489160886576936, ""colsample_bytree"": 0.6203724578905905, ""min_child_weight"": 1, ""reg_alpha"": 0.5474529344525135, ""reg_lambda"": 1.9383065958575159}"
89,2026-06-05T11:40:24.434301+00:00,xgb,ranking_total,89,5020,7,996,0.7963746786117554,760,236,0.503303050994873,"[""V176"", ""V255"", ""V191"", ""V160"", ""V215"", ""V380"", ""V342""]","{""n_estimators"": 388, ""learning_rate"": 0.10607245323196202, ""max_depth"": 5, ""subsample"": 0.8262089375268116, ""colsample_bytree"": 0.8611118260770707, ""min_child_weight"": 1, ""reg_alpha"": 0.7142971018711349, ""reg_lambda"": 1.9346767641828015}"
90,2026-06-05T11:41:05.954695+00:00,xgb,ranking_total,90,4940,7,1000,0.829851508140564,756,244,0.5001074075698853,"[""V176"", ""V255"", ""V191"", ""V160"", ""V215"", ""V380"", ""V342""]","{""n_estimators"": 386, ""learning_rate"": 0.06839057014675053, ""max_depth"": 9, ""subsample"": 0.6433264355991843, ""colsample_bytree"": 0.8174003867960912, ""min_child_weight"": 3, ""reg_alpha"": 0.015990073460554255, ""reg_lambda"": 0.8051904577678375}"
91,2026-06-05T11:41:23.427232+00:00,xgb,ranking_total,91,5195,7,1000,0.7383758425712585,773,227,0.49967387318611145,"[""V176"", ""V255"", ""V191"", ""V160"", ""V215"", ""V380"", ""V342""]","{""n_estimators"": 257, ""learning_rate"": 0.053652849151411094, ""max_depth"": 6, ""subsample"": 0.6549256663937038, ""colsample_bytree"": 0.7049210711795026, ""min_child_weight"": 3, ""reg_alpha"": 0.2677095144131617, ""reg_lambda"": 1.1681023149767582}"
92,2026-06-05T11:41:38.275906+00:00,xgb,ranking_total,92,4735,6,1000,0.7772295475006104,729,271,0.500230610370636,"[""V176"", ""V255"", ""V191"", ""V160"", ""V215"", ""V380""]","{""n_estimators"": 278, ""learning_rate"": 0.17861761331076226, ""max_depth"": 5, ""subsample"": 0.648249844350536, ""colsample_bytree"": 0.546666834240384, ""min_child_weight"": 5, ""reg_alpha"": 0.4583770910294558, ""reg_lambda"": 1.577739784901779}"
93,2026-06-05T11:41:50.268633+00:00,xgb,ranking_total,93,4965,6,999,0.756019651889801,744,255,0.5004100799560547,"[""V176"", ""V255"", ""V191"", ""V160"", ""V215"", ""V380""]","{""n_estimators"": 222, ""learning_rate"": 0.16710351190184977, ""max_depth"": 5, ""subsample"": 0.7123640657375538, ""colsample_bytree"": 0.7394348234235947, ""min_child_weight"": 8, ""reg_alpha"": 0.2581038426855332, ""reg_lambda"": 2.365515194635824}"
94,2026-06-05T11:42:12.810139+00:00,xgb,ranking_total,94,4965,6,999,0.7331827878952026,744,255,0.49926620721817017,"[""V176"", ""V255"", ""V191"", ""V160"", ""V215"", ""V380""]","{""n_estimators"": 252, ""learning_rate"": 0.07608615140153549, ""max_depth"": 8, ""subsample"": 0.5525139031407196, ""colsample_bytree"": 0.5671243952946167, ""min_child_weight"": 5, ""reg_alpha"": 0.9993765288232714, ""reg_lambda"": 2.0019678538643824}"
95,2026-06-05T11:42:36.577018+00:00,xgb,ranking_total,95,4855,7,999,0.8146119713783264,750,249,0.501197099685669,"[""V176"", ""V255"", ""V191"", ""V160"", ""V215"", ""V380"", ""V342""]","{""n_estimators"": 287, ""learning_rate"": 0.1477736639312146, ""max_depth"": 8, ""subsample"": 0.8449308072893819, ""colsample_bytree"": 0.7117164894502674, ""min_child_weight"": 9, ""reg_alpha"": 0.39247196998969147, ""reg_lambda"": 1.5238142962625791}"
96,2026-06-05T11:43:20.596417+00:00,xgb,ranking_total,96,4795,7,999,0.7769731879234314,746,253,0.49682825803756714,"[""V176"", ""V255"", ""V191"", ""V160"", ""V215"", ""V380"", ""V342""]","{""n_estimators"": 397, ""learning_rate"": 0.058603202793627435, ""max_depth"": 9, ""subsample"": 0.6150425401289981, ""colsample_bytree"": 0.6531876829750216, ""min_child_weight"": 3, ""reg_alpha"": 0.8694621000041144, ""reg_lambda"": 1.9484753527986953}"
97,2026-06-05T11:43:35.077516+00:00,xgb,ranking_total,97,5050,6,1000,0.7534559369087219,750,250,0.49934056401252747,"[""V176"", ""V255"", ""V191"", ""V160"", ""V215"", ""V380""]","{""n_estimators"": 184, ""learning_rate"": 0.101283994886468, ""max_depth"": 7, ""subsample"": 0.9086176865817284, ""colsample_bytree"": 0.9519402373675536, ""min_child_weight"": 7, ""reg_alpha"": 0.5862663471555426, ""reg_lambda"": 1.4496881379544855}"
98,2026-06-05T11:43:47.292909+00:00,xgb,ranking_total,98,5030,7,1000,0.7811576724052429,762,238,0.5008435845375061,"[""V176"", ""V255"", ""V191"", ""V160"", ""V215"", ""V380"", ""V342""]","{""n_estimators"": 190, ""learning_rate"": 0.15326010834824572, ""max_depth"": 6, ""subsample"": 0.7235768926307558, ""colsample_bytree"": 0.6422905045143158, ""min_child_weight"": 6, ""reg_alpha"": 0.2385812424044581, ""reg_lambda"": 0.7375072684337953}"
99,2026-06-05T11:43:56.845696+00:00,xgb,ranking_total,99,5015,7,1000,0.7494226098060608,761,239,0.4980783760547638,"[""V176"", ""V255"", ""V191"", ""V160"", ""V215"", ""V380"", ""V342""]","{""n_estimators"": 142, ""learning_rate"": 0.1150783523176327, ""max_depth"": 6, ""subsample"": 0.5709159328810234, ""colsample_bytree"": 0.8866032008002485, ""min_child_weight"": 7, ""reg_alpha"": 0.11891018660926722, ""reg_lambda"": 1.2771190455657404}"
100,2026-06-05T11:44:04.428836+00:00,xgb,ranking_total,100,5190,5,1000,0.6921002268791199,746,254,0.4975457489490509,"[""V176"", ""V255"", ""V191"", ""V160"", ""V215""]","{""n_estimators"": 229, ""learning_rate"": 0.1383809511602801, ""max_depth"": 3, ""subsample"": 0.9127475870179482, ""colsample_bytree"": 0.515723193813149, ""min_child_weight"": 6, ""reg_alpha"": 0.19331310365809062, ""reg_lambda"": 2.4546961232665554}"
101,2026-06-05T11:44:08.493451+00:00,xgb,ranking_total,101,5285,7,1000,0.6909953951835632,779,221,0.49499452114105225,"[""V176"", ""V255"", ""V191"", ""V160"", ""V215"", ""V380"", ""V342""]","{""n_estimators"": 108, ""learning_rate"": 0.1306733450424329, ""max_depth"": 3, ""subsample"": 0.5743024200376825, ""colsample_bytree"": 0.5783555400430005, ""min_child_weight"": 6, ""reg_alpha"": 0.6707490847267786, ""reg_lambda"": 2.1517055102100953}"
102,2026-06-05T11:44:18.090566+00:00,xgb,ranking_total,102,5030,7,1000,0.7324205636978149,762,238,0.4973587989807129,"[""V176"", ""V255"", ""V191"", ""V160"", ""V215"", ""V380"", ""V342""]","{""n_estimators"": 111, ""learning_rate"": 0.11560013803022097, ""max_depth"": 8, ""subsample"": 0.5006651978391297, ""colsample_bytree"": 0.7670554400753113, ""min_child_weight"": 9, ""reg_alpha"": 0.3069662196722378, ""reg_lambda"": 2.287226159366795}"
103,2026-06-05T11:44:37.445033+00:00,xgb,ranking_total,103,5015,6,998,0.7481935620307922,747,251,0.49835219979286194,"[""V176"", ""V255"", ""V191"", ""V160"", ""V215"", ""V380""]","{""n_estimators"": 356, ""learning_rate"": 0.08963361525087085, ""max_depth"": 5, ""subsample"": 0.6496408705048509, ""colsample_bytree"": 0.8653701339545172, ""min_child_weight"": 9, ""reg_alpha"": 0.8090176696206909, ""reg_lambda"": 0.8344970082978309}"
104,2026-06-05T11:45:02.038292+00:00,xgb,ranking_total,104,4950,5,1000,0.7408602237701416,730,270,0.49877285957336426,"[""V176"", ""V255"", ""V191"", ""V160"", ""V215""]","{""n_estimators"": 363, ""learning_rate"": 0.06886410240927554, ""max_depth"": 6, ""subsample"": 0.5854718426387511, ""colsample_bytree"": 0.9138161238103206, ""min_child_weight"": 6, ""reg_alpha"": 0.4809718091737758, ""reg_lambda"": 0.6774463031095974}"
105,2026-06-05T11:45:12.937749+00:00,xgb,ranking_total,105,5360,7,1000,0.6967748999595642,784,216,0.4965188503265381,"[""V176"", ""V255"", ""V191"", ""V160"", ""V215"", ""V380"", ""V342""]","{""n_estimators"": 169, ""learning_rate"": 0.04865121226195061, ""max_depth"": 6, ""subsample"": 0.9037466810251883, ""colsample_bytree"": 0.6492372877700416, ""min_child_weight"": 9, ""reg_alpha"": 0.9990267438600756, ""reg_lambda"": 0.6862460286235736}"
106,2026-06-05T11:45:25.299608+00:00,xgb,ranking_total,106,5195,7,991,0.7263993620872498,770,221,0.49978676438331604,"[""V176"", ""V255"", ""V191"", ""V160"", ""V215"", ""V380"", ""V342""]","{""n_estimators"": 292, ""learning_rate"": 0.07923980012555377, ""max_depth"": 4, ""subsample"": 0.9296778725443235, ""colsample_bytree"": 0.5528434176595423, ""min_child_weight"": 1, ""reg_alpha"": 0.7344198008156535, ""reg_lambda"": 1.1983537718181994}"
107,2026-06-05T11:45:58.532522+00:00,xgb,ranking_total,107,4810,6,1000,0.7973853349685669,734,266,0.49992290139198303,"[""V176"", ""V255"", ""V191"", ""V160"", ""V215"", ""V380""]","{""n_estimators"": 395, ""learning_rate"": 0.10144038280423547, ""max_depth"": 7, ""subsample"": 0.8051093858635581, ""colsample_bytree"": 0.926029908737652, ""min_child_weight"": 6, ""reg_alpha"": 0.9968964530112713, ""reg_lambda"": 0.526100037358133}"
108,2026-06-05T11:46:14.545348+00:00,xgb,ranking_total,108,4730,7,1000,0.8154104948043823,742,258,0.4995078146457672,"[""V176"", ""V255"", ""V191"", ""V160"", ""V215"", ""V380"", ""V342""]","{""n_estimators"": 162, ""learning_rate"": 0.17865872311008818, ""max_depth"": 9, ""subsample"": 0.7817009243238886, ""colsample_bytree"": 0.6126322071843793, ""min_child_weight"": 7, ""reg_alpha"": 0.38534581029781123, ""reg_lambda"": 0.5345593742309691}"
109,2026-06-05T11:46:28.427416+00:00,xgb,ranking_total,109,5000,7,1000,0.792721688747406,760,240,0.5014231204986572,"[""V176"", ""V255"", ""V191"", ""V160"", ""V215"", ""V380"", ""V342""]","{""n_estimators"": 199, ""learning_rate"": 0.1660827953007679, ""max_depth"": 6, ""subsample"": 0.7900444701755276, ""colsample_bytree"": 0.5645571432898695, ""min_child_weight"": 3, ""reg_alpha"": 0.32222699883338013, ""reg_lambda"": 1.0335838328778142}"
110,2026-06-05T11:46:59.984940+00:00,xgb,ranking_total,110,4655,7,1000,0.8335422873497009,737,263,0.498748242855072,"[""V176"", ""V255"", ""V191"", ""V160"", ""V215"", ""V380"", ""V342""]","{""n_estimators"": 362, ""learning_rate"": 0.12530708434964685, ""max_depth"": 8, ""subsample"": 0.8496417980729397, ""colsample_bytree"": 0.5972846241030003, ""min_child_weight"": 5, ""reg_alpha"": 0.08857352813998931, ""reg_lambda"": 1.182780464963317}"
111,2026-06-05T11:47:28.325438+00:00,xgb,ranking_total,111,4755,6,999,0.8253424167633057,730,269,0.5038977861404419,"[""V176"", ""V255"", ""V191"", ""V160"", ""V215"", ""V380""]","{""n_estimators"": 228, ""learning_rate"": 0.1519279911277317, ""max_depth"": 8, ""subsample"": 0.9778001107751674, ""colsample_bytree"": 0.927166330365429, ""min_child_weight"": 1, ""reg_alpha"": 0.6824631292225899, ""reg_lambda"": 2.4100199919752088}"
112,2026-06-05T11:47:41.791623+00:00,xgb,ranking_total,112,5105,6,998,0.727944552898407,753,245,0.4985235333442688,"[""V176"", ""V255"", ""V191"", ""V160"", ""V215"", ""V380""]","{""n_estimators"": 312, ""learning_rate"": 0.09540885290567552, ""max_depth"": 4, ""subsample"": 0.648857989517321, ""colsample_bytree"": 0.6889312198354414, ""min_child_weight"": 8, ""reg_alpha"": 0.022478324544161765, ""reg_lambda"": 1.3404489845291154}"
113,2026-06-05T11:47:52.085285+00:00,xgb,ranking_total,113,5110,5,998,0.7155625224113464,740,258,0.4986259341239929,"[""V176"", ""V255"", ""V191"", ""V160"", ""V215""]","{""n_estimators"": 200, ""learning_rate"": 0.13613633130524821, ""max_depth"": 5, ""subsample"": 0.9750082897025836, ""colsample_bytree"": 0.5378386023510308, ""min_child_weight"": 8, ""reg_alpha"": 0.6089615362342131, ""reg_lambda"": 1.0053604402364154}"
114,2026-06-05T11:48:07.136819+00:00,xgb,ranking_total,114,5280,5,1000,0.6991977095603943,752,248,0.49843594431877136,"[""V176"", ""V255"", ""V191"", ""V160"", ""V215""]","{""n_estimators"": 265, ""learning_rate"": 0.04847894274507119, ""max_depth"": 5, ""subsample"": 0.9474658813493118, ""colsample_bytree"": 0.7182467737893041, ""min_child_weight"": 1, ""reg_alpha"": 0.5758578744249331, ""reg_lambda"": 2.1809418394591447}"
115,2026-06-05T11:48:16.378068+00:00,xgb,ranking_total,115,5340,5,1000,0.6817246079444885,756,244,0.4970797896385193,"[""V176"", ""V255"", ""V191"", ""V160"", ""V215""]","{""n_estimators"": 174, ""learning_rate"": 0.048962816374836786, ""max_depth"": 5, ""subsample"": 0.9629418815241304, ""colsample_bytree"": 0.7442065888253218, ""min_child_weight"": 9, ""reg_alpha"": 0.00941220195459147, ""reg_lambda"": 1.258646564680408}"
116,2026-06-05T11:48:36.582144+00:00,xgb,ranking_total,116,5105,5,996,0.7290849685668945,739,257,0.4999598562717438,"[""V176"", ""V255"", ""V191"", ""V160"", ""V215""]","{""n_estimators"": 374, ""learning_rate"": 0.07373504262727618, ""max_depth"": 5, ""subsample"": 0.7068458667341254, ""colsample_bytree"": 0.7884003743629017, ""min_child_weight"": 6, ""reg_alpha"": 0.49465065591439905, ""reg_lambda"": 0.5324518914985386}"
117,2026-06-05T11:48:45.118243+00:00,xgb,ranking_total,117,5080,4,999,0.6899640560150146,725,274,0.4958931505680084,"[""V176"", ""V255"", ""V191"", ""V160""]","{""n_estimators"": 149, ""learning_rate"": 0.10604634876825417, ""max_depth"": 5, ""subsample"": 0.5012457534291186, ""colsample_bytree"": 0.8919562981287088, ""min_child_weight"": 9, ""reg_alpha"": 0.4779939510390452, ""reg_lambda"": 1.2234473789323481}"
118,2026-06-05T11:49:00.274200+00:00,xgb,ranking_total,118,5145,6,999,0.724911630153656,756,243,0.5003101825714111,"[""V176"", ""V255"", ""V191"", ""V160"", ""V215"", ""V380""]","{""n_estimators"": 212, ""learning_rate"": 0.07489996661157097, ""max_depth"": 6, ""subsample"": 0.9426517003801302, ""colsample_bytree"": 0.5932217947755613, ""min_child_weight"": 1, ""reg_alpha"": 0.6068702269002959, ""reg_lambda"": 1.465429198141477}"
119,2026-06-05T11:49:31.007401+00:00,xgb,ranking_total,119,5015,7,1000,0.7374526262283325,761,239,0.4963727593421936,"[""V176"", ""V255"", ""V191"", ""V160"", ""V215"", ""V380"", ""V342""]","{""n_estimators"": 356, ""learning_rate"": 0.04711449799590322, ""max_depth"": 8, ""subsample"": 0.5293123845371088, ""colsample_bytree"": 0.9544752105318116, ""min_child_weight"": 9, ""reg_alpha"": 0.9377480497194558, ""reg_lambda"": 0.7616965582502819}"
120,2026-06-05T11:49:40.514023+00:00,xgb,ranking_total,120,5155,6,994,0.6869616508483887,755,239,0.4965667128562927,"[""V176"", ""V255"", ""V191"", ""V160"", ""V215"", ""V380""]","{""n_estimators"": 126, ""learning_rate"": 0.0606071576410507, ""max_depth"": 7, ""subsample"": 0.8154157441549342, ""colsample_bytree"": 0.5284625827028449, ""min_child_weight"": 9, ""reg_alpha"": 0.4199864819996859, ""reg_lambda"": 2.4741230039719895}"
121,2026-06-05T11:50:15.272090+00:00,xgb,ranking_total,121,4860,6,999,0.7770739197731018,737,262,0.4998215436935425,"[""V176"", ""V255"", ""V191"", ""V160"", ""V215"", ""V380""]","{""n_estimators"": 267, ""learning_rate"": 0.08483242628681525, ""max_depth"": 9, ""subsample"": 0.7827625292433145, ""colsample_bytree"": 0.7951797599355124, ""min_child_weight"": 2, ""reg_alpha"": 0.9508648660726735, ""reg_lambda"": 2.469151198156082}"
122,2026-06-05T11:50:31.927482+00:00,xgb,ranking_total,122,4790,5,999,0.7669537663459778,719,280,0.5012118220329285,"[""V176"", ""V255"", ""V191"", ""V160"", ""V215""]","{""n_estimators"": 364, ""learning_rate"": 0.1786814106624154, ""max_depth"": 4, ""subsample"": 0.5759722786105714, ""colsample_bytree"": 0.9150890691488169, ""min_child_weight"": 3, ""reg_alpha"": 0.5557905998327344, ""reg_lambda"": 1.9910478844418193}"
123,2026-06-05T11:50:55.925726+00:00,xgb,ranking_total,123,5165,7,1000,0.7569194436073303,771,229,0.49923521280288696,"[""V176"", ""V255"", ""V191"", ""V160"", ""V215"", ""V380"", ""V342""]","{""n_estimators"": 372, ""learning_rate"": 0.06323581897623679, ""max_depth"": 6, ""subsample"": 0.8057706055566998, ""colsample_bytree"": 0.7915403020405313, ""min_child_weight"": 6, ""reg_alpha"": 0.1887731000040771, ""reg_lambda"": 1.9041959478553248}"
124,2026-06-05T11:51:11.164488+00:00,xgb,ranking_total,124,5050,6,1000,0.7628470659255981,750,250,0.5026721954345703,"[""V176"", ""V255"", ""V191"", ""V160"", ""V215"", ""V380""]","{""n_estimators"": 198, ""learning_rate"": 0.11269721536243368, ""max_depth"": 6, ""subsample"": 0.7455594667162986, ""colsample_bytree"": 0.8900138809560396, ""min_child_weight"": 2, ""reg_alpha"": 0.6848297385848633, ""reg_lambda"": 1.4618638029687219}"
125,2026-06-05T11:51:25.531086+00:00,xgb,ranking_total,125,5030,7,1000,0.7693820595741272,762,238,0.5003272294998169,"[""V176"", ""V255"", ""V191"", ""V160"", ""V215"", ""V380"", ""V342""]","{""n_estimators"": 256, ""learning_rate"": 0.14182072273284196, ""max_depth"": 5, ""subsample"": 0.795162280865912, ""colsample_bytree"": 0.7802080042090487, ""min_child_weight"": 6, ""reg_alpha"": 0.6679624094080733, ""reg_lambda"": 1.2909500215645557}"
126,2026-06-05T11:51:44.054510+00:00,xgb,ranking_total,126,5310,5,1000,0.6872749328613281,754,246,0.49741241335868835,"[""V176"", ""V255"", ""V191"", ""V160"", ""V215""]","{""n_estimators"": 257, ""learning_rate"": 0.03862960427521346, ""max_depth"": 6, ""subsample"": 0.56627626360008, ""colsample_bytree"": 0.5655425748553515, ""min_child_weight"": 1, ""reg_alpha"": 0.6195123896958387, ""reg_lambda"": 0.5266708072723254}"
127,2026-06-05T11:51:57.760413+00:00,xgb,ranking_total,127,5185,7,999,0.7107523679733276,772,227,0.49723851680755615,"[""V176"", ""V255"", ""V191"", ""V160"", ""V215"", ""V380"", ""V342""]","{""n_estimators"": 211, ""learning_rate"": 0.049221610805100055, ""max_depth"": 6, ""subsample"": 0.5671520609985239, ""colsample_bytree"": 0.657206426366149, ""min_child_weight"": 7, ""reg_alpha"": 0.3830457201015457, ""reg_lambda"": 1.6600903484051248}"
128,2026-06-05T11:52:22.066800+00:00,xgb,ranking_total,128,5090,7,1000,0.7360941767692566,766,234,0.4988804757595062,"[""V176"", ""V255"", ""V191"", ""V160"", ""V215"", ""V380"", ""V342""]","{""n_estimators"": 301, ""learning_rate"": 0.03825204965468082, ""max_depth"": 7, ""subsample"": 0.592982656100218, ""colsample_bytree"": 0.8863953239764543, ""min_child_weight"": 5, ""reg_alpha"": 0.0862768990883871, ""reg_lambda"": 1.3827895141863313}"
129,2026-06-05T11:52:38.648375+00:00,xgb,ranking_total,129,4785,6,999,0.7713800072669983,732,267,0.49840086698532104,"[""V176"", ""V255"", ""V191"", ""V160"", ""V215"", ""V380""]","{""n_estimators"": 310, ""learning_rate"": 0.16380285754406246, ""max_depth"": 5, ""subsample"": 0.5657042390867435, ""colsample_bytree"": 0.5207967218738436, ""min_child_weight"": 6, ""reg_alpha"": 0.6454746004955415, ""reg_lambda"": 2.0811987040444664}"
130,2026-06-05T11:52:57.059440+00:00,xgb,ranking_total,130,4770,6,999,0.7590256929397583,731,268,0.4992736876010895,"[""V176"", ""V255"", ""V191"", ""V160"", ""V215"", ""V380""]","{""n_estimators"": 195, ""learning_rate"": 0.10187462665318671, ""max_depth"": 9, ""subsample"": 0.8026476188127638, ""colsample_bytree"": 0.5424281888062252, ""min_child_weight"": 7, ""reg_alpha"": 0.2694224408938686, ""reg_lambda"": 0.585052044650799}"
131,2026-06-05T11:53:08.710182+00:00,xgb,ranking_total,131,5280,6,999,0.7152782082557678,765,234,0.49862441420555115,"[""V176"", ""V255"", ""V191"", ""V160"", ""V215"", ""V380""]","{""n_estimators"": 217, ""learning_rate"": 0.07673165416913849, ""max_depth"": 5, ""subsample"": 0.9428392690636642, ""colsample_bytree"": 0.8811695445101059, ""min_child_weight"": 7, ""reg_alpha"": 0.47493860219754014, ""reg_lambda"": 2.346231967192156}"
132,2026-06-05T11:53:22.976137+00:00,xgb,ranking_total,132,4975,7,999,0.7908982038497925,758,241,0.5021868944168091,"[""V176"", ""V255"", ""V191"", ""V160"", ""V215"", ""V380"", ""V342""]","{""n_estimators"": 322, ""learning_rate"": 0.17221637487604047, ""max_depth"": 4, ""subsample"": 0.7912592762756949, ""colsample_bytree"": 0.6607387650404575, ""min_child_weight"": 1, ""reg_alpha"": 0.6331399100979177, ""reg_lambda"": 1.704874459716038}"
133,2026-06-05T11:53:44.492645+00:00,xgb,ranking_total,133,4855,7,999,0.8063398003578186,750,249,0.5012520551681519,"[""V176"", ""V255"", ""V191"", ""V160"", ""V215"", ""V380"", ""V342""]","{""n_estimators"": 181, ""learning_rate"": 0.09638895328563186, ""max_depth"": 9, ""subsample"": 0.8908413958536311, ""colsample_bytree"": 0.9007985591201013, ""min_child_weight"": 3, ""reg_alpha"": 0.3290568214813019, ""reg_lambda"": 0.516128873172996}"
134,2026-06-05T11:53:55.812813+00:00,xgb,ranking_total,134,5270,5,999,0.688424289226532,751,248,0.4967087507247925,"[""V176"", ""V255"", ""V191"", ""V160"", ""V215""]","{""n_estimators"": 261, ""learning_rate"": 0.08441203876919393, ""max_depth"": 4, ""subsample"": 0.5547780615569466, ""colsample_bytree"": 0.5711217574388965, ""min_child_weight"": 6, ""reg_alpha"": 0.955046070649496, ""reg_lambda"": 1.8190168917561158}"
135,2026-06-05T11:54:03.350267+00:00,xgb,ranking_total,135,5180,7,1000,0.7158706188201904,772,228,0.49745380878448486,"[""V176"", ""V255"", ""V191"", ""V160"", ""V215"", ""V380"", ""V342""]","{""n_estimators"": 138, ""learning_rate"": 0.09716463672707178, ""max_depth"": 5, ""subsample"": 0.8591538886796639, ""colsample_bytree"": 0.5976059387068254, ""min_child_weight"": 7, ""reg_alpha"": 0.7116700774041035, ""reg_lambda"": 1.8305433032809324}"
136,2026-06-05T11:54:20.322267+00:00,xgb,ranking_total,136,5200,7,999,0.7257440090179443,773,226,0.4969117045402527,"[""V176"", ""V255"", ""V191"", ""V160"", ""V215"", ""V380"", ""V342""]","{""n_estimators"": 259, ""learning_rate"": 0.047441552871124476, ""max_depth"": 6, ""subsample"": 0.59769908780629, ""colsample_bytree"": 0.9314911566944506, ""min_child_weight"": 8, ""reg_alpha"": 0.05255594905798844, ""reg_lambda"": 2.3605271396595358}"
137,2026-06-05T11:54:48.505705+00:00,xgb,ranking_total,137,4390,7,996,0.8385393619537354,718,278,0.4986796975135803,"[""V176"", ""V255"", ""V191"", ""V160"", ""V215"", ""V380"", ""V342""]","{""n_estimators"": 323, ""learning_rate"": 0.1716123112456886, ""max_depth"": 8, ""subsample"": 0.6067309421148201, ""colsample_bytree"": 0.5762094992339503, ""min_child_weight"": 5, ""reg_alpha"": 0.9582703214488213, ""reg_lambda"": 0.845882898096}"
138,2026-06-05T11:55:09.855724+00:00,xgb,ranking_total,138,4905,6,990,0.7709566950798035,737,253,0.4999695420265198,"[""V176"", ""V255"", ""V191"", ""V160"", ""V215"", ""V380""]","{""n_estimators"": 322, ""learning_rate"": 0.10592190327705148, ""max_depth"": 6, ""subsample"": 0.847685483795739, ""colsample_bytree"": 0.8499951763546784, ""min_child_weight"": 7, ""reg_alpha"": 0.5027030219248629, ""reg_lambda"": 2.283606338442899}"
139,2026-06-05T11:55:39.284057+00:00,xgb,ranking_total,139,4500,6,999,0.817132830619812,713,286,0.5002132058143616,"[""V176"", ""V255"", ""V191"", ""V160"", ""V215"", ""V380""]","{""n_estimators"": 350, ""learning_rate"": 0.1512865051313081, ""max_depth"": 8, ""subsample"": 0.6620137638719381, ""colsample_bytree"": 0.976119219786671, ""min_child_weight"": 9, ""reg_alpha"": 0.07758451546789491, ""reg_lambda"": 1.2691281802192131}"
140,2026-06-05T11:55:49.444526+00:00,xgb,ranking_total,140,5120,5,999,0.700034499168396,741,258,0.4989113211631775,"[""V176"", ""V255"", ""V191"", ""V160"", ""V215""]","{""n_estimators"": 104, ""learning_rate"": 0.05803429970880393, ""max_depth"": 7, ""subsample"": 0.9671116709499092, ""colsample_bytree"": 0.979480618658787, ""min_child_weight"": 2, ""reg_alpha"": 0.19195314620421766, ""reg_lambda"": 0.9613370938849546}"
141,2026-06-05T11:56:10.833673+00:00,xgb,ranking_total,141,4990,6,1000,0.7146386504173279,746,254,0.4967421889305115,"[""V176"", ""V255"", ""V191"", ""V160"", ""V215"", ""V380""]","{""n_estimators"": 204, ""learning_rate"": 0.057421068894191435, ""max_depth"": 9, ""subsample"": 0.5004923882068524, ""colsample_bytree"": 0.6482816544189353, ""min_child_weight"": 4, ""reg_alpha"": 0.9155044058012787, ""reg_lambda"": 0.9288827641677533}"
142,2026-06-05T11:56:26.935556+00:00,xgb,ranking_total,142,5135,7,1000,0.7751654982566833,769,231,0.5023034811019897,"[""V176"", ""V255"", ""V191"", ""V160"", ""V215"", ""V380"", ""V342""]","{""n_estimators"": 218, ""learning_rate"": 0.08342561772733356, ""max_depth"": 6, ""subsample"": 0.7455755264363668, ""colsample_bytree"": 0.9355098520003529, ""min_child_weight"": 2, ""reg_alpha"": 0.15443588642592365, ""reg_lambda"": 0.600828162027363}"
143,2026-06-05T11:56:58.095820+00:00,xgb,ranking_total,143,5150,7,1000,0.8128404021263123,770,230,0.5008783936500549,"[""V176"", ""V255"", ""V191"", ""V160"", ""V215"", ""V380"", ""V342""]","{""n_estimators"": 377, ""learning_rate"": 0.08648257273190565, ""max_depth"": 7, ""subsample"": 0.8879095346945204, ""colsample_bytree"": 0.8236124001439071, ""min_child_weight"": 3, ""reg_alpha"": 0.3220361230629616, ""reg_lambda"": 1.0394122217936597}"
144,2026-06-05T11:57:06.213916+00:00,xgb,ranking_total,144,5165,7,1000,0.7381566762924194,771,229,0.500072181224823,"[""V176"", ""V255"", ""V191"", ""V160"", ""V215"", ""V380"", ""V342""]","{""n_estimators"": 178, ""learning_rate"": 0.14602142342174954, ""max_depth"": 4, ""subsample"": 0.7340450504366748, ""colsample_bytree"": 0.7119690078210117, ""min_child_weight"": 3, ""reg_alpha"": 0.5125118645514876, ""reg_lambda"": 1.4092657865402691}"
145,2026-06-05T11:57:28.617667+00:00,xgb,ranking_total,145,4990,7,999,0.7819728851318359,759,240,0.5022762417793274,"[""V176"", ""V255"", ""V191"", ""V160"", ""V215"", ""V380"", ""V342""]","{""n_estimators"": 316, ""learning_rate"": 0.10151017457825774, ""max_depth"": 6, ""subsample"": 0.9716021184291934, ""colsample_bytree"": 0.8137731496541742, ""min_child_weight"": 2, ""reg_alpha"": 0.45904381884196677, ""reg_lambda"": 2.114752345743609}"
146,2026-06-05T11:57:42.258369+00:00,xgb,ranking_total,146,5235,5,1000,0.6601033806800842,749,251,0.4950043857097626,"[""V176"", ""V255"", ""V191"", ""V160"", ""V215""]","{""n_estimators"": 137, ""learning_rate"": 0.03030446993790147, ""max_depth"": 9, ""subsample"": 0.8974357175840476, ""colsample_bytree"": 0.7099543312648593, ""min_child_weight"": 9, ""reg_alpha"": 0.7707390295296226, ""reg_lambda"": 1.6962791587134505}"
147,2026-06-05T11:57:57.250153+00:00,xgb,ranking_total,147,5190,5,1000,0.7120928168296814,746,254,0.49945953488349915,"[""V176"", ""V255"", ""V191"", ""V160"", ""V215""]","{""n_estimators"": 354, ""learning_rate"": 0.07497309103042094, ""max_depth"": 4, ""subsample"": 0.7747285825530239, ""colsample_bytree"": 0.7746493402956453, ""min_child_weight"": 8, ""reg_alpha"": 0.362831816766112, ""reg_lambda"": 0.512687695764233}"
148,2026-06-05T11:58:11.384683+00:00,xgb,ranking_total,148,5195,7,1000,0.7263791561126709,773,227,0.49757108092308044,"[""V176"", ""V255"", ""V191"", ""V160"", ""V215"", ""V380"", ""V342""]","{""n_estimators"": 314, ""learning_rate"": 0.058835382647419, ""max_depth"": 4, ""subsample"": 0.5154154325710245, ""colsample_bytree"": 0.8456281601353183, ""min_child_weight"": 2, ""reg_alpha"": 0.45742173035504685, ""reg_lambda"": 0.5003943156341595}"
149,2026-06-05T11:58:31.149889+00:00,xgb,ranking_total,149,5095,5,998,0.6840894222259521,739,259,0.4971243143081665,"[""V176"", ""V255"", ""V191"", ""V160"", ""V215""]","{""n_estimators"": 183, ""learning_rate"": 0.054657011188911336, ""max_depth"": 9, ""subsample"": 0.5791363612187062, ""colsample_bytree"": 0.5312225629307301, ""min_child_weight"": 3, ""reg_alpha"": 0.9819110006571198, ""reg_lambda"": 2.357905406158034}"
150,2026-06-05T11:58:37.242176+00:00,xgb,ranking_total,150,5250,5,1000,0.7121928334236145,750,250,0.49828311800956726,"[""V176"", ""V255"", ""V191"", ""V160"", ""V215""]","{""n_estimators"": 128, ""learning_rate"": 0.17695554049768736, ""max_depth"": 4, ""subsample"": 0.8676998050439066, ""colsample_bytree"": 0.9756139811493096, ""min_child_weight"": 5, ""reg_alpha"": 0.8609819860487256, ""reg_lambda"": 1.4415047608559004}"
151,2026-06-05T11:58:51.452298+00:00,xgb,ranking_total,151,5105,7,1000,0.7770487666130066,767,233,0.500999391078949,"[""V176"", ""V255"", ""V191"", ""V160"", ""V215"", ""V380"", ""V342""]","{""n_estimators"": 328, ""learning_rate"": 0.16977221540134954, ""max_depth"": 4, ""subsample"": 0.9388275721632928, ""colsample_bytree"": 0.8694827383349863, ""min_child_weight"": 6, ""reg_alpha"": 0.517208551210307, ""reg_lambda"": 2.4042192597312204}"
152,2026-06-05T11:59:20.616989+00:00,xgb,ranking_total,152,5015,7,1000,0.7482725381851196,761,239,0.5005252957344055,"[""V176"", ""V255"", ""V191"", ""V160"", ""V215"", ""V380"", ""V342""]","{""n_estimators"": 318, ""learning_rate"": 0.05652325516482365, ""max_depth"": 7, ""subsample"": 0.5989452704798948, ""colsample_bytree"": 0.6338973141256514, ""min_child_weight"": 1, ""reg_alpha"": 0.7699707726508938, ""reg_lambda"": 2.401522442667821}"
153,2026-06-05T11:59:52.784602+00:00,xgb,ranking_total,153,4845,6,999,0.780079185962677,736,263,0.4999713897705078,"[""V176"", ""V255"", ""V191"", ""V160"", ""V215"", ""V380""]","{""n_estimators"": 320, ""learning_rate"": 0.07527076044340861, ""max_depth"": 8, ""subsample"": 0.5191645365060096, ""colsample_bytree"": 0.6626866522660745, ""min_child_weight"": 2, ""reg_alpha"": 0.5676458706895693, ""reg_lambda"": 0.6446794022584075}"
154,2026-06-05T11:59:59.483304+00:00,xgb,ranking_total,154,5170,6,997,0.7053872346878052,757,240,0.4981640577316284,"[""V176"", ""V255"", ""V191"", ""V160"", ""V215"", ""V380""]","{""n_estimators"": 195, ""learning_rate"": 0.13273302703632162, ""max_depth"": 3, ""subsample"": 0.746834809262805, ""colsample_bytree"": 0.5277159474663627, ""min_child_weight"": 7, ""reg_alpha"": 0.8048666508545789, ""reg_lambda"": 0.9200359209721576}"
155,2026-06-05T12:00:28.684142+00:00,xgb,ranking_total,155,4835,7,1000,0.829729437828064,749,251,0.5003883838653564,"[""V176"", ""V255"", ""V191"", ""V160"", ""V215"", ""V380"", ""V342""]","{""n_estimators"": 377, ""learning_rate"": 0.12458259110172397, ""max_depth"": 7, ""subsample"": 0.9298138059135277, ""colsample_bytree"": 0.6451656664406809, ""min_child_weight"": 4, ""reg_alpha"": 0.637513091539349, ""reg_lambda"": 1.0069900989165934}"
156,2026-06-05T12:00:58.017255+00:00,xgb,ranking_total,156,4720,7,993,0.8107364177703857,739,254,0.4980570673942566,"[""V176"", ""V255"", ""V191"", ""V160"", ""V215"", ""V380"", ""V342""]","{""n_estimators"": 354, ""learning_rate"": 0.1129130219368032, ""max_depth"": 8, ""subsample"": 0.8103125441480137, ""colsample_bytree"": 0.5533133378281505, ""min_child_weight"": 7, ""reg_alpha"": 0.2401064478125089, ""reg_lambda"": 1.4611392026782861}"
157,2026-06-05T12:01:11.363376+00:00,xgb,ranking_total,157,4760,6,992,0.7652806639671326,728,264,0.49773940443992615,"[""V176"", ""V255"", ""V191"", ""V160"", ""V215"", ""V380""]","{""n_estimators"": 144, ""learning_rate"": 0.16517441886551715, ""max_depth"": 8, ""subsample"": 0.6312176626899546, ""colsample_bytree"": 0.5937341472102975, ""min_child_weight"": 5, ""reg_alpha"": 0.5965327159933547, ""reg_lambda"": 1.2140131268290018}"
158,2026-06-05T12:01:26.682544+00:00,xgb,ranking_total,158,5105,7,1000,0.7557398676872253,767,233,0.49936240911483765,"[""V176"", ""V255"", ""V191"", ""V160"", ""V215"", ""V380"", ""V342""]","{""n_estimators"": 268, ""learning_rate"": 0.09366085587280305, ""max_depth"": 5, ""subsample"": 0.5367229516020656, ""colsample_bytree"": 0.9428662945200942, ""min_child_weight"": 6, ""reg_alpha"": 0.6404589862067358, ""reg_lambda"": 0.997947999665588}"
159,2026-06-05T12:01:54.486120+00:00,xgb,ranking_total,159,4945,6,1000,0.7308077812194824,743,257,0.4970444440841675,"[""V176"", ""V255"", ""V191"", ""V160"", ""V215"", ""V380""]","{""n_estimators"": 306, ""learning_rate"": 0.05325101024336133, ""max_depth"": 8, ""subsample"": 0.5560896268159774, ""colsample_bytree"": 0.7816700367040825, ""min_child_weight"": 6, ""reg_alpha"": 0.8210471786593786, ""reg_lambda"": 1.8326844474076318}"
160,2026-06-05T12:02:03.496936+00:00,xgb,ranking_total,160,5180,7,1000,0.7101019024848938,772,228,0.49744901061058044,"[""V176"", ""V255"", ""V191"", ""V160"", ""V215"", ""V380"", ""V342""]","{""n_estimators"": 111, ""learning_rate"": 0.06271829433335971, ""max_depth"": 7, ""subsample"": 0.5875103044251946, ""colsample_bytree"": 0.9064671631247345, ""min_child_weight"": 7, ""reg_alpha"": 0.6640473205014216, ""reg_lambda"": 0.8268177930533673}"
161,2026-06-05T12:02:14.689454+00:00,xgb,ranking_total,161,5220,5,997,0.7051894664764404,747,250,0.49843963980674744,"[""V176"", ""V255"", ""V191"", ""V160"", ""V215""]","{""n_estimators"": 254, ""learning_rate"": 0.07851518623551931, ""max_depth"": 4, ""subsample"": 0.846974511841555, ""colsample_bytree"": 0.7466781234987354, ""min_child_weight"": 1, ""reg_alpha"": 0.6986362572313116, ""reg_lambda"": 0.8548873400947286}"
162,2026-06-05T12:02:29.651690+00:00,xgb,ranking_total,162,5195,7,1000,0.6991797685623169,773,227,0.49731019139289856,"[""V176"", ""V255"", ""V191"", ""V160"", ""V215"", ""V380"", ""V342""]","{""n_estimators"": 178, ""learning_rate"": 0.05167442629248821, ""max_depth"": 7, ""subsample"": 0.7511907372444331, ""colsample_bytree"": 0.5218570501619564, ""min_child_weight"": 2, ""reg_alpha"": 0.6161942526128577, ""reg_lambda"": 2.3477152683269695}"
163,2026-06-05T12:02:40.516663+00:00,xgb,ranking_total,163,5355,5,1000,0.6897426843643188,757,243,0.4971213936805725,"[""V176"", ""V255"", ""V191"", ""V160"", ""V215""]","{""n_estimators"": 161, ""learning_rate"": 0.04687972223540658, ""max_depth"": 6, ""subsample"": 0.9544682312220966, ""colsample_bytree"": 0.8644302779751157, ""min_child_weight"": 7, ""reg_alpha"": 0.2750704087517225, ""reg_lambda"": 1.924448675219294}"
164,2026-06-05T12:02:53.993911+00:00,xgb,ranking_total,164,4850,7,1000,0.7519193887710571,750,250,0.49667081236839294,"[""V176"", ""V255"", ""V191"", ""V160"", ""V215"", ""V380"", ""V342""]","{""n_estimators"": 242, ""learning_rate"": 0.10111344915950261, ""max_depth"": 5, ""subsample"": 0.5069556768711082, ""colsample_bytree"": 0.9325081475459089, ""min_child_weight"": 8, ""reg_alpha"": 0.02715741591789167, ""reg_lambda"": 2.054492409046593}"
165,2026-06-05T12:03:01.793559+00:00,xgb,ranking_total,165,5430,5,1000,0.6744605898857117,762,238,0.49716562032699585,"[""V176"", ""V255"", ""V191"", ""V160"", ""V215""]","{""n_estimators"": 220, ""learning_rate"": 0.05860889767114333, ""max_depth"": 3, ""subsample"": 0.6391262521575627, ""colsample_bytree"": 0.9126700786285592, ""min_child_weight"": 3, ""reg_alpha"": 0.7117797684855637, ""reg_lambda"": 0.6579684003458004}"
166,2026-06-05T12:03:15.715227+00:00,xgb,ranking_total,166,5295,5,997,0.6834321618080139,752,245,0.4978487193584442,"[""V176"", ""V255"", ""V191"", ""V160"", ""V215""]","{""n_estimators"": 320, ""learning_rate"": 0.037147476721460446, ""max_depth"": 4, ""subsample"": 0.9860934171947979, ""colsample_bytree"": 0.985024521573483, ""min_child_weight"": 3, ""reg_alpha"": 0.3347764028802155, ""reg_lambda"": 1.965650976580702}"
167,2026-06-05T12:03:28.812292+00:00,xgb,ranking_total,167,4995,8,1000,0.698427140712738,773,227,0.497158020734787,"[""V176"", ""V255"", ""V191"", ""V160"", ""V215"", ""V380"", ""V342"", ""V483""]","{""n_estimators"": 105, ""learning_rate"": 0.0557526507533458, ""max_depth"": 9, ""subsample"": 0.8826931201009995, ""colsample_bytree"": 0.513313096623935, ""min_child_weight"": 2, ""reg_alpha"": 0.5959530838548679, ""reg_lambda"": 1.6989667183131152}"
168,2026-06-05T12:03:41.311888+00:00,xgb,ranking_total,168,5370,5,1000,0.6875870823860168,758,242,0.49813973903656006,"[""V176"", ""V255"", ""V191"", ""V160"", ""V215""]","{""n_estimators"": 366, ""learning_rate"": 0.05476732482396274, ""max_depth"": 3, ""subsample"": 0.6901239315924346, ""colsample_bytree"": 0.9805164149643157, ""min_child_weight"": 6, ""reg_alpha"": 0.9662715382933567, ""reg_lambda"": 1.3110914800256608}"
169,2026-06-05T12:04:09.695630+00:00,xgb,ranking_total,169,5165,6,998,0.7302604913711548,757,241,0.49840047955513,"[""V176"", ""V255"", ""V191"", ""V160"", ""V215"", ""V380""]","{""n_estimators"": 313, ""learning_rate"": 0.043888164819232585, ""max_depth"": 8, ""subsample"": 0.623416355447536, ""colsample_bytree"": 0.6687481707892988, ""min_child_weight"": 5, ""reg_alpha"": 0.6514305494334738, ""reg_lambda"": 1.9668045483877383}"
170,2026-06-05T12:04:38.838824+00:00,xgb,ranking_total,170,5060,7,1000,0.735070526599884,764,236,0.49907490611076355,"[""V176"", ""V255"", ""V191"", ""V160"", ""V215"", ""V380"", ""V342""]","{""n_estimators"": 391, ""learning_rate"": 0.04670127724212554, ""max_depth"": 7, ""subsample"": 0.8339636903280526, ""colsample_bytree"": 0.5391987892075931, ""min_child_weight"": 6, ""reg_alpha"": 0.9025598536073296, ""reg_lambda"": 1.2602629833117571}"
171,2026-06-05T12:04:49.858292+00:00,xgb,ranking_total,171,5190,5,1000,0.7001075148582458,746,254,0.49796122312545776,"[""V176"", ""V255"", ""V191"", ""V160"", ""V215""]","{""n_estimators"": 139, ""learning_rate"": 0.06402926738771375, ""max_depth"": 7, ""subsample"": 0.9047005493359197, ""colsample_bytree"": 0.6189965329950218, ""min_child_weight"": 5, ""reg_alpha"": 0.15591418550426928, ""reg_lambda"": 1.5068091752693604}"
172,2026-06-05T12:05:03.874828+00:00,xgb,ranking_total,172,5045,7,1000,0.7468174695968628,763,237,0.49966248869895935,"[""V176"", ""V255"", ""V191"", ""V160"", ""V215"", ""V380"", ""V342""]","{""n_estimators"": 122, ""learning_rate"": 0.10327640867484081, ""max_depth"": 9, ""subsample"": 0.9098793148482309, ""colsample_bytree"": 0.6136019281865086, ""min_child_weight"": 3, ""reg_alpha"": 0.6115352670572818, ""reg_lambda"": 1.80481377407891}"
173,2026-06-05T12:05:48.595209+00:00,xgb,ranking_total,173,4865,7,1000,0.7778540253639221,751,249,0.49754559993743896,"[""V176"", ""V255"", ""V191"", ""V160"", ""V215"", ""V380"", ""V342""]","{""n_estimators"": 382, ""learning_rate"": 0.04828592992343915, ""max_depth"": 9, ""subsample"": 0.5874892014097743, ""colsample_bytree"": 0.8925877124479182, ""min_child_weight"": 3, ""reg_alpha"": 0.8797273212107523, ""reg_lambda"": 1.1174484784968841}"
174,2026-06-05T12:06:20.342274+00:00,xgb,ranking_total,174,5110,7,999,0.7412223219871521,767,232,0.49995630979537964,"[""V176"", ""V255"", ""V191"", ""V160"", ""V215"", ""V380"", ""V342""]","{""n_estimators"": 329, ""learning_rate"": 0.03368262012587677, ""max_depth"": 8, ""subsample"": 0.7611242066384631, ""colsample_bytree"": 0.7913662556322183, ""min_child_weight"": 4, ""reg_alpha"": 0.9418185924949404, ""reg_lambda"": 0.6439368438490995}"
175,2026-06-05T12:06:33.885934+00:00,xgb,ranking_total,175,4860,6,996,0.7687777876853943,736,260,0.49760672450065613,"[""V176"", ""V255"", ""V191"", ""V160"", ""V215"", ""V380""]","{""n_estimators"": 168, ""learning_rate"": 0.1653795046248979, ""max_depth"": 7, ""subsample"": 0.6031023274518449, ""colsample_bytree"": 0.7584206550929515, ""min_child_weight"": 6, ""reg_alpha"": 0.75832031578412, ""reg_lambda"": 2.1088932605637343}"
176,2026-06-05T12:06:58.993095+00:00,xgb,ranking_total,176,4925,6,998,0.7695028781890869,741,257,0.5006097555160522,"[""V176"", ""V255"", ""V191"", ""V160"", ""V215"", ""V380""]","{""n_estimators"": 376, ""learning_rate"": 0.09266590014027212, ""max_depth"": 6, ""subsample"": 0.7769116161320003, ""colsample_bytree"": 0.814130781626996, ""min_child_weight"": 6, ""reg_alpha"": 0.9604980925219321, ""reg_lambda"": 1.4700427080334344}"
177,2026-06-05T12:07:08.699860+00:00,xgb,ranking_total,177,5345,5,999,0.6808217763900757,756,243,0.49703046679496765,"[""V176"", ""V255"", ""V191"", ""V160"", ""V215""]","{""n_estimators"": 289, ""learning_rate"": 0.06189074068948038, ""max_depth"": 3, ""subsample"": 0.8323332622150523, ""colsample_bytree"": 0.9663832667507566, ""min_child_weight"": 9, ""reg_alpha"": 0.7601006582683313, ""reg_lambda"": 2.2264633121588044}"
178,2026-06-05T12:07:23.631028+00:00,xgb,ranking_total,178,4850,7,1000,0.7742615342140198,750,250,0.4979812502861023,"[""V176"", ""V255"", ""V191"", ""V160"", ""V215"", ""V380"", ""V342""]","{""n_estimators"": 149, ""learning_rate"": 0.14806235587500516, ""max_depth"": 9, ""subsample"": 0.722284341408413, ""colsample_bytree"": 0.593349328845137, ""min_child_weight"": 6, ""reg_alpha"": 0.5890896814110392, ""reg_lambda"": 1.6107895456193408}"
179,2026-06-05T12:07:47.658875+00:00,xgb,ranking_total,179,5075,7,1000,0.7431300282478333,765,235,0.5005664825439453,"[""V176"", ""V255"", ""V191"", ""V160"", ""V215"", ""V380"", ""V342""]","{""n_estimators"": 282, ""learning_rate"": 0.052411990953639145, ""max_depth"": 7, ""subsample"": 0.7378108640436893, ""colsample_bytree"": 0.7606683257093911, ""min_child_weight"": 3, ""reg_alpha"": 0.5578369465135752, ""reg_lambda"": 2.399146018527191}"
180,2026-06-05T12:07:54.735059+00:00,xgb,ranking_total,180,5220,5,1000,0.6902674436569214,748,252,0.4978507459163666,"[""V176"", ""V255"", ""V191"", ""V160"", ""V215""]","{""n_estimators"": 123, ""learning_rate"": 0.08693273715853742, ""max_depth"": 5, ""subsample"": 0.8926506243440394, ""colsample_bytree"": 0.6858870611649034, ""min_child_weight"": 4, ""reg_alpha"": 0.8240074862807772, ""reg_lambda"": 1.6837675401234142}"
181,2026-06-05T12:08:28.691572+00:00,xgb,ranking_total,181,4730,7,1000,0.8558564186096191,742,258,0.4974181652069092,"[""V176"", ""V255"", ""V191"", ""V160"", ""V215"", ""V380"", ""V342""]","{""n_estimators"": 341, ""learning_rate"": 0.17422540973342518, ""max_depth"": 8, ""subsample"": 0.8466110103256086, ""colsample_bytree"": 0.6203920535161659, ""min_child_weight"": 2, ""reg_alpha"": 0.9060878715810445, ""reg_lambda"": 1.7867740748763092}"
182,2026-06-05T12:08:43.393810+00:00,xgb,ranking_total,182,5300,7,1000,0.7201383709907532,780,220,0.4975001811981201,"[""V176"", ""V255"", ""V191"", ""V160"", ""V215"", ""V380"", ""V342""]","{""n_estimators"": 353, ""learning_rate"": 0.053966590442608535, ""max_depth"": 4, ""subsample"": 0.7852836083832175, ""colsample_bytree"": 0.7029177663554251, ""min_child_weight"": 7, ""reg_alpha"": 0.009195463037015905, ""reg_lambda"": 1.8165307837593505}"
183,2026-06-05T12:08:53.090569+00:00,xgb,ranking_total,183,5385,5,1000,0.6681432723999023,759,241,0.49714747071266174,"[""V176"", ""V255"", ""V191"", ""V160"", ""V215""]","{""n_estimators"": 290, ""learning_rate"": 0.03942952002312457, ""max_depth"": 3, ""subsample"": 0.715835764212827, ""colsample_bytree"": 0.7170162721626572, ""min_child_weight"": 6, ""reg_alpha"": 0.2718843032212668, ""reg_lambda"": 2.2486496956314337}"
184,2026-06-05T12:09:23.910235+00:00,xgb,ranking_total,184,4970,7,1000,0.8290412425994873,758,242,0.498935729265213,"[""V176"", ""V255"", ""V191"", ""V160"", ""V215"", ""V380"", ""V342""]","{""n_estimators"": 393, ""learning_rate"": 0.13563047814289741, ""max_depth"": 8, ""subsample"": 0.9442314622493466, ""colsample_bytree"": 0.7291734574938755, ""min_child_weight"": 9, ""reg_alpha"": 0.06205617803901964, ""reg_lambda"": 2.22977680969338}"
185,2026-06-05T12:09:39.541592+00:00,xgb,ranking_total,185,5255,7,1000,0.7306263446807861,777,223,0.4980366826057434,"[""V176"", ""V255"", ""V191"", ""V160"", ""V215"", ""V380"", ""V342""]","{""n_estimators"": 372, ""learning_rate"": 0.06721404743079595, ""max_depth"": 4, ""subsample"": 0.7280107154791048, ""colsample_bytree"": 0.8847753221500296, ""min_child_weight"": 7, ""reg_alpha"": 0.5638760559655487, ""reg_lambda"": 1.638000858460065}"
186,2026-06-05T12:09:55.101966+00:00,xgb,ranking_total,186,5010,6,999,0.7503274083137512,747,252,0.49968037009239197,"[""V176"", ""V255"", ""V191"", ""V160"", ""V215"", ""V380""]","{""n_estimators"": 356, ""learning_rate"": 0.14617401225311394, ""max_depth"": 4, ""subsample"": 0.697151838943259, ""colsample_bytree"": 0.8271381619347884, ""min_child_weight"": 6, ""reg_alpha"": 0.7072779403599593, ""reg_lambda"": 1.9300687261941019}"
187,2026-06-05T12:10:07.196312+00:00,xgb,ranking_total,187,5270,5,999,0.6841925382614136,751,248,0.49784570932388306,"[""V176"", ""V255"", ""V191"", ""V160"", ""V215""]","{""n_estimators"": 273, ""learning_rate"": 0.03764098280163358, ""max_depth"": 4, ""subsample"": 0.7593055672947217, ""colsample_bytree"": 0.9297129139702724, ""min_child_weight"": 4, ""reg_alpha"": 0.19447445600230795, ""reg_lambda"": 1.324508774114332}"
188,2026-06-05T12:10:19.728301+00:00,xgb,ranking_total,188,5015,7,1000,0.7611097693443298,761,239,0.4993346631526947,"[""V176"", ""V255"", ""V191"", ""V160"", ""V215"", ""V380"", ""V342""]","{""n_estimators"": 207, ""learning_rate"": 0.1155424857324776, ""max_depth"": 5, ""subsample"": 0.5234154563561593, ""colsample_bytree"": 0.7563854929107485, ""min_child_weight"": 1, ""reg_alpha"": 0.8106541406532113, ""reg_lambda"": 1.3593465391375343}"
189,2026-06-05T12:10:57.484637+00:00,xgb,ranking_total,189,4805,7,1000,0.8442444801330566,747,253,0.4959956109523773,"[""V176"", ""V255"", ""V191"", ""V160"", ""V215"", ""V380"", ""V342""]","{""n_estimators"": 374, ""learning_rate"": 0.1206134625409059, ""max_depth"": 9, ""subsample"": 0.887833089742012, ""colsample_bytree"": 0.7001154005860323, ""min_child_weight"": 4, ""reg_alpha"": 0.26923997328433547, ""reg_lambda"": 1.2109635985804879}"
190,2026-06-05T12:11:08.567404+00:00,xgb,ranking_total,190,5165,7,1000,0.7295506000518799,771,229,0.49983441829681396,"[""V176"", ""V255"", ""V191"", ""V160"", ""V215"", ""V380"", ""V342""]","{""n_estimators"": 163, ""learning_rate"": 0.06400920597228983, ""max_depth"": 6, ""subsample"": 0.925536989914405, ""colsample_bytree"": 0.7492175395763907, ""min_child_weight"": 4, ""reg_alpha"": 0.016847176099380468, ""reg_lambda"": 0.5287179381343641}"
191,2026-06-05T12:11:24.416311+00:00,xgb,ranking_total,191,4945,6,1000,0.768142819404602,743,257,0.4999519884586334,"[""V176"", ""V255"", ""V191"", ""V160"", ""V215"", ""V380""]","{""n_estimators"": 178, ""learning_rate"": 0.13960260252712686, ""max_depth"": 8, ""subsample"": 0.8273950617407952, ""colsample_bytree"": 0.8548809317597057, ""min_child_weight"": 9, ""reg_alpha"": 0.594045674962394, ""reg_lambda"": 1.4565456583441032}"
192,2026-06-05T12:11:34.041568+00:00,xgb,ranking_total,192,5095,6,997,0.6947802901268005,752,245,0.4988255798816681,"[""V176"", ""V255"", ""V191"", ""V160"", ""V215"", ""V380""]","{""n_estimators"": 103, ""learning_rate"": 0.06832633894112093, ""max_depth"": 8, ""subsample"": 0.6553490766034309, ""colsample_bytree"": 0.6643686678777552, ""min_child_weight"": 5, ""reg_alpha"": 0.1047692018268398, ""reg_lambda"": 0.8338804238257018}"
193,2026-06-05T12:11:53.223570+00:00,xgb,ranking_total,193,5165,7,997,0.7274541854858398,770,227,0.498017817735672,"[""V176"", ""V255"", ""V191"", ""V160"", ""V215"", ""V380"", ""V342""]","{""n_estimators"": 198, ""learning_rate"": 0.0461772232867126, ""max_depth"": 9, ""subsample"": 0.7116208223253591, ""colsample_bytree"": 0.9659743198444156, ""min_child_weight"": 9, ""reg_alpha"": 0.4374053436963742, ""reg_lambda"": 1.8285360233365302}"
194,2026-06-05T12:12:23.479410+00:00,xgb,ranking_total,194,4840,7,999,0.7636221051216125,749,250,0.49794960021972656,"[""V176"", ""V255"", ""V191"", ""V160"", ""V215"", ""V380"", ""V342""]","{""n_estimators"": 338, ""learning_rate"": 0.0726996003796947, ""max_depth"": 9, ""subsample"": 0.6990791432494035, ""colsample_bytree"": 0.5455421161024053, ""min_child_weight"": 7, ""reg_alpha"": 0.8395091781396117, ""reg_lambda"": 1.788392210039253}"
195,2026-06-05T12:12:50.448044+00:00,xgb,ranking_total,195,4900,7,999,0.8015235662460327,753,246,0.49705174565315247,"[""V176"", ""V255"", ""V191"", ""V160"", ""V215"", ""V380"", ""V342""]","{""n_estimators"": 325, ""learning_rate"": 0.09131245127156759, ""max_depth"": 8, ""subsample"": 0.7863315810239155, ""colsample_bytree"": 0.7742531874341565, ""min_child_weight"": 6, ""reg_alpha"": 0.1007613669330879, ""reg_lambda"": 1.0667390102300418}"
196,2026-06-05T12:13:33.807547+00:00,xgb,ranking_total,196,5030,7,1000,0.8000792860984802,762,238,0.5034602284431458,"[""V176"", ""V255"", ""V191"", ""V160"", ""V215"", ""V380"", ""V342""]","{""n_estimators"": 391, ""learning_rate"": 0.04472572553026431, ""max_depth"": 8, ""subsample"": 0.7884731681185995, ""colsample_bytree"": 0.8077597650846489, ""min_child_weight"": 1, ""reg_alpha"": 0.13405865719924293, ""reg_lambda"": 0.6801263685868757}"
197,2026-06-05T12:13:41.061688+00:00,xgb,ranking_total,197,5185,6,1000,0.7091323733329773,759,241,0.4982289969921112,"[""V176"", ""V255"", ""V191"", ""V160"", ""V215"", ""V380""]","{""n_estimators"": 128, ""learning_rate"": 0.08878802528006066, ""max_depth"": 5, ""subsample"": 0.5895480514061532, ""colsample_bytree"": 0.7535922127295077, ""min_child_weight"": 2, ""reg_alpha"": 0.4258022513316886, ""reg_lambda"": 1.081968568553337}"
198,2026-06-05T12:14:10.832254+00:00,xgb,ranking_total,198,4810,7,999,0.8217316269874573,747,252,0.49993836879730225,"[""V176"", ""V255"", ""V191"", ""V160"", ""V215"", ""V380"", ""V342""]","{""n_estimators"": 373, ""learning_rate"": 0.12915192624707095, ""max_depth"": 7, ""subsample"": 0.9881309074791317, ""colsample_bytree"": 0.8843745697370938, ""min_child_weight"": 5, ""reg_alpha"": 0.7347604621834732, ""reg_lambda"": 1.9062676800282536}"
199,2026-06-05T12:14:29.084824+00:00,xgb,ranking_total,199,4890,7,998,0.765068531036377,752,246,0.5001367926597595,"[""V176"", ""V255"", ""V191"", ""V160"", ""V215"", ""V380"", ""V342""]","{""n_estimators"": 354, ""learning_rate"": 0.128073044745896, ""max_depth"": 5, ""subsample"": 0.653842487169016, ""colsample_bytree"": 0.5302063144194635, ""min_child_weight"": 9, ""reg_alpha"": 0.496896009749325, ""reg_lambda"": 2.4514379069317394}"
200,2026-06-05T12:14:49.611013+00:00,xgb,ranking_total,200,5005,6,1000,0.7684370279312134,747,253,0.5009009838104248,"[""V176"", ""V255"", ""V191"", ""V160"", ""V215"", ""V380""]","{""n_estimators"": 388, ""learning_rate"": 0.12127629071463422, ""max_depth"": 5, ""subsample"": 0.9220763009173959, ""colsample_bytree"": 0.7319211751922479, ""min_child_weight"": 6, ""reg_alpha"": 0.5023517505785662, ""reg_lambda"": 1.403573130545568}"
201,2026-06-05T12:15:19.356527+00:00,xgb,ranking_total,201,4925,7,1000,0.7982008457183838,755,245,0.49977925419807434,"[""V176"", ""V255"", ""V191"", ""V160"", ""V215"", ""V380"", ""V342""]","{""n_estimators"": 382, ""learning_rate"": 0.10412154439078355, ""max_depth"": 7, ""subsample"": 0.7972100721955663, ""colsample_bytree"": 0.7141543424648473, ""min_child_weight"": 7, ""reg_alpha"": 0.7270295728451086, ""reg_lambda"": 1.8044154790312454}"
202,2026-06-05T12:15:24.222070+00:00,xgb,ranking_total,202,5255,6,998,0.7009803056716919,763,235,0.49849027395248413,"[""V176"", ""V255"", ""V191"", ""V160"", ""V215"", ""V380""]","{""n_estimators"": 100, ""learning_rate"": 0.10943063573674948, ""max_depth"": 4, ""subsample"": 0.8055296976449715, ""colsample_bytree"": 0.904845901695718, ""min_child_weight"": 4, ""reg_alpha"": 0.14003681348221309, ""reg_lambda"": 1.0350237641949025}"
203,2026-06-05T12:15:32.904859+00:00,xgb,ranking_total,203,5325,5,1000,0.6825471520423889,755,245,0.49699559807777405,"[""V176"", ""V255"", ""V191"", ""V160"", ""V215""]","{""n_estimators"": 251, ""learning_rate"": 0.0696081466493077, ""max_depth"": 3, ""subsample"": 0.6830029412840953, ""colsample_bytree"": 0.6979016400687101, ""min_child_weight"": 7, ""reg_alpha"": 0.5714755379709365, ""reg_lambda"": 1.6992139983709957}"
204,2026-06-05T12:15:44.993427+00:00,xgb,ranking_total,204,4945,6,1000,0.7478751540184021,743,257,0.5016554594039917,"[""V176"", ""V255"", ""V191"", ""V160"", ""V215"", ""V380""]","{""n_estimators"": 208, ""learning_rate"": 0.13008419326201648, ""max_depth"": 5, ""subsample"": 0.7253034415805064, ""colsample_bytree"": 0.8126736170514264, ""min_child_weight"": 3, ""reg_alpha"": 0.20780668175549577, ""reg_lambda"": 1.6888971506748391}"
205,2026-06-05T12:16:02.807882+00:00,xgb,ranking_total,205,4930,6,1000,0.7793136239051819,742,258,0.5008832812309265,"[""V176"", ""V255"", ""V191"", ""V160"", ""V215"", ""V380""]","{""n_estimators"": 165, ""learning_rate"": 0.12829994668945977, ""max_depth"": 8, ""subsample"": 0.8326735481924232, ""colsample_bytree"": 0.999577354352863, ""min_child_weight"": 3, ""reg_alpha"": 0.32287268168537997, ""reg_lambda"": 1.7408356277025139}"
206,2026-06-05T12:16:40.689232+00:00,xgb,ranking_total,206,4685,7,1000,0.8493219614028931,739,261,0.49791058897972107,"[""V176"", ""V255"", ""V191"", ""V160"", ""V215"", ""V380"", ""V342""]","{""n_estimators"": 392, ""learning_rate"": 0.11414131624210533, ""max_depth"": 8, ""subsample"": 0.562420833186977, ""colsample_bytree"": 0.9816805308046518, ""min_child_weight"": 4, ""reg_alpha"": 0.4273238312076574, ""reg_lambda"": 1.040601990135688}"
207,2026-06-05T12:17:09.312189+00:00,xgb,ranking_total,207,4340,7,997,0.8366877436637878,715,282,0.4962661564350128,"[""V176"", ""V255"", ""V191"", ""V160"", ""V215"", ""V380"", ""V342""]","{""n_estimators"": 377, ""learning_rate"": 0.17985417554329092, ""max_depth"": 7, ""subsample"": 0.5228631567742412, ""colsample_bytree"": 0.7908538882675772, ""min_child_weight"": 7, ""reg_alpha"": 0.8086390541777922, ""reg_lambda"": 1.1942832644566317}"
208,2026-06-05T12:17:13.339490+00:00,xgb,ranking_total,208,5385,5,1000,0.6813044548034668,759,241,0.4981580078601837,"[""V176"", ""V255"", ""V191"", ""V160"", ""V215""]","{""n_estimators"": 106, ""learning_rate"": 0.15722845826226012, ""max_depth"": 3, ""subsample"": 0.7236571420946005, ""colsample_bytree"": 0.6809433680466053, ""min_child_weight"": 7, ""reg_alpha"": 0.6547572801986157, ""reg_lambda"": 1.143464063832414}"
209,2026-06-05T12:17:42.349395+00:00,xgb,ranking_total,209,5105,7,1000,0.7494460344314575,767,233,0.5019817352294922,"[""V176"", ""V255"", ""V191"", ""V160"", ""V215"", ""V380"", ""V342""]","{""n_estimators"": 298, ""learning_rate"": 0.03350177929008783, ""max_depth"": 8, ""subsample"": 0.9801676091600258, ""colsample_bytree"": 0.9899440186459942, ""min_child_weight"": 4, ""reg_alpha"": 0.19594561928608034, ""reg_lambda"": 0.7812342838223532}"
210,2026-06-05T12:17:56.254843+00:00,xgb,ranking_total,210,5060,6,989,0.7496902346611023,747,242,0.49992772936820984,"[""V176"", ""V255"", ""V191"", ""V160"", ""V215"", ""V380""]","{""n_estimators"": 322, ""learning_rate"": 0.16097048178849752, ""max_depth"": 4, ""subsample"": 0.9093759168589453, ""colsample_bytree"": 0.8133976680628591, ""min_child_weight"": 8, ""reg_alpha"": 0.7086523232831442, ""reg_lambda"": 1.0862293939548266}"
211,2026-06-05T12:18:08.752075+00:00,xgb,ranking_total,211,5010,5,1000,0.7262209057807922,734,266,0.5009684562683105,"[""V176"", ""V255"", ""V191"", ""V160"", ""V215""]","{""n_estimators"": 110, ""learning_rate"": 0.10018382918407927, ""max_depth"": 8, ""subsample"": 0.8915299045189957, ""colsample_bytree"": 0.7521904634441388, ""min_child_weight"": 2, ""reg_alpha"": 0.48014891969000717, ""reg_lambda"": 1.693878976477244}"
212,2026-06-05T12:18:55.328777+00:00,xgb,ranking_total,212,5035,7,993,0.7653367519378662,760,233,0.504311740398407,"[""V176"", ""V255"", ""V191"", ""V160"", ""V215"", ""V380"", ""V342""]","{""n_estimators"": 362, ""learning_rate"": 0.04966536942067986, ""max_depth"": 9, ""subsample"": 0.9848294851260737, ""colsample_bytree"": 0.5162006390025555, ""min_child_weight"": 1, ""reg_alpha"": 0.5642145149306808, ""reg_lambda"": 2.409111260832729}"
213,2026-06-05T12:19:27.493515+00:00,xgb,ranking_total,213,4885,7,999,0.7583398222923279,752,247,0.5009771585464478,"[""V176"", ""V255"", ""V191"", ""V160"", ""V215"", ""V380"", ""V342""]","{""n_estimators"": 380, ""learning_rate"": 0.054995490064870076, ""max_depth"": 7, ""subsample"": 0.5255151284323532, ""colsample_bytree"": 0.5050036852443185, ""min_child_weight"": 2, ""reg_alpha"": 0.7573561988990286, ""reg_lambda"": 1.0620365908772045}"
214,2026-06-05T12:19:44.009037+00:00,xgb,ranking_total,214,5095,7,999,0.7585620284080505,766,233,0.49948856234550476,"[""V176"", ""V255"", ""V191"", ""V160"", ""V215"", ""V380"", ""V342""]","{""n_estimators"": 399, ""learning_rate"": 0.11755807569516415, ""max_depth"": 4, ""subsample"": 0.972211216111379, ""colsample_bytree"": 0.8004636104576779, ""min_child_weight"": 4, ""reg_alpha"": 0.9158857742082411, ""reg_lambda"": 1.46972050325986}"
215,2026-06-05T12:20:05.055328+00:00,xgb,ranking_total,215,4715,7,1000,0.814963161945343,741,259,0.5009782910346985,"[""V176"", ""V255"", ""V191"", ""V160"", ""V215"", ""V380"", ""V342""]","{""n_estimators"": 217, ""learning_rate"": 0.158943504045596, ""max_depth"": 9, ""subsample"": 0.9548704000713797, ""colsample_bytree"": 0.7025618690240694, ""min_child_weight"": 7, ""reg_alpha"": 0.6008328132600935, ""reg_lambda"": 1.4398846090790005}"
216,2026-06-05T12:20:15.830145+00:00,xgb,ranking_total,216,5180,7,1000,0.7042229771614075,772,228,0.49679937958717346,"[""V176"", ""V255"", ""V191"", ""V160"", ""V215"", ""V380"", ""V342""]","{""n_estimators"": 114, ""learning_rate"": 0.05729833318629864, ""max_depth"": 9, ""subsample"": 0.8632233747212856, ""colsample_bytree"": 0.6381562355318178, ""min_child_weight"": 8, ""reg_alpha"": 0.6077007629005348, ""reg_lambda"": 1.1170292169369322}"
217,2026-06-05T12:20:45.309855+00:00,xgb,ranking_total,217,4955,7,994,0.7841546535491943,755,239,0.49800264835357666,"[""V176"", ""V255"", ""V191"", ""V160"", ""V215"", ""V380"", ""V342""]","{""n_estimators"": 340, ""learning_rate"": 0.09243471664895639, ""max_depth"": 8, ""subsample"": 0.8428205214196711, ""colsample_bytree"": 0.6055910587656016, ""min_child_weight"": 8, ""reg_alpha"": 0.9444693130561128, ""reg_lambda"": 1.3296272714618322}"
218,2026-06-05T12:21:21.803448+00:00,xgb,ranking_total,218,5065,6,1000,0.7204088568687439,751,249,0.4993076026439667,"[""V176"", ""V255"", ""V191"", ""V160"", ""V215"", ""V380""]","{""n_estimators"": 246, ""learning_rate"": 0.031177044727003382, ""max_depth"": 9, ""subsample"": 0.635830999994039, ""colsample_bytree"": 0.8038130443368878, ""min_child_weight"": 1, ""reg_alpha"": 0.6420463247343455, ""reg_lambda"": 1.4510422084686474}"
219,2026-06-05T12:21:34.541532+00:00,xgb,ranking_total,219,4990,7,999,0.797636091709137,759,240,0.49896055459976196,"[""V176"", ""V255"", ""V191"", ""V160"", ""V215"", ""V380"", ""V342""]","{""n_estimators"": 177, ""learning_rate"": 0.16984946066388845, ""max_depth"": 6, ""subsample"": 0.8273721232804252, ""colsample_bytree"": 0.8988338368731641, ""min_child_weight"": 5, ""reg_alpha"": 0.35346798819520875, ""reg_lambda"": 0.9538698582253695}"
220,2026-06-05T12:21:47.136035+00:00,xgb,ranking_total,220,5145,5,997,0.6952614784240723,742,255,0.49920713901519775,"[""V176"", ""V255"", ""V191"", ""V160"", ""V215""]","{""n_estimators"": 352, ""learning_rate"": 0.07142509932704197, ""max_depth"": 3, ""subsample"": 0.5098804767119034, ""colsample_bytree"": 0.8646542948176328, ""min_child_weight"": 4, ""reg_alpha"": 0.7884468467440029, ""reg_lambda"": 2.353439477965291}"
221,2026-06-05T12:21:58.507885+00:00,xgb,ranking_total,221,5265,5,1000,0.7030819058418274,751,249,0.49716639518737793,"[""V176"", ""V255"", ""V191"", ""V160"", ""V215""]","{""n_estimators"": 320, ""learning_rate"": 0.08604801266974449, ""max_depth"": 3, ""subsample"": 0.6435653575909894, ""colsample_bytree"": 0.9141314749885181, ""min_child_weight"": 7, ""reg_alpha"": 0.47170821055432666, ""reg_lambda"": 1.3016826947049411}"
222,2026-06-05T12:22:12.758517+00:00,xgb,ranking_total,222,5040,6,999,0.7668161392211914,749,250,0.5001753568649292,"[""V176"", ""V255"", ""V191"", ""V160"", ""V215"", ""V380""]","{""n_estimators"": 330, ""learning_rate"": 0.17464610229589525, ""max_depth"": 4, ""subsample"": 0.8299567527457161, ""colsample_bytree"": 0.9459292030633419, ""min_child_weight"": 7, ""reg_alpha"": 0.12043292313180742, ""reg_lambda"": 1.808979432536318}"
223,2026-06-05T12:22:37.004101+00:00,xgb,ranking_total,223,5015,7,1000,0.7507443428039551,761,239,0.49767714738845825,"[""V176"", ""V255"", ""V191"", ""V160"", ""V215"", ""V380"", ""V342""]","{""n_estimators"": 234, ""learning_rate"": 0.06186453769205195, ""max_depth"": 9, ""subsample"": 0.9178370941298499, ""colsample_bytree"": 0.8268826296081002, ""min_child_weight"": 7, ""reg_alpha"": 0.6792545555543575, ""reg_lambda"": 2.109657641657731}"
224,2026-06-05T12:22:43.386862+00:00,xgb,ranking_total,224,5125,5,998,0.6984878778457642,741,257,0.49711835384368896,"[""V176"", ""V255"", ""V191"", ""V160"", ""V215""]","{""n_estimators"": 117, ""learning_rate"": 0.14825504337429724, ""max_depth"": 5, ""subsample"": 0.8548022677637188, ""colsample_bytree"": 0.5188927957178662, ""min_child_weight"": 7, ""reg_alpha"": 0.2124911316951117, ""reg_lambda"": 1.5086292916939963}"
225,2026-06-05T12:23:13.643199+00:00,xgb,ranking_total,225,4810,6,1000,0.7882936596870422,734,266,0.4993009865283966,"[""V176"", ""V255"", ""V191"", ""V160"", ""V215"", ""V380""]","{""n_estimators"": 289, ""learning_rate"": 0.09555724564104191, ""max_depth"": 9, ""subsample"": 0.7333563020609754, ""colsample_bytree"": 0.5324473183359684, ""min_child_weight"": 4, ""reg_alpha"": 0.6100410946632842, ""reg_lambda"": 0.9511831894853067}"
226,2026-06-05T12:23:38.979019+00:00,xgb,ranking_total,226,4740,6,999,0.780728816986084,729,270,0.49610164761543274,"[""V176"", ""V255"", ""V191"", ""V160"", ""V215"", ""V380""]","{""n_estimators"": 263, ""learning_rate"": 0.1250395452251532, ""max_depth"": 9, ""subsample"": 0.6149342343839219, ""colsample_bytree"": 0.6868491383187412, ""min_child_weight"": 8, ""reg_alpha"": 0.8953442360305133, ""reg_lambda"": 1.7025082026481346}"
227,2026-06-05T12:24:00.451148+00:00,xgb,ranking_total,227,4895,5,999,0.7370204925537109,726,273,0.4977531135082245,"[""V176"", ""V255"", ""V191"", ""V160"", ""V215""]","{""n_estimators"": 238, ""learning_rate"": 0.08172402045057728, ""max_depth"": 8, ""subsample"": 0.9042955030261661, ""colsample_bytree"": 0.8619070586439539, ""min_child_weight"": 9, ""reg_alpha"": 0.936476769606501, ""reg_lambda"": 1.4472352826526305}"
228,2026-06-05T12:24:08.002081+00:00,xgb,ranking_total,228,5330,5,999,0.6644655466079712,755,244,0.496441513299942,"[""V176"", ""V255"", ""V191"", ""V160"", ""V215""]","{""n_estimators"": 132, ""learning_rate"": 0.045106844433286816, ""max_depth"": 5, ""subsample"": 0.8211340797288049, ""colsample_bytree"": 0.7260321838869483, ""min_child_weight"": 5, ""reg_alpha"": 0.8254849302539797, ""reg_lambda"": 1.7648444900528355}"
229,2026-06-05T12:24:27.554599+00:00,xgb,ranking_total,229,5020,6,1000,0.7686929702758789,748,252,0.5022715926170349,"[""V176"", ""V255"", ""V191"", ""V160"", ""V215"", ""V380""]","{""n_estimators"": 244, ""learning_rate"": 0.11126141503532347, ""max_depth"": 7, ""subsample"": 0.987473518945586, ""colsample_bytree"": 0.6677387820148057, ""min_child_weight"": 4, ""reg_alpha"": 0.5890490882552291, ""reg_lambda"": 1.8073243458759651}"
230,2026-06-05T12:25:05.626432+00:00,xgb,ranking_total,230,4955,7,1000,0.7951158881187439,757,243,0.5025128722190857,"[""V176"", ""V255"", ""V191"", ""V160"", ""V215"", ""V380"", ""V342""]","{""n_estimators"": 268, ""learning_rate"": 0.07143948917933815, ""max_depth"": 9, ""subsample"": 0.8897308701021878, ""colsample_bytree"": 0.7352317206954597, ""min_child_weight"": 1, ""reg_alpha"": 0.44522779698789716, ""reg_lambda"": 1.900097205728279}"
231,2026-06-05T12:25:29.221122+00:00,xgb,ranking_total,231,5135,7,1000,0.717962920665741,769,231,0.49797025322914124,"[""V176"", ""V255"", ""V191"", ""V160"", ""V215"", ""V380"", ""V342""]","{""n_estimators"": 356, ""learning_rate"": 0.035007819327307094, ""max_depth"": 6, ""subsample"": 0.6292758303200805, ""colsample_bytree"": 0.6570611900601098, ""min_child_weight"": 5, ""reg_alpha"": 0.598389109559481, ""reg_lambda"": 2.0833956153177207}"
232,2026-06-05T12:25:37.592734+00:00,xgb,ranking_total,232,5270,7,1000,0.7273091673851013,778,222,0.49627724289894104,"[""V176"", ""V255"", ""V191"", ""V160"", ""V215"", ""V380"", ""V342""]","{""n_estimators"": 187, ""learning_rate"": 0.12083752064132218, ""max_depth"": 4, ""subsample"": 0.7133550350945626, ""colsample_bytree"": 0.6576723474577082, ""min_child_weight"": 8, ""reg_alpha"": 0.7279919006185939, ""reg_lambda"": 2.016014204009445}"
233,2026-06-05T12:25:47.568648+00:00,xgb,ranking_total,233,5165,7,1000,0.7281346321105957,771,229,0.4978298842906952,"[""V176"", ""V255"", ""V191"", ""V160"", ""V215"", ""V380"", ""V342""]","{""n_estimators"": 105, ""learning_rate"": 0.08192080807035734, ""max_depth"": 8, ""subsample"": 0.6683027321559942, ""colsample_bytree"": 0.7364401493615957, ""min_child_weight"": 5, ""reg_alpha"": 0.28409629684326765, ""reg_lambda"": 2.1957259181929842}"
234,2026-06-05T12:26:16.842702+00:00,xgb,ranking_total,234,4600,6,1000,0.8528940677642822,720,280,0.5019465684890747,"[""V176"", ""V255"", ""V191"", ""V160"", ""V215"", ""V380""]","{""n_estimators"": 395, ""learning_rate"": 0.16383233977707495, ""max_depth"": 7, ""subsample"": 0.7810841981311893, ""colsample_bytree"": 0.5705108245793935, ""min_child_weight"": 4, ""reg_alpha"": 0.1484237756658635, ""reg_lambda"": 0.7367477079785434}"
235,2026-06-05T12:26:37.350279+00:00,xgb,ranking_total,235,4865,7,997,0.8289111256599426,750,247,0.5002409219741821,"[""V176"", ""V255"", ""V191"", ""V160"", ""V215"", ""V380"", ""V342""]","{""n_estimators"": 285, ""learning_rate"": 0.16686006652589733, ""max_depth"": 6, ""subsample"": 0.7969786496707043, ""colsample_bytree"": 0.9998375166163125, ""min_child_weight"": 4, ""reg_alpha"": 0.6951190206372875, ""reg_lambda"": 1.1511868455535716}"
236,2026-06-05T12:26:54.408823+00:00,xgb,ranking_total,236,4970,5,999,0.750781774520874,731,268,0.5006513595581055,"[""V176"", ""V255"", ""V191"", ""V160"", ""V215""]","{""n_estimators"": 194, ""learning_rate"": 0.10840605698476806, ""max_depth"": 7, ""subsample"": 0.820633552699191, ""colsample_bytree"": 0.8634135699797743, ""min_child_weight"": 4, ""reg_alpha"": 0.6253794054019376, ""reg_lambda"": 2.1765218626863705}"
237,2026-06-05T12:27:08.165285+00:00,xgb,ranking_total,237,5005,6,1000,0.767216145992279,747,253,0.49992772936820984,"[""V176"", ""V255"", ""V191"", ""V160"", ""V215"", ""V380""]","{""n_estimators"": 134, ""learning_rate"": 0.15160790278872252, ""max_depth"": 8, ""subsample"": 0.8447159261583044, ""colsample_bytree"": 0.8785713141826085, ""min_child_weight"": 5, ""reg_alpha"": 0.9706345731376895, ""reg_lambda"": 1.9273639284334363}"
238,2026-06-05T12:27:23.598892+00:00,xgb,ranking_total,238,5370,5,1000,0.6833804249763489,758,242,0.4970567524433136,"[""V176"", ""V255"", ""V191"", ""V160"", ""V215""]","{""n_estimators"": 359, ""learning_rate"": 0.03209366013691968, ""max_depth"": 4, ""subsample"": 0.82156582236521, ""colsample_bytree"": 0.8584986104802137, ""min_child_weight"": 8, ""reg_alpha"": 0.7211876625353518, ""reg_lambda"": 0.6078060481607053}"
239,2026-06-05T12:27:35.539970+00:00,xgb,ranking_total,239,5145,5,1000,0.7295013070106506,743,257,0.49780088663101196,"[""V176"", ""V255"", ""V191"", ""V160"", ""V215""]","{""n_estimators"": 135, ""learning_rate"": 0.09953285701416689, ""max_depth"": 7, ""subsample"": 0.8537013012885692, ""colsample_bytree"": 0.9735305097522693, ""min_child_weight"": 5, ""reg_alpha"": 0.9647470633909605, ""reg_lambda"": 0.6253031666833799}"
240,2026-06-05T12:27:41.912401+00:00,xgb,ranking_total,240,5090,4,1000,0.6831901669502258,726,274,0.4974207878112793,"[""V176"", ""V255"", ""V191"", ""V160""]","{""n_estimators"": 133, ""learning_rate"": 0.14554905051957598, ""max_depth"": 4, ""subsample"": 0.6340403725363419, ""colsample_bytree"": 0.7419080158054936, ""min_child_weight"": 4, ""reg_alpha"": 0.7683620166105436, ""reg_lambda"": 1.2881912377771687}"
241,2026-06-05T12:27:55.228409+00:00,xgb,ranking_total,241,4855,6,1000,0.7566357254981995,737,263,0.5000852346420288,"[""V176"", ""V255"", ""V191"", ""V160"", ""V215"", ""V380""]","{""n_estimators"": 243, ""learning_rate"": 0.17510892528710162, ""max_depth"": 5, ""subsample"": 0.8918664199740634, ""colsample_bytree"": 0.6219563774272732, ""min_child_weight"": 6, ""reg_alpha"": 0.7927918905183943, ""reg_lambda"": 1.953471747300381}"
242,2026-06-05T12:28:19.911070+00:00,xgb,ranking_total,242,4950,6,996,0.7903633117675781,742,254,0.5029489994049072,"[""V176"", ""V255"", ""V191"", ""V160"", ""V215"", ""V380""]","{""n_estimators"": 386, ""learning_rate"": 0.11674598563041767, ""max_depth"": 6, ""subsample"": 0.99575044215289, ""colsample_bytree"": 0.9074297499986931, ""min_child_weight"": 5, ""reg_alpha"": 0.00039359712017494886, ""reg_lambda"": 1.7767508054288057}"
243,2026-06-05T12:28:45.843107+00:00,xgb,ranking_total,243,5005,6,1000,0.7499047517776489,747,253,0.4997444450855255,"[""V176"", ""V255"", ""V191"", ""V160"", ""V215"", ""V380""]","{""n_estimators"": 242, ""learning_rate"": 0.06264402492553454, ""max_depth"": 9, ""subsample"": 0.8237870093101607, ""colsample_bytree"": 0.7898645777124222, ""min_child_weight"": 5, ""reg_alpha"": 0.10748699850593879, ""reg_lambda"": 1.7514707837819163}"
244,2026-06-05T12:29:06.751084+00:00,xgb,ranking_total,244,4925,6,995,0.7819659113883972,740,255,0.4993888735771179,"[""V176"", ""V255"", ""V191"", ""V160"", ""V215"", ""V380""]","{""n_estimators"": 381, ""learning_rate"": 0.14729879814876548, ""max_depth"": 5, ""subsample"": 0.8460652431325204, ""colsample_bytree"": 0.7792491853396594, ""min_child_weight"": 7, ""reg_alpha"": 0.44586233839611844, ""reg_lambda"": 1.965327804885954}"
245,2026-06-05T12:29:18.260768+00:00,xgb,ranking_total,245,5165,5,999,0.6453234553337097,744,255,0.4950709044933319,"[""V176"", ""V255"", ""V191"", ""V160"", ""V215""]","{""n_estimators"": 126, ""learning_rate"": 0.04489155764552884, ""max_depth"": 8, ""subsample"": 0.6981733738288391, ""colsample_bytree"": 0.5361968750798346, ""min_child_weight"": 6, ""reg_alpha"": 0.9904842879133589, ""reg_lambda"": 1.7620760847388734}"
246,2026-06-05T12:29:41.221797+00:00,xgb,ranking_total,246,5145,5,1000,0.7197809815406799,743,257,0.49994876980781555,"[""V176"", ""V255"", ""V191"", ""V160"", ""V215""]","{""n_estimators"": 399, ""learning_rate"": 0.04687950069217968, ""max_depth"": 5, ""subsample"": 0.8858586887873995, ""colsample_bytree"": 0.8627333787922633, ""min_child_weight"": 2, ""reg_alpha"": 0.8789853822576723, ""reg_lambda"": 0.8910821554240982}"
247,2026-06-05T12:29:53.092831+00:00,xgb,ranking_total,247,4930,6,1000,0.7443510293960571,742,258,0.49855712056159973,"[""V176"", ""V255"", ""V191"", ""V160"", ""V215"", ""V380""]","{""n_estimators"": 258, ""learning_rate"": 0.16686996631600068, ""max_depth"": 4, ""subsample"": 0.6361124611995401, ""colsample_bytree"": 0.958536729242492, ""min_child_weight"": 9, ""reg_alpha"": 0.5371991662341392, ""reg_lambda"": 1.4522300729656257}"
248,2026-06-05T12:30:02.739520+00:00,xgb,ranking_total,248,5355,5,1000,0.6735637187957764,757,243,0.49685001373291016,"[""V176"", ""V255"", ""V191"", ""V160"", ""V215""]","{""n_estimators"": 227, ""learning_rate"": 0.06114791204133052, ""max_depth"": 4, ""subsample"": 0.9155302514165626, ""colsample_bytree"": 0.5429549279963759, ""min_child_weight"": 9, ""reg_alpha"": 0.9699768378015103, ""reg_lambda"": 1.8938394167459525}"
249,2026-06-05T12:30:34.162831+00:00,xgb,ranking_total,249,4335,5,1000,0.7828474640846252,689,311,0.4966162145137787,"[""V176"", ""V255"", ""V191"", ""V160"", ""V215""]","{""n_estimators"": 354, ""learning_rate"": 0.14815447041955032, ""max_depth"": 9, ""subsample"": 0.5145694269435792, ""colsample_bytree"": 0.7849829375900395, ""min_child_weight"": 9, ""reg_alpha"": 0.50916131580001, ""reg_lambda"": 2.200669634258858}"
250,2026-06-05T12:31:06.948478+00:00,xgb,ranking_total,250,5300,7,1000,0.747348427772522,780,220,0.5031644701957703,"[""V176"", ""V255"", ""V191"", ""V160"", ""V215"", ""V380"", ""V342""]","{""n_estimators"": 372, ""learning_rate"": 0.036441153734278586, ""max_depth"": 7, ""subsample"": 0.9653997408966344, ""colsample_bytree"": 0.8177890894471482, ""min_child_weight"": 2, ""reg_alpha"": 0.43269122791944037, ""reg_lambda"": 0.9243143158168861}"
251,2026-06-05T12:31:23.482709+00:00,xgb,ranking_total,251,5150,7,1000,0.7475405931472778,770,230,0.4976106584072113,"[""V176"", ""V255"", ""V191"", ""V160"", ""V215"", ""V380"", ""V342""]","{""n_estimators"": 177, ""learning_rate"": 0.07089954611203525, ""max_depth"": 8, ""subsample"": 0.8093121952280664, ""colsample_bytree"": 0.8206704927692917, ""min_child_weight"": 6, ""reg_alpha"": 0.014227939942445977, ""reg_lambda"": 1.8966963833029207}"
252,2026-06-05T12:31:36.905411+00:00,xgb,ranking_total,252,5035,6,1000,0.724794864654541,749,251,0.4992465674877167,"[""V176"", ""V255"", ""V191"", ""V160"", ""V215"", ""V380""]","{""n_estimators"": 133, ""learning_rate"": 0.06989199869007884, ""max_depth"": 8, ""subsample"": 0.6999333364975407, ""colsample_bytree"": 0.8261454362082301, ""min_child_weight"": 4, ""reg_alpha"": 0.3691264252916585, ""reg_lambda"": 0.8742668035447259}"
253,2026-06-05T12:32:03.313020+00:00,xgb,ranking_total,253,4600,7,999,0.8612951040267944,733,266,0.49685487151145935,"[""V176"", ""V255"", ""V191"", ""V160"", ""V215"", ""V380"", ""V342""]","{""n_estimators"": 255, ""learning_rate"": 0.15818480219676073, ""max_depth"": 8, ""subsample"": 0.6236656184203225, ""colsample_bytree"": 0.75581465186391, ""min_child_weight"": 2, ""reg_alpha"": 0.3481155634802825, ""reg_lambda"": 1.0636785767331847}"
254,2026-06-05T12:32:46.745132+00:00,xgb,ranking_total,254,4855,7,999,0.8417909145355225,750,249,0.5003738403320312,"[""V176"", ""V255"", ""V191"", ""V160"", ""V215"", ""V380"", ""V342""]","{""n_estimators"": 367, ""learning_rate"": 0.10765766421350724, ""max_depth"": 8, ""subsample"": 0.7600433146213702, ""colsample_bytree"": 0.753894396664428, ""min_child_weight"": 1, ""reg_alpha"": 0.5300297459827586, ""reg_lambda"": 1.9323885920342778}"
255,2026-06-05T12:33:03.647919+00:00,xgb,ranking_total,255,5030,7,1000,0.7660872340202332,762,238,0.49873480200767517,"[""V176"", ""V255"", ""V191"", ""V160"", ""V215"", ""V380"", ""V342""]","{""n_estimators"": 397, ""learning_rate"": 0.1260177224432955, ""max_depth"": 4, ""subsample"": 0.7393853782135867, ""colsample_bytree"": 0.7089318148591918, ""min_child_weight"": 7, ""reg_alpha"": 0.06805682745208586, ""reg_lambda"": 1.1499020935202264}"
256,2026-06-05T12:33:34.549062+00:00,xgb,ranking_total,256,5045,7,997,0.7868674397468567,762,235,0.5026899576187134,"[""V176"", ""V255"", ""V191"", ""V160"", ""V215"", ""V380"", ""V342""]","{""n_estimators"": 269, ""learning_rate"": 0.06345530756018841, ""max_depth"": 9, ""subsample"": 0.9896344990722749, ""colsample_bytree"": 0.9866962424602854, ""min_child_weight"": 3, ""reg_alpha"": 0.3300825460801403, ""reg_lambda"": 1.2602334645367024}"
257,2026-06-05T12:33:46.059477+00:00,xgb,ranking_total,257,4975,5,998,0.718178927898407,731,267,0.49938344955444336,"[""V176"", ""V255"", ""V191"", ""V160"", ""V215""]","{""n_estimators"": 260, ""learning_rate"": 0.15515954999564666, ""max_depth"": 4, ""subsample"": 0.6016199272045251, ""colsample_bytree"": 0.5421215433097002, ""min_child_weight"": 8, ""reg_alpha"": 0.9707096472601386, ""reg_lambda"": 1.2178054508374905}"
258,2026-06-05T12:33:59.823244+00:00,xgb,ranking_total,258,5215,7,999,0.770074725151062,774,225,0.4970506727695465,"[""V176"", ""V255"", ""V191"", ""V160"", ""V215"", ""V380"", ""V342""]","{""n_estimators"": 315, ""learning_rate"": 0.15099842361629012, ""max_depth"": 4, ""subsample"": 0.7633378570612244, ""colsample_bytree"": 0.608856006559098, ""min_child_weight"": 4, ""reg_alpha"": 0.3967159489117993, ""reg_lambda"": 1.3416917212191461}"
259,2026-06-05T12:34:29.338852+00:00,xgb,ranking_total,259,5110,7,999,0.7405216097831726,767,232,0.49842461943626404,"[""V176"", ""V255"", ""V191"", ""V160"", ""V215"", ""V380"", ""V342""]","{""n_estimators"": 299, ""learning_rate"": 0.03446832961358194, ""max_depth"": 8, ""subsample"": 0.7066235877195288, ""colsample_bytree"": 0.8538851352637156, ""min_child_weight"": 4, ""reg_alpha"": 0.5757204281501275, ""reg_lambda"": 0.8018954679017039}"
260,2026-06-05T12:34:45.744336+00:00,xgb,ranking_total,260,4720,7,996,0.8027607798576355,740,256,0.5005877017974854,"[""V176"", ""V255"", ""V191"", ""V160"", ""V215"", ""V380"", ""V342""]","{""n_estimators"": 204, ""learning_rate"": 0.16084961000924436, ""max_depth"": 6, ""subsample"": 0.6330677556667899, ""colsample_bytree"": 0.9377129553265038, ""min_child_weight"": 2, ""reg_alpha"": 0.8633012548147482, ""reg_lambda"": 2.1218629997139695}"
261,2026-06-05T12:34:51.309118+00:00,xgb,ranking_total,261,5295,5,1000,0.6444704532623291,753,247,0.4953896403312683,"[""V176"", ""V255"", ""V191"", ""V160"", ""V215""]","{""n_estimators"": 110, ""learning_rate"": 0.0390949105667837, ""max_depth"": 4, ""subsample"": 0.6296671749566255, ""colsample_bytree"": 0.8899065820406238, ""min_child_weight"": 2, ""reg_alpha"": 0.17038880155372327, ""reg_lambda"": 1.321458800204435}"
262,2026-06-05T12:35:08.527844+00:00,xgb,ranking_total,262,4925,7,1000,0.790476381778717,755,245,0.49995899200439453,"[""V176"", ""V255"", ""V191"", ""V160"", ""V215"", ""V380"", ""V342""]","{""n_estimators"": 324, ""learning_rate"": 0.1769456897889942, ""max_depth"": 5, ""subsample"": 0.913553334263686, ""colsample_bytree"": 0.8044327290327276, ""min_child_weight"": 9, ""reg_alpha"": 0.711006505255354, ""reg_lambda"": 2.388312384290225}"
263,2026-06-05T12:35:28.691337+00:00,xgb,ranking_total,263,5220,6,999,0.729049026966095,761,238,0.4994095265865326,"[""V176"", ""V255"", ""V191"", ""V160"", ""V215"", ""V380""]","{""n_estimators"": 305, ""learning_rate"": 0.043546544373714254, ""max_depth"": 6, ""subsample"": 0.7445481001082628, ""colsample_bytree"": 0.8662328717923955, ""min_child_weight"": 5, ""reg_alpha"": 0.23223760063530852, ""reg_lambda"": 0.6302362142752753}"
264,2026-06-05T12:35:38.687164+00:00,xgb,ranking_total,264,4980,5,1000,0.7293450832366943,732,268,0.4990547001361847,"[""V176"", ""V255"", ""V191"", ""V160"", ""V215""]","{""n_estimators"": 223, ""learning_rate"": 0.1436798433489625, ""max_depth"": 4, ""subsample"": 0.7608012954590857, ""colsample_bytree"": 0.9584550456167942, ""min_child_weight"": 6, ""reg_alpha"": 0.3433184802505387, ""reg_lambda"": 0.8400218930648884}"
265,2026-06-05T12:36:03.522102+00:00,xgb,ranking_total,265,4825,7,999,0.7793949842453003,748,251,0.5007243156433105,"[""V176"", ""V255"", ""V191"", ""V160"", ""V215"", ""V380"", ""V342""]","{""n_estimators"": 274, ""learning_rate"": 0.09972306032205212, ""max_depth"": 8, ""subsample"": 0.7863380885333622, ""colsample_bytree"": 0.5216783589627111, ""min_child_weight"": 4, ""reg_alpha"": 0.6158333353777803, ""reg_lambda"": 2.3695096605495785}"
266,2026-06-05T12:36:08.922557+00:00,xgb,ranking_total,266,5325,5,1000,0.6321281790733337,755,245,0.4966868758201599,"[""V176"", ""V255"", ""V191"", ""V160"", ""V215""]","{""n_estimators"": 153, ""learning_rate"": 0.04018684732935793, ""max_depth"": 3, ""subsample"": 0.560730240065699, ""colsample_bytree"": 0.5100033291767915, ""min_child_weight"": 8, ""reg_alpha"": 0.15773176075777406, ""reg_lambda"": 0.940423222512422}"
267,2026-06-05T12:36:33.864877+00:00,xgb,ranking_total,267,5265,5,994,0.6935220956802368,749,245,0.49751582741737366,"[""V176"", ""V255"", ""V191"", ""V160"", ""V215""]","{""n_estimators"": 315, ""learning_rate"": 0.030368306127775174, ""max_depth"": 7, ""subsample"": 0.9387089365234613, ""colsample_bytree"": 0.7802978520588975, ""min_child_weight"": 5, ""reg_alpha"": 0.8963836187705556, ""reg_lambda"": 2.4995782558857584}"
268,2026-06-05T12:36:45.937697+00:00,xgb,ranking_total,268,5110,6,1000,0.7304971218109131,754,246,0.4979744255542755,"[""V176"", ""V255"", ""V191"", ""V160"", ""V215"", ""V380""]","{""n_estimators"": 280, ""learning_rate"": 0.12205777828218502, ""max_depth"": 4, ""subsample"": 0.7897022065913181, ""colsample_bytree"": 0.6444774157726019, ""min_child_weight"": 4, ""reg_alpha"": 0.8162956691027852, ""reg_lambda"": 1.2082371566930314}"
269,2026-06-05T12:36:58.685992+00:00,xgb,ranking_total,269,5125,6,1000,0.7674198150634766,755,245,0.5015071034431458,"[""V176"", ""V255"", ""V191"", ""V160"", ""V215"", ""V380""]","{""n_estimators"": 237, ""learning_rate"": 0.13428331557145257, ""max_depth"": 5, ""subsample"": 0.8499249711186811, ""colsample_bytree"": 0.6767351613816155, ""min_child_weight"": 3, ""reg_alpha"": 0.014944361357745684, ""reg_lambda"": 0.5182227312620249}"
270,2026-06-05T12:37:09.574226+00:00,xgb,ranking_total,270,5035,7,990,0.7578531503677368,759,231,0.49850624799728394,"[""V176"", ""V255"", ""V191"", ""V160"", ""V215"", ""V380"", ""V342""]","{""n_estimators"": 140, ""learning_rate"": 0.16822191896073613, ""max_depth"": 7, ""subsample"": 0.9089921685885376, ""colsample_bytree"": 0.5330954098914026, ""min_child_weight"": 6, ""reg_alpha"": 0.8319242137636502, ""reg_lambda"": 2.212856442338029}"
271,2026-06-05T12:37:22.678489+00:00,xgb,ranking_total,271,4950,8,1000,0.777664065361023,770,230,0.49967706203460693,"[""V176"", ""V255"", ""V191"", ""V160"", ""V215"", ""V380"", ""V342"", ""V483""]","{""n_estimators"": 132, ""learning_rate"": 0.13766703800309016, ""max_depth"": 9, ""subsample"": 0.9517209307687221, ""colsample_bytree"": 0.5681779158118025, ""min_child_weight"": 5, ""reg_alpha"": 0.06732482620635838, ""reg_lambda"": 1.11964899757814}"
272,2026-06-05T12:37:39.424482+00:00,xgb,ranking_total,272,5005,7,999,0.7369508147239685,760,239,0.498445987701416,"[""V176"", ""V255"", ""V191"", ""V160"", ""V215"", ""V380"", ""V342""]","{""n_estimators"": 197, ""learning_rate"": 0.08064621135191208, ""max_depth"": 8, ""subsample"": 0.6814880618327674, ""colsample_bytree"": 0.5213747488268325, ""min_child_weight"": 7, ""reg_alpha"": 0.6764862831797576, ""reg_lambda"": 1.0757549832014313}"
273,2026-06-05T12:37:59.518371+00:00,xgb,ranking_total,273,4925,5,999,0.7414892315864563,728,271,0.4989517629146576,"[""V176"", ""V255"", ""V191"", ""V160"", ""V215""]","{""n_estimators"": 342, ""learning_rate"": 0.09320291595001225, ""max_depth"": 6, ""subsample"": 0.9689489798730866, ""colsample_bytree"": 0.6530048111460103, ""min_child_weight"": 8, ""reg_alpha"": 0.019743443829227658, ""reg_lambda"": 1.028796109890846}"
274,2026-06-05T12:38:21.129996+00:00,xgb,ranking_total,274,4925,7,1000,0.761472761631012,755,245,0.5002714395523071,"[""V176"", ""V255"", ""V191"", ""V160"", ""V215"", ""V380"", ""V342""]","{""n_estimators"": 339, ""learning_rate"": 0.0813666719924036, ""max_depth"": 6, ""subsample"": 0.5317848802142184, ""colsample_bytree"": 0.502430321329717, ""min_child_weight"": 5, ""reg_alpha"": 0.5646298372531614, ""reg_lambda"": 0.5613655860914268}"
275,2026-06-05T12:38:41.124647+00:00,xgb,ranking_total,275,4565,8,999,0.8341294527053833,744,255,0.49816420674324036,"[""V176"", ""V255"", ""V191"", ""V160"", ""V215"", ""V380"", ""V342"", ""V483""]","{""n_estimators"": 214, ""learning_rate"": 0.16206126384520947, ""max_depth"": 8, ""subsample"": 0.5796591428962115, ""colsample_bytree"": 0.5471716595937843, ""min_child_weight"": 3, ""reg_alpha"": 0.3912498133334015, ""reg_lambda"": 1.0936627381487287}"
276,2026-06-05T12:38:48.607048+00:00,xgb,ranking_total,276,5190,5,1000,0.7104364037513733,746,254,0.49872300028800964,"[""V176"", ""V255"", ""V191"", ""V160"", ""V215""]","{""n_estimators"": 158, ""learning_rate"": 0.14339603850882188, ""max_depth"": 4, ""subsample"": 0.7826456573948157, ""colsample_bytree"": 0.9673920873664286, ""min_child_weight"": 3, ""reg_alpha"": 0.9814911514263743, ""reg_lambda"": 2.0732179534318593}"
277,2026-06-05T12:39:06.641426+00:00,xgb,ranking_total,277,5165,7,1000,0.7538167834281921,771,229,0.5008848309516907,"[""V176"", ""V255"", ""V191"", ""V160"", ""V215"", ""V380"", ""V342""]","{""n_estimators"": 262, ""learning_rate"": 0.07589930174192255, ""max_depth"": 6, ""subsample"": 0.6133687179963443, ""colsample_bytree"": 0.5062033500659744, ""min_child_weight"": 2, ""reg_alpha"": 0.5162619641002294, ""reg_lambda"": 0.8884014331306298}"
278,2026-06-05T12:39:20.527136+00:00,xgb,ranking_total,278,5165,5,999,0.6728935241699219,744,255,0.4986991286277771,"[""V176"", ""V255"", ""V191"", ""V160"", ""V215""]","{""n_estimators"": 166, ""learning_rate"": 0.04183772391231255, ""max_depth"": 7, ""subsample"": 0.8270274944447487, ""colsample_bytree"": 0.5982937984394316, ""min_child_weight"": 3, ""reg_alpha"": 0.07139902413910448, ""reg_lambda"": 0.8925669591471819}"
279,2026-06-05T12:39:31.814061+00:00,xgb,ranking_total,279,5130,5,1000,0.7140501141548157,742,258,0.49804359674453735,"[""V176"", ""V255"", ""V191"", ""V160"", ""V215""]","{""n_estimators"": 260, ""learning_rate"": 0.10425777342978289, ""max_depth"": 4, ""subsample"": 0.7596417807507077, ""colsample_bytree"": 0.8690717563269741, ""min_child_weight"": 8, ""reg_alpha"": 0.25917617072124033, ""reg_lambda"": 2.1447627487589602}"
280,2026-06-05T12:39:41.855967+00:00,xgb,ranking_total,280,5380,5,998,0.6846989989280701,758,240,0.49727803468704224,"[""V176"", ""V255"", ""V191"", ""V160"", ""V215""]","{""n_estimators"": 149, ""learning_rate"": 0.03953699144700008, ""max_depth"": 6, ""subsample"": 0.9173611832272681, ""colsample_bytree"": 0.86789081699837, ""min_child_weight"": 7, ""reg_alpha"": 0.15087369103425463, ""reg_lambda"": 1.6673296979892682}"
281,2026-06-05T12:39:54.682899+00:00,xgb,ranking_total,281,5210,5,999,0.7063286900520325,747,252,0.4980749487876892,"[""V176"", ""V255"", ""V191"", ""V160"", ""V215""]","{""n_estimators"": 393, ""learning_rate"": 0.1123064471530981, ""max_depth"": 3, ""subsample"": 0.7469819692929773, ""colsample_bytree"": 0.6520102793909576, ""min_child_weight"": 8, ""reg_alpha"": 0.9121104888535994, ""reg_lambda"": 0.7541896421055043}"
282,2026-06-05T12:40:11.548434+00:00,xgb,ranking_total,282,5050,7,999,0.7496926784515381,763,236,0.4994719624519348,"[""V176"", ""V255"", ""V191"", ""V160"", ""V215"", ""V380"", ""V342""]","{""n_estimators"": 216, ""learning_rate"": 0.07599166149783432, ""max_depth"": 7, ""subsample"": 0.5891853246709723, ""colsample_bytree"": 0.6606508145095429, ""min_child_weight"": 5, ""reg_alpha"": 0.3430070942862954, ""reg_lambda"": 1.0822757888540377}"
283,2026-06-05T12:40:25.293652+00:00,xgb,ranking_total,283,5235,5,1000,0.7023655772209167,749,251,0.49791961908340454,"[""V176"", ""V255"", ""V191"", ""V160"", ""V215""]","{""n_estimators"": 332, ""learning_rate"": 0.08875835386701669, ""max_depth"": 4, ""subsample"": 0.9147436816319687, ""colsample_bytree"": 0.5154264678292537, ""min_child_weight"": 6, ""reg_alpha"": 0.9920749746293885, ""reg_lambda"": 1.2698029656716516}"
284,2026-06-05T12:40:47.169854+00:00,xgb,ranking_total,284,4835,7,997,0.817851185798645,748,249,0.5010108351707458,"[""V176"", ""V255"", ""V191"", ""V160"", ""V215"", ""V380"", ""V342""]","{""n_estimators"": 243, ""learning_rate"": 0.1574453919305912, ""max_depth"": 7, ""subsample"": 0.8204119493778226, ""colsample_bytree"": 0.5859323076301932, ""min_child_weight"": 2, ""reg_alpha"": 0.7624928946207605, ""reg_lambda"": 1.7998122747126528}"
285,2026-06-05T12:40:59.656370+00:00,xgb,ranking_total,285,5210,7,1000,0.6941218972206116,774,226,0.4981945753097534,"[""V176"", ""V255"", ""V191"", ""V160"", ""V215"", ""V380"", ""V342""]","{""n_estimators"": 173, ""learning_rate"": 0.04553848181747301, ""max_depth"": 6, ""subsample"": 0.9392388861092404, ""colsample_bytree"": 0.5657816209003214, ""min_child_weight"": 2, ""reg_alpha"": 0.09907760361292017, ""reg_lambda"": 2.088235702925381}"
286,2026-06-05T12:41:08.554659+00:00,xgb,ranking_total,286,5265,5,1000,0.6833340525627136,751,249,0.4977186620235443,"[""V176"", ""V255"", ""V191"", ""V160"", ""V215""]","{""n_estimators"": 261, ""learning_rate"": 0.07253927959862808, ""max_depth"": 3, ""subsample"": 0.8052038129255961, ""colsample_bytree"": 0.7817109358676899, ""min_child_weight"": 2, ""reg_alpha"": 0.5327790359329302, ""reg_lambda"": 2.2777247624470762}"
287,2026-06-05T12:41:35.881066+00:00,xgb,ranking_total,287,4670,7,1000,0.8326051235198975,738,262,0.5003929734230042,"[""V176"", ""V255"", ""V191"", ""V160"", ""V215"", ""V380"", ""V342""]","{""n_estimators"": 393, ""learning_rate"": 0.15172140823493374, ""max_depth"": 6, ""subsample"": 0.6521155790312767, ""colsample_bytree"": 0.9322585029948977, ""min_child_weight"": 5, ""reg_alpha"": 0.2836328608049449, ""reg_lambda"": 2.4421198072010872}"
288,2026-06-05T12:42:10.838644+00:00,xgb,ranking_total,288,4700,7,1000,0.8395541310310364,740,260,0.4996952712535858,"[""V176"", ""V255"", ""V191"", ""V160"", ""V215"", ""V380"", ""V342""]","{""n_estimators"": 399, ""learning_rate"": 0.13661296803393747, ""max_depth"": 9, ""subsample"": 0.9841043121040887, ""colsample_bytree"": 0.7969492086075958, ""min_child_weight"": 8, ""reg_alpha"": 0.018113184334213606, ""reg_lambda"": 2.410302660615365}"
289,2026-06-05T12:42:21.455149+00:00,xgb,ranking_total,289,5295,5,1000,0.6948319673538208,753,247,0.49708428978919983,"[""V176"", ""V255"", ""V191"", ""V160"", ""V215""]","{""n_estimators"": 262, ""learning_rate"": 0.08441114311855188, ""max_depth"": 4, ""subsample"": 0.9062656695085208, ""colsample_bytree"": 0.5109893829341378, ""min_child_weight"": 9, ""reg_alpha"": 0.0019094174578599965, ""reg_lambda"": 1.5442728579859344}"
290,2026-06-05T12:42:36.521745+00:00,xgb,ranking_total,290,5255,7,994,0.703087329864502,775,219,0.49563926458358765,"[""V176"", ""V255"", ""V191"", ""V160"", ""V215"", ""V380"", ""V342""]","{""n_estimators"": 275, ""learning_rate"": 0.03531703292234474, ""max_depth"": 5, ""subsample"": 0.5889095188330615, ""colsample_bytree"": 0.8581635285112887, ""min_child_weight"": 6, ""reg_alpha"": 0.8173122588988911, ""reg_lambda"": 1.9172246369326853}"
291,2026-06-05T12:43:02.675523+00:00,xgb,ranking_total,291,4950,6,999,0.7635964155197144,743,256,0.5022035837173462,"[""V176"", ""V255"", ""V191"", ""V160"", ""V215"", ""V380""]","{""n_estimators"": 225, ""learning_rate"": 0.06936914825042625, ""max_depth"": 8, ""subsample"": 0.7416269370361357, ""colsample_bytree"": 0.6998988402092841, ""min_child_weight"": 1, ""reg_alpha"": 0.08144580957192082, ""reg_lambda"": 2.4334388744103723}"
292,2026-06-05T12:43:11.254774+00:00,xgb,ranking_total,292,5160,5,1000,0.7053044438362122,744,256,0.4976140558719635,"[""V176"", ""V255"", ""V191"", ""V160"", ""V215""]","{""n_estimators"": 147, ""learning_rate"": 0.08930201486613445, ""max_depth"": 5, ""subsample"": 0.8253101131982901, ""colsample_bytree"": 0.7078405744684368, ""min_child_weight"": 2, ""reg_alpha"": 0.3854754594759452, ""reg_lambda"": 1.0326605088847807}"
293,2026-06-05T12:43:20.496819+00:00,xgb,ranking_total,293,5250,5,1000,0.7068211436271667,750,250,0.4980190396308899,"[""V176"", ""V255"", ""V191"", ""V160"", ""V215""]","{""n_estimators"": 272, ""learning_rate"": 0.12986291681397055, ""max_depth"": 3, ""subsample"": 0.799030898478017, ""colsample_bytree"": 0.7389165890846937, ""min_child_weight"": 5, ""reg_alpha"": 0.36016993805790476, ""reg_lambda"": 1.8060209842058612}"
294,2026-06-05T12:43:38.755938+00:00,xgb,ranking_total,294,5035,6,1000,0.7530726194381714,749,251,0.49925893545150757,"[""V176"", ""V255"", ""V191"", ""V160"", ""V215"", ""V380""]","{""n_estimators"": 177, ""learning_rate"": 0.08686948485864997, ""max_depth"": 9, ""subsample"": 0.6836713158654701, ""colsample_bytree"": 0.8283178210102742, ""min_child_weight"": 6, ""reg_alpha"": 0.18476603303816652, ""reg_lambda"": 0.878439832545725}"
295,2026-06-05T12:43:54.312793+00:00,xgb,ranking_total,295,5260,7,999,0.7208534479141235,777,222,0.5007120370864868,"[""V176"", ""V255"", ""V191"", ""V160"", ""V215"", ""V380"", ""V342""]","{""n_estimators"": 377, ""learning_rate"": 0.050448409212640336, ""max_depth"": 4, ""subsample"": 0.9258630389981573, ""colsample_bytree"": 0.6062745589071034, ""min_child_weight"": 2, ""reg_alpha"": 0.4548610474844579, ""reg_lambda"": 0.5112662738954297}"
296,2026-06-05T12:44:11.062406+00:00,xgb,ranking_total,296,5305,6,1000,0.7356772422790527,767,233,0.49913397431373596,"[""V176"", ""V255"", ""V191"", ""V160"", ""V215"", ""V380""]","{""n_estimators"": 324, ""learning_rate"": 0.08851767286461257, ""max_depth"": 5, ""subsample"": 0.8656250803531546, ""colsample_bytree"": 0.7350437413818942, ""min_child_weight"": 9, ""reg_alpha"": 0.3828647258331257, ""reg_lambda"": 1.777463970147332}"
297,2026-06-05T12:44:28.209251+00:00,xgb,ranking_total,297,4935,6,999,0.7835440039634705,742,257,0.5012413263320923,"[""V176"", ""V255"", ""V191"", ""V160"", ""V215"", ""V380""]","{""n_estimators"": 263, ""learning_rate"": 0.13853710555163834, ""max_depth"": 6, ""subsample"": 0.620716862842972, ""colsample_bytree"": 0.6935747807468136, ""min_child_weight"": 6, ""reg_alpha"": 0.002940409394668997, ""reg_lambda"": 1.6053229366484334}"
298,2026-06-05T12:44:36.236350+00:00,xgb,ranking_total,298,5250,7,998,0.7070576548576355,776,222,0.49864932894706726,"[""V176"", ""V255"", ""V191"", ""V160"", ""V215"", ""V380"", ""V342""]","{""n_estimators"": 234, ""learning_rate"": 0.09621791689031776, ""max_depth"": 3, ""subsample"": 0.5360370669652414, ""colsample_bytree"": 0.5247810708692129, ""min_child_weight"": 5, ""reg_alpha"": 0.9716600253162436, ""reg_lambda"": 1.918103482123702}"
299,2026-06-05T12:44:59.881644+00:00,xgb,ranking_total,299,4910,7,1000,0.7916203737258911,754,246,0.49864262342453003,"[""V176"", ""V255"", ""V191"", ""V160"", ""V215"", ""V380"", ""V342""]","{""n_estimators"": 256, ""learning_rate"": 0.11569857514536964, ""max_depth"": 8, ""subsample"": 0.9114263550263733, ""colsample_bytree"": 0.7732759419921333, ""min_child_weight"": 6, ""reg_alpha"": 0.8413564806674667, ""reg_lambda"": 2.0829049329727543}"
300,2026-06-05T12:45:26.080071+00:00,xgb,ranking_total,300,4725,7,998,0.830176830291748,741,257,0.499049574136734,"[""V176"", ""V255"", ""V191"", ""V160"", ""V215"", ""V380"", ""V342""]","{""n_estimators"": 318, ""learning_rate"": 0.15319438579099165, ""max_depth"": 7, ""subsample"": 0.7626558008762885, ""colsample_bytree"": 0.9811396760360347, ""min_child_weight"": 6, ""reg_alpha"": 0.6738443624343919, ""reg_lambda"": 1.6872451977408838}"
301,2026-06-05T12:45:42.361318+00:00,xgb,ranking_total,301,5155,6,997,0.7172309756278992,756,241,0.496798574924469,"[""V176"", ""V255"", ""V191"", ""V160"", ""V215"", ""V380""]","{""n_estimators"": 309, ""learning_rate"": 0.06306679042542987, ""max_depth"": 5, ""subsample"": 0.6845406262646891, ""colsample_bytree"": 0.6453878518832088, ""min_child_weight"": 8, ""reg_alpha"": 0.7003744600865723, ""reg_lambda"": 1.3448436530097478}"
302,2026-06-05T12:46:04.020558+00:00,xgb,ranking_total,302,4910,7,1000,0.8231059908866882,754,246,0.5016037821769714,"[""V176"", ""V255"", ""V191"", ""V160"", ""V215"", ""V380"", ""V342""]","{""n_estimators"": 168, ""learning_rate"": 0.13116475766736496, ""max_depth"": 8, ""subsample"": 0.6468072225066102, ""colsample_bytree"": 0.9915862882554043, ""min_child_weight"": 1, ""reg_alpha"": 0.39105643279960833, ""reg_lambda"": 1.4238121919598243}"
303,2026-06-05T12:46:09.859742+00:00,xgb,ranking_total,303,5325,5,1000,0.6927106380462646,755,245,0.49774202704429626,"[""V176"", ""V255"", ""V191"", ""V160"", ""V215""]","{""n_estimators"": 124, ""learning_rate"": 0.10037353295146655, ""max_depth"": 4, ""subsample"": 0.8065436987044907, ""colsample_bytree"": 0.9394230400458025, ""min_child_weight"": 4, ""reg_alpha"": 0.15321095381897876, ""reg_lambda"": 1.0132938236593376}"
304,2026-06-05T12:46:17.091634+00:00,xgb,ranking_total,304,5210,4,1000,0.6544867753982544,734,266,0.4967113733291626,"[""V176"", ""V255"", ""V191"", ""V160""]","{""n_estimators"": 159, ""learning_rate"": 0.038279705734217614, ""max_depth"": 4, ""subsample"": 0.7753971422661374, ""colsample_bytree"": 0.9054459297315465, ""min_child_weight"": 6, ""reg_alpha"": 0.6890043723231779, ""reg_lambda"": 1.9849940268253203}"
305,2026-06-05T12:46:38.407547+00:00,xgb,ranking_total,305,4970,7,1000,0.7826277613639832,758,242,0.5027902126312256,"[""V176"", ""V255"", ""V191"", ""V160"", ""V215"", ""V380"", ""V342""]","{""n_estimators"": 387, ""learning_rate"": 0.13164168346259758, ""max_depth"": 5, ""subsample"": 0.9696398243385753, ""colsample_bytree"": 0.7046608540992362, ""min_child_weight"": 2, ""reg_alpha"": 0.6025004382146482, ""reg_lambda"": 2.28061550275075}"
306,2026-06-05T12:47:04.988025+00:00,xgb,ranking_total,306,4575,8,1000,0.8425340056419373,745,255,0.49758943915367126,"[""V176"", ""V255"", ""V191"", ""V160"", ""V215"", ""V380"", ""V342"", ""V483""]","{""n_estimators"": 311, ""learning_rate"": 0.17248188382340834, ""max_depth"": 7, ""subsample"": 0.7105024831559232, ""colsample_bytree"": 0.7404491656028118, ""min_child_weight"": 3, ""reg_alpha"": 0.9810341443333886, ""reg_lambda"": 1.3887177981364678}"
307,2026-06-05T12:47:34.188913+00:00,xgb,ranking_total,307,4555,6,997,0.8215058445930481,716,281,0.4987967908382416,"[""V176"", ""V255"", ""V191"", ""V160"", ""V215"", ""V380""]","{""n_estimators"": 324, ""learning_rate"": 0.15125956709123425, ""max_depth"": 9, ""subsample"": 0.6620408087744488, ""colsample_bytree"": 0.7448512735535029, ""min_child_weight"": 8, ""reg_alpha"": 0.022462472298727665, ""reg_lambda"": 1.2958504012935665}"
308,2026-06-05T12:48:00.382303+00:00,xgb,ranking_total,308,4805,7,1000,0.786185085773468,747,253,0.4975492060184479,"[""V176"", ""V255"", ""V191"", ""V160"", ""V215"", ""V380"", ""V342""]","{""n_estimators"": 277, ""learning_rate"": 0.09279276296372731, ""max_depth"": 8, ""subsample"": 0.6456700074758037, ""colsample_bytree"": 0.7055806696127134, ""min_child_weight"": 4, ""reg_alpha"": 0.48826610164698947, ""reg_lambda"": 1.3522953672152704}"
309,2026-06-05T12:48:05.473223+00:00,xgb,ranking_total,309,5305,4,993,0.6238035559654236,738,255,0.49580731987953186,"[""V176"", ""V255"", ""V191"", ""V160""]","{""n_estimators"": 140, ""learning_rate"": 0.03323024103249465, ""max_depth"": 3, ""subsample"": 0.5957866874116182, ""colsample_bytree"": 0.6079255419929565, ""min_child_weight"": 1, ""reg_alpha"": 0.5537155363447223, ""reg_lambda"": 0.964295337111613}"
310,2026-06-05T12:48:21.024255+00:00,xgb,ranking_total,310,4925,5,999,0.743525505065918,728,271,0.4999983310699463,"[""V176"", ""V255"", ""V191"", ""V160"", ""V215""]","{""n_estimators"": 363, ""learning_rate"": 0.1517259724397549, ""max_depth"": 4, ""subsample"": 0.8545418623392296, ""colsample_bytree"": 0.8542339105261525, ""min_child_weight"": 9, ""reg_alpha"": 0.4269680841301582, ""reg_lambda"": 2.4551800377296455}"
311,2026-06-05T12:48:30.895843+00:00,xgb,ranking_total,311,5005,6,1000,0.7342271208763123,747,253,0.49926474690437317,"[""V176"", ""V255"", ""V191"", ""V160"", ""V215"", ""V380""]","{""n_estimators"": 224, ""learning_rate"": 0.1302852906107485, ""max_depth"": 4, ""subsample"": 0.5455791749449456, ""colsample_bytree"": 0.643627862567806, ""min_child_weight"": 4, ""reg_alpha"": 0.31286143474987327, ""reg_lambda"": 0.6214681536881224}"
312,2026-06-05T12:48:40.998630+00:00,xgb,ranking_total,312,5150,7,1000,0.724257230758667,770,230,0.4965134859085083,"[""V176"", ""V255"", ""V191"", ""V160"", ""V215"", ""V380"", ""V342""]","{""n_estimators"": 292, ""learning_rate"": 0.09592558932201153, ""max_depth"": 3, ""subsample"": 0.5414316112736917, ""colsample_bytree"": 0.8098194382696109, ""min_child_weight"": 4, ""reg_alpha"": 0.6888564250944492, ""reg_lambda"": 1.2943003241464248}"
313,2026-06-05T12:48:46.419675+00:00,xgb,ranking_total,313,5285,5,993,0.6815444827079773,750,243,0.49792948365211487,"[""V176"", ""V255"", ""V191"", ""V160"", ""V215""]","{""n_estimators"": 120, ""learning_rate"": 0.09280830297978974, ""max_depth"": 4, ""subsample"": 0.6913028440262308, ""colsample_bytree"": 0.6032366971155498, ""min_child_weight"": 9, ""reg_alpha"": 0.6206778211680212, ""reg_lambda"": 1.372209518314356}"
314,2026-06-05T12:48:51.655986+00:00,xgb,ranking_total,314,5185,6,1000,0.6735565066337585,759,241,0.4965248107910156,"[""V176"", ""V255"", ""V191"", ""V160"", ""V215"", ""V380""]","{""n_estimators"": 108, ""learning_rate"": 0.06979591453459602, ""max_depth"": 4, ""subsample"": 0.808966861969497, ""colsample_bytree"": 0.9731231935569691, ""min_child_weight"": 3, ""reg_alpha"": 0.6705675189911386, ""reg_lambda"": 1.7876304264724323}"
315,2026-06-05T12:48:59.408903+00:00,xgb,ranking_total,315,5050,6,1000,0.7431816458702087,750,250,0.4986615777015686,"[""V176"", ""V255"", ""V191"", ""V160"", ""V215"", ""V380""]","{""n_estimators"": 108, ""learning_rate"": 0.1756813435128427, ""max_depth"": 6, ""subsample"": 0.632523875586231, ""colsample_bytree"": 0.8916026897708693, ""min_child_weight"": 8, ""reg_alpha"": 0.9158082591545209, ""reg_lambda"": 2.410556133507959}"
316,2026-06-05T12:49:11.043482+00:00,xgb,ranking_total,316,5195,5,996,0.7100241184234619,745,251,0.49861395359039307,"[""V176"", ""V255"", ""V191"", ""V160"", ""V215""]","{""n_estimators"": 199, ""learning_rate"": 0.07187481782328597, ""max_depth"": 5, ""subsample"": 0.6578237691964646, ""colsample_bytree"": 0.998450133865232, ""min_child_weight"": 4, ""reg_alpha"": 0.7370035880243998, ""reg_lambda"": 1.4759671238322587}"
317,2026-06-05T12:49:26.885399+00:00,xgb,ranking_total,317,4840,6,1000,0.7591049075126648,736,264,0.5011094808578491,"[""V176"", ""V255"", ""V191"", ""V160"", ""V215"", ""V380""]","{""n_estimators"": 187, ""learning_rate"": 0.123320046033273, ""max_depth"": 7, ""subsample"": 0.5415026351915679, ""colsample_bytree"": 0.5948546593747283, ""min_child_weight"": 3, ""reg_alpha"": 0.8381152336577052, ""reg_lambda"": 1.902141871764689}"
318,2026-06-05T12:49:48.578318+00:00,xgb,ranking_total,318,4895,7,1000,0.8054991960525513,753,247,0.5020290613174438,"[""V176"", ""V255"", ""V191"", ""V160"", ""V215"", ""V380"", ""V342""]","{""n_estimators"": 347, ""learning_rate"": 0.12912136799801383, ""max_depth"": 6, ""subsample"": 0.9817610081544046, ""colsample_bytree"": 0.7883755144258491, ""min_child_weight"": 5, ""reg_alpha"": 0.05776215872268742, ""reg_lambda"": 0.9855831050819763}"
319,2026-06-05T12:49:56.618371+00:00,xgb,ranking_total,319,5030,7,1000,0.7436811923980713,762,238,0.49689891934394836,"[""V176"", ""V255"", ""V191"", ""V160"", ""V215"", ""V380"", ""V342""]","{""n_estimators"": 174, ""learning_rate"": 0.16458765516091345, ""max_depth"": 4, ""subsample"": 0.572240641647731, ""colsample_bytree"": 0.7027937349000819, ""min_child_weight"": 2, ""reg_alpha"": 0.23179452139321977, ""reg_lambda"": 2.157054882439919}"
320,2026-06-05T12:50:12.769444+00:00,xgb,ranking_total,320,5430,5,1000,0.6825109720230103,762,238,0.498127818107605,"[""V176"", ""V255"", ""V191"", ""V160"", ""V215""]","{""n_estimators"": 389, ""learning_rate"": 0.040616065839952906, ""max_depth"": 4, ""subsample"": 0.571899425061118, ""colsample_bytree"": 0.5070477110312186, ""min_child_weight"": 5, ""reg_alpha"": 0.45871956220816146, ""reg_lambda"": 1.8194334843248705}"
321,2026-06-05T12:50:38.553692+00:00,xgb,ranking_total,321,4755,6,996,0.8088731169700623,729,267,0.5017216801643372,"[""V176"", ""V255"", ""V191"", ""V160"", ""V215"", ""V380""]","{""n_estimators"": 369, ""learning_rate"": 0.16651852710839354, ""max_depth"": 7, ""subsample"": 0.996654647148987, ""colsample_bytree"": 0.7003459175719987, ""min_child_weight"": 9, ""reg_alpha"": 0.41335533278284053, ""reg_lambda"": 2.0779892209414568}"
322,2026-06-05T12:50:44.256120+00:00,xgb,ranking_total,322,5240,5,999,0.6435352563858032,749,250,0.4948998987674713,"[""V176"", ""V255"", ""V191"", ""V160"", ""V215""]","{""n_estimators"": 126, ""learning_rate"": 0.04168685380741865, ""max_depth"": 4, ""subsample"": 0.7391943568277041, ""colsample_bytree"": 0.6945982193681773, ""min_child_weight"": 9, ""reg_alpha"": 0.5266756362845376, ""reg_lambda"": 2.3151075064796807}"
323,2026-06-05T12:50:51.782215+00:00,xgb,ranking_total,323,5325,5,1000,0.6610737442970276,755,245,0.49664679169654846,"[""V176"", ""V255"", ""V191"", ""V160"", ""V215""]","{""n_estimators"": 173, ""learning_rate"": 0.05125380944201404, ""max_depth"": 4, ""subsample"": 0.5429385869454262, ""colsample_bytree"": 0.5383125842266332, ""min_child_weight"": 6, ""reg_alpha"": 0.5779465059479731, ""reg_lambda"": 0.8984052443944852}"
324,2026-06-05T12:51:15.648049+00:00,xgb,ranking_total,324,4845,6,999,0.7941104769706726,736,263,0.5020809769630432,"[""V176"", ""V255"", ""V191"", ""V160"", ""V215"", ""V380""]","{""n_estimators"": 284, ""learning_rate"": 0.12483944972270741, ""max_depth"": 7, ""subsample"": 0.9519249090451438, ""colsample_bytree"": 0.937740289742661, ""min_child_weight"": 4, ""reg_alpha"": 0.5083291052203583, ""reg_lambda"": 1.991736739858824}"
325,2026-06-05T12:51:31.715624+00:00,xgb,ranking_total,325,5085,5,1000,0.7084123492240906,739,261,0.4979810416698456,"[""V176"", ""V255"", ""V191"", ""V160"", ""V215""]","{""n_estimators"": 253, ""learning_rate"": 0.06827636485619218, ""max_depth"": 6, ""subsample"": 0.5288773270527456, ""colsample_bytree"": 0.667940228232466, ""min_child_weight"": 9, ""reg_alpha"": 0.6352146412549811, ""reg_lambda"": 1.1098950988611906}"
326,2026-06-05T12:51:59.877072+00:00,xgb,ranking_total,326,4625,7,1000,0.8517495393753052,735,265,0.4971874952316284,"[""V176"", ""V255"", ""V191"", ""V160"", ""V215"", ""V380"", ""V342""]","{""n_estimators"": 285, ""learning_rate"": 0.17715728195684363, ""max_depth"": 9, ""subsample"": 0.8415328759902213, ""colsample_bytree"": 0.8456846950093289, ""min_child_weight"": 6, ""reg_alpha"": 0.1540561599522543, ""reg_lambda"": 1.9927697850402877}"
327,2026-06-05T12:52:20.533868+00:00,xgb,ranking_total,327,4805,7,1000,0.7901178002357483,747,253,0.49804550409317017,"[""V176"", ""V255"", ""V191"", ""V160"", ""V215"", ""V380"", ""V342""]","{""n_estimators"": 253, ""learning_rate"": 0.14558400711401823, ""max_depth"": 8, ""subsample"": 0.7512224556290732, ""colsample_bytree"": 0.5180009391545384, ""min_child_weight"": 9, ""reg_alpha"": 0.6244720769528799, ""reg_lambda"": 0.9843579796042699}"
328,2026-06-05T12:52:26.003641+00:00,xgb,ranking_total,328,5390,5,999,0.6753338575363159,759,240,0.4970301389694214,"[""V176"", ""V255"", ""V191"", ""V160"", ""V215""]","{""n_estimators"": 154, ""learning_rate"": 0.08801859214613672, ""max_depth"": 3, ""subsample"": 0.8573950720429822, ""colsample_bytree"": 0.8398756843981485, ""min_child_weight"": 9, ""reg_alpha"": 0.373903897000435, ""reg_lambda"": 1.7471628879498633}"
329,2026-06-05T12:52:42.872865+00:00,xgb,ranking_total,329,5245,6,1000,0.7192849516868591,763,237,0.4971769452095032,"[""V176"", ""V255"", ""V191"", ""V160"", ""V215"", ""V380""]","{""n_estimators"": 184, ""learning_rate"": 0.048946298869842406, ""max_depth"": 8, ""subsample"": 0.543612261038442, ""colsample_bytree"": 0.9232594983427174, ""min_child_weight"": 6, ""reg_alpha"": 0.06416483908006176, ""reg_lambda"": 1.2644304034167644}"
330,2026-06-05T12:52:51.005500+00:00,xgb,ranking_total,330,5255,5,999,0.6841083765029907,750,249,0.49727773666381836,"[""V176"", ""V255"", ""V191"", ""V160"", ""V215""]","{""n_estimators"": 246, ""learning_rate"": 0.08864544253490902, ""max_depth"": 3, ""subsample"": 0.9129300074974399, ""colsample_bytree"": 0.5923379613083708, ""min_child_weight"": 6, ""reg_alpha"": 0.4651772429761618, ""reg_lambda"": 1.4716644727989525}"
331,2026-06-05T12:53:15.615565+00:00,xgb,ranking_total,331,5155,6,1000,0.7374354004859924,757,243,0.4994775950908661,"[""V176"", ""V255"", ""V191"", ""V160"", ""V215"", ""V380""]","{""n_estimators"": 321, ""learning_rate"": 0.059485532846810706, ""max_depth"": 7, ""subsample"": 0.9671427272699025, ""colsample_bytree"": 0.7415680987834248, ""min_child_weight"": 6, ""reg_alpha"": 0.9333841582479172, ""reg_lambda"": 1.7624121770987309}"
332,2026-06-05T12:53:24.132839+00:00,xgb,ranking_total,332,5370,5,1000,0.6720705032348633,758,242,0.49737948179244995,"[""V176"", ""V255"", ""V191"", ""V160"", ""V215""]","{""n_estimators"": 253, ""learning_rate"": 0.04739872485408747, ""max_depth"": 3, ""subsample"": 0.8186065077484181, ""colsample_bytree"": 0.7920772354665313, ""min_child_weight"": 2, ""reg_alpha"": 0.08933988911643365, ""reg_lambda"": 1.8924170410315773}"
333,2026-06-05T12:53:39.095889+00:00,xgb,ranking_total,333,4750,7,999,0.7734969854354858,743,256,0.4966333508491516,"[""V176"", ""V255"", ""V191"", ""V160"", ""V215"", ""V380"", ""V342""]","{""n_estimators"": 147, ""learning_rate"": 0.13375634256385313, ""max_depth"": 9, ""subsample"": 0.6426651562143844, ""colsample_bytree"": 0.9650197115449606, ""min_child_weight"": 8, ""reg_alpha"": 0.25575326231541906, ""reg_lambda"": 2.4436532529672665}"
334,2026-06-05T12:54:03.833198+00:00,xgb,ranking_total,334,4835,7,1000,0.8403375148773193,749,251,0.4980561435222626,"[""V176"", ""V255"", ""V191"", ""V160"", ""V215"", ""V380"", ""V342""]","{""n_estimators"": 368, ""learning_rate"": 0.13934260918485103, ""max_depth"": 6, ""subsample"": 0.6664075081435545, ""colsample_bytree"": 0.7986631444421478, ""min_child_weight"": 4, ""reg_alpha"": 0.04830366574949008, ""reg_lambda"": 0.7090603763449417}"
335,2026-06-05T12:54:11.861014+00:00,xgb,ranking_total,335,5195,7,1000,0.7391188740730286,773,227,0.4968486428260803,"[""V176"", ""V255"", ""V191"", ""V160"", ""V215"", ""V380"", ""V342""]","{""n_estimators"": 230, ""learning_rate"": 0.1721652585631072, ""max_depth"": 3, ""subsample"": 0.5621337978717444, ""colsample_bytree"": 0.5852740531208278, ""min_child_weight"": 4, ""reg_alpha"": 0.6966026337671779, ""reg_lambda"": 0.604164209952017}"
336,2026-06-05T12:54:31.871285+00:00,xgb,ranking_total,336,4865,7,1000,0.8122217655181885,751,249,0.5038085579872131,"[""V176"", ""V255"", ""V191"", ""V160"", ""V215"", ""V380"", ""V342""]","{""n_estimators"": 349, ""learning_rate"": 0.15814355808743813, ""max_depth"": 5, ""subsample"": 0.8231615947304187, ""colsample_bytree"": 0.7271751044425206, ""min_child_weight"": 2, ""reg_alpha"": 0.5908125548616511, ""reg_lambda"": 1.5316214628498006}"
337,2026-06-05T12:54:36.607438+00:00,xgb,ranking_total,337,5290,6,1000,0.704796552658081,766,234,0.498927503824234,"[""V176"", ""V255"", ""V191"", ""V160"", ""V215"", ""V380""]","{""n_estimators"": 128, ""learning_rate"": 0.16448554749680913, ""max_depth"": 3, ""subsample"": 0.8829105579494683, ""colsample_bytree"": 0.8307848496506839, ""min_child_weight"": 7, ""reg_alpha"": 0.7041876662339233, ""reg_lambda"": 1.7879538512096738}"
338,2026-06-05T12:54:48.418907+00:00,xgb,ranking_total,338,5200,6,1000,0.7105495929718018,760,240,0.49747905135154724,"[""V176"", ""V255"", ""V191"", ""V160"", ""V215"", ""V380""]","{""n_estimators"": 360, ""learning_rate"": 0.09822560074206524, ""max_depth"": 3, ""subsample"": 0.7838902981276599, ""colsample_bytree"": 0.524847102781181, ""min_child_weight"": 5, ""reg_alpha"": 0.9580571892115066, ""reg_lambda"": 1.7571444711024984}"
339,2026-06-05T12:55:05.626316+00:00,xgb,ranking_total,339,5145,6,999,0.7404544353485107,756,243,0.5017468929290771,"[""V176"", ""V255"", ""V191"", ""V160"", ""V215"", ""V380""]","{""n_estimators"": 179, ""learning_rate"": 0.060672963964680054, ""max_depth"": 8, ""subsample"": 0.9128230864368483, ""colsample_bytree"": 0.7594947318574614, ""min_child_weight"": 4, ""reg_alpha"": 0.13428842431760069, ""reg_lambda"": 0.6905716552076004}"
340,2026-06-05T12:55:13.236809+00:00,xgb,ranking_total,340,5340,5,1000,0.6609974503517151,756,244,0.49648985266685486,"[""V176"", ""V255"", ""V191"", ""V160"", ""V215""]","{""n_estimators"": 218, ""learning_rate"": 0.041814869387014356, ""max_depth"": 3, ""subsample"": 0.6359644407731551, ""colsample_bytree"": 0.761332104328727, ""min_child_weight"": 5, ""reg_alpha"": 0.37724720705176207, ""reg_lambda"": 2.1670314687273153}"
341,2026-06-05T12:55:23.299963+00:00,xgb,ranking_total,341,5280,6,999,0.710686981678009,765,234,0.4987657368183136,"[""V176"", ""V255"", ""V191"", ""V160"", ""V215"", ""V380""]","{""n_estimators"": 232, ""learning_rate"": 0.07251193885324253, ""max_depth"": 4, ""subsample"": 0.7716903954319592, ""colsample_bytree"": 0.6715941074514055, ""min_child_weight"": 4, ""reg_alpha"": 0.261303310458854, ""reg_lambda"": 1.1754988958802843}"
342,2026-06-05T12:55:36.138845+00:00,xgb,ranking_total,342,5085,7,998,0.7393803000450134,765,233,0.5008464455604553,"[""V176"", ""V255"", ""V191"", ""V160"", ""V215"", ""V380"", ""V342""]","{""n_estimators"": 215, ""learning_rate"": 0.07667615435251432, ""max_depth"": 5, ""subsample"": 0.8489916955659383, ""colsample_bytree"": 0.8390739367047434, ""min_child_weight"": 1, ""reg_alpha"": 0.8091550129418644, ""reg_lambda"": 0.6596984508075137}"
343,2026-06-05T12:55:43.181064+00:00,xgb,ranking_total,343,5150,7,1000,0.7602859735488892,770,230,0.49956318736076355,"[""V176"", ""V255"", ""V191"", ""V160"", ""V215"", ""V380"", ""V342""]","{""n_estimators"": 119, ""learning_rate"": 0.17789611751844833, ""max_depth"": 5, ""subsample"": 0.5204016533373573, ""colsample_bytree"": 0.7884179358127805, ""min_child_weight"": 4, ""reg_alpha"": 0.13214054942810016, ""reg_lambda"": 1.0048931454499752}"
344,2026-06-05T12:55:50.680461+00:00,xgb,ranking_total,344,5400,5,1000,0.6958975791931152,760,240,0.49799296259880066,"[""V176"", ""V255"", ""V191"", ""V160"", ""V215""]","{""n_estimators"": 213, ""learning_rate"": 0.1269028520189526, ""max_depth"": 3, ""subsample"": 0.7945368305594885, ""colsample_bytree"": 0.9323008218371028, ""min_child_weight"": 5, ""reg_alpha"": 0.9212215637795673, ""reg_lambda"": 2.363663230520198}"
345,2026-06-05T12:56:13.566453+00:00,xgb,ranking_total,345,4660,6,1000,0.804307758808136,724,276,0.49973222613334656,"[""V176"", ""V255"", ""V191"", ""V160"", ""V215"", ""V380""]","{""n_estimators"": 217, ""learning_rate"": 0.12842941735242108, ""max_depth"": 8, ""subsample"": 0.628487244317081, ""colsample_bytree"": 0.9813927420407422, ""min_child_weight"": 3, ""reg_alpha"": 0.3340252750631807, ""reg_lambda"": 1.6517981186056634}"
346,2026-06-05T12:56:19.294150+00:00,xgb,ranking_total,346,5260,6,1000,0.7029833793640137,764,236,0.4981936514377594,"[""V176"", ""V255"", ""V191"", ""V160"", ""V215"", ""V380""]","{""n_estimators"": 124, ""learning_rate"": 0.13431275218526, ""max_depth"": 4, ""subsample"": 0.98083310053527, ""colsample_bytree"": 0.9301410997069811, ""min_child_weight"": 5, ""reg_alpha"": 0.49474806137419547, ""reg_lambda"": 1.9210808295018795}"
347,2026-06-05T12:56:31.919065+00:00,xgb,ranking_total,347,5020,6,1000,0.7301754951477051,748,252,0.4970380961894989,"[""V176"", ""V255"", ""V191"", ""V160"", ""V215"", ""V380""]","{""n_estimators"": 376, ""learning_rate"": 0.12509799444202585, ""max_depth"": 3, ""subsample"": 0.5928049030627042, ""colsample_bytree"": 0.7217280960223902, ""min_child_weight"": 3, ""reg_alpha"": 0.01833833957879183, ""reg_lambda"": 1.766263445660561}"
348,2026-06-05T12:56:47.464592+00:00,xgb,ranking_total,348,5105,7,1000,0.775000810623169,767,233,0.5015416741371155,"[""V176"", ""V255"", ""V191"", ""V160"", ""V215"", ""V380"", ""V342""]","{""n_estimators"": 277, ""learning_rate"": 0.13074538471663089, ""max_depth"": 5, ""subsample"": 0.9401440124774778, ""colsample_bytree"": 0.878207386360518, ""min_child_weight"": 4, ""reg_alpha"": 0.8367486877064269, ""reg_lambda"": 2.406128295639194}"
349,2026-06-05T12:57:07.335045+00:00,xgb,ranking_total,349,4870,6,1000,0.7550658583641052,738,262,0.4983898401260376,"[""V176"", ""V255"", ""V191"", ""V160"", ""V215"", ""V380""]","{""n_estimators"": 183, ""learning_rate"": 0.08588220698865184, ""max_depth"": 8, ""subsample"": 0.6659693201274063, ""colsample_bytree"": 0.9867986526755073, ""min_child_weight"": 3, ""reg_alpha"": 0.7560800147305349, ""reg_lambda"": 1.808648654373059}"
350,2026-06-05T12:57:41.758848+00:00,xgb,ranking_total,350,4660,6,1000,0.8107655048370361,724,276,0.4996809661388397,"[""V176"", ""V255"", ""V191"", ""V160"", ""V215"", ""V380""]","{""n_estimators"": 289, ""learning_rate"": 0.11948146101554281, ""max_depth"": 9, ""subsample"": 0.6180974757764846, ""colsample_bytree"": 0.9576503927149869, ""min_child_weight"": 3, ""reg_alpha"": 0.8027234869040961, ""reg_lambda"": 2.4809108487914964}"
351,2026-06-05T12:57:53.392159+00:00,xgb,ranking_total,351,5015,7,1000,0.7644165754318237,761,239,0.498585045337677,"[""V176"", ""V255"", ""V191"", ""V160"", ""V215"", ""V380"", ""V342""]","{""n_estimators"": 223, ""learning_rate"": 0.14626781044481169, ""max_depth"": 5, ""subsample"": 0.9473767638360108, ""colsample_bytree"": 0.6416294656553388, ""min_child_weight"": 5, ""reg_alpha"": 0.09316769266551717, ""reg_lambda"": 1.178844861220331}"
352,2026-06-05T12:58:05.836258+00:00,xgb,ranking_total,352,5170,5,995,0.6937849521636963,743,252,0.49706122279167175,"[""V176"", ""V255"", ""V191"", ""V160"", ""V215""]","{""n_estimators"": 166, ""learning_rate"": 0.04587461302022504, ""max_depth"": 6, ""subsample"": 0.504470421344176, ""colsample_bytree"": 0.9092973591745993, ""min_child_weight"": 2, ""reg_alpha"": 0.16292942115458375, ""reg_lambda"": 2.457872898833882}"
353,2026-06-05T12:58:11.648590+00:00,xgb,ranking_total,353,5415,5,1000,0.6921901106834412,761,239,0.49739620089530945,"[""V176"", ""V255"", ""V191"", ""V160"", ""V215""]","{""n_estimators"": 166, ""learning_rate"": 0.16013796235809646, ""max_depth"": 3, ""subsample"": 0.6158735689509767, ""colsample_bytree"": 0.5504086608453373, ""min_child_weight"": 2, ""reg_alpha"": 0.2389106535876644, ""reg_lambda"": 1.8541045284755686}"
354,2026-06-05T12:58:26.791012+00:00,xgb,ranking_total,354,5185,7,999,0.8132088780403137,772,227,0.5013893246650696,"[""V176"", ""V255"", ""V191"", ""V160"", ""V215"", ""V380"", ""V342""]","{""n_estimators"": 225, ""learning_rate"": 0.17498243547566733, ""max_depth"": 6, ""subsample"": 0.9078287251802999, ""colsample_bytree"": 0.8404311024264041, ""min_child_weight"": 5, ""reg_alpha"": 0.3052011538480608, ""reg_lambda"": 0.6775230980252471}"
355,2026-06-05T12:58:54.737318+00:00,xgb,ranking_total,355,4775,7,1000,0.806529700756073,745,255,0.49959293007850647,"[""V176"", ""V255"", ""V191"", ""V160"", ""V215"", ""V380"", ""V342""]","{""n_estimators"": 272, ""learning_rate"": 0.10979073113193559, ""max_depth"": 8, ""subsample"": 0.644057139009419, ""colsample_bytree"": 0.8523666106164219, ""min_child_weight"": 3, ""reg_alpha"": 0.5557929497493587, ""reg_lambda"": 2.1378073766046755}"
356,2026-06-05T12:59:24.950341+00:00,xgb,ranking_total,356,5045,6,998,0.7721877694129944,749,249,0.5026735067367554,"[""V176"", ""V255"", ""V191"", ""V160"", ""V215"", ""V380""]","{""n_estimators"": 354, ""learning_rate"": 0.0718265332863699, ""max_depth"": 8, ""subsample"": 0.9708336928310022, ""colsample_bytree"": 0.5697591582132197, ""min_child_weight"": 4, ""reg_alpha"": 0.07179250469946985, ""reg_lambda"": 1.218546638321599}"
357,2026-06-05T12:59:49.114655+00:00,xgb,ranking_total,357,4770,6,999,0.7916673421859741,731,268,0.5017226338386536,"[""V176"", ""V255"", ""V191"", ""V160"", ""V215"", ""V380""]","{""n_estimators"": 379, ""learning_rate"": 0.13268947880723003, ""max_depth"": 6, ""subsample"": 0.8649015222347048, ""colsample_bytree"": 0.7538489766168612, ""min_child_weight"": 8, ""reg_alpha"": 0.4644786666649421, ""reg_lambda"": 1.8067449813309366}"
358,2026-06-05T13:00:16.555082+00:00,xgb,ranking_total,358,4690,6,997,0.8211697936058044,725,272,0.4996739327907562,"[""V176"", ""V255"", ""V191"", ""V160"", ""V215"", ""V380""]","{""n_estimators"": 268, ""learning_rate"": 0.14545709662360917, ""max_depth"": 9, ""subsample"": 0.909337806995894, ""colsample_bytree"": 0.8446877835420623, ""min_child_weight"": 6, ""reg_alpha"": 0.5922879387182498, ""reg_lambda"": 1.7977684381097407}"
359,2026-06-05T13:00:45.152748+00:00,xgb,ranking_total,359,5090,7,1000,0.7561713457107544,766,234,0.49853530526161194,"[""V176"", ""V255"", ""V191"", ""V160"", ""V215"", ""V380"", ""V342""]","{""n_estimators"": 301, ""learning_rate"": 0.06112923412342196, ""max_depth"": 9, ""subsample"": 0.9633552830759958, ""colsample_bytree"": 0.6044099101928063, ""min_child_weight"": 7, ""reg_alpha"": 0.5902008334612625, ""reg_lambda"": 1.1441470743115778}"
360,2026-06-05T13:01:15.958752+00:00,xgb,ranking_total,360,4750,7,999,0.8289706707000732,743,256,0.49871474504470825,"[""V176"", ""V255"", ""V191"", ""V160"", ""V215"", ""V380"", ""V342""]","{""n_estimators"": 330, ""learning_rate"": 0.13500351368438862, ""max_depth"": 9, ""subsample"": 0.71537678809903, ""colsample_bytree"": 0.7175105966723493, ""min_child_weight"": 8, ""reg_alpha"": 0.6091080570925863, ""reg_lambda"": 1.1202641095862476}"
361,2026-06-05T13:01:24.943854+00:00,xgb,ranking_total,361,5170,6,1000,0.7301511764526367,758,242,0.49880868196487427,"[""V176"", ""V255"", ""V191"", ""V160"", ""V215"", ""V380""]","{""n_estimators"": 164, ""learning_rate"": 0.12642490216515065, ""max_depth"": 5, ""subsample"": 0.6847511503491108, ""colsample_bytree"": 0.7133098000464655, ""min_child_weight"": 7, ""reg_alpha"": 0.2061876208764558, ""reg_lambda"": 2.0730053283195256}"
362,2026-06-05T13:01:36.017317+00:00,xgb,ranking_total,362,5325,5,1000,0.6911784410476685,755,245,0.49778711795806885,"[""V176"", ""V255"", ""V191"", ""V160"", ""V215""]","{""n_estimators"": 353, ""learning_rate"": 0.07582095410021564, ""max_depth"": 3, ""subsample"": 0.9380929844715444, ""colsample_bytree"": 0.7049996084658205, ""min_child_weight"": 9, ""reg_alpha"": 0.06715908344493005, ""reg_lambda"": 2.143304339204708}"
363,2026-06-05T13:01:46.710256+00:00,xgb,ranking_total,363,5175,5,1000,0.7335413694381714,745,255,0.49967288970947266,"[""V176"", ""V255"", ""V191"", ""V160"", ""V215""]","{""n_estimators"": 255, ""learning_rate"": 0.17797994846575416, ""max_depth"": 4, ""subsample"": 0.8768534391893701, ""colsample_bytree"": 0.5408785770486889, ""min_child_weight"": 8, ""reg_alpha"": 0.6155977915741561, ""reg_lambda"": 0.6883321139736382}"
364,2026-06-05T13:02:00.078628+00:00,xgb,ranking_total,364,5020,6,1000,0.7655121684074402,748,252,0.5014722943305969,"[""V176"", ""V255"", ""V191"", ""V160"", ""V215"", ""V380""]","{""n_estimators"": 311, ""learning_rate"": 0.14341777178106108, ""max_depth"": 4, ""subsample"": 0.7943033530439771, ""colsample_bytree"": 0.6708340602921745, ""min_child_weight"": 2, ""reg_alpha"": 0.037175529820830944, ""reg_lambda"": 1.4640805366183094}"
365,2026-06-05T13:02:18.095443+00:00,xgb,ranking_total,365,5170,7,999,0.7232659459114075,771,228,0.49555185437202454,"[""V176"", ""V255"", ""V191"", ""V160"", ""V215"", ""V380"", ""V342""]","{""n_estimators"": 274, ""learning_rate"": 0.046419451049379515, ""max_depth"": 6, ""subsample"": 0.5951728153387291, ""colsample_bytree"": 0.920886429457551, ""min_child_weight"": 8, ""reg_alpha"": 0.3871676886834531, ""reg_lambda"": 1.8156841674260005}"
366,2026-06-05T13:02:30.103606+00:00,xgb,ranking_total,366,4885,6,988,0.760158121585846,735,253,0.5006901621818542,"[""V176"", ""V255"", ""V191"", ""V160"", ""V215"", ""V380""]","{""n_estimators"": 182, ""learning_rate"": 0.16523721729398075, ""max_depth"": 6, ""subsample"": 0.8423052337425487, ""colsample_bytree"": 0.7942810329093077, ""min_child_weight"": 9, ""reg_alpha"": 0.6779604685800207, ""reg_lambda"": 1.651678805127925}"
367,2026-06-05T13:02:47.853358+00:00,xgb,ranking_total,367,4880,7,1000,0.8195452690124512,752,248,0.5004279613494873,"[""V176"", ""V255"", ""V191"", ""V160"", ""V215"", ""V380"", ""V342""]","{""n_estimators"": 158, ""learning_rate"": 0.15872831186700215, ""max_depth"": 9, ""subsample"": 0.9380390910926568, ""colsample_bytree"": 0.9532211731035967, ""min_child_weight"": 4, ""reg_alpha"": 0.2821407658278343, ""reg_lambda"": 1.5559245668746147}"
368,2026-06-05T13:02:58.820358+00:00,xgb,ranking_total,368,5325,5,1000,0.6800646185874939,755,245,0.49726709723472595,"[""V176"", ""V255"", ""V191"", ""V160"", ""V215""]","{""n_estimators"": 339, ""learning_rate"": 0.04935587218967262, ""max_depth"": 3, ""subsample"": 0.7683891941215251, ""colsample_bytree"": 0.6434469225413697, ""min_child_weight"": 4, ""reg_alpha"": 0.20179975141797413, ""reg_lambda"": 2.320488661973549}"
369,2026-06-05T13:03:10.641162+00:00,xgb,ranking_total,369,5205,5,1000,0.6791719794273376,747,253,0.4979487359523773,"[""V176"", ""V255"", ""V191"", ""V160"", ""V215""]","{""n_estimators"": 201, ""learning_rate"": 0.030011402707162536, ""max_depth"": 5, ""subsample"": 0.7835723940226413, ""colsample_bytree"": 0.9681283913003224, ""min_child_weight"": 2, ""reg_alpha"": 0.6938933441971448, ""reg_lambda"": 0.6703459439772721}"
370,2026-06-05T13:03:29.629633+00:00,xgb,ranking_total,370,5060,7,994,0.7592768669128418,762,232,0.4993785619735718,"[""V176"", ""V255"", ""V191"", ""V160"", ""V215"", ""V380"", ""V342""]","{""n_estimators"": 370, ""learning_rate"": 0.08151734476708297, ""max_depth"": 5, ""subsample"": 0.726343313026903, ""colsample_bytree"": 0.6163664899425607, ""min_child_weight"": 7, ""reg_alpha"": 0.21570930151457224, ""reg_lambda"": 2.3784831393420918}"
371,2026-06-05T13:03:40.287764+00:00,xgb,ranking_total,371,5310,5,1000,0.7115703225135803,754,246,0.4972276985645294,"[""V176"", ""V255"", ""V191"", ""V160"", ""V215""]","{""n_estimators"": 332, ""learning_rate"": 0.14501101512581716, ""max_depth"": 3, ""subsample"": 0.9337582293060112, ""colsample_bytree"": 0.6660198717407084, ""min_child_weight"": 7, ""reg_alpha"": 0.3241507921976695, ""reg_lambda"": 1.3971959830564553}"
372,2026-06-05T13:03:55.919604+00:00,xgb,ranking_total,372,4925,7,1000,0.7511377930641174,755,245,0.5000279545783997,"[""V176"", ""V255"", ""V191"", ""V160"", ""V215"", ""V380"", ""V342""]","{""n_estimators"": 181, ""learning_rate"": 0.11590435067434614, ""max_depth"": 7, ""subsample"": 0.792325991438326, ""colsample_bytree"": 0.518134222753913, ""min_child_weight"": 2, ""reg_alpha"": 0.9910594855160908, ""reg_lambda"": 2.2699391706681133}"
373,2026-06-05T13:04:35.105857+00:00,xgb,ranking_total,373,4765,7,999,0.8110659718513489,744,255,0.4997060000896454,"[""V176"", ""V255"", ""V191"", ""V160"", ""V215"", ""V380"", ""V342""]","{""n_estimators"": 355, ""learning_rate"": 0.07911073537331786, ""max_depth"": 8, ""subsample"": 0.7055798960631745, ""colsample_bytree"": 0.8572106324863928, ""min_child_weight"": 2, ""reg_alpha"": 0.5912627021765406, ""reg_lambda"": 2.4452661873374066}"
374,2026-06-05T13:04:53.822258+00:00,xgb,ranking_total,374,5045,7,1000,0.7786721587181091,763,237,0.5003148317337036,"[""V176"", ""V255"", ""V191"", ""V160"", ""V215"", ""V380"", ""V342""]","{""n_estimators"": 370, ""learning_rate"": 0.10677850862956277, ""max_depth"": 5, ""subsample"": 0.8786624403499138, ""colsample_bytree"": 0.5717574881647812, ""min_child_weight"": 5, ""reg_alpha"": 0.2592908498640971, ""reg_lambda"": 0.5425773175870237}"
375,2026-06-05T13:05:19.871530+00:00,xgb,ranking_total,375,4960,6,1000,0.7565803527832031,744,256,0.49931231141090393,"[""V176"", ""V255"", ""V191"", ""V160"", ""V215"", ""V380""]","{""n_estimators"": 259, ""learning_rate"": 0.06892040900137308, ""max_depth"": 7, ""subsample"": 0.5794948403672711, ""colsample_bytree"": 0.8699279787375026, ""min_child_weight"": 1, ""reg_alpha"": 0.7721431657762545, ""reg_lambda"": 2.221894296110462}"
376,2026-06-05T13:05:41.633947+00:00,xgb,ranking_total,376,5380,6,1000,0.7058566808700562,772,228,0.4973084330558777,"[""V176"", ""V255"", ""V191"", ""V160"", ""V215"", ""V380""]","{""n_estimators"": 352, ""learning_rate"": 0.03805517874984324, ""max_depth"": 6, ""subsample"": 0.5176838197246283, ""colsample_bytree"": 0.6076515150391649, ""min_child_weight"": 6, ""reg_alpha"": 0.2441186703255298, ""reg_lambda"": 1.5264833124500508}"
377,2026-06-05T13:05:50.858625+00:00,xgb,ranking_total,377,5340,5,1000,0.6863830089569092,756,244,0.497162789106369,"[""V176"", ""V255"", ""V191"", ""V160"", ""V215""]","{""n_estimators"": 224, ""learning_rate"": 0.07748001671969318, ""max_depth"": 4, ""subsample"": 0.9731434059794462, ""colsample_bytree"": 0.5376707918773884, ""min_child_weight"": 7, ""reg_alpha"": 0.8068394908569135, ""reg_lambda"": 1.2692006343857942}"
378,2026-06-05T13:05:57.316704+00:00,xgb,ranking_total,378,5250,5,1000,0.6895534992218018,750,250,0.4970816373825073,"[""V176"", ""V255"", ""V191"", ""V160"", ""V215""]","{""n_estimators"": 115, ""learning_rate"": 0.07454771599279605, ""max_depth"": 5, ""subsample"": 0.7609364030621646, ""colsample_bytree"": 0.9105502581238889, ""min_child_weight"": 9, ""reg_alpha"": 0.12035503781149015, ""reg_lambda"": 1.8992501719515704}"
379,2026-06-05T13:06:09.016048+00:00,xgb,ranking_total,379,5130,6,999,0.7149038314819336,755,244,0.4975694715976715,"[""V176"", ""V255"", ""V191"", ""V160"", ""V215"", ""V380""]","{""n_estimators"": 344, ""learning_rate"": 0.10287032386406186, ""max_depth"": 3, ""subsample"": 0.5250672766580953, ""colsample_bytree"": 0.9082096488486721, ""min_child_weight"": 7, ""reg_alpha"": 0.768916383682357, ""reg_lambda"": 0.8466251793466284}"
380,2026-06-05T13:06:26.490257+00:00,xgb,ranking_total,380,5190,6,999,0.7334381341934204,759,240,0.4997239112854004,"[""V176"", ""V255"", ""V191"", ""V160"", ""V215"", ""V380""]","{""n_estimators"": 340, ""learning_rate"": 0.07471929873768608, ""max_depth"": 5, ""subsample"": 0.8025593879244834, ""colsample_bytree"": 0.7905029420064373, ""min_child_weight"": 9, ""reg_alpha"": 0.698420640075531, ""reg_lambda"": 0.5108295582987863}"
381,2026-06-05T13:06:37.360364+00:00,xgb,ranking_total,381,5095,6,1000,0.7583138942718506,753,247,0.5013266801834106,"[""V176"", ""V255"", ""V191"", ""V160"", ""V215"", ""V380""]","{""n_estimators"": 158, ""learning_rate"": 0.14922480837517288, ""max_depth"": 6, ""subsample"": 0.920575986434381, ""colsample_bytree"": 0.6847343891088518, ""min_child_weight"": 3, ""reg_alpha"": 0.6845762638984801, ""reg_lambda"": 1.2662886773701036}"
382,2026-06-05T13:06:48.603522+00:00,xgb,ranking_total,382,5135,7,1000,0.7443670630455017,769,231,0.4978256821632385,"[""V176"", ""V255"", ""V191"", ""V160"", ""V215"", ""V380"", ""V342""]","{""n_estimators"": 173, ""learning_rate"": 0.09324862812614934, ""max_depth"": 6, ""subsample"": 0.6320007750846004, ""colsample_bytree"": 0.7668152723491337, ""min_child_weight"": 7, ""reg_alpha"": 0.14907796221845926, ""reg_lambda"": 1.17262871095532}"
383,2026-06-05T13:07:03.832015+00:00,xgb,ranking_total,383,5270,5,999,0.7134373784065247,751,248,0.49741899967193604,"[""V176"", ""V255"", ""V191"", ""V160"", ""V215""]","{""n_estimators"": 169, ""learning_rate"": 0.05615948308581871, ""max_depth"": 8, ""subsample"": 0.9847638028637595, ""colsample_bytree"": 0.8907366343721306, ""min_child_weight"": 7, ""reg_alpha"": 0.5266584927405785, ""reg_lambda"": 1.4322344920382553}"
384,2026-06-05T13:07:11.369414+00:00,xgb,ranking_total,384,5355,5,1000,0.6699234247207642,757,243,0.4964390695095062,"[""V176"", ""V255"", ""V191"", ""V160"", ""V215""]","{""n_estimators"": 129, ""learning_rate"": 0.05456469199913819, ""max_depth"": 5, ""subsample"": 0.6675076209237434, ""colsample_bytree"": 0.7984537571229016, ""min_child_weight"": 3, ""reg_alpha"": 0.1825759873912185, ""reg_lambda"": 2.4809633413082013}"
385,2026-06-05T13:07:40.734794+00:00,xgb,ranking_total,385,5020,6,1000,0.7589260339736938,748,252,0.5032935738563538,"[""V176"", ""V255"", ""V191"", ""V160"", ""V215"", ""V380""]","{""n_estimators"": 330, ""learning_rate"": 0.04821832614179053, ""max_depth"": 7, ""subsample"": 0.8613656924743454, ""colsample_bytree"": 0.8839339858286192, ""min_child_weight"": 2, ""reg_alpha"": 0.29418787476391584, ""reg_lambda"": 1.3824246255059665}"
386,2026-06-05T13:07:57.396583+00:00,xgb,ranking_total,386,5025,6,999,0.7134310007095337,748,251,0.49828246235847473,"[""V176"", ""V255"", ""V191"", ""V160"", ""V215"", ""V380""]","{""n_estimators"": 162, ""learning_rate"": 0.057625884708806946, ""max_depth"": 9, ""subsample"": 0.609050528134408, ""colsample_bytree"": 0.5293531890000025, ""min_child_weight"": 4, ""reg_alpha"": 0.6578524038640593, ""reg_lambda"": 0.9120639996150877}"
387,2026-06-05T13:08:10.595216+00:00,xgb,ranking_total,387,5050,7,999,0.7745100259780884,763,236,0.5006566047668457,"[""V176"", ""V255"", ""V191"", ""V160"", ""V215"", ""V380"", ""V342""]","{""n_estimators"": 317, ""learning_rate"": 0.17623340678307636, ""max_depth"": 4, ""subsample"": 0.9155966187777753, ""colsample_bytree"": 0.5503112959204566, ""min_child_weight"": 1, ""reg_alpha"": 0.13820658597883106, ""reg_lambda"": 2.440445771928757}"
388,2026-06-05T13:08:43.189342+00:00,xgb,ranking_total,388,5090,7,1000,0.7873198390007019,766,234,0.5016939043998718,"[""V176"", ""V255"", ""V191"", ""V160"", ""V215"", ""V380"", ""V342""]","{""n_estimators"": 364, ""learning_rate"": 0.06119043930634085, ""max_depth"": 7, ""subsample"": 0.8029723373338941, ""colsample_bytree"": 0.9389832445913523, ""min_child_weight"": 3, ""reg_alpha"": 0.989780023686093, ""reg_lambda"": 0.5713546507042622}"
389,2026-06-05T13:08:52.636356+00:00,xgb,ranking_total,389,5175,5,1000,0.707416296005249,745,255,0.4979925751686096,"[""V176"", ""V255"", ""V191"", ""V160"", ""V215""]","{""n_estimators"": 274, ""learning_rate"": 0.10561938633761024, ""max_depth"": 3, ""subsample"": 0.7152492971899729, ""colsample_bytree"": 0.9382163573048077, ""min_child_weight"": 1, ""reg_alpha"": 0.47913251206671326, ""reg_lambda"": 0.6926528225123691}"
390,2026-06-05T13:09:01.685155+00:00,xgb,ranking_total,390,5110,6,1000,0.7304365038871765,754,246,0.4997357428073883,"[""V176"", ""V255"", ""V191"", ""V160"", ""V215"", ""V380""]","{""n_estimators"": 202, ""learning_rate"": 0.14799029738117997, ""max_depth"": 4, ""subsample"": 0.6383395098341609, ""colsample_bytree"": 0.8020494560518665, ""min_child_weight"": 6, ""reg_alpha"": 0.7960233965332763, ""reg_lambda"": 0.7940000785989603}"
391,2026-06-05T13:09:37.461922+00:00,xgb,ranking_total,391,4850,7,997,0.8313485383987427,749,248,0.49936380982398987,"[""V176"", ""V255"", ""V191"", ""V160"", ""V215"", ""V380"", ""V342""]","{""n_estimators"": 397, ""learning_rate"": 0.12577870282920206, ""max_depth"": 8, ""subsample"": 0.9862742430173785, ""colsample_bytree"": 0.7241359282576828, ""min_child_weight"": 4, ""reg_alpha"": 0.5720043992986669, ""reg_lambda"": 2.446865682967747}"
392,2026-06-05T13:09:58.688329+00:00,xgb,ranking_total,392,5105,6,992,0.7352986931800842,751,241,0.49936309456825256,"[""V176"", ""V255"", ""V191"", ""V160"", ""V215"", ""V380""]","{""n_estimators"": 336, ""learning_rate"": 0.04872414709778353, ""max_depth"": 6, ""subsample"": 0.5771572428979699, ""colsample_bytree"": 0.6702759805175191, ""min_child_weight"": 6, ""reg_alpha"": 0.12192393883732078, ""reg_lambda"": 0.775704043228512}"
393,2026-06-05T13:10:12.625207+00:00,xgb,ranking_total,393,5120,7,1000,0.7292799353599548,768,232,0.4987361431121826,"[""V176"", ""V255"", ""V191"", ""V160"", ""V215"", ""V380"", ""V342""]","{""n_estimators"": 128, ""learning_rate"": 0.06436615495900816, ""max_depth"": 9, ""subsample"": 0.5315513496366614, ""colsample_bytree"": 0.9945144847436431, ""min_child_weight"": 5, ""reg_alpha"": 0.37892064932757374, ""reg_lambda"": 0.9900570176269772}"
394,2026-06-05T13:10:33.636148+00:00,xgb,ranking_total,394,5195,7,1000,0.7352891564369202,773,227,0.4980493187904358,"[""V176"", ""V255"", ""V191"", ""V160"", ""V215"", ""V380"", ""V342""]","{""n_estimators"": 283, ""learning_rate"": 0.05119400330129817, ""max_depth"": 7, ""subsample"": 0.8977412119401251, ""colsample_bytree"": 0.8386694930214966, ""min_child_weight"": 9, ""reg_alpha"": 0.5511190604873063, ""reg_lambda"": 2.104427690548191}"
395,2026-06-05T13:10:48.410745+00:00,xgb,ranking_total,395,5250,6,999,0.7231229543685913,763,236,0.49790146946907043,"[""V176"", ""V255"", ""V191"", ""V160"", ""V215"", ""V380""]","{""n_estimators"": 343, ""learning_rate"": 0.08425464495773416, ""max_depth"": 4, ""subsample"": 0.5401799905533415, ""colsample_bytree"": 0.8296253715685742, ""min_child_weight"": 7, ""reg_alpha"": 0.5919699939103381, ""reg_lambda"": 0.5515406716157998}"
396,2026-06-05T13:11:06.223221+00:00,xgb,ranking_total,396,5200,7,999,0.7243992686271667,773,226,0.4982317388057709,"[""V176"", ""V255"", ""V191"", ""V160"", ""V215"", ""V380"", ""V342""]","{""n_estimators"": 246, ""learning_rate"": 0.04645269153885223, ""max_depth"": 7, ""subsample"": 0.9763633870760213, ""colsample_bytree"": 0.7869129925089701, ""min_child_weight"": 9, ""reg_alpha"": 0.6306195055746945, ""reg_lambda"": 1.9387973757622263}"
397,2026-06-05T13:11:34.310594+00:00,xgb,ranking_total,397,5090,7,1000,0.7442345023155212,766,234,0.5015273690223694,"[""V176"", ""V255"", ""V191"", ""V160"", ""V215"", ""V380"", ""V342""]","{""n_estimators"": 244, ""learning_rate"": 0.05212365275324279, ""max_depth"": 8, ""subsample"": 0.9111949450623832, ""colsample_bytree"": 0.6453036898293629, ""min_child_weight"": 1, ""reg_alpha"": 0.9589511272488508, ""reg_lambda"": 1.375918935797236}"
398,2026-06-05T13:11:41.849169+00:00,xgb,ranking_total,398,5400,5,1000,0.7084840536117554,760,240,0.49778252840042114,"[""V176"", ""V255"", ""V191"", ""V160"", ""V215""]","{""n_estimators"": 123, ""learning_rate"": 0.09167719974247597, ""max_depth"": 5, ""subsample"": 0.6415800049376086, ""colsample_bytree"": 0.8376789477484956, ""min_child_weight"": 1, ""reg_alpha"": 0.003378134015939782, ""reg_lambda"": 1.601512195332049}"
399,2026-06-05T13:11:51.625587+00:00,xgb,ranking_total,399,5165,7,994,0.7377325296401978,769,225,0.49896132946014404,"[""V176"", ""V255"", ""V191"", ""V160"", ""V215"", ""V380"", ""V342""]","{""n_estimators"": 226, ""learning_rate"": 0.1022057998626692, ""max_depth"": 4, ""subsample"": 0.7126659186801697, ""colsample_bytree"": 0.6629468593103418, ""min_child_weight"": 3, ""reg_alpha"": 0.4014761629641195, ""reg_lambda"": 0.6272771545546896}"
400,2026-06-05T13:12:06.705246+00:00,xgb,ranking_total,400,5225,7,1000,0.6739143133163452,775,225,0.49458831548690796,"[""V176"", ""V255"", ""V191"", ""V160"", ""V215"", ""V380"", ""V342""]","{""n_estimators"": 178, ""learning_rate"": 0.03611090660895322, ""max_depth"": 8, ""subsample"": 0.5369804718611444, ""colsample_bytree"": 0.5539828796789461, ""min_child_weight"": 6, ""reg_alpha"": 0.33128826960000446, ""reg_lambda"": 2.3121908008196472}"
401,2026-06-05T13:12:28.628250+00:00,xgb,ranking_total,401,4730,7,1000,0.7857630848884583,742,258,0.4967319369316101,"[""V176"", ""V255"", ""V191"", ""V160"", ""V215"", ""V380"", ""V342""]","{""n_estimators"": 240, ""learning_rate"": 0.1404699961361221, ""max_depth"": 9, ""subsample"": 0.5741079145722346, ""colsample_bytree"": 0.5060241938991342, ""min_child_weight"": 7, ""reg_alpha"": 0.9317377835865029, ""reg_lambda"": 1.7359591850036442}"
402,2026-06-05T13:13:08.341311+00:00,xgb,ranking_total,402,4615,7,996,0.8513451218605042,733,263,0.49811357259750366,"[""V176"", ""V255"", ""V191"", ""V160"", ""V215"", ""V380"", ""V342""]","{""n_estimators"": 299, ""learning_rate"": 0.14139091052329128, ""max_depth"": 9, ""subsample"": 0.5468606895054482, ""colsample_bytree"": 0.8621848362346867, ""min_child_weight"": 1, ""reg_alpha"": 0.8711373879797916, ""reg_lambda"": 1.6468540645773482}"
403,2026-06-05T13:13:19.105300+00:00,xgb,ranking_total,403,5005,6,1000,0.7222573757171631,747,253,0.49820101261138916,"[""V176"", ""V255"", ""V191"", ""V160"", ""V215"", ""V380""]","{""n_estimators"": 106, ""learning_rate"": 0.10150512910931571, ""max_depth"": 9, ""subsample"": 0.6777326796264752, ""colsample_bytree"": 0.9146030377411338, ""min_child_weight"": 9, ""reg_alpha"": 0.9118447117553647, ""reg_lambda"": 2.4134493088516376}"
404,2026-06-05T13:13:28.373296+00:00,xgb,ranking_total,404,5250,5,1000,0.7068535685539246,750,250,0.49840888381004333,"[""V176"", ""V255"", ""V191"", ""V160"", ""V215""]","{""n_estimators"": 278, ""learning_rate"": 0.1289467124434095, ""max_depth"": 3, ""subsample"": 0.7974249367634725, ""colsample_bytree"": 0.6838213389285013, ""min_child_weight"": 2, ""reg_alpha"": 0.36989811475008394, ""reg_lambda"": 1.8545353668487274}"
405,2026-06-05T13:14:06.725178+00:00,xgb,ranking_total,405,4795,7,999,0.8220417499542236,746,253,0.4986307621002197,"[""V176"", ""V255"", ""V191"", ""V160"", ""V215"", ""V380"", ""V342""]","{""n_estimators"": 331, ""learning_rate"": 0.09342336164866906, ""max_depth"": 9, ""subsample"": 0.9465528692604489, ""colsample_bytree"": 0.6390176527717817, ""min_child_weight"": 2, ""reg_alpha"": 0.8037915447197211, ""reg_lambda"": 1.0157488356852835}"
406,2026-06-05T13:14:25.858707+00:00,xgb,ranking_total,406,4885,6,1000,0.7349311113357544,739,261,0.4979719817638397,"[""V176"", ""V255"", ""V191"", ""V160"", ""V215"", ""V380""]","{""n_estimators"": 209, ""learning_rate"": 0.0717410880724835, ""max_depth"": 9, ""subsample"": 0.5666334154941907, ""colsample_bytree"": 0.6845518205985994, ""min_child_weight"": 7, ""reg_alpha"": 0.08397831280364065, ""reg_lambda"": 1.9978377596012078}"
407,2026-06-05T13:14:57.812765+00:00,xgb,ranking_total,407,4810,6,1000,0.809353232383728,734,266,0.5018636584281921,"[""V176"", ""V255"", ""V191"", ""V160"", ""V215"", ""V380""]","{""n_estimators"": 343, ""learning_rate"": 0.10034785770939035, ""max_depth"": 7, ""subsample"": 0.6959572359005316, ""colsample_bytree"": 0.9060063656198288, ""min_child_weight"": 2, ""reg_alpha"": 0.4761851789152607, ""reg_lambda"": 1.8713017650155368}"
408,2026-06-05T13:15:27.147750+00:00,xgb,ranking_total,408,4885,6,1000,0.8106349110603333,739,261,0.5008759498596191,"[""V176"", ""V255"", ""V191"", ""V160"", ""V215"", ""V380""]","{""n_estimators"": 321, ""learning_rate"": 0.10556828994471266, ""max_depth"": 8, ""subsample"": 0.6798069125326325, ""colsample_bytree"": 0.9450273470785044, ""min_child_weight"": 5, ""reg_alpha"": 0.2907532217784423, ""reg_lambda"": 1.4399896446231433}"
409,2026-06-05T13:15:37.819080+00:00,xgb,ranking_total,409,4985,7,1000,0.766800582408905,759,241,0.5005027055740356,"[""V176"", ""V255"", ""V191"", ""V160"", ""V215"", ""V380"", ""V342""]","{""n_estimators"": 134, ""learning_rate"": 0.15481474068403184, ""max_depth"": 7, ""subsample"": 0.897013833697581, ""colsample_bytree"": 0.7859683349937373, ""min_child_weight"": 5, ""reg_alpha"": 0.8434824415166363, ""reg_lambda"": 1.9983761740860542}"
410,2026-06-05T13:16:03.336380+00:00,xgb,ranking_total,410,4970,7,1000,0.7537454962730408,758,242,0.4979894459247589,"[""V176"", ""V255"", ""V191"", ""V160"", ""V215"", ""V380"", ""V342""]","{""n_estimators"": 359, ""learning_rate"": 0.06983281221206691, ""max_depth"": 7, ""subsample"": 0.9223042627593074, ""colsample_bytree"": 0.5943597310434854, ""min_child_weight"": 9, ""reg_alpha"": 0.7999526498505651, ""reg_lambda"": 1.7706813584637997}"
411,2026-06-05T13:16:25.300916+00:00,xgb,ranking_total,411,4960,7,999,0.7973960638046265,757,242,0.49808406829833984,"[""V176"", ""V255"", ""V191"", ""V160"", ""V215"", ""V380"", ""V342""]","{""n_estimators"": 274, ""learning_rate"": 0.1136159456266044, ""max_depth"": 8, ""subsample"": 0.980390838742654, ""colsample_bytree"": 0.9080557106209156, ""min_child_weight"": 9, ""reg_alpha"": 0.038869246041091765, ""reg_lambda"": 0.5272659831452702}"
412,2026-06-05T13:16:36.682760+00:00,xgb,ranking_total,412,5150,7,1000,0.7434971928596497,770,230,0.5009652376174927,"[""V176"", ""V255"", ""V191"", ""V160"", ""V215"", ""V380"", ""V342""]","{""n_estimators"": 208, ""learning_rate"": 0.12282963075262754, ""max_depth"": 5, ""subsample"": 0.8610747242524897, ""colsample_bytree"": 0.5054184268579263, ""min_child_weight"": 1, ""reg_alpha"": 0.7197087124650342, ""reg_lambda"": 1.3077753037779372}"
413,2026-06-05T13:16:47.499003+00:00,xgb,ranking_total,413,5295,5,1000,0.672218918800354,753,247,0.4967476427555084,"[""V176"", ""V255"", ""V191"", ""V160"", ""V215""]","{""n_estimators"": 262, ""learning_rate"": 0.03493573751169332, ""max_depth"": 4, ""subsample"": 0.9869604564284771, ""colsample_bytree"": 0.8622692282733136, ""min_child_weight"": 8, ""reg_alpha"": 0.2931404129866795, ""reg_lambda"": 2.3474081694809277}"
414,2026-06-05T13:16:53.590577+00:00,xgb,ranking_total,414,5385,5,1000,0.6292436122894287,759,241,0.4952894449234009,"[""V176"", ""V255"", ""V191"", ""V160"", ""V215""]","{""n_estimators"": 171, ""learning_rate"": 0.0315955124628267, ""max_depth"": 3, ""subsample"": 0.5389732893957969, ""colsample_bytree"": 0.7929497854861065, ""min_child_weight"": 7, ""reg_alpha"": 0.38862060574655777, ""reg_lambda"": 1.6791838206123708}"
415,2026-06-05T13:17:23.890984+00:00,xgb,ranking_total,415,5135,7,1000,0.783482551574707,769,231,0.49986425042152405,"[""V176"", ""V255"", ""V191"", ""V160"", ""V215"", ""V380"", ""V342""]","{""n_estimators"": 328, ""learning_rate"": 0.07484326085779225, ""max_depth"": 9, ""subsample"": 0.9549288867773962, ""colsample_bytree"": 0.8634011183224809, ""min_child_weight"": 9, ""reg_alpha"": 0.19187465613070986, ""reg_lambda"": 2.226624833501906}"
416,2026-06-05T13:17:30.691800+00:00,xgb,ranking_total,416,5260,4,999,0.6705777645111084,737,262,0.4969882667064667,"[""V176"", ""V255"", ""V191"", ""V160""]","{""n_estimators"": 198, ""learning_rate"": 0.10591028264361675, ""max_depth"": 3, ""subsample"": 0.5855207200978239, ""colsample_bytree"": 0.5642548945757562, ""min_child_weight"": 4, ""reg_alpha"": 0.7919841919126526, ""reg_lambda"": 1.4786566448390865}"
417,2026-06-05T13:17:46.261693+00:00,xgb,ranking_total,417,5200,6,1000,0.722428560256958,760,240,0.49968448281288147,"[""V176"", ""V255"", ""V191"", ""V160"", ""V215"", ""V380""]","{""n_estimators"": 362, ""learning_rate"": 0.06720575442436272, ""max_depth"": 4, ""subsample"": 0.6354646838481088, ""colsample_bytree"": 0.8129268132903456, ""min_child_weight"": 3, ""reg_alpha"": 0.3137342182552071, ""reg_lambda"": 2.255438318661291}"
418,2026-06-05T13:17:55.480514+00:00,xgb,ranking_total,418,4965,6,999,0.7327635884284973,744,255,0.49813026189804077,"[""V176"", ""V255"", ""V191"", ""V160"", ""V215"", ""V380""]","{""n_estimators"": 215, ""learning_rate"": 0.1554265788791865, ""max_depth"": 4, ""subsample"": 0.5486945179200606, ""colsample_bytree"": 0.7667527392447082, ""min_child_weight"": 9, ""reg_alpha"": 0.42507457578660723, ""reg_lambda"": 1.1769985258488844}"
419,2026-06-05T13:18:01.999141+00:00,xgb,ranking_total,419,5235,5,1000,0.6377284526824951,749,251,0.4955956041812897,"[""V176"", ""V255"", ""V191"", ""V160"", ""V215""]","{""n_estimators"": 193, ""learning_rate"": 0.03538631911982854, ""max_depth"": 3, ""subsample"": 0.9713102092947141, ""colsample_bytree"": 0.9950300292994866, ""min_child_weight"": 9, ""reg_alpha"": 0.9791570674617804, ""reg_lambda"": 2.3405601989321116}"
420,2026-06-05T13:18:16.753337+00:00,xgb,ranking_total,420,5035,6,1000,0.7233676910400391,749,251,0.4992623031139374,"[""V176"", ""V255"", ""V191"", ""V160"", ""V215"", ""V380""]","{""n_estimators"": 182, ""learning_rate"": 0.07510519112108661, ""max_depth"": 7, ""subsample"": 0.7858123379124251, ""colsample_bytree"": 0.5895937285290822, ""min_child_weight"": 4, ""reg_alpha"": 0.8779890837200499, ""reg_lambda"": 0.8514678615027005}"
421,2026-06-05T13:18:28.271126+00:00,xgb,ranking_total,421,4890,5,1000,0.7121461033821106,726,274,0.4956091344356537,"[""V176"", ""V255"", ""V191"", ""V160"", ""V215""]","{""n_estimators"": 172, ""learning_rate"": 0.09795460152688383, ""max_depth"": 6, ""subsample"": 0.5544640910184181, ""colsample_bytree"": 0.9340832396426892, ""min_child_weight"": 9, ""reg_alpha"": 0.9195450794139408, ""reg_lambda"": 0.6083152900269269}"
422,2026-06-05T13:18:38.134755+00:00,xgb,ranking_total,422,4965,6,999,0.740543007850647,744,255,0.5007277727127075,"[""V176"", ""V255"", ""V191"", ""V160"", ""V215"", ""V380""]","{""n_estimators"": 153, ""learning_rate"": 0.1504966301127031, ""max_depth"": 6, ""subsample"": 0.6272643766868016, ""colsample_bytree"": 0.5900348134432816, ""min_child_weight"": 7, ""reg_alpha"": 0.11106872140751178, ""reg_lambda"": 1.16590759062785}"
423,2026-06-05T13:18:48.033911+00:00,xgb,ranking_total,423,5180,7,1000,0.7130557894706726,772,228,0.497541606426239,"[""V176"", ""V255"", ""V191"", ""V160"", ""V215"", ""V380"", ""V342""]","{""n_estimators"": 302, ""learning_rate"": 0.08119409341664754, ""max_depth"": 3, ""subsample"": 0.7560641308575999, ""colsample_bytree"": 0.665491372215851, ""min_child_weight"": 8, ""reg_alpha"": 0.5603709696706648, ""reg_lambda"": 2.255070135923848}"
424,2026-06-05T13:19:05.413691+00:00,xgb,ranking_total,424,4960,6,997,0.7780258655548096,743,254,0.5032633543014526,"[""V176"", ""V255"", ""V191"", ""V160"", ""V215"", ""V380""]","{""n_estimators"": 338, ""learning_rate"": 0.1489209955056915, ""max_depth"": 5, ""subsample"": 0.9644939858874917, ""colsample_bytree"": 0.7632373102186856, ""min_child_weight"": 7, ""reg_alpha"": 0.4949272420520048, ""reg_lambda"": 0.7283096705443104}"
425,2026-06-05T13:19:12.311660+00:00,xgb,ranking_total,425,5195,7,1000,0.7113536596298218,773,227,0.49786612391471863,"[""V176"", ""V255"", ""V191"", ""V160"", ""V215"", ""V380"", ""V342""]","{""n_estimators"": 116, ""learning_rate"": 0.0997766016542654, ""max_depth"": 5, ""subsample"": 0.8429287840342237, ""colsample_bytree"": 0.8804907416611261, ""min_child_weight"": 4, ""reg_alpha"": 0.6463100428946602, ""reg_lambda"": 2.4917238334839524}"
426,2026-06-05T13:19:32.121474+00:00,xgb,ranking_total,426,5125,7,999,0.7513796091079712,768,231,0.4998455047607422,"[""V176"", ""V255"", ""V191"", ""V160"", ""V215"", ""V380"", ""V342""]","{""n_estimators"": 241, ""learning_rate"": 0.07040762518220495, ""max_depth"": 7, ""subsample"": 0.5590665727037787, ""colsample_bytree"": 0.8307673692427304, ""min_child_weight"": 5, ""reg_alpha"": 0.41884959849120307, ""reg_lambda"": 1.9712291145705902}"
427,2026-06-05T13:19:50.715145+00:00,xgb,ranking_total,427,4905,6,999,0.7836942076683044,740,259,0.5009946227073669,"[""V176"", ""V255"", ""V191"", ""V160"", ""V215"", ""V380""]","{""n_estimators"": 270, ""learning_rate"": 0.1305492762626984, ""max_depth"": 6, ""subsample"": 0.779231931602846, ""colsample_bytree"": 0.7160199512943287, ""min_child_weight"": 4, ""reg_alpha"": 0.4153995088196437, ""reg_lambda"": 1.123781878156892}"
428,2026-06-05T13:20:03.709257+00:00,xgb,ranking_total,428,5060,7,1000,0.7446998953819275,764,236,0.49915406107902527,"[""V176"", ""V255"", ""V191"", ""V160"", ""V215"", ""V380"", ""V342""]","{""n_estimators"": 390, ""learning_rate"": 0.126590077706626, ""max_depth"": 3, ""subsample"": 0.574282515034723, ""colsample_bytree"": 0.5728931801484125, ""min_child_weight"": 5, ""reg_alpha"": 0.5743758402226247, ""reg_lambda"": 0.7075455418557255}"
429,2026-06-05T13:20:31.938135+00:00,xgb,ranking_total,429,4820,7,1000,0.7736817002296448,748,252,0.49857303500175476,"[""V176"", ""V255"", ""V191"", ""V160"", ""V215"", ""V380"", ""V342""]","{""n_estimators"": 386, ""learning_rate"": 0.09931606317139674, ""max_depth"": 7, ""subsample"": 0.7226099608621016, ""colsample_bytree"": 0.5642739377250838, ""min_child_weight"": 9, ""reg_alpha"": 0.8038360748151027, ""reg_lambda"": 1.321692868502884}"
430,2026-06-05T13:20:51.555169+00:00,xgb,ranking_total,430,5180,6,998,0.7170208692550659,758,240,0.49767789244651794,"[""V176"", ""V255"", ""V191"", ""V160"", ""V215"", ""V380""]","{""n_estimators"": 354, ""learning_rate"": 0.05108031631693938, ""max_depth"": 5, ""subsample"": 0.5608110414315475, ""colsample_bytree"": 0.6642991489639312, ""min_child_weight"": 3, ""reg_alpha"": 0.8624042386000373, ""reg_lambda"": 1.4465874577381062}"
431,2026-06-05T13:21:13.808081+00:00,xgb,ranking_total,431,5120,5,999,0.7352117896080017,741,258,0.5006831884384155,"[""V176"", ""V255"", ""V191"", ""V160"", ""V215""]","{""n_estimators"": 313, ""learning_rate"": 0.059756891380838964, ""max_depth"": 6, ""subsample"": 0.9652312391438622, ""colsample_bytree"": 0.9325568698360727, ""min_child_weight"": 2, ""reg_alpha"": 0.1739891800407911, ""reg_lambda"": 1.1310539569925242}"
432,2026-06-05T13:21:31.799988+00:00,xgb,ranking_total,432,5110,6,1000,0.7574687600135803,754,246,0.501217246055603,"[""V176"", ""V255"", ""V191"", ""V160"", ""V215"", ""V380""]","{""n_estimators"": 345, ""learning_rate"": 0.12044020490313527, ""max_depth"": 5, ""subsample"": 0.9906652450357836, ""colsample_bytree"": 0.9992912098223564, ""min_child_weight"": 8, ""reg_alpha"": 0.1865928399564155, ""reg_lambda"": 2.4433400874699496}"
433,2026-06-05T13:21:51.325372+00:00,xgb,ranking_total,433,5000,7,1000,0.790111780166626,760,240,0.5000821948051453,"[""V176"", ""V255"", ""V191"", ""V160"", ""V215"", ""V380"", ""V342""]","{""n_estimators"": 234, ""learning_rate"": 0.12043810318709566, ""max_depth"": 7, ""subsample"": 0.7949750549617804, ""colsample_bytree"": 0.993636688083742, ""min_child_weight"": 6, ""reg_alpha"": 0.6861135975183287, ""reg_lambda"": 0.530234661200983}"
434,2026-06-05T13:22:20.674534+00:00,xgb,ranking_total,434,4835,7,1000,0.8116816282272339,749,251,0.500041663646698,"[""V176"", ""V255"", ""V191"", ""V160"", ""V215"", ""V380"", ""V342""]","{""n_estimators"": 258, ""learning_rate"": 0.11167889946513279, ""max_depth"": 9, ""subsample"": 0.7461707178716518, ""colsample_bytree"": 0.5672927577898157, ""min_child_weight"": 2, ""reg_alpha"": 0.11591971921189725, ""reg_lambda"": 1.7959013154502765}"
435,2026-06-05T13:22:57.076492+00:00,xgb,ranking_total,435,4940,7,1000,0.8388336300849915,756,244,0.499530553817749,"[""V176"", ""V255"", ""V191"", ""V160"", ""V215"", ""V380"", ""V342""]","{""n_estimators"": 373, ""learning_rate"": 0.08189457235499485, ""max_depth"": 8, ""subsample"": 0.7045246229942612, ""colsample_bytree"": 0.9022128840437909, ""min_child_weight"": 3, ""reg_alpha"": 0.0164243830822699, ""reg_lambda"": 0.702676742468316}"
436,2026-06-05T13:23:29.573153+00:00,xgb,ranking_total,436,4975,6,997,0.792883038520813,744,253,0.5007452368736267,"[""V176"", ""V255"", ""V191"", ""V160"", ""V215"", ""V380""]","{""n_estimators"": 317, ""learning_rate"": 0.08187227312854939, ""max_depth"": 7, ""subsample"": 0.5854812070350643, ""colsample_bytree"": 0.910310955377813, ""min_child_weight"": 1, ""reg_alpha"": 0.9238225064556265, ""reg_lambda"": 1.4087299378159104}"
437,2026-06-05T13:23:52.321565+00:00,xgb,ranking_total,437,4660,6,1000,0.7938486337661743,724,276,0.49543675780296326,"[""V176"", ""V255"", ""V191"", ""V160"", ""V215"", ""V380""]","{""n_estimators"": 318, ""learning_rate"": 0.14213239250947313, ""max_depth"": 7, ""subsample"": 0.555482169584876, ""colsample_bytree"": 0.6968498962516205, ""min_child_weight"": 8, ""reg_alpha"": 0.15471458913683644, ""reg_lambda"": 0.76763177283389}"
438,2026-06-05T13:23:59.777427+00:00,xgb,ranking_total,438,5015,7,1000,0.7485635280609131,761,239,0.49860072135925293,"[""V176"", ""V255"", ""V191"", ""V160"", ""V215"", ""V380"", ""V342""]","{""n_estimators"": 111, ""learning_rate"": 0.17478170357882908, ""max_depth"": 6, ""subsample"": 0.9122817244072856, ""colsample_bytree"": 0.841991714770816, ""min_child_weight"": 9, ""reg_alpha"": 0.797274952553046, ""reg_lambda"": 0.6344377260026424}"
439,2026-06-05T13:24:31.278352+00:00,xgb,ranking_total,439,5025,7,998,0.7677813172340393,761,237,0.5010951161384583,"[""V176"", ""V255"", ""V191"", ""V160"", ""V215"", ""V380"", ""V342""]","{""n_estimators"": 328, ""learning_rate"": 0.06330927750122772, ""max_depth"": 8, ""subsample"": 0.9219906263571033, ""colsample_bytree"": 0.5991426632780326, ""min_child_weight"": 3, ""reg_alpha"": 0.8034841834134794, ""reg_lambda"": 1.868300385083222}"
440,2026-06-05T13:24:49.586197+00:00,xgb,ranking_total,440,5000,7,997,0.7874413728713989,759,238,0.5011284947395325,"[""V176"", ""V255"", ""V191"", ""V160"", ""V215"", ""V380"", ""V342""]","{""n_estimators"": 184, ""learning_rate"": 0.12250253011486142, ""max_depth"": 7, ""subsample"": 0.6699931692638519, ""colsample_bytree"": 0.6927076158260121, ""min_child_weight"": 1, ""reg_alpha"": 0.7508191268875366, ""reg_lambda"": 1.6206011557415585}"
441,2026-06-05T13:24:59.214976+00:00,xgb,ranking_total,441,5095,6,1000,0.748670756816864,753,247,0.50056391954422,"[""V176"", ""V255"", ""V191"", ""V160"", ""V215"", ""V380""]","{""n_estimators"": 183, ""learning_rate"": 0.1747718742819659, ""max_depth"": 5, ""subsample"": 0.722454672299307, ""colsample_bytree"": 0.6709336735909711, ""min_child_weight"": 8, ""reg_alpha"": 0.4002543550197579, ""reg_lambda"": 2.0307823594661794}"
442,2026-06-05T13:25:26.135264+00:00,xgb,ranking_total,442,5175,5,1000,0.7162905931472778,745,255,0.49793553352355957,"[""V176"", ""V255"", ""V191"", ""V160"", ""V215""]","{""n_estimators"": 241, ""learning_rate"": 0.03514346703472954, ""max_depth"": 9, ""subsample"": 0.9658657190176116, ""colsample_bytree"": 0.9772814058249544, ""min_child_weight"": 5, ""reg_alpha"": 0.8415945999877799, ""reg_lambda"": 1.1393052816873694}"
443,2026-06-05T13:25:42.492548+00:00,xgb,ranking_total,443,5180,7,1000,0.7268869876861572,772,228,0.49931982159614563,"[""V176"", ""V255"", ""V191"", ""V160"", ""V215"", ""V380"", ""V342""]","{""n_estimators"": 296, ""learning_rate"": 0.06822465987112933, ""max_depth"": 5, ""subsample"": 0.7672140031904546, ""colsample_bytree"": 0.5430875809355389, ""min_child_weight"": 3, ""reg_alpha"": 0.4833297823539032, ""reg_lambda"": 2.3710863024646356}"
444,2026-06-05T13:25:57.437101+00:00,xgb,ranking_total,444,5020,7,996,0.771594762802124,760,236,0.5012165307998657,"[""V176"", ""V255"", ""V191"", ""V160"", ""V215"", ""V380"", ""V342""]","{""n_estimators"": 253, ""learning_rate"": 0.1125901328698143, ""max_depth"": 5, ""subsample"": 0.5313987802430966, ""colsample_bytree"": 0.7852124345407848, ""min_child_weight"": 3, ""reg_alpha"": 0.2580884146415655, ""reg_lambda"": 1.8819300916877264}"
445,2026-06-05T13:26:12.173252+00:00,xgb,ranking_total,445,4975,7,999,0.7775461673736572,758,241,0.5013774633407593,"[""V176"", ""V255"", ""V191"", ""V160"", ""V215"", ""V380"", ""V342""]","{""n_estimators"": 212, ""learning_rate"": 0.15319424476131446, ""max_depth"": 6, ""subsample"": 0.7820950659633525, ""colsample_bytree"": 0.9506038577822592, ""min_child_weight"": 9, ""reg_alpha"": 0.7632399594523059, ""reg_lambda"": 1.8943684744292573}"
446,2026-06-05T13:26:24.289410+00:00,xgb,ranking_total,446,4915,6,1000,0.7726723551750183,741,259,0.4988241195678711,"[""V176"", ""V255"", ""V191"", ""V160"", ""V215"", ""V380""]","{""n_estimators"": 199, ""learning_rate"": 0.15493374094252943, ""max_depth"": 5, ""subsample"": 0.5322548087713674, ""colsample_bytree"": 0.6897566567753112, ""min_child_weight"": 1, ""reg_alpha"": 0.9629563560871472, ""reg_lambda"": 0.5312000194934783}"
447,2026-06-05T13:26:36.847931+00:00,xgb,ranking_total,447,4795,7,996,0.7692689895629883,745,251,0.4973590672016144,"[""V176"", ""V255"", ""V191"", ""V160"", ""V215"", ""V380"", ""V342""]","{""n_estimators"": 131, ""learning_rate"": 0.1463331207790285, ""max_depth"": 8, ""subsample"": 0.5793628359170636, ""colsample_bytree"": 0.8937201937494172, ""min_child_weight"": 7, ""reg_alpha"": 0.9938026068295903, ""reg_lambda"": 1.0589081630642345}"
448,2026-06-05T13:26:42.192020+00:00,xgb,ranking_total,448,5250,5,997,0.6788232922554016,749,248,0.49719932675361633,"[""V176"", ""V255"", ""V191"", ""V160"", ""V215""]","{""n_estimators"": 112, ""learning_rate"": 0.09282871620416398, ""max_depth"": 4, ""subsample"": 0.9230069783221448, ""colsample_bytree"": 0.7713120524929071, ""min_child_weight"": 4, ""reg_alpha"": 0.6448933766815984, ""reg_lambda"": 0.8715475187948865}"
449,2026-06-05T13:27:18.466797+00:00,xgb,ranking_total,449,4660,6,997,0.8379107713699341,723,274,0.5015642642974854,"[""V176"", ""V255"", ""V191"", ""V160"", ""V215"", ""V380""]","{""n_estimators"": 352, ""learning_rate"": 0.15201784628157003, ""max_depth"": 9, ""subsample"": 0.8774420759049035, ""colsample_bytree"": 0.5555756395772826, ""min_child_weight"": 4, ""reg_alpha"": 0.7842135270572921, ""reg_lambda"": 1.8069385019253157}"
450,2026-06-05T13:27:53.137250+00:00,xgb,ranking_total,450,4580,7,1000,0.8596736788749695,732,268,0.5006124973297119,"[""V176"", ""V255"", ""V191"", ""V160"", ""V215"", ""V380"", ""V342""]","{""n_estimators"": 287, ""learning_rate"": 0.1722874337471625, ""max_depth"": 9, ""subsample"": 0.9054145862656879, ""colsample_bytree"": 0.7297991920778104, ""min_child_weight"": 2, ""reg_alpha"": 0.9347715949722373, ""reg_lambda"": 1.6341864587839952}"
451,2026-06-05T13:28:09.877766+00:00,xgb,ranking_total,451,4865,7,997,0.7973573803901672,750,247,0.5002085566520691,"[""V176"", ""V255"", ""V191"", ""V160"", ""V215"", ""V380"", ""V342""]","{""n_estimators"": 163, ""learning_rate"": 0.13270148325589579, ""max_depth"": 9, ""subsample"": 0.9021472076940005, ""colsample_bytree"": 0.8820698030942122, ""min_child_weight"": 7, ""reg_alpha"": 0.21527059185756758, ""reg_lambda"": 0.8563314666198687}"
452,2026-06-05T13:28:22.673119+00:00,xgb,ranking_total,452,5050,7,993,0.7355038523674011,761,232,0.49757352471351624,"[""V176"", ""V255"", ""V191"", ""V160"", ""V215"", ""V380"", ""V342""]","{""n_estimators"": 131, ""learning_rate"": 0.09050250343583352, ""max_depth"": 8, ""subsample"": 0.769745884923794, ""colsample_bytree"": 0.62616138779254, ""min_child_weight"": 4, ""reg_alpha"": 0.30255788564449626, ""reg_lambda"": 2.274310847706973}"
453,2026-06-05T13:28:32.849815+00:00,xgb,ranking_total,453,5175,5,1000,0.6610183119773865,745,255,0.49612557888031006,"[""V176"", ""V255"", ""V191"", ""V160"", ""V215""]","{""n_estimators"": 131, ""learning_rate"": 0.04853397812659506, ""max_depth"": 7, ""subsample"": 0.9398816289031111, ""colsample_bytree"": 0.5387910283700423, ""min_child_weight"": 8, ""reg_alpha"": 0.03221375456522513, ""reg_lambda"": 1.4279623790673264}"
454,2026-06-05T13:28:42.031630+00:00,xgb,ranking_total,454,5265,5,1000,0.6977825164794922,751,249,0.4984320402145386,"[""V176"", ""V255"", ""V191"", ""V160"", ""V215""]","{""n_estimators"": 268, ""learning_rate"": 0.10546683835325943, ""max_depth"": 3, ""subsample"": 0.9250781356252034, ""colsample_bytree"": 0.7563028850580711, ""min_child_weight"": 4, ""reg_alpha"": 0.23080030745677893, ""reg_lambda"": 1.203407831677376}"
455,2026-06-05T13:28:51.856793+00:00,xgb,ranking_total,455,5200,6,1000,0.7142810821533203,760,240,0.4967803359031677,"[""V176"", ""V255"", ""V191"", ""V160"", ""V215"", ""V380""]","{""n_estimators"": 287, ""learning_rate"": 0.11798375882128777, ""max_depth"": 3, ""subsample"": 0.9647268838598317, ""colsample_bytree"": 0.8797067022737401, ""min_child_weight"": 3, ""reg_alpha"": 0.7046429465629708, ""reg_lambda"": 2.1412676857165485}"
456,2026-06-05T13:29:04.561189+00:00,xgb,ranking_total,456,5165,7,1000,0.7359703779220581,771,229,0.49740293622016907,"[""V176"", ""V255"", ""V191"", ""V160"", ""V215"", ""V380"", ""V342""]","{""n_estimators"": 377, ""learning_rate"": 0.12230558167074312, ""max_depth"": 3, ""subsample"": 0.664200902426165, ""colsample_bytree"": 0.5096813389068642, ""min_child_weight"": 7, ""reg_alpha"": 0.3187487948245582, ""reg_lambda"": 1.658501253773542}"
457,2026-06-05T13:29:15.537106+00:00,xgb,ranking_total,457,5370,5,1000,0.6947436332702637,758,242,0.4978199303150177,"[""V176"", ""V255"", ""V191"", ""V160"", ""V215""]","{""n_estimators"": 201, ""learning_rate"": 0.05446001747795347, ""max_depth"": 5, ""subsample"": 0.6673443906326718, ""colsample_bytree"": 0.6425819234014616, ""min_child_weight"": 5, ""reg_alpha"": 0.3120526066847287, ""reg_lambda"": 0.7427196764814474}"
458,2026-06-05T13:29:34.696867+00:00,xgb,ranking_total,458,4885,7,999,0.7566297054290771,752,247,0.4968622028827667,"[""V176"", ""V255"", ""V191"", ""V160"", ""V215"", ""V380"", ""V342""]","{""n_estimators"": 247, ""learning_rate"": 0.0784588899240261, ""max_depth"": 7, ""subsample"": 0.6041331088115586, ""colsample_bytree"": 0.7450604652509563, ""min_child_weight"": 7, ""reg_alpha"": 0.10155764638858189, ""reg_lambda"": 1.956351816153882}"
459,2026-06-05T13:29:42.908401+00:00,xgb,ranking_total,459,5035,6,1000,0.7563444972038269,749,251,0.502417802810669,"[""V176"", ""V255"", ""V191"", ""V160"", ""V215"", ""V380""]","{""n_estimators"": 140, ""learning_rate"": 0.17775364617247633, ""max_depth"": 5, ""subsample"": 0.8215344557434194, ""colsample_bytree"": 0.5188655321546073, ""min_child_weight"": 1, ""reg_alpha"": 0.12521780077617595, ""reg_lambda"": 0.724103179770081}"
460,2026-06-05T13:29:56.245794+00:00,xgb,ranking_total,460,5385,5,1000,0.7039635181427002,759,241,0.4980023503303528,"[""V176"", ""V255"", ""V191"", ""V160"", ""V215""]","{""n_estimators"": 310, ""learning_rate"": 0.0690967431028279, ""max_depth"": 4, ""subsample"": 0.9320986643881974, ""colsample_bytree"": 0.8507373121027711, ""min_child_weight"": 7, ""reg_alpha"": 0.25350058812482623, ""reg_lambda"": 1.563797935547261}"
461,2026-06-05T13:30:10.008601+00:00,xgb,ranking_total,461,4920,5,1000,0.7549639344215393,728,272,0.5013747811317444,"[""V176"", ""V255"", ""V191"", ""V160"", ""V215""]","{""n_estimators"": 302, ""learning_rate"": 0.1626711759908711, ""max_depth"": 4, ""subsample"": 0.5767312315565627, ""colsample_bytree"": 0.6784460718980405, ""min_child_weight"": 1, ""reg_alpha"": 0.5059843472764356, ""reg_lambda"": 1.8938749524516054}"
462,2026-06-05T13:30:28.227770+00:00,xgb,ranking_total,462,5025,6,999,0.7622098922729492,748,251,0.5013015866279602,"[""V176"", ""V255"", ""V191"", ""V160"", ""V215"", ""V380""]","{""n_estimators"": 389, ""learning_rate"": 0.11630658941979231, ""max_depth"": 4, ""subsample"": 0.5517382690266459, ""colsample_bytree"": 0.983579242377761, ""min_child_weight"": 2, ""reg_alpha"": 0.4316445999152606, ""reg_lambda"": 2.3493229780273213}"
463,2026-06-05T13:30:38.098867+00:00,xgb,ranking_total,463,5095,6,1000,0.7263719439506531,753,247,0.49963492155075073,"[""V176"", ""V255"", ""V191"", ""V160"", ""V215"", ""V380""]","{""n_estimators"": 292, ""learning_rate"": 0.16662456789209573, ""max_depth"": 3, ""subsample"": 0.8079966763310489, ""colsample_bytree"": 0.8282549913102821, ""min_child_weight"": 8, ""reg_alpha"": 0.008695216343725387, ""reg_lambda"": 1.6537356365274754}"
464,2026-06-05T13:30:47.696658+00:00,xgb,ranking_total,464,5320,7,999,0.6923871040344238,781,218,0.49603018164634705,"[""V176"", ""V255"", ""V191"", ""V160"", ""V215"", ""V380"", ""V342""]","{""n_estimators"": 220, ""learning_rate"": 0.047915440543261606, ""max_depth"": 4, ""subsample"": 0.5891765345234881, ""colsample_bytree"": 0.9647772877692083, ""min_child_weight"": 8, ""reg_alpha"": 0.7857452783068858, ""reg_lambda"": 2.191869103340104}"
465,2026-06-05T13:31:04.727164+00:00,xgb,ranking_total,465,4915,6,1000,0.7636166214942932,741,259,0.5000380873680115,"[""V176"", ""V255"", ""V191"", ""V160"", ""V215"", ""V380""]","{""n_estimators"": 319, ""learning_rate"": 0.15247889863042802, ""max_depth"": 5, ""subsample"": 0.8059930900971038, ""colsample_bytree"": 0.5404750066367275, ""min_child_weight"": 9, ""reg_alpha"": 0.7514275849883996, ""reg_lambda"": 1.9158609836360274}"
466,2026-06-05T13:31:13.553446+00:00,xgb,ranking_total,466,5115,5,1000,0.7126441597938538,741,259,0.4980124533176422,"[""V176"", ""V255"", ""V191"", ""V160"", ""V215""]","{""n_estimators"": 189, ""learning_rate"": 0.1396741996268678, ""max_depth"": 4, ""subsample"": 0.7813329735626867, ""colsample_bytree"": 0.6335043387552867, ""min_child_weight"": 1, ""reg_alpha"": 0.0666329261837586, ""reg_lambda"": 2.0904401858841286}"
467,2026-06-05T13:31:22.488189+00:00,xgb,ranking_total,467,5295,6,999,0.7158777713775635,766,233,0.49778154492378235,"[""V176"", ""V255"", ""V191"", ""V160"", ""V215"", ""V380""]","{""n_estimators"": 264, ""learning_rate"": 0.16750650243555432, ""max_depth"": 3, ""subsample"": 0.9901040024175479, ""colsample_bytree"": 0.5364277412389777, ""min_child_weight"": 9, ""reg_alpha"": 0.381820312152801, ""reg_lambda"": 1.409447566550051}"
468,2026-06-05T13:31:35.505172+00:00,xgb,ranking_total,468,5325,5,1000,0.6795962452888489,755,245,0.49748075008392334,"[""V176"", ""V255"", ""V191"", ""V160"", ""V215""]","{""n_estimators"": 376, ""learning_rate"": 0.04358172428791547, ""max_depth"": 3, ""subsample"": 0.5138258946448011, ""colsample_bytree"": 0.6196211226381674, ""min_child_weight"": 8, ""reg_alpha"": 0.3792410588730579, ""reg_lambda"": 1.2291584020650066}"
469,2026-06-05T13:31:54.727691+00:00,xgb,ranking_total,469,5015,7,1000,0.7693555355072021,761,239,0.49879422783851624,"[""V176"", ""V255"", ""V191"", ""V160"", ""V215"", ""V380"", ""V342""]","{""n_estimators"": 280, ""learning_rate"": 0.11162315653432898, ""max_depth"": 6, ""subsample"": 0.8587419024241558, ""colsample_bytree"": 0.7424568766369737, ""min_child_weight"": 7, ""reg_alpha"": 0.7503125862899603, ""reg_lambda"": 2.4236206276945804}"
470,2026-06-05T13:32:08.158915+00:00,xgb,ranking_total,470,5360,5,999,0.6814049482345581,757,242,0.4973149001598358,"[""V176"", ""V255"", ""V191"", ""V160"", ""V215""]","{""n_estimators"": 395, ""learning_rate"": 0.042800023997894523, ""max_depth"": 3, ""subsample"": 0.7501981086992724, ""colsample_bytree"": 0.8446582410712203, ""min_child_weight"": 7, ""reg_alpha"": 0.2263231257605528, ""reg_lambda"": 1.8484746286110594}"
471,2026-06-05T13:32:30.733611+00:00,xgb,ranking_total,471,4750,6,1000,0.7704169154167175,730,270,0.4989067316055298,"[""V176"", ""V255"", ""V191"", ""V160"", ""V215"", ""V380""]","{""n_estimators"": 293, ""learning_rate"": 0.12297400307808014, ""max_depth"": 7, ""subsample"": 0.6216193053020608, ""colsample_bytree"": 0.7039534246072048, ""min_child_weight"": 9, ""reg_alpha"": 0.5289024506664153, ""reg_lambda"": 2.0127882095402327}"
472,2026-06-05T13:32:46.493602+00:00,xgb,ranking_total,472,5005,6,994,0.7244831323623657,745,249,0.4986012578010559,"[""V176"", ""V255"", ""V191"", ""V160"", ""V215"", ""V380""]","{""n_estimators"": 182, ""learning_rate"": 0.079268889251592, ""max_depth"": 8, ""subsample"": 0.9317795969214154, ""colsample_bytree"": 0.5059002585556087, ""min_child_weight"": 8, ""reg_alpha"": 0.842853411837264, ""reg_lambda"": 1.9403914065064247}"
473,2026-06-05T13:32:59.258562+00:00,xgb,ranking_total,473,4945,7,999,0.7837575674057007,756,243,0.500160813331604,"[""V176"", ""V255"", ""V191"", ""V160"", ""V215"", ""V380"", ""V342""]","{""n_estimators"": 160, ""learning_rate"": 0.13431076081159057, ""max_depth"": 6, ""subsample"": 0.7297234216010632, ""colsample_bytree"": 0.8104910717792353, ""min_child_weight"": 1, ""reg_alpha"": 0.28780058891641613, ""reg_lambda"": 0.9922187023192159}"
474,2026-06-05T13:33:17.900051+00:00,xgb,ranking_total,474,5260,7,996,0.723383903503418,776,220,0.4988810420036316,"[""V176"", ""V255"", ""V191"", ""V160"", ""V215"", ""V380"", ""V342""]","{""n_estimators"": 330, ""learning_rate"": 0.03966344650037538, ""max_depth"": 5, ""subsample"": 0.9102217829681575, ""colsample_bytree"": 0.9232656216880467, ""min_child_weight"": 5, ""reg_alpha"": 0.3588590136492954, ""reg_lambda"": 1.5722398907911614}"
475,2026-06-05T13:33:26.365238+00:00,xgb,ranking_total,475,5160,5,997,0.7027627229690552,743,254,0.49756714701652527,"[""V176"", ""V255"", ""V191"", ""V160"", ""V215""]","{""n_estimators"": 100, ""learning_rate"": 0.08311606428038956, ""max_depth"": 6, ""subsample"": 0.6637150838400797, ""colsample_bytree"": 0.8860954195975579, ""min_child_weight"": 1, ""reg_alpha"": 0.3700578385555623, ""reg_lambda"": 2.09906938030083}"
476,2026-06-05T13:33:42.200773+00:00,xgb,ranking_total,476,5325,5,1000,0.6853600144386292,755,245,0.4976799190044403,"[""V176"", ""V255"", ""V191"", ""V160"", ""V215""]","{""n_estimators"": 357, ""learning_rate"": 0.034765252583617665, ""max_depth"": 4, ""subsample"": 0.7510164640064949, ""colsample_bytree"": 0.6714281897410961, ""min_child_weight"": 3, ""reg_alpha"": 0.9755460054230242, ""reg_lambda"": 0.9180689660854293}"
477,2026-06-05T13:34:13.717004+00:00,xgb,ranking_total,477,4280,5,999,0.8243066072463989,685,314,0.49456894397735596,"[""V176"", ""V255"", ""V191"", ""V160"", ""V215""]","{""n_estimators"": 379, ""learning_rate"": 0.16793614508162266, ""max_depth"": 8, ""subsample"": 0.5134114300891125, ""colsample_bytree"": 0.8875987067113362, ""min_child_weight"": 6, ""reg_alpha"": 0.04071763424749786, ""reg_lambda"": 2.2672767538007497}"
478,2026-06-05T13:34:48.860169+00:00,xgb,ranking_total,478,4775,7,1000,0.8363406658172607,745,255,0.5008195042610168,"[""V176"", ""V255"", ""V191"", ""V160"", ""V215"", ""V380"", ""V342""]","{""n_estimators"": 390, ""learning_rate"": 0.1194589322023339, ""max_depth"": 7, ""subsample"": 0.8276702294554379, ""colsample_bytree"": 0.6303252378795478, ""min_child_weight"": 1, ""reg_alpha"": 0.8380122392056255, ""reg_lambda"": 1.6963591209142663}"
479,2026-06-05T13:35:25.309988+00:00,xgb,ranking_total,479,5035,6,988,0.7666099667549133,745,243,0.5015230774879456,"[""V176"", ""V255"", ""V191"", ""V160"", ""V215"", ""V380""]","{""n_estimators"": 262, ""learning_rate"": 0.0533324052871669, ""max_depth"": 9, ""subsample"": 0.7271284616391784, ""colsample_bytree"": 0.750557973267992, ""min_child_weight"": 1, ""reg_alpha"": 0.6556006992224979, ""reg_lambda"": 0.9489631515829606}"
480,2026-06-05T13:35:45.106336+00:00,xgb,ranking_total,480,5030,7,1000,0.8101930618286133,762,238,0.49985381960868835,"[""V176"", ""V255"", ""V191"", ""V160"", ""V215"", ""V380"", ""V342""]","{""n_estimators"": 328, ""learning_rate"": 0.15670127058577102, ""max_depth"": 6, ""subsample"": 0.977391285456408, ""colsample_bytree"": 0.6286376203614942, ""min_child_weight"": 6, ""reg_alpha"": 0.49538987875207297, ""reg_lambda"": 0.7195482635249095}"
481,2026-06-05T13:35:54.482576+00:00,xgb,ranking_total,481,5060,7,1000,0.7410182952880859,764,236,0.49791836738586426,"[""V176"", ""V255"", ""V191"", ""V160"", ""V215"", ""V380"", ""V342""]","{""n_estimators"": 228, ""learning_rate"": 0.1404172179199184, ""max_depth"": 4, ""subsample"": 0.8569610346071335, ""colsample_bytree"": 0.7006230822982085, ""min_child_weight"": 9, ""reg_alpha"": 0.2471538986549281, ""reg_lambda"": 0.9656489338535905}"
482,2026-06-05T13:36:25.427483+00:00,xgb,ranking_total,482,4720,7,999,0.8459766507148743,741,258,0.5011468529701233,"[""V176"", ""V255"", ""V191"", ""V160"", ""V215"", ""V380"", ""V342""]","{""n_estimators"": 306, ""learning_rate"": 0.1395157494001012, ""max_depth"": 9, ""subsample"": 0.9978050521872156, ""colsample_bytree"": 0.6282759034471278, ""min_child_weight"": 3, ""reg_alpha"": 0.28026416213699756, ""reg_lambda"": 1.2039926403558163}"
483,2026-06-05T13:36:49.035275+00:00,xgb,ranking_total,483,4735,7,996,0.8197163939476013,741,255,0.49967196583747864,"[""V176"", ""V255"", ""V191"", ""V160"", ""V215"", ""V380"", ""V342""]","{""n_estimators"": 236, ""learning_rate"": 0.13275228800974886, ""max_depth"": 9, ""subsample"": 0.8700034450004642, ""colsample_bytree"": 0.8723026933433535, ""min_child_weight"": 7, ""reg_alpha"": 0.3540088247334773, ""reg_lambda"": 1.282096179114438}"
484,2026-06-05T13:36:55.627882+00:00,xgb,ranking_total,484,5185,7,996,0.7276541590690613,771,225,0.497881680727005,"[""V176"", ""V255"", ""V191"", ""V160"", ""V215"", ""V380"", ""V342""]","{""n_estimators"": 148, ""learning_rate"": 0.14760484906310167, ""max_depth"": 4, ""subsample"": 0.6847717004316798, ""colsample_bytree"": 0.6913421981757432, ""min_child_weight"": 2, ""reg_alpha"": 0.7479337906547048, ""reg_lambda"": 1.8611353416684495}"
485,2026-06-05T13:37:13.130258+00:00,xgb,ranking_total,485,4930,6,1000,0.7476972937583923,742,258,0.4987751841545105,"[""V176"", ""V255"", ""V191"", ""V160"", ""V215"", ""V380""]","{""n_estimators"": 259, ""learning_rate"": 0.09972224720699617, ""max_depth"": 6, ""subsample"": 0.7091051704812055, ""colsample_bytree"": 0.9448580297766724, ""min_child_weight"": 9, ""reg_alpha"": 0.6535976563064814, ""reg_lambda"": 1.4740343387984771}"
486,2026-06-05T13:37:22.790562+00:00,xgb,ranking_total,486,5215,5,998,0.6961811780929565,747,251,0.4969848692417145,"[""V176"", ""V255"", ""V191"", ""V160"", ""V215""]","{""n_estimators"": 274, ""learning_rate"": 0.09154008794013979, ""max_depth"": 3, ""subsample"": 0.5819969460099894, ""colsample_bytree"": 0.8015063728445462, ""min_child_weight"": 4, ""reg_alpha"": 0.2740766407516114, ""reg_lambda"": 2.354983263337952}"
487,2026-06-05T13:37:32.021952+00:00,xgb,ranking_total,487,5295,5,997,0.6491606831550598,752,245,0.4966655373573303,"[""V176"", ""V255"", ""V191"", ""V160"", ""V215""]","{""n_estimators"": 216, ""learning_rate"": 0.030947926214827243, ""max_depth"": 4, ""subsample"": 0.8161169631542626, ""colsample_bytree"": 0.5228235516933312, ""min_child_weight"": 8, ""reg_alpha"": 0.41494637976762017, ""reg_lambda"": 1.961465373930342}"
488,2026-06-05T13:38:17.726782+00:00,xgb,ranking_total,488,4585,6,1000,0.8624925017356873,719,281,0.5004551410675049,"[""V176"", ""V255"", ""V191"", ""V160"", ""V215"", ""V380""]","{""n_estimators"": 349, ""learning_rate"": 0.1515682405024012, ""max_depth"": 9, ""subsample"": 0.799802343147764, ""colsample_bytree"": 0.7741388809503915, ""min_child_weight"": 1, ""reg_alpha"": 0.6490127951001999, ""reg_lambda"": 2.2362015944963414}"
489,2026-06-05T13:38:33.565778+00:00,xgb,ranking_total,489,4945,6,1000,0.7435798048973083,743,257,0.4983847737312317,"[""V176"", ""V255"", ""V191"", ""V160"", ""V215"", ""V380""]","{""n_estimators"": 235, ""learning_rate"": 0.10682025715999506, ""max_depth"": 6, ""subsample"": 0.5874841599935199, ""colsample_bytree"": 0.5121470854531085, ""min_child_weight"": 3, ""reg_alpha"": 0.19979201831910376, ""reg_lambda"": 2.094447617715387}"
490,2026-06-05T13:38:59.691558+00:00,xgb,ranking_total,490,4600,6,1000,0.7768606543540955,720,280,0.4965417981147766,"[""V176"", ""V255"", ""V191"", ""V160"", ""V215"", ""V380""]","{""n_estimators"": 265, ""learning_rate"": 0.1290544928511407, ""max_depth"": 9, ""subsample"": 0.5299572555345036, ""colsample_bytree"": 0.5446949907975354, ""min_child_weight"": 5, ""reg_alpha"": 0.7924509098044129, ""reg_lambda"": 1.9208086182302637}"
491,2026-06-05T13:39:08.696228+00:00,xgb,ranking_total,491,5285,5,996,0.6856130957603455,751,245,0.49730047583580017,"[""V176"", ""V255"", ""V191"", ""V160"", ""V215""]","{""n_estimators"": 254, ""learning_rate"": 0.06734797032301398, ""max_depth"": 3, ""subsample"": 0.5451124111165584, ""colsample_bytree"": 0.7557411705022102, ""min_child_weight"": 3, ""reg_alpha"": 0.8635646548419585, ""reg_lambda"": 0.9695505632023835}"
492,2026-06-05T13:39:29.851457+00:00,xgb,ranking_total,492,4685,7,1000,0.8292871713638306,739,261,0.502658486366272,"[""V176"", ""V255"", ""V191"", ""V160"", ""V215"", ""V380"", ""V342""]","{""n_estimators"": 278, ""learning_rate"": 0.16615900361036054, ""max_depth"": 7, ""subsample"": 0.7708277887007068, ""colsample_bytree"": 0.8853597211231428, ""min_child_weight"": 8, ""reg_alpha"": 0.0739409413331179, ""reg_lambda"": 1.530209644485027}"
493,2026-06-05T13:39:38.706788+00:00,xgb,ranking_total,493,5240,7,1000,0.7260360717773438,776,224,0.49756279587745667,"[""V176"", ""V255"", ""V191"", ""V160"", ""V215"", ""V380"", ""V342""]","{""n_estimators"": 112, ""learning_rate"": 0.08943866779742035, ""max_depth"": 7, ""subsample"": 0.778602558656878, ""colsample_bytree"": 0.8400796048462911, ""min_child_weight"": 9, ""reg_alpha"": 0.21811894106847873, ""reg_lambda"": 1.3471917705448129}"
494,2026-06-05T13:39:44.567850+00:00,xgb,ranking_total,494,5340,5,1000,0.7043752670288086,756,244,0.49764540791511536,"[""V176"", ""V255"", ""V191"", ""V160"", ""V215""]","{""n_estimators"": 134, ""learning_rate"": 0.1730348526561939, ""max_depth"": 4, ""subsample"": 0.9479474289853919, ""colsample_bytree"": 0.711223657940385, ""min_child_weight"": 7, ""reg_alpha"": 0.7102477795195669, ""reg_lambda"": 1.9757822735847574}"
495,2026-06-05T13:40:03.425798+00:00,xgb,ranking_total,495,5125,6,1000,0.7279024124145508,755,245,0.5002931952476501,"[""V176"", ""V255"", ""V191"", ""V160"", ""V215"", ""V380""]","{""n_estimators"": 368, ""learning_rate"": 0.05958734709167342, ""max_depth"": 5, ""subsample"": 0.634538454101472, ""colsample_bytree"": 0.6800191692534041, ""min_child_weight"": 8, ""reg_alpha"": 0.5168540418619293, ""reg_lambda"": 1.760583081488489}"
496,2026-06-05T13:40:14.009805+00:00,xgb,ranking_total,496,5235,5,1000,0.682960033416748,749,251,0.4976958632469177,"[""V176"", ""V255"", ""V191"", ""V160"", ""V215""]","{""n_estimators"": 253, ""learning_rate"": 0.047996651286071695, ""max_depth"": 4, ""subsample"": 0.6750261393142385, ""colsample_bytree"": 0.6046057028739364, ""min_child_weight"": 3, ""reg_alpha"": 0.654334758462003, ""reg_lambda"": 2.4221664781473558}"
497,2026-06-05T13:40:37.749019+00:00,xgb,ranking_total,497,5120,7,997,0.7537314891815186,767,230,0.5003370046615601,"[""V176"", ""V255"", ""V191"", ""V160"", ""V215"", ""V380"", ""V342""]","{""n_estimators"": 285, ""learning_rate"": 0.059695944620113954, ""max_depth"": 7, ""subsample"": 0.8838614113450516, ""colsample_bytree"": 0.8132753496000507, ""min_child_weight"": 4, ""reg_alpha"": 0.4762048760517802, ""reg_lambda"": 1.9741262433536915}"
498,2026-06-05T13:40:45.190095+00:00,xgb,ranking_total,498,5300,7,1000,0.6829037666320801,780,220,0.4966006875038147,"[""V176"", ""V255"", ""V191"", ""V160"", ""V215"", ""V380"", ""V342""]","{""n_estimators"": 208, ""learning_rate"": 0.05661569164146983, ""max_depth"": 3, ""subsample"": 0.6167840680462657, ""colsample_bytree"": 0.7510522898485619, ""min_child_weight"": 9, ""reg_alpha"": 0.4767981577677234, ""reg_lambda"": 2.278100844910446}"
499,2026-06-05T13:41:10.969967+00:00,xgb,ranking_total,499,4715,7,1000,0.8256157636642456,741,259,0.5005224347114563,"[""V176"", ""V255"", ""V191"", ""V160"", ""V215"", ""V380"", ""V342""]","{""n_estimators"": 205, ""learning_rate"": 0.1432506777535143, ""max_depth"": 8, ""subsample"": 0.7935534520226952, ""colsample_bytree"": 0.8353678883420335, ""min_child_weight"": 1, ""reg_alpha"": 0.9444277505312015, ""reg_lambda"": 1.0904672502650943}"
500,2026-06-05T13:41:22.125765+00:00,xgb,ranking_total,500,5200,6,1000,0.7246896028518677,760,240,0.49855664372444153,"[""V176"", ""V255"", ""V191"", ""V160"", ""V215"", ""V380""]","{""n_estimators"": 251, ""learning_rate"": 0.08884434727451698, ""max_depth"": 4, ""subsample"": 0.6924540444534188, ""colsample_bytree"": 0.8922270110957837, ""min_child_weight"": 2, ""reg_alpha"": 0.7113014514350772, ""reg_lambda"": 0.9593037016929729}"
501,2026-06-05T13:41:35.161211+00:00,xgb,ranking_total,501,5120,7,1000,0.7466372847557068,768,232,0.49711620807647705,"[""V176"", ""V255"", ""V191"", ""V160"", ""V215"", ""V380"", ""V342""]","{""n_estimators"": 373, ""learning_rate"": 0.1299917395919788, ""max_depth"": 3, ""subsample"": 0.5425553114589721, ""colsample_bytree"": 0.6962095283364718, ""min_child_weight"": 2, ""reg_alpha"": 0.36548742899409736, ""reg_lambda"": 0.8015078506222135}"
502,2026-06-05T13:41:41.976023+00:00,xgb,ranking_total,502,5325,5,1000,0.6425420641899109,755,245,0.49641767144203186,"[""V176"", ""V255"", ""V191"", ""V160"", ""V215""]","{""n_estimators"": 187, ""learning_rate"": 0.03652658847669513, ""max_depth"": 3, ""subsample"": 0.626759298207374, ""colsample_bytree"": 0.7792844577090362, ""min_child_weight"": 5, ""reg_alpha"": 0.6559051250143187, ""reg_lambda"": 1.4128114854771403}"
503,2026-06-05T13:42:06.564194+00:00,xgb,ranking_total,503,4865,7,1000,0.817357063293457,751,249,0.5022876262664795,"[""V176"", ""V255"", ""V191"", ""V160"", ""V215"", ""V380"", ""V342""]","{""n_estimators"": 220, ""learning_rate"": 0.10565604828229494, ""max_depth"": 8, ""subsample"": 0.6741674321442418, ""colsample_bytree"": 0.9247037404940102, ""min_child_weight"": 2, ""reg_alpha"": 0.06638593718381958, ""reg_lambda"": 1.654025979318764}"
504,2026-06-05T13:42:26.379548+00:00,xgb,ranking_total,504,5155,7,999,0.7598257660865784,770,229,0.5018984079360962,"[""V176"", ""V255"", ""V191"", ""V160"", ""V215"", ""V380"", ""V342""]","{""n_estimators"": 161, ""learning_rate"": 0.06213161170148669, ""max_depth"": 9, ""subsample"": 0.8944511130415003, ""colsample_bytree"": 0.8292617635292341, ""min_child_weight"": 3, ""reg_alpha"": 0.27497599921357607, ""reg_lambda"": 0.5521724242288137}"
505,2026-06-05T13:42:52.929513+00:00,xgb,ranking_total,505,4525,6,1000,0.8071613907814026,715,285,0.4981224238872528,"[""V176"", ""V255"", ""V191"", ""V160"", ""V215"", ""V380""]","{""n_estimators"": 269, ""learning_rate"": 0.1719422040188715, ""max_depth"": 9, ""subsample"": 0.585924563674895, ""colsample_bytree"": 0.7599306326993831, ""min_child_weight"": 6, ""reg_alpha"": 0.9721887245399803, ""reg_lambda"": 2.091787168116305}"
506,2026-06-05T13:43:19.183594+00:00,xgb,ranking_total,506,5150,6,998,0.7220633029937744,756,242,0.4980532228946686,"[""V176"", ""V255"", ""V191"", ""V160"", ""V215"", ""V380""]","{""n_estimators"": 249, ""learning_rate"": 0.039516986336285455, ""max_depth"": 9, ""subsample"": 0.5988573282764245, ""colsample_bytree"": 0.6889450585579575, ""min_child_weight"": 5, ""reg_alpha"": 0.08256877990896516, ""reg_lambda"": 2.419038495051455}"
507,2026-06-05T13:43:32.079375+00:00,xgb,ranking_total,507,5120,7,1000,0.7427891492843628,768,232,0.500481903553009,"[""V176"", ""V255"", ""V191"", ""V160"", ""V215"", ""V380"", ""V342""]","{""n_estimators"": 152, ""learning_rate"": 0.09080232561338647, ""max_depth"": 7, ""subsample"": 0.5577366426003556, ""colsample_bytree"": 0.5311376330070328, ""min_child_weight"": 3, ""reg_alpha"": 0.45142320982825246, ""reg_lambda"": 0.5532795130085171}"
508,2026-06-05T13:43:39.404713+00:00,xgb,ranking_total,508,5340,5,1000,0.6657541990280151,756,244,0.496928334236145,"[""V176"", ""V255"", ""V191"", ""V160"", ""V215""]","{""n_estimators"": 212, ""learning_rate"": 0.04944088226801577, ""max_depth"": 3, ""subsample"": 0.9419862868625068, ""colsample_bytree"": 0.9600310116115155, ""min_child_weight"": 8, ""reg_alpha"": 0.1479811538765119, ""reg_lambda"": 1.6068551388802519}"
509,2026-06-05T13:43:59.182314+00:00,xgb,ranking_total,509,4855,6,1000,0.738000214099884,737,263,0.4996473491191864,"[""V176"", ""V255"", ""V191"", ""V160"", ""V215"", ""V380""]","{""n_estimators"": 265, ""learning_rate"": 0.09022165740558771, ""max_depth"": 7, ""subsample"": 0.7055296881431647, ""colsample_bytree"": 0.5888174080025966, ""min_child_weight"": 9, ""reg_alpha"": 0.42818472459442614, ""reg_lambda"": 2.116424390013087}"
510,2026-06-05T13:44:14.587391+00:00,xgb,ranking_total,510,4995,5,994,0.7079485654830933,731,263,0.5003131628036499,"[""V176"", ""V255"", ""V191"", ""V160"", ""V215""]","{""n_estimators"": 180, ""learning_rate"": 0.06763174195110339, ""max_depth"": 7, ""subsample"": 0.9349652021291495, ""colsample_bytree"": 0.5885150422263914, ""min_child_weight"": 2, ""reg_alpha"": 0.675741961281431, ""reg_lambda"": 0.7639370276314061}"
511,2026-06-05T13:44:25.433706+00:00,xgb,ranking_total,511,5020,6,1000,0.7613410353660583,748,252,0.5014389753341675,"[""V176"", ""V255"", ""V191"", ""V160"", ""V215"", ""V380""]","{""n_estimators"": 235, ""learning_rate"": 0.17212637658408877, ""max_depth"": 4, ""subsample"": 0.7880414918495862, ""colsample_bytree"": 0.7711973169596946, ""min_child_weight"": 1, ""reg_alpha"": 0.4722738390385597, ""reg_lambda"": 1.0986258333911132}"
512,2026-06-05T13:44:43.537869+00:00,xgb,ranking_total,512,4880,7,1000,0.8060389757156372,752,248,0.500234842300415,"[""V176"", ""V255"", ""V191"", ""V160"", ""V215"", ""V380"", ""V342""]","{""n_estimators"": 217, ""learning_rate"": 0.11952500985155799, ""max_depth"": 7, ""subsample"": 0.6191549180201803, ""colsample_bytree"": 0.8453862969842763, ""min_child_weight"": 5, ""reg_alpha"": 0.15777083273844228, ""reg_lambda"": 0.6706505282279198}"
513,2026-06-05T13:45:10.973450+00:00,xgb,ranking_total,513,4835,6,995,0.7791100144386292,734,261,0.5014187097549438,"[""V176"", ""V255"", ""V191"", ""V160"", ""V215"", ""V380""]","{""n_estimators"": 365, ""learning_rate"": 0.0881777565554554, ""max_depth"": 6, ""subsample"": 0.6126651692568459, ""colsample_bytree"": 0.7795735758826612, ""min_child_weight"": 2, ""reg_alpha"": 0.4699467593876361, ""reg_lambda"": 1.6187511485302488}"
514,2026-06-05T13:45:31.978862+00:00,xgb,ranking_total,514,5065,7,993,0.7706363797187805,762,231,0.5013211369514465,"[""V176"", ""V255"", ""V191"", ""V160"", ""V215"", ""V380"", ""V342""]","{""n_estimators"": 248, ""learning_rate"": 0.1046834803830639, ""max_depth"": 8, ""subsample"": 0.8320485134524913, ""colsample_bytree"": 0.551446483333867, ""min_child_weight"": 8, ""reg_alpha"": 0.16563168565745134, ""reg_lambda"": 2.079767843799452}"
515,2026-06-05T13:45:39.504477+00:00,xgb,ranking_total,515,5285,5,999,0.6961911916732788,752,247,0.4969179630279541,"[""V176"", ""V255"", ""V191"", ""V160"", ""V215""]","{""n_estimators"": 214, ""learning_rate"": 0.16394430366798324, ""max_depth"": 3, ""subsample"": 0.5851250315815455, ""colsample_bytree"": 0.5228933682800732, ""min_child_weight"": 9, ""reg_alpha"": 0.8171919203610936, ""reg_lambda"": 1.4734459381900649}"
516,2026-06-05T13:46:06.098551+00:00,xgb,ranking_total,516,4690,6,1000,0.8299678564071655,726,274,0.49792298674583435,"[""V176"", ""V255"", ""V191"", ""V160"", ""V215"", ""V380""]","{""n_estimators"": 301, ""learning_rate"": 0.145380885309429, ""max_depth"": 7, ""subsample"": 0.844806464086878, ""colsample_bytree"": 0.8966122520794686, ""min_child_weight"": 4, ""reg_alpha"": 0.9067952666968713, ""reg_lambda"": 0.5993830473510504}"
517,2026-06-05T13:46:29.807332+00:00,xgb,ranking_total,517,5035,6,1000,0.7416706681251526,749,251,0.4982370138168335,"[""V176"", ""V255"", ""V191"", ""V160"", ""V215"", ""V380""]","{""n_estimators"": 355, ""learning_rate"": 0.07841476981536566, ""max_depth"": 6, ""subsample"": 0.5557642126380788, ""colsample_bytree"": 0.783393932237668, ""min_child_weight"": 9, ""reg_alpha"": 0.8376069301429002, ""reg_lambda"": 1.58430314529424}"
518,2026-06-05T13:46:37.454162+00:00,xgb,ranking_total,518,5135,7,1000,0.7457457780838013,769,231,0.5000278353691101,"[""V176"", ""V255"", ""V191"", ""V160"", ""V215"", ""V380"", ""V342""]","{""n_estimators"": 133, ""learning_rate"": 0.16574933411676798, ""max_depth"": 5, ""subsample"": 0.7508575525300714, ""colsample_bytree"": 0.6214700816457801, ""min_child_weight"": 6, ""reg_alpha"": 0.3185560449735856, ""reg_lambda"": 1.3167539632492093}"
519,2026-06-05T13:47:01.404173+00:00,xgb,ranking_total,519,5035,6,997,0.740496039390564,748,249,0.5006210207939148,"[""V176"", ""V255"", ""V191"", ""V160"", ""V215"", ""V380""]","{""n_estimators"": 205, ""learning_rate"": 0.042969113435825365, ""max_depth"": 8, ""subsample"": 0.7789082101251219, ""colsample_bytree"": 0.9579115206151032, ""min_child_weight"": 2, ""reg_alpha"": 0.6381575907798789, ""reg_lambda"": 0.6647076063604089}"
520,2026-06-05T13:47:11.240832+00:00,xgb,ranking_total,520,5180,5,996,0.6903018355369568,744,252,0.4972178637981415,"[""V176"", ""V255"", ""V191"", ""V160"", ""V215""]","{""n_estimators"": 124, ""learning_rate"": 0.07647368639653412, ""max_depth"": 7, ""subsample"": 0.5706373288488474, ""colsample_bytree"": 0.7886444351574347, ""min_child_weight"": 9, ""reg_alpha"": 0.423086818890556, ""reg_lambda"": 2.1628572075316574}"
521,2026-06-05T13:47:35.964714+00:00,xgb,ranking_total,521,4760,7,1000,0.8042077422142029,744,256,0.5010210871696472,"[""V176"", ""V255"", ""V191"", ""V160"", ""V215"", ""V380"", ""V342""]","{""n_estimators"": 272, ""learning_rate"": 0.11721784115693804, ""max_depth"": 7, ""subsample"": 0.5072895564489284, ""colsample_bytree"": 0.7217678970369816, ""min_child_weight"": 2, ""reg_alpha"": 0.580725381615036, ""reg_lambda"": 2.235541344577262}"
522,2026-06-05T13:47:42.945022+00:00,xgb,ranking_total,522,5105,4,997,0.6820120811462402,726,271,0.4973011612892151,"[""V176"", ""V255"", ""V191"", ""V160""]","{""n_estimators"": 118, ""learning_rate"": 0.12215356883045121, ""max_depth"": 5, ""subsample"": 0.709603447144713, ""colsample_bytree"": 0.7104287462007752, ""min_child_weight"": 3, ""reg_alpha"": 0.6929112234320187, ""reg_lambda"": 2.05418435367865}"
523,2026-06-05T13:48:05.087035+00:00,xgb,ranking_total,523,4840,6,1000,0.8035354018211365,736,264,0.5013942122459412,"[""V176"", ""V255"", ""V191"", ""V160"", ""V215"", ""V380""]","{""n_estimators"": 388, ""learning_rate"": 0.15643019152464036, ""max_depth"": 5, ""subsample"": 0.7597384269727498, ""colsample_bytree"": 0.6904771131573906, ""min_child_weight"": 2, ""reg_alpha"": 0.7065627075933844, ""reg_lambda"": 1.9655096206301663}"
524,2026-06-05T13:48:19.769250+00:00,xgb,ranking_total,524,5035,6,1000,0.7359122633934021,749,251,0.4982813000679016,"[""V176"", ""V255"", ""V191"", ""V160"", ""V215"", ""V380""]","{""n_estimators"": 318, ""learning_rate"": 0.11594275682921991, ""max_depth"": 4, ""subsample"": 0.7016541866578461, ""colsample_bytree"": 0.9452827394630885, ""min_child_weight"": 8, ""reg_alpha"": 0.9574412162687149, ""reg_lambda"": 0.8848630740647714}"
525,2026-06-05T13:48:31.611922+00:00,xgb,ranking_total,525,5170,6,1000,0.7257416248321533,758,242,0.49948105216026306,"[""V176"", ""V255"", ""V191"", ""V160"", ""V215"", ""V380""]","{""n_estimators"": 120, ""learning_rate"": 0.08063033422443014, ""max_depth"": 8, ""subsample"": 0.9549586423816404, ""colsample_bytree"": 0.7804751183866439, ""min_child_weight"": 5, ""reg_alpha"": 0.16295569163645385, ""reg_lambda"": 0.9348272785851195}"
526,2026-06-05T13:48:35.786225+00:00,xgb,ranking_total,526,5340,5,1000,0.6817705631256104,756,244,0.4964461326599121,"[""V176"", ""V255"", ""V191"", ""V160"", ""V215""]","{""n_estimators"": 110, ""learning_rate"": 0.17217320275990886, ""max_depth"": 3, ""subsample"": 0.8832333881016132, ""colsample_bytree"": 0.6755123150752863, ""min_child_weight"": 7, ""reg_alpha"": 0.4867892020133031, ""reg_lambda"": 1.5716627365176548}"
527,2026-06-05T13:48:59.033059+00:00,xgb,ranking_total,527,4730,7,1000,0.769118070602417,742,258,0.4963732063770294,"[""V176"", ""V255"", ""V191"", ""V160"", ""V215"", ""V380"", ""V342""]","{""n_estimators"": 266, ""learning_rate"": 0.0899046504330563, ""max_depth"": 8, ""subsample"": 0.5198229456038712, ""colsample_bytree"": 0.773738952791913, ""min_child_weight"": 8, ""reg_alpha"": 0.5640022556927179, ""reg_lambda"": 1.1209566966333693}"
528,2026-06-05T13:49:19.026031+00:00,xgb,ranking_total,528,5075,5,999,0.7143317461013794,738,261,0.4986923933029175,"[""V176"", ""V255"", ""V191"", ""V160"", ""V215""]","{""n_estimators"": 365, ""learning_rate"": 0.060334122921935844, ""max_depth"": 5, ""subsample"": 0.8500829588330207, ""colsample_bytree"": 0.8490992412137455, ""min_child_weight"": 9, ""reg_alpha"": 0.7227997101063, ""reg_lambda"": 1.4460412592574543}"
529,2026-06-05T13:49:31.499530+00:00,xgb,ranking_total,529,5030,7,1000,0.7438948154449463,762,238,0.49714452028274536,"[""V176"", ""V255"", ""V191"", ""V160"", ""V215"", ""V380"", ""V342""]","{""n_estimators"": 368, ""learning_rate"": 0.15408273655765334, ""max_depth"": 3, ""subsample"": 0.7850837400589827, ""colsample_bytree"": 0.6335466030195516, ""min_child_weight"": 9, ""reg_alpha"": 0.6663902903147324, ""reg_lambda"": 1.6633492110889017}"
530,2026-06-05T13:49:36.038062+00:00,xgb,ranking_total,530,5200,5,998,0.6786695718765259,746,252,0.49775081872940063,"[""V176"", ""V255"", ""V191"", ""V160"", ""V215""]","{""n_estimators"": 120, ""learning_rate"": 0.14634942026692402, ""max_depth"": 3, ""subsample"": 0.8109019424150302, ""colsample_bytree"": 0.7059692291173895, ""min_child_weight"": 8, ""reg_alpha"": 0.851125775760085, ""reg_lambda"": 2.2139692049719994}"
531,2026-06-05T13:50:03.850184+00:00,xgb,ranking_total,531,4700,7,1000,0.7728939056396484,740,260,0.4971148371696472,"[""V176"", ""V255"", ""V191"", ""V160"", ""V215"", ""V380"", ""V342""]","{""n_estimators"": 298, ""learning_rate"": 0.09617022319549937, ""max_depth"": 9, ""subsample"": 0.6356647824729268, ""colsample_bytree"": 0.5741633867201169, ""min_child_weight"": 9, ""reg_alpha"": 0.5197494510676268, ""reg_lambda"": 2.2900332183476495}"
532,2026-06-05T13:50:16.936381+00:00,xgb,ranking_total,532,5370,5,1000,0.6998974084854126,758,242,0.4979167878627777,"[""V176"", ""V255"", ""V191"", ""V160"", ""V215""]","{""n_estimators"": 388, ""learning_rate"": 0.07717029037506777, ""max_depth"": 3, ""subsample"": 0.8985396237784441, ""colsample_bytree"": 0.922109216375766, ""min_child_weight"": 7, ""reg_alpha"": 0.19213574193788152, ""reg_lambda"": 1.616541698908362}"
533,2026-06-05T13:50:32.906484+00:00,xgb,ranking_total,533,5030,7,1000,0.7822462916374207,762,238,0.5031102299690247,"[""V176"", ""V255"", ""V191"", ""V160"", ""V215"", ""V380"", ""V342""]","{""n_estimators"": 285, ""learning_rate"": 0.1330509562001152, ""max_depth"": 5, ""subsample"": 0.8360464131853963, ""colsample_bytree"": 0.5894944825534588, ""min_child_weight"": 2, ""reg_alpha"": 0.046741540217186794, ""reg_lambda"": 2.1396718813630935}"
534,2026-06-05T13:50:53.100676+00:00,xgb,ranking_total,534,4775,7,1000,0.7856036424636841,745,255,0.4997062385082245,"[""V176"", ""V255"", ""V191"", ""V160"", ""V215"", ""V380"", ""V342""]","{""n_estimators"": 192, ""learning_rate"": 0.12150379196269902, ""max_depth"": 9, ""subsample"": 0.915478438694606, ""colsample_bytree"": 0.6702358745576816, ""min_child_weight"": 5, ""reg_alpha"": 0.2709088189043699, ""reg_lambda"": 1.847565594114361}"
535,2026-06-05T13:51:26.090880+00:00,xgb,ranking_total,535,5150,7,997,0.7184352874755859,769,228,0.49945250153541565,"[""V176"", ""V255"", ""V191"", ""V160"", ""V215"", ""V380"", ""V342""]","{""n_estimators"": 228, ""learning_rate"": 0.03130360503422751, ""max_depth"": 9, ""subsample"": 0.7504140395018006, ""colsample_bytree"": 0.7090421015030501, ""min_child_weight"": 1, ""reg_alpha"": 0.1310598565010207, ""reg_lambda"": 2.0622336927949796}"
536,2026-06-05T13:51:37.885822+00:00,xgb,ranking_total,536,5080,4,999,0.7054710984230042,725,274,0.4971967339515686,"[""V176"", ""V255"", ""V191"", ""V160""]","{""n_estimators"": 329, ""learning_rate"": 0.16886450612580745, ""max_depth"": 3, ""subsample"": 0.5817303738732083, ""colsample_bytree"": 0.8345410233399454, ""min_child_weight"": 7, ""reg_alpha"": 0.5788995656310054, ""reg_lambda"": 1.8762698373631241}"
537,2026-06-05T13:51:45.234647+00:00,xgb,ranking_total,537,5255,5,999,0.6871481537818909,750,249,0.4958430528640747,"[""V176"", ""V255"", ""V191"", ""V160"", ""V215""]","{""n_estimators"": 128, ""learning_rate"": 0.08005205599375553, ""max_depth"": 5, ""subsample"": 0.6921866115962685, ""colsample_bytree"": 0.6143850434994742, ""min_child_weight"": 6, ""reg_alpha"": 0.43466258925368795, ""reg_lambda"": 1.361828438168314}"
538,2026-06-05T13:51:52.458066+00:00,xgb,ranking_total,538,5175,5,997,0.6972699761390686,744,253,0.4971992075443268,"[""V176"", ""V255"", ""V191"", ""V160"", ""V215""]","{""n_estimators"": 208, ""learning_rate"": 0.15689271289604206, ""max_depth"": 3, ""subsample"": 0.8451433482885868, ""colsample_bytree"": 0.6006885355355035, ""min_child_weight"": 9, ""reg_alpha"": 0.40071990483959663, ""reg_lambda"": 2.2282017248150634}"
539,2026-06-05T13:52:08.312524+00:00,xgb,ranking_total,539,5040,5,1000,0.7437525987625122,736,264,0.49863529205322266,"[""V176"", ""V255"", ""V191"", ""V160"", ""V215""]","{""n_estimators"": 283, ""learning_rate"": 0.13275175030813968, ""max_depth"": 5, ""subsample"": 0.7546805103141541, ""colsample_bytree"": 0.7290008132690688, ""min_child_weight"": 6, ""reg_alpha"": 0.4285027771951664, ""reg_lambda"": 1.1497834732112033}"
540,2026-06-05T13:52:22.014839+00:00,xgb,ranking_total,540,5060,7,1000,0.7507280707359314,764,236,0.4978100061416626,"[""V176"", ""V255"", ""V191"", ""V160"", ""V215"", ""V380"", ""V342""]","{""n_estimators"": 240, ""learning_rate"": 0.09734068824488262, ""max_depth"": 5, ""subsample"": 0.5587187144358372, ""colsample_bytree"": 0.746054143205557, ""min_child_weight"": 5, ""reg_alpha"": 0.6003215892472942, ""reg_lambda"": 0.6353542097019722}"
541,2026-06-05T13:52:32.394155+00:00,xgb,ranking_total,541,5000,7,1000,0.7819466590881348,760,240,0.5019922852516174,"[""V176"", ""V255"", ""V191"", ""V160"", ""V215"", ""V380"", ""V342""]","{""n_estimators"": 183, ""learning_rate"": 0.16592701089255912, ""max_depth"": 5, ""subsample"": 0.6720219392355503, ""colsample_bytree"": 0.5469994053909337, ""min_child_weight"": 3, ""reg_alpha"": 0.14350946973940126, ""reg_lambda"": 0.5599951162182544}"
542,2026-06-05T13:52:54.524988+00:00,xgb,ranking_total,542,5120,7,1000,0.7311170697212219,768,232,0.4981617331504822,"[""V176"", ""V255"", ""V191"", ""V160"", ""V215"", ""V380"", ""V342""]","{""n_estimators"": 231, ""learning_rate"": 0.03907543856140318, ""max_depth"": 8, ""subsample"": 0.6476711730126854, ""colsample_bytree"": 0.9191791241859547, ""min_child_weight"": 6, ""reg_alpha"": 0.5434704410177225, ""reg_lambda"": 1.2214262429866327}"
543,2026-06-05T13:53:14.654426+00:00,xgb,ranking_total,543,5120,5,993,0.7090507745742798,739,254,0.4980986714363098,"[""V176"", ""V255"", ""V191"", ""V160"", ""V215""]","{""n_estimators"": 219, ""learning_rate"": 0.03635880312904417, ""max_depth"": 7, ""subsample"": 0.7548639178386054, ""colsample_bytree"": 0.9044084819028662, ""min_child_weight"": 2, ""reg_alpha"": 0.2677448899816186, ""reg_lambda"": 1.86173721083804}"
544,2026-06-05T13:53:40.803776+00:00,xgb,ranking_total,544,5215,7,993,0.7191907167434692,772,221,0.49709197878837585,"[""V176"", ""V255"", ""V191"", ""V160"", ""V215"", ""V380"", ""V342""]","{""n_estimators"": 349, ""learning_rate"": 0.030591448543440397, ""max_depth"": 7, ""subsample"": 0.7007402597938673, ""colsample_bytree"": 0.5773212912169661, ""min_child_weight"": 8, ""reg_alpha"": 0.7550981102680678, ""reg_lambda"": 1.016521362865102}"
545,2026-06-05T13:53:45.643448+00:00,xgb,ranking_total,545,5415,5,1000,0.6859224438667297,761,239,0.4967455565929413,"[""V176"", ""V255"", ""V191"", ""V160"", ""V215""]","{""n_estimators"": 129, ""learning_rate"": 0.16474321308265086, ""max_depth"": 3, ""subsample"": 0.709693744652967, ""colsample_bytree"": 0.5828905908644064, ""min_child_weight"": 7, ""reg_alpha"": 0.027165228621922166, ""reg_lambda"": 0.6901607013317803}"
546,2026-06-05T13:53:50.801672+00:00,xgb,ranking_total,546,5360,4,1000,0.6339494585990906,744,256,0.49641236662864685,"[""V176"", ""V255"", ""V191"", ""V160""]","{""n_estimators"": 105, ""learning_rate"": 0.045486266910110214, ""max_depth"": 4, ""subsample"": 0.5757745566833377, ""colsample_bytree"": 0.7070898218517356, ""min_child_weight"": 5, ""reg_alpha"": 0.19510495473422929, ""reg_lambda"": 0.5896729879905909}"
547,2026-06-05T13:54:22.006689+00:00,xgb,ranking_total,547,4615,7,999,0.8630773425102234,734,265,0.5001456141471863,"[""V176"", ""V255"", ""V191"", ""V160"", ""V215"", ""V380"", ""V342""]","{""n_estimators"": 215, ""learning_rate"": 0.1759867654536359, ""max_depth"": 9, ""subsample"": 0.7935566846146305, ""colsample_bytree"": 0.8469637218079693, ""min_child_weight"": 1, ""reg_alpha"": 0.4997189214419865, ""reg_lambda"": 1.6620232519999463}"
548,2026-06-05T13:54:30.887907+00:00,xgb,ranking_total,548,5210,5,999,0.7002068758010864,747,252,0.4984980523586273,"[""V176"", ""V255"", ""V191"", ""V160"", ""V215""]","{""n_estimators"": 211, ""learning_rate"": 0.12280740945454956, ""max_depth"": 4, ""subsample"": 0.9551068160514273, ""colsample_bytree"": 0.5024441898144749, ""min_child_weight"": 3, ""reg_alpha"": 0.31724590457062374, ""reg_lambda"": 0.6734345014674896}"
549,2026-06-05T13:54:52.533923+00:00,xgb,ranking_total,549,4960,6,1000,0.7521630525588989,744,256,0.4994834065437317,"[""V176"", ""V255"", ""V191"", ""V160"", ""V215"", ""V380""]","{""n_estimators"": 234, ""learning_rate"": 0.07253065681319082, ""max_depth"": 8, ""subsample"": 0.8041610289201384, ""colsample_bytree"": 0.8369211194572368, ""min_child_weight"": 7, ""reg_alpha"": 0.8360847552167682, ""reg_lambda"": 1.0037230848483434}"
550,2026-06-05T13:55:09.667255+00:00,xgb,ranking_total,550,5340,5,1000,0.6928505897521973,756,244,0.4972289204597473,"[""V176"", ""V255"", ""V191"", ""V160"", ""V215""]","{""n_estimators"": 220, ""learning_rate"": 0.03814439617112726, ""max_depth"": 7, ""subsample"": 0.9608281491631276, ""colsample_bytree"": 0.7410672851531123, ""min_child_weight"": 8, ""reg_alpha"": 0.4858387174512022, ""reg_lambda"": 2.259148258715147}"
551,2026-06-05T13:55:14.809815+00:00,xgb,ranking_total,551,5115,5,1000,0.6851738691329956,741,259,0.4992421269416809,"[""V176"", ""V255"", ""V191"", ""V160"", ""V215""]","{""n_estimators"": 137, ""learning_rate"": 0.15135328661157454, ""max_depth"": 3, ""subsample"": 0.5952175237073124, ""colsample_bytree"": 0.5714703358638049, ""min_child_weight"": 3, ""reg_alpha"": 0.4265766966223501, ""reg_lambda"": 1.2237304313712336}"
552,2026-06-05T13:55:25.702615+00:00,xgb,ranking_total,552,5275,6,1000,0.6979953050613403,765,235,0.497955322265625,"[""V176"", ""V255"", ""V191"", ""V160"", ""V215"", ""V380""]","{""n_estimators"": 321, ""learning_rate"": 0.07243654985894568, ""max_depth"": 3, ""subsample"": 0.687247122733189, ""colsample_bytree"": 0.5112213634031066, ""min_child_weight"": 9, ""reg_alpha"": 0.6264960777029969, ""reg_lambda"": 0.9561584212971923}"
553,2026-06-05T13:55:34.332460+00:00,xgb,ranking_total,553,5350,7,999,0.7442649602890015,783,216,0.5004235506057739,"[""V176"", ""V255"", ""V191"", ""V160"", ""V215"", ""V380"", ""V342""]","{""n_estimators"": 186, ""learning_rate"": 0.11647325012529754, ""max_depth"": 4, ""subsample"": 0.5848742209422655, ""colsample_bytree"": 0.6223185301647631, ""min_child_weight"": 1, ""reg_alpha"": 0.14935184726600137, ""reg_lambda"": 0.9731444042964901}"
554,2026-06-05T13:55:45.857478+00:00,xgb,ranking_total,554,5040,5,1000,0.7310173511505127,736,264,0.49749067425727844,"[""V176"", ""V255"", ""V191"", ""V160"", ""V215""]","{""n_estimators"": 147, ""learning_rate"": 0.11262101840392637, ""max_depth"": 7, ""subsample"": 0.9390989606227247, ""colsample_bytree"": 0.8483914611600283, ""min_child_weight"": 9, ""reg_alpha"": 0.4604657672002155, ""reg_lambda"": 0.8820373414314293}"
555,2026-06-05T13:56:08.104065+00:00,xgb,ranking_total,555,4805,7,1000,0.7996849417686462,747,253,0.49921420216560364,"[""V176"", ""V255"", ""V191"", ""V160"", ""V215"", ""V380"", ""V342""]","{""n_estimators"": 363, ""learning_rate"": 0.13354240294287045, ""max_depth"": 6, ""subsample"": 0.8753944577877759, ""colsample_bytree"": 0.5967469499590183, ""min_child_weight"": 8, ""reg_alpha"": 0.26247561484016313, ""reg_lambda"": 0.7019265196581308}"
556,2026-06-05T13:56:34.456101+00:00,xgb,ranking_total,556,5115,7,995,0.736955463886261,766,229,0.5029041767120361,"[""V176"", ""V255"", ""V191"", ""V160"", ""V215"", ""V380"", ""V342""]","{""n_estimators"": 274, ""learning_rate"": 0.03717826988342933, ""max_depth"": 7, ""subsample"": 0.9961518484591694, ""colsample_bytree"": 0.7360011807874118, ""min_child_weight"": 1, ""reg_alpha"": 0.677503421499723, ""reg_lambda"": 1.1794667592643289}"
557,2026-06-05T13:57:05.104149+00:00,xgb,ranking_total,557,5060,7,1000,0.8160700798034668,764,236,0.5011715888977051,"[""V176"", ""V255"", ""V191"", ""V160"", ""V215"", ""V380"", ""V342""]","{""n_estimators"": 243, ""learning_rate"": 0.09108754754596957, ""max_depth"": 9, ""subsample"": 0.8894975853023832, ""colsample_bytree"": 0.7695437676488277, ""min_child_weight"": 2, ""reg_alpha"": 0.41693278415491286, ""reg_lambda"": 0.851191826367675}"
558,2026-06-05T13:57:30.724106+00:00,xgb,ranking_total,558,4725,6,999,0.842949628829956,728,271,0.5023654103279114,"[""V176"", ""V255"", ""V191"", ""V160"", ""V215"", ""V380""]","{""n_estimators"": 326, ""learning_rate"": 0.16553173507839333, ""max_depth"": 6, ""subsample"": 0.7104503214741218, ""colsample_bytree"": 0.8451647768187855, ""min_child_weight"": 1, ""reg_alpha"": 0.2594806894726859, ""reg_lambda"": 1.7642786520602758}"
559,2026-06-05T13:57:41.749667+00:00,xgb,ranking_total,559,5210,7,1000,0.7529962658882141,774,226,0.5001431703567505,"[""V176"", ""V255"", ""V191"", ""V160"", ""V215"", ""V380"", ""V342""]","{""n_estimators"": 205, ""learning_rate"": 0.11363881006937888, ""max_depth"": 5, ""subsample"": 0.9992217225515556, ""colsample_bytree"": 0.9386554074329287, ""min_child_weight"": 7, ""reg_alpha"": 0.05699721073376385, ""reg_lambda"": 0.5005851702036761}"
560,2026-06-05T13:57:56.768308+00:00,xgb,ranking_total,560,4960,6,1000,0.7528916001319885,744,256,0.5009138584136963,"[""V176"", ""V255"", ""V191"", ""V160"", ""V215"", ""V380""]","{""n_estimators"": 327, ""learning_rate"": 0.14358163252932343, ""max_depth"": 4, ""subsample"": 0.7959527936602381, ""colsample_bytree"": 0.9848489206627189, ""min_child_weight"": 8, ""reg_alpha"": 0.9881509307119392, ""reg_lambda"": 1.0965097344934818}"
561,2026-06-05T13:58:25.520655+00:00,xgb,ranking_total,561,5135,7,1000,0.7316933870315552,769,231,0.4991080164909363,"[""V176"", ""V255"", ""V191"", ""V160"", ""V215"", ""V380"", ""V342""]","{""n_estimators"": 238, ""learning_rate"": 0.047712966585886724, ""max_depth"": 8, ""subsample"": 0.6057883693806535, ""colsample_bytree"": 0.7097439378944667, ""min_child_weight"": 1, ""reg_alpha"": 0.9559615930780756, ""reg_lambda"": 1.8121387877279225}"
562,2026-06-05T13:58:50.859121+00:00,xgb,ranking_total,562,5105,7,1000,0.7809211611747742,767,233,0.49944931268692017,"[""V176"", ""V255"", ""V191"", ""V160"", ""V215"", ""V380"", ""V342""]","{""n_estimators"": 380, ""learning_rate"": 0.08190326023230787, ""max_depth"": 6, ""subsample"": 0.6651080584929123, ""colsample_bytree"": 0.7286620446727303, ""min_child_weight"": 7, ""reg_alpha"": 0.6823238943983785, ""reg_lambda"": 0.5463752551266321}"
563,2026-06-05T13:59:08.391610+00:00,xgb,ranking_total,563,4795,7,999,0.7616756558418274,746,253,0.4969208836555481,"[""V176"", ""V255"", ""V191"", ""V160"", ""V215"", ""V380"", ""V342""]","{""n_estimators"": 175, ""learning_rate"": 0.1035868689049, ""max_depth"": 9, ""subsample"": 0.7269662175845435, ""colsample_bytree"": 0.5826267201553352, ""min_child_weight"": 7, ""reg_alpha"": 0.6674336476211878, ""reg_lambda"": 0.5958613175587071}"
564,2026-06-05T13:59:14.470693+00:00,xgb,ranking_total,564,5225,6,998,0.7096491456031799,761,237,0.4982874095439911,"[""V176"", ""V255"", ""V191"", ""V160"", ""V215"", ""V380""]","{""n_estimators"": 130, ""learning_rate"": 0.11238122702019258, ""max_depth"": 4, ""subsample"": 0.852401515217867, ""colsample_bytree"": 0.5063282851513615, ""min_child_weight"": 1, ""reg_alpha"": 0.3436239674964182, ""reg_lambda"": 0.5263019736236867}"
565,2026-06-05T13:59:26.103326+00:00,xgb,ranking_total,565,5135,7,1000,0.7589145302772522,769,231,0.4994243085384369,"[""V176"", ""V255"", ""V191"", ""V160"", ""V215"", ""V380"", ""V342""]","{""n_estimators"": 148, ""learning_rate"": 0.13174429615321054, ""max_depth"": 7, ""subsample"": 0.827729359173311, ""colsample_bytree"": 0.5945430188916851, ""min_child_weight"": 7, ""reg_alpha"": 0.26956164879858624, ""reg_lambda"": 0.9600891297364988}"
566,2026-06-05T13:59:55.800195+00:00,xgb,ranking_total,566,4745,7,1000,0.7997310757637024,743,257,0.4984484314918518,"[""V176"", ""V255"", ""V191"", ""V160"", ""V215"", ""V380"", ""V342""]","{""n_estimators"": 360, ""learning_rate"": 0.10236023169890453, ""max_depth"": 8, ""subsample"": 0.9008392597891316, ""colsample_bytree"": 0.5797031187016757, ""min_child_weight"": 8, ""reg_alpha"": 0.056272614545131106, ""reg_lambda"": 2.011154578851531}"
567,2026-06-05T14:00:10.831162+00:00,xgb,ranking_total,567,4830,5,1000,0.7671191692352295,722,278,0.49985888600349426,"[""V176"", ""V255"", ""V191"", ""V160"", ""V215""]","{""n_estimators"": 184, ""learning_rate"": 0.13463196228661345, ""max_depth"": 7, ""subsample"": 0.7957275825249677, ""colsample_bytree"": 0.9764583398187507, ""min_child_weight"": 6, ""reg_alpha"": 0.2882594885762607, ""reg_lambda"": 1.396272210550142}"
568,2026-06-05T14:00:39.148850+00:00,xgb,ranking_total,568,4490,7,1000,0.8467839956283569,726,274,0.5002936720848083,"[""V176"", ""V255"", ""V191"", ""V160"", ""V215"", ""V380"", ""V342""]","{""n_estimators"": 295, ""learning_rate"": 0.1729549454333676, ""max_depth"": 7, ""subsample"": 0.564638094394513, ""colsample_bytree"": 0.9805920161079085, ""min_child_weight"": 2, ""reg_alpha"": 0.980702958078914, ""reg_lambda"": 1.5039471493012109}"
569,2026-06-05T14:01:14.391696+00:00,xgb,ranking_total,569,4825,6,1000,0.7588253617286682,735,265,0.49818554520606995,"[""V176"", ""V255"", ""V191"", ""V160"", ""V215"", ""V380""]","{""n_estimators"": 352, ""learning_rate"": 0.055038657862803986, ""max_depth"": 9, ""subsample"": 0.7243041595465515, ""colsample_bytree"": 0.8359654490243029, ""min_child_weight"": 8, ""reg_alpha"": 0.670403042905866, ""reg_lambda"": 0.8615191636378079}"
570,2026-06-05T14:01:25.195594+00:00,xgb,ranking_total,570,5160,5,1000,0.6873559951782227,744,256,0.4962094724178314,"[""V176"", ""V255"", ""V191"", ""V160"", ""V215""]","{""n_estimators"": 134, ""learning_rate"": 0.05967883081476801, ""max_depth"": 7, ""subsample"": 0.7531799245018901, ""colsample_bytree"": 0.6464977911267351, ""min_child_weight"": 7, ""reg_alpha"": 0.9854995647932548, ""reg_lambda"": 1.6617955819533243}"
571,2026-06-05T14:01:33.537205+00:00,xgb,ranking_total,571,5250,5,1000,0.6865572333335876,750,250,0.49724629521369934,"[""V176"", ""V255"", ""V191"", ""V160"", ""V215""]","{""n_estimators"": 185, ""learning_rate"": 0.07415163571512587, ""max_depth"": 4, ""subsample"": 0.8542513666008082, ""colsample_bytree"": 0.7840610222963726, ""min_child_weight"": 4, ""reg_alpha"": 0.3076299846412932, ""reg_lambda"": 1.4331285755522027}"
572,2026-06-05T14:02:31.028572+00:00,xgb,ranking_total,572,4590,7,998,0.8372318744659424,732,266,0.4983861744403839,"[""V176"", ""V255"", ""V191"", ""V160"", ""V215"", ""V380"", ""V342""]","{""n_estimators"": 389, ""learning_rate"": 0.07183121009785785, ""max_depth"": 9, ""subsample"": 0.7928778630320972, ""colsample_bytree"": 0.9119101055662142, ""min_child_weight"": 1, ""reg_alpha"": 0.6480362679136664, ""reg_lambda"": 1.2391714274233239}"
573,2026-06-05T14:02:40.789696+00:00,xgb,ranking_total,573,5385,5,1000,0.6769086122512817,759,241,0.4986090362071991,"[""V176"", ""V255"", ""V191"", ""V160"", ""V215""]","{""n_estimators"": 221, ""learning_rate"": 0.05601552023302985, ""max_depth"": 4, ""subsample"": 0.9161127807910766, ""colsample_bytree"": 0.582999430313617, ""min_child_weight"": 3, ""reg_alpha"": 0.644680490148373, ""reg_lambda"": 1.2690429913309456}"
574,2026-06-05T14:02:53.194092+00:00,xgb,ranking_total,574,5250,6,996,0.6828609704971313,762,234,0.49577295780181885,"[""V176"", ""V255"", ""V191"", ""V160"", ""V215"", ""V380""]","{""n_estimators"": 132, ""learning_rate"": 0.05139850574860612, ""max_depth"": 9, ""subsample"": 0.6941957426474833, ""colsample_bytree"": 0.5162462738538796, ""min_child_weight"": 9, ""reg_alpha"": 0.3636694628665179, ""reg_lambda"": 1.482786902369331}"
575,2026-06-05T14:03:11.383387+00:00,xgb,ranking_total,575,4895,7,1000,0.8033214807510376,753,247,0.5011662244796753,"[""V176"", ""V255"", ""V191"", ""V160"", ""V215"", ""V380"", ""V342""]","{""n_estimators"": 271, ""learning_rate"": 0.1599792910230514, ""max_depth"": 6, ""subsample"": 0.762075257515157, ""colsample_bytree"": 0.5011636192945439, ""min_child_weight"": 4, ""reg_alpha"": 0.29378808160081604, ""reg_lambda"": 1.9197017525215383}"
576,2026-06-05T14:03:19.879810+00:00,xgb,ranking_total,576,5370,6,999,0.6945531964302063,771,228,0.4972255825996399,"[""V176"", ""V255"", ""V191"", ""V160"", ""V215"", ""V380""]","{""n_estimators"": 243, ""learning_rate"": 0.07247130917968381, ""max_depth"": 3, ""subsample"": 0.761821250416534, ""colsample_bytree"": 0.7237056437085138, ""min_child_weight"": 9, ""reg_alpha"": 0.7582169116500092, ""reg_lambda"": 1.4327629373106694}"
577,2026-06-05T14:03:41.414104+00:00,xgb,ranking_total,577,4755,7,995,0.8367369771003723,742,253,0.5035178065299988,"[""V176"", ""V255"", ""V191"", ""V160"", ""V215"", ""V380"", ""V342""]","{""n_estimators"": 378, ""learning_rate"": 0.1671047929100523, ""max_depth"": 5, ""subsample"": 0.6839170037359126, ""colsample_bytree"": 0.80701088973105, ""min_child_weight"": 5, ""reg_alpha"": 0.17202564771867468, ""reg_lambda"": 0.8211949065525685}"
578,2026-06-05T14:03:54.539079+00:00,xgb,ranking_total,578,5105,6,995,0.7260212302207947,752,243,0.4986375868320465,"[""V176"", ""V255"", ""V191"", ""V160"", ""V215"", ""V380""]","{""n_estimators"": 376, ""learning_rate"": 0.13075346785365766, ""max_depth"": 3, ""subsample"": 0.5168075136174413, ""colsample_bytree"": 0.6156860284110353, ""min_child_weight"": 2, ""reg_alpha"": 0.9096300850270245, ""reg_lambda"": 2.1513022779839925}"
579,2026-06-05T14:04:28.156876+00:00,xgb,ranking_total,579,4985,7,1000,0.7917761206626892,759,241,0.5030632615089417,"[""V176"", ""V255"", ""V191"", ""V160"", ""V215"", ""V380"", ""V342""]","{""n_estimators"": 282, ""learning_rate"": 0.07083105939534004, ""max_depth"": 9, ""subsample"": 0.9741857734747397, ""colsample_bytree"": 0.7607971682848846, ""min_child_weight"": 2, ""reg_alpha"": 0.4222137836450718, ""reg_lambda"": 1.805340377441463}"
580,2026-06-05T14:04:36.170794+00:00,xgb,ranking_total,580,4965,6,999,0.7334926724433899,744,255,0.5003975629806519,"[""V176"", ""V255"", ""V191"", ""V160"", ""V215"", ""V380""]","{""n_estimators"": 116, ""learning_rate"": 0.16685769963248778, ""max_depth"": 6, ""subsample"": 0.5685709106790661, ""colsample_bytree"": 0.6822938693094396, ""min_child_weight"": 9, ""reg_alpha"": 0.6780566584534488, ""reg_lambda"": 2.0306332289968134}"
581,2026-06-05T14:05:06.660627+00:00,xgb,ranking_total,581,4820,7,1000,0.8045652508735657,748,252,0.49818155169487,"[""V176"", ""V255"", ""V191"", ""V160"", ""V215"", ""V380"", ""V342""]","{""n_estimators"": 310, ""learning_rate"": 0.09752543795032798, ""max_depth"": 8, ""subsample"": 0.6887591880896047, ""colsample_bytree"": 0.8784978148728262, ""min_child_weight"": 5, ""reg_alpha"": 0.7198641191303572, ""reg_lambda"": 1.5858377625967781}"
582,2026-06-05T14:05:25.661420+00:00,xgb,ranking_total,582,4775,7,1000,0.8034958243370056,745,255,0.49956434965133667,"[""V176"", ""V255"", ""V191"", ""V160"", ""V215"", ""V380"", ""V342""]","{""n_estimators"": 289, ""learning_rate"": 0.16344098587904884, ""max_depth"": 6, ""subsample"": 0.8752385333497483, ""colsample_bytree"": 0.7889084585406222, ""min_child_weight"": 9, ""reg_alpha"": 0.6353965299858889, ""reg_lambda"": 0.6970962524052378}"
583,2026-06-05T14:05:32.574567+00:00,xgb,ranking_total,583,5280,5,1000,0.6542569398880005,752,248,0.49716272950172424,"[""V176"", ""V255"", ""V191"", ""V160"", ""V215""]","{""n_estimators"": 154, ""learning_rate"": 0.036838277401066065, ""max_depth"": 4, ""subsample"": 0.7527088219424072, ""colsample_bytree"": 0.7776560889435611, ""min_child_weight"": 3, ""reg_alpha"": 0.2681241773527343, ""reg_lambda"": 1.1864532842220619}"
584,2026-06-05T14:05:37.331142+00:00,xgb,ranking_total,584,5340,5,1000,0.6325826048851013,756,244,0.4960995018482208,"[""V176"", ""V255"", ""V191"", ""V160"", ""V215""]","{""n_estimators"": 133, ""learning_rate"": 0.04716223133996987, ""max_depth"": 3, ""subsample"": 0.5793659016901398, ""colsample_bytree"": 0.5497449644726076, ""min_child_weight"": 6, ""reg_alpha"": 0.6703019377340833, ""reg_lambda"": 1.91030761024673}"
585,2026-06-05T14:05:47.187657+00:00,xgb,ranking_total,585,5335,5,998,0.6876943111419678,755,243,0.497190922498703,"[""V176"", ""V255"", ""V191"", ""V160"", ""V215""]","{""n_estimators"": 177, ""learning_rate"": 0.04776925714365978, ""max_depth"": 5, ""subsample"": 0.6361316396746445, ""colsample_bytree"": 0.993695926602312, ""min_child_weight"": 8, ""reg_alpha"": 0.8698702308834095, ""reg_lambda"": 1.0442608329983447}"
586,2026-06-05T14:06:10.288798+00:00,xgb,ranking_total,586,4745,7,1000,0.775862455368042,743,257,0.49879491329193115,"[""V176"", ""V255"", ""V191"", ""V160"", ""V215"", ""V380"", ""V342""]","{""n_estimators"": 362, ""learning_rate"": 0.12826446881211717, ""max_depth"": 6, ""subsample"": 0.6925581768390587, ""colsample_bytree"": 0.536470792873569, ""min_child_weight"": 9, ""reg_alpha"": 0.953376532873266, ""reg_lambda"": 2.464691394467992}"
587,2026-06-05T14:06:35.966877+00:00,xgb,ranking_total,587,4690,7,996,0.7894558906555176,738,258,0.4979705512523651,"[""V176"", ""V255"", ""V191"", ""V160"", ""V215"", ""V380"", ""V342""]","{""n_estimators"": 252, ""learning_rate"": 0.10465213671330972, ""max_depth"": 9, ""subsample"": 0.5527345702256377, ""colsample_bytree"": 0.540870861439765, ""min_child_weight"": 4, ""reg_alpha"": 0.12138112395309097, ""reg_lambda"": 1.6625927870456592}"
588,2026-06-05T14:06:48.582236+00:00,xgb,ranking_total,588,5245,5,995,0.6796035766601562,748,247,0.4965645968914032,"[""V176"", ""V255"", ""V191"", ""V160"", ""V215""]","{""n_estimators"": 118, ""learning_rate"": 0.03439112020373642, ""max_depth"": 9, ""subsample"": 0.7654857776117724, ""colsample_bytree"": 0.8284736093907576, ""min_child_weight"": 7, ""reg_alpha"": 0.0974831418299652, ""reg_lambda"": 1.4863286644704554}"
589,2026-06-05T14:07:15.323057+00:00,xgb,ranking_total,589,4460,7,1000,0.8236832618713379,724,276,0.5002065300941467,"[""V176"", ""V255"", ""V191"", ""V160"", ""V215"", ""V380"", ""V342""]","{""n_estimators"": 347, ""learning_rate"": 0.15566223270414162, ""max_depth"": 7, ""subsample"": 0.7417555398879405, ""colsample_bytree"": 0.7770995749202967, ""min_child_weight"": 9, ""reg_alpha"": 0.5271779722272611, ""reg_lambda"": 0.8939514814443519}"
590,2026-06-05T14:07:49.431499+00:00,xgb,ranking_total,590,4610,7,1000,0.8524836301803589,734,266,0.49435174465179443,"[""V176"", ""V255"", ""V191"", ""V160"", ""V215"", ""V380"", ""V342""]","{""n_estimators"": 324, ""learning_rate"": 0.15442398944035107, ""max_depth"": 9, ""subsample"": 0.8293201561508052, ""colsample_bytree"": 0.8984695354049219, ""min_child_weight"": 5, ""reg_alpha"": 0.7310686020120064, ""reg_lambda"": 1.214261267803092}"
591,2026-06-05T14:08:11.780865+00:00,xgb,ranking_total,591,5275,6,1000,0.703789234161377,765,235,0.49777451157569885,"[""V176"", ""V255"", ""V191"", ""V160"", ""V215"", ""V380""]","{""n_estimators"": 334, ""learning_rate"": 0.03321529485578978, ""max_depth"": 6, ""subsample"": 0.6797143721398299, ""colsample_bytree"": 0.765773261813796, ""min_child_weight"": 7, ""reg_alpha"": 0.8010024463060643, ""reg_lambda"": 1.379587721970001}"
592,2026-06-05T14:08:42.753748+00:00,xgb,ranking_total,592,4540,6,994,0.7981909513473511,714,280,0.5004560351371765,"[""V176"", ""V255"", ""V191"", ""V160"", ""V215"", ""V380""]","{""n_estimators"": 319, ""learning_rate"": 0.10114449558369717, ""max_depth"": 9, ""subsample"": 0.6884015300918587, ""colsample_bytree"": 0.8100417634002517, ""min_child_weight"": 7, ""reg_alpha"": 0.1423545570533623, ""reg_lambda"": 0.77941179611914}"
593,2026-06-05T14:09:11.984725+00:00,xgb,ranking_total,593,4840,6,1000,0.7515317797660828,736,264,0.49731993675231934,"[""V176"", ""V255"", ""V191"", ""V160"", ""V215"", ""V380""]","{""n_estimators"": 286, ""learning_rate"": 0.06686628823501783, ""max_depth"": 9, ""subsample"": 0.5902084309633788, ""colsample_bytree"": 0.7168772665780194, ""min_child_weight"": 6, ""reg_alpha"": 0.4333120908809345, ""reg_lambda"": 1.4625388077823722}"
594,2026-06-05T14:09:31.589947+00:00,xgb,ranking_total,594,4675,6,1000,0.8102083206176758,725,275,0.5018520951271057,"[""V176"", ""V255"", ""V191"", ""V160"", ""V215"", ""V380""]","{""n_estimators"": 160, ""learning_rate"": 0.15298710729191, ""max_depth"": 9, ""subsample"": 0.8065533525793916, ""colsample_bytree"": 0.9988352681431226, ""min_child_weight"": 3, ""reg_alpha"": 0.31262762454032444, ""reg_lambda"": 1.8672408168198873}"
595,2026-06-05T14:09:52.365991+00:00,xgb,ranking_total,595,4835,7,1000,0.8181459903717041,749,251,0.5015393495559692,"[""V176"", ""V255"", ""V191"", ""V160"", ""V215"", ""V380"", ""V342""]","{""n_estimators"": 165, ""learning_rate"": 0.1235626037131326, ""max_depth"": 8, ""subsample"": 0.8006858566851904, ""colsample_bytree"": 0.9027051203889513, ""min_child_weight"": 1, ""reg_alpha"": 0.42127035892950704, ""reg_lambda"": 0.7773606949094041}"
596,2026-06-05T14:10:03.864440+00:00,xgb,ranking_total,596,5050,6,997,0.7311732172966003,749,248,0.49654102325439453,"[""V176"", ""V255"", ""V191"", ""V160"", ""V215"", ""V380""]","{""n_estimators"": 125, ""learning_rate"": 0.09883760278166782, ""max_depth"": 8, ""subsample"": 0.6439296296879784, ""colsample_bytree"": 0.7515249309931094, ""min_child_weight"": 7, ""reg_alpha"": 0.34696934522081013, ""reg_lambda"": 0.7652204217273735}"
597,2026-06-05T14:10:24.573549+00:00,xgb,ranking_total,597,4595,6,998,0.8008286952972412,719,279,0.49999627470970154,"[""V176"", ""V255"", ""V191"", ""V160"", ""V215"", ""V380""]","{""n_estimators"": 255, ""learning_rate"": 0.17959321379113363, ""max_depth"": 7, ""subsample"": 0.7732837743329948, ""colsample_bytree"": 0.8737554930544313, ""min_child_weight"": 8, ""reg_alpha"": 0.8450515632860955, ""reg_lambda"": 1.8483343032234016}"
598,2026-06-05T14:10:50.447662+00:00,xgb,ranking_total,598,5080,6,1000,0.7665858864784241,752,248,0.4987601637840271,"[""V176"", ""V255"", ""V191"", ""V160"", ""V215"", ""V380""]","{""n_estimators"": 260, ""learning_rate"": 0.09325023084315781, ""max_depth"": 9, ""subsample"": 0.9222119983030211, ""colsample_bytree"": 0.8322625731954398, ""min_child_weight"": 8, ""reg_alpha"": 0.5956730146965235, ""reg_lambda"": 1.370486820934937}"
599,2026-06-05T14:11:27.269830+00:00,xgb,ranking_total,599,4685,7,1000,0.83977210521698,739,261,0.49845507740974426,"[""V176"", ""V255"", ""V191"", ""V160"", ""V215"", ""V380"", ""V342""]","{""n_estimators"": 371, ""learning_rate"": 0.14103351640331552, ""max_depth"": 9, ""subsample"": 0.8545470551979841, ""colsample_bytree"": 0.9800343381593272, ""min_child_weight"": 8, ""reg_alpha"": 0.8368675738829325, ""reg_lambda"": 1.1319376190476869}"
600,2026-06-05T14:11:38.978380+00:00,xgb,ranking_total,600,5285,5,999,0.687467634677887,752,247,0.49659594893455505,"[""V176"", ""V255"", ""V191"", ""V160"", ""V215""]","{""n_estimators"": 341, ""learning_rate"": 0.07051422665426686, ""max_depth"": 3, ""subsample"": 0.7436866380355387, ""colsample_bytree"": 0.763317433223083, ""min_child_weight"": 9, ""reg_alpha"": 0.10366858924585154, ""reg_lambda"": 2.209637489303427}"
601,2026-06-05T14:11:58.367597+00:00,xgb,ranking_total,601,5200,7,999,0.72227543592453,773,226,0.4991150498390198,"[""V176"", ""V255"", ""V191"", ""V160"", ""V215"", ""V380"", ""V342""]","{""n_estimators"": 296, ""learning_rate"": 0.050388050238500896, ""max_depth"": 6, ""subsample"": 0.901459804768028, ""colsample_bytree"": 0.5275797017347252, ""min_child_weight"": 5, ""reg_alpha"": 0.6151715234739377, ""reg_lambda"": 1.6121863551788245}"
602,2026-06-05T14:12:08.034684+00:00,xgb,ranking_total,602,5220,5,1000,0.6896753907203674,748,252,0.49690312147140503,"[""V176"", ""V255"", ""V191"", ""V160"", ""V215""]","{""n_estimators"": 269, ""learning_rate"": 0.07284807442320544, ""max_depth"": 3, ""subsample"": 0.7321333257741864, ""colsample_bytree"": 0.9925132162943067, ""min_child_weight"": 3, ""reg_alpha"": 0.004123807705247562, ""reg_lambda"": 1.7705678110166299}"
603,2026-06-05T14:12:16.151044+00:00,xgb,ranking_total,603,5375,5,999,0.662577211856842,758,241,0.4971582591533661,"[""V176"", ""V255"", ""V191"", ""V160"", ""V215""]","{""n_estimators"": 236, ""learning_rate"": 0.04713096463334088, ""max_depth"": 3, ""subsample"": 0.9086264839944069, ""colsample_bytree"": 0.6658862070264833, ""min_child_weight"": 5, ""reg_alpha"": 0.6797725788580135, ""reg_lambda"": 1.761086853765367}"
604,2026-06-05T14:12:32.504034+00:00,xgb,ranking_total,604,5090,6,998,0.776367723941803,752,246,0.5033908486366272,"[""V176"", ""V255"", ""V191"", ""V160"", ""V215"", ""V380""]","{""n_estimators"": 259, ""learning_rate"": 0.12522894337778845, ""max_depth"": 5, ""subsample"": 0.5546581081078434, ""colsample_bytree"": 0.9856375276044352, ""min_child_weight"": 1, ""reg_alpha"": 0.22119034800937376, ""reg_lambda"": 1.480235040147175}"
605,2026-06-05T14:12:45.092495+00:00,xgb,ranking_total,605,4965,5,1000,0.7407927513122559,731,269,0.5002299547195435,"[""V176"", ""V255"", ""V191"", ""V160"", ""V215""]","{""n_estimators"": 272, ""learning_rate"": 0.17277796130029496, ""max_depth"": 4, ""subsample"": 0.7156139991279147, ""colsample_bytree"": 0.911019262307019, ""min_child_weight"": 7, ""reg_alpha"": 0.590075746400683, ""reg_lambda"": 2.081701691713879}"
606,2026-06-05T14:13:12.410474+00:00,xgb,ranking_total,606,4800,6,996,0.7952755689620972,732,264,0.5015980005264282,"[""V176"", ""V255"", ""V191"", ""V160"", ""V215"", ""V380""]","{""n_estimators"": 238, ""learning_rate"": 0.09578632090281272, ""max_depth"": 8, ""subsample"": 0.730344015876746, ""colsample_bytree"": 0.8764729301858766, ""min_child_weight"": 2, ""reg_alpha"": 0.9682683164395094, ""reg_lambda"": 1.2317130538900318}"
607,2026-06-05T14:13:20.748095+00:00,xgb,ranking_total,607,5250,5,1000,0.6954494118690491,750,250,0.497830867767334,"[""V176"", ""V255"", ""V191"", ""V160"", ""V215""]","{""n_estimators"": 233, ""learning_rate"": 0.11706678088957634, ""max_depth"": 3, ""subsample"": 0.7809526014562868, ""colsample_bytree"": 0.7668550405803432, ""min_child_weight"": 4, ""reg_alpha"": 0.6719735081037694, ""reg_lambda"": 2.45027797315481}"
608,2026-06-05T14:13:28.439563+00:00,xgb,ranking_total,608,5295,5,1000,0.6655580401420593,753,247,0.4977625012397766,"[""V176"", ""V255"", ""V191"", ""V160"", ""V215""]","{""n_estimators"": 219, ""learning_rate"": 0.05008994181356618, ""max_depth"": 3, ""subsample"": 0.9178379820620147, ""colsample_bytree"": 0.7738642327415286, ""min_child_weight"": 3, ""reg_alpha"": 0.11426602867433944, ""reg_lambda"": 0.538405939295217}"
609,2026-06-05T14:13:51.611062+00:00,xgb,ranking_total,609,5010,6,999,0.7204312086105347,747,252,0.49743789434432983,"[""V176"", ""V255"", ""V191"", ""V160"", ""V215"", ""V380""]","{""n_estimators"": 241, ""learning_rate"": 0.0485831646840113, ""max_depth"": 9, ""subsample"": 0.6332223913721626, ""colsample_bytree"": 0.8183344151121759, ""min_child_weight"": 9, ""reg_alpha"": 0.18983452768614728, ""reg_lambda"": 1.8029843391378544}"
610,2026-06-05T14:13:55.697401+00:00,xgb,ranking_total,610,5210,7,1000,0.7129616141319275,774,226,0.49856239557266235,"[""V176"", ""V255"", ""V191"", ""V160"", ""V215"", ""V380"", ""V342""]","{""n_estimators"": 102, ""learning_rate"": 0.17127379965200626, ""max_depth"": 3, ""subsample"": 0.6895772933486393, ""colsample_bytree"": 0.9656356976654248, ""min_child_weight"": 2, ""reg_alpha"": 0.7253647029609771, ""reg_lambda"": 0.7352103889321728}"
611,2026-06-05T14:14:15.155515+00:00,xgb,ranking_total,611,4735,6,1000,0.7884306311607361,729,271,0.5013415813446045,"[""V176"", ""V255"", ""V191"", ""V160"", ""V215"", ""V380""]","{""n_estimators"": 184, ""learning_rate"": 0.14300226161051252, ""max_depth"": 9, ""subsample"": 0.6530729148853133, ""colsample_bytree"": 0.8506419805091318, ""min_child_weight"": 6, ""reg_alpha"": 0.5355408666478497, ""reg_lambda"": 2.4383631844200364}"
612,2026-06-05T14:14:22.452455+00:00,xgb,ranking_total,612,5195,5,996,0.7215442657470703,745,251,0.5000790357589722,"[""V176"", ""V255"", ""V191"", ""V160"", ""V215""]","{""n_estimators"": 114, ""learning_rate"": 0.16285687800190812, ""max_depth"": 5, ""subsample"": 0.811013627297297, ""colsample_bytree"": 0.7728013880854869, ""min_child_weight"": 1, ""reg_alpha"": 0.7372683140005261, ""reg_lambda"": 1.782992573082383}"
613,2026-06-05T14:14:32.699316+00:00,xgb,ranking_total,613,5280,5,1000,0.6831358671188354,752,248,0.49663543701171875,"[""V176"", ""V255"", ""V191"", ""V160"", ""V215""]","{""n_estimators"": 233, ""learning_rate"": 0.055680681127196666, ""max_depth"": 4, ""subsample"": 0.9399700952228782, ""colsample_bytree"": 0.9327098610049734, ""min_child_weight"": 9, ""reg_alpha"": 0.42853135968279354, ""reg_lambda"": 1.2393888907713222}"
614,2026-06-05T14:14:55.334348+00:00,xgb,ranking_total,614,4810,6,1000,0.7912268042564392,734,266,0.5021108388900757,"[""V176"", ""V255"", ""V191"", ""V160"", ""V215"", ""V380""]","{""n_estimators"": 354, ""learning_rate"": 0.15568486186359104, ""max_depth"": 6, ""subsample"": 0.9490650030385726, ""colsample_bytree"": 0.6784441750324313, ""min_child_weight"": 8, ""reg_alpha"": 0.5208699094848576, ""reg_lambda"": 2.3330038770853223}"
615,2026-06-05T14:15:06.878663+00:00,xgb,ranking_total,615,5025,5,1000,0.715498149394989,735,265,0.49769383668899536,"[""V176"", ""V255"", ""V191"", ""V160"", ""V215""]","{""n_estimators"": 209, ""learning_rate"": 0.13774175295452484, ""max_depth"": 5, ""subsample"": 0.5373941533166254, ""colsample_bytree"": 0.5951096292651448, ""min_child_weight"": 8, ""reg_alpha"": 0.49221675590351843, ""reg_lambda"": 1.9346056020737992}"
616,2026-06-05T14:15:17.027511+00:00,xgb,ranking_total,616,5035,7,996,0.739678144454956,761,235,0.49649444222450256,"[""V176"", ""V255"", ""V191"", ""V160"", ""V215"", ""V380"", ""V342""]","{""n_estimators"": 278, ""learning_rate"": 0.15619235295887535, ""max_depth"": 3, ""subsample"": 0.5978120447027113, ""colsample_bytree"": 0.9631253989247981, ""min_child_weight"": 5, ""reg_alpha"": 0.7093718823413194, ""reg_lambda"": 2.0790106548830454}"
617,2026-06-05T14:15:28.466774+00:00,xgb,ranking_total,617,5165,7,1000,0.7432891726493835,771,229,0.4963062107563019,"[""V176"", ""V255"", ""V191"", ""V160"", ""V215"", ""V380"", ""V342""]","{""n_estimators"": 158, ""learning_rate"": 0.11462701578451369, ""max_depth"": 6, ""subsample"": 0.5387566869956343, ""colsample_bytree"": 0.5686056334628282, ""min_child_weight"": 2, ""reg_alpha"": 0.3197035791771997, ""reg_lambda"": 1.2326980662611873}"
618,2026-06-05T14:15:40.607718+00:00,xgb,ranking_total,618,5285,6,998,0.7235707640647888,765,233,0.4977323114871979,"[""V176"", ""V255"", ""V191"", ""V160"", ""V215"", ""V380""]","{""n_estimators"": 274, ""learning_rate"": 0.0934265153965357, ""max_depth"": 4, ""subsample"": 0.8490343998620989, ""colsample_bytree"": 0.9855386795692714, ""min_child_weight"": 7, ""reg_alpha"": 0.11181174842223074, ""reg_lambda"": 1.0101758563238759}"
619,2026-06-05T14:15:46.714400+00:00,xgb,ranking_total,619,5190,5,1000,0.7063271403312683,746,254,0.49769625067710876,"[""V176"", ""V255"", ""V191"", ""V160"", ""V215""]","{""n_estimators"": 131, ""learning_rate"": 0.1494619296269702, ""max_depth"": 4, ""subsample"": 0.8205957022436328, ""colsample_bytree"": 0.9069154730041818, ""min_child_weight"": 6, ""reg_alpha"": 0.10079731001612968, ""reg_lambda"": 0.5756242816403481}"
620,2026-06-05T14:16:22.132404+00:00,xgb,ranking_total,620,4820,7,985,0.8338100910186768,743,242,0.4998977482318878,"[""V176"", ""V255"", ""V191"", ""V160"", ""V215"", ""V380"", ""V342""]","{""n_estimators"": 352, ""learning_rate"": 0.10598418031218731, ""max_depth"": 8, ""subsample"": 0.6110439303458775, ""colsample_bytree"": 0.6272445019682245, ""min_child_weight"": 2, ""reg_alpha"": 0.5977304331572482, ""reg_lambda"": 1.3067173936384389}"
621,2026-06-05T14:16:45.685273+00:00,xgb,ranking_total,621,4870,6,1000,0.8159971833229065,738,262,0.4998595118522644,"[""V176"", ""V255"", ""V191"", ""V160"", ""V215"", ""V380""]","{""n_estimators"": 263, ""learning_rate"": 0.13874320733805567, ""max_depth"": 7, ""subsample"": 0.6407950381476022, ""colsample_bytree"": 0.7194768239056446, ""min_child_weight"": 2, ""reg_alpha"": 0.7793552021284367, ""reg_lambda"": 1.0967365986956736}"
622,2026-06-05T14:16:57.424962+00:00,xgb,ranking_total,622,5215,5,995,0.7112870812416077,746,249,0.4977819323539734,"[""V176"", ""V255"", ""V191"", ""V160"", ""V215""]","{""n_estimators"": 274, ""learning_rate"": 0.10244985274922878, ""max_depth"": 4, ""subsample"": 0.7993773087170107, ""colsample_bytree"": 0.7822732256438815, ""min_child_weight"": 9, ""reg_alpha"": 0.4654074477601169, ""reg_lambda"": 2.0111451570560614}"
623,2026-06-05T14:17:20.839211+00:00,xgb,ranking_total,623,5045,7,1000,0.7508100271224976,763,237,0.4985283315181732,"[""V176"", ""V255"", ""V191"", ""V160"", ""V215"", ""V380"", ""V342""]","{""n_estimators"": 283, ""learning_rate"": 0.07033234663841073, ""max_depth"": 8, ""subsample"": 0.6416251781611617, ""colsample_bytree"": 0.5651686583180178, ""min_child_weight"": 8, ""reg_alpha"": 0.3120863305411783, ""reg_lambda"": 1.199642451760544}"
624,2026-06-05T14:17:31.423283+00:00,xgb,ranking_total,624,5105,6,998,0.7321338653564453,753,245,0.4971816837787628,"[""V176"", ""V255"", ""V191"", ""V160"", ""V215"", ""V380""]","{""n_estimators"": 122, ""learning_rate"": 0.12537780001861248, ""max_depth"": 8, ""subsample"": 0.5434917323053695, ""colsample_bytree"": 0.545236984927103, ""min_child_weight"": 7, ""reg_alpha"": 0.8654478568367299, ""reg_lambda"": 0.6665031318875045}"
625,2026-06-05T14:17:51.745671+00:00,xgb,ranking_total,625,5245,7,996,0.7483407258987427,775,221,0.4999885857105255,"[""V176"", ""V255"", ""V191"", ""V160"", ""V215"", ""V380"", ""V342""]","{""n_estimators"": 384, ""learning_rate"": 0.058203325940653805, ""max_depth"": 5, ""subsample"": 0.6258785430569971, ""colsample_bytree"": 0.5790662260777073, ""min_child_weight"": 3, ""reg_alpha"": 0.021042766803644808, ""reg_lambda"": 1.4300521407391418}"
626,2026-06-05T14:18:25.329306+00:00,xgb,ranking_total,626,4615,6,994,0.7826105356216431,719,275,0.49830371141433716,"[""V176"", ""V255"", ""V191"", ""V160"", ""V215"", ""V380""]","{""n_estimators"": 384, ""learning_rate"": 0.08593185009700702, ""max_depth"": 9, ""subsample"": 0.6297021073362068, ""colsample_bytree"": 0.6840250727917991, ""min_child_weight"": 9, ""reg_alpha"": 0.04653115725594725, ""reg_lambda"": 0.7045996255703697}"
627,2026-06-05T14:19:04.009568+00:00,xgb,ranking_total,627,4655,7,1000,0.8598561882972717,737,263,0.4998980462551117,"[""V176"", ""V255"", ""V191"", ""V160"", ""V215"", ""V380"", ""V342""]","{""n_estimators"": 284, ""learning_rate"": 0.154346537538619, ""max_depth"": 9, ""subsample"": 0.9086704159647637, ""colsample_bytree"": 0.7901433342838673, ""min_child_weight"": 1, ""reg_alpha"": 0.6344565560877001, ""reg_lambda"": 2.01884686212407}"
628,2026-06-05T14:19:14.756044+00:00,xgb,ranking_total,628,5170,4,999,0.6851744651794434,731,268,0.4987931251525879,"[""V176"", ""V255"", ""V191"", ""V160""]","{""n_estimators"": 250, ""learning_rate"": 0.08922279164025276, ""max_depth"": 4, ""subsample"": 0.8708419578925037, ""colsample_bytree"": 0.680999102770927, ""min_child_weight"": 3, ""reg_alpha"": 0.23262184630467742, ""reg_lambda"": 1.4847307667672074}"
629,2026-06-05T14:19:26.271268+00:00,xgb,ranking_total,629,5150,5,999,0.7158157825469971,743,256,0.49866533279418945,"[""V176"", ""V255"", ""V191"", ""V160"", ""V215""]","{""n_estimators"": 335, ""learning_rate"": 0.1120614227648532, ""max_depth"": 3, ""subsample"": 0.5579383241696677, ""colsample_bytree"": 0.9053031734194543, ""min_child_weight"": 4, ""reg_alpha"": 0.028015527438707943, ""reg_lambda"": 0.5415328162932573}"
630,2026-06-05T14:19:45.387875+00:00,xgb,ranking_total,630,4670,7,1000,0.8041618466377258,738,262,0.49951016902923584,"[""V176"", ""V255"", ""V191"", ""V160"", ""V215"", ""V380"", ""V342""]","{""n_estimators"": 304, ""learning_rate"": 0.1623799062009453, ""max_depth"": 6, ""subsample"": 0.8730850744461336, ""colsample_bytree"": 0.6481452306368857, ""min_child_weight"": 8, ""reg_alpha"": 0.7864535189916418, ""reg_lambda"": 0.7636684830528653}"
631,2026-06-05T14:19:51.937074+00:00,xgb,ranking_total,631,5170,6,1000,0.7124019861221313,758,242,0.4975115656852722,"[""V176"", ""V255"", ""V191"", ""V160"", ""V215"", ""V380""]","{""n_estimators"": 188, ""learning_rate"": 0.15233400138962216, ""max_depth"": 3, ""subsample"": 0.7077133253415264, ""colsample_bytree"": 0.6686711978615894, ""min_child_weight"": 8, ""reg_alpha"": 0.8116164233415779, ""reg_lambda"": 0.7561931936879198}"
632,2026-06-05T14:20:02.716977+00:00,xgb,ranking_total,632,5045,7,1000,0.7548934817314148,763,237,0.5002331733703613,"[""V176"", ""V255"", ""V191"", ""V160"", ""V215"", ""V380"", ""V342""]","{""n_estimators"": 125, ""learning_rate"": 0.13291773258924128, ""max_depth"": 8, ""subsample"": 0.768522410133313, ""colsample_bytree"": 0.782907556879703, ""min_child_weight"": 9, ""reg_alpha"": 0.1420520207895961, ""reg_lambda"": 2.011144298833294}"
633,2026-06-05T14:20:23.414566+00:00,xgb,ranking_total,633,4655,7,1000,0.8134050369262695,737,263,0.5013057589530945,"[""V176"", ""V255"", ""V191"", ""V160"", ""V215"", ""V380"", ""V342""]","{""n_estimators"": 286, ""learning_rate"": 0.16116313555376355, ""max_depth"": 7, ""subsample"": 0.763536398514544, ""colsample_bytree"": 0.6475775188489921, ""min_child_weight"": 9, ""reg_alpha"": 0.47433064283437376, ""reg_lambda"": 1.277131879423792}"
634,2026-06-05T14:20:29.673188+00:00,xgb,ranking_total,634,5360,7,1000,0.6800747513771057,784,216,0.4960068464279175,"[""V176"", ""V255"", ""V191"", ""V160"", ""V215"", ""V380"", ""V342""]","{""n_estimators"": 176, ""learning_rate"": 0.05881565687275944, ""max_depth"": 3, ""subsample"": 0.5750890571393314, ""colsample_bytree"": 0.7677977811891765, ""min_child_weight"": 5, ""reg_alpha"": 0.2929515741180032, ""reg_lambda"": 1.3976398716163387}"
635,2026-06-05T14:20:42.337945+00:00,xgb,ranking_total,635,5400,6,999,0.6844522953033447,773,226,0.497310072183609,"[""V176"", ""V255"", ""V191"", ""V160"", ""V215"", ""V380""]","{""n_estimators"": 388, ""learning_rate"": 0.03509810856768125, ""max_depth"": 3, ""subsample"": 0.6532374566138504, ""colsample_bytree"": 0.6318961897273194, ""min_child_weight"": 6, ""reg_alpha"": 0.5931773665801, ""reg_lambda"": 0.6332605971677774}"
636,2026-06-05T14:21:04.916514+00:00,xgb,ranking_total,636,5060,7,1000,0.7727614045143127,764,236,0.5012363195419312,"[""V176"", ""V255"", ""V191"", ""V160"", ""V215"", ""V380"", ""V342""]","{""n_estimators"": 188, ""learning_rate"": 0.07839303839902778, ""max_depth"": 8, ""subsample"": 0.8424494112962359, ""colsample_bytree"": 0.8626125175455264, ""min_child_weight"": 1, ""reg_alpha"": 0.3983013033165327, ""reg_lambda"": 2.2448616687754166}"
637,2026-06-05T14:21:33.098304+00:00,xgb,ranking_total,637,5015,7,1000,0.8246514201164246,761,239,0.4989095628261566,"[""V176"", ""V255"", ""V191"", ""V160"", ""V215"", ""V380"", ""V342""]","{""n_estimators"": 288, ""learning_rate"": 0.13163850195855936, ""max_depth"": 8, ""subsample"": 0.9383507415822463, ""colsample_bytree"": 0.8864685332082898, ""min_child_weight"": 4, ""reg_alpha"": 0.6716229109914464, ""reg_lambda"": 2.2311431546533322}"
638,2026-06-05T14:22:03.867532+00:00,xgb,ranking_total,638,4835,7,1000,0.7968721985816956,749,251,0.4998733401298523,"[""V176"", ""V255"", ""V191"", ""V160"", ""V215"", ""V380"", ""V342""]","{""n_estimators"": 380, ""learning_rate"": 0.11384014004916106, ""max_depth"": 8, ""subsample"": 0.9136116695832762, ""colsample_bytree"": 0.5405045501546517, ""min_child_weight"": 9, ""reg_alpha"": 0.9195408853758387, ""reg_lambda"": 1.8587126157289298}"
639,2026-06-05T14:22:13.900518+00:00,xgb,ranking_total,639,5100,5,1000,0.7227689027786255,740,260,0.4996884763240814,"[""V176"", ""V255"", ""V191"", ""V160"", ""V215""]","{""n_estimators"": 299, ""learning_rate"": 0.15591512919954484, ""max_depth"": 3, ""subsample"": 0.8156066059314186, ""colsample_bytree"": 0.981696769477078, ""min_child_weight"": 1, ""reg_alpha"": 0.674378002356693, ""reg_lambda"": 1.2223664416050757}"
640,2026-06-05T14:22:27.420171+00:00,xgb,ranking_total,640,5195,5,999,0.7029908299446106,746,253,0.49805688858032227,"[""V176"", ""V255"", ""V191"", ""V160"", ""V215""]","{""n_estimators"": 320, ""learning_rate"": 0.0666547773417677, ""max_depth"": 4, ""subsample"": 0.9574728004780402, ""colsample_bytree"": 0.9658647712557318, ""min_child_weight"": 2, ""reg_alpha"": 0.8890274956404234, ""reg_lambda"": 1.5897404080159736}"
641,2026-06-05T14:22:50.918664+00:00,xgb,ranking_total,641,5075,7,1000,0.8112300634384155,765,235,0.5028601288795471,"[""V176"", ""V255"", ""V191"", ""V160"", ""V215"", ""V380"", ""V342""]","{""n_estimators"": 213, ""learning_rate"": 0.1100657989968412, ""max_depth"": 9, ""subsample"": 0.8201360623079097, ""colsample_bytree"": 0.7070214680487548, ""min_child_weight"": 3, ""reg_alpha"": 0.05511966929321899, ""reg_lambda"": 1.353794190651276}"
642,2026-06-05T14:23:07.551946+00:00,xgb,ranking_total,642,4860,5,1000,0.7345329523086548,724,276,0.49748700857162476,"[""V176"", ""V255"", ""V191"", ""V160"", ""V215""]","{""n_estimators"": 259, ""learning_rate"": 0.11316325400860258, ""max_depth"": 6, ""subsample"": 0.6326602986574836, ""colsample_bytree"": 0.7261922906078938, ""min_child_weight"": 9, ""reg_alpha"": 0.866741814910775, ""reg_lambda"": 1.5564581862353657}"
643,2026-06-05T14:23:32.615592+00:00,xgb,ranking_total,643,5135,7,1000,0.7487321496009827,769,231,0.5019927620887756,"[""V176"", ""V255"", ""V191"", ""V160"", ""V215"", ""V380"", ""V342""]","{""n_estimators"": 306, ""learning_rate"": 0.047153738112414204, ""max_depth"": 7, ""subsample"": 0.792078624267919, ""colsample_bytree"": 0.6852001465364159, ""min_child_weight"": 3, ""reg_alpha"": 0.20252574005893265, ""reg_lambda"": 1.3681722126278162}"
644,2026-06-05T14:23:41.860575+00:00,xgb,ranking_total,644,5170,6,1000,0.728739321231842,758,242,0.4984048306941986,"[""V176"", ""V255"", ""V191"", ""V160"", ""V215"", ""V380""]","{""n_estimators"": 144, ""learning_rate"": 0.1322009490559341, ""max_depth"": 6, ""subsample"": 0.9106862904725543, ""colsample_bytree"": 0.6152794805874706, ""min_child_weight"": 7, ""reg_alpha"": 0.09754035407030714, ""reg_lambda"": 1.8389311708541642}"
645,2026-06-05T14:23:59.084914+00:00,xgb,ranking_total,645,5140,6,1000,0.751770555973053,756,244,0.5012342929840088,"[""V176"", ""V255"", ""V191"", ""V160"", ""V215"", ""V380""]","{""n_estimators"": 305, ""learning_rate"": 0.08356339577947453, ""max_depth"": 5, ""subsample"": 0.6312074144306336, ""colsample_bytree"": 0.9954673375697798, ""min_child_weight"": 4, ""reg_alpha"": 0.5031971003239029, ""reg_lambda"": 0.5851759853440797}"
646,2026-06-05T14:24:04.377388+00:00,xgb,ranking_total,646,5410,5,995,0.6650165319442749,759,236,0.49761855602264404,"[""V176"", ""V255"", ""V191"", ""V160"", ""V215""]","{""n_estimators"": 153, ""learning_rate"": 0.0716563351982197, ""max_depth"": 3, ""subsample"": 0.7360702129290082, ""colsample_bytree"": 0.5179003413953556, ""min_child_weight"": 5, ""reg_alpha"": 0.2822994997174584, ""reg_lambda"": 0.5508829489723974}"
647,2026-06-05T14:24:08.219610+00:00,xgb,ranking_total,647,5295,5,1000,0.6422872543334961,753,247,0.4955562353134155,"[""V176"", ""V255"", ""V191"", ""V160"", ""V215""]","{""n_estimators"": 101, ""learning_rate"": 0.06240651414309708, ""max_depth"": 3, ""subsample"": 0.533419777184805, ""colsample_bytree"": 0.6586454066221703, ""min_child_weight"": 4, ""reg_alpha"": 0.17922108993044905, ""reg_lambda"": 2.029491291940806}"
648,2026-06-05T14:24:27.685639+00:00,xgb,ranking_total,648,5110,7,999,0.7294420599937439,767,232,0.49767953157424927,"[""V176"", ""V255"", ""V191"", ""V160"", ""V215"", ""V380"", ""V342""]","{""n_estimators"": 216, ""learning_rate"": 0.05541409290811029, ""max_depth"": 9, ""subsample"": 0.7498309621776937, ""colsample_bytree"": 0.582210763664575, ""min_child_weight"": 9, ""reg_alpha"": 0.3933050701412969, ""reg_lambda"": 1.8725636378370574}"
649,2026-06-05T14:24:52.342561+00:00,xgb,ranking_total,649,5060,7,1000,0.7275591492652893,764,236,0.5000718832015991,"[""V176"", ""V255"", ""V191"", ""V160"", ""V215"", ""V380"", ""V342""]","{""n_estimators"": 314, ""learning_rate"": 0.04492328689094316, ""max_depth"": 7, ""subsample"": 0.8998416139914613, ""colsample_bytree"": 0.5513713441041755, ""min_child_weight"": 3, ""reg_alpha"": 0.443570610747574, ""reg_lambda"": 1.9137016856020486}"
650,2026-06-05T14:25:17.659033+00:00,xgb,ranking_total,650,4805,7,1000,0.8356015086174011,747,253,0.5004844665527344,"[""V176"", ""V255"", ""V191"", ""V160"", ""V215"", ""V380"", ""V342""]","{""n_estimators"": 316, ""learning_rate"": 0.16443405859490673, ""max_depth"": 7, ""subsample"": 0.9603116695670741, ""colsample_bytree"": 0.601336684964449, ""min_child_weight"": 3, ""reg_alpha"": 0.7324640396913901, ""reg_lambda"": 1.0458866996710678}"
651,2026-06-05T14:25:33.083089+00:00,xgb,ranking_total,651,5005,6,1000,0.7337867617607117,747,253,0.4983113408088684,"[""V176"", ""V255"", ""V191"", ""V160"", ""V215"", ""V380""]","{""n_estimators"": 192, ""learning_rate"": 0.09378846945705344, ""max_depth"": 7, ""subsample"": 0.7952969432758773, ""colsample_bytree"": 0.8223356383107915, ""min_child_weight"": 7, ""reg_alpha"": 0.9558829710846916, ""reg_lambda"": 1.989710576956996}"
652,2026-06-05T14:25:43.458220+00:00,xgb,ranking_total,652,5400,5,1000,0.6946771740913391,760,240,0.49754798412323,"[""V176"", ""V255"", ""V191"", ""V160"", ""V215""]","{""n_estimators"": 323, ""learning_rate"": 0.08647422792455872, ""max_depth"": 3, ""subsample"": 0.9688886881353429, ""colsample_bytree"": 0.6537200035191777, ""min_child_weight"": 7, ""reg_alpha"": 0.5460261429753012, ""reg_lambda"": 0.5063495458560001}"
653,2026-06-05T14:26:01.845642+00:00,xgb,ranking_total,653,4910,7,997,0.7758246660232544,753,244,0.5018408894538879,"[""V176"", ""V255"", ""V191"", ""V160"", ""V215"", ""V380"", ""V342""]","{""n_estimators"": 268, ""learning_rate"": 0.10784587966818542, ""max_depth"": 6, ""subsample"": 0.781313605445366, ""colsample_bytree"": 0.6179117123918695, ""min_child_weight"": 3, ""reg_alpha"": 0.8195634593321037, ""reg_lambda"": 1.1304163436543297}"
654,2026-06-05T14:26:16.744645+00:00,xgb,ranking_total,654,4975,5,998,0.7323815822601318,731,267,0.49914345145225525,"[""V176"", ""V255"", ""V191"", ""V160"", ""V215""]","{""n_estimators"": 262, ""learning_rate"": 0.08926272084648083, ""max_depth"": 5, ""subsample"": 0.5743012965815408, ""colsample_bytree"": 0.9496537402677305, ""min_child_weight"": 4, ""reg_alpha"": 0.5039494361417497, ""reg_lambda"": 1.40350618682632}"
655,2026-06-05T14:26:47.368286+00:00,xgb,ranking_total,655,4660,7,999,0.8561055064201355,737,262,0.49937593936920166,"[""V176"", ""V255"", ""V191"", ""V160"", ""V215"", ""V380"", ""V342""]","{""n_estimators"": 356, ""learning_rate"": 0.15642637725721828, ""max_depth"": 8, ""subsample"": 0.9166764441187607, ""colsample_bytree"": 0.8709392236901766, ""min_child_weight"": 6, ""reg_alpha"": 0.13514666752312454, ""reg_lambda"": 1.9233330139189875}"
656,2026-06-05T14:26:59.019284+00:00,xgb,ranking_total,656,5025,5,1000,0.7168371081352234,735,265,0.49804452061653137,"[""V176"", ""V255"", ""V191"", ""V160"", ""V215""]","{""n_estimators"": 149, ""learning_rate"": 0.1331206871571713, ""max_depth"": 7, ""subsample"": 0.5696832901892467, ""colsample_bytree"": 0.5610772279070328, ""min_child_weight"": 6, ""reg_alpha"": 0.9294009942832058, ""reg_lambda"": 1.9932853290126376}"
657,2026-06-05T14:27:24.847139+00:00,xgb,ranking_total,657,4920,7,995,0.7883488535881042,753,242,0.49722862243652344,"[""V176"", ""V255"", ""V191"", ""V160"", ""V215"", ""V380"", ""V342""]","{""n_estimators"": 271, ""learning_rate"": 0.11260988407279957, ""max_depth"": 9, ""subsample"": 0.6744855347394967, ""colsample_bytree"": 0.6135965535631789, ""min_child_weight"": 7, ""reg_alpha"": 0.7555537967607066, ""reg_lambda"": 2.3155319475885365}"
658,2026-06-05T14:27:50.174043+00:00,xgb,ranking_total,658,4850,7,1000,0.8199806809425354,750,250,0.499448299407959,"[""V176"", ""V255"", ""V191"", ""V160"", ""V215"", ""V380"", ""V342""]","{""n_estimators"": 398, ""learning_rate"": 0.16955386261065775, ""max_depth"": 6, ""subsample"": 0.9929443275224061, ""colsample_bytree"": 0.7954578252302963, ""min_child_weight"": 7, ""reg_alpha"": 0.8210960554748712, ""reg_lambda"": 2.342669258019212}"
659,2026-06-05T14:28:01.966841+00:00,xgb,ranking_total,659,5255,5,999,0.681981086730957,750,249,0.497342586517334,"[""V176"", ""V255"", ""V191"", ""V160"", ""V215""]","{""n_estimators"": 285, ""learning_rate"": 0.06360809539887172, ""max_depth"": 4, ""subsample"": 0.9338632674704961, ""colsample_bytree"": 0.5273264175942521, ""min_child_weight"": 2, ""reg_alpha"": 0.7200391577181292, ""reg_lambda"": 2.144378265390297}"
660,2026-06-05T14:28:26.596798+00:00,xgb,ranking_total,660,4685,7,1000,0.8073089718818665,739,261,0.49835023283958435,"[""V176"", ""V255"", ""V191"", ""V160"", ""V215"", ""V380"", ""V342""]","{""n_estimators"": 395, ""learning_rate"": 0.16046420746360365, ""max_depth"": 6, ""subsample"": 0.827154930343772, ""colsample_bytree"": 0.5647934712574456, ""min_child_weight"": 8, ""reg_alpha"": 0.7705326901337854, ""reg_lambda"": 2.4099737592853607}"
661,2026-06-05T14:28:46.874226+00:00,xgb,ranking_total,661,4635,7,998,0.7978404760360718,735,263,0.49664124846458435,"[""V176"", ""V255"", ""V191"", ""V160"", ""V215"", ""V380"", ""V342""]","{""n_estimators"": 377, ""learning_rate"": 0.159171123004478, ""max_depth"": 5, ""subsample"": 0.5188829382113949, ""colsample_bytree"": 0.8493187603721162, ""min_child_weight"": 8, ""reg_alpha"": 0.21277774759229584, ""reg_lambda"": 0.7439742037950083}"
662,2026-06-05T14:29:18.344632+00:00,xgb,ranking_total,662,4580,7,1000,0.8715685606002808,732,268,0.49957510828971863,"[""V176"", ""V255"", ""V191"", ""V160"", ""V215"", ""V380"", ""V342""]","{""n_estimators"": 373, ""learning_rate"": 0.17873555918447323, ""max_depth"": 7, ""subsample"": 0.5801339690279749, ""colsample_bytree"": 0.57528213404444, ""min_child_weight"": 2, ""reg_alpha"": 0.5887501218381102, ""reg_lambda"": 1.6970771042151094}"
663,2026-06-05T14:29:32.487406+00:00,xgb,ranking_total,663,5065,6,1000,0.7130274772644043,751,249,0.4980894923210144,"[""V176"", ""V255"", ""V191"", ""V160"", ""V215"", ""V380""]","{""n_estimators"": 174, ""learning_rate"": 0.06269450013300883, ""max_depth"": 7, ""subsample"": 0.5100625440833941, ""colsample_bytree"": 0.7611369738051433, ""min_child_weight"": 5, ""reg_alpha"": 0.8146253679938228, ""reg_lambda"": 1.8691753628866252}"
664,2026-06-05T14:29:49.346681+00:00,xgb,ranking_total,664,5020,6,997,0.7565345168113708,747,250,0.4988490343093872,"[""V176"", ""V255"", ""V191"", ""V160"", ""V215"", ""V380""]","{""n_estimators"": 210, ""learning_rate"": 0.11817106040400352, ""max_depth"": 7, ""subsample"": 0.7478469883586965, ""colsample_bytree"": 0.7138439902113891, ""min_child_weight"": 6, ""reg_alpha"": 0.7178240908047833, ""reg_lambda"": 2.422744873946953}"
665,2026-06-05T14:30:00.655179+00:00,xgb,ranking_total,665,5375,5,999,0.6903873085975647,758,241,0.49738365411758423,"[""V176"", ""V255"", ""V191"", ""V160"", ""V215""]","{""n_estimators"": 272, ""learning_rate"": 0.06262182673185542, ""max_depth"": 4, ""subsample"": 0.8177012995207046, ""colsample_bytree"": 0.6135506195639217, ""min_child_weight"": 9, ""reg_alpha"": 0.9672479495944825, ""reg_lambda"": 1.9942207907326353}"
666,2026-06-05T14:30:22.204791+00:00,xgb,ranking_total,666,5260,6,1000,0.694661557674408,764,236,0.4973110854625702,"[""V176"", ""V255"", ""V191"", ""V160"", ""V215"", ""V380""]","{""n_estimators"": 333, ""learning_rate"": 0.03043565596678859, ""max_depth"": 6, ""subsample"": 0.54756804197484, ""colsample_bytree"": 0.5991422412317605, ""min_child_weight"": 4, ""reg_alpha"": 0.2174364042010294, ""reg_lambda"": 2.079590755939862}"
667,2026-06-05T14:30:58.000135+00:00,xgb,ranking_total,667,5015,7,1000,0.7721037268638611,761,239,0.5002442598342896,"[""V176"", ""V255"", ""V191"", ""V160"", ""V215"", ""V380"", ""V342""]","{""n_estimators"": 336, ""learning_rate"": 0.04539265756776925, ""max_depth"": 9, ""subsample"": 0.8382571679688127, ""colsample_bytree"": 0.8639290286240374, ""min_child_weight"": 5, ""reg_alpha"": 0.33596835294889804, ""reg_lambda"": 0.9886857034800602}"
668,2026-06-05T14:31:24.725143+00:00,xgb,ranking_total,668,4655,7,1000,0.838313639163971,737,263,0.4994053840637207,"[""V176"", ""V255"", ""V191"", ""V160"", ""V215"", ""V380"", ""V342""]","{""n_estimators"": 313, ""learning_rate"": 0.1551413720078526, ""max_depth"": 7, ""subsample"": 0.7641732095917879, ""colsample_bytree"": 0.6843477289241799, ""min_child_weight"": 3, ""reg_alpha"": 0.8845630458194951, ""reg_lambda"": 0.9356058439881221}"
669,2026-06-05T14:31:50.863980+00:00,xgb,ranking_total,669,5015,7,1000,0.7665659189224243,761,239,0.4991481304168701,"[""V176"", ""V255"", ""V191"", ""V160"", ""V215"", ""V380"", ""V342""]","{""n_estimators"": 311, ""learning_rate"": 0.0619481556091629, ""max_depth"": 8, ""subsample"": 0.8839984884377339, ""colsample_bytree"": 0.871219131096711, ""min_child_weight"": 9, ""reg_alpha"": 0.22808650216899073, ""reg_lambda"": 0.9633978635336524}"
670,2026-06-05T14:32:04.963385+00:00,xgb,ranking_total,670,5020,7,999,0.7720514535903931,761,238,0.5009407997131348,"[""V176"", ""V255"", ""V191"", ""V160"", ""V215"", ""V380"", ""V342""]","{""n_estimators"": 269, ""learning_rate"": 0.13199506335368566, ""max_depth"": 5, ""subsample"": 0.9375366721000615, ""colsample_bytree"": 0.7226284528900588, ""min_child_weight"": 6, ""reg_alpha"": 0.32359097696081285, ""reg_lambda"": 1.4761711594891997}"
671,2026-06-05T14:32:19.782306+00:00,xgb,ranking_total,671,5160,5,1000,0.6422536969184875,744,256,0.49579593539237976,"[""V176"", ""V255"", ""V191"", ""V160"", ""V215""]","{""n_estimators"": 150, ""learning_rate"": 0.03341121159913546, ""max_depth"": 9, ""subsample"": 0.548805222656688, ""colsample_bytree"": 0.543477552646936, ""min_child_weight"": 5, ""reg_alpha"": 0.5809470917714099, ""reg_lambda"": 1.4585771477072915}"
672,2026-06-05T14:32:29.293878+00:00,xgb,ranking_total,672,5190,5,1000,0.692107617855072,746,254,0.4986509680747986,"[""V176"", ""V255"", ""V191"", ""V160"", ""V215""]","{""n_estimators"": 279, ""learning_rate"": 0.09822982883420439, ""max_depth"": 3, ""subsample"": 0.5093406120061572, ""colsample_bytree"": 0.6652922682311524, ""min_child_weight"": 8, ""reg_alpha"": 0.6062457813544608, ""reg_lambda"": 2.163539318752541}"
673,2026-06-05T14:33:01.849646+00:00,xgb,ranking_total,673,4955,7,1000,0.7639164924621582,757,243,0.4997337758541107,"[""V176"", ""V255"", ""V191"", ""V160"", ""V215"", ""V380"", ""V342""]","{""n_estimators"": 379, ""learning_rate"": 0.0528302900414324, ""max_depth"": 8, ""subsample"": 0.8807883530621594, ""colsample_bytree"": 0.7282928064162241, ""min_child_weight"": 7, ""reg_alpha"": 0.38525507053670693, ""reg_lambda"": 1.9887614219847236}"
674,2026-06-05T14:33:13.824056+00:00,xgb,ranking_total,674,5125,6,1000,0.73457270860672,755,245,0.4997401237487793,"[""V176"", ""V255"", ""V191"", ""V160"", ""V215"", ""V380""]","{""n_estimators"": 125, ""learning_rate"": 0.10033561177236111, ""max_depth"": 8, ""subsample"": 0.5307687695704335, ""colsample_bytree"": 0.5043810521955354, ""min_child_weight"": 3, ""reg_alpha"": 0.5071044037173669, ""reg_lambda"": 0.9349108722263269}"
675,2026-06-05T14:33:40.778300+00:00,xgb,ranking_total,675,5075,7,997,0.7526354193687439,764,233,0.5002011656761169,"[""V176"", ""V255"", ""V191"", ""V160"", ""V215"", ""V380"", ""V342""]","{""n_estimators"": 289, ""learning_rate"": 0.053158929921694464, ""max_depth"": 8, ""subsample"": 0.7370823725080399, ""colsample_bytree"": 0.6185849615733312, ""min_child_weight"": 4, ""reg_alpha"": 0.5513557802031247, ""reg_lambda"": 1.3176061768941263}"
676,2026-06-05T14:33:51.834304+00:00,xgb,ranking_total,676,5400,5,1000,0.6736484169960022,760,240,0.49690625071525574,"[""V176"", ""V255"", ""V191"", ""V160"", ""V215""]","{""n_estimators"": 269, ""learning_rate"": 0.03283566557565051, ""max_depth"": 4, ""subsample"": 0.8542952750158437, ""colsample_bytree"": 0.62144872426085, ""min_child_weight"": 9, ""reg_alpha"": 0.6973198721109698, ""reg_lambda"": 1.1568266225567552}"
677,2026-06-05T14:34:17.072672+00:00,xgb,ranking_total,677,5035,6,997,0.7704030871391296,748,249,0.4999040961265564,"[""V176"", ""V255"", ""V191"", ""V160"", ""V215"", ""V380""]","{""n_estimators"": 344, ""learning_rate"": 0.08272930706677889, ""max_depth"": 6, ""subsample"": 0.5742694951781455, ""colsample_bytree"": 0.8651177904198721, ""min_child_weight"": 2, ""reg_alpha"": 0.0822371903471254, ""reg_lambda"": 2.4626078566126033}"
678,2026-06-05T14:34:37.295153+00:00,xgb,ranking_total,678,4940,5,999,0.7375479936599731,729,270,0.4990367293357849,"[""V176"", ""V255"", ""V191"", ""V160"", ""V215""]","{""n_estimators"": 356, ""learning_rate"": 0.0810035926728134, ""max_depth"": 5, ""subsample"": 0.6828349355062184, ""colsample_bytree"": 0.866599831147183, ""min_child_weight"": 3, ""reg_alpha"": 0.5848336970074541, ""reg_lambda"": 1.8124702603856304}"
679,2026-06-05T14:34:43.547721+00:00,xgb,ranking_total,679,5235,5,1000,0.6981987357139587,749,251,0.4982134699821472,"[""V176"", ""V255"", ""V191"", ""V160"", ""V215""]","{""n_estimators"": 181, ""learning_rate"": 0.16791819909600428, ""max_depth"": 3, ""subsample"": 0.8502321586145332, ""colsample_bytree"": 0.7656950183362167, ""min_child_weight"": 6, ""reg_alpha"": 0.752138481044003, ""reg_lambda"": 1.890693216113929}"
680,2026-06-05T14:35:01.860018+00:00,xgb,ranking_total,680,5155,6,1000,0.7391056418418884,757,243,0.5019170045852661,"[""V176"", ""V255"", ""V191"", ""V160"", ""V215"", ""V380""]","{""n_estimators"": 313, ""learning_rate"": 0.06123692824560821, ""max_depth"": 5, ""subsample"": 0.838644677192028, ""colsample_bytree"": 0.8732900187001877, ""min_child_weight"": 1, ""reg_alpha"": 0.7297138320461781, ""reg_lambda"": 0.6410985797215114}"
681,2026-06-05T14:35:05.979869+00:00,xgb,ranking_total,681,5270,5,999,0.6095680594444275,751,248,0.4962746202945709,"[""V176"", ""V255"", ""V191"", ""V160"", ""V215""]","{""n_estimators"": 112, ""learning_rate"": 0.03606334107123983, ""max_depth"": 3, ""subsample"": 0.6140501282460944, ""colsample_bytree"": 0.5312148579906828, ""min_child_weight"": 9, ""reg_alpha"": 0.6030418374873462, ""reg_lambda"": 0.8802194476602618}"
682,2026-06-05T14:35:16.553410+00:00,xgb,ranking_total,682,5340,5,1000,0.672895073890686,756,244,0.4973208010196686,"[""V176"", ""V255"", ""V191"", ""V160"", ""V215""]","{""n_estimators"": 249, ""learning_rate"": 0.040383882456102985, ""max_depth"": 4, ""subsample"": 0.9460016051840398, ""colsample_bytree"": 0.7957649107762792, ""min_child_weight"": 5, ""reg_alpha"": 0.9753086825979813, ""reg_lambda"": 1.1733844902557118}"
683,2026-06-05T14:35:34.471186+00:00,xgb,ranking_total,683,4885,6,1000,0.7738292813301086,739,261,0.5006089806556702,"[""V176"", ""V255"", ""V191"", ""V160"", ""V215"", ""V380""]","{""n_estimators"": 329, ""learning_rate"": 0.13491651488116568, ""max_depth"": 5, ""subsample"": 0.6602120435972696, ""colsample_bytree"": 0.571942795557272, ""min_child_weight"": 3, ""reg_alpha"": 0.564758988676993, ""reg_lambda"": 1.5948971506202168}"
684,2026-06-05T14:35:49.991674+00:00,xgb,ranking_total,684,4995,5,1000,0.7121461033821106,733,267,0.4963749945163727,"[""V176"", ""V255"", ""V191"", ""V160"", ""V215""]","{""n_estimators"": 121, ""learning_rate"": 0.06649655136373367, ""max_depth"": 9, ""subsample"": 0.5130669825539932, ""colsample_bytree"": 0.8120835421697058, ""min_child_weight"": 2, ""reg_alpha"": 0.890590742837996, ""reg_lambda"": 2.209981994586067}"
685,2026-06-05T14:36:06.814177+00:00,xgb,ranking_total,685,5005,6,1000,0.736993134021759,747,253,0.5015456080436707,"[""V176"", ""V255"", ""V191"", ""V160"", ""V215"", ""V380""]","{""n_estimators"": 191, ""learning_rate"": 0.06776686349880459, ""max_depth"": 7, ""subsample"": 0.6603682663924952, ""colsample_bytree"": 0.9251441890688445, ""min_child_weight"": 3, ""reg_alpha"": 0.07876181488386713, ""reg_lambda"": 2.3654490190957}"
686,2026-06-05T14:36:17.868882+00:00,xgb,ranking_total,686,4960,6,1000,0.7366276979446411,744,256,0.4969032108783722,"[""V176"", ""V255"", ""V191"", ""V160"", ""V215"", ""V380""]","{""n_estimators"": 260, ""learning_rate"": 0.14230615536637503, ""max_depth"": 4, ""subsample"": 0.6360205660464202, ""colsample_bytree"": 0.523375033962577, ""min_child_weight"": 7, ""reg_alpha"": 0.8770183190939259, ""reg_lambda"": 2.0136841230848272}"
687,2026-06-05T14:36:32.302367+00:00,xgb,ranking_total,687,5150,7,1000,0.6895084381103516,770,230,0.49507299065589905,"[""V176"", ""V255"", ""V191"", ""V160"", ""V215"", ""V380"", ""V342""]","{""n_estimators"": 206, ""learning_rate"": 0.03593047110866741, ""max_depth"": 6, ""subsample"": 0.5864534139240513, ""colsample_bytree"": 0.6090809994161909, ""min_child_weight"": 2, ""reg_alpha"": 0.4184126307387308, ""reg_lambda"": 2.4837273525254604}"
688,2026-06-05T14:37:01.570684+00:00,xgb,ranking_total,688,4725,6,999,0.8111307621002197,728,271,0.49964502453804016,"[""V176"", ""V255"", ""V191"", ""V160"", ""V215"", ""V380""]","{""n_estimators"": 313, ""learning_rate"": 0.12297634924734212, ""max_depth"": 9, ""subsample"": 0.5770870873530374, ""colsample_bytree"": 0.9051123054424461, ""min_child_weight"": 7, ""reg_alpha"": 0.061865450637173414, ""reg_lambda"": 0.9267762178050543}"
689,2026-06-05T14:37:15.426265+00:00,xgb,ranking_total,689,5265,5,1000,0.6957796812057495,751,249,0.4973207116127014,"[""V176"", ""V255"", ""V191"", ""V160"", ""V215""]","{""n_estimators"": 330, ""learning_rate"": 0.06080248694194959, ""max_depth"": 4, ""subsample"": 0.9929470876716615, ""colsample_bytree"": 0.9893098823630075, ""min_child_weight"": 6, ""reg_alpha"": 0.9321567939729362, ""reg_lambda"": 2.4714125528916964}"
690,2026-06-05T14:37:19.310718+00:00,xgb,ranking_total,690,5240,7,997,0.6857534646987915,775,222,0.4965740144252777,"[""V176"", ""V255"", ""V191"", ""V160"", ""V215"", ""V380"", ""V342""]","{""n_estimators"": 102, ""learning_rate"": 0.13865529148650435, ""max_depth"": 3, ""subsample"": 0.933626617747976, ""colsample_bytree"": 0.9663729441486532, ""min_child_weight"": 9, ""reg_alpha"": 0.8116195994216848, ""reg_lambda"": 2.494076556699836}"
691,2026-06-05T14:37:53.226490+00:00,xgb,ranking_total,691,4685,7,1000,0.8792644143104553,739,261,0.49910154938697815,"[""V176"", ""V255"", ""V191"", ""V160"", ""V215"", ""V380"", ""V342""]","{""n_estimators"": 321, ""learning_rate"": 0.16950060643965253, ""max_depth"": 9, ""subsample"": 0.6642111099775037, ""colsample_bytree"": 0.8117010778205171, ""min_child_weight"": 3, ""reg_alpha"": 0.33244468180479114, ""reg_lambda"": 1.0299834655181832}"
692,2026-06-05T14:38:00.828171+00:00,xgb,ranking_total,692,5065,6,1000,0.7249606847763062,751,249,0.49662908911705017,"[""V176"", ""V255"", ""V191"", ""V160"", ""V215"", ""V380""]","{""n_estimators"": 170, ""learning_rate"": 0.17681787246914302, ""max_depth"": 4, ""subsample"": 0.5938449114831252, ""colsample_bytree"": 0.5061082330673273, ""min_child_weight"": 6, ""reg_alpha"": 0.14815153554882554, ""reg_lambda"": 2.2203795912706865}"
693,2026-06-05T14:38:17.882539+00:00,xgb,ranking_total,693,4890,7,998,0.821247398853302,752,246,0.5050511956214905,"[""V176"", ""V255"", ""V191"", ""V160"", ""V215"", ""V380"", ""V342""]","{""n_estimators"": 132, ""learning_rate"": 0.14651247129010803, ""max_depth"": 9, ""subsample"": 0.9181154326180236, ""colsample_bytree"": 0.9397614987219727, ""min_child_weight"": 2, ""reg_alpha"": 0.19076693220716368, ""reg_lambda"": 1.0184365484118787}"
694,2026-06-05T14:38:32.472049+00:00,xgb,ranking_total,694,5235,5,1000,0.6997569799423218,749,251,0.4981745481491089,"[""V176"", ""V255"", ""V191"", ""V160"", ""V215""]","{""n_estimators"": 342, ""learning_rate"": 0.056077482921046355, ""max_depth"": 4, ""subsample"": 0.8574415993069435, ""colsample_bytree"": 0.6522676633081942, ""min_child_weight"": 5, ""reg_alpha"": 0.726129904017195, ""reg_lambda"": 1.1313308497359431}"
695,2026-06-05T14:38:56.053905+00:00,xgb,ranking_total,695,4790,7,997,0.8002436757087708,745,252,0.504830002784729,"[""V176"", ""V255"", ""V191"", ""V160"", ""V215"", ""V380"", ""V342""]","{""n_estimators"": 244, ""learning_rate"": 0.11026346661808026, ""max_depth"": 7, ""subsample"": 0.8137842901941279, ""colsample_bytree"": 0.6917843812095421, ""min_child_weight"": 1, ""reg_alpha"": 0.5179919454104388, ""reg_lambda"": 1.5358199112696787}"
696,2026-06-05T14:39:16.322210+00:00,xgb,ranking_total,696,5000,7,1000,0.7815083861351013,760,240,0.49973008036613464,"[""V176"", ""V255"", ""V191"", ""V160"", ""V215"", ""V380"", ""V342""]","{""n_estimators"": 246, ""learning_rate"": 0.10264780079279266, ""max_depth"": 7, ""subsample"": 0.8477422903985952, ""colsample_bytree"": 0.8700713119618643, ""min_child_weight"": 6, ""reg_alpha"": 0.6139460257025375, ""reg_lambda"": 1.4070946085224982}"
697,2026-06-05T14:39:54.460044+00:00,xgb,ranking_total,697,4565,7,1000,0.8376331925392151,731,269,0.4979977607727051,"[""V176"", ""V255"", ""V191"", ""V160"", ""V215"", ""V380"", ""V342""]","{""n_estimators"": 395, ""learning_rate"": 0.11628495413192243, ""max_depth"": 9, ""subsample"": 0.6327416453070351, ""colsample_bytree"": 0.9554745472483104, ""min_child_weight"": 7, ""reg_alpha"": 0.4281033248232159, ""reg_lambda"": 0.8452095298499442}"
698,2026-06-05T14:40:03.482472+00:00,xgb,ranking_total,698,5205,5,1000,0.6978209614753723,747,253,0.4971961975097656,"[""V176"", ""V255"", ""V191"", ""V160"", ""V215""]","{""n_estimators"": 156, ""learning_rate"": 0.0760062494170978, ""max_depth"": 5, ""subsample"": 0.5591779376044084, ""colsample_bytree"": 0.9943997297056035, ""min_child_weight"": 8, ""reg_alpha"": 0.3941684283491885, ""reg_lambda"": 2.0197035912037626}"
699,2026-06-05T14:40:25.728951+00:00,xgb,ranking_total,699,5155,7,996,0.7314205765724182,769,227,0.49813175201416016,"[""V176"", ""V255"", ""V191"", ""V160"", ""V215"", ""V380"", ""V342""]","{""n_estimators"": 270, ""learning_rate"": 0.05360560006411434, ""max_depth"": 8, ""subsample"": 0.822511493301537, ""colsample_bytree"": 0.5713956367959023, ""min_child_weight"": 9, ""reg_alpha"": 0.09124628166404514, ""reg_lambda"": 1.4653077967945227}"
700,2026-06-05T14:40:52.161055+00:00,xgb,ranking_total,700,4525,6,997,0.8246544599533081,714,283,0.499707967042923,"[""V176"", ""V255"", ""V191"", ""V160"", ""V215"", ""V380""]","{""n_estimators"": 317, ""learning_rate"": 0.17207444869434219, ""max_depth"": 8, ""subsample"": 0.8561484589233811, ""colsample_bytree"": 0.7957753966497922, ""min_child_weight"": 9, ""reg_alpha"": 0.2109385463325819, ""reg_lambda"": 0.7760017669192592}"
701,2026-06-05T14:41:07.502966+00:00,xgb,ranking_total,701,5085,7,998,0.7518864870071411,765,233,0.4961790442466736,"[""V176"", ""V255"", ""V191"", ""V160"", ""V215"", ""V380"", ""V342""]","{""n_estimators"": 155, ""learning_rate"": 0.0881367501059955, ""max_depth"": 9, ""subsample"": 0.7127926568143308, ""colsample_bytree"": 0.8643519628878409, ""min_child_weight"": 9, ""reg_alpha"": 0.09981691349398958, ""reg_lambda"": 1.6602655495760774}"
702,2026-06-05T14:41:42.670184+00:00,xgb,ranking_total,702,4950,7,995,0.82660311460495,755,240,0.49939242005348206,"[""V176"", ""V255"", ""V191"", ""V160"", ""V215"", ""V380"", ""V342""]","{""n_estimators"": 312, ""learning_rate"": 0.09727597041375619, ""max_depth"": 9, ""subsample"": 0.841900114586424, ""colsample_bytree"": 0.774705709025705, ""min_child_weight"": 3, ""reg_alpha"": 0.22821162160457786, ""reg_lambda"": 1.6861637607048172}"
703,2026-06-05T14:42:16.490435+00:00,xgb,ranking_total,703,4840,6,1000,0.8008183836936951,736,264,0.5001344680786133,"[""V176"", ""V255"", ""V191"", ""V160"", ""V215"", ""V380""]","{""n_estimators"": 310, ""learning_rate"": 0.07494287226851293, ""max_depth"": 9, ""subsample"": 0.5251175382238451, ""colsample_bytree"": 0.7677460394885125, ""min_child_weight"": 3, ""reg_alpha"": 0.16004088095043856, ""reg_lambda"": 0.8535693106424667}"
704,2026-06-05T14:42:29.536880+00:00,xgb,ranking_total,704,5270,7,1000,0.705090343952179,778,222,0.49709901213645935,"[""V176"", ""V255"", ""V191"", ""V160"", ""V215"", ""V380"", ""V342""]","{""n_estimators"": 386, ""learning_rate"": 0.05791354807943552, ""max_depth"": 3, ""subsample"": 0.5376340308602413, ""colsample_bytree"": 0.5416497539546159, ""min_child_weight"": 6, ""reg_alpha"": 0.7740805300361873, ""reg_lambda"": 1.189429431628379}"
705,2026-06-05T14:42:56.488748+00:00,xgb,ranking_total,705,4640,7,991,0.8605809211730957,733,258,0.4989388585090637,"[""V176"", ""V255"", ""V191"", ""V160"", ""V215"", ""V380"", ""V342""]","{""n_estimators"": 220, ""learning_rate"": 0.17021189400803222, ""max_depth"": 9, ""subsample"": 0.5933562237070111, ""colsample_bytree"": 0.9146185147052206, ""min_child_weight"": 2, ""reg_alpha"": 0.31686043950592024, ""reg_lambda"": 1.558280846573217}"
706,2026-06-05T14:43:07.342199+00:00,xgb,ranking_total,706,5030,7,1000,0.7525277733802795,762,238,0.500231921672821,"[""V176"", ""V255"", ""V191"", ""V160"", ""V215"", ""V380"", ""V342""]","{""n_estimators"": 245, ""learning_rate"": 0.13321530540659743, ""max_depth"": 4, ""subsample"": 0.7024218584031003, ""colsample_bytree"": 0.6988739712381034, ""min_child_weight"": 5, ""reg_alpha"": 0.5562633774857536, ""reg_lambda"": 0.6614505818014358}"
707,2026-06-05T14:43:22.014829+00:00,xgb,ranking_total,707,4990,7,999,0.7353789210319519,759,240,0.498508483171463,"[""V176"", ""V255"", ""V191"", ""V160"", ""V215"", ""V380"", ""V342""]","{""n_estimators"": 197, ""learning_rate"": 0.08903260533337999, ""max_depth"": 7, ""subsample"": 0.7649774695192642, ""colsample_bytree"": 0.5522217880917788, ""min_child_weight"": 8, ""reg_alpha"": 0.19079121350480677, ""reg_lambda"": 1.7572272625055942}"
708,2026-06-05T14:43:37.134148+00:00,xgb,ranking_total,708,5125,6,1000,0.7287074327468872,755,245,0.4975866675376892,"[""V176"", ""V255"", ""V191"", ""V160"", ""V215"", ""V380""]","{""n_estimators"": 349, ""learning_rate"": 0.0904918648197317, ""max_depth"": 4, ""subsample"": 0.6461713672839791, ""colsample_bytree"": 0.5847944854478614, ""min_child_weight"": 4, ""reg_alpha"": 0.6248971881760271, ""reg_lambda"": 1.4738030756906755}"
709,2026-06-05T14:43:46.140550+00:00,xgb,ranking_total,709,5265,5,1000,0.6914858222007751,751,249,0.49788495898246765,"[""V176"", ""V255"", ""V191"", ""V160"", ""V215""]","{""n_estimators"": 268, ""learning_rate"": 0.10966050448368478, ""max_depth"": 3, ""subsample"": 0.9062612911881083, ""colsample_bytree"": 0.584755557938614, ""min_child_weight"": 6, ""reg_alpha"": 0.5485636662040657, ""reg_lambda"": 1.0116368028809168}"
710,2026-06-05T14:43:55.371441+00:00,xgb,ranking_total,710,5135,7,1000,0.7284093499183655,769,231,0.4968320429325104,"[""V176"", ""V255"", ""V191"", ""V160"", ""V215"", ""V380"", ""V342""]","{""n_estimators"": 115, ""learning_rate"": 0.11122507294308372, ""max_depth"": 7, ""subsample"": 0.6174835643519656, ""colsample_bytree"": 0.6029354445924193, ""min_child_weight"": 6, ""reg_alpha"": 0.4342309304214552, ""reg_lambda"": 1.3705356852736021}"
711,2026-06-05T14:44:09.469855+00:00,xgb,ranking_total,711,5240,5,996,0.679723858833313,748,248,0.4976435601711273,"[""V176"", ""V255"", ""V191"", ""V160"", ""V215""]","{""n_estimators"": 330, ""learning_rate"": 0.042254444920581155, ""max_depth"": 4, ""subsample"": 0.8122365955924242, ""colsample_bytree"": 0.5044114375376564, ""min_child_weight"": 1, ""reg_alpha"": 0.5386840109227246, ""reg_lambda"": 1.6016024294442233}"
712,2026-06-05T14:44:23.410616+00:00,xgb,ranking_total,712,4985,7,1000,0.7840743064880371,759,241,0.4999682605266571,"[""V176"", ""V255"", ""V191"", ""V160"", ""V215"", ""V380"", ""V342""]","{""n_estimators"": 197, ""learning_rate"": 0.12910857462708214, ""max_depth"": 6, ""subsample"": 0.7414545385276496, ""colsample_bytree"": 0.8034980043334026, ""min_child_weight"": 4, ""reg_alpha"": 0.39330722004879837, ""reg_lambda"": 0.5261031338736784}"
713,2026-06-05T14:44:35.077863+00:00,xgb,ranking_total,713,5040,8,1000,0.7263193726539612,776,224,0.5006735324859619,"[""V176"", ""V255"", ""V191"", ""V160"", ""V215"", ""V380"", ""V342"", ""V483""]","{""n_estimators"": 145, ""learning_rate"": 0.06792924520321508, ""max_depth"": 7, ""subsample"": 0.9857911794609708, ""colsample_bytree"": 0.5449689389263617, ""min_child_weight"": 4, ""reg_alpha"": 0.6907926944616959, ""reg_lambda"": 1.1554020708929693}"
714,2026-06-05T14:44:51.384743+00:00,xgb,ranking_total,714,5180,7,1000,0.7224698662757874,772,228,0.49847596883773804,"[""V176"", ""V255"", ""V191"", ""V160"", ""V215"", ""V380"", ""V342""]","{""n_estimators"": 305, ""learning_rate"": 0.045482224483788164, ""max_depth"": 5, ""subsample"": 0.7933481166847707, ""colsample_bytree"": 0.800365491130802, ""min_child_weight"": 6, ""reg_alpha"": 0.5613360214426183, ""reg_lambda"": 0.7225982213576261}"
715,2026-06-05T14:45:10.263148+00:00,xgb,ranking_total,715,4920,6,996,0.7367949485778809,740,256,0.49826791882514954,"[""V176"", ""V255"", ""V191"", ""V160"", ""V215"", ""V380""]","{""n_estimators"": 285, ""learning_rate"": 0.0807587381266941, ""max_depth"": 6, ""subsample"": 0.6797200458663656, ""colsample_bytree"": 0.6154588950754034, ""min_child_weight"": 6, ""reg_alpha"": 0.6679508816764005, ""reg_lambda"": 1.378155945599128}"
716,2026-06-05T14:45:38.090894+00:00,xgb,ranking_total,716,4940,7,1000,0.7846636176109314,756,244,0.5011637806892395,"[""V176"", ""V255"", ""V191"", ""V160"", ""V215"", ""V380"", ""V342""]","{""n_estimators"": 338, ""learning_rate"": 0.07986961744659482, ""max_depth"": 7, ""subsample"": 0.8629564343299396, ""colsample_bytree"": 0.7557708567229308, ""min_child_weight"": 4, ""reg_alpha"": 0.724041102729564, ""reg_lambda"": 1.9392451952315641}"
717,2026-06-05T14:45:42.407894+00:00,xgb,ranking_total,717,5370,5,1000,0.6473678350448608,758,242,0.49705830216407776,"[""V176"", ""V255"", ""V191"", ""V160"", ""V215""]","{""n_estimators"": 122, ""learning_rate"": 0.061462058369808246, ""max_depth"": 3, ""subsample"": 0.8788831287355843, ""colsample_bytree"": 0.6396186906842454, ""min_child_weight"": 4, ""reg_alpha"": 0.8409544107869518, ""reg_lambda"": 2.0447352985562195}"
718,2026-06-05T14:46:06.875271+00:00,xgb,ranking_total,718,5110,5,998,0.7127205729484558,740,258,0.4993162453174591,"[""V176"", ""V255"", ""V191"", ""V160"", ""V215""]","{""n_estimators"": 231, ""learning_rate"": 0.04206342026276844, ""max_depth"": 8, ""subsample"": 0.5966836812418537, ""colsample_bytree"": 0.7598386189598638, ""min_child_weight"": 2, ""reg_alpha"": 0.12827656070525095, ""reg_lambda"": 1.5912317470913258}"
719,2026-06-05T14:46:18.913670+00:00,xgb,ranking_total,719,4750,5,998,0.7462732791900635,716,282,0.4980675280094147,"[""V176"", ""V255"", ""V191"", ""V160"", ""V215""]","{""n_estimators"": 166, ""learning_rate"": 0.13670481558601066, ""max_depth"": 6, ""subsample"": 0.5165475516285751, ""colsample_bytree"": 0.9089300411212231, ""min_child_weight"": 4, ""reg_alpha"": 0.5687379015577061, ""reg_lambda"": 1.5641422492209942}"
720,2026-06-05T14:46:42.500983+00:00,xgb,ranking_total,720,5205,5,1000,0.7070679068565369,747,253,0.49811869859695435,"[""V176"", ""V255"", ""V191"", ""V160"", ""V215""]","{""n_estimators"": 210, ""learning_rate"": 0.03221374148210516, ""max_depth"": 8, ""subsample"": 0.8931708697754464, ""colsample_bytree"": 0.830426450548515, ""min_child_weight"": 2, ""reg_alpha"": 0.8359773637895309, ""reg_lambda"": 1.552218640204697}"
721,2026-06-05T14:47:05.351300+00:00,xgb,ranking_total,721,4750,7,999,0.8065778613090515,743,256,0.4992710053920746,"[""V176"", ""V255"", ""V191"", ""V160"", ""V215"", ""V380"", ""V342""]","{""n_estimators"": 275, ""learning_rate"": 0.12688912071549308, ""max_depth"": 7, ""subsample"": 0.5980015026972538, ""colsample_bytree"": 0.81686462026495, ""min_child_weight"": 4, ""reg_alpha"": 0.48351656446772473, ""reg_lambda"": 1.7355784831299133}"
722,2026-06-05T14:47:20.812837+00:00,xgb,ranking_total,722,5095,6,1000,0.752814531326294,753,247,0.5009333491325378,"[""V176"", ""V255"", ""V191"", ""V160"", ""V215"", ""V380""]","{""n_estimators"": 285, ""learning_rate"": 0.13025732115820704, ""max_depth"": 5, ""subsample"": 0.9762951486120846, ""colsample_bytree"": 0.9398643151265091, ""min_child_weight"": 8, ""reg_alpha"": 0.4757678600752818, ""reg_lambda"": 1.3980409888607928}"
723,2026-06-05T14:47:36.821228+00:00,xgb,ranking_total,723,5050,6,1000,0.7411110401153564,750,250,0.4991203248500824,"[""V176"", ""V255"", ""V191"", ""V160"", ""V215"", ""V380""]","{""n_estimators"": 204, ""learning_rate"": 0.08473535491247239, ""max_depth"": 7, ""subsample"": 0.917260959160934, ""colsample_bytree"": 0.9631817170966905, ""min_child_weight"": 9, ""reg_alpha"": 0.5099642760340287, ""reg_lambda"": 1.8501245697971342}"
724,2026-06-05T14:47:52.788629+00:00,xgb,ranking_total,724,5085,6,999,0.7318711876869202,752,247,0.49985137581825256,"[""V176"", ""V255"", ""V191"", ""V160"", ""V215"", ""V380""]","{""n_estimators"": 283, ""learning_rate"": 0.07417577086874777, ""max_depth"": 5, ""subsample"": 0.9779469607185822, ""colsample_bytree"": 0.8875602222046846, ""min_child_weight"": 2, ""reg_alpha"": 0.7609652293767976, ""reg_lambda"": 0.8200259499961171}"
725,2026-06-05T14:47:57.761119+00:00,xgb,ranking_total,725,5305,6,1000,0.6577439308166504,767,233,0.4962095618247986,"[""V176"", ""V255"", ""V191"", ""V160"", ""V215"", ""V380""]","{""n_estimators"": 106, ""learning_rate"": 0.05537664961242146, ""max_depth"": 4, ""subsample"": 0.7208036683472474, ""colsample_bytree"": 0.7358844974157215, ""min_child_weight"": 7, ""reg_alpha"": 0.5992010632655912, ""reg_lambda"": 1.2027099504028755}"
726,2026-06-05T14:48:03.592323+00:00,xgb,ranking_total,726,5260,6,1000,0.7108859419822693,764,236,0.4969523847103119,"[""V176"", ""V255"", ""V191"", ""V160"", ""V215"", ""V380""]","{""n_estimators"": 103, ""learning_rate"": 0.1615594367302014, ""max_depth"": 5, ""subsample"": 0.7727553117779857, ""colsample_bytree"": 0.6591012485948889, ""min_child_weight"": 8, ""reg_alpha"": 0.9286343968573963, ""reg_lambda"": 1.9889548685817717}"
727,2026-06-05T14:48:11.254818+00:00,xgb,ranking_total,727,5285,4,1000,0.655145525932312,739,261,0.4978818893432617,"[""V176"", ""V255"", ""V191"", ""V160""]","{""n_estimators"": 177, ""learning_rate"": 0.04384399462949724, ""max_depth"": 4, ""subsample"": 0.7647241160107595, ""colsample_bytree"": 0.5589215765446196, ""min_child_weight"": 4, ""reg_alpha"": 0.8077533377881071, ""reg_lambda"": 1.0972755996748076}"
728,2026-06-05T14:48:19.172941+00:00,xgb,ranking_total,728,5185,7,999,0.7362738251686096,772,227,0.49709469079971313,"[""V176"", ""V255"", ""V191"", ""V160"", ""V215"", ""V380"", ""V342""]","{""n_estimators"": 222, ""learning_rate"": 0.1544873802370964, ""max_depth"": 3, ""subsample"": 0.6700023924403324, ""colsample_bytree"": 0.93413554694085, ""min_child_weight"": 1, ""reg_alpha"": 0.3313885024752288, ""reg_lambda"": 1.733746307959453}"
729,2026-06-05T14:48:51.993418+00:00,xgb,ranking_total,729,4610,7,1000,0.8233501315116882,734,266,0.4974871575832367,"[""V176"", ""V255"", ""V191"", ""V160"", ""V215"", ""V380"", ""V342""]","{""n_estimators"": 361, ""learning_rate"": 0.10497484181317661, ""max_depth"": 7, ""subsample"": 0.5784481261934544, ""colsample_bytree"": 0.9138863441706921, ""min_child_weight"": 2, ""reg_alpha"": 0.19851541008102347, ""reg_lambda"": 2.4040505743252787}"
730,2026-06-05T14:49:14.406645+00:00,xgb,ranking_total,730,5170,6,1000,0.7241962552070618,758,242,0.4981621503829956,"[""V176"", ""V255"", ""V191"", ""V160"", ""V215"", ""V380""]","{""n_estimators"": 225, ""learning_rate"": 0.04145890627010773, ""max_depth"": 9, ""subsample"": 0.8029056838266257, ""colsample_bytree"": 0.8739374802881625, ""min_child_weight"": 8, ""reg_alpha"": 0.5246042272983212, ""reg_lambda"": 2.1440810736302502}"
731,2026-06-05T14:49:49.423746+00:00,xgb,ranking_total,731,5015,7,1000,0.7903136610984802,761,239,0.49849432706832886,"[""V176"", ""V255"", ""V191"", ""V160"", ""V215"", ""V380"", ""V342""]","{""n_estimators"": 360, ""learning_rate"": 0.06936355445303621, ""max_depth"": 9, ""subsample"": 0.99236139767702, ""colsample_bytree"": 0.9296145566395906, ""min_child_weight"": 7, ""reg_alpha"": 0.7751458303360153, ""reg_lambda"": 0.6114543270488875}"
732,2026-06-05T14:49:59.586934+00:00,xgb,ranking_total,732,4940,7,1000,0.7641534209251404,756,244,0.49694642424583435,"[""V176"", ""V255"", ""V191"", ""V160"", ""V215"", ""V380"", ""V342""]","{""n_estimators"": 189, ""learning_rate"": 0.17553156154048413, ""max_depth"": 5, ""subsample"": 0.6097306267873913, ""colsample_bytree"": 0.7472895982125816, ""min_child_weight"": 9, ""reg_alpha"": 0.012381855290244603, ""reg_lambda"": 1.8849025566611388}"
733,2026-06-05T14:50:05.283553+00:00,xgb,ranking_total,733,5255,5,999,0.6998329162597656,750,249,0.497128963470459,"[""V176"", ""V255"", ""V191"", ""V160"", ""V215""]","{""n_estimators"": 159, ""learning_rate"": 0.1461822310345822, ""max_depth"": 3, ""subsample"": 0.720486091946428, ""colsample_bytree"": 0.9205207026750664, ""min_child_weight"": 5, ""reg_alpha"": 0.6547598474643944, ""reg_lambda"": 1.5950937057600474}"
734,2026-06-05T14:50:25.430125+00:00,xgb,ranking_total,734,4800,6,999,0.7658476829528809,733,266,0.4985903203487396,"[""V176"", ""V255"", ""V191"", ""V160"", ""V215"", ""V380""]","{""n_estimators"": 225, ""learning_rate"": 0.12954449575411145, ""max_depth"": 9, ""subsample"": 0.8541286971872346, ""colsample_bytree"": 0.5988880739610989, ""min_child_weight"": 9, ""reg_alpha"": 0.1627385089390061, ""reg_lambda"": 1.9678234113665718}"
735,2026-06-05T14:50:45.113543+00:00,xgb,ranking_total,735,4655,7,1000,0.8460010290145874,737,263,0.5008156895637512,"[""V176"", ""V255"", ""V191"", ""V160"", ""V215"", ""V380"", ""V342""]","{""n_estimators"": 292, ""learning_rate"": 0.17807096909963369, ""max_depth"": 6, ""subsample"": 0.6900907872246904, ""colsample_bytree"": 0.8980386294521465, ""min_child_weight"": 5, ""reg_alpha"": 0.3055816680739414, ""reg_lambda"": 0.690315847643612}"
736,2026-06-05T14:51:04.212069+00:00,xgb,ranking_total,736,4855,6,1000,0.7848687171936035,737,263,0.5025432109832764,"[""V176"", ""V255"", ""V191"", ""V160"", ""V215"", ""V380""]","{""n_estimators"": 248, ""learning_rate"": 0.14520183159978983, ""max_depth"": 7, ""subsample"": 0.8543002562555142, ""colsample_bytree"": 0.7454836319204178, ""min_child_weight"": 7, ""reg_alpha"": 0.9921061203688227, ""reg_lambda"": 1.4053814839480945}"
737,2026-06-05T14:51:26.207353+00:00,xgb,ranking_total,737,4970,7,1000,0.7955621480941772,758,242,0.5017247796058655,"[""V176"", ""V255"", ""V191"", ""V160"", ""V215"", ""V380"", ""V342""]","{""n_estimators"": 186, ""learning_rate"": 0.10522476787903982, ""max_depth"": 9, ""subsample"": 0.9157446894617081, ""colsample_bytree"": 0.9520708457924875, ""min_child_weight"": 3, ""reg_alpha"": 0.1447741493251724, ""reg_lambda"": 2.0926348143165816}"
738,2026-06-05T14:51:37.345143+00:00,xgb,ranking_total,738,4885,6,1000,0.737808346748352,739,261,0.4968133866786957,"[""V176"", ""V255"", ""V191"", ""V160"", ""V215"", ""V380""]","{""n_estimators"": 173, ""learning_rate"": 0.12889863212039082, ""max_depth"": 6, ""subsample"": 0.645960465573156, ""colsample_bytree"": 0.62827244751094, ""min_child_weight"": 8, ""reg_alpha"": 0.7087635469205024, ""reg_lambda"": 0.9902796680450245}"
739,2026-06-05T14:51:54.827562+00:00,xgb,ranking_total,739,4985,7,1000,0.7675182223320007,759,241,0.5006779432296753,"[""V176"", ""V255"", ""V191"", ""V160"", ""V215"", ""V380"", ""V342""]","{""n_estimators"": 162, ""learning_rate"": 0.0822433547184695, ""max_depth"": 9, ""subsample"": 0.7887826047917024, ""colsample_bytree"": 0.7293709291449453, ""min_child_weight"": 4, ""reg_alpha"": 0.23542168330142155, ""reg_lambda"": 0.9067700290771714}"
740,2026-06-05T14:52:05.924281+00:00,xgb,ranking_total,740,5120,7,1000,0.7780923843383789,768,232,0.49943819642066956,"[""V176"", ""V255"", ""V191"", ""V160"", ""V215"", ""V380"", ""V342""]","{""n_estimators"": 245, ""learning_rate"": 0.15475987004277467, ""max_depth"": 4, ""subsample"": 0.6941496498709119, ""colsample_bytree"": 0.8281837980661975, ""min_child_weight"": 1, ""reg_alpha"": 0.2670966876667944, ""reg_lambda"": 0.8007492091197457}"
741,2026-06-05T14:52:22.986967+00:00,xgb,ranking_total,741,4985,7,997,0.7674868106842041,758,239,0.49959418177604675,"[""V176"", ""V255"", ""V191"", ""V160"", ""V215"", ""V380"", ""V342""]","{""n_estimators"": 289, ""learning_rate"": 0.1083068859493127, ""max_depth"": 5, ""subsample"": 0.6833641283561722, ""colsample_bytree"": 0.8931255488000986, ""min_child_weight"": 2, ""reg_alpha"": 0.8587805060195121, ""reg_lambda"": 2.4157125393826586}"
742,2026-06-05T14:53:04.165598+00:00,xgb,ranking_total,742,4955,7,1000,0.8496605157852173,757,243,0.4995488226413727,"[""V176"", ""V255"", ""V191"", ""V160"", ""V215"", ""V380"", ""V342""]","{""n_estimators"": 364, ""learning_rate"": 0.09920572990552427, ""max_depth"": 9, ""subsample"": 0.7321057780128575, ""colsample_bytree"": 0.881478782055414, ""min_child_weight"": 3, ""reg_alpha"": 0.6038756980953818, ""reg_lambda"": 0.66467751386067}"
743,2026-06-05T14:53:22.332611+00:00,xgb,ranking_total,743,5075,6,998,0.775056779384613,751,247,0.5057439208030701,"[""V176"", ""V255"", ""V191"", ""V160"", ""V215"", ""V380""]","{""n_estimators"": 318, ""learning_rate"": 0.09148203446477325, ""max_depth"": 5, ""subsample"": 0.9398186776993851, ""colsample_bytree"": 0.997772931124544, ""min_child_weight"": 1, ""reg_alpha"": 0.11112091409421221, ""reg_lambda"": 0.5196047633321317}"
744,2026-06-05T14:53:34.565703+00:00,xgb,ranking_total,744,5310,5,1000,0.7017338871955872,754,246,0.49747782945632935,"[""V176"", ""V255"", ""V191"", ""V160"", ""V215""]","{""n_estimators"": 378, ""learning_rate"": 0.11899105483043038, ""max_depth"": 3, ""subsample"": 0.7872583576871872, ""colsample_bytree"": 0.545246315347826, ""min_child_weight"": 7, ""reg_alpha"": 0.8314739050939681, ""reg_lambda"": 2.1838612303097826}"
745,2026-06-05T14:53:42.054516+00:00,xgb,ranking_total,745,5310,5,1000,0.6600454449653625,754,246,0.4970754384994507,"[""V176"", ""V255"", ""V191"", ""V160"", ""V215""]","{""n_estimators"": 168, ""learning_rate"": 0.0435513001475376, ""max_depth"": 4, ""subsample"": 0.9693253807274855, ""colsample_bytree"": 0.736259481597813, ""min_child_weight"": 2, ""reg_alpha"": 0.7704602804570979, ""reg_lambda"": 1.9997859935379874}"
746,2026-06-05T14:53:47.654669+00:00,xgb,ranking_total,746,5275,4,999,0.6303578615188599,738,261,0.4959455132484436,"[""V176"", ""V255"", ""V191"", ""V160""]","{""n_estimators"": 123, ""learning_rate"": 0.03795736994204317, ""max_depth"": 4, ""subsample"": 0.6678479791505216, ""colsample_bytree"": 0.5701422918964856, ""min_child_weight"": 4, ""reg_alpha"": 0.4783728249308956, ""reg_lambda"": 1.2662801958227663}"
747,2026-06-05T14:54:10.611384+00:00,xgb,ranking_total,747,4810,6,1000,0.7941904664039612,734,266,0.5013315677642822,"[""V176"", ""V255"", ""V191"", ""V160"", ""V215"", ""V380""]","{""n_estimators"": 208, ""learning_rate"": 0.1205076305007437, ""max_depth"": 8, ""subsample"": 0.7754061933483204, ""colsample_bytree"": 0.9592986892604332, ""min_child_weight"": 3, ""reg_alpha"": 0.8977323458033857, ""reg_lambda"": 1.5286945957158609}"
748,2026-06-05T14:54:49.269018+00:00,xgb,ranking_total,748,4835,7,1000,0.8146451711654663,749,251,0.5012989044189453,"[""V176"", ""V255"", ""V191"", ""V160"", ""V215"", ""V380"", ""V342""]","{""n_estimators"": 329, ""learning_rate"": 0.06955764681008086, ""max_depth"": 8, ""subsample"": 0.7340283274214994, ""colsample_bytree"": 0.7768134457016236, ""min_child_weight"": 1, ""reg_alpha"": 0.16662548086067974, ""reg_lambda"": 1.3081498821437114}"
749,2026-06-05T14:54:56.314803+00:00,xgb,ranking_total,749,5340,5,1000,0.6799898743629456,756,244,0.49683189392089844,"[""V176"", ""V255"", ""V191"", ""V160"", ""V215""]","{""n_estimators"": 197, ""learning_rate"": 0.08066951268509517, ""max_depth"": 3, ""subsample"": 0.690385748027466, ""colsample_bytree"": 0.6816878690020289, ""min_child_weight"": 6, ""reg_alpha"": 0.9271992367652644, ""reg_lambda"": 1.1800158724203957}"
750,2026-06-05T14:55:07.413501+00:00,xgb,ranking_total,750,5185,6,1000,0.7071782350540161,759,241,0.49816977977752686,"[""V176"", ""V255"", ""V191"", ""V160"", ""V215"", ""V380""]","{""n_estimators"": 247, ""learning_rate"": 0.060256203315658494, ""max_depth"": 4, ""subsample"": 0.5797709938199915, ""colsample_bytree"": 0.627561966243221, ""min_child_weight"": 1, ""reg_alpha"": 0.4192501363924386, ""reg_lambda"": 0.5166837712612724}"
751,2026-06-05T14:55:21.240290+00:00,xgb,ranking_total,751,4895,7,1000,0.7908551096916199,753,247,0.4966801404953003,"[""V176"", ""V255"", ""V191"", ""V160"", ""V215"", ""V380"", ""V342""]","{""n_estimators"": 200, ""learning_rate"": 0.17258568863299925, ""max_depth"": 6, ""subsample"": 0.6309994640543681, ""colsample_bytree"": 0.7956720856926797, ""min_child_weight"": 7, ""reg_alpha"": 0.5388437132515536, ""reg_lambda"": 1.198127339803915}"
752,2026-06-05T14:55:26.964066+00:00,xgb,ranking_total,752,5415,5,1000,0.6518311500549316,761,239,0.497082382440567,"[""V176"", ""V255"", ""V191"", ""V160"", ""V215""]","{""n_estimators"": 161, ""learning_rate"": 0.05571541634459773, ""max_depth"": 3, ""subsample"": 0.8962172710527208, ""colsample_bytree"": 0.5522985578862638, ""min_child_weight"": 1, ""reg_alpha"": 0.5552592621624128, ""reg_lambda"": 2.115991454233341}"
753,2026-06-05T14:55:37.457720+00:00,xgb,ranking_total,753,4850,5,999,0.7180715203285217,723,276,0.49748945236206055,"[""V176"", ""V255"", ""V191"", ""V160"", ""V215""]","{""n_estimators"": 145, ""learning_rate"": 0.15664613337659722, ""max_depth"": 7, ""subsample"": 0.5203064488165504, ""colsample_bytree"": 0.5301933349920009, ""min_child_weight"": 9, ""reg_alpha"": 0.43014574002572503, ""reg_lambda"": 1.8800643066334886}"
754,2026-06-05T14:55:53.280257+00:00,xgb,ranking_total,754,5160,5,1000,0.7312770485877991,744,256,0.4996926784515381,"[""V176"", ""V255"", ""V191"", ""V160"", ""V215""]","{""n_estimators"": 286, ""learning_rate"": 0.08369556939797448, ""max_depth"": 5, ""subsample"": 0.6970459820939428, ""colsample_bytree"": 0.7198797116639053, ""min_child_weight"": 4, ""reg_alpha"": 0.1289398216498293, ""reg_lambda"": 0.8225332036901236}"
755,2026-06-05T14:56:13.663204+00:00,xgb,ranking_total,755,5205,5,1000,0.692772388458252,747,253,0.49594393372535706,"[""V176"", ""V255"", ""V191"", ""V160"", ""V215""]","{""n_estimators"": 229, ""learning_rate"": 0.03001968709428569, ""max_depth"": 7, ""subsample"": 0.561296500831064, ""colsample_bytree"": 0.8998874292707991, ""min_child_weight"": 3, ""reg_alpha"": 0.6015954323044944, ""reg_lambda"": 1.567363243201326}"
756,2026-06-05T14:56:28.355859+00:00,xgb,ranking_total,756,4960,6,1000,0.7647323608398438,744,256,0.5025504231452942,"[""V176"", ""V255"", ""V191"", ""V160"", ""V215"", ""V380""]","{""n_estimators"": 248, ""learning_rate"": 0.14351575312663065, ""max_depth"": 5, ""subsample"": 0.8437425987884465, ""colsample_bytree"": 0.7589477723094264, ""min_child_weight"": 2, ""reg_alpha"": 0.5695617421754744, ""reg_lambda"": 1.9289337067364953}"
757,2026-06-05T14:56:55.480616+00:00,xgb,ranking_total,757,4970,7,1000,0.756697952747345,758,242,0.4975679814815521,"[""V176"", ""V255"", ""V191"", ""V160"", ""V215"", ""V380"", ""V342""]","{""n_estimators"": 296, ""learning_rate"": 0.058427704813068665, ""max_depth"": 8, ""subsample"": 0.6636033235910932, ""colsample_bytree"": 0.8524213326817848, ""min_child_weight"": 7, ""reg_alpha"": 0.5822103111247491, ""reg_lambda"": 1.4931429571765993}"
758,2026-06-05T14:57:28.766458+00:00,xgb,ranking_total,758,4735,7,999,0.8100945949554443,742,257,0.5000360608100891,"[""V176"", ""V255"", ""V191"", ""V160"", ""V215"", ""V380"", ""V342""]","{""n_estimators"": 390, ""learning_rate"": 0.1004565802079022, ""max_depth"": 8, ""subsample"": 0.7547349888932953, ""colsample_bytree"": 0.8566330108654954, ""min_child_weight"": 9, ""reg_alpha"": 0.6991272320377855, ""reg_lambda"": 1.3374803806894777}"
759,2026-06-05T14:57:47.257477+00:00,xgb,ranking_total,759,4915,6,1000,0.7715603113174438,741,259,0.5036316514015198,"[""V176"", ""V255"", ""V191"", ""V160"", ""V215"", ""V380""]","{""n_estimators"": 244, ""learning_rate"": 0.09596382793284458, ""max_depth"": 6, ""subsample"": 0.7381288941560147, ""colsample_bytree"": 0.7548531696865614, ""min_child_weight"": 1, ""reg_alpha"": 0.2563967916011243, ""reg_lambda"": 0.9974430383223285}"
760,2026-06-05T14:58:10.704309+00:00,xgb,ranking_total,760,5135,7,1000,0.738642156124115,769,231,0.5020462870597839,"[""V176"", ""V255"", ""V191"", ""V160"", ""V215"", ""V380"", ""V342""]","{""n_estimators"": 236, ""learning_rate"": 0.047541663194858655, ""max_depth"": 7, ""subsample"": 0.8928507414081801, ""colsample_bytree"": 0.7937341681792032, ""min_child_weight"": 1, ""reg_alpha"": 0.8840721222360721, ""reg_lambda"": 1.55646790134006}"
761,2026-06-05T14:58:17.769123+00:00,xgb,ranking_total,761,5240,5,999,0.6704257726669312,749,250,0.4967649281024933,"[""V176"", ""V255"", ""V191"", ""V160"", ""V215""]","{""n_estimators"": 112, ""learning_rate"": 0.048523494152078864, ""max_depth"": 5, ""subsample"": 0.8908817560178308, ""colsample_bytree"": 0.9956034142412533, ""min_child_weight"": 2, ""reg_alpha"": 0.214081951692763, ""reg_lambda"": 1.5570722808676065}"
762,2026-06-05T14:58:46.990167+00:00,xgb,ranking_total,762,4990,6,1000,0.7640467286109924,746,254,0.5015051960945129,"[""V176"", ""V255"", ""V191"", ""V160"", ""V215"", ""V380""]","{""n_estimators"": 385, ""learning_rate"": 0.06814510524692113, ""max_depth"": 7, ""subsample"": 0.888180601972848, ""colsample_bytree"": 0.7063703920674564, ""min_child_weight"": 6, ""reg_alpha"": 0.1304975903747918, ""reg_lambda"": 1.6364845607292369}"
763,2026-06-05T14:59:06.795311+00:00,xgb,ranking_total,763,4710,4,998,0.7625709772109985,700,298,0.49902108311653137,"[""V176"", ""V255"", ""V191"", ""V160""]","{""n_estimators"": 154, ""learning_rate"": 0.1341825648241911, ""max_depth"": 9, ""subsample"": 0.7956224500131971, ""colsample_bytree"": 0.5550456313041949, ""min_child_weight"": 1, ""reg_alpha"": 0.09218034549602361, ""reg_lambda"": 1.5838793447098583}"
764,2026-06-05T14:59:22.826494+00:00,xgb,ranking_total,764,4915,6,1000,0.7754049301147461,741,259,0.501927375793457,"[""V176"", ""V255"", ""V191"", ""V160"", ""V215"", ""V380""]","{""n_estimators"": 273, ""learning_rate"": 0.1485310254258199, ""max_depth"": 5, ""subsample"": 0.6349230182733334, ""colsample_bytree"": 0.9443435374586411, ""min_child_weight"": 6, ""reg_alpha"": 0.70510703949888, ""reg_lambda"": 1.101087311316014}"
765,2026-06-05T14:59:47.724617+00:00,xgb,ranking_total,765,4775,6,995,0.8126049041748047,730,265,0.5020780563354492,"[""V176"", ""V255"", ""V191"", ""V160"", ""V215"", ""V380""]","{""n_estimators"": 290, ""learning_rate"": 0.160656849768427, ""max_depth"": 8, ""subsample"": 0.9757513031803271, ""colsample_bytree"": 0.8432237309023219, ""min_child_weight"": 9, ""reg_alpha"": 0.6725402448740934, ""reg_lambda"": 0.5589671573538768}"
766,2026-06-05T14:59:59.521843+00:00,xgb,ranking_total,766,5200,6,1000,0.7225064039230347,760,240,0.4976314306259155,"[""V176"", ""V255"", ""V191"", ""V160"", ""V215"", ""V380""]","{""n_estimators"": 129, ""learning_rate"": 0.0848068893668688, ""max_depth"": 7, ""subsample"": 0.6451786198524225, ""colsample_bytree"": 0.9717816056110788, ""min_child_weight"": 4, ""reg_alpha"": 0.7095059215924622, ""reg_lambda"": 2.284244286076049}"
767,2026-06-05T15:00:22.751754+00:00,xgb,ranking_total,767,4960,6,1000,0.7651278972625732,744,256,0.5001358985900879,"[""V176"", ""V255"", ""V191"", ""V160"", ""V215"", ""V380""]","{""n_estimators"": 334, ""learning_rate"": 0.09338630827640496, ""max_depth"": 6, ""subsample"": 0.50651849339883, ""colsample_bytree"": 0.5484045534803339, ""min_child_weight"": 3, ""reg_alpha"": 0.495805930447604, ""reg_lambda"": 1.9090376347230147}"
768,2026-06-05T15:00:32.721913+00:00,xgb,ranking_total,768,5260,6,1000,0.6978935599327087,764,236,0.498154878616333,"[""V176"", ""V255"", ""V191"", ""V160"", ""V215"", ""V380""]","{""n_estimators"": 295, ""learning_rate"": 0.08549479813675015, ""max_depth"": 3, ""subsample"": 0.9382272109628522, ""colsample_bytree"": 0.6698104921989383, ""min_child_weight"": 9, ""reg_alpha"": 0.6542212708708877, ""reg_lambda"": 1.0915629332782355}"
769,2026-06-05T15:00:58.229377+00:00,xgb,ranking_total,769,4580,7,1000,0.8132616877555847,732,268,0.49831902980804443,"[""V176"", ""V255"", ""V191"", ""V160"", ""V215"", ""V380"", ""V342""]","{""n_estimators"": 226, ""learning_rate"": 0.12794867378718666, ""max_depth"": 9, ""subsample"": 0.5915277547912605, ""colsample_bytree"": 0.9435424555647693, ""min_child_weight"": 4, ""reg_alpha"": 0.5599579476735781, ""reg_lambda"": 1.5852555507766197}"
770,2026-06-05T15:01:22.305228+00:00,xgb,ranking_total,770,4930,7,999,0.8211368918418884,755,244,0.5021841526031494,"[""V176"", ""V255"", ""V191"", ""V160"", ""V215"", ""V380"", ""V342""]","{""n_estimators"": 320, ""learning_rate"": 0.11718489983279924, ""max_depth"": 6, ""subsample"": 0.5726410857813136, ""colsample_bytree"": 0.7033931351654574, ""min_child_weight"": 1, ""reg_alpha"": 0.0789588516521017, ""reg_lambda"": 1.1522618004879563}"
771,2026-06-05T15:01:33.795567+00:00,xgb,ranking_total,771,5055,5,997,0.7337583899497986,736,261,0.49797293543815613,"[""V176"", ""V255"", ""V191"", ""V160"", ""V215""]","{""n_estimators"": 124, ""learning_rate"": 0.12427584618413812, ""max_depth"": 8, ""subsample"": 0.9749088624401641, ""colsample_bytree"": 0.9085522501942063, ""min_child_weight"": 8, ""reg_alpha"": 0.617632450728735, ""reg_lambda"": 1.3850535078350459}"
772,2026-06-05T15:01:53.965343+00:00,xgb,ranking_total,772,5185,6,1000,0.7239643335342407,759,241,0.4984959363937378,"[""V176"", ""V255"", ""V191"", ""V160"", ""V215"", ""V380""]","{""n_estimators"": 382, ""learning_rate"": 0.05440149395323754, ""max_depth"": 5, ""subsample"": 0.695269324899783, ""colsample_bytree"": 0.9431277096516588, ""min_child_weight"": 9, ""reg_alpha"": 0.04642177882270948, ""reg_lambda"": 2.001272584809635}"
773,2026-06-05T15:02:07.913543+00:00,xgb,ranking_total,773,4985,7,1000,0.7665355801582336,759,241,0.5022607445716858,"[""V176"", ""V255"", ""V191"", ""V160"", ""V215"", ""V380"", ""V342""]","{""n_estimators"": 134, ""learning_rate"": 0.12689543375512502, ""max_depth"": 7, ""subsample"": 0.8795999884302745, ""colsample_bytree"": 0.8793426817977645, ""min_child_weight"": 1, ""reg_alpha"": 0.8216677995520697, ""reg_lambda"": 2.0927003540234472}"
774,2026-06-05T15:02:15.522430+00:00,xgb,ranking_total,774,5095,6,1000,0.7340971231460571,753,247,0.5008203387260437,"[""V176"", ""V255"", ""V191"", ""V160"", ""V215"", ""V380""]","{""n_estimators"": 125, ""learning_rate"": 0.13093945206183707, ""max_depth"": 5, ""subsample"": 0.5874359207142029, ""colsample_bytree"": 0.7872319224261766, ""min_child_weight"": 3, ""reg_alpha"": 0.30877470788603734, ""reg_lambda"": 0.9918376054127396}"
775,2026-06-05T15:02:31.288709+00:00,xgb,ranking_total,775,4880,7,1000,0.7666975259780884,752,248,0.4984362721443176,"[""V176"", ""V255"", ""V191"", ""V160"", ""V215"", ""V380"", ""V342""]","{""n_estimators"": 178, ""learning_rate"": 0.12083352097538312, ""max_depth"": 8, ""subsample"": 0.7768388446295151, ""colsample_bytree"": 0.565484779852947, ""min_child_weight"": 6, ""reg_alpha"": 0.49143082462986, ""reg_lambda"": 0.8004655969473597}"
776,2026-06-05T15:02:37.305732+00:00,xgb,ranking_total,776,5280,5,1000,0.66679847240448,752,248,0.49810776114463806,"[""V176"", ""V255"", ""V191"", ""V160"", ""V215""]","{""n_estimators"": 171, ""learning_rate"": 0.06702471519248786, ""max_depth"": 3, ""subsample"": 0.8772540702758304, ""colsample_bytree"": 0.6522178651210164, ""min_child_weight"": 3, ""reg_alpha"": 0.8977526397327452, ""reg_lambda"": 1.9067166550338486}"
777,2026-06-05T15:02:57.988750+00:00,xgb,ranking_total,777,5230,6,1000,0.7281934022903442,762,238,0.49676772952079773,"[""V176"", ""V255"", ""V191"", ""V160"", ""V215"", ""V380""]","{""n_estimators"": 315, ""learning_rate"": 0.051463859628501266, ""max_depth"": 6, ""subsample"": 0.6182911202227616, ""colsample_bytree"": 0.6818395974639431, ""min_child_weight"": 6, ""reg_alpha"": 0.492342622826067, ""reg_lambda"": 0.9522271922185521}"
778,2026-06-05T15:03:19.015361+00:00,xgb,ranking_total,778,4740,6,999,0.7719197869300842,729,270,0.4996981918811798,"[""V176"", ""V255"", ""V191"", ""V160"", ""V215"", ""V380""]","{""n_estimators"": 203, ""learning_rate"": 0.12696746316070473, ""max_depth"": 9, ""subsample"": 0.531018207357281, ""colsample_bytree"": 0.7299301708044844, ""min_child_weight"": 5, ""reg_alpha"": 0.9269970477498947, ""reg_lambda"": 1.9539779686381402}"
779,2026-06-05T15:03:47.383152+00:00,xgb,ranking_total,779,4735,6,1000,0.7962039113044739,729,271,0.4971701204776764,"[""V176"", ""V255"", ""V191"", ""V160"", ""V215"", ""V380""]","{""n_estimators"": 384, ""learning_rate"": 0.11965639360775938, ""max_depth"": 7, ""subsample"": 0.7988818056105949, ""colsample_bytree"": 0.8331016131698972, ""min_child_weight"": 9, ""reg_alpha"": 0.1977809385673669, ""reg_lambda"": 1.0654924157202224}"
780,2026-06-05T15:04:15.145674+00:00,xgb,ranking_total,780,4825,7,999,0.8109580278396606,748,251,0.5007150173187256,"[""V176"", ""V255"", ""V191"", ""V160"", ""V215"", ""V380"", ""V342""]","{""n_estimators"": 374, ""learning_rate"": 0.15414994879357222, ""max_depth"": 7, ""subsample"": 0.9622841576624686, ""colsample_bytree"": 0.6568451764705066, ""min_child_weight"": 9, ""reg_alpha"": 0.9884600679657193, ""reg_lambda"": 2.0552497196348947}"
781,2026-06-05T15:04:32.512469+00:00,xgb,ranking_total,781,4790,7,997,0.7967082262039185,745,252,0.49949657917022705,"[""V176"", ""V255"", ""V191"", ""V160"", ""V215"", ""V380"", ""V342""]","{""n_estimators"": 313, ""learning_rate"": 0.14982726845614264, ""max_depth"": 5, ""subsample"": 0.6425580209040537, ""colsample_bytree"": 0.8934757121247465, ""min_child_weight"": 7, ""reg_alpha"": 0.2556512743660663, ""reg_lambda"": 0.9091036331162823}"
782,2026-06-05T15:04:45.329555+00:00,xgb,ranking_total,782,5290,5,995,0.688106119632721,751,244,0.49755722284317017,"[""V176"", ""V255"", ""V191"", ""V160"", ""V215""]","{""n_estimators"": 376, ""learning_rate"": 0.05609607298291752, ""max_depth"": 3, ""subsample"": 0.7907627212889208, ""colsample_bytree"": 0.8438741058321171, ""min_child_weight"": 5, ""reg_alpha"": 0.5896825041732242, ""reg_lambda"": 0.6592909405522456}"
783,2026-06-05T15:04:49.587085+00:00,xgb,ranking_total,783,5375,5,999,0.6872611045837402,758,241,0.4959820806980133,"[""V176"", ""V255"", ""V191"", ""V160"", ""V215""]","{""n_estimators"": 110, ""learning_rate"": 0.16933764628689615, ""max_depth"": 3, ""subsample"": 0.7718207566196076, ""colsample_bytree"": 0.8142181476506227, ""min_child_weight"": 4, ""reg_alpha"": 0.7940596785093214, ""reg_lambda"": 1.5114973069044229}"
784,2026-06-05T15:05:01.915938+00:00,xgb,ranking_total,784,5315,5,996,0.6678900718688965,753,243,0.4958389699459076,"[""V176"", ""V255"", ""V191"", ""V160"", ""V215""]","{""n_estimators"": 118, ""learning_rate"": 0.03725313225705161, ""max_depth"": 9, ""subsample"": 0.7729943208473373, ""colsample_bytree"": 0.6770950009761456, ""min_child_weight"": 7, ""reg_alpha"": 0.5926068827631354, ""reg_lambda"": 0.727193878236412}"
785,2026-06-05T15:05:26.503951+00:00,xgb,ranking_total,785,4495,6,1000,0.7905303239822388,713,287,0.49788808822631836,"[""V176"", ""V255"", ""V191"", ""V160"", ""V215"", ""V380""]","{""n_estimators"": 249, ""learning_rate"": 0.1537248702605843, ""max_depth"": 9, ""subsample"": 0.5299233281217012, ""colsample_bytree"": 0.999380619175912, ""min_child_weight"": 7, ""reg_alpha"": 0.869403601946963, ""reg_lambda"": 1.7427770785260994}"
786,2026-06-05T15:05:52.549117+00:00,xgb,ranking_total,786,4790,7,1000,0.8298464417457581,746,254,0.5010131001472473,"[""V176"", ""V255"", ""V191"", ""V160"", ""V215"", ""V380"", ""V342""]","{""n_estimators"": 316, ""learning_rate"": 0.1308432432226474, ""max_depth"": 7, ""subsample"": 0.7348922286937101, ""colsample_bytree"": 0.9277634826180503, ""min_child_weight"": 5, ""reg_alpha"": 0.1787336262916417, ""reg_lambda"": 1.8900063988379847}"
787,2026-06-05T15:06:16.831389+00:00,xgb,ranking_total,787,5335,7,999,0.7379696369171143,782,217,0.5001559257507324,"[""V176"", ""V255"", ""V191"", ""V160"", ""V215"", ""V380"", ""V342""]","{""n_estimators"": 386, ""learning_rate"": 0.046295589105164736, ""max_depth"": 6, ""subsample"": 0.9469594475620631, ""colsample_bytree"": 0.6933449018254587, ""min_child_weight"": 7, ""reg_alpha"": 0.29579432365474, ""reg_lambda"": 1.3961626645411878}"
788,2026-06-05T15:06:26.272800+00:00,xgb,ranking_total,788,5160,5,1000,0.6703739762306213,744,256,0.49691957235336304,"[""V176"", ""V255"", ""V191"", ""V160"", ""V215""]","{""n_estimators"": 145, ""learning_rate"": 0.052190209867640946, ""max_depth"": 6, ""subsample"": 0.982006496591106, ""colsample_bytree"": 0.5485423475723823, ""min_child_weight"": 8, ""reg_alpha"": 0.13612390667901542, ""reg_lambda"": 1.6800081127096398}"
789,2026-06-05T15:06:34.153591+00:00,xgb,ranking_total,789,5225,5,999,0.6704083681106567,748,251,0.497087687253952,"[""V176"", ""V255"", ""V191"", ""V160"", ""V215""]","{""n_estimators"": 182, ""learning_rate"": 0.04849887015898041, ""max_depth"": 4, ""subsample"": 0.810204907836358, ""colsample_bytree"": 0.6000696643356616, ""min_child_weight"": 8, ""reg_alpha"": 0.8080338599445401, ""reg_lambda"": 0.5770298396742015}"
790,2026-06-05T15:06:42.902818+00:00,xgb,ranking_total,790,5255,7,997,0.6888428926467896,776,221,0.49754613637924194,"[""V176"", ""V255"", ""V191"", ""V160"", ""V215"", ""V380"", ""V342""]","{""n_estimators"": 151, ""learning_rate"": 0.049860707480736566, ""max_depth"": 5, ""subsample"": 0.8968894348861143, ""colsample_bytree"": 0.8122098403559737, ""min_child_weight"": 5, ""reg_alpha"": 0.7370499056494675, ""reg_lambda"": 0.602014497080744}"
791,2026-06-05T15:06:57.511429+00:00,xgb,ranking_total,791,5195,7,1000,0.78385329246521,773,227,0.5014395713806152,"[""V176"", ""V255"", ""V191"", ""V160"", ""V215"", ""V380"", ""V342""]","{""n_estimators"": 340, ""learning_rate"": 0.13371151068462428, ""max_depth"": 4, ""subsample"": 0.9362727435512272, ""colsample_bytree"": 0.8081481697129443, ""min_child_weight"": 2, ""reg_alpha"": 0.1352345565626364, ""reg_lambda"": 0.6093986269194105}"
792,2026-06-05T15:07:18.697643+00:00,xgb,ranking_total,792,4885,6,1000,0.8238494992256165,739,261,0.5011975169181824,"[""V176"", ""V255"", ""V191"", ""V160"", ""V215"", ""V380""]","{""n_estimators"": 352, ""learning_rate"": 0.17657708750609147, ""max_depth"": 5, ""subsample"": 0.7529965164679042, ""colsample_bytree"": 0.7039208323693525, ""min_child_weight"": 1, ""reg_alpha"": 0.7749605923383189, ""reg_lambda"": 0.7623564641255496}"
793,2026-06-05T15:07:31.141466+00:00,xgb,ranking_total,793,5250,6,999,0.7073785066604614,763,236,0.49737441539764404,"[""V176"", ""V255"", ""V191"", ""V160"", ""V215"", ""V380""]","{""n_estimators"": 225, ""learning_rate"": 0.048775598831193444, ""max_depth"": 5, ""subsample"": 0.6107756971623303, ""colsample_bytree"": 0.9420280048970457, ""min_child_weight"": 7, ""reg_alpha"": 0.053162631621438194, ""reg_lambda"": 0.5769874349569029}"
794,2026-06-05T15:07:53.274580+00:00,xgb,ranking_total,794,5090,7,1000,0.7643824219703674,766,234,0.4989702105522156,"[""V176"", ""V255"", ""V191"", ""V160"", ""V215"", ""V380"", ""V342""]","{""n_estimators"": 225, ""learning_rate"": 0.09193026742814239, ""max_depth"": 7, ""subsample"": 0.6327513841064583, ""colsample_bytree"": 0.679156605611482, ""min_child_weight"": 1, ""reg_alpha"": 0.7598444499237968, ""reg_lambda"": 2.4905293436877494}"
795,2026-06-05T15:08:05.950120+00:00,xgb,ranking_total,795,5230,7,999,0.7233602404594421,775,224,0.4983680546283722,"[""V176"", ""V255"", ""V191"", ""V160"", ""V215"", ""V380"", ""V342""]","{""n_estimators"": 279, ""learning_rate"": 0.06243788926698828, ""max_depth"": 4, ""subsample"": 0.7890864710680237, ""colsample_bytree"": 0.9138550596857102, ""min_child_weight"": 4, ""reg_alpha"": 0.7476653334841531, ""reg_lambda"": 0.8664646023565532}"
796,2026-06-05T15:08:41.618247+00:00,xgb,ranking_total,796,4690,7,999,0.7928022146224976,739,260,0.49884310364723206,"[""V176"", ""V255"", ""V191"", ""V160"", ""V215"", ""V380"", ""V342""]","{""n_estimators"": 392, ""learning_rate"": 0.10212531615367833, ""max_depth"": 9, ""subsample"": 0.6482218742469327, ""colsample_bytree"": 0.6110134083168094, ""min_child_weight"": 9, ""reg_alpha"": 0.644713087835808, ""reg_lambda"": 2.1950613496362146}"
797,2026-06-05T15:09:17.949836+00:00,xgb,ranking_total,797,4940,7,1000,0.8309741020202637,756,244,0.4992230534553528,"[""V176"", ""V255"", ""V191"", ""V160"", ""V215"", ""V380"", ""V342""]","{""n_estimators"": 330, ""learning_rate"": 0.08148051214167434, ""max_depth"": 9, ""subsample"": 0.6898269963642113, ""colsample_bytree"": 0.7180731394329398, ""min_child_weight"": 3, ""reg_alpha"": 0.27281549156914964, ""reg_lambda"": 0.8222477888080695}"
798,2026-06-05T15:09:23.765377+00:00,xgb,ranking_total,798,5355,5,1000,0.6859434843063354,757,243,0.4973841905593872,"[""V176"", ""V255"", ""V191"", ""V160"", ""V215""]","{""n_estimators"": 162, ""learning_rate"": 0.1372351234536729, ""max_depth"": 3, ""subsample"": 0.9036098465091774, ""colsample_bytree"": 0.7314473685619884, ""min_child_weight"": 8, ""reg_alpha"": 0.39807569729508707, ""reg_lambda"": 1.5319860791426492}"
799,2026-06-05T15:09:49.815492+00:00,xgb,ranking_total,799,5005,6,1000,0.7948077321052551,747,253,0.5029512643814087,"[""V176"", ""V255"", ""V191"", ""V160"", ""V215"", ""V380""]","{""n_estimators"": 284, ""learning_rate"": 0.09282555103034335, ""max_depth"": 7, ""subsample"": 0.8448141366087356, ""colsample_bytree"": 0.9604141495671705, ""min_child_weight"": 2, ""reg_alpha"": 0.08888046034075814, ""reg_lambda"": 1.17605738706176}"
800,2026-06-05T15:09:56.160126+00:00,xgb,ranking_total,800,5340,5,1000,0.6785253882408142,756,244,0.4976683557033539,"[""V176"", ""V255"", ""V191"", ""V160"", ""V215""]","{""n_estimators"": 139, ""learning_rate"": 0.07194015069930274, ""max_depth"": 4, ""subsample"": 0.5360257861433118, ""colsample_bytree"": 0.6198542186333016, ""min_child_weight"": 6, ""reg_alpha"": 0.22771967231137413, ""reg_lambda"": 2.4070342402266767}"
801,2026-06-05T15:10:25.473595+00:00,xgb,ranking_total,801,4835,7,1000,0.851514995098114,749,251,0.4997156262397766,"[""V176"", ""V255"", ""V191"", ""V160"", ""V215"", ""V380"", ""V342""]","{""n_estimators"": 311, ""learning_rate"": 0.15421397382731847, ""max_depth"": 7, ""subsample"": 0.8540806482971977, ""colsample_bytree"": 0.9788006200864926, ""min_child_weight"": 2, ""reg_alpha"": 0.4942708528525763, ""reg_lambda"": 1.4409698860207605}"
802,2026-06-05T15:11:11.513046+00:00,xgb,ranking_total,802,4845,7,998,0.8701518774032593,749,249,0.49563148617744446,"[""V176"", ""V255"", ""V191"", ""V160"", ""V215"", ""V380"", ""V342""]","{""n_estimators"": 374, ""learning_rate"": 0.12261847916101797, ""max_depth"": 9, ""subsample"": 0.7692670987012717, ""colsample_bytree"": 0.5951679025705995, ""min_child_weight"": 1, ""reg_alpha"": 0.5650492061813689, ""reg_lambda"": 0.5879048663679849}"
803,2026-06-05T15:11:35.080228+00:00,xgb,ranking_total,803,4840,6,1000,0.8236974477767944,736,264,0.5037676692008972,"[""V176"", ""V255"", ""V191"", ""V160"", ""V215"", ""V380""]","{""n_estimators"": 292, ""learning_rate"": 0.1353329693677191, ""max_depth"": 7, ""subsample"": 0.9135425128238909, ""colsample_bytree"": 0.9471176072637317, ""min_child_weight"": 4, ""reg_alpha"": 0.22281904123580687, ""reg_lambda"": 0.7380716167044747}"
804,2026-06-05T15:11:42.149693+00:00,xgb,ranking_total,804,5120,7,1000,0.733794093132019,768,232,0.497546523809433,"[""V176"", ""V255"", ""V191"", ""V160"", ""V215"", ""V380"", ""V342""]","{""n_estimators"": 161, ""learning_rate"": 0.17653258538769, ""max_depth"": 4, ""subsample"": 0.9195341883887994, ""colsample_bytree"": 0.5622553439157465, ""min_child_weight"": 8, ""reg_alpha"": 0.3570118503554953, ""reg_lambda"": 2.0708527010595725}"
805,2026-06-05T15:11:59.007416+00:00,xgb,ranking_total,805,5105,7,997,0.7345659136772156,766,231,0.4992157220840454,"[""V176"", ""V255"", ""V191"", ""V160"", ""V215"", ""V380"", ""V342""]","{""n_estimators"": 292, ""learning_rate"": 0.06431517878442508, ""max_depth"": 5, ""subsample"": 0.5822162720732742, ""colsample_bytree"": 0.9772393384216178, ""min_child_weight"": 5, ""reg_alpha"": 0.41139161751757414, ""reg_lambda"": 2.241434475679789}"
806,2026-06-05T15:12:11.076380+00:00,xgb,ranking_total,806,4930,6,1000,0.7645647525787354,742,258,0.5015067458152771,"[""V176"", ""V255"", ""V191"", ""V160"", ""V215"", ""V380""]","{""n_estimators"": 172, ""learning_rate"": 0.1591426918877401, ""max_depth"": 6, ""subsample"": 0.702417270001046, ""colsample_bytree"": 0.580109133736141, ""min_child_weight"": 3, ""reg_alpha"": 0.16181704493438875, ""reg_lambda"": 1.6122219111002387}"
807,2026-06-05T15:12:18.571287+00:00,xgb,ranking_total,807,5030,4,1000,0.7001248002052307,722,278,0.4974474608898163,"[""V176"", ""V255"", ""V191"", ""V160""]","{""n_estimators"": 125, ""learning_rate"": 0.14465702165861125, ""max_depth"": 5, ""subsample"": 0.7390806421861189, ""colsample_bytree"": 0.9364627664313576, ""min_child_weight"": 4, ""reg_alpha"": 0.21145342236856446, ""reg_lambda"": 1.9095507122906399}"
808,2026-06-05T15:12:30.471213+00:00,xgb,ranking_total,808,5295,5,1000,0.6828033328056335,753,247,0.4978729486465454,"[""V176"", ""V255"", ""V191"", ""V160"", ""V215""]","{""n_estimators"": 215, ""learning_rate"": 0.05168146321802079, ""max_depth"": 5, ""subsample"": 0.533426881772981, ""colsample_bytree"": 0.5688637345361403, ""min_child_weight"": 3, ""reg_alpha"": 0.16113643837831704, ""reg_lambda"": 1.117292874263099}"
809,2026-06-05T15:12:44.842385+00:00,xgb,ranking_total,809,5285,5,999,0.7013484239578247,752,247,0.4987891614437103,"[""V176"", ""V255"", ""V191"", ""V160"", ""V215""]","{""n_estimators"": 345, ""learning_rate"": 0.06242509271816905, ""max_depth"": 4, ""subsample"": 0.8483142649984292, ""colsample_bytree"": 0.7508993249435814, ""min_child_weight"": 6, ""reg_alpha"": 0.020346712578096282, ""reg_lambda"": 2.1308455353369165}"
810,2026-06-05T15:12:55.763624+00:00,xgb,ranking_total,810,5255,7,1000,0.7300112843513489,777,223,0.49806562066078186,"[""V176"", ""V255"", ""V191"", ""V160"", ""V215"", ""V380"", ""V342""]","{""n_estimators"": 197, ""learning_rate"": 0.07335012645339999, ""max_depth"": 5, ""subsample"": 0.6055767078962897, ""colsample_bytree"": 0.7927047805014813, ""min_child_weight"": 4, ""reg_alpha"": 0.04420431445642492, ""reg_lambda"": 2.1780148615066963}"
811,2026-06-05T15:13:13.967614+00:00,xgb,ranking_total,811,4430,4,1000,0.7537677884101868,682,318,0.500231146812439,"[""V176"", ""V255"", ""V191"", ""V160""]","{""n_estimators"": 230, ""learning_rate"": 0.17423903028298113, ""max_depth"": 7, ""subsample"": 0.5930642541696118, ""colsample_bytree"": 0.8977672931130116, ""min_child_weight"": 9, ""reg_alpha"": 0.9157729209302069, ""reg_lambda"": 0.7462421224900608}"
812,2026-06-05T15:13:26.607525+00:00,xgb,ranking_total,812,5295,5,1000,0.7089748382568359,753,247,0.4985961318016052,"[""V176"", ""V255"", ""V191"", ""V160"", ""V215""]","{""n_estimators"": 385, ""learning_rate"": 0.10745252948482838, ""max_depth"": 3, ""subsample"": 0.9247958820831149, ""colsample_bytree"": 0.7521821044327686, ""min_child_weight"": 5, ""reg_alpha"": 0.07436230946021272, ""reg_lambda"": 2.418739526619154}"
813,2026-06-05T15:13:38.862456+00:00,xgb,ranking_total,813,5015,6,998,0.738814115524292,747,251,0.5007708072662354,"[""V176"", ""V255"", ""V191"", ""V160"", ""V215"", ""V380""]","{""n_estimators"": 180, ""learning_rate"": 0.10229948430227545, ""max_depth"": 6, ""subsample"": 0.6632958543917488, ""colsample_bytree"": 0.7967250111256667, ""min_child_weight"": 5, ""reg_alpha"": 0.3867349120878376, ""reg_lambda"": 2.046487643652118}"
814,2026-06-05T15:13:48.876816+00:00,xgb,ranking_total,814,4660,6,1000,0.7617735862731934,724,276,0.5008617639541626,"[""V176"", ""V255"", ""V191"", ""V160"", ""V215"", ""V380""]","{""n_estimators"": 155, ""learning_rate"": 0.17896548747743599, ""max_depth"": 6, ""subsample"": 0.6292424120575849, ""colsample_bytree"": 0.5031494024365317, ""min_child_weight"": 5, ""reg_alpha"": 0.46342272843369237, ""reg_lambda"": 0.7978172661293206}"
815,2026-06-05T15:14:06.493127+00:00,xgb,ranking_total,815,5175,5,997,0.6991478800773621,744,253,0.4998193383216858,"[""V176"", ""V255"", ""V191"", ""V160"", ""V215""]","{""n_estimators"": 265, ""learning_rate"": 0.0354994412101562, ""max_depth"": 6, ""subsample"": 0.944169248068536, ""colsample_bytree"": 0.6520774413086766, ""min_child_weight"": 3, ""reg_alpha"": 0.06291315138764231, ""reg_lambda"": 1.1843388672438697}"
816,2026-06-05T15:14:29.919780+00:00,xgb,ranking_total,816,4490,7,1000,0.8059922456741333,726,274,0.49597567319869995,"[""V176"", ""V255"", ""V191"", ""V160"", ""V215"", ""V380"", ""V342""]","{""n_estimators"": 312, ""learning_rate"": 0.17325524305329018, ""max_depth"": 7, ""subsample"": 0.5034491030374275, ""colsample_bytree"": 0.699102391939191, ""min_child_weight"": 8, ""reg_alpha"": 0.39593724061058455, ""reg_lambda"": 2.2083821002077224}"
817,2026-06-05T15:14:51.506034+00:00,xgb,ranking_total,817,4865,7,1000,0.7679771780967712,751,249,0.5028069615364075,"[""V176"", ""V255"", ""V191"", ""V160"", ""V215"", ""V380"", ""V342""]","{""n_estimators"": 184, ""learning_rate"": 0.08847389457890248, ""max_depth"": 8, ""subsample"": 0.9329223831879766, ""colsample_bytree"": 0.6577624442272338, ""min_child_weight"": 1, ""reg_alpha"": 0.8314641391893813, ""reg_lambda"": 1.085784517765806}"
818,2026-06-05T15:15:24.361642+00:00,xgb,ranking_total,818,4825,7,999,0.7800476551055908,748,251,0.49936404824256897,"[""V176"", ""V255"", ""V191"", ""V160"", ""V215"", ""V380"", ""V342""]","{""n_estimators"": 363, ""learning_rate"": 0.06894443242821491, ""max_depth"": 8, ""subsample"": 0.5644258480660154, ""colsample_bytree"": 0.6221236573575291, ""min_child_weight"": 4, ""reg_alpha"": 0.045543921264971976, ""reg_lambda"": 2.1861648199678925}"
819,2026-06-05T15:15:59.354788+00:00,xgb,ranking_total,819,4705,7,999,0.8632215857505798,740,259,0.4999094605445862,"[""V176"", ""V255"", ""V191"", ""V160"", ""V215"", ""V380"", ""V342""]","{""n_estimators"": 259, ""learning_rate"": 0.1742196842852761, ""max_depth"": 9, ""subsample"": 0.8929306403633028, ""colsample_bytree"": 0.8120937602247376, ""min_child_weight"": 1, ""reg_alpha"": 0.42028133205822504, ""reg_lambda"": 2.497537481304322}"
820,2026-06-05T15:16:29.993162+00:00,xgb,ranking_total,820,4560,6,999,0.8341447710990906,717,282,0.5005687475204468,"[""V176"", ""V255"", ""V191"", ""V160"", ""V215"", ""V380""]","{""n_estimators"": 296, ""learning_rate"": 0.13730104281469363, ""max_depth"": 7, ""subsample"": 0.626361694855158, ""colsample_bytree"": 0.9599744765809766, ""min_child_weight"": 1, ""reg_alpha"": 0.5551757504834697, ""reg_lambda"": 2.31107332088815}"
821,2026-06-05T15:16:42.058233+00:00,xgb,ranking_total,821,5290,6,1000,0.6930134892463684,766,234,0.4969409108161926,"[""V176"", ""V255"", ""V191"", ""V160"", ""V215"", ""V380""]","{""n_estimators"": 277, ""learning_rate"": 0.04001539592208849, ""max_depth"": 4, ""subsample"": 0.7620387687487633, ""colsample_bytree"": 0.8866528758219752, ""min_child_weight"": 3, ""reg_alpha"": 0.6842364191989136, ""reg_lambda"": 1.9293810683319983}"
822,2026-06-05T15:16:53.226139+00:00,xgb,ranking_total,822,5060,6,998,0.7410367131233215,750,248,0.4978151321411133,"[""V176"", ""V255"", ""V191"", ""V160"", ""V215"", ""V380""]","{""n_estimators"": 339, ""learning_rate"": 0.17048701312872805, ""max_depth"": 3, ""subsample"": 0.8675336133737974, ""colsample_bytree"": 0.8974067281379265, ""min_child_weight"": 6, ""reg_alpha"": 0.26367666547339486, ""reg_lambda"": 0.6586498030096664}"
823,2026-06-05T15:17:22.790350+00:00,xgb,ranking_total,823,4985,7,1000,0.7908257842063904,759,241,0.5016965270042419,"[""V176"", ""V255"", ""V191"", ""V160"", ""V215"", ""V380"", ""V342""]","{""n_estimators"": 394, ""learning_rate"": 0.08460623421745743, ""max_depth"": 6, ""subsample"": 0.9628618412955978, ""colsample_bytree"": 0.8107008635596273, ""min_child_weight"": 1, ""reg_alpha"": 0.9809524846574217, ""reg_lambda"": 2.011233792070559}"
824,2026-06-05T15:18:01.177687+00:00,xgb,ranking_total,824,4685,6,998,0.8213099241256714,725,273,0.5021393299102783,"[""V176"", ""V255"", ""V191"", ""V160"", ""V215"", ""V380""]","{""n_estimators"": 316, ""learning_rate"": 0.1131570185234866, ""max_depth"": 8, ""subsample"": 0.9739064923342622, ""colsample_bytree"": 0.9454524019144215, ""min_child_weight"": 1, ""reg_alpha"": 0.95669046210635, ""reg_lambda"": 1.495248093514853}"
825,2026-06-05T15:18:22.029202+00:00,xgb,ranking_total,825,5140,7,999,0.7483818531036377,769,230,0.5000224113464355,"[""V176"", ""V255"", ""V191"", ""V160"", ""V215"", ""V380"", ""V342""]","{""n_estimators"": 337, ""learning_rate"": 0.06653286022162105, ""max_depth"": 6, ""subsample"": 0.9686399217468697, ""colsample_bytree"": 0.5976244685457228, ""min_child_weight"": 5, ""reg_alpha"": 0.11541298801521072, ""reg_lambda"": 2.4521958080717754}"
826,2026-06-05T15:18:41.649291+00:00,xgb,ranking_total,826,4660,6,1000,0.7948418259620667,724,276,0.5008012056350708,"[""V176"", ""V255"", ""V191"", ""V160"", ""V215"", ""V380""]","{""n_estimators"": 359, ""learning_rate"": 0.16365324554769406, ""max_depth"": 5, ""subsample"": 0.8070443691404383, ""colsample_bytree"": 0.9225907826761205, ""min_child_weight"": 8, ""reg_alpha"": 0.6094039917417716, ""reg_lambda"": 0.8242894793448285}"
827,2026-06-05T15:18:52.105201+00:00,xgb,ranking_total,827,5345,5,999,0.6923767328262329,756,243,0.49773380160331726,"[""V176"", ""V255"", ""V191"", ""V160"", ""V215""]","{""n_estimators"": 149, ""learning_rate"": 0.045652145234940975, ""max_depth"": 6, ""subsample"": 0.7173372064336159, ""colsample_bytree"": 0.8165702253890306, ""min_child_weight"": 4, ""reg_alpha"": 0.44316143618111126, ""reg_lambda"": 0.7562060425866381}"
828,2026-06-05T15:19:15.339014+00:00,xgb,ranking_total,828,4880,7,1000,0.776913583278656,752,248,0.5038433074951172,"[""V176"", ""V255"", ""V191"", ""V160"", ""V215"", ""V380"", ""V342""]","{""n_estimators"": 237, ""learning_rate"": 0.08757702878330698, ""max_depth"": 8, ""subsample"": 0.8939447557594633, ""colsample_bytree"": 0.5318252545114591, ""min_child_weight"": 2, ""reg_alpha"": 0.2774773903813905, ""reg_lambda"": 1.7360304243861324}"
829,2026-06-05T15:19:46.724241+00:00,xgb,ranking_total,829,4665,5,1000,0.7891615629196167,711,289,0.49810418486595154,"[""V176"", ""V255"", ""V191"", ""V160"", ""V215""]","{""n_estimators"": 389, ""learning_rate"": 0.12652208116184796, ""max_depth"": 7, ""subsample"": 0.5892872920163534, ""colsample_bytree"": 0.8517746782205647, ""min_child_weight"": 6, ""reg_alpha"": 0.7903066656616562, ""reg_lambda"": 1.9566820144188468}"
830,2026-06-05T15:20:08.202903+00:00,xgb,ranking_total,830,5275,6,1000,0.7170469760894775,765,235,0.4986841380596161,"[""V176"", ""V255"", ""V191"", ""V160"", ""V215"", ""V380""]","{""n_estimators"": 388, ""learning_rate"": 0.038872887265708075, ""max_depth"": 5, ""subsample"": 0.6955555300054462, ""colsample_bytree"": 0.9287765008209137, ""min_child_weight"": 6, ""reg_alpha"": 0.409095147913877, ""reg_lambda"": 0.9607071243559195}"
831,2026-06-05T15:20:21.579941+00:00,xgb,ranking_total,831,4940,7,1000,0.7945769429206848,756,244,0.5039072036743164,"[""V176"", ""V255"", ""V191"", ""V160"", ""V215"", ""V380"", ""V342""]","{""n_estimators"": 176, ""learning_rate"": 0.12443566423306492, ""max_depth"": 6, ""subsample"": 0.8159046216874162, ""colsample_bytree"": 0.9869635097768681, ""min_child_weight"": 1, ""reg_alpha"": 0.1410231792947758, ""reg_lambda"": 1.011279934507602}"
832,2026-06-05T15:20:29.900021+00:00,xgb,ranking_total,832,5310,5,1000,0.6637903451919556,754,246,0.49680665135383606,"[""V176"", ""V255"", ""V191"", ""V160"", ""V215""]","{""n_estimators"": 190, ""learning_rate"": 0.037830428039931634, ""max_depth"": 4, ""subsample"": 0.7914916936254315, ""colsample_bytree"": 0.6252327812103375, ""min_child_weight"": 1, ""reg_alpha"": 0.9526600572672259, ""reg_lambda"": 1.2830799008225138}"
833,2026-06-05T15:20:38.636734+00:00,xgb,ranking_total,833,5245,6,1000,0.6802813410758972,763,237,0.49680131673812866,"[""V176"", ""V255"", ""V191"", ""V160"", ""V215"", ""V380""]","{""n_estimators"": 189, ""learning_rate"": 0.045015492050660424, ""max_depth"": 4, ""subsample"": 0.6230352164772847, ""colsample_bytree"": 0.9235930801869113, ""min_child_weight"": 5, ""reg_alpha"": 0.5198266220749587, ""reg_lambda"": 1.7644283107899925}"
834,2026-06-05T15:20:47.025487+00:00,xgb,ranking_total,834,4935,5,997,0.7247430086135864,728,269,0.49641045928001404,"[""V176"", ""V255"", ""V191"", ""V160"", ""V215""]","{""n_estimators"": 124, ""learning_rate"": 0.157269343678086, ""max_depth"": 6, ""subsample"": 0.6019472803547736, ""colsample_bytree"": 0.6336955625257638, ""min_child_weight"": 5, ""reg_alpha"": 0.27113976359440284, ""reg_lambda"": 2.4863127073243003}"
835,2026-06-05T15:20:57.738489+00:00,xgb,ranking_total,835,5120,6,998,0.7205583453178406,754,244,0.498841792345047,"[""V176"", ""V255"", ""V191"", ""V160"", ""V215"", ""V380""]","{""n_estimators"": 128, ""learning_rate"": 0.0954113823957816, ""max_depth"": 8, ""subsample"": 0.8015092077336932, ""colsample_bytree"": 0.6229317702915005, ""min_child_weight"": 8, ""reg_alpha"": 0.016660387558526835, ""reg_lambda"": 1.5029695154809455}"
836,2026-06-05T15:21:06.607109+00:00,xgb,ranking_total,836,5345,7,1000,0.7290768027305603,783,217,0.49939730763435364,"[""V176"", ""V255"", ""V191"", ""V160"", ""V215"", ""V380"", ""V342""]","{""n_estimators"": 193, ""learning_rate"": 0.10479198040111935, ""max_depth"": 4, ""subsample"": 0.6303356183255465, ""colsample_bytree"": 0.8549424182821604, ""min_child_weight"": 5, ""reg_alpha"": 0.7059295135112574, ""reg_lambda"": 0.7918822000745713}"
837,2026-06-05T15:21:28.371009+00:00,xgb,ranking_total,837,5000,7,1000,0.7825284600257874,760,240,0.50099778175354,"[""V176"", ""V255"", ""V191"", ""V160"", ""V215"", ""V380"", ""V342""]","{""n_estimators"": 379, ""learning_rate"": 0.08798394772805473, ""max_depth"": 5, ""subsample"": 0.603558626992456, ""colsample_bytree"": 0.9864666059119348, ""min_child_weight"": 4, ""reg_alpha"": 0.1942511976080532, ""reg_lambda"": 0.9984717221523156}"
838,2026-06-05T15:21:56.524455+00:00,xgb,ranking_total,838,5015,5,999,0.7402746677398682,734,265,0.4991762638092041,"[""V176"", ""V255"", ""V191"", ""V160"", ""V215""]","{""n_estimators"": 212, ""learning_rate"": 0.05127605460967706, ""max_depth"": 9, ""subsample"": 0.8089965941965709, ""colsample_bytree"": 0.921959344958255, ""min_child_weight"": 2, ""reg_alpha"": 0.48938702125805755, ""reg_lambda"": 1.7791887309663135}"
839,2026-06-05T15:22:07.816863+00:00,xgb,ranking_total,839,5110,5,995,0.7319661974906921,739,256,0.5003710389137268,"[""V176"", ""V255"", ""V191"", ""V160"", ""V215""]","{""n_estimators"": 193, ""learning_rate"": 0.11929470729844184, ""max_depth"": 5, ""subsample"": 0.9002828830162117, ""colsample_bytree"": 0.9257510791338303, ""min_child_weight"": 2, ""reg_alpha"": 0.7345384685768651, ""reg_lambda"": 2.3731875604016457}"
840,2026-06-05T15:22:30.966782+00:00,xgb,ranking_total,840,4880,7,1000,0.8414364457130432,752,248,0.5009777545928955,"[""V176"", ""V255"", ""V191"", ""V160"", ""V215"", ""V380"", ""V342""]","{""n_estimators"": 320, ""learning_rate"": 0.13678883313607643, ""max_depth"": 6, ""subsample"": 0.5961065684892485, ""colsample_bytree"": 0.8006042399358746, ""min_child_weight"": 2, ""reg_alpha"": 0.4945936580665292, ""reg_lambda"": 0.5602762255261524}"
841,2026-06-05T15:22:38.756589+00:00,xgb,ranking_total,841,5295,5,997,0.674805223941803,752,245,0.497390478849411,"[""V176"", ""V255"", ""V191"", ""V160"", ""V215""]","{""n_estimators"": 229, ""learning_rate"": 0.060615829213099104, ""max_depth"": 3, ""subsample"": 0.864426816135661, ""colsample_bytree"": 0.6736907174817899, ""min_child_weight"": 6, ""reg_alpha"": 0.918995877843689, ""reg_lambda"": 1.7691427294667834}"
842,2026-06-05T15:22:54.212352+00:00,xgb,ranking_total,842,5045,7,1000,0.7401487827301025,763,237,0.49981528520584106,"[""V176"", ""V255"", ""V191"", ""V160"", ""V215"", ""V380"", ""V342""]","{""n_estimators"": 136, ""learning_rate"": 0.08792097434846691, ""max_depth"": 8, ""subsample"": 0.9141727355319325, ""colsample_bytree"": 0.7860807311419606, ""min_child_weight"": 2, ""reg_alpha"": 0.9550748204809479, ""reg_lambda"": 2.4439736497374245}"
843,2026-06-05T15:23:05.334918+00:00,xgb,ranking_total,843,5175,5,1000,0.6894617676734924,745,255,0.49623167514801025,"[""V176"", ""V255"", ""V191"", ""V160"", ""V215""]","{""n_estimators"": 104, ""learning_rate"": 0.06645734002437509, ""max_depth"": 9, ""subsample"": 0.9257675887200414, ""colsample_bytree"": 0.7212003186212477, ""min_child_weight"": 6, ""reg_alpha"": 0.5068494231132483, ""reg_lambda"": 2.006613179264158}"
844,2026-06-05T15:23:45.501289+00:00,xgb,ranking_total,844,4540,7,999,0.8729926347732544,729,270,0.49733924865722656,"[""V176"", ""V255"", ""V191"", ""V160"", ""V215"", ""V380"", ""V342""]","{""n_estimators"": 343, ""learning_rate"": 0.16292568003929747, ""max_depth"": 8, ""subsample"": 0.9549859646145191, ""colsample_bytree"": 0.9435666716121266, ""min_child_weight"": 1, ""reg_alpha"": 0.8206496265942836, ""reg_lambda"": 1.2780342508668279}"
845,2026-06-05T15:24:24.178412+00:00,xgb,ranking_total,845,4915,6,1000,0.7916787266731262,741,259,0.4985130727291107,"[""V176"", ""V255"", ""V191"", ""V160"", ""V215"", ""V380""]","{""n_estimators"": 361, ""learning_rate"": 0.06310927851800965, ""max_depth"": 9, ""subsample"": 0.5875169647623476, ""colsample_bytree"": 0.8814246231230576, ""min_child_weight"": 4, ""reg_alpha"": 0.10313500544716492, ""reg_lambda"": 1.6285520164116054}"
846,2026-06-05T15:24:38.286130+00:00,xgb,ranking_total,846,5080,6,997,0.7475417852401733,751,246,0.5010656118392944,"[""V176"", ""V255"", ""V191"", ""V160"", ""V215"", ""V380""]","{""n_estimators"": 326, ""learning_rate"": 0.11847126318960184, ""max_depth"": 4, ""subsample"": 0.9726352210012541, ""colsample_bytree"": 0.8763006596191784, ""min_child_weight"": 2, ""reg_alpha"": 0.12743480380057126, ""reg_lambda"": 1.3307180525537161}"
847,2026-06-05T15:24:57.174621+00:00,xgb,ranking_total,847,5195,7,1000,0.7502681016921997,773,227,0.49809083342552185,"[""V176"", ""V255"", ""V191"", ""V160"", ""V215"", ""V380"", ""V342""]","{""n_estimators"": 362, ""learning_rate"": 0.08978176616798655, ""max_depth"": 5, ""subsample"": 0.9871138399635571, ""colsample_bytree"": 0.9361930461347523, ""min_child_weight"": 8, ""reg_alpha"": 0.33831042570613346, ""reg_lambda"": 2.4269110658624986}"
848,2026-06-05T15:25:05.174704+00:00,xgb,ranking_total,848,5285,5,999,0.6959738731384277,752,247,0.49748364090919495,"[""V176"", ""V255"", ""V191"", ""V160"", ""V215""]","{""n_estimators"": 228, ""learning_rate"": 0.12223771275365902, ""max_depth"": 3, ""subsample"": 0.8785593684795646, ""colsample_bytree"": 0.8929382919856221, ""min_child_weight"": 8, ""reg_alpha"": 0.7322034731706581, ""reg_lambda"": 0.5054572115124187}"
849,2026-06-05T15:25:12.764738+00:00,xgb,ranking_total,849,5290,4,999,0.6561760902404785,739,260,0.4976961016654968,"[""V176"", ""V255"", ""V191"", ""V160""]","{""n_estimators"": 226, ""learning_rate"": 0.05589563985066533, ""max_depth"": 3, ""subsample"": 0.9583274447312575, ""colsample_bytree"": 0.653401230347323, ""min_child_weight"": 1, ""reg_alpha"": 0.10375692046423202, ""reg_lambda"": 2.2668967480572038}"
850,2026-06-05T15:25:25.813595+00:00,xgb,ranking_total,850,5260,7,999,0.7212332487106323,777,222,0.49706825613975525,"[""V176"", ""V255"", ""V191"", ""V160"", ""V215"", ""V380"", ""V342""]","{""n_estimators"": 301, ""learning_rate"": 0.07184949219428396, ""max_depth"": 4, ""subsample"": 0.7406799544320708, ""colsample_bytree"": 0.6530418277115434, ""min_child_weight"": 7, ""reg_alpha"": 0.913580601681108, ""reg_lambda"": 1.0823651841636472}"
851,2026-06-05T15:25:51.311165+00:00,xgb,ranking_total,851,5175,5,1000,0.7012902498245239,745,255,0.4974902868270874,"[""V176"", ""V255"", ""V191"", ""V160"", ""V215""]","{""n_estimators"": 324, ""learning_rate"": 0.03075058734842075, ""max_depth"": 7, ""subsample"": 0.5719879768103717, ""colsample_bytree"": 0.8670715251124497, ""min_child_weight"": 6, ""reg_alpha"": 0.5297942240381566, ""reg_lambda"": 2.4037138553686965}"
852,2026-06-05T15:26:06.003476+00:00,xgb,ranking_total,852,5075,7,1000,0.7585434913635254,765,235,0.49871063232421875,"[""V176"", ""V255"", ""V191"", ""V160"", ""V215"", ""V380"", ""V342""]","{""n_estimators"": 344, ""learning_rate"": 0.12173457441764231, ""max_depth"": 4, ""subsample"": 0.5883556208999902, ""colsample_bytree"": 0.5484966886985336, ""min_child_weight"": 4, ""reg_alpha"": 0.418861695578747, ""reg_lambda"": 1.118644736235932}"
853,2026-06-05T15:26:17.019394+00:00,xgb,ranking_total,853,5110,7,996,0.7301185131072998,766,230,0.4966525733470917,"[""V176"", ""V255"", ""V191"", ""V160"", ""V215"", ""V380"", ""V342""]","{""n_estimators"": 193, ""learning_rate"": 0.08422169666813398, ""max_depth"": 5, ""subsample"": 0.5827844938141664, ""colsample_bytree"": 0.891797282863809, ""min_child_weight"": 8, ""reg_alpha"": 0.8143144471768694, ""reg_lambda"": 1.1372182655027496}"
854,2026-06-05T15:26:36.912089+00:00,xgb,ranking_total,854,5165,7,1000,0.720014750957489,771,229,0.49824267625808716,"[""V176"", ""V255"", ""V191"", ""V160"", ""V215"", ""V380"", ""V342""]","{""n_estimators"": 386, ""learning_rate"": 0.03618555591355511, ""max_depth"": 5, ""subsample"": 0.6095228684871518, ""colsample_bytree"": 0.7770562893742363, ""min_child_weight"": 8, ""reg_alpha"": 0.4910973640389432, ""reg_lambda"": 1.7027839385686823}"
855,2026-06-05T15:27:00.094944+00:00,xgb,ranking_total,855,4815,5,997,0.7367944121360779,720,277,0.4960635304450989,"[""V176"", ""V255"", ""V191"", ""V160"", ""V215""]","{""n_estimators"": 236, ""learning_rate"": 0.08592046359132124, ""max_depth"": 9, ""subsample"": 0.5182595890300437, ""colsample_bytree"": 0.7563355970926811, ""min_child_weight"": 6, ""reg_alpha"": 0.7127366910625323, ""reg_lambda"": 2.3353974402765116}"
856,2026-06-05T15:27:21.318891+00:00,xgb,ranking_total,856,5090,7,1000,0.7619668841362,766,234,0.5010529160499573,"[""V176"", ""V255"", ""V191"", ""V160"", ""V215"", ""V380"", ""V342""]","{""n_estimators"": 223, ""learning_rate"": 0.09373074226797243, ""max_depth"": 8, ""subsample"": 0.8227121204896263, ""colsample_bytree"": 0.5610529285748158, ""min_child_weight"": 3, ""reg_alpha"": 0.5015217537105146, ""reg_lambda"": 1.8488672307248117}"
857,2026-06-05T15:27:26.249163+00:00,xgb,ranking_total,857,5220,5,1000,0.7018530964851379,748,252,0.4963984489440918,"[""V176"", ""V255"", ""V191"", ""V160"", ""V215""]","{""n_estimators"": 102, ""learning_rate"": 0.16408278506228663, ""max_depth"": 4, ""subsample"": 0.8833251492325267, ""colsample_bytree"": 0.9421081010169841, ""min_child_weight"": 5, ""reg_alpha"": 0.49676949065217824, ""reg_lambda"": 0.5333984810522341}"
858,2026-06-05T15:27:43.662722+00:00,xgb,ranking_total,858,4925,7,1000,0.7782171368598938,755,245,0.4983588457107544,"[""V176"", ""V255"", ""V191"", ""V160"", ""V215"", ""V380"", ""V342""]","{""n_estimators"": 208, ""learning_rate"": 0.12152218010083776, ""max_depth"": 8, ""subsample"": 0.8002153685922381, ""colsample_bytree"": 0.6036966565882715, ""min_child_weight"": 8, ""reg_alpha"": 0.4171348487375037, ""reg_lambda"": 1.12877226359526}"
859,2026-06-05T15:28:10.955620+00:00,xgb,ranking_total,859,4865,7,1000,0.8058895468711853,751,249,0.49902084469795227,"[""V176"", ""V255"", ""V191"", ""V160"", ""V215"", ""V380"", ""V342""]","{""n_estimators"": 308, ""learning_rate"": 0.09622353586051462, ""max_depth"": 8, ""subsample"": 0.8440127864364411, ""colsample_bytree"": 0.8422573811071383, ""min_child_weight"": 6, ""reg_alpha"": 0.07052480365293501, ""reg_lambda"": 1.5105032370207214}"
860,2026-06-05T15:28:15.108502+00:00,xgb,ranking_total,860,5250,5,1000,0.6814760565757751,750,250,0.4969818890094757,"[""V176"", ""V255"", ""V191"", ""V160"", ""V215""]","{""n_estimators"": 118, ""learning_rate"": 0.15895927326098988, ""max_depth"": 3, ""subsample"": 0.9925361684774183, ""colsample_bytree"": 0.6900742509072457, ""min_child_weight"": 8, ""reg_alpha"": 0.29315610336091025, ""reg_lambda"": 1.3363425809858704}"
861,2026-06-05T15:28:37.103487+00:00,xgb,ranking_total,861,5140,7,999,0.755185067653656,769,230,0.5002355575561523,"[""V176"", ""V255"", ""V191"", ""V160"", ""V215"", ""V380"", ""V342""]","{""n_estimators"": 341, ""learning_rate"": 0.07315024826520405, ""max_depth"": 6, ""subsample"": 0.9555140693670308, ""colsample_bytree"": 0.6427574154518493, ""min_child_weight"": 4, ""reg_alpha"": 0.5311989919993814, ""reg_lambda"": 2.308175609971402}"
862,2026-06-05T15:29:03.612324+00:00,xgb,ranking_total,862,4640,7,1000,0.8255390524864197,736,264,0.49659043550491333,"[""V176"", ""V255"", ""V191"", ""V160"", ""V215"", ""V380"", ""V342""]","{""n_estimators"": 273, ""learning_rate"": 0.17767316657537346, ""max_depth"": 9, ""subsample"": 0.7073129937192975, ""colsample_bytree"": 0.6974364973022644, ""min_child_weight"": 6, ""reg_alpha"": 0.8222676526210904, ""reg_lambda"": 1.7165575789080147}"
863,2026-06-05T15:29:25.315724+00:00,xgb,ranking_total,863,4705,6,1000,0.7867211103439331,727,273,0.5017308592796326,"[""V176"", ""V255"", ""V191"", ""V160"", ""V215"", ""V380""]","{""n_estimators"": 319, ""learning_rate"": 0.14583244551156205, ""max_depth"": 7, ""subsample"": 0.954622959732173, ""colsample_bytree"": 0.5038852900838753, ""min_child_weight"": 9, ""reg_alpha"": 0.008789639442375208, ""reg_lambda"": 1.9793202875375187}"
864,2026-06-05T15:30:01.041192+00:00,xgb,ranking_total,864,4760,7,1000,0.8366537690162659,744,256,0.4991301894187927,"[""V176"", ""V255"", ""V191"", ""V160"", ""V215"", ""V380"", ""V342""]","{""n_estimators"": 326, ""learning_rate"": 0.1264225434501659, ""max_depth"": 9, ""subsample"": 0.7991108739399198, ""colsample_bytree"": 0.6812842110442336, ""min_child_weight"": 3, ""reg_alpha"": 0.561732283706697, ""reg_lambda"": 1.9988759026699767}"
865,2026-06-05T15:30:17.021214+00:00,xgb,ranking_total,865,4745,6,998,0.7786540985107422,729,269,0.5008417963981628,"[""V176"", ""V255"", ""V191"", ""V160"", ""V215"", ""V380""]","{""n_estimators"": 130, ""learning_rate"": 0.15101073523471104, ""max_depth"": 8, ""subsample"": 0.6460003309200482, ""colsample_bytree"": 0.7836258837835354, ""min_child_weight"": 1, ""reg_alpha"": 0.5495923167061981, ""reg_lambda"": 2.033610352948961}"
866,2026-06-05T15:30:45.417751+00:00,xgb,ranking_total,866,4910,7,1000,0.8346777558326721,754,246,0.501822292804718,"[""V176"", ""V255"", ""V191"", ""V160"", ""V215"", ""V380"", ""V342""]","{""n_estimators"": 394, ""learning_rate"": 0.12931225734816332, ""max_depth"": 6, ""subsample"": 0.7872450152235319, ""colsample_bytree"": 0.8374988536574252, ""min_child_weight"": 3, ""reg_alpha"": 0.5627121349234586, ""reg_lambda"": 1.1092981256348067}"
867,2026-06-05T15:30:58.110113+00:00,xgb,ranking_total,867,4925,7,1000,0.7718128561973572,755,245,0.49704623222351074,"[""V176"", ""V255"", ""V191"", ""V160"", ""V215"", ""V380"", ""V342""]","{""n_estimators"": 202, ""learning_rate"": 0.14431386952974173, ""max_depth"": 6, ""subsample"": 0.5103789510454295, ""colsample_bytree"": 0.577316917358287, ""min_child_weight"": 8, ""reg_alpha"": 0.09490010466967902, ""reg_lambda"": 0.6629669598331307}"
868,2026-06-05T15:31:24.915464+00:00,xgb,ranking_total,868,4775,5,999,0.8215780854225159,718,281,0.5022214651107788,"[""V176"", ""V255"", ""V191"", ""V160"", ""V215""]","{""n_estimators"": 380, ""learning_rate"": 0.13630357240896745, ""max_depth"": 6, ""subsample"": 0.7950227200707594, ""colsample_bytree"": 0.9942025751132126, ""min_child_weight"": 3, ""reg_alpha"": 0.13632805977979112, ""reg_lambda"": 0.8839069061189806}"
869,2026-06-05T15:31:46.016225+00:00,xgb,ranking_total,869,4730,8,999,0.8189921379089355,755,244,0.49829810857772827,"[""V176"", ""V255"", ""V191"", ""V160"", ""V215"", ""V380"", ""V342"", ""V483""]","{""n_estimators"": 239, ""learning_rate"": 0.15272139676874358, ""max_depth"": 8, ""subsample"": 0.8759463806753365, ""colsample_bytree"": 0.8721483463775959, ""min_child_weight"": 8, ""reg_alpha"": 0.4118685064507296, ""reg_lambda"": 0.8316074618590361}"
870,2026-06-05T15:31:55.968002+00:00,xgb,ranking_total,870,4955,7,1000,0.7485985159873962,757,243,0.5000506043434143,"[""V176"", ""V255"", ""V191"", ""V160"", ""V215"", ""V380"", ""V342""]","{""n_estimators"": 116, ""learning_rate"": 0.09875905434021509, ""max_depth"": 7, ""subsample"": 0.6948749895512238, ""colsample_bytree"": 0.9901000065873307, ""min_child_weight"": 5, ""reg_alpha"": 0.14373748323037394, ""reg_lambda"": 0.6953444077704165}"
871,2026-06-05T15:32:16.602668+00:00,xgb,ranking_total,871,4900,6,1000,0.7538836598396301,740,260,0.499636709690094,"[""V176"", ""V255"", ""V191"", ""V160"", ""V215"", ""V380""]","{""n_estimators"": 319, ""learning_rate"": 0.0892865250679761, ""max_depth"": 6, ""subsample"": 0.5874244725714208, ""colsample_bytree"": 0.8287307792035163, ""min_child_weight"": 8, ""reg_alpha"": 0.2724187238504272, ""reg_lambda"": 0.552712437206208}"
872,2026-06-05T15:32:30.882843+00:00,xgb,ranking_total,872,4865,5,999,0.7508930563926697,724,275,0.5007917881011963,"[""V176"", ""V255"", ""V191"", ""V160"", ""V215""]","{""n_estimators"": 202, ""learning_rate"": 0.1592013389785336, ""max_depth"": 6, ""subsample"": 0.9504294305187451, ""colsample_bytree"": 0.5803397879035861, ""min_child_weight"": 2, ""reg_alpha"": 0.9179191818275771, ""reg_lambda"": 0.8538042203409313}"
873,2026-06-05T15:32:35.897851+00:00,xgb,ranking_total,873,5370,5,1000,0.6418173313140869,758,242,0.4951542019844055,"[""V176"", ""V255"", ""V191"", ""V160"", ""V215""]","{""n_estimators"": 105, ""learning_rate"": 0.04517663773656351, ""max_depth"": 4, ""subsample"": 0.663529541001125, ""colsample_bytree"": 0.6994526297470842, ""min_child_weight"": 7, ""reg_alpha"": 0.8145811639659614, ""reg_lambda"": 1.2007134173496492}"
874,2026-06-05T15:32:52.740991+00:00,xgb,ranking_total,874,4625,5,999,0.7585761547088623,708,291,0.5007867813110352,"[""V176"", ""V255"", ""V191"", ""V160"", ""V215""]","{""n_estimators"": 267, ""learning_rate"": 0.15214467961694092, ""max_depth"": 6, ""subsample"": 0.5659059676822229, ""colsample_bytree"": 0.5469560510684046, ""min_child_weight"": 7, ""reg_alpha"": 0.19467613255873006, ""reg_lambda"": 1.4230809682982266}"
875,2026-06-05T15:32:57.140636+00:00,xgb,ranking_total,875,5320,6,1000,0.7008978128433228,768,232,0.4978581666946411,"[""V176"", ""V255"", ""V191"", ""V160"", ""V215"", ""V380""]","{""n_estimators"": 115, ""learning_rate"": 0.16038183148783297, ""max_depth"": 3, ""subsample"": 0.709838057224071, ""colsample_bytree"": 0.9968342695375523, ""min_child_weight"": 5, ""reg_alpha"": 0.7541021790475727, ""reg_lambda"": 1.4009244883338672}"
876,2026-06-05T15:33:31.699801+00:00,xgb,ranking_total,876,4865,7,1000,0.8244577050209045,751,249,0.500292956829071,"[""V176"", ""V255"", ""V191"", ""V160"", ""V215"", ""V380"", ""V342""]","{""n_estimators"": 334, ""learning_rate"": 0.12378077278701619, ""max_depth"": 9, ""subsample"": 0.9528512737096153, ""colsample_bytree"": 0.6242009725977049, ""min_child_weight"": 4, ""reg_alpha"": 0.8517441462096388, ""reg_lambda"": 2.1266776674025403}"
877,2026-06-05T15:33:48.318603+00:00,xgb,ranking_total,877,5235,5,1000,0.7032016515731812,749,251,0.49844786524772644,"[""V176"", ""V255"", ""V191"", ""V160"", ""V215""]","{""n_estimators"": 390, ""learning_rate"": 0.05672007023402505, ""max_depth"": 4, ""subsample"": 0.6444592163200977, ""colsample_bytree"": 0.7155412018956968, ""min_child_weight"": 5, ""reg_alpha"": 0.14025349640592766, ""reg_lambda"": 0.7803325163556769}"
878,2026-06-05T15:34:09.689618+00:00,xgb,ranking_total,878,5060,7,1000,0.7441318035125732,764,236,0.498445600271225,"[""V176"", ""V255"", ""V191"", ""V160"", ""V215"", ""V380"", ""V342""]","{""n_estimators"": 275, ""learning_rate"": 0.06013478028070012, ""max_depth"": 7, ""subsample"": 0.6509607910936063, ""colsample_bytree"": 0.8114652378714868, ""min_child_weight"": 7, ""reg_alpha"": 0.7884417243795022, ""reg_lambda"": 2.2464143872664613}"
879,2026-06-05T15:34:29.387573+00:00,xgb,ranking_total,879,5015,7,1000,0.790431559085846,761,239,0.5022432208061218,"[""V176"", ""V255"", ""V191"", ""V160"", ""V215"", ""V380"", ""V342""]","{""n_estimators"": 197, ""learning_rate"": 0.0893382962629945, ""max_depth"": 8, ""subsample"": 0.6599206798181795, ""colsample_bytree"": 0.7703792444900233, ""min_child_weight"": 3, ""reg_alpha"": 0.2469551965720297, ""reg_lambda"": 0.6762526068316588}"
880,2026-06-05T15:34:37.124854+00:00,xgb,ranking_total,880,5225,7,1000,0.7215855717658997,775,225,0.4999378025531769,"[""V176"", ""V255"", ""V191"", ""V160"", ""V215"", ""V380"", ""V342""]","{""n_estimators"": 223, ""learning_rate"": 0.13866090825267768, ""max_depth"": 3, ""subsample"": 0.5417966810555751, ""colsample_bytree"": 0.5792833322130165, ""min_child_weight"": 9, ""reg_alpha"": 0.6775559876547416, ""reg_lambda"": 1.3618866312223212}"
881,2026-06-05T15:34:51.848931+00:00,xgb,ranking_total,881,5270,7,1000,0.6983248591423035,778,222,0.4962066411972046,"[""V176"", ""V255"", ""V191"", ""V160"", ""V215"", ""V380"", ""V342""]","{""n_estimators"": 288, ""learning_rate"": 0.0427857642314233, ""max_depth"": 5, ""subsample"": 0.5562602697168066, ""colsample_bytree"": 0.5228229778667683, ""min_child_weight"": 6, ""reg_alpha"": 0.8219720490519701, ""reg_lambda"": 1.725702667325361}"
882,2026-06-05T15:35:04.995311+00:00,xgb,ranking_total,882,5045,7,1000,0.7369890809059143,763,237,0.4976823627948761,"[""V176"", ""V255"", ""V191"", ""V160"", ""V215"", ""V380"", ""V342""]","{""n_estimators"": 164, ""learning_rate"": 0.09480882126688676, ""max_depth"": 7, ""subsample"": 0.7087508839301728, ""colsample_bytree"": 0.7012836414644832, ""min_child_weight"": 5, ""reg_alpha"": 0.9871266129655316, ""reg_lambda"": 2.3542474136605684}"
883,2026-06-05T15:35:17.061926+00:00,xgb,ranking_total,883,5295,5,1000,0.6701780557632446,753,247,0.49713295698165894,"[""V176"", ""V255"", ""V191"", ""V160"", ""V215""]","{""n_estimators"": 376, ""learning_rate"": 0.040908188114818125, ""max_depth"": 3, ""subsample"": 0.6726930043870356, ""colsample_bytree"": 0.5002283199905002, ""min_child_weight"": 8, ""reg_alpha"": 0.6312305060617238, ""reg_lambda"": 1.9644267162027735}"
884,2026-06-05T15:35:26.905824+00:00,xgb,ranking_total,884,5240,5,999,0.6905585527420044,749,250,0.49746719002723694,"[""V176"", ""V255"", ""V191"", ""V160"", ""V215""]","{""n_estimators"": 300, ""learning_rate"": 0.0762620540223907, ""max_depth"": 3, ""subsample"": 0.9253563484429905, ""colsample_bytree"": 0.7226523350393637, ""min_child_weight"": 6, ""reg_alpha"": 0.022538533827387797, ""reg_lambda"": 0.5364390442631688}"
885,2026-06-05T15:35:59.775901+00:00,xgb,ranking_total,885,4945,7,999,0.8571662902832031,756,243,0.499677449464798,"[""V176"", ""V255"", ""V191"", ""V160"", ""V215"", ""V380"", ""V342""]","{""n_estimators"": 341, ""learning_rate"": 0.11827058166224444, ""max_depth"": 8, ""subsample"": 0.7789881843700754, ""colsample_bytree"": 0.8137766622311431, ""min_child_weight"": 3, ""reg_alpha"": 0.2368518148908535, ""reg_lambda"": 0.6829659840109101}"
886,2026-06-05T15:36:33.574652+00:00,xgb,ranking_total,886,4685,7,1000,0.8483818769454956,739,261,0.4966648817062378,"[""V176"", ""V255"", ""V191"", ""V160"", ""V215"", ""V380"", ""V342""]","{""n_estimators"": 360, ""learning_rate"": 0.14578438595401266, ""max_depth"": 9, ""subsample"": 0.7831281383935687, ""colsample_bytree"": 0.6228166979076429, ""min_child_weight"": 6, ""reg_alpha"": 0.4476719494564618, ""reg_lambda"": 1.2274637473553336}"
887,2026-06-05T15:37:05.229551+00:00,xgb,ranking_total,887,4800,5,1000,0.7379011511802673,720,280,0.498823344707489,"[""V176"", ""V255"", ""V191"", ""V160"", ""V215""]","{""n_estimators"": 382, ""learning_rate"": 0.06973994935200406, ""max_depth"": 8, ""subsample"": 0.550285588550129, ""colsample_bytree"": 0.7349624513722727, ""min_child_weight"": 9, ""reg_alpha"": 0.42987465334840924, ""reg_lambda"": 2.1090642744982215}"
888,2026-06-05T15:37:40.244140+00:00,xgb,ranking_total,888,4885,7,999,0.8115765452384949,752,247,0.5019797086715698,"[""V176"", ""V255"", ""V191"", ""V160"", ""V215"", ""V380"", ""V342""]","{""n_estimators"": 375, ""learning_rate"": 0.09246350039789267, ""max_depth"": 7, ""subsample"": 0.7998462924614002, ""colsample_bytree"": 0.6499353525361791, ""min_child_weight"": 1, ""reg_alpha"": 0.47059630875435554, ""reg_lambda"": 2.3254570794196177}"
889,2026-06-05T15:38:21.628741+00:00,xgb,ranking_total,889,4825,7,996,0.8392758369445801,747,249,0.4991072118282318,"[""V176"", ""V255"", ""V191"", ""V160"", ""V215"", ""V380"", ""V342""]","{""n_estimators"": 339, ""learning_rate"": 0.10252139387327122, ""max_depth"": 9, ""subsample"": 0.714278220659177, ""colsample_bytree"": 0.5287300462876353, ""min_child_weight"": 1, ""reg_alpha"": 0.23221533490420532, ""reg_lambda"": 1.322198795273197}"
890,2026-06-05T15:38:42.267622+00:00,xgb,ranking_total,890,4840,6,1000,0.7931469678878784,736,264,0.4982988238334656,"[""V176"", ""V255"", ""V191"", ""V160"", ""V215"", ""V380""]","{""n_estimators"": 238, ""learning_rate"": 0.16762743451592818, ""max_depth"": 8, ""subsample"": 0.8747980903587766, ""colsample_bytree"": 0.7026384179635026, ""min_child_weight"": 9, ""reg_alpha"": 0.6085643351096037, ""reg_lambda"": 2.3680342361948634}"
891,2026-06-05T15:39:03.771316+00:00,xgb,ranking_total,891,4910,7,1000,0.7712830901145935,754,246,0.4988452196121216,"[""V176"", ""V255"", ""V191"", ""V160"", ""V215"", ""V380"", ""V342""]","{""n_estimators"": 322, ""learning_rate"": 0.09634868727319684, ""max_depth"": 6, ""subsample"": 0.7916092092748577, ""colsample_bytree"": 0.8129376029594824, ""min_child_weight"": 8, ""reg_alpha"": 0.8329825469527987, ""reg_lambda"": 1.2396490073340756}"
892,2026-06-05T15:39:36.741654+00:00,xgb,ranking_total,892,4955,7,1000,0.7565932869911194,757,243,0.4983729422092438,"[""V176"", ""V255"", ""V191"", ""V160"", ""V215"", ""V380"", ""V342""]","{""n_estimators"": 301, ""learning_rate"": 0.0460303511324862, ""max_depth"": 9, ""subsample"": 0.6252538563216529, ""colsample_bytree"": 0.8292120874000707, ""min_child_weight"": 4, ""reg_alpha"": 0.07563798955293854, ""reg_lambda"": 1.6346358316478122}"
893,2026-06-05T15:39:53.743800+00:00,xgb,ranking_total,893,5215,7,999,0.7528432607650757,774,225,0.501825213432312,"[""V176"", ""V255"", ""V191"", ""V160"", ""V215"", ""V380"", ""V342""]","{""n_estimators"": 205, ""learning_rate"": 0.08243938900372935, ""max_depth"": 7, ""subsample"": 0.9852840709915804, ""colsample_bytree"": 0.6551559663331508, ""min_child_weight"": 3, ""reg_alpha"": 0.48748621708925854, ""reg_lambda"": 1.1622805086692247}"
894,2026-06-05T15:40:13.307674+00:00,xgb,ranking_total,894,4555,6,991,0.818045973777771,714,277,0.49785155057907104,"[""V176"", ""V255"", ""V191"", ""V160"", ""V215"", ""V380""]","{""n_estimators"": 192, ""learning_rate"": 0.17553847059849637, ""max_depth"": 9, ""subsample"": 0.7039467093911339, ""colsample_bytree"": 0.8284193319756148, ""min_child_weight"": 6, ""reg_alpha"": 0.06954166277602292, ""reg_lambda"": 1.3651158327448565}"
895,2026-06-05T15:40:20.771926+00:00,xgb,ranking_total,895,5205,5,1000,0.7199927568435669,747,253,0.4980964958667755,"[""V176"", ""V255"", ""V191"", ""V160"", ""V215""]","{""n_estimators"": 106, ""learning_rate"": 0.15675494918155192, ""max_depth"": 6, ""subsample"": 0.7994899521490495, ""colsample_bytree"": 0.8973299797633805, ""min_child_weight"": 9, ""reg_alpha"": 0.4069172362944946, ""reg_lambda"": 1.8640584388640504}"
896,2026-06-05T15:40:48.274861+00:00,xgb,ranking_total,896,5045,7,1000,0.7681695222854614,763,237,0.4985419809818268,"[""V176"", ""V255"", ""V191"", ""V160"", ""V215"", ""V380"", ""V342""]","{""n_estimators"": 351, ""learning_rate"": 0.06625086232145275, ""max_depth"": 7, ""subsample"": 0.5927189792436682, ""colsample_bytree"": 0.9492792791304812, ""min_child_weight"": 7, ""reg_alpha"": 0.17632481353916096, ""reg_lambda"": 1.366969408580218}"
897,2026-06-05T15:41:17.129322+00:00,xgb,ranking_total,897,5000,7,1000,0.7643302083015442,760,240,0.5006272196769714,"[""V176"", ""V255"", ""V191"", ""V160"", ""V215"", ""V380"", ""V342""]","{""n_estimators"": 392, ""learning_rate"": 0.057450829711159085, ""max_depth"": 6, ""subsample"": 0.605401607404661, ""colsample_bytree"": 0.635258028342472, ""min_child_weight"": 1, ""reg_alpha"": 0.383824360007448, ""reg_lambda"": 1.6034385035178929}"
898,2026-06-05T15:41:37.861743+00:00,xgb,ranking_total,898,5030,7,1000,0.7602674961090088,762,238,0.49925926327705383,"[""V176"", ""V255"", ""V191"", ""V160"", ""V215"", ""V380"", ""V342""]","{""n_estimators"": 215, ""learning_rate"": 0.07898180890998412, ""max_depth"": 9, ""subsample"": 0.8536954934870589, ""colsample_bytree"": 0.7982120966511332, ""min_child_weight"": 7, ""reg_alpha"": 0.07051063930111878, ""reg_lambda"": 2.245357794887544}"
899,2026-06-05T15:41:52.314055+00:00,xgb,ranking_total,899,5115,5,1000,0.7324903011322021,741,259,0.49859383702278137,"[""V176"", ""V255"", ""V191"", ""V160"", ""V215""]","{""n_estimators"": 331, ""learning_rate"": 0.11856332664434939, ""max_depth"": 4, ""subsample"": 0.8622274856605302, ""colsample_bytree"": 0.8114581381724539, ""min_child_weight"": 5, ""reg_alpha"": 0.4533565461117992, ""reg_lambda"": 1.9395197559128072}"
900,2026-06-05T15:42:08.731345+00:00,xgb,ranking_total,900,5245,7,999,0.7100986242294312,776,223,0.4985450804233551,"[""V176"", ""V255"", ""V191"", ""V160"", ""V215"", ""V380"", ""V342""]","{""n_estimators"": 308, ""learning_rate"": 0.03988633151929272, ""max_depth"": 5, ""subsample"": 0.8626217951893349, ""colsample_bytree"": 0.5797529269748823, ""min_child_weight"": 4, ""reg_alpha"": 0.07284631189777502, ""reg_lambda"": 2.2287554560803775}"
901,2026-06-05T15:42:33.600646+00:00,xgb,ranking_total,901,4940,7,1000,0.7602365016937256,756,244,0.49970272183418274,"[""V176"", ""V255"", ""V191"", ""V160"", ""V215"", ""V380"", ""V342""]","{""n_estimators"": 341, ""learning_rate"": 0.07609918902758905, ""max_depth"": 7, ""subsample"": 0.8894153056661782, ""colsample_bytree"": 0.528265335814841, ""min_child_weight"": 7, ""reg_alpha"": 0.6086746455819108, ""reg_lambda"": 1.045080871653567}"
902,2026-06-05T15:42:45.842804+00:00,xgb,ranking_total,902,5135,7,1000,0.7592816948890686,769,231,0.49940311908721924,"[""V176"", ""V255"", ""V191"", ""V160"", ""V215"", ""V380"", ""V342""]","{""n_estimators"": 157, ""learning_rate"": 0.11611910209509764, ""max_depth"": 6, ""subsample"": 0.534417170903942, ""colsample_bytree"": 0.9388299019886219, ""min_child_weight"": 2, ""reg_alpha"": 0.8273225871983672, ""reg_lambda"": 2.059713867358985}"
903,2026-06-05T15:43:01.854916+00:00,xgb,ranking_total,903,5145,5,1000,0.6913724541664124,743,257,0.4967132806777954,"[""V176"", ""V255"", ""V191"", ""V160"", ""V215""]","{""n_estimators"": 166, ""learning_rate"": 0.046697646496363376, ""max_depth"": 9, ""subsample"": 0.5502426279525268, ""colsample_bytree"": 0.9928393730229281, ""min_child_weight"": 9, ""reg_alpha"": 0.9247585599465027, ""reg_lambda"": 1.5466869974245483}"
904,2026-06-05T15:43:12.860445+00:00,xgb,ranking_total,904,5090,7,994,0.7450134754180908,764,230,0.49606963992118835,"[""V176"", ""V255"", ""V191"", ""V160"", ""V215"", ""V380"", ""V342""]","{""n_estimators"": 340, ""learning_rate"": 0.14992430576078253, ""max_depth"": 3, ""subsample"": 0.6856973744267539, ""colsample_bytree"": 0.6062174061999936, ""min_child_weight"": 6, ""reg_alpha"": 0.8439212370123913, ""reg_lambda"": 0.5665114702738303}"
905,2026-06-05T15:43:23.871457+00:00,xgb,ranking_total,905,5075,4,1000,0.6963226795196533,725,275,0.49827975034713745,"[""V176"", ""V255"", ""V191"", ""V160""]","{""n_estimators"": 344, ""learning_rate"": 0.169646401190537, ""max_depth"": 3, ""subsample"": 0.9219389628250979, ""colsample_bytree"": 0.533136105275058, ""min_child_weight"": 5, ""reg_alpha"": 0.5433168915702342, ""reg_lambda"": 2.087018652829982}"
906,2026-06-05T15:43:39.294105+00:00,xgb,ranking_total,906,5230,5,995,0.7030816078186035,747,248,0.4978049695491791,"[""V176"", ""V255"", ""V191"", ""V160"", ""V215""]","{""n_estimators"": 300, ""learning_rate"": 0.06028000140457878, ""max_depth"": 5, ""subsample"": 0.9663501215355235, ""colsample_bytree"": 0.644663313124207, ""min_child_weight"": 9, ""reg_alpha"": 0.7733118216618002, ""reg_lambda"": 0.8648429448601471}"
907,2026-06-05T15:44:18.581035+00:00,xgb,ranking_total,907,4700,7,997,0.8481624126434326,739,258,0.4977954030036926,"[""V176"", ""V255"", ""V191"", ""V160"", ""V215"", ""V380"", ""V342""]","{""n_estimators"": 390, ""learning_rate"": 0.14525161659146602, ""max_depth"": 9, ""subsample"": 0.9421387750191781, ""colsample_bytree"": 0.9234049357406124, ""min_child_weight"": 7, ""reg_alpha"": 0.9313644336130762, ""reg_lambda"": 2.152380165894769}"
908,2026-06-05T15:44:35.811087+00:00,xgb,ranking_total,908,5135,7,997,0.7250873446464539,768,229,0.4967689514160156,"[""V176"", ""V255"", ""V191"", ""V160"", ""V215"", ""V380"", ""V342""]","{""n_estimators"": 210, ""learning_rate"": 0.0589765041713012, ""max_depth"": 8, ""subsample"": 0.530539357452305, ""colsample_bytree"": 0.5888866779928914, ""min_child_weight"": 8, ""reg_alpha"": 0.06078519780460667, ""reg_lambda"": 2.0587964936166365}"
909,2026-06-05T15:44:42.916428+00:00,xgb,ranking_total,909,5295,5,1000,0.6923267841339111,753,247,0.4971995949745178,"[""V176"", ""V255"", ""V191"", ""V160"", ""V215""]","{""n_estimators"": 206, ""learning_rate"": 0.14037302902042037, ""max_depth"": 3, ""subsample"": 0.8746274614687166, ""colsample_bytree"": 0.5155017600588232, ""min_child_weight"": 9, ""reg_alpha"": 0.062349301408047064, ""reg_lambda"": 1.7856852661015192}"
910,2026-06-05T15:45:14.136233+00:00,xgb,ranking_total,910,4840,4,996,0.7311517596244812,708,288,0.4991815388202667,"[""V176"", ""V255"", ""V191"", ""V160""]","{""n_estimators"": 388, ""learning_rate"": 0.06062386017063886, ""max_depth"": 7, ""subsample"": 0.6777650327968103, ""colsample_bytree"": 0.5932823420444893, ""min_child_weight"": 4, ""reg_alpha"": 0.7723278422432546, ""reg_lambda"": 1.1619025473410973}"
911,2026-06-05T15:45:31.283860+00:00,xgb,ranking_total,911,5245,6,1000,0.7187900543212891,763,237,0.49817779660224915,"[""V176"", ""V255"", ""V191"", ""V160"", ""V215"", ""V380""]","{""n_estimators"": 275, ""learning_rate"": 0.0732452580177621, ""max_depth"": 6, ""subsample"": 0.9726322845097717, ""colsample_bytree"": 0.6407838187802697, ""min_child_weight"": 9, ""reg_alpha"": 0.8623578770449561, ""reg_lambda"": 1.1850172661050473}"
912,2026-06-05T15:45:50.276470+00:00,xgb,ranking_total,912,5175,7,995,0.7308651208877563,770,225,0.4983278214931488,"[""V176"", ""V255"", ""V191"", ""V160"", ""V215"", ""V380"", ""V342""]","{""n_estimators"": 278, ""learning_rate"": 0.041797784258140305, ""max_depth"": 6, ""subsample"": 0.8684234707980582, ""colsample_bytree"": 0.8814585180873995, ""min_child_weight"": 5, ""reg_alpha"": 0.14589096746193353, ""reg_lambda"": 1.552502413096834}"
913,2026-06-05T15:46:09.572704+00:00,xgb,ranking_total,913,4945,6,1000,0.7622870802879333,743,257,0.4996028244495392,"[""V176"", ""V255"", ""V191"", ""V160"", ""V215"", ""V380""]","{""n_estimators"": 228, ""learning_rate"": 0.10157761160718166, ""max_depth"": 7, ""subsample"": 0.5447280184767335, ""colsample_bytree"": 0.7714573980478419, ""min_child_weight"": 4, ""reg_alpha"": 0.5862449970298748, ""reg_lambda"": 1.9347796613878}"
914,2026-06-05T15:46:23.531457+00:00,xgb,ranking_total,914,4800,5,1000,0.7575637102127075,720,280,0.4989475607872009,"[""V176"", ""V255"", ""V191"", ""V160"", ""V215""]","{""n_estimators"": 168, ""learning_rate"": 0.14385364131968448, ""max_depth"": 7, ""subsample"": 0.5225090870617846, ""colsample_bytree"": 0.6649180613916734, ""min_child_weight"": 4, ""reg_alpha"": 0.9909993193659687, ""reg_lambda"": 1.0516792292327388}"
915,2026-06-05T15:46:44.049975+00:00,xgb,ranking_total,915,4985,7,1000,0.770158588886261,759,241,0.5008209943771362,"[""V176"", ""V255"", ""V191"", ""V160"", ""V215"", ""V380"", ""V342""]","{""n_estimators"": 240, ""learning_rate"": 0.09572112103430284, ""max_depth"": 7, ""subsample"": 0.5623225214113519, ""colsample_bytree"": 0.6736870994722027, ""min_child_weight"": 3, ""reg_alpha"": 0.9899356372336474, ""reg_lambda"": 1.1018676391211069}"
916,2026-06-05T15:46:55.504125+00:00,xgb,ranking_total,916,5180,4,1000,0.6761224269866943,732,268,0.4972435534000397,"[""V176"", ""V255"", ""V191"", ""V160""]","{""n_estimators"": 339, ""learning_rate"": 0.058160821165887465, ""max_depth"": 3, ""subsample"": 0.8099657020828426, ""colsample_bytree"": 0.7796920147382933, ""min_child_weight"": 7, ""reg_alpha"": 0.9911769920711232, ""reg_lambda"": 1.0539001487890995}"
917,2026-06-05T15:47:06.940544+00:00,xgb,ranking_total,917,5435,5,996,0.6892649531364441,761,235,0.49769389629364014,"[""V176"", ""V255"", ""V191"", ""V160"", ""V215""]","{""n_estimators"": 336, ""learning_rate"": 0.062414646631250015, ""max_depth"": 3, ""subsample"": 0.8643579490114002, ""colsample_bytree"": 0.9655168098773572, ""min_child_weight"": 5, ""reg_alpha"": 0.7902003868722871, ""reg_lambda"": 2.2856518051535777}"
918,2026-06-05T15:47:22.511342+00:00,xgb,ranking_total,918,4925,7,1000,0.7409387826919556,755,245,0.49745142459869385,"[""V176"", ""V255"", ""V191"", ""V160"", ""V215"", ""V380"", ""V342""]","{""n_estimators"": 187, ""learning_rate"": 0.09768840383179252, ""max_depth"": 8, ""subsample"": 0.7703038573597183, ""colsample_bytree"": 0.5464553084180329, ""min_child_weight"": 9, ""reg_alpha"": 0.6478209681013126, ""reg_lambda"": 2.372864426335895}"
919,2026-06-05T15:47:43.283866+00:00,xgb,ranking_total,919,4790,7,1000,0.8154808282852173,746,254,0.4986734390258789,"[""V176"", ""V255"", ""V191"", ""V160"", ""V215"", ""V380"", ""V342""]","{""n_estimators"": 279, ""learning_rate"": 0.16597131669771806, ""max_depth"": 7, ""subsample"": 0.9227111403800579, ""colsample_bytree"": 0.7193352311050003, ""min_child_weight"": 7, ""reg_alpha"": 0.7315546646530331, ""reg_lambda"": 1.4559583120734554}"
920,2026-06-05T15:47:49.323803+00:00,xgb,ranking_total,920,5235,5,1000,0.7090417146682739,749,251,0.4984627068042755,"[""V176"", ""V255"", ""V191"", ""V160"", ""V215""]","{""n_estimators"": 102, ""learning_rate"": 0.1268676536542253, ""max_depth"": 5, ""subsample"": 0.7689455255986999, ""colsample_bytree"": 0.8896094408975973, ""min_child_weight"": 4, ""reg_alpha"": 0.8257384283496908, ""reg_lambda"": 0.6734556727057386}"
921,2026-06-05T15:47:58.280954+00:00,xgb,ranking_total,921,5190,5,1000,0.7355049848556519,746,254,0.4977468252182007,"[""V176"", ""V255"", ""V191"", ""V160"", ""V215""]","{""n_estimators"": 194, ""learning_rate"": 0.1665493498261879, ""max_depth"": 4, ""subsample"": 0.6744316980676217, ""colsample_bytree"": 0.9199290004166312, ""min_child_weight"": 1, ""reg_alpha"": 0.6626220176306981, ""reg_lambda"": 2.499223325945536}"
922,2026-06-05T15:48:08.592677+00:00,xgb,ranking_total,922,5195,7,1000,0.7315393090248108,773,227,0.5003584623336792,"[""V176"", ""V255"", ""V191"", ""V160"", ""V215"", ""V380"", ""V342""]","{""n_estimators"": 135, ""learning_rate"": 0.07437419892110099, ""max_depth"": 6, ""subsample"": 0.7997700890609727, ""colsample_bytree"": 0.8615078677830678, ""min_child_weight"": 1, ""reg_alpha"": 0.15036339514982577, ""reg_lambda"": 2.4426686907967246}"
923,2026-06-05T15:48:18.782279+00:00,xgb,ranking_total,923,5360,5,999,0.7017063498497009,757,242,0.4979099631309509,"[""V176"", ""V255"", ""V191"", ""V160"", ""V215""]","{""n_estimators"": 319, ""learning_rate"": 0.10220105599055705, ""max_depth"": 3, ""subsample"": 0.9496847256953707, ""colsample_bytree"": 0.7603187584897283, ""min_child_weight"": 4, ""reg_alpha"": 0.848296846725581, ""reg_lambda"": 1.540828482049846}"
924,2026-06-05T15:48:45.049801+00:00,xgb,ranking_total,924,5270,7,1000,0.6963832974433899,778,222,0.4957573115825653,"[""V176"", ""V255"", ""V191"", ""V160"", ""V215"", ""V380"", ""V342""]","{""n_estimators"": 309, ""learning_rate"": 0.03026477242817029, ""max_depth"": 9, ""subsample"": 0.5614574117653088, ""colsample_bytree"": 0.5592484054701117, ""min_child_weight"": 9, ""reg_alpha"": 0.6842966086248579, ""reg_lambda"": 1.4926464743251413}"
925,2026-06-05T15:48:59.547287+00:00,xgb,ranking_total,925,4960,6,1000,0.7517428398132324,744,256,0.49946337938308716,"[""V176"", ""V255"", ""V191"", ""V160"", ""V215"", ""V380""]","{""n_estimators"": 194, ""learning_rate"": 0.09909453727036373, ""max_depth"": 7, ""subsample"": 0.960591953254726, ""colsample_bytree"": 0.8973710783218973, ""min_child_weight"": 7, ""reg_alpha"": 0.3256209338134124, ""reg_lambda"": 1.364928530580781}"
926,2026-06-05T15:49:05.986884+00:00,xgb,ranking_total,926,5330,5,999,0.6920494437217712,755,244,0.499681293964386,"[""V176"", ""V255"", ""V191"", ""V160"", ""V215""]","{""n_estimators"": 194, ""learning_rate"": 0.12460784770265831, ""max_depth"": 3, ""subsample"": 0.6035597615006348, ""colsample_bytree"": 0.5098689929997684, ""min_child_weight"": 3, ""reg_alpha"": 0.1940806023983619, ""reg_lambda"": 1.4759152025460274}"
927,2026-06-05T15:49:32.842583+00:00,xgb,ranking_total,927,4835,7,1000,0.7732279300689697,749,251,0.4954279363155365,"[""V176"", ""V255"", ""V191"", ""V160"", ""V215"", ""V380"", ""V342""]","{""n_estimators"": 378, ""learning_rate"": 0.09384856958706388, ""max_depth"": 7, ""subsample"": 0.6037009122836074, ""colsample_bytree"": 0.6935162734898768, ""min_child_weight"": 9, ""reg_alpha"": 0.7302256347069481, ""reg_lambda"": 1.3194146363531065}"
928,2026-06-05T15:49:59.380086+00:00,xgb,ranking_total,928,5075,7,1000,0.7476826906204224,765,235,0.501309335231781,"[""V176"", ""V255"", ""V191"", ""V160"", ""V215"", ""V380"", ""V342""]","{""n_estimators"": 213, ""learning_rate"": 0.045068496177799025, ""max_depth"": 8, ""subsample"": 0.7856836388249102, ""colsample_bytree"": 0.928503990467531, ""min_child_weight"": 1, ""reg_alpha"": 0.7673815961220007, ""reg_lambda"": 0.9447966707388733}"
929,2026-06-05T15:50:12.833233+00:00,xgb,ranking_total,929,4945,6,1000,0.7196347117424011,743,257,0.49811944365501404,"[""V176"", ""V255"", ""V191"", ""V160"", ""V215"", ""V380""]","{""n_estimators"": 220, ""learning_rate"": 0.07099464979370923, ""max_depth"": 6, ""subsample"": 0.5175881869344896, ""colsample_bytree"": 0.6785038771334008, ""min_child_weight"": 8, ""reg_alpha"": 0.0462094340246485, ""reg_lambda"": 1.3206819317041598}"
930,2026-06-05T15:50:25.240582+00:00,xgb,ranking_total,930,5240,7,1000,0.7290768623352051,776,224,0.49944695830345154,"[""V176"", ""V255"", ""V191"", ""V160"", ""V215"", ""V380"", ""V342""]","{""n_estimators"": 242, ""learning_rate"": 0.07318938007273043, ""max_depth"": 5, ""subsample"": 0.9918668858722386, ""colsample_bytree"": 0.8124990423045861, ""min_child_weight"": 5, ""reg_alpha"": 0.3994293610754732, ""reg_lambda"": 2.2764659732321784}"
931,2026-06-05T15:50:55.042231+00:00,xgb,ranking_total,931,4590,6,999,0.8579520583152771,719,280,0.4983064532279968,"[""V176"", ""V255"", ""V191"", ""V160"", ""V215"", ""V380""]","{""n_estimators"": 366, ""learning_rate"": 0.1743965495998179, ""max_depth"": 8, ""subsample"": 0.949576147160204, ""colsample_bytree"": 0.8339228719139814, ""min_child_weight"": 7, ""reg_alpha"": 0.3722476562965221, ""reg_lambda"": 0.5096600626082268}"
932,2026-06-05T15:51:07.244592+00:00,xgb,ranking_total,932,5060,5,999,0.7340404391288757,737,262,0.4998956024646759,"[""V176"", ""V255"", ""V191"", ""V160"", ""V215""]","{""n_estimators"": 275, ""learning_rate"": 0.13563730005242808, ""max_depth"": 4, ""subsample"": 0.8064651646653664, ""colsample_bytree"": 0.9097854360077143, ""min_child_weight"": 2, ""reg_alpha"": 0.9828286966875487, ""reg_lambda"": 1.3225478673570479}"
933,2026-06-05T15:51:27.188177+00:00,xgb,ranking_total,933,5255,5,999,0.6821561455726624,750,249,0.49742773175239563,"[""V176"", ""V255"", ""V191"", ""V160"", ""V215""]","{""n_estimators"": 319, ""learning_rate"": 0.032292302927030336, ""max_depth"": 6, ""subsample"": 0.8378151376942533, ""colsample_bytree"": 0.5009265626754279, ""min_child_weight"": 4, ""reg_alpha"": 0.672600495307849, ""reg_lambda"": 1.1874497212153463}"
934,2026-06-05T15:51:38.397661+00:00,xgb,ranking_total,934,5100,6,999,0.7285404205322266,753,246,0.49973759055137634,"[""V176"", ""V255"", ""V191"", ""V160"", ""V215"", ""V380""]","{""n_estimators"": 361, ""learning_rate"": 0.12604891199991974, ""max_depth"": 3, ""subsample"": 0.7937684250383552, ""colsample_bytree"": 0.5776884866527825, ""min_child_weight"": 5, ""reg_alpha"": 0.2990995334181159, ""reg_lambda"": 0.7230097116563556}"
935,2026-06-05T15:51:52.765636+00:00,xgb,ranking_total,935,5090,7,1000,0.7727273106575012,766,234,0.500019907951355,"[""V176"", ""V255"", ""V191"", ""V160"", ""V215"", ""V380"", ""V342""]","{""n_estimators"": 340, ""learning_rate"": 0.15391893910335464, ""max_depth"": 4, ""subsample"": 0.9858453387606598, ""colsample_bytree"": 0.9674649158787256, ""min_child_weight"": 3, ""reg_alpha"": 0.9341573667338403, ""reg_lambda"": 0.9377705231870248}"
936,2026-06-05T15:52:10.651087+00:00,xgb,ranking_total,936,4910,7,997,0.7885656952857971,753,244,0.5014930367469788,"[""V176"", ""V255"", ""V191"", ""V160"", ""V215"", ""V380"", ""V342""]","{""n_estimators"": 135, ""learning_rate"": 0.12459916153767721, ""max_depth"": 9, ""subsample"": 0.8257578123650269, ""colsample_bytree"": 0.8772866673109407, ""min_child_weight"": 2, ""reg_alpha"": 0.765733305569429, ""reg_lambda"": 2.2949093410729926}"
937,2026-06-05T15:52:20.029402+00:00,xgb,ranking_total,937,5235,5,997,0.7003474831581116,748,249,0.4985783100128174,"[""V176"", ""V255"", ""V191"", ""V160"", ""V215""]","{""n_estimators"": 307, ""learning_rate"": 0.09681181164629729, ""max_depth"": 3, ""subsample"": 0.8617703378143189, ""colsample_bytree"": 0.6157262318810192, ""min_child_weight"": 5, ""reg_alpha"": 0.39336416830532717, ""reg_lambda"": 1.0750586715870318}"
938,2026-06-05T15:52:27.703377+00:00,xgb,ranking_total,938,5280,5,1000,0.6921631693840027,752,248,0.49752333760261536,"[""V176"", ""V255"", ""V191"", ""V160"", ""V215""]","{""n_estimators"": 248, ""learning_rate"": 0.12584810445190697, ""max_depth"": 3, ""subsample"": 0.9815900890005775, ""colsample_bytree"": 0.5058893425858011, ""min_child_weight"": 6, ""reg_alpha"": 0.32480746581039144, ""reg_lambda"": 0.9941111108891869}"
939,2026-06-05T15:52:37.501898+00:00,xgb,ranking_total,939,4780,6,1000,0.7738776803016663,732,268,0.5028366446495056,"[""V176"", ""V255"", ""V191"", ""V160"", ""V215"", ""V380""]","{""n_estimators"": 115, ""learning_rate"": 0.16733262090438214, ""max_depth"": 7, ""subsample"": 0.6277255713868306, ""colsample_bytree"": 0.7336075591308024, ""min_child_weight"": 3, ""reg_alpha"": 0.08985642452521059, ""reg_lambda"": 0.9932150228007428}"
940,2026-06-05T15:53:00.614805+00:00,xgb,ranking_total,940,4900,6,1000,0.7697892785072327,740,260,0.5025151371955872,"[""V176"", ""V255"", ""V191"", ""V160"", ""V215"", ""V380""]","{""n_estimators"": 270, ""learning_rate"": 0.10502173121672467, ""max_depth"": 7, ""subsample"": 0.6270450378936148, ""colsample_bytree"": 0.5899598779086679, ""min_child_weight"": 2, ""reg_alpha"": 0.8590273690155276, ""reg_lambda"": 2.085533592855322}"
941,2026-06-05T15:53:49.018571+00:00,xgb,ranking_total,941,4950,7,998,0.7581719160079956,756,242,0.4978824257850647,"[""V176"", ""V255"", ""V191"", ""V160"", ""V215"", ""V380"", ""V342""]","{""n_estimators"": 341, ""learning_rate"": 0.035314246531564585, ""max_depth"": 9, ""subsample"": 0.5288753519823653, ""colsample_bytree"": 0.8334607392180581, ""min_child_weight"": 1, ""reg_alpha"": 0.7647747151453564, ""reg_lambda"": 1.0072806911507426}"
942,2026-06-05T15:53:58.219223+00:00,xgb,ranking_total,942,5260,5,998,0.6981136798858643,750,248,0.49754461646080017,"[""V176"", ""V255"", ""V191"", ""V160"", ""V215""]","{""n_estimators"": 172, ""learning_rate"": 0.06486073663926178, ""max_depth"": 5, ""subsample"": 0.9322563424062293, ""colsample_bytree"": 0.8906733351110556, ""min_child_weight"": 7, ""reg_alpha"": 0.807646962288985, ""reg_lambda"": 0.8843886875314375}"
943,2026-06-05T15:54:17.183233+00:00,xgb,ranking_total,943,4900,7,999,0.7995142936706543,753,246,0.4970712959766388,"[""V176"", ""V255"", ""V191"", ""V160"", ""V215"", ""V380"", ""V342""]","{""n_estimators"": 366, ""learning_rate"": 0.15402731542813725, ""max_depth"": 5, ""subsample"": 0.845858391481396, ""colsample_bytree"": 0.9506683244492958, ""min_child_weight"": 9, ""reg_alpha"": 0.2526879610075581, ""reg_lambda"": 1.6969462989700959}"
944,2026-06-05T15:54:38.955828+00:00,xgb,ranking_total,944,4865,7,1000,0.7985390424728394,751,249,0.49933984875679016,"[""V176"", ""V255"", ""V191"", ""V160"", ""V215"", ""V380"", ""V342""]","{""n_estimators"": 239, ""learning_rate"": 0.12893092016116792, ""max_depth"": 8, ""subsample"": 0.9007992945640801, ""colsample_bytree"": 0.8489519354682555, ""min_child_weight"": 6, ""reg_alpha"": 0.801919790794993, ""reg_lambda"": 2.205553176996782}"
945,2026-06-05T15:54:51.898163+00:00,xgb,ranking_total,945,5260,6,1000,0.6997242569923401,764,236,0.4979339838027954,"[""V176"", ""V255"", ""V191"", ""V160"", ""V215"", ""V380""]","{""n_estimators"": 305, ""learning_rate"": 0.04220863420159671, ""max_depth"": 4, ""subsample"": 0.6510682110409807, ""colsample_bytree"": 0.9383975076392075, ""min_child_weight"": 5, ""reg_alpha"": 0.22992461303436784, ""reg_lambda"": 1.2094919554423191}"
946,2026-06-05T15:55:15.944970+00:00,xgb,ranking_total,946,5060,7,1000,0.7762702107429504,764,236,0.500558078289032,"[""V176"", ""V255"", ""V191"", ""V160"", ""V215"", ""V380"", ""V342""]","{""n_estimators"": 264, ""learning_rate"": 0.07300371130252341, ""max_depth"": 7, ""subsample"": 0.6699684109343232, ""colsample_bytree"": 0.954357947812176, ""min_child_weight"": 2, ""reg_alpha"": 0.47167704546350786, ""reg_lambda"": 1.6870129304120227}"
947,2026-06-05T15:55:24.394327+00:00,xgb,ranking_total,947,5060,5,999,0.7142032384872437,737,262,0.4979192316532135,"[""V176"", ""V255"", ""V191"", ""V160"", ""V215""]","{""n_estimators"": 107, ""learning_rate"": 0.08923940715983292, ""max_depth"": 7, ""subsample"": 0.5538361585866773, ""colsample_bytree"": 0.8757648282942229, ""min_child_weight"": 6, ""reg_alpha"": 0.047602150591473325, ""reg_lambda"": 0.5007067014253446}"
948,2026-06-05T15:55:43.336281+00:00,xgb,ranking_total,948,4990,7,990,0.7722247242927551,756,234,0.4989207088947296,"[""V176"", ""V255"", ""V191"", ""V160"", ""V215"", ""V380"", ""V342""]","{""n_estimators"": 378, ""learning_rate"": 0.09621532267087143, ""max_depth"": 5, ""subsample"": 0.5954865008725687, ""colsample_bytree"": 0.782005879564496, ""min_child_weight"": 9, ""reg_alpha"": 0.09869720164763518, ""reg_lambda"": 0.6453452736262302}"
949,2026-06-05T15:56:03.771050+00:00,xgb,ranking_total,949,4960,6,1000,0.7447574138641357,744,256,0.5012273192405701,"[""V176"", ""V255"", ""V191"", ""V160"", ""V215"", ""V380""]","{""n_estimators"": 397, ""learning_rate"": 0.07390322548520947, ""max_depth"": 5, ""subsample"": 0.631080991743428, ""colsample_bytree"": 0.6361486091470001, ""min_child_weight"": 5, ""reg_alpha"": 0.5936006311718113, ""reg_lambda"": 1.1799145369447734}"
950,2026-06-05T15:56:23.674807+00:00,xgb,ranking_total,950,5130,6,999,0.7025469541549683,755,244,0.4969043433666229,"[""V176"", ""V255"", ""V191"", ""V160"", ""V215"", ""V380""]","{""n_estimators"": 233, ""learning_rate"": 0.04155912531763579, ""max_depth"": 9, ""subsample"": 0.6122366048173709, ""colsample_bytree"": 0.5123746758388903, ""min_child_weight"": 9, ""reg_alpha"": 0.4591774062478561, ""reg_lambda"": 1.2524751489828043}"
951,2026-06-05T15:56:48.457678+00:00,xgb,ranking_total,951,4505,7,1000,0.8505720496177673,727,273,0.4986393451690674,"[""V176"", ""V255"", ""V191"", ""V160"", ""V215"", ""V380"", ""V342""]","{""n_estimators"": 315, ""learning_rate"": 0.15732215314611325, ""max_depth"": 7, ""subsample"": 0.5330215090606372, ""colsample_bytree"": 0.8344903742794132, ""min_child_weight"": 4, ""reg_alpha"": 0.35898840956512046, ""reg_lambda"": 0.5715544674066229}"
952,2026-06-05T15:56:58.154543+00:00,xgb,ranking_total,952,5090,6,998,0.7044069170951843,752,246,0.49710312485694885,"[""V176"", ""V255"", ""V191"", ""V160"", ""V215"", ""V380""]","{""n_estimators"": 114, ""learning_rate"": 0.07135354092393348, ""max_depth"": 8, ""subsample"": 0.5120342639327592, ""colsample_bytree"": 0.8777263202433185, ""min_child_weight"": 8, ""reg_alpha"": 0.5650702009975553, ""reg_lambda"": 1.8298470856972726}"
953,2026-06-05T15:57:16.114370+00:00,xgb,ranking_total,953,5105,7,1000,0.790044367313385,767,233,0.5008969306945801,"[""V176"", ""V255"", ""V191"", ""V160"", ""V215"", ""V380"", ""V342""]","{""n_estimators"": 270, ""learning_rate"": 0.10431493449081987, ""max_depth"": 6, ""subsample"": 0.6612812191812383, ""colsample_bytree"": 0.8814521739469978, ""min_child_weight"": 4, ""reg_alpha"": 0.6282085231742733, ""reg_lambda"": 0.5690624042500461}"
954,2026-06-05T15:57:40.424496+00:00,xgb,ranking_total,954,4745,7,1000,0.7994397878646851,743,257,0.49646055698394775,"[""V176"", ""V255"", ""V191"", ""V160"", ""V215"", ""V380"", ""V342""]","{""n_estimators"": 298, ""learning_rate"": 0.11058181469544782, ""max_depth"": 8, ""subsample"": 0.7825663273613039, ""colsample_bytree"": 0.6201552135451034, ""min_child_weight"": 6, ""reg_alpha"": 0.4512463299295415, ""reg_lambda"": 1.0611646520787539}"
955,2026-06-05T15:58:00.070906+00:00,xgb,ranking_total,955,4925,7,994,0.78351891040802,753,241,0.5017398595809937,"[""V176"", ""V255"", ""V191"", ""V160"", ""V215"", ""V380"", ""V342""]","{""n_estimators"": 359, ""learning_rate"": 0.10365606083292116, ""max_depth"": 5, ""subsample"": 0.8052966459085094, ""colsample_bytree"": 0.9152015122617274, ""min_child_weight"": 4, ""reg_alpha"": 0.517808552118602, ""reg_lambda"": 1.392813314258563}"
956,2026-06-05T15:58:10.448870+00:00,xgb,ranking_total,956,5235,5,1000,0.6968598365783691,749,251,0.4975423216819763,"[""V176"", ""V255"", ""V191"", ""V160"", ""V215""]","{""n_estimators"": 191, ""learning_rate"": 0.06433342981092618, ""max_depth"": 5, ""subsample"": 0.5407102180903216, ""colsample_bytree"": 0.8714752153877561, ""min_child_weight"": 6, ""reg_alpha"": 0.900860000572921, ""reg_lambda"": 1.4078474148240199}"
957,2026-06-05T15:58:33.134684+00:00,xgb,ranking_total,957,4725,6,996,0.7932863235473633,727,269,0.500114381313324,"[""V176"", ""V255"", ""V191"", ""V160"", ""V215"", ""V380""]","{""n_estimators"": 355, ""learning_rate"": 0.13633782875653688, ""max_depth"": 6, ""subsample"": 0.6498897020860908, ""colsample_bytree"": 0.8317372056931482, ""min_child_weight"": 7, ""reg_alpha"": 0.6453864482881154, ""reg_lambda"": 1.8835246349803485}"
958,2026-06-05T15:58:48.539355+00:00,xgb,ranking_total,958,4970,7,1000,0.730564534664154,758,242,0.4992477595806122,"[""V176"", ""V255"", ""V191"", ""V160"", ""V215"", ""V380"", ""V342""]","{""n_estimators"": 191, ""learning_rate"": 0.08325886022910872, ""max_depth"": 8, ""subsample"": 0.9981235971257317, ""colsample_bytree"": 0.5318804759136357, ""min_child_weight"": 7, ""reg_alpha"": 0.8071557359746819, ""reg_lambda"": 2.4271959045924936}"
959,2026-06-05T15:59:05.344801+00:00,xgb,ranking_total,959,5170,6,1000,0.719660758972168,758,242,0.49724531173706055,"[""V176"", ""V255"", ""V191"", ""V160"", ""V215"", ""V380""]","{""n_estimators"": 224, ""learning_rate"": 0.051701753566806646, ""max_depth"": 7, ""subsample"": 0.5407614917943204, ""colsample_bytree"": 0.9209115123770312, ""min_child_weight"": 6, ""reg_alpha"": 0.7057299682441096, ""reg_lambda"": 2.055779391752215}"
960,2026-06-05T15:59:31.187524+00:00,xgb,ranking_total,960,4985,7,1000,0.7445405721664429,759,241,0.5027056932449341,"[""V176"", ""V255"", ""V191"", ""V160"", ""V215"", ""V380"", ""V342""]","{""n_estimators"": 224, ""learning_rate"": 0.03698583413494501, ""max_depth"": 8, ""subsample"": 0.731766452509957, ""colsample_bytree"": 0.8243178190245292, ""min_child_weight"": 1, ""reg_alpha"": 0.2789170156462313, ""reg_lambda"": 0.6282462514891771}"
961,2026-06-05T15:59:59.549331+00:00,xgb,ranking_total,961,5100,5,1000,0.7272451519966125,740,260,0.4998990297317505,"[""V176"", ""V255"", ""V191"", ""V160"", ""V215""]","{""n_estimators"": 289, ""learning_rate"": 0.04153900768998029, ""max_depth"": 8, ""subsample"": 0.9374093364096243, ""colsample_bytree"": 0.8720469320057921, ""min_child_weight"": 3, ""reg_alpha"": 0.24057828366633938, ""reg_lambda"": 1.9380254570186215}"
962,2026-06-05T16:00:07.694699+00:00,xgb,ranking_total,962,5150,7,1000,0.7380741238594055,770,230,0.4967314600944519,"[""V176"", ""V255"", ""V191"", ""V160"", ""V215"", ""V380"", ""V342""]","{""n_estimators"": 192, ""learning_rate"": 0.13665472890196478, ""max_depth"": 4, ""subsample"": 0.6822938755536373, ""colsample_bytree"": 0.6220272322089411, ""min_child_weight"": 6, ""reg_alpha"": 0.4017436576475192, ""reg_lambda"": 2.2147857866903817}"
963,2026-06-05T16:00:30.726306+00:00,xgb,ranking_total,963,4700,7,1000,0.8339619636535645,740,260,0.5004241466522217,"[""V176"", ""V255"", ""V191"", ""V160"", ""V215"", ""V380"", ""V342""]","{""n_estimators"": 209, ""learning_rate"": 0.13625632033467702, ""max_depth"": 9, ""subsample"": 0.6366970247888601, ""colsample_bytree"": 0.6291169947863562, ""min_child_weight"": 2, ""reg_alpha"": 0.059889028691984425, ""reg_lambda"": 1.208537918413171}"
964,2026-06-05T16:00:51.846790+00:00,xgb,ranking_total,964,4835,7,1000,0.8447132110595703,749,251,0.5029788613319397,"[""V176"", ""V255"", ""V191"", ""V160"", ""V215"", ""V380"", ""V342""]","{""n_estimators"": 317, ""learning_rate"": 0.1703826781724866, ""max_depth"": 6, ""subsample"": 0.8337762112335582, ""colsample_bytree"": 0.9044609709367732, ""min_child_weight"": 4, ""reg_alpha"": 0.10089001917950946, ""reg_lambda"": 1.926612511178055}"
965,2026-06-05T16:01:04.134844+00:00,xgb,ranking_total,965,5020,6,1000,0.7451627254486084,748,252,0.4992355406284332,"[""V176"", ""V255"", ""V191"", ""V160"", ""V215"", ""V380""]","{""n_estimators"": 300, ""learning_rate"": 0.17951866773955866, ""max_depth"": 4, ""subsample"": 0.918210920960055, ""colsample_bytree"": 0.6326081874484608, ""min_child_weight"": 7, ""reg_alpha"": 0.9765172661778362, ""reg_lambda"": 1.7745509172424998}"
966,2026-06-05T16:01:31.455198+00:00,xgb,ranking_total,966,4635,7,992,0.8444006443023682,733,259,0.49741220474243164,"[""V176"", ""V255"", ""V191"", ""V160"", ""V215"", ""V380"", ""V342""]","{""n_estimators"": 334, ""learning_rate"": 0.17035874136615564, ""max_depth"": 8, ""subsample"": 0.669947510811483, ""colsample_bytree"": 0.7672122667325556, ""min_child_weight"": 7, ""reg_alpha"": 0.044274626484360535, ""reg_lambda"": 2.425524792300793}"
967,2026-06-05T16:01:35.960011+00:00,xgb,ranking_total,967,5395,6,1000,0.6858063340187073,773,227,0.4961775839328766,"[""V176"", ""V255"", ""V191"", ""V160"", ""V215"", ""V380""]","{""n_estimators"": 102, ""learning_rate"": 0.11710106519177879, ""max_depth"": 4, ""subsample"": 0.7618074147395156, ""colsample_bytree"": 0.577475697933179, ""min_child_weight"": 7, ""reg_alpha"": 0.8288963548545978, ""reg_lambda"": 2.4190707803406846}"
968,2026-06-05T16:01:51.675671+00:00,xgb,ranking_total,968,5125,6,997,0.7521476745605469,754,243,0.5001359581947327,"[""V176"", ""V255"", ""V191"", ""V160"", ""V215"", ""V380""]","{""n_estimators"": 367, ""learning_rate"": 0.1139963266059084, ""max_depth"": 4, ""subsample"": 0.7891509810283355, ""colsample_bytree"": 0.8233697651237661, ""min_child_weight"": 2, ""reg_alpha"": 0.6634317140479615, ""reg_lambda"": 1.6195054032202874}"
969,2026-06-05T16:01:59.672026+00:00,xgb,ranking_total,969,5160,6,999,0.7192824482917786,757,242,0.4977390766143799,"[""V176"", ""V255"", ""V191"", ""V160"", ""V215"", ""V380""]","{""n_estimators"": 246, ""learning_rate"": 0.1624366459285797, ""max_depth"": 3, ""subsample"": 0.9118612793308477, ""colsample_bytree"": 0.929607724224579, ""min_child_weight"": 9, ""reg_alpha"": 0.22279313465511041, ""reg_lambda"": 1.163615732001836}"
970,2026-06-05T16:02:07.907876+00:00,xgb,ranking_total,970,5315,5,999,0.6708105206489563,754,245,0.49500611424446106,"[""V176"", ""V255"", ""V191"", ""V160"", ""V215""]","{""n_estimators"": 109, ""learning_rate"": 0.0831097626325148, ""max_depth"": 7, ""subsample"": 0.7510382409658671, ""colsample_bytree"": 0.5914976347519559, ""min_child_weight"": 7, ""reg_alpha"": 0.9405472036947345, ""reg_lambda"": 2.228154424611848}"
971,2026-06-05T16:02:20.529404+00:00,xgb,ranking_total,971,5315,7,1000,0.7385637164115906,781,219,0.498896986246109,"[""V176"", ""V255"", ""V191"", ""V160"", ""V215"", ""V380"", ""V342""]","{""n_estimators"": 391, ""learning_rate"": 0.10609887436419779, ""max_depth"": 3, ""subsample"": 0.7589711023201962, ""colsample_bytree"": 0.8957538010447362, ""min_child_weight"": 7, ""reg_alpha"": 0.4224969429775095, ""reg_lambda"": 0.5217961052664852}"
972,2026-06-05T16:02:54.920678+00:00,xgb,ranking_total,972,4530,6,996,0.8240848183631897,714,282,0.4989612400531769,"[""V176"", ""V255"", ""V191"", ""V160"", ""V215"", ""V380""]","{""n_estimators"": 386, ""learning_rate"": 0.1664097462275622, ""max_depth"": 9, ""subsample"": 0.6575462256390958, ""colsample_bytree"": 0.6210966039902185, ""min_child_weight"": 6, ""reg_alpha"": 0.9289962906338352, ""reg_lambda"": 1.6149163847947192}"
973,2026-06-05T16:03:15.479470+00:00,xgb,ranking_total,973,5095,7,996,0.748412549495697,765,231,0.49817246198654175,"[""V176"", ""V255"", ""V191"", ""V160"", ""V215"", ""V380"", ""V342""]","{""n_estimators"": 286, ""learning_rate"": 0.07173757609600412, ""max_depth"": 7, ""subsample"": 0.553017688185482, ""colsample_bytree"": 0.6853314468017984, ""min_child_weight"": 8, ""reg_alpha"": 0.41043962567887793, ""reg_lambda"": 1.8821929364199146}"
974,2026-06-05T16:03:24.116643+00:00,xgb,ranking_total,974,5235,5,1000,0.687527596950531,749,251,0.4980117082595825,"[""V176"", ""V255"", ""V191"", ""V160"", ""V215""]","{""n_estimators"": 285, ""learning_rate"": 0.0953453051847843, ""max_depth"": 3, ""subsample"": 0.9846206692010269, ""colsample_bytree"": 0.5146770586129974, ""min_child_weight"": 5, ""reg_alpha"": 0.7245321008684182, ""reg_lambda"": 0.8169510532259581}"
975,2026-06-05T16:03:33.410619+00:00,xgb,ranking_total,975,5220,5,1000,0.6955558657646179,748,252,0.4972774386405945,"[""V176"", ""V255"", ""V191"", ""V160"", ""V215""]","{""n_estimators"": 284, ""learning_rate"": 0.08994154030667878, ""max_depth"": 3, ""subsample"": 0.6791078729504657, ""colsample_bytree"": 0.8206123166186312, ""min_child_weight"": 5, ""reg_alpha"": 0.7815385424613935, ""reg_lambda"": 1.939324845030442}"
976,2026-06-05T16:04:08.872171+00:00,xgb,ranking_total,976,4855,6,1000,0.755609393119812,737,263,0.49911263585090637,"[""V176"", ""V255"", ""V191"", ""V160"", ""V215"", ""V380""]","{""n_estimators"": 387, ""learning_rate"": 0.05330414789439125, ""max_depth"": 9, ""subsample"": 0.5724274035699475, ""colsample_bytree"": 0.7487656910826106, ""min_child_weight"": 7, ""reg_alpha"": 0.2599830504929964, ""reg_lambda"": 1.4958019793914374}"
977,2026-06-05T16:04:19.747534+00:00,xgb,ranking_total,977,5195,7,997,0.7577590346336365,772,225,0.5021356344223022,"[""V176"", ""V255"", ""V191"", ""V160"", ""V215"", ""V380"", ""V342""]","{""n_estimators"": 260, ""learning_rate"": 0.12101556852887828, ""max_depth"": 4, ""subsample"": 0.9934851205895571, ""colsample_bytree"": 0.7517910092225295, ""min_child_weight"": 1, ""reg_alpha"": 0.19756940778958654, ""reg_lambda"": 0.595557782318469}"
978,2026-06-05T16:04:31.154293+00:00,xgb,ranking_total,978,5300,5,993,0.6735875010490417,751,242,0.4969550371170044,"[""V176"", ""V255"", ""V191"", ""V160"", ""V215""]","{""n_estimators"": 227, ""learning_rate"": 0.034436612194462056, ""max_depth"": 5, ""subsample"": 0.5306651734310113, ""colsample_bytree"": 0.737864529313262, ""min_child_weight"": 9, ""reg_alpha"": 0.8916836023102408, ""reg_lambda"": 0.6287803705367363}"
979,2026-06-05T16:04:57.600652+00:00,xgb,ranking_total,979,4710,7,998,0.7843526601791382,740,258,0.49961230158805847,"[""V176"", ""V255"", ""V191"", ""V160"", ""V215"", ""V380"", ""V342""]","{""n_estimators"": 244, ""learning_rate"": 0.10239794427503555, ""max_depth"": 9, ""subsample"": 0.5509514803228379, ""colsample_bytree"": 0.6879378168320337, ""min_child_weight"": 3, ""reg_alpha"": 0.792054041670442, ""reg_lambda"": 2.4893338463844064}"
980,2026-06-05T16:05:14.487268+00:00,xgb,ranking_total,980,5035,7,999,0.7544344663619995,762,237,0.49869346618652344,"[""V176"", ""V255"", ""V191"", ""V160"", ""V215"", ""V380"", ""V342""]","{""n_estimators"": 180, ""learning_rate"": 0.10065676295252153, ""max_depth"": 9, ""subsample"": 0.5493317628996297, ""colsample_bytree"": 0.8546002094900366, ""min_child_weight"": 9, ""reg_alpha"": 0.19829463855011364, ""reg_lambda"": 2.367704565777158}"
981,2026-06-05T16:05:27.736939+00:00,xgb,ranking_total,981,5155,7,996,0.7168447375297546,769,227,0.49815624952316284,"[""V176"", ""V255"", ""V191"", ""V160"", ""V215"", ""V380"", ""V342""]","{""n_estimators"": 209, ""learning_rate"": 0.054199039680186425, ""max_depth"": 6, ""subsample"": 0.8789633809315172, ""colsample_bytree"": 0.6679327664364973, ""min_child_weight"": 8, ""reg_alpha"": 0.4411336686099885, ""reg_lambda"": 1.8013628371994785}"
982,2026-06-05T16:05:36.538757+00:00,xgb,ranking_total,982,5255,4,1000,0.6769871711730957,737,263,0.49848613142967224,"[""V176"", ""V255"", ""V191"", ""V160""]","{""n_estimators"": 222, ""learning_rate"": 0.08637656161056431, ""max_depth"": 4, ""subsample"": 0.9413675987643855, ""colsample_bytree"": 0.5803795630813038, ""min_child_weight"": 7, ""reg_alpha"": 0.06901091240603541, ""reg_lambda"": 0.7021199603025088}"
983,2026-06-05T16:05:47.714373+00:00,xgb,ranking_total,983,4630,5,995,0.744636058807373,707,288,0.49831053614616394,"[""V176"", ""V255"", ""V191"", ""V160"", ""V215""]","{""n_estimators"": 134, ""learning_rate"": 0.1562223979812195, ""max_depth"": 8, ""subsample"": 0.5444193371234263, ""colsample_bytree"": 0.8923578326371832, ""min_child_weight"": 9, ""reg_alpha"": 0.08849778883767934, ""reg_lambda"": 1.7434736733343326}"
984,2026-06-05T16:06:22.279364+00:00,xgb,ranking_total,984,4655,7,1000,0.8374362587928772,737,263,0.496502548456192,"[""V176"", ""V255"", ""V191"", ""V160"", ""V215"", ""V380"", ""V342""]","{""n_estimators"": 374, ""learning_rate"": 0.11938814604984901, ""max_depth"": 9, ""subsample"": 0.7876468307362928, ""colsample_bytree"": 0.6624861527741017, ""min_child_weight"": 6, ""reg_alpha"": 0.8520082644878135, ""reg_lambda"": 0.5683142148790319}"
985,2026-06-05T16:06:31.850199+00:00,xgb,ranking_total,985,5180,7,1000,0.7435559630393982,772,228,0.497696191072464,"[""V176"", ""V255"", ""V191"", ""V160"", ""V215"", ""V380"", ""V342""]","{""n_estimators"": 229, ""learning_rate"": 0.12411323133334416, ""max_depth"": 4, ""subsample"": 0.7112004240755749, ""colsample_bytree"": 0.6003298343992303, ""min_child_weight"": 3, ""reg_alpha"": 0.8174316926845776, ""reg_lambda"": 0.9147986720325023}"
986,2026-06-05T16:06:43.009864+00:00,xgb,ranking_total,986,5200,5,992,0.6904382109642029,744,248,0.4956265687942505,"[""V176"", ""V255"", ""V191"", ""V160"", ""V215""]","{""n_estimators"": 170, ""learning_rate"": 0.051320453226277554, ""max_depth"": 6, ""subsample"": 0.5106702167425372, ""colsample_bytree"": 0.8266635136876381, ""min_child_weight"": 6, ""reg_alpha"": 0.7376953409407507, ""reg_lambda"": 2.1774813716316626}"
987,2026-06-05T16:07:04.284502+00:00,xgb,ranking_total,987,4935,7,998,0.8013194799423218,755,243,0.5001285076141357,"[""V176"", ""V255"", ""V191"", ""V160"", ""V215"", ""V380"", ""V342""]","{""n_estimators"": 342, ""learning_rate"": 0.12974621582354517, ""max_depth"": 6, ""subsample"": 0.8739546891348275, ""colsample_bytree"": 0.8055861079112651, ""min_child_weight"": 7, ""reg_alpha"": 0.24128699388401298, ""reg_lambda"": 1.7554855662371074}"
988,2026-06-05T16:07:21.281798+00:00,xgb,ranking_total,988,4660,6,1000,0.8031492233276367,724,276,0.49873989820480347,"[""V176"", ""V255"", ""V191"", ""V160"", ""V215"", ""V380""]","{""n_estimators"": 141, ""learning_rate"": 0.16545898371808157, ""max_depth"": 9, ""subsample"": 0.7295646090144767, ""colsample_bytree"": 0.9244579248120154, ""min_child_weight"": 3, ""reg_alpha"": 0.6286443618153883, ""reg_lambda"": 2.0417170976108956}"
989,2026-06-05T16:07:39.037344+00:00,xgb,ranking_total,989,5185,6,1000,0.7273389101028442,759,241,0.49813544750213623,"[""V176"", ""V255"", ""V191"", ""V160"", ""V215"", ""V380""]","{""n_estimators"": 199, ""learning_rate"": 0.04853552541506717, ""max_depth"": 8, ""subsample"": 0.5287315874047271, ""colsample_bytree"": 0.6983855771026953, ""min_child_weight"": 4, ""reg_alpha"": 0.11929316470258922, ""reg_lambda"": 0.5420998523363083}"
990,2026-06-05T16:07:49.582428+00:00,xgb,ranking_total,990,5165,7,1000,0.7455944418907166,771,229,0.49993768334388733,"[""V176"", ""V255"", ""V191"", ""V160"", ""V215"", ""V380"", ""V342""]","{""n_estimators"": 320, ""learning_rate"": 0.14270226337425843, ""max_depth"": 3, ""subsample"": 0.5345977574338054, ""colsample_bytree"": 0.5950838411877251, ""min_child_weight"": 2, ""reg_alpha"": 0.8666304638133356, ""reg_lambda"": 0.7157015973858842}"
991,2026-06-05T16:07:53.768162+00:00,xgb,ranking_total,991,5315,5,999,0.6499730348587036,754,245,0.4962676763534546,"[""V176"", ""V255"", ""V191"", ""V160"", ""V215""]","{""n_estimators"": 116, ""learning_rate"": 0.07048358726567577, ""max_depth"": 3, ""subsample"": 0.6067740672223079, ""colsample_bytree"": 0.7270830054336113, ""min_child_weight"": 9, ""reg_alpha"": 0.6182562088866047, ""reg_lambda"": 2.2545937669130005}"
992,2026-06-05T16:08:17.046393+00:00,xgb,ranking_total,992,4715,7,1000,0.8499343991279602,741,259,0.49861299991607666,"[""V176"", ""V255"", ""V191"", ""V160"", ""V215"", ""V380"", ""V342""]","{""n_estimators"": 260, ""learning_rate"": 0.16434622020992354, ""max_depth"": 8, ""subsample"": 0.7609904230733813, ""colsample_bytree"": 0.9147879860703214, ""min_child_weight"": 5, ""reg_alpha"": 0.17104977146577482, ""reg_lambda"": 1.0135448105772416}"
993,2026-06-05T16:08:35.355783+00:00,xgb,ranking_total,993,5080,6,1000,0.7547861933708191,752,248,0.4982094168663025,"[""V176"", ""V255"", ""V191"", ""V160"", ""V215"", ""V380""]","{""n_estimators"": 367, ""learning_rate"": 0.11835712336199297, ""max_depth"": 5, ""subsample"": 0.8188679075419198, ""colsample_bytree"": 0.6575007357869203, ""min_child_weight"": 9, ""reg_alpha"": 0.4121450532523063, ""reg_lambda"": 1.4457868993105125}"
994,2026-06-05T16:08:41.288949+00:00,xgb,ranking_total,994,5175,5,1000,0.7037625312805176,745,255,0.4979155361652374,"[""V176"", ""V255"", ""V191"", ""V160"", ""V215""]","{""n_estimators"": 103, ""learning_rate"": 0.1357334420778819, ""max_depth"": 5, ""subsample"": 0.8608180781520889, ""colsample_bytree"": 0.7897878416597646, ""min_child_weight"": 4, ""reg_alpha"": 0.9740024352764628, ""reg_lambda"": 0.9084661076755893}"
995,2026-06-05T16:08:58.218174+00:00,xgb,ranking_total,995,4805,7,1000,0.7623491287231445,747,253,0.4951527416706085,"[""V176"", ""V255"", ""V191"", ""V160"", ""V215"", ""V380"", ""V342""]","{""n_estimators"": 209, ""learning_rate"": 0.13421700671653708, ""max_depth"": 8, ""subsample"": 0.5483976446338783, ""colsample_bytree"": 0.5539696727934589, ""min_child_weight"": 7, ""reg_alpha"": 0.824278752340267, ""reg_lambda"": 2.1302895562433948}"
996,2026-06-05T16:09:08.847430+00:00,xgb,ranking_total,996,4905,5,997,0.7404029369354248,726,271,0.49817055463790894,"[""V176"", ""V255"", ""V191"", ""V160"", ""V215""]","{""n_estimators"": 109, ""learning_rate"": 0.17138208030012486, ""max_depth"": 9, ""subsample"": 0.9449048469871919, ""colsample_bytree"": 0.5204435158749462, ""min_child_weight"": 5, ""reg_alpha"": 0.1697333683717951, ""reg_lambda"": 1.6798022328963107}"
997,2026-06-05T16:09:18.240016+00:00,xgb,ranking_total,997,5185,7,999,0.7220331430435181,772,227,0.4969349503517151,"[""V176"", ""V255"", ""V191"", ""V160"", ""V215"", ""V380"", ""V342""]","{""n_estimators"": 129, ""learning_rate"": 0.09051546997700607, ""max_depth"": 7, ""subsample"": 0.6413477410615435, ""colsample_bytree"": 0.6825814412003202, ""min_child_weight"": 9, ""reg_alpha"": 0.5047171385360546, ""reg_lambda"": 1.5501526409416888}"
998,2026-06-05T16:09:38.568186+00:00,xgb,ranking_total,998,4885,6,1000,0.7689516544342041,739,261,0.49844443798065186,"[""V176"", ""V255"", ""V191"", ""V160"", ""V215"", ""V380""]","{""n_estimators"": 216, ""learning_rate"": 0.09403607604096419, ""max_depth"": 8, ""subsample"": 0.5356357082507788, ""colsample_bytree"": 0.9879122007199875, ""min_child_weight"": 5, ""reg_alpha"": 0.80199383661451, ""reg_lambda"": 0.852098725352421}"
999,2026-06-05T16:09:58.521847+00:00,xgb,ranking_total,999,4895,7,1000,0.7969070672988892,753,247,0.49943169951438904,"[""V176"", ""V255"", ""V191"", ""V160"", ""V215"", ""V380"", ""V342""]","{""n_estimators"": 266, ""learning_rate"": 0.129465391708181, ""max_depth"": 6, ""subsample"": 0.5604715653219949, ""colsample_bytree"": 0.6891628455401299, ""min_child_weight"": 1, ""reg_alpha"": 0.7746769719731526, ""reg_lambda"": 1.9342024513645055}"
1000,2026-06-05T16:10:10.528587+00:00,xgb,ranking_total,1000,5185,7,999,0.7107921242713928,772,227,0.4957179129123688,"[""V176"", ""V255"", ""V191"", ""V160"", ""V215"", ""V380"", ""V342""]","{""n_estimators"": 300, ""learning_rate"": 0.06222571273112458, ""max_depth"": 4, ""subsample"": 0.5936700006284776, ""colsample_bytree"": 0.5296456792480533, ""min_child_weight"": 9, ""reg_alpha"": 0.5543858124306527, ""reg_lambda"": 1.7562530449551217}"
