trial_id,timestamp_utc,model_type,ranking,random_seed,score,k,N,threshold,tp,fp,p_oof_mean,features,hyperparameters
1,2026-06-05T11:13:53.347256+00:00,xgb,ranking_xgb,1,4855,7,999,0.7082067728042603,750,249,0.49818170070648193,"[""V11"", ""V160"", ""V255"", ""V176"", ""V191"", ""V224"", ""V215""]","{""n_estimators"": 272, ""learning_rate"": 0.11892669273375274, ""max_depth"": 3, ""subsample"": 0.801381688035822, ""colsample_bytree"": 0.7724415914984484, ""min_child_weight"": 4, ""reg_alpha"": 0.6458941130666561, ""reg_lambda"": 1.375174422525385}"
2,2026-06-05T11:13:58.497227+00:00,xgb,ranking_xgb,2,4845,5,1000,0.6932939887046814,723,277,0.49781909584999084,"[""V11"", ""V160"", ""V255"", ""V176"", ""V191""]","{""n_estimators"": 137, ""learning_rate"": 0.17957772164083027, ""max_depth"": 3, ""subsample"": 0.5000571874086724, ""colsample_bytree"": 0.6511662863159199, ""min_child_weight"": 1, ""reg_alpha"": 0.0923385947687978, ""reg_lambda"": 0.8725204227553418}"
3,2026-06-05T11:14:07.613403+00:00,xgb,ranking_xgb,3,5055,5,1000,0.6665633320808411,737,263,0.4975593686103821,"[""V11"", ""V160"", ""V255"", ""V176"", ""V191""]","{""n_estimators"": 268, ""learning_rate"": 0.05776231172598103, ""max_depth"": 3, ""subsample"": 0.7748312389393546, ""colsample_bytree"": 0.7176611963091384, ""min_child_weight"": 9, ""reg_alpha"": 0.3205364371116073, ""reg_lambda"": 0.8088533461786602}"
4,2026-06-05T11:14:16.634924+00:00,xgb,ranking_xgb,4,4940,7,1000,0.7126124501228333,756,244,0.4962901473045349,"[""V11"", ""V160"", ""V255"", ""V176"", ""V191"", ""V224"", ""V215""]","{""n_estimators"": 252, ""learning_rate"": 0.13622217339271572, ""max_depth"": 3, ""subsample"": 0.560664290602608, ""colsample_bytree"": 0.7846556637173405, ""min_child_weight"": 4, ""reg_alpha"": 0.8962930889334381, ""reg_lambda"": 0.7511706209276725}"
5,2026-06-05T11:14:40.054399+00:00,xgb,ranking_xgb,5,4520,5,999,0.8042266964912415,701,298,0.5005143880844116,"[""V11"", ""V160"", ""V255"", ""V176"", ""V191""]","{""n_estimators"": 222, ""learning_rate"": 0.16509321832720067, ""max_depth"": 8, ""subsample"": 0.9863421799824421, ""colsample_bytree"": 0.8574079968371824, ""min_child_weight"": 3, ""reg_alpha"": 0.5975562052137366, ""reg_lambda"": 0.7829283472340471}"
6,2026-06-05T11:15:13.858890+00:00,xgb,ranking_xgb,6,4170,8,1000,0.8372600674629211,718,282,0.496762216091156,"[""V11"", ""V160"", ""V255"", ""V176"", ""V191"", ""V224"", ""V215"", ""V380""]","{""n_estimators"": 306, ""learning_rate"": 0.16060984592660646, ""max_depth"": 9, ""subsample"": 0.6818684485502947, ""colsample_bytree"": 0.989722499580723, ""min_child_weight"": 5, ""reg_alpha"": 0.6117438629026457, ""reg_lambda"": 2.031815712960631}"
7,2026-06-05T11:15:31.509167+00:00,xgb,ranking_xgb,7,4665,8,1000,0.743125855922699,751,249,0.4976752996444702,"[""V11"", ""V160"", ""V255"", ""V176"", ""V191"", ""V224"", ""V215"", ""V380""]","{""n_estimators"": 301, ""learning_rate"": 0.07979697079517659, ""max_depth"": 5, ""subsample"": 0.5321273022953295, ""colsample_bytree"": 0.6850547012226904, ""min_child_weight"": 2, ""reg_alpha"": 0.5298173621928216, ""reg_lambda"": 1.3376148571133086}"
8,2026-06-05T11:15:59.828808+00:00,xgb,ranking_xgb,8,4515,8,1000,0.7575019001960754,741,259,0.4980931580066681,"[""V11"", ""V160"", ""V255"", ""V176"", ""V191"", ""V224"", ""V215"", ""V380""]","{""n_estimators"": 275, ""learning_rate"": 0.06410086197396977, ""max_depth"": 9, ""subsample"": 0.7192046157204468, ""colsample_bytree"": 0.8617325889154706, ""min_child_weight"": 8, ""reg_alpha"": 0.5011204636599379, ""reg_lambda"": 0.6441022667195231}"
9,2026-06-05T11:16:15.343829+00:00,xgb,ranking_xgb,9,4710,8,1000,0.7326342463493347,754,246,0.49762392044067383,"[""V11"", ""V160"", ""V255"", ""V176"", ""V191"", ""V224"", ""V215"", ""V380""]","{""n_estimators"": 233, ""learning_rate"": 0.08662754609903955, ""max_depth"": 6, ""subsample"": 0.6163641639886454, ""colsample_bytree"": 0.5056994021387149, ""min_child_weight"": 6, ""reg_alpha"": 0.7660629257734966, ""reg_lambda"": 1.3038502264421383}"
10,2026-06-05T11:16:23.211799+00:00,xgb,ranking_xgb,10,4840,6,1000,0.6765716671943665,736,264,0.4975413978099823,"[""V11"", ""V160"", ""V255"", ""V176"", ""V191"", ""V224""]","{""n_estimators"": 226, ""learning_rate"": 0.1048695546713918, ""max_depth"": 3, ""subsample"": 0.5669147644796383, ""colsample_bytree"": 0.5710555427272692, ""min_child_weight"": 7, ""reg_alpha"": 0.8772212074585868, ""reg_lambda"": 0.7750536389365965}"
11,2026-06-05T11:16:35.840129+00:00,xgb,ranking_xgb,11,4940,7,1000,0.7006397843360901,756,244,0.49698877334594727,"[""V11"", ""V160"", ""V255"", ""V176"", ""V191"", ""V224"", ""V215""]","{""n_estimators"": 365, ""learning_rate"": 0.07481417278284423, ""max_depth"": 3, ""subsample"": 0.7215074738443041, ""colsample_bytree"": 0.9159556794856005, ""min_child_weight"": 1, ""reg_alpha"": 0.02517172841774562, ""reg_lambda"": 1.918416019686024}"
12,2026-06-05T11:16:51.424163+00:00,xgb,ranking_xgb,12,4860,5,1000,0.6703663468360901,724,276,0.49689576029777527,"[""V11"", ""V160"", ""V255"", ""V176"", ""V191""]","{""n_estimators"": 291, ""learning_rate"": 0.032921286223143685, ""max_depth"": 4, ""subsample"": 0.5970578108911735, ""colsample_bytree"": 0.9631414801634982, ""min_child_weight"": 8, ""reg_alpha"": 0.4854270981677824, ""reg_lambda"": 0.5255616291812173}"
13,2026-06-05T11:17:03.901345+00:00,xgb,ranking_xgb,13,4620,9,999,0.7621333599090576,761,238,0.49786826968193054,"[""V11"", ""V160"", ""V255"", ""V176"", ""V191"", ""V224"", ""V215"", ""V380"", ""V342""]","{""n_estimators"": 255, ""learning_rate"": 0.14100745447731072, ""max_depth"": 4, ""subsample"": 0.5432171394442744, ""colsample_bytree"": 0.8618009016460737, ""min_child_weight"": 1, ""reg_alpha"": 0.918747008099885, ""reg_lambda"": 2.3014297082340245}"
14,2026-06-05T11:17:35.379381+00:00,xgb,ranking_xgb,14,4460,7,1000,0.7434295415878296,724,276,0.49687567353248596,"[""V11"", ""V160"", ""V255"", ""V176"", ""V191"", ""V224"", ""V215""]","{""n_estimators"": 276, ""learning_rate"": 0.06563118300523685, ""max_depth"": 9, ""subsample"": 0.9464913456356123, ""colsample_bytree"": 0.5895767397157889, ""min_child_weight"": 4, ""reg_alpha"": 0.7516615138131563, ""reg_lambda"": 1.7146866884161012}"
15,2026-06-05T11:18:03.493388+00:00,xgb,ranking_xgb,15,4370,7,1000,0.8286630511283875,718,282,0.49621689319610596,"[""V11"", ""V160"", ""V255"", ""V176"", ""V191"", ""V224"", ""V215""]","{""n_estimators"": 207, ""learning_rate"": 0.16828401577453878, ""max_depth"": 9, ""subsample"": 0.9352138428624064, ""colsample_bytree"": 0.504023474264909, ""min_child_weight"": 1, ""reg_alpha"": 0.22199405367014335, ""reg_lambda"": 1.1388510960084859}"
16,2026-06-05T11:18:15.240889+00:00,xgb,ranking_xgb,16,4940,7,1000,0.6841011047363281,756,244,0.4977128803730011,"[""V11"", ""V160"", ""V255"", ""V176"", ""V191"", ""V224"", ""V215""]","{""n_estimators"": 345, ""learning_rate"": 0.05683438873814977, ""max_depth"": 3, ""subsample"": 0.6807692230441115, ""colsample_bytree"": 0.637700464303206, ""min_child_weight"": 6, ""reg_alpha"": 0.02495303232907431, ""reg_lambda"": 2.144596193797504}"
17,2026-06-05T11:18:40.217557+00:00,xgb,ranking_xgb,17,4490,7,1000,0.7419611215591431,726,274,0.49712783098220825,"[""V11"", ""V160"", ""V255"", ""V176"", ""V191"", ""V224"", ""V215""]","{""n_estimators"": 269, ""learning_rate"": 0.0789984238779135, ""max_depth"": 8, ""subsample"": 0.7753507282905905, ""colsample_bytree"": 0.5228009750664031, ""min_child_weight"": 5, ""reg_alpha"": 0.22308094169128878, ""reg_lambda"": 1.877452323642713}"
18,2026-06-05T11:19:00.859552+00:00,xgb,ranking_xgb,18,4775,9,998,0.7343820929527283,771,227,0.49860912561416626,"[""V11"", ""V160"", ""V255"", ""V176"", ""V191"", ""V224"", ""V215"", ""V380"", ""V342""]","{""n_estimators"": 211, ""learning_rate"": 0.057266665768534036, ""max_depth"": 9, ""subsample"": 0.5957603934737474, ""colsample_bytree"": 0.5339501790956457, ""min_child_weight"": 7, ""reg_alpha"": 0.41022325051079334, ""reg_lambda"": 0.7059877162802353}"
19,2026-06-05T11:19:40.176952+00:00,xgb,ranking_xgb,19,4655,7,1000,0.7480009198188782,737,263,0.4999467730522156,"[""V11"", ""V160"", ""V255"", ""V176"", ""V191"", ""V224"", ""V215""]","{""n_estimators"": 398, ""learning_rate"": 0.04140161511166397, ""max_depth"": 8, ""subsample"": 0.939300735460776, ""colsample_bytree"": 0.5909201126857673, ""min_child_weight"": 3, ""reg_alpha"": 0.2039724048237226, ""reg_lambda"": 0.523013467581595}"
20,2026-06-05T11:19:51.231523+00:00,xgb,ranking_xgb,20,4665,8,1000,0.7269573211669922,751,249,0.49966034293174744,"[""V11"", ""V160"", ""V255"", ""V176"", ""V191"", ""V224"", ""V215"", ""V380""]","{""n_estimators"": 193, ""learning_rate"": 0.09457023444911432, ""max_depth"": 5, ""subsample"": 0.6234689865831635, ""colsample_bytree"": 0.5690658437381597, ""min_child_weight"": 3, ""reg_alpha"": 0.08299956500689287, ""reg_lambda"": 1.8439541625609333}"
21,2026-06-05T11:20:11.030297+00:00,xgb,ranking_xgb,21,4470,5,1000,0.7413967251777649,698,302,0.4973071217536926,"[""V11"", ""V160"", ""V255"", ""V176"", ""V191""]","{""n_estimators"": 371, ""learning_rate"": 0.17316184098817117, ""max_depth"": 5, ""subsample"": 0.907918738653842, ""colsample_bytree"": 0.5179447928084266, ""min_child_weight"": 8, ""reg_alpha"": 0.95045165254683, ""reg_lambda"": 1.8457313108222326}"
22,2026-06-05T11:20:21.945555+00:00,xgb,ranking_xgb,22,4845,5,1000,0.6826694011688232,723,277,0.4992641508579254,"[""V11"", ""V160"", ""V255"", ""V176"", ""V191""]","{""n_estimators"": 307, ""learning_rate"": 0.07336644896847253, ""max_depth"": 3, ""subsample"": 0.5180738382846721, ""colsample_bytree"": 0.9757994905334814, ""min_child_weight"": 3, ""reg_alpha"": 0.0507732566953768, ""reg_lambda"": 1.1045437879292337}"
23,2026-06-05T11:20:40.737449+00:00,xgb,ranking_xgb,23,4550,7,1000,0.7516568303108215,730,270,0.49518993496894836,"[""V11"", ""V160"", ""V255"", ""V176"", ""V191"", ""V224"", ""V215""]","{""n_estimators"": 232, ""learning_rate"": 0.10225215926450489, ""max_depth"": 7, ""subsample"": 0.8187395776032731, ""colsample_bytree"": 0.8900170891402719, ""min_child_weight"": 9, ""reg_alpha"": 0.3388639606037004, ""reg_lambda"": 1.0410656665956624}"
24,2026-06-05T11:20:49.431592+00:00,xgb,ranking_xgb,24,4820,7,1000,0.7092278599739075,748,252,0.49669262766838074,"[""V11"", ""V160"", ""V255"", ""V176"", ""V191"", ""V224"", ""V215""]","{""n_estimators"": 183, ""learning_rate"": 0.13036456877026253, ""max_depth"": 4, ""subsample"": 0.8827298796984535, ""colsample_bytree"": 0.6411979219835564, ""min_child_weight"": 8, ""reg_alpha"": 0.18399514382436277, ""reg_lambda"": 0.6996402351922164}"
25,2026-06-05T11:21:03.322663+00:00,xgb,ranking_xgb,25,5010,5,1000,0.6702291369438171,734,266,0.4970506727695465,"[""V11"", ""V160"", ""V255"", ""V176"", ""V191""]","{""n_estimators"": 292, ""learning_rate"": 0.03792819298788975, ""max_depth"": 4, ""subsample"": 0.6100336498914258, ""colsample_bytree"": 0.680528176982029, ""min_child_weight"": 5, ""reg_alpha"": 0.7871809005473235, ""reg_lambda"": 1.4481023895196166}"
26,2026-06-05T11:21:27.794242+00:00,xgb,ranking_xgb,26,4305,5,1000,0.7734633684158325,687,313,0.499943345785141,"[""V11"", ""V160"", ""V255"", ""V176"", ""V191""]","{""n_estimators"": 232, ""learning_rate"": 0.13440989611552312, ""max_depth"": 8, ""subsample"": 0.5494121133756311, ""colsample_bytree"": 0.5904122755344962, ""min_child_weight"": 3, ""reg_alpha"": 0.11737554713471554, ""reg_lambda"": 1.86993748874827}"
27,2026-06-05T11:22:10.497171+00:00,xgb,ranking_xgb,27,4450,9,1000,0.8137872815132141,750,250,0.497345894575119,"[""V11"", ""V160"", ""V255"", ""V176"", ""V191"", ""V224"", ""V215"", ""V380"", ""V342""]","{""n_estimators"": 362, ""learning_rate"": 0.0742374740931738, ""max_depth"": 9, ""subsample"": 0.8946103680854298, ""colsample_bytree"": 0.9352810312379117, ""min_child_weight"": 5, ""reg_alpha"": 0.22611233047772372, ""reg_lambda"": 2.0015694572954197}"
28,2026-06-05T11:22:15.383305+00:00,xgb,ranking_xgb,28,5100,5,1000,0.6633522510528564,740,260,0.4965512752532959,"[""V11"", ""V160"", ""V255"", ""V176"", ""V191""]","{""n_estimators"": 119, ""learning_rate"": 0.10212022596737415, ""max_depth"": 3, ""subsample"": 0.7339788372367739, ""colsample_bytree"": 0.6922940030074893, ""min_child_weight"": 2, ""reg_alpha"": 0.8409693307667548, ""reg_lambda"": 2.2570994676607126}"
29,2026-06-05T11:23:11.024146+00:00,xgb,ranking_xgb,29,4565,8,999,0.7957344055175781,744,255,0.49698448181152344,"[""V11"", ""V160"", ""V255"", ""V176"", ""V191"", ""V224"", ""V215"", ""V380""]","{""n_estimators"": 357, ""learning_rate"": 0.05562346409399763, ""max_depth"": 9, ""subsample"": 0.5624835460046205, ""colsample_bytree"": 0.6987961843500585, ""min_child_weight"": 1, ""reg_alpha"": 0.5109929816531131, ""reg_lambda"": 0.86538671683165}"
30,2026-06-05T11:23:23.210969+00:00,xgb,ranking_xgb,30,4975,5,998,0.6817312836647034,731,267,0.4983532726764679,"[""V11"", ""V160"", ""V255"", ""V176"", ""V191""]","{""n_estimators"": 336, ""learning_rate"": 0.08197486177823288, ""max_depth"": 3, ""subsample"": 0.8816186021651424, ""colsample_bytree"": 0.7263595287997057, ""min_child_weight"": 6, ""reg_alpha"": 0.33095996623214907, ""reg_lambda"": 2.2092189021245403}"
31,2026-06-05T11:24:00.737269+00:00,xgb,ranking_xgb,31,4110,9,999,0.8582501411437988,727,272,0.49603980779647827,"[""V11"", ""V160"", ""V255"", ""V176"", ""V191"", ""V224"", ""V215"", ""V380"", ""V342""]","{""n_estimators"": 393, ""learning_rate"": 0.16754669731193983, ""max_depth"": 8, ""subsample"": 0.8315239526678343, ""colsample_bytree"": 0.5818253630513767, ""min_child_weight"": 6, ""reg_alpha"": 0.7064143966634708, ""reg_lambda"": 1.7001416383944599}"
32,2026-06-05T11:24:36.539905+00:00,xgb,ranking_xgb,32,4655,7,1000,0.7234112024307251,737,263,0.49679598212242126,"[""V11"", ""V160"", ""V255"", ""V176"", ""V191"", ""V224"", ""V215""]","{""n_estimators"": 310, ""learning_rate"": 0.034348740307359654, ""max_depth"": 9, ""subsample"": 0.885156466109439, ""colsample_bytree"": 0.9934350015462314, ""min_child_weight"": 7, ""reg_alpha"": 0.22028364917914411, ""reg_lambda"": 2.3361432115530745}"
33,2026-06-05T11:25:12.520358+00:00,xgb,ranking_xgb,33,4540,9,1000,0.7520917057991028,756,244,0.49809443950653076,"[""V11"", ""V160"", ""V255"", ""V176"", ""V191"", ""V224"", ""V215"", ""V380"", ""V342""]","{""n_estimators"": 315, ""learning_rate"": 0.03894847665657604, ""max_depth"": 9, ""subsample"": 0.7775643889992984, ""colsample_bytree"": 0.9778282744958838, ""min_child_weight"": 8, ""reg_alpha"": 0.8162051391124808, ""reg_lambda"": 0.7021731206172495}"
34,2026-06-05T11:25:20.404568+00:00,xgb,ranking_xgb,34,4685,7,1000,0.7066982984542847,739,261,0.49917685985565186,"[""V11"", ""V160"", ""V255"", ""V176"", ""V191"", ""V224"", ""V215""]","{""n_estimators"": 120, ""learning_rate"": 0.13345238646489616, ""max_depth"": 5, ""subsample"": 0.7054704014982704, ""colsample_bytree"": 0.63014984544345, ""min_child_weight"": 7, ""reg_alpha"": 0.7509236424046749, ""reg_lambda"": 1.7259127500602813}"
35,2026-06-05T11:25:48.314008+00:00,xgb,ranking_xgb,35,4265,10,1000,0.8555205464363098,751,249,0.4955821633338928,"[""V11"", ""V160"", ""V255"", ""V176"", ""V191"", ""V224"", ""V215"", ""V380"", ""V342"", ""V117""]","{""n_estimators"": 222, ""learning_rate"": 0.14701506907870124, ""max_depth"": 9, ""subsample"": 0.7090076306197519, ""colsample_bytree"": 0.723881427250396, ""min_child_weight"": 3, ""reg_alpha"": 0.2530864507581302, ""reg_lambda"": 0.8799306125873398}"
36,2026-06-05T11:26:02.666890+00:00,xgb,ranking_xgb,36,4800,9,999,0.7356085181236267,773,226,0.49583807587623596,"[""V11"", ""V160"", ""V255"", ""V176"", ""V191"", ""V224"", ""V215"", ""V380"", ""V342""]","{""n_estimators"": 301, ""learning_rate"": 0.09746926044115752, ""max_depth"": 4, ""subsample"": 0.623053428819122, ""colsample_bytree"": 0.5140628174589381, ""min_child_weight"": 9, ""reg_alpha"": 0.11134663609249817, ""reg_lambda"": 1.752874457908505}"
37,2026-06-05T11:26:11.457191+00:00,xgb,ranking_xgb,37,5010,5,1000,0.6446666121482849,734,266,0.4974353611469269,"[""V11"", ""V160"", ""V255"", ""V176"", ""V191""]","{""n_estimators"": 233, ""learning_rate"": 0.043145850153581286, ""max_depth"": 3, ""subsample"": 0.9760903337030069, ""colsample_bytree"": 0.5715867238605152, ""min_child_weight"": 6, ""reg_alpha"": 0.36321459652102894, ""reg_lambda"": 0.8731136245786317}"
38,2026-06-05T11:26:52.489597+00:00,xgb,ranking_xgb,38,4555,9,1000,0.7848693132400513,757,243,0.4971192479133606,"[""V11"", ""V160"", ""V255"", ""V176"", ""V191"", ""V224"", ""V215"", ""V380"", ""V342""]","{""n_estimators"": 351, ""learning_rate"": 0.05891925434357364, ""max_depth"": 9, ""subsample"": 0.6548361317071475, ""colsample_bytree"": 0.9290893624880314, ""min_child_weight"": 6, ""reg_alpha"": 0.10343755501999807, ""reg_lambda"": 1.990951532568867}"
39,2026-06-05T11:27:09.171949+00:00,xgb,ranking_xgb,39,4405,9,1000,0.8209619522094727,747,253,0.5016375780105591,"[""V11"", ""V160"", ""V255"", ""V176"", ""V191"", ""V224"", ""V215"", ""V380"", ""V342""]","{""n_estimators"": 153, ""learning_rate"": 0.16697481633447067, ""max_depth"": 7, ""subsample"": 0.8514124468053648, ""colsample_bytree"": 0.8168170485857034, ""min_child_weight"": 1, ""reg_alpha"": 0.20012684285990445, ""reg_lambda"": 1.2747757753334024}"
40,2026-06-05T11:27:28.607059+00:00,xgb,ranking_xgb,40,4340,7,1000,0.7888158559799194,716,284,0.49703964591026306,"[""V11"", ""V160"", ""V255"", ""V176"", ""V191"", ""V224"", ""V215""]","{""n_estimators"": 205, ""learning_rate"": 0.14968485319239078, ""max_depth"": 7, ""subsample"": 0.6834448058979581, ""colsample_bytree"": 0.9143260851576999, ""min_child_weight"": 5, ""reg_alpha"": 0.5255145833645837, ""reg_lambda"": 1.4278168116201368}"
41,2026-06-05T11:27:40.355584+00:00,xgb,ranking_xgb,41,4980,5,1000,0.6530048251152039,732,268,0.49779048562049866,"[""V11"", ""V160"", ""V255"", ""V176"", ""V191""]","{""n_estimators"": 319, ""learning_rate"": 0.03830490601677901, ""max_depth"": 3, ""subsample"": 0.8525151509318694, ""colsample_bytree"": 0.5725230814902134, ""min_child_weight"": 8, ""reg_alpha"": 0.3039123053407655, ""reg_lambda"": 1.5527990485942909}"
42,2026-06-05T11:27:49.406096+00:00,xgb,ranking_xgb,42,4925,7,1000,0.6737792491912842,755,245,0.4960700273513794,"[""V11"", ""V160"", ""V255"", ""V176"", ""V191"", ""V224"", ""V215""]","{""n_estimators"": 180, ""learning_rate"": 0.053303901452723304, ""max_depth"": 4, ""subsample"": 0.5582118515832657, ""colsample_bytree"": 0.8019328444744065, ""min_child_weight"": 9, ""reg_alpha"": 0.6685157172603458, ""reg_lambda"": 2.3348956977417936}"
43,2026-06-05T11:28:12.093728+00:00,xgb,ranking_xgb,43,4300,9,1000,0.8218433260917664,740,260,0.49741244316101074,"[""V11"", ""V160"", ""V255"", ""V176"", ""V191"", ""V224"", ""V215"", ""V380"", ""V342""]","{""n_estimators"": 202, ""learning_rate"": 0.1494814480290349, ""max_depth"": 9, ""subsample"": 0.8659969709057025, ""colsample_bytree"": 0.7993292420985183, ""min_child_weight"": 7, ""reg_alpha"": 0.44583275285359114, ""reg_lambda"": 0.6999498316360058}"
44,2026-06-05T11:28:34.073611+00:00,xgb,ranking_xgb,44,4775,4,1000,0.6731758117675781,705,295,0.49772801995277405,"[""V11"", ""V160"", ""V255"", ""V176""]","{""n_estimators"": 355, ""learning_rate"": 0.045437213853066, ""max_depth"": 5, ""subsample"": 0.6202948099826744, ""colsample_bytree"": 0.6635695279055699, ""min_child_weight"": 3, ""reg_alpha"": 0.6660902130980257, ""reg_lambda"": 1.5823244245668076}"
45,2026-06-05T11:29:12.673097+00:00,xgb,ranking_xgb,45,4540,9,1000,0.834064781665802,756,244,0.4968279302120209,"[""V11"", ""V160"", ""V255"", ""V176"", ""V191"", ""V224"", ""V215"", ""V380"", ""V342""]","{""n_estimators"": 376, ""learning_rate"": 0.09488125596731464, ""max_depth"": 8, ""subsample"": 0.8723202408397589, ""colsample_bytree"": 0.6802504181281428, ""min_child_weight"": 4, ""reg_alpha"": 0.29637592739789465, ""reg_lambda"": 1.0139351396825842}"
46,2026-06-05T11:29:34.321461+00:00,xgb,ranking_xgb,46,4445,7,1000,0.7712909579277039,723,277,0.49774256348609924,"[""V11"", ""V160"", ""V255"", ""V176"", ""V191"", ""V224"", ""V215""]","{""n_estimators"": 231, ""learning_rate"": 0.13072195002598386, ""max_depth"": 8, ""subsample"": 0.978626215623578, ""colsample_bytree"": 0.9573202821344433, ""min_child_weight"": 9, ""reg_alpha"": 0.04852200090644587, ""reg_lambda"": 0.8266488964165335}"
47,2026-06-05T11:30:05.706430+00:00,xgb,ranking_xgb,47,4455,5,1000,0.7620517015457153,697,303,0.5001211166381836,"[""V11"", ""V160"", ""V255"", ""V176"", ""V191""]","{""n_estimators"": 289, ""learning_rate"": 0.06870702382344793, ""max_depth"": 7, ""subsample"": 0.6245215457578744, ""colsample_bytree"": 0.8790379323249089, ""min_child_weight"": 1, ""reg_alpha"": 0.04286544835226391, ""reg_lambda"": 1.381734406859609}"
48,2026-06-05T11:30:14.817362+00:00,xgb,ranking_xgb,48,4970,7,1000,0.7090137004852295,758,242,0.498516321182251,"[""V11"", ""V160"", ""V255"", ""V176"", ""V191"", ""V224"", ""V215""]","{""n_estimators"": 235, ""learning_rate"": 0.15776362557837711, ""max_depth"": 3, ""subsample"": 0.8643673167505531, ""colsample_bytree"": 0.6757339029463507, ""min_child_weight"": 1, ""reg_alpha"": 0.7996046016600539, ""reg_lambda"": 1.791123709016585}"
49,2026-06-05T11:30:23.778509+00:00,xgb,ranking_xgb,49,4745,5,999,0.6900350451469421,716,283,0.49752286076545715,"[""V11"", ""V160"", ""V255"", ""V176"", ""V191""]","{""n_estimators"": 100, ""learning_rate"": 0.09397256466549626, ""max_depth"": 7, ""subsample"": 0.6424305837369592, ""colsample_bytree"": 0.649488188729479, ""min_child_weight"": 7, ""reg_alpha"": 0.9633315304254785, ""reg_lambda"": 1.2926608154879566}"
50,2026-06-05T11:30:55.708339+00:00,xgb,ranking_xgb,50,4550,7,994,0.7522090077400208,728,266,0.49625641107559204,"[""V11"", ""V160"", ""V255"", ""V176"", ""V191"", ""V224"", ""V215""]","{""n_estimators"": 273, ""learning_rate"": 0.06705927479427215, ""max_depth"": 9, ""subsample"": 0.5971078570619353, ""colsample_bytree"": 0.8813148613396167, ""min_child_weight"": 6, ""reg_alpha"": 0.5668846594996723, ""reg_lambda"": 1.5939317604860634}"
51,2026-06-05T11:31:23.288111+00:00,xgb,ranking_xgb,51,4610,7,1000,0.7150533199310303,734,266,0.49497514963150024,"[""V11"", ""V160"", ""V255"", ""V176"", ""V191"", ""V224"", ""V215""]","{""n_estimators"": 276, ""learning_rate"": 0.049376187653932466, ""max_depth"": 8, ""subsample"": 0.6277369618786057, ""colsample_bytree"": 0.6981649548613884, ""min_child_weight"": 6, ""reg_alpha"": 0.15220072117875683, ""reg_lambda"": 2.4094122560053646}"
52,2026-06-05T11:31:31.256576+00:00,xgb,ranking_xgb,52,4995,5,997,0.6451582312583923,732,265,0.4969307482242584,"[""V11"", ""V160"", ""V255"", ""V176"", ""V191""]","{""n_estimators"": 157, ""learning_rate"": 0.03670682733044191, ""max_depth"": 4, ""subsample"": 0.9713613638431569, ""colsample_bytree"": 0.7738909582950659, ""min_child_weight"": 5, ""reg_alpha"": 0.9493378066500051, ""reg_lambda"": 0.8153403375475279}"
53,2026-06-05T11:32:01.784143+00:00,xgb,ranking_xgb,53,4655,7,1000,0.7010759115219116,737,263,0.4981630742549896,"[""V11"", ""V160"", ""V255"", ""V176"", ""V191"", ""V224"", ""V215""]","{""n_estimators"": 256, ""learning_rate"": 0.0339176972354801, ""max_depth"": 9, ""subsample"": 0.8092108846748052, ""colsample_bytree"": 0.5491422326684496, ""min_child_weight"": 4, ""reg_alpha"": 0.03246557697973673, ""reg_lambda"": 0.6432179141212648}"
54,2026-06-05T11:32:18.895842+00:00,xgb,ranking_xgb,54,4410,5,1000,0.7549463510513306,694,306,0.5013428926467896,"[""V11"", ""V160"", ""V255"", ""V176"", ""V191""]","{""n_estimators"": 125, ""learning_rate"": 0.1318132484270247, ""max_depth"": 8, ""subsample"": 0.7274377012028764, ""colsample_bytree"": 0.6760874568459809, ""min_child_weight"": 1, ""reg_alpha"": 0.45291324576330383, ""reg_lambda"": 1.4773259798369138}"
55,2026-06-05T11:32:29.074833+00:00,xgb,ranking_xgb,55,4900,5,998,0.6612235903739929,726,272,0.4972243309020996,"[""V11"", ""V160"", ""V255"", ""V176"", ""V191""]","{""n_estimators"": 211, ""learning_rate"": 0.059089998859807286, ""max_depth"": 4, ""subsample"": 0.7591413640837381, ""colsample_bytree"": 0.5043027260043846, ""min_child_weight"": 7, ""reg_alpha"": 0.8013812560164609, ""reg_lambda"": 2.014623977217309}"
56,2026-06-05T11:32:55.331242+00:00,xgb,ranking_xgb,56,4290,8,1000,0.8200074434280396,726,274,0.4956134259700775,"[""V11"", ""V160"", ""V255"", ""V176"", ""V191"", ""V224"", ""V215"", ""V380""]","{""n_estimators"": 254, ""learning_rate"": 0.17574838799846812, ""max_depth"": 8, ""subsample"": 0.6239774832223456, ""colsample_bytree"": 0.9917461854633831, ""min_child_weight"": 6, ""reg_alpha"": 0.2855442354647988, ""reg_lambda"": 2.225260754103279}"
57,2026-06-05T11:33:12.553183+00:00,xgb,ranking_xgb,57,4600,7,999,0.7501355409622192,733,266,0.49655333161354065,"[""V11"", ""V160"", ""V255"", ""V176"", ""V191"", ""V224"", ""V215""]","{""n_estimators"": 292, ""learning_rate"": 0.13105524370037064, ""max_depth"": 5, ""subsample"": 0.7997527880759778, ""colsample_bytree"": 0.5908752672872168, ""min_child_weight"": 7, ""reg_alpha"": 0.24784955351126103, ""reg_lambda"": 1.4172226502924277}"
58,2026-06-05T11:33:24.444401+00:00,xgb,ranking_xgb,58,4970,7,997,0.684332013130188,757,240,0.49643710255622864,"[""V11"", ""V160"", ""V255"", ""V176"", ""V191"", ""V224"", ""V215""]","{""n_estimators"": 314, ""learning_rate"": 0.0645715649327592, ""max_depth"": 3, ""subsample"": 0.6553913492800435, ""colsample_bytree"": 0.7829779453807528, ""min_child_weight"": 8, ""reg_alpha"": 0.9371334299974101, ""reg_lambda"": 1.473518117042707}"
59,2026-06-05T11:33:43.199019+00:00,xgb,ranking_xgb,59,4515,5,1000,0.7418829202651978,701,299,0.5019046068191528,"[""V11"", ""V160"", ""V255"", ""V176"", ""V191""]","{""n_estimators"": 391, ""learning_rate"": 0.15501320405066674, ""max_depth"": 4, ""subsample"": 0.7480301743838947, ""colsample_bytree"": 0.5378110332975685, ""min_child_weight"": 2, ""reg_alpha"": 0.2896340057739586, ""reg_lambda"": 1.1176089175768495}"
60,2026-06-05T11:34:04.151852+00:00,xgb,ranking_xgb,60,4395,5,1000,0.7569099068641663,693,307,0.5000430345535278,"[""V11"", ""V160"", ""V255"", ""V176"", ""V191""]","{""n_estimators"": 277, ""learning_rate"": 0.15069251815736728, ""max_depth"": 6, ""subsample"": 0.9895808923399334, ""colsample_bytree"": 0.6989276467769358, ""min_child_weight"": 4, ""reg_alpha"": 0.9411898423454207, ""reg_lambda"": 0.8996632034179628}"
61,2026-06-05T11:34:24.306948+00:00,xgb,ranking_xgb,61,4395,7,998,0.7784923315048218,719,279,0.49822384119033813,"[""V11"", ""V160"", ""V255"", ""V176"", ""V191"", ""V224"", ""V215""]","{""n_estimators"": 305, ""learning_rate"": 0.1461976957920333, ""max_depth"": 5, ""subsample"": 0.6615913384841097, ""colsample_bytree"": 0.8328747851441545, ""min_child_weight"": 2, ""reg_alpha"": 0.74842802731882, ""reg_lambda"": 1.5607951638015345}"
62,2026-06-05T11:34:31.933643+00:00,xgb,ranking_xgb,62,4940,5,999,0.6804863810539246,729,270,0.4977914094924927,"[""V11"", ""V160"", ""V255"", ""V176"", ""V191""]","{""n_estimators"": 199, ""learning_rate"": 0.15936471124889298, ""max_depth"": 3, ""subsample"": 0.9386633841035263, ""colsample_bytree"": 0.7497756536733196, ""min_child_weight"": 2, ""reg_alpha"": 0.0035455468097308485, ""reg_lambda"": 2.34728869327677}"
63,2026-06-05T11:34:38.137891+00:00,xgb,ranking_xgb,63,4880,5,999,0.6733722686767578,725,274,0.49708011746406555,"[""V11"", ""V160"", ""V255"", ""V176"", ""V191""]","{""n_estimators"": 118, ""learning_rate"": 0.11134514148061071, ""max_depth"": 4, ""subsample"": 0.9230425486404414, ""colsample_bytree"": 0.7057009999048872, ""min_child_weight"": 2, ""reg_alpha"": 0.8864141351799908, ""reg_lambda"": 1.065650903326277}"
64,2026-06-05T11:34:47.845139+00:00,xgb,ranking_xgb,64,4790,5,996,0.7035771012306213,718,278,0.49747034907341003,"[""V11"", ""V160"", ""V255"", ""V176"", ""V191""]","{""n_estimators"": 144, ""learning_rate"": 0.10290383956907082, ""max_depth"": 5, ""subsample"": 0.5358353015991768, ""colsample_bytree"": 0.9109119480588979, ""min_child_weight"": 3, ""reg_alpha"": 0.7855495680577067, ""reg_lambda"": 1.988675647126036}"
65,2026-06-05T11:34:58.520565+00:00,xgb,ranking_xgb,65,4755,8,1000,0.7283506989479065,757,243,0.49822476506233215,"[""V11"", ""V160"", ""V255"", ""V176"", ""V191"", ""V224"", ""V215"", ""V380""]","{""n_estimators"": 219, ""learning_rate"": 0.11277179628118034, ""max_depth"": 4, ""subsample"": 0.7249294494277263, ""colsample_bytree"": 0.7285099126973593, ""min_child_weight"": 9, ""reg_alpha"": 0.3133373611975704, ""reg_lambda"": 1.089718922003161}"
66,2026-06-05T11:35:19.677341+00:00,xgb,ranking_xgb,66,4865,7,1000,0.6934759020805359,751,249,0.49714115262031555,"[""V11"", ""V160"", ""V255"", ""V176"", ""V191"", ""V224"", ""V215""]","{""n_estimators"": 217, ""learning_rate"": 0.034710407925387085, ""max_depth"": 8, ""subsample"": 0.6879524371498996, ""colsample_bytree"": 0.7099811967588081, ""min_child_weight"": 7, ""reg_alpha"": 0.16295022250708835, ""reg_lambda"": 1.8986275064555331}"
67,2026-06-05T11:35:29.137500+00:00,xgb,ranking_xgb,67,4865,7,1000,0.6801186203956604,751,249,0.49549442529678345,"[""V11"", ""V160"", ""V255"", ""V176"", ""V191"", ""V224"", ""V215""]","{""n_estimators"": 120, ""learning_rate"": 0.059310349896959456, ""max_depth"": 6, ""subsample"": 0.6813427330884438, ""colsample_bytree"": 0.8395544377228157, ""min_child_weight"": 6, ""reg_alpha"": 0.904821464800912, ""reg_lambda"": 2.3432659917833862}"
68,2026-06-05T11:35:44.001940+00:00,xgb,ranking_xgb,68,4605,5,1000,0.7262530326843262,707,293,0.49887314438819885,"[""V11"", ""V160"", ""V255"", ""V176"", ""V191""]","{""n_estimators"": 302, ""learning_rate"": 0.17270294161799465, ""max_depth"": 4, ""subsample"": 0.665795910506717, ""colsample_bytree"": 0.529998964780309, ""min_child_weight"": 4, ""reg_alpha"": 0.7561352918483811, ""reg_lambda"": 2.337622370165859}"
69,2026-06-05T11:36:09.412368+00:00,xgb,ranking_xgb,69,4630,4,999,0.6884066462516785,695,304,0.49768495559692383,"[""V11"", ""V160"", ""V255"", ""V176""]","{""n_estimators"": 302, ""learning_rate"": 0.05209432919976728, ""max_depth"": 7, ""subsample"": 0.8053883912485752, ""colsample_bytree"": 0.6481939791478635, ""min_child_weight"": 7, ""reg_alpha"": 0.32266640733806584, ""reg_lambda"": 1.1182425722494775}"
70,2026-06-05T11:36:21.177308+00:00,xgb,ranking_xgb,70,4735,5,998,0.704555094242096,715,283,0.49636024236679077,"[""V11"", ""V160"", ""V255"", ""V176"", ""V191""]","{""n_estimators"": 154, ""learning_rate"": 0.09023680732667563, ""max_depth"": 6, ""subsample"": 0.6751262626117057, ""colsample_bytree"": 0.8947046282154463, ""min_child_weight"": 7, ""reg_alpha"": 0.14305329511753428, ""reg_lambda"": 1.0626445875313442}"
71,2026-06-05T11:36:47.632551+00:00,xgb,ranking_xgb,71,4295,9,998,0.8249200582504272,739,259,0.49387675523757935,"[""V11"", ""V160"", ""V255"", ""V176"", ""V191"", ""V224"", ""V215"", ""V380"", ""V342""]","{""n_estimators"": 314, ""learning_rate"": 0.16086394416138233, ""max_depth"": 7, ""subsample"": 0.562761909906455, ""colsample_bytree"": 0.5852866668881198, ""min_child_weight"": 6, ""reg_alpha"": 0.14800810092978367, ""reg_lambda"": 2.2190682044864136}"
72,2026-06-05T11:36:55.641419+00:00,xgb,ranking_xgb,72,4950,5,997,0.6793530583381653,729,268,0.4973783791065216,"[""V11"", ""V160"", ""V255"", ""V176"", ""V191""]","{""n_estimators"": 207, ""learning_rate"": 0.14386799520246607, ""max_depth"": 3, ""subsample"": 0.8564588174175376, ""colsample_bytree"": 0.5847643871477171, ""min_child_weight"": 1, ""reg_alpha"": 0.7883107006384493, ""reg_lambda"": 1.9452085687596747}"
73,2026-06-05T11:37:31.259639+00:00,xgb,ranking_xgb,73,4160,9,995,0.818071722984314,729,266,0.49969765543937683,"[""V11"", ""V160"", ""V255"", ""V176"", ""V191"", ""V224"", ""V215"", ""V380"", ""V342""]","{""n_estimators"": 375, ""learning_rate"": 0.13265139499180312, ""max_depth"": 8, ""subsample"": 0.5355825065418596, ""colsample_bytree"": 0.8241709709637413, ""min_child_weight"": 8, ""reg_alpha"": 0.6426342183058991, ""reg_lambda"": 2.389809447129578}"
74,2026-06-05T11:37:40.824578+00:00,xgb,ranking_xgb,74,4815,6,999,0.6817386746406555,734,265,0.4960795044898987,"[""V11"", ""V160"", ""V255"", ""V176"", ""V191"", ""V224""]","{""n_estimators"": 246, ""learning_rate"": 0.11079313964534203, ""max_depth"": 3, ""subsample"": 0.5866905920589611, ""colsample_bytree"": 0.7593431863672621, ""min_child_weight"": 8, ""reg_alpha"": 0.0859074536262453, ""reg_lambda"": 2.232350670875527}"
75,2026-06-05T11:38:02.582895+00:00,xgb,ranking_xgb,75,4325,5,999,0.7891767621040344,688,311,0.49844175577163696,"[""V11"", ""V160"", ""V255"", ""V176"", ""V191""]","{""n_estimators"": 237, ""learning_rate"": 0.16973444274872976, ""max_depth"": 7, ""subsample"": 0.6635426005407173, ""colsample_bytree"": 0.6244302380424167, ""min_child_weight"": 4, ""reg_alpha"": 0.6613284133782242, ""reg_lambda"": 1.9209825140591332}"
76,2026-06-05T11:38:19.983400+00:00,xgb,ranking_xgb,76,4685,4,1000,0.7002875804901123,699,301,0.49883392453193665,"[""V11"", ""V160"", ""V255"", ""V176""]","{""n_estimators"": 348, ""learning_rate"": 0.136833756416251, ""max_depth"": 4, ""subsample"": 0.9440553349501286, ""colsample_bytree"": 0.9648290885870345, ""min_child_weight"": 3, ""reg_alpha"": 0.533186156632571, ""reg_lambda"": 1.4717725990392168}"
77,2026-06-05T11:38:29.960003+00:00,xgb,ranking_xgb,77,5040,5,1000,0.6746060252189636,736,264,0.498593807220459,"[""V11"", ""V160"", ""V255"", ""V176"", ""V191""]","{""n_estimators"": 261, ""learning_rate"": 0.10769894579684795, ""max_depth"": 3, ""subsample"": 0.6673763122857626, ""colsample_bytree"": 0.5968567593367713, ""min_child_weight"": 3, ""reg_alpha"": 0.856685518937633, ""reg_lambda"": 1.6370261887467987}"
78,2026-06-05T11:39:01.729813+00:00,xgb,ranking_xgb,78,4650,8,994,0.719906747341156,748,246,0.5009559392929077,"[""V11"", ""V160"", ""V255"", ""V176"", ""V191"", ""V224"", ""V215"", ""V380""]","{""n_estimators"": 315, ""learning_rate"": 0.034854890676806416, ""max_depth"": 7, ""subsample"": 0.8768561148645884, ""colsample_bytree"": 0.5696572840513675, ""min_child_weight"": 1, ""reg_alpha"": 0.34115110179783437, ""reg_lambda"": 2.2779641647063333}"
79,2026-06-05T11:39:13.173582+00:00,xgb,ranking_xgb,79,4775,7,1000,0.7192375659942627,745,255,0.49729785323143005,"[""V11"", ""V160"", ""V255"", ""V176"", ""V191"", ""V224"", ""V215""]","{""n_estimators"": 297, ""learning_rate"": 0.16309995384621956, ""max_depth"": 3, ""subsample"": 0.8993480339519009, ""colsample_bytree"": 0.9000542958289413, ""min_child_weight"": 5, ""reg_alpha"": 0.7606209251584098, ""reg_lambda"": 2.4873447840099763}"
80,2026-06-05T11:39:37.322656+00:00,xgb,ranking_xgb,80,4670,7,1000,0.7523060441017151,738,262,0.496428906917572,"[""V11"", ""V160"", ""V255"", ""V176"", ""V191"", ""V224"", ""V215""]","{""n_estimators"": 289, ""learning_rate"": 0.10021011389221726, ""max_depth"": 7, ""subsample"": 0.9069010844423553, ""colsample_bytree"": 0.7170950316648108, ""min_child_weight"": 8, ""reg_alpha"": 0.3213640316096379, ""reg_lambda"": 2.0583479942148264}"
81,2026-06-05T11:39:58.140720+00:00,xgb,ranking_xgb,81,4445,7,1000,0.7596034407615662,723,277,0.4975539445877075,"[""V11"", ""V160"", ""V255"", ""V176"", ""V191"", ""V224"", ""V215""]","{""n_estimators"": 275, ""learning_rate"": 0.13142344873332196, ""max_depth"": 6, ""subsample"": 0.6349344855364751, ""colsample_bytree"": 0.8372409373444962, ""min_child_weight"": 8, ""reg_alpha"": 0.8825398436572417, ""reg_lambda"": 1.9820235999174913}"
82,2026-06-05T11:40:22.443363+00:00,xgb,ranking_xgb,82,4525,9,1000,0.7871747612953186,755,245,0.5025752186775208,"[""V11"", ""V160"", ""V255"", ""V176"", ""V191"", ""V224"", ""V215"", ""V380"", ""V342""]","{""n_estimators"": 293, ""learning_rate"": 0.08112733150339524, ""max_depth"": 6, ""subsample"": 0.8325977284976065, ""colsample_bytree"": 0.9500428432131734, ""min_child_weight"": 2, ""reg_alpha"": 0.2482102251210051, ""reg_lambda"": 1.5182388888192124}"
83,2026-06-05T11:40:41.030028+00:00,xgb,ranking_xgb,83,4770,4,998,0.6706097722053528,704,294,0.4972054064273834,"[""V11"", ""V160"", ""V255"", ""V176""]","{""n_estimators"": 231, ""learning_rate"": 0.04320206370863776, ""max_depth"": 6, ""subsample"": 0.8119496061676899, ""colsample_bytree"": 0.889021153657708, ""min_child_weight"": 3, ""reg_alpha"": 0.6556181010539374, ""reg_lambda"": 2.416239723524961}"
84,2026-06-05T11:40:48.655786+00:00,xgb,ranking_xgb,84,4910,5,996,0.6704944968223572,726,270,0.49782833456993103,"[""V11"", ""V160"", ""V255"", ""V176"", ""V191""]","{""n_estimators"": 182, ""learning_rate"": 0.11484862523204188, ""max_depth"": 3, ""subsample"": 0.9534267514092118, ""colsample_bytree"": 0.6368665427989014, ""min_child_weight"": 5, ""reg_alpha"": 0.3867360667480175, ""reg_lambda"": 1.9868183225995777}"
85,2026-06-05T11:41:27.739670+00:00,xgb,ranking_xgb,85,4355,8,999,0.824934184551239,730,269,0.49718135595321655,"[""V11"", ""V160"", ""V255"", ""V176"", ""V191"", ""V224"", ""V215"", ""V380""]","{""n_estimators"": 341, ""learning_rate"": 0.08553634741733987, ""max_depth"": 8, ""subsample"": 0.657796307014227, ""colsample_bytree"": 0.685256376825683, ""min_child_weight"": 2, ""reg_alpha"": 0.2754019958793309, ""reg_lambda"": 0.7196162679540223}"
86,2026-06-05T11:41:49.474886+00:00,xgb,ranking_xgb,86,4400,7,1000,0.777280330657959,720,280,0.4973026514053345,"[""V11"", ""V160"", ""V255"", ""V176"", ""V191"", ""V224"", ""V215""]","{""n_estimators"": 260, ""learning_rate"": 0.10634296029681105, ""max_depth"": 6, ""subsample"": 0.5242880458153736, ""colsample_bytree"": 0.8733298267182206, ""min_child_weight"": 2, ""reg_alpha"": 0.37324974209927675, ""reg_lambda"": 1.2385571871464731}"
87,2026-06-05T11:42:15.169188+00:00,xgb,ranking_xgb,87,4320,8,1000,0.8402976393699646,728,272,0.4962775409221649,"[""V11"", ""V160"", ""V255"", ""V176"", ""V191"", ""V224"", ""V215"", ""V380""]","{""n_estimators"": 248, ""learning_rate"": 0.17896065653163168, ""max_depth"": 7, ""subsample"": 0.576318871650123, ""colsample_bytree"": 0.8772964057627615, ""min_child_weight"": 2, ""reg_alpha"": 0.42164722079002415, ""reg_lambda"": 2.2120477521770416}"
88,2026-06-05T11:42:59.510645+00:00,xgb,ranking_xgb,88,4350,8,1000,0.777174174785614,730,270,0.49711182713508606,"[""V11"", ""V160"", ""V255"", ""V176"", ""V191"", ""V224"", ""V215"", ""V380""]","{""n_estimators"": 287, ""learning_rate"": 0.07100475866817983, ""max_depth"": 9, ""subsample"": 0.5489160886576936, ""colsample_bytree"": 0.6203724578905905, ""min_child_weight"": 1, ""reg_alpha"": 0.5474529344525135, ""reg_lambda"": 1.9383065958575159}"
89,2026-06-05T11:43:25.409658+00:00,xgb,ranking_xgb,89,4595,7,985,0.7823335528373718,728,257,0.4996242821216583,"[""V11"", ""V160"", ""V255"", ""V176"", ""V191"", ""V224"", ""V215""]","{""n_estimators"": 388, ""learning_rate"": 0.10607245323196202, ""max_depth"": 5, ""subsample"": 0.8262089375268116, ""colsample_bytree"": 0.8611118260770707, ""min_child_weight"": 1, ""reg_alpha"": 0.7142971018711349, ""reg_lambda"": 1.9346767641828015}"
90,2026-06-05T11:44:12.878249+00:00,xgb,ranking_xgb,90,4420,7,999,0.8025068640708923,721,278,0.49503710865974426,"[""V11"", ""V160"", ""V255"", ""V176"", ""V191"", ""V224"", ""V215""]","{""n_estimators"": 386, ""learning_rate"": 0.06839057014675053, ""max_depth"": 9, ""subsample"": 0.6433264355991843, ""colsample_bytree"": 0.8174003867960912, ""min_child_weight"": 3, ""reg_alpha"": 0.015990073460554255, ""reg_lambda"": 0.8051904577678375}"
91,2026-06-05T11:44:32.678216+00:00,xgb,ranking_xgb,91,4715,5,993,0.7030961513519287,712,281,0.49818602204322815,"[""V11"", ""V160"", ""V255"", ""V176"", ""V191""]","{""n_estimators"": 257, ""learning_rate"": 0.053652849151411094, ""max_depth"": 6, ""subsample"": 0.6549256663937038, ""colsample_bytree"": 0.7049210711795026, ""min_child_weight"": 3, ""reg_alpha"": 0.2677095144131617, ""reg_lambda"": 1.1681023149767582}"
92,2026-06-05T11:44:49.509336+00:00,xgb,ranking_xgb,92,4455,8,1000,0.7834424376487732,737,263,0.5001296997070312,"[""V11"", ""V160"", ""V255"", ""V176"", ""V191"", ""V224"", ""V215"", ""V380""]","{""n_estimators"": 278, ""learning_rate"": 0.17861761331076226, ""max_depth"": 5, ""subsample"": 0.648249844350536, ""colsample_bytree"": 0.546666834240384, ""min_child_weight"": 5, ""reg_alpha"": 0.4583770910294558, ""reg_lambda"": 1.577739784901779}"
93,2026-06-05T11:45:03.107523+00:00,xgb,ranking_xgb,93,4555,9,1000,0.7750494480133057,757,243,0.496195912361145,"[""V11"", ""V160"", ""V255"", ""V176"", ""V191"", ""V224"", ""V215"", ""V380"", ""V342""]","{""n_estimators"": 222, ""learning_rate"": 0.16710351190184977, ""max_depth"": 5, ""subsample"": 0.7123640657375538, ""colsample_bytree"": 0.7394348234235947, ""min_child_weight"": 8, ""reg_alpha"": 0.2581038426855332, ""reg_lambda"": 2.365515194635824}"
94,2026-06-05T11:45:28.486269+00:00,xgb,ranking_xgb,94,4505,7,1000,0.7249794602394104,727,273,0.4961784780025482,"[""V11"", ""V160"", ""V255"", ""V176"", ""V191"", ""V224"", ""V215""]","{""n_estimators"": 252, ""learning_rate"": 0.07608615140153549, ""max_depth"": 8, ""subsample"": 0.5525139031407196, ""colsample_bytree"": 0.5671243952946167, ""min_child_weight"": 5, ""reg_alpha"": 0.9993765288232714, ""reg_lambda"": 2.0019678538643824}"
95,2026-06-05T11:45:55.473526+00:00,xgb,ranking_xgb,95,4295,7,997,0.7930431962013245,712,285,0.4970405697822571,"[""V11"", ""V160"", ""V255"", ""V176"", ""V191"", ""V224"", ""V215""]","{""n_estimators"": 287, ""learning_rate"": 0.1477736639312146, ""max_depth"": 8, ""subsample"": 0.8449308072893819, ""colsample_bytree"": 0.7117164894502674, ""min_child_weight"": 9, ""reg_alpha"": 0.39247196998969147, ""reg_lambda"": 1.5238142962625791}"
96,2026-06-05T11:46:46.247557+00:00,xgb,ranking_xgb,96,4370,8,999,0.7737855315208435,731,268,0.49618324637413025,"[""V11"", ""V160"", ""V255"", ""V176"", ""V191"", ""V224"", ""V215"", ""V380""]","{""n_estimators"": 397, ""learning_rate"": 0.058603202793627435, ""max_depth"": 9, ""subsample"": 0.6150425401289981, ""colsample_bytree"": 0.6531876829750216, ""min_child_weight"": 3, ""reg_alpha"": 0.8694621000041144, ""reg_lambda"": 1.9484753527986953}"
97,2026-06-05T11:47:02.919301+00:00,xgb,ranking_xgb,97,4610,7,1000,0.740394115447998,734,266,0.4954603612422943,"[""V11"", ""V160"", ""V255"", ""V176"", ""V191"", ""V224"", ""V215""]","{""n_estimators"": 184, ""learning_rate"": 0.101283994886468, ""max_depth"": 7, ""subsample"": 0.9086176865817284, ""colsample_bytree"": 0.9519402373675536, ""min_child_weight"": 7, ""reg_alpha"": 0.5862663471555426, ""reg_lambda"": 1.4496881379544855}"
98,2026-06-05T11:47:16.919867+00:00,xgb,ranking_xgb,98,4490,8,999,0.771397054195404,739,260,0.49414852261543274,"[""V11"", ""V160"", ""V255"", ""V176"", ""V191"", ""V224"", ""V215"", ""V380""]","{""n_estimators"": 190, ""learning_rate"": 0.15326010834824572, ""max_depth"": 6, ""subsample"": 0.7235768926307558, ""colsample_bytree"": 0.6422905045143158, ""min_child_weight"": 6, ""reg_alpha"": 0.2385812424044581, ""reg_lambda"": 0.7375072684337953}"
99,2026-06-05T11:47:27.784934+00:00,xgb,ranking_xgb,99,4690,9,1000,0.7482411861419678,766,234,0.4965421259403229,"[""V11"", ""V160"", ""V255"", ""V176"", ""V191"", ""V224"", ""V215"", ""V380"", ""V342""]","{""n_estimators"": 142, ""learning_rate"": 0.1150783523176327, ""max_depth"": 6, ""subsample"": 0.5709159328810234, ""colsample_bytree"": 0.8866032008002485, ""min_child_weight"": 7, ""reg_alpha"": 0.11891018660926722, ""reg_lambda"": 1.2771190455657404}"
100,2026-06-05T11:47:36.298796+00:00,xgb,ranking_xgb,100,4980,5,1000,0.6794213056564331,732,268,0.4979588985443115,"[""V11"", ""V160"", ""V255"", ""V176"", ""V191""]","{""n_estimators"": 229, ""learning_rate"": 0.1383809511602801, ""max_depth"": 3, ""subsample"": 0.9127475870179482, ""colsample_bytree"": 0.515723193813149, ""min_child_weight"": 6, ""reg_alpha"": 0.19331310365809062, ""reg_lambda"": 2.4546961232665554}"
101,2026-06-05T11:47:40.815797+00:00,xgb,ranking_xgb,101,5175,5,1000,0.6572064161300659,745,255,0.49457430839538574,"[""V11"", ""V160"", ""V255"", ""V176"", ""V191""]","{""n_estimators"": 108, ""learning_rate"": 0.1306733450424329, ""max_depth"": 3, ""subsample"": 0.5743024200376825, ""colsample_bytree"": 0.5783555400430005, ""min_child_weight"": 6, ""reg_alpha"": 0.6707490847267786, ""reg_lambda"": 2.1517055102100953}"
102,2026-06-05T11:47:51.650556+00:00,xgb,ranking_xgb,102,4755,5,1000,0.6973811984062195,717,283,0.49575015902519226,"[""V11"", ""V160"", ""V255"", ""V176"", ""V191""]","{""n_estimators"": 111, ""learning_rate"": 0.11560013803022097, ""max_depth"": 8, ""subsample"": 0.5006651978391297, ""colsample_bytree"": 0.7670554400753113, ""min_child_weight"": 9, ""reg_alpha"": 0.3069662196722378, ""reg_lambda"": 2.287226159366795}"
103,2026-06-05T11:48:13.519420+00:00,xgb,ranking_xgb,103,4610,7,1000,0.744306743144989,734,266,0.4979408085346222,"[""V11"", ""V160"", ""V255"", ""V176"", ""V191"", ""V224"", ""V215""]","{""n_estimators"": 356, ""learning_rate"": 0.08963361525087085, ""max_depth"": 5, ""subsample"": 0.6496408705048509, ""colsample_bytree"": 0.8653701339545172, ""min_child_weight"": 9, ""reg_alpha"": 0.8090176696206909, ""reg_lambda"": 0.8344970082978309}"
104,2026-06-05T11:48:41.076734+00:00,xgb,ranking_xgb,104,4640,7,1000,0.7480645179748535,736,264,0.49700483679771423,"[""V11"", ""V160"", ""V255"", ""V176"", ""V191"", ""V224"", ""V215""]","{""n_estimators"": 363, ""learning_rate"": 0.06886410240927554, ""max_depth"": 6, ""subsample"": 0.5854718426387511, ""colsample_bytree"": 0.9138161238103206, ""min_child_weight"": 6, ""reg_alpha"": 0.4809718091737758, ""reg_lambda"": 0.6774463031095974}"
105,2026-06-05T11:48:53.280954+00:00,xgb,ranking_xgb,105,4830,8,1000,0.6964837908744812,762,238,0.49684199690818787,"[""V11"", ""V160"", ""V255"", ""V176"", ""V191"", ""V224"", ""V215"", ""V380""]","{""n_estimators"": 169, ""learning_rate"": 0.04865121226195061, ""max_depth"": 6, ""subsample"": 0.9037466810251883, ""colsample_bytree"": 0.6492372877700416, ""min_child_weight"": 9, ""reg_alpha"": 0.9990267438600756, ""reg_lambda"": 0.6862460286235736}"
106,2026-06-05T11:49:07.318810+00:00,xgb,ranking_xgb,106,4845,5,1000,0.6806623339653015,723,277,0.49879950284957886,"[""V11"", ""V160"", ""V255"", ""V176"", ""V191""]","{""n_estimators"": 292, ""learning_rate"": 0.07923980012555377, ""max_depth"": 4, ""subsample"": 0.9296778725443235, ""colsample_bytree"": 0.5528434176595423, ""min_child_weight"": 1, ""reg_alpha"": 0.7344198008156535, ""reg_lambda"": 1.1983537718181994}"
107,2026-06-05T11:49:43.765355+00:00,xgb,ranking_xgb,107,4345,6,1000,0.7876611948013306,703,297,0.4969368278980255,"[""V11"", ""V160"", ""V255"", ""V176"", ""V191"", ""V224""]","{""n_estimators"": 395, ""learning_rate"": 0.10144038280423547, ""max_depth"": 7, ""subsample"": 0.8051093858635581, ""colsample_bytree"": 0.926029908737652, ""min_child_weight"": 6, ""reg_alpha"": 0.9968964530112713, ""reg_lambda"": 0.526100037358133}"
108,2026-06-05T11:50:01.643078+00:00,xgb,ranking_xgb,108,4190,10,1000,0.8144855499267578,746,254,0.4934592843055725,"[""V11"", ""V160"", ""V255"", ""V176"", ""V191"", ""V224"", ""V215"", ""V380"", ""V342"", ""V117""]","{""n_estimators"": 162, ""learning_rate"": 0.17865872311008818, ""max_depth"": 9, ""subsample"": 0.7817009243238886, ""colsample_bytree"": 0.6126322071843793, ""min_child_weight"": 7, ""reg_alpha"": 0.38534581029781123, ""reg_lambda"": 0.5345593742309691}"
109,2026-06-05T11:50:16.929319+00:00,xgb,ranking_xgb,109,4495,9,1000,0.805732786655426,753,247,0.5002670288085938,"[""V11"", ""V160"", ""V255"", ""V176"", ""V191"", ""V224"", ""V215"", ""V380"", ""V342""]","{""n_estimators"": 199, ""learning_rate"": 0.1660827953007679, ""max_depth"": 6, ""subsample"": 0.7900444701755276, ""colsample_bytree"": 0.5645571432898695, ""min_child_weight"": 3, ""reg_alpha"": 0.32222699883338013, ""reg_lambda"": 1.0335838328778142}"
110,2026-06-05T11:50:51.998897+00:00,xgb,ranking_xgb,110,4290,9,999,0.8475781679153442,739,260,0.4961070716381073,"[""V11"", ""V160"", ""V255"", ""V176"", ""V191"", ""V224"", ""V215"", ""V380"", ""V342""]","{""n_estimators"": 362, ""learning_rate"": 0.12530708434964685, ""max_depth"": 8, ""subsample"": 0.8496417980729397, ""colsample_bytree"": 0.5972846241030003, ""min_child_weight"": 5, ""reg_alpha"": 0.08857352813998931, ""reg_lambda"": 1.182780464963317}"
111,2026-06-05T11:51:24.025382+00:00,xgb,ranking_xgb,111,4320,5,1000,0.8014127612113953,688,312,0.500673770904541,"[""V11"", ""V160"", ""V255"", ""V176"", ""V191""]","{""n_estimators"": 228, ""learning_rate"": 0.1519279911277317, ""max_depth"": 8, ""subsample"": 0.9778001107751674, ""colsample_bytree"": 0.927166330365429, ""min_child_weight"": 1, ""reg_alpha"": 0.6824631292225899, ""reg_lambda"": 2.4100199919752088}"
112,2026-06-05T11:51:39.044250+00:00,xgb,ranking_xgb,112,4740,8,997,0.7294549942016602,755,242,0.4967469871044159,"[""V11"", ""V160"", ""V255"", ""V176"", ""V191"", ""V224"", ""V215"", ""V380""]","{""n_estimators"": 312, ""learning_rate"": 0.09540885290567552, ""max_depth"": 4, ""subsample"": 0.648857989517321, ""colsample_bytree"": 0.6889312198354414, ""min_child_weight"": 8, ""reg_alpha"": 0.022478324544161765, ""reg_lambda"": 1.3404489845291154}"
113,2026-06-05T11:51:50.716323+00:00,xgb,ranking_xgb,113,4690,7,999,0.7179004549980164,739,260,0.4973967373371124,"[""V11"", ""V160"", ""V255"", ""V176"", ""V191"", ""V224"", ""V215""]","{""n_estimators"": 200, ""learning_rate"": 0.13613633130524821, ""max_depth"": 5, ""subsample"": 0.9750082897025836, ""colsample_bytree"": 0.5378386023510308, ""min_child_weight"": 8, ""reg_alpha"": 0.6089615362342131, ""reg_lambda"": 1.0053604402364154}"
114,2026-06-05T11:52:07.692723+00:00,xgb,ranking_xgb,114,4835,8,999,0.7065623998641968,762,237,0.4992673397064209,"[""V11"", ""V160"", ""V255"", ""V176"", ""V191"", ""V224"", ""V215"", ""V380""]","{""n_estimators"": 265, ""learning_rate"": 0.04847894274507119, ""max_depth"": 5, ""subsample"": 0.9474658813493118, ""colsample_bytree"": 0.7182467737893041, ""min_child_weight"": 1, ""reg_alpha"": 0.5758578744249331, ""reg_lambda"": 2.1809418394591447}"
115,2026-06-05T11:52:18.086888+00:00,xgb,ranking_xgb,115,4855,9,1000,0.6995916366577148,777,223,0.4977862238883972,"[""V11"", ""V160"", ""V255"", ""V176"", ""V191"", ""V224"", ""V215"", ""V380"", ""V342""]","{""n_estimators"": 174, ""learning_rate"": 0.048962816374836786, ""max_depth"": 5, ""subsample"": 0.9629418815241304, ""colsample_bytree"": 0.7442065888253218, ""min_child_weight"": 9, ""reg_alpha"": 0.00941220195459147, ""reg_lambda"": 1.258646564680408}"
116,2026-06-05T11:52:40.891053+00:00,xgb,ranking_xgb,116,4720,4,996,0.7014142870903015,700,296,0.4964059591293335,"[""V11"", ""V160"", ""V255"", ""V176""]","{""n_estimators"": 374, ""learning_rate"": 0.07373504262727618, ""max_depth"": 5, ""subsample"": 0.7068458667341254, ""colsample_bytree"": 0.7884003743629017, ""min_child_weight"": 6, ""reg_alpha"": 0.49465065591439905, ""reg_lambda"": 0.5324518914985386}"
117,2026-06-05T11:52:50.319964+00:00,xgb,ranking_xgb,117,4790,4,1000,0.6741699576377869,706,294,0.4954441785812378,"[""V11"", ""V160"", ""V255"", ""V176""]","{""n_estimators"": 149, ""learning_rate"": 0.10604634876825417, ""max_depth"": 5, ""subsample"": 0.5012457534291186, ""colsample_bytree"": 0.8919562981287088, ""min_child_weight"": 9, ""reg_alpha"": 0.4779939510390452, ""reg_lambda"": 1.2234473789323481}"
118,2026-06-05T11:53:07.278342+00:00,xgb,ranking_xgb,118,4800,7,998,0.7268297076225281,746,252,0.5002726316452026,"[""V11"", ""V160"", ""V255"", ""V176"", ""V191"", ""V224"", ""V215""]","{""n_estimators"": 212, ""learning_rate"": 0.07489996661157097, ""max_depth"": 6, ""subsample"": 0.9426517003801302, ""colsample_bytree"": 0.5932217947755613, ""min_child_weight"": 1, ""reg_alpha"": 0.6068702269002959, ""reg_lambda"": 1.465429198141477}"
119,2026-06-05T11:53:41.520192+00:00,xgb,ranking_xgb,119,4685,7,1000,0.7235981225967407,739,261,0.4949013292789459,"[""V11"", ""V160"", ""V255"", ""V176"", ""V191"", ""V224"", ""V215""]","{""n_estimators"": 356, ""learning_rate"": 0.04711449799590322, ""max_depth"": 8, ""subsample"": 0.5293123845371088, ""colsample_bytree"": 0.9544752105318116, ""min_child_weight"": 9, ""reg_alpha"": 0.9377480497194558, ""reg_lambda"": 0.7616965582502819}"
120,2026-06-05T11:53:52.104008+00:00,xgb,ranking_xgb,120,4920,5,1000,0.6590705513954163,728,272,0.4967094361782074,"[""V11"", ""V160"", ""V255"", ""V176"", ""V191""]","{""n_estimators"": 126, ""learning_rate"": 0.0606071576410507, ""max_depth"": 7, ""subsample"": 0.8154157441549342, ""colsample_bytree"": 0.5284625827028449, ""min_child_weight"": 9, ""reg_alpha"": 0.4199864819996859, ""reg_lambda"": 2.4741230039719895}"
121,2026-06-05T11:54:31.966744+00:00,xgb,ranking_xgb,121,4455,5,997,0.753060519695282,696,301,0.49853193759918213,"[""V11"", ""V160"", ""V255"", ""V176"", ""V191""]","{""n_estimators"": 267, ""learning_rate"": 0.08483242628681525, ""max_depth"": 9, ""subsample"": 0.7827625292433145, ""colsample_bytree"": 0.7951797599355124, ""min_child_weight"": 2, ""reg_alpha"": 0.9508648660726735, ""reg_lambda"": 2.469151198156082}"
122,2026-06-05T11:54:50.671069+00:00,xgb,ranking_xgb,122,4510,9,1000,0.807035505771637,754,246,0.49952852725982666,"[""V11"", ""V160"", ""V255"", ""V176"", ""V191"", ""V224"", ""V215"", ""V380"", ""V342""]","{""n_estimators"": 364, ""learning_rate"": 0.1786814106624154, ""max_depth"": 4, ""subsample"": 0.5759722786105714, ""colsample_bytree"": 0.9150890691488169, ""min_child_weight"": 3, ""reg_alpha"": 0.5557905998327344, ""reg_lambda"": 1.9910478844418193}"
123,2026-06-05T11:55:18.129671+00:00,xgb,ranking_xgb,123,4650,5,1000,0.7208160758018494,710,290,0.49778038263320923,"[""V11"", ""V160"", ""V255"", ""V176"", ""V191""]","{""n_estimators"": 372, ""learning_rate"": 0.06323581897623679, ""max_depth"": 6, ""subsample"": 0.8057706055566998, ""colsample_bytree"": 0.7915403020405313, ""min_child_weight"": 6, ""reg_alpha"": 0.1887731000040771, ""reg_lambda"": 1.9041959478553248}"
124,2026-06-05T11:55:35.020990+00:00,xgb,ranking_xgb,124,4535,4,994,0.715373158454895,687,307,0.49979227781295776,"[""V11"", ""V160"", ""V255"", ""V176""]","{""n_estimators"": 198, ""learning_rate"": 0.11269721536243368, ""max_depth"": 6, ""subsample"": 0.7455594667162986, ""colsample_bytree"": 0.8900138809560396, ""min_child_weight"": 2, ""reg_alpha"": 0.6848297385848633, ""reg_lambda"": 1.4618638029687219}"
125,2026-06-05T11:55:50.994067+00:00,xgb,ranking_xgb,125,4485,10,998,0.7827456593513489,765,233,0.49913036823272705,"[""V11"", ""V160"", ""V255"", ""V176"", ""V191"", ""V224"", ""V215"", ""V380"", ""V342"", ""V117""]","{""n_estimators"": 256, ""learning_rate"": 0.14182072273284196, ""max_depth"": 5, ""subsample"": 0.795162280865912, ""colsample_bytree"": 0.7802080042090487, ""min_child_weight"": 6, ""reg_alpha"": 0.6679624094080733, ""reg_lambda"": 1.2909500215645557}"
126,2026-06-05T11:56:11.643969+00:00,xgb,ranking_xgb,126,4800,5,1000,0.6763066649436951,720,280,0.49857547879219055,"[""V11"", ""V160"", ""V255"", ""V176"", ""V191""]","{""n_estimators"": 257, ""learning_rate"": 0.03862960427521346, ""max_depth"": 6, ""subsample"": 0.56627626360008, ""colsample_bytree"": 0.5655425748553515, ""min_child_weight"": 1, ""reg_alpha"": 0.6195123896958387, ""reg_lambda"": 0.5266708072723254}"
127,2026-06-05T11:56:26.966849+00:00,xgb,ranking_xgb,127,4815,8,1000,0.7052381038665771,761,239,0.4975663125514984,"[""V11"", ""V160"", ""V255"", ""V176"", ""V191"", ""V224"", ""V215"", ""V380""]","{""n_estimators"": 211, ""learning_rate"": 0.049221610805100055, ""max_depth"": 6, ""subsample"": 0.5671520609985239, ""colsample_bytree"": 0.657206426366149, ""min_child_weight"": 7, ""reg_alpha"": 0.3830457201015457, ""reg_lambda"": 1.6600903484051248}"
128,2026-06-05T11:56:54.148200+00:00,xgb,ranking_xgb,128,4675,7,999,0.7199532985687256,738,261,0.49727749824523926,"[""V11"", ""V160"", ""V255"", ""V176"", ""V191"", ""V224"", ""V215""]","{""n_estimators"": 301, ""learning_rate"": 0.03825204965468082, ""max_depth"": 7, ""subsample"": 0.592982656100218, ""colsample_bytree"": 0.8863953239764543, ""min_child_weight"": 5, ""reg_alpha"": 0.0862768990883871, ""reg_lambda"": 1.3827895141863313}"
129,2026-06-05T11:57:12.925171+00:00,xgb,ranking_xgb,129,4345,6,1000,0.753480851650238,703,297,0.4998120963573456,"[""V11"", ""V160"", ""V255"", ""V176"", ""V191"", ""V224""]","{""n_estimators"": 310, ""learning_rate"": 0.16380285754406246, ""max_depth"": 5, ""subsample"": 0.5657042390867435, ""colsample_bytree"": 0.5207967218738436, ""min_child_weight"": 6, ""reg_alpha"": 0.6454746004955415, ""reg_lambda"": 2.0811987040444664}"
130,2026-06-05T11:57:33.728474+00:00,xgb,ranking_xgb,130,4400,7,1000,0.7449819445610046,720,280,0.4957388639450073,"[""V11"", ""V160"", ""V255"", ""V176"", ""V191"", ""V224"", ""V215""]","{""n_estimators"": 195, ""learning_rate"": 0.10187462665318671, ""max_depth"": 9, ""subsample"": 0.8026476188127638, ""colsample_bytree"": 0.5424281888062252, ""min_child_weight"": 7, ""reg_alpha"": 0.2694224408938686, ""reg_lambda"": 0.585052044650799}"
131,2026-06-05T11:57:46.881121+00:00,xgb,ranking_xgb,131,4735,3,1000,0.6472731232643127,689,311,0.49716371297836304,"[""V11"", ""V160"", ""V255""]","{""n_estimators"": 217, ""learning_rate"": 0.07673165416913849, ""max_depth"": 5, ""subsample"": 0.9428392690636642, ""colsample_bytree"": 0.8811695445101059, ""min_child_weight"": 7, ""reg_alpha"": 0.47493860219754014, ""reg_lambda"": 2.346231967192156}"
132,2026-06-05T11:58:02.866542+00:00,xgb,ranking_xgb,132,4545,8,1000,0.7772262096405029,743,257,0.4983721077442169,"[""V11"", ""V160"", ""V255"", ""V176"", ""V191"", ""V224"", ""V215"", ""V380""]","{""n_estimators"": 322, ""learning_rate"": 0.17221637487604047, ""max_depth"": 4, ""subsample"": 0.7912592762756949, ""colsample_bytree"": 0.6607387650404575, ""min_child_weight"": 1, ""reg_alpha"": 0.6331399100979177, ""reg_lambda"": 1.704874459716038}"
133,2026-06-05T11:58:26.939940+00:00,xgb,ranking_xgb,133,4425,5,991,0.7728179693222046,692,299,0.5012195110321045,"[""V11"", ""V160"", ""V255"", ""V176"", ""V191""]","{""n_estimators"": 181, ""learning_rate"": 0.09638895328563186, ""max_depth"": 9, ""subsample"": 0.8908413958536311, ""colsample_bytree"": 0.9007985591201013, ""min_child_weight"": 3, ""reg_alpha"": 0.3290568214813019, ""reg_lambda"": 0.516128873172996}"
134,2026-06-05T11:58:39.599708+00:00,xgb,ranking_xgb,134,4875,5,1000,0.6832211017608643,725,275,0.49798622727394104,"[""V11"", ""V160"", ""V255"", ""V176"", ""V191""]","{""n_estimators"": 261, ""learning_rate"": 0.08441203876919393, ""max_depth"": 4, ""subsample"": 0.5547780615569466, ""colsample_bytree"": 0.5711217574388965, ""min_child_weight"": 6, ""reg_alpha"": 0.955046070649496, ""reg_lambda"": 1.8190168917561158}"
135,2026-06-05T11:58:48.042519+00:00,xgb,ranking_xgb,135,4875,5,997,0.6752356886863708,724,273,0.4980912208557129,"[""V11"", ""V160"", ""V255"", ""V176"", ""V191""]","{""n_estimators"": 138, ""learning_rate"": 0.09716463672707178, ""max_depth"": 5, ""subsample"": 0.8591538886796639, ""colsample_bytree"": 0.5976059387068254, ""min_child_weight"": 7, ""reg_alpha"": 0.7116700774041035, ""reg_lambda"": 1.8305433032809324}"
136,2026-06-05T11:59:06.965085+00:00,xgb,ranking_xgb,136,4805,5,996,0.6936582922935486,719,277,0.49688008427619934,"[""V11"", ""V160"", ""V255"", ""V176"", ""V191""]","{""n_estimators"": 259, ""learning_rate"": 0.047441552871124476, ""max_depth"": 6, ""subsample"": 0.59769908780629, ""colsample_bytree"": 0.9314911566944506, ""min_child_weight"": 8, ""reg_alpha"": 0.05255594905798844, ""reg_lambda"": 2.3605271396595358}"
137,2026-06-05T11:59:38.403343+00:00,xgb,ranking_xgb,137,4135,7,999,0.8233776092529297,702,297,0.49359312653541565,"[""V11"", ""V160"", ""V255"", ""V176"", ""V191"", ""V224"", ""V215""]","{""n_estimators"": 323, ""learning_rate"": 0.1716123112456886, ""max_depth"": 8, ""subsample"": 0.6067309421148201, ""colsample_bytree"": 0.5762094992339503, ""min_child_weight"": 5, ""reg_alpha"": 0.9582703214488213, ""reg_lambda"": 0.845882898096}"
138,2026-06-05T12:00:02.271439+00:00,xgb,ranking_xgb,138,4570,9,1000,0.7868829369544983,758,242,0.49745428562164307,"[""V11"", ""V160"", ""V255"", ""V176"", ""V191"", ""V224"", ""V215"", ""V380"", ""V342""]","{""n_estimators"": 322, ""learning_rate"": 0.10592190327705148, ""max_depth"": 6, ""subsample"": 0.847685483795739, ""colsample_bytree"": 0.8499951763546784, ""min_child_weight"": 7, ""reg_alpha"": 0.5027030219248629, ""reg_lambda"": 2.283606338442899}"
139,2026-06-05T12:00:34.895764+00:00,xgb,ranking_xgb,139,4165,9,1000,0.8453600406646729,731,269,0.495723158121109,"[""V11"", ""V160"", ""V255"", ""V176"", ""V191"", ""V224"", ""V215"", ""V380"", ""V342""]","{""n_estimators"": 350, ""learning_rate"": 0.1512865051313081, ""max_depth"": 8, ""subsample"": 0.6620137638719381, ""colsample_bytree"": 0.976119219786671, ""min_child_weight"": 9, ""reg_alpha"": 0.07758451546789491, ""reg_lambda"": 1.2691281802192131}"
140,2026-06-05T12:00:46.132494+00:00,xgb,ranking_xgb,140,4745,8,996,0.7071671485900879,755,241,0.49957650899887085,"[""V11"", ""V160"", ""V255"", ""V176"", ""V191"", ""V224"", ""V215"", ""V380""]","{""n_estimators"": 104, ""learning_rate"": 0.05803429970880393, ""max_depth"": 7, ""subsample"": 0.9671116709499092, ""colsample_bytree"": 0.979480618658787, ""min_child_weight"": 2, ""reg_alpha"": 0.19195314620421766, ""reg_lambda"": 0.9613370938849546}"
141,2026-06-05T12:01:10.278607+00:00,xgb,ranking_xgb,141,4620,9,999,0.7346892952919006,761,238,0.49572256207466125,"[""V11"", ""V160"", ""V255"", ""V176"", ""V191"", ""V224"", ""V215"", ""V380"", ""V342""]","{""n_estimators"": 204, ""learning_rate"": 0.057421068894191435, ""max_depth"": 9, ""subsample"": 0.5004923882068524, ""colsample_bytree"": 0.6482816544189353, ""min_child_weight"": 4, ""reg_alpha"": 0.9155044058012787, ""reg_lambda"": 0.9288827641677533}"
142,2026-06-05T12:01:28.102156+00:00,xgb,ranking_xgb,142,4735,4,996,0.7086775898933411,701,295,0.49921849370002747,"[""V11"", ""V160"", ""V255"", ""V176""]","{""n_estimators"": 218, ""learning_rate"": 0.08342561772733356, ""max_depth"": 6, ""subsample"": 0.7455755264363668, ""colsample_bytree"": 0.9355098520003529, ""min_child_weight"": 2, ""reg_alpha"": 0.15443588642592365, ""reg_lambda"": 0.600828162027363}"
143,2026-06-05T12:02:02.920374+00:00,xgb,ranking_xgb,143,4640,7,1000,0.7915565967559814,736,264,0.49707359075546265,"[""V11"", ""V160"", ""V255"", ""V176"", ""V191"", ""V224"", ""V215""]","{""n_estimators"": 377, ""learning_rate"": 0.08648257273190565, ""max_depth"": 7, ""subsample"": 0.8879095346945204, ""colsample_bytree"": 0.8236124001439071, ""min_child_weight"": 3, ""reg_alpha"": 0.3220361230629616, ""reg_lambda"": 1.0394122217936597}"
144,2026-06-05T12:02:11.919746+00:00,xgb,ranking_xgb,144,4660,7,999,0.7173612117767334,737,262,0.497447669506073,"[""V11"", ""V160"", ""V255"", ""V176"", ""V191"", ""V224"", ""V215""]","{""n_estimators"": 178, ""learning_rate"": 0.14602142342174954, ""max_depth"": 4, ""subsample"": 0.7340450504366748, ""colsample_bytree"": 0.7119690078210117, ""min_child_weight"": 3, ""reg_alpha"": 0.5125118645514876, ""reg_lambda"": 1.4092657865402691}"
145,2026-06-05T12:02:36.668865+00:00,xgb,ranking_xgb,145,4530,5,1000,0.7537876963615417,702,298,0.5007806420326233,"[""V11"", ""V160"", ""V255"", ""V176"", ""V191""]","{""n_estimators"": 316, ""learning_rate"": 0.10151017457825774, ""max_depth"": 6, ""subsample"": 0.9716021184291934, ""colsample_bytree"": 0.8137731496541742, ""min_child_weight"": 2, ""reg_alpha"": 0.45904381884196677, ""reg_lambda"": 2.114752345743609}"
146,2026-06-05T12:02:51.966257+00:00,xgb,ranking_xgb,146,4790,5,999,0.6546347737312317,719,280,0.4953842759132385,"[""V11"", ""V160"", ""V255"", ""V176"", ""V191""]","{""n_estimators"": 137, ""learning_rate"": 0.03030446993790147, ""max_depth"": 9, ""subsample"": 0.8974357175840476, ""colsample_bytree"": 0.7099543312648593, ""min_child_weight"": 9, ""reg_alpha"": 0.7707390295296226, ""reg_lambda"": 1.6962791587134505}"
147,2026-06-05T12:03:08.802762+00:00,xgb,ranking_xgb,147,4870,7,996,0.7180618643760681,750,246,0.49862098693847656,"[""V11"", ""V160"", ""V255"", ""V176"", ""V191"", ""V224"", ""V215""]","{""n_estimators"": 354, ""learning_rate"": 0.07497309103042094, ""max_depth"": 4, ""subsample"": 0.7747285825530239, ""colsample_bytree"": 0.7746493402956453, ""min_child_weight"": 8, ""reg_alpha"": 0.362831816766112, ""reg_lambda"": 0.512687695764233}"
148,2026-06-05T12:03:24.556830+00:00,xgb,ranking_xgb,148,4810,9,1000,0.733996570110321,774,226,0.49720776081085205,"[""V11"", ""V160"", ""V255"", ""V176"", ""V191"", ""V224"", ""V215"", ""V380"", ""V342""]","{""n_estimators"": 314, ""learning_rate"": 0.058835382647419, ""max_depth"": 4, ""subsample"": 0.5154154325710245, ""colsample_bytree"": 0.8456281601353183, ""min_child_weight"": 2, ""reg_alpha"": 0.45742173035504685, ""reg_lambda"": 0.5003943156341595}"
149,2026-06-05T12:03:47.087534+00:00,xgb,ranking_xgb,149,4745,7,1000,0.6918747425079346,743,257,0.49532169103622437,"[""V11"", ""V160"", ""V255"", ""V176"", ""V191"", ""V224"", ""V215""]","{""n_estimators"": 183, ""learning_rate"": 0.054657011188911336, ""max_depth"": 9, ""subsample"": 0.5791363612187062, ""colsample_bytree"": 0.5312225629307301, ""min_child_weight"": 3, ""reg_alpha"": 0.9819110006571198, ""reg_lambda"": 2.357905406158034}"
150,2026-06-05T12:03:53.860317+00:00,xgb,ranking_xgb,150,4760,8,999,0.7255790829658508,757,242,0.4979964792728424,"[""V11"", ""V160"", ""V255"", ""V176"", ""V191"", ""V224"", ""V215"", ""V380""]","{""n_estimators"": 128, ""learning_rate"": 0.17695554049768736, ""max_depth"": 4, ""subsample"": 0.8676998050439066, ""colsample_bytree"": 0.9756139811493096, ""min_child_weight"": 5, ""reg_alpha"": 0.8609819860487256, ""reg_lambda"": 1.4415047608559004}"
151,2026-06-05T12:04:09.844241+00:00,xgb,ranking_xgb,151,4575,8,1000,0.7682950496673584,745,255,0.497115820646286,"[""V11"", ""V160"", ""V255"", ""V176"", ""V191"", ""V224"", ""V215"", ""V380""]","{""n_estimators"": 328, ""learning_rate"": 0.16977221540134954, ""max_depth"": 4, ""subsample"": 0.9388275721632928, ""colsample_bytree"": 0.8694827383349863, ""min_child_weight"": 6, ""reg_alpha"": 0.517208551210307, ""reg_lambda"": 2.4042192597312204}"
152,2026-06-05T12:04:42.520799+00:00,xgb,ranking_xgb,152,4555,9,1000,0.7569578289985657,757,243,0.5007283687591553,"[""V11"", ""V160"", ""V255"", ""V176"", ""V191"", ""V224"", ""V215"", ""V380"", ""V342""]","{""n_estimators"": 318, ""learning_rate"": 0.05652325516482365, ""max_depth"": 7, ""subsample"": 0.5989452704798948, ""colsample_bytree"": 0.6338973141256514, ""min_child_weight"": 1, ""reg_alpha"": 0.7699707726508938, ""reg_lambda"": 2.401522442667821}"
153,2026-06-05T12:05:18.344776+00:00,xgb,ranking_xgb,153,4395,5,1000,0.7724810838699341,693,307,0.49806225299835205,"[""V11"", ""V160"", ""V255"", ""V176"", ""V191""]","{""n_estimators"": 320, ""learning_rate"": 0.07527076044340861, ""max_depth"": 8, ""subsample"": 0.5191645365060096, ""colsample_bytree"": 0.6626866522660745, ""min_child_weight"": 2, ""reg_alpha"": 0.5676458706895693, ""reg_lambda"": 0.6446794022584075}"
154,2026-06-05T12:05:25.821361+00:00,xgb,ranking_xgb,154,4915,5,995,0.6805173754692078,726,269,0.4971436560153961,"[""V11"", ""V160"", ""V255"", ""V176"", ""V191""]","{""n_estimators"": 195, ""learning_rate"": 0.13273302703632162, ""max_depth"": 3, ""subsample"": 0.746834809262805, ""colsample_bytree"": 0.5277159474663627, ""min_child_weight"": 7, ""reg_alpha"": 0.8048666508545789, ""reg_lambda"": 0.9200359209721576}"
155,2026-06-05T12:05:58.355523+00:00,xgb,ranking_xgb,155,4400,7,1000,0.8036580681800842,720,280,0.49708399176597595,"[""V11"", ""V160"", ""V255"", ""V176"", ""V191"", ""V224"", ""V215""]","{""n_estimators"": 377, ""learning_rate"": 0.12458259110172397, ""max_depth"": 7, ""subsample"": 0.9298138059135277, ""colsample_bytree"": 0.6451656664406809, ""min_child_weight"": 4, ""reg_alpha"": 0.637513091539349, ""reg_lambda"": 1.0069900989165934}"
156,2026-06-05T12:06:30.790195+00:00,xgb,ranking_xgb,156,4395,7,992,0.7902081608772278,717,275,0.49961504340171814,"[""V11"", ""V160"", ""V255"", ""V176"", ""V191"", ""V224"", ""V215""]","{""n_estimators"": 354, ""learning_rate"": 0.1129130219368032, ""max_depth"": 8, ""subsample"": 0.8103125441480137, ""colsample_bytree"": 0.5533133378281505, ""min_child_weight"": 7, ""reg_alpha"": 0.2401064478125089, ""reg_lambda"": 1.4611392026782861}"
157,2026-06-05T12:06:45.419873+00:00,xgb,ranking_xgb,157,4315,7,999,0.7656236290931702,714,285,0.49383413791656494,"[""V11"", ""V160"", ""V255"", ""V176"", ""V191"", ""V224"", ""V215""]","{""n_estimators"": 144, ""learning_rate"": 0.16517441886551715, ""max_depth"": 8, ""subsample"": 0.6312176626899546, ""colsample_bytree"": 0.5937341472102975, ""min_child_weight"": 5, ""reg_alpha"": 0.5965327159933547, ""reg_lambda"": 1.2140131268290018}"
158,2026-06-05T12:07:02.305429+00:00,xgb,ranking_xgb,158,4600,9,1000,0.7580329179763794,760,240,0.4972219169139862,"[""V11"", ""V160"", ""V255"", ""V176"", ""V191"", ""V224"", ""V215"", ""V380"", ""V342""]","{""n_estimators"": 268, ""learning_rate"": 0.09366085587280305, ""max_depth"": 5, ""subsample"": 0.5367229516020656, ""colsample_bytree"": 0.9428662945200942, ""min_child_weight"": 6, ""reg_alpha"": 0.6404589862067358, ""reg_lambda"": 0.997947999665588}"
159,2026-06-05T12:07:32.850792+00:00,xgb,ranking_xgb,159,4530,8,1000,0.7391810417175293,742,258,0.49469825625419617,"[""V11"", ""V160"", ""V255"", ""V176"", ""V191"", ""V224"", ""V215"", ""V380""]","{""n_estimators"": 306, ""learning_rate"": 0.05325101024336133, ""max_depth"": 8, ""subsample"": 0.5560896268159774, ""colsample_bytree"": 0.7816700367040825, ""min_child_weight"": 6, ""reg_alpha"": 0.8210471786593786, ""reg_lambda"": 1.8326844474076318}"
160,2026-06-05T12:07:42.886368+00:00,xgb,ranking_xgb,160,4785,5,1000,0.6845933198928833,719,281,0.49772462248802185,"[""V11"", ""V160"", ""V255"", ""V176"", ""V191""]","{""n_estimators"": 111, ""learning_rate"": 0.06271829433335971, ""max_depth"": 7, ""subsample"": 0.5875103044251946, ""colsample_bytree"": 0.9064671631247345, ""min_child_weight"": 7, ""reg_alpha"": 0.6640473205014216, ""reg_lambda"": 0.8268177930533673}"
161,2026-06-05T12:07:55.522445+00:00,xgb,ranking_xgb,161,4830,5,1000,0.6936572194099426,722,278,0.49882206320762634,"[""V11"", ""V160"", ""V255"", ""V176"", ""V191""]","{""n_estimators"": 254, ""learning_rate"": 0.07851518623551931, ""max_depth"": 4, ""subsample"": 0.846974511841555, ""colsample_bytree"": 0.7466781234987354, ""min_child_weight"": 1, ""reg_alpha"": 0.6986362572313116, ""reg_lambda"": 0.8548873400947286}"
162,2026-06-05T12:08:12.275438+00:00,xgb,ranking_xgb,162,4830,5,1000,0.6735903024673462,722,278,0.4985354542732239,"[""V11"", ""V160"", ""V255"", ""V176"", ""V191""]","{""n_estimators"": 178, ""learning_rate"": 0.05167442629248821, ""max_depth"": 7, ""subsample"": 0.7511907372444331, ""colsample_bytree"": 0.5218570501619564, ""min_child_weight"": 2, ""reg_alpha"": 0.6161942526128577, ""reg_lambda"": 2.3477152683269695}"
163,2026-06-05T12:08:24.289520+00:00,xgb,ranking_xgb,163,4820,7,1000,0.6897379159927368,748,252,0.4972632825374603,"[""V11"", ""V160"", ""V255"", ""V176"", ""V191"", ""V224"", ""V215""]","{""n_estimators"": 161, ""learning_rate"": 0.04687972223540658, ""max_depth"": 6, ""subsample"": 0.9544682312220966, ""colsample_bytree"": 0.8644302779751157, ""min_child_weight"": 7, ""reg_alpha"": 0.2750704087517225, ""reg_lambda"": 1.924448675219294}"
164,2026-06-05T12:08:39.257888+00:00,xgb,ranking_xgb,164,4550,7,1000,0.7270599007606506,730,270,0.4970174729824066,"[""V11"", ""V160"", ""V255"", ""V176"", ""V191"", ""V224"", ""V215""]","{""n_estimators"": 242, ""learning_rate"": 0.10111344915950261, ""max_depth"": 5, ""subsample"": 0.5069556768711082, ""colsample_bytree"": 0.9325081475459089, ""min_child_weight"": 8, ""reg_alpha"": 0.02715741591789167, ""reg_lambda"": 2.054492409046593}"
165,2026-06-05T12:08:47.937511+00:00,xgb,ranking_xgb,165,5115,5,1000,0.6670771241188049,741,259,0.49722227454185486,"[""V11"", ""V160"", ""V255"", ""V176"", ""V191""]","{""n_estimators"": 220, ""learning_rate"": 0.05860889767114333, ""max_depth"": 3, ""subsample"": 0.6391262521575627, ""colsample_bytree"": 0.9126700786285592, ""min_child_weight"": 3, ""reg_alpha"": 0.7117797684855637, ""reg_lambda"": 0.6579684003458004}"
166,2026-06-05T12:09:03.622355+00:00,xgb,ranking_xgb,166,4910,4,997,0.649979829788208,713,284,0.49736377596855164,"[""V11"", ""V160"", ""V255"", ""V176""]","{""n_estimators"": 320, ""learning_rate"": 0.037147476721460446, ""max_depth"": 4, ""subsample"": 0.9860934171947979, ""colsample_bytree"": 0.985024521573483, ""min_child_weight"": 3, ""reg_alpha"": 0.3347764028802155, ""reg_lambda"": 1.965650976580702}"
167,2026-06-05T12:09:18.753956+00:00,xgb,ranking_xgb,167,4770,5,1000,0.654198944568634,718,282,0.4968152940273285,"[""V11"", ""V160"", ""V255"", ""V176"", ""V191""]","{""n_estimators"": 105, ""learning_rate"": 0.0557526507533458, ""max_depth"": 9, ""subsample"": 0.8826931201009995, ""colsample_bytree"": 0.513313096623935, ""min_child_weight"": 2, ""reg_alpha"": 0.5959530838548679, ""reg_lambda"": 1.6989667183131152}"
168,2026-06-05T12:09:32.705461+00:00,xgb,ranking_xgb,168,4960,7,999,0.6873934268951416,757,242,0.49731913208961487,"[""V11"", ""V160"", ""V255"", ""V176"", ""V191"", ""V224"", ""V215""]","{""n_estimators"": 366, ""learning_rate"": 0.05476732482396274, ""max_depth"": 3, ""subsample"": 0.6901239315924346, ""colsample_bytree"": 0.9805164149643157, ""min_child_weight"": 6, ""reg_alpha"": 0.9662715382933567, ""reg_lambda"": 1.3110914800256608}"
169,2026-06-05T12:10:04.375365+00:00,xgb,ranking_xgb,169,4720,7,999,0.7170249223709106,741,258,0.4963926374912262,"[""V11"", ""V160"", ""V255"", ""V176"", ""V191"", ""V224"", ""V215""]","{""n_estimators"": 313, ""learning_rate"": 0.043888164819232585, ""max_depth"": 8, ""subsample"": 0.623416355447536, ""colsample_bytree"": 0.6687481707892988, ""min_child_weight"": 5, ""reg_alpha"": 0.6514305494334738, ""reg_lambda"": 1.9668045483877383}"
170,2026-06-05T12:10:36.663440+00:00,xgb,ranking_xgb,170,4665,9,999,0.7456334233283997,764,235,0.49720239639282227,"[""V11"", ""V160"", ""V255"", ""V176"", ""V191"", ""V224"", ""V215"", ""V380"", ""V342""]","{""n_estimators"": 391, ""learning_rate"": 0.04670127724212554, ""max_depth"": 7, ""subsample"": 0.8339636903280526, ""colsample_bytree"": 0.5391987892075931, ""min_child_weight"": 6, ""reg_alpha"": 0.9025598536073296, ""reg_lambda"": 1.2602629833117571}"
171,2026-06-05T12:10:48.819059+00:00,xgb,ranking_xgb,171,4740,5,1000,0.6899561882019043,716,284,0.49860140681266785,"[""V11"", ""V160"", ""V255"", ""V176"", ""V191""]","{""n_estimators"": 139, ""learning_rate"": 0.06402926738771375, ""max_depth"": 7, ""subsample"": 0.9047005493359197, ""colsample_bytree"": 0.6189965329950218, ""min_child_weight"": 5, ""reg_alpha"": 0.15591418550426928, ""reg_lambda"": 1.5068091752693604}"
172,2026-06-05T12:11:04.510630+00:00,xgb,ranking_xgb,172,4515,9,999,0.7567605972290039,754,245,0.4995972514152527,"[""V11"", ""V160"", ""V255"", ""V176"", ""V191"", ""V224"", ""V215"", ""V380"", ""V342""]","{""n_estimators"": 122, ""learning_rate"": 0.10327640867484081, ""max_depth"": 9, ""subsample"": 0.9098793148482309, ""colsample_bytree"": 0.6136019281865086, ""min_child_weight"": 3, ""reg_alpha"": 0.6115352670572818, ""reg_lambda"": 1.80481377407891}"
173,2026-06-05T12:11:54.243021+00:00,xgb,ranking_xgb,173,4410,6,999,0.7565653920173645,707,292,0.49561095237731934,"[""V11"", ""V160"", ""V255"", ""V176"", ""V191"", ""V224""]","{""n_estimators"": 382, ""learning_rate"": 0.04828592992343915, ""max_depth"": 9, ""subsample"": 0.5874892014097743, ""colsample_bytree"": 0.8925877124479182, ""min_child_weight"": 3, ""reg_alpha"": 0.8797273212107523, ""reg_lambda"": 1.1174484784968841}"
174,2026-06-05T12:12:29.264494+00:00,xgb,ranking_xgb,174,4610,7,1000,0.7202184200286865,734,266,0.4977490305900574,"[""V11"", ""V160"", ""V255"", ""V176"", ""V191"", ""V224"", ""V215""]","{""n_estimators"": 329, ""learning_rate"": 0.03368262012587677, ""max_depth"": 8, ""subsample"": 0.7611242066384631, ""colsample_bytree"": 0.7913662556322183, ""min_child_weight"": 4, ""reg_alpha"": 0.9418185924949404, ""reg_lambda"": 0.6439368438490995}"
175,2026-06-05T12:12:44.137103+00:00,xgb,ranking_xgb,175,4340,10,1000,0.7868115901947021,756,244,0.49525928497314453,"[""V11"", ""V160"", ""V255"", ""V176"", ""V191"", ""V224"", ""V215"", ""V380"", ""V342"", ""V117""]","{""n_estimators"": 168, ""learning_rate"": 0.1653795046248979, ""max_depth"": 7, ""subsample"": 0.6031023274518449, ""colsample_bytree"": 0.7584206550929515, ""min_child_weight"": 6, ""reg_alpha"": 0.75832031578412, ""reg_lambda"": 2.1088932605637343}"
176,2026-06-05T12:13:12.393584+00:00,xgb,ranking_xgb,176,4500,5,1000,0.7495092749595642,700,300,0.4981941878795624,"[""V11"", ""V160"", ""V255"", ""V176"", ""V191""]","{""n_estimators"": 376, ""learning_rate"": 0.09266590014027212, ""max_depth"": 6, ""subsample"": 0.7769116161320003, ""colsample_bytree"": 0.814130781626996, ""min_child_weight"": 6, ""reg_alpha"": 0.9604980925219321, ""reg_lambda"": 1.4700427080334344}"
177,2026-06-05T12:13:23.499957+00:00,xgb,ranking_xgb,177,4855,4,996,0.6532795429229736,709,287,0.49671024084091187,"[""V11"", ""V160"", ""V255"", ""V176""]","{""n_estimators"": 289, ""learning_rate"": 0.06189074068948038, ""max_depth"": 3, ""subsample"": 0.8323332622150523, ""colsample_bytree"": 0.9663832667507566, ""min_child_weight"": 9, ""reg_alpha"": 0.7601006582683313, ""reg_lambda"": 2.2264633121588044}"
178,2026-06-05T12:13:40.423921+00:00,xgb,ranking_xgb,178,4520,7,997,0.7633593082427979,727,270,0.49656942486763,"[""V11"", ""V160"", ""V255"", ""V176"", ""V191"", ""V224"", ""V215""]","{""n_estimators"": 149, ""learning_rate"": 0.14806235587500516, ""max_depth"": 9, ""subsample"": 0.722284341408413, ""colsample_bytree"": 0.593349328845137, ""min_child_weight"": 6, ""reg_alpha"": 0.5890896814110392, ""reg_lambda"": 1.6107895456193408}"
179,2026-06-05T12:14:07.345324+00:00,xgb,ranking_xgb,179,4665,8,1000,0.7424992322921753,751,249,0.4983409643173218,"[""V11"", ""V160"", ""V255"", ""V176"", ""V191"", ""V224"", ""V215"", ""V380""]","{""n_estimators"": 282, ""learning_rate"": 0.052411990953639145, ""max_depth"": 7, ""subsample"": 0.7378108640436893, ""colsample_bytree"": 0.7606683257093911, ""min_child_weight"": 3, ""reg_alpha"": 0.5578369465135752, ""reg_lambda"": 2.399146018527191}"
180,2026-06-05T12:14:15.308701+00:00,xgb,ranking_xgb,180,4805,4,1000,0.6598559021949768,707,293,0.49718183279037476,"[""V11"", ""V160"", ""V255"", ""V176""]","{""n_estimators"": 123, ""learning_rate"": 0.08693273715853742, ""max_depth"": 5, ""subsample"": 0.8926506243440394, ""colsample_bytree"": 0.6858870611649034, ""min_child_weight"": 4, ""reg_alpha"": 0.8240074862807772, ""reg_lambda"": 1.6837675401234142}"
181,2026-06-05T12:14:53.884720+00:00,xgb,ranking_xgb,181,4220,7,1000,0.8509109020233154,708,292,0.4948473572731018,"[""V11"", ""V160"", ""V255"", ""V176"", ""V191"", ""V224"", ""V215""]","{""n_estimators"": 341, ""learning_rate"": 0.17422540973342518, ""max_depth"": 8, ""subsample"": 0.8466110103256086, ""colsample_bytree"": 0.6203920535161659, ""min_child_weight"": 2, ""reg_alpha"": 0.9060878715810445, ""reg_lambda"": 1.7867740748763092}"
182,2026-06-05T12:15:10.701192+00:00,xgb,ranking_xgb,182,4870,7,999,0.7027458548545837,751,248,0.49679696559906006,"[""V11"", ""V160"", ""V255"", ""V176"", ""V191"", ""V224"", ""V215""]","{""n_estimators"": 353, ""learning_rate"": 0.053966590442608535, ""max_depth"": 4, ""subsample"": 0.7852836083832175, ""colsample_bytree"": 0.7029177663554251, ""min_child_weight"": 7, ""reg_alpha"": 0.009195463037015905, ""reg_lambda"": 1.8165307837593505}"
183,2026-06-05T12:15:21.719289+00:00,xgb,ranking_xgb,183,4980,5,1000,0.6569439768791199,732,268,0.4965584874153137,"[""V11"", ""V160"", ""V255"", ""V176"", ""V191""]","{""n_estimators"": 290, ""learning_rate"": 0.03942952002312457, ""max_depth"": 3, ""subsample"": 0.715835764212827, ""colsample_bytree"": 0.7170162721626572, ""min_child_weight"": 6, ""reg_alpha"": 0.2718843032212668, ""reg_lambda"": 2.2486496956314337}"
184,2026-06-05T12:15:57.100530+00:00,xgb,ranking_xgb,184,4375,9,1000,0.8360558152198792,745,255,0.4963260889053345,"[""V11"", ""V160"", ""V255"", ""V176"", ""V191"", ""V224"", ""V215"", ""V380"", ""V342""]","{""n_estimators"": 393, ""learning_rate"": 0.13563047814289741, ""max_depth"": 8, ""subsample"": 0.9442314622493466, ""colsample_bytree"": 0.7291734574938755, ""min_child_weight"": 9, ""reg_alpha"": 0.06205617803901964, ""reg_lambda"": 2.22977680969338}"
185,2026-06-05T12:16:15.338028+00:00,xgb,ranking_xgb,185,4805,7,997,0.711666464805603,746,251,0.4973756968975067,"[""V11"", ""V160"", ""V255"", ""V176"", ""V191"", ""V224"", ""V215""]","{""n_estimators"": 372, ""learning_rate"": 0.06721404743079595, ""max_depth"": 4, ""subsample"": 0.7280107154791048, ""colsample_bytree"": 0.8847753221500296, ""min_child_weight"": 7, ""reg_alpha"": 0.5638760559655487, ""reg_lambda"": 1.638000858460065}"
186,2026-06-05T12:16:33.148244+00:00,xgb,ranking_xgb,186,4470,5,997,0.7354426980018616,697,300,0.49770253896713257,"[""V11"", ""V160"", ""V255"", ""V176"", ""V191""]","{""n_estimators"": 356, ""learning_rate"": 0.14617401225311394, ""max_depth"": 4, ""subsample"": 0.697151838943259, ""colsample_bytree"": 0.8271381619347884, ""min_child_weight"": 6, ""reg_alpha"": 0.7072779403599593, ""reg_lambda"": 1.9300687261941019}"
187,2026-06-05T12:16:46.734449+00:00,xgb,ranking_xgb,187,4890,5,997,0.6750861406326294,725,272,0.4976726174354553,"[""V11"", ""V160"", ""V255"", ""V176"", ""V191""]","{""n_estimators"": 273, ""learning_rate"": 0.03764098280163358, ""max_depth"": 4, ""subsample"": 0.7593055672947217, ""colsample_bytree"": 0.9297129139702724, ""min_child_weight"": 4, ""reg_alpha"": 0.19447445600230795, ""reg_lambda"": 1.324508774114332}"
188,2026-06-05T12:17:00.763555+00:00,xgb,ranking_xgb,188,4580,4,1000,0.7017220258712769,692,308,0.49831241369247437,"[""V11"", ""V160"", ""V255"", ""V176""]","{""n_estimators"": 207, ""learning_rate"": 0.1155424857324776, ""max_depth"": 5, ""subsample"": 0.5234154563561593, ""colsample_bytree"": 0.7563854929107485, ""min_child_weight"": 1, ""reg_alpha"": 0.8106541406532113, ""reg_lambda"": 1.3593465391375343}"
189,2026-06-05T12:17:43.164717+00:00,xgb,ranking_xgb,189,4245,8,1000,0.8433008790016174,723,277,0.49351075291633606,"[""V11"", ""V160"", ""V255"", ""V176"", ""V191"", ""V224"", ""V215"", ""V380""]","{""n_estimators"": 374, ""learning_rate"": 0.1206134625409059, ""max_depth"": 9, ""subsample"": 0.887833089742012, ""colsample_bytree"": 0.7001154005860323, ""min_child_weight"": 4, ""reg_alpha"": 0.26923997328433547, ""reg_lambda"": 1.2109635985804879}"
190,2026-06-05T12:17:55.655797+00:00,xgb,ranking_xgb,190,4810,9,1000,0.7228220105171204,774,226,0.500551164150238,"[""V11"", ""V160"", ""V255"", ""V176"", ""V191"", ""V224"", ""V215"", ""V380"", ""V342""]","{""n_estimators"": 163, ""learning_rate"": 0.06400920597228983, ""max_depth"": 6, ""subsample"": 0.925536989914405, ""colsample_bytree"": 0.7492175395763907, ""min_child_weight"": 4, ""reg_alpha"": 0.016847176099380468, ""reg_lambda"": 0.5287179381343641}"
191,2026-06-05T12:18:13.870133+00:00,xgb,ranking_xgb,191,4435,9,1000,0.7844454050064087,749,251,0.49771562218666077,"[""V11"", ""V160"", ""V255"", ""V176"", ""V191"", ""V224"", ""V215"", ""V380"", ""V342""]","{""n_estimators"": 178, ""learning_rate"": 0.13960260252712686, ""max_depth"": 8, ""subsample"": 0.8273950617407952, ""colsample_bytree"": 0.8548809317597057, ""min_child_weight"": 9, ""reg_alpha"": 0.594045674962394, ""reg_lambda"": 1.4565456583441032}"
192,2026-06-05T12:18:24.827818+00:00,xgb,ranking_xgb,192,4715,7,1000,0.6922308802604675,741,259,0.49531421065330505,"[""V11"", ""V160"", ""V255"", ""V176"", ""V191"", ""V224"", ""V215""]","{""n_estimators"": 103, ""learning_rate"": 0.06832633894112093, ""max_depth"": 8, ""subsample"": 0.6553490766034309, ""colsample_bytree"": 0.6643686678777552, ""min_child_weight"": 5, ""reg_alpha"": 0.1047692018268398, ""reg_lambda"": 0.8338804238257018}"
193,2026-06-05T12:18:46.726680+00:00,xgb,ranking_xgb,193,4780,8,998,0.720876932144165,758,240,0.49636441469192505,"[""V11"", ""V160"", ""V255"", ""V176"", ""V191"", ""V224"", ""V215"", ""V380""]","{""n_estimators"": 198, ""learning_rate"": 0.0461772232867126, ""max_depth"": 9, ""subsample"": 0.7116208223253591, ""colsample_bytree"": 0.9659743198444156, ""min_child_weight"": 9, ""reg_alpha"": 0.4374053436963742, ""reg_lambda"": 1.8285360233365302}"
194,2026-06-05T12:19:22.892005+00:00,xgb,ranking_xgb,194,4445,7,1000,0.7487266659736633,723,277,0.49576982855796814,"[""V11"", ""V160"", ""V255"", ""V176"", ""V191"", ""V224"", ""V215""]","{""n_estimators"": 338, ""learning_rate"": 0.0726996003796947, ""max_depth"": 9, ""subsample"": 0.6990791432494035, ""colsample_bytree"": 0.5455421161024053, ""min_child_weight"": 7, ""reg_alpha"": 0.8395091781396117, ""reg_lambda"": 1.788392210039253}"
195,2026-06-05T12:19:54.815514+00:00,xgb,ranking_xgb,195,4395,9,993,0.8102030158042908,744,249,0.4957912564277649,"[""V11"", ""V160"", ""V255"", ""V176"", ""V191"", ""V224"", ""V215"", ""V380"", ""V342""]","{""n_estimators"": 325, ""learning_rate"": 0.09131245127156759, ""max_depth"": 8, ""subsample"": 0.7863315810239155, ""colsample_bytree"": 0.7742531874341565, ""min_child_weight"": 6, ""reg_alpha"": 0.1007613669330879, ""reg_lambda"": 1.0667390102300418}"
196,2026-06-05T12:20:46.132975+00:00,xgb,ranking_xgb,196,4580,7,1000,0.7814836502075195,732,268,0.5006611347198486,"[""V11"", ""V160"", ""V255"", ""V176"", ""V191"", ""V224"", ""V215""]","{""n_estimators"": 391, ""learning_rate"": 0.04472572553026431, ""max_depth"": 8, ""subsample"": 0.7884731681185995, ""colsample_bytree"": 0.8077597650846489, ""min_child_weight"": 1, ""reg_alpha"": 0.13405865719924293, ""reg_lambda"": 0.6801263685868757}"
197,2026-06-05T12:20:54.712105+00:00,xgb,ranking_xgb,197,4715,7,1000,0.7026355266571045,741,259,0.4982776343822479,"[""V11"", ""V160"", ""V255"", ""V176"", ""V191"", ""V224"", ""V215""]","{""n_estimators"": 128, ""learning_rate"": 0.08878802528006066, ""max_depth"": 5, ""subsample"": 0.5895480514061532, ""colsample_bytree"": 0.7535922127295077, ""min_child_weight"": 2, ""reg_alpha"": 0.4258022513316886, ""reg_lambda"": 1.081968568553337}"
198,2026-06-05T12:21:39.757624+00:00,xgb,ranking_xgb,198,4320,8,994,0.8173444271087646,726,268,0.49622011184692383,"[""V11"", ""V160"", ""V255"", ""V176"", ""V191"", ""V224"", ""V215"", ""V380""]","{""n_estimators"": 373, ""learning_rate"": 0.12915192624707095, ""max_depth"": 7, ""subsample"": 0.9881309074791317, ""colsample_bytree"": 0.8843745697370938, ""min_child_weight"": 5, ""reg_alpha"": 0.7347604621834732, ""reg_lambda"": 1.9062676800282536}"
199,2026-06-05T12:22:01.572820+00:00,xgb,ranking_xgb,199,4580,7,1000,0.7471492290496826,732,268,0.4972122013568878,"[""V11"", ""V160"", ""V255"", ""V176"", ""V191"", ""V224"", ""V215""]","{""n_estimators"": 354, ""learning_rate"": 0.128073044745896, ""max_depth"": 5, ""subsample"": 0.653842487169016, ""colsample_bytree"": 0.5302063144194635, ""min_child_weight"": 9, ""reg_alpha"": 0.496896009749325, ""reg_lambda"": 2.4514379069317394}"
200,2026-06-05T12:22:27.185594+00:00,xgb,ranking_xgb,200,4455,7,998,0.7652886509895325,723,275,0.4972703754901886,"[""V11"", ""V160"", ""V255"", ""V176"", ""V191"", ""V224"", ""V215""]","{""n_estimators"": 388, ""learning_rate"": 0.12127629071463422, ""max_depth"": 5, ""subsample"": 0.9220763009173959, ""colsample_bytree"": 0.7319211751922479, ""min_child_weight"": 6, ""reg_alpha"": 0.5023517505785662, ""reg_lambda"": 1.403573130545568}"
201,2026-06-05T12:23:00.066505+00:00,xgb,ranking_xgb,201,4370,7,1000,0.7780514359474182,718,282,0.4962257742881775,"[""V11"", ""V160"", ""V255"", ""V176"", ""V191"", ""V224"", ""V215""]","{""n_estimators"": 382, ""learning_rate"": 0.10412154439078355, ""max_depth"": 7, ""subsample"": 0.7972100721955663, ""colsample_bytree"": 0.7141543424648473, ""min_child_weight"": 7, ""reg_alpha"": 0.7270295728451086, ""reg_lambda"": 1.8044154790312454}"
202,2026-06-05T12:23:05.343954+00:00,xgb,ranking_xgb,202,4950,5,1000,0.6751419901847839,730,270,0.49796825647354126,"[""V11"", ""V160"", ""V255"", ""V176"", ""V191""]","{""n_estimators"": 100, ""learning_rate"": 0.10943063573674948, ""max_depth"": 4, ""subsample"": 0.8055296976449715, ""colsample_bytree"": 0.904845901695718, ""min_child_weight"": 4, ""reg_alpha"": 0.14003681348221309, ""reg_lambda"": 1.0350237641949025}"
203,2026-06-05T12:23:14.654605+00:00,xgb,ranking_xgb,203,4915,5,995,0.6666661500930786,726,269,0.496341347694397,"[""V11"", ""V160"", ""V255"", ""V176"", ""V191""]","{""n_estimators"": 251, ""learning_rate"": 0.0696081466493077, ""max_depth"": 3, ""subsample"": 0.6830029412840953, ""colsample_bytree"": 0.6979016400687101, ""min_child_weight"": 7, ""reg_alpha"": 0.5714755379709365, ""reg_lambda"": 1.6992139983709957}"
204,2026-06-05T12:23:28.170960+00:00,xgb,ranking_xgb,204,4715,7,1000,0.7443062663078308,741,259,0.495712012052536,"[""V11"", ""V160"", ""V255"", ""V176"", ""V191"", ""V224"", ""V215""]","{""n_estimators"": 208, ""learning_rate"": 0.13008419326201648, ""max_depth"": 5, ""subsample"": 0.7253034415805064, ""colsample_bytree"": 0.8126736170514264, ""min_child_weight"": 3, ""reg_alpha"": 0.20780668175549577, ""reg_lambda"": 1.6888971506748391}"
205,2026-06-05T12:23:48.375923+00:00,xgb,ranking_xgb,205,4455,7,998,0.7756831645965576,723,275,0.49813759326934814,"[""V11"", ""V160"", ""V255"", ""V176"", ""V191"", ""V224"", ""V215""]","{""n_estimators"": 165, ""learning_rate"": 0.12829994668945977, ""max_depth"": 8, ""subsample"": 0.8326735481924232, ""colsample_bytree"": 0.999577354352863, ""min_child_weight"": 3, ""reg_alpha"": 0.32287268168537997, ""reg_lambda"": 1.7408356277025139}"
206,2026-06-05T12:24:30.835901+00:00,xgb,ranking_xgb,206,4190,8,999,0.8345283269882202,719,280,0.4971381723880768,"[""V11"", ""V160"", ""V255"", ""V176"", ""V191"", ""V224"", ""V215"", ""V380""]","{""n_estimators"": 392, ""learning_rate"": 0.11414131624210533, ""max_depth"": 8, ""subsample"": 0.562420833186977, ""colsample_bytree"": 0.9816805308046518, ""min_child_weight"": 4, ""reg_alpha"": 0.4273238312076574, ""reg_lambda"": 1.040601990135688}"
207,2026-06-05T12:25:03.248146+00:00,xgb,ranking_xgb,207,4125,5,982,0.7977755665779114,669,313,0.49591273069381714,"[""V11"", ""V160"", ""V255"", ""V176"", ""V191""]","{""n_estimators"": 377, ""learning_rate"": 0.17985417554329092, ""max_depth"": 7, ""subsample"": 0.5228631567742412, ""colsample_bytree"": 0.7908538882675772, ""min_child_weight"": 7, ""reg_alpha"": 0.8086390541777922, ""reg_lambda"": 1.1942832644566317}"
208,2026-06-05T12:25:07.816135+00:00,xgb,ranking_xgb,208,4850,5,990,0.6708444356918335,720,270,0.49707186222076416,"[""V11"", ""V160"", ""V255"", ""V176"", ""V191""]","{""n_estimators"": 106, ""learning_rate"": 0.15722845826226012, ""max_depth"": 3, ""subsample"": 0.7236571420946005, ""colsample_bytree"": 0.6809433680466053, ""min_child_weight"": 7, ""reg_alpha"": 0.6547572801986157, ""reg_lambda"": 1.143464063832414}"
209,2026-06-05T12:25:40.782354+00:00,xgb,ranking_xgb,209,4720,7,999,0.7255544662475586,741,258,0.498302161693573,"[""V11"", ""V160"", ""V255"", ""V176"", ""V191"", ""V224"", ""V215""]","{""n_estimators"": 298, ""learning_rate"": 0.03350177929008783, ""max_depth"": 8, ""subsample"": 0.9801676091600258, ""colsample_bytree"": 0.9899440186459942, ""min_child_weight"": 4, ""reg_alpha"": 0.19594561928608034, ""reg_lambda"": 0.7812342838223532}"
210,2026-06-05T12:25:56.636677+00:00,xgb,ranking_xgb,210,4545,8,1000,0.7563148140907288,743,257,0.49813926219940186,"[""V11"", ""V160"", ""V255"", ""V176"", ""V191"", ""V224"", ""V215"", ""V380""]","{""n_estimators"": 322, ""learning_rate"": 0.16097048178849752, ""max_depth"": 4, ""subsample"": 0.9093759168589453, ""colsample_bytree"": 0.8133976680628591, ""min_child_weight"": 8, ""reg_alpha"": 0.7086523232831442, ""reg_lambda"": 1.0862293939548266}"
211,2026-06-05T12:26:10.470104+00:00,xgb,ranking_xgb,211,4570,5,998,0.7145514488220215,704,294,0.5019292235374451,"[""V11"", ""V160"", ""V255"", ""V176"", ""V191""]","{""n_estimators"": 110, ""learning_rate"": 0.10018382918407927, ""max_depth"": 8, ""subsample"": 0.8915299045189957, ""colsample_bytree"": 0.7521904634441388, ""min_child_weight"": 2, ""reg_alpha"": 0.48014891969000717, ""reg_lambda"": 1.693878976477244}"
212,2026-06-05T12:27:05.462540+00:00,xgb,ranking_xgb,212,4545,5,1000,0.7243013978004456,703,297,0.5013739466667175,"[""V11"", ""V160"", ""V255"", ""V176"", ""V191""]","{""n_estimators"": 362, ""learning_rate"": 0.04966536942067986, ""max_depth"": 9, ""subsample"": 0.9848294851260737, ""colsample_bytree"": 0.5162006390025555, ""min_child_weight"": 1, ""reg_alpha"": 0.5642145149306808, ""reg_lambda"": 2.409111260832729}"
213,2026-06-05T12:27:42.050787+00:00,xgb,ranking_xgb,213,4565,7,1000,0.7392047643661499,731,269,0.4982069432735443,"[""V11"", ""V160"", ""V255"", ""V176"", ""V191"", ""V224"", ""V215""]","{""n_estimators"": 380, ""learning_rate"": 0.054995490064870076, ""max_depth"": 7, ""subsample"": 0.5255151284323532, ""colsample_bytree"": 0.5050036852443185, ""min_child_weight"": 2, ""reg_alpha"": 0.7573561988990286, ""reg_lambda"": 1.0620365908772045}"
214,2026-06-05T12:28:01.567901+00:00,xgb,ranking_xgb,214,4590,5,1000,0.7261939644813538,706,294,0.49968138337135315,"[""V11"", ""V160"", ""V255"", ""V176"", ""V191""]","{""n_estimators"": 399, ""learning_rate"": 0.11755807569516415, ""max_depth"": 4, ""subsample"": 0.972211216111379, ""colsample_bytree"": 0.8004636104576779, ""min_child_weight"": 4, ""reg_alpha"": 0.9158857742082411, ""reg_lambda"": 1.46972050325986}"
215,2026-06-05T12:28:25.692557+00:00,xgb,ranking_xgb,215,4135,9,994,0.8218469023704529,727,267,0.49736249446868896,"[""V11"", ""V160"", ""V255"", ""V176"", ""V191"", ""V224"", ""V215"", ""V380"", ""V342""]","{""n_estimators"": 217, ""learning_rate"": 0.158943504045596, ""max_depth"": 9, ""subsample"": 0.9548704000713797, ""colsample_bytree"": 0.7025618690240694, ""min_child_weight"": 7, ""reg_alpha"": 0.6008328132600935, ""reg_lambda"": 1.4398846090790005}"
216,2026-06-05T12:28:38.486656+00:00,xgb,ranking_xgb,216,4835,7,1000,0.6890031695365906,749,251,0.49552440643310547,"[""V11"", ""V160"", ""V255"", ""V176"", ""V191"", ""V224"", ""V215""]","{""n_estimators"": 114, ""learning_rate"": 0.05729833318629864, ""max_depth"": 9, ""subsample"": 0.8632233747212856, ""colsample_bytree"": 0.6381562355318178, ""min_child_weight"": 8, ""reg_alpha"": 0.6077007629005348, ""reg_lambda"": 1.1170292169369322}"
217,2026-06-05T12:29:11.371278+00:00,xgb,ranking_xgb,217,4290,5,1000,0.7519069910049438,686,314,0.49710050225257874,"[""V11"", ""V160"", ""V255"", ""V176"", ""V191""]","{""n_estimators"": 340, ""learning_rate"": 0.09243471664895639, ""max_depth"": 8, ""subsample"": 0.8428205214196711, ""colsample_bytree"": 0.6055910587656016, ""min_child_weight"": 8, ""reg_alpha"": 0.9444693130561128, ""reg_lambda"": 1.3296272714618322}"
218,2026-06-05T12:29:52.375966+00:00,xgb,ranking_xgb,218,4625,5,999,0.7122694849967957,708,291,0.4982967674732208,"[""V11"", ""V160"", ""V255"", ""V176"", ""V191""]","{""n_estimators"": 246, ""learning_rate"": 0.031177044727003382, ""max_depth"": 9, ""subsample"": 0.635830999994039, ""colsample_bytree"": 0.8038130443368878, ""min_child_weight"": 1, ""reg_alpha"": 0.6420463247343455, ""reg_lambda"": 1.4510422084686474}"
219,2026-06-05T12:30:06.453619+00:00,xgb,ranking_xgb,219,4470,8,1000,0.7865779399871826,738,262,0.49943238496780396,"[""V11"", ""V160"", ""V255"", ""V176"", ""V191"", ""V224"", ""V215"", ""V380""]","{""n_estimators"": 177, ""learning_rate"": 0.16984946066388845, ""max_depth"": 6, ""subsample"": 0.8273721232804252, ""colsample_bytree"": 0.8988338368731641, ""min_child_weight"": 5, ""reg_alpha"": 0.35346798819520875, ""reg_lambda"": 0.9538698582253695}"
220,2026-06-05T12:30:20.914302+00:00,xgb,ranking_xgb,220,4985,5,999,0.6837710738182068,732,267,0.4987620711326599,"[""V11"", ""V160"", ""V255"", ""V176"", ""V191""]","{""n_estimators"": 352, ""learning_rate"": 0.07142509932704197, ""max_depth"": 3, ""subsample"": 0.5098804767119034, ""colsample_bytree"": 0.8646542948176328, ""min_child_weight"": 4, ""reg_alpha"": 0.7884468467440029, ""reg_lambda"": 2.353439477965291}"
221,2026-06-05T12:30:33.739935+00:00,xgb,ranking_xgb,221,4910,7,997,0.7012178301811218,753,244,0.49731385707855225,"[""V11"", ""V160"", ""V255"", ""V176"", ""V191"", ""V224"", ""V215""]","{""n_estimators"": 320, ""learning_rate"": 0.08604801266974449, ""max_depth"": 3, ""subsample"": 0.6435653575909894, ""colsample_bytree"": 0.9141314749885181, ""min_child_weight"": 7, ""reg_alpha"": 0.47170821055432666, ""reg_lambda"": 1.3016826947049411}"
222,2026-06-05T12:30:50.423101+00:00,xgb,ranking_xgb,222,4595,7,1000,0.7609648108482361,733,267,0.49689149856567383,"[""V11"", ""V160"", ""V255"", ""V176"", ""V191"", ""V224"", ""V215""]","{""n_estimators"": 330, ""learning_rate"": 0.17464610229589525, ""max_depth"": 4, ""subsample"": 0.8299567527457161, ""colsample_bytree"": 0.9459292030633419, ""min_child_weight"": 7, ""reg_alpha"": 0.12043292313180742, ""reg_lambda"": 1.808979432536318}"
223,2026-06-05T12:31:18.171179+00:00,xgb,ranking_xgb,223,4585,4,999,0.697454571723938,692,307,0.4976155757904053,"[""V11"", ""V160"", ""V255"", ""V176""]","{""n_estimators"": 234, ""learning_rate"": 0.06186453769205195, ""max_depth"": 9, ""subsample"": 0.9178370941298499, ""colsample_bytree"": 0.8268826296081002, ""min_child_weight"": 7, ""reg_alpha"": 0.6792545555543575, ""reg_lambda"": 2.109657641657731}"
224,2026-06-05T12:31:25.795132+00:00,xgb,ranking_xgb,224,4800,5,1000,0.6899164319038391,720,280,0.496990829706192,"[""V11"", ""V160"", ""V255"", ""V176"", ""V191""]","{""n_estimators"": 117, ""learning_rate"": 0.14825504337429724, ""max_depth"": 5, ""subsample"": 0.8548022677637188, ""colsample_bytree"": 0.5188927957178662, ""min_child_weight"": 7, ""reg_alpha"": 0.2124911316951117, ""reg_lambda"": 1.5086292916939963}"
225,2026-06-05T12:32:00.858041+00:00,xgb,ranking_xgb,225,4560,8,997,0.7969663739204407,743,254,0.4965434670448303,"[""V11"", ""V160"", ""V255"", ""V176"", ""V191"", ""V224"", ""V215"", ""V380""]","{""n_estimators"": 289, ""learning_rate"": 0.09555724564104191, ""max_depth"": 9, ""subsample"": 0.7333563020609754, ""colsample_bytree"": 0.5324473183359684, ""min_child_weight"": 4, ""reg_alpha"": 0.6100410946632842, ""reg_lambda"": 0.9511831894853067}"
226,2026-06-05T12:32:29.979156+00:00,xgb,ranking_xgb,226,4325,10,994,0.7931270599365234,753,241,0.4964902400970459,"[""V11"", ""V160"", ""V255"", ""V176"", ""V191"", ""V224"", ""V215"", ""V380"", ""V342"", ""V117""]","{""n_estimators"": 263, ""learning_rate"": 0.1250395452251532, ""max_depth"": 9, ""subsample"": 0.6149342343839219, ""colsample_bytree"": 0.6868491383187412, ""min_child_weight"": 8, ""reg_alpha"": 0.8953442360305133, ""reg_lambda"": 1.7025082026481346}"
227,2026-06-05T12:32:54.637044+00:00,xgb,ranking_xgb,227,4550,7,1000,0.7460530400276184,730,270,0.4970472753047943,"[""V11"", ""V160"", ""V255"", ""V176"", ""V191"", ""V224"", ""V215""]","{""n_estimators"": 238, ""learning_rate"": 0.08172402045057728, ""max_depth"": 8, ""subsample"": 0.9042955030261661, ""colsample_bytree"": 0.8619070586439539, ""min_child_weight"": 9, ""reg_alpha"": 0.936476769606501, ""reg_lambda"": 1.4472352826526305}"
228,2026-06-05T12:33:03.569895+00:00,xgb,ranking_xgb,228,4890,5,1000,0.6547781825065613,726,274,0.4965831935405731,"[""V11"", ""V160"", ""V255"", ""V176"", ""V191""]","{""n_estimators"": 132, ""learning_rate"": 0.045106844433286816, ""max_depth"": 5, ""subsample"": 0.8211340797288049, ""colsample_bytree"": 0.7260321838869483, ""min_child_weight"": 5, ""reg_alpha"": 0.8254849302539797, ""reg_lambda"": 1.7648444900528355}"
229,2026-06-05T12:33:26.167369+00:00,xgb,ranking_xgb,229,4485,8,1000,0.7677724361419678,739,261,0.5006103515625,"[""V11"", ""V160"", ""V255"", ""V176"", ""V191"", ""V224"", ""V215"", ""V380""]","{""n_estimators"": 244, ""learning_rate"": 0.11126141503532347, ""max_depth"": 7, ""subsample"": 0.987473518945586, ""colsample_bytree"": 0.6677387820148057, ""min_child_weight"": 4, ""reg_alpha"": 0.5890490882552291, ""reg_lambda"": 1.8073243458759651}"
230,2026-06-05T12:34:10.591455+00:00,xgb,ranking_xgb,230,4490,5,996,0.7643236517906189,698,298,0.5022146105766296,"[""V11"", ""V160"", ""V255"", ""V176"", ""V191""]","{""n_estimators"": 268, ""learning_rate"": 0.07143948917933815, ""max_depth"": 9, ""subsample"": 0.8897308701021878, ""colsample_bytree"": 0.7352317206954597, ""min_child_weight"": 1, ""reg_alpha"": 0.44522779698789716, ""reg_lambda"": 1.900097205728279}"
231,2026-06-05T12:34:38.184229+00:00,xgb,ranking_xgb,231,4720,8,998,0.7113407850265503,754,244,0.4967457950115204,"[""V11"", ""V160"", ""V255"", ""V176"", ""V191"", ""V224"", ""V215"", ""V380""]","{""n_estimators"": 356, ""learning_rate"": 0.035007819327307094, ""max_depth"": 6, ""subsample"": 0.6292758303200805, ""colsample_bytree"": 0.6570611900601098, ""min_child_weight"": 5, ""reg_alpha"": 0.598389109559481, ""reg_lambda"": 2.0833956153177207}"
232,2026-06-05T12:34:48.043614+00:00,xgb,ranking_xgb,232,4850,7,997,0.7025262713432312,749,248,0.49579688906669617,"[""V11"", ""V160"", ""V255"", ""V176"", ""V191"", ""V224"", ""V215""]","{""n_estimators"": 187, ""learning_rate"": 0.12083752064132218, ""max_depth"": 4, ""subsample"": 0.7133550350945626, ""colsample_bytree"": 0.6576723474577082, ""min_child_weight"": 8, ""reg_alpha"": 0.7279919006185939, ""reg_lambda"": 2.016014204009445}"
233,2026-06-05T12:34:59.934646+00:00,xgb,ranking_xgb,233,4785,5,1000,0.6904649138450623,719,281,0.4968666434288025,"[""V11"", ""V160"", ""V255"", ""V176"", ""V191""]","{""n_estimators"": 105, ""learning_rate"": 0.08192080807035734, ""max_depth"": 8, ""subsample"": 0.6683027321559942, ""colsample_bytree"": 0.7364401493615957, ""min_child_weight"": 5, ""reg_alpha"": 0.28409629684326765, ""reg_lambda"": 2.1957259181929842}"
234,2026-06-05T12:35:35.712426+00:00,xgb,ranking_xgb,234,4280,8,990,0.8601747155189514,722,268,0.49536532163619995,"[""V11"", ""V160"", ""V255"", ""V176"", ""V191"", ""V224"", ""V215"", ""V380""]","{""n_estimators"": 395, ""learning_rate"": 0.16383233977707495, ""max_depth"": 7, ""subsample"": 0.7810841981311893, ""colsample_bytree"": 0.5705108245793935, ""min_child_weight"": 4, ""reg_alpha"": 0.1484237756658635, ""reg_lambda"": 0.7367477079785434}"
235,2026-06-05T12:35:59.267569+00:00,xgb,ranking_xgb,235,4305,7,995,0.8070252537727356,712,283,0.49327245354652405,"[""V11"", ""V160"", ""V255"", ""V176"", ""V191"", ""V224"", ""V215""]","{""n_estimators"": 285, ""learning_rate"": 0.16686006652589733, ""max_depth"": 6, ""subsample"": 0.7969786496707043, ""colsample_bytree"": 0.9998375166163125, ""min_child_weight"": 4, ""reg_alpha"": 0.6951190206372875, ""reg_lambda"": 1.1511868455535716}"
236,2026-06-05T12:36:18.311344+00:00,xgb,ranking_xgb,236,4620,7,995,0.7580788731575012,733,262,0.4980229437351227,"[""V11"", ""V160"", ""V255"", ""V176"", ""V191"", ""V224"", ""V215""]","{""n_estimators"": 194, ""learning_rate"": 0.10840605698476806, ""max_depth"": 7, ""subsample"": 0.820633552699191, ""colsample_bytree"": 0.8634135699797743, ""min_child_weight"": 4, ""reg_alpha"": 0.6253794054019376, ""reg_lambda"": 2.1765218626863705}"
237,2026-06-05T12:36:33.662063+00:00,xgb,ranking_xgb,237,4440,5,1000,0.7475995421409607,696,304,0.4973929822444916,"[""V11"", ""V160"", ""V255"", ""V176"", ""V191""]","{""n_estimators"": 134, ""learning_rate"": 0.15160790278872252, ""max_depth"": 8, ""subsample"": 0.8447159261583044, ""colsample_bytree"": 0.8785713141826085, ""min_child_weight"": 5, ""reg_alpha"": 0.9706345731376895, ""reg_lambda"": 1.9273639284334363}"
238,2026-06-05T12:36:51.291214+00:00,xgb,ranking_xgb,238,4850,7,1000,0.6844348907470703,750,250,0.49683326482772827,"[""V11"", ""V160"", ""V255"", ""V176"", ""V191"", ""V224"", ""V215""]","{""n_estimators"": 359, ""learning_rate"": 0.03209366013691968, ""max_depth"": 4, ""subsample"": 0.82156582236521, ""colsample_bytree"": 0.8584986104802137, ""min_child_weight"": 8, ""reg_alpha"": 0.7211876625353518, ""reg_lambda"": 0.6078060481607053}"
239,2026-06-05T12:37:04.601348+00:00,xgb,ranking_xgb,239,4610,4,1000,0.6951409578323364,694,306,0.4968467354774475,"[""V11"", ""V160"", ""V255"", ""V176""]","{""n_estimators"": 135, ""learning_rate"": 0.09953285701416689, ""max_depth"": 7, ""subsample"": 0.8537013012885692, ""colsample_bytree"": 0.9735305097522693, ""min_child_weight"": 5, ""reg_alpha"": 0.9647470633909605, ""reg_lambda"": 0.6253031666833799}"
240,2026-06-05T12:37:11.755787+00:00,xgb,ranking_xgb,240,4940,7,1000,0.7071948647499084,756,244,0.4972570240497589,"[""V11"", ""V160"", ""V255"", ""V176"", ""V191"", ""V224"", ""V215""]","{""n_estimators"": 133, ""learning_rate"": 0.14554905051957598, ""max_depth"": 4, ""subsample"": 0.6340403725363419, ""colsample_bytree"": 0.7419080158054936, ""min_child_weight"": 4, ""reg_alpha"": 0.7683620166105436, ""reg_lambda"": 1.2881912377771687}"
241,2026-06-05T12:37:26.876574+00:00,xgb,ranking_xgb,241,4525,9,1000,0.7780272364616394,755,245,0.4988752007484436,"[""V11"", ""V160"", ""V255"", ""V176"", ""V191"", ""V224"", ""V215"", ""V380"", ""V342""]","{""n_estimators"": 243, ""learning_rate"": 0.17510892528710162, ""max_depth"": 5, ""subsample"": 0.8918664199740634, ""colsample_bytree"": 0.6219563774272732, ""min_child_weight"": 6, ""reg_alpha"": 0.7927918905183943, ""reg_lambda"": 1.953471747300381}"
242,2026-06-05T12:37:54.830725+00:00,xgb,ranking_xgb,242,4460,5,999,0.759460985660553,697,302,0.5002790093421936,"[""V11"", ""V160"", ""V255"", ""V176"", ""V191""]","{""n_estimators"": 386, ""learning_rate"": 0.11674598563041767, ""max_depth"": 6, ""subsample"": 0.99575044215289, ""colsample_bytree"": 0.9074297499986931, ""min_child_weight"": 5, ""reg_alpha"": 0.00039359712017494886, ""reg_lambda"": 1.7767508054288057}"
243,2026-06-05T12:38:23.860028+00:00,xgb,ranking_xgb,243,4640,7,1000,0.7413572072982788,736,264,0.4943341314792633,"[""V11"", ""V160"", ""V255"", ""V176"", ""V191"", ""V224"", ""V215""]","{""n_estimators"": 242, ""learning_rate"": 0.06264402492553454, ""max_depth"": 9, ""subsample"": 0.8237870093101607, ""colsample_bytree"": 0.7898645777124222, ""min_child_weight"": 5, ""reg_alpha"": 0.10748699850593879, ""reg_lambda"": 1.7514707837819163}"
244,2026-06-05T12:38:48.282092+00:00,xgb,ranking_xgb,244,4425,8,1000,0.7934015393257141,735,265,0.49661141633987427,"[""V11"", ""V160"", ""V255"", ""V176"", ""V191"", ""V224"", ""V215"", ""V380""]","{""n_estimators"": 381, ""learning_rate"": 0.14729879814876548, ""max_depth"": 5, ""subsample"": 0.8460652431325204, ""colsample_bytree"": 0.7792491853396594, ""min_child_weight"": 7, ""reg_alpha"": 0.44586233839611844, ""reg_lambda"": 1.965327804885954}"
245,2026-06-05T12:39:01.531682+00:00,xgb,ranking_xgb,245,4885,5,998,0.6401903629302979,725,273,0.4958091676235199,"[""V11"", ""V160"", ""V255"", ""V176"", ""V191""]","{""n_estimators"": 126, ""learning_rate"": 0.04489155764552884, ""max_depth"": 8, ""subsample"": 0.6981733738288391, ""colsample_bytree"": 0.5361968750798346, ""min_child_weight"": 6, ""reg_alpha"": 0.9904842879133589, ""reg_lambda"": 1.7620760847388734}"
246,2026-06-05T12:39:28.398016+00:00,xgb,ranking_xgb,246,4820,7,1000,0.7228044867515564,748,252,0.49931132793426514,"[""V11"", ""V160"", ""V255"", ""V176"", ""V191"", ""V224"", ""V215""]","{""n_estimators"": 399, ""learning_rate"": 0.04687950069217968, ""max_depth"": 5, ""subsample"": 0.8858586887873995, ""colsample_bytree"": 0.8627333787922633, ""min_child_weight"": 2, ""reg_alpha"": 0.8789853822576723, ""reg_lambda"": 0.8910821554240982}"
247,2026-06-05T12:39:42.198934+00:00,xgb,ranking_xgb,247,4485,8,1000,0.7573957443237305,739,261,0.4978629946708679,"[""V11"", ""V160"", ""V255"", ""V176"", ""V191"", ""V224"", ""V215"", ""V380""]","{""n_estimators"": 258, ""learning_rate"": 0.16686996631600068, ""max_depth"": 4, ""subsample"": 0.6361124611995401, ""colsample_bytree"": 0.958536729242492, ""min_child_weight"": 9, ""reg_alpha"": 0.5371991662341392, ""reg_lambda"": 1.4522300729656257}"
248,2026-06-05T12:39:53.514082+00:00,xgb,ranking_xgb,248,4980,5,1000,0.6636187434196472,732,268,0.49695077538490295,"[""V11"", ""V160"", ""V255"", ""V176"", ""V191""]","{""n_estimators"": 227, ""learning_rate"": 0.06114791204133052, ""max_depth"": 4, ""subsample"": 0.9155302514165626, ""colsample_bytree"": 0.5429549279963759, ""min_child_weight"": 9, ""reg_alpha"": 0.9699768378015103, ""reg_lambda"": 1.8938394167459525}"
249,2026-06-05T12:40:29.517866+00:00,xgb,ranking_xgb,249,4090,9,1000,0.8175174593925476,726,274,0.4933643043041229,"[""V11"", ""V160"", ""V255"", ""V176"", ""V191"", ""V224"", ""V215"", ""V380"", ""V342""]","{""n_estimators"": 354, ""learning_rate"": 0.14815447041955032, ""max_depth"": 9, ""subsample"": 0.5145694269435792, ""colsample_bytree"": 0.7849829375900395, ""min_child_weight"": 9, ""reg_alpha"": 0.50916131580001, ""reg_lambda"": 2.200669634258858}"
250,2026-06-05T12:41:06.778011+00:00,xgb,ranking_xgb,250,4675,7,999,0.7270030379295349,738,261,0.5009872317314148,"[""V11"", ""V160"", ""V255"", ""V176"", ""V191"", ""V224"", ""V215""]","{""n_estimators"": 372, ""learning_rate"": 0.036441153734278586, ""max_depth"": 7, ""subsample"": 0.9653997408966344, ""colsample_bytree"": 0.8177890894471482, ""min_child_weight"": 2, ""reg_alpha"": 0.43269122791944037, ""reg_lambda"": 0.9243143158168861}"
251,2026-06-05T12:41:25.704706+00:00,xgb,ranking_xgb,251,4640,7,1000,0.7263162136077881,736,264,0.49613457918167114,"[""V11"", ""V160"", ""V255"", ""V176"", ""V191"", ""V224"", ""V215""]","{""n_estimators"": 177, ""learning_rate"": 0.07089954611203525, ""max_depth"": 8, ""subsample"": 0.8093121952280664, ""colsample_bytree"": 0.8206704927692917, ""min_child_weight"": 6, ""reg_alpha"": 0.014227939942445977, ""reg_lambda"": 1.8966963833029207}"
252,2026-06-05T12:41:41.116937+00:00,xgb,ranking_xgb,252,4670,7,1000,0.7225725054740906,738,262,0.49688443541526794,"[""V11"", ""V160"", ""V255"", ""V176"", ""V191"", ""V224"", ""V215""]","{""n_estimators"": 133, ""learning_rate"": 0.06989199869007884, ""max_depth"": 8, ""subsample"": 0.6999333364975407, ""colsample_bytree"": 0.8261454362082301, ""min_child_weight"": 4, ""reg_alpha"": 0.3691264252916585, ""reg_lambda"": 0.8742668035447259}"
253,2026-06-05T12:42:11.544725+00:00,xgb,ranking_xgb,253,4240,9,1000,0.8647010922431946,736,264,0.4950127899646759,"[""V11"", ""V160"", ""V255"", ""V176"", ""V191"", ""V224"", ""V215"", ""V380"", ""V342""]","{""n_estimators"": 255, ""learning_rate"": 0.15818480219676073, ""max_depth"": 8, ""subsample"": 0.6236656184203225, ""colsample_bytree"": 0.75581465186391, ""min_child_weight"": 2, ""reg_alpha"": 0.3481155634802825, ""reg_lambda"": 1.0636785767331847}"
254,2026-06-05T12:43:01.333062+00:00,xgb,ranking_xgb,254,4430,7,1000,0.8340166807174683,722,278,0.4976685643196106,"[""V11"", ""V160"", ""V255"", ""V176"", ""V191"", ""V224"", ""V215""]","{""n_estimators"": 367, ""learning_rate"": 0.10765766421350724, ""max_depth"": 8, ""subsample"": 0.7600433146213702, ""colsample_bytree"": 0.753894396664428, ""min_child_weight"": 1, ""reg_alpha"": 0.5300297459827586, ""reg_lambda"": 1.9323885920342778}"
255,2026-06-05T12:43:21.331760+00:00,xgb,ranking_xgb,255,4475,5,999,0.735040545463562,698,301,0.4989832639694214,"[""V11"", ""V160"", ""V255"", ""V176"", ""V191""]","{""n_estimators"": 397, ""learning_rate"": 0.1260177224432955, ""max_depth"": 4, ""subsample"": 0.7393853782135867, ""colsample_bytree"": 0.7089318148591918, ""min_child_weight"": 7, ""reg_alpha"": 0.06805682745208586, ""reg_lambda"": 1.1499020935202264}"
256,2026-06-05T12:43:58.504715+00:00,xgb,ranking_xgb,256,4530,7,998,0.7639495134353638,728,270,0.49922457337379456,"[""V11"", ""V160"", ""V255"", ""V176"", ""V191"", ""V224"", ""V215""]","{""n_estimators"": 269, ""learning_rate"": 0.06345530756018841, ""max_depth"": 9, ""subsample"": 0.9896344990722749, ""colsample_bytree"": 0.9866962424602854, ""min_child_weight"": 3, ""reg_alpha"": 0.3300825460801403, ""reg_lambda"": 1.2602334645367024}"
257,2026-06-05T12:44:11.517213+00:00,xgb,ranking_xgb,257,4615,9,1000,0.7484822869300842,761,239,0.4974859356880188,"[""V11"", ""V160"", ""V255"", ""V176"", ""V191"", ""V224"", ""V215"", ""V380"", ""V342""]","{""n_estimators"": 260, ""learning_rate"": 0.15515954999564666, ""max_depth"": 4, ""subsample"": 0.6016199272045251, ""colsample_bytree"": 0.5421215433097002, ""min_child_weight"": 8, ""reg_alpha"": 0.9707096472601386, ""reg_lambda"": 1.2178054508374905}"
258,2026-06-05T12:44:27.219684+00:00,xgb,ranking_xgb,258,4855,7,999,0.7547265887260437,750,249,0.49825772643089294,"[""V11"", ""V160"", ""V255"", ""V176"", ""V191"", ""V224"", ""V215""]","{""n_estimators"": 315, ""learning_rate"": 0.15099842361629012, ""max_depth"": 4, ""subsample"": 0.7633378570612244, ""colsample_bytree"": 0.608856006559098, ""min_child_weight"": 4, ""reg_alpha"": 0.3967159489117993, ""reg_lambda"": 1.3416917212191461}"
259,2026-06-05T12:45:01.110509+00:00,xgb,ranking_xgb,259,4685,7,1000,0.719511091709137,739,261,0.49722445011138916,"[""V11"", ""V160"", ""V255"", ""V176"", ""V191"", ""V224"", ""V215""]","{""n_estimators"": 299, ""learning_rate"": 0.03446832961358194, ""max_depth"": 8, ""subsample"": 0.7066235877195288, ""colsample_bytree"": 0.8538851352637156, ""min_child_weight"": 4, ""reg_alpha"": 0.5757204281501275, ""reg_lambda"": 0.8018954679017039}"
260,2026-06-05T12:45:19.600318+00:00,xgb,ranking_xgb,260,4420,6,1000,0.7724370360374451,708,292,0.4987490773200989,"[""V11"", ""V160"", ""V255"", ""V176"", ""V191"", ""V224""]","{""n_estimators"": 204, ""learning_rate"": 0.16084961000924436, ""max_depth"": 6, ""subsample"": 0.6330677556667899, ""colsample_bytree"": 0.9377129553265038, ""min_child_weight"": 2, ""reg_alpha"": 0.8633012548147482, ""reg_lambda"": 2.1218629997139695}"
261,2026-06-05T12:45:26.014448+00:00,xgb,ranking_xgb,261,4890,5,1000,0.6408421397209167,726,274,0.4960567355155945,"[""V11"", ""V160"", ""V255"", ""V176"", ""V191""]","{""n_estimators"": 110, ""learning_rate"": 0.0390949105667837, ""max_depth"": 4, ""subsample"": 0.6296671749566255, ""colsample_bytree"": 0.8899065820406238, ""min_child_weight"": 2, ""reg_alpha"": 0.17038880155372327, ""reg_lambda"": 1.321458800204435}"
262,2026-06-05T12:45:46.546397+00:00,xgb,ranking_xgb,262,4485,7,995,0.769520103931427,724,271,0.49764302372932434,"[""V11"", ""V160"", ""V255"", ""V176"", ""V191"", ""V224"", ""V215""]","{""n_estimators"": 324, ""learning_rate"": 0.1769456897889942, ""max_depth"": 5, ""subsample"": 0.913553334263686, ""colsample_bytree"": 0.8044327290327276, ""min_child_weight"": 9, ""reg_alpha"": 0.711006505255354, ""reg_lambda"": 2.388312384290225}"
263,2026-06-05T12:46:10.934402+00:00,xgb,ranking_xgb,263,4750,7,999,0.7196598052978516,743,256,0.4973522424697876,"[""V11"", ""V160"", ""V255"", ""V176"", ""V191"", ""V224"", ""V215""]","{""n_estimators"": 305, ""learning_rate"": 0.043546544373714254, ""max_depth"": 6, ""subsample"": 0.7445481001082628, ""colsample_bytree"": 0.8662328717923955, ""min_child_weight"": 5, ""reg_alpha"": 0.23223760063530852, ""reg_lambda"": 0.6302362142752753}"
264,2026-06-05T12:46:22.422965+00:00,xgb,ranking_xgb,264,4665,5,1000,0.7119825482368469,711,289,0.4976406395435333,"[""V11"", ""V160"", ""V255"", ""V176"", ""V191""]","{""n_estimators"": 223, ""learning_rate"": 0.1436798433489625, ""max_depth"": 4, ""subsample"": 0.7608012954590857, ""colsample_bytree"": 0.9584550456167942, ""min_child_weight"": 6, ""reg_alpha"": 0.3433184802505387, ""reg_lambda"": 0.8400218930648884}"
265,2026-06-05T12:46:51.926496+00:00,xgb,ranking_xgb,265,4495,9,1000,0.7902337908744812,753,247,0.4989223778247833,"[""V11"", ""V160"", ""V255"", ""V176"", ""V191"", ""V224"", ""V215"", ""V380"", ""V342""]","{""n_estimators"": 274, ""learning_rate"": 0.09972306032205212, ""max_depth"": 8, ""subsample"": 0.7863380885333622, ""colsample_bytree"": 0.5216783589627111, ""min_child_weight"": 4, ""reg_alpha"": 0.6158333353777803, ""reg_lambda"": 2.3695096605495785}"
266,2026-06-05T12:46:58.089341+00:00,xgb,ranking_xgb,266,5205,5,1000,0.6295574307441711,747,253,0.49679121375083923,"[""V11"", ""V160"", ""V255"", ""V176"", ""V191""]","{""n_estimators"": 153, ""learning_rate"": 0.04018684732935793, ""max_depth"": 3, ""subsample"": 0.560730240065699, ""colsample_bytree"": 0.5100033291767915, ""min_child_weight"": 8, ""reg_alpha"": 0.15773176075777406, ""reg_lambda"": 0.940423222512422}"
267,2026-06-05T12:47:27.429021+00:00,xgb,ranking_xgb,267,4725,8,1000,0.711124837398529,755,245,0.4975917935371399,"[""V11"", ""V160"", ""V255"", ""V176"", ""V191"", ""V224"", ""V215"", ""V380""]","{""n_estimators"": 315, ""learning_rate"": 0.030368306127775174, ""max_depth"": 7, ""subsample"": 0.9387089365234613, ""colsample_bytree"": 0.7802978520588975, ""min_child_weight"": 5, ""reg_alpha"": 0.8963836187705556, ""reg_lambda"": 2.4995782558857584}"
268,2026-06-05T12:47:41.363990+00:00,xgb,ranking_xgb,268,4835,7,1000,0.7244709730148315,749,251,0.497807115316391,"[""V11"", ""V160"", ""V255"", ""V176"", ""V191"", ""V224"", ""V215""]","{""n_estimators"": 280, ""learning_rate"": 0.12205777828218502, ""max_depth"": 4, ""subsample"": 0.7897022065913181, ""colsample_bytree"": 0.6444774157726019, ""min_child_weight"": 4, ""reg_alpha"": 0.8162956691027852, ""reg_lambda"": 1.2082371566930314}"
269,2026-06-05T12:47:56.135903+00:00,xgb,ranking_xgb,269,4715,7,1000,0.7578909397125244,741,259,0.49963507056236267,"[""V11"", ""V160"", ""V255"", ""V176"", ""V191"", ""V224"", ""V215""]","{""n_estimators"": 237, ""learning_rate"": 0.13428331557145257, ""max_depth"": 5, ""subsample"": 0.8499249711186811, ""colsample_bytree"": 0.6767351613816155, ""min_child_weight"": 3, ""reg_alpha"": 0.014944361357745684, ""reg_lambda"": 0.5182227312620249}"
270,2026-06-05T12:48:08.893408+00:00,xgb,ranking_xgb,270,4590,5,1000,0.7162415385246277,706,294,0.49865859746932983,"[""V11"", ""V160"", ""V255"", ""V176"", ""V191""]","{""n_estimators"": 140, ""learning_rate"": 0.16822191896073613, ""max_depth"": 7, ""subsample"": 0.9089921685885376, ""colsample_bytree"": 0.5330954098914026, ""min_child_weight"": 6, ""reg_alpha"": 0.8319242137636502, ""reg_lambda"": 2.212856442338029}"
271,2026-06-05T12:48:24.445305+00:00,xgb,ranking_xgb,271,4520,7,1000,0.7485987544059753,728,272,0.4973071813583374,"[""V11"", ""V160"", ""V255"", ""V176"", ""V191"", ""V224"", ""V215""]","{""n_estimators"": 132, ""learning_rate"": 0.13766703800309016, ""max_depth"": 9, ""subsample"": 0.9517209307687221, ""colsample_bytree"": 0.5681779158118025, ""min_child_weight"": 5, ""reg_alpha"": 0.06732482620635838, ""reg_lambda"": 1.11964899757814}"
272,2026-06-05T12:48:44.115175+00:00,xgb,ranking_xgb,272,4775,7,1000,0.7194596529006958,745,255,0.4973987340927124,"[""V11"", ""V160"", ""V255"", ""V176"", ""V191"", ""V224"", ""V215""]","{""n_estimators"": 197, ""learning_rate"": 0.08064621135191208, ""max_depth"": 8, ""subsample"": 0.6814880618327674, ""colsample_bytree"": 0.5213747488268325, ""min_child_weight"": 7, ""reg_alpha"": 0.6764862831797576, ""reg_lambda"": 1.0757549832014313}"
273,2026-06-05T12:49:07.380311+00:00,xgb,ranking_xgb,273,4670,7,1000,0.7431834936141968,738,262,0.4975185990333557,"[""V11"", ""V160"", ""V255"", ""V176"", ""V191"", ""V224"", ""V215""]","{""n_estimators"": 342, ""learning_rate"": 0.09320291595001225, ""max_depth"": 6, ""subsample"": 0.9689489798730866, ""colsample_bytree"": 0.6530048111460103, ""min_child_weight"": 8, ""reg_alpha"": 0.019743443829227658, ""reg_lambda"": 1.028796109890846}"
274,2026-06-05T12:49:31.595515+00:00,xgb,ranking_xgb,274,4720,9,1000,0.7671573758125305,768,232,0.4964604377746582,"[""V11"", ""V160"", ""V255"", ""V176"", ""V191"", ""V224"", ""V215"", ""V380"", ""V342""]","{""n_estimators"": 339, ""learning_rate"": 0.0813666719924036, ""max_depth"": 6, ""subsample"": 0.5317848802142184, ""colsample_bytree"": 0.502430321329717, ""min_child_weight"": 5, ""reg_alpha"": 0.5646298372531614, ""reg_lambda"": 0.5613655860914268}"
275,2026-06-05T12:49:54.157442+00:00,xgb,ranking_xgb,275,4325,8,999,0.8260393738746643,728,271,0.5004147291183472,"[""V11"", ""V160"", ""V255"", ""V176"", ""V191"", ""V224"", ""V215"", ""V380""]","{""n_estimators"": 214, ""learning_rate"": 0.16206126384520947, ""max_depth"": 8, ""subsample"": 0.5796591428962115, ""colsample_bytree"": 0.5471716595937843, ""min_child_weight"": 3, ""reg_alpha"": 0.3912498133334015, ""reg_lambda"": 1.0936627381487287}"
276,2026-06-05T12:50:02.708110+00:00,xgb,ranking_xgb,276,4860,5,1000,0.703430712223053,724,276,0.4988285303115845,"[""V11"", ""V160"", ""V255"", ""V176"", ""V191""]","{""n_estimators"": 158, ""learning_rate"": 0.14339603850882188, ""max_depth"": 4, ""subsample"": 0.7826456573948157, ""colsample_bytree"": 0.9673920873664286, ""min_child_weight"": 3, ""reg_alpha"": 0.9814911514263743, ""reg_lambda"": 2.0732179534318593}"
277,2026-06-05T12:50:22.822130+00:00,xgb,ranking_xgb,277,4645,9,1000,0.7600805759429932,763,237,0.5011438727378845,"[""V11"", ""V160"", ""V255"", ""V176"", ""V191"", ""V224"", ""V215"", ""V380"", ""V342""]","{""n_estimators"": 262, ""learning_rate"": 0.07589930174192255, ""max_depth"": 6, ""subsample"": 0.6133687179963443, ""colsample_bytree"": 0.5062033500659744, ""min_child_weight"": 2, ""reg_alpha"": 0.5162619641002294, ""reg_lambda"": 0.8884014331306298}"
278,2026-06-05T12:50:38.364219+00:00,xgb,ranking_xgb,278,4860,5,1000,0.6641445755958557,724,276,0.49909326434135437,"[""V11"", ""V160"", ""V255"", ""V176"", ""V191""]","{""n_estimators"": 166, ""learning_rate"": 0.04183772391231255, ""max_depth"": 7, ""subsample"": 0.8270274944447487, ""colsample_bytree"": 0.5982937984394316, ""min_child_weight"": 3, ""reg_alpha"": 0.07139902413910448, ""reg_lambda"": 0.8925669591471819}"
279,2026-06-05T12:50:51.299091+00:00,xgb,ranking_xgb,279,4770,8,1000,0.7320119738578796,758,242,0.49970245361328125,"[""V11"", ""V160"", ""V255"", ""V176"", ""V191"", ""V224"", ""V215"", ""V380""]","{""n_estimators"": 260, ""learning_rate"": 0.10425777342978289, ""max_depth"": 4, ""subsample"": 0.7596417807507077, ""colsample_bytree"": 0.8690717563269741, ""min_child_weight"": 8, ""reg_alpha"": 0.25917617072124033, ""reg_lambda"": 2.1447627487589602}"
280,2026-06-05T12:51:03.315263+00:00,xgb,ranking_xgb,280,4820,7,1000,0.6797736883163452,748,252,0.4956882894039154,"[""V11"", ""V160"", ""V255"", ""V176"", ""V191"", ""V224"", ""V215""]","{""n_estimators"": 149, ""learning_rate"": 0.03953699144700008, ""max_depth"": 6, ""subsample"": 0.9173611832272681, ""colsample_bytree"": 0.86789081699837, ""min_child_weight"": 7, ""reg_alpha"": 0.15087369103425463, ""reg_lambda"": 1.6673296979892682}"
281,2026-06-05T12:51:18.093571+00:00,xgb,ranking_xgb,281,4825,7,999,0.7138132452964783,748,251,0.49713438749313354,"[""V11"", ""V160"", ""V255"", ""V176"", ""V191"", ""V224"", ""V215""]","{""n_estimators"": 393, ""learning_rate"": 0.1123064471530981, ""max_depth"": 3, ""subsample"": 0.7469819692929773, ""colsample_bytree"": 0.6520102793909576, ""min_child_weight"": 8, ""reg_alpha"": 0.9121104888535994, ""reg_lambda"": 0.7541896421055043}"
282,2026-06-05T12:51:36.817558+00:00,xgb,ranking_xgb,282,4540,7,996,0.7301909327507019,728,268,0.49846166372299194,"[""V11"", ""V160"", ""V255"", ""V176"", ""V191"", ""V224"", ""V215""]","{""n_estimators"": 216, ""learning_rate"": 0.07599166149783432, ""max_depth"": 7, ""subsample"": 0.5891853246709723, ""colsample_bytree"": 0.6606508145095429, ""min_child_weight"": 5, ""reg_alpha"": 0.3430070942862954, ""reg_lambda"": 1.0822757888540377}"
283,2026-06-05T12:51:52.691931+00:00,xgb,ranking_xgb,283,4805,7,1000,0.7110178470611572,747,253,0.4965589940547943,"[""V11"", ""V160"", ""V255"", ""V176"", ""V191"", ""V224"", ""V215""]","{""n_estimators"": 332, ""learning_rate"": 0.08875835386701669, ""max_depth"": 4, ""subsample"": 0.9147436816319687, ""colsample_bytree"": 0.5154264678292537, ""min_child_weight"": 6, ""reg_alpha"": 0.9920749746293885, ""reg_lambda"": 1.2698029656716516}"
284,2026-06-05T12:52:15.881558+00:00,xgb,ranking_xgb,284,4440,5,1000,0.7688311338424683,696,304,0.49992597103118896,"[""V11"", ""V160"", ""V255"", ""V176"", ""V191""]","{""n_estimators"": 243, ""learning_rate"": 0.1574453919305912, ""max_depth"": 7, ""subsample"": 0.8204119493778226, ""colsample_bytree"": 0.5859323076301932, ""min_child_weight"": 2, ""reg_alpha"": 0.7624928946207605, ""reg_lambda"": 1.7998122747126528}"
285,2026-06-05T12:52:29.124218+00:00,xgb,ranking_xgb,285,4800,5,1000,0.6618589162826538,720,280,0.49757903814315796,"[""V11"", ""V160"", ""V255"", ""V176"", ""V191""]","{""n_estimators"": 173, ""learning_rate"": 0.04553848181747301, ""max_depth"": 6, ""subsample"": 0.9392388861092404, ""colsample_bytree"": 0.5657816209003214, ""min_child_weight"": 2, ""reg_alpha"": 0.09907760361292017, ""reg_lambda"": 2.088235702925381}"
286,2026-06-05T12:52:38.690645+00:00,xgb,ranking_xgb,286,4840,6,1000,0.670455276966095,736,264,0.49708691239356995,"[""V11"", ""V160"", ""V255"", ""V176"", ""V191"", ""V224""]","{""n_estimators"": 261, ""learning_rate"": 0.07253927959862808, ""max_depth"": 3, ""subsample"": 0.8052038129255961, ""colsample_bytree"": 0.7817109358676899, ""min_child_weight"": 2, ""reg_alpha"": 0.5327790359329302, ""reg_lambda"": 2.2777247624470762}"
287,2026-06-05T12:53:07.740853+00:00,xgb,ranking_xgb,287,4150,7,999,0.814067006111145,703,296,0.4946286082267761,"[""V11"", ""V160"", ""V255"", ""V176"", ""V191"", ""V224"", ""V215""]","{""n_estimators"": 393, ""learning_rate"": 0.15172140823493374, ""max_depth"": 6, ""subsample"": 0.6521155790312767, ""colsample_bytree"": 0.9322585029948977, ""min_child_weight"": 5, ""reg_alpha"": 0.2836328608049449, ""reg_lambda"": 2.4421198072010872}"
288,2026-06-05T12:53:45.372656+00:00,xgb,ranking_xgb,288,4310,7,1000,0.8142330050468445,714,286,0.49567103385925293,"[""V11"", ""V160"", ""V255"", ""V176"", ""V191"", ""V224"", ""V215""]","{""n_estimators"": 399, ""learning_rate"": 0.13661296803393747, ""max_depth"": 9, ""subsample"": 0.9841043121040887, ""colsample_bytree"": 0.7969492086075958, ""min_child_weight"": 8, ""reg_alpha"": 0.018113184334213606, ""reg_lambda"": 2.410302660615365}"
289,2026-06-05T12:53:56.749326+00:00,xgb,ranking_xgb,289,4865,5,999,0.6770167946815491,724,275,0.4970790445804596,"[""V11"", ""V160"", ""V255"", ""V176"", ""V191""]","{""n_estimators"": 262, ""learning_rate"": 0.08441114311855188, ""max_depth"": 4, ""subsample"": 0.9062656695085208, ""colsample_bytree"": 0.5109893829341378, ""min_child_weight"": 9, ""reg_alpha"": 0.0019094174578599965, ""reg_lambda"": 1.5442728579859344}"
290,2026-06-05T12:54:13.766778+00:00,xgb,ranking_xgb,290,4820,8,999,0.6927577257156372,761,238,0.4958854615688324,"[""V11"", ""V160"", ""V255"", ""V176"", ""V191"", ""V224"", ""V215"", ""V380""]","{""n_estimators"": 275, ""learning_rate"": 0.03531703292234474, ""max_depth"": 5, ""subsample"": 0.5889095188330615, ""colsample_bytree"": 0.8581635285112887, ""min_child_weight"": 6, ""reg_alpha"": 0.8173122588988911, ""reg_lambda"": 1.9172246369326853}"
291,2026-06-05T12:54:42.891722+00:00,xgb,ranking_xgb,291,4495,10,999,0.7692776918411255,766,233,0.5016214847564697,"[""V11"", ""V160"", ""V255"", ""V176"", ""V191"", ""V224"", ""V215"", ""V380"", ""V342"", ""V117""]","{""n_estimators"": 225, ""learning_rate"": 0.06936914825042625, ""max_depth"": 8, ""subsample"": 0.7416269370361357, ""colsample_bytree"": 0.6998988402092841, ""min_child_weight"": 1, ""reg_alpha"": 0.08144580957192082, ""reg_lambda"": 2.4334388744103723}"
292,2026-06-05T12:54:52.337684+00:00,xgb,ranking_xgb,292,4715,4,1000,0.6630591154098511,701,299,0.49773475527763367,"[""V11"", ""V160"", ""V255"", ""V176""]","{""n_estimators"": 147, ""learning_rate"": 0.08930201486613445, ""max_depth"": 5, ""subsample"": 0.8253101131982901, ""colsample_bytree"": 0.7078405744684368, ""min_child_weight"": 2, ""reg_alpha"": 0.3854754594759452, ""reg_lambda"": 1.0326605088847807}"
293,2026-06-05T12:55:02.513095+00:00,xgb,ranking_xgb,293,4840,7,999,0.7086712718009949,749,250,0.49720704555511475,"[""V11"", ""V160"", ""V255"", ""V176"", ""V191"", ""V224"", ""V215""]","{""n_estimators"": 272, ""learning_rate"": 0.12986291681397055, ""max_depth"": 3, ""subsample"": 0.799030898478017, ""colsample_bytree"": 0.7389165890846937, ""min_child_weight"": 5, ""reg_alpha"": 0.36016993805790476, ""reg_lambda"": 1.8060209842058612}"
294,2026-06-05T12:55:22.699050+00:00,xgb,ranking_xgb,294,4670,7,997,0.7485122084617615,737,260,0.49624189734458923,"[""V11"", ""V160"", ""V255"", ""V176"", ""V191"", ""V224"", ""V215""]","{""n_estimators"": 177, ""learning_rate"": 0.08686948485864997, ""max_depth"": 9, ""subsample"": 0.6836713158654701, ""colsample_bytree"": 0.8283178210102742, ""min_child_weight"": 6, ""reg_alpha"": 0.18476603303816652, ""reg_lambda"": 0.878439832545725}"
295,2026-06-05T12:55:40.366846+00:00,xgb,ranking_xgb,295,4820,5,999,0.6881791353225708,721,278,0.49921268224716187,"[""V11"", ""V160"", ""V255"", ""V176"", ""V191""]","{""n_estimators"": 377, ""learning_rate"": 0.050448409212640336, ""max_depth"": 4, ""subsample"": 0.9258630389981573, ""colsample_bytree"": 0.6062745589071034, ""min_child_weight"": 2, ""reg_alpha"": 0.4548610474844579, ""reg_lambda"": 0.5112662738954297}"
296,2026-06-05T12:55:59.007514+00:00,xgb,ranking_xgb,296,4670,7,1000,0.729053258895874,738,262,0.497836709022522,"[""V11"", ""V160"", ""V255"", ""V176"", ""V191"", ""V224"", ""V215""]","{""n_estimators"": 324, ""learning_rate"": 0.08851767286461257, ""max_depth"": 5, ""subsample"": 0.8656250803531546, ""colsample_bytree"": 0.7350437413818942, ""min_child_weight"": 9, ""reg_alpha"": 0.3828647258331257, ""reg_lambda"": 1.777463970147332}"
297,2026-06-05T12:56:17.421383+00:00,xgb,ranking_xgb,297,4380,7,998,0.7730323672294617,718,280,0.49754002690315247,"[""V11"", ""V160"", ""V255"", ""V176"", ""V191"", ""V224"", ""V215""]","{""n_estimators"": 263, ""learning_rate"": 0.13853710555163834, ""max_depth"": 6, ""subsample"": 0.620716862842972, ""colsample_bytree"": 0.6935747807468136, ""min_child_weight"": 6, ""reg_alpha"": 0.002940409394668997, ""reg_lambda"": 1.6053229366484334}"
298,2026-06-05T12:56:25.972780+00:00,xgb,ranking_xgb,298,4935,5,1000,0.669204831123352,729,271,0.4976913034915924,"[""V11"", ""V160"", ""V255"", ""V176"", ""V191""]","{""n_estimators"": 234, ""learning_rate"": 0.09621791689031776, ""max_depth"": 3, ""subsample"": 0.5360370669652414, ""colsample_bytree"": 0.5247810708692129, ""min_child_weight"": 5, ""reg_alpha"": 0.9716600253162436, ""reg_lambda"": 1.918103482123702}"
299,2026-06-05T12:56:51.370468+00:00,xgb,ranking_xgb,299,4320,5,1000,0.7534820437431335,688,312,0.49907833337783813,"[""V11"", ""V160"", ""V255"", ""V176"", ""V191""]","{""n_estimators"": 256, ""learning_rate"": 0.11569857514536964, ""max_depth"": 8, ""subsample"": 0.9114263550263733, ""colsample_bytree"": 0.7732759419921333, ""min_child_weight"": 6, ""reg_alpha"": 0.8413564806674667, ""reg_lambda"": 2.0829049329727543}"
300,2026-06-05T12:57:19.862979+00:00,xgb,ranking_xgb,300,4300,8,998,0.8238265514373779,726,272,0.49598926305770874,"[""V11"", ""V160"", ""V255"", ""V176"", ""V191"", ""V224"", ""V215"", ""V380""]","{""n_estimators"": 318, ""learning_rate"": 0.15319438579099165, ""max_depth"": 7, ""subsample"": 0.7626558008762885, ""colsample_bytree"": 0.9811396760360347, ""min_child_weight"": 6, ""reg_alpha"": 0.6738443624343919, ""reg_lambda"": 1.6872451977408838}"
301,2026-06-05T12:57:38.155593+00:00,xgb,ranking_xgb,301,4750,9,997,0.7346189022064209,769,228,0.498104989528656,"[""V11"", ""V160"", ""V255"", ""V176"", ""V191"", ""V224"", ""V215"", ""V380"", ""V342""]","{""n_estimators"": 309, ""learning_rate"": 0.06306679042542987, ""max_depth"": 5, ""subsample"": 0.6845406262646891, ""colsample_bytree"": 0.6453878518832088, ""min_child_weight"": 8, ""reg_alpha"": 0.7003744600865723, ""reg_lambda"": 1.3448436530097478}"
302,2026-06-05T12:58:01.844070+00:00,xgb,ranking_xgb,302,4320,9,999,0.8256866335868835,741,258,0.49674561619758606,"[""V11"", ""V160"", ""V255"", ""V176"", ""V191"", ""V224"", ""V215"", ""V380"", ""V342""]","{""n_estimators"": 168, ""learning_rate"": 0.13116475766736496, ""max_depth"": 8, ""subsample"": 0.6468072225066102, ""colsample_bytree"": 0.9915862882554043, ""min_child_weight"": 1, ""reg_alpha"": 0.39105643279960833, ""reg_lambda"": 1.4238121919598243}"
303,2026-06-05T12:58:08.316573+00:00,xgb,ranking_xgb,303,4985,5,999,0.6816146373748779,732,267,0.498822957277298,"[""V11"", ""V160"", ""V255"", ""V176"", ""V191""]","{""n_estimators"": 124, ""learning_rate"": 0.10037353295146655, ""max_depth"": 4, ""subsample"": 0.8065436987044907, ""colsample_bytree"": 0.9394230400458025, ""min_child_weight"": 4, ""reg_alpha"": 0.15321095381897876, ""reg_lambda"": 1.0132938236593376}"
304,2026-06-05T12:58:16.371653+00:00,xgb,ranking_xgb,304,4935,5,994,0.6518324613571167,727,267,0.49641016125679016,"[""V11"", ""V160"", ""V255"", ""V176"", ""V191""]","{""n_estimators"": 159, ""learning_rate"": 0.038279705734217614, ""max_depth"": 4, ""subsample"": 0.7753971422661374, ""colsample_bytree"": 0.9054459297315465, ""min_child_weight"": 6, ""reg_alpha"": 0.6890043723231779, ""reg_lambda"": 1.9849940268253203}"
305,2026-06-05T12:58:40.187662+00:00,xgb,ranking_xgb,305,4670,7,1000,0.7664680480957031,738,262,0.4993913173675537,"[""V11"", ""V160"", ""V255"", ""V176"", ""V191"", ""V224"", ""V215""]","{""n_estimators"": 387, ""learning_rate"": 0.13164168346259758, ""max_depth"": 5, ""subsample"": 0.9696398243385753, ""colsample_bytree"": 0.7046608540992362, ""min_child_weight"": 2, ""reg_alpha"": 0.6025004382146482, ""reg_lambda"": 2.28061550275075}"
306,2026-06-05T12:59:09.754245+00:00,xgb,ranking_xgb,306,4225,9,1000,0.8515059351921082,735,265,0.49625009298324585,"[""V11"", ""V160"", ""V255"", ""V176"", ""V191"", ""V224"", ""V215"", ""V380"", ""V342""]","{""n_estimators"": 311, ""learning_rate"": 0.17248188382340834, ""max_depth"": 7, ""subsample"": 0.7105024831559232, ""colsample_bytree"": 0.7404491656028118, ""min_child_weight"": 3, ""reg_alpha"": 0.9810341443333886, ""reg_lambda"": 1.3887177981364678}"
307,2026-06-05T12:59:41.864507+00:00,xgb,ranking_xgb,307,4365,8,1000,0.831158459186554,731,269,0.4942140579223633,"[""V11"", ""V160"", ""V255"", ""V176"", ""V191"", ""V224"", ""V215"", ""V380""]","{""n_estimators"": 324, ""learning_rate"": 0.15125956709123425, ""max_depth"": 9, ""subsample"": 0.6620408087744488, ""colsample_bytree"": 0.7448512735535029, ""min_child_weight"": 8, ""reg_alpha"": 0.022462472298727665, ""reg_lambda"": 1.2958504012935665}"
308,2026-06-05T13:00:10.782430+00:00,xgb,ranking_xgb,308,4420,5,995,0.7618623971939087,693,302,0.49965283274650574,"[""V11"", ""V160"", ""V255"", ""V176"", ""V191""]","{""n_estimators"": 277, ""learning_rate"": 0.09279276296372731, ""max_depth"": 8, ""subsample"": 0.6456700074758037, ""colsample_bytree"": 0.7055806696127134, ""min_child_weight"": 4, ""reg_alpha"": 0.48826610164698947, ""reg_lambda"": 1.3522953672152704}"
309,2026-06-05T13:00:16.335541+00:00,xgb,ranking_xgb,309,5295,5,1000,0.6237882375717163,753,247,0.49572286009788513,"[""V11"", ""V160"", ""V255"", ""V176"", ""V191""]","{""n_estimators"": 140, ""learning_rate"": 0.03323024103249465, ""max_depth"": 3, ""subsample"": 0.5957866874116182, ""colsample_bytree"": 0.6079255419929565, ""min_child_weight"": 1, ""reg_alpha"": 0.5537155363447223, ""reg_lambda"": 0.964295337111613}"
310,2026-06-05T13:00:33.845473+00:00,xgb,ranking_xgb,310,4515,5,1000,0.7316098809242249,701,299,0.4977346658706665,"[""V11"", ""V160"", ""V255"", ""V176"", ""V191""]","{""n_estimators"": 363, ""learning_rate"": 0.1517259724397549, ""max_depth"": 4, ""subsample"": 0.8545418623392296, ""colsample_bytree"": 0.8542339105261525, ""min_child_weight"": 9, ""reg_alpha"": 0.4269680841301582, ""reg_lambda"": 2.4551800377296455}"
311,2026-06-05T13:00:45.481533+00:00,xgb,ranking_xgb,311,4695,5,988,0.708825945854187,709,279,0.49706733226776123,"[""V11"", ""V160"", ""V255"", ""V176"", ""V191""]","{""n_estimators"": 224, ""learning_rate"": 0.1302852906107485, ""max_depth"": 4, ""subsample"": 0.5455791749449456, ""colsample_bytree"": 0.643627862567806, ""min_child_weight"": 4, ""reg_alpha"": 0.31286143474987327, ""reg_lambda"": 0.6214681536881224}"
312,2026-06-05T13:00:57.366123+00:00,xgb,ranking_xgb,312,4815,5,1000,0.6882577538490295,721,279,0.4970937967300415,"[""V11"", ""V160"", ""V255"", ""V176"", ""V191""]","{""n_estimators"": 292, ""learning_rate"": 0.09592558932201153, ""max_depth"": 3, ""subsample"": 0.5414316112736917, ""colsample_bytree"": 0.8098194382696109, ""min_child_weight"": 4, ""reg_alpha"": 0.6888564250944492, ""reg_lambda"": 1.2943003241464248}"
313,2026-06-05T13:01:03.728858+00:00,xgb,ranking_xgb,313,4935,5,1000,0.6735116839408875,729,271,0.4988362789154053,"[""V11"", ""V160"", ""V255"", ""V176"", ""V191""]","{""n_estimators"": 120, ""learning_rate"": 0.09280830297978974, ""max_depth"": 4, ""subsample"": 0.6913028440262308, ""colsample_bytree"": 0.6032366971155498, ""min_child_weight"": 9, ""reg_alpha"": 0.6206778211680212, ""reg_lambda"": 1.372209518314356}"
314,2026-06-05T13:01:09.875010+00:00,xgb,ranking_xgb,314,4940,5,996,0.6635850071907043,728,268,0.49746185541152954,"[""V11"", ""V160"", ""V255"", ""V176"", ""V191""]","{""n_estimators"": 108, ""learning_rate"": 0.06979591453459602, ""max_depth"": 4, ""subsample"": 0.808966861969497, ""colsample_bytree"": 0.9731231935569691, ""min_child_weight"": 3, ""reg_alpha"": 0.6705675189911386, ""reg_lambda"": 1.7876304264724323}"
315,2026-06-05T13:01:18.819005+00:00,xgb,ranking_xgb,315,4600,6,1000,0.7146570682525635,720,280,0.494993656873703,"[""V11"", ""V160"", ""V255"", ""V176"", ""V191"", ""V224""]","{""n_estimators"": 108, ""learning_rate"": 0.1756813435128427, ""max_depth"": 6, ""subsample"": 0.632523875586231, ""colsample_bytree"": 0.8916026897708693, ""min_child_weight"": 8, ""reg_alpha"": 0.9158082591545209, ""reg_lambda"": 2.410556133507959}"
316,2026-06-05T13:01:32.074887+00:00,xgb,ranking_xgb,316,4790,7,1000,0.7133316397666931,746,254,0.4977989196777344,"[""V11"", ""V160"", ""V255"", ""V176"", ""V191"", ""V224"", ""V215""]","{""n_estimators"": 199, ""learning_rate"": 0.07187481782328597, ""max_depth"": 5, ""subsample"": 0.6578237691964646, ""colsample_bytree"": 0.998450133865232, ""min_child_weight"": 4, ""reg_alpha"": 0.7370035880243998, ""reg_lambda"": 1.4759671238322587}"
317,2026-06-05T13:01:49.559911+00:00,xgb,ranking_xgb,317,4605,5,1000,0.7235260009765625,707,293,0.49597567319869995,"[""V11"", ""V160"", ""V255"", ""V176"", ""V191""]","{""n_estimators"": 187, ""learning_rate"": 0.123320046033273, ""max_depth"": 7, ""subsample"": 0.5415026351915679, ""colsample_bytree"": 0.5948546593747283, ""min_child_weight"": 3, ""reg_alpha"": 0.8381152336577052, ""reg_lambda"": 1.902141871764689}"
318,2026-06-05T13:02:13.929778+00:00,xgb,ranking_xgb,318,4530,9,993,0.813615083694458,753,240,0.5011085867881775,"[""V11"", ""V160"", ""V255"", ""V176"", ""V191"", ""V224"", ""V215"", ""V380"", ""V342""]","{""n_estimators"": 347, ""learning_rate"": 0.12912136799801383, ""max_depth"": 6, ""subsample"": 0.9817610081544046, ""colsample_bytree"": 0.7883755144258491, ""min_child_weight"": 5, ""reg_alpha"": 0.05776215872268742, ""reg_lambda"": 0.9855831050819763}"
319,2026-06-05T13:02:23.002340+00:00,xgb,ranking_xgb,319,4715,4,1000,0.6921660900115967,701,299,0.49783945083618164,"[""V11"", ""V160"", ""V255"", ""V176""]","{""n_estimators"": 174, ""learning_rate"": 0.16458765516091345, ""max_depth"": 4, ""subsample"": 0.572240641647731, ""colsample_bytree"": 0.7027937349000819, ""min_child_weight"": 2, ""reg_alpha"": 0.23179452139321977, ""reg_lambda"": 2.157054882439919}"
320,2026-06-05T13:02:41.794741+00:00,xgb,ranking_xgb,320,4885,7,999,0.6851732730865479,752,247,0.4970185458660126,"[""V11"", ""V160"", ""V255"", ""V176"", ""V191"", ""V224"", ""V215""]","{""n_estimators"": 389, ""learning_rate"": 0.040616065839952906, ""max_depth"": 4, ""subsample"": 0.571899425061118, ""colsample_bytree"": 0.5070477110312186, ""min_child_weight"": 5, ""reg_alpha"": 0.45871956220816146, ""reg_lambda"": 1.8194334843248705}"
321,2026-06-05T13:03:11.842023+00:00,xgb,ranking_xgb,321,4355,9,998,0.8310615420341492,743,255,0.4975675642490387,"[""V11"", ""V160"", ""V255"", ""V176"", ""V191"", ""V224"", ""V215"", ""V380"", ""V342""]","{""n_estimators"": 369, ""learning_rate"": 0.16651852710839354, ""max_depth"": 7, ""subsample"": 0.996654647148987, ""colsample_bytree"": 0.7003459175719987, ""min_child_weight"": 9, ""reg_alpha"": 0.41335533278284053, ""reg_lambda"": 2.0779892209414568}"
322,2026-06-05T13:03:18.511063+00:00,xgb,ranking_xgb,322,5100,5,1000,0.6431306600570679,740,260,0.49545714259147644,"[""V11"", ""V160"", ""V255"", ""V176"", ""V191""]","{""n_estimators"": 126, ""learning_rate"": 0.04168685380741865, ""max_depth"": 4, ""subsample"": 0.7391943568277041, ""colsample_bytree"": 0.6945982193681773, ""min_child_weight"": 9, ""reg_alpha"": 0.5266756362845376, ""reg_lambda"": 2.3151075064796807}"
323,2026-06-05T13:03:27.534194+00:00,xgb,ranking_xgb,323,5055,5,1000,0.652348518371582,737,263,0.49693331122398376,"[""V11"", ""V160"", ""V255"", ""V176"", ""V191""]","{""n_estimators"": 173, ""learning_rate"": 0.05125380944201404, ""max_depth"": 4, ""subsample"": 0.5429385869454262, ""colsample_bytree"": 0.5383125842266332, ""min_child_weight"": 6, ""reg_alpha"": 0.5779465059479731, ""reg_lambda"": 0.8984052443944852}"
324,2026-06-05T13:03:54.164065+00:00,xgb,ranking_xgb,324,4355,6,998,0.7776935696601868,703,295,0.49831172823905945,"[""V11"", ""V160"", ""V255"", ""V176"", ""V191"", ""V224""]","{""n_estimators"": 284, ""learning_rate"": 0.12483944972270741, ""max_depth"": 7, ""subsample"": 0.9519249090451438, ""colsample_bytree"": 0.937740289742661, ""min_child_weight"": 4, ""reg_alpha"": 0.5083291052203583, ""reg_lambda"": 1.991736739858824}"
325,2026-06-05T13:04:10.688924+00:00,xgb,ranking_xgb,325,4735,8,998,0.7243435382843018,755,243,0.4993097186088562,"[""V11"", ""V160"", ""V255"", ""V176"", ""V191"", ""V224"", ""V215"", ""V380""]","{""n_estimators"": 253, ""learning_rate"": 0.06827636485619218, ""max_depth"": 6, ""subsample"": 0.5288773270527456, ""colsample_bytree"": 0.667940228232466, ""min_child_weight"": 9, ""reg_alpha"": 0.6352146412549811, ""reg_lambda"": 1.1098950988611906}"
326,2026-06-05T13:04:40.010890+00:00,xgb,ranking_xgb,326,4305,9,999,0.8593710660934448,740,259,0.4949844777584076,"[""V11"", ""V160"", ""V255"", ""V176"", ""V191"", ""V224"", ""V215"", ""V380"", ""V342""]","{""n_estimators"": 285, ""learning_rate"": 0.17715728195684363, ""max_depth"": 9, ""subsample"": 0.8415328759902213, ""colsample_bytree"": 0.8456846950093289, ""min_child_weight"": 6, ""reg_alpha"": 0.1540561599522543, ""reg_lambda"": 1.9927697850402877}"
327,2026-06-05T13:05:01.462223+00:00,xgb,ranking_xgb,327,4295,10,997,0.8087512850761414,752,245,0.4973104000091553,"[""V11"", ""V160"", ""V255"", ""V176"", ""V191"", ""V224"", ""V215"", ""V380"", ""V342"", ""V117""]","{""n_estimators"": 253, ""learning_rate"": 0.14558400711401823, ""max_depth"": 8, ""subsample"": 0.7512224556290732, ""colsample_bytree"": 0.5180009391545384, ""min_child_weight"": 9, ""reg_alpha"": 0.6244720769528799, ""reg_lambda"": 0.9843579796042699}"
328,2026-06-05T13:05:15.276390+00:00,xgb,ranking_xgb,328,4955,7,1000,0.6774170994758606,757,243,0.4975621998310089,"[""V11"", ""V160"", ""V255"", ""V176"", ""V191"", ""V224"", ""V215""]","{""n_estimators"": 154, ""learning_rate"": 0.08801859214613672, ""max_depth"": 3, ""subsample"": 0.8573950720429822, ""colsample_bytree"": 0.8398756843981485, ""min_child_weight"": 9, ""reg_alpha"": 0.373903897000435, ""reg_lambda"": 1.7471628879498633}"
329,2026-06-05T13:05:32.433639+00:00,xgb,ranking_xgb,329,4660,9,1000,0.7311941981315613,764,236,0.49674293398857117,"[""V11"", ""V160"", ""V255"", ""V176"", ""V191"", ""V224"", ""V215"", ""V380"", ""V342""]","{""n_estimators"": 184, ""learning_rate"": 0.048946298869842406, ""max_depth"": 8, ""subsample"": 0.543612261038442, ""colsample_bytree"": 0.9232594983427174, ""min_child_weight"": 6, ""reg_alpha"": 0.06416483908006176, ""reg_lambda"": 1.2644304034167644}"
330,2026-06-05T13:05:40.957950+00:00,xgb,ranking_xgb,330,4890,5,1000,0.6685916185379028,726,274,0.49773651361465454,"[""V11"", ""V160"", ""V255"", ""V176"", ""V191""]","{""n_estimators"": 246, ""learning_rate"": 0.08864544253490902, ""max_depth"": 3, ""subsample"": 0.9129300074974399, ""colsample_bytree"": 0.5923379613083708, ""min_child_weight"": 6, ""reg_alpha"": 0.4651772429761618, ""reg_lambda"": 1.4716644727989525}"
331,2026-06-05T13:06:06.200702+00:00,xgb,ranking_xgb,331,4730,7,1000,0.7297250032424927,742,258,0.4965021014213562,"[""V11"", ""V160"", ""V255"", ""V176"", ""V191"", ""V224"", ""V215""]","{""n_estimators"": 321, ""learning_rate"": 0.059485532846810706, ""max_depth"": 7, ""subsample"": 0.9671427272699025, ""colsample_bytree"": 0.7415680987834248, ""min_child_weight"": 6, ""reg_alpha"": 0.9333841582479172, ""reg_lambda"": 1.7624121770987309}"
332,2026-06-05T13:06:15.191056+00:00,xgb,ranking_xgb,332,5085,5,997,0.6572317481040955,738,259,0.49741795659065247,"[""V11"", ""V160"", ""V255"", ""V176"", ""V191""]","{""n_estimators"": 253, ""learning_rate"": 0.04739872485408747, ""max_depth"": 3, ""subsample"": 0.8186065077484181, ""colsample_bytree"": 0.7920772354665313, ""min_child_weight"": 2, ""reg_alpha"": 0.08933988911643365, ""reg_lambda"": 1.8924170410315773}"
333,2026-06-05T13:06:30.475790+00:00,xgb,ranking_xgb,333,4690,9,994,0.7785146832466125,764,230,0.4962238371372223,"[""V11"", ""V160"", ""V255"", ""V176"", ""V191"", ""V224"", ""V215"", ""V380"", ""V342""]","{""n_estimators"": 147, ""learning_rate"": 0.13375634256385313, ""max_depth"": 9, ""subsample"": 0.6426651562143844, ""colsample_bytree"": 0.9650197115449606, ""min_child_weight"": 8, ""reg_alpha"": 0.25575326231541906, ""reg_lambda"": 2.4436532529672665}"
334,2026-06-05T13:06:55.934768+00:00,xgb,ranking_xgb,334,4345,10,999,0.8542073369026184,756,243,0.5007808804512024,"[""V11"", ""V160"", ""V255"", ""V176"", ""V191"", ""V224"", ""V215"", ""V380"", ""V342"", ""V117""]","{""n_estimators"": 368, ""learning_rate"": 0.13934260918485103, ""max_depth"": 6, ""subsample"": 0.6664075081435545, ""colsample_bytree"": 0.7986631444421478, ""min_child_weight"": 4, ""reg_alpha"": 0.04830366574949008, ""reg_lambda"": 0.7090603763449417}"
335,2026-06-05T13:07:04.112244+00:00,xgb,ranking_xgb,335,4750,8,998,0.723609983921051,756,242,0.4952298402786255,"[""V11"", ""V160"", ""V255"", ""V176"", ""V191"", ""V224"", ""V215"", ""V380""]","{""n_estimators"": 230, ""learning_rate"": 0.1721652585631072, ""max_depth"": 3, ""subsample"": 0.5621337978717444, ""colsample_bytree"": 0.5852740531208278, ""min_child_weight"": 4, ""reg_alpha"": 0.6966026337671779, ""reg_lambda"": 0.604164209952017}"
336,2026-06-05T13:07:24.633305+00:00,xgb,ranking_xgb,336,4405,7,999,0.7983121871948242,720,279,0.4983614385128021,"[""V11"", ""V160"", ""V255"", ""V176"", ""V191"", ""V224"", ""V215""]","{""n_estimators"": 349, ""learning_rate"": 0.15814355808743813, ""max_depth"": 5, ""subsample"": 0.8231615947304187, ""colsample_bytree"": 0.7271751044425206, ""min_child_weight"": 2, ""reg_alpha"": 0.5908125548616511, ""reg_lambda"": 1.5316214628498006}"
337,2026-06-05T13:07:29.407484+00:00,xgb,ranking_xgb,337,4865,8,999,0.7013850808143616,764,235,0.49795058369636536,"[""V11"", ""V160"", ""V255"", ""V176"", ""V191"", ""V224"", ""V215"", ""V380""]","{""n_estimators"": 128, ""learning_rate"": 0.16448554749680913, ""max_depth"": 3, ""subsample"": 0.8829105579494683, ""colsample_bytree"": 0.8307848496506839, ""min_child_weight"": 7, ""reg_alpha"": 0.7041876662339233, ""reg_lambda"": 1.7879538512096738}"
338,2026-06-05T13:07:41.475614+00:00,xgb,ranking_xgb,338,5010,5,1000,0.6835818290710449,734,266,0.49708291888237,"[""V11"", ""V160"", ""V255"", ""V176"", ""V191""]","{""n_estimators"": 360, ""learning_rate"": 0.09822560074206524, ""max_depth"": 3, ""subsample"": 0.7838902981276599, ""colsample_bytree"": 0.524847102781181, ""min_child_weight"": 5, ""reg_alpha"": 0.9580571892115066, ""reg_lambda"": 1.7571444711024984}"
339,2026-06-05T13:07:59.309976+00:00,xgb,ranking_xgb,339,4605,4,998,0.6943142414093018,693,305,0.49969154596328735,"[""V11"", ""V160"", ""V255"", ""V176""]","{""n_estimators"": 179, ""learning_rate"": 0.060672963964680054, ""max_depth"": 8, ""subsample"": 0.9128230864368483, ""colsample_bytree"": 0.7594947318574614, ""min_child_weight"": 4, ""reg_alpha"": 0.13428842431760069, ""reg_lambda"": 0.6905716552076004}"
340,2026-06-05T13:08:07.006740+00:00,xgb,ranking_xgb,340,5160,5,1000,0.6503095626831055,744,256,0.49657803773880005,"[""V11"", ""V160"", ""V255"", ""V176"", ""V191""]","{""n_estimators"": 218, ""learning_rate"": 0.041814869387014356, ""max_depth"": 3, ""subsample"": 0.6359644407731551, ""colsample_bytree"": 0.761332104328727, ""min_child_weight"": 5, ""reg_alpha"": 0.37724720705176207, ""reg_lambda"": 2.1670314687273153}"
341,2026-06-05T13:08:17.447367+00:00,xgb,ranking_xgb,341,4855,7,999,0.6973413825035095,750,249,0.4981696307659149,"[""V11"", ""V160"", ""V255"", ""V176"", ""V191"", ""V224"", ""V215""]","{""n_estimators"": 232, ""learning_rate"": 0.07251193885324253, ""max_depth"": 4, ""subsample"": 0.7716903954319592, ""colsample_bytree"": 0.6715941074514055, ""min_child_weight"": 4, ""reg_alpha"": 0.261303310458854, ""reg_lambda"": 1.1754988958802843}"
342,2026-06-05T13:08:30.552616+00:00,xgb,ranking_xgb,342,4685,5,999,0.710081160068512,712,287,0.5002288818359375,"[""V11"", ""V160"", ""V255"", ""V176"", ""V191""]","{""n_estimators"": 215, ""learning_rate"": 0.07667615435251432, ""max_depth"": 5, ""subsample"": 0.8489916955659383, ""colsample_bytree"": 0.8390739367047434, ""min_child_weight"": 1, ""reg_alpha"": 0.8091550129418644, ""reg_lambda"": 0.6596984508075137}"
343,2026-06-05T13:08:49.213472+00:00,xgb,ranking_xgb,343,4575,8,1000,0.7526900172233582,745,255,0.49846571683883667,"[""V11"", ""V160"", ""V255"", ""V176"", ""V191"", ""V224"", ""V215"", ""V380""]","{""n_estimators"": 119, ""learning_rate"": 0.17789611751844833, ""max_depth"": 5, ""subsample"": 0.5204016533373573, ""colsample_bytree"": 0.7884179358127805, ""min_child_weight"": 4, ""reg_alpha"": 0.13214054942810016, ""reg_lambda"": 1.0048931454499752}"
344,2026-06-05T13:09:01.450576+00:00,xgb,ranking_xgb,344,4805,4,1000,0.6647024750709534,707,293,0.49795204401016235,"[""V11"", ""V160"", ""V255"", ""V176""]","{""n_estimators"": 213, ""learning_rate"": 0.1269028520189526, ""max_depth"": 3, ""subsample"": 0.7945368305594885, ""colsample_bytree"": 0.9323008218371028, ""min_child_weight"": 5, ""reg_alpha"": 0.9212215637795673, ""reg_lambda"": 2.363663230520198}"
345,2026-06-05T13:09:25.999096+00:00,xgb,ranking_xgb,345,4535,7,1000,0.8009262084960938,729,271,0.4957224726676941,"[""V11"", ""V160"", ""V255"", ""V176"", ""V191"", ""V224"", ""V215""]","{""n_estimators"": 217, ""learning_rate"": 0.12842941735242108, ""max_depth"": 8, ""subsample"": 0.628487244317081, ""colsample_bytree"": 0.9813927420407422, ""min_child_weight"": 3, ""reg_alpha"": 0.3340252750631807, ""reg_lambda"": 1.6517981186056634}"
346,2026-06-05T13:09:32.194079+00:00,xgb,ranking_xgb,346,4795,7,999,0.6957953572273254,746,253,0.49765703082084656,"[""V11"", ""V160"", ""V255"", ""V176"", ""V191"", ""V224"", ""V215""]","{""n_estimators"": 124, ""learning_rate"": 0.13431275218526, ""max_depth"": 4, ""subsample"": 0.98083310053527, ""colsample_bytree"": 0.9301410997069811, ""min_child_weight"": 5, ""reg_alpha"": 0.49474806137419547, ""reg_lambda"": 1.9210808295018795}"
347,2026-06-05T13:09:45.278487+00:00,xgb,ranking_xgb,347,4790,7,1000,0.7189451456069946,746,254,0.4965782165527344,"[""V11"", ""V160"", ""V255"", ""V176"", ""V191"", ""V224"", ""V215""]","{""n_estimators"": 376, ""learning_rate"": 0.12509799444202585, ""max_depth"": 3, ""subsample"": 0.5928049030627042, ""colsample_bytree"": 0.7217280960223902, ""min_child_weight"": 3, ""reg_alpha"": 0.01833833957879183, ""reg_lambda"": 1.766263445660561}"
348,2026-06-05T13:10:01.624717+00:00,xgb,ranking_xgb,348,4550,7,1000,0.7483453750610352,730,270,0.49839141964912415,"[""V11"", ""V160"", ""V255"", ""V176"", ""V191"", ""V224"", ""V215""]","{""n_estimators"": 277, ""learning_rate"": 0.13074538471663089, ""max_depth"": 5, ""subsample"": 0.9401440124774778, ""colsample_bytree"": 0.878207386360518, ""min_child_weight"": 4, ""reg_alpha"": 0.8367486877064269, ""reg_lambda"": 2.406128295639194}"
349,2026-06-05T13:10:23.982822+00:00,xgb,ranking_xgb,349,4530,7,998,0.7534428834915161,728,270,0.4964878559112549,"[""V11"", ""V160"", ""V255"", ""V176"", ""V191"", ""V224"", ""V215""]","{""n_estimators"": 183, ""learning_rate"": 0.08588220698865184, ""max_depth"": 8, ""subsample"": 0.6659693201274063, ""colsample_bytree"": 0.9867986526755073, ""min_child_weight"": 3, ""reg_alpha"": 0.7560800147305349, ""reg_lambda"": 1.808648654373059}"
350,2026-06-05T13:11:00.667415+00:00,xgb,ranking_xgb,350,4140,9,999,0.8252968788146973,729,270,0.49528008699417114,"[""V11"", ""V160"", ""V255"", ""V176"", ""V191"", ""V224"", ""V215"", ""V380"", ""V342""]","{""n_estimators"": 289, ""learning_rate"": 0.11948146101554281, ""max_depth"": 9, ""subsample"": 0.6180974757764846, ""colsample_bytree"": 0.9576503927149869, ""min_child_weight"": 3, ""reg_alpha"": 0.8027234869040961, ""reg_lambda"": 2.4809108487914964}"
351,2026-06-05T13:11:12.975227+00:00,xgb,ranking_xgb,351,4595,7,1000,0.7417622208595276,733,267,0.4983866810798645,"[""V11"", ""V160"", ""V255"", ""V176"", ""V191"", ""V224"", ""V215""]","{""n_estimators"": 223, ""learning_rate"": 0.14626781044481169, ""max_depth"": 5, ""subsample"": 0.9473767638360108, ""colsample_bytree"": 0.6416294656553388, ""min_child_weight"": 5, ""reg_alpha"": 0.09316769266551717, ""reg_lambda"": 1.178844861220331}"
352,2026-06-05T13:11:26.040584+00:00,xgb,ranking_xgb,352,4810,6,1000,0.6842002868652344,734,266,0.49712157249450684,"[""V11"", ""V160"", ""V255"", ""V176"", ""V191"", ""V224""]","{""n_estimators"": 166, ""learning_rate"": 0.04587461302022504, ""max_depth"": 6, ""subsample"": 0.504470421344176, ""colsample_bytree"": 0.9092973591745993, ""min_child_weight"": 2, ""reg_alpha"": 0.16292942115458375, ""reg_lambda"": 2.457872898833882}"
353,2026-06-05T13:11:32.127312+00:00,xgb,ranking_xgb,353,4975,5,998,0.6782469153404236,731,267,0.498066782951355,"[""V11"", ""V160"", ""V255"", ""V176"", ""V191""]","{""n_estimators"": 166, ""learning_rate"": 0.16013796235809646, ""max_depth"": 3, ""subsample"": 0.6158735689509767, ""colsample_bytree"": 0.5504086608453373, ""min_child_weight"": 2, ""reg_alpha"": 0.2389106535876644, ""reg_lambda"": 1.8541045284755686}"
354,2026-06-05T13:11:48.316036+00:00,xgb,ranking_xgb,354,4340,7,1000,0.7888718843460083,716,284,0.498857706785202,"[""V11"", ""V160"", ""V255"", ""V176"", ""V191"", ""V224"", ""V215""]","{""n_estimators"": 225, ""learning_rate"": 0.17498243547566733, ""max_depth"": 6, ""subsample"": 0.9078287251802999, ""colsample_bytree"": 0.8404311024264041, ""min_child_weight"": 5, ""reg_alpha"": 0.3052011538480608, ""reg_lambda"": 0.6775230980252471}"
355,2026-06-05T13:12:18.139834+00:00,xgb,ranking_xgb,355,4255,10,999,0.8199016451835632,750,249,0.49810591340065,"[""V11"", ""V160"", ""V255"", ""V176"", ""V191"", ""V224"", ""V215"", ""V380"", ""V342"", ""V117""]","{""n_estimators"": 272, ""learning_rate"": 0.10979073113193559, ""max_depth"": 8, ""subsample"": 0.644057139009419, ""colsample_bytree"": 0.8523666106164219, ""min_child_weight"": 3, ""reg_alpha"": 0.5557929497493587, ""reg_lambda"": 2.1378073766046755}"
356,2026-06-05T13:12:50.039828+00:00,xgb,ranking_xgb,356,4470,9,999,0.7962948083877563,751,248,0.5007287263870239,"[""V11"", ""V160"", ""V255"", ""V176"", ""V191"", ""V224"", ""V215"", ""V380"", ""V342""]","{""n_estimators"": 354, ""learning_rate"": 0.0718265332863699, ""max_depth"": 8, ""subsample"": 0.9708336928310022, ""colsample_bytree"": 0.5697591582132197, ""min_child_weight"": 4, ""reg_alpha"": 0.07179250469946985, ""reg_lambda"": 1.218546638321599}"
357,2026-06-05T13:13:15.504568+00:00,xgb,ranking_xgb,357,4405,7,993,0.7841982841491699,718,275,0.4941425919532776,"[""V11"", ""V160"", ""V255"", ""V176"", ""V191"", ""V224"", ""V215""]","{""n_estimators"": 379, ""learning_rate"": 0.13268947880723003, ""max_depth"": 6, ""subsample"": 0.8649015222347048, ""colsample_bytree"": 0.7538489766168612, ""min_child_weight"": 8, ""reg_alpha"": 0.4644786666649421, ""reg_lambda"": 1.8067449813309366}"
358,2026-06-05T13:13:44.310682+00:00,xgb,ranking_xgb,358,4245,8,1000,0.8220816850662231,723,277,0.4954431653022766,"[""V11"", ""V160"", ""V255"", ""V176"", ""V191"", ""V224"", ""V215"", ""V380""]","{""n_estimators"": 268, ""learning_rate"": 0.14545709662360917, ""max_depth"": 9, ""subsample"": 0.909337806995894, ""colsample_bytree"": 0.8446877835420623, ""min_child_weight"": 6, ""reg_alpha"": 0.5922879387182498, ""reg_lambda"": 1.7977684381097407}"
359,2026-06-05T13:14:14.436721+00:00,xgb,ranking_xgb,359,4535,7,1000,0.7429952621459961,729,271,0.4967224597930908,"[""V11"", ""V160"", ""V255"", ""V176"", ""V191"", ""V224"", ""V215""]","{""n_estimators"": 301, ""learning_rate"": 0.06112923412342196, ""max_depth"": 9, ""subsample"": 0.9633552830759958, ""colsample_bytree"": 0.6044099101928063, ""min_child_weight"": 7, ""reg_alpha"": 0.5902008334612625, ""reg_lambda"": 1.1441470743115778}"
