trial_id,timestamp_utc,model_type,ranking,random_seed,score,k,N,threshold,tp,fp,p_oof_mean,features,hyperparameters
1,2026-06-05T11:13:52.629230+00:00,xgb,ranking_extra,1,4770,5,1000,0.6800833940505981,718,282,0.49757784605026245,"[""V176"", ""V255"", ""V191"", ""V224"", ""V215""]","{""n_estimators"": 272, ""learning_rate"": 0.11892669273375274, ""max_depth"": 3, ""subsample"": 0.801381688035822, ""colsample_bytree"": 0.7724415914984484, ""min_child_weight"": 4, ""reg_alpha"": 0.6458941130666561, ""reg_lambda"": 1.375174422525385}"
2,2026-06-05T11:13:57.883197+00:00,xgb,ranking_extra,2,4625,3,998,0.6405456066131592,681,317,0.49775150418281555,"[""V176"", ""V255"", ""V191""]","{""n_estimators"": 137, ""learning_rate"": 0.17957772164083027, ""max_depth"": 3, ""subsample"": 0.5000571874086724, ""colsample_bytree"": 0.6511662863159199, ""min_child_weight"": 1, ""reg_alpha"": 0.0923385947687978, ""reg_lambda"": 0.8725204227553418}"
3,2026-06-05T11:14:07.110110+00:00,xgb,ranking_extra,3,4955,4,997,0.6406348347663879,716,281,0.4972369968891144,"[""V176"", ""V255"", ""V191"", ""V224""]","{""n_estimators"": 268, ""learning_rate"": 0.05776231172598103, ""max_depth"": 3, ""subsample"": 0.7748312389393546, ""colsample_bytree"": 0.7176611963091384, ""min_child_weight"": 9, ""reg_alpha"": 0.3205364371116073, ""reg_lambda"": 0.8088533461786602}"
4,2026-06-05T11:14:16.271762+00:00,xgb,ranking_extra,4,4725,3,993,0.6575472950935364,686,307,0.4965767562389374,"[""V176"", ""V255"", ""V191""]","{""n_estimators"": 252, ""learning_rate"": 0.13622217339271572, ""max_depth"": 3, ""subsample"": 0.560664290602608, ""colsample_bytree"": 0.7846556637173405, ""min_child_weight"": 4, ""reg_alpha"": 0.8962930889334381, ""reg_lambda"": 0.7511706209276725}"
5,2026-06-05T11:14:38.622271+00:00,xgb,ranking_extra,5,4200,6,999,0.8099843859672546,693,306,0.4978271424770355,"[""V176"", ""V255"", ""V191"", ""V224"", ""V215"", ""V483""]","{""n_estimators"": 222, ""learning_rate"": 0.16509321832720067, ""max_depth"": 8, ""subsample"": 0.9863421799824421, ""colsample_bytree"": 0.8574079968371824, ""min_child_weight"": 3, ""reg_alpha"": 0.5975562052137366, ""reg_lambda"": 0.7829283472340471}"
6,2026-06-05T11:15:11.047804+00:00,xgb,ranking_extra,6,3875,6,992,0.8335879445075989,669,323,0.4971025288105011,"[""V176"", ""V255"", ""V191"", ""V224"", ""V215"", ""V483""]","{""n_estimators"": 306, ""learning_rate"": 0.16060984592660646, ""max_depth"": 9, ""subsample"": 0.6818684485502947, ""colsample_bytree"": 0.989722499580723, ""min_child_weight"": 5, ""reg_alpha"": 0.6117438629026457, ""reg_lambda"": 2.031815712960631}"
7,2026-06-05T11:15:28.559540+00:00,xgb,ranking_extra,7,4580,3,995,0.6850187182426453,677,318,0.49652910232543945,"[""V176"", ""V255"", ""V191""]","{""n_estimators"": 301, ""learning_rate"": 0.07979697079517659, ""max_depth"": 5, ""subsample"": 0.5321273022953295, ""colsample_bytree"": 0.6850547012226904, ""min_child_weight"": 2, ""reg_alpha"": 0.5298173621928216, ""reg_lambda"": 1.3376148571133086}"
8,2026-06-05T11:15:56.012754+00:00,xgb,ranking_extra,8,4345,5,998,0.7295778393745422,689,309,0.4971463978290558,"[""V176"", ""V255"", ""V191"", ""V224"", ""V215""]","{""n_estimators"": 275, ""learning_rate"": 0.06410086197396977, ""max_depth"": 9, ""subsample"": 0.7192046157204468, ""colsample_bytree"": 0.8617325889154706, ""min_child_weight"": 8, ""reg_alpha"": 0.5011204636599379, ""reg_lambda"": 0.6441022667195231}"
9,2026-06-05T11:16:11.434839+00:00,xgb,ranking_extra,9,4560,3,993,0.660435676574707,675,318,0.4970827102661133,"[""V176"", ""V255"", ""V191""]","{""n_estimators"": 233, ""learning_rate"": 0.08662754609903955, ""max_depth"": 6, ""subsample"": 0.6163641639886454, ""colsample_bytree"": 0.5056994021387149, ""min_child_weight"": 6, ""reg_alpha"": 0.7660629257734966, ""reg_lambda"": 1.3038502264421383}"
10,2026-06-05T11:16:19.468838+00:00,xgb,ranking_extra,10,4940,3,998,0.6335892081260681,702,296,0.4966670870780945,"[""V176"", ""V255"", ""V191""]","{""n_estimators"": 226, ""learning_rate"": 0.1048695546713918, ""max_depth"": 3, ""subsample"": 0.5669147644796383, ""colsample_bytree"": 0.5710555427272692, ""min_child_weight"": 7, ""reg_alpha"": 0.8772212074585868, ""reg_lambda"": 0.7750536389365965}"
11,2026-06-05T11:16:32.078962+00:00,xgb,ranking_extra,11,4915,3,1000,0.6524512767791748,701,299,0.4978588819503784,"[""V176"", ""V255"", ""V191""]","{""n_estimators"": 365, ""learning_rate"": 0.07481417278284423, ""max_depth"": 3, ""subsample"": 0.7215074738443041, ""colsample_bytree"": 0.9159556794856005, ""min_child_weight"": 1, ""reg_alpha"": 0.02517172841774562, ""reg_lambda"": 1.918416019686024}"
12,2026-06-05T11:16:45.271019+00:00,xgb,ranking_extra,12,4885,6,997,0.6737505793571472,738,259,0.4972969591617584,"[""V176"", ""V255"", ""V191"", ""V224"", ""V215"", ""V483""]","{""n_estimators"": 291, ""learning_rate"": 0.032921286223143685, ""max_depth"": 4, ""subsample"": 0.5970578108911735, ""colsample_bytree"": 0.9631414801634982, ""min_child_weight"": 8, ""reg_alpha"": 0.4854270981677824, ""reg_lambda"": 0.5255616291812173}"
13,2026-06-05T11:16:57.612929+00:00,xgb,ranking_extra,13,4645,3,1000,0.6775650978088379,683,317,0.49803587794303894,"[""V176"", ""V255"", ""V191""]","{""n_estimators"": 255, ""learning_rate"": 0.14100745447731072, ""max_depth"": 4, ""subsample"": 0.5432171394442744, ""colsample_bytree"": 0.8618009016460737, ""min_child_weight"": 1, ""reg_alpha"": 0.918747008099885, ""reg_lambda"": 2.3014297082340245}"
14,2026-06-05T11:17:26.889213+00:00,xgb,ranking_extra,14,4495,6,1000,0.7379825711250305,713,287,0.4977344274520874,"[""V176"", ""V255"", ""V191"", ""V224"", ""V215"", ""V483""]","{""n_estimators"": 276, ""learning_rate"": 0.06563118300523685, ""max_depth"": 9, ""subsample"": 0.9464913456356123, ""colsample_bytree"": 0.5895767397157889, ""min_child_weight"": 4, ""reg_alpha"": 0.7516615138131563, ""reg_lambda"": 1.7146866884161012}"
15,2026-06-05T11:17:52.084094+00:00,xgb,ranking_extra,15,4165,3,997,0.7314614653587341,650,347,0.49748721718788147,"[""V176"", ""V255"", ""V191""]","{""n_estimators"": 207, ""learning_rate"": 0.16828401577453878, ""max_depth"": 9, ""subsample"": 0.9352138428624064, ""colsample_bytree"": 0.504023474264909, ""min_child_weight"": 1, ""reg_alpha"": 0.22199405367014335, ""reg_lambda"": 1.1388510960084859}"
16,2026-06-05T11:18:03.736044+00:00,xgb,ranking_extra,16,4925,3,989,0.6321876645088196,698,291,0.4966689348220825,"[""V176"", ""V255"", ""V191""]","{""n_estimators"": 345, ""learning_rate"": 0.05683438873814977, ""max_depth"": 3, ""subsample"": 0.6807692230441115, ""colsample_bytree"": 0.637700464303206, ""min_child_weight"": 6, ""reg_alpha"": 0.02495303232907431, ""reg_lambda"": 2.144596193797504}"
17,2026-06-05T11:18:27.591388+00:00,xgb,ranking_extra,17,4535,6,998,0.7408153414726257,715,283,0.49798035621643066,"[""V176"", ""V255"", ""V191"", ""V224"", ""V215"", ""V483""]","{""n_estimators"": 269, ""learning_rate"": 0.0789984238779135, ""max_depth"": 8, ""subsample"": 0.7753507282905905, ""colsample_bytree"": 0.5228009750664031, ""min_child_weight"": 5, ""reg_alpha"": 0.22308094169128878, ""reg_lambda"": 1.877452323642713}"
18,2026-06-05T11:18:47.713956+00:00,xgb,ranking_extra,18,4570,3,1000,0.6550130248069763,678,322,0.49718940258026123,"[""V176"", ""V255"", ""V191""]","{""n_estimators"": 211, ""learning_rate"": 0.057266665768534036, ""max_depth"": 9, ""subsample"": 0.5957603934737474, ""colsample_bytree"": 0.5339501790956457, ""min_child_weight"": 7, ""reg_alpha"": 0.41022325051079334, ""reg_lambda"": 0.7059877162802353}"
19,2026-06-05T11:19:24.788566+00:00,xgb,ranking_extra,19,4635,6,999,0.7398138046264648,722,277,0.5025691390037537,"[""V176"", ""V255"", ""V191"", ""V224"", ""V215"", ""V483""]","{""n_estimators"": 398, ""learning_rate"": 0.04140161511166397, ""max_depth"": 8, ""subsample"": 0.939300735460776, ""colsample_bytree"": 0.5909201126857673, ""min_child_weight"": 3, ""reg_alpha"": 0.2039724048237226, ""reg_lambda"": 0.523013467581595}"
20,2026-06-05T11:19:35.715335+00:00,xgb,ranking_extra,20,4755,4,998,0.669074296951294,703,295,0.4971676170825958,"[""V176"", ""V255"", ""V191"", ""V224""]","{""n_estimators"": 193, ""learning_rate"": 0.09457023444911432, ""max_depth"": 5, ""subsample"": 0.6234689865831635, ""colsample_bytree"": 0.5690658437381597, ""min_child_weight"": 3, ""reg_alpha"": 0.08299956500689287, ""reg_lambda"": 1.8439541625609333}"
21,2026-06-05T11:19:55.461920+00:00,xgb,ranking_extra,21,4510,3,1000,0.6737881302833557,674,326,0.4973573386669159,"[""V176"", ""V255"", ""V191""]","{""n_estimators"": 371, ""learning_rate"": 0.17316184098817117, ""max_depth"": 5, ""subsample"": 0.907918738653842, ""colsample_bytree"": 0.5179447928084266, ""min_child_weight"": 8, ""reg_alpha"": 0.95045165254683, ""reg_lambda"": 1.8457313108222326}"
22,2026-06-05T11:20:06.491990+00:00,xgb,ranking_extra,22,4875,3,999,0.6477431654930115,698,301,0.49845391511917114,"[""V176"", ""V255"", ""V191""]","{""n_estimators"": 307, ""learning_rate"": 0.07336644896847253, ""max_depth"": 3, ""subsample"": 0.5180738382846721, ""colsample_bytree"": 0.9757994905334814, ""min_child_weight"": 3, ""reg_alpha"": 0.0507732566953768, ""reg_lambda"": 1.1045437879292337}"
23,2026-06-05T11:20:24.669273+00:00,xgb,ranking_extra,23,4380,3,999,0.6922761797904968,665,334,0.49775370955467224,"[""V176"", ""V255"", ""V191""]","{""n_estimators"": 232, ""learning_rate"": 0.10225215926450489, ""max_depth"": 7, ""subsample"": 0.8187395776032731, ""colsample_bytree"": 0.8900170891402719, ""min_child_weight"": 9, ""reg_alpha"": 0.3388639606037004, ""reg_lambda"": 1.0410656665956624}"
24,2026-06-05T11:20:32.610239+00:00,xgb,ranking_extra,24,4735,3,1000,0.6481114625930786,689,311,0.4970318377017975,"[""V176"", ""V255"", ""V191""]","{""n_estimators"": 183, ""learning_rate"": 0.13036456877026253, ""max_depth"": 4, ""subsample"": 0.8827298796984535, ""colsample_bytree"": 0.6411979219835564, ""min_child_weight"": 8, ""reg_alpha"": 0.18399514382436277, ""reg_lambda"": 0.6996402351922164}"
25,2026-06-05T11:20:45.303773+00:00,xgb,ranking_extra,25,4925,3,998,0.6427512168884277,701,297,0.49727514386177063,"[""V176"", ""V255"", ""V191""]","{""n_estimators"": 292, ""learning_rate"": 0.03792819298788975, ""max_depth"": 4, ""subsample"": 0.6100336498914258, ""colsample_bytree"": 0.680528176982029, ""min_child_weight"": 5, ""reg_alpha"": 0.7871809005473235, ""reg_lambda"": 1.4481023895196166}"
26,2026-06-05T11:21:07.087182+00:00,xgb,ranking_extra,26,4195,4,999,0.763026773929596,666,333,0.5000385046005249,"[""V176"", ""V255"", ""V191"", ""V224""]","{""n_estimators"": 232, ""learning_rate"": 0.13440989611552312, ""max_depth"": 8, ""subsample"": 0.5494121133756311, ""colsample_bytree"": 0.5904122755344962, ""min_child_weight"": 3, ""reg_alpha"": 0.11737554713471554, ""reg_lambda"": 1.86993748874827}"
27,2026-06-05T11:21:45.196180+00:00,xgb,ranking_extra,27,4260,6,999,0.7799727320671082,697,302,0.4977547824382782,"[""V176"", ""V255"", ""V191"", ""V224"", ""V215"", ""V483""]","{""n_estimators"": 362, ""learning_rate"": 0.0742374740931738, ""max_depth"": 9, ""subsample"": 0.8946103680854298, ""colsample_bytree"": 0.9352810312379117, ""min_child_weight"": 5, ""reg_alpha"": 0.22611233047772372, ""reg_lambda"": 2.0015694572954197}"
28,2026-06-05T11:21:49.718172+00:00,xgb,ranking_extra,28,4990,6,1000,0.6665453314781189,746,254,0.4965118169784546,"[""V176"", ""V255"", ""V191"", ""V224"", ""V215"", ""V483""]","{""n_estimators"": 119, ""learning_rate"": 0.10212022596737415, ""max_depth"": 3, ""subsample"": 0.7339788372367739, ""colsample_bytree"": 0.6922940030074893, ""min_child_weight"": 2, ""reg_alpha"": 0.8409693307667548, ""reg_lambda"": 2.2570994676607126}"
29,2026-06-05T11:22:38.468875+00:00,xgb,ranking_extra,29,4420,6,1000,0.7882967591285706,708,292,0.4977785050868988,"[""V176"", ""V255"", ""V191"", ""V224"", ""V215"", ""V483""]","{""n_estimators"": 357, ""learning_rate"": 0.05562346409399763, ""max_depth"": 9, ""subsample"": 0.5624835460046205, ""colsample_bytree"": 0.6987961843500585, ""min_child_weight"": 1, ""reg_alpha"": 0.5109929816531131, ""reg_lambda"": 0.86538671683165}"
30,2026-06-05T11:22:49.610382+00:00,xgb,ranking_extra,30,4835,4,1000,0.6462465524673462,709,291,0.49726757407188416,"[""V176"", ""V255"", ""V191"", ""V224""]","{""n_estimators"": 336, ""learning_rate"": 0.08197486177823288, ""max_depth"": 3, ""subsample"": 0.8816186021651424, ""colsample_bytree"": 0.7263595287997057, ""min_child_weight"": 6, ""reg_alpha"": 0.33095996623214907, ""reg_lambda"": 2.2092189021245403}"
31,2026-06-05T11:23:23.667409+00:00,xgb,ranking_extra,31,4180,3,1000,0.7112674713134766,652,348,0.497893363237381,"[""V176"", ""V255"", ""V191""]","{""n_estimators"": 393, ""learning_rate"": 0.16754669731193983, ""max_depth"": 8, ""subsample"": 0.8315239526678343, ""colsample_bytree"": 0.5818253630513767, ""min_child_weight"": 6, ""reg_alpha"": 0.7064143966634708, ""reg_lambda"": 1.7001416383944599}"
32,2026-06-05T11:23:55.993291+00:00,xgb,ranking_extra,32,4625,5,996,0.6987829208374023,707,289,0.49874237179756165,"[""V176"", ""V255"", ""V191"", ""V224"", ""V215""]","{""n_estimators"": 310, ""learning_rate"": 0.034348740307359654, ""max_depth"": 9, ""subsample"": 0.885156466109439, ""colsample_bytree"": 0.9934350015462314, ""min_child_weight"": 7, ""reg_alpha"": 0.22028364917914411, ""reg_lambda"": 2.3361432115530745}"
33,2026-06-05T11:24:28.298749+00:00,xgb,ranking_extra,33,4480,3,1000,0.679104208946228,672,328,0.49650782346725464,"[""V176"", ""V255"", ""V191""]","{""n_estimators"": 315, ""learning_rate"": 0.03894847665657604, ""max_depth"": 9, ""subsample"": 0.7775643889992984, ""colsample_bytree"": 0.9778282744958838, ""min_child_weight"": 8, ""reg_alpha"": 0.8162051391124808, ""reg_lambda"": 0.7021731206172495}"
34,2026-06-05T11:24:35.103743+00:00,xgb,ranking_extra,34,4690,3,1000,0.6422793865203857,686,314,0.49747782945632935,"[""V176"", ""V255"", ""V191""]","{""n_estimators"": 120, ""learning_rate"": 0.13345238646489616, ""max_depth"": 5, ""subsample"": 0.7054704014982704, ""colsample_bytree"": 0.63014984544345, ""min_child_weight"": 7, ""reg_alpha"": 0.7509236424046749, ""reg_lambda"": 1.7259127500602813}"
35,2026-06-05T11:24:59.937386+00:00,xgb,ranking_extra,35,3945,6,984,0.832034707069397,671,313,0.49718257784843445,"[""V176"", ""V255"", ""V191"", ""V224"", ""V215"", ""V483""]","{""n_estimators"": 222, ""learning_rate"": 0.14701506907870124, ""max_depth"": 9, ""subsample"": 0.7090076306197519, ""colsample_bytree"": 0.723881427250396, ""min_child_weight"": 3, ""reg_alpha"": 0.2530864507581302, ""reg_lambda"": 0.8799306125873398}"
36,2026-06-05T11:25:12.737133+00:00,xgb,ranking_extra,36,4825,3,1000,0.6519561409950256,695,305,0.49630528688430786,"[""V176"", ""V255"", ""V191""]","{""n_estimators"": 301, ""learning_rate"": 0.09746926044115752, ""max_depth"": 4, ""subsample"": 0.623053428819122, ""colsample_bytree"": 0.5140628174589381, ""min_child_weight"": 9, ""reg_alpha"": 0.11134663609249817, ""reg_lambda"": 1.752874457908505}"
37,2026-06-05T11:25:20.556991+00:00,xgb,ranking_extra,37,5090,5,999,0.6411359906196594,739,260,0.49726006388664246,"[""V176"", ""V255"", ""V191"", ""V224"", ""V215""]","{""n_estimators"": 233, ""learning_rate"": 0.043145850153581286, ""max_depth"": 3, ""subsample"": 0.9760903337030069, ""colsample_bytree"": 0.5715867238605152, ""min_child_weight"": 6, ""reg_alpha"": 0.36321459652102894, ""reg_lambda"": 0.8731136245786317}"
38,2026-06-05T11:25:57.170706+00:00,xgb,ranking_extra,38,4315,6,997,0.7599163055419922,700,297,0.4983386695384979,"[""V176"", ""V255"", ""V191"", ""V224"", ""V215"", ""V483""]","{""n_estimators"": 351, ""learning_rate"": 0.05891925434357364, ""max_depth"": 9, ""subsample"": 0.6548361317071475, ""colsample_bytree"": 0.9290893624880314, ""min_child_weight"": 6, ""reg_alpha"": 0.10343755501999807, ""reg_lambda"": 1.990951532568867}"
39,2026-06-05T11:26:12.428341+00:00,xgb,ranking_extra,39,4345,6,1000,0.7885604500770569,703,297,0.5028443336486816,"[""V176"", ""V255"", ""V191"", ""V224"", ""V215"", ""V483""]","{""n_estimators"": 153, ""learning_rate"": 0.16697481633447067, ""max_depth"": 7, ""subsample"": 0.8514124468053648, ""colsample_bytree"": 0.8168170485857034, ""min_child_weight"": 1, ""reg_alpha"": 0.20012684285990445, ""reg_lambda"": 1.2747757753334024}"
40,2026-06-05T11:26:30.251664+00:00,xgb,ranking_extra,40,4225,6,1000,0.7828264236450195,695,305,0.4975414574146271,"[""V176"", ""V255"", ""V191"", ""V224"", ""V215"", ""V483""]","{""n_estimators"": 205, ""learning_rate"": 0.14968485319239078, ""max_depth"": 7, ""subsample"": 0.6834448058979581, ""colsample_bytree"": 0.9143260851576999, ""min_child_weight"": 5, ""reg_alpha"": 0.5255145833645837, ""reg_lambda"": 1.4278168116201368}"
41,2026-06-05T11:26:40.752230+00:00,xgb,ranking_extra,41,4985,4,1000,0.6315804719924927,719,281,0.4970604479312897,"[""V176"", ""V255"", ""V191"", ""V224""]","{""n_estimators"": 319, ""learning_rate"": 0.03830490601677901, ""max_depth"": 3, ""subsample"": 0.8525151509318694, ""colsample_bytree"": 0.5725230814902134, ""min_child_weight"": 8, ""reg_alpha"": 0.3039123053407655, ""reg_lambda"": 1.5527990485942909}"
42,2026-06-05T11:26:48.878250+00:00,xgb,ranking_extra,42,4865,4,1000,0.6425652503967285,711,289,0.49624472856521606,"[""V176"", ""V255"", ""V191"", ""V224""]","{""n_estimators"": 180, ""learning_rate"": 0.053303901452723304, ""max_depth"": 4, ""subsample"": 0.5582118515832657, ""colsample_bytree"": 0.8019328444744065, ""min_child_weight"": 9, ""reg_alpha"": 0.6685157172603458, ""reg_lambda"": 2.3348956977417936}"
43,2026-06-05T11:27:09.473712+00:00,xgb,ranking_extra,43,4175,7,1000,0.798283040523529,705,295,0.4952270984649658,"[""V176"", ""V255"", ""V191"", ""V224"", ""V215"", ""V483"", ""V342""]","{""n_estimators"": 202, ""learning_rate"": 0.1494814480290349, ""max_depth"": 9, ""subsample"": 0.8659969709057025, ""colsample_bytree"": 0.7993292420985183, ""min_child_weight"": 7, ""reg_alpha"": 0.44583275285359114, ""reg_lambda"": 0.6999498316360058}"
44,2026-06-05T11:27:29.471736+00:00,xgb,ranking_extra,44,4730,6,998,0.6981521844863892,728,270,0.4979216754436493,"[""V176"", ""V255"", ""V191"", ""V224"", ""V215"", ""V483""]","{""n_estimators"": 355, ""learning_rate"": 0.045437213853066, ""max_depth"": 5, ""subsample"": 0.6202948099826744, ""colsample_bytree"": 0.6635695279055699, ""min_child_weight"": 3, ""reg_alpha"": 0.6660902130980257, ""reg_lambda"": 1.5823244245668076}"
45,2026-06-05T11:28:04.246106+00:00,xgb,ranking_extra,45,4360,6,1000,0.805644690990448,704,296,0.5009459257125854,"[""V176"", ""V255"", ""V191"", ""V224"", ""V215"", ""V483""]","{""n_estimators"": 376, ""learning_rate"": 0.09488125596731464, ""max_depth"": 8, ""subsample"": 0.8723202408397589, ""colsample_bytree"": 0.6802504181281428, ""min_child_weight"": 4, ""reg_alpha"": 0.29637592739789465, ""reg_lambda"": 1.0139351396825842}"
46,2026-06-05T11:28:23.576470+00:00,xgb,ranking_extra,46,4390,3,1000,0.7080495953559875,666,334,0.49785512685775757,"[""V176"", ""V255"", ""V191""]","{""n_estimators"": 231, ""learning_rate"": 0.13072195002598386, ""max_depth"": 8, ""subsample"": 0.978626215623578, ""colsample_bytree"": 0.9573202821344433, ""min_child_weight"": 9, ""reg_alpha"": 0.04852200090644587, ""reg_lambda"": 0.8266488964165335}"
47,2026-06-05T11:28:52.164536+00:00,xgb,ranking_extra,47,4310,6,998,0.766512930393219,700,298,0.49991801381111145,"[""V176"", ""V255"", ""V191"", ""V224"", ""V215"", ""V483""]","{""n_estimators"": 289, ""learning_rate"": 0.06870702382344793, ""max_depth"": 7, ""subsample"": 0.6245215457578744, ""colsample_bytree"": 0.8790379323249089, ""min_child_weight"": 1, ""reg_alpha"": 0.04286544835226391, ""reg_lambda"": 1.381734406859609}"
48,2026-06-05T11:29:00.350189+00:00,xgb,ranking_extra,48,4855,6,1000,0.7038849592208862,737,263,0.49782314896583557,"[""V176"", ""V255"", ""V191"", ""V224"", ""V215"", ""V483""]","{""n_estimators"": 235, ""learning_rate"": 0.15776362557837711, ""max_depth"": 3, ""subsample"": 0.8643673167505531, ""colsample_bytree"": 0.6757339029463507, ""min_child_weight"": 1, ""reg_alpha"": 0.7996046016600539, ""reg_lambda"": 1.791123709016585}"
49,2026-06-05T11:29:08.603980+00:00,xgb,ranking_extra,49,4675,3,1000,0.6332188844680786,685,315,0.4968039095401764,"[""V176"", ""V255"", ""V191""]","{""n_estimators"": 100, ""learning_rate"": 0.09397256466549626, ""max_depth"": 7, ""subsample"": 0.6424305837369592, ""colsample_bytree"": 0.649488188729479, ""min_child_weight"": 7, ""reg_alpha"": 0.9633315304254785, ""reg_lambda"": 1.2926608154879566}"
50,2026-06-05T11:29:37.473202+00:00,xgb,ranking_extra,50,4270,6,1000,0.7410598397254944,698,302,0.4965333938598633,"[""V176"", ""V255"", ""V191"", ""V224"", ""V215"", ""V483""]","{""n_estimators"": 273, ""learning_rate"": 0.06705927479427215, ""max_depth"": 9, ""subsample"": 0.5971078570619353, ""colsample_bytree"": 0.8813148613396167, ""min_child_weight"": 6, ""reg_alpha"": 0.5668846594996723, ""reg_lambda"": 1.5939317604860634}"
51,2026-06-05T11:30:02.679415+00:00,xgb,ranking_extra,51,4495,6,1000,0.7130009531974792,713,287,0.49707818031311035,"[""V176"", ""V255"", ""V191"", ""V224"", ""V215"", ""V483""]","{""n_estimators"": 276, ""learning_rate"": 0.049376187653932466, ""max_depth"": 8, ""subsample"": 0.6277369618786057, ""colsample_bytree"": 0.6981649548613884, ""min_child_weight"": 6, ""reg_alpha"": 0.15220072117875683, ""reg_lambda"": 2.4094122560053646}"
52,2026-06-05T11:30:09.853736+00:00,xgb,ranking_extra,52,4965,6,993,0.645341157913208,742,251,0.4970032572746277,"[""V176"", ""V255"", ""V191"", ""V224"", ""V215"", ""V483""]","{""n_estimators"": 157, ""learning_rate"": 0.03670682733044191, ""max_depth"": 4, ""subsample"": 0.9713613638431569, ""colsample_bytree"": 0.7738909582950659, ""min_child_weight"": 5, ""reg_alpha"": 0.9493378066500051, ""reg_lambda"": 0.8153403375475279}"
53,2026-06-05T11:30:36.676242+00:00,xgb,ranking_extra,53,4675,6,1000,0.6993160843849182,725,275,0.4976193308830261,"[""V176"", ""V255"", ""V191"", ""V224"", ""V215"", ""V483""]","{""n_estimators"": 256, ""learning_rate"": 0.0339176972354801, ""max_depth"": 9, ""subsample"": 0.8092108846748052, ""colsample_bytree"": 0.5491422326684496, ""min_child_weight"": 4, ""reg_alpha"": 0.03246557697973673, ""reg_lambda"": 0.6432179141212648}"
54,2026-06-05T11:30:52.101833+00:00,xgb,ranking_extra,54,4340,6,998,0.7668324112892151,702,296,0.5008336305618286,"[""V176"", ""V255"", ""V191"", ""V224"", ""V215"", ""V483""]","{""n_estimators"": 125, ""learning_rate"": 0.1318132484270247, ""max_depth"": 8, ""subsample"": 0.7274377012028764, ""colsample_bytree"": 0.6760874568459809, ""min_child_weight"": 1, ""reg_alpha"": 0.45291324576330383, ""reg_lambda"": 1.4773259798369138}"
55,2026-06-05T11:31:01.178874+00:00,xgb,ranking_extra,55,4920,3,996,0.6251403093338013,700,296,0.4967760145664215,"[""V176"", ""V255"", ""V191""]","{""n_estimators"": 211, ""learning_rate"": 0.059089998859807286, ""max_depth"": 4, ""subsample"": 0.7591413640837381, ""colsample_bytree"": 0.5043027260043846, ""min_child_weight"": 7, ""reg_alpha"": 0.8013812560164609, ""reg_lambda"": 2.014623977217309}"
56,2026-06-05T11:31:24.705484+00:00,xgb,ranking_extra,56,4110,6,999,0.8089916706085205,687,312,0.49434569478034973,"[""V176"", ""V255"", ""V191"", ""V224"", ""V215"", ""V483""]","{""n_estimators"": 254, ""learning_rate"": 0.17574838799846812, ""max_depth"": 8, ""subsample"": 0.6239774832223456, ""colsample_bytree"": 0.9917461854633831, ""min_child_weight"": 6, ""reg_alpha"": 0.2855442354647988, ""reg_lambda"": 2.225260754103279}"
57,2026-06-05T11:31:40.197651+00:00,xgb,ranking_extra,57,4525,3,1000,0.6724340319633484,675,325,0.4984179139137268,"[""V176"", ""V255"", ""V191""]","{""n_estimators"": 292, ""learning_rate"": 0.13105524370037064, ""max_depth"": 5, ""subsample"": 0.7997527880759778, ""colsample_bytree"": 0.5908752672872168, ""min_child_weight"": 7, ""reg_alpha"": 0.24784955351126103, ""reg_lambda"": 1.4172226502924277}"
58,2026-06-05T11:31:51.097297+00:00,xgb,ranking_extra,58,4945,3,1000,0.6424527168273926,703,297,0.4962671995162964,"[""V176"", ""V255"", ""V191""]","{""n_estimators"": 314, ""learning_rate"": 0.0645715649327592, ""max_depth"": 3, ""subsample"": 0.6553913492800435, ""colsample_bytree"": 0.7829779453807528, ""min_child_weight"": 8, ""reg_alpha"": 0.9371334299974101, ""reg_lambda"": 1.473518117042707}"
59,2026-06-05T11:32:08.090820+00:00,xgb,ranking_extra,59,4585,3,1000,0.6868249773979187,679,321,0.49802812933921814,"[""V176"", ""V255"", ""V191""]","{""n_estimators"": 391, ""learning_rate"": 0.15501320405066674, ""max_depth"": 4, ""subsample"": 0.7480301743838947, ""colsample_bytree"": 0.5378110332975685, ""min_child_weight"": 2, ""reg_alpha"": 0.2896340057739586, ""reg_lambda"": 1.1176089175768495}"
60,2026-06-05T11:32:27.038259+00:00,xgb,ranking_extra,60,4425,5,1000,0.7457635402679443,695,305,0.49653300642967224,"[""V176"", ""V255"", ""V191"", ""V224"", ""V215""]","{""n_estimators"": 277, ""learning_rate"": 0.15069251815736728, ""max_depth"": 6, ""subsample"": 0.9895808923399334, ""colsample_bytree"": 0.6989276467769358, ""min_child_weight"": 4, ""reg_alpha"": 0.9411898423454207, ""reg_lambda"": 0.8996632034179628}"
61,2026-06-05T11:32:45.477584+00:00,xgb,ranking_extra,61,4330,6,1000,0.7750487327575684,702,298,0.5019000768661499,"[""V176"", ""V255"", ""V191"", ""V224"", ""V215"", ""V483""]","{""n_estimators"": 305, ""learning_rate"": 0.1461976957920333, ""max_depth"": 5, ""subsample"": 0.6615913384841097, ""colsample_bytree"": 0.8328747851441545, ""min_child_weight"": 2, ""reg_alpha"": 0.74842802731882, ""reg_lambda"": 1.5607951638015345}"
62,2026-06-05T11:32:52.420441+00:00,xgb,ranking_extra,62,4865,6,998,0.6920302510261536,737,261,0.4972218871116638,"[""V176"", ""V255"", ""V191"", ""V224"", ""V215"", ""V483""]","{""n_estimators"": 199, ""learning_rate"": 0.15936471124889298, ""max_depth"": 3, ""subsample"": 0.9386633841035263, ""colsample_bytree"": 0.7497756536733196, ""min_child_weight"": 2, ""reg_alpha"": 0.0035455468097308485, ""reg_lambda"": 2.34728869327677}"
63,2026-06-05T11:32:58.058575+00:00,xgb,ranking_extra,63,4945,6,1000,0.6755627989768982,743,257,0.4975340962409973,"[""V176"", ""V255"", ""V191"", ""V224"", ""V215"", ""V483""]","{""n_estimators"": 118, ""learning_rate"": 0.11134514148061071, ""max_depth"": 4, ""subsample"": 0.9230425486404414, ""colsample_bytree"": 0.7057009999048872, ""min_child_weight"": 2, ""reg_alpha"": 0.8864141351799908, ""reg_lambda"": 1.065650903326277}"
64,2026-06-05T11:33:06.979649+00:00,xgb,ranking_extra,64,4545,6,999,0.7035592198371887,716,283,0.49754637479782104,"[""V176"", ""V255"", ""V191"", ""V224"", ""V215"", ""V483""]","{""n_estimators"": 144, ""learning_rate"": 0.10290383956907082, ""max_depth"": 5, ""subsample"": 0.5358353015991768, ""colsample_bytree"": 0.9109119480588979, ""min_child_weight"": 3, ""reg_alpha"": 0.7855495680577067, ""reg_lambda"": 1.988675647126036}"
65,2026-06-05T11:33:16.751698+00:00,xgb,ranking_extra,65,4655,4,1000,0.6673608422279358,697,303,0.4976472556591034,"[""V176"", ""V255"", ""V191"", ""V224""]","{""n_estimators"": 219, ""learning_rate"": 0.11277179628118034, ""max_depth"": 4, ""subsample"": 0.7249294494277263, ""colsample_bytree"": 0.7285099126973593, ""min_child_weight"": 9, ""reg_alpha"": 0.3133373611975704, ""reg_lambda"": 1.089718922003161}"
66,2026-06-05T11:33:36.091435+00:00,xgb,ranking_extra,66,4795,3,1000,0.655717670917511,693,307,0.4967476427555084,"[""V176"", ""V255"", ""V191""]","{""n_estimators"": 217, ""learning_rate"": 0.034710407925387085, ""max_depth"": 8, ""subsample"": 0.6879524371498996, ""colsample_bytree"": 0.7099811967588081, ""min_child_weight"": 7, ""reg_alpha"": 0.16295022250708835, ""reg_lambda"": 1.8986275064555331}"
67,2026-06-05T11:33:44.724853+00:00,xgb,ranking_extra,67,4945,3,1000,0.6424094438552856,703,297,0.4958588778972626,"[""V176"", ""V255"", ""V191""]","{""n_estimators"": 120, ""learning_rate"": 0.059310349896959456, ""max_depth"": 6, ""subsample"": 0.6813427330884438, ""colsample_bytree"": 0.8395544377228157, ""min_child_weight"": 6, ""reg_alpha"": 0.904821464800912, ""reg_lambda"": 2.3432659917833862}"
68,2026-06-05T11:33:58.043868+00:00,xgb,ranking_extra,68,4480,3,1000,0.6706340312957764,672,328,0.4987977147102356,"[""V176"", ""V255"", ""V191""]","{""n_estimators"": 302, ""learning_rate"": 0.17270294161799465, ""max_depth"": 4, ""subsample"": 0.665795910506717, ""colsample_bytree"": 0.529998964780309, ""min_child_weight"": 4, ""reg_alpha"": 0.7561352918483811, ""reg_lambda"": 2.337622370165859}"
69,2026-06-05T11:34:20.938038+00:00,xgb,ranking_extra,69,4700,4,1000,0.6815437078475952,700,300,0.49750977754592896,"[""V176"", ""V255"", ""V191"", ""V224""]","{""n_estimators"": 302, ""learning_rate"": 0.05209432919976728, ""max_depth"": 7, ""subsample"": 0.8053883912485752, ""colsample_bytree"": 0.6481939791478635, ""min_child_weight"": 7, ""reg_alpha"": 0.32266640733806584, ""reg_lambda"": 1.1182425722494775}"
70,2026-06-05T11:34:31.606533+00:00,xgb,ranking_extra,70,4690,4,999,0.6738869547843933,699,300,0.4969065487384796,"[""V176"", ""V255"", ""V191"", ""V224""]","{""n_estimators"": 154, ""learning_rate"": 0.09023680732667563, ""max_depth"": 6, ""subsample"": 0.6751262626117057, ""colsample_bytree"": 0.8947046282154463, ""min_child_weight"": 7, ""reg_alpha"": 0.14305329511753428, ""reg_lambda"": 1.0626445875313442}"
71,2026-06-05T11:34:55.492775+00:00,xgb,ranking_extra,71,4150,3,1000,0.7014784812927246,650,350,0.49735015630722046,"[""V176"", ""V255"", ""V191""]","{""n_estimators"": 314, ""learning_rate"": 0.16086394416138233, ""max_depth"": 7, ""subsample"": 0.562761909906455, ""colsample_bytree"": 0.5852866668881198, ""min_child_weight"": 6, ""reg_alpha"": 0.14800810092978367, ""reg_lambda"": 2.2190682044864136}"
72,2026-06-05T11:35:02.707732+00:00,xgb,ranking_extra,72,4955,4,1000,0.6532883644104004,717,283,0.4975966811180115,"[""V176"", ""V255"", ""V191"", ""V224""]","{""n_estimators"": 207, ""learning_rate"": 0.14386799520246607, ""max_depth"": 3, ""subsample"": 0.8564588174175376, ""colsample_bytree"": 0.5847643871477171, ""min_child_weight"": 1, ""reg_alpha"": 0.7883107006384493, ""reg_lambda"": 1.9452085687596747}"
73,2026-06-05T11:35:34.864916+00:00,xgb,ranking_extra,73,3795,6,999,0.7801687121391296,666,333,0.4945486783981323,"[""V176"", ""V255"", ""V191"", ""V224"", ""V215"", ""V483""]","{""n_estimators"": 375, ""learning_rate"": 0.13265139499180312, ""max_depth"": 8, ""subsample"": 0.5355825065418596, ""colsample_bytree"": 0.8241709709637413, ""min_child_weight"": 8, ""reg_alpha"": 0.6426342183058991, ""reg_lambda"": 2.389809447129578}"
74,2026-06-05T11:35:43.590904+00:00,xgb,ranking_extra,74,4855,3,997,0.6534255743026733,696,301,0.49758660793304443,"[""V176"", ""V255"", ""V191""]","{""n_estimators"": 246, ""learning_rate"": 0.11079313964534203, ""max_depth"": 3, ""subsample"": 0.5866905920589611, ""colsample_bytree"": 0.7593431863672621, ""min_child_weight"": 8, ""reg_alpha"": 0.0859074536262453, ""reg_lambda"": 2.232350670875527}"
75,2026-06-05T11:36:03.534896+00:00,xgb,ranking_extra,75,4405,3,1000,0.6941010355949402,667,333,0.49828359484672546,"[""V176"", ""V255"", ""V191""]","{""n_estimators"": 237, ""learning_rate"": 0.16973444274872976, ""max_depth"": 7, ""subsample"": 0.6635426005407173, ""colsample_bytree"": 0.6244302380424167, ""min_child_weight"": 4, ""reg_alpha"": 0.6613284133782242, ""reg_lambda"": 1.9209825140591332}"
76,2026-06-05T11:36:19.174605+00:00,xgb,ranking_extra,76,4475,7,1000,0.753231942653656,725,275,0.4999520480632782,"[""V176"", ""V255"", ""V191"", ""V224"", ""V215"", ""V483"", ""V342""]","{""n_estimators"": 348, ""learning_rate"": 0.136833756416251, ""max_depth"": 4, ""subsample"": 0.9440553349501286, ""colsample_bytree"": 0.9648290885870345, ""min_child_weight"": 3, ""reg_alpha"": 0.533186156632571, ""reg_lambda"": 1.4717725990392168}"
77,2026-06-05T11:36:28.211409+00:00,xgb,ranking_extra,77,4830,6,999,0.6880079507827759,735,264,0.497531920671463,"[""V176"", ""V255"", ""V191"", ""V224"", ""V215"", ""V483""]","{""n_estimators"": 261, ""learning_rate"": 0.10769894579684795, ""max_depth"": 3, ""subsample"": 0.6673763122857626, ""colsample_bytree"": 0.5968567593367713, ""min_child_weight"": 3, ""reg_alpha"": 0.856685518937633, ""reg_lambda"": 1.6370261887467987}"
78,2026-06-05T11:36:57.031667+00:00,xgb,ranking_extra,78,4680,6,996,0.6949443817138672,724,272,0.5000141859054565,"[""V176"", ""V255"", ""V191"", ""V224"", ""V215"", ""V483""]","{""n_estimators"": 315, ""learning_rate"": 0.034854890676806416, ""max_depth"": 7, ""subsample"": 0.8768561148645884, ""colsample_bytree"": 0.5696572840513675, ""min_child_weight"": 1, ""reg_alpha"": 0.34115110179783437, ""reg_lambda"": 2.2779641647063333}"
79,2026-06-05T11:37:07.432415+00:00,xgb,ranking_extra,79,4795,6,997,0.709381103515625,732,265,0.4982088804244995,"[""V176"", ""V255"", ""V191"", ""V224"", ""V215"", ""V483""]","{""n_estimators"": 297, ""learning_rate"": 0.16309995384621956, ""max_depth"": 3, ""subsample"": 0.8993480339519009, ""colsample_bytree"": 0.9000542958289413, ""min_child_weight"": 5, ""reg_alpha"": 0.7606209251584098, ""reg_lambda"": 2.4873447840099763}"
80,2026-06-05T11:37:29.351474+00:00,xgb,ranking_extra,80,4455,5,1000,0.7325214743614197,697,303,0.49730008840560913,"[""V176"", ""V255"", ""V191"", ""V224"", ""V215""]","{""n_estimators"": 289, ""learning_rate"": 0.10021011389221726, ""max_depth"": 7, ""subsample"": 0.9069010844423553, ""colsample_bytree"": 0.7170950316648108, ""min_child_weight"": 8, ""reg_alpha"": 0.3213640316096379, ""reg_lambda"": 2.0583479942148264}"
81,2026-06-05T11:37:48.295385+00:00,xgb,ranking_extra,81,4175,3,998,0.7003119587898254,651,347,0.4971708059310913,"[""V176"", ""V255"", ""V191""]","{""n_estimators"": 275, ""learning_rate"": 0.13142344873332196, ""max_depth"": 6, ""subsample"": 0.6349344855364751, ""colsample_bytree"": 0.8372409373444962, ""min_child_weight"": 8, ""reg_alpha"": 0.8825398436572417, ""reg_lambda"": 1.9820235999174913}"
82,2026-06-05T11:38:10.360256+00:00,xgb,ranking_extra,82,4465,6,997,0.7519542574882507,710,287,0.5022369623184204,"[""V176"", ""V255"", ""V191"", ""V224"", ""V215"", ""V483""]","{""n_estimators"": 293, ""learning_rate"": 0.08112733150339524, ""max_depth"": 6, ""subsample"": 0.8325977284976065, ""colsample_bytree"": 0.9500428432131734, ""min_child_weight"": 2, ""reg_alpha"": 0.2482102251210051, ""reg_lambda"": 1.5182388888192124}"
83,2026-06-05T11:38:27.243561+00:00,xgb,ranking_extra,83,4750,6,997,0.6939582824707031,729,268,0.4981681704521179,"[""V176"", ""V255"", ""V191"", ""V224"", ""V215"", ""V483""]","{""n_estimators"": 231, ""learning_rate"": 0.04320206370863776, ""max_depth"": 6, ""subsample"": 0.8119496061676899, ""colsample_bytree"": 0.889021153657708, ""min_child_weight"": 3, ""reg_alpha"": 0.6556181010539374, ""reg_lambda"": 2.416239723524961}"
84,2026-06-05T11:38:33.512824+00:00,xgb,ranking_extra,84,4965,6,999,0.6739622950553894,744,255,0.4977627098560333,"[""V176"", ""V255"", ""V191"", ""V224"", ""V215"", ""V483""]","{""n_estimators"": 182, ""learning_rate"": 0.11484862523204188, ""max_depth"": 3, ""subsample"": 0.9534267514092118, ""colsample_bytree"": 0.6368665427989014, ""min_child_weight"": 5, ""reg_alpha"": 0.3867360667480175, ""reg_lambda"": 1.9868183225995777}"
85,2026-06-05T11:39:08.972201+00:00,xgb,ranking_extra,85,4280,7,1000,0.8047245740890503,712,288,0.4987753927707672,"[""V176"", ""V255"", ""V191"", ""V224"", ""V215"", ""V483"", ""V342""]","{""n_estimators"": 341, ""learning_rate"": 0.08553634741733987, ""max_depth"": 8, ""subsample"": 0.657796307014227, ""colsample_bytree"": 0.685256376825683, ""min_child_weight"": 2, ""reg_alpha"": 0.2754019958793309, ""reg_lambda"": 0.7196162679540223}"
86,2026-06-05T11:39:28.849608+00:00,xgb,ranking_extra,86,4305,5,991,0.752932071685791,684,307,0.5016364455223083,"[""V176"", ""V255"", ""V191"", ""V224"", ""V215""]","{""n_estimators"": 260, ""learning_rate"": 0.10634296029681105, ""max_depth"": 6, ""subsample"": 0.5242880458153736, ""colsample_bytree"": 0.8733298267182206, ""min_child_weight"": 2, ""reg_alpha"": 0.37324974209927675, ""reg_lambda"": 1.2385571871464731}"
87,2026-06-05T11:39:51.984377+00:00,xgb,ranking_extra,87,4015,6,1000,0.8292943239212036,681,319,0.5006787776947021,"[""V176"", ""V255"", ""V191"", ""V224"", ""V215"", ""V483""]","{""n_estimators"": 248, ""learning_rate"": 0.17896065653163168, ""max_depth"": 7, ""subsample"": 0.576318871650123, ""colsample_bytree"": 0.8772964057627615, ""min_child_weight"": 2, ""reg_alpha"": 0.42164722079002415, ""reg_lambda"": 2.2120477521770416}"
88,2026-06-05T11:40:30.094355+00:00,xgb,ranking_extra,88,4360,3,997,0.6892001628875732,663,334,0.4978177845478058,"[""V176"", ""V255"", ""V191""]","{""n_estimators"": 287, ""learning_rate"": 0.07100475866817983, ""max_depth"": 9, ""subsample"": 0.5489160886576936, ""colsample_bytree"": 0.6203724578905905, ""min_child_weight"": 1, ""reg_alpha"": 0.5474529344525135, ""reg_lambda"": 1.9383065958575159}"
89,2026-06-05T11:40:53.583239+00:00,xgb,ranking_extra,89,4465,6,997,0.7655150294303894,710,287,0.501026451587677,"[""V176"", ""V255"", ""V191"", ""V224"", ""V215"", ""V483""]","{""n_estimators"": 388, ""learning_rate"": 0.10607245323196202, ""max_depth"": 5, ""subsample"": 0.8262089375268116, ""colsample_bytree"": 0.8611118260770707, ""min_child_weight"": 1, ""reg_alpha"": 0.7142971018711349, ""reg_lambda"": 1.9346767641828015}"
90,2026-06-05T11:41:36.598722+00:00,xgb,ranking_extra,90,4130,7,994,0.8143929243087769,700,294,0.4990915060043335,"[""V176"", ""V255"", ""V191"", ""V224"", ""V215"", ""V483"", ""V342""]","{""n_estimators"": 386, ""learning_rate"": 0.06839057014675053, ""max_depth"": 9, ""subsample"": 0.6433264355991843, ""colsample_bytree"": 0.8174003867960912, ""min_child_weight"": 3, ""reg_alpha"": 0.015990073460554255, ""reg_lambda"": 0.8051904577678375}"
91,2026-06-05T11:41:54.723906+00:00,xgb,ranking_extra,91,4690,3,997,0.6689214706420898,685,312,0.49756303429603577,"[""V176"", ""V255"", ""V191""]","{""n_estimators"": 257, ""learning_rate"": 0.053652849151411094, ""max_depth"": 6, ""subsample"": 0.6549256663937038, ""colsample_bytree"": 0.7049210711795026, ""min_child_weight"": 3, ""reg_alpha"": 0.2677095144131617, ""reg_lambda"": 1.1681023149767582}"
92,2026-06-05T11:42:10.024242+00:00,xgb,ranking_extra,92,4395,4,998,0.7295160889625549,679,319,0.4963129758834839,"[""V176"", ""V255"", ""V191"", ""V224""]","{""n_estimators"": 278, ""learning_rate"": 0.17861761331076226, ""max_depth"": 5, ""subsample"": 0.648249844350536, ""colsample_bytree"": 0.546666834240384, ""min_child_weight"": 5, ""reg_alpha"": 0.4583770910294558, ""reg_lambda"": 1.577739784901779}"
93,2026-06-05T11:42:22.372119+00:00,xgb,ranking_extra,93,4325,3,998,0.6939280033111572,661,337,0.49714481830596924,"[""V176"", ""V255"", ""V191""]","{""n_estimators"": 222, ""learning_rate"": 0.16710351190184977, ""max_depth"": 5, ""subsample"": 0.7123640657375538, ""colsample_bytree"": 0.7394348234235947, ""min_child_weight"": 8, ""reg_alpha"": 0.2581038426855332, ""reg_lambda"": 2.365515194635824}"
94,2026-06-05T11:42:45.487763+00:00,xgb,ranking_extra,94,4595,3,989,0.6645612716674805,676,313,0.4975565969944,"[""V176"", ""V255"", ""V191""]","{""n_estimators"": 252, ""learning_rate"": 0.07608615140153549, ""max_depth"": 8, ""subsample"": 0.5525139031407196, ""colsample_bytree"": 0.5671243952946167, ""min_child_weight"": 5, ""reg_alpha"": 0.9993765288232714, ""reg_lambda"": 2.0019678538643824}"
95,2026-06-05T11:43:09.804607+00:00,xgb,ranking_extra,95,3975,6,999,0.790207028388977,678,321,0.496457040309906,"[""V176"", ""V255"", ""V191"", ""V224"", ""V215"", ""V483""]","{""n_estimators"": 287, ""learning_rate"": 0.1477736639312146, ""max_depth"": 8, ""subsample"": 0.8449308072893819, ""colsample_bytree"": 0.7117164894502674, ""min_child_weight"": 9, ""reg_alpha"": 0.39247196998969147, ""reg_lambda"": 1.5238142962625791}"
96,2026-06-05T11:43:54.622925+00:00,xgb,ranking_extra,96,4425,3,999,0.6839012503623962,668,331,0.49848672747612,"[""V176"", ""V255"", ""V191""]","{""n_estimators"": 397, ""learning_rate"": 0.058603202793627435, ""max_depth"": 9, ""subsample"": 0.6150425401289981, ""colsample_bytree"": 0.6531876829750216, ""min_child_weight"": 3, ""reg_alpha"": 0.8694621000041144, ""reg_lambda"": 1.9484753527986953}"
97,2026-06-05T11:44:09.794918+00:00,xgb,ranking_extra,97,4665,5,1000,0.7159251570701599,711,289,0.49713754653930664,"[""V176"", ""V255"", ""V191"", ""V224"", ""V215""]","{""n_estimators"": 184, ""learning_rate"": 0.101283994886468, ""max_depth"": 7, ""subsample"": 0.9086176865817284, ""colsample_bytree"": 0.9519402373675536, ""min_child_weight"": 7, ""reg_alpha"": 0.5862663471555426, ""reg_lambda"": 1.4496881379544855}"
98,2026-06-05T11:44:22.496708+00:00,xgb,ranking_extra,98,4585,6,1000,0.7442677617073059,719,281,0.49628350138664246,"[""V176"", ""V255"", ""V191"", ""V224"", ""V215"", ""V483""]","{""n_estimators"": 190, ""learning_rate"": 0.15326010834824572, ""max_depth"": 6, ""subsample"": 0.7235768926307558, ""colsample_bytree"": 0.6422905045143158, ""min_child_weight"": 6, ""reg_alpha"": 0.2385812424044581, ""reg_lambda"": 0.7375072684337953}"
99,2026-06-05T11:44:32.405341+00:00,xgb,ranking_extra,99,4515,3,999,0.6777647733688354,674,325,0.4972001016139984,"[""V176"", ""V255"", ""V191""]","{""n_estimators"": 142, ""learning_rate"": 0.1150783523176327, ""max_depth"": 6, ""subsample"": 0.5709159328810234, ""colsample_bytree"": 0.8866032008002485, ""min_child_weight"": 7, ""reg_alpha"": 0.11891018660926722, ""reg_lambda"": 1.2771190455657404}"
100,2026-06-05T11:44:40.009704+00:00,xgb,ranking_extra,100,4925,3,998,0.6429011821746826,701,297,0.4974721074104309,"[""V176"", ""V255"", ""V191""]","{""n_estimators"": 229, ""learning_rate"": 0.1383809511602801, ""max_depth"": 3, ""subsample"": 0.9127475870179482, ""colsample_bytree"": 0.515723193813149, ""min_child_weight"": 6, ""reg_alpha"": 0.19331310365809062, ""reg_lambda"": 2.4546961232665554}"
101,2026-06-05T11:44:44.109024+00:00,xgb,ranking_extra,101,4965,3,996,0.6220479011535645,703,293,0.4954194724559784,"[""V176"", ""V255"", ""V191""]","{""n_estimators"": 108, ""learning_rate"": 0.1306733450424329, ""max_depth"": 3, ""subsample"": 0.5743024200376825, ""colsample_bytree"": 0.5783555400430005, ""min_child_weight"": 6, ""reg_alpha"": 0.6707490847267786, ""reg_lambda"": 2.1517055102100953}"
102,2026-06-05T11:44:53.934074+00:00,xgb,ranking_extra,102,4375,3,1000,0.6704500913619995,665,335,0.497418075799942,"[""V176"", ""V255"", ""V191""]","{""n_estimators"": 111, ""learning_rate"": 0.11560013803022097, ""max_depth"": 8, ""subsample"": 0.5006651978391297, ""colsample_bytree"": 0.7670554400753113, ""min_child_weight"": 9, ""reg_alpha"": 0.3069662196722378, ""reg_lambda"": 2.287226159366795}"
103,2026-06-05T11:45:13.749424+00:00,xgb,ranking_extra,103,4390,3,997,0.6842256188392639,665,332,0.49732401967048645,"[""V176"", ""V255"", ""V191""]","{""n_estimators"": 356, ""learning_rate"": 0.08963361525087085, ""max_depth"": 5, ""subsample"": 0.6496408705048509, ""colsample_bytree"": 0.8653701339545172, ""min_child_weight"": 9, ""reg_alpha"": 0.8090176696206909, ""reg_lambda"": 0.8344970082978309}"
104,2026-06-05T11:45:38.796448+00:00,xgb,ranking_extra,104,4430,4,997,0.7039827704429626,681,316,0.49762821197509766,"[""V176"", ""V255"", ""V191"", ""V224""]","{""n_estimators"": 363, ""learning_rate"": 0.06886410240927554, ""max_depth"": 6, ""subsample"": 0.5854718426387511, ""colsample_bytree"": 0.9138161238103206, ""min_child_weight"": 6, ""reg_alpha"": 0.4809718091737758, ""reg_lambda"": 0.6774463031095974}"
105,2026-06-05T11:45:49.866404+00:00,xgb,ranking_extra,105,4890,3,999,0.6226191520690918,699,300,0.49636468291282654,"[""V176"", ""V255"", ""V191""]","{""n_estimators"": 169, ""learning_rate"": 0.04865121226195061, ""max_depth"": 6, ""subsample"": 0.9037466810251883, ""colsample_bytree"": 0.6492372877700416, ""min_child_weight"": 9, ""reg_alpha"": 0.9990267438600756, ""reg_lambda"": 0.6862460286235736}"
106,2026-06-05T11:46:02.481669+00:00,xgb,ranking_extra,106,4860,3,999,0.6414573788642883,697,302,0.49646568298339844,"[""V176"", ""V255"", ""V191""]","{""n_estimators"": 292, ""learning_rate"": 0.07923980012555377, ""max_depth"": 4, ""subsample"": 0.9296778725443235, ""colsample_bytree"": 0.5528434176595423, ""min_child_weight"": 1, ""reg_alpha"": 0.7344198008156535, ""reg_lambda"": 1.1983537718181994}"
107,2026-06-05T11:46:35.488712+00:00,xgb,ranking_extra,107,4110,6,999,0.7953538298606873,687,312,0.49741509556770325,"[""V176"", ""V255"", ""V191"", ""V224"", ""V215"", ""V483""]","{""n_estimators"": 395, ""learning_rate"": 0.10144038280423547, ""max_depth"": 7, ""subsample"": 0.8051093858635581, ""colsample_bytree"": 0.926029908737652, ""min_child_weight"": 6, ""reg_alpha"": 0.9968964530112713, ""reg_lambda"": 0.526100037358133}"
108,2026-06-05T11:46:51.592852+00:00,xgb,ranking_extra,108,4335,3,996,0.702258825302124,661,335,0.4976859390735626,"[""V176"", ""V255"", ""V191""]","{""n_estimators"": 162, ""learning_rate"": 0.17865872311008818, ""max_depth"": 9, ""subsample"": 0.7817009243238886, ""colsample_bytree"": 0.6126322071843793, ""min_child_weight"": 7, ""reg_alpha"": 0.38534581029781123, ""reg_lambda"": 0.5345593742309691}"
109,2026-06-05T11:47:05.343006+00:00,xgb,ranking_extra,109,4435,6,1000,0.765364944934845,709,291,0.4981619119644165,"[""V176"", ""V255"", ""V191"", ""V224"", ""V215"", ""V483""]","{""n_estimators"": 199, ""learning_rate"": 0.1660827953007679, ""max_depth"": 6, ""subsample"": 0.7900444701755276, ""colsample_bytree"": 0.5645571432898695, ""min_child_weight"": 3, ""reg_alpha"": 0.32222699883338013, ""reg_lambda"": 1.0335838328778142}"
110,2026-06-05T11:47:36.341275+00:00,xgb,ranking_extra,110,4190,3,995,0.7134132981300354,651,344,0.4973686635494232,"[""V176"", ""V255"", ""V191""]","{""n_estimators"": 362, ""learning_rate"": 0.12530708434964685, ""max_depth"": 8, ""subsample"": 0.8496417980729397, ""colsample_bytree"": 0.5972846241030003, ""min_child_weight"": 5, ""reg_alpha"": 0.08857352813998931, ""reg_lambda"": 1.182780464963317}"
111,2026-06-05T11:48:05.068865+00:00,xgb,ranking_extra,111,4200,6,999,0.8095441460609436,693,306,0.5007397532463074,"[""V176"", ""V255"", ""V191"", ""V224"", ""V215"", ""V483""]","{""n_estimators"": 228, ""learning_rate"": 0.1519279911277317, ""max_depth"": 8, ""subsample"": 0.9778001107751674, ""colsample_bytree"": 0.927166330365429, ""min_child_weight"": 1, ""reg_alpha"": 0.6824631292225899, ""reg_lambda"": 2.4100199919752088}"
112,2026-06-05T11:48:18.521913+00:00,xgb,ranking_extra,112,4860,3,996,0.6698929071426392,696,300,0.49636396765708923,"[""V176"", ""V255"", ""V191""]","{""n_estimators"": 312, ""learning_rate"": 0.09540885290567552, ""max_depth"": 4, ""subsample"": 0.648857989517321, ""colsample_bytree"": 0.6889312198354414, ""min_child_weight"": 8, ""reg_alpha"": 0.022478324544161765, ""reg_lambda"": 1.3404489845291154}"
113,2026-06-05T11:48:28.856804+00:00,xgb,ranking_extra,113,4785,6,996,0.7144943475723267,731,265,0.4984455108642578,"[""V176"", ""V255"", ""V191"", ""V224"", ""V215"", ""V483""]","{""n_estimators"": 200, ""learning_rate"": 0.13613633130524821, ""max_depth"": 5, ""subsample"": 0.9750082897025836, ""colsample_bytree"": 0.5378386023510308, ""min_child_weight"": 8, ""reg_alpha"": 0.6089615362342131, ""reg_lambda"": 1.0053604402364154}"
114,2026-06-05T11:48:44.044156+00:00,xgb,ranking_extra,114,4860,3,999,0.6523823738098145,697,302,0.49742430448532104,"[""V176"", ""V255"", ""V191""]","{""n_estimators"": 265, ""learning_rate"": 0.04847894274507119, ""max_depth"": 5, ""subsample"": 0.9474658813493118, ""colsample_bytree"": 0.7182467737893041, ""min_child_weight"": 1, ""reg_alpha"": 0.5758578744249331, ""reg_lambda"": 2.1809418394591447}"
115,2026-06-05T11:48:53.367472+00:00,xgb,ranking_extra,115,4890,4,998,0.6382344961166382,712,286,0.49744483828544617,"[""V176"", ""V255"", ""V191"", ""V224""]","{""n_estimators"": 174, ""learning_rate"": 0.048962816374836786, ""max_depth"": 5, ""subsample"": 0.9629418815241304, ""colsample_bytree"": 0.7442065888253218, ""min_child_weight"": 9, ""reg_alpha"": 0.00941220195459147, ""reg_lambda"": 1.258646564680408}"
116,2026-06-05T11:49:13.734820+00:00,xgb,ranking_extra,116,4535,4,1000,0.6941994428634644,689,311,0.49748143553733826,"[""V176"", ""V255"", ""V191"", ""V224""]","{""n_estimators"": 374, ""learning_rate"": 0.07373504262727618, ""max_depth"": 5, ""subsample"": 0.7068458667341254, ""colsample_bytree"": 0.7884003743629017, ""min_child_weight"": 6, ""reg_alpha"": 0.49465065591439905, ""reg_lambda"": 0.5324518914985386}"
117,2026-06-05T11:49:22.307496+00:00,xgb,ranking_extra,117,4635,3,999,0.660601019859314,682,317,0.49537715315818787,"[""V176"", ""V255"", ""V191""]","{""n_estimators"": 149, ""learning_rate"": 0.10604634876825417, ""max_depth"": 5, ""subsample"": 0.5012457534291186, ""colsample_bytree"": 0.8919562981287088, ""min_child_weight"": 9, ""reg_alpha"": 0.4779939510390452, ""reg_lambda"": 1.2234473789323481}"
118,2026-06-05T11:49:37.858482+00:00,xgb,ranking_extra,118,4740,5,1000,0.6886674761772156,716,284,0.49762627482414246,"[""V176"", ""V255"", ""V191"", ""V224"", ""V215""]","{""n_estimators"": 212, ""learning_rate"": 0.07489996661157097, ""max_depth"": 6, ""subsample"": 0.9426517003801302, ""colsample_bytree"": 0.5932217947755613, ""min_child_weight"": 1, ""reg_alpha"": 0.6068702269002959, ""reg_lambda"": 1.465429198141477}"
119,2026-06-05T11:50:08.344545+00:00,xgb,ranking_extra,119,4480,4,996,0.6854515075683594,684,312,0.49548858404159546,"[""V176"", ""V255"", ""V191"", ""V224""]","{""n_estimators"": 356, ""learning_rate"": 0.04711449799590322, ""max_depth"": 8, ""subsample"": 0.5293123845371088, ""colsample_bytree"": 0.9544752105318116, ""min_child_weight"": 9, ""reg_alpha"": 0.9377480497194558, ""reg_lambda"": 0.7616965582502819}"
120,2026-06-05T11:50:17.499322+00:00,xgb,ranking_extra,120,4915,7,999,0.6789510846138,754,245,0.4962228536605835,"[""V176"", ""V255"", ""V191"", ""V224"", ""V215"", ""V483"", ""V342""]","{""n_estimators"": 126, ""learning_rate"": 0.0606071576410507, ""max_depth"": 7, ""subsample"": 0.8154157441549342, ""colsample_bytree"": 0.5284625827028449, ""min_child_weight"": 9, ""reg_alpha"": 0.4199864819996859, ""reg_lambda"": 2.4741230039719895}"
121,2026-06-05T11:50:53.278812+00:00,xgb,ranking_extra,121,4135,6,1000,0.7698500752449036,689,311,0.4975898563861847,"[""V176"", ""V255"", ""V191"", ""V224"", ""V215"", ""V483""]","{""n_estimators"": 267, ""learning_rate"": 0.08483242628681525, ""max_depth"": 9, ""subsample"": 0.7827625292433145, ""colsample_bytree"": 0.7951797599355124, ""min_child_weight"": 2, ""reg_alpha"": 0.9508648660726735, ""reg_lambda"": 2.469151198156082}"
122,2026-06-05T11:51:10.344660+00:00,xgb,ranking_extra,122,4150,4,999,0.7304795980453491,663,336,0.4997326135635376,"[""V176"", ""V255"", ""V191"", ""V224""]","{""n_estimators"": 364, ""learning_rate"": 0.1786814106624154, ""max_depth"": 4, ""subsample"": 0.5759722786105714, ""colsample_bytree"": 0.9150890691488169, ""min_child_weight"": 3, ""reg_alpha"": 0.5557905998327344, ""reg_lambda"": 1.9910478844418193}"
123,2026-06-05T11:51:35.147170+00:00,xgb,ranking_extra,123,4645,6,1000,0.7293544411659241,723,277,0.49825459718704224,"[""V176"", ""V255"", ""V191"", ""V224"", ""V215"", ""V483""]","{""n_estimators"": 372, ""learning_rate"": 0.06323581897623679, ""max_depth"": 6, ""subsample"": 0.8057706055566998, ""colsample_bytree"": 0.7915403020405313, ""min_child_weight"": 6, ""reg_alpha"": 0.1887731000040771, ""reg_lambda"": 1.9041959478553248}"
124,2026-06-05T11:51:50.559638+00:00,xgb,ranking_extra,124,4415,4,1000,0.7118441462516785,681,319,0.4989657700061798,"[""V176"", ""V255"", ""V191"", ""V224""]","{""n_estimators"": 198, ""learning_rate"": 0.11269721536243368, ""max_depth"": 6, ""subsample"": 0.7455594667162986, ""colsample_bytree"": 0.8900138809560396, ""min_child_weight"": 2, ""reg_alpha"": 0.6848297385848633, ""reg_lambda"": 1.4618638029687219}"
125,2026-06-05T11:52:05.045227+00:00,xgb,ranking_extra,125,4465,4,999,0.7137200832366943,684,315,0.49731865525245667,"[""V176"", ""V255"", ""V191"", ""V224""]","{""n_estimators"": 256, ""learning_rate"": 0.14182072273284196, ""max_depth"": 5, ""subsample"": 0.795162280865912, ""colsample_bytree"": 0.7802080042090487, ""min_child_weight"": 6, ""reg_alpha"": 0.6679624094080733, ""reg_lambda"": 1.2909500215645557}"
126,2026-06-05T11:52:23.773122+00:00,xgb,ranking_extra,126,4760,4,997,0.6599689722061157,703,294,0.4973817467689514,"[""V176"", ""V255"", ""V191"", ""V224""]","{""n_estimators"": 257, ""learning_rate"": 0.03862960427521346, ""max_depth"": 6, ""subsample"": 0.56627626360008, ""colsample_bytree"": 0.5655425748553515, ""min_child_weight"": 1, ""reg_alpha"": 0.6195123896958387, ""reg_lambda"": 0.5266708072723254}"
127,2026-06-05T11:52:37.633834+00:00,xgb,ranking_extra,127,4825,3,997,0.6327283382415771,694,303,0.49690791964530945,"[""V176"", ""V255"", ""V191""]","{""n_estimators"": 211, ""learning_rate"": 0.049221610805100055, ""max_depth"": 6, ""subsample"": 0.5671520609985239, ""colsample_bytree"": 0.657206426366149, ""min_child_weight"": 7, ""reg_alpha"": 0.3830457201015457, ""reg_lambda"": 1.6600903484051248}"
128,2026-06-05T11:53:02.374746+00:00,xgb,ranking_extra,128,4680,6,990,0.7164537906646729,722,268,0.49790677428245544,"[""V176"", ""V255"", ""V191"", ""V224"", ""V215"", ""V483""]","{""n_estimators"": 301, ""learning_rate"": 0.03825204965468082, ""max_depth"": 7, ""subsample"": 0.592982656100218, ""colsample_bytree"": 0.8863953239764543, ""min_child_weight"": 5, ""reg_alpha"": 0.0862768990883871, ""reg_lambda"": 1.3827895141863313}"
129,2026-06-05T11:53:19.250170+00:00,xgb,ranking_extra,129,4510,3,997,0.6800562143325806,673,324,0.49889135360717773,"[""V176"", ""V255"", ""V191""]","{""n_estimators"": 310, ""learning_rate"": 0.16380285754406246, ""max_depth"": 5, ""subsample"": 0.5657042390867435, ""colsample_bytree"": 0.5207967218738436, ""min_child_weight"": 6, ""reg_alpha"": 0.6454746004955415, ""reg_lambda"": 2.0811987040444664}"
130,2026-06-05T11:53:38.227810+00:00,xgb,ranking_extra,130,4310,5,999,0.7234236598014832,687,312,0.496625155210495,"[""V176"", ""V255"", ""V191"", ""V224"", ""V215""]","{""n_estimators"": 195, ""learning_rate"": 0.10187462665318671, ""max_depth"": 9, ""subsample"": 0.8026476188127638, ""colsample_bytree"": 0.5424281888062252, ""min_child_weight"": 7, ""reg_alpha"": 0.2694224408938686, ""reg_lambda"": 0.585052044650799}"
131,2026-06-05T11:53:50.184931+00:00,xgb,ranking_extra,131,4720,3,1000,0.6560736894607544,688,312,0.4965249001979828,"[""V176"", ""V255"", ""V191""]","{""n_estimators"": 217, ""learning_rate"": 0.07673165416913849, ""max_depth"": 5, ""subsample"": 0.9428392690636642, ""colsample_bytree"": 0.8811695445101059, ""min_child_weight"": 7, ""reg_alpha"": 0.47493860219754014, ""reg_lambda"": 2.346231967192156}"
132,2026-06-05T11:54:04.725749+00:00,xgb,ranking_extra,132,4475,7,1000,0.7638983130455017,725,275,0.5002874135971069,"[""V176"", ""V255"", ""V191"", ""V224"", ""V215"", ""V483"", ""V342""]","{""n_estimators"": 322, ""learning_rate"": 0.17221637487604047, ""max_depth"": 4, ""subsample"": 0.7912592762756949, ""colsample_bytree"": 0.6607387650404575, ""min_child_weight"": 1, ""reg_alpha"": 0.6331399100979177, ""reg_lambda"": 1.704874459716038}"
133,2026-06-05T11:54:26.942486+00:00,xgb,ranking_extra,133,4405,6,997,0.775031328201294,706,291,0.5004986524581909,"[""V176"", ""V255"", ""V191"", ""V224"", ""V215"", ""V483""]","{""n_estimators"": 181, ""learning_rate"": 0.09638895328563186, ""max_depth"": 9, ""subsample"": 0.8908413958536311, ""colsample_bytree"": 0.9007985591201013, ""min_child_weight"": 3, ""reg_alpha"": 0.3290568214813019, ""reg_lambda"": 0.516128873172996}"
134,2026-06-05T11:54:38.455903+00:00,xgb,ranking_extra,134,4890,3,993,0.639407753944397,697,296,0.49649202823638916,"[""V176"", ""V255"", ""V191""]","{""n_estimators"": 261, ""learning_rate"": 0.08441203876919393, ""max_depth"": 4, ""subsample"": 0.5547780615569466, ""colsample_bytree"": 0.5711217574388965, ""min_child_weight"": 6, ""reg_alpha"": 0.955046070649496, ""reg_lambda"": 1.8190168917561158}"
135,2026-06-05T11:54:46.064303+00:00,xgb,ranking_extra,135,4970,3,998,0.6334853768348694,704,294,0.49627870321273804,"[""V176"", ""V255"", ""V191""]","{""n_estimators"": 138, ""learning_rate"": 0.09716463672707178, ""max_depth"": 5, ""subsample"": 0.8591538886796639, ""colsample_bytree"": 0.5976059387068254, ""min_child_weight"": 7, ""reg_alpha"": 0.7116700774041035, ""reg_lambda"": 1.8305433032809324}"
136,2026-06-05T11:55:03.264999+00:00,xgb,ranking_extra,136,4735,3,1000,0.6590276956558228,689,311,0.4969983398914337,"[""V176"", ""V255"", ""V191""]","{""n_estimators"": 259, ""learning_rate"": 0.047441552871124476, ""max_depth"": 6, ""subsample"": 0.59769908780629, ""colsample_bytree"": 0.9314911566944506, ""min_child_weight"": 8, ""reg_alpha"": 0.05255594905798844, ""reg_lambda"": 2.3605271396595358}"
137,2026-06-05T11:55:32.211069+00:00,xgb,ranking_extra,137,4315,3,1000,0.7085755467414856,661,339,0.4981442391872406,"[""V176"", ""V255"", ""V191""]","{""n_estimators"": 323, ""learning_rate"": 0.1716123112456886, ""max_depth"": 8, ""subsample"": 0.6067309421148201, ""colsample_bytree"": 0.5762094992339503, ""min_child_weight"": 5, ""reg_alpha"": 0.9582703214488213, ""reg_lambda"": 0.845882898096}"
138,2026-06-05T11:55:53.975610+00:00,xgb,ranking_extra,138,4305,6,999,0.7562509775161743,700,299,0.49853935837745667,"[""V176"", ""V255"", ""V191"", ""V224"", ""V215"", ""V483""]","{""n_estimators"": 322, ""learning_rate"": 0.10592190327705148, ""max_depth"": 6, ""subsample"": 0.847685483795739, ""colsample_bytree"": 0.8499951763546784, ""min_child_weight"": 7, ""reg_alpha"": 0.5027030219248629, ""reg_lambda"": 2.283606338442899}"
139,2026-06-05T11:56:23.543905+00:00,xgb,ranking_extra,139,3835,2,989,0.6747955679893494,612,377,0.49742403626441956,"[""V176"", ""V255""]","{""n_estimators"": 350, ""learning_rate"": 0.1512865051313081, ""max_depth"": 8, ""subsample"": 0.6620137638719381, ""colsample_bytree"": 0.976119219786671, ""min_child_weight"": 9, ""reg_alpha"": 0.07758451546789491, ""reg_lambda"": 1.2691281802192131}"
140,2026-06-05T11:56:33.854074+00:00,xgb,ranking_extra,140,4825,6,1000,0.6896430253982544,735,265,0.49879100918769836,"[""V176"", ""V255"", ""V191"", ""V224"", ""V215"", ""V483""]","{""n_estimators"": 104, ""learning_rate"": 0.05803429970880393, ""max_depth"": 7, ""subsample"": 0.9671116709499092, ""colsample_bytree"": 0.979480618658787, ""min_child_weight"": 2, ""reg_alpha"": 0.19195314620421766, ""reg_lambda"": 0.9613370938849546}"
141,2026-06-05T11:56:55.820978+00:00,xgb,ranking_extra,141,4600,3,1000,0.6546708345413208,680,320,0.4968547224998474,"[""V176"", ""V255"", ""V191""]","{""n_estimators"": 204, ""learning_rate"": 0.057421068894191435, ""max_depth"": 9, ""subsample"": 0.5004923882068524, ""colsample_bytree"": 0.6482816544189353, ""min_child_weight"": 4, ""reg_alpha"": 0.9155044058012787, ""reg_lambda"": 0.9288827641677533}"
142,2026-06-05T11:57:12.306086+00:00,xgb,ranking_extra,142,4470,3,996,0.6872667074203491,670,326,0.4974713921546936,"[""V176"", ""V255"", ""V191""]","{""n_estimators"": 218, ""learning_rate"": 0.08342561772733356, ""max_depth"": 6, ""subsample"": 0.7455755264363668, ""colsample_bytree"": 0.9355098520003529, ""min_child_weight"": 2, ""reg_alpha"": 0.15443588642592365, ""reg_lambda"": 0.600828162027363}"
143,2026-06-05T11:57:44.533213+00:00,xgb,ranking_extra,143,4170,6,993,0.7866063117980957,689,304,0.4998539090156555,"[""V176"", ""V255"", ""V191"", ""V224"", ""V215"", ""V483""]","{""n_estimators"": 377, ""learning_rate"": 0.08648257273190565, ""max_depth"": 7, ""subsample"": 0.8879095346945204, ""colsample_bytree"": 0.8236124001439071, ""min_child_weight"": 3, ""reg_alpha"": 0.3220361230629616, ""reg_lambda"": 1.0394122217936597}"
144,2026-06-05T11:57:52.768683+00:00,xgb,ranking_extra,144,4795,3,1000,0.6697307229042053,693,307,0.4982047379016876,"[""V176"", ""V255"", ""V191""]","{""n_estimators"": 178, ""learning_rate"": 0.14602142342174954, ""max_depth"": 4, ""subsample"": 0.7340450504366748, ""colsample_bytree"": 0.7119690078210117, ""min_child_weight"": 3, ""reg_alpha"": 0.5125118645514876, ""reg_lambda"": 1.4092657865402691}"
145,2026-06-05T11:58:15.643347+00:00,xgb,ranking_extra,145,4530,6,999,0.7485979795455933,715,284,0.5015264749526978,"[""V176"", ""V255"", ""V191"", ""V224"", ""V215"", ""V483""]","{""n_estimators"": 316, ""learning_rate"": 0.10151017457825774, ""max_depth"": 6, ""subsample"": 0.9716021184291934, ""colsample_bytree"": 0.8137731496541742, ""min_child_weight"": 2, ""reg_alpha"": 0.45904381884196677, ""reg_lambda"": 2.114752345743609}"
146,2026-06-05T11:58:29.520596+00:00,xgb,ranking_extra,146,4815,5,1000,0.6418198943138123,721,279,0.4947047829627991,"[""V176"", ""V255"", ""V191"", ""V224"", ""V215""]","{""n_estimators"": 137, ""learning_rate"": 0.03030446993790147, ""max_depth"": 9, ""subsample"": 0.8974357175840476, ""colsample_bytree"": 0.7099543312648593, ""min_child_weight"": 9, ""reg_alpha"": 0.7707390295296226, ""reg_lambda"": 1.6962791587134505}"
147,2026-06-05T11:58:44.687947+00:00,xgb,ranking_extra,147,4720,4,999,0.6766261458396912,701,298,0.49706679582595825,"[""V176"", ""V255"", ""V191"", ""V224""]","{""n_estimators"": 354, ""learning_rate"": 0.07497309103042094, ""max_depth"": 4, ""subsample"": 0.7747285825530239, ""colsample_bytree"": 0.7746493402956453, ""min_child_weight"": 8, ""reg_alpha"": 0.362831816766112, ""reg_lambda"": 0.512687695764233}"
148,2026-06-05T11:58:58.904466+00:00,xgb,ranking_extra,148,4810,3,991,0.6603993773460388,691,300,0.49755096435546875,"[""V176"", ""V255"", ""V191""]","{""n_estimators"": 314, ""learning_rate"": 0.058835382647419, ""max_depth"": 4, ""subsample"": 0.5154154325710245, ""colsample_bytree"": 0.8456281601353183, ""min_child_weight"": 2, ""reg_alpha"": 0.45742173035504685, ""reg_lambda"": 0.5003943156341595}"
149,2026-06-05T11:59:19.371604+00:00,xgb,ranking_extra,149,4595,3,998,0.6450533866882324,679,319,0.49684980511665344,"[""V176"", ""V255"", ""V191""]","{""n_estimators"": 183, ""learning_rate"": 0.054657011188911336, ""max_depth"": 9, ""subsample"": 0.5791363612187062, ""colsample_bytree"": 0.5312225629307301, ""min_child_weight"": 3, ""reg_alpha"": 0.9819110006571198, ""reg_lambda"": 2.357905406158034}"
150,2026-06-05T11:59:25.503259+00:00,xgb,ranking_extra,150,4640,7,1000,0.7212420701980591,736,264,0.49845775961875916,"[""V176"", ""V255"", ""V191"", ""V224"", ""V215"", ""V483"", ""V342""]","{""n_estimators"": 128, ""learning_rate"": 0.17695554049768736, ""max_depth"": 4, ""subsample"": 0.8676998050439066, ""colsample_bytree"": 0.9756139811493096, ""min_child_weight"": 5, ""reg_alpha"": 0.8609819860487256, ""reg_lambda"": 1.4415047608559004}"
151,2026-06-05T11:59:39.935122+00:00,xgb,ranking_extra,151,4510,3,1000,0.6902856230735779,674,326,0.4980311095714569,"[""V176"", ""V255"", ""V191""]","{""n_estimators"": 328, ""learning_rate"": 0.16977221540134954, ""max_depth"": 4, ""subsample"": 0.9388275721632928, ""colsample_bytree"": 0.8694827383349863, ""min_child_weight"": 6, ""reg_alpha"": 0.517208551210307, ""reg_lambda"": 2.4042192597312204}"
152,2026-06-05T12:00:10.399453+00:00,xgb,ranking_extra,152,4540,3,1000,0.663309633731842,676,324,0.49696001410484314,"[""V176"", ""V255"", ""V191""]","{""n_estimators"": 318, ""learning_rate"": 0.05652325516482365, ""max_depth"": 7, ""subsample"": 0.5989452704798948, ""colsample_bytree"": 0.6338973141256514, ""min_child_weight"": 1, ""reg_alpha"": 0.7699707726508938, ""reg_lambda"": 2.401522442667821}"
153,2026-06-05T12:00:44.033222+00:00,xgb,ranking_extra,153,4435,3,997,0.6957330107688904,668,329,0.49845126271247864,"[""V176"", ""V255"", ""V191""]","{""n_estimators"": 320, ""learning_rate"": 0.07527076044340861, ""max_depth"": 8, ""subsample"": 0.5191645365060096, ""colsample_bytree"": 0.6626866522660745, ""min_child_weight"": 2, ""reg_alpha"": 0.5676458706895693, ""reg_lambda"": 0.6446794022584075}"
154,2026-06-05T12:00:50.877163+00:00,xgb,ranking_extra,154,4960,3,1000,0.6408405303955078,704,296,0.4974122941493988,"[""V176"", ""V255"", ""V191""]","{""n_estimators"": 195, ""learning_rate"": 0.13273302703632162, ""max_depth"": 3, ""subsample"": 0.746834809262805, ""colsample_bytree"": 0.5277159474663627, ""min_child_weight"": 7, ""reg_alpha"": 0.8048666508545789, ""reg_lambda"": 0.9200359209721576}"
155,2026-06-05T12:01:21.402839+00:00,xgb,ranking_extra,155,4285,3,994,0.6976116299629211,657,337,0.49774783849716187,"[""V176"", ""V255"", ""V191""]","{""n_estimators"": 377, ""learning_rate"": 0.12458259110172397, ""max_depth"": 7, ""subsample"": 0.9298138059135277, ""colsample_bytree"": 0.6451656664406809, ""min_child_weight"": 4, ""reg_alpha"": 0.637513091539349, ""reg_lambda"": 1.0069900989165934}"
156,2026-06-05T12:01:51.489578+00:00,xgb,ranking_extra,156,4340,3,986,0.6955834031105042,658,328,0.4978840947151184,"[""V176"", ""V255"", ""V191""]","{""n_estimators"": 354, ""learning_rate"": 0.1129130219368032, ""max_depth"": 8, ""subsample"": 0.8103125441480137, ""colsample_bytree"": 0.5533133378281505, ""min_child_weight"": 7, ""reg_alpha"": 0.2401064478125089, ""reg_lambda"": 1.4611392026782861}"
157,2026-06-05T12:02:05.156642+00:00,xgb,ranking_extra,157,4345,3,997,0.6784085631370544,662,335,0.49712470173835754,"[""V176"", ""V255"", ""V191""]","{""n_estimators"": 144, ""learning_rate"": 0.16517441886551715, ""max_depth"": 8, ""subsample"": 0.6312176626899546, ""colsample_bytree"": 0.5937341472102975, ""min_child_weight"": 5, ""reg_alpha"": 0.5965327159933547, ""reg_lambda"": 1.2140131268290018}"
158,2026-06-05T12:02:20.483892+00:00,xgb,ranking_extra,158,4560,5,997,0.7130454778671265,703,294,0.49723613262176514,"[""V176"", ""V255"", ""V191"", ""V224"", ""V215""]","{""n_estimators"": 268, ""learning_rate"": 0.09366085587280305, ""max_depth"": 5, ""subsample"": 0.5367229516020656, ""colsample_bytree"": 0.9428662945200942, ""min_child_weight"": 6, ""reg_alpha"": 0.6404589862067358, ""reg_lambda"": 0.997947999665588}"
159,2026-06-05T12:02:49.043623+00:00,xgb,ranking_extra,159,4420,3,997,0.6827351450920105,667,330,0.49645936489105225,"[""V176"", ""V255"", ""V191""]","{""n_estimators"": 306, ""learning_rate"": 0.05325101024336133, ""max_depth"": 8, ""subsample"": 0.5560896268159774, ""colsample_bytree"": 0.7816700367040825, ""min_child_weight"": 6, ""reg_alpha"": 0.8210471786593786, ""reg_lambda"": 1.8326844474076318}"
160,2026-06-05T12:02:58.382154+00:00,xgb,ranking_extra,160,4900,3,1000,0.6454839110374451,700,300,0.4966273307800293,"[""V176"", ""V255"", ""V191""]","{""n_estimators"": 111, ""learning_rate"": 0.06271829433335971, ""max_depth"": 7, ""subsample"": 0.5875103044251946, ""colsample_bytree"": 0.9064671631247345, ""min_child_weight"": 7, ""reg_alpha"": 0.6640473205014216, ""reg_lambda"": 0.8268177930533673}"
161,2026-06-05T12:03:09.909268+00:00,xgb,ranking_extra,161,4760,4,1000,0.6537377834320068,704,296,0.49701693654060364,"[""V176"", ""V255"", ""V191"", ""V224""]","{""n_estimators"": 254, ""learning_rate"": 0.07851518623551931, ""max_depth"": 4, ""subsample"": 0.846974511841555, ""colsample_bytree"": 0.7466781234987354, ""min_child_weight"": 1, ""reg_alpha"": 0.6986362572313116, ""reg_lambda"": 0.8548873400947286}"
162,2026-06-05T12:03:25.471897+00:00,xgb,ranking_extra,162,4870,3,1000,0.6369562745094299,698,302,0.4971543848514557,"[""V176"", ""V255"", ""V191""]","{""n_estimators"": 178, ""learning_rate"": 0.05167442629248821, ""max_depth"": 7, ""subsample"": 0.7511907372444331, ""colsample_bytree"": 0.5218570501619564, ""min_child_weight"": 2, ""reg_alpha"": 0.6161942526128577, ""reg_lambda"": 2.3477152683269695}"
163,2026-06-05T12:03:36.350840+00:00,xgb,ranking_extra,163,4855,6,1000,0.6818810701370239,737,263,0.4977934956550598,"[""V176"", ""V255"", ""V191"", ""V224"", ""V215"", ""V483""]","{""n_estimators"": 161, ""learning_rate"": 0.04687972223540658, ""max_depth"": 6, ""subsample"": 0.9544682312220966, ""colsample_bytree"": 0.8644302779751157, ""min_child_weight"": 7, ""reg_alpha"": 0.2750704087517225, ""reg_lambda"": 1.924448675219294}"
164,2026-06-05T12:03:50.112578+00:00,xgb,ranking_extra,164,4610,3,992,0.6766690015792847,678,314,0.49713754653930664,"[""V176"", ""V255"", ""V191""]","{""n_estimators"": 242, ""learning_rate"": 0.10111344915950261, ""max_depth"": 5, ""subsample"": 0.5069556768711082, ""colsample_bytree"": 0.9325081475459089, ""min_child_weight"": 8, ""reg_alpha"": 0.02715741591789167, ""reg_lambda"": 2.054492409046593}"
165,2026-06-05T12:03:58.030153+00:00,xgb,ranking_extra,165,5005,3,1000,0.636730432510376,707,293,0.49670565128326416,"[""V176"", ""V255"", ""V191""]","{""n_estimators"": 220, ""learning_rate"": 0.05860889767114333, ""max_depth"": 3, ""subsample"": 0.6391262521575627, ""colsample_bytree"": 0.9126700786285592, ""min_child_weight"": 3, ""reg_alpha"": 0.7117797684855637, ""reg_lambda"": 0.6579684003458004}"
166,2026-06-05T12:04:11.877680+00:00,xgb,ranking_extra,166,4890,3,999,0.6391317248344421,699,300,0.497071772813797,"[""V176"", ""V255"", ""V191""]","{""n_estimators"": 320, ""learning_rate"": 0.037147476721460446, ""max_depth"": 4, ""subsample"": 0.9860934171947979, ""colsample_bytree"": 0.985024521573483, ""min_child_weight"": 3, ""reg_alpha"": 0.3347764028802155, ""reg_lambda"": 1.965650976580702}"
167,2026-06-05T12:04:25.668013+00:00,xgb,ranking_extra,167,4735,3,1000,0.6219052672386169,689,311,0.49672335386276245,"[""V176"", ""V255"", ""V191""]","{""n_estimators"": 105, ""learning_rate"": 0.0557526507533458, ""max_depth"": 9, ""subsample"": 0.8826931201009995, ""colsample_bytree"": 0.513313096623935, ""min_child_weight"": 2, ""reg_alpha"": 0.5959530838548679, ""reg_lambda"": 1.6989667183131152}"
168,2026-06-05T12:04:38.489428+00:00,xgb,ranking_extra,168,5000,3,995,0.6440120339393616,705,290,0.49707266688346863,"[""V176"", ""V255"", ""V191""]","{""n_estimators"": 366, ""learning_rate"": 0.05476732482396274, ""max_depth"": 3, ""subsample"": 0.6901239315924346, ""colsample_bytree"": 0.9805164149643157, ""min_child_weight"": 6, ""reg_alpha"": 0.9662715382933567, ""reg_lambda"": 1.3110914800256608}"
169,2026-06-05T12:05:07.536462+00:00,xgb,ranking_extra,169,4505,5,999,0.7048551440238953,700,299,0.49617403745651245,"[""V176"", ""V255"", ""V191"", ""V224"", ""V215""]","{""n_estimators"": 313, ""learning_rate"": 0.043888164819232585, ""max_depth"": 8, ""subsample"": 0.623416355447536, ""colsample_bytree"": 0.6687481707892988, ""min_child_weight"": 5, ""reg_alpha"": 0.6514305494334738, ""reg_lambda"": 1.9668045483877383}"
170,2026-06-05T12:05:37.168960+00:00,xgb,ranking_extra,170,4625,3,998,0.6611318588256836,681,317,0.4969415068626404,"[""V176"", ""V255"", ""V191""]","{""n_estimators"": 391, ""learning_rate"": 0.04670127724212554, ""max_depth"": 7, ""subsample"": 0.8339636903280526, ""colsample_bytree"": 0.5391987892075931, ""min_child_weight"": 6, ""reg_alpha"": 0.9025598536073296, ""reg_lambda"": 1.2602629833117571}"
171,2026-06-05T12:05:48.089502+00:00,xgb,ranking_extra,171,4725,6,999,0.6870078444480896,728,271,0.4984048306941986,"[""V176"", ""V255"", ""V191"", ""V224"", ""V215"", ""V483""]","{""n_estimators"": 139, ""learning_rate"": 0.06402926738771375, ""max_depth"": 7, ""subsample"": 0.9047005493359197, ""colsample_bytree"": 0.6189965329950218, ""min_child_weight"": 5, ""reg_alpha"": 0.15591418550426928, ""reg_lambda"": 1.5068091752693604}"
172,2026-06-05T12:06:02.885127+00:00,xgb,ranking_extra,172,4575,3,999,0.6641031503677368,678,321,0.4973306655883789,"[""V176"", ""V255"", ""V191""]","{""n_estimators"": 122, ""learning_rate"": 0.10327640867484081, ""max_depth"": 9, ""subsample"": 0.9098793148482309, ""colsample_bytree"": 0.6136019281865086, ""min_child_weight"": 3, ""reg_alpha"": 0.6115352670572818, ""reg_lambda"": 1.80481377407891}"
173,2026-06-05T12:06:49.141221+00:00,xgb,ranking_extra,173,4170,5,1000,0.7433368563652039,678,322,0.4961473047733307,"[""V176"", ""V255"", ""V191"", ""V224"", ""V215""]","{""n_estimators"": 382, ""learning_rate"": 0.04828592992343915, ""max_depth"": 9, ""subsample"": 0.5874892014097743, ""colsample_bytree"": 0.8925877124479182, ""min_child_weight"": 3, ""reg_alpha"": 0.8797273212107523, ""reg_lambda"": 1.1174484784968841}"
174,2026-06-05T12:07:22.328883+00:00,xgb,ranking_extra,174,4560,5,1000,0.6990306377410889,704,296,0.4978490173816681,"[""V176"", ""V255"", ""V191"", ""V224"", ""V215""]","{""n_estimators"": 329, ""learning_rate"": 0.03368262012587677, ""max_depth"": 8, ""subsample"": 0.7611242066384631, ""colsample_bytree"": 0.7913662556322183, ""min_child_weight"": 4, ""reg_alpha"": 0.9418185924949404, ""reg_lambda"": 0.6439368438490995}"
175,2026-06-05T12:07:36.430327+00:00,xgb,ranking_extra,175,4170,6,999,0.7580817341804504,691,308,0.49804267287254333,"[""V176"", ""V255"", ""V191"", ""V224"", ""V215"", ""V483""]","{""n_estimators"": 168, ""learning_rate"": 0.1653795046248979, ""max_depth"": 7, ""subsample"": 0.6031023274518449, ""colsample_bytree"": 0.7584206550929515, ""min_child_weight"": 6, ""reg_alpha"": 0.75832031578412, ""reg_lambda"": 2.1088932605637343}"
176,2026-06-05T12:08:02.562212+00:00,xgb,ranking_extra,176,4235,4,1000,0.7234516143798828,669,331,0.4970976710319519,"[""V176"", ""V255"", ""V191"", ""V224""]","{""n_estimators"": 376, ""learning_rate"": 0.09266590014027212, ""max_depth"": 6, ""subsample"": 0.7769116161320003, ""colsample_bytree"": 0.814130781626996, ""min_child_weight"": 6, ""reg_alpha"": 0.9604980925219321, ""reg_lambda"": 1.4700427080334344}"
177,2026-06-05T12:08:12.526832+00:00,xgb,ranking_extra,177,4945,5,995,0.6625975370407104,728,267,0.4962364137172699,"[""V176"", ""V255"", ""V191"", ""V224"", ""V215""]","{""n_estimators"": 289, ""learning_rate"": 0.06189074068948038, ""max_depth"": 3, ""subsample"": 0.8323332622150523, ""colsample_bytree"": 0.9663832667507566, ""min_child_weight"": 9, ""reg_alpha"": 0.7601006582683313, ""reg_lambda"": 2.2264633121588044}"
178,2026-06-05T12:08:27.455610+00:00,xgb,ranking_extra,178,4435,3,1000,0.6784254908561707,669,331,0.4979884624481201,"[""V176"", ""V255"", ""V191""]","{""n_estimators"": 149, ""learning_rate"": 0.14806235587500516, ""max_depth"": 9, ""subsample"": 0.722284341408413, ""colsample_bytree"": 0.593349328845137, ""min_child_weight"": 6, ""reg_alpha"": 0.5890896814110392, ""reg_lambda"": 1.6107895456193408}"
179,2026-06-05T12:08:52.361749+00:00,xgb,ranking_extra,179,4510,3,1000,0.6790015697479248,674,326,0.49709442257881165,"[""V176"", ""V255"", ""V191""]","{""n_estimators"": 282, ""learning_rate"": 0.052411990953639145, ""max_depth"": 7, ""subsample"": 0.7378108640436893, ""colsample_bytree"": 0.7606683257093911, ""min_child_weight"": 3, ""reg_alpha"": 0.5578369465135752, ""reg_lambda"": 2.399146018527191}"
180,2026-06-05T12:08:59.525768+00:00,xgb,ranking_extra,180,4895,6,998,0.6853348612785339,739,259,0.4986138641834259,"[""V176"", ""V255"", ""V191"", ""V224"", ""V215"", ""V483""]","{""n_estimators"": 123, ""learning_rate"": 0.08693273715853742, ""max_depth"": 5, ""subsample"": 0.8926506243440394, ""colsample_bytree"": 0.6858870611649034, ""min_child_weight"": 4, ""reg_alpha"": 0.8240074862807772, ""reg_lambda"": 1.6837675401234142}"
181,2026-06-05T12:09:34.775894+00:00,xgb,ranking_extra,181,4140,3,999,0.7229558229446411,649,350,0.4975479543209076,"[""V176"", ""V255"", ""V191""]","{""n_estimators"": 341, ""learning_rate"": 0.17422540973342518, ""max_depth"": 8, ""subsample"": 0.8466110103256086, ""colsample_bytree"": 0.6203920535161659, ""min_child_weight"": 2, ""reg_alpha"": 0.9060878715810445, ""reg_lambda"": 1.7867740748763092}"
182,2026-06-05T12:09:49.475782+00:00,xgb,ranking_extra,182,4840,3,1000,0.6526963114738464,696,304,0.49652373790740967,"[""V176"", ""V255"", ""V191""]","{""n_estimators"": 353, ""learning_rate"": 0.053966590442608535, ""max_depth"": 4, ""subsample"": 0.7852836083832175, ""colsample_bytree"": 0.7029177663554251, ""min_child_weight"": 7, ""reg_alpha"": 0.009195463037015905, ""reg_lambda"": 1.8165307837593505}"
183,2026-06-05T12:09:59.405215+00:00,xgb,ranking_extra,183,4980,5,994,0.653553307056427,730,264,0.49652987718582153,"[""V176"", ""V255"", ""V191"", ""V224"", ""V215""]","{""n_estimators"": 290, ""learning_rate"": 0.03942952002312457, ""max_depth"": 3, ""subsample"": 0.715835764212827, ""colsample_bytree"": 0.7170162721626572, ""min_child_weight"": 6, ""reg_alpha"": 0.2718843032212668, ""reg_lambda"": 2.2486496956314337}"
184,2026-06-05T12:10:31.442722+00:00,xgb,ranking_extra,184,4065,5,1000,0.772096574306488,671,329,0.49745815992355347,"[""V176"", ""V255"", ""V191"", ""V224"", ""V215""]","{""n_estimators"": 393, ""learning_rate"": 0.13563047814289741, ""max_depth"": 8, ""subsample"": 0.9442314622493466, ""colsample_bytree"": 0.7291734574938755, ""min_child_weight"": 9, ""reg_alpha"": 0.06205617803901964, ""reg_lambda"": 2.22977680969338}"
185,2026-06-05T12:10:47.771519+00:00,xgb,ranking_extra,185,4825,3,997,0.6619130373001099,694,303,0.49663046002388,"[""V176"", ""V255"", ""V191""]","{""n_estimators"": 372, ""learning_rate"": 0.06721404743079595, ""max_depth"": 4, ""subsample"": 0.7280107154791048, ""colsample_bytree"": 0.8847753221500296, ""min_child_weight"": 7, ""reg_alpha"": 0.5638760559655487, ""reg_lambda"": 1.638000858460065}"
186,2026-06-05T12:11:03.715542+00:00,xgb,ranking_extra,186,4535,4,1000,0.7053609490394592,689,311,0.49794745445251465,"[""V176"", ""V255"", ""V191"", ""V224""]","{""n_estimators"": 356, ""learning_rate"": 0.14617401225311394, ""max_depth"": 4, ""subsample"": 0.697151838943259, ""colsample_bytree"": 0.8271381619347884, ""min_child_weight"": 6, ""reg_alpha"": 0.7072779403599593, ""reg_lambda"": 1.9300687261941019}"
187,2026-06-05T12:11:15.922103+00:00,xgb,ranking_extra,187,4965,3,999,0.6413001418113708,704,295,0.4970938563346863,"[""V176"", ""V255"", ""V191""]","{""n_estimators"": 273, ""learning_rate"": 0.03764098280163358, ""max_depth"": 4, ""subsample"": 0.7593055672947217, ""colsample_bytree"": 0.9297129139702724, ""min_child_weight"": 4, ""reg_alpha"": 0.19447445600230795, ""reg_lambda"": 1.324508774114332}"
188,2026-06-05T12:11:28.694120+00:00,xgb,ranking_extra,188,4485,6,999,0.7340661287307739,712,287,0.497585266828537,"[""V176"", ""V255"", ""V191"", ""V224"", ""V215"", ""V483""]","{""n_estimators"": 207, ""learning_rate"": 0.1155424857324776, ""max_depth"": 5, ""subsample"": 0.5234154563561593, ""colsample_bytree"": 0.7563854929107485, ""min_child_weight"": 1, ""reg_alpha"": 0.8106541406532113, ""reg_lambda"": 1.3593465391375343}"
189,2026-06-05T12:12:07.504142+00:00,xgb,ranking_extra,189,4305,6,999,0.8364160656929016,700,299,0.5001128911972046,"[""V176"", ""V255"", ""V191"", ""V224"", ""V215"", ""V483""]","{""n_estimators"": 374, ""learning_rate"": 0.1206134625409059, ""max_depth"": 9, ""subsample"": 0.887833089742012, ""colsample_bytree"": 0.7001154005860323, ""min_child_weight"": 4, ""reg_alpha"": 0.26923997328433547, ""reg_lambda"": 1.2109635985804879}"
190,2026-06-05T12:12:18.808224+00:00,xgb,ranking_extra,190,4765,6,997,0.6964943408966064,730,267,0.49859678745269775,"[""V176"", ""V255"", ""V191"", ""V224"", ""V215"", ""V483""]","{""n_estimators"": 163, ""learning_rate"": 0.06400920597228983, ""max_depth"": 6, ""subsample"": 0.925536989914405, ""colsample_bytree"": 0.7492175395763907, ""min_child_weight"": 4, ""reg_alpha"": 0.016847176099380468, ""reg_lambda"": 0.5287179381343641}"
191,2026-06-05T12:12:35.140628+00:00,xgb,ranking_extra,191,4290,3,993,0.7056159973144531,657,336,0.4980200231075287,"[""V176"", ""V255"", ""V191""]","{""n_estimators"": 178, ""learning_rate"": 0.13960260252712686, ""max_depth"": 8, ""subsample"": 0.8273950617407952, ""colsample_bytree"": 0.8548809317597057, ""min_child_weight"": 9, ""reg_alpha"": 0.594045674962394, ""reg_lambda"": 1.4565456583441032}"
192,2026-06-05T12:12:45.120773+00:00,xgb,ranking_extra,192,4770,5,1000,0.6785386800765991,718,282,0.4973977506160736,"[""V176"", ""V255"", ""V191"", ""V224"", ""V215""]","{""n_estimators"": 103, ""learning_rate"": 0.06832633894112093, ""max_depth"": 8, ""subsample"": 0.6553490766034309, ""colsample_bytree"": 0.6643686678777552, ""min_child_weight"": 5, ""reg_alpha"": 0.1047692018268398, ""reg_lambda"": 0.8338804238257018}"
193,2026-06-05T12:13:05.233537+00:00,xgb,ranking_extra,193,4645,3,1000,0.6640223860740662,683,317,0.49697041511535645,"[""V176"", ""V255"", ""V191""]","{""n_estimators"": 198, ""learning_rate"": 0.0461772232867126, ""max_depth"": 9, ""subsample"": 0.7116208223253591, ""colsample_bytree"": 0.9659743198444156, ""min_child_weight"": 9, ""reg_alpha"": 0.4374053436963742, ""reg_lambda"": 1.8285360233365302}"
194,2026-06-05T12:13:38.263080+00:00,xgb,ranking_extra,194,4550,3,998,0.6752315163612366,676,322,0.49795281887054443,"[""V176"", ""V255"", ""V191""]","{""n_estimators"": 338, ""learning_rate"": 0.0726996003796947, ""max_depth"": 9, ""subsample"": 0.6990791432494035, ""colsample_bytree"": 0.5455421161024053, ""min_child_weight"": 7, ""reg_alpha"": 0.8395091781396117, ""reg_lambda"": 1.788392210039253}"
195,2026-06-05T12:14:07.669307+00:00,xgb,ranking_extra,195,4200,5,1000,0.7585557699203491,680,320,0.4967542886734009,"[""V176"", ""V255"", ""V191"", ""V224"", ""V215""]","{""n_estimators"": 325, ""learning_rate"": 0.09131245127156759, ""max_depth"": 8, ""subsample"": 0.7863315810239155, ""colsample_bytree"": 0.7742531874341565, ""min_child_weight"": 6, ""reg_alpha"": 0.1007613669330879, ""reg_lambda"": 1.0667390102300418}"
196,2026-06-05T12:14:53.853722+00:00,xgb,ranking_extra,196,4660,6,1000,0.7713027000427246,724,276,0.5032633543014526,"[""V176"", ""V255"", ""V191"", ""V224"", ""V215"", ""V483""]","{""n_estimators"": 391, ""learning_rate"": 0.04472572553026431, ""max_depth"": 8, ""subsample"": 0.7884731681185995, ""colsample_bytree"": 0.8077597650846489, ""min_child_weight"": 1, ""reg_alpha"": 0.13405865719924293, ""reg_lambda"": 0.6801263685868757}"
197,2026-06-05T12:15:01.703866+00:00,xgb,ranking_extra,197,4765,6,1000,0.6953886151313782,731,269,0.4982442259788513,"[""V176"", ""V255"", ""V191"", ""V224"", ""V215"", ""V483""]","{""n_estimators"": 128, ""learning_rate"": 0.08878802528006066, ""max_depth"": 5, ""subsample"": 0.5895480514061532, ""colsample_bytree"": 0.7535922127295077, ""min_child_weight"": 2, ""reg_alpha"": 0.4258022513316886, ""reg_lambda"": 1.081968568553337}"
198,2026-06-05T12:15:31.877737+00:00,xgb,ranking_extra,198,4270,6,1000,0.7921903133392334,698,302,0.49788233637809753,"[""V176"", ""V255"", ""V191"", ""V224"", ""V215"", ""V483""]","{""n_estimators"": 373, ""learning_rate"": 0.12915192624707095, ""max_depth"": 7, ""subsample"": 0.9881309074791317, ""colsample_bytree"": 0.8843745697370938, ""min_child_weight"": 5, ""reg_alpha"": 0.7347604621834732, ""reg_lambda"": 1.9062676800282536}"
199,2026-06-05T12:15:50.580342+00:00,xgb,ranking_extra,199,4490,3,998,0.6706027984619141,672,326,0.4973740577697754,"[""V176"", ""V255"", ""V191""]","{""n_estimators"": 354, ""learning_rate"": 0.128073044745896, ""max_depth"": 5, ""subsample"": 0.653842487169016, ""colsample_bytree"": 0.5302063144194635, ""min_child_weight"": 9, ""reg_alpha"": 0.496896009749325, ""reg_lambda"": 2.4514379069317394}"
200,2026-06-05T12:16:11.384146+00:00,xgb,ranking_extra,200,4330,6,1000,0.760033905506134,702,298,0.498340904712677,"[""V176"", ""V255"", ""V191"", ""V224"", ""V215"", ""V483""]","{""n_estimators"": 388, ""learning_rate"": 0.12127629071463422, ""max_depth"": 5, ""subsample"": 0.9220763009173959, ""colsample_bytree"": 0.7319211751922479, ""min_child_weight"": 6, ""reg_alpha"": 0.5023517505785662, ""reg_lambda"": 1.403573130545568}"
201,2026-06-05T12:16:41.430002+00:00,xgb,ranking_extra,201,4115,4,1000,0.7394329309463501,661,339,0.4973442256450653,"[""V176"", ""V255"", ""V191"", ""V224""]","{""n_estimators"": 382, ""learning_rate"": 0.10412154439078355, ""max_depth"": 7, ""subsample"": 0.7972100721955663, ""colsample_bytree"": 0.7141543424648473, ""min_child_weight"": 7, ""reg_alpha"": 0.7270295728451086, ""reg_lambda"": 1.8044154790312454}"
202,2026-06-05T12:16:46.345328+00:00,xgb,ranking_extra,202,4910,6,998,0.6792277693748474,740,258,0.49710986018180847,"[""V176"", ""V255"", ""V191"", ""V224"", ""V215"", ""V483""]","{""n_estimators"": 100, ""learning_rate"": 0.10943063573674948, ""max_depth"": 4, ""subsample"": 0.8055296976449715, ""colsample_bytree"": 0.904845901695718, ""min_child_weight"": 4, ""reg_alpha"": 0.14003681348221309, ""reg_lambda"": 1.0350237641949025}"
203,2026-06-05T12:16:55.024726+00:00,xgb,ranking_extra,203,4915,5,998,0.6648393869400024,727,271,0.49664345383644104,"[""V176"", ""V255"", ""V191"", ""V224"", ""V215""]","{""n_estimators"": 251, ""learning_rate"": 0.0696081466493077, ""max_depth"": 3, ""subsample"": 0.6830029412840953, ""colsample_bytree"": 0.6979016400687101, ""min_child_weight"": 7, ""reg_alpha"": 0.5714755379709365, ""reg_lambda"": 1.6992139983709957}"
204,2026-06-05T12:17:07.159392+00:00,xgb,ranking_extra,204,4555,3,997,0.6871260404586792,676,321,0.49647143483161926,"[""V176"", ""V255"", ""V191""]","{""n_estimators"": 208, ""learning_rate"": 0.13008419326201648, ""max_depth"": 5, ""subsample"": 0.7253034415805064, ""colsample_bytree"": 0.8126736170514264, ""min_child_weight"": 3, ""reg_alpha"": 0.20780668175549577, ""reg_lambda"": 1.6888971506748391}"
205,2026-06-05T12:17:25.086560+00:00,xgb,ranking_extra,205,4250,5,996,0.753028392791748,682,314,0.49860286712646484,"[""V176"", ""V255"", ""V191"", ""V224"", ""V215""]","{""n_estimators"": 165, ""learning_rate"": 0.12829994668945977, ""max_depth"": 8, ""subsample"": 0.8326735481924232, ""colsample_bytree"": 0.999577354352863, ""min_child_weight"": 3, ""reg_alpha"": 0.32287268168537997, ""reg_lambda"": 1.7408356277025139}"
206,2026-06-05T12:18:03.334875+00:00,xgb,ranking_extra,206,4015,6,994,0.8245006203651428,679,315,0.49653881788253784,"[""V176"", ""V255"", ""V191"", ""V224"", ""V215"", ""V483""]","{""n_estimators"": 392, ""learning_rate"": 0.11414131624210533, ""max_depth"": 8, ""subsample"": 0.562420833186977, ""colsample_bytree"": 0.9816805308046518, ""min_child_weight"": 4, ""reg_alpha"": 0.4273238312076574, ""reg_lambda"": 1.040601990135688}"
207,2026-06-05T12:18:32.255360+00:00,xgb,ranking_extra,207,3835,2,989,0.6703971028327942,612,377,0.4954788088798523,"[""V176"", ""V255""]","{""n_estimators"": 377, ""learning_rate"": 0.17985417554329092, ""max_depth"": 7, ""subsample"": 0.5228631567742412, ""colsample_bytree"": 0.7908538882675772, ""min_child_weight"": 7, ""reg_alpha"": 0.8086390541777922, ""reg_lambda"": 1.1942832644566317}"
208,2026-06-05T12:18:36.286600+00:00,xgb,ranking_extra,208,4960,3,994,0.6410197615623474,702,292,0.497287780046463,"[""V176"", ""V255"", ""V191""]","{""n_estimators"": 106, ""learning_rate"": 0.15722845826226012, ""max_depth"": 3, ""subsample"": 0.7236571420946005, ""colsample_bytree"": 0.6809433680466053, ""min_child_weight"": 7, ""reg_alpha"": 0.6547572801986157, ""reg_lambda"": 1.143464063832414}"
209,2026-06-05T12:19:04.560072+00:00,xgb,ranking_extra,209,4675,6,994,0.7164812088012695,723,271,0.499832421541214,"[""V176"", ""V255"", ""V191"", ""V224"", ""V215"", ""V483""]","{""n_estimators"": 298, ""learning_rate"": 0.03350177929008783, ""max_depth"": 8, ""subsample"": 0.9801676091600258, ""colsample_bytree"": 0.9899440186459942, ""min_child_weight"": 4, ""reg_alpha"": 0.19594561928608034, ""reg_lambda"": 0.7812342838223532}"
210,2026-06-05T12:19:18.655399+00:00,xgb,ranking_extra,210,4440,4,998,0.7037015557289124,682,316,0.49751806259155273,"[""V176"", ""V255"", ""V191"", ""V224""]","{""n_estimators"": 322, ""learning_rate"": 0.16097048178849752, ""max_depth"": 4, ""subsample"": 0.9093759168589453, ""colsample_bytree"": 0.8133976680628591, ""min_child_weight"": 8, ""reg_alpha"": 0.7086523232831442, ""reg_lambda"": 1.0862293939548266}"
211,2026-06-05T12:19:31.026219+00:00,xgb,ranking_extra,211,4540,6,1000,0.7173079252243042,716,284,0.49938711524009705,"[""V176"", ""V255"", ""V191"", ""V224"", ""V215"", ""V483""]","{""n_estimators"": 110, ""learning_rate"": 0.10018382918407927, ""max_depth"": 8, ""subsample"": 0.8915299045189957, ""colsample_bytree"": 0.7521904634441388, ""min_child_weight"": 2, ""reg_alpha"": 0.48014891969000717, ""reg_lambda"": 1.693878976477244}"
212,2026-06-05T12:20:17.612869+00:00,xgb,ranking_extra,212,4510,6,1000,0.7426769733428955,714,286,0.5021570324897766,"[""V176"", ""V255"", ""V191"", ""V224"", ""V215"", ""V483""]","{""n_estimators"": 362, ""learning_rate"": 0.04966536942067986, ""max_depth"": 9, ""subsample"": 0.9848294851260737, ""colsample_bytree"": 0.5162006390025555, ""min_child_weight"": 1, ""reg_alpha"": 0.5642145149306808, ""reg_lambda"": 2.409111260832729}"
213,2026-06-05T12:20:50.478055+00:00,xgb,ranking_extra,213,4495,3,1000,0.67583167552948,673,327,0.4972102642059326,"[""V176"", ""V255"", ""V191""]","{""n_estimators"": 380, ""learning_rate"": 0.054995490064870076, ""max_depth"": 7, ""subsample"": 0.5255151284323532, ""colsample_bytree"": 0.5050036852443185, ""min_child_weight"": 2, ""reg_alpha"": 0.7573561988990286, ""reg_lambda"": 1.0620365908772045}"
214,2026-06-05T12:21:07.810495+00:00,xgb,ranking_extra,214,4540,3,994,0.679939866065979,674,320,0.4978213906288147,"[""V176"", ""V255"", ""V191""]","{""n_estimators"": 399, ""learning_rate"": 0.11755807569516415, ""max_depth"": 4, ""subsample"": 0.972211216111379, ""colsample_bytree"": 0.8004636104576779, ""min_child_weight"": 4, ""reg_alpha"": 0.9158857742082411, ""reg_lambda"": 1.46972050325986}"
215,2026-06-05T12:21:29.079712+00:00,xgb,ranking_extra,215,4175,5,999,0.765680730342865,678,321,0.49656254053115845,"[""V176"", ""V255"", ""V191"", ""V224"", ""V215""]","{""n_estimators"": 217, ""learning_rate"": 0.158943504045596, ""max_depth"": 9, ""subsample"": 0.9548704000713797, ""colsample_bytree"": 0.7025618690240694, ""min_child_weight"": 7, ""reg_alpha"": 0.6008328132600935, ""reg_lambda"": 1.4398846090790005}"
216,2026-06-05T12:21:40.880772+00:00,xgb,ranking_extra,216,4815,6,987,0.6784645318984985,730,257,0.49769526720046997,"[""V176"", ""V255"", ""V191"", ""V224"", ""V215"", ""V483""]","{""n_estimators"": 114, ""learning_rate"": 0.05729833318629864, ""max_depth"": 9, ""subsample"": 0.8632233747212856, ""colsample_bytree"": 0.6381562355318178, ""min_child_weight"": 8, ""reg_alpha"": 0.6077007629005348, ""reg_lambda"": 1.1170292169369322}"
217,2026-06-05T12:22:10.172079+00:00,xgb,ranking_extra,217,4575,3,996,0.6792470216751099,677,319,0.49726513028144836,"[""V176"", ""V255"", ""V191""]","{""n_estimators"": 340, ""learning_rate"": 0.09243471664895639, ""max_depth"": 8, ""subsample"": 0.8428205214196711, ""colsample_bytree"": 0.6055910587656016, ""min_child_weight"": 8, ""reg_alpha"": 0.9444693130561128, ""reg_lambda"": 1.3296272714618322}"
218,2026-06-05T12:22:47.380278+00:00,xgb,ranking_extra,218,4600,4,999,0.6854535341262817,693,306,0.49753642082214355,"[""V176"", ""V255"", ""V191"", ""V224""]","{""n_estimators"": 246, ""learning_rate"": 0.031177044727003382, ""max_depth"": 9, ""subsample"": 0.635830999994039, ""colsample_bytree"": 0.8038130443368878, ""min_child_weight"": 1, ""reg_alpha"": 0.6420463247343455, ""reg_lambda"": 1.4510422084686474}"
219,2026-06-05T12:23:00.075520+00:00,xgb,ranking_extra,219,4365,6,999,0.7666424512863159,704,295,0.498408704996109,"[""V176"", ""V255"", ""V191"", ""V224"", ""V215"", ""V483""]","{""n_estimators"": 177, ""learning_rate"": 0.16984946066388845, ""max_depth"": 6, ""subsample"": 0.8273721232804252, ""colsample_bytree"": 0.8988338368731641, ""min_child_weight"": 5, ""reg_alpha"": 0.35346798819520875, ""reg_lambda"": 0.9538698582253695}"
220,2026-06-05T12:23:12.381117+00:00,xgb,ranking_extra,220,4930,3,1000,0.6511721014976501,702,298,0.4992608428001404,"[""V176"", ""V255"", ""V191""]","{""n_estimators"": 352, ""learning_rate"": 0.07142509932704197, ""max_depth"": 3, ""subsample"": 0.5098804767119034, ""colsample_bytree"": 0.8646542948176328, ""min_child_weight"": 4, ""reg_alpha"": 0.7884468467440029, ""reg_lambda"": 2.353439477965291}"
221,2026-06-05T12:23:23.554947+00:00,xgb,ranking_extra,221,4840,3,1000,0.650861918926239,696,304,0.4964864253997803,"[""V176"", ""V255"", ""V191""]","{""n_estimators"": 320, ""learning_rate"": 0.08604801266974449, ""max_depth"": 3, ""subsample"": 0.6435653575909894, ""colsample_bytree"": 0.9141314749885181, ""min_child_weight"": 7, ""reg_alpha"": 0.47170821055432666, ""reg_lambda"": 1.3016826947049411}"
222,2026-06-05T12:23:38.176174+00:00,xgb,ranking_extra,222,4405,6,997,0.7547205686569214,706,291,0.4984891712665558,"[""V176"", ""V255"", ""V191"", ""V224"", ""V215"", ""V483""]","{""n_estimators"": 330, ""learning_rate"": 0.17464610229589525, ""max_depth"": 4, ""subsample"": 0.8299567527457161, ""colsample_bytree"": 0.9459292030633419, ""min_child_weight"": 7, ""reg_alpha"": 0.12043292313180742, ""reg_lambda"": 1.808979432536318}"
223,2026-06-05T12:24:02.573331+00:00,xgb,ranking_extra,223,4530,6,999,0.7247318029403687,715,284,0.4976872205734253,"[""V176"", ""V255"", ""V191"", ""V224"", ""V215"", ""V483""]","{""n_estimators"": 234, ""learning_rate"": 0.06186453769205195, ""max_depth"": 9, ""subsample"": 0.9178370941298499, ""colsample_bytree"": 0.8268826296081002, ""min_child_weight"": 7, ""reg_alpha"": 0.6792545555543575, ""reg_lambda"": 2.109657641657731}"
224,2026-06-05T12:24:09.044913+00:00,xgb,ranking_extra,224,4720,3,1000,0.6434826850891113,688,312,0.4962339401245117,"[""V176"", ""V255"", ""V191""]","{""n_estimators"": 117, ""learning_rate"": 0.14825504337429724, ""max_depth"": 5, ""subsample"": 0.8548022677637188, ""colsample_bytree"": 0.5188927957178662, ""min_child_weight"": 7, ""reg_alpha"": 0.2124911316951117, ""reg_lambda"": 1.5086292916939963}"
225,2026-06-05T12:24:39.625236+00:00,xgb,ranking_extra,225,4290,6,996,0.778285801410675,698,298,0.4977588951587677,"[""V176"", ""V255"", ""V191"", ""V224"", ""V215"", ""V483""]","{""n_estimators"": 289, ""learning_rate"": 0.09555724564104191, ""max_depth"": 9, ""subsample"": 0.7333563020609754, ""colsample_bytree"": 0.5324473183359684, ""min_child_weight"": 4, ""reg_alpha"": 0.6100410946632842, ""reg_lambda"": 0.9511831894853067}"
226,2026-06-05T12:25:03.976723+00:00,xgb,ranking_extra,226,4055,4,994,0.7342016696929932,655,339,0.4971133768558502,"[""V176"", ""V255"", ""V191"", ""V224""]","{""n_estimators"": 263, ""learning_rate"": 0.1250395452251532, ""max_depth"": 9, ""subsample"": 0.6149342343839219, ""colsample_bytree"": 0.6868491383187412, ""min_child_weight"": 8, ""reg_alpha"": 0.8953442360305133, ""reg_lambda"": 1.7025082026481346}"
227,2026-06-05T12:25:25.284359+00:00,xgb,ranking_extra,227,4420,6,1000,0.7341789603233337,708,292,0.4968693256378174,"[""V176"", ""V255"", ""V191"", ""V224"", ""V215"", ""V483""]","{""n_estimators"": 238, ""learning_rate"": 0.08172402045057728, ""max_depth"": 8, ""subsample"": 0.9042955030261661, ""colsample_bytree"": 0.8619070586439539, ""min_child_weight"": 9, ""reg_alpha"": 0.936476769606501, ""reg_lambda"": 1.4472352826526305}"
228,2026-06-05T12:25:32.968407+00:00,xgb,ranking_extra,228,4870,3,1000,0.6339187622070312,698,302,0.496659517288208,"[""V176"", ""V255"", ""V191""]","{""n_estimators"": 132, ""learning_rate"": 0.045106844433286816, ""max_depth"": 5, ""subsample"": 0.8211340797288049, ""colsample_bytree"": 0.7260321838869483, ""min_child_weight"": 5, ""reg_alpha"": 0.8254849302539797, ""reg_lambda"": 1.7648444900528355}"
229,2026-06-05T12:25:51.918160+00:00,xgb,ranking_extra,229,4550,6,998,0.7494910359382629,716,282,0.5007136464118958,"[""V176"", ""V255"", ""V191"", ""V224"", ""V215"", ""V483""]","{""n_estimators"": 244, ""learning_rate"": 0.11126141503532347, ""max_depth"": 7, ""subsample"": 0.987473518945586, ""colsample_bytree"": 0.6677387820148057, ""min_child_weight"": 4, ""reg_alpha"": 0.5890490882552291, ""reg_lambda"": 1.8073243458759651}"
230,2026-06-05T12:26:30.350486+00:00,xgb,ranking_extra,230,4300,6,1000,0.7661527991294861,700,300,0.4995425343513489,"[""V176"", ""V255"", ""V191"", ""V224"", ""V215"", ""V483""]","{""n_estimators"": 268, ""learning_rate"": 0.07143948917933815, ""max_depth"": 9, ""subsample"": 0.8897308701021878, ""colsample_bytree"": 0.7352317206954597, ""min_child_weight"": 1, ""reg_alpha"": 0.44522779698789716, ""reg_lambda"": 1.900097205728279}"
231,2026-06-05T12:26:54.213405+00:00,xgb,ranking_extra,231,4765,3,1000,0.6425645351409912,691,309,0.4970724582672119,"[""V176"", ""V255"", ""V191""]","{""n_estimators"": 356, ""learning_rate"": 0.035007819327307094, ""max_depth"": 6, ""subsample"": 0.6292758303200805, ""colsample_bytree"": 0.6570611900601098, ""min_child_weight"": 5, ""reg_alpha"": 0.598389109559481, ""reg_lambda"": 2.0833956153177207}"
232,2026-06-05T12:27:02.615768+00:00,xgb,ranking_extra,232,4825,3,1000,0.6416155099868774,695,305,0.4960252046585083,"[""V176"", ""V255"", ""V191""]","{""n_estimators"": 187, ""learning_rate"": 0.12083752064132218, ""max_depth"": 4, ""subsample"": 0.7133550350945626, ""colsample_bytree"": 0.6576723474577082, ""min_child_weight"": 8, ""reg_alpha"": 0.7279919006185939, ""reg_lambda"": 2.016014204009445}"
233,2026-06-05T12:27:13.012614+00:00,xgb,ranking_extra,233,4660,6,1000,0.6993466019630432,724,276,0.4977293014526367,"[""V176"", ""V255"", ""V191"", ""V224"", ""V215"", ""V483""]","{""n_estimators"": 105, ""learning_rate"": 0.08192080807035734, ""max_depth"": 8, ""subsample"": 0.6683027321559942, ""colsample_bytree"": 0.7364401493615957, ""min_child_weight"": 5, ""reg_alpha"": 0.28409629684326765, ""reg_lambda"": 2.1957259181929842}"
234,2026-06-05T12:27:43.558365+00:00,xgb,ranking_extra,234,4185,3,990,0.7280486822128296,649,341,0.4986792504787445,"[""V176"", ""V255"", ""V191""]","{""n_estimators"": 395, ""learning_rate"": 0.16383233977707495, ""max_depth"": 7, ""subsample"": 0.7810841981311893, ""colsample_bytree"": 0.5705108245793935, ""min_child_weight"": 4, ""reg_alpha"": 0.1484237756658635, ""reg_lambda"": 0.7367477079785434}"
235,2026-06-05T12:28:04.746203+00:00,xgb,ranking_extra,235,4135,6,1000,0.799466073513031,689,311,0.49924471974372864,"[""V176"", ""V255"", ""V191"", ""V224"", ""V215"", ""V483""]","{""n_estimators"": 285, ""learning_rate"": 0.16686006652589733, ""max_depth"": 6, ""subsample"": 0.7969786496707043, ""colsample_bytree"": 0.9998375166163125, ""min_child_weight"": 4, ""reg_alpha"": 0.6951190206372875, ""reg_lambda"": 1.1511868455535716}"
236,2026-06-05T12:28:22.020149+00:00,xgb,ranking_extra,236,4520,6,995,0.7477521896362305,713,282,0.4989520013332367,"[""V176"", ""V255"", ""V191"", ""V224"", ""V215"", ""V483""]","{""n_estimators"": 194, ""learning_rate"": 0.10840605698476806, ""max_depth"": 7, ""subsample"": 0.820633552699191, ""colsample_bytree"": 0.8634135699797743, ""min_child_weight"": 4, ""reg_alpha"": 0.6253794054019376, ""reg_lambda"": 2.1765218626863705}"
237,2026-06-05T12:28:36.041088+00:00,xgb,ranking_extra,237,4315,4,999,0.719876229763031,674,325,0.4986679255962372,"[""V176"", ""V255"", ""V191"", ""V224""]","{""n_estimators"": 134, ""learning_rate"": 0.15160790278872252, ""max_depth"": 8, ""subsample"": 0.8447159261583044, ""colsample_bytree"": 0.8785713141826085, ""min_child_weight"": 5, ""reg_alpha"": 0.9706345731376895, ""reg_lambda"": 1.9273639284334363}"
238,2026-06-05T12:28:51.354120+00:00,xgb,ranking_extra,238,4915,6,1000,0.675996720790863,741,259,0.4971679747104645,"[""V176"", ""V255"", ""V191"", ""V224"", ""V215"", ""V483""]","{""n_estimators"": 359, ""learning_rate"": 0.03209366013691968, ""max_depth"": 4, ""subsample"": 0.82156582236521, ""colsample_bytree"": 0.8584986104802137, ""min_child_weight"": 8, ""reg_alpha"": 0.7211876625353518, ""reg_lambda"": 0.6078060481607053}"
239,2026-06-05T12:29:03.437418+00:00,xgb,ranking_extra,239,4645,6,994,0.7263675332069397,721,273,0.4978812038898468,"[""V176"", ""V255"", ""V191"", ""V224"", ""V215"", ""V483""]","{""n_estimators"": 135, ""learning_rate"": 0.09953285701416689, ""max_depth"": 7, ""subsample"": 0.8537013012885692, ""colsample_bytree"": 0.9735305097522693, ""min_child_weight"": 5, ""reg_alpha"": 0.9647470633909605, ""reg_lambda"": 0.6253031666833799}"
240,2026-06-05T12:29:09.782700+00:00,xgb,ranking_extra,240,4745,4,1000,0.6579143404960632,703,297,0.4976577162742615,"[""V176"", ""V255"", ""V191"", ""V224""]","{""n_estimators"": 133, ""learning_rate"": 0.14554905051957598, ""max_depth"": 4, ""subsample"": 0.6340403725363419, ""colsample_bytree"": 0.7419080158054936, ""min_child_weight"": 4, ""reg_alpha"": 0.7683620166105436, ""reg_lambda"": 1.2881912377771687}"
241,2026-06-05T12:29:23.104623+00:00,xgb,ranking_extra,241,4555,3,997,0.6723952293395996,676,321,0.49739891290664673,"[""V176"", ""V255"", ""V191""]","{""n_estimators"": 243, ""learning_rate"": 0.17510892528710162, ""max_depth"": 5, ""subsample"": 0.8918664199740634, ""colsample_bytree"": 0.6219563774272732, ""min_child_weight"": 6, ""reg_alpha"": 0.7927918905183943, ""reg_lambda"": 1.953471747300381}"
242,2026-06-05T12:29:47.797877+00:00,xgb,ranking_extra,242,4385,6,998,0.7722094655036926,705,293,0.5013017654418945,"[""V176"", ""V255"", ""V191"", ""V224"", ""V215"", ""V483""]","{""n_estimators"": 386, ""learning_rate"": 0.11674598563041767, ""max_depth"": 6, ""subsample"": 0.99575044215289, ""colsample_bytree"": 0.9074297499986931, ""min_child_weight"": 5, ""reg_alpha"": 0.00039359712017494886, ""reg_lambda"": 1.7767508054288057}"
243,2026-06-05T12:30:14.245603+00:00,xgb,ranking_extra,243,4495,6,1000,0.7355645895004272,713,287,0.4973139762878418,"[""V176"", ""V255"", ""V191"", ""V224"", ""V215"", ""V483""]","{""n_estimators"": 242, ""learning_rate"": 0.06264402492553454, ""max_depth"": 9, ""subsample"": 0.8237870093101607, ""colsample_bytree"": 0.7898645777124222, ""min_child_weight"": 5, ""reg_alpha"": 0.10748699850593879, ""reg_lambda"": 1.7514707837819163}"
244,2026-06-05T12:30:35.196634+00:00,xgb,ranking_extra,244,4340,5,999,0.7441977262496948,689,310,0.4989253282546997,"[""V176"", ""V255"", ""V191"", ""V224"", ""V215""]","{""n_estimators"": 381, ""learning_rate"": 0.14729879814876548, ""max_depth"": 5, ""subsample"": 0.8460652431325204, ""colsample_bytree"": 0.7792491853396594, ""min_child_weight"": 7, ""reg_alpha"": 0.44586233839611844, ""reg_lambda"": 1.965327804885954}"
245,2026-06-05T12:30:46.812183+00:00,xgb,ranking_extra,245,4835,6,998,0.6573210954666138,735,263,0.4949111342430115,"[""V176"", ""V255"", ""V191"", ""V224"", ""V215"", ""V483""]","{""n_estimators"": 126, ""learning_rate"": 0.04489155764552884, ""max_depth"": 8, ""subsample"": 0.6981733738288391, ""colsample_bytree"": 0.5361968750798346, ""min_child_weight"": 6, ""reg_alpha"": 0.9904842879133589, ""reg_lambda"": 1.7620760847388734}"
246,2026-06-05T12:31:09.778723+00:00,xgb,ranking_extra,246,4675,3,1000,0.6689891815185547,685,315,0.49831563234329224,"[""V176"", ""V255"", ""V191""]","{""n_estimators"": 399, ""learning_rate"": 0.04687950069217968, ""max_depth"": 5, ""subsample"": 0.8858586887873995, ""colsample_bytree"": 0.8627333787922633, ""min_child_weight"": 2, ""reg_alpha"": 0.8789853822576723, ""reg_lambda"": 0.8910821554240982}"
247,2026-06-05T12:31:21.630146+00:00,xgb,ranking_extra,247,4510,3,1000,0.6769903898239136,674,326,0.4937204122543335,"[""V176"", ""V255"", ""V191""]","{""n_estimators"": 258, ""learning_rate"": 0.16686996631600068, ""max_depth"": 4, ""subsample"": 0.6361124611995401, ""colsample_bytree"": 0.958536729242492, ""min_child_weight"": 9, ""reg_alpha"": 0.5371991662341392, ""reg_lambda"": 1.4522300729656257}"
248,2026-06-05T12:31:31.166760+00:00,xgb,ranking_extra,248,4940,5,999,0.6570994853973389,729,270,0.4965505003929138,"[""V176"", ""V255"", ""V191"", ""V224"", ""V215""]","{""n_estimators"": 227, ""learning_rate"": 0.06114791204133052, ""max_depth"": 4, ""subsample"": 0.9155302514165626, ""colsample_bytree"": 0.5429549279963759, ""min_child_weight"": 9, ""reg_alpha"": 0.9699768378015103, ""reg_lambda"": 1.8938394167459525}"
249,2026-06-05T12:32:02.001175+00:00,xgb,ranking_extra,249,3970,2,998,0.6671249866485596,624,374,0.4973887801170349,"[""V176"", ""V255""]","{""n_estimators"": 354, ""learning_rate"": 0.14815447041955032, ""max_depth"": 9, ""subsample"": 0.5145694269435792, ""colsample_bytree"": 0.7849829375900395, ""min_child_weight"": 9, ""reg_alpha"": 0.50916131580001, ""reg_lambda"": 2.200669634258858}"
250,2026-06-05T12:32:34.893336+00:00,xgb,ranking_extra,250,4725,6,984,0.7203101515769958,723,261,0.5004881620407104,"[""V176"", ""V255"", ""V191"", ""V224"", ""V215"", ""V483""]","{""n_estimators"": 372, ""learning_rate"": 0.036441153734278586, ""max_depth"": 7, ""subsample"": 0.9653997408966344, ""colsample_bytree"": 0.8177890894471482, ""min_child_weight"": 2, ""reg_alpha"": 0.43269122791944037, ""reg_lambda"": 0.9243143158168861}"
251,2026-06-05T12:32:50.951079+00:00,xgb,ranking_extra,251,4580,4,1000,0.69005286693573,692,308,0.49744921922683716,"[""V176"", ""V255"", ""V191"", ""V224""]","{""n_estimators"": 177, ""learning_rate"": 0.07089954611203525, ""max_depth"": 8, ""subsample"": 0.8093121952280664, ""colsample_bytree"": 0.8206704927692917, ""min_child_weight"": 6, ""reg_alpha"": 0.014227939942445977, ""reg_lambda"": 1.8966963833029207}"
252,2026-06-05T12:33:04.752211+00:00,xgb,ranking_extra,252,4590,5,1000,0.7030209898948669,706,294,0.4968259632587433,"[""V176"", ""V255"", ""V191"", ""V224"", ""V215""]","{""n_estimators"": 133, ""learning_rate"": 0.06989199869007884, ""max_depth"": 8, ""subsample"": 0.6999333364975407, ""colsample_bytree"": 0.8261454362082301, ""min_child_weight"": 4, ""reg_alpha"": 0.3691264252916585, ""reg_lambda"": 0.8742668035447259}"
253,2026-06-05T12:33:31.454374+00:00,xgb,ranking_extra,253,4060,6,1000,0.8378332257270813,684,316,0.49385693669319153,"[""V176"", ""V255"", ""V191"", ""V224"", ""V215"", ""V483""]","{""n_estimators"": 255, ""learning_rate"": 0.15818480219676073, ""max_depth"": 8, ""subsample"": 0.6236656184203225, ""colsample_bytree"": 0.75581465186391, ""min_child_weight"": 2, ""reg_alpha"": 0.3481155634802825, ""reg_lambda"": 1.0636785767331847}"
254,2026-06-05T12:34:15.998361+00:00,xgb,ranking_extra,254,4040,6,998,0.8248645067214966,682,316,0.4966011643409729,"[""V176"", ""V255"", ""V191"", ""V224"", ""V215"", ""V483""]","{""n_estimators"": 367, ""learning_rate"": 0.10765766421350724, ""max_depth"": 8, ""subsample"": 0.7600433146213702, ""colsample_bytree"": 0.753894396664428, ""min_child_weight"": 1, ""reg_alpha"": 0.5300297459827586, ""reg_lambda"": 1.9323885920342778}"
255,2026-06-05T12:34:32.886411+00:00,xgb,ranking_extra,255,4510,5,998,0.719255268573761,700,298,0.49555110931396484,"[""V176"", ""V255"", ""V191"", ""V224"", ""V215""]","{""n_estimators"": 397, ""learning_rate"": 0.1260177224432955, ""max_depth"": 4, ""subsample"": 0.7393853782135867, ""colsample_bytree"": 0.7089318148591918, ""min_child_weight"": 7, ""reg_alpha"": 0.06805682745208586, ""reg_lambda"": 1.1499020935202264}"
256,2026-06-05T12:35:04.820865+00:00,xgb,ranking_extra,256,4415,6,992,0.7553375363349915,705,287,0.5012078881263733,"[""V176"", ""V255"", ""V191"", ""V224"", ""V215"", ""V483""]","{""n_estimators"": 269, ""learning_rate"": 0.06345530756018841, ""max_depth"": 9, ""subsample"": 0.9896344990722749, ""colsample_bytree"": 0.9866962424602854, ""min_child_weight"": 3, ""reg_alpha"": 0.3300825460801403, ""reg_lambda"": 1.2602334645367024}"
257,2026-06-05T12:35:16.227813+00:00,xgb,ranking_extra,257,4735,3,997,0.6533960103988647,688,309,0.4965738356113434,"[""V176"", ""V255"", ""V191""]","{""n_estimators"": 260, ""learning_rate"": 0.15515954999564666, ""max_depth"": 4, ""subsample"": 0.6016199272045251, ""colsample_bytree"": 0.5421215433097002, ""min_child_weight"": 8, ""reg_alpha"": 0.9707096472601386, ""reg_lambda"": 1.2178054508374905}"
258,2026-06-05T12:35:29.946762+00:00,xgb,ranking_extra,258,4415,4,1000,0.6987289190292358,681,319,0.4957512617111206,"[""V176"", ""V255"", ""V191"", ""V224""]","{""n_estimators"": 315, ""learning_rate"": 0.15099842361629012, ""max_depth"": 4, ""subsample"": 0.7633378570612244, ""colsample_bytree"": 0.608856006559098, ""min_child_weight"": 4, ""reg_alpha"": 0.3967159489117993, ""reg_lambda"": 1.3416917212191461}"
259,2026-06-05T12:36:00.065461+00:00,xgb,ranking_extra,259,4675,6,1000,0.7163931131362915,725,275,0.49866485595703125,"[""V176"", ""V255"", ""V191"", ""V224"", ""V215"", ""V483""]","{""n_estimators"": 299, ""learning_rate"": 0.03446832961358194, ""max_depth"": 8, ""subsample"": 0.7066235877195288, ""colsample_bytree"": 0.8538851352637156, ""min_child_weight"": 4, ""reg_alpha"": 0.5757204281501275, ""reg_lambda"": 0.8018954679017039}"
260,2026-06-05T12:36:16.367341+00:00,xgb,ranking_extra,260,4225,3,1000,0.7186172008514404,655,345,0.49675628542900085,"[""V176"", ""V255"", ""V191""]","{""n_estimators"": 204, ""learning_rate"": 0.16084961000924436, ""max_depth"": 6, ""subsample"": 0.6330677556667899, ""colsample_bytree"": 0.9377129553265038, ""min_child_weight"": 2, ""reg_alpha"": 0.8633012548147482, ""reg_lambda"": 2.1218629997139695}"
261,2026-06-05T12:36:21.882333+00:00,xgb,ranking_extra,261,4940,6,998,0.6359533071517944,742,256,0.4959186613559723,"[""V176"", ""V255"", ""V191"", ""V224"", ""V215"", ""V483""]","{""n_estimators"": 110, ""learning_rate"": 0.0390949105667837, ""max_depth"": 4, ""subsample"": 0.6296671749566255, ""colsample_bytree"": 0.8899065820406238, ""min_child_weight"": 2, ""reg_alpha"": 0.17038880155372327, ""reg_lambda"": 1.321458800204435}"
262,2026-06-05T12:36:39.569852+00:00,xgb,ranking_extra,262,4290,3,999,0.7096561193466187,659,340,0.4979000389575958,"[""V176"", ""V255"", ""V191""]","{""n_estimators"": 324, ""learning_rate"": 0.1769456897889942, ""max_depth"": 5, ""subsample"": 0.913553334263686, ""colsample_bytree"": 0.8044327290327276, ""min_child_weight"": 9, ""reg_alpha"": 0.711006505255354, ""reg_lambda"": 2.388312384290225}"
263,2026-06-05T12:37:00.397911+00:00,xgb,ranking_extra,263,4765,3,1000,0.6692484617233276,691,309,0.4972133934497833,"[""V176"", ""V255"", ""V191""]","{""n_estimators"": 305, ""learning_rate"": 0.043546544373714254, ""max_depth"": 6, ""subsample"": 0.7445481001082628, ""colsample_bytree"": 0.8662328717923955, ""min_child_weight"": 5, ""reg_alpha"": 0.23223760063530852, ""reg_lambda"": 0.6302362142752753}"
264,2026-06-05T12:37:10.637128+00:00,xgb,ranking_extra,264,4560,5,1000,0.7037959098815918,704,296,0.4976176619529724,"[""V176"", ""V255"", ""V191"", ""V224"", ""V215""]","{""n_estimators"": 223, ""learning_rate"": 0.1436798433489625, ""max_depth"": 4, ""subsample"": 0.7608012954590857, ""colsample_bytree"": 0.9584550456167942, ""min_child_weight"": 6, ""reg_alpha"": 0.3433184802505387, ""reg_lambda"": 0.8400218930648884}"
265,2026-06-05T12:37:36.412263+00:00,xgb,ranking_extra,265,4365,3,996,0.6878950595855713,663,333,0.4980906844139099,"[""V176"", ""V255"", ""V191""]","{""n_estimators"": 274, ""learning_rate"": 0.09972306032205212, ""max_depth"": 8, ""subsample"": 0.7863380885333622, ""colsample_bytree"": 0.5216783589627111, ""min_child_weight"": 4, ""reg_alpha"": 0.6158333353777803, ""reg_lambda"": 2.3695096605495785}"
266,2026-06-05T12:37:41.900539+00:00,xgb,ranking_extra,266,4980,5,1000,0.6234680414199829,732,268,0.4968120753765106,"[""V176"", ""V255"", ""V191"", ""V224"", ""V215""]","{""n_estimators"": 153, ""learning_rate"": 0.04018684732935793, ""max_depth"": 3, ""subsample"": 0.560730240065699, ""colsample_bytree"": 0.5100033291767915, ""min_child_weight"": 8, ""reg_alpha"": 0.15773176075777406, ""reg_lambda"": 0.940423222512422}"
267,2026-06-05T12:38:07.492352+00:00,xgb,ranking_extra,267,4720,3,997,0.6517570614814758,687,310,0.496921569108963,"[""V176"", ""V255"", ""V191""]","{""n_estimators"": 315, ""learning_rate"": 0.030368306127775174, ""max_depth"": 7, ""subsample"": 0.9387089365234613, ""colsample_bytree"": 0.7802978520588975, ""min_child_weight"": 5, ""reg_alpha"": 0.8963836187705556, ""reg_lambda"": 2.4995782558857584}"
268,2026-06-05T12:38:19.852025+00:00,xgb,ranking_extra,268,4700,3,995,0.6573389172554016,685,310,0.49695146083831787,"[""V176"", ""V255"", ""V191""]","{""n_estimators"": 280, ""learning_rate"": 0.12205777828218502, ""max_depth"": 4, ""subsample"": 0.7897022065913181, ""colsample_bytree"": 0.6444774157726019, ""min_child_weight"": 4, ""reg_alpha"": 0.8162956691027852, ""reg_lambda"": 1.2082371566930314}"
269,2026-06-05T12:38:32.919246+00:00,xgb,ranking_extra,269,4480,7,999,0.7610011100769043,725,274,0.5033918619155884,"[""V176"", ""V255"", ""V191"", ""V224"", ""V215"", ""V483"", ""V342""]","{""n_estimators"": 237, ""learning_rate"": 0.13428331557145257, ""max_depth"": 5, ""subsample"": 0.8499249711186811, ""colsample_bytree"": 0.6767351613816155, ""min_child_weight"": 3, ""reg_alpha"": 0.014944361357745684, ""reg_lambda"": 0.5182227312620249}"
270,2026-06-05T12:38:43.881468+00:00,xgb,ranking_extra,270,4605,3,999,0.6704570055007935,680,319,0.4978788197040558,"[""V176"", ""V255"", ""V191""]","{""n_estimators"": 140, ""learning_rate"": 0.16822191896073613, ""max_depth"": 7, ""subsample"": 0.9089921685885376, ""colsample_bytree"": 0.5330954098914026, ""min_child_weight"": 6, ""reg_alpha"": 0.8319242137636502, ""reg_lambda"": 2.212856442338029}"
271,2026-06-05T12:38:57.427162+00:00,xgb,ranking_extra,271,4430,7,1000,0.7608337998390198,722,278,0.5015140771865845,"[""V176"", ""V255"", ""V191"", ""V224"", ""V215"", ""V483"", ""V342""]","{""n_estimators"": 132, ""learning_rate"": 0.13766703800309016, ""max_depth"": 9, ""subsample"": 0.9517209307687221, ""colsample_bytree"": 0.5681779158118025, ""min_child_weight"": 5, ""reg_alpha"": 0.06732482620635838, ""reg_lambda"": 1.11964899757814}"
272,2026-06-05T12:39:14.750806+00:00,xgb,ranking_extra,272,4525,3,1000,0.6600557565689087,675,325,0.49743133783340454,"[""V176"", ""V255"", ""V191""]","{""n_estimators"": 197, ""learning_rate"": 0.08064621135191208, ""max_depth"": 8, ""subsample"": 0.6814880618327674, ""colsample_bytree"": 0.5213747488268325, ""min_child_weight"": 7, ""reg_alpha"": 0.6764862831797576, ""reg_lambda"": 1.0757549832014313}"
273,2026-06-05T12:39:35.274356+00:00,xgb,ranking_extra,273,4615,6,1000,0.7337192296981812,721,279,0.49859437346458435,"[""V176"", ""V255"", ""V191"", ""V224"", ""V215"", ""V483""]","{""n_estimators"": 342, ""learning_rate"": 0.09320291595001225, ""max_depth"": 6, ""subsample"": 0.9689489798730866, ""colsample_bytree"": 0.6530048111460103, ""min_child_weight"": 8, ""reg_alpha"": 0.019743443829227658, ""reg_lambda"": 1.028796109890846}"
274,2026-06-05T12:39:57.148028+00:00,xgb,ranking_extra,274,4460,6,986,0.7391077280044556,706,280,0.49532559514045715,"[""V176"", ""V255"", ""V191"", ""V224"", ""V215"", ""V483""]","{""n_estimators"": 339, ""learning_rate"": 0.0813666719924036, ""max_depth"": 6, ""subsample"": 0.5317848802142184, ""colsample_bytree"": 0.502430321329717, ""min_child_weight"": 5, ""reg_alpha"": 0.5646298372531614, ""reg_lambda"": 0.5613655860914268}"
275,2026-06-05T12:40:17.773695+00:00,xgb,ranking_extra,275,4285,3,997,0.707150399684906,658,339,0.4978181719779968,"[""V176"", ""V255"", ""V191""]","{""n_estimators"": 214, ""learning_rate"": 0.16206126384520947, ""max_depth"": 8, ""subsample"": 0.5796591428962115, ""colsample_bytree"": 0.5471716595937843, ""min_child_weight"": 3, ""reg_alpha"": 0.3912498133334015, ""reg_lambda"": 1.0936627381487287}"
276,2026-06-05T12:40:25.375781+00:00,xgb,ranking_extra,276,4675,6,1000,0.7005030512809753,725,275,0.49734506011009216,"[""V176"", ""V255"", ""V191"", ""V224"", ""V215"", ""V483""]","{""n_estimators"": 158, ""learning_rate"": 0.14339603850882188, ""max_depth"": 4, ""subsample"": 0.7826456573948157, ""colsample_bytree"": 0.9673920873664286, ""min_child_weight"": 3, ""reg_alpha"": 0.9814911514263743, ""reg_lambda"": 2.0732179534318593}"
277,2026-06-05T12:40:43.809304+00:00,xgb,ranking_extra,277,4580,7,1000,0.7391854524612427,732,268,0.500089168548584,"[""V176"", ""V255"", ""V191"", ""V224"", ""V215"", ""V483"", ""V342""]","{""n_estimators"": 262, ""learning_rate"": 0.07589930174192255, ""max_depth"": 6, ""subsample"": 0.6133687179963443, ""colsample_bytree"": 0.5062033500659744, ""min_child_weight"": 2, ""reg_alpha"": 0.5162619641002294, ""reg_lambda"": 0.8884014331306298}"
278,2026-06-05T12:40:58.058596+00:00,xgb,ranking_extra,278,4835,5,999,0.6521245241165161,722,277,0.49707499146461487,"[""V176"", ""V255"", ""V191"", ""V224"", ""V215""]","{""n_estimators"": 166, ""learning_rate"": 0.04183772391231255, ""max_depth"": 7, ""subsample"": 0.8270274944447487, ""colsample_bytree"": 0.5982937984394316, ""min_child_weight"": 3, ""reg_alpha"": 0.07139902413910448, ""reg_lambda"": 0.8925669591471819}"
279,2026-06-05T12:41:09.581242+00:00,xgb,ranking_extra,279,4840,3,1000,0.6621443033218384,696,304,0.49666425585746765,"[""V176"", ""V255"", ""V191""]","{""n_estimators"": 260, ""learning_rate"": 0.10425777342978289, ""max_depth"": 4, ""subsample"": 0.7596417807507077, ""colsample_bytree"": 0.8690717563269741, ""min_child_weight"": 8, ""reg_alpha"": 0.25917617072124033, ""reg_lambda"": 2.1447627487589602}"
280,2026-06-05T12:41:19.954740+00:00,xgb,ranking_extra,280,4885,3,1000,0.6384559273719788,699,301,0.49703511595726013,"[""V176"", ""V255"", ""V191""]","{""n_estimators"": 149, ""learning_rate"": 0.03953699144700008, ""max_depth"": 6, ""subsample"": 0.9173611832272681, ""colsample_bytree"": 0.86789081699837, ""min_child_weight"": 7, ""reg_alpha"": 0.15087369103425463, ""reg_lambda"": 1.6673296979892682}"
281,2026-06-05T12:41:33.188818+00:00,xgb,ranking_extra,281,4960,3,1000,0.6483364105224609,704,296,0.4966962933540344,"[""V176"", ""V255"", ""V191""]","{""n_estimators"": 393, ""learning_rate"": 0.1123064471530981, ""max_depth"": 3, ""subsample"": 0.7469819692929773, ""colsample_bytree"": 0.6520102793909576, ""min_child_weight"": 8, ""reg_alpha"": 0.9121104888535994, ""reg_lambda"": 0.7541896421055043}"
282,2026-06-05T12:41:50.593311+00:00,xgb,ranking_extra,282,4515,6,996,0.719516932964325,713,283,0.4995618164539337,"[""V176"", ""V255"", ""V191"", ""V224"", ""V215"", ""V483""]","{""n_estimators"": 216, ""learning_rate"": 0.07599166149783432, ""max_depth"": 7, ""subsample"": 0.5891853246709723, ""colsample_bytree"": 0.6606508145095429, ""min_child_weight"": 5, ""reg_alpha"": 0.3430070942862954, ""reg_lambda"": 1.0822757888540377}"
283,2026-06-05T12:42:04.486577+00:00,xgb,ranking_extra,283,4905,3,999,0.6490071415901184,700,299,0.49686235189437866,"[""V176"", ""V255"", ""V191""]","{""n_estimators"": 332, ""learning_rate"": 0.08875835386701669, ""max_depth"": 4, ""subsample"": 0.9147436816319687, ""colsample_bytree"": 0.5154264678292537, ""min_child_weight"": 6, ""reg_alpha"": 0.9920749746293885, ""reg_lambda"": 1.2698029656716516}"
284,2026-06-05T12:42:26.213671+00:00,xgb,ranking_extra,284,4330,3,1000,0.6999754309654236,662,338,0.49795469641685486,"[""V176"", ""V255"", ""V191""]","{""n_estimators"": 243, ""learning_rate"": 0.1574453919305912, ""max_depth"": 7, ""subsample"": 0.8204119493778226, ""colsample_bytree"": 0.5859323076301932, ""min_child_weight"": 2, ""reg_alpha"": 0.7624928946207605, ""reg_lambda"": 1.7998122747126528}"
285,2026-06-05T12:42:38.543094+00:00,xgb,ranking_extra,285,4920,5,1000,0.6535177230834961,728,272,0.4971170425415039,"[""V176"", ""V255"", ""V191"", ""V224"", ""V215""]","{""n_estimators"": 173, ""learning_rate"": 0.04553848181747301, ""max_depth"": 6, ""subsample"": 0.9392388861092404, ""colsample_bytree"": 0.5657816209003214, ""min_child_weight"": 2, ""reg_alpha"": 0.09907760361292017, ""reg_lambda"": 2.088235702925381}"
286,2026-06-05T12:42:47.608979+00:00,xgb,ranking_extra,286,4945,6,1000,0.6745304465293884,743,257,0.4966380000114441,"[""V176"", ""V255"", ""V191"", ""V224"", ""V215"", ""V483""]","{""n_estimators"": 261, ""learning_rate"": 0.07253927959862808, ""max_depth"": 3, ""subsample"": 0.8052038129255961, ""colsample_bytree"": 0.7817109358676899, ""min_child_weight"": 2, ""reg_alpha"": 0.5327790359329302, ""reg_lambda"": 2.2777247624470762}"
287,2026-06-05T12:43:14.981056+00:00,xgb,ranking_extra,287,3945,6,999,0.8175190687179565,676,323,0.4995134770870209,"[""V176"", ""V255"", ""V191"", ""V224"", ""V215"", ""V483""]","{""n_estimators"": 393, ""learning_rate"": 0.15172140823493374, ""max_depth"": 6, ""subsample"": 0.6521155790312767, ""colsample_bytree"": 0.9322585029948977, ""min_child_weight"": 5, ""reg_alpha"": 0.2836328608049449, ""reg_lambda"": 2.4421198072010872}"
288,2026-06-05T12:43:50.417531+00:00,xgb,ranking_extra,288,4150,6,997,0.8111562728881836,689,308,0.4980519413948059,"[""V176"", ""V255"", ""V191"", ""V224"", ""V215"", ""V483""]","{""n_estimators"": 399, ""learning_rate"": 0.13661296803393747, ""max_depth"": 9, ""subsample"": 0.9841043121040887, ""colsample_bytree"": 0.7969492086075958, ""min_child_weight"": 8, ""reg_alpha"": 0.018113184334213606, ""reg_lambda"": 2.410302660615365}"
289,2026-06-05T12:44:01.038145+00:00,xgb,ranking_extra,289,4815,5,1000,0.6722471117973328,721,279,0.496120810508728,"[""V176"", ""V255"", ""V191"", ""V224"", ""V215""]","{""n_estimators"": 262, ""learning_rate"": 0.08441114311855188, ""max_depth"": 4, ""subsample"": 0.9062656695085208, ""colsample_bytree"": 0.5109893829341378, ""min_child_weight"": 9, ""reg_alpha"": 0.0019094174578599965, ""reg_lambda"": 1.5442728579859344}"
290,2026-06-05T12:44:16.468780+00:00,xgb,ranking_extra,290,4785,3,999,0.6435121297836304,692,307,0.49606436491012573,"[""V176"", ""V255"", ""V191""]","{""n_estimators"": 275, ""learning_rate"": 0.03531703292234474, ""max_depth"": 5, ""subsample"": 0.5889095188330615, ""colsample_bytree"": 0.8581635285112887, ""min_child_weight"": 6, ""reg_alpha"": 0.8173122588988911, ""reg_lambda"": 1.9172246369326853}"
291,2026-06-05T12:44:43.696148+00:00,xgb,ranking_extra,291,4400,7,1000,0.7547652125358582,720,280,0.5021093487739563,"[""V176"", ""V255"", ""V191"", ""V224"", ""V215"", ""V483"", ""V342""]","{""n_estimators"": 225, ""learning_rate"": 0.06936914825042625, ""max_depth"": 8, ""subsample"": 0.7416269370361357, ""colsample_bytree"": 0.6998988402092841, ""min_child_weight"": 1, ""reg_alpha"": 0.08144580957192082, ""reg_lambda"": 2.4334388744103723}"
292,2026-06-05T12:44:52.424340+00:00,xgb,ranking_extra,292,4720,7,996,0.7118884325027466,740,256,0.4991571307182312,"[""V176"", ""V255"", ""V191"", ""V224"", ""V215"", ""V483"", ""V342""]","{""n_estimators"": 147, ""learning_rate"": 0.08930201486613445, ""max_depth"": 5, ""subsample"": 0.8253101131982901, ""colsample_bytree"": 0.7078405744684368, ""min_child_weight"": 2, ""reg_alpha"": 0.3854754594759452, ""reg_lambda"": 1.0326605088847807}"
293,2026-06-05T12:45:01.749608+00:00,xgb,ranking_extra,293,4960,6,1000,0.6957154273986816,744,256,0.4981026351451874,"[""V176"", ""V255"", ""V191"", ""V224"", ""V215"", ""V483""]","{""n_estimators"": 272, ""learning_rate"": 0.12986291681397055, ""max_depth"": 3, ""subsample"": 0.799030898478017, ""colsample_bytree"": 0.7389165890846937, ""min_child_weight"": 5, ""reg_alpha"": 0.36016993805790476, ""reg_lambda"": 1.8060209842058612}"
294,2026-06-05T12:45:20.410842+00:00,xgb,ranking_extra,294,4405,6,997,0.7363426089286804,706,291,0.49870508909225464,"[""V176"", ""V255"", ""V191"", ""V224"", ""V215"", ""V483""]","{""n_estimators"": 177, ""learning_rate"": 0.08686948485864997, ""max_depth"": 9, ""subsample"": 0.6836713158654701, ""colsample_bytree"": 0.8283178210102742, ""min_child_weight"": 6, ""reg_alpha"": 0.18476603303816652, ""reg_lambda"": 0.878439832545725}"
295,2026-06-05T12:45:36.474343+00:00,xgb,ranking_extra,295,4810,3,1000,0.6389144062995911,694,306,0.4963090717792511,"[""V176"", ""V255"", ""V191""]","{""n_estimators"": 377, ""learning_rate"": 0.050448409212640336, ""max_depth"": 4, ""subsample"": 0.9258630389981573, ""colsample_bytree"": 0.6062745589071034, ""min_child_weight"": 2, ""reg_alpha"": 0.4548610474844579, ""reg_lambda"": 0.5112662738954297}"
296,2026-06-05T12:45:53.739398+00:00,xgb,ranking_extra,296,4515,3,999,0.673947274684906,674,325,0.49727076292037964,"[""V176"", ""V255"", ""V191""]","{""n_estimators"": 324, ""learning_rate"": 0.08851767286461257, ""max_depth"": 5, ""subsample"": 0.8656250803531546, ""colsample_bytree"": 0.7350437413818942, ""min_child_weight"": 9, ""reg_alpha"": 0.3828647258331257, ""reg_lambda"": 1.777463970147332}"
297,2026-06-05T12:46:10.960862+00:00,xgb,ranking_extra,297,4250,3,998,0.7152795195579529,656,342,0.49816346168518066,"[""V176"", ""V255"", ""V191""]","{""n_estimators"": 263, ""learning_rate"": 0.13853710555163834, ""max_depth"": 6, ""subsample"": 0.620716862842972, ""colsample_bytree"": 0.6935747807468136, ""min_child_weight"": 6, ""reg_alpha"": 0.002940409394668997, ""reg_lambda"": 1.6053229366484334}"
298,2026-06-05T12:46:19.172319+00:00,xgb,ranking_extra,298,4815,3,999,0.6362160444259644,694,305,0.4969693422317505,"[""V176"", ""V255"", ""V191""]","{""n_estimators"": 234, ""learning_rate"": 0.09621791689031776, ""max_depth"": 3, ""subsample"": 0.5360370669652414, ""colsample_bytree"": 0.5247810708692129, ""min_child_weight"": 5, ""reg_alpha"": 0.9716600253162436, ""reg_lambda"": 1.918103482123702}"
299,2026-06-05T12:46:43.242295+00:00,xgb,ranking_extra,299,4405,6,997,0.7686871886253357,706,291,0.4982500970363617,"[""V176"", ""V255"", ""V191"", ""V224"", ""V215"", ""V483""]","{""n_estimators"": 256, ""learning_rate"": 0.11569857514536964, ""max_depth"": 8, ""subsample"": 0.9114263550263733, ""colsample_bytree"": 0.7732759419921333, ""min_child_weight"": 6, ""reg_alpha"": 0.8413564806674667, ""reg_lambda"": 2.0829049329727543}"
300,2026-06-05T12:47:09.327808+00:00,xgb,ranking_extra,300,4005,3,999,0.7474570870399475,640,359,0.49767792224884033,"[""V176"", ""V255"", ""V191""]","{""n_estimators"": 318, ""learning_rate"": 0.15319438579099165, ""max_depth"": 7, ""subsample"": 0.7626558008762885, ""colsample_bytree"": 0.9811396760360347, ""min_child_weight"": 6, ""reg_alpha"": 0.6738443624343919, ""reg_lambda"": 1.6872451977408838}"
301,2026-06-05T12:47:25.992017+00:00,xgb,ranking_extra,301,4890,3,996,0.648177981376648,698,298,0.49661484360694885,"[""V176"", ""V255"", ""V191""]","{""n_estimators"": 309, ""learning_rate"": 0.06306679042542987, ""max_depth"": 5, ""subsample"": 0.6845406262646891, ""colsample_bytree"": 0.6453878518832088, ""min_child_weight"": 8, ""reg_alpha"": 0.7003744600865723, ""reg_lambda"": 1.3448436530097478}"
302,2026-06-05T12:47:48.287950+00:00,xgb,ranking_extra,302,4275,6,999,0.7946285009384155,698,301,0.49628448486328125,"[""V176"", ""V255"", ""V191"", ""V224"", ""V215"", ""V483""]","{""n_estimators"": 168, ""learning_rate"": 0.13116475766736496, ""max_depth"": 8, ""subsample"": 0.6468072225066102, ""colsample_bytree"": 0.9915862882554043, ""min_child_weight"": 1, ""reg_alpha"": 0.39105643279960833, ""reg_lambda"": 1.4238121919598243}"
303,2026-06-05T12:47:54.203739+00:00,xgb,ranking_extra,303,4955,3,998,0.645858645439148,703,295,0.49787625670433044,"[""V176"", ""V255"", ""V191""]","{""n_estimators"": 124, ""learning_rate"": 0.10037353295146655, ""max_depth"": 4, ""subsample"": 0.8065436987044907, ""colsample_bytree"": 0.9394230400458025, ""min_child_weight"": 4, ""reg_alpha"": 0.15321095381897876, ""reg_lambda"": 1.0132938236593376}"
304,2026-06-05T12:48:01.333602+00:00,xgb,ranking_extra,304,4975,6,994,0.6498726606369019,743,251,0.4966423809528351,"[""V176"", ""V255"", ""V191"", ""V224"", ""V215"", ""V483""]","{""n_estimators"": 159, ""learning_rate"": 0.038279705734217614, ""max_depth"": 4, ""subsample"": 0.7753971422661374, ""colsample_bytree"": 0.9054459297315465, ""min_child_weight"": 6, ""reg_alpha"": 0.6890043723231779, ""reg_lambda"": 1.9849940268253203}"
305,2026-06-05T12:48:23.167482+00:00,xgb,ranking_extra,305,4415,4,1000,0.7164046168327332,681,319,0.4992147982120514,"[""V176"", ""V255"", ""V191"", ""V224""]","{""n_estimators"": 387, ""learning_rate"": 0.13164168346259758, ""max_depth"": 5, ""subsample"": 0.9696398243385753, ""colsample_bytree"": 0.7046608540992362, ""min_child_weight"": 2, ""reg_alpha"": 0.6025004382146482, ""reg_lambda"": 2.28061550275075}"
306,2026-06-05T12:48:51.035130+00:00,xgb,ranking_extra,306,3935,4,991,0.7836899757385254,646,345,0.49699506163597107,"[""V176"", ""V255"", ""V191"", ""V224""]","{""n_estimators"": 311, ""learning_rate"": 0.17248188382340834, ""max_depth"": 7, ""subsample"": 0.7105024831559232, ""colsample_bytree"": 0.7404491656028118, ""min_child_weight"": 3, ""reg_alpha"": 0.9810341443333886, ""reg_lambda"": 1.3887177981364678}"
307,2026-06-05T12:49:21.127682+00:00,xgb,ranking_extra,307,3915,2,1000,0.6771547794342041,621,379,0.49704715609550476,"[""V176"", ""V255""]","{""n_estimators"": 324, ""learning_rate"": 0.15125956709123425, ""max_depth"": 9, ""subsample"": 0.6620408087744488, ""colsample_bytree"": 0.7448512735535029, ""min_child_weight"": 8, ""reg_alpha"": 0.022462472298727665, ""reg_lambda"": 1.2958504012935665}"
308,2026-06-05T12:49:48.506942+00:00,xgb,ranking_extra,308,4190,7,994,0.7796386480331421,704,290,0.4990691542625427,"[""V176"", ""V255"", ""V191"", ""V224"", ""V215"", ""V483"", ""V342""]","{""n_estimators"": 277, ""learning_rate"": 0.09279276296372731, ""max_depth"": 8, ""subsample"": 0.6456700074758037, ""colsample_bytree"": 0.7055806696127134, ""min_child_weight"": 4, ""reg_alpha"": 0.48826610164698947, ""reg_lambda"": 1.3522953672152704}"
309,2026-06-05T12:49:53.685419+00:00,xgb,ranking_extra,309,5035,6,1000,0.6173230409622192,749,251,0.4961279332637787,"[""V176"", ""V255"", ""V191"", ""V224"", ""V215"", ""V483""]","{""n_estimators"": 140, ""learning_rate"": 0.03323024103249465, ""max_depth"": 3, ""subsample"": 0.5957866874116182, ""colsample_bytree"": 0.6079255419929565, ""min_child_weight"": 1, ""reg_alpha"": 0.5537155363447223, ""reg_lambda"": 0.964295337111613}"
310,2026-06-05T12:50:09.626454+00:00,xgb,ranking_extra,310,4595,4,1000,0.7011614441871643,693,307,0.49741998314857483,"[""V176"", ""V255"", ""V191"", ""V224""]","{""n_estimators"": 363, ""learning_rate"": 0.1517259724397549, ""max_depth"": 4, ""subsample"": 0.8545418623392296, ""colsample_bytree"": 0.8542339105261525, ""min_child_weight"": 9, ""reg_alpha"": 0.4269680841301582, ""reg_lambda"": 2.4551800377296455}"
311,2026-06-05T12:50:19.700120+00:00,xgb,ranking_extra,311,4545,5,994,0.7061851620674133,701,293,0.49771299958229065,"[""V176"", ""V255"", ""V191"", ""V224"", ""V215""]","{""n_estimators"": 224, ""learning_rate"": 0.1302852906107485, ""max_depth"": 4, ""subsample"": 0.5455791749449456, ""colsample_bytree"": 0.643627862567806, ""min_child_weight"": 4, ""reg_alpha"": 0.31286143474987327, ""reg_lambda"": 0.6214681536881224}"
312,2026-06-05T12:50:29.948844+00:00,xgb,ranking_extra,312,4885,3,994,0.656212329864502,697,297,0.49774444103240967,"[""V176"", ""V255"", ""V191""]","{""n_estimators"": 292, ""learning_rate"": 0.09592558932201153, ""max_depth"": 3, ""subsample"": 0.5414316112736917, ""colsample_bytree"": 0.8098194382696109, ""min_child_weight"": 4, ""reg_alpha"": 0.6888564250944492, ""reg_lambda"": 1.2943003241464248}"
313,2026-06-05T12:50:35.501282+00:00,xgb,ranking_extra,313,4870,3,1000,0.6242461800575256,698,302,0.49732670187950134,"[""V176"", ""V255"", ""V191""]","{""n_estimators"": 120, ""learning_rate"": 0.09280830297978974, ""max_depth"": 4, ""subsample"": 0.6913028440262308, ""colsample_bytree"": 0.6032366971155498, ""min_child_weight"": 9, ""reg_alpha"": 0.6206778211680212, ""reg_lambda"": 1.372209518314356}"
314,2026-06-05T12:50:40.852919+00:00,xgb,ranking_extra,314,4875,3,999,0.6305139660835266,698,301,0.49732187390327454,"[""V176"", ""V255"", ""V191""]","{""n_estimators"": 108, ""learning_rate"": 0.06979591453459602, ""max_depth"": 4, ""subsample"": 0.808966861969497, ""colsample_bytree"": 0.9731231935569691, ""min_child_weight"": 3, ""reg_alpha"": 0.6705675189911386, ""reg_lambda"": 1.7876304264724323}"
315,2026-06-05T12:50:48.793756+00:00,xgb,ranking_extra,315,4415,2,999,0.6241760849952698,654,345,0.4964425265789032,"[""V176"", ""V255""]","{""n_estimators"": 108, ""learning_rate"": 0.1756813435128427, ""max_depth"": 6, ""subsample"": 0.632523875586231, ""colsample_bytree"": 0.8916026897708693, ""min_child_weight"": 8, ""reg_alpha"": 0.9158082591545209, ""reg_lambda"": 2.410556133507959}"
316,2026-06-05T12:51:00.701954+00:00,xgb,ranking_extra,316,4640,4,1000,0.6651601791381836,696,304,0.4967861473560333,"[""V176"", ""V255"", ""V191"", ""V224""]","{""n_estimators"": 199, ""learning_rate"": 0.07187481782328597, ""max_depth"": 5, ""subsample"": 0.6578237691964646, ""colsample_bytree"": 0.998450133865232, ""min_child_weight"": 4, ""reg_alpha"": 0.7370035880243998, ""reg_lambda"": 1.4759671238322587}"
317,2026-06-05T12:51:17.046953+00:00,xgb,ranking_extra,317,4465,6,1000,0.7394768595695496,711,289,0.4969117045402527,"[""V176"", ""V255"", ""V191"", ""V224"", ""V215"", ""V483""]","{""n_estimators"": 187, ""learning_rate"": 0.123320046033273, ""max_depth"": 7, ""subsample"": 0.5415026351915679, ""colsample_bytree"": 0.5948546593747283, ""min_child_weight"": 3, ""reg_alpha"": 0.8381152336577052, ""reg_lambda"": 1.902141871764689}"
318,2026-06-05T12:51:39.206537+00:00,xgb,ranking_extra,318,4360,6,1000,0.7749444842338562,704,296,0.5003368258476257,"[""V176"", ""V255"", ""V191"", ""V224"", ""V215"", ""V483""]","{""n_estimators"": 347, ""learning_rate"": 0.12912136799801383, ""max_depth"": 6, ""subsample"": 0.9817610081544046, ""colsample_bytree"": 0.7883755144258491, ""min_child_weight"": 5, ""reg_alpha"": 0.05776215872268742, ""reg_lambda"": 0.9855831050819763}"
319,2026-06-05T12:51:47.428793+00:00,xgb,ranking_extra,319,4610,7,1000,0.7368642091751099,734,266,0.4968049228191376,"[""V176"", ""V255"", ""V191"", ""V224"", ""V215"", ""V483"", ""V342""]","{""n_estimators"": 174, ""learning_rate"": 0.16458765516091345, ""max_depth"": 4, ""subsample"": 0.572240641647731, ""colsample_bytree"": 0.7027937349000819, ""min_child_weight"": 2, ""reg_alpha"": 0.23179452139321977, ""reg_lambda"": 2.157054882439919}"
320,2026-06-05T12:52:03.889076+00:00,xgb,ranking_extra,320,4950,5,997,0.664433479309082,729,268,0.4969419836997986,"[""V176"", ""V255"", ""V191"", ""V224"", ""V215""]","{""n_estimators"": 389, ""learning_rate"": 0.040616065839952906, ""max_depth"": 4, ""subsample"": 0.571899425061118, ""colsample_bytree"": 0.5070477110312186, ""min_child_weight"": 5, ""reg_alpha"": 0.45871956220816146, ""reg_lambda"": 1.8194334843248705}"
321,2026-06-05T12:52:30.309424+00:00,xgb,ranking_extra,321,4205,4,1000,0.7418192625045776,667,333,0.49759989976882935,"[""V176"", ""V255"", ""V191"", ""V224""]","{""n_estimators"": 369, ""learning_rate"": 0.16651852710839354, ""max_depth"": 7, ""subsample"": 0.996654647148987, ""colsample_bytree"": 0.7003459175719987, ""min_child_weight"": 9, ""reg_alpha"": 0.41335533278284053, ""reg_lambda"": 2.0779892209414568}"
322,2026-06-05T12:52:36.177673+00:00,xgb,ranking_extra,322,5035,6,1000,0.6407514810562134,749,251,0.495282918214798,"[""V176"", ""V255"", ""V191"", ""V224"", ""V215"", ""V483""]","{""n_estimators"": 126, ""learning_rate"": 0.04168685380741865, ""max_depth"": 4, ""subsample"": 0.7391943568277041, ""colsample_bytree"": 0.6945982193681773, ""min_child_weight"": 9, ""reg_alpha"": 0.5266756362845376, ""reg_lambda"": 2.3151075064796807}"
323,2026-06-05T12:52:43.936935+00:00,xgb,ranking_extra,323,4890,5,1000,0.6493416428565979,726,274,0.4965905249118805,"[""V176"", ""V255"", ""V191"", ""V224"", ""V215""]","{""n_estimators"": 173, ""learning_rate"": 0.05125380944201404, ""max_depth"": 4, ""subsample"": 0.5429385869454262, ""colsample_bytree"": 0.5383125842266332, ""min_child_weight"": 6, ""reg_alpha"": 0.5779465059479731, ""reg_lambda"": 0.8984052443944852}"
324,2026-06-05T12:53:08.221610+00:00,xgb,ranking_extra,324,4410,6,999,0.7788416743278503,707,292,0.4982594847679138,"[""V176"", ""V255"", ""V191"", ""V224"", ""V215"", ""V483""]","{""n_estimators"": 284, ""learning_rate"": 0.12483944972270741, ""max_depth"": 7, ""subsample"": 0.9519249090451438, ""colsample_bytree"": 0.937740289742661, ""min_child_weight"": 4, ""reg_alpha"": 0.5083291052203583, ""reg_lambda"": 1.991736739858824}"
325,2026-06-05T12:53:24.597454+00:00,xgb,ranking_extra,325,4805,4,1000,0.6691173911094666,707,293,0.49648192524909973,"[""V176"", ""V255"", ""V191"", ""V224""]","{""n_estimators"": 253, ""learning_rate"": 0.06827636485619218, ""max_depth"": 6, ""subsample"": 0.5288773270527456, ""colsample_bytree"": 0.667940228232466, ""min_child_weight"": 9, ""reg_alpha"": 0.6352146412549811, ""reg_lambda"": 1.1098950988611906}"
326,2026-06-05T12:53:53.477545+00:00,xgb,ranking_extra,326,3935,6,998,0.837538480758667,675,323,0.49756288528442383,"[""V176"", ""V255"", ""V191"", ""V224"", ""V215"", ""V483""]","{""n_estimators"": 285, ""learning_rate"": 0.17715728195684363, ""max_depth"": 9, ""subsample"": 0.8415328759902213, ""colsample_bytree"": 0.8456846950093289, ""min_child_weight"": 6, ""reg_alpha"": 0.1540561599522543, ""reg_lambda"": 1.9927697850402877}"
327,2026-06-05T12:54:14.803023+00:00,xgb,ranking_extra,327,4375,3,1000,0.6871334314346313,665,335,0.4980314075946808,"[""V176"", ""V255"", ""V191""]","{""n_estimators"": 253, ""learning_rate"": 0.14558400711401823, ""max_depth"": 8, ""subsample"": 0.7512224556290732, ""colsample_bytree"": 0.5180009391545384, ""min_child_weight"": 9, ""reg_alpha"": 0.6244720769528799, ""reg_lambda"": 0.9843579796042699}"
328,2026-06-05T12:54:20.360854+00:00,xgb,ranking_extra,328,5065,6,1000,0.6652823090553284,751,249,0.49706578254699707,"[""V176"", ""V255"", ""V191"", ""V224"", ""V215"", ""V483""]","{""n_estimators"": 154, ""learning_rate"": 0.08801859214613672, ""max_depth"": 3, ""subsample"": 0.8573950720429822, ""colsample_bytree"": 0.8398756843981485, ""min_child_weight"": 9, ""reg_alpha"": 0.373903897000435, ""reg_lambda"": 1.7471628879498633}"
329,2026-06-05T12:54:37.688834+00:00,xgb,ranking_extra,329,4680,3,999,0.6618437170982361,685,314,0.49707216024398804,"[""V176"", ""V255"", ""V191""]","{""n_estimators"": 184, ""learning_rate"": 0.048946298869842406, ""max_depth"": 8, ""subsample"": 0.543612261038442, ""colsample_bytree"": 0.9232594983427174, ""min_child_weight"": 6, ""reg_alpha"": 0.06416483908006176, ""reg_lambda"": 1.2644304034167644}"
330,2026-06-05T12:54:45.974989+00:00,xgb,ranking_extra,330,4920,4,998,0.6462592482566833,714,284,0.49698954820632935,"[""V176"", ""V255"", ""V191"", ""V224""]","{""n_estimators"": 246, ""learning_rate"": 0.08864544253490902, ""max_depth"": 3, ""subsample"": 0.9129300074974399, ""colsample_bytree"": 0.5923379613083708, ""min_child_weight"": 6, ""reg_alpha"": 0.4651772429761618, ""reg_lambda"": 1.4716644727989525}"
331,2026-06-05T12:55:11.265367+00:00,xgb,ranking_extra,331,4740,6,999,0.7246274352073669,729,270,0.49885860085487366,"[""V176"", ""V255"", ""V191"", ""V224"", ""V215"", ""V483""]","{""n_estimators"": 321, ""learning_rate"": 0.059485532846810706, ""max_depth"": 7, ""subsample"": 0.9671427272699025, ""colsample_bytree"": 0.7415680987834248, ""min_child_weight"": 6, ""reg_alpha"": 0.9333841582479172, ""reg_lambda"": 1.7624121770987309}"
332,2026-06-05T12:55:20.004286+00:00,xgb,ranking_extra,332,4945,3,1000,0.6344638466835022,703,297,0.49709272384643555,"[""V176"", ""V255"", ""V191""]","{""n_estimators"": 253, ""learning_rate"": 0.04739872485408747, ""max_depth"": 3, ""subsample"": 0.8186065077484181, ""colsample_bytree"": 0.7920772354665313, ""min_child_weight"": 2, ""reg_alpha"": 0.08933988911643365, ""reg_lambda"": 1.8924170410315773}"
333,2026-06-05T12:55:35.480991+00:00,xgb,ranking_extra,333,4305,3,999,0.6996227502822876,660,339,0.4955280125141144,"[""V176"", ""V255"", ""V191""]","{""n_estimators"": 147, ""learning_rate"": 0.13375634256385313, ""max_depth"": 9, ""subsample"": 0.6426651562143844, ""colsample_bytree"": 0.9650197115449606, ""min_child_weight"": 8, ""reg_alpha"": 0.25575326231541906, ""reg_lambda"": 2.4436532529672665}"
334,2026-06-05T12:56:00.652648+00:00,xgb,ranking_extra,334,4180,7,999,0.8243464231491089,705,294,0.5002089142799377,"[""V176"", ""V255"", ""V191"", ""V224"", ""V215"", ""V483"", ""V342""]","{""n_estimators"": 368, ""learning_rate"": 0.13934260918485103, ""max_depth"": 6, ""subsample"": 0.6664075081435545, ""colsample_bytree"": 0.7986631444421478, ""min_child_weight"": 4, ""reg_alpha"": 0.04830366574949008, ""reg_lambda"": 0.7090603763449417}"
335,2026-06-05T12:56:08.729024+00:00,xgb,ranking_extra,335,4710,3,999,0.648250937461853,687,312,0.4958667457103729,"[""V176"", ""V255"", ""V191""]","{""n_estimators"": 230, ""learning_rate"": 0.1721652585631072, ""max_depth"": 3, ""subsample"": 0.5621337978717444, ""colsample_bytree"": 0.5852740531208278, ""min_child_weight"": 4, ""reg_alpha"": 0.6966026337671779, ""reg_lambda"": 0.604164209952017}"
336,2026-06-05T12:56:28.971646+00:00,xgb,ranking_extra,336,4165,5,998,0.7655250430107117,677,321,0.4983402490615845,"[""V176"", ""V255"", ""V191"", ""V224"", ""V215""]","{""n_estimators"": 349, ""learning_rate"": 0.15814355808743813, ""max_depth"": 5, ""subsample"": 0.8231615947304187, ""colsample_bytree"": 0.7271751044425206, ""min_child_weight"": 2, ""reg_alpha"": 0.5908125548616511, ""reg_lambda"": 1.5316214628498006}"
337,2026-06-05T12:56:33.738373+00:00,xgb,ranking_extra,337,4895,4,1000,0.6464862823486328,713,287,0.4967338740825653,"[""V176"", ""V255"", ""V191"", ""V224""]","{""n_estimators"": 128, ""learning_rate"": 0.16448554749680913, ""max_depth"": 3, ""subsample"": 0.8829105579494683, ""colsample_bytree"": 0.8307848496506839, ""min_child_weight"": 7, ""reg_alpha"": 0.7041876662339233, ""reg_lambda"": 1.7879538512096738}"
338,2026-06-05T12:56:45.723994+00:00,xgb,ranking_extra,338,4870,3,1000,0.6445283889770508,698,302,0.4971337914466858,"[""V176"", ""V255"", ""V191""]","{""n_estimators"": 360, ""learning_rate"": 0.09822560074206524, ""max_depth"": 3, ""subsample"": 0.7838902981276599, ""colsample_bytree"": 0.524847102781181, ""min_child_weight"": 5, ""reg_alpha"": 0.9580571892115066, ""reg_lambda"": 1.7571444711024984}"
339,2026-06-05T12:57:03.309586+00:00,xgb,ranking_extra,339,4680,6,999,0.7176303267478943,725,274,0.49825841188430786,"[""V176"", ""V255"", ""V191"", ""V224"", ""V215"", ""V483""]","{""n_estimators"": 179, ""learning_rate"": 0.060672963964680054, ""max_depth"": 8, ""subsample"": 0.9128230864368483, ""colsample_bytree"": 0.7594947318574614, ""min_child_weight"": 4, ""reg_alpha"": 0.13428842431760069, ""reg_lambda"": 0.6905716552076004}"
340,2026-06-05T12:57:10.863479+00:00,xgb,ranking_extra,340,5030,5,999,0.649396538734436,735,264,0.4967447817325592,"[""V176"", ""V255"", ""V191"", ""V224"", ""V215""]","{""n_estimators"": 218, ""learning_rate"": 0.041814869387014356, ""max_depth"": 3, ""subsample"": 0.6359644407731551, ""colsample_bytree"": 0.761332104328727, ""min_child_weight"": 5, ""reg_alpha"": 0.37724720705176207, ""reg_lambda"": 2.1670314687273153}"
341,2026-06-05T12:57:21.151070+00:00,xgb,ranking_extra,341,4930,4,993,0.6535905599594116,713,280,0.4978428781032562,"[""V176"", ""V255"", ""V191"", ""V224""]","{""n_estimators"": 232, ""learning_rate"": 0.07251193885324253, ""max_depth"": 4, ""subsample"": 0.7716903954319592, ""colsample_bytree"": 0.6715941074514055, ""min_child_weight"": 4, ""reg_alpha"": 0.261303310458854, ""reg_lambda"": 1.1754988958802843}"
342,2026-06-05T12:57:34.117221+00:00,xgb,ranking_extra,342,4680,6,999,0.715904712677002,725,274,0.4995073676109314,"[""V176"", ""V255"", ""V191"", ""V224"", ""V215"", ""V483""]","{""n_estimators"": 215, ""learning_rate"": 0.07667615435251432, ""max_depth"": 5, ""subsample"": 0.8489916955659383, ""colsample_bytree"": 0.8390739367047434, ""min_child_weight"": 1, ""reg_alpha"": 0.8091550129418644, ""reg_lambda"": 0.6596984508075137}"
343,2026-06-05T12:57:40.940176+00:00,xgb,ranking_extra,343,4660,3,1000,0.6796072721481323,684,316,0.4966450333595276,"[""V176"", ""V255"", ""V191""]","{""n_estimators"": 119, ""learning_rate"": 0.17789611751844833, ""max_depth"": 5, ""subsample"": 0.5204016533373573, ""colsample_bytree"": 0.7884179358127805, ""min_child_weight"": 4, ""reg_alpha"": 0.13214054942810016, ""reg_lambda"": 1.0048931454499752}"
344,2026-06-05T12:57:48.527445+00:00,xgb,ranking_extra,344,4880,4,1000,0.6587567329406738,712,288,0.49839168787002563,"[""V176"", ""V255"", ""V191"", ""V224""]","{""n_estimators"": 213, ""learning_rate"": 0.1269028520189526, ""max_depth"": 3, ""subsample"": 0.7945368305594885, ""colsample_bytree"": 0.9323008218371028, ""min_child_weight"": 5, ""reg_alpha"": 0.9212215637795673, ""reg_lambda"": 2.363663230520198}"
345,2026-06-05T12:58:12.014653+00:00,xgb,ranking_extra,345,4040,3,998,0.740044891834259,642,356,0.49585574865341187,"[""V176"", ""V255"", ""V191""]","{""n_estimators"": 217, ""learning_rate"": 0.12842941735242108, ""max_depth"": 8, ""subsample"": 0.628487244317081, ""colsample_bytree"": 0.9813927420407422, ""min_child_weight"": 3, ""reg_alpha"": 0.3340252750631807, ""reg_lambda"": 1.6517981186056634}"
346,2026-06-05T12:58:17.852191+00:00,xgb,ranking_extra,346,4925,4,1000,0.6514226198196411,715,285,0.4977194368839264,"[""V176"", ""V255"", ""V191"", ""V224""]","{""n_estimators"": 124, ""learning_rate"": 0.13431275218526, ""max_depth"": 4, ""subsample"": 0.98083310053527, ""colsample_bytree"": 0.9301410997069811, ""min_child_weight"": 5, ""reg_alpha"": 0.49474806137419547, ""reg_lambda"": 1.9210808295018795}"
347,2026-06-05T12:58:30.749010+00:00,xgb,ranking_extra,347,4585,3,997,0.6674546003341675,678,319,0.4964328706264496,"[""V176"", ""V255"", ""V191""]","{""n_estimators"": 376, ""learning_rate"": 0.12509799444202585, ""max_depth"": 3, ""subsample"": 0.5928049030627042, ""colsample_bytree"": 0.7217280960223902, ""min_child_weight"": 3, ""reg_alpha"": 0.01833833957879183, ""reg_lambda"": 1.766263445660561}"
348,2026-06-05T12:58:46.424056+00:00,xgb,ranking_extra,348,4465,5,998,0.7215232253074646,697,301,0.4958202540874481,"[""V176"", ""V255"", ""V191"", ""V224"", ""V215""]","{""n_estimators"": 277, ""learning_rate"": 0.13074538471663089, ""max_depth"": 5, ""subsample"": 0.9401440124774778, ""colsample_bytree"": 0.878207386360518, ""min_child_weight"": 4, ""reg_alpha"": 0.8367486877064269, ""reg_lambda"": 2.406128295639194}"
349,2026-06-05T12:59:06.899361+00:00,xgb,ranking_extra,349,4485,5,1000,0.7262745499610901,699,301,0.4970003068447113,"[""V176"", ""V255"", ""V191"", ""V224"", ""V215""]","{""n_estimators"": 183, ""learning_rate"": 0.08588220698865184, ""max_depth"": 8, ""subsample"": 0.6659693201274063, ""colsample_bytree"": 0.9867986526755073, ""min_child_weight"": 3, ""reg_alpha"": 0.7560800147305349, ""reg_lambda"": 1.808648654373059}"
350,2026-06-05T12:59:42.469628+00:00,xgb,ranking_extra,350,3970,6,1000,0.8008323311805725,678,322,0.4976004362106323,"[""V176"", ""V255"", ""V191"", ""V224"", ""V215"", ""V483""]","{""n_estimators"": 289, ""learning_rate"": 0.11948146101554281, ""max_depth"": 9, ""subsample"": 0.6180974757764846, ""colsample_bytree"": 0.9576503927149869, ""min_child_weight"": 3, ""reg_alpha"": 0.8027234869040961, ""reg_lambda"": 2.4809108487914964}"
351,2026-06-05T12:59:54.329905+00:00,xgb,ranking_extra,351,4580,6,995,0.7368735671043396,717,278,0.49923446774482727,"[""V176"", ""V255"", ""V191"", ""V224"", ""V215"", ""V483""]","{""n_estimators"": 223, ""learning_rate"": 0.14626781044481169, ""max_depth"": 5, ""subsample"": 0.9473767638360108, ""colsample_bytree"": 0.6416294656553388, ""min_child_weight"": 5, ""reg_alpha"": 0.09316769266551717, ""reg_lambda"": 1.178844861220331}"
352,2026-06-05T13:00:07.185289+00:00,xgb,ranking_extra,352,4825,3,997,0.6474236249923706,694,303,0.4974265694618225,"[""V176"", ""V255"", ""V191""]","{""n_estimators"": 166, ""learning_rate"": 0.04587461302022504, ""max_depth"": 6, ""subsample"": 0.504470421344176, ""colsample_bytree"": 0.9092973591745993, ""min_child_weight"": 2, ""reg_alpha"": 0.16292942115458375, ""reg_lambda"": 2.457872898833882}"
353,2026-06-05T13:00:13.150198+00:00,xgb,ranking_extra,353,4900,3,1000,0.6412338018417358,700,300,0.497435599565506,"[""V176"", ""V255"", ""V191""]","{""n_estimators"": 166, ""learning_rate"": 0.16013796235809646, ""max_depth"": 3, ""subsample"": 0.6158735689509767, ""colsample_bytree"": 0.5504086608453373, ""min_child_weight"": 2, ""reg_alpha"": 0.2389106535876644, ""reg_lambda"": 1.8541045284755686}"
354,2026-06-05T13:00:28.481370+00:00,xgb,ranking_extra,354,4295,7,1000,0.7966002821922302,713,287,0.499434232711792,"[""V176"", ""V255"", ""V191"", ""V224"", ""V215"", ""V483"", ""V342""]","{""n_estimators"": 225, ""learning_rate"": 0.17498243547566733, ""max_depth"": 6, ""subsample"": 0.9078287251802999, ""colsample_bytree"": 0.8404311024264041, ""min_child_weight"": 5, ""reg_alpha"": 0.3052011538480608, ""reg_lambda"": 0.6775230980252471}"
355,2026-06-05T13:00:57.573571+00:00,xgb,ranking_extra,355,4115,6,989,0.7931904792785645,684,305,0.4970417022705078,"[""V176"", ""V255"", ""V191"", ""V224"", ""V215"", ""V483""]","{""n_estimators"": 272, ""learning_rate"": 0.10979073113193559, ""max_depth"": 8, ""subsample"": 0.644057139009419, ""colsample_bytree"": 0.8523666106164219, ""min_child_weight"": 3, ""reg_alpha"": 0.5557929497493587, ""reg_lambda"": 2.1378073766046755}"
356,2026-06-05T13:01:28.455546+00:00,xgb,ranking_extra,356,4495,7,999,0.7722700834274292,726,273,0.502108097076416,"[""V176"", ""V255"", ""V191"", ""V224"", ""V215"", ""V483"", ""V342""]","{""n_estimators"": 354, ""learning_rate"": 0.0718265332863699, ""max_depth"": 8, ""subsample"": 0.9708336928310022, ""colsample_bytree"": 0.5697591582132197, ""min_child_weight"": 4, ""reg_alpha"": 0.07179250469946985, ""reg_lambda"": 1.218546638321599}"
357,2026-06-05T13:01:53.092988+00:00,xgb,ranking_extra,357,4250,4,994,0.7482261657714844,668,326,0.4986859858036041,"[""V176"", ""V255"", ""V191"", ""V224""]","{""n_estimators"": 379, ""learning_rate"": 0.13268947880723003, ""max_depth"": 6, ""subsample"": 0.8649015222347048, ""colsample_bytree"": 0.7538489766168612, ""min_child_weight"": 8, ""reg_alpha"": 0.4644786666649421, ""reg_lambda"": 1.8067449813309366}"
358,2026-06-05T13:02:21.539329+00:00,xgb,ranking_extra,358,4300,6,1000,0.8120652437210083,700,300,0.4973282217979431,"[""V176"", ""V255"", ""V191"", ""V224"", ""V215"", ""V483""]","{""n_estimators"": 268, ""learning_rate"": 0.14545709662360917, ""max_depth"": 9, ""subsample"": 0.909337806995894, ""colsample_bytree"": 0.8446877835420623, ""min_child_weight"": 6, ""reg_alpha"": 0.5922879387182498, ""reg_lambda"": 1.7977684381097407}"
359,2026-06-05T13:02:50.821239+00:00,xgb,ranking_extra,359,4615,3,1000,0.6681997776031494,681,319,0.49754422903060913,"[""V176"", ""V255"", ""V191""]","{""n_estimators"": 301, ""learning_rate"": 0.06112923412342196, ""max_depth"": 9, ""subsample"": 0.9633552830759958, ""colsample_bytree"": 0.6044099101928063, ""min_child_weight"": 7, ""reg_alpha"": 0.5902008334612625, ""reg_lambda"": 1.1441470743115778}"
360,2026-06-05T13:03:22.503457+00:00,xgb,ranking_extra,360,3815,3,998,0.7500580549240112,627,371,0.4982416033744812,"[""V176"", ""V255"", ""V191""]","{""n_estimators"": 330, ""learning_rate"": 0.13500351368438862, ""max_depth"": 9, ""subsample"": 0.71537678809903, ""colsample_bytree"": 0.7175105966723493, ""min_child_weight"": 8, ""reg_alpha"": 0.6091080570925863, ""reg_lambda"": 1.1202641095862476}"
361,2026-06-05T13:03:31.786924+00:00,xgb,ranking_extra,361,4620,5,1000,0.6926091909408569,708,292,0.49647602438926697,"[""V176"", ""V255"", ""V191"", ""V224"", ""V215""]","{""n_estimators"": 164, ""learning_rate"": 0.12642490216515065, ""max_depth"": 5, ""subsample"": 0.6847511503491108, ""colsample_bytree"": 0.7133098000464655, ""min_child_weight"": 7, ""reg_alpha"": 0.2061876208764558, ""reg_lambda"": 2.0730053283195256}"
362,2026-06-05T13:03:43.419245+00:00,xgb,ranking_extra,362,4885,6,1000,0.6817647218704224,739,261,0.4972849488258362,"[""V176"", ""V255"", ""V191"", ""V224"", ""V215"", ""V483""]","{""n_estimators"": 353, ""learning_rate"": 0.07582095410021564, ""max_depth"": 3, ""subsample"": 0.9380929844715444, ""colsample_bytree"": 0.7049996084658205, ""min_child_weight"": 9, ""reg_alpha"": 0.06715908344493005, ""reg_lambda"": 2.143304339204708}"
363,2026-06-05T13:03:54.253808+00:00,xgb,ranking_extra,363,4710,3,999,0.6625345349311829,687,312,0.49664297699928284,"[""V176"", ""V255"", ""V191""]","{""n_estimators"": 255, ""learning_rate"": 0.17797994846575416, ""max_depth"": 4, ""subsample"": 0.8768534391893701, ""colsample_bytree"": 0.5408785770486889, ""min_child_weight"": 8, ""reg_alpha"": 0.6155977915741561, ""reg_lambda"": 0.6883321139736382}"
364,2026-06-05T13:04:07.877615+00:00,xgb,ranking_extra,364,4620,6,996,0.7424490451812744,720,276,0.4995869994163513,"[""V176"", ""V255"", ""V191"", ""V224"", ""V215"", ""V483""]","{""n_estimators"": 311, ""learning_rate"": 0.14341777178106108, ""max_depth"": 4, ""subsample"": 0.7943033530439771, ""colsample_bytree"": 0.6708340602921745, ""min_child_weight"": 2, ""reg_alpha"": 0.037175529820830944, ""reg_lambda"": 1.4640805366183094}"
365,2026-06-05T13:04:26.299389+00:00,xgb,ranking_extra,365,4680,3,999,0.661034882068634,685,314,0.49631279706954956,"[""V176"", ""V255"", ""V191""]","{""n_estimators"": 274, ""learning_rate"": 0.046419451049379515, ""max_depth"": 6, ""subsample"": 0.5951728153387291, ""colsample_bytree"": 0.920886429457551, ""min_child_weight"": 8, ""reg_alpha"": 0.3871676886834531, ""reg_lambda"": 1.8156841674260005}"
366,2026-06-05T13:04:38.240932+00:00,xgb,ranking_extra,366,4420,6,1000,0.7367451786994934,708,292,0.4983121156692505,"[""V176"", ""V255"", ""V191"", ""V224"", ""V215"", ""V483""]","{""n_estimators"": 182, ""learning_rate"": 0.16523721729398075, ""max_depth"": 6, ""subsample"": 0.8423052337425487, ""colsample_bytree"": 0.7942810329093077, ""min_child_weight"": 9, ""reg_alpha"": 0.6779604685800207, ""reg_lambda"": 1.651678805127925}"
367,2026-06-05T13:04:56.530007+00:00,xgb,ranking_extra,367,4270,6,1000,0.7871909737586975,698,302,0.4985884726047516,"[""V176"", ""V255"", ""V191"", ""V224"", ""V215"", ""V483""]","{""n_estimators"": 158, ""learning_rate"": 0.15872831186700215, ""max_depth"": 9, ""subsample"": 0.9380390910926568, ""colsample_bytree"": 0.9532211731035967, ""min_child_weight"": 4, ""reg_alpha"": 0.2821407658278343, ""reg_lambda"": 1.5559245668746147}"
368,2026-06-05T13:05:07.665252+00:00,xgb,ranking_extra,368,5110,6,1000,0.6707441210746765,754,246,0.4975951611995697,"[""V176"", ""V255"", ""V191"", ""V224"", ""V215"", ""V483""]","{""n_estimators"": 339, ""learning_rate"": 0.04935587218967262, ""max_depth"": 3, ""subsample"": 0.7683891941215251, ""colsample_bytree"": 0.6434469225413697, ""min_child_weight"": 4, ""reg_alpha"": 0.20179975141797413, ""reg_lambda"": 2.320488661973549}"
369,2026-06-05T13:05:19.799822+00:00,xgb,ranking_extra,369,4890,6,999,0.6658921837806702,739,260,0.498195081949234,"[""V176"", ""V255"", ""V191"", ""V224"", ""V215"", ""V483""]","{""n_estimators"": 201, ""learning_rate"": 0.030011402707162536, ""max_depth"": 5, ""subsample"": 0.7835723940226413, ""colsample_bytree"": 0.9681283913003224, ""min_child_weight"": 2, ""reg_alpha"": 0.6938933441971448, ""reg_lambda"": 0.6703459439772721}"
370,2026-06-05T13:05:39.347944+00:00,xgb,ranking_extra,370,4570,3,994,0.6612357497215271,676,318,0.4975437521934509,"[""V176"", ""V255"", ""V191""]","{""n_estimators"": 370, ""learning_rate"": 0.08151734476708297, ""max_depth"": 5, ""subsample"": 0.726343313026903, ""colsample_bytree"": 0.6163664899425607, ""min_child_weight"": 7, ""reg_alpha"": 0.21570930151457224, ""reg_lambda"": 2.3784831393420918}"
371,2026-06-05T13:05:50.298986+00:00,xgb,ranking_extra,371,4795,3,1000,0.6505771279335022,693,307,0.4969765543937683,"[""V176"", ""V255"", ""V191""]","{""n_estimators"": 332, ""learning_rate"": 0.14501101512581716, ""max_depth"": 3, ""subsample"": 0.9337582293060112, ""colsample_bytree"": 0.6660198717407084, ""min_child_weight"": 7, ""reg_alpha"": 0.3241507921976695, ""reg_lambda"": 1.3971959830564553}"
372,2026-06-05T13:06:06.592099+00:00,xgb,ranking_extra,372,4540,3,1000,0.6687761545181274,676,324,0.4977791905403137,"[""V176"", ""V255"", ""V191""]","{""n_estimators"": 181, ""learning_rate"": 0.11590435067434614, ""max_depth"": 7, ""subsample"": 0.792325991438326, ""colsample_bytree"": 0.518134222753913, ""min_child_weight"": 2, ""reg_alpha"": 0.9910594855160908, ""reg_lambda"": 2.2699391706681133}"
373,2026-06-05T13:06:47.312515+00:00,xgb,ranking_extra,373,4125,6,999,0.7857246994972229,688,311,0.4967692792415619,"[""V176"", ""V255"", ""V191"", ""V224"", ""V215"", ""V483""]","{""n_estimators"": 355, ""learning_rate"": 0.07911073537331786, ""max_depth"": 8, ""subsample"": 0.7055798960631745, ""colsample_bytree"": 0.8572106324863928, ""min_child_weight"": 2, ""reg_alpha"": 0.5912627021765406, ""reg_lambda"": 2.4452661873374066}"
374,2026-06-05T13:07:06.780782+00:00,xgb,ranking_extra,374,4470,6,999,0.7487888932228088,711,288,0.4988832175731659,"[""V176"", ""V255"", ""V191"", ""V224"", ""V215"", ""V483""]","{""n_estimators"": 370, ""learning_rate"": 0.10677850862956277, ""max_depth"": 5, ""subsample"": 0.8786624403499138, ""colsample_bytree"": 0.5717574881647812, ""min_child_weight"": 5, ""reg_alpha"": 0.2592908498640971, ""reg_lambda"": 0.5425773175870237}"
375,2026-06-05T13:07:34.026971+00:00,xgb,ranking_extra,375,4450,6,997,0.7443488836288452,709,288,0.49925029277801514,"[""V176"", ""V255"", ""V191"", ""V224"", ""V215"", ""V483""]","{""n_estimators"": 259, ""learning_rate"": 0.06892040900137308, ""max_depth"": 7, ""subsample"": 0.5794948403672711, ""colsample_bytree"": 0.8699279787375026, ""min_child_weight"": 1, ""reg_alpha"": 0.7721431657762545, ""reg_lambda"": 2.221894296110462}"
376,2026-06-05T13:07:56.493459+00:00,xgb,ranking_extra,376,4705,3,1000,0.6450205445289612,687,313,0.49647757411003113,"[""V176"", ""V255"", ""V191""]","{""n_estimators"": 352, ""learning_rate"": 0.03805517874984324, ""max_depth"": 6, ""subsample"": 0.5176838197246283, ""colsample_bytree"": 0.6076515150391649, ""min_child_weight"": 6, ""reg_alpha"": 0.2441186703255298, ""reg_lambda"": 1.5264833124500508}"
377,2026-06-05T13:08:06.021535+00:00,xgb,ranking_extra,377,4920,3,996,0.6339606642723083,700,296,0.4971561133861542,"[""V176"", ""V255"", ""V191""]","{""n_estimators"": 224, ""learning_rate"": 0.07748001671969318, ""max_depth"": 4, ""subsample"": 0.9731434059794462, ""colsample_bytree"": 0.5376707918773884, ""min_child_weight"": 7, ""reg_alpha"": 0.8068394908569135, ""reg_lambda"": 1.2692006343857942}"
378,2026-06-05T13:08:12.690258+00:00,xgb,ranking_extra,378,5025,3,999,0.640224277973175,708,291,0.49650776386260986,"[""V176"", ""V255"", ""V191""]","{""n_estimators"": 115, ""learning_rate"": 0.07454771599279605, ""max_depth"": 5, ""subsample"": 0.7609364030621646, ""colsample_bytree"": 0.9105502581238889, ""min_child_weight"": 9, ""reg_alpha"": 0.12035503781149015, ""reg_lambda"": 1.8992501719515704}"
379,2026-06-05T13:08:24.856294+00:00,xgb,ranking_extra,379,4740,3,996,0.6591988801956177,688,308,0.49760836362838745,"[""V176"", ""V255"", ""V191""]","{""n_estimators"": 344, ""learning_rate"": 0.10287032386406186, ""max_depth"": 3, ""subsample"": 0.5250672766580953, ""colsample_bytree"": 0.9082096488486721, ""min_child_weight"": 7, ""reg_alpha"": 0.768916383682357, ""reg_lambda"": 0.8466251793466284}"
380,2026-06-05T13:08:43.264431+00:00,xgb,ranking_extra,380,4675,3,997,0.6744590997695923,684,313,0.49839451909065247,"[""V176"", ""V255"", ""V191""]","{""n_estimators"": 340, ""learning_rate"": 0.07471929873768608, ""max_depth"": 5, ""subsample"": 0.8025593879244834, ""colsample_bytree"": 0.7905029420064373, ""min_child_weight"": 9, ""reg_alpha"": 0.698420640075531, ""reg_lambda"": 0.5108295582987863}"
381,2026-06-05T13:08:54.704992+00:00,xgb,ranking_extra,381,4540,6,1000,0.7384282946586609,716,284,0.49885067343711853,"[""V176"", ""V255"", ""V191"", ""V224"", ""V215"", ""V483""]","{""n_estimators"": 158, ""learning_rate"": 0.14922480837517288, ""max_depth"": 6, ""subsample"": 0.920575986434381, ""colsample_bytree"": 0.6847343891088518, ""min_child_weight"": 3, ""reg_alpha"": 0.6845762638984801, ""reg_lambda"": 1.2662886773701036}"
382,2026-06-05T13:09:06.458253+00:00,xgb,ranking_extra,382,4805,3,995,0.6729068756103516,692,303,0.4974853992462158,"[""V176"", ""V255"", ""V191""]","{""n_estimators"": 173, ""learning_rate"": 0.09324862812614934, ""max_depth"": 6, ""subsample"": 0.6320007750846004, ""colsample_bytree"": 0.7668152723491337, ""min_child_weight"": 7, ""reg_alpha"": 0.14907796221845926, ""reg_lambda"": 1.17262871095532}"
383,2026-06-05T13:09:22.261512+00:00,xgb,ranking_extra,383,4730,5,999,0.6898015737533569,715,284,0.4973238408565521,"[""V176"", ""V255"", ""V191"", ""V224"", ""V215""]","{""n_estimators"": 169, ""learning_rate"": 0.05615948308581871, ""max_depth"": 8, ""subsample"": 0.9847638028637595, ""colsample_bytree"": 0.8907366343721306, ""min_child_weight"": 7, ""reg_alpha"": 0.5266584927405785, ""reg_lambda"": 1.4322344920382553}"
384,2026-06-05T13:09:30.041446+00:00,xgb,ranking_extra,384,4880,6,998,0.6680660247802734,738,260,0.496692419052124,"[""V176"", ""V255"", ""V191"", ""V224"", ""V215"", ""V483""]","{""n_estimators"": 129, ""learning_rate"": 0.05456469199913819, ""max_depth"": 5, ""subsample"": 0.6675076209237434, ""colsample_bytree"": 0.7984537571229016, ""min_child_weight"": 3, ""reg_alpha"": 0.1825759873912185, ""reg_lambda"": 2.4809633413082013}"
385,2026-06-05T13:10:00.447963+00:00,xgb,ranking_extra,385,4520,6,998,0.737958550453186,714,284,0.5005970597267151,"[""V176"", ""V255"", ""V191"", ""V224"", ""V215"", ""V483""]","{""n_estimators"": 330, ""learning_rate"": 0.04821832614179053, ""max_depth"": 7, ""subsample"": 0.8613656924743454, ""colsample_bytree"": 0.8839339858286192, ""min_child_weight"": 2, ""reg_alpha"": 0.29418787476391584, ""reg_lambda"": 1.3824246255059665}"
386,2026-06-05T13:10:18.018265+00:00,xgb,ranking_extra,386,4560,6,999,0.6973884701728821,717,282,0.4971194267272949,"[""V176"", ""V255"", ""V191"", ""V224"", ""V215"", ""V483""]","{""n_estimators"": 162, ""learning_rate"": 0.057625884708806946, ""max_depth"": 9, ""subsample"": 0.609050528134408, ""colsample_bytree"": 0.5293531890000025, ""min_child_weight"": 4, ""reg_alpha"": 0.6578524038640593, ""reg_lambda"": 0.9120639996150877}"
387,2026-06-05T13:10:31.678167+00:00,xgb,ranking_extra,387,4545,3,996,0.6738503575325012,675,321,0.49619701504707336,"[""V176"", ""V255"", ""V191""]","{""n_estimators"": 317, ""learning_rate"": 0.17623340678307636, ""max_depth"": 4, ""subsample"": 0.9155966187777753, ""colsample_bytree"": 0.5503112959204566, ""min_child_weight"": 1, ""reg_alpha"": 0.13820658597883106, ""reg_lambda"": 2.440445771928757}"
388,2026-06-05T13:11:05.229102+00:00,xgb,ranking_extra,388,4510,6,1000,0.7604451179504395,714,286,0.4984877407550812,"[""V176"", ""V255"", ""V191"", ""V224"", ""V215"", ""V483""]","{""n_estimators"": 364, ""learning_rate"": 0.06119043930634085, ""max_depth"": 7, ""subsample"": 0.8029723373338941, ""colsample_bytree"": 0.9389832445913523, ""min_child_weight"": 3, ""reg_alpha"": 0.989780023686093, ""reg_lambda"": 0.5713546507042622}"
389,2026-06-05T13:11:14.963305+00:00,xgb,ranking_extra,389,4710,3,999,0.6549230813980103,687,312,0.49769127368927,"[""V176"", ""V255"", ""V191""]","{""n_estimators"": 274, ""learning_rate"": 0.10561938633761024, ""max_depth"": 3, ""subsample"": 0.7152492971899729, ""colsample_bytree"": 0.9382163573048077, ""min_child_weight"": 1, ""reg_alpha"": 0.47913251206671326, ""reg_lambda"": 0.6926528225123691}"
390,2026-06-05T13:11:24.263802+00:00,xgb,ranking_extra,390,4480,3,988,0.6747631430625916,668,320,0.4973662495613098,"[""V176"", ""V255"", ""V191""]","{""n_estimators"": 202, ""learning_rate"": 0.14799029738117997, ""max_depth"": 4, ""subsample"": 0.6383395098341609, ""colsample_bytree"": 0.8020494560518665, ""min_child_weight"": 6, ""reg_alpha"": 0.7960233965332763, ""reg_lambda"": 0.7940000785989603}"
391,2026-06-05T13:12:00.722582+00:00,xgb,ranking_extra,391,4185,6,999,0.8093522787094116,692,307,0.5005692839622498,"[""V176"", ""V255"", ""V191"", ""V224"", ""V215"", ""V483""]","{""n_estimators"": 397, ""learning_rate"": 0.12577870282920206, ""max_depth"": 8, ""subsample"": 0.9862742430173785, ""colsample_bytree"": 0.7241359282576828, ""min_child_weight"": 4, ""reg_alpha"": 0.5720043992986669, ""reg_lambda"": 2.446865682967747}"
392,2026-06-05T13:12:22.633810+00:00,xgb,ranking_extra,392,4645,6,1000,0.7112779021263123,723,277,0.49755460023880005,"[""V176"", ""V255"", ""V191"", ""V224"", ""V215"", ""V483""]","{""n_estimators"": 336, ""learning_rate"": 0.04872414709778353, ""max_depth"": 6, ""subsample"": 0.5771572428979699, ""colsample_bytree"": 0.6702759805175191, ""min_child_weight"": 6, ""reg_alpha"": 0.12192393883732078, ""reg_lambda"": 0.775704043228512}"
393,2026-06-05T13:12:36.916935+00:00,xgb,ranking_extra,393,4710,3,999,0.6693467497825623,687,312,0.49724727869033813,"[""V176"", ""V255"", ""V191""]","{""n_estimators"": 128, ""learning_rate"": 0.06436615495900816, ""max_depth"": 9, ""subsample"": 0.5315513496366614, ""colsample_bytree"": 0.9945144847436431, ""min_child_weight"": 5, ""reg_alpha"": 0.37892064932757374, ""reg_lambda"": 0.9900570176269772}"
394,2026-06-05T13:12:57.841913+00:00,xgb,ranking_extra,394,4645,3,994,0.6671121120452881,681,313,0.49664705991744995,"[""V176"", ""V255"", ""V191""]","{""n_estimators"": 283, ""learning_rate"": 0.05119400330129817, ""max_depth"": 7, ""subsample"": 0.8977412119401251, ""colsample_bytree"": 0.8386694930214966, ""min_child_weight"": 9, ""reg_alpha"": 0.5511190604873063, ""reg_lambda"": 2.104427690548191}"
395,2026-06-05T13:13:12.605253+00:00,xgb,ranking_extra,395,4705,3,1000,0.6674118638038635,687,313,0.4975895583629608,"[""V176"", ""V255"", ""V191""]","{""n_estimators"": 343, ""learning_rate"": 0.08425464495773416, ""max_depth"": 4, ""subsample"": 0.5401799905533415, ""colsample_bytree"": 0.8296253715685742, ""min_child_weight"": 7, ""reg_alpha"": 0.5919699939103381, ""reg_lambda"": 0.5515406716157998}"
396,2026-06-05T13:13:31.216814+00:00,xgb,ranking_extra,396,4720,3,1000,0.657931387424469,688,312,0.49685660004615784,"[""V176"", ""V255"", ""V191""]","{""n_estimators"": 246, ""learning_rate"": 0.04645269153885223, ""max_depth"": 7, ""subsample"": 0.9763633870760213, ""colsample_bytree"": 0.7869129925089701, ""min_child_weight"": 9, ""reg_alpha"": 0.6306195055746945, ""reg_lambda"": 1.9387973757622263}"
397,2026-06-05T13:14:00.007696+00:00,xgb,ranking_extra,397,4540,3,1000,0.6549368500709534,676,324,0.4968492090702057,"[""V176"", ""V255"", ""V191""]","{""n_estimators"": 244, ""learning_rate"": 0.05212365275324279, ""max_depth"": 8, ""subsample"": 0.9111949450623832, ""colsample_bytree"": 0.6453036898293629, ""min_child_weight"": 1, ""reg_alpha"": 0.9589511272488508, ""reg_lambda"": 1.375918935797236}"
398,2026-06-05T13:14:07.319894+00:00,xgb,ranking_extra,398,4770,3,996,0.6549767255783081,690,306,0.49739599227905273,"[""V176"", ""V255"", ""V191""]","{""n_estimators"": 123, ""learning_rate"": 0.09167719974247597, ""max_depth"": 5, ""subsample"": 0.6415800049376086, ""colsample_bytree"": 0.8376789477484956, ""min_child_weight"": 1, ""reg_alpha"": 0.003378134015939782, ""reg_lambda"": 1.601512195332049}"
399,2026-06-05T13:14:17.202485+00:00,xgb,ranking_extra,399,4810,7,993,0.7185555100440979,745,248,0.4961079955101013,"[""V176"", ""V255"", ""V191"", ""V224"", ""V215"", ""V483"", ""V342""]","{""n_estimators"": 226, ""learning_rate"": 0.1022057998626692, ""max_depth"": 4, ""subsample"": 0.7126659186801697, ""colsample_bytree"": 0.6629468593103418, ""min_child_weight"": 3, ""reg_alpha"": 0.4014761629641195, ""reg_lambda"": 0.6272771545546896}"
