trial_id,timestamp_utc,model_type,ranking,random_seed,score,k,N,threshold,tp,fp,p_oof_mean,features,hyperparameters
1,2026-06-05T11:15:11.130850+00:00,rf,ranking_extra,1,5005,6,997,0.6375603464883964,746,251,0.4967517960067064,"[""V176"", ""V255"", ""V191"", ""V224"", ""V215"", ""V483""]","{""n_estimators"": 222, ""max_depth"": 10, ""min_samples_leaf"": 4, ""min_samples_split"": 7, ""criterion"": ""entropy"", ""class_weight"": ""balanced""}"
2,2026-06-05T11:15:42.856990+00:00,rf,ranking_extra,2,4975,3,1000,0.6009957963556312,705,295,0.4971800982570548,"[""V176"", ""V255"", ""V191""]","{""n_estimators"": 87, ""max_depth"": 6, ""min_samples_leaf"": 4, ""min_samples_split"": 6, ""criterion"": ""gini"", ""class_weight"": null}"
3,2026-06-05T11:17:04.244985+00:00,rf,ranking_extra,3,4905,3,999,0.5934066744559832,700,299,0.49957247021818796,"[""V176"", ""V255"", ""V191""]","{""n_estimators"": 218, ""max_depth"": 4, ""min_samples_leaf"": 4, ""min_samples_split"": 7, ""criterion"": ""gini"", ""class_weight"": ""balanced""}"
4,2026-06-05T11:19:28.998702+00:00,rf,ranking_extra,4,4885,5,995,0.6209942508052141,724,271,0.49585803837420805,"[""V176"", ""V255"", ""V191"", ""V224"", ""V215""]","{""n_estimators"": 412, ""max_depth"": 7, ""min_samples_leaf"": 1, ""min_samples_split"": 3, ""criterion"": ""gini"", ""class_weight"": null}"
5,2026-06-05T11:20:34.897348+00:00,rf,ranking_extra,5,4960,3,1000,0.608989725315245,704,296,0.498566751022739,"[""V176"", ""V255"", ""V191""]","{""n_estimators"": 172, ""max_depth"": 7, ""min_samples_leaf"": 3, ""min_samples_split"": 9, ""criterion"": ""entropy"", ""class_weight"": ""balanced""}"
6,2026-06-05T11:23:10.229223+00:00,rf,ranking_extra,6,4935,5,997,0.6253970648959365,728,269,0.4971595524210699,"[""V176"", ""V255"", ""V191"", ""V224"", ""V215""]","{""n_estimators"": 405, ""max_depth"": 8, ""min_samples_leaf"": 3, ""min_samples_split"": 9, ""criterion"": ""entropy"", ""class_weight"": ""balanced""}"
7,2026-06-05T11:25:45.731725+00:00,rf,ranking_extra,7,5025,3,996,0.5933078648544434,707,289,0.49699664682006633,"[""V176"", ""V255"", ""V191""]","{""n_estimators"": 444, ""max_depth"": 5, ""min_samples_leaf"": 2, ""min_samples_split"": 5, ""criterion"": ""entropy"", ""class_weight"": null}"
8,2026-06-05T11:27:05.765061+00:00,rf,ranking_extra,8,4915,3,1000,0.6215684418967534,701,299,0.4962819620339651,"[""V176"", ""V255"", ""V191""]","{""n_estimators"": 225, ""max_depth"": 9, ""min_samples_leaf"": 1, ""min_samples_split"": 3, ""criterion"": ""gini"", ""class_weight"": null}"
9,2026-06-05T11:29:21.370950+00:00,rf,ranking_extra,9,4990,3,1000,0.6081527265101295,706,294,0.49687997783768895,"[""V176"", ""V255"", ""V191""]","{""n_estimators"": 390, ""max_depth"": 7, ""min_samples_leaf"": 2, ""min_samples_split"": 3, ""criterion"": ""entropy"", ""class_weight"": null}"
10,2026-06-05T11:31:59.674340+00:00,rf,ranking_extra,10,4965,6,996,0.6430721281774375,743,253,0.49368256485293466,"[""V176"", ""V255"", ""V191"", ""V224"", ""V215"", ""V483""]","{""n_estimators"": 432, ""max_depth"": 11, ""min_samples_leaf"": 1, ""min_samples_split"": 8, ""criterion"": ""entropy"", ""class_weight"": null}"
11,2026-06-05T11:33:49.341573+00:00,rf,ranking_extra,11,4930,3,997,0.5847956044689793,701,296,0.49735362777484804,"[""V176"", ""V255"", ""V191""]","{""n_estimators"": 315, ""max_depth"": 4, ""min_samples_leaf"": 2, ""min_samples_split"": 6, ""criterion"": ""entropy"", ""class_weight"": null}"
12,2026-06-05T11:36:38.863287+00:00,rf,ranking_extra,12,4985,6,998,0.647084124632831,745,253,0.494405255748273,"[""V176"", ""V255"", ""V191"", ""V224"", ""V215"", ""V483""]","{""n_estimators"": 459, ""max_depth"": 11, ""min_samples_leaf"": 4, ""min_samples_split"": 2, ""criterion"": ""entropy"", ""class_weight"": null}"
13,2026-06-05T11:39:00.509106+00:00,rf,ranking_extra,13,5020,6,1000,0.6454980215902889,748,252,0.4943060412998886,"[""V176"", ""V255"", ""V191"", ""V224"", ""V215"", ""V483""]","{""n_estimators"": 381, ""max_depth"": 11, ""min_samples_leaf"": 4, ""min_samples_split"": 8, ""criterion"": ""entropy"", ""class_weight"": null}"
14,2026-06-05T11:41:33.117062+00:00,rf,ranking_extra,14,4990,3,1000,0.612956325490159,706,294,0.49851035903805857,"[""V176"", ""V255"", ""V191""]","{""n_estimators"": 388, ""max_depth"": 8, ""min_samples_leaf"": 1, ""min_samples_split"": 4, ""criterion"": ""entropy"", ""class_weight"": ""balanced""}"
15,2026-06-05T11:42:26.818199+00:00,rf,ranking_extra,15,4965,3,996,0.5910752965611494,703,293,0.49694696375960995,"[""V176"", ""V255"", ""V191""]","{""n_estimators"": 157, ""max_depth"": 5, ""min_samples_leaf"": 1, ""min_samples_split"": 6, ""criterion"": ""gini"", ""class_weight"": null}"
16,2026-06-05T11:44:19.088274+00:00,rf,ranking_extra,16,4985,3,995,0.6116722134266425,704,291,0.49893944456231165,"[""V176"", ""V255"", ""V191""]","{""n_estimators"": 295, ""max_depth"": 7, ""min_samples_leaf"": 1, ""min_samples_split"": 7, ""criterion"": ""gini"", ""class_weight"": ""balanced""}"
17,2026-06-05T11:45:40.367016+00:00,rf,ranking_extra,17,4885,6,1000,0.6271001886112822,739,261,0.4948271680517564,"[""V176"", ""V255"", ""V191"", ""V224"", ""V215"", ""V483""]","{""n_estimators"": 219, ""max_depth"": 9, ""min_samples_leaf"": 3, ""min_samples_split"": 3, ""criterion"": ""entropy"", ""class_weight"": null}"
18,2026-06-05T11:46:40.261693+00:00,rf,ranking_extra,18,4915,6,1000,0.6394926418165156,741,259,0.4937036747153752,"[""V176"", ""V255"", ""V191"", ""V224"", ""V215"", ""V483""]","{""n_estimators"": 161, ""max_depth"": 10, ""min_samples_leaf"": 2, ""min_samples_split"": 9, ""criterion"": ""entropy"", ""class_weight"": null}"
19,2026-06-05T11:48:41.767386+00:00,rf,ranking_extra,19,4960,3,1000,0.6060206252130456,704,296,0.49740154916632207,"[""V176"", ""V255"", ""V191""]","{""n_estimators"": 348, ""max_depth"": 6, ""min_samples_leaf"": 4, ""min_samples_split"": 2, ""criterion"": ""gini"", ""class_weight"": null}"
20,2026-06-05T11:49:34.578628+00:00,rf,ranking_extra,20,4975,3,1000,0.5920475505985906,705,295,0.49951073285428704,"[""V176"", ""V255"", ""V191""]","{""n_estimators"": 143, ""max_depth"": 4, ""min_samples_leaf"": 3, ""min_samples_split"": 7, ""criterion"": ""gini"", ""class_weight"": ""balanced""}"
21,2026-06-05T11:52:08.926656+00:00,rf,ranking_extra,21,4915,3,1000,0.6041056997597437,701,299,0.49941083416303145,"[""V176"", ""V255"", ""V191""]","{""n_estimators"": 405, ""max_depth"": 6, ""min_samples_leaf"": 3, ""min_samples_split"": 9, ""criterion"": ""entropy"", ""class_weight"": ""balanced""}"
22,2026-06-05T11:53:38.527756+00:00,rf,ranking_extra,22,5140,3,1000,0.599365484736322,716,284,0.49714973783664446,"[""V176"", ""V255"", ""V191""]","{""n_estimators"": 257, ""max_depth"": 6, ""min_samples_leaf"": 1, ""min_samples_split"": 6, ""criterion"": ""entropy"", ""class_weight"": null}"
23,2026-06-05T11:56:19.120591+00:00,rf,ranking_extra,23,4965,3,999,0.6059107534525016,704,295,0.4993078472508336,"[""V176"", ""V255"", ""V191""]","{""n_estimators"": 423, ""max_depth"": 6, ""min_samples_leaf"": 1, ""min_samples_split"": 6, ""criterion"": ""gini"", ""class_weight"": ""balanced""}"
24,2026-06-05T11:57:10.309109+00:00,rf,ranking_extra,24,4810,3,1000,0.618963319712451,694,306,0.4985493286344379,"[""V176"", ""V255"", ""V191""]","{""n_estimators"": 133, ""max_depth"": 8, ""min_samples_leaf"": 3, ""min_samples_split"": 2, ""criterion"": ""gini"", ""class_weight"": ""balanced""}"
25,2026-06-05T12:00:12.100516+00:00,rf,ranking_extra,25,4845,6,999,0.6447771963344704,736,263,0.4960284181980245,"[""V176"", ""V255"", ""V191"", ""V224"", ""V215"", ""V483""]","{""n_estimators"": 468, ""max_depth"": 10, ""min_samples_leaf"": 4, ""min_samples_split"": 2, ""criterion"": ""gini"", ""class_weight"": ""balanced""}"
26,2026-06-05T12:01:23.088640+00:00,rf,ranking_extra,26,4840,3,1000,0.6302989452922166,696,304,0.4980057347215288,"[""V176"", ""V255"", ""V191""]","{""n_estimators"": 182, ""max_depth"": 10, ""min_samples_leaf"": 3, ""min_samples_split"": 4, ""criterion"": ""gini"", ""class_weight"": ""balanced""}"
27,2026-06-05T12:03:28.507114+00:00,rf,ranking_extra,27,4885,3,1000,0.6095840690335437,699,301,0.4964718617291075,"[""V176"", ""V255"", ""V191""]","{""n_estimators"": 359, ""max_depth"": 7, ""min_samples_leaf"": 3, ""min_samples_split"": 8, ""criterion"": ""gini"", ""class_weight"": null}"
28,2026-06-05T12:03:56.614316+00:00,rf,ranking_extra,28,4865,3,989,0.6272765911453327,694,295,0.4956283401949702,"[""V176"", ""V255"", ""V191""]","{""n_estimators"": 69, ""max_depth"": 11, ""min_samples_leaf"": 1, ""min_samples_split"": 2, ""criterion"": ""entropy"", ""class_weight"": null}"
29,2026-06-05T12:05:50.586872+00:00,rf,ranking_extra,29,4985,3,998,0.5985594654464043,705,293,0.499546674469157,"[""V176"", ""V255"", ""V191""]","{""n_estimators"": 307, ""max_depth"": 5, ""min_samples_leaf"": 2, ""min_samples_split"": 7, ""criterion"": ""gini"", ""class_weight"": ""balanced""}"
30,2026-06-05T12:08:18.130429+00:00,rf,ranking_extra,30,4975,3,1000,0.5966602977820707,705,295,0.49704249574907483,"[""V176"", ""V255"", ""V191""]","{""n_estimators"": 421, ""max_depth"": 5, ""min_samples_leaf"": 1, ""min_samples_split"": 7, ""criterion"": ""entropy"", ""class_weight"": null}"
31,2026-06-05T12:10:29.156034+00:00,rf,ranking_extra,31,4900,3,1000,0.6159151828807635,700,300,0.4983888510699397,"[""V176"", ""V255"", ""V191""]","{""n_estimators"": 343, ""max_depth"": 8, ""min_samples_leaf"": 2, ""min_samples_split"": 7, ""criterion"": ""gini"", ""class_weight"": ""balanced""}"
32,2026-06-05T12:12:07.380328+00:00,rf,ranking_extra,32,4970,3,995,0.5875869556062584,703,292,0.49939051258269646,"[""V176"", ""V255"", ""V191""]","{""n_estimators"": 260, ""max_depth"": 4, ""min_samples_leaf"": 4, ""min_samples_split"": 2, ""criterion"": ""entropy"", ""class_weight"": ""balanced""}"
33,2026-06-05T12:13:46.071524+00:00,rf,ranking_extra,33,4975,3,1000,0.5978598051927991,705,295,0.499101655788657,"[""V176"", ""V255"", ""V191""]","{""n_estimators"": 265, ""max_depth"": 5, ""min_samples_leaf"": 4, ""min_samples_split"": 7, ""criterion"": ""gini"", ""class_weight"": ""balanced""}"
34,2026-06-05T12:14:11.536486+00:00,rf,ranking_extra,34,4920,3,999,0.6024743392989259,701,298,0.4962076100603128,"[""V176"", ""V255"", ""V191""]","{""n_estimators"": 70, ""max_depth"": 6, ""min_samples_leaf"": 4, ""min_samples_split"": 2, ""criterion"": ""gini"", ""class_weight"": null}"
35,2026-06-05T12:17:10.792467+00:00,rf,ranking_extra,35,4915,6,1000,0.6326331045663462,741,259,0.49598992577114276,"[""V176"", ""V255"", ""V191"", ""V224"", ""V215"", ""V483""]","{""n_estimators"": 467, ""max_depth"": 9, ""min_samples_leaf"": 3, ""min_samples_split"": 4, ""criterion"": ""gini"", ""class_weight"": ""balanced""}"
36,2026-06-05T12:18:37.977283+00:00,rf,ranking_extra,36,4920,5,1000,0.6365572301423053,728,272,0.4940750956272149,"[""V176"", ""V255"", ""V191"", ""V224"", ""V215""]","{""n_estimators"": 251, ""max_depth"": 9, ""min_samples_leaf"": 4, ""min_samples_split"": 6, ""criterion"": ""gini"", ""class_weight"": null}"
37,2026-06-05T12:19:48.077743+00:00,rf,ranking_extra,37,4930,6,1000,0.6359152095535704,742,258,0.49624835001321743,"[""V176"", ""V255"", ""V191"", ""V224"", ""V215"", ""V483""]","{""n_estimators"": 183, ""max_depth"": 9, ""min_samples_leaf"": 3, ""min_samples_split"": 8, ""criterion"": ""gini"", ""class_weight"": ""balanced""}"
38,2026-06-05T12:22:25.064112+00:00,rf,ranking_extra,38,4920,3,999,0.595598352729839,701,298,0.49695374118844665,"[""V176"", ""V255"", ""V191""]","{""n_estimators"": 449, ""max_depth"": 5, ""min_samples_leaf"": 4, ""min_samples_split"": 6, ""criterion"": ""gini"", ""class_weight"": null}"
39,2026-06-05T12:25:28.999652+00:00,rf,ranking_extra,39,4980,6,999,0.6394496351002378,745,254,0.49643482826921337,"[""V176"", ""V255"", ""V191"", ""V224"", ""V215"", ""V483""]","{""n_estimators"": 467, ""max_depth"": 10, ""min_samples_leaf"": 4, ""min_samples_split"": 7, ""criterion"": ""entropy"", ""class_weight"": ""balanced""}"
40,2026-06-05T12:28:06.949005+00:00,rf,ranking_extra,40,4950,3,999,0.6055949409535696,703,296,0.4970655593893047,"[""V176"", ""V255"", ""V191""]","{""n_estimators"": 443, ""max_depth"": 7, ""min_samples_leaf"": 2, ""min_samples_split"": 3, ""criterion"": ""entropy"", ""class_weight"": null}"
41,2026-06-05T12:30:33.270925+00:00,rf,ranking_extra,41,4800,5,1000,0.648027082838151,720,280,0.49566247770928074,"[""V176"", ""V255"", ""V191"", ""V224"", ""V215""]","{""n_estimators"": 376, ""max_depth"": 11, ""min_samples_leaf"": 4, ""min_samples_split"": 9, ""criterion"": ""gini"", ""class_weight"": ""balanced""}"
42,2026-06-05T12:33:45.946619+00:00,rf,ranking_extra,42,4965,6,999,0.6417969490661369,744,255,0.496783266845708,"[""V176"", ""V255"", ""V191"", ""V224"", ""V215"", ""V483""]","{""n_estimators"": 498, ""max_depth"": 10, ""min_samples_leaf"": 4, ""min_samples_split"": 6, ""criterion"": ""entropy"", ""class_weight"": ""balanced""}"
43,2026-06-05T12:34:38.697184+00:00,rf,ranking_extra,43,4960,3,1000,0.5958550507557664,704,296,0.4971155512781668,"[""V176"", ""V255"", ""V191""]","{""n_estimators"": 152, ""max_depth"": 5, ""min_samples_leaf"": 4, ""min_samples_split"": 6, ""criterion"": ""gini"", ""class_weight"": null}"
44,2026-06-05T12:36:59.375411+00:00,rf,ranking_extra,44,4945,3,1000,0.591492800784278,703,297,0.49994944053288254,"[""V176"", ""V255"", ""V191""]","{""n_estimators"": 374, ""max_depth"": 4, ""min_samples_leaf"": 1, ""min_samples_split"": 9, ""criterion"": ""entropy"", ""class_weight"": ""balanced""}"
45,2026-06-05T12:39:05.862110+00:00,rf,ranking_extra,45,4890,6,999,0.6421516734465789,739,260,0.49621193737902575,"[""V176"", ""V255"", ""V191"", ""V224"", ""V215"", ""V483""]","{""n_estimators"": 326, ""max_depth"": 10, ""min_samples_leaf"": 4, ""min_samples_split"": 3, ""criterion"": ""gini"", ""class_weight"": ""balanced""}"
46,2026-06-05T12:41:53.296800+00:00,rf,ranking_extra,46,5010,5,1000,0.6240450228795297,734,266,0.4954409326370529,"[""V176"", ""V255"", ""V191"", ""V224"", ""V215""]","{""n_estimators"": 464, ""max_depth"": 8, ""min_samples_leaf"": 4, ""min_samples_split"": 6, ""criterion"": ""entropy"", ""class_weight"": null}"
47,2026-06-05T12:43:24.920965+00:00,rf,ranking_extra,47,4990,3,1000,0.5945385247445506,706,294,0.49942477713953376,"[""V176"", ""V255"", ""V191""]","{""n_estimators"": 239, ""max_depth"": 5, ""min_samples_leaf"": 2, ""min_samples_split"": 2, ""criterion"": ""entropy"", ""class_weight"": ""balanced""}"
48,2026-06-05T12:44:31.363546+00:00,rf,ranking_extra,48,4870,5,998,0.6355243534951321,724,274,0.4941841475576871,"[""V176"", ""V255"", ""V191"", ""V224"", ""V215""]","{""n_estimators"": 185, ""max_depth"": 9, ""min_samples_leaf"": 3, ""min_samples_split"": 9, ""criterion"": ""gini"", ""class_weight"": null}"
49,2026-06-05T12:44:50.732256+00:00,rf,ranking_extra,49,4810,6,997,0.6353373865211946,733,264,0.49454991557960776,"[""V176"", ""V255"", ""V191"", ""V224"", ""V215"", ""V483""]","{""n_estimators"": 50, ""max_depth"": 9, ""min_samples_leaf"": 4, ""min_samples_split"": 3, ""criterion"": ""gini"", ""class_weight"": null}"
50,2026-06-05T12:47:38.601196+00:00,rf,ranking_extra,50,4960,3,1000,0.5950248172317059,704,296,0.497229574083375,"[""V176"", ""V255"", ""V191""]","{""n_estimators"": 476, ""max_depth"": 5, ""min_samples_leaf"": 2, ""min_samples_split"": 2, ""criterion"": ""entropy"", ""class_weight"": null}"
51,2026-06-05T12:49:02.803079+00:00,rf,ranking_extra,51,4900,6,1000,0.6414121392724068,740,260,0.49284457727022835,"[""V176"", ""V255"", ""V191"", ""V224"", ""V215"", ""V483""]","{""n_estimators"": 226, ""max_depth"": 11, ""min_samples_leaf"": 1, ""min_samples_split"": 5, ""criterion"": ""entropy"", ""class_weight"": null}"
52,2026-06-05T12:49:43.116552+00:00,rf,ranking_extra,52,4950,3,999,0.6102117909609227,703,296,0.49901244907057407,"[""V176"", ""V255"", ""V191""]","{""n_estimators"": 107, ""max_depth"": 7, ""min_samples_leaf"": 2, ""min_samples_split"": 2, ""criterion"": ""gini"", ""class_weight"": ""balanced""}"
53,2026-06-05T12:50:55.619830+00:00,rf,ranking_extra,53,4840,6,1000,0.6233386590833025,736,264,0.4950464496877217,"[""V176"", ""V255"", ""V191"", ""V224"", ""V215"", ""V483""]","{""n_estimators"": 206, ""max_depth"": 8, ""min_samples_leaf"": 4, ""min_samples_split"": 7, ""criterion"": ""gini"", ""class_weight"": null}"
54,2026-06-05T12:51:24.410401+00:00,rf,ranking_extra,54,5020,3,1000,0.6086522508242339,708,292,0.496975071903085,"[""V176"", ""V255"", ""V191""]","{""n_estimators"": 75, ""max_depth"": 7, ""min_samples_leaf"": 2, ""min_samples_split"": 7, ""criterion"": ""entropy"", ""class_weight"": null}"
55,2026-06-05T12:52:20.900295+00:00,rf,ranking_extra,55,5035,3,1000,0.6028619382978638,709,291,0.49700733145007014,"[""V176"", ""V255"", ""V191""]","{""n_estimators"": 161, ""max_depth"": 6, ""min_samples_leaf"": 2, ""min_samples_split"": 4, ""criterion"": ""entropy"", ""class_weight"": null}"
56,2026-06-05T12:53:38.012540+00:00,rf,ranking_extra,56,4950,3,996,0.600001866571882,702,294,0.49890572373804026,"[""V176"", ""V255"", ""V191""]","{""n_estimators"": 204, ""max_depth"": 5, ""min_samples_leaf"": 4, ""min_samples_split"": 2, ""criterion"": ""gini"", ""class_weight"": ""balanced""}"
57,2026-06-05T12:55:54.384165+00:00,rf,ranking_extra,57,4960,3,1000,0.5894791628171758,704,296,0.49698811445728913,"[""V176"", ""V255"", ""V191""]","{""n_estimators"": 391, ""max_depth"": 4, ""min_samples_leaf"": 1, ""min_samples_split"": 9, ""criterion"": ""entropy"", ""class_weight"": null}"
58,2026-06-05T12:57:34.630270+00:00,rf,ranking_extra,58,4980,3,996,0.5910467879467104,704,292,0.4995712435850277,"[""V176"", ""V255"", ""V191""]","{""n_estimators"": 264, ""max_depth"": 4, ""min_samples_leaf"": 2, ""min_samples_split"": 8, ""criterion"": ""entropy"", ""class_weight"": ""balanced""}"
59,2026-06-05T12:59:44.498322+00:00,rf,ranking_extra,59,4840,3,1000,0.6109482687096125,696,304,0.4988911548613543,"[""V176"", ""V255"", ""V191""]","{""n_estimators"": 341, ""max_depth"": 7, ""min_samples_leaf"": 1, ""min_samples_split"": 9, ""criterion"": ""gini"", ""class_weight"": ""balanced""}"
60,2026-06-05T13:01:02.709754+00:00,rf,ranking_extra,60,4885,3,1000,0.6111857490758451,699,301,0.4965768296880132,"[""V176"", ""V255"", ""V191""]","{""n_estimators"": 227, ""max_depth"": 7, ""min_samples_leaf"": 1, ""min_samples_split"": 7, ""criterion"": ""gini"", ""class_weight"": null}"
61,2026-06-05T13:02:42.330747+00:00,rf,ranking_extra,61,5050,3,1000,0.6172845986326645,710,290,0.49912692526487273,"[""V176"", ""V255"", ""V191""]","{""n_estimators"": 255, ""max_depth"": 8, ""min_samples_leaf"": 2, ""min_samples_split"": 8, ""criterion"": ""entropy"", ""class_weight"": ""balanced""}"
62,2026-06-05T13:03:40.057485+00:00,rf,ranking_extra,62,4750,3,1000,0.635315822717999,690,310,0.49827085854107533,"[""V176"", ""V255"", ""V191""]","{""n_estimators"": 149, ""max_depth"": 11, ""min_samples_leaf"": 3, ""min_samples_split"": 4, ""criterion"": ""gini"", ""class_weight"": ""balanced""}"
63,2026-06-05T13:04:06.550524+00:00,rf,ranking_extra,63,4900,3,1000,0.6078109128139118,700,300,0.4995535152198798,"[""V176"", ""V255"", ""V191""]","{""n_estimators"": 68, ""max_depth"": 6, ""min_samples_leaf"": 1, ""min_samples_split"": 3, ""criterion"": ""gini"", ""class_weight"": ""balanced""}"
64,2026-06-05T13:04:43.566222+00:00,rf,ranking_extra,64,4860,3,999,0.6247342393309469,697,302,0.4963896313256443,"[""V176"", ""V255"", ""V191""]","{""n_estimators"": 94, ""max_depth"": 11, ""min_samples_leaf"": 1, ""min_samples_split"": 5, ""criterion"": ""entropy"", ""class_weight"": null}"
65,2026-06-05T13:05:45.223884+00:00,rf,ranking_extra,65,4820,7,1000,0.6454082680389409,748,252,0.49244256622232807,"[""V176"", ""V255"", ""V191"", ""V224"", ""V215"", ""V483"", ""V342""]","{""n_estimators"": 169, ""max_depth"": 11, ""min_samples_leaf"": 3, ""min_samples_split"": 8, ""criterion"": ""gini"", ""class_weight"": null}"
66,2026-06-05T13:07:56.161540+00:00,rf,ranking_extra,66,4985,6,998,0.6371601017870737,745,253,0.4945788699841317,"[""V176"", ""V255"", ""V191"", ""V224"", ""V215"", ""V483""]","{""n_estimators"": 352, ""max_depth"": 10, ""min_samples_leaf"": 2, ""min_samples_split"": 9, ""criterion"": ""entropy"", ""class_weight"": null}"
67,2026-06-05T13:08:21.000981+00:00,rf,ranking_extra,67,4995,3,999,0.5954104031347845,706,293,0.4972851850397648,"[""V176"", ""V255"", ""V191""]","{""n_estimators"": 70, ""max_depth"": 5, ""min_samples_leaf"": 1, ""min_samples_split"": 9, ""criterion"": ""entropy"", ""class_weight"": null}"
68,2026-06-05T13:10:29.436783+00:00,rf,ranking_extra,68,5000,3,995,0.5933179772851622,705,290,0.4972852628356044,"[""V176"", ""V255"", ""V191""]","{""n_estimators"": 373, ""max_depth"": 5, ""min_samples_leaf"": 2, ""min_samples_split"": 4, ""criterion"": ""gini"", ""class_weight"": null}"
69,2026-06-05T13:12:51.494056+00:00,rf,ranking_extra,69,4825,6,1000,0.6473559288413533,735,265,0.49493073651568675,"[""V176"", ""V255"", ""V191"", ""V224"", ""V215"", ""V483""]","{""n_estimators"": 369, ""max_depth"": 11, ""min_samples_leaf"": 3, ""min_samples_split"": 9, ""criterion"": ""gini"", ""class_weight"": ""balanced""}"
70,2026-06-05T13:13:29.825816+00:00,rf,ranking_extra,70,4930,3,1000,0.5866515941337437,702,298,0.49952315240877115,"[""V176"", ""V255"", ""V191""]","{""n_estimators"": 104, ""max_depth"": 4, ""min_samples_leaf"": 4, ""min_samples_split"": 3, ""criterion"": ""gini"", ""class_weight"": ""balanced""}"
71,2026-06-05T13:15:44.048081+00:00,rf,ranking_extra,71,5005,3,997,0.5941720306915819,706,291,0.4970885405610939,"[""V176"", ""V255"", ""V191""]","{""n_estimators"": 384, ""max_depth"": 5, ""min_samples_leaf"": 3, ""min_samples_split"": 4, ""criterion"": ""entropy"", ""class_weight"": null}"
72,2026-06-05T13:16:40.093845+00:00,rf,ranking_extra,72,4860,6,996,0.6349122871299625,736,260,0.4944701326195236,"[""V176"", ""V255"", ""V191"", ""V224"", ""V215"", ""V483""]","{""n_estimators"": 157, ""max_depth"": 9, ""min_samples_leaf"": 2, ""min_samples_split"": 5, ""criterion"": ""gini"", ""class_weight"": null}"
73,2026-06-05T13:18:30.247250+00:00,rf,ranking_extra,73,4945,3,1000,0.596777400409589,703,297,0.4966800660850937,"[""V176"", ""V255"", ""V191""]","{""n_estimators"": 325, ""max_depth"": 5, ""min_samples_leaf"": 3, ""min_samples_split"": 4, ""criterion"": ""gini"", ""class_weight"": null}"
74,2026-06-05T13:21:11.346739+00:00,rf,ranking_extra,74,4840,5,998,0.6285614362098172,722,276,0.4946562951695263,"[""V176"", ""V255"", ""V191"", ""V224"", ""V215""]","{""n_estimators"": 456, ""max_depth"": 8, ""min_samples_leaf"": 3, ""min_samples_split"": 8, ""criterion"": ""gini"", ""class_weight"": null}"
75,2026-06-05T13:24:08.061060+00:00,rf,ranking_extra,75,4965,3,993,0.5969592938606185,702,291,0.4993219504828645,"[""V176"", ""V255"", ""V191""]","{""n_estimators"": 464, ""max_depth"": 5, ""min_samples_leaf"": 4, ""min_samples_split"": 3, ""criterion"": ""entropy"", ""class_weight"": ""balanced""}"
76,2026-06-05T13:26:00.485104+00:00,rf,ranking_extra,76,4900,6,1000,0.6410346783720288,740,260,0.49282576729322375,"[""V176"", ""V255"", ""V191"", ""V224"", ""V215"", ""V483""]","{""n_estimators"": 298, ""max_depth"": 11, ""min_samples_leaf"": 1, ""min_samples_split"": 5, ""criterion"": ""entropy"", ""class_weight"": null}"
77,2026-06-05T13:27:16.532258+00:00,rf,ranking_extra,77,5035,6,1000,0.6310895123439927,749,251,0.4953065804821441,"[""V176"", ""V255"", ""V191"", ""V224"", ""V215"", ""V483""]","{""n_estimators"": 211, ""max_depth"": 9, ""min_samples_leaf"": 4, ""min_samples_split"": 9, ""criterion"": ""entropy"", ""class_weight"": null}"
78,2026-06-05T13:28:59.901931+00:00,rf,ranking_extra,78,4975,3,1000,0.6138214350329478,705,295,0.4988715618852499,"[""V176"", ""V255"", ""V191""]","{""n_estimators"": 265, ""max_depth"": 8, ""min_samples_leaf"": 4, ""min_samples_split"": 6, ""criterion"": ""entropy"", ""class_weight"": ""balanced""}"
79,2026-06-05T13:30:24.799448+00:00,rf,ranking_extra,79,4900,3,994,0.6112451412767317,698,296,0.4963390695023113,"[""V176"", ""V255"", ""V191""]","{""n_estimators"": 247, ""max_depth"": 7, ""min_samples_leaf"": 3, ""min_samples_split"": 9, ""criterion"": ""gini"", ""class_weight"": null}"
80,2026-06-05T13:32:44.559469+00:00,rf,ranking_extra,80,5040,3,996,0.5992056297736207,708,288,0.49686906469673703,"[""V176"", ""V255"", ""V191""]","{""n_estimators"": 393, ""max_depth"": 6, ""min_samples_leaf"": 2, ""min_samples_split"": 4, ""criterion"": ""entropy"", ""class_weight"": null}"
81,2026-06-05T13:34:05.423936+00:00,rf,ranking_extra,81,4975,3,1000,0.6119369963044881,705,295,0.49705460037128923,"[""V176"", ""V255"", ""V191""]","{""n_estimators"": 225, ""max_depth"": 8, ""min_samples_leaf"": 1, ""min_samples_split"": 8, ""criterion"": ""entropy"", ""class_weight"": null}"
82,2026-06-05T13:36:23.127540+00:00,rf,ranking_extra,82,4920,5,1000,0.6381359398329508,728,272,0.4933100678638997,"[""V176"", ""V255"", ""V191"", ""V224"", ""V215""]","{""n_estimators"": 373, ""max_depth"": 11, ""min_samples_leaf"": 2, ""min_samples_split"": 2, ""criterion"": ""entropy"", ""class_weight"": null}"
83,2026-06-05T13:37:25.978921+00:00,rf,ranking_extra,83,5005,3,1000,0.6051631704324852,707,293,0.4969078114663842,"[""V176"", ""V255"", ""V191""]","{""n_estimators"": 181, ""max_depth"": 6, ""min_samples_leaf"": 3, ""min_samples_split"": 5, ""criterion"": ""entropy"", ""class_weight"": null}"
84,2026-06-05T13:38:19.918200+00:00,rf,ranking_extra,84,4985,5,999,0.6426727547685587,732,267,0.4969172245793059,"[""V176"", ""V255"", ""V191"", ""V224"", ""V215""]","{""n_estimators"": 132, ""max_depth"": 11, ""min_samples_leaf"": 4, ""min_samples_split"": 2, ""criterion"": ""entropy"", ""class_weight"": ""balanced""}"
85,2026-06-05T13:41:05.684201+00:00,rf,ranking_extra,85,4890,5,1000,0.6286454113201654,726,274,0.4946630041077917,"[""V176"", ""V255"", ""V191"", ""V224"", ""V215""]","{""n_estimators"": 476, ""max_depth"": 8, ""min_samples_leaf"": 2, ""min_samples_split"": 3, ""criterion"": ""gini"", ""class_weight"": null}"
86,2026-06-05T13:43:24.920384+00:00,rf,ranking_extra,86,4915,3,1000,0.6099749215659013,701,299,0.4965142096029649,"[""V176"", ""V255"", ""V191""]","{""n_estimators"": 412, ""max_depth"": 7, ""min_samples_leaf"": 1, ""min_samples_split"": 7, ""criterion"": ""gini"", ""class_weight"": null}"
87,2026-06-05T13:44:37.794142+00:00,rf,ranking_extra,87,4990,3,1000,0.5923827624417449,706,294,0.4995212269868407,"[""V176"", ""V255"", ""V191""]","{""n_estimators"": 198, ""max_depth"": 4, ""min_samples_leaf"": 1, ""min_samples_split"": 6, ""criterion"": ""entropy"", ""class_weight"": ""balanced""}"
88,2026-06-05T13:46:59.855840+00:00,rf,ranking_extra,88,5035,3,1000,0.605338775181806,709,291,0.49893321809335794,"[""V176"", ""V255"", ""V191""]","{""n_estimators"": 383, ""max_depth"": 6, ""min_samples_leaf"": 4, ""min_samples_split"": 9, ""criterion"": ""gini"", ""class_weight"": ""balanced""}"
89,2026-06-05T13:48:59.316251+00:00,rf,ranking_extra,89,4925,5,996,0.6437764410608333,727,269,0.4939460339871176,"[""V176"", ""V255"", ""V191"", ""V224"", ""V215""]","{""n_estimators"": 338, ""max_depth"": 10, ""min_samples_leaf"": 4, ""min_samples_split"": 3, ""criterion"": ""gini"", ""class_weight"": null}"
90,2026-06-05T13:51:52.953805+00:00,rf,ranking_extra,90,4975,3,1000,0.5941001591788491,705,295,0.4992181700448942,"[""V176"", ""V255"", ""V191""]","{""n_estimators"": 453, ""max_depth"": 5, ""min_samples_leaf"": 3, ""min_samples_split"": 6, ""criterion"": ""entropy"", ""class_weight"": ""balanced""}"
91,2026-06-05T13:54:11.335602+00:00,rf,ranking_extra,91,4885,3,1000,0.6118475599340513,699,301,0.49685507048802946,"[""V176"", ""V255"", ""V191""]","{""n_estimators"": 397, ""max_depth"": 7, ""min_samples_leaf"": 2, ""min_samples_split"": 4, ""criterion"": ""gini"", ""class_weight"": null}"
92,2026-06-05T13:55:37.000950+00:00,rf,ranking_extra,92,4930,3,1000,0.5985981145938075,702,298,0.4993878930041327,"[""V176"", ""V255"", ""V191""]","{""n_estimators"": 228, ""max_depth"": 5, ""min_samples_leaf"": 3, ""min_samples_split"": 4, ""criterion"": ""gini"", ""class_weight"": ""balanced""}"
93,2026-06-05T13:56:46.357272+00:00,rf,ranking_extra,93,4990,6,1000,0.6398181178511458,746,254,0.49619276036456295,"[""V176"", ""V255"", ""V191"", ""V224"", ""V215"", ""V483""]","{""n_estimators"": 172, ""max_depth"": 10, ""min_samples_leaf"": 3, ""min_samples_split"": 5, ""criterion"": ""entropy"", ""class_weight"": ""balanced""}"
94,2026-06-05T13:59:52.416394+00:00,rf,ranking_extra,94,4945,6,1000,0.6450637361987891,743,257,0.4966189586374886,"[""V176"", ""V255"", ""V191"", ""V224"", ""V215"", ""V483""]","{""n_estimators"": 471, ""max_depth"": 11, ""min_samples_leaf"": 4, ""min_samples_split"": 6, ""criterion"": ""entropy"", ""class_weight"": ""balanced""}"
95,2026-06-05T14:01:13.750534+00:00,rf,ranking_extra,95,4965,3,999,0.602552419186089,704,295,0.49693609767107066,"[""V176"", ""V255"", ""V191""]","{""n_estimators"": 237, ""max_depth"": 6, ""min_samples_leaf"": 3, ""min_samples_split"": 2, ""criterion"": ""gini"", ""class_weight"": null}"
96,2026-06-05T14:04:05.984257+00:00,rf,ranking_extra,96,5020,3,1000,0.6032770340412883,708,292,0.4992819994533712,"[""V176"", ""V255"", ""V191""]","{""n_estimators"": 456, ""max_depth"": 6, ""min_samples_leaf"": 2, ""min_samples_split"": 5, ""criterion"": ""entropy"", ""class_weight"": ""balanced""}"
97,2026-06-05T14:04:55.753948+00:00,rf,ranking_extra,97,4945,6,997,0.6293932405526821,742,255,0.4949172994190698,"[""V176"", ""V255"", ""V191"", ""V224"", ""V215"", ""V483""]","{""n_estimators"": 134, ""max_depth"": 9, ""min_samples_leaf"": 3, ""min_samples_split"": 8, ""criterion"": ""entropy"", ""class_weight"": null}"
98,2026-06-05T14:05:48.057140+00:00,rf,ranking_extra,98,4975,6,1000,0.6113072190500408,745,255,0.4956355365368936,"[""V176"", ""V255"", ""V191"", ""V224"", ""V215"", ""V483""]","{""n_estimators"": 140, ""max_depth"": 7, ""min_samples_leaf"": 4, ""min_samples_split"": 3, ""criterion"": ""entropy"", ""class_weight"": null}"
99,2026-06-05T14:06:22.084098+00:00,rf,ranking_extra,99,4850,3,998,0.624458997852272,696,302,0.4964302656003718,"[""V176"", ""V255"", ""V191""]","{""n_estimators"": 92, ""max_depth"": 9, ""min_samples_leaf"": 1, ""min_samples_split"": 9, ""criterion"": ""gini"", ""class_weight"": null}"
100,2026-06-05T14:07:34.387623+00:00,rf,ranking_extra,100,4955,7,1000,0.6386128775410831,757,243,0.49633352827635474,"[""V176"", ""V255"", ""V191"", ""V224"", ""V215"", ""V483"", ""V342""]","{""n_estimators"": 179, ""max_depth"": 10, ""min_samples_leaf"": 4, ""min_samples_split"": 3, ""criterion"": ""entropy"", ""class_weight"": ""balanced""}"
101,2026-06-05T14:07:56.865729+00:00,rf,ranking_extra,101,5025,3,999,0.5999645408269945,708,291,0.49731604771889026,"[""V176"", ""V255"", ""V191""]","{""n_estimators"": 58, ""max_depth"": 6, ""min_samples_leaf"": 1, ""min_samples_split"": 5, ""criterion"": ""entropy"", ""class_weight"": null}"
102,2026-06-05T14:10:18.361049+00:00,rf,ranking_extra,102,5020,3,1000,0.6066868555731217,708,292,0.4967920704334892,"[""V176"", ""V255"", ""V191""]","{""n_estimators"": 401, ""max_depth"": 7, ""min_samples_leaf"": 4, ""min_samples_split"": 3, ""criterion"": ""entropy"", ""class_weight"": null}"
103,2026-06-05T14:12:15.608491+00:00,rf,ranking_extra,103,5045,3,998,0.6026712691581378,709,289,0.49935687529701517,"[""V176"", ""V255"", ""V191""]","{""n_estimators"": 306, ""max_depth"": 6, ""min_samples_leaf"": 4, ""min_samples_split"": 8, ""criterion"": ""entropy"", ""class_weight"": ""balanced""}"
104,2026-06-05T14:14:15.861652+00:00,rf,ranking_extra,104,4810,5,998,0.6475119083328323,720,278,0.4949196238179469,"[""V176"", ""V255"", ""V191"", ""V224"", ""V215""]","{""n_estimators"": 313, ""max_depth"": 11, ""min_samples_leaf"": 2, ""min_samples_split"": 5, ""criterion"": ""gini"", ""class_weight"": ""balanced""}"
105,2026-06-05T14:14:59.167669+00:00,rf,ranking_extra,105,4915,3,1000,0.5829623458797094,701,299,0.49898577083868484,"[""V176"", ""V255"", ""V191""]","{""n_estimators"": 119, ""max_depth"": 4, ""min_samples_leaf"": 2, ""min_samples_split"": 3, ""criterion"": ""gini"", ""class_weight"": ""balanced""}"
106,2026-06-05T14:16:34.497691+00:00,rf,ranking_extra,106,4830,3,999,0.6238635979283289,695,304,0.49847741146050667,"[""V176"", ""V255"", ""V191""]","{""n_estimators"": 242, ""max_depth"": 9, ""min_samples_leaf"": 2, ""min_samples_split"": 8, ""criterion"": ""gini"", ""class_weight"": ""balanced""}"
107,2026-06-05T14:19:03.109348+00:00,rf,ranking_extra,107,4905,6,999,0.6468078704913045,740,259,0.4934976968016121,"[""V176"", ""V255"", ""V191"", ""V224"", ""V215"", ""V483""]","{""n_estimators"": 416, ""max_depth"": 11, ""min_samples_leaf"": 3, ""min_samples_split"": 9, ""criterion"": ""gini"", ""class_weight"": null}"
108,2026-06-05T14:19:44.174567+00:00,rf,ranking_extra,108,5050,3,1000,0.6049874262026275,710,290,0.4970424624198852,"[""V176"", ""V255"", ""V191""]","{""n_estimators"": 112, ""max_depth"": 7, ""min_samples_leaf"": 1, ""min_samples_split"": 3, ""criterion"": ""entropy"", ""class_weight"": null}"
109,2026-06-05T14:20:35.724586+00:00,rf,ranking_extra,109,4960,3,1000,0.6029477520425786,704,296,0.496830648680754,"[""V176"", ""V255"", ""V191""]","{""n_estimators"": 149, ""max_depth"": 6, ""min_samples_leaf"": 4, ""min_samples_split"": 3, ""criterion"": ""gini"", ""class_weight"": null}"
110,2026-06-05T14:22:23.104097+00:00,rf,ranking_extra,110,4880,5,999,0.6258274760252942,725,274,0.49466356931209576,"[""V176"", ""V255"", ""V191"", ""V224"", ""V215""]","{""n_estimators"": 312, ""max_depth"": 8, ""min_samples_leaf"": 2, ""min_samples_split"": 7, ""criterion"": ""gini"", ""class_weight"": null}"
111,2026-06-05T14:23:27.085942+00:00,rf,ranking_extra,111,4910,6,998,0.6444748517239548,740,258,0.4935875369037202,"[""V176"", ""V255"", ""V191"", ""V224"", ""V215"", ""V483""]","{""n_estimators"": 178, ""max_depth"": 10, ""min_samples_leaf"": 4, ""min_samples_split"": 7, ""criterion"": ""gini"", ""class_weight"": null}"
112,2026-06-05T14:25:46.957708+00:00,rf,ranking_extra,112,4975,3,1000,0.6059596565836762,705,295,0.4969928742817066,"[""V176"", ""V255"", ""V191""]","{""n_estimators"": 390, ""max_depth"": 7, ""min_samples_leaf"": 1, ""min_samples_split"": 6, ""criterion"": ""entropy"", ""class_weight"": null}"
113,2026-06-05T14:26:43.711710+00:00,rf,ranking_extra,113,4935,5,1000,0.643025121398973,729,271,0.4940610550819634,"[""V176"", ""V255"", ""V191"", ""V224"", ""V215""]","{""n_estimators"": 150, ""max_depth"": 11, ""min_samples_leaf"": 4, ""min_samples_split"": 2, ""criterion"": ""entropy"", ""class_weight"": null}"
114,2026-06-05T14:28:02.552180+00:00,rf,ranking_extra,114,5035,3,1000,0.5924955275819482,709,291,0.49874145387366536,"[""V176"", ""V255"", ""V191""]","{""n_estimators"": 215, ""max_depth"": 4, ""min_samples_leaf"": 1, ""min_samples_split"": 4, ""criterion"": ""entropy"", ""class_weight"": ""balanced""}"
115,2026-06-05T14:28:46.048735+00:00,rf,ranking_extra,115,4900,3,1000,0.6103105566173163,700,300,0.49648595115865135,"[""V176"", ""V255"", ""V191""]","{""n_estimators"": 124, ""max_depth"": 7, ""min_samples_leaf"": 4, ""min_samples_split"": 8, ""criterion"": ""gini"", ""class_weight"": null}"
116,2026-06-05T14:30:49.859000+00:00,rf,ranking_extra,116,4885,3,1000,0.6158531274745322,699,301,0.49849495460952176,"[""V176"", ""V255"", ""V191""]","{""n_estimators"": 324, ""max_depth"": 8, ""min_samples_leaf"": 1, ""min_samples_split"": 9, ""criterion"": ""gini"", ""class_weight"": ""balanced""}"
117,2026-06-05T14:33:04.628024+00:00,rf,ranking_extra,117,4870,3,1000,0.6214551833648742,698,302,0.498765670107744,"[""V176"", ""V255"", ""V191""]","{""n_estimators"": 359, ""max_depth"": 8, ""min_samples_leaf"": 4, ""min_samples_split"": 6, ""criterion"": ""gini"", ""class_weight"": ""balanced""}"
118,2026-06-05T14:34:05.120300+00:00,rf,ranking_extra,118,4825,3,1000,0.6107596244884785,695,305,0.4988903829948262,"[""V176"", ""V255"", ""V191""]","{""n_estimators"": 162, ""max_depth"": 7, ""min_samples_leaf"": 1, ""min_samples_split"": 3, ""criterion"": ""gini"", ""class_weight"": ""balanced""}"
119,2026-06-05T14:36:00.680252+00:00,rf,ranking_extra,119,4965,3,999,0.6039638913144334,704,295,0.49908347796261787,"[""V176"", ""V255"", ""V191""]","{""n_estimators"": 306, ""max_depth"": 6, ""min_samples_leaf"": 4, ""min_samples_split"": 5, ""criterion"": ""entropy"", ""class_weight"": ""balanced""}"
120,2026-06-05T14:38:48.629506+00:00,rf,ranking_extra,120,4815,5,1000,0.6270131078128931,721,279,0.49470651926117537,"[""V176"", ""V255"", ""V191"", ""V224"", ""V215""]","{""n_estimators"": 468, ""max_depth"": 8, ""min_samples_leaf"": 3, ""min_samples_split"": 4, ""criterion"": ""gini"", ""class_weight"": null}"
121,2026-06-05T14:40:05.225441+00:00,rf,ranking_extra,121,4920,3,999,0.6099938759647502,701,298,0.4964258588084109,"[""V176"", ""V255"", ""V191""]","{""n_estimators"": 217, ""max_depth"": 7, ""min_samples_leaf"": 1, ""min_samples_split"": 8, ""criterion"": ""gini"", ""class_weight"": null}"
122,2026-06-05T14:42:12.933122+00:00,rf,ranking_extra,122,5005,3,1000,0.5963808747401997,707,293,0.49746387670826797,"[""V176"", ""V255"", ""V191""]","{""n_estimators"": 372, ""max_depth"": 5, ""min_samples_leaf"": 2, ""min_samples_split"": 2, ""criterion"": ""gini"", ""class_weight"": null}"
123,2026-06-05T14:45:13.551053+00:00,rf,ranking_extra,123,4960,3,1000,0.6099740885811598,704,296,0.4992116248877728,"[""V176"", ""V255"", ""V191""]","{""n_estimators"": 460, ""max_depth"": 7, ""min_samples_leaf"": 3, ""min_samples_split"": 8, ""criterion"": ""entropy"", ""class_weight"": ""balanced""}"
124,2026-06-05T14:47:51.996142+00:00,rf,ranking_extra,124,4990,3,1000,0.589491889331601,706,294,0.49959111918183663,"[""V176"", ""V255"", ""V191""]","{""n_estimators"": 415, ""max_depth"": 4, ""min_samples_leaf"": 3, ""min_samples_split"": 4, ""criterion"": ""entropy"", ""class_weight"": ""balanced""}"
125,2026-06-05T14:49:11.783879+00:00,rf,ranking_extra,125,4875,3,993,0.6194013070495086,696,297,0.4983865877078029,"[""V176"", ""V255"", ""V191""]","{""n_estimators"": 206, ""max_depth"": 8, ""min_samples_leaf"": 2, ""min_samples_split"": 9, ""criterion"": ""gini"", ""class_weight"": ""balanced""}"
126,2026-06-05T14:52:07.589183+00:00,rf,ranking_extra,126,4885,3,1000,0.6107212249059449,699,301,0.497102505754539,"[""V176"", ""V255"", ""V191""]","{""n_estimators"": 495, ""max_depth"": 7, ""min_samples_leaf"": 2, ""min_samples_split"": 4, ""criterion"": ""gini"", ""class_weight"": null}"
127,2026-06-05T14:54:42.320112+00:00,rf,ranking_extra,127,5020,3,1000,0.5886873489184894,708,292,0.4996143811886772,"[""V176"", ""V255"", ""V191""]","{""n_estimators"": 408, ""max_depth"": 4, ""min_samples_leaf"": 4, ""min_samples_split"": 4, ""criterion"": ""entropy"", ""class_weight"": ""balanced""}"
128,2026-06-05T14:56:18.496073+00:00,rf,ranking_extra,128,4930,3,997,0.5891874081416374,701,296,0.4993165032002895,"[""V176"", ""V255"", ""V191""]","{""n_estimators"": 251, ""max_depth"": 4, ""min_samples_leaf"": 1, ""min_samples_split"": 4, ""criterion"": ""gini"", ""class_weight"": ""balanced""}"
129,2026-06-05T14:57:50.843255+00:00,rf,ranking_extra,129,4915,3,1000,0.6083917981487463,701,299,0.49718535927837365,"[""V176"", ""V255"", ""V191""]","{""n_estimators"": 260, ""max_depth"": 7, ""min_samples_leaf"": 4, ""min_samples_split"": 7, ""criterion"": ""entropy"", ""class_weight"": null}"
130,2026-06-05T14:58:42.292078+00:00,rf,ranking_extra,130,4850,5,999,0.6289293407617559,723,276,0.4954795868202642,"[""V176"", ""V255"", ""V191"", ""V224"", ""V215""]","{""n_estimators"": 145, ""max_depth"": 8, ""min_samples_leaf"": 4, ""min_samples_split"": 2, ""criterion"": ""gini"", ""class_weight"": null}"
131,2026-06-05T15:01:30.788126+00:00,rf,ranking_extra,131,4870,6,1000,0.6373990700350941,738,262,0.4944672018623191,"[""V176"", ""V255"", ""V191"", ""V224"", ""V215"", ""V483""]","{""n_estimators"": 459, ""max_depth"": 10, ""min_samples_leaf"": 2, ""min_samples_split"": 7, ""criterion"": ""entropy"", ""class_weight"": null}"
132,2026-06-05T15:04:14.939317+00:00,rf,ranking_extra,132,4965,6,999,0.6326861332351241,744,255,0.49691253195363416,"[""V176"", ""V255"", ""V191"", ""V224"", ""V215"", ""V483""]","{""n_estimators"": 421, ""max_depth"": 9, ""min_samples_leaf"": 3, ""min_samples_split"": 6, ""criterion"": ""entropy"", ""class_weight"": ""balanced""}"
133,2026-06-05T15:06:41.292780+00:00,rf,ranking_extra,133,4985,5,999,0.6403361849530066,732,267,0.49347504304710427,"[""V176"", ""V255"", ""V191"", ""V224"", ""V215""]","{""n_estimators"": 403, ""max_depth"": 10, ""min_samples_leaf"": 3, ""min_samples_split"": 3, ""criterion"": ""gini"", ""class_weight"": null}"
134,2026-06-05T15:08:00.925031+00:00,rf,ranking_extra,134,4920,5,1000,0.638077174246966,728,272,0.49262272561912357,"[""V176"", ""V255"", ""V191"", ""V224"", ""V215""]","{""n_estimators"": 211, ""max_depth"": 11, ""min_samples_leaf"": 1, ""min_samples_split"": 2, ""criterion"": ""entropy"", ""class_weight"": null}"
135,2026-06-05T15:08:35.713572+00:00,rf,ranking_extra,135,4780,3,997,0.6333542165631655,691,306,0.4984073552751321,"[""V176"", ""V255"", ""V191""]","{""n_estimators"": 88, ""max_depth"": 11, ""min_samples_leaf"": 1, ""min_samples_split"": 9, ""criterion"": ""gini"", ""class_weight"": ""balanced""}"
136,2026-06-05T15:09:52.005457+00:00,rf,ranking_extra,136,4890,4,998,0.6198184930634261,712,286,0.4956463125495101,"[""V176"", ""V255"", ""V191"", ""V224""]","{""n_estimators"": 209, ""max_depth"": 9, ""min_samples_leaf"": 4, ""min_samples_split"": 5, ""criterion"": ""entropy"", ""class_weight"": null}"
137,2026-06-05T15:11:29.825318+00:00,rf,ranking_extra,137,4890,5,1000,0.6409606853091977,726,274,0.49327524951611884,"[""V176"", ""V255"", ""V191"", ""V224"", ""V215""]","{""n_estimators"": 273, ""max_depth"": 10, ""min_samples_leaf"": 2, ""min_samples_split"": 8, ""criterion"": ""gini"", ""class_weight"": null}"
138,2026-06-05T15:13:04.006689+00:00,rf,ranking_extra,138,4905,3,999,0.5980832142304415,700,299,0.49688006942605345,"[""V176"", ""V255"", ""V191""]","{""n_estimators"": 272, ""max_depth"": 5, ""min_samples_leaf"": 3, ""min_samples_split"": 7, ""criterion"": ""gini"", ""class_weight"": null}"
139,2026-06-05T15:14:49.568255+00:00,rf,ranking_extra,139,5035,3,1000,0.6074963584475274,709,291,0.4970132953483046,"[""V176"", ""V255"", ""V191""]","{""n_estimators"": 300, ""max_depth"": 7, ""min_samples_leaf"": 2, ""min_samples_split"": 3, ""criterion"": ""entropy"", ""class_weight"": null}"
140,2026-06-05T15:15:11.140807+00:00,rf,ranking_extra,140,4860,3,996,0.5879737445227865,696,300,0.5002260033023833,"[""V176"", ""V255"", ""V191""]","{""n_estimators"": 54, ""max_depth"": 4, ""min_samples_leaf"": 1, ""min_samples_split"": 6, ""criterion"": ""entropy"", ""class_weight"": ""balanced""}"
141,2026-06-05T15:16:04.332177+00:00,rf,ranking_extra,141,4925,3,995,0.5952714829416765,700,295,0.49674542913256525,"[""V176"", ""V255"", ""V191""]","{""n_estimators"": 154, ""max_depth"": 5, ""min_samples_leaf"": 3, ""min_samples_split"": 9, ""criterion"": ""gini"", ""class_weight"": null}"
142,2026-06-05T15:17:07.589816+00:00,rf,ranking_extra,142,5025,3,999,0.589812278480935,708,291,0.49987958198989035,"[""V176"", ""V255"", ""V191""]","{""n_estimators"": 168, ""max_depth"": 4, ""min_samples_leaf"": 2, ""min_samples_split"": 3, ""criterion"": ""entropy"", ""class_weight"": ""balanced""}"
143,2026-06-05T15:19:05.624137+00:00,rf,ranking_extra,143,4705,6,997,0.6468458925100709,726,271,0.4928088443694849,"[""V176"", ""V255"", ""V191"", ""V224"", ""V215"", ""V483""]","{""n_estimators"": 327, ""max_depth"": 11, ""min_samples_leaf"": 2, ""min_samples_split"": 5, ""criterion"": ""gini"", ""class_weight"": null}"
144,2026-06-05T15:19:55.310224+00:00,rf,ranking_extra,144,4975,3,1000,0.6088976584476714,705,295,0.4995024348599487,"[""V176"", ""V255"", ""V191""]","{""n_estimators"": 128, ""max_depth"": 6, ""min_samples_leaf"": 2, ""min_samples_split"": 3, ""criterion"": ""gini"", ""class_weight"": ""balanced""}"
145,2026-06-05T15:22:24.344502+00:00,rf,ranking_extra,145,4780,6,1000,0.6430314836034658,732,268,0.49068695270127843,"[""V176"", ""V255"", ""V191"", ""V224"", ""V215"", ""V483""]","{""n_estimators"": 409, ""max_depth"": 11, ""min_samples_leaf"": 1, ""min_samples_split"": 4, ""criterion"": ""gini"", ""class_weight"": null}"
146,2026-06-05T15:22:57.208826+00:00,rf,ranking_extra,146,4785,5,1000,0.6389805495300942,719,281,0.49459030548167365,"[""V176"", ""V255"", ""V191"", ""V224"", ""V215""]","{""n_estimators"": 87, ""max_depth"": 10, ""min_samples_leaf"": 3, ""min_samples_split"": 5, ""criterion"": ""gini"", ""class_weight"": null}"
147,2026-06-05T15:25:37.951791+00:00,rf,ranking_extra,147,4930,3,1000,0.6023411034042981,702,298,0.49689347075485824,"[""V176"", ""V255"", ""V191""]","{""n_estimators"": 461, ""max_depth"": 6, ""min_samples_leaf"": 3, ""min_samples_split"": 3, ""criterion"": ""gini"", ""class_weight"": null}"
148,2026-06-05T15:27:11.970353+00:00,rf,ranking_extra,148,4970,3,998,0.6027583547256353,704,294,0.49716179828873175,"[""V176"", ""V255"", ""V191""]","{""n_estimators"": 264, ""max_depth"": 6, ""min_samples_leaf"": 1, ""min_samples_split"": 9, ""criterion"": ""entropy"", ""class_weight"": null}"
149,2026-06-05T15:28:00.681342+00:00,rf,ranking_extra,149,4795,5,998,0.6423583349723713,719,279,0.4942339696250407,"[""V176"", ""V255"", ""V191"", ""V224"", ""V215""]","{""n_estimators"": 133, ""max_depth"": 10, ""min_samples_leaf"": 4, ""min_samples_split"": 5, ""criterion"": ""gini"", ""class_weight"": null}"
150,2026-06-05T15:29:59.162201+00:00,rf,ranking_extra,150,4945,3,1000,0.5978997680528018,703,297,0.4973137629473163,"[""V176"", ""V255"", ""V191""]","{""n_estimators"": 355, ""max_depth"": 5, ""min_samples_leaf"": 1, ""min_samples_split"": 7, ""criterion"": ""gini"", ""class_weight"": null}"
151,2026-06-05T15:31:46.455626+00:00,rf,ranking_extra,151,4875,6,999,0.6324342860269606,738,261,0.4971207860127002,"[""V176"", ""V255"", ""V191"", ""V224"", ""V215"", ""V483""]","{""n_estimators"": 278, ""max_depth"": 9, ""min_samples_leaf"": 3, ""min_samples_split"": 5, ""criterion"": ""entropy"", ""class_weight"": ""balanced""}"
152,2026-06-05T15:34:29.485580+00:00,rf,ranking_extra,152,4885,6,1000,0.6393720615936334,739,261,0.49370573086035385,"[""V176"", ""V255"", ""V191"", ""V224"", ""V215"", ""V483""]","{""n_estimators"": 458, ""max_depth"": 10, ""min_samples_leaf"": 3, ""min_samples_split"": 7, ""criterion"": ""gini"", ""class_weight"": null}"
153,2026-06-05T15:36:06.749401+00:00,rf,ranking_extra,153,4845,5,1000,0.6407795748196566,723,277,0.494027433881491,"[""V176"", ""V255"", ""V191"", ""V224"", ""V215""]","{""n_estimators"": 270, ""max_depth"": 10, ""min_samples_leaf"": 4, ""min_samples_split"": 5, ""criterion"": ""gini"", ""class_weight"": null}"
154,2026-06-05T15:37:03.990384+00:00,rf,ranking_extra,154,4900,6,1000,0.6404408382479457,740,260,0.49300330493854244,"[""V176"", ""V255"", ""V191"", ""V224"", ""V215"", ""V483""]","{""n_estimators"": 145, ""max_depth"": 11, ""min_samples_leaf"": 1, ""min_samples_split"": 2, ""criterion"": ""gini"", ""class_weight"": ""balanced""}"
155,2026-06-05T15:39:21.195141+00:00,rf,ranking_extra,155,4980,3,999,0.6065995104833023,705,294,0.49664287087589476,"[""V176"", ""V255"", ""V191""]","{""n_estimators"": 379, ""max_depth"": 7, ""min_samples_leaf"": 2, ""min_samples_split"": 7, ""criterion"": ""entropy"", ""class_weight"": null}"
156,2026-06-05T15:42:14.600288+00:00,rf,ranking_extra,156,4845,5,1000,0.6220421999482574,723,277,0.49542523712349185,"[""V176"", ""V255"", ""V191"", ""V224"", ""V215""]","{""n_estimators"": 486, ""max_depth"": 8, ""min_samples_leaf"": 2, ""min_samples_split"": 8, ""criterion"": ""entropy"", ""class_weight"": null}"
157,2026-06-05T15:42:55.213296+00:00,rf,ranking_extra,157,4885,3,1000,0.6252613948742981,699,301,0.498123710891679,"[""V176"", ""V255"", ""V191""]","{""n_estimators"": 94, ""max_depth"": 11, ""min_samples_leaf"": 1, ""min_samples_split"": 4, ""criterion"": ""entropy"", ""class_weight"": ""balanced""}"
158,2026-06-05T15:44:20.948606+00:00,rf,ranking_extra,158,4810,6,1000,0.6478956914130646,734,266,0.4957965737654329,"[""V176"", ""V255"", ""V191"", ""V224"", ""V215"", ""V483""]","{""n_estimators"": 218, ""max_depth"": 11, ""min_samples_leaf"": 4, ""min_samples_split"": 4, ""criterion"": ""gini"", ""class_weight"": ""balanced""}"
159,2026-06-05T15:47:16.151953+00:00,rf,ranking_extra,159,4930,3,1000,0.6119531033843411,702,298,0.49858428973673297,"[""V176"", ""V255"", ""V191""]","{""n_estimators"": 463, ""max_depth"": 7, ""min_samples_leaf"": 3, ""min_samples_split"": 2, ""criterion"": ""gini"", ""class_weight"": ""balanced""}"
160,2026-06-05T15:47:39.961188+00:00,rf,ranking_extra,160,4840,6,1000,0.6409461442571744,736,264,0.4936155204664692,"[""V176"", ""V255"", ""V191"", ""V224"", ""V215"", ""V483""]","{""n_estimators"": 61, ""max_depth"": 10, ""min_samples_leaf"": 4, ""min_samples_split"": 9, ""criterion"": ""gini"", ""class_weight"": null}"
161,2026-06-05T15:50:03.108555+00:00,rf,ranking_extra,161,4980,3,996,0.5936091567819515,704,292,0.4968925157302232,"[""V176"", ""V255"", ""V191""]","{""n_estimators"": 410, ""max_depth"": 5, ""min_samples_leaf"": 3, ""min_samples_split"": 9, ""criterion"": ""entropy"", ""class_weight"": null}"
162,2026-06-05T15:50:52.568668+00:00,rf,ranking_extra,162,4930,3,1000,0.6111169576111222,702,298,0.4982872318865921,"[""V176"", ""V255"", ""V191""]","{""n_estimators"": 128, ""max_depth"": 7, ""min_samples_leaf"": 4, ""min_samples_split"": 5, ""criterion"": ""gini"", ""class_weight"": ""balanced""}"
163,2026-06-05T15:53:57.222439+00:00,rf,ranking_extra,163,4965,3,999,0.5917094765399848,704,295,0.49945195486452376,"[""V176"", ""V255"", ""V191""]","{""n_estimators"": 493, ""max_depth"": 4, ""min_samples_leaf"": 4, ""min_samples_split"": 4, ""criterion"": ""gini"", ""class_weight"": ""balanced""}"
164,2026-06-05T15:56:22.099593+00:00,rf,ranking_extra,164,4865,7,1000,0.6438160700603185,751,249,0.4925302269708679,"[""V176"", ""V255"", ""V191"", ""V224"", ""V215"", ""V483"", ""V342""]","{""n_estimators"": 403, ""max_depth"": 11, ""min_samples_leaf"": 3, ""min_samples_split"": 9, ""criterion"": ""gini"", ""class_weight"": null}"
165,2026-06-05T15:57:21.863420+00:00,rf,ranking_extra,165,5040,3,993,0.5963666786371618,707,286,0.4971729731100224,"[""V176"", ""V255"", ""V191""]","{""n_estimators"": 170, ""max_depth"": 5, ""min_samples_leaf"": 3, ""min_samples_split"": 3, ""criterion"": ""entropy"", ""class_weight"": null}"
166,2026-06-05T16:00:12.796291+00:00,rf,ranking_extra,166,4960,3,1000,0.5895881760224924,704,296,0.49700312191160795,"[""V176"", ""V255"", ""V191""]","{""n_estimators"": 498, ""max_depth"": 4, ""min_samples_leaf"": 3, ""min_samples_split"": 6, ""criterion"": ""gini"", ""class_weight"": null}"
167,2026-06-05T16:00:34.329327+00:00,rf,ranking_extra,167,4960,3,1000,0.603339521828782,704,296,0.4963361640440622,"[""V176"", ""V255"", ""V191""]","{""n_estimators"": 55, ""max_depth"": 6, ""min_samples_leaf"": 2, ""min_samples_split"": 7, ""criterion"": ""entropy"", ""class_weight"": null}"
168,2026-06-05T16:02:42.141642+00:00,rf,ranking_extra,168,4870,3,1000,0.6091678341697674,698,302,0.49672866882908584,"[""V176"", ""V255"", ""V191""]","{""n_estimators"": 371, ""max_depth"": 7, ""min_samples_leaf"": 3, ""min_samples_split"": 7, ""criterion"": ""gini"", ""class_weight"": null}"
169,2026-06-05T16:04:11.712283+00:00,rf,ranking_extra,169,4915,3,1000,0.5949694760213381,701,299,0.4972061762450171,"[""V176"", ""V255"", ""V191""]","{""n_estimators"": 263, ""max_depth"": 5, ""min_samples_leaf"": 4, ""min_samples_split"": 3, ""criterion"": ""entropy"", ""class_weight"": null}"
170,2026-06-05T16:06:23.258996+00:00,rf,ranking_extra,170,4915,3,1000,0.6199616172984715,701,299,0.49866417957227777,"[""V176"", ""V255"", ""V191""]","{""n_estimators"": 341, ""max_depth"": 8, ""min_samples_leaf"": 2, ""min_samples_split"": 7, ""criterion"": ""gini"", ""class_weight"": ""balanced""}"
171,2026-06-05T16:09:11.833828+00:00,rf,ranking_extra,171,4935,5,1000,0.6315470909125697,729,271,0.4950627438819537,"[""V176"", ""V255"", ""V191"", ""V224"", ""V215""]","{""n_estimators"": 460, ""max_depth"": 9, ""min_samples_leaf"": 4, ""min_samples_split"": 6, ""criterion"": ""entropy"", ""class_weight"": null}"
172,2026-06-05T16:12:25.742307+00:00,rf,ranking_extra,172,4920,5,1000,0.6368968086695806,728,272,0.4959781933980941,"[""V176"", ""V255"", ""V191"", ""V224"", ""V215""]","{""n_estimators"": 495, ""max_depth"": 10, ""min_samples_leaf"": 1, ""min_samples_split"": 8, ""criterion"": ""entropy"", ""class_weight"": ""balanced""}"
173,2026-06-05T16:14:30.805709+00:00,rf,ranking_extra,173,4935,5,1000,0.6381748766274357,729,271,0.49563901588695836,"[""V176"", ""V255"", ""V191"", ""V224"", ""V215""]","{""n_estimators"": 332, ""max_depth"": 9, ""min_samples_leaf"": 2, ""min_samples_split"": 4, ""criterion"": ""gini"", ""class_weight"": ""balanced""}"
174,2026-06-05T16:16:12.247564+00:00,rf,ranking_extra,174,4945,3,1000,0.61574263309891,703,297,0.4964086091694326,"[""V176"", ""V255"", ""V191""]","{""n_estimators"": 279, ""max_depth"": 9, ""min_samples_leaf"": 1, ""min_samples_split"": 5, ""criterion"": ""entropy"", ""class_weight"": null}"
175,2026-06-05T16:18:23.808320+00:00,rf,ranking_extra,175,4975,3,1000,0.5902253010784615,705,295,0.4994023966829704,"[""V176"", ""V255"", ""V191""]","{""n_estimators"": 351, ""max_depth"": 4, ""min_samples_leaf"": 2, ""min_samples_split"": 6, ""criterion"": ""entropy"", ""class_weight"": ""balanced""}"
176,2026-06-05T16:20:30.922171+00:00,rf,ranking_extra,176,4850,7,1000,0.6411361685736289,750,250,0.49319873965860933,"[""V176"", ""V255"", ""V191"", ""V224"", ""V215"", ""V483"", ""V342""]","{""n_estimators"": 326, ""max_depth"": 11, ""min_samples_leaf"": 1, ""min_samples_split"": 8, ""criterion"": ""gini"", ""class_weight"": ""balanced""}"
177,2026-06-05T16:22:49.186355+00:00,rf,ranking_extra,177,4945,3,1000,0.5907616488721582,703,297,0.49975502612630573,"[""V176"", ""V255"", ""V191""]","{""n_estimators"": 370, ""max_depth"": 4, ""min_samples_leaf"": 2, ""min_samples_split"": 7, ""criterion"": ""gini"", ""class_weight"": ""balanced""}"
178,2026-06-05T16:23:25.658263+00:00,rf,ranking_extra,178,4965,3,999,0.6104707220914533,704,295,0.4965586812028144,"[""V176"", ""V255"", ""V191""]","{""n_estimators"": 99, ""max_depth"": 7, ""min_samples_leaf"": 4, ""min_samples_split"": 6, ""criterion"": ""entropy"", ""class_weight"": null}"
179,2026-06-05T16:24:53.610254+00:00,rf,ranking_extra,179,4915,3,997,0.5998646378264046,700,297,0.4994511553798006,"[""V176"", ""V255"", ""V191""]","{""n_estimators"": 232, ""max_depth"": 5, ""min_samples_leaf"": 2, ""min_samples_split"": 5, ""criterion"": ""entropy"", ""class_weight"": ""balanced""}"
180,2026-06-05T16:27:49.683291+00:00,rf,ranking_extra,180,4995,3,999,0.6127390675294732,706,293,0.4990603275171312,"[""V176"", ""V255"", ""V191""]","{""n_estimators"": 459, ""max_depth"": 7, ""min_samples_leaf"": 4, ""min_samples_split"": 9, ""criterion"": ""gini"", ""class_weight"": ""balanced""}"
181,2026-06-05T16:29:40.332267+00:00,rf,ranking_extra,181,4935,3,999,0.6073187448017222,702,297,0.4994002081562059,"[""V176"", ""V255"", ""V191""]","{""n_estimators"": 291, ""max_depth"": 6, ""min_samples_leaf"": 3, ""min_samples_split"": 5, ""criterion"": ""gini"", ""class_weight"": ""balanced""}"
182,2026-06-05T16:31:25.382574+00:00,rf,ranking_extra,182,4945,3,1000,0.5959401723028135,703,297,0.4968530785202018,"[""V176"", ""V255"", ""V191""]","{""n_estimators"": 303, ""max_depth"": 5, ""min_samples_leaf"": 2, ""min_samples_split"": 3, ""criterion"": ""gini"", ""class_weight"": null}"
183,2026-06-05T16:33:50.342976+00:00,rf,ranking_extra,183,4965,5,1000,0.6426144722547458,731,269,0.49586600122367364,"[""V176"", ""V255"", ""V191"", ""V224"", ""V215""]","{""n_estimators"": 367, ""max_depth"": 11, ""min_samples_leaf"": 3, ""min_samples_split"": 9, ""criterion"": ""entropy"", ""class_weight"": ""balanced""}"
184,2026-06-05T16:35:58.486985+00:00,rf,ranking_extra,184,5005,3,1000,0.5968596344419335,707,293,0.49942869923824246,"[""V176"", ""V255"", ""V191""]","{""n_estimators"": 343, ""max_depth"": 5, ""min_samples_leaf"": 1, ""min_samples_split"": 3, ""criterion"": ""gini"", ""class_weight"": ""balanced""}"
185,2026-06-05T16:39:02.674018+00:00,rf,ranking_extra,185,4920,5,1000,0.6282650992187687,728,272,0.4963191842236894,"[""V176"", ""V255"", ""V191"", ""V224"", ""V215""]","{""n_estimators"": 480, ""max_depth"": 8, ""min_samples_leaf"": 1, ""min_samples_split"": 2, ""criterion"": ""gini"", ""class_weight"": ""balanced""}"
186,2026-06-05T16:40:56.200462+00:00,rf,ranking_extra,186,4960,3,1000,0.5981123189216656,704,296,0.49970968271241684,"[""V176"", ""V255"", ""V191""]","{""n_estimators"": 306, ""max_depth"": 5, ""min_samples_leaf"": 2, ""min_samples_split"": 8, ""criterion"": ""gini"", ""class_weight"": ""balanced""}"
187,2026-06-05T16:42:17.339052+00:00,rf,ranking_extra,187,4975,5,992,0.6278274574094493,729,263,0.4945801457969591,"[""V176"", ""V255"", ""V191"", ""V224"", ""V215""]","{""n_estimators"": 223, ""max_depth"": 9, ""min_samples_leaf"": 1, ""min_samples_split"": 5, ""criterion"": ""entropy"", ""class_weight"": null}"
188,2026-06-05T16:43:19.993071+00:00,rf,ranking_extra,188,5000,3,992,0.6220698920138887,704,288,0.4983792919546324,"[""V176"", ""V255"", ""V191""]","{""n_estimators"": 157, ""max_depth"": 9, ""min_samples_leaf"": 3, ""min_samples_split"": 4, ""criterion"": ""entropy"", ""class_weight"": ""balanced""}"
189,2026-06-05T16:45:23.778946+00:00,rf,ranking_extra,189,4980,3,999,0.608666947825183,705,294,0.4986888217536487,"[""V176"", ""V255"", ""V191""]","{""n_estimators"": 324, ""max_depth"": 7, ""min_samples_leaf"": 3, ""min_samples_split"": 3, ""criterion"": ""entropy"", ""class_weight"": ""balanced""}"
190,2026-06-05T16:46:10.777381+00:00,rf,ranking_extra,190,4945,6,1000,0.6417593446406293,743,257,0.49471278090412635,"[""V176"", ""V255"", ""V191"", ""V224"", ""V215"", ""V483""]","{""n_estimators"": 113, ""max_depth"": 11, ""min_samples_leaf"": 1, ""min_samples_split"": 7, ""criterion"": ""entropy"", ""class_weight"": ""balanced""}"
191,2026-06-05T16:46:54.714931+00:00,rf,ranking_extra,191,4890,3,999,0.5962014332385335,699,300,0.49691738294027543,"[""V176"", ""V255"", ""V191""]","{""n_estimators"": 128, ""max_depth"": 5, ""min_samples_leaf"": 1, ""min_samples_split"": 5, ""criterion"": ""gini"", ""class_weight"": null}"
192,2026-06-05T16:49:43.042208+00:00,rf,ranking_extra,192,5005,3,1000,0.6009451495031106,707,293,0.49697334939134025,"[""V176"", ""V255"", ""V191""]","{""n_estimators"": 483, ""max_depth"": 6, ""min_samples_leaf"": 4, ""min_samples_split"": 6, ""criterion"": ""entropy"", ""class_weight"": null}"
193,2026-06-05T16:50:41.953698+00:00,rf,ranking_extra,193,4945,6,1000,0.6340215450088971,743,257,0.4972889925383488,"[""V176"", ""V255"", ""V191"", ""V224"", ""V215"", ""V483""]","{""n_estimators"": 148, ""max_depth"": 9, ""min_samples_leaf"": 4, ""min_samples_split"": 3, ""criterion"": ""entropy"", ""class_weight"": ""balanced""}"
194,2026-06-05T16:52:25.141296+00:00,rf,ranking_extra,194,4870,6,1000,0.6479791977748826,738,262,0.49316042547706185,"[""V176"", ""V255"", ""V191"", ""V224"", ""V215"", ""V483""]","{""n_estimators"": 288, ""max_depth"": 11, ""min_samples_leaf"": 3, ""min_samples_split"": 8, ""criterion"": ""gini"", ""class_weight"": null}"
195,2026-06-05T16:53:59.156011+00:00,rf,ranking_extra,195,4945,3,1000,0.5949976905317451,703,297,0.4968069457911013,"[""V176"", ""V255"", ""V191""]","{""n_estimators"": 275, ""max_depth"": 5, ""min_samples_leaf"": 3, ""min_samples_split"": 8, ""criterion"": ""gini"", ""class_weight"": null}"
196,2026-06-05T16:56:10.864936+00:00,rf,ranking_extra,196,4800,6,993,0.6425778701126047,731,262,0.4949450864232409,"[""V176"", ""V255"", ""V191"", ""V224"", ""V215"", ""V483""]","{""n_estimators"": 341, ""max_depth"": 10, ""min_samples_leaf"": 2, ""min_samples_split"": 7, ""criterion"": ""gini"", ""class_weight"": ""balanced""}"
197,2026-06-05T16:56:36.809596+00:00,rf,ranking_extra,197,4900,3,997,0.5876520240306429,699,298,0.49620759814261767,"[""V176"", ""V255"", ""V191""]","{""n_estimators"": 78, ""max_depth"": 4, ""min_samples_leaf"": 1, ""min_samples_split"": 6, ""criterion"": ""gini"", ""class_weight"": null}"
198,2026-06-05T16:58:37.060122+00:00,rf,ranking_extra,198,4920,3,999,0.5913395099283976,701,298,0.49972174841248324,"[""V176"", ""V255"", ""V191""]","{""n_estimators"": 323, ""max_depth"": 4, ""min_samples_leaf"": 1, ""min_samples_split"": 5, ""criterion"": ""gini"", ""class_weight"": ""balanced""}"
199,2026-06-05T17:00:29.069281+00:00,rf,ranking_extra,199,4985,3,995,0.5905392083190224,704,291,0.4999093193494672,"[""V176"", ""V255"", ""V191""]","{""n_estimators"": 304, ""max_depth"": 4, ""min_samples_leaf"": 4, ""min_samples_split"": 3, ""criterion"": ""entropy"", ""class_weight"": ""balanced""}"
200,2026-06-05T17:03:15.890654+00:00,rf,ranking_extra,200,4930,3,1000,0.6181588566454992,702,298,0.49653626721851285,"[""V176"", ""V255"", ""V191""]","{""n_estimators"": 470, ""max_depth"": 9, ""min_samples_leaf"": 3, ""min_samples_split"": 2, ""criterion"": ""entropy"", ""class_weight"": null}"
201,2026-06-05T17:05:19.929654+00:00,rf,ranking_extra,201,4990,3,997,0.5910079787451045,705,292,0.49917512715283513,"[""V176"", ""V255"", ""V191""]","{""n_estimators"": 332, ""max_depth"": 4, ""min_samples_leaf"": 2, ""min_samples_split"": 2, ""criterion"": ""gini"", ""class_weight"": ""balanced""}"
202,2026-06-05T17:05:38.202557+00:00,rf,ranking_extra,202,4885,3,985,0.5915695246228134,694,291,0.496468075997712,"[""V176"", ""V255"", ""V191""]","{""n_estimators"": 50, ""max_depth"": 5, ""min_samples_leaf"": 2, ""min_samples_split"": 2, ""criterion"": ""entropy"", ""class_weight"": null}"
203,2026-06-05T17:08:23.299545+00:00,rf,ranking_extra,203,4905,6,999,0.6379082098838949,740,259,0.494214959494725,"[""V176"", ""V255"", ""V191"", ""V224"", ""V215"", ""V483""]","{""n_estimators"": 453, ""max_depth"": 10, ""min_samples_leaf"": 4, ""min_samples_split"": 6, ""criterion"": ""entropy"", ""class_weight"": null}"
204,2026-06-05T17:09:16.338266+00:00,rf,ranking_extra,204,4885,3,1000,0.5948134968761888,699,301,0.49734937840957594,"[""V176"", ""V255"", ""V191""]","{""n_estimators"": 158, ""max_depth"": 5, ""min_samples_leaf"": 2, ""min_samples_split"": 6, ""criterion"": ""gini"", ""class_weight"": null}"
205,2026-06-05T17:10:01.347460+00:00,rf,ranking_extra,205,4915,6,997,0.6385274146956068,740,257,0.4946656516345183,"[""V176"", ""V255"", ""V191"", ""V224"", ""V215"", ""V483""]","{""n_estimators"": 115, ""max_depth"": 10, ""min_samples_leaf"": 1, ""min_samples_split"": 7, ""criterion"": ""gini"", ""class_weight"": ""balanced""}"
206,2026-06-05T17:12:28.862297+00:00,rf,ranking_extra,206,4980,6,999,0.6396491782075167,745,254,0.49581358168171175,"[""V176"", ""V255"", ""V191"", ""V224"", ""V215"", ""V483""]","{""n_estimators"": 372, ""max_depth"": 10, ""min_samples_leaf"": 1, ""min_samples_split"": 8, ""criterion"": ""entropy"", ""class_weight"": ""balanced""}"
207,2026-06-05T17:14:19.273434+00:00,rf,ranking_extra,207,4935,3,999,0.5900193473755784,702,297,0.49685239641564055,"[""V176"", ""V255"", ""V191""]","{""n_estimators"": 327, ""max_depth"": 4, ""min_samples_leaf"": 3, ""min_samples_split"": 2, ""criterion"": ""gini"", ""class_weight"": null}"
208,2026-06-05T17:14:41.690257+00:00,rf,ranking_extra,208,4800,3,999,0.6135859993352868,693,306,0.49859929405044595,"[""V176"", ""V255"", ""V191""]","{""n_estimators"": 56, ""max_depth"": 7, ""min_samples_leaf"": 3, ""min_samples_split"": 7, ""criterion"": ""gini"", ""class_weight"": ""balanced""}"
209,2026-06-05T17:17:36.756368+00:00,rf,ranking_extra,209,4890,3,999,0.6181418258261993,699,300,0.4984543897784151,"[""V176"", ""V255"", ""V191""]","{""n_estimators"": 464, ""max_depth"": 8, ""min_samples_leaf"": 3, ""min_samples_split"": 8, ""criterion"": ""gini"", ""class_weight"": ""balanced""}"
210,2026-06-05T17:19:07.801973+00:00,rf,ranking_extra,210,4890,3,993,0.5913035199619836,697,296,0.49707113057756813,"[""V176"", ""V255"", ""V191""]","{""n_estimators"": 272, ""max_depth"": 4, ""min_samples_leaf"": 2, ""min_samples_split"": 2, ""criterion"": ""gini"", ""class_weight"": null}"
211,2026-06-05T17:19:31.433485+00:00,rf,ranking_extra,211,4940,6,998,0.6418353642146957,742,256,0.49350706320953197,"[""V176"", ""V255"", ""V191"", ""V224"", ""V215"", ""V483""]","{""n_estimators"": 60, ""max_depth"": 10, ""min_samples_leaf"": 4, ""min_samples_split"": 6, ""criterion"": ""gini"", ""class_weight"": null}"
212,2026-06-05T17:21:32.328408+00:00,rf,ranking_extra,212,4900,6,1000,0.6342007425169138,740,260,0.49603349918191736,"[""V176"", ""V255"", ""V191"", ""V224"", ""V215"", ""V483""]","{""n_estimators"": 312, ""max_depth"": 9, ""min_samples_leaf"": 3, ""min_samples_split"": 8, ""criterion"": ""gini"", ""class_weight"": ""balanced""}"
213,2026-06-05T17:23:42.285434+00:00,rf,ranking_extra,213,4820,3,998,0.6257824661030863,694,304,0.49807161443267567,"[""V176"", ""V255"", ""V191""]","{""n_estimators"": 330, ""max_depth"": 10, ""min_samples_leaf"": 2, ""min_samples_split"": 4, ""criterion"": ""gini"", ""class_weight"": ""balanced""}"
214,2026-06-05T17:25:56.594044+00:00,rf,ranking_extra,214,4990,3,1000,0.6026502481084683,706,294,0.4991743611796384,"[""V176"", ""V255"", ""V191""]","{""n_estimators"": 349, ""max_depth"": 6, ""min_samples_leaf"": 1, ""min_samples_split"": 2, ""criterion"": ""entropy"", ""class_weight"": ""balanced""}"
215,2026-06-05T17:26:57.050388+00:00,rf,ranking_extra,215,4945,3,1000,0.6146766116190532,703,297,0.49643716648132424,"[""V176"", ""V255"", ""V191""]","{""n_estimators"": 167, ""max_depth"": 9, ""min_samples_leaf"": 2, ""min_samples_split"": 3, ""criterion"": ""entropy"", ""class_weight"": null}"
216,2026-06-05T17:29:49.298884+00:00,rf,ranking_extra,216,4990,3,991,0.5900386379298971,703,288,0.49903717835799805,"[""V176"", ""V255"", ""V191""]","{""n_estimators"": 460, ""max_depth"": 4, ""min_samples_leaf"": 1, ""min_samples_split"": 8, ""criterion"": ""entropy"", ""class_weight"": ""balanced""}"
217,2026-06-05T17:31:30.249594+00:00,rf,ranking_extra,217,4945,3,1000,0.6112800455502898,703,297,0.49613804507712267,"[""V176"", ""V255"", ""V191""]","{""n_estimators"": 290, ""max_depth"": 7, ""min_samples_leaf"": 3, ""min_samples_split"": 9, ""criterion"": ""gini"", ""class_weight"": null}"
218,2026-06-05T17:32:44.911648+00:00,rf,ranking_extra,218,4770,6,999,0.6247346945184602,731,268,0.4966242034145598,"[""V176"", ""V255"", ""V191"", ""V224"", ""V215"", ""V483""]","{""n_estimators"": 196, ""max_depth"": 8, ""min_samples_leaf"": 1, ""min_samples_split"": 3, ""criterion"": ""gini"", ""class_weight"": ""balanced""}"
219,2026-06-05T17:33:34.907637+00:00,rf,ranking_extra,219,4975,3,1000,0.6158789878169787,705,295,0.49864045699623405,"[""V176"", ""V255"", ""V191""]","{""n_estimators"": 127, ""max_depth"": 8, ""min_samples_leaf"": 3, ""min_samples_split"": 8, ""criterion"": ""gini"", ""class_weight"": ""balanced""}"
220,2026-06-05T17:36:32.293495+00:00,rf,ranking_extra,220,4845,5,1000,0.6322818683065657,723,277,0.4937105052157147,"[""V176"", ""V255"", ""V191"", ""V224"", ""V215""]","{""n_estimators"": 499, ""max_depth"": 9, ""min_samples_leaf"": 1, ""min_samples_split"": 3, ""criterion"": ""gini"", ""class_weight"": null}"
221,2026-06-05T17:38:59.309819+00:00,rf,ranking_extra,221,4965,3,999,0.6103497647217319,704,295,0.49660084973663726,"[""V176"", ""V255"", ""V191""]","{""n_estimators"": 421, ""max_depth"": 7, ""min_samples_leaf"": 1, ""min_samples_split"": 9, ""criterion"": ""gini"", ""class_weight"": null}"
222,2026-06-05T17:41:24.463048+00:00,rf,ranking_extra,222,4930,3,1000,0.608525884293375,702,298,0.4991442730955385,"[""V176"", ""V255"", ""V191""]","{""n_estimators"": 382, ""max_depth"": 7, ""min_samples_leaf"": 3, ""min_samples_split"": 6, ""criterion"": ""entropy"", ""class_weight"": ""balanced""}"
223,2026-06-05T17:42:27.938273+00:00,rf,ranking_extra,223,4870,3,1000,0.5951168074887406,698,302,0.49697539927204837,"[""V176"", ""V255"", ""V191""]","{""n_estimators"": 184, ""max_depth"": 5, ""min_samples_leaf"": 2, ""min_samples_split"": 5, ""criterion"": ""gini"", ""class_weight"": null}"
224,2026-06-05T17:42:54.572480+00:00,rf,ranking_extra,224,4955,5,999,0.6322136311688367,730,269,0.4957451538639283,"[""V176"", ""V255"", ""V191"", ""V224"", ""V215""]","{""n_estimators"": 67, ""max_depth"": 9, ""min_samples_leaf"": 3, ""min_samples_split"": 9, ""criterion"": ""entropy"", ""class_weight"": null}"
225,2026-06-05T17:45:35.030158+00:00,rf,ranking_extra,225,4930,3,1000,0.5942183494137331,702,298,0.49719692874029825,"[""V176"", ""V255"", ""V191""]","{""n_estimators"": 462, ""max_depth"": 5, ""min_samples_leaf"": 2, ""min_samples_split"": 9, ""criterion"": ""gini"", ""class_weight"": null}"
226,2026-06-05T17:46:55.778334+00:00,rf,ranking_extra,226,4885,3,1000,0.6157442074414342,699,301,0.4986603798966773,"[""V176"", ""V255"", ""V191""]","{""n_estimators"": 213, ""max_depth"": 7, ""min_samples_leaf"": 1, ""min_samples_split"": 4, ""criterion"": ""gini"", ""class_weight"": ""balanced""}"
227,2026-06-05T17:49:18.151614+00:00,rf,ranking_extra,227,4795,6,1000,0.6492026099038823,733,267,0.49520507840183653,"[""V176"", ""V255"", ""V191"", ""V224"", ""V215"", ""V483""]","{""n_estimators"": 370, ""max_depth"": 11, ""min_samples_leaf"": 3, ""min_samples_split"": 2, ""criterion"": ""gini"", ""class_weight"": ""balanced""}"
228,2026-06-05T17:49:52.602849+00:00,rf,ranking_extra,228,4900,3,997,0.6228187912160922,699,298,0.4992700519139919,"[""V176"", ""V255"", ""V191""]","{""n_estimators"": 82, ""max_depth"": 10, ""min_samples_leaf"": 1, ""min_samples_split"": 2, ""criterion"": ""entropy"", ""class_weight"": ""balanced""}"
229,2026-06-05T17:52:38.550755+00:00,rf,ranking_extra,229,4890,3,996,0.6125484080139189,698,298,0.49891854036791317,"[""V176"", ""V255"", ""V191""]","{""n_estimators"": 439, ""max_depth"": 7, ""min_samples_leaf"": 1, ""min_samples_split"": 5, ""criterion"": ""gini"", ""class_weight"": ""balanced""}"
230,2026-06-05T17:54:54.953027+00:00,rf,ranking_extra,230,4840,3,1000,0.6022747593567112,696,304,0.4966140255070775,"[""V176"", ""V255"", ""V191""]","{""n_estimators"": 395, ""max_depth"": 6, ""min_samples_leaf"": 2, ""min_samples_split"": 6, ""criterion"": ""gini"", ""class_weight"": null}"
231,2026-06-05T17:56:52.955593+00:00,rf,ranking_extra,231,5020,3,1000,0.6051891437343719,708,292,0.49933315308715637,"[""V176"", ""V255"", ""V191""]","{""n_estimators"": 306, ""max_depth"": 6, ""min_samples_leaf"": 1, ""min_samples_split"": 2, ""criterion"": ""entropy"", ""class_weight"": ""balanced""}"
232,2026-06-05T17:57:38.087219+00:00,rf,ranking_extra,232,4980,3,999,0.5945005961194632,705,294,0.4974121760000651,"[""V176"", ""V255"", ""V191""]","{""n_estimators"": 137, ""max_depth"": 4, ""min_samples_leaf"": 1, ""min_samples_split"": 6, ""criterion"": ""gini"", ""class_weight"": null}"
233,2026-06-05T18:00:48.197256+00:00,rf,ranking_extra,233,4915,6,1000,0.6252549531384377,741,259,0.4962723912850082,"[""V176"", ""V255"", ""V191"", ""V224"", ""V215"", ""V483""]","{""n_estimators"": 489, ""max_depth"": 8, ""min_samples_leaf"": 2, ""min_samples_split"": 8, ""criterion"": ""gini"", ""class_weight"": ""balanced""}"
234,2026-06-05T18:02:47.184690+00:00,rf,ranking_extra,234,4975,3,1000,0.6035499031642629,705,295,0.4972380963124081,"[""V176"", ""V255"", ""V191""]","{""n_estimators"": 345, ""max_depth"": 6, ""min_samples_leaf"": 2, ""min_samples_split"": 3, ""criterion"": ""gini"", ""class_weight"": null}"
235,2026-06-05T18:05:47.236783+00:00,rf,ranking_extra,235,4905,5,1000,0.6290127042442158,727,273,0.4964306853113338,"[""V176"", ""V255"", ""V191"", ""V224"", ""V215""]","{""n_estimators"": 465, ""max_depth"": 9, ""min_samples_leaf"": 1, ""min_samples_split"": 3, ""criterion"": ""entropy"", ""class_weight"": ""balanced""}"
236,2026-06-05T18:08:43.077306+00:00,rf,ranking_extra,236,4950,6,996,0.6351197674081415,742,254,0.49600154940205593,"[""V176"", ""V255"", ""V191"", ""V224"", ""V215"", ""V483""]","{""n_estimators"": 458, ""max_depth"": 9, ""min_samples_leaf"": 3, ""min_samples_split"": 3, ""criterion"": ""gini"", ""class_weight"": ""balanced""}"
237,2026-06-05T18:11:20.732541+00:00,rf,ranking_extra,237,4990,6,1000,0.6302779409057273,746,254,0.49509844023062544,"[""V176"", ""V255"", ""V191"", ""V224"", ""V215"", ""V483""]","{""n_estimators"": 435, ""max_depth"": 9, ""min_samples_leaf"": 3, ""min_samples_split"": 8, ""criterion"": ""entropy"", ""class_weight"": null}"
238,2026-06-05T18:13:44.483322+00:00,rf,ranking_extra,238,4810,3,994,0.6304267427656726,692,302,0.49738382837649425,"[""V176"", ""V255"", ""V191""]","{""n_estimators"": 369, ""max_depth"": 11, ""min_samples_leaf"": 1, ""min_samples_split"": 4, ""criterion"": ""gini"", ""class_weight"": ""balanced""}"
239,2026-06-05T18:14:15.303664+00:00,rf,ranking_extra,239,4855,6,1000,0.6308406562446857,737,263,0.49340211374879084,"[""V176"", ""V255"", ""V191"", ""V224"", ""V215"", ""V483""]","{""n_estimators"": 85, ""max_depth"": 9, ""min_samples_leaf"": 3, ""min_samples_split"": 4, ""criterion"": ""gini"", ""class_weight"": null}"
240,2026-06-05T18:17:13.368055+00:00,rf,ranking_extra,240,4975,3,1000,0.5973842511021924,705,295,0.49952276874182333,"[""V176"", ""V255"", ""V191""]","{""n_estimators"": 474, ""max_depth"": 5, ""min_samples_leaf"": 2, ""min_samples_split"": 6, ""criterion"": ""gini"", ""class_weight"": ""balanced""}"
241,2026-06-05T18:18:18.750973+00:00,rf,ranking_extra,241,4870,3,1000,0.592695091239031,698,302,0.49772015022816724,"[""V176"", ""V255"", ""V191""]","{""n_estimators"": 193, ""max_depth"": 4, ""min_samples_leaf"": 1, ""min_samples_split"": 9, ""criterion"": ""gini"", ""class_weight"": null}"
242,2026-06-05T18:21:17.266974+00:00,rf,ranking_extra,242,4995,3,984,0.5979961153151389,701,283,0.49942595571329523,"[""V176"", ""V255"", ""V191""]","{""n_estimators"": 478, ""max_depth"": 5, ""min_samples_leaf"": 3, ""min_samples_split"": 4, ""criterion"": ""entropy"", ""class_weight"": ""balanced""}"
243,2026-06-05T18:22:27.165349+00:00,rf,ranking_extra,243,4790,7,1000,0.6302230509332479,746,254,0.49392726680706145,"[""V176"", ""V255"", ""V191"", ""V224"", ""V215"", ""V483"", ""V342""]","{""n_estimators"": 192, ""max_depth"": 9, ""min_samples_leaf"": 4, ""min_samples_split"": 4, ""criterion"": ""gini"", ""class_weight"": null}"
244,2026-06-05T18:25:12.171909+00:00,rf,ranking_extra,244,4955,3,998,0.6170765769918858,703,295,0.49882374473792895,"[""V176"", ""V255"", ""V191""]","{""n_estimators"": 425, ""max_depth"": 9, ""min_samples_leaf"": 2, ""min_samples_split"": 4, ""criterion"": ""entropy"", ""class_weight"": ""balanced""}"
245,2026-06-05T18:25:42.352124+00:00,rf,ranking_extra,245,4900,7,999,0.6339949350703495,753,246,0.49205095093388634,"[""V176"", ""V255"", ""V191"", ""V224"", ""V215"", ""V483"", ""V342""]","{""n_estimators"": 76, ""max_depth"": 10, ""min_samples_leaf"": 1, ""min_samples_split"": 2, ""criterion"": ""entropy"", ""class_weight"": null}"
246,2026-06-05T18:27:50.443054+00:00,rf,ranking_extra,246,4960,3,1000,0.6010533004654625,704,296,0.4969542484852375,"[""V176"", ""V255"", ""V191""]","{""n_estimators"": 359, ""max_depth"": 6, ""min_samples_leaf"": 4, ""min_samples_split"": 6, ""criterion"": ""entropy"", ""class_weight"": null}"
247,2026-06-05T18:30:31.645531+00:00,rf,ranking_extra,247,4990,3,1000,0.5895431263350274,706,294,0.4973638011574044,"[""V176"", ""V255"", ""V191""]","{""n_estimators"": 470, ""max_depth"": 4, ""min_samples_leaf"": 3, ""min_samples_split"": 6, ""criterion"": ""entropy"", ""class_weight"": null}"
248,2026-06-05T18:31:43.930068+00:00,rf,ranking_extra,248,4885,6,1000,0.6453237913892091,739,261,0.49613122132638465,"[""V176"", ""V255"", ""V191"", ""V224"", ""V215"", ""V483""]","{""n_estimators"": 177, ""max_depth"": 11, ""min_samples_leaf"": 4, ""min_samples_split"": 2, ""criterion"": ""entropy"", ""class_weight"": ""balanced""}"
249,2026-06-05T18:33:43.659643+00:00,rf,ranking_extra,249,4950,5,1000,0.6389080822763595,730,270,0.4971465418243917,"[""V176"", ""V255"", ""V191"", ""V224"", ""V215""]","{""n_estimators"": 304, ""max_depth"": 10, ""min_samples_leaf"": 4, ""min_samples_split"": 9, ""criterion"": ""entropy"", ""class_weight"": ""balanced""}"
250,2026-06-05T18:35:40.006230+00:00,rf,ranking_extra,250,4950,3,999,0.6122766555752152,703,296,0.4967834541048198,"[""V176"", ""V255"", ""V191""]","{""n_estimators"": 322, ""max_depth"": 8, ""min_samples_leaf"": 4, ""min_samples_split"": 5, ""criterion"": ""entropy"", ""class_weight"": null}"
251,2026-06-05T18:38:23.628586+00:00,rf,ranking_extra,251,4965,5,997,0.6334345658619013,730,267,0.4956908385724119,"[""V176"", ""V255"", ""V191"", ""V224"", ""V215""]","{""n_estimators"": 416, ""max_depth"": 10, ""min_samples_leaf"": 2, ""min_samples_split"": 4, ""criterion"": ""entropy"", ""class_weight"": ""balanced""}"
252,2026-06-05T18:40:49.168914+00:00,rf,ranking_extra,252,4975,6,1000,0.6441884008157872,745,255,0.49457087620670437,"[""V176"", ""V255"", ""V191"", ""V224"", ""V215"", ""V483""]","{""n_estimators"": 395, ""max_depth"": 11, ""min_samples_leaf"": 4, ""min_samples_split"": 9, ""criterion"": ""entropy"", ""class_weight"": null}"
253,2026-06-05T18:42:06.254022+00:00,rf,ranking_extra,253,4950,3,999,0.5860130462256091,703,296,0.49897756424152706,"[""V176"", ""V255"", ""V191""]","{""n_estimators"": 205, ""max_depth"": 4, ""min_samples_leaf"": 3, ""min_samples_split"": 8, ""criterion"": ""entropy"", ""class_weight"": ""balanced""}"
254,2026-06-05T18:44:12.772596+00:00,rf,ranking_extra,254,4950,5,1000,0.6369907177602896,730,270,0.49620632839717216,"[""V176"", ""V255"", ""V191"", ""V224"", ""V215""]","{""n_estimators"": 317, ""max_depth"": 10, ""min_samples_leaf"": 2, ""min_samples_split"": 8, ""criterion"": ""entropy"", ""class_weight"": ""balanced""}"
255,2026-06-05T18:46:27.068657+00:00,rf,ranking_extra,255,4935,6,999,0.6305962866774508,742,257,0.49481942452203403,"[""V176"", ""V255"", ""V191"", ""V224"", ""V215"", ""V483""]","{""n_estimators"": 376, ""max_depth"": 9, ""min_samples_leaf"": 2, ""min_samples_split"": 4, ""criterion"": ""entropy"", ""class_weight"": null}"
256,2026-06-05T18:48:38.282532+00:00,rf,ranking_extra,256,4975,3,991,0.5898451717174399,702,289,0.49959310908373866,"[""V176"", ""V255"", ""V191""]","{""n_estimators"": 357, ""max_depth"": 4, ""min_samples_leaf"": 2, ""min_samples_split"": 9, ""criterion"": ""entropy"", ""class_weight"": ""balanced""}"
257,2026-06-05T18:49:58.078052+00:00,rf,ranking_extra,257,5025,6,999,0.6441396735126137,748,251,0.4938110656188193,"[""V176"", ""V255"", ""V191"", ""V224"", ""V215"", ""V483""]","{""n_estimators"": 210, ""max_depth"": 11, ""min_samples_leaf"": 3, ""min_samples_split"": 9, ""criterion"": ""entropy"", ""class_weight"": null}"
258,2026-06-05T18:52:50.473250+00:00,rf,ranking_extra,258,4980,6,999,0.6304213218499399,745,254,0.49698009064790166,"[""V176"", ""V255"", ""V191"", ""V224"", ""V215"", ""V483""]","{""n_estimators"": 440, ""max_depth"": 9, ""min_samples_leaf"": 4, ""min_samples_split"": 8, ""criterion"": ""entropy"", ""class_weight"": ""balanced""}"
259,2026-06-05T18:54:15.184510+00:00,rf,ranking_extra,259,4960,3,1000,0.5954445827085184,704,296,0.49691666918731464,"[""V176"", ""V255"", ""V191""]","{""n_estimators"": 249, ""max_depth"": 5, ""min_samples_leaf"": 2, ""min_samples_split"": 9, ""criterion"": ""gini"", ""class_weight"": null}"
260,2026-06-05T18:55:07.590647+00:00,rf,ranking_extra,260,4875,3,993,0.5893020655732731,696,297,0.49697870669339356,"[""V176"", ""V255"", ""V191""]","{""n_estimators"": 154, ""max_depth"": 4, ""min_samples_leaf"": 2, ""min_samples_split"": 5, ""criterion"": ""gini"", ""class_weight"": null}"
261,2026-06-05T18:55:30.534244+00:00,rf,ranking_extra,261,4890,3,999,0.6072873953625587,699,300,0.4973960079179905,"[""V176"", ""V255"", ""V191""]","{""n_estimators"": 60, ""max_depth"": 7, ""min_samples_leaf"": 4, ""min_samples_split"": 4, ""criterion"": ""gini"", ""class_weight"": null}"
262,2026-06-05T18:57:16.793644+00:00,rf,ranking_extra,262,4860,3,999,0.6299284271780798,697,302,0.49826952235321553,"[""V176"", ""V255"", ""V191""]","{""n_estimators"": 274, ""max_depth"": 10, ""min_samples_leaf"": 4, ""min_samples_split"": 7, ""criterion"": ""gini"", ""class_weight"": ""balanced""}"
263,2026-06-05T18:58:49.248367+00:00,rf,ranking_extra,263,4930,3,1000,0.6161151342171421,702,298,0.4963374479985205,"[""V176"", ""V255"", ""V191""]","{""n_estimators"": 255, ""max_depth"": 9, ""min_samples_leaf"": 3, ""min_samples_split"": 8, ""criterion"": ""entropy"", ""class_weight"": null}"
264,2026-06-05T18:59:53.551811+00:00,rf,ranking_extra,264,5020,5,998,0.6348869375990007,734,264,0.4945285392883382,"[""V176"", ""V255"", ""V191"", ""V224"", ""V215""]","{""n_estimators"": 173, ""max_depth"": 10, ""min_samples_leaf"": 4, ""min_samples_split"": 8, ""criterion"": ""entropy"", ""class_weight"": null}"
265,2026-06-05T19:01:16.353716+00:00,rf,ranking_extra,265,4930,3,1000,0.6206343374585922,702,298,0.49856752769500734,"[""V176"", ""V255"", ""V191""]","{""n_estimators"": 224, ""max_depth"": 8, ""min_samples_leaf"": 4, ""min_samples_split"": 2, ""criterion"": ""gini"", ""class_weight"": ""balanced""}"
266,2026-06-05T19:01:55.968621+00:00,rf,ranking_extra,266,4930,5,998,0.6369198271353129,728,270,0.4943055328742584,"[""V176"", ""V255"", ""V191"", ""V224"", ""V215""]","{""n_estimators"": 103, ""max_depth"": 10, ""min_samples_leaf"": 4, ""min_samples_split"": 8, ""criterion"": ""entropy"", ""class_weight"": null}"
267,2026-06-05T19:03:55.951536+00:00,rf,ranking_extra,267,4905,3,993,0.5948563497229293,698,295,0.4969943982557404,"[""V176"", ""V255"", ""V191""]","{""n_estimators"": 356, ""max_depth"": 5, ""min_samples_leaf"": 4, ""min_samples_split"": 9, ""criterion"": ""gini"", ""class_weight"": null}"
268,2026-06-05T19:05:17.174298+00:00,rf,ranking_extra,268,4890,5,1000,0.6171767491116624,726,274,0.49551738095929504,"[""V176"", ""V255"", ""V191"", ""V224"", ""V215""]","{""n_estimators"": 230, ""max_depth"": 7, ""min_samples_leaf"": 1, ""min_samples_split"": 5, ""criterion"": ""gini"", ""class_weight"": null}"
269,2026-06-05T19:08:10.778380+00:00,rf,ranking_extra,269,4855,3,1000,0.6217947229466153,697,303,0.4962445974255765,"[""V176"", ""V255"", ""V191""]","{""n_estimators"": 481, ""max_depth"": 9, ""min_samples_leaf"": 2, ""min_samples_split"": 9, ""criterion"": ""gini"", ""class_weight"": null}"
270,2026-06-05T19:10:51.212275+00:00,rf,ranking_extra,270,4930,3,1000,0.5873376604959015,702,298,0.4998643405644723,"[""V176"", ""V255"", ""V191""]","{""n_estimators"": 430, ""max_depth"": 4, ""min_samples_leaf"": 3, ""min_samples_split"": 2, ""criterion"": ""gini"", ""class_weight"": ""balanced""}"
271,2026-06-05T19:11:22.950403+00:00,rf,ranking_extra,271,4970,3,992,0.5967372449258118,702,290,0.49874239075623256,"[""V176"", ""V255"", ""V191""]","{""n_estimators"": 82, ""max_depth"": 6, ""min_samples_leaf"": 1, ""min_samples_split"": 9, ""criterion"": ""entropy"", ""class_weight"": ""balanced""}"
272,2026-06-05T19:13:55.157405+00:00,rf,ranking_extra,272,4960,6,1000,0.6448455520803074,744,256,0.49392518264681884,"[""V176"", ""V255"", ""V191"", ""V224"", ""V215"", ""V483""]","{""n_estimators"": 411, ""max_depth"": 11, ""min_samples_leaf"": 2, ""min_samples_split"": 2, ""criterion"": ""entropy"", ""class_weight"": null}"
273,2026-06-05T19:15:51.420115+00:00,rf,ranking_extra,273,4945,6,1000,0.6457743718598725,743,257,0.4959560935241546,"[""V176"", ""V255"", ""V191"", ""V224"", ""V215"", ""V483""]","{""n_estimators"": 292, ""max_depth"": 11, ""min_samples_leaf"": 4, ""min_samples_split"": 4, ""criterion"": ""entropy"", ""class_weight"": ""balanced""}"
274,2026-06-05T19:17:29.693908+00:00,rf,ranking_extra,274,4910,3,995,0.6095509070140088,699,296,0.4968035011536449,"[""V176"", ""V255"", ""V191""]","{""n_estimators"": 289, ""max_depth"": 7, ""min_samples_leaf"": 3, ""min_samples_split"": 8, ""criterion"": ""gini"", ""class_weight"": null}"
275,2026-06-05T19:18:26.331903+00:00,rf,ranking_extra,275,5055,3,999,0.5997935055848749,710,289,0.49699719505459905,"[""V176"", ""V255"", ""V191""]","{""n_estimators"": 164, ""max_depth"": 6, ""min_samples_leaf"": 3, ""min_samples_split"": 5, ""criterion"": ""entropy"", ""class_weight"": null}"
276,2026-06-05T19:20:43.073624+00:00,rf,ranking_extra,276,4915,3,1000,0.5925078808070532,701,299,0.4968597985344679,"[""V176"", ""V255"", ""V191""]","{""n_estimators"": 393, ""max_depth"": 5, ""min_samples_leaf"": 3, ""min_samples_split"": 8, ""criterion"": ""entropy"", ""class_weight"": null}"
277,2026-06-05T19:22:03.272568+00:00,rf,ranking_extra,277,4855,3,997,0.6256184272532106,696,301,0.4982597367527038,"[""V176"", ""V255"", ""V191""]","{""n_estimators"": 212, ""max_depth"": 9, ""min_samples_leaf"": 3, ""min_samples_split"": 6, ""criterion"": ""gini"", ""class_weight"": ""balanced""}"
278,2026-06-05T19:24:33.166122+00:00,rf,ranking_extra,278,4975,3,1000,0.5967288642131932,705,295,0.49905946885831165,"[""V176"", ""V255"", ""V191""]","{""n_estimators"": 401, ""max_depth"": 5, ""min_samples_leaf"": 2, ""min_samples_split"": 4, ""criterion"": ""gini"", ""class_weight"": ""balanced""}"
279,2026-06-05T19:25:50.078548+00:00,rf,ranking_extra,279,5030,5,999,0.6194949806638466,735,264,0.495359721937808,"[""V176"", ""V255"", ""V191"", ""V224"", ""V215""]","{""n_estimators"": 210, ""max_depth"": 8, ""min_samples_leaf"": 2, ""min_samples_split"": 4, ""criterion"": ""entropy"", ""class_weight"": null}"
280,2026-06-05T19:26:31.332720+00:00,rf,ranking_extra,280,4900,6,988,0.6439217302975407,736,252,0.49563006310011887,"[""V176"", ""V255"", ""V191"", ""V224"", ""V215"", ""V483""]","{""n_estimators"": 99, ""max_depth"": 10, ""min_samples_leaf"": 3, ""min_samples_split"": 2, ""criterion"": ""entropy"", ""class_weight"": ""balanced""}"
281,2026-06-05T19:28:44.183376+00:00,rf,ranking_extra,281,4935,5,1000,0.6251031209423215,729,271,0.49735825460660954,"[""V176"", ""V255"", ""V191"", ""V224"", ""V215""]","{""n_estimators"": 343, ""max_depth"": 8, ""min_samples_leaf"": 2, ""min_samples_split"": 6, ""criterion"": ""entropy"", ""class_weight"": ""balanced""}"
282,2026-06-05T19:29:39.753793+00:00,rf,ranking_extra,282,4915,3,1000,0.5858518350879015,701,299,0.49743107475744236,"[""V176"", ""V255"", ""V191""]","{""n_estimators"": 166, ""max_depth"": 4, ""min_samples_leaf"": 3, ""min_samples_split"": 2, ""criterion"": ""entropy"", ""class_weight"": null}"
283,2026-06-05T19:32:06.823951+00:00,rf,ranking_extra,283,4950,3,999,0.5875166156287166,703,296,0.497161318597828,"[""V176"", ""V255"", ""V191""]","{""n_estimators"": 427, ""max_depth"": 4, ""min_samples_leaf"": 1, ""min_samples_split"": 4, ""criterion"": ""entropy"", ""class_weight"": null}"
284,2026-06-05T19:33:09.591408+00:00,rf,ranking_extra,284,4885,3,1000,0.5913307648944005,699,301,0.4964210149247176,"[""V176"", ""V255"", ""V191""]","{""n_estimators"": 193, ""max_depth"": 4, ""min_samples_leaf"": 4, ""min_samples_split"": 7, ""criterion"": ""gini"", ""class_weight"": null}"
285,2026-06-05T19:33:52.742828+00:00,rf,ranking_extra,285,4980,3,999,0.5869864789130904,705,294,0.4974062843377269,"[""V176"", ""V255"", ""V191""]","{""n_estimators"": 123, ""max_depth"": 4, ""min_samples_leaf"": 1, ""min_samples_split"": 9, ""criterion"": ""entropy"", ""class_weight"": null}"
286,2026-06-05T19:35:10.163466+00:00,rf,ranking_extra,286,4965,5,1000,0.6213099422487283,731,269,0.495153402864385,"[""V176"", ""V255"", ""V191"", ""V224"", ""V215""]","{""n_estimators"": 211, ""max_depth"": 8, ""min_samples_leaf"": 3, ""min_samples_split"": 6, ""criterion"": ""entropy"", ""class_weight"": null}"
287,2026-06-05T19:37:29.045538+00:00,rf,ranking_extra,287,4825,6,1000,0.6449689938783214,735,265,0.4923299809900146,"[""V176"", ""V255"", ""V191"", ""V224"", ""V215"", ""V483""]","{""n_estimators"": 385, ""max_depth"": 11, ""min_samples_leaf"": 2, ""min_samples_split"": 6, ""criterion"": ""gini"", ""class_weight"": null}"
288,2026-06-05T19:39:30.117735+00:00,rf,ranking_extra,288,5010,3,999,0.5852915101636419,707,292,0.4971735712276322,"[""V176"", ""V255"", ""V191""]","{""n_estimators"": 349, ""max_depth"": 4, ""min_samples_leaf"": 4, ""min_samples_split"": 5, ""criterion"": ""entropy"", ""class_weight"": null}"
289,2026-06-05T19:40:49.152235+00:00,rf,ranking_extra,289,4920,3,999,0.6087644513294139,701,298,0.4965888695730411,"[""V176"", ""V255"", ""V191""]","{""n_estimators"": 212, ""max_depth"": 8, ""min_samples_leaf"": 2, ""min_samples_split"": 2, ""criterion"": ""entropy"", ""class_weight"": null}"
290,2026-06-05T19:42:15.735747+00:00,rf,ranking_extra,290,4815,3,993,0.6179298317759203,692,301,0.4987407073741475,"[""V176"", ""V255"", ""V191""]","{""n_estimators"": 225, ""max_depth"": 8, ""min_samples_leaf"": 1, ""min_samples_split"": 8, ""criterion"": ""gini"", ""class_weight"": ""balanced""}"
291,2026-06-05T19:43:24.964517+00:00,rf,ranking_extra,291,4995,5,1000,0.6317571936001045,733,267,0.49669460094923723,"[""V176"", ""V255"", ""V191"", ""V224"", ""V215""]","{""n_estimators"": 175, ""max_depth"": 9, ""min_samples_leaf"": 3, ""min_samples_split"": 2, ""criterion"": ""entropy"", ""class_weight"": ""balanced""}"
292,2026-06-05T19:43:59.644592+00:00,rf,ranking_extra,292,4735,3,1000,0.6289831337476135,689,311,0.4946458654951022,"[""V176"", ""V255"", ""V191""]","{""n_estimators"": 97, ""max_depth"": 11, ""min_samples_leaf"": 2, ""min_samples_split"": 7, ""criterion"": ""gini"", ""class_weight"": null}"
293,2026-06-05T19:45:22.783662+00:00,rf,ranking_extra,293,4950,3,999,0.6025285392293398,703,296,0.49907421440578237,"[""V176"", ""V255"", ""V191""]","{""n_estimators"": 222, ""max_depth"": 6, ""min_samples_leaf"": 3, ""min_samples_split"": 4, ""criterion"": ""entropy"", ""class_weight"": ""balanced""}"
294,2026-06-05T19:48:27.893420+00:00,rf,ranking_extra,294,4965,5,1000,0.6432001700321673,731,269,0.4965040628352868,"[""V176"", ""V255"", ""V191"", ""V224"", ""V215""]","{""n_estimators"": 472, ""max_depth"": 11, ""min_samples_leaf"": 4, ""min_samples_split"": 7, ""criterion"": ""entropy"", ""class_weight"": ""balanced""}"
295,2026-06-05T19:50:18.048511+00:00,rf,ranking_extra,295,4965,3,999,0.5999694845369664,704,295,0.4964205434169989,"[""V176"", ""V255"", ""V191""]","{""n_estimators"": 327, ""max_depth"": 6, ""min_samples_leaf"": 2, ""min_samples_split"": 8, ""criterion"": ""gini"", ""class_weight"": null}"
296,2026-06-05T19:51:55.645595+00:00,rf,ranking_extra,296,4975,6,997,0.6228208877084308,744,253,0.4949800333718025,"[""V176"", ""V255"", ""V191"", ""V224"", ""V215"", ""V483""]","{""n_estimators"": 274, ""max_depth"": 8, ""min_samples_leaf"": 4, ""min_samples_split"": 5, ""criterion"": ""entropy"", ""class_weight"": null}"
297,2026-06-05T19:54:12.897841+00:00,rf,ranking_extra,297,4960,3,1000,0.5969312687354945,704,296,0.49705342125493734,"[""V176"", ""V255"", ""V191""]","{""n_estimators"": 390, ""max_depth"": 5, ""min_samples_leaf"": 4, ""min_samples_split"": 6, ""criterion"": ""entropy"", ""class_weight"": null}"
298,2026-06-05T19:55:25.310700+00:00,rf,ranking_extra,298,4890,3,999,0.6189547971819227,699,300,0.49841981444398525,"[""V176"", ""V255"", ""V191""]","{""n_estimators"": 184, ""max_depth"": 9, ""min_samples_leaf"": 1, ""min_samples_split"": 4, ""criterion"": ""entropy"", ""class_weight"": ""balanced""}"
299,2026-06-05T19:56:43.936856+00:00,rf,ranking_extra,299,4875,3,999,0.6103432110733636,698,301,0.4985352313289781,"[""V176"", ""V255"", ""V191""]","{""n_estimators"": 206, ""max_depth"": 7, ""min_samples_leaf"": 1, ""min_samples_split"": 6, ""criterion"": ""gini"", ""class_weight"": ""balanced""}"
300,2026-06-05T19:58:24.184083+00:00,rf,ranking_extra,300,4915,5,995,0.6353937909081462,726,269,0.4956854814075682,"[""V176"", ""V255"", ""V191"", ""V224"", ""V215""]","{""n_estimators"": 268, ""max_depth"": 9, ""min_samples_leaf"": 3, ""min_samples_split"": 7, ""criterion"": ""gini"", ""class_weight"": ""balanced""}"
301,2026-06-05T20:00:06.403537+00:00,rf,ranking_extra,301,4945,6,997,0.6307651917359094,742,255,0.49702322137994626,"[""V176"", ""V255"", ""V191"", ""V224"", ""V215"", ""V483""]","{""n_estimators"": 259, ""max_depth"": 9, ""min_samples_leaf"": 2, ""min_samples_split"": 7, ""criterion"": ""entropy"", ""class_weight"": ""balanced""}"
302,2026-06-05T20:02:41.524999+00:00,rf,ranking_extra,302,4920,6,996,0.6369147853003798,740,256,0.4939616496274616,"[""V176"", ""V255"", ""V191"", ""V224"", ""V215"", ""V483""]","{""n_estimators"": 423, ""max_depth"": 10, ""min_samples_leaf"": 1, ""min_samples_split"": 9, ""criterion"": ""entropy"", ""class_weight"": null}"
303,2026-06-05T20:05:16.946854+00:00,rf,ranking_extra,303,4990,6,1000,0.6396615253976382,746,254,0.49644347236660014,"[""V176"", ""V255"", ""V191"", ""V224"", ""V215"", ""V483""]","{""n_estimators"": 400, ""max_depth"": 10, ""min_samples_leaf"": 4, ""min_samples_split"": 6, ""criterion"": ""entropy"", ""class_weight"": ""balanced""}"
304,2026-06-05T20:05:56.172710+00:00,rf,ranking_extra,304,4915,3,1000,0.5888015959136181,701,299,0.5002792360188183,"[""V176"", ""V255"", ""V191""]","{""n_estimators"": 109, ""max_depth"": 4, ""min_samples_leaf"": 1, ""min_samples_split"": 4, ""criterion"": ""gini"", ""class_weight"": ""balanced""}"
305,2026-06-05T20:07:50.227741+00:00,rf,ranking_extra,305,4995,3,999,0.6052004081265119,706,293,0.49711904434106907,"[""V176"", ""V255"", ""V191""]","{""n_estimators"": 337, ""max_depth"": 6, ""min_samples_leaf"": 3, ""min_samples_split"": 3, ""criterion"": ""gini"", ""class_weight"": null}"
306,2026-06-05T20:10:38.727696+00:00,rf,ranking_extra,306,4970,3,998,0.6013125780895392,704,294,0.49717361405010096,"[""V176"", ""V255"", ""V191""]","{""n_estimators"": 475, ""max_depth"": 6, ""min_samples_leaf"": 4, ""min_samples_split"": 5, ""criterion"": ""entropy"", ""class_weight"": null}"
307,2026-06-05T20:12:18.052950+00:00,rf,ranking_extra,307,4905,5,1000,0.6388207765277756,727,273,0.4930157485680049,"[""V176"", ""V255"", ""V191"", ""V224"", ""V215""]","{""n_estimators"": 274, ""max_depth"": 10, ""min_samples_leaf"": 2, ""min_samples_split"": 3, ""criterion"": ""gini"", ""class_weight"": null}"
308,2026-06-05T20:14:48.582807+00:00,rf,ranking_extra,308,5025,3,996,0.6124294284105083,707,289,0.4970056947421201,"[""V176"", ""V255"", ""V191""]","{""n_estimators"": 423, ""max_depth"": 8, ""min_samples_leaf"": 2, ""min_samples_split"": 6, ""criterion"": ""entropy"", ""class_weight"": null}"
309,2026-06-05T20:17:39.458321+00:00,rf,ranking_extra,309,5005,3,1000,0.604075122611144,707,293,0.4969347085870959,"[""V176"", ""V255"", ""V191""]","{""n_estimators"": 489, ""max_depth"": 6, ""min_samples_leaf"": 3, ""min_samples_split"": 7, ""criterion"": ""gini"", ""class_weight"": null}"
310,2026-06-05T20:20:35.176398+00:00,rf,ranking_extra,310,4960,3,1000,0.5962279180361434,704,296,0.49946814161946607,"[""V176"", ""V255"", ""V191""]","{""n_estimators"": 467, ""max_depth"": 5, ""min_samples_leaf"": 4, ""min_samples_split"": 6, ""criterion"": ""entropy"", ""class_weight"": ""balanced""}"
311,2026-06-05T20:21:35.856597+00:00,rf,ranking_extra,311,4915,3,1000,0.597745363541904,701,299,0.49695596139550235,"[""V176"", ""V255"", ""V191""]","{""n_estimators"": 174, ""max_depth"": 5, ""min_samples_leaf"": 1, ""min_samples_split"": 7, ""criterion"": ""gini"", ""class_weight"": null}"
312,2026-06-05T20:24:37.294695+00:00,rf,ranking_extra,312,4975,3,1000,0.6135430342572653,705,295,0.499017616924008,"[""V176"", ""V255"", ""V191""]","{""n_estimators"": 470, ""max_depth"": 8, ""min_samples_leaf"": 1, ""min_samples_split"": 7, ""criterion"": ""entropy"", ""class_weight"": ""balanced""}"
313,2026-06-05T20:27:36.862429+00:00,rf,ranking_extra,313,4995,3,999,0.6025606472385004,706,293,0.4993835258293533,"[""V176"", ""V255"", ""V191""]","{""n_estimators"": 466, ""max_depth"": 6, ""min_samples_leaf"": 1, ""min_samples_split"": 5, ""criterion"": ""entropy"", ""class_weight"": ""balanced""}"
314,2026-06-05T20:27:59.575318+00:00,rf,ranking_extra,314,5065,3,997,0.5954630494332086,710,287,0.4974317682919592,"[""V176"", ""V255"", ""V191""]","{""n_estimators"": 58, ""max_depth"": 6, ""min_samples_leaf"": 3, ""min_samples_split"": 9, ""criterion"": ""entropy"", ""class_weight"": null}"
315,2026-06-05T20:28:23.608889+00:00,rf,ranking_extra,315,5035,3,1000,0.6088863522035202,709,291,0.4991239216254608,"[""V176"", ""V255"", ""V191""]","{""n_estimators"": 58, ""max_depth"": 7, ""min_samples_leaf"": 2, ""min_samples_split"": 3, ""criterion"": ""entropy"", ""class_weight"": ""balanced""}"
316,2026-06-05T20:30:54.736116+00:00,rf,ranking_extra,316,4980,6,999,0.6384371369810241,745,254,0.49438354997641293,"[""V176"", ""V255"", ""V191"", ""V224"", ""V215"", ""V483""]","{""n_estimators"": 411, ""max_depth"": 10, ""min_samples_leaf"": 4, ""min_samples_split"": 3, ""criterion"": ""entropy"", ""class_weight"": null}"
317,2026-06-05T20:32:58.357827+00:00,rf,ranking_extra,317,4990,3,994,0.5905721928723403,704,290,0.49772731277681104,"[""V176"", ""V255"", ""V191""]","{""n_estimators"": 367, ""max_depth"": 4, ""min_samples_leaf"": 3, ""min_samples_split"": 9, ""criterion"": ""gini"", ""class_weight"": null}"
318,2026-06-05T20:34:45.324724+00:00,rf,ranking_extra,318,4915,6,1000,0.6478222627089711,741,259,0.49337463682085053,"[""V176"", ""V255"", ""V191"", ""V224"", ""V215"", ""V483""]","{""n_estimators"": 297, ""max_depth"": 11, ""min_samples_leaf"": 3, ""min_samples_split"": 8, ""criterion"": ""gini"", ""class_weight"": null}"
319,2026-06-05T20:37:27.809509+00:00,rf,ranking_extra,319,5010,3,987,0.5907526926616068,703,284,0.4971989975939992,"[""V176"", ""V255"", ""V191""]","{""n_estimators"": 469, ""max_depth"": 4, ""min_samples_leaf"": 3, ""min_samples_split"": 4, ""criterion"": ""entropy"", ""class_weight"": null}"
320,2026-06-05T20:39:26.482825+00:00,rf,ranking_extra,320,4935,3,999,0.6024440195925934,702,297,0.4969403817964817,"[""V176"", ""V255"", ""V191""]","{""n_estimators"": 339, ""max_depth"": 6, ""min_samples_leaf"": 4, ""min_samples_split"": 9, ""criterion"": ""gini"", ""class_weight"": null}"
321,2026-06-05T20:41:21.892801+00:00,rf,ranking_extra,321,4855,6,1000,0.6445430862222622,737,263,0.49298397375703634,"[""V176"", ""V255"", ""V191"", ""V224"", ""V215"", ""V483""]","{""n_estimators"": 319, ""max_depth"": 11, ""min_samples_leaf"": 3, ""min_samples_split"": 4, ""criterion"": ""gini"", ""class_weight"": null}"
322,2026-06-05T20:41:52.868108+00:00,rf,ranking_extra,322,4915,3,1000,0.6135174219941376,701,299,0.49946665937915413,"[""V176"", ""V255"", ""V191""]","{""n_estimators"": 76, ""max_depth"": 8, ""min_samples_leaf"": 1, ""min_samples_split"": 9, ""criterion"": ""entropy"", ""class_weight"": ""balanced""}"
323,2026-06-05T20:44:52.454112+00:00,rf,ranking_extra,323,4805,6,998,0.6418468608447433,733,265,0.49573358887590985,"[""V176"", ""V255"", ""V191"", ""V224"", ""V215"", ""V483""]","{""n_estimators"": 466, ""max_depth"": 10, ""min_samples_leaf"": 2, ""min_samples_split"": 7, ""criterion"": ""gini"", ""class_weight"": ""balanced""}"
324,2026-06-05T20:46:14.317375+00:00,rf,ranking_extra,324,4840,3,997,0.5944743251936505,695,302,0.49762056239016655,"[""V176"", ""V255"", ""V191""]","{""n_estimators"": 234, ""max_depth"": 5, ""min_samples_leaf"": 3, ""min_samples_split"": 2, ""criterion"": ""gini"", ""class_weight"": null}"
325,2026-06-05T20:47:33.108392+00:00,rf,ranking_extra,325,4930,3,1000,0.6031734018353155,702,298,0.49914005833670155,"[""V176"", ""V255"", ""V191""]","{""n_estimators"": 203, ""max_depth"": 6, ""min_samples_leaf"": 1, ""min_samples_split"": 6, ""criterion"": ""entropy"", ""class_weight"": ""balanced""}"
326,2026-06-05T20:49:01.444614+00:00,rf,ranking_extra,326,4915,3,1000,0.6059277416662703,701,299,0.4990528812401082,"[""V176"", ""V255"", ""V191""]","{""n_estimators"": 235, ""max_depth"": 6, ""min_samples_leaf"": 2, ""min_samples_split"": 9, ""criterion"": ""gini"", ""class_weight"": ""balanced""}"
327,2026-06-05T20:50:13.171044+00:00,rf,ranking_extra,327,4970,3,998,0.5954828924712139,704,294,0.4972118969418452,"[""V176"", ""V255"", ""V191""]","{""n_estimators"": 203, ""max_depth"": 5, ""min_samples_leaf"": 1, ""min_samples_split"": 6, ""criterion"": ""entropy"", ""class_weight"": null}"
328,2026-06-05T20:52:20.171527+00:00,rf,ranking_extra,328,4990,3,994,0.5881921838929264,704,290,0.49737961754530124,"[""V176"", ""V255"", ""V191""]","{""n_estimators"": 371, ""max_depth"": 4, ""min_samples_leaf"": 1, ""min_samples_split"": 6, ""criterion"": ""entropy"", ""class_weight"": null}"
329,2026-06-05T20:53:10.262339+00:00,rf,ranking_extra,329,4980,5,1000,0.6287579469179564,732,268,0.49471108903513816,"[""V176"", ""V255"", ""V191"", ""V224"", ""V215""]","{""n_estimators"": 134, ""max_depth"": 9, ""min_samples_leaf"": 3, ""min_samples_split"": 5, ""criterion"": ""entropy"", ""class_weight"": null}"
330,2026-06-05T20:55:53.629953+00:00,rf,ranking_extra,330,4960,6,1000,0.6434819807901869,744,256,0.4936893699382792,"[""V176"", ""V255"", ""V191"", ""V224"", ""V215"", ""V483""]","{""n_estimators"": 443, ""max_depth"": 11, ""min_samples_leaf"": 3, ""min_samples_split"": 6, ""criterion"": ""entropy"", ""class_weight"": null}"
331,2026-06-05T20:57:24.719774+00:00,rf,ranking_extra,331,4965,3,999,0.5964630944079016,704,295,0.4968690039823863,"[""V176"", ""V255"", ""V191""]","{""n_estimators"": 271, ""max_depth"": 5, ""min_samples_leaf"": 1, ""min_samples_split"": 6, ""criterion"": ""gini"", ""class_weight"": null}"
332,2026-06-05T21:00:32.595319+00:00,rf,ranking_extra,332,4835,3,998,0.6232825398049343,695,303,0.4986562471781279,"[""V176"", ""V255"", ""V191""]","{""n_estimators"": 486, ""max_depth"": 9, ""min_samples_leaf"": 2, ""min_samples_split"": 6, ""criterion"": ""gini"", ""class_weight"": ""balanced""}"
333,2026-06-05T21:01:07.858081+00:00,rf,ranking_extra,333,4960,3,1000,0.6046530576562148,704,296,0.4970841902040176,"[""V176"", ""V255"", ""V191""]","{""n_estimators"": 97, ""max_depth"": 7, ""min_samples_leaf"": 1, ""min_samples_split"": 6, ""criterion"": ""entropy"", ""class_weight"": null}"
334,2026-06-05T21:03:14.151210+00:00,rf,ranking_extra,334,4885,3,1000,0.6197284703843677,699,301,0.49843435518765616,"[""V176"", ""V255"", ""V191""]","{""n_estimators"": 318, ""max_depth"": 9, ""min_samples_leaf"": 2, ""min_samples_split"": 5, ""criterion"": ""entropy"", ""class_weight"": ""balanced""}"
335,2026-06-05T21:04:18.051024+00:00,rf,ranking_extra,335,4990,3,997,0.6041486418125316,705,292,0.497065318974015,"[""V176"", ""V255"", ""V191""]","{""n_estimators"": 180, ""max_depth"": 7, ""min_samples_leaf"": 3, ""min_samples_split"": 4, ""criterion"": ""entropy"", ""class_weight"": null}"
336,2026-06-05T21:05:59.230542+00:00,rf,ranking_extra,336,4945,3,1000,0.6030713226673093,703,297,0.49662575329443226,"[""V176"", ""V255"", ""V191""]","{""n_estimators"": 299, ""max_depth"": 6, ""min_samples_leaf"": 2, ""min_samples_split"": 6, ""criterion"": ""gini"", ""class_weight"": null}"
337,2026-06-05T21:08:55.811316+00:00,rf,ranking_extra,337,4945,3,1000,0.5927366370762241,703,297,0.4995075355856681,"[""V176"", ""V255"", ""V191""]","{""n_estimators"": 469, ""max_depth"": 4, ""min_samples_leaf"": 1, ""min_samples_split"": 9, ""criterion"": ""gini"", ""class_weight"": ""balanced""}"
338,2026-06-05T21:10:45.065411+00:00,rf,ranking_extra,338,4960,3,1000,0.6066866055968142,704,296,0.4967850857833641,"[""V176"", ""V255"", ""V191""]","{""n_estimators"": 310, ""max_depth"": 7, ""min_samples_leaf"": 3, ""min_samples_split"": 3, ""criterion"": ""entropy"", ""class_weight"": null}"
339,2026-06-05T21:11:29.674912+00:00,rf,ranking_extra,339,5065,3,1000,0.5975300779387313,711,289,0.49625553335101724,"[""V176"", ""V255"", ""V191""]","{""n_estimators"": 129, ""max_depth"": 5, ""min_samples_leaf"": 1, ""min_samples_split"": 7, ""criterion"": ""entropy"", ""class_weight"": null}"
340,2026-06-05T21:12:27.792046+00:00,rf,ranking_extra,340,4930,3,1000,0.605408558945516,702,298,0.49670736424975565,"[""V176"", ""V255"", ""V191""]","{""n_estimators"": 168, ""max_depth"": 6, ""min_samples_leaf"": 4, ""min_samples_split"": 8, ""criterion"": ""gini"", ""class_weight"": null}"
341,2026-06-05T21:13:37.406342+00:00,rf,ranking_extra,341,4885,6,988,0.6438196252109445,735,253,0.4946350225674374,"[""V176"", ""V255"", ""V191"", ""V224"", ""V215"", ""V483""]","{""n_estimators"": 182, ""max_depth"": 10, ""min_samples_leaf"": 2, ""min_samples_split"": 4, ""criterion"": ""gini"", ""class_weight"": ""balanced""}"
342,2026-06-05T21:14:40.816975+00:00,rf,ranking_extra,342,4900,3,1000,0.6169339027401843,700,300,0.49859698149741216,"[""V176"", ""V255"", ""V191""]","{""n_estimators"": 165, ""max_depth"": 8, ""min_samples_leaf"": 2, ""min_samples_split"": 5, ""criterion"": ""gini"", ""class_weight"": ""balanced""}"
343,2026-06-05T21:15:06.956192+00:00,rf,ranking_extra,343,4890,3,999,0.5971703027742125,699,300,0.500091272791301,"[""V176"", ""V255"", ""V191""]","{""n_estimators"": 69, ""max_depth"": 5, ""min_samples_leaf"": 4, ""min_samples_split"": 6, ""criterion"": ""gini"", ""class_weight"": ""balanced""}"
344,2026-06-05T21:17:29.985182+00:00,rf,ranking_extra,344,5005,3,1000,0.6091149354834373,707,293,0.49889108831420637,"[""V176"", ""V255"", ""V191""]","{""n_estimators"": 369, ""max_depth"": 7, ""min_samples_leaf"": 2, ""min_samples_split"": 4, ""criterion"": ""entropy"", ""class_weight"": ""balanced""}"
345,2026-06-05T21:18:38.858949+00:00,rf,ranking_extra,345,4965,6,999,0.6369111047358804,744,255,0.49543213223293614,"[""V176"", ""V255"", ""V191"", ""V224"", ""V215"", ""V483""]","{""n_estimators"": 167, ""max_depth"": 10, ""min_samples_leaf"": 1, ""min_samples_split"": 3, ""criterion"": ""entropy"", ""class_weight"": ""balanced""}"
346,2026-06-05T21:19:08.090146+00:00,rf,ranking_extra,346,4815,3,999,0.6177652238910117,694,305,0.4990247146161488,"[""V176"", ""V255"", ""V191""]","{""n_estimators"": 74, ""max_depth"": 8, ""min_samples_leaf"": 1, ""min_samples_split"": 5, ""criterion"": ""gini"", ""class_weight"": ""balanced""}"
347,2026-06-05T21:21:02.756723+00:00,rf,ranking_extra,347,4850,5,999,0.6228444195330535,723,276,0.4962288729115612,"[""V176"", ""V255"", ""V191"", ""V224"", ""V215""]","{""n_estimators"": 326, ""max_depth"": 7, ""min_samples_leaf"": 4, ""min_samples_split"": 7, ""criterion"": ""gini"", ""class_weight"": null}"
348,2026-06-05T21:22:27.425193+00:00,rf,ranking_extra,348,5050,5,998,0.6272161692108503,736,262,0.4932703079920726,"[""V176"", ""V255"", ""V191"", ""V224"", ""V215""]","{""n_estimators"": 227, ""max_depth"": 9, ""min_samples_leaf"": 1, ""min_samples_split"": 6, ""criterion"": ""entropy"", ""class_weight"": null}"
349,2026-06-05T21:23:18.022667+00:00,rf,ranking_extra,349,4845,3,999,0.6227686467483827,696,303,0.49844485608685346,"[""V176"", ""V255"", ""V191""]","{""n_estimators"": 133, ""max_depth"": 9, ""min_samples_leaf"": 1, ""min_samples_split"": 7, ""criterion"": ""gini"", ""class_weight"": ""balanced""}"
350,2026-06-05T21:24:46.253320+00:00,rf,ranking_extra,350,5005,6,1000,0.6352736895625495,747,253,0.4936965433007712,"[""V176"", ""V255"", ""V191"", ""V224"", ""V215"", ""V483""]","{""n_estimators"": 239, ""max_depth"": 10, ""min_samples_leaf"": 4, ""min_samples_split"": 4, ""criterion"": ""entropy"", ""class_weight"": null}"
351,2026-06-05T21:25:48.531233+00:00,rf,ranking_extra,351,4895,5,999,0.6367326559749663,726,273,0.4943178525263271,"[""V176"", ""V255"", ""V191"", ""V224"", ""V215""]","{""n_estimators"": 173, ""max_depth"": 9, ""min_samples_leaf"": 3, ""min_samples_split"": 8, ""criterion"": ""gini"", ""class_weight"": null}"
352,2026-06-05T21:26:31.865652+00:00,rf,ranking_extra,352,5075,3,998,0.6188942828469242,711,287,0.49612896124227807,"[""V176"", ""V255"", ""V191""]","{""n_estimators"": 116, ""max_depth"": 9, ""min_samples_leaf"": 3, ""min_samples_split"": 4, ""criterion"": ""entropy"", ""class_weight"": null}"
353,2026-06-05T21:27:16.800226+00:00,rf,ranking_extra,353,4905,5,1000,0.6300299475304254,727,273,0.49670028006078776,"[""V176"", ""V255"", ""V191"", ""V224"", ""V215""]","{""n_estimators"": 116, ""max_depth"": 8, ""min_samples_leaf"": 3, ""min_samples_split"": 8, ""criterion"": ""gini"", ""class_weight"": ""balanced""}"
354,2026-06-05T21:28:18.127088+00:00,rf,ranking_extra,354,4890,3,999,0.5943545648170746,699,300,0.49721594268159425,"[""V176"", ""V255"", ""V191""]","{""n_estimators"": 175, ""max_depth"": 5, ""min_samples_leaf"": 3, ""min_samples_split"": 5, ""criterion"": ""gini"", ""class_weight"": null}"
355,2026-06-05T21:29:41.646696+00:00,rf,ranking_extra,355,4875,5,1000,0.6224038384049905,725,275,0.4976636036409793,"[""V176"", ""V255"", ""V191"", ""V224"", ""V215""]","{""n_estimators"": 222, ""max_depth"": 7, ""min_samples_leaf"": 3, ""min_samples_split"": 9, ""criterion"": ""gini"", ""class_weight"": ""balanced""}"
356,2026-06-05T21:31:28.064534+00:00,rf,ranking_extra,356,4840,3,1000,0.6051416381678614,696,304,0.4972882509988714,"[""V176"", ""V255"", ""V191""]","{""n_estimators"": 304, ""max_depth"": 6, ""min_samples_leaf"": 3, ""min_samples_split"": 4, ""criterion"": ""gini"", ""class_weight"": null}"
357,2026-06-05T21:33:22.619243+00:00,rf,ranking_extra,357,4965,3,996,0.5916961963903181,703,293,0.4977768975487782,"[""V176"", ""V255"", ""V191""]","{""n_estimators"": 329, ""max_depth"": 4, ""min_samples_leaf"": 1, ""min_samples_split"": 2, ""criterion"": ""entropy"", ""class_weight"": null}"
358,2026-06-05T21:34:45.952898+00:00,rf,ranking_extra,358,4940,5,999,0.6096254656059349,729,270,0.49804241057964127,"[""V176"", ""V255"", ""V191"", ""V224"", ""V215""]","{""n_estimators"": 218, ""max_depth"": 6, ""min_samples_leaf"": 2, ""min_samples_split"": 7, ""criterion"": ""entropy"", ""class_weight"": ""balanced""}"
359,2026-06-05T21:36:15.104326+00:00,rf,ranking_extra,359,4950,3,999,0.611084053633216,703,296,0.4965810789208007,"[""V176"", ""V255"", ""V191""]","{""n_estimators"": 251, ""max_depth"": 7, ""min_samples_leaf"": 2, ""min_samples_split"": 7, ""criterion"": ""gini"", ""class_weight"": null}"
360,2026-06-05T21:37:54.777213+00:00,rf,ranking_extra,360,4960,3,1000,0.5938747895266594,704,296,0.49690803206295503,"[""V176"", ""V255"", ""V191""]","{""n_estimators"": 280, ""max_depth"": 5, ""min_samples_leaf"": 4, ""min_samples_split"": 5, ""criterion"": ""entropy"", ""class_weight"": null}"
361,2026-06-05T21:38:40.766796+00:00,rf,ranking_extra,361,4950,3,996,0.6085485924702112,702,294,0.49897219484928373,"[""V176"", ""V255"", ""V191""]","{""n_estimators"": 114, ""max_depth"": 7, ""min_samples_leaf"": 2, ""min_samples_split"": 6, ""criterion"": ""entropy"", ""class_weight"": ""balanced""}"
362,2026-06-05T21:40:29.483151+00:00,rf,ranking_extra,362,5005,3,1000,0.6015570981193111,707,293,0.4974674316194995,"[""V176"", ""V255"", ""V191""]","{""n_estimators"": 303, ""max_depth"": 6, ""min_samples_leaf"": 1, ""min_samples_split"": 5, ""criterion"": ""entropy"", ""class_weight"": null}"
363,2026-06-05T21:41:43.229538+00:00,rf,ranking_extra,363,4855,6,1000,0.6324071676113099,737,263,0.49423087330905907,"[""V176"", ""V255"", ""V191"", ""V224"", ""V215"", ""V483""]","{""n_estimators"": 205, ""max_depth"": 9, ""min_samples_leaf"": 3, ""min_samples_split"": 6, ""criterion"": ""gini"", ""class_weight"": null}"
364,2026-06-05T21:44:46.440800+00:00,rf,ranking_extra,364,4930,3,1000,0.6061948836774647,702,298,0.4991493498722226,"[""V176"", ""V255"", ""V191""]","{""n_estimators"": 479, ""max_depth"": 6, ""min_samples_leaf"": 3, ""min_samples_split"": 2, ""criterion"": ""gini"", ""class_weight"": ""balanced""}"
365,2026-06-05T21:46:03.152000+00:00,rf,ranking_extra,365,5065,3,1000,0.588205661824519,711,289,0.49728717833046293,"[""V176"", ""V255"", ""V191""]","{""n_estimators"": 224, ""max_depth"": 4, ""min_samples_leaf"": 2, ""min_samples_split"": 6, ""criterion"": ""gini"", ""class_weight"": null}"
366,2026-06-05T21:46:49.743335+00:00,rf,ranking_extra,366,4890,5,1000,0.6268964424885342,726,274,0.4944398205703888,"[""V176"", ""V255"", ""V191"", ""V224"", ""V215""]","{""n_estimators"": 132, ""max_depth"": 8, ""min_samples_leaf"": 1, ""min_samples_split"": 3, ""criterion"": ""gini"", ""class_weight"": null}"
367,2026-06-05T21:49:55.834509+00:00,rf,ranking_extra,367,4975,3,1000,0.5981110936975423,705,295,0.49936556284910655,"[""V176"", ""V255"", ""V191""]","{""n_estimators"": 489, ""max_depth"": 5, ""min_samples_leaf"": 2, ""min_samples_split"": 4, ""criterion"": ""entropy"", ""class_weight"": ""balanced""}"
368,2026-06-05T21:52:57.507411+00:00,rf,ranking_extra,368,4995,3,999,0.5906378692449048,706,293,0.4992336989165389,"[""V176"", ""V255"", ""V191""]","{""n_estimators"": 480, ""max_depth"": 4, ""min_samples_leaf"": 4, ""min_samples_split"": 6, ""criterion"": ""entropy"", ""class_weight"": ""balanced""}"
369,2026-06-05T21:55:44.261604+00:00,rf,ranking_extra,369,4860,5,1000,0.6460831908046145,724,276,0.4942159556233951,"[""V176"", ""V255"", ""V191"", ""V224"", ""V215""]","{""n_estimators"": 431, ""max_depth"": 11, ""min_samples_leaf"": 2, ""min_samples_split"": 2, ""criterion"": ""gini"", ""class_weight"": ""balanced""}"
370,2026-06-05T21:58:56.632082+00:00,rf,ranking_extra,370,4935,5,1000,0.6313015449401532,729,271,0.49676705640178787,"[""V176"", ""V255"", ""V191"", ""V224"", ""V215""]","{""n_estimators"": 497, ""max_depth"": 9, ""min_samples_leaf"": 3, ""min_samples_split"": 7, ""criterion"": ""entropy"", ""class_weight"": ""balanced""}"
371,2026-06-05T22:00:35.484669+00:00,rf,ranking_extra,371,4900,3,1000,0.5920833035045325,700,300,0.49707443987800837,"[""V176"", ""V255"", ""V191""]","{""n_estimators"": 282, ""max_depth"": 5, ""min_samples_leaf"": 2, ""min_samples_split"": 5, ""criterion"": ""entropy"", ""class_weight"": null}"
372,2026-06-05T22:01:22.458691+00:00,rf,ranking_extra,372,5040,5,997,0.621777334811849,735,262,0.49556762847342106,"[""V176"", ""V255"", ""V191"", ""V224"", ""V215""]","{""n_estimators"": 131, ""max_depth"": 8, ""min_samples_leaf"": 3, ""min_samples_split"": 2, ""criterion"": ""entropy"", ""class_weight"": null}"
373,2026-06-05T22:03:12.998027+00:00,rf,ranking_extra,373,4960,3,1000,0.5952745578466774,704,296,0.49933177625312647,"[""V176"", ""V255"", ""V191""]","{""n_estimators"": 305, ""max_depth"": 5, ""min_samples_leaf"": 3, ""min_samples_split"": 4, ""criterion"": ""entropy"", ""class_weight"": ""balanced""}"
374,2026-06-05T22:05:07.600905+00:00,rf,ranking_extra,374,4970,3,995,0.5915344440540709,703,292,0.4991244667717563,"[""V176"", ""V255"", ""V191""]","{""n_estimators"": 320, ""max_depth"": 4, ""min_samples_leaf"": 2, ""min_samples_split"": 8, ""criterion"": ""gini"", ""class_weight"": ""balanced""}"
375,2026-06-05T22:06:26.726344+00:00,rf,ranking_extra,375,4860,6,996,0.6363772877668482,736,260,0.49616772481435145,"[""V176"", ""V255"", ""V191"", ""V224"", ""V215"", ""V483""]","{""n_estimators"": 209, ""max_depth"": 9, ""min_samples_leaf"": 4, ""min_samples_split"": 9, ""criterion"": ""gini"", ""class_weight"": ""balanced""}"
376,2026-06-05T22:09:21.124621+00:00,rf,ranking_extra,376,4945,3,1000,0.607941295585921,703,297,0.49940264276317037,"[""V176"", ""V255"", ""V191""]","{""n_estimators"": 458, ""max_depth"": 7, ""min_samples_leaf"": 3, ""min_samples_split"": 6, ""criterion"": ""entropy"", ""class_weight"": ""balanced""}"
377,2026-06-05T22:10:27.309889+00:00,rf,ranking_extra,377,4950,5,1000,0.6337009969211189,730,270,0.4938511154434047,"[""V176"", ""V255"", ""V191"", ""V224"", ""V215""]","{""n_estimators"": 174, ""max_depth"": 10, ""min_samples_leaf"": 1, ""min_samples_split"": 8, ""criterion"": ""entropy"", ""class_weight"": null}"
378,2026-06-05T22:10:53.527365+00:00,rf,ranking_extra,378,4935,3,999,0.6105343119167095,702,297,0.49891938518223916,"[""V176"", ""V255"", ""V191""]","{""n_estimators"": 65, ""max_depth"": 7, ""min_samples_leaf"": 2, ""min_samples_split"": 2, ""criterion"": ""gini"", ""class_weight"": ""balanced""}"
379,2026-06-05T22:12:34.453565+00:00,rf,ranking_extra,379,5005,3,1000,0.5883857413153466,707,293,0.49709141840195936,"[""V176"", ""V255"", ""V191""]","{""n_estimators"": 294, ""max_depth"": 4, ""min_samples_leaf"": 2, ""min_samples_split"": 8, ""criterion"": ""entropy"", ""class_weight"": null}"
380,2026-06-05T22:14:12.507471+00:00,rf,ranking_extra,380,4960,3,1000,0.5891169290115992,704,296,0.49708167839701256,"[""V176"", ""V255"", ""V191""]","{""n_estimators"": 290, ""max_depth"": 4, ""min_samples_leaf"": 4, ""min_samples_split"": 5, ""criterion"": ""gini"", ""class_weight"": null}"
381,2026-06-05T22:16:48.195341+00:00,rf,ranking_extra,381,5015,3,983,0.6044128681665766,702,281,0.4968510839630744,"[""V176"", ""V255"", ""V191""]","{""n_estimators"": 444, ""max_depth"": 6, ""min_samples_leaf"": 3, ""min_samples_split"": 4, ""criterion"": ""entropy"", ""class_weight"": null}"
382,2026-06-05T22:17:39.514069+00:00,rf,ranking_extra,382,4875,5,1000,0.6429422309935094,725,275,0.4964695758152963,"[""V176"", ""V255"", ""V191"", ""V224"", ""V215""]","{""n_estimators"": 123, ""max_depth"": 11, ""min_samples_leaf"": 4, ""min_samples_split"": 5, ""criterion"": ""entropy"", ""class_weight"": ""balanced""}"
383,2026-06-05T22:20:28.823762+00:00,rf,ranking_extra,383,4965,3,999,0.5934069518685754,704,295,0.49937574654327427,"[""V176"", ""V255"", ""V191""]","{""n_estimators"": 445, ""max_depth"": 4, ""min_samples_leaf"": 2, ""min_samples_split"": 2, ""criterion"": ""entropy"", ""class_weight"": ""balanced""}"
384,2026-06-05T22:23:01.488909+00:00,rf,ranking_extra,384,4870,6,1000,0.6422850526132147,738,262,0.496247849119672,"[""V176"", ""V255"", ""V191"", ""V224"", ""V215"", ""V483""]","{""n_estimators"": 393, ""max_depth"": 10, ""min_samples_leaf"": 4, ""min_samples_split"": 7, ""criterion"": ""gini"", ""class_weight"": ""balanced""}"
385,2026-06-05T22:24:51.375150+00:00,rf,ranking_extra,385,4785,5,997,0.6469653024917258,718,279,0.4954666343797393,"[""V176"", ""V255"", ""V191"", ""V224"", ""V215""]","{""n_estimators"": 280, ""max_depth"": 10, ""min_samples_leaf"": 2, ""min_samples_split"": 5, ""criterion"": ""gini"", ""class_weight"": ""balanced""}"
386,2026-06-05T22:25:31.735990+00:00,rf,ranking_extra,386,4975,3,1000,0.5923405590741909,705,295,0.4972266387744216,"[""V176"", ""V255"", ""V191""]","{""n_estimators"": 112, ""max_depth"": 5, ""min_samples_leaf"": 2, ""min_samples_split"": 7, ""criterion"": ""entropy"", ""class_weight"": null}"
387,2026-06-05T22:27:09.134423+00:00,rf,ranking_extra,387,4960,3,1000,0.6104283616623365,704,296,0.49643779014975015,"[""V176"", ""V255"", ""V191""]","{""n_estimators"": 267, ""max_depth"": 8, ""min_samples_leaf"": 3, ""min_samples_split"": 3, ""criterion"": ""entropy"", ""class_weight"": null}"
388,2026-06-05T22:29:52.212557+00:00,rf,ranking_extra,388,4735,7,999,0.6411656210366203,742,257,0.492589027339821,"[""V176"", ""V255"", ""V191"", ""V224"", ""V215"", ""V483"", ""V342""]","{""n_estimators"": 417, ""max_depth"": 11, ""min_samples_leaf"": 1, ""min_samples_split"": 5, ""criterion"": ""gini"", ""class_weight"": ""balanced""}"
389,2026-06-05T22:32:48.085759+00:00,rf,ranking_extra,389,4930,5,998,0.6300013843770339,728,270,0.49475823261643526,"[""V176"", ""V255"", ""V191"", ""V224"", ""V215""]","{""n_estimators"": 484, ""max_depth"": 9, ""min_samples_leaf"": 3, ""min_samples_split"": 8, ""criterion"": ""entropy"", ""class_weight"": null}"
390,2026-06-05T22:33:47.572203+00:00,rf,ranking_extra,390,5010,3,996,0.6155556230798421,706,290,0.49808245809569124,"[""V176"", ""V255"", ""V191""]","{""n_estimators"": 152, ""max_depth"": 9, ""min_samples_leaf"": 1, ""min_samples_split"": 3, ""criterion"": ""entropy"", ""class_weight"": ""balanced""}"
391,2026-06-05T22:35:58.893596+00:00,rf,ranking_extra,391,5110,3,1000,0.5987179746029389,714,286,0.4996491981872356,"[""V176"", ""V255"", ""V191""]","{""n_estimators"": 347, ""max_depth"": 5, ""min_samples_leaf"": 1, ""min_samples_split"": 4, ""criterion"": ""entropy"", ""class_weight"": ""balanced""}"
392,2026-06-05T22:38:40.965665+00:00,rf,ranking_extra,392,4765,6,1000,0.644413584763518,731,269,0.49313524400020103,"[""V176"", ""V255"", ""V191"", ""V224"", ""V215"", ""V483""]","{""n_estimators"": 412, ""max_depth"": 11, ""min_samples_leaf"": 1, ""min_samples_split"": 4, ""criterion"": ""gini"", ""class_weight"": ""balanced""}"
393,2026-06-05T22:39:15.027653+00:00,rf,ranking_extra,393,4935,6,993,0.6469315872042525,740,253,0.49633322645081135,"[""V176"", ""V255"", ""V191"", ""V224"", ""V215"", ""V483""]","{""n_estimators"": 78, ""max_depth"": 11, ""min_samples_leaf"": 4, ""min_samples_split"": 3, ""criterion"": ""entropy"", ""class_weight"": ""balanced""}"
394,2026-06-05T22:40:47.354684+00:00,rf,ranking_extra,394,4940,6,998,0.6293099011924262,742,256,0.49708088877992096,"[""V176"", ""V255"", ""V191"", ""V224"", ""V215"", ""V483""]","{""n_estimators"": 233, ""max_depth"": 9, ""min_samples_leaf"": 1, ""min_samples_split"": 7, ""criterion"": ""entropy"", ""class_weight"": ""balanced""}"
395,2026-06-05T22:42:29.737766+00:00,rf,ranking_extra,395,4960,3,1000,0.607788564284896,704,296,0.4966831531865942,"[""V176"", ""V255"", ""V191""]","{""n_estimators"": 293, ""max_depth"": 7, ""min_samples_leaf"": 3, ""min_samples_split"": 6, ""criterion"": ""gini"", ""class_weight"": null}"
396,2026-06-05T22:45:14.372033+00:00,rf,ranking_extra,396,4950,6,999,0.6294225717000271,743,256,0.4962652550919549,"[""V176"", ""V255"", ""V191"", ""V224"", ""V215"", ""V483""]","{""n_estimators"": 422, ""max_depth"": 9, ""min_samples_leaf"": 2, ""min_samples_split"": 4, ""criterion"": ""entropy"", ""class_weight"": ""balanced""}"
397,2026-06-05T22:46:20.519032+00:00,rf,ranking_extra,397,5055,3,999,0.5844360537961806,710,289,0.4971707982379302,"[""V176"", ""V255"", ""V191""]","{""n_estimators"": 194, ""max_depth"": 4, ""min_samples_leaf"": 1, ""min_samples_split"": 5, ""criterion"": ""entropy"", ""class_weight"": null}"
398,2026-06-05T22:46:46.264105+00:00,rf,ranking_extra,398,4945,3,1000,0.5984554164020184,703,297,0.4964393162532556,"[""V176"", ""V255"", ""V191""]","{""n_estimators"": 73, ""max_depth"": 5, ""min_samples_leaf"": 1, ""min_samples_split"": 6, ""criterion"": ""gini"", ""class_weight"": null}"
399,2026-06-05T22:47:57.546307+00:00,rf,ranking_extra,399,5010,6,999,0.6385827263262361,747,252,0.4966141763668711,"[""V176"", ""V255"", ""V191"", ""V224"", ""V215"", ""V483""]","{""n_estimators"": 176, ""max_depth"": 10, ""min_samples_leaf"": 2, ""min_samples_split"": 8, ""criterion"": ""entropy"", ""class_weight"": ""balanced""}"
400,2026-06-05T22:48:45.463764+00:00,rf,ranking_extra,400,4840,3,1000,0.5943488100396948,696,304,0.4994902909410774,"[""V176"", ""V255"", ""V191""]","{""n_estimators"": 128, ""max_depth"": 4, ""min_samples_leaf"": 4, ""min_samples_split"": 8, ""criterion"": ""gini"", ""class_weight"": ""balanced""}"
401,2026-06-05T22:51:19.447259+00:00,rf,ranking_extra,401,5010,6,999,0.6216253064242911,747,252,0.4974034318403631,"[""V176"", ""V255"", ""V191"", ""V224"", ""V215"", ""V483""]","{""n_estimators"": 398, ""max_depth"": 8, ""min_samples_leaf"": 4, ""min_samples_split"": 8, ""criterion"": ""entropy"", ""class_weight"": ""balanced""}"
402,2026-06-05T22:53:49.219637+00:00,rf,ranking_extra,402,4930,6,1000,0.6495725344879583,742,258,0.49360759027691153,"[""V176"", ""V255"", ""V191"", ""V224"", ""V215"", ""V483""]","{""n_estimators"": 418, ""max_depth"": 11, ""min_samples_leaf"": 4, ""min_samples_split"": 3, ""criterion"": ""gini"", ""class_weight"": null}"
403,2026-06-05T22:56:26.842088+00:00,rf,ranking_extra,403,4930,6,1000,0.6467041517365612,742,258,0.4928148270114649,"[""V176"", ""V255"", ""V191"", ""V224"", ""V215"", ""V483""]","{""n_estimators"": 439, ""max_depth"": 11, ""min_samples_leaf"": 3, ""min_samples_split"": 8, ""criterion"": ""gini"", ""class_weight"": null}"
404,2026-06-05T22:57:54.325069+00:00,rf,ranking_extra,404,4980,6,999,0.6143940062722598,745,254,0.4978429126284192,"[""V176"", ""V255"", ""V191"", ""V224"", ""V215"", ""V483""]","{""n_estimators"": 228, ""max_depth"": 7, ""min_samples_leaf"": 4, ""min_samples_split"": 6, ""criterion"": ""entropy"", ""class_weight"": ""balanced""}"
405,2026-06-05T22:59:41.039237+00:00,rf,ranking_extra,405,4980,3,999,0.5981934885288145,705,294,0.4996566516164849,"[""V176"", ""V255"", ""V191""]","{""n_estimators"": 281, ""max_depth"": 5, ""min_samples_leaf"": 1, ""min_samples_split"": 4, ""criterion"": ""entropy"", ""class_weight"": ""balanced""}"
406,2026-06-05T23:00:34.952180+00:00,rf,ranking_extra,406,5030,3,998,0.5865233989557779,708,290,0.49748965216526814,"[""V176"", ""V255"", ""V191""]","{""n_estimators"": 159, ""max_depth"": 4, ""min_samples_leaf"": 4, ""min_samples_split"": 5, ""criterion"": ""gini"", ""class_weight"": null}"
407,2026-06-05T23:02:23.331161+00:00,rf,ranking_extra,407,4945,6,1000,0.6367243052178032,743,257,0.4945347557050565,"[""V176"", ""V255"", ""V191"", ""V224"", ""V215"", ""V483""]","{""n_estimators"": 293, ""max_depth"": 10, ""min_samples_leaf"": 2, ""min_samples_split"": 8, ""criterion"": ""entropy"", ""class_weight"": null}"
408,2026-06-05T23:04:30.761410+00:00,rf,ranking_extra,408,5065,3,1000,0.5958741785878644,711,289,0.49687366419832507,"[""V176"", ""V255"", ""V191""]","{""n_estimators"": 366, ""max_depth"": 5, ""min_samples_leaf"": 2, ""min_samples_split"": 6, ""criterion"": ""entropy"", ""class_weight"": null}"
409,2026-06-05T23:05:06.989903+00:00,rf,ranking_extra,409,4905,5,1000,0.6385441211974286,727,273,0.4946996782483231,"[""V176"", ""V255"", ""V191"", ""V224"", ""V215""]","{""n_estimators"": 84, ""max_depth"": 11, ""min_samples_leaf"": 2, ""min_samples_split"": 6, ""criterion"": ""entropy"", ""class_weight"": ""balanced""}"
410,2026-06-05T23:07:36.990175+00:00,rf,ranking_extra,410,4800,5,1000,0.6468481861703065,720,280,0.49224016670454374,"[""V176"", ""V255"", ""V191"", ""V224"", ""V215""]","{""n_estimators"": 413, ""max_depth"": 11, ""min_samples_leaf"": 1, ""min_samples_split"": 5, ""criterion"": ""gini"", ""class_weight"": null}"
411,2026-06-05T23:09:03.090678+00:00,rf,ranking_extra,411,5025,3,999,0.6055090977529541,708,291,0.4993432447632742,"[""V176"", ""V255"", ""V191""]","{""n_estimators"": 224, ""max_depth"": 6, ""min_samples_leaf"": 3, ""min_samples_split"": 4, ""criterion"": ""entropy"", ""class_weight"": ""balanced""}"
412,2026-06-05T23:09:57.689333+00:00,rf,ranking_extra,412,4920,5,1000,0.6218965535129847,728,272,0.49511639519354983,"[""V176"", ""V255"", ""V191"", ""V224"", ""V215""]","{""n_estimators"": 158, ""max_depth"": 7, ""min_samples_leaf"": 4, ""min_samples_split"": 6, ""criterion"": ""gini"", ""class_weight"": null}"
413,2026-06-05T23:12:47.354344+00:00,rf,ranking_extra,413,4850,5,999,0.6298326125797941,723,276,0.4968941305679815,"[""V176"", ""V255"", ""V191"", ""V224"", ""V215""]","{""n_estimators"": 446, ""max_depth"": 8, ""min_samples_leaf"": 2, ""min_samples_split"": 4, ""criterion"": ""gini"", ""class_weight"": ""balanced""}"
414,2026-06-05T23:13:34.878661+00:00,rf,ranking_extra,414,4900,6,1000,0.6506583673413782,740,260,0.49552879555215057,"[""V176"", ""V255"", ""V191"", ""V224"", ""V215"", ""V483""]","{""n_estimators"": 121, ""max_depth"": 11, ""min_samples_leaf"": 3, ""min_samples_split"": 4, ""criterion"": ""gini"", ""class_weight"": ""balanced""}"
415,2026-06-05T23:15:24.636909+00:00,rf,ranking_extra,415,4960,6,1000,0.6376569798900557,744,256,0.49596897191110895,"[""V176"", ""V255"", ""V191"", ""V224"", ""V215"", ""V483""]","{""n_estimators"": 278, ""max_depth"": 10, ""min_samples_leaf"": 2, ""min_samples_split"": 3, ""criterion"": ""entropy"", ""class_weight"": ""balanced""}"
416,2026-06-05T23:17:40.845596+00:00,rf,ranking_extra,416,4825,3,1000,0.6218811498362572,695,305,0.4961140744788603,"[""V176"", ""V255"", ""V191""]","{""n_estimators"": 379, ""max_depth"": 9, ""min_samples_leaf"": 3, ""min_samples_split"": 4, ""criterion"": ""gini"", ""class_weight"": null}"
417,2026-06-05T23:19:31.774044+00:00,rf,ranking_extra,417,4880,5,999,0.6264751772390171,725,274,0.4945850394788691,"[""V176"", ""V255"", ""V191"", ""V224"", ""V215""]","{""n_estimators"": 312, ""max_depth"": 8, ""min_samples_leaf"": 1, ""min_samples_split"": 5, ""criterion"": ""gini"", ""class_weight"": null}"
418,2026-06-05T23:20:29.462152+00:00,rf,ranking_extra,418,4885,3,1000,0.595416289493239,699,301,0.49695255555765344,"[""V176"", ""V255"", ""V191""]","{""n_estimators"": 165, ""max_depth"": 5, ""min_samples_leaf"": 4, ""min_samples_split"": 5, ""criterion"": ""gini"", ""class_weight"": null}"
419,2026-06-05T23:21:26.705766+00:00,rf,ranking_extra,419,4910,5,999,0.6306553684517697,727,272,0.49623798951217934,"[""V176"", ""V255"", ""V191"", ""V224"", ""V215""]","{""n_estimators"": 143, ""max_depth"": 9, ""min_samples_leaf"": 2, ""min_samples_split"": 9, ""criterion"": ""entropy"", ""class_weight"": ""balanced""}"
420,2026-06-05T23:22:11.863117+00:00,rf,ranking_extra,420,4875,3,999,0.6058884327039236,698,301,0.49707484681014585,"[""V176"", ""V255"", ""V191""]","{""n_estimators"": 132, ""max_depth"": 6, ""min_samples_leaf"": 1, ""min_samples_split"": 4, ""criterion"": ""gini"", ""class_weight"": null}"
421,2026-06-05T23:24:59.768504+00:00,rf,ranking_extra,421,4980,3,996,0.5874434724998522,704,292,0.4973556401030832,"[""V176"", ""V255"", ""V191""]","{""n_estimators"": 483, ""max_depth"": 4, ""min_samples_leaf"": 1, ""min_samples_split"": 8, ""criterion"": ""entropy"", ""class_weight"": null}"
422,2026-06-05T23:27:21.492323+00:00,rf,ranking_extra,422,4960,3,1000,0.609605385060333,704,296,0.49657758141266295,"[""V176"", ""V255"", ""V191""]","{""n_estimators"": 393, ""max_depth"": 8, ""min_samples_leaf"": 2, ""min_samples_split"": 9, ""criterion"": ""entropy"", ""class_weight"": null}"
423,2026-06-05T23:29:02.213598+00:00,rf,ranking_extra,423,4990,6,1000,0.6382417582385471,746,254,0.49638259496808734,"[""V176"", ""V255"", ""V191"", ""V224"", ""V215"", ""V483""]","{""n_estimators"": 252, ""max_depth"": 10, ""min_samples_leaf"": 4, ""min_samples_split"": 4, ""criterion"": ""entropy"", ""class_weight"": ""balanced""}"
424,2026-06-05T23:30:44.749323+00:00,rf,ranking_extra,424,4815,5,994,0.6350499806846872,719,275,0.49367740962358386,"[""V176"", ""V255"", ""V191"", ""V224"", ""V215""]","{""n_estimators"": 288, ""max_depth"": 9, ""min_samples_leaf"": 1, ""min_samples_split"": 5, ""criterion"": ""gini"", ""class_weight"": null}"
425,2026-06-05T23:31:12.543925+00:00,rf,ranking_extra,425,4655,7,1000,0.6437660761327362,737,263,0.4932656658660449,"[""V176"", ""V255"", ""V191"", ""V224"", ""V215"", ""V483"", ""V342""]","{""n_estimators"": 66, ""max_depth"": 11, ""min_samples_leaf"": 1, ""min_samples_split"": 8, ""criterion"": ""gini"", ""class_weight"": ""balanced""}"
426,2026-06-05T23:34:04.207275+00:00,rf,ranking_extra,426,4945,6,1000,0.6397385523604486,743,257,0.4950580573382207,"[""V176"", ""V255"", ""V191"", ""V224"", ""V215"", ""V483""]","{""n_estimators"": 447, ""max_depth"": 10, ""min_samples_leaf"": 2, ""min_samples_split"": 4, ""criterion"": ""gini"", ""class_weight"": ""balanced""}"
427,2026-06-05T23:35:22.874209+00:00,rf,ranking_extra,427,4935,3,993,0.6045089531139698,700,293,0.4968124190074954,"[""V176"", ""V255"", ""V191""]","{""n_estimators"": 220, ""max_depth"": 6, ""min_samples_leaf"": 3, ""min_samples_split"": 5, ""criterion"": ""entropy"", ""class_weight"": null}"
428,2026-06-05T23:37:24.608143+00:00,rf,ranking_extra,428,4990,3,1000,0.6022906261175133,706,294,0.497567755260629,"[""V176"", ""V255"", ""V191""]","{""n_estimators"": 340, ""max_depth"": 6, ""min_samples_leaf"": 4, ""min_samples_split"": 4, ""criterion"": ""entropy"", ""class_weight"": null}"
429,2026-06-05T23:40:01.437026+00:00,rf,ranking_extra,429,4820,3,995,0.618592749213668,693,302,0.49685728257543343,"[""V176"", ""V255"", ""V191""]","{""n_estimators"": 446, ""max_depth"": 8, ""min_samples_leaf"": 4, ""min_samples_split"": 8, ""criterion"": ""gini"", ""class_weight"": null}"
430,2026-06-05T23:42:08.394347+00:00,rf,ranking_extra,430,4930,3,1000,0.5988457428861841,702,298,0.4973588747425164,"[""V176"", ""V255"", ""V191""]","{""n_estimators"": 369, ""max_depth"": 5, ""min_samples_leaf"": 2, ""min_samples_split"": 8, ""criterion"": ""gini"", ""class_weight"": null}"
431,2026-06-05T23:43:49.639763+00:00,rf,ranking_extra,431,4875,5,994,0.6330206031493195,723,271,0.4970582983359,"[""V176"", ""V255"", ""V191"", ""V224"", ""V215""]","{""n_estimators"": 263, ""max_depth"": 8, ""min_samples_leaf"": 4, ""min_samples_split"": 9, ""criterion"": ""gini"", ""class_weight"": ""balanced""}"
432,2026-06-05T23:45:41.187512+00:00,rf,ranking_extra,432,4870,3,1000,0.6159992363096836,698,302,0.4983746997711176,"[""V176"", ""V255"", ""V191""]","{""n_estimators"": 295, ""max_depth"": 8, ""min_samples_leaf"": 4, ""min_samples_split"": 4, ""criterion"": ""gini"", ""class_weight"": ""balanced""}"
433,2026-06-05T23:46:47.653306+00:00,rf,ranking_extra,433,4795,6,1000,0.642332889011887,733,267,0.49159809840300606,"[""V176"", ""V255"", ""V191"", ""V224"", ""V215"", ""V483""]","{""n_estimators"": 184, ""max_depth"": 11, ""min_samples_leaf"": 1, ""min_samples_split"": 5, ""criterion"": ""gini"", ""class_weight"": null}"
434,2026-06-05T23:48:09.051203+00:00,rf,ranking_extra,434,4965,3,999,0.6116732011543535,704,295,0.499073218167433,"[""V176"", ""V255"", ""V191""]","{""n_estimators"": 208, ""max_depth"": 7, ""min_samples_leaf"": 4, ""min_samples_split"": 3, ""criterion"": ""entropy"", ""class_weight"": ""balanced""}"
435,2026-06-05T23:50:13.293313+00:00,rf,ranking_extra,435,4875,6,999,0.632227399709486,738,261,0.4959044175853728,"[""V176"", ""V255"", ""V191"", ""V224"", ""V215"", ""V483""]","{""n_estimators"": 323, ""max_depth"": 9, ""min_samples_leaf"": 3, ""min_samples_split"": 2, ""criterion"": ""gini"", ""class_weight"": ""balanced""}"
436,2026-06-05T23:51:49.818801+00:00,rf,ranking_extra,436,4950,5,1000,0.6134176556052569,730,270,0.49583070896417103,"[""V176"", ""V255"", ""V191"", ""V224"", ""V215""]","{""n_estimators"": 267, ""max_depth"": 7, ""min_samples_leaf"": 1, ""min_samples_split"": 2, ""criterion"": ""entropy"", ""class_weight"": null}"
437,2026-06-05T23:54:37.816626+00:00,rf,ranking_extra,437,4950,5,1000,0.6366263364453516,730,270,0.49466545758400915,"[""V176"", ""V255"", ""V191"", ""V224"", ""V215""]","{""n_estimators"": 458, ""max_depth"": 10, ""min_samples_leaf"": 3, ""min_samples_split"": 9, ""criterion"": ""entropy"", ""class_weight"": null}"
438,2026-06-05T23:55:02.377581+00:00,rf,ranking_extra,438,4885,3,1000,0.6189003834598358,699,301,0.4992519284810574,"[""V176"", ""V255"", ""V191""]","{""n_estimators"": 61, ""max_depth"": 8, ""min_samples_leaf"": 4, ""min_samples_split"": 8, ""criterion"": ""gini"", ""class_weight"": ""balanced""}"
439,2026-06-05T23:56:39.700829+00:00,rf,ranking_extra,439,4945,3,1000,0.606455905648026,703,297,0.4966995250322974,"[""V176"", ""V255"", ""V191""]","{""n_estimators"": 278, ""max_depth"": 7, ""min_samples_leaf"": 2, ""min_samples_split"": 5, ""criterion"": ""gini"", ""class_weight"": null}"
440,2026-06-05T23:57:30.035992+00:00,rf,ranking_extra,440,4950,6,999,0.6357898214320024,743,256,0.49403641660525,"[""V176"", ""V255"", ""V191"", ""V224"", ""V215"", ""V483""]","{""n_estimators"": 134, ""max_depth"": 10, ""min_samples_leaf"": 1, ""min_samples_split"": 3, ""criterion"": ""entropy"", ""class_weight"": null}"
441,2026-06-05T23:59:56.386528+00:00,rf,ranking_extra,441,5005,3,997,0.5952308732904609,706,291,0.4971715262559029,"[""V176"", ""V255"", ""V191""]","{""n_estimators"": 424, ""max_depth"": 5, ""min_samples_leaf"": 4, ""min_samples_split"": 8, ""criterion"": ""gini"", ""class_weight"": null}"
442,2026-06-06T00:01:11.456815+00:00,rf,ranking_extra,442,4945,3,1000,0.601965873370536,703,297,0.4990955819755144,"[""V176"", ""V255"", ""V191""]","{""n_estimators"": 191, ""max_depth"": 6, ""min_samples_leaf"": 4, ""min_samples_split"": 9, ""criterion"": ""entropy"", ""class_weight"": ""balanced""}"
443,2026-06-06T00:03:38.483169+00:00,rf,ranking_extra,443,4980,5,1000,0.6289091787501901,732,268,0.4943429977565266,"[""V176"", ""V255"", ""V191"", ""V224"", ""V215""]","{""n_estimators"": 404, ""max_depth"": 9, ""min_samples_leaf"": 1, ""min_samples_split"": 7, ""criterion"": ""entropy"", ""class_weight"": null}"
444,2026-06-06T00:04:50.176537+00:00,rf,ranking_extra,444,5035,3,1000,0.6035122141312796,709,291,0.4971462624305124,"[""V176"", ""V255"", ""V191""]","{""n_estimators"": 203, ""max_depth"": 6, ""min_samples_leaf"": 1, ""min_samples_split"": 4, ""criterion"": ""gini"", ""class_weight"": null}"
445,2026-06-06T00:07:39.282092+00:00,rf,ranking_extra,445,4975,6,1000,0.6212928372357155,745,255,0.497381778385868,"[""V176"", ""V255"", ""V191"", ""V224"", ""V215"", ""V483""]","{""n_estimators"": 437, ""max_depth"": 8, ""min_samples_leaf"": 1, ""min_samples_split"": 9, ""criterion"": ""entropy"", ""class_weight"": ""balanced""}"
446,2026-06-06T00:08:37.580725+00:00,rf,ranking_extra,446,4885,3,1000,0.6266951311597392,699,301,0.497285694316535,"[""V176"", ""V255"", ""V191""]","{""n_estimators"": 149, ""max_depth"": 10, ""min_samples_leaf"": 1, ""min_samples_split"": 3, ""criterion"": ""gini"", ""class_weight"": ""balanced""}"
447,2026-06-06T00:09:10.915124+00:00,rf,ranking_extra,447,4770,3,999,0.6351447065697962,691,308,0.49809286413899573,"[""V176"", ""V255"", ""V191""]","{""n_estimators"": 81, ""max_depth"": 11, ""min_samples_leaf"": 3, ""min_samples_split"": 5, ""criterion"": ""gini"", ""class_weight"": ""balanced""}"
448,2026-06-06T00:11:32.731807+00:00,rf,ranking_extra,448,4915,3,1000,0.6261788910396492,701,299,0.49626122635443687,"[""V176"", ""V255"", ""V191""]","{""n_estimators"": 403, ""max_depth"": 10, ""min_samples_leaf"": 1, ""min_samples_split"": 2, ""criterion"": ""gini"", ""class_weight"": null}"
449,2026-06-06T00:13:28.452560+00:00,rf,ranking_extra,449,4905,5,1000,0.628337441773895,727,273,0.49677629478243873,"[""V176"", ""V255"", ""V191"", ""V224"", ""V215""]","{""n_estimators"": 302, ""max_depth"": 8, ""min_samples_leaf"": 2, ""min_samples_split"": 8, ""criterion"": ""gini"", ""class_weight"": ""balanced""}"
450,2026-06-06T00:14:58.895875+00:00,rf,ranking_extra,450,4890,3,999,0.6118308327331481,699,300,0.49906312974008576,"[""V176"", ""V255"", ""V191""]","{""n_estimators"": 237, ""max_depth"": 7, ""min_samples_leaf"": 1, ""min_samples_split"": 7, ""criterion"": ""gini"", ""class_weight"": ""balanced""}"
451,2026-06-06T00:15:42.068148+00:00,rf,ranking_extra,451,5005,3,1000,0.5964583271776008,707,293,0.4996914191796255,"[""V176"", ""V255"", ""V191""]","{""n_estimators"": 113, ""max_depth"": 5, ""min_samples_leaf"": 2, ""min_samples_split"": 8, ""criterion"": ""entropy"", ""class_weight"": ""balanced""}"
452,2026-06-06T00:16:09.954970+00:00,rf,ranking_extra,452,4985,3,995,0.5886176531285638,704,291,0.49682718544231214,"[""V176"", ""V255"", ""V191""]","{""n_estimators"": 81, ""max_depth"": 4, ""min_samples_leaf"": 2, ""min_samples_split"": 8, ""criterion"": ""gini"", ""class_weight"": null}"
453,2026-06-06T00:18:51.475094+00:00,rf,ranking_extra,453,4975,6,1000,0.6296975378614814,745,255,0.49471612777872626,"[""V176"", ""V255"", ""V191"", ""V224"", ""V215"", ""V483""]","{""n_estimators"": 444, ""max_depth"": 9, ""min_samples_leaf"": 1, ""min_samples_split"": 9, ""criterion"": ""entropy"", ""class_weight"": null}"
454,2026-06-06T00:21:32.081895+00:00,rf,ranking_extra,454,4960,3,1000,0.607957930659075,704,296,0.4964871297817388,"[""V176"", ""V255"", ""V191""]","{""n_estimators"": 452, ""max_depth"": 7, ""min_samples_leaf"": 3, ""min_samples_split"": 2, ""criterion"": ""entropy"", ""class_weight"": null}"
455,2026-06-06T00:22:57.033725+00:00,rf,ranking_extra,455,4885,6,1000,0.619762596257434,739,261,0.4950952071174994,"[""V176"", ""V255"", ""V191"", ""V224"", ""V215"", ""V483""]","{""n_estimators"": 237, ""max_depth"": 8, ""min_samples_leaf"": 3, ""min_samples_split"": 3, ""criterion"": ""entropy"", ""class_weight"": null}"
456,2026-06-06T00:24:59.098368+00:00,rf,ranking_extra,456,4950,3,990,0.5886425564203417,700,290,0.49938646949554616,"[""V176"", ""V255"", ""V191""]","{""n_estimators"": 327, ""max_depth"": 4, ""min_samples_leaf"": 1, ""min_samples_split"": 7, ""criterion"": ""entropy"", ""class_weight"": ""balanced""}"
457,2026-06-06T00:27:49.739118+00:00,rf,ranking_extra,457,5000,5,993,0.6396730297594704,731,262,0.49342170759851106,"[""V176"", ""V255"", ""V191"", ""V224"", ""V215""]","{""n_estimators"": 461, ""max_depth"": 11, ""min_samples_leaf"": 2, ""min_samples_split"": 5, ""criterion"": ""entropy"", ""class_weight"": null}"
458,2026-06-06T00:30:10.595784+00:00,rf,ranking_extra,458,5040,3,999,0.6038901287015764,709,290,0.4969013370384185,"[""V176"", ""V255"", ""V191""]","{""n_estimators"": 404, ""max_depth"": 6, ""min_samples_leaf"": 4, ""min_samples_split"": 9, ""criterion"": ""entropy"", ""class_weight"": null}"
459,2026-06-06T00:33:19.395833+00:00,rf,ranking_extra,459,4955,3,998,0.5959798603160291,703,295,0.49941897755040965,"[""V176"", ""V255"", ""V191""]","{""n_estimators"": 495, ""max_depth"": 5, ""min_samples_leaf"": 1, ""min_samples_split"": 7, ""criterion"": ""entropy"", ""class_weight"": ""balanced""}"
460,2026-06-06T00:34:57.052156+00:00,rf,ranking_extra,460,5020,3,1000,0.6046396139555363,708,292,0.49954315216420037,"[""V176"", ""V255"", ""V191""]","{""n_estimators"": 260, ""max_depth"": 6, ""min_samples_leaf"": 1, ""min_samples_split"": 2, ""criterion"": ""entropy"", ""class_weight"": ""balanced""}"
461,2026-06-06T00:36:34.363050+00:00,rf,ranking_extra,461,4955,6,998,0.6226384384573932,743,255,0.49739700286693606,"[""V176"", ""V255"", ""V191"", ""V224"", ""V215"", ""V483""]","{""n_estimators"": 252, ""max_depth"": 8, ""min_samples_leaf"": 4, ""min_samples_split"": 4, ""criterion"": ""entropy"", ""class_weight"": ""balanced""}"
462,2026-06-06T00:38:33.021460+00:00,rf,ranking_extra,462,4895,5,999,0.6360358827539537,726,273,0.49456476782145525,"[""V176"", ""V255"", ""V191"", ""V224"", ""V215""]","{""n_estimators"": 339, ""max_depth"": 9, ""min_samples_leaf"": 2, ""min_samples_split"": 8, ""criterion"": ""gini"", ""class_weight"": null}"
463,2026-06-06T00:40:05.131436+00:00,rf,ranking_extra,463,5065,3,1000,0.5976201418537135,711,289,0.4996922370230637,"[""V176"", ""V255"", ""V191""]","{""n_estimators"": 242, ""max_depth"": 5, ""min_samples_leaf"": 4, ""min_samples_split"": 6, ""criterion"": ""entropy"", ""class_weight"": ""balanced""}"
464,2026-06-06T00:41:10.849406+00:00,rf,ranking_extra,464,4960,3,1000,0.6090466578105938,704,296,0.49956149240985415,"[""V176"", ""V255"", ""V191""]","{""n_estimators"": 170, ""max_depth"": 7, ""min_samples_leaf"": 1, ""min_samples_split"": 9, ""criterion"": ""entropy"", ""class_weight"": ""balanced""}"
465,2026-06-06T00:42:54.264360+00:00,rf,ranking_extra,465,4890,5,1000,0.6311424281055664,726,274,0.49712461142004705,"[""V176"", ""V255"", ""V191"", ""V224"", ""V215""]","{""n_estimators"": 269, ""max_depth"": 8, ""min_samples_leaf"": 4, ""min_samples_split"": 5, ""criterion"": ""gini"", ""class_weight"": ""balanced""}"
466,2026-06-06T00:43:47.247880+00:00,rf,ranking_extra,466,4800,5,1000,0.6192936958206013,720,280,0.49754932654778394,"[""V176"", ""V255"", ""V191"", ""V224"", ""V215""]","{""n_estimators"": 139, ""max_depth"": 7, ""min_samples_leaf"": 4, ""min_samples_split"": 7, ""criterion"": ""gini"", ""class_weight"": ""balanced""}"
467,2026-06-06T00:45:58.353292+00:00,rf,ranking_extra,467,4950,3,999,0.5920600164514727,703,296,0.49774637325212207,"[""V176"", ""V255"", ""V191""]","{""n_estimators"": 380, ""max_depth"": 4, ""min_samples_leaf"": 2, ""min_samples_split"": 6, ""criterion"": ""gini"", ""class_weight"": null}"
468,2026-06-06T00:48:55.649082+00:00,rf,ranking_extra,468,4980,6,999,0.620006962990903,745,254,0.4948557418379245,"[""V176"", ""V255"", ""V191"", ""V224"", ""V215"", ""V483""]","{""n_estimators"": 495, ""max_depth"": 8, ""min_samples_leaf"": 3, ""min_samples_split"": 6, ""criterion"": ""entropy"", ""class_weight"": null}"
469,2026-06-06T00:50:23.283008+00:00,rf,ranking_extra,469,4975,3,1000,0.6116958792268701,705,295,0.4995519572407979,"[""V176"", ""V255"", ""V191""]","{""n_estimators"": 230, ""max_depth"": 7, ""min_samples_leaf"": 4, ""min_samples_split"": 3, ""criterion"": ""entropy"", ""class_weight"": ""balanced""}"
470,2026-06-06T00:52:27.776428+00:00,rf,ranking_extra,470,4975,3,1000,0.6114482628026022,705,295,0.4964732018246741,"[""V176"", ""V255"", ""V191""]","{""n_estimators"": 345, ""max_depth"": 8, ""min_samples_leaf"": 4, ""min_samples_split"": 6, ""criterion"": ""entropy"", ""class_weight"": null}"
471,2026-06-06T00:54:55.697750+00:00,rf,ranking_extra,471,4915,3,1000,0.5907494864303878,701,299,0.4992387394538111,"[""V176"", ""V255"", ""V191""]","{""n_estimators"": 394, ""max_depth"": 4, ""min_samples_leaf"": 2, ""min_samples_split"": 7, ""criterion"": ""entropy"", ""class_weight"": ""balanced""}"
472,2026-06-06T00:57:12.990886+00:00,rf,ranking_extra,472,5020,3,991,0.5957996836704185,705,286,0.4971753629479554,"[""V176"", ""V255"", ""V191""]","{""n_estimators"": 391, ""max_depth"": 5, ""min_samples_leaf"": 3, ""min_samples_split"": 9, ""criterion"": ""entropy"", ""class_weight"": null}"
473,2026-06-06T00:57:52.328090+00:00,rf,ranking_extra,473,5005,3,1000,0.6026909230711518,707,293,0.4976796935799411,"[""V176"", ""V255"", ""V191""]","{""n_estimators"": 110, ""max_depth"": 6, ""min_samples_leaf"": 3, ""min_samples_split"": 5, ""criterion"": ""gini"", ""class_weight"": null}"
474,2026-06-06T00:59:43.457122+00:00,rf,ranking_extra,474,5025,5,1000,0.6319364669696373,735,265,0.4963286379663232,"[""V176"", ""V255"", ""V191"", ""V224"", ""V215""]","{""n_estimators"": 280, ""max_depth"": 9, ""min_samples_leaf"": 1, ""min_samples_split"": 3, ""criterion"": ""entropy"", ""class_weight"": ""balanced""}"
475,2026-06-06T01:00:01.314992+00:00,rf,ranking_extra,475,4870,3,982,0.5929623167281503,692,290,0.49704757218881984,"[""V176"", ""V255"", ""V191""]","{""n_estimators"": 50, ""max_depth"": 5, ""min_samples_leaf"": 2, ""min_samples_split"": 4, ""criterion"": ""gini"", ""class_weight"": null}"
476,2026-06-06T01:01:47.990658+00:00,rf,ranking_extra,476,4885,3,1000,0.5966896476253472,699,301,0.4970456575594618,"[""V176"", ""V255"", ""V191""]","{""n_estimators"": 307, ""max_depth"": 5, ""min_samples_leaf"": 3, ""min_samples_split"": 5, ""criterion"": ""gini"", ""class_weight"": null}"
477,2026-06-06T01:03:50.679163+00:00,rf,ranking_extra,477,4940,5,999,0.6414499951359408,729,270,0.49367374502631267,"[""V176"", ""V255"", ""V191"", ""V224"", ""V215""]","{""n_estimators"": 329, ""max_depth"": 11, ""min_samples_leaf"": 3, ""min_samples_split"": 8, ""criterion"": ""entropy"", ""class_weight"": null}"
478,2026-06-06T01:05:51.032290+00:00,rf,ranking_extra,478,4870,6,1000,0.6428336539801442,738,262,0.4946633556339699,"[""V176"", ""V255"", ""V191"", ""V224"", ""V215"", ""V483""]","{""n_estimators"": 340, ""max_depth"": 10, ""min_samples_leaf"": 4, ""min_samples_split"": 6, ""criterion"": ""gini"", ""class_weight"": null}"
479,2026-06-06T01:07:11.402176+00:00,rf,ranking_extra,479,4930,3,1000,0.6236710135439475,702,298,0.49834332028927475,"[""V176"", ""V255"", ""V191""]","{""n_estimators"": 212, ""max_depth"": 9, ""min_samples_leaf"": 4, ""min_samples_split"": 9, ""criterion"": ""gini"", ""class_weight"": ""balanced""}"
480,2026-06-06T01:08:59.718448+00:00,rf,ranking_extra,480,4870,6,1000,0.6430655595585342,738,262,0.49558825803842327,"[""V176"", ""V255"", ""V191"", ""V224"", ""V215"", ""V483""]","{""n_estimators"": 278, ""max_depth"": 10, ""min_samples_leaf"": 3, ""min_samples_split"": 8, ""criterion"": ""gini"", ""class_weight"": ""balanced""}"
481,2026-06-06T01:10:06.182676+00:00,rf,ranking_extra,481,4900,6,1000,0.6354266940245057,740,260,0.4941389046416874,"[""V176"", ""V255"", ""V191"", ""V224"", ""V215"", ""V483""]","{""n_estimators"": 178, ""max_depth"": 10, ""min_samples_leaf"": 3, ""min_samples_split"": 2, ""criterion"": ""entropy"", ""class_weight"": null}"
482,2026-06-06T01:11:48.450008+00:00,rf,ranking_extra,482,5020,6,1000,0.6484634769119632,748,252,0.4958732077261604,"[""V176"", ""V255"", ""V191"", ""V224"", ""V215"", ""V483""]","{""n_estimators"": 256, ""max_depth"": 11, ""min_samples_leaf"": 4, ""min_samples_split"": 3, ""criterion"": ""entropy"", ""class_weight"": ""balanced""}"
483,2026-06-06T01:13:00.950481+00:00,rf,ranking_extra,483,4990,5,998,0.625257591756216,732,266,0.4976885032276171,"[""V176"", ""V255"", ""V191"", ""V224"", ""V215""]","{""n_estimators"": 186, ""max_depth"": 8, ""min_samples_leaf"": 1, ""min_samples_split"": 7, ""criterion"": ""entropy"", ""class_weight"": ""balanced""}"
484,2026-06-06T01:15:56.315113+00:00,rf,ranking_extra,484,4915,3,1000,0.6200240124180839,701,299,0.49870949025681877,"[""V176"", ""V255"", ""V191""]","{""n_estimators"": 454, ""max_depth"": 9, ""min_samples_leaf"": 1, ""min_samples_split"": 5, ""criterion"": ""entropy"", ""class_weight"": ""balanced""}"
485,2026-06-06T01:17:11.762650+00:00,rf,ranking_extra,485,4995,3,999,0.6005981060360942,706,293,0.497401713099312,"[""V176"", ""V255"", ""V191""]","{""n_estimators"": 209, ""max_depth"": 6, ""min_samples_leaf"": 1, ""min_samples_split"": 7, ""criterion"": ""entropy"", ""class_weight"": null}"
486,2026-06-06T01:20:05.420170+00:00,rf,ranking_extra,486,4985,3,998,0.608199549450117,705,293,0.499093777161491,"[""V176"", ""V255"", ""V191""]","{""n_estimators"": 458, ""max_depth"": 6, ""min_samples_leaf"": 3, ""min_samples_split"": 3, ""criterion"": ""gini"", ""class_weight"": ""balanced""}"
487,2026-06-06T01:22:38.237581+00:00,rf,ranking_extra,487,5020,3,1000,0.6037080338970098,708,292,0.49737753820181013,"[""V176"", ""V255"", ""V191""]","{""n_estimators"": 438, ""max_depth"": 6, ""min_samples_leaf"": 1, ""min_samples_split"": 2, ""criterion"": ""gini"", ""class_weight"": null}"
488,2026-06-06T01:24:35.276291+00:00,rf,ranking_extra,488,4990,6,1000,0.632589048785534,746,254,0.4969889147963773,"[""V176"", ""V255"", ""V191"", ""V224"", ""V215"", ""V483""]","{""n_estimators"": 299, ""max_depth"": 9, ""min_samples_leaf"": 4, ""min_samples_split"": 3, ""criterion"": ""entropy"", ""class_weight"": ""balanced""}"
489,2026-06-06T01:25:40.712568+00:00,rf,ranking_extra,489,5055,3,993,0.5944551179036394,708,285,0.4973536892988539,"[""V176"", ""V255"", ""V191""]","{""n_estimators"": 185, ""max_depth"": 5, ""min_samples_leaf"": 2, ""min_samples_split"": 6, ""criterion"": ""entropy"", ""class_weight"": null}"
490,2026-06-06T01:27:02.417237+00:00,rf,ranking_extra,490,5020,3,1000,0.604766766743636,708,292,0.4992382384643821,"[""V176"", ""V255"", ""V191""]","{""n_estimators"": 215, ""max_depth"": 6, ""min_samples_leaf"": 2, ""min_samples_split"": 8, ""criterion"": ""entropy"", ""class_weight"": ""balanced""}"
491,2026-06-06T01:28:24.211916+00:00,rf,ranking_extra,491,4890,5,1000,0.6425649886458203,726,274,0.4965489359643856,"[""V176"", ""V255"", ""V191"", ""V224"", ""V215""]","{""n_estimators"": 204, ""max_depth"": 11, ""min_samples_leaf"": 4, ""min_samples_split"": 4, ""criterion"": ""entropy"", ""class_weight"": ""balanced""}"
492,2026-06-06T01:30:56.254040+00:00,rf,ranking_extra,492,4905,5,1000,0.6412339684317242,727,273,0.4939071411180289,"[""V176"", ""V255"", ""V191"", ""V224"", ""V215""]","{""n_estimators"": 415, ""max_depth"": 11, ""min_samples_leaf"": 3, ""min_samples_split"": 6, ""criterion"": ""entropy"", ""class_weight"": null}"
493,2026-06-06T01:31:19.146782+00:00,rf,ranking_extra,493,5040,3,999,0.5915500895009164,709,290,0.4971710912445316,"[""V176"", ""V255"", ""V191""]","{""n_estimators"": 62, ""max_depth"": 5, ""min_samples_leaf"": 3, ""min_samples_split"": 6, ""criterion"": ""entropy"", ""class_weight"": null}"
494,2026-06-06T01:31:49.961458+00:00,rf,ranking_extra,494,4925,4,1000,0.6133813351325212,715,285,0.49443967224481,"[""V176"", ""V255"", ""V191"", ""V224""]","{""n_estimators"": 84, ""max_depth"": 8, ""min_samples_leaf"": 3, ""min_samples_split"": 6, ""criterion"": ""entropy"", ""class_weight"": null}"
495,2026-06-06T01:33:48.396988+00:00,rf,ranking_extra,495,4885,3,994,0.604030825058133,697,297,0.499432236655338,"[""V176"", ""V255"", ""V191""]","{""n_estimators"": 318, ""max_depth"": 6, ""min_samples_leaf"": 4, ""min_samples_split"": 9, ""criterion"": ""gini"", ""class_weight"": ""balanced""}"
496,2026-06-06T01:35:04.970486+00:00,rf,ranking_extra,496,5050,3,997,0.6085049455761246,709,288,0.4993262554929329,"[""V176"", ""V255"", ""V191""]","{""n_estimators"": 203, ""max_depth"": 6, ""min_samples_leaf"": 2, ""min_samples_split"": 9, ""criterion"": ""gini"", ""class_weight"": ""balanced""}"
497,2026-06-06T01:36:38.151915+00:00,rf,ranking_extra,497,4975,6,997,0.6444782484807277,744,253,0.4955712612264815,"[""V176"", ""V255"", ""V191"", ""V224"", ""V215"", ""V483""]","{""n_estimators"": 235, ""max_depth"": 11, ""min_samples_leaf"": 1, ""min_samples_split"": 9, ""criterion"": ""entropy"", ""class_weight"": ""balanced""}"
498,2026-06-06T01:37:34.231852+00:00,rf,ranking_extra,498,4810,3,991,0.6170189831610627,691,300,0.49625776912182357,"[""V176"", ""V255"", ""V191""]","{""n_estimators"": 158, ""max_depth"": 8, ""min_samples_leaf"": 3, ""min_samples_split"": 8, ""criterion"": ""gini"", ""class_weight"": null}"
499,2026-06-06T01:38:37.460856+00:00,rf,ranking_extra,499,4885,3,1000,0.6271386958462977,699,301,0.4982282231542982,"[""V176"", ""V255"", ""V191""]","{""n_estimators"": 155, ""max_depth"": 11, ""min_samples_leaf"": 1, ""min_samples_split"": 6, ""criterion"": ""entropy"", ""class_weight"": ""balanced""}"
500,2026-06-06T01:39:45.147891+00:00,rf,ranking_extra,500,4900,3,1000,0.5971900998872838,700,300,0.4974289019571337,"[""V176"", ""V255"", ""V191""]","{""n_estimators"": 201, ""max_depth"": 5, ""min_samples_leaf"": 4, ""min_samples_split"": 9, ""criterion"": ""gini"", ""class_weight"": null}"
501,2026-06-06T01:42:11.220700+00:00,rf,ranking_extra,501,4930,6,1000,0.6442126491768784,742,258,0.4938641054729302,"[""V176"", ""V255"", ""V191"", ""V224"", ""V215"", ""V483""]","{""n_estimators"": 396, ""max_depth"": 11, ""min_samples_leaf"": 4, ""min_samples_split"": 3, ""criterion"": ""entropy"", ""class_weight"": null}"
502,2026-06-06T01:43:05.655722+00:00,rf,ranking_extra,502,5075,5,999,0.6239554962158674,738,261,0.4975838000625552,"[""V176"", ""V255"", ""V191"", ""V224"", ""V215""]","{""n_estimators"": 137, ""max_depth"": 8, ""min_samples_leaf"": 4, ""min_samples_split"": 9, ""criterion"": ""entropy"", ""class_weight"": ""balanced""}"
503,2026-06-06T01:45:45.480056+00:00,rf,ranking_extra,503,4840,5,998,0.6345423850709359,722,276,0.4938632527397811,"[""V176"", ""V255"", ""V191"", ""V224"", ""V215""]","{""n_estimators"": 453, ""max_depth"": 9, ""min_samples_leaf"": 1, ""min_samples_split"": 2, ""criterion"": ""gini"", ""class_weight"": null}"
504,2026-06-06T01:46:22.928404+00:00,rf,ranking_extra,504,4900,3,1000,0.6061442927612046,700,300,0.4973102607953577,"[""V176"", ""V255"", ""V191""]","{""n_estimators"": 111, ""max_depth"": 6, ""min_samples_leaf"": 3, ""min_samples_split"": 9, ""criterion"": ""gini"", ""class_weight"": null}"
505,2026-06-06T01:49:16.235737+00:00,rf,ranking_extra,505,4980,6,999,0.6437829353634134,745,254,0.49584098004463023,"[""V176"", ""V255"", ""V191"", ""V224"", ""V215"", ""V483""]","{""n_estimators"": 441, ""max_depth"": 11, ""min_samples_leaf"": 3, ""min_samples_split"": 3, ""criterion"": ""entropy"", ""class_weight"": ""balanced""}"
506,2026-06-06T01:51:52.380655+00:00,rf,ranking_extra,506,4970,3,998,0.6013988404157592,704,294,0.4972157639386136,"[""V176"", ""V255"", ""V191""]","{""n_estimators"": 443, ""max_depth"": 6, ""min_samples_leaf"": 1, ""min_samples_split"": 7, ""criterion"": ""entropy"", ""class_weight"": null}"
507,2026-06-06T01:52:32.173795+00:00,rf,ranking_extra,507,4940,5,999,0.6408130179023945,729,270,0.4943023724099008,"[""V176"", ""V255"", ""V191"", ""V224"", ""V215""]","{""n_estimators"": 102, ""max_depth"": 11, ""min_samples_leaf"": 3, ""min_samples_split"": 9, ""criterion"": ""entropy"", ""class_weight"": null}"
508,2026-06-06T01:53:30.456374+00:00,rf,ranking_extra,508,4825,6,1000,0.6439137803816273,735,265,0.4920531718785149,"[""V176"", ""V255"", ""V191"", ""V224"", ""V215"", ""V483""]","{""n_estimators"": 162, ""max_depth"": 11, ""min_samples_leaf"": 1, ""min_samples_split"": 9, ""criterion"": ""gini"", ""class_weight"": null}"
509,2026-06-06T01:54:55.122141+00:00,rf,ranking_extra,509,4980,6,996,0.6399586951115757,744,252,0.4966124668328275,"[""V176"", ""V255"", ""V191"", ""V224"", ""V215"", ""V483""]","{""n_estimators"": 215, ""max_depth"": 10, ""min_samples_leaf"": 4, ""min_samples_split"": 2, ""criterion"": ""entropy"", ""class_weight"": ""balanced""}"
510,2026-06-06T01:57:38.434344+00:00,rf,ranking_extra,510,4785,3,999,0.6283431503420385,692,307,0.4980212747898612,"[""V176"", ""V255"", ""V191""]","{""n_estimators"": 428, ""max_depth"": 10, ""min_samples_leaf"": 1, ""min_samples_split"": 9, ""criterion"": ""gini"", ""class_weight"": ""balanced""}"
511,2026-06-06T02:00:32.745779+00:00,rf,ranking_extra,511,4960,6,1000,0.6198655419975543,744,256,0.4950620983974434,"[""V176"", ""V255"", ""V191"", ""V224"", ""V215"", ""V483""]","{""n_estimators"": 490, ""max_depth"": 8, ""min_samples_leaf"": 3, ""min_samples_split"": 9, ""criterion"": ""entropy"", ""class_weight"": null}"
512,2026-06-06T02:01:34.750939+00:00,rf,ranking_extra,512,4995,3,999,0.5955493984662872,706,293,0.5000333577717907,"[""V176"", ""V255"", ""V191""]","{""n_estimators"": 167, ""max_depth"": 5, ""min_samples_leaf"": 2, ""min_samples_split"": 5, ""criterion"": ""entropy"", ""class_weight"": ""balanced""}"
513,2026-06-06T02:04:31.108183+00:00,rf,ranking_extra,513,4915,3,1000,0.5915088614425679,701,299,0.4993221179921542,"[""V176"", ""V255"", ""V191""]","{""n_estimators"": 467, ""max_depth"": 4, ""min_samples_leaf"": 3, ""min_samples_split"": 3, ""criterion"": ""entropy"", ""class_weight"": ""balanced""}"
514,2026-06-06T02:05:43.936383+00:00,rf,ranking_extra,514,4950,3,999,0.593629296965022,703,296,0.49971846608240283,"[""V176"", ""V255"", ""V191""]","{""n_estimators"": 198, ""max_depth"": 4, ""min_samples_leaf"": 3, ""min_samples_split"": 9, ""criterion"": ""gini"", ""class_weight"": ""balanced""}"
515,2026-06-06T02:08:06.861501+00:00,rf,ranking_extra,515,4815,5,1000,0.634079207267183,721,279,0.4957554193251335,"[""V176"", ""V255"", ""V191"", ""V224"", ""V215""]","{""n_estimators"": 376, ""max_depth"": 9, ""min_samples_leaf"": 2, ""min_samples_split"": 4, ""criterion"": ""gini"", ""class_weight"": ""balanced""}"
516,2026-06-06T02:09:36.415002+00:00,rf,ranking_extra,516,5035,3,1000,0.6005701759789865,709,291,0.4972072767755844,"[""V176"", ""V255"", ""V191""]","{""n_estimators"": 251, ""max_depth"": 6, ""min_samples_leaf"": 3, ""min_samples_split"": 5, ""criterion"": ""entropy"", ""class_weight"": null}"
517,2026-06-06T02:11:30.916191+00:00,rf,ranking_extra,517,4870,3,997,0.6116397230993303,697,300,0.4985797437638386,"[""V176"", ""V255"", ""V191""]","{""n_estimators"": 305, ""max_depth"": 7, ""min_samples_leaf"": 2, ""min_samples_split"": 7, ""criterion"": ""gini"", ""class_weight"": ""balanced""}"
518,2026-06-06T02:12:04.811374+00:00,rf,ranking_extra,518,5055,6,999,0.6355658351766795,750,249,0.4956378159889984,"[""V176"", ""V255"", ""V191"", ""V224"", ""V215"", ""V483""]","{""n_estimators"": 83, ""max_depth"": 10, ""min_samples_leaf"": 3, ""min_samples_split"": 3, ""criterion"": ""entropy"", ""class_weight"": ""balanced""}"
519,2026-06-06T02:13:03.620266+00:00,rf,ranking_extra,519,4980,5,1000,0.6261298361863532,732,268,0.49444666338496773,"[""V176"", ""V255"", ""V191"", ""V224"", ""V215""]","{""n_estimators"": 155, ""max_depth"": 9, ""min_samples_leaf"": 2, ""min_samples_split"": 6, ""criterion"": ""entropy"", ""class_weight"": null}"
520,2026-06-06T02:13:31.569757+00:00,rf,ranking_extra,520,4720,6,1000,0.6483181404505678,728,272,0.492680893345663,"[""V176"", ""V255"", ""V191"", ""V224"", ""V215"", ""V483""]","{""n_estimators"": 74, ""max_depth"": 11, ""min_samples_leaf"": 2, ""min_samples_split"": 7, ""criterion"": ""gini"", ""class_weight"": null}"
521,2026-06-06T02:14:46.671627+00:00,rf,ranking_extra,521,4985,3,998,0.5890658713564813,705,293,0.49691000164669624,"[""V176"", ""V255"", ""V191""]","{""n_estimators"": 222, ""max_depth"": 4, ""min_samples_leaf"": 4, ""min_samples_split"": 5, ""criterion"": ""gini"", ""class_weight"": null}"
522,2026-06-06T02:15:11.025548+00:00,rf,ranking_extra,522,5050,3,1000,0.5958795174268884,710,290,0.49712359309755677,"[""V176"", ""V255"", ""V191""]","{""n_estimators"": 68, ""max_depth"": 5, ""min_samples_leaf"": 4, ""min_samples_split"": 4, ""criterion"": ""gini"", ""class_weight"": null}"
523,2026-06-06T02:17:45.497752+00:00,rf,ranking_extra,523,5005,3,1000,0.5955956969526324,707,293,0.49737753231284826,"[""V176"", ""V255"", ""V191""]","{""n_estimators"": 454, ""max_depth"": 5, ""min_samples_leaf"": 4, ""min_samples_split"": 2, ""criterion"": ""gini"", ""class_weight"": null}"
524,2026-06-06T02:19:30.318499+00:00,rf,ranking_extra,524,4925,6,998,0.622147340574519,741,257,0.49725446753878405,"[""V176"", ""V255"", ""V191"", ""V224"", ""V215"", ""V483""]","{""n_estimators"": 268, ""max_depth"": 8, ""min_samples_leaf"": 4, ""min_samples_split"": 2, ""criterion"": ""entropy"", ""class_weight"": ""balanced""}"
525,2026-06-06T02:22:23.307064+00:00,rf,ranking_extra,525,4885,3,1000,0.6104807347327742,699,301,0.4963769102751396,"[""V176"", ""V255"", ""V191""]","{""n_estimators"": 495, ""max_depth"": 7, ""min_samples_leaf"": 1, ""min_samples_split"": 5, ""criterion"": ""gini"", ""class_weight"": null}"
526,2026-06-06T02:22:48.010151+00:00,rf,ranking_extra,526,4885,3,991,0.6007041159801005,696,295,0.49870818736142164,"[""V176"", ""V255"", ""V191""]","{""n_estimators"": 60, ""max_depth"": 5, ""min_samples_leaf"": 2, ""min_samples_split"": 2, ""criterion"": ""entropy"", ""class_weight"": ""balanced""}"
527,2026-06-06T02:25:29.424286+00:00,rf,ranking_extra,527,4990,3,1000,0.6040070534738023,706,294,0.49869051291797034,"[""V176"", ""V255"", ""V191""]","{""n_estimators"": 427, ""max_depth"": 6, ""min_samples_leaf"": 3, ""min_samples_split"": 9, ""criterion"": ""gini"", ""class_weight"": ""balanced""}"
528,2026-06-06T02:28:06.666007+00:00,rf,ranking_extra,528,4960,6,1000,0.639249322920711,744,256,0.49599307577022156,"[""V176"", ""V255"", ""V191"", ""V224"", ""V215"", ""V483""]","{""n_estimators"": 396, ""max_depth"": 10, ""min_samples_leaf"": 2, ""min_samples_split"": 4, ""criterion"": ""entropy"", ""class_weight"": ""balanced""}"
529,2026-06-06T02:30:04.282777+00:00,rf,ranking_extra,529,4910,3,989,0.5902057456866495,697,292,0.4994480546687365,"[""V176"", ""V255"", ""V191""]","{""n_estimators"": 318, ""max_depth"": 4, ""min_samples_leaf"": 2, ""min_samples_split"": 2, ""criterion"": ""entropy"", ""class_weight"": ""balanced""}"
530,2026-06-06T02:32:40.019548+00:00,rf,ranking_extra,530,4960,3,1000,0.6027287416316024,704,296,0.4969250284957203,"[""V176"", ""V255"", ""V191""]","{""n_estimators"": 443, ""max_depth"": 6, ""min_samples_leaf"": 2, ""min_samples_split"": 6, ""criterion"": ""gini"", ""class_weight"": null}"
531,2026-06-06T02:35:01.630029+00:00,rf,ranking_extra,531,4870,6,1000,0.6359080805427625,738,262,0.49651320955110007,"[""V176"", ""V255"", ""V191"", ""V224"", ""V215"", ""V483""]","{""n_estimators"": 371, ""max_depth"": 9, ""min_samples_leaf"": 3, ""min_samples_split"": 2, ""criterion"": ""gini"", ""class_weight"": ""balanced""}"
532,2026-06-06T02:37:00.085514+00:00,rf,ranking_extra,532,4990,3,1000,0.6006362053426588,706,294,0.4972201892473067,"[""V176"", ""V255"", ""V191""]","{""n_estimators"": 338, ""max_depth"": 6, ""min_samples_leaf"": 1, ""min_samples_split"": 6, ""criterion"": ""entropy"", ""class_weight"": null}"
533,2026-06-06T02:38:29.175205+00:00,rf,ranking_extra,533,4945,3,1000,0.6120940833246972,703,297,0.4994255970581689,"[""V176"", ""V255"", ""V191""]","{""n_estimators"": 235, ""max_depth"": 7, ""min_samples_leaf"": 3, ""min_samples_split"": 5, ""criterion"": ""gini"", ""class_weight"": ""balanced""}"
534,2026-06-06T02:39:20.407465+00:00,rf,ranking_extra,534,4870,6,997,0.6363466413553209,737,260,0.49389895256917826,"[""V176"", ""V255"", ""V191"", ""V224"", ""V215"", ""V483""]","{""n_estimators"": 142, ""max_depth"": 10, ""min_samples_leaf"": 3, ""min_samples_split"": 3, ""criterion"": ""gini"", ""class_weight"": null}"
535,2026-06-06T02:41:51.234619+00:00,rf,ranking_extra,535,4825,6,1000,0.6382520404820696,735,265,0.49284306667464933,"[""V176"", ""V255"", ""V191"", ""V224"", ""V215"", ""V483""]","{""n_estimators"": 415, ""max_depth"": 10, ""min_samples_leaf"": 1, ""min_samples_split"": 9, ""criterion"": ""gini"", ""class_weight"": null}"
536,2026-06-06T02:43:28.318979+00:00,rf,ranking_extra,536,4950,3,999,0.6006690224153914,703,296,0.4969008629299849,"[""V176"", ""V255"", ""V191""]","{""n_estimators"": 279, ""max_depth"": 6, ""min_samples_leaf"": 4, ""min_samples_split"": 6, ""criterion"": ""entropy"", ""class_weight"": null}"
537,2026-06-06T02:43:56.937407+00:00,rf,ranking_extra,537,4875,3,999,0.6116309928481005,698,301,0.4968442399750519,"[""V176"", ""V255"", ""V191""]","{""n_estimators"": 78, ""max_depth"": 7, ""min_samples_leaf"": 3, ""min_samples_split"": 7, ""criterion"": ""gini"", ""class_weight"": null}"
538,2026-06-06T02:45:00.012783+00:00,rf,ranking_extra,538,4790,6,992,0.6501064293346248,730,262,0.4947132016347728,"[""V176"", ""V255"", ""V191"", ""V224"", ""V215"", ""V483""]","{""n_estimators"": 158, ""max_depth"": 11, ""min_samples_leaf"": 3, ""min_samples_split"": 9, ""criterion"": ""gini"", ""class_weight"": ""balanced""}"
539,2026-06-06T02:46:30.628329+00:00,rf,ranking_extra,539,4995,5,1000,0.6224001982301633,733,267,0.49690149131459127,"[""V176"", ""V255"", ""V191"", ""V224"", ""V215""]","{""n_estimators"": 233, ""max_depth"": 8, ""min_samples_leaf"": 2, ""min_samples_split"": 4, ""criterion"": ""entropy"", ""class_weight"": ""balanced""}"
540,2026-06-06T02:47:42.895064+00:00,rf,ranking_extra,540,4885,5,998,0.6258526113027032,725,273,0.49670552555562664,"[""V176"", ""V255"", ""V191"", ""V224"", ""V215""]","{""n_estimators"": 190, ""max_depth"": 8, ""min_samples_leaf"": 1, ""min_samples_split"": 2, ""criterion"": ""gini"", ""class_weight"": ""balanced""}"
541,2026-06-06T02:48:30.020261+00:00,rf,ranking_extra,541,4905,6,999,0.6332500192649086,740,259,0.49389258485059173,"[""V176"", ""V255"", ""V191"", ""V224"", ""V215"", ""V483""]","{""n_estimators"": 133, ""max_depth"": 9, ""min_samples_leaf"": 3, ""min_samples_split"": 7, ""criterion"": ""gini"", ""class_weight"": null}"
542,2026-06-06T02:51:05.702141+00:00,rf,ranking_extra,542,4840,3,1000,0.6195685666694135,696,304,0.49609137481910365,"[""V176"", ""V255"", ""V191""]","{""n_estimators"": 440, ""max_depth"": 9, ""min_samples_leaf"": 1, ""min_samples_split"": 5, ""criterion"": ""gini"", ""class_weight"": null}"
543,2026-06-06T02:52:11.132697+00:00,rf,ranking_extra,543,4785,3,993,0.6337959276698981,690,303,0.49807919463135775,"[""V176"", ""V255"", ""V191""]","{""n_estimators"": 169, ""max_depth"": 11, ""min_samples_leaf"": 1, ""min_samples_split"": 9, ""criterion"": ""gini"", ""class_weight"": ""balanced""}"
544,2026-06-06T02:53:55.270386+00:00,rf,ranking_extra,544,4980,3,999,0.604433067389706,705,294,0.4972693859197561,"[""V176"", ""V255"", ""V191""]","{""n_estimators"": 299, ""max_depth"": 6, ""min_samples_leaf"": 4, ""min_samples_split"": 3, ""criterion"": ""gini"", ""class_weight"": null}"
545,2026-06-06T02:54:23.913364+00:00,rf,ranking_extra,545,4795,3,991,0.613343129376072,690,301,0.4964915729142271,"[""V176"", ""V255"", ""V191""]","{""n_estimators"": 79, ""max_depth"": 8, ""min_samples_leaf"": 1, ""min_samples_split"": 5, ""criterion"": ""gini"", ""class_weight"": null}"
546,2026-06-06T02:57:34.565440+00:00,rf,ranking_extra,546,4945,3,1000,0.6122684357132954,703,297,0.49859271185687903,"[""V176"", ""V255"", ""V191""]","{""n_estimators"": 495, ""max_depth"": 7, ""min_samples_leaf"": 1, ""min_samples_split"": 7, ""criterion"": ""gini"", ""class_weight"": ""balanced""}"
547,2026-06-06T03:00:04.869353+00:00,rf,ranking_extra,547,5005,3,1000,0.583425580393439,707,293,0.4970455152666783,"[""V176"", ""V255"", ""V191""]","{""n_estimators"": 430, ""max_depth"": 4, ""min_samples_leaf"": 2, ""min_samples_split"": 8, ""criterion"": ""entropy"", ""class_weight"": null}"
548,2026-06-06T03:00:59.919693+00:00,rf,ranking_extra,548,4840,3,1000,0.5900078568438798,696,304,0.49693631700111635,"[""V176"", ""V255"", ""V191""]","{""n_estimators"": 161, ""max_depth"": 4, ""min_samples_leaf"": 4, ""min_samples_split"": 4, ""criterion"": ""gini"", ""class_weight"": null}"
549,2026-06-06T03:03:55.708603+00:00,rf,ranking_extra,549,4995,3,999,0.5888947063318725,706,293,0.49947253983424134,"[""V176"", ""V255"", ""V191""]","{""n_estimators"": 471, ""max_depth"": 4, ""min_samples_leaf"": 3, ""min_samples_split"": 8, ""criterion"": ""gini"", ""class_weight"": ""balanced""}"
550,2026-06-06T03:05:02.508543+00:00,rf,ranking_extra,550,5035,3,1000,0.6064818355347983,709,291,0.4989722412722562,"[""V176"", ""V255"", ""V191""]","{""n_estimators"": 170, ""max_depth"": 7, ""min_samples_leaf"": 2, ""min_samples_split"": 9, ""criterion"": ""entropy"", ""class_weight"": ""balanced""}"
551,2026-06-06T03:05:40.600058+00:00,rf,ranking_extra,551,4995,5,997,0.6392190475090199,732,265,0.49534149386681964,"[""V176"", ""V255"", ""V191"", ""V224"", ""V215""]","{""n_estimators"": 87, ""max_depth"": 11, ""min_samples_leaf"": 3, ""min_samples_split"": 7, ""criterion"": ""entropy"", ""class_weight"": ""balanced""}"
552,2026-06-06T03:07:22.157969+00:00,rf,ranking_extra,552,4965,5,1000,0.6227722405890561,731,269,0.4981117456080332,"[""V176"", ""V255"", ""V191"", ""V224"", ""V215""]","{""n_estimators"": 271, ""max_depth"": 7, ""min_samples_leaf"": 3, ""min_samples_split"": 7, ""criterion"": ""gini"", ""class_weight"": ""balanced""}"
553,2026-06-06T03:08:09.162681+00:00,rf,ranking_extra,553,4970,3,998,0.5871220619419992,704,294,0.49694912950653525,"[""V176"", ""V255"", ""V191""]","{""n_estimators"": 136, ""max_depth"": 4, ""min_samples_leaf"": 4, ""min_samples_split"": 9, ""criterion"": ""gini"", ""class_weight"": null}"
554,2026-06-06T03:10:24.867990+00:00,rf,ranking_extra,554,4905,6,996,0.6472550390140244,739,257,0.4926400453886048,"[""V176"", ""V255"", ""V191"", ""V224"", ""V215"", ""V483""]","{""n_estimators"": 380, ""max_depth"": 11, ""min_samples_leaf"": 2, ""min_samples_split"": 9, ""criterion"": ""gini"", ""class_weight"": null}"
555,2026-06-06T03:13:22.754759+00:00,rf,ranking_extra,555,4920,6,999,0.6341691257671106,741,258,0.4943973831840187,"[""V176"", ""V255"", ""V191"", ""V224"", ""V215"", ""V483""]","{""n_estimators"": 497, ""max_depth"": 9, ""min_samples_leaf"": 4, ""min_samples_split"": 6, ""criterion"": ""gini"", ""class_weight"": null}"
556,2026-06-06T03:16:20.393662+00:00,rf,ranking_extra,556,4945,3,1000,0.6067944198962392,703,297,0.4988283147230719,"[""V176"", ""V255"", ""V191""]","{""n_estimators"": 460, ""max_depth"": 7, ""min_samples_leaf"": 3, ""min_samples_split"": 3, ""criterion"": ""entropy"", ""class_weight"": ""balanced""}"
557,2026-06-06T03:17:30.789974+00:00,rf,ranking_extra,557,4885,6,1000,0.6440388970373121,739,261,0.49360576779018384,"[""V176"", ""V255"", ""V191"", ""V224"", ""V215"", ""V483""]","{""n_estimators"": 193, ""max_depth"": 11, ""min_samples_leaf"": 4, ""min_samples_split"": 3, ""criterion"": ""gini"", ""class_weight"": null}"
558,2026-06-06T03:19:04.283514+00:00,rf,ranking_extra,558,4975,3,997,0.5897431500046089,704,293,0.49733306869307264,"[""V176"", ""V255"", ""V191""]","{""n_estimators"": 276, ""max_depth"": 4, ""min_samples_leaf"": 3, ""min_samples_split"": 8, ""criterion"": ""gini"", ""class_weight"": null}"
559,2026-06-06T03:20:07.784124+00:00,rf,ranking_extra,559,4945,6,1000,0.6344760025355914,743,257,0.49528851373905547,"[""V176"", ""V255"", ""V191"", ""V224"", ""V215"", ""V483""]","{""n_estimators"": 155, ""max_depth"": 10, ""min_samples_leaf"": 1, ""min_samples_split"": 7, ""criterion"": ""entropy"", ""class_weight"": ""balanced""}"
560,2026-06-06T03:21:43.223182+00:00,rf,ranking_extra,560,4980,3,999,0.5870047132608085,705,294,0.49710852339579614,"[""V176"", ""V255"", ""V191""]","{""n_estimators"": 277, ""max_depth"": 4, ""min_samples_leaf"": 4, ""min_samples_split"": 7, ""criterion"": ""entropy"", ""class_weight"": null}"
561,2026-06-06T03:22:47.674602+00:00,rf,ranking_extra,561,5005,3,997,0.588235698229341,706,291,0.4970045582122708,"[""V176"", ""V255"", ""V191""]","{""n_estimators"": 188, ""max_depth"": 4, ""min_samples_leaf"": 3, ""min_samples_split"": 4, ""criterion"": ""entropy"", ""class_weight"": null}"
562,2026-06-06T03:24:52.847724+00:00,rf,ranking_extra,562,4975,3,997,0.6129457334155146,704,293,0.497069819141898,"[""V176"", ""V255"", ""V191""]","{""n_estimators"": 363, ""max_depth"": 7, ""min_samples_leaf"": 1, ""min_samples_split"": 3, ""criterion"": ""gini"", ""class_weight"": null}"
563,2026-06-06T03:25:41.824947+00:00,rf,ranking_extra,563,4860,5,1000,0.6343717596573007,724,276,0.49617046885429783,"[""V176"", ""V255"", ""V191"", ""V224"", ""V215""]","{""n_estimators"": 125, ""max_depth"": 9, ""min_samples_leaf"": 3, ""min_samples_split"": 2, ""criterion"": ""gini"", ""class_weight"": ""balanced""}"
564,2026-06-06T03:26:13.255610+00:00,rf,ranking_extra,564,4825,3,1000,0.6149002676526496,695,305,0.4990193112054789,"[""V176"", ""V255"", ""V191""]","{""n_estimators"": 80, ""max_depth"": 8, ""min_samples_leaf"": 4, ""min_samples_split"": 5, ""criterion"": ""gini"", ""class_weight"": ""balanced""}"
565,2026-06-06T03:29:08.776743+00:00,rf,ranking_extra,565,4865,4,997,0.6197778559516676,710,287,0.4954171585084607,"[""V176"", ""V255"", ""V191"", ""V224""]","{""n_estimators"": 497, ""max_depth"": 8, ""min_samples_leaf"": 3, ""min_samples_split"": 3, ""criterion"": ""gini"", ""class_weight"": null}"
566,2026-06-06T03:31:05.247704+00:00,rf,ranking_extra,566,4980,6,999,0.6436617743822265,745,254,0.49282531477828834,"[""V176"", ""V255"", ""V191"", ""V224"", ""V215"", ""V483""]","{""n_estimators"": 310, ""max_depth"": 11, ""min_samples_leaf"": 1, ""min_samples_split"": 5, ""criterion"": ""entropy"", ""class_weight"": null}"
567,2026-06-06T03:32:00.687772+00:00,rf,ranking_extra,567,5010,6,999,0.6390839313421428,747,252,0.49400695744721324,"[""V176"", ""V255"", ""V191"", ""V224"", ""V215"", ""V483""]","{""n_estimators"": 134, ""max_depth"": 11, ""min_samples_leaf"": 1, ""min_samples_split"": 3, ""criterion"": ""entropy"", ""class_weight"": ""balanced""}"
568,2026-06-06T03:34:29.604826+00:00,rf,ranking_extra,568,5050,3,1000,0.6015017876186503,710,290,0.49667226716812546,"[""V176"", ""V255"", ""V191""]","{""n_estimators"": 422, ""max_depth"": 6, ""min_samples_leaf"": 4, ""min_samples_split"": 9, ""criterion"": ""entropy"", ""class_weight"": null}"
569,2026-06-06T03:36:13.441782+00:00,rf,ranking_extra,569,4945,3,1000,0.5946633514016935,703,297,0.49714098782520194,"[""V176"", ""V255"", ""V191""]","{""n_estimators"": 302, ""max_depth"": 5, ""min_samples_leaf"": 3, ""min_samples_split"": 3, ""criterion"": ""gini"", ""class_weight"": null}"
570,2026-06-06T03:36:44.778340+00:00,rf,ranking_extra,570,5045,3,977,0.588449745351612,702,275,0.5001309375957856,"[""V176"", ""V255"", ""V191""]","{""n_estimators"": 84, ""max_depth"": 4, ""min_samples_leaf"": 4, ""min_samples_split"": 9, ""criterion"": ""entropy"", ""class_weight"": ""balanced""}"
571,2026-06-06T03:37:34.476024+00:00,rf,ranking_extra,571,4900,3,1000,0.5962504032562215,700,300,0.49874926082819737,"[""V176"", ""V255"", ""V191""]","{""n_estimators"": 135, ""max_depth"": 5, ""min_samples_leaf"": 1, ""min_samples_split"": 2, ""criterion"": ""gini"", ""class_weight"": ""balanced""}"
572,2026-06-06T03:39:44.824411+00:00,rf,ranking_extra,572,4945,3,1000,0.6031896376633574,703,297,0.499469055870107,"[""V176"", ""V255"", ""V191""]","{""n_estimators"": 339, ""max_depth"": 6, ""min_samples_leaf"": 2, ""min_samples_split"": 8, ""criterion"": ""entropy"", ""class_weight"": ""balanced""}"
573,2026-06-06T03:40:47.670102+00:00,rf,ranking_extra,573,4995,3,999,0.6083999519779619,706,293,0.4969434119620012,"[""V176"", ""V255"", ""V191""]","{""n_estimators"": 171, ""max_depth"": 7, ""min_samples_leaf"": 2, ""min_samples_split"": 2, ""criterion"": ""entropy"", ""class_weight"": null}"
574,2026-06-06T03:41:20.440294+00:00,rf,ranking_extra,574,4875,3,993,0.6200550035315026,696,297,0.4987649983806181,"[""V176"", ""V255"", ""V191""]","{""n_estimators"": 82, ""max_depth"": 8, ""min_samples_leaf"": 3, ""min_samples_split"": 3, ""criterion"": ""gini"", ""class_weight"": ""balanced""}"
575,2026-06-06T03:42:37.624968+00:00,rf,ranking_extra,575,4965,5,1000,0.6262245500810409,731,269,0.49499079140122904,"[""V176"", ""V255"", ""V191"", ""V224"", ""V215""]","{""n_estimators"": 221, ""max_depth"": 8, ""min_samples_leaf"": 3, ""min_samples_split"": 8, ""criterion"": ""gini"", ""class_weight"": null}"
576,2026-06-06T03:45:18.816627+00:00,rf,ranking_extra,576,4895,5,999,0.6272667312333178,726,273,0.495072754268851,"[""V176"", ""V255"", ""V191"", ""V224"", ""V215""]","{""n_estimators"": 459, ""max_depth"": 8, ""min_samples_leaf"": 4, ""min_samples_split"": 8, ""criterion"": ""gini"", ""class_weight"": null}"
577,2026-06-06T03:48:14.412447+00:00,rf,ranking_extra,577,4855,6,1000,0.6500441296875239,737,263,0.4949778115177419,"[""V176"", ""V255"", ""V191"", ""V224"", ""V215"", ""V483""]","{""n_estimators"": 453, ""max_depth"": 11, ""min_samples_leaf"": 3, ""min_samples_split"": 6, ""criterion"": ""gini"", ""class_weight"": ""balanced""}"
578,2026-06-06T03:50:42.979291+00:00,rf,ranking_extra,578,4930,6,997,0.6377024683079536,741,256,0.4962170619972605,"[""V176"", ""V255"", ""V191"", ""V224"", ""V215"", ""V483""]","{""n_estimators"": 373, ""max_depth"": 10, ""min_samples_leaf"": 2, ""min_samples_split"": 8, ""criterion"": ""entropy"", ""class_weight"": ""balanced""}"
579,2026-06-06T03:53:33.929157+00:00,rf,ranking_extra,579,4855,3,1000,0.6155801118682894,697,303,0.49622104244275633,"[""V176"", ""V255"", ""V191""]","{""n_estimators"": 479, ""max_depth"": 8, ""min_samples_leaf"": 3, ""min_samples_split"": 9, ""criterion"": ""gini"", ""class_weight"": null}"
580,2026-06-06T03:56:34.554157+00:00,rf,ranking_extra,580,4920,5,1000,0.628256759981017,728,272,0.49463862186754476,"[""V176"", ""V255"", ""V191"", ""V224"", ""V215""]","{""n_estimators"": 495, ""max_depth"": 9, ""min_samples_leaf"": 1, ""min_samples_split"": 4, ""criterion"": ""entropy"", ""class_weight"": null}"
581,2026-06-06T03:59:18.136599+00:00,rf,ranking_extra,581,4875,6,999,0.6244790404209556,738,261,0.4949864346257942,"[""V176"", ""V255"", ""V191"", ""V224"", ""V215"", ""V483""]","{""n_estimators"": 466, ""max_depth"": 8, ""min_samples_leaf"": 3, ""min_samples_split"": 2, ""criterion"": ""gini"", ""class_weight"": null}"
582,2026-06-06T04:00:38.065972+00:00,rf,ranking_extra,582,4960,3,1000,0.588032182214438,704,296,0.49697509510172094,"[""V176"", ""V255"", ""V191""]","{""n_estimators"": 239, ""max_depth"": 4, ""min_samples_leaf"": 2, ""min_samples_split"": 3, ""criterion"": ""gini"", ""class_weight"": null}"
583,2026-06-06T04:01:17.285027+00:00,rf,ranking_extra,583,4960,3,1000,0.6121376134907882,704,296,0.4989983999734195,"[""V176"", ""V255"", ""V191""]","{""n_estimators"": 104, ""max_depth"": 7, ""min_samples_leaf"": 1, ""min_samples_split"": 6, ""criterion"": ""gini"", ""class_weight"": ""balanced""}"
584,2026-06-06T04:01:50.568314+00:00,rf,ranking_extra,584,4945,3,1000,0.5957109732977093,703,297,0.4987408957352445,"[""V176"", ""V255"", ""V191""]","{""n_estimators"": 83, ""max_depth"": 5, ""min_samples_leaf"": 2, ""min_samples_split"": 2, ""criterion"": ""entropy"", ""class_weight"": ""balanced""}"
585,2026-06-06T04:04:25.137749+00:00,rf,ranking_extra,585,4935,3,996,0.6195581223791421,701,295,0.49865137212134686,"[""V176"", ""V255"", ""V191""]","{""n_estimators"": 403, ""max_depth"": 8, ""min_samples_leaf"": 2, ""min_samples_split"": 5, ""criterion"": ""gini"", ""class_weight"": ""balanced""}"
586,2026-06-06T04:07:25.854834+00:00,rf,ranking_extra,586,4950,3,996,0.5924023241881704,702,294,0.4996218359368273,"[""V176"", ""V255"", ""V191""]","{""n_estimators"": 482, ""max_depth"": 4, ""min_samples_leaf"": 3, ""min_samples_split"": 3, ""criterion"": ""gini"", ""class_weight"": ""balanced""}"
587,2026-06-06T04:10:09.178930+00:00,rf,ranking_extra,587,4780,6,1000,0.6243152177121876,732,268,0.49469606514405606,"[""V176"", ""V255"", ""V191"", ""V224"", ""V215"", ""V483""]","{""n_estimators"": 451, ""max_depth"": 8, ""min_samples_leaf"": 2, ""min_samples_split"": 6, ""criterion"": ""gini"", ""class_weight"": null}"
588,2026-06-06T04:10:35.185733+00:00,rf,ranking_extra,588,4770,6,999,0.6333203930047433,731,268,0.4935435887748991,"[""V176"", ""V255"", ""V191"", ""V224"", ""V215"", ""V483""]","{""n_estimators"": 68, ""max_depth"": 9, ""min_samples_leaf"": 4, ""min_samples_split"": 2, ""criterion"": ""gini"", ""class_weight"": null}"
589,2026-06-06T04:12:32.007625+00:00,rf,ranking_extra,589,4975,6,1000,0.6372029210286184,745,255,0.4962248193305153,"[""V176"", ""V255"", ""V191"", ""V224"", ""V215"", ""V483""]","{""n_estimators"": 297, ""max_depth"": 10, ""min_samples_leaf"": 3, ""min_samples_split"": 4, ""criterion"": ""entropy"", ""class_weight"": ""balanced""}"
590,2026-06-06T04:14:15.133201+00:00,rf,ranking_extra,590,4920,3,996,0.5969161350692725,700,296,0.49930606006796796,"[""V176"", ""V255"", ""V191""]","{""n_estimators"": 274, ""max_depth"": 5, ""min_samples_leaf"": 2, ""min_samples_split"": 9, ""criterion"": ""entropy"", ""class_weight"": ""balanced""}"
591,2026-06-06T04:15:52.867876+00:00,rf,ranking_extra,591,4945,3,1000,0.5882519447312016,703,297,0.49733179704064384,"[""V176"", ""V255"", ""V191""]","{""n_estimators"": 284, ""max_depth"": 4, ""min_samples_leaf"": 4, ""min_samples_split"": 2, ""criterion"": ""gini"", ""class_weight"": null}"
592,2026-06-06T04:17:29.570766+00:00,rf,ranking_extra,592,4900,6,1000,0.6404755590962367,740,260,0.4941216229620564,"[""V176"", ""V255"", ""V191"", ""V224"", ""V215"", ""V483""]","{""n_estimators"": 269, ""max_depth"": 10, ""min_samples_leaf"": 3, ""min_samples_split"": 7, ""criterion"": ""gini"", ""class_weight"": null}"
593,2026-06-06T04:19:52.387303+00:00,rf,ranking_extra,593,5000,3,998,0.5975169640177104,706,292,0.4993887826625201,"[""V176"", ""V255"", ""V191""]","{""n_estimators"": 376, ""max_depth"": 5, ""min_samples_leaf"": 3, ""min_samples_split"": 7, ""criterion"": ""entropy"", ""class_weight"": ""balanced""}"
594,2026-06-06T04:20:33.701089+00:00,rf,ranking_extra,594,4905,5,1000,0.6287611398497603,727,273,0.49410187186896126,"[""V176"", ""V255"", ""V191"", ""V224"", ""V215""]","{""n_estimators"": 110, ""max_depth"": 9, ""min_samples_leaf"": 1, ""min_samples_split"": 9, ""criterion"": ""entropy"", ""class_weight"": null}"
595,2026-06-06T04:21:19.007424+00:00,rf,ranking_extra,595,4995,3,999,0.6052097119470415,706,293,0.4993148664060638,"[""V176"", ""V255"", ""V191""]","{""n_estimators"": 115, ""max_depth"": 6, ""min_samples_leaf"": 4, ""min_samples_split"": 6, ""criterion"": ""entropy"", ""class_weight"": ""balanced""}"
596,2026-06-06T04:23:59.946749+00:00,rf,ranking_extra,596,5030,5,999,0.6277711523140139,735,264,0.4947940938836304,"[""V176"", ""V255"", ""V191"", ""V224"", ""V215""]","{""n_estimators"": 445, ""max_depth"": 9, ""min_samples_leaf"": 2, ""min_samples_split"": 5, ""criterion"": ""entropy"", ""class_weight"": null}"
597,2026-06-06T04:25:18.819577+00:00,rf,ranking_extra,597,4770,6,999,0.638408827416819,731,268,0.49482333243824334,"[""V176"", ""V255"", ""V191"", ""V224"", ""V215"", ""V483""]","{""n_estimators"": 205, ""max_depth"": 10, ""min_samples_leaf"": 2, ""min_samples_split"": 5, ""criterion"": ""gini"", ""class_weight"": ""balanced""}"
598,2026-06-06T04:26:31.098276+00:00,rf,ranking_extra,598,4965,3,999,0.5937912777064103,704,295,0.49679830869239466,"[""V176"", ""V255"", ""V191""]","{""n_estimators"": 210, ""max_depth"": 5, ""min_samples_leaf"": 2, ""min_samples_split"": 4, ""criterion"": ""gini"", ""class_weight"": null}"
599,2026-06-06T04:28:33.007689+00:00,rf,ranking_extra,599,4960,3,1000,0.5970070297614678,704,296,0.4995118453393208,"[""V176"", ""V255"", ""V191""]","{""n_estimators"": 321, ""max_depth"": 5, ""min_samples_leaf"": 4, ""min_samples_split"": 5, ""criterion"": ""entropy"", ""class_weight"": ""balanced""}"
600,2026-06-06T04:30:22.366071+00:00,rf,ranking_extra,600,4990,3,1000,0.59207371698532,706,294,0.49959821921815545,"[""V176"", ""V255"", ""V191""]","{""n_estimators"": 291, ""max_depth"": 4, ""min_samples_leaf"": 4, ""min_samples_split"": 7, ""criterion"": ""entropy"", ""class_weight"": ""balanced""}"
601,2026-06-06T04:31:51.156000+00:00,rf,ranking_extra,601,4965,3,999,0.6105681574990791,704,295,0.49689437767600886,"[""V176"", ""V255"", ""V191""]","{""n_estimators"": 246, ""max_depth"": 8, ""min_samples_leaf"": 4, ""min_samples_split"": 5, ""criterion"": ""entropy"", ""class_weight"": null}"
602,2026-06-06T04:33:15.274935+00:00,rf,ranking_extra,602,4885,3,1000,0.610673631817805,699,301,0.499405325718339,"[""V176"", ""V255"", ""V191""]","{""n_estimators"": 219, ""max_depth"": 7, ""min_samples_leaf"": 3, ""min_samples_split"": 8, ""criterion"": ""gini"", ""class_weight"": ""balanced""}"
603,2026-06-06T04:34:22.622760+00:00,rf,ranking_extra,603,4985,6,998,0.6371807830015033,745,253,0.4917433489662023,"[""V176"", ""V255"", ""V191"", ""V224"", ""V215"", ""V483""]","{""n_estimators"": 186, ""max_depth"": 10, ""min_samples_leaf"": 1, ""min_samples_split"": 4, ""criterion"": ""gini"", ""class_weight"": null}"
604,2026-06-06T04:35:37.103104+00:00,rf,ranking_extra,604,4995,3,999,0.5976344530647906,706,293,0.49728830934383833,"[""V176"", ""V255"", ""V191""]","{""n_estimators"": 209, ""max_depth"": 6, ""min_samples_leaf"": 4, ""min_samples_split"": 9, ""criterion"": ""entropy"", ""class_weight"": null}"
605,2026-06-06T04:36:52.110982+00:00,rf,ranking_extra,605,4900,3,1000,0.5958055292040496,700,300,0.49752240970456096,"[""V176"", ""V255"", ""V191""]","{""n_estimators"": 222, ""max_depth"": 5, ""min_samples_leaf"": 1, ""min_samples_split"": 9, ""criterion"": ""gini"", ""class_weight"": null}"
606,2026-06-06T04:37:59.347942+00:00,rf,ranking_extra,606,4995,3,999,0.6029309548039292,706,293,0.49734823884355267,"[""V176"", ""V255"", ""V191""]","{""n_estimators"": 188, ""max_depth"": 6, ""min_samples_leaf"": 4, ""min_samples_split"": 6, ""criterion"": ""entropy"", ""class_weight"": null}"
607,2026-06-06T04:39:02.857265+00:00,rf,ranking_extra,607,4920,3,999,0.5869973882271468,701,298,0.4975937812963944,"[""V176"", ""V255"", ""V191""]","{""n_estimators"": 183, ""max_depth"": 4, ""min_samples_leaf"": 3, ""min_samples_split"": 3, ""criterion"": ""entropy"", ""class_weight"": null}"
608,2026-06-06T04:41:38.160081+00:00,rf,ranking_extra,608,4915,3,991,0.6006149658601622,698,293,0.49933725928117273,"[""V176"", ""V255"", ""V191""]","{""n_estimators"": 408, ""max_depth"": 5, ""min_samples_leaf"": 4, ""min_samples_split"": 9, ""criterion"": ""gini"", ""class_weight"": ""balanced""}"
609,2026-06-06T04:42:45.109391+00:00,rf,ranking_extra,609,5005,3,997,0.603632643726391,706,291,0.4971354243358754,"[""V176"", ""V255"", ""V191""]","{""n_estimators"": 191, ""max_depth"": 6, ""min_samples_leaf"": 2, ""min_samples_split"": 2, ""criterion"": ""gini"", ""class_weight"": null}"
610,2026-06-06T04:43:07.304209+00:00,rf,ranking_extra,610,4860,6,999,0.6302062065016725,737,262,0.4962987930042036,"[""V176"", ""V255"", ""V191"", ""V224"", ""V215"", ""V483""]","{""n_estimators"": 52, ""max_depth"": 8, ""min_samples_leaf"": 2, ""min_samples_split"": 9, ""criterion"": ""gini"", ""class_weight"": ""balanced""}"
611,2026-06-06T04:43:58.866127+00:00,rf,ranking_extra,611,5050,6,1000,0.6403933232720096,750,250,0.49400768968796294,"[""V176"", ""V255"", ""V191"", ""V224"", ""V215"", ""V483""]","{""n_estimators"": 134, ""max_depth"": 11, ""min_samples_leaf"": 4, ""min_samples_split"": 6, ""criterion"": ""entropy"", ""class_weight"": null}"
612,2026-06-06T04:44:23.127344+00:00,rf,ranking_extra,612,4770,5,1000,0.6363661720568481,718,282,0.49525193589112915,"[""V176"", ""V255"", ""V191"", ""V224"", ""V215""]","{""n_estimators"": 64, ""max_depth"": 9, ""min_samples_leaf"": 4, ""min_samples_split"": 7, ""criterion"": ""gini"", ""class_weight"": null}"
613,2026-06-06T04:45:32.828299+00:00,rf,ranking_extra,613,4890,5,1000,0.6229272150833046,726,274,0.4983588382976232,"[""V176"", ""V255"", ""V191"", ""V224"", ""V215""]","{""n_estimators"": 183, ""max_depth"": 7, ""min_samples_leaf"": 2, ""min_samples_split"": 4, ""criterion"": ""gini"", ""class_weight"": ""balanced""}"
614,2026-06-06T04:48:06.798068+00:00,rf,ranking_extra,614,4920,3,999,0.6182001279992356,701,298,0.49880320470891765,"[""V176"", ""V255"", ""V191""]","{""n_estimators"": 404, ""max_depth"": 8, ""min_samples_leaf"": 3, ""min_samples_split"": 2, ""criterion"": ""gini"", ""class_weight"": ""balanced""}"
615,2026-06-06T04:49:08.126011+00:00,rf,ranking_extra,615,4845,5,1000,0.6307428293686796,723,277,0.49740675915371046,"[""V176"", ""V255"", ""V191"", ""V224"", ""V215""]","{""n_estimators"": 159, ""max_depth"": 8, ""min_samples_leaf"": 4, ""min_samples_split"": 6, ""criterion"": ""gini"", ""class_weight"": ""balanced""}"
616,2026-06-06T04:50:35.454173+00:00,rf,ranking_extra,616,4975,3,1000,0.6054764909291156,705,295,0.49849074606839033,"[""V176"", ""V255"", ""V191""]","{""n_estimators"": 228, ""max_depth"": 7, ""min_samples_leaf"": 1, ""min_samples_split"": 5, ""criterion"": ""entropy"", ""class_weight"": ""balanced""}"
617,2026-06-06T04:51:15.844025+00:00,rf,ranking_extra,617,4945,3,1000,0.5830938467051762,703,297,0.49937118949456316,"[""V176"", ""V255"", ""V191""]","{""n_estimators"": 108, ""max_depth"": 4, ""min_samples_leaf"": 4, ""min_samples_split"": 3, ""criterion"": ""entropy"", ""class_weight"": ""balanced""}"
618,2026-06-06T04:52:41.116413+00:00,rf,ranking_extra,618,4990,6,1000,0.6417857669752405,746,254,0.49285087303573183,"[""V176"", ""V255"", ""V191"", ""V224"", ""V215"", ""V483""]","{""n_estimators"": 224, ""max_depth"": 11, ""min_samples_leaf"": 1, ""min_samples_split"": 8, ""criterion"": ""entropy"", ""class_weight"": null}"
619,2026-06-06T04:53:11.382462+00:00,rf,ranking_extra,619,4735,3,1000,0.627998766690761,689,311,0.4963316980087317,"[""V176"", ""V255"", ""V191""]","{""n_estimators"": 81, ""max_depth"": 11, ""min_samples_leaf"": 1, ""min_samples_split"": 2, ""criterion"": ""gini"", ""class_weight"": null}"
620,2026-06-06T04:54:55.105462+00:00,rf,ranking_extra,620,5005,3,1000,0.5881067355205206,707,293,0.49745479488095823,"[""V176"", ""V255"", ""V191""]","{""n_estimators"": 302, ""max_depth"": 4, ""min_samples_leaf"": 3, ""min_samples_split"": 8, ""criterion"": ""gini"", ""class_weight"": null}"
621,2026-06-06T04:56:11.447048+00:00,rf,ranking_extra,621,5095,3,1000,0.6063408109752745,713,287,0.4965032385263761,"[""V176"", ""V255"", ""V191""]","{""n_estimators"": 213, ""max_depth"": 7, ""min_samples_leaf"": 4, ""min_samples_split"": 2, ""criterion"": ""entropy"", ""class_weight"": null}"
622,2026-06-06T04:59:00.303551+00:00,rf,ranking_extra,622,4960,6,1000,0.6293214890283998,744,256,0.4946668882509013,"[""V176"", ""V255"", ""V191"", ""V224"", ""V215"", ""V483""]","{""n_estimators"": 469, ""max_depth"": 9, ""min_samples_leaf"": 3, ""min_samples_split"": 9, ""criterion"": ""entropy"", ""class_weight"": null}"
623,2026-06-06T05:00:23.098417+00:00,rf,ranking_extra,623,4830,5,1000,0.6264323492272936,722,278,0.49448384478141855,"[""V176"", ""V255"", ""V191"", ""V224"", ""V215""]","{""n_estimators"": 233, ""max_depth"": 8, ""min_samples_leaf"": 2, ""min_samples_split"": 7, ""criterion"": ""gini"", ""class_weight"": null}"
624,2026-06-06T05:00:50.657092+00:00,rf,ranking_extra,624,4965,3,999,0.5951356381415653,704,295,0.500243906579109,"[""V176"", ""V255"", ""V191""]","{""n_estimators"": 72, ""max_depth"": 4, ""min_samples_leaf"": 3, ""min_samples_split"": 3, ""criterion"": ""entropy"", ""class_weight"": ""balanced""}"
625,2026-06-06T05:04:00.118975+00:00,rf,ranking_extra,625,4930,3,1000,0.6107920441105781,702,298,0.4987677700654913,"[""V176"", ""V255"", ""V191""]","{""n_estimators"": 494, ""max_depth"": 7, ""min_samples_leaf"": 2, ""min_samples_split"": 2, ""criterion"": ""gini"", ""class_weight"": ""balanced""}"
626,2026-06-06T05:06:20.923538+00:00,rf,ranking_extra,626,5035,5,998,0.6343341443878522,735,263,0.4961997417730585,"[""V176"", ""V255"", ""V191"", ""V224"", ""V215""]","{""n_estimators"": 357, ""max_depth"": 10, ""min_samples_leaf"": 1, ""min_samples_split"": 6, ""criterion"": ""entropy"", ""class_weight"": ""balanced""}"
627,2026-06-06T05:07:50.227722+00:00,rf,ranking_extra,627,4880,5,999,0.6356467453698389,725,274,0.49617014051090563,"[""V176"", ""V255"", ""V191"", ""V224"", ""V215""]","{""n_estimators"": 234, ""max_depth"": 9, ""min_samples_leaf"": 2, ""min_samples_split"": 7, ""criterion"": ""gini"", ""class_weight"": ""balanced""}"
628,2026-06-06T05:10:43.892641+00:00,rf,ranking_extra,628,4870,3,1000,0.6190912075895579,698,302,0.49878888197652976,"[""V176"", ""V255"", ""V191""]","{""n_estimators"": 454, ""max_depth"": 8, ""min_samples_leaf"": 3, ""min_samples_split"": 8, ""criterion"": ""gini"", ""class_weight"": ""balanced""}"
629,2026-06-06T05:12:35.004385+00:00,rf,ranking_extra,629,4830,3,999,0.626065814151112,695,304,0.4974797809709785,"[""V176"", ""V255"", ""V191""]","{""n_estimators"": 285, ""max_depth"": 10, ""min_samples_leaf"": 1, ""min_samples_split"": 8, ""criterion"": ""gini"", ""class_weight"": ""balanced""}"
630,2026-06-06T05:14:50.275375+00:00,rf,ranking_extra,630,5005,3,1000,0.5865747789118009,707,293,0.49714174765679153,"[""V176"", ""V255"", ""V191""]","{""n_estimators"": 391, ""max_depth"": 4, ""min_samples_leaf"": 1, ""min_samples_split"": 9, ""criterion"": ""entropy"", ""class_weight"": null}"
631,2026-06-06T05:15:46.299166+00:00,rf,ranking_extra,631,4740,3,999,0.6324540604254199,689,310,0.4972848412291625,"[""V176"", ""V255"", ""V191""]","{""n_estimators"": 138, ""max_depth"": 11, ""min_samples_leaf"": 1, ""min_samples_split"": 7, ""criterion"": ""gini"", ""class_weight"": ""balanced""}"
632,2026-06-06T05:16:17.488305+00:00,rf,ranking_extra,632,4860,5,1000,0.6234686356836359,724,276,0.49659187338131794,"[""V176"", ""V255"", ""V191"", ""V224"", ""V215""]","{""n_estimators"": 75, ""max_depth"": 8, ""min_samples_leaf"": 1, ""min_samples_split"": 3, ""criterion"": ""entropy"", ""class_weight"": ""balanced""}"
633,2026-06-06T05:18:55.304966+00:00,rf,ranking_extra,633,4870,6,1000,0.6354162113729592,738,262,0.4961159425768528,"[""V176"", ""V255"", ""V191"", ""V224"", ""V215"", ""V483""]","{""n_estimators"": 412, ""max_depth"": 9, ""min_samples_leaf"": 3, ""min_samples_split"": 2, ""criterion"": ""gini"", ""class_weight"": ""balanced""}"
634,2026-06-06T05:21:37.887050+00:00,rf,ranking_extra,634,5020,3,1000,0.5912821203588878,708,292,0.4993769462614148,"[""V176"", ""V255"", ""V191""]","{""n_estimators"": 426, ""max_depth"": 4, ""min_samples_leaf"": 1, ""min_samples_split"": 4, ""criterion"": ""entropy"", ""class_weight"": ""balanced""}"
635,2026-06-06T05:23:44.069323+00:00,rf,ranking_extra,635,4960,3,1000,0.6049048625374964,704,296,0.49905953819295457,"[""V176"", ""V255"", ""V191""]","{""n_estimators"": 338, ""max_depth"": 6, ""min_samples_leaf"": 2, ""min_samples_split"": 4, ""criterion"": ""gini"", ""class_weight"": ""balanced""}"
636,2026-06-06T05:24:35.774199+00:00,rf,ranking_extra,636,4935,3,996,0.6161048699626234,701,295,0.49617337327703115,"[""V176"", ""V255"", ""V191""]","{""n_estimators"": 138, ""max_depth"": 9, ""min_samples_leaf"": 3, ""min_samples_split"": 9, ""criterion"": ""entropy"", ""class_weight"": null}"
637,2026-06-06T05:26:06.497374+00:00,rf,ranking_extra,637,4905,3,999,0.6107223791371568,700,299,0.4985904477550868,"[""V176"", ""V255"", ""V191""]","{""n_estimators"": 238, ""max_depth"": 7, ""min_samples_leaf"": 1, ""min_samples_split"": 9, ""criterion"": ""gini"", ""class_weight"": ""balanced""}"
638,2026-06-06T05:28:06.242388+00:00,rf,ranking_extra,638,4885,6,1000,0.6476369407047483,739,261,0.492962006632289,"[""V176"", ""V255"", ""V191"", ""V224"", ""V215"", ""V483""]","{""n_estimators"": 330, ""max_depth"": 11, ""min_samples_leaf"": 3, ""min_samples_split"": 7, ""criterion"": ""gini"", ""class_weight"": null}"
639,2026-06-06T05:30:45.241920+00:00,rf,ranking_extra,639,4965,3,999,0.6062333737862138,704,295,0.49702691013485145,"[""V176"", ""V255"", ""V191""]","{""n_estimators"": 446, ""max_depth"": 7, ""min_samples_leaf"": 1, ""min_samples_split"": 9, ""criterion"": ""entropy"", ""class_weight"": null}"
640,2026-06-06T05:32:22.256460+00:00,rf,ranking_extra,640,4795,6,1000,0.6419511901994203,733,267,0.49397774971826985,"[""V176"", ""V255"", ""V191"", ""V224"", ""V215"", ""V483""]","{""n_estimators"": 270, ""max_depth"": 10, ""min_samples_leaf"": 3, ""min_samples_split"": 7, ""criterion"": ""gini"", ""class_weight"": null}"
641,2026-06-06T05:33:23.590663+00:00,rf,ranking_extra,641,5010,3,999,0.5875078283161663,707,292,0.49945371350572143,"[""V176"", ""V255"", ""V191""]","{""n_estimators"": 163, ""max_depth"": 4, ""min_samples_leaf"": 1, ""min_samples_split"": 5, ""criterion"": ""entropy"", ""class_weight"": ""balanced""}"
642,2026-06-06T05:34:45.720310+00:00,rf,ranking_extra,642,4765,3,1000,0.6312179738150627,691,309,0.4984983993086893,"[""V176"", ""V255"", ""V191""]","{""n_estimators"": 209, ""max_depth"": 10, ""min_samples_leaf"": 4, ""min_samples_split"": 5, ""criterion"": ""gini"", ""class_weight"": ""balanced""}"
643,2026-06-06T05:37:02.139543+00:00,rf,ranking_extra,643,4925,5,996,0.6253290932410045,727,269,0.4952842869425624,"[""V176"", ""V255"", ""V191"", ""V224"", ""V215""]","{""n_estimators"": 377, ""max_depth"": 8, ""min_samples_leaf"": 3, ""min_samples_split"": 8, ""criterion"": ""entropy"", ""class_weight"": null}"
644,2026-06-06T05:37:41.627620+00:00,rf,ranking_extra,644,4905,5,1000,0.6353710144184521,727,273,0.4956325084441589,"[""V176"", ""V255"", ""V191"", ""V224"", ""V215""]","{""n_estimators"": 94, ""max_depth"": 10, ""min_samples_leaf"": 3, ""min_samples_split"": 4, ""criterion"": ""entropy"", ""class_weight"": ""balanced""}"
645,2026-06-06T05:39:17.000772+00:00,rf,ranking_extra,645,5050,6,1000,0.641216404063062,750,250,0.4941860113194154,"[""V176"", ""V255"", ""V191"", ""V224"", ""V215"", ""V483""]","{""n_estimators"": 255, ""max_depth"": 11, ""min_samples_leaf"": 2, ""min_samples_split"": 9, ""criterion"": ""entropy"", ""class_weight"": null}"
646,2026-06-06T05:39:53.070920+00:00,rf,ranking_extra,646,4975,3,1000,0.607920847395595,705,295,0.49672857983467184,"[""V176"", ""V255"", ""V191""]","{""n_estimators"": 103, ""max_depth"": 7, ""min_samples_leaf"": 2, ""min_samples_split"": 2, ""criterion"": ""gini"", ""class_weight"": null}"
647,2026-06-06T05:42:09.944823+00:00,rf,ranking_extra,647,4830,6,999,0.6328608124958964,735,264,0.49422907157753687,"[""V176"", ""V255"", ""V191"", ""V224"", ""V215"", ""V483""]","{""n_estimators"": 389, ""max_depth"": 9, ""min_samples_leaf"": 2, ""min_samples_split"": 6, ""criterion"": ""gini"", ""class_weight"": null}"
648,2026-06-06T05:44:36.480033+00:00,rf,ranking_extra,648,4810,6,1000,0.6320008150895282,734,266,0.49383189291819907,"[""V176"", ""V255"", ""V191"", ""V224"", ""V215"", ""V483""]","{""n_estimators"": 413, ""max_depth"": 9, ""min_samples_leaf"": 1, ""min_samples_split"": 5, ""criterion"": ""gini"", ""class_weight"": null}"
649,2026-06-06T05:46:17.266691+00:00,rf,ranking_extra,649,4990,3,1000,0.6054834622289613,706,294,0.4992744960123711,"[""V176"", ""V255"", ""V191""]","{""n_estimators"": 264, ""max_depth"": 6, ""min_samples_leaf"": 2, ""min_samples_split"": 4, ""criterion"": ""entropy"", ""class_weight"": ""balanced""}"
650,2026-06-06T05:48:21.897791+00:00,rf,ranking_extra,650,4890,3,996,0.6219323873079333,698,298,0.4962085531692146,"[""V176"", ""V255"", ""V191""]","{""n_estimators"": 352, ""max_depth"": 9, ""min_samples_leaf"": 1, ""min_samples_split"": 2, ""criterion"": ""gini"", ""class_weight"": null}"
651,2026-06-06T05:49:12.449526+00:00,rf,ranking_extra,651,4810,5,998,0.6362164949100573,720,278,0.49385117398168477,"[""V176"", ""V255"", ""V191"", ""V224"", ""V215""]","{""n_estimators"": 142, ""max_depth"": 9, ""min_samples_leaf"": 3, ""min_samples_split"": 3, ""criterion"": ""gini"", ""class_weight"": null}"
652,2026-06-06T05:50:53.407996+00:00,rf,ranking_extra,652,4945,3,997,0.590608212328839,702,295,0.49921689413609,"[""V176"", ""V255"", ""V191""]","{""n_estimators"": 273, ""max_depth"": 4, ""min_samples_leaf"": 4, ""min_samples_split"": 4, ""criterion"": ""gini"", ""class_weight"": ""balanced""}"
653,2026-06-06T05:53:05.171244+00:00,rf,ranking_extra,653,5010,3,999,0.5987132095669896,707,292,0.49728531472271514,"[""V176"", ""V255"", ""V191""]","{""n_estimators"": 369, ""max_depth"": 6, ""min_samples_leaf"": 1, ""min_samples_split"": 6, ""criterion"": ""entropy"", ""class_weight"": null}"
654,2026-06-06T05:54:21.369564+00:00,rf,ranking_extra,654,4890,3,999,0.6295067477747489,699,300,0.4955630789950465,"[""V176"", ""V255"", ""V191""]","{""n_estimators"": 212, ""max_depth"": 11, ""min_samples_leaf"": 3, ""min_samples_split"": 5, ""criterion"": ""gini"", ""class_weight"": null}"
655,2026-06-06T05:57:33.301574+00:00,rf,ranking_extra,655,4945,6,1000,0.6377242425788453,743,257,0.49631016660848143,"[""V176"", ""V255"", ""V191"", ""V224"", ""V215"", ""V483""]","{""n_estimators"": 490, ""max_depth"": 10, ""min_samples_leaf"": 4, ""min_samples_split"": 2, ""criterion"": ""entropy"", ""class_weight"": ""balanced""}"
656,2026-06-06T06:00:15.227597+00:00,rf,ranking_extra,656,4945,3,1000,0.5893431864946499,703,297,0.49707742606384875,"[""V176"", ""V255"", ""V191""]","{""n_estimators"": 473, ""max_depth"": 4, ""min_samples_leaf"": 4, ""min_samples_split"": 3, ""criterion"": ""gini"", ""class_weight"": null}"
657,2026-06-06T06:01:42.261507+00:00,rf,ranking_extra,657,4785,5,1000,0.6473363182924848,719,281,0.4947623317063963,"[""V176"", ""V255"", ""V191"", ""V224"", ""V215""]","{""n_estimators"": 221, ""max_depth"": 11, ""min_samples_leaf"": 2, ""min_samples_split"": 2, ""criterion"": ""gini"", ""class_weight"": ""balanced""}"
658,2026-06-06T06:03:48.552601+00:00,rf,ranking_extra,658,4920,6,999,0.629761637588372,741,258,0.4946827285925454,"[""V176"", ""V255"", ""V191"", ""V224"", ""V215"", ""V483""]","{""n_estimators"": 348, ""max_depth"": 9, ""min_samples_leaf"": 3, ""min_samples_split"": 4, ""criterion"": ""entropy"", ""class_weight"": null}"
659,2026-06-06T06:06:39.133764+00:00,rf,ranking_extra,659,4945,3,1000,0.6018645348835066,703,297,0.49841587796072745,"[""V176"", ""V255"", ""V191""]","{""n_estimators"": 446, ""max_depth"": 6, ""min_samples_leaf"": 2, ""min_samples_split"": 3, ""criterion"": ""entropy"", ""class_weight"": ""balanced""}"
660,2026-06-06T06:08:52.038153+00:00,rf,ranking_extra,660,4900,3,1000,0.6162358867864445,700,300,0.4991492986057292,"[""V176"", ""V255"", ""V191""]","{""n_estimators"": 345, ""max_depth"": 8, ""min_samples_leaf"": 3, ""min_samples_split"": 2, ""criterion"": ""entropy"", ""class_weight"": ""balanced""}"
661,2026-06-06T06:10:44.797911+00:00,rf,ranking_extra,661,4960,3,1000,0.5880709023017971,704,296,0.49716615087529265,"[""V176"", ""V255"", ""V191""]","{""n_estimators"": 327, ""max_depth"": 4, ""min_samples_leaf"": 2, ""min_samples_split"": 2, ""criterion"": ""entropy"", ""class_weight"": null}"
662,2026-06-06T06:12:38.429265+00:00,rf,ranking_extra,662,5025,3,999,0.5986698982331078,708,291,0.4970864772753721,"[""V176"", ""V255"", ""V191""]","{""n_estimators"": 323, ""max_depth"": 6, ""min_samples_leaf"": 1, ""min_samples_split"": 9, ""criterion"": ""entropy"", ""class_weight"": null}"
663,2026-06-06T06:14:57.329604+00:00,rf,ranking_extra,663,4945,3,1000,0.5982803582242233,703,297,0.4992073439575889,"[""V176"", ""V255"", ""V191""]","{""n_estimators"": 369, ""max_depth"": 5, ""min_samples_leaf"": 3, ""min_samples_split"": 4, ""criterion"": ""gini"", ""class_weight"": ""balanced""}"
664,2026-06-06T06:15:58.644489+00:00,rf,ranking_extra,664,4980,3,999,0.5964056463977031,705,294,0.4992317896340173,"[""V176"", ""V255"", ""V191""]","{""n_estimators"": 160, ""max_depth"": 5, ""min_samples_leaf"": 2, ""min_samples_split"": 4, ""criterion"": ""entropy"", ""class_weight"": ""balanced""}"
665,2026-06-06T06:18:51.169181+00:00,rf,ranking_extra,665,4960,6,1000,0.6487906378079531,744,256,0.4930972562148913,"[""V176"", ""V255"", ""V191"", ""V224"", ""V215"", ""V483""]","{""n_estimators"": 475, ""max_depth"": 11, ""min_samples_leaf"": 3, ""min_samples_split"": 6, ""criterion"": ""gini"", ""class_weight"": null}"
666,2026-06-06T06:20:32.711109+00:00,rf,ranking_extra,666,4975,3,1000,0.6075906291149052,705,295,0.4969734610662259,"[""V176"", ""V255"", ""V191""]","{""n_estimators"": 283, ""max_depth"": 7, ""min_samples_leaf"": 3, ""min_samples_split"": 6, ""criterion"": ""entropy"", ""class_weight"": null}"
667,2026-06-06T06:22:19.476881+00:00,rf,ranking_extra,667,5035,6,1000,0.6435455668600416,749,251,0.4936285286106355,"[""V176"", ""V255"", ""V191"", ""V224"", ""V215"", ""V483""]","{""n_estimators"": 286, ""max_depth"": 11, ""min_samples_leaf"": 3, ""min_samples_split"": 7, ""criterion"": ""entropy"", ""class_weight"": null}"
668,2026-06-06T06:23:52.847915+00:00,rf,ranking_extra,668,5055,3,999,0.5910785977055686,710,289,0.49687861550914675,"[""V176"", ""V255"", ""V191""]","{""n_estimators"": 263, ""max_depth"": 5, ""min_samples_leaf"": 4, ""min_samples_split"": 3, ""criterion"": ""entropy"", ""class_weight"": null}"
669,2026-06-06T06:26:17.025740+00:00,rf,ranking_extra,669,4885,6,997,0.6509325552394503,738,259,0.4956640939994835,"[""V176"", ""V255"", ""V191"", ""V224"", ""V215"", ""V483""]","{""n_estimators"": 373, ""max_depth"": 11, ""min_samples_leaf"": 4, ""min_samples_split"": 5, ""criterion"": ""gini"", ""class_weight"": ""balanced""}"
670,2026-06-06T06:29:27.164373+00:00,rf,ranking_extra,670,4975,3,1000,0.6145624597997178,705,295,0.49942809947196504,"[""V176"", ""V255"", ""V191""]","{""n_estimators"": 493, ""max_depth"": 8, ""min_samples_leaf"": 2, ""min_samples_split"": 2, ""criterion"": ""entropy"", ""class_weight"": ""balanced""}"
671,2026-06-06T06:31:48.424667+00:00,rf,ranking_extra,671,4870,6,1000,0.6310644588921808,738,262,0.4937023709541867,"[""V176"", ""V255"", ""V191"", ""V224"", ""V215"", ""V483""]","{""n_estimators"": 400, ""max_depth"": 9, ""min_samples_leaf"": 3, ""min_samples_split"": 3, ""criterion"": ""gini"", ""class_weight"": null}"
672,2026-06-06T06:33:08.733191+00:00,rf,ranking_extra,672,5050,3,1000,0.6008424563963092,710,290,0.49693234827325716,"[""V176"", ""V255"", ""V191""]","{""n_estimators"": 229, ""max_depth"": 6, ""min_samples_leaf"": 2, ""min_samples_split"": 9, ""criterion"": ""entropy"", ""class_weight"": null}"
673,2026-06-06T06:35:10.519755+00:00,rf,ranking_extra,673,4960,3,1000,0.58927044714613,704,296,0.49950391212582174,"[""V176"", ""V255"", ""V191""]","{""n_estimators"": 329, ""max_depth"": 4, ""min_samples_leaf"": 2, ""min_samples_split"": 2, ""criterion"": ""gini"", ""class_weight"": ""balanced""}"
674,2026-06-06T06:35:38.873457+00:00,rf,ranking_extra,674,5010,3,999,0.6107462093956607,707,292,0.4961045860621858,"[""V176"", ""V255"", ""V191""]","{""n_estimators"": 75, ""max_depth"": 9, ""min_samples_leaf"": 2, ""min_samples_split"": 5, ""criterion"": ""entropy"", ""class_weight"": null}"
675,2026-06-06T06:37:10.989970+00:00,rf,ranking_extra,675,4870,6,1000,0.6429118209805126,738,262,0.4959598961814349,"[""V176"", ""V255"", ""V191"", ""V224"", ""V215"", ""V483""]","{""n_estimators"": 239, ""max_depth"": 10, ""min_samples_leaf"": 3, ""min_samples_split"": 3, ""criterion"": ""gini"", ""class_weight"": ""balanced""}"
676,2026-06-06T06:38:29.422811+00:00,rf,ranking_extra,676,4980,5,1000,0.615060871601199,732,268,0.49536034240590854,"[""V176"", ""V255"", ""V191"", ""V224"", ""V215""]","{""n_estimators"": 219, ""max_depth"": 7, ""min_samples_leaf"": 1, ""min_samples_split"": 4, ""criterion"": ""entropy"", ""class_weight"": null}"
677,2026-06-06T06:40:34.518454+00:00,rf,ranking_extra,677,4980,3,999,0.5864999247324785,705,294,0.49729706095966575,"[""V176"", ""V255"", ""V191""]","{""n_estimators"": 358, ""max_depth"": 4, ""min_samples_leaf"": 1, ""min_samples_split"": 2, ""criterion"": ""entropy"", ""class_weight"": null}"
678,2026-06-06T06:42:29.169164+00:00,rf,ranking_extra,678,4960,3,997,0.6002849577323087,703,294,0.4992302236367194,"[""V176"", ""V255"", ""V191""]","{""n_estimators"": 306, ""max_depth"": 5, ""min_samples_leaf"": 3, ""min_samples_split"": 2, ""criterion"": ""gini"", ""class_weight"": ""balanced""}"
679,2026-06-06T06:43:19.646426+00:00,rf,ranking_extra,679,4950,3,987,0.5974608478527936,699,288,0.4997172296940988,"[""V176"", ""V255"", ""V191""]","{""n_estimators"": 131, ""max_depth"": 5, ""min_samples_leaf"": 3, ""min_samples_split"": 4, ""criterion"": ""entropy"", ""class_weight"": ""balanced""}"
680,2026-06-06T06:45:03.236291+00:00,rf,ranking_extra,680,4960,5,998,0.6372020526643273,730,268,0.49700828000264646,"[""V176"", ""V255"", ""V191"", ""V224"", ""V215""]","{""n_estimators"": 263, ""max_depth"": 10, ""min_samples_leaf"": 3, ""min_samples_split"": 8, ""criterion"": ""entropy"", ""class_weight"": ""balanced""}"
681,2026-06-06T06:45:27.689969+00:00,rf,ranking_extra,681,4810,3,1000,0.6312739512299873,694,306,0.49517995642680823,"[""V176"", ""V255"", ""V191""]","{""n_estimators"": 62, ""max_depth"": 11, ""min_samples_leaf"": 3, ""min_samples_split"": 3, ""criterion"": ""gini"", ""class_weight"": null}"
682,2026-06-06T06:46:47.775290+00:00,rf,ranking_extra,682,5020,3,1000,0.6246458144526008,708,292,0.49813395641454117,"[""V176"", ""V255"", ""V191""]","{""n_estimators"": 199, ""max_depth"": 10, ""min_samples_leaf"": 3, ""min_samples_split"": 7, ""criterion"": ""entropy"", ""class_weight"": ""balanced""}"
683,2026-06-06T06:48:34.615334+00:00,rf,ranking_extra,683,4945,3,1000,0.6130191350915833,703,297,0.4989386157868312,"[""V176"", ""V255"", ""V191""]","{""n_estimators"": 279, ""max_depth"": 7, ""min_samples_leaf"": 4, ""min_samples_split"": 5, ""criterion"": ""gini"", ""class_weight"": ""balanced""}"
684,2026-06-06T06:49:01.229485+00:00,rf,ranking_extra,684,4905,3,999,0.6259078477539535,700,299,0.4956231290965279,"[""V176"", ""V255"", ""V191""]","{""n_estimators"": 71, ""max_depth"": 10, ""min_samples_leaf"": 2, ""min_samples_split"": 4, ""criterion"": ""gini"", ""class_weight"": null}"
685,2026-06-06T06:49:54.779387+00:00,rf,ranking_extra,685,4840,3,1000,0.6203229459036848,696,304,0.4961454906735815,"[""V176"", ""V255"", ""V191""]","{""n_estimators"": 141, ""max_depth"": 10, ""min_samples_leaf"": 3, ""min_samples_split"": 3, ""criterion"": ""entropy"", ""class_weight"": null}"
686,2026-06-06T06:51:14.614812+00:00,rf,ranking_extra,686,4965,5,1000,0.6282896199077,731,269,0.4963766525399875,"[""V176"", ""V255"", ""V191"", ""V224"", ""V215""]","{""n_estimators"": 210, ""max_depth"": 8, ""min_samples_leaf"": 1, ""min_samples_split"": 4, ""criterion"": ""gini"", ""class_weight"": ""balanced""}"
687,2026-06-06T06:54:02.207359+00:00,rf,ranking_extra,687,4955,5,999,0.6240514347026866,730,269,0.497425806660797,"[""V176"", ""V255"", ""V191"", ""V224"", ""V215""]","{""n_estimators"": 432, ""max_depth"": 8, ""min_samples_leaf"": 3, ""min_samples_split"": 4, ""criterion"": ""entropy"", ""class_weight"": ""balanced""}"
688,2026-06-06T06:55:34.827540+00:00,rf,ranking_extra,688,4885,3,1000,0.6241090035101765,699,301,0.49538387737977957,"[""V176"", ""V255"", ""V191""]","{""n_estimators"": 263, ""max_depth"": 10, ""min_samples_leaf"": 1, ""min_samples_split"": 3, ""criterion"": ""gini"", ""class_weight"": null}"
689,2026-06-06T06:58:30.000571+00:00,rf,ranking_extra,689,4960,6,997,0.6222981202908737,743,254,0.49540577626806664,"[""V176"", ""V255"", ""V191"", ""V224"", ""V215"", ""V483""]","{""n_estimators"": 483, ""max_depth"": 8, ""min_samples_leaf"": 4, ""min_samples_split"": 3, ""criterion"": ""entropy"", ""class_weight"": null}"
690,2026-06-06T06:58:51.729273+00:00,rf,ranking_extra,690,5065,3,997,0.5979470938599575,710,287,0.4988730487167202,"[""V176"", ""V255"", ""V191""]","{""n_estimators"": 52, ""max_depth"": 6, ""min_samples_leaf"": 2, ""min_samples_split"": 7, ""criterion"": ""entropy"", ""class_weight"": ""balanced""}"
691,2026-06-06T07:01:32.346706+00:00,rf,ranking_extra,691,4915,6,991,0.6308612184476105,738,253,0.49647987996458376,"[""V176"", ""V255"", ""V191"", ""V224"", ""V215"", ""V483""]","{""n_estimators"": 407, ""max_depth"": 9, ""min_samples_leaf"": 2, ""min_samples_split"": 8, ""criterion"": ""entropy"", ""class_weight"": ""balanced""}"
692,2026-06-06T07:04:06.796566+00:00,rf,ranking_extra,692,4900,3,1000,0.6063827671359936,700,300,0.49897012618036024,"[""V176"", ""V255"", ""V191""]","{""n_estimators"": 410, ""max_depth"": 6, ""min_samples_leaf"": 3, ""min_samples_split"": 8, ""criterion"": ""gini"", ""class_weight"": ""balanced""}"
693,2026-06-06T07:04:34.864105+00:00,rf,ranking_extra,693,4920,3,999,0.586945141640083,701,298,0.4970892375170458,"[""V176"", ""V255"", ""V191""]","{""n_estimators"": 82, ""max_depth"": 4, ""min_samples_leaf"": 3, ""min_samples_split"": 9, ""criterion"": ""gini"", ""class_weight"": null}"
694,2026-06-06T07:06:20.732546+00:00,rf,ranking_extra,694,4765,6,1000,0.6420824336149885,731,269,0.4912808967744859,"[""V176"", ""V255"", ""V191"", ""V224"", ""V215"", ""V483""]","{""n_estimators"": 292, ""max_depth"": 11, ""min_samples_leaf"": 1, ""min_samples_split"": 7, ""criterion"": ""gini"", ""class_weight"": null}"
695,2026-06-06T07:09:07.138346+00:00,rf,ranking_extra,695,4970,5,999,0.6401732711139128,731,268,0.49545360867546123,"[""V176"", ""V255"", ""V191"", ""V224"", ""V215""]","{""n_estimators"": 415, ""max_depth"": 11, ""min_samples_leaf"": 1, ""min_samples_split"": 9, ""criterion"": ""entropy"", ""class_weight"": ""balanced""}"
696,2026-06-06T07:10:16.486715+00:00,rf,ranking_extra,696,4790,5,999,0.6346342691152888,719,280,0.4954102258606459,"[""V176"", ""V255"", ""V191"", ""V224"", ""V215""]","{""n_estimators"": 196, ""max_depth"": 9, ""min_samples_leaf"": 3, ""min_samples_split"": 7, ""criterion"": ""gini"", ""class_weight"": null}"
697,2026-06-06T07:13:10.459349+00:00,rf,ranking_extra,697,4930,3,1000,0.602019407248686,702,298,0.4964439168520106,"[""V176"", ""V255"", ""V191""]","{""n_estimators"": 497, ""max_depth"": 6, ""min_samples_leaf"": 4, ""min_samples_split"": 4, ""criterion"": ""gini"", ""class_weight"": null}"
698,2026-06-06T07:15:52.635101+00:00,rf,ranking_extra,698,4930,3,1000,0.6022656404716356,702,298,0.49696188254851303,"[""V176"", ""V255"", ""V191""]","{""n_estimators"": 468, ""max_depth"": 6, ""min_samples_leaf"": 3, ""min_samples_split"": 5, ""criterion"": ""gini"", ""class_weight"": null}"
699,2026-06-06T07:17:13.081316+00:00,rf,ranking_extra,699,4965,5,997,0.6298456229120538,730,267,0.49453305780665635,"[""V176"", ""V255"", ""V191"", ""V224"", ""V215""]","{""n_estimators"": 220, ""max_depth"": 9, ""min_samples_leaf"": 1, ""min_samples_split"": 8, ""criterion"": ""entropy"", ""class_weight"": null}"
700,2026-06-06T07:18:56.277643+00:00,rf,ranking_extra,700,4935,6,999,0.6359173821154503,742,257,0.49619218091128425,"[""V176"", ""V255"", ""V191"", ""V224"", ""V215"", ""V483""]","{""n_estimators"": 267, ""max_depth"": 9, ""min_samples_leaf"": 2, ""min_samples_split"": 9, ""criterion"": ""gini"", ""class_weight"": ""balanced""}"
701,2026-06-06T07:19:33.005289+00:00,rf,ranking_extra,701,4900,3,985,0.6076810270576359,695,290,0.4968775515119174,"[""V176"", ""V255"", ""V191""]","{""n_estimators"": 105, ""max_depth"": 6, ""min_samples_leaf"": 4, ""min_samples_split"": 5, ""criterion"": ""gini"", ""class_weight"": null}"
702,2026-06-06T07:22:03.943251+00:00,rf,ranking_extra,702,5005,3,994,0.6144925232800992,705,289,0.4986770887860517,"[""V176"", ""V255"", ""V191""]","{""n_estimators"": 390, ""max_depth"": 8, ""min_samples_leaf"": 1, ""min_samples_split"": 7, ""criterion"": ""entropy"", ""class_weight"": ""balanced""}"
703,2026-06-06T07:23:42.431185+00:00,rf,ranking_extra,703,4930,3,1000,0.5994219712940113,702,298,0.49947266836536036,"[""V176"", ""V255"", ""V191""]","{""n_estimators"": 260, ""max_depth"": 5, ""min_samples_leaf"": 4, ""min_samples_split"": 8, ""criterion"": ""gini"", ""class_weight"": ""balanced""}"
704,2026-06-06T07:25:49.617908+00:00,rf,ranking_extra,704,5050,3,1000,0.5870746323882251,710,290,0.49957590104484345,"[""V176"", ""V255"", ""V191""]","{""n_estimators"": 336, ""max_depth"": 4, ""min_samples_leaf"": 4, ""min_samples_split"": 2, ""criterion"": ""entropy"", ""class_weight"": ""balanced""}"
705,2026-06-06T07:26:53.393983+00:00,rf,ranking_extra,705,5005,6,1000,0.6245520989629388,747,253,0.49355368706052777,"[""V176"", ""V255"", ""V191"", ""V224"", ""V215"", ""V483""]","{""n_estimators"": 170, ""max_depth"": 9, ""min_samples_leaf"": 2, ""min_samples_split"": 3, ""criterion"": ""entropy"", ""class_weight"": null}"
706,2026-06-06T07:28:03.182425+00:00,rf,ranking_extra,706,4915,3,1000,0.6168060591639263,701,299,0.4966706520439653,"[""V176"", ""V255"", ""V191""]","{""n_estimators"": 195, ""max_depth"": 8, ""min_samples_leaf"": 3, ""min_samples_split"": 9, ""criterion"": ""gini"", ""class_weight"": null}"
707,2026-06-06T07:30:49.217299+00:00,rf,ranking_extra,707,4995,3,999,0.6123858217123664,706,293,0.4992211619397398,"[""V176"", ""V255"", ""V191""]","{""n_estimators"": 432, ""max_depth"": 8, ""min_samples_leaf"": 2, ""min_samples_split"": 3, ""criterion"": ""entropy"", ""class_weight"": ""balanced""}"
708,2026-06-06T07:33:07.042954+00:00,rf,ranking_extra,708,4960,3,1000,0.5885155434735887,704,296,0.4971255054486669,"[""V176"", ""V255"", ""V191""]","{""n_estimators"": 397, ""max_depth"": 4, ""min_samples_leaf"": 2, ""min_samples_split"": 9, ""criterion"": ""entropy"", ""class_weight"": null}"
709,2026-06-06T07:34:23.532096+00:00,rf,ranking_extra,709,5035,3,1000,0.5937158465344281,709,291,0.4971576904609032,"[""V176"", ""V255"", ""V191""]","{""n_estimators"": 218, ""max_depth"": 5, ""min_samples_leaf"": 1, ""min_samples_split"": 3, ""criterion"": ""entropy"", ""class_weight"": null}"
710,2026-06-06T07:34:49.486246+00:00,rf,ranking_extra,710,4960,3,997,0.6166643744247117,703,294,0.4972400639050364,"[""V176"", ""V255"", ""V191""]","{""n_estimators"": 65, ""max_depth"": 8, ""min_samples_leaf"": 2, ""min_samples_split"": 5, ""criterion"": ""gini"", ""class_weight"": ""balanced""}"
711,2026-06-06T07:36:42.227131+00:00,rf,ranking_extra,711,4950,5,1000,0.6377379591866368,730,270,0.4963471039289201,"[""V176"", ""V255"", ""V191"", ""V224"", ""V215""]","{""n_estimators"": 280, ""max_depth"": 10, ""min_samples_leaf"": 2, ""min_samples_split"": 9, ""criterion"": ""entropy"", ""class_weight"": ""balanced""}"
712,2026-06-06T07:39:31.803514+00:00,rf,ranking_extra,712,4975,6,1000,0.6426859221776854,745,255,0.4930327531938858,"[""V176"", ""V255"", ""V191"", ""V224"", ""V215"", ""V483""]","{""n_estimators"": 460, ""max_depth"": 11, ""min_samples_leaf"": 2, ""min_samples_split"": 4, ""criterion"": ""entropy"", ""class_weight"": null}"
713,2026-06-06T07:40:07.300848+00:00,rf,ranking_extra,713,4995,3,996,0.6080438820596574,705,291,0.49673018413630105,"[""V176"", ""V255"", ""V191""]","{""n_estimators"": 95, ""max_depth"": 8, ""min_samples_leaf"": 3, ""min_samples_split"": 7, ""criterion"": ""entropy"", ""class_weight"": null}"
714,2026-06-06T07:41:41.855178+00:00,rf,ranking_extra,714,5035,6,1000,0.6374403992447093,749,251,0.4936670964399219,"[""V176"", ""V255"", ""V191"", ""V224"", ""V215"", ""V483""]","{""n_estimators"": 255, ""max_depth"": 10, ""min_samples_leaf"": 2, ""min_samples_split"": 5, ""criterion"": ""entropy"", ""class_weight"": null}"
715,2026-06-06T07:44:01.085536+00:00,rf,ranking_extra,715,4920,3,999,0.5960723964837511,701,298,0.49721944915961597,"[""V176"", ""V255"", ""V191""]","{""n_estimators"": 401, ""max_depth"": 5, ""min_samples_leaf"": 2, ""min_samples_split"": 2, ""criterion"": ""gini"", ""class_weight"": null}"
716,2026-06-06T07:47:04.748114+00:00,rf,ranking_extra,716,4935,3,999,0.5988486504992985,702,297,0.49939646355589584,"[""V176"", ""V255"", ""V191""]","{""n_estimators"": 488, ""max_depth"": 5, ""min_samples_leaf"": 3, ""min_samples_split"": 5, ""criterion"": ""gini"", ""class_weight"": ""balanced""}"
717,2026-06-06T07:47:33.214294+00:00,rf,ranking_extra,717,5005,3,1000,0.6021098250603993,707,293,0.49876295985331165,"[""V176"", ""V255"", ""V191""]","{""n_estimators"": 72, ""max_depth"": 6, ""min_samples_leaf"": 4, ""min_samples_split"": 5, ""criterion"": ""entropy"", ""class_weight"": ""balanced""}"
718,2026-06-06T07:48:42.438159+00:00,rf,ranking_extra,718,4945,3,1000,0.6108574032887442,703,297,0.4990160215286649,"[""V176"", ""V255"", ""V191""]","{""n_estimators"": 181, ""max_depth"": 7, ""min_samples_leaf"": 4, ""min_samples_split"": 3, ""criterion"": ""gini"", ""class_weight"": ""balanced""}"
719,2026-06-06T07:49:24.511054+00:00,rf,ranking_extra,719,4965,5,994,0.6287462830214973,729,265,0.4943763105707489,"[""V176"", ""V255"", ""V191"", ""V224"", ""V215""]","{""n_estimators"": 116, ""max_depth"": 8, ""min_samples_leaf"": 4, ""min_samples_split"": 4, ""criterion"": ""gini"", ""class_weight"": null}"
720,2026-06-06T07:52:30.672345+00:00,rf,ranking_extra,720,4860,5,1000,0.6316751372430283,724,276,0.49651521247176117,"[""V176"", ""V255"", ""V191"", ""V224"", ""V215""]","{""n_estimators"": 487, ""max_depth"": 8, ""min_samples_leaf"": 3, ""min_samples_split"": 3, ""criterion"": ""gini"", ""class_weight"": ""balanced""}"
721,2026-06-06T07:53:53.902288+00:00,rf,ranking_extra,721,4930,3,1000,0.6062806961986745,702,298,0.4988415603801007,"[""V176"", ""V255"", ""V191""]","{""n_estimators"": 225, ""max_depth"": 6, ""min_samples_leaf"": 1, ""min_samples_split"": 6, ""criterion"": ""gini"", ""class_weight"": ""balanced""}"
722,2026-06-06T07:55:25.368820+00:00,rf,ranking_extra,722,5020,3,1000,0.6037049338498945,708,292,0.49902871684504124,"[""V176"", ""V255"", ""V191""]","{""n_estimators"": 235, ""max_depth"": 6, ""min_samples_leaf"": 2, ""min_samples_split"": 2, ""criterion"": ""entropy"", ""class_weight"": ""balanced""}"
723,2026-06-06T07:56:18.782083+00:00,rf,ranking_extra,723,4930,3,1000,0.604734874302033,702,298,0.4967761727648487,"[""V176"", ""V255"", ""V191""]","{""n_estimators"": 154, ""max_depth"": 6, ""min_samples_leaf"": 1, ""min_samples_split"": 6, ""criterion"": ""gini"", ""class_weight"": null}"
724,2026-06-06T07:58:39.501894+00:00,rf,ranking_extra,724,5010,3,999,0.6053661239691966,707,292,0.49714645521172696,"[""V176"", ""V255"", ""V191""]","{""n_estimators"": 403, ""max_depth"": 6, ""min_samples_leaf"": 4, ""min_samples_split"": 6, ""criterion"": ""gini"", ""class_weight"": null}"
725,2026-06-06T07:59:02.891488+00:00,rf,ranking_extra,725,4775,5,999,0.6307350619170731,718,281,0.4973201770004938,"[""V176"", ""V255"", ""V191"", ""V224"", ""V215""]","{""n_estimators"": 56, ""max_depth"": 8, ""min_samples_leaf"": 1, ""min_samples_split"": 3, ""criterion"": ""gini"", ""class_weight"": ""balanced""}"
726,2026-06-06T08:01:36.742649+00:00,rf,ranking_extra,726,5000,3,998,0.5962160645441649,706,292,0.4995511755868332,"[""V176"", ""V255"", ""V191""]","{""n_estimators"": 411, ""max_depth"": 5, ""min_samples_leaf"": 4, ""min_samples_split"": 8, ""criterion"": ""entropy"", ""class_weight"": ""balanced""}"
727,2026-06-06T08:04:19.721206+00:00,rf,ranking_extra,727,4905,3,999,0.6108088387133003,700,299,0.4966636049062543,"[""V176"", ""V255"", ""V191""]","{""n_estimators"": 460, ""max_depth"": 8, ""min_samples_leaf"": 2, ""min_samples_split"": 8, ""criterion"": ""entropy"", ""class_weight"": null}"
728,2026-06-06T08:05:20.566772+00:00,rf,ranking_extra,728,4985,3,998,0.6096952930201887,705,293,0.497157616143457,"[""V176"", ""V255"", ""V191""]","{""n_estimators"": 172, ""max_depth"": 6, ""min_samples_leaf"": 1, ""min_samples_split"": 6, ""criterion"": ""gini"", ""class_weight"": null}"
729,2026-06-06T08:07:17.742220+00:00,rf,ranking_extra,729,4920,3,999,0.592921114575816,701,298,0.4994158182778192,"[""V176"", ""V255"", ""V191""]","{""n_estimators"": 311, ""max_depth"": 4, ""min_samples_leaf"": 3, ""min_samples_split"": 2, ""criterion"": ""entropy"", ""class_weight"": ""balanced""}"
730,2026-06-06T08:08:27.776598+00:00,rf,ranking_extra,730,5050,6,1000,0.6316176730280846,750,250,0.49626889331171126,"[""V176"", ""V255"", ""V191"", ""V224"", ""V215"", ""V483""]","{""n_estimators"": 175, ""max_depth"": 9, ""min_samples_leaf"": 3, ""min_samples_split"": 9, ""criterion"": ""entropy"", ""class_weight"": ""balanced""}"
731,2026-06-06T08:10:15.732287+00:00,rf,ranking_extra,731,4885,3,1000,0.6186275958956455,699,301,0.49663464267567353,"[""V176"", ""V255"", ""V191""]","{""n_estimators"": 310, ""max_depth"": 8, ""min_samples_leaf"": 1, ""min_samples_split"": 4, ""criterion"": ""gini"", ""class_weight"": null}"
732,2026-06-06T08:11:06.898997+00:00,rf,ranking_extra,732,4965,3,999,0.5955718725812251,704,295,0.4988973225578473,"[""V176"", ""V255"", ""V191""]","{""n_estimators"": 139, ""max_depth"": 5, ""min_samples_leaf"": 3, ""min_samples_split"": 7, ""criterion"": ""gini"", ""class_weight"": ""balanced""}"
733,2026-06-06T08:13:35.202327+00:00,rf,ranking_extra,733,5050,3,1000,0.5948752815349675,710,290,0.49967045705307883,"[""V176"", ""V255"", ""V191""]","{""n_estimators"": 395, ""max_depth"": 5, ""min_samples_leaf"": 4, ""min_samples_split"": 5, ""criterion"": ""entropy"", ""class_weight"": ""balanced""}"
734,2026-06-06T08:14:46.855300+00:00,rf,ranking_extra,734,4940,6,998,0.6391794201587844,742,256,0.49633536765651987,"[""V176"", ""V255"", ""V191"", ""V224"", ""V215"", ""V483""]","{""n_estimators"": 175, ""max_depth"": 10, ""min_samples_leaf"": 3, ""min_samples_split"": 6, ""criterion"": ""entropy"", ""class_weight"": ""balanced""}"
735,2026-06-06T08:17:47.947730+00:00,rf,ranking_extra,735,4950,5,1000,0.6298961316829049,730,270,0.49496484841607263,"[""V176"", ""V255"", ""V191"", ""V224"", ""V215""]","{""n_estimators"": 495, ""max_depth"": 9, ""min_samples_leaf"": 3, ""min_samples_split"": 2, ""criterion"": ""entropy"", ""class_weight"": null}"
736,2026-06-06T08:19:06.259600+00:00,rf,ranking_extra,736,4805,3,995,0.6278605650063017,692,303,0.49793608835567754,"[""V176"", ""V255"", ""V191""]","{""n_estimators"": 198, ""max_depth"": 10, ""min_samples_leaf"": 1, ""min_samples_split"": 3, ""criterion"": ""gini"", ""class_weight"": ""balanced""}"
737,2026-06-06T08:21:46.370321+00:00,rf,ranking_extra,737,4830,5,1000,0.6278745243423046,722,278,0.4966810305347916,"[""V176"", ""V255"", ""V191"", ""V224"", ""V215""]","{""n_estimators"": 419, ""max_depth"": 8, ""min_samples_leaf"": 2, ""min_samples_split"": 3, ""criterion"": ""gini"", ""class_weight"": ""balanced""}"
738,2026-06-06T08:22:33.118346+00:00,rf,ranking_extra,738,4930,3,1000,0.5917991656165725,702,298,0.4991333073163058,"[""V176"", ""V255"", ""V191""]","{""n_estimators"": 123, ""max_depth"": 4, ""min_samples_leaf"": 1, ""min_samples_split"": 7, ""criterion"": ""gini"", ""class_weight"": ""balanced""}"
739,2026-06-06T08:24:43.935643+00:00,rf,ranking_extra,739,4930,3,1000,0.602863171432595,702,298,0.4969441522067871,"[""V176"", ""V255"", ""V191""]","{""n_estimators"": 377, ""max_depth"": 6, ""min_samples_leaf"": 3, ""min_samples_split"": 9, ""criterion"": ""gini"", ""class_weight"": null}"
740,2026-06-06T08:25:54.813086+00:00,rf,ranking_extra,740,5005,3,1000,0.6062192743451923,707,293,0.4965975839710276,"[""V176"", ""V255"", ""V191""]","{""n_estimators"": 195, ""max_depth"": 7, ""min_samples_leaf"": 1, ""min_samples_split"": 9, ""criterion"": ""entropy"", ""class_weight"": null}"
741,2026-06-06T08:27:26.119932+00:00,rf,ranking_extra,741,4845,3,996,0.5895209052920385,695,301,0.4993444269855962,"[""V176"", ""V255"", ""V191""]","{""n_estimators"": 239, ""max_depth"": 4, ""min_samples_leaf"": 3, ""min_samples_split"": 3, ""criterion"": ""entropy"", ""class_weight"": ""balanced""}"
742,2026-06-06T08:29:15.992294+00:00,rf,ranking_extra,742,4865,5,996,0.6209795297133711,723,273,0.49528252237278647,"[""V176"", ""V255"", ""V191"", ""V224"", ""V215""]","{""n_estimators"": 314, ""max_depth"": 7, ""min_samples_leaf"": 1, ""min_samples_split"": 8, ""criterion"": ""gini"", ""class_weight"": null}"
743,2026-06-06T08:31:02.368245+00:00,rf,ranking_extra,743,4905,5,1000,0.6340049646733846,727,273,0.4957712413926862,"[""V176"", ""V255"", ""V191"", ""V224"", ""V215""]","{""n_estimators"": 268, ""max_depth"": 10, ""min_samples_leaf"": 1, ""min_samples_split"": 7, ""criterion"": ""entropy"", ""class_weight"": ""balanced""}"
744,2026-06-06T08:33:07.758123+00:00,rf,ranking_extra,744,4870,3,1000,0.6168993048802798,698,302,0.4984642439302226,"[""V176"", ""V255"", ""V191""]","{""n_estimators"": 328, ""max_depth"": 8, ""min_samples_leaf"": 1, ""min_samples_split"": 5, ""criterion"": ""gini"", ""class_weight"": ""balanced""}"
745,2026-06-06T08:36:04.586593+00:00,rf,ranking_extra,745,5040,3,999,0.6132843815338493,709,290,0.49926492478295087,"[""V176"", ""V255"", ""V191""]","{""n_estimators"": 455, ""max_depth"": 8, ""min_samples_leaf"": 1, ""min_samples_split"": 2, ""criterion"": ""entropy"", ""class_weight"": ""balanced""}"
746,2026-06-06T08:36:34.411730+00:00,rf,ranking_extra,746,5025,3,996,0.6112574895318631,707,289,0.49960983650465735,"[""V176"", ""V255"", ""V191""]","{""n_estimators"": 73, ""max_depth"": 7, ""min_samples_leaf"": 2, ""min_samples_split"": 5, ""criterion"": ""entropy"", ""class_weight"": ""balanced""}"
747,2026-06-06T08:37:33.498693+00:00,rf,ranking_extra,747,4815,5,1000,0.6412562462107738,721,279,0.49354167510855657,"[""V176"", ""V255"", ""V191"", ""V224"", ""V215""]","{""n_estimators"": 158, ""max_depth"": 10, ""min_samples_leaf"": 2, ""min_samples_split"": 2, ""criterion"": ""gini"", ""class_weight"": null}"
748,2026-06-06T08:39:53.766742+00:00,rf,ranking_extra,748,4910,5,999,0.6278522219777136,727,272,0.4950452131895305,"[""V176"", ""V255"", ""V191"", ""V224"", ""V215""]","{""n_estimators"": 398, ""max_depth"": 8, ""min_samples_leaf"": 1, ""min_samples_split"": 7, ""criterion"": ""gini"", ""class_weight"": null}"
749,2026-06-06T08:40:44.060944+00:00,rf,ranking_extra,749,4915,3,1000,0.5977887053215352,701,299,0.49725574133207084,"[""V176"", ""V255"", ""V191""]","{""n_estimators"": 147, ""max_depth"": 5, ""min_samples_leaf"": 2, ""min_samples_split"": 8, ""criterion"": ""gini"", ""class_weight"": null}"
750,2026-06-06T08:42:04.039482+00:00,rf,ranking_extra,750,4980,5,1000,0.64127307581328,732,268,0.4959255903862437,"[""V176"", ""V255"", ""V191"", ""V224"", ""V215""]","{""n_estimators"": 197, ""max_depth"": 11, ""min_samples_leaf"": 4, ""min_samples_split"": 8, ""criterion"": ""entropy"", ""class_weight"": ""balanced""}"
751,2026-06-06T08:45:10.555434+00:00,rf,ranking_extra,751,4945,6,1000,0.6273739595550696,743,257,0.49607696606400853,"[""V176"", ""V255"", ""V191"", ""V224"", ""V215"", ""V483""]","{""n_estimators"": 474, ""max_depth"": 9, ""min_samples_leaf"": 1, ""min_samples_split"": 4, ""criterion"": ""entropy"", ""class_weight"": ""balanced""}"
752,2026-06-06T08:45:51.140228+00:00,rf,ranking_extra,752,5035,3,1000,0.5957074847159841,709,291,0.4974336326315115,"[""V176"", ""V255"", ""V191""]","{""n_estimators"": 111, ""max_depth"": 5, ""min_samples_leaf"": 3, ""min_samples_split"": 4, ""criterion"": ""entropy"", ""class_weight"": null}"
753,2026-06-06T08:46:24.292391+00:00,rf,ranking_extra,753,4975,3,1000,0.589727350057821,705,295,0.49722111753954057,"[""V176"", ""V255"", ""V191""]","{""n_estimators"": 95, ""max_depth"": 4, ""min_samples_leaf"": 4, ""min_samples_split"": 8, ""criterion"": ""entropy"", ""class_weight"": null}"
754,2026-06-06T08:47:47.958710+00:00,rf,ranking_extra,754,4765,3,1000,0.6197508049174816,691,309,0.4956030987134712,"[""V176"", ""V255"", ""V191""]","{""n_estimators"": 236, ""max_depth"": 9, ""min_samples_leaf"": 2, ""min_samples_split"": 5, ""criterion"": ""gini"", ""class_weight"": null}"
755,2026-06-06T08:50:12.036785+00:00,rf,ranking_extra,755,4945,3,1000,0.6051110235616998,703,297,0.499090168912427,"[""V176"", ""V255"", ""V191""]","{""n_estimators"": 375, ""max_depth"": 6, ""min_samples_leaf"": 4, ""min_samples_split"": 3, ""criterion"": ""entropy"", ""class_weight"": ""balanced""}"
756,2026-06-06T08:51:25.777659+00:00,rf,ranking_extra,756,5035,6,1000,0.6388693670174397,749,251,0.49420748996081204,"[""V176"", ""V255"", ""V191"", ""V224"", ""V215"", ""V483""]","{""n_estimators"": 198, ""max_depth"": 10, ""min_samples_leaf"": 4, ""min_samples_split"": 5, ""criterion"": ""entropy"", ""class_weight"": null}"
757,2026-06-06T08:54:18.929917+00:00,rf,ranking_extra,757,4965,5,1000,0.6369324508375026,731,269,0.4930759703208992,"[""V176"", ""V255"", ""V191"", ""V224"", ""V215""]","{""n_estimators"": 467, ""max_depth"": 11, ""min_samples_leaf"": 1, ""min_samples_split"": 2, ""criterion"": ""entropy"", ""class_weight"": null}"
758,2026-06-06T08:56:20.467041+00:00,rf,ranking_extra,758,4885,6,994,0.64483732376628,737,257,0.49464002254918094,"[""V176"", ""V255"", ""V191"", ""V224"", ""V215"", ""V483""]","{""n_estimators"": 340, ""max_depth"": 10, ""min_samples_leaf"": 4, ""min_samples_split"": 8, ""criterion"": ""gini"", ""class_weight"": null}"
759,2026-06-06T08:58:26.970954+00:00,rf,ranking_extra,759,4895,5,996,0.6370725633012292,725,271,0.4948101993416778,"[""V176"", ""V255"", ""V191"", ""V224"", ""V215""]","{""n_estimators"": 355, ""max_depth"": 9, ""min_samples_leaf"": 4, ""min_samples_split"": 2, ""criterion"": ""gini"", ""class_weight"": null}"
760,2026-06-06T08:59:28.198989+00:00,rf,ranking_extra,760,4860,3,996,0.5917446179070524,696,300,0.4975814234554144,"[""V176"", ""V255"", ""V191""]","{""n_estimators"": 186, ""max_depth"": 4, ""min_samples_leaf"": 2, ""min_samples_split"": 7, ""criterion"": ""gini"", ""class_weight"": null}"
761,2026-06-06T09:02:16.435037+00:00,rf,ranking_extra,761,5020,3,1000,0.6025792148581802,708,292,0.4968987040813401,"[""V176"", ""V255"", ""V191""]","{""n_estimators"": 491, ""max_depth"": 6, ""min_samples_leaf"": 1, ""min_samples_split"": 7, ""criterion"": ""gini"", ""class_weight"": null}"
762,2026-06-06T09:04:14.047100+00:00,rf,ranking_extra,762,4870,3,1000,0.61217719138456,698,302,0.49708191176784566,"[""V176"", ""V255"", ""V191""]","{""n_estimators"": 335, ""max_depth"": 7, ""min_samples_leaf"": 3, ""min_samples_split"": 6, ""criterion"": ""gini"", ""class_weight"": null}"
763,2026-06-06T09:04:51.905480+00:00,rf,ranking_extra,763,4890,5,997,0.6351516592522952,725,272,0.4939680983227632,"[""V176"", ""V255"", ""V191"", ""V224"", ""V215""]","{""n_estimators"": 104, ""max_depth"": 9, ""min_samples_leaf"": 1, ""min_samples_split"": 7, ""criterion"": ""gini"", ""class_weight"": null}"
764,2026-06-06T09:07:26.881280+00:00,rf,ranking_extra,764,4975,3,1000,0.5906126056684251,705,295,0.4995158236262658,"[""V176"", ""V255"", ""V191""]","{""n_estimators"": 412, ""max_depth"": 4, ""min_samples_leaf"": 1, ""min_samples_split"": 7, ""criterion"": ""entropy"", ""class_weight"": ""balanced""}"
765,2026-06-06T09:08:49.849586+00:00,rf,ranking_extra,765,4990,3,1000,0.6045614713441826,706,294,0.49711169146813033,"[""V176"", ""V255"", ""V191""]","{""n_estimators"": 240, ""max_depth"": 6, ""min_samples_leaf"": 3, ""min_samples_split"": 6, ""criterion"": ""gini"", ""class_weight"": null}"
766,2026-06-06T09:09:19.115118+00:00,rf,ranking_extra,766,4905,3,993,0.5907960052835645,698,295,0.49891092112087665,"[""V176"", ""V255"", ""V191""]","{""n_estimators"": 79, ""max_depth"": 4, ""min_samples_leaf"": 3, ""min_samples_split"": 9, ""criterion"": ""entropy"", ""class_weight"": ""balanced""}"
767,2026-06-06T09:11:27.587407+00:00,rf,ranking_extra,767,4850,3,995,0.6187501080525761,695,300,0.4966554643039404,"[""V176"", ""V255"", ""V191""]","{""n_estimators"": 362, ""max_depth"": 8, ""min_samples_leaf"": 3, ""min_samples_split"": 7, ""criterion"": ""gini"", ""class_weight"": null}"
768,2026-06-06T09:14:06.881390+00:00,rf,ranking_extra,768,4905,3,999,0.5953139592903507,700,299,0.4973351309985017,"[""V176"", ""V255"", ""V191""]","{""n_estimators"": 462, ""max_depth"": 5, ""min_samples_leaf"": 4, ""min_samples_split"": 9, ""criterion"": ""gini"", ""class_weight"": null}"
769,2026-06-06T09:15:06.736884+00:00,rf,ranking_extra,769,4905,3,999,0.5929381777334458,700,299,0.49711112403111485,"[""V176"", ""V255"", ""V191""]","{""n_estimators"": 176, ""max_depth"": 5, ""min_samples_leaf"": 2, ""min_samples_split"": 6, ""criterion"": ""entropy"", ""class_weight"": null}"
770,2026-06-06T09:16:48.292411+00:00,rf,ranking_extra,770,4900,3,1000,0.5928130175259745,700,300,0.49957835984188376,"[""V176"", ""V255"", ""V191""]","{""n_estimators"": 270, ""max_depth"": 4, ""min_samples_leaf"": 2, ""min_samples_split"": 6, ""criterion"": ""gini"", ""class_weight"": ""balanced""}"
771,2026-06-06T09:17:15.343209+00:00,rf,ranking_extra,771,4855,6,1000,0.6392495094079861,737,263,0.49376279449145494,"[""V176"", ""V255"", ""V191"", ""V224"", ""V215"", ""V483""]","{""n_estimators"": 74, ""max_depth"": 10, ""min_samples_leaf"": 3, ""min_samples_split"": 3, ""criterion"": ""gini"", ""class_weight"": null}"
772,2026-06-06T09:19:24.504499+00:00,rf,ranking_extra,772,4855,6,1000,0.6418116467712581,737,263,0.49502718324898654,"[""V176"", ""V255"", ""V191"", ""V224"", ""V215"", ""V483""]","{""n_estimators"": 332, ""max_depth"": 10, ""min_samples_leaf"": 2, ""min_samples_split"": 4, ""criterion"": ""gini"", ""class_weight"": ""balanced""}"
773,2026-06-06T09:19:57.531307+00:00,rf,ranking_extra,773,5080,3,1000,0.593616489888857,712,288,0.4989526692775753,"[""V176"", ""V255"", ""V191""]","{""n_estimators"": 84, ""max_depth"": 5, ""min_samples_leaf"": 3, ""min_samples_split"": 5, ""criterion"": ""entropy"", ""class_weight"": ""balanced""}"
774,2026-06-06T09:20:25.122959+00:00,rf,ranking_extra,774,4975,3,1000,0.5976969967818595,705,295,0.4968094882117639,"[""V176"", ""V255"", ""V191""]","{""n_estimators"": 75, ""max_depth"": 6, ""min_samples_leaf"": 4, ""min_samples_split"": 6, ""criterion"": ""entropy"", ""class_weight"": null}"
775,2026-06-06T09:21:13.914648+00:00,rf,ranking_extra,775,4825,3,1000,0.6158354616309732,695,305,0.49810977142230434,"[""V176"", ""V255"", ""V191""]","{""n_estimators"": 128, ""max_depth"": 8, ""min_samples_leaf"": 1, ""min_samples_split"": 6, ""criterion"": ""gini"", ""class_weight"": ""balanced""}"
776,2026-06-06T09:24:01.514169+00:00,rf,ranking_extra,776,4870,6,1000,0.6499905845453402,738,262,0.4957265925295538,"[""V176"", ""V255"", ""V191"", ""V224"", ""V215"", ""V483""]","{""n_estimators"": 434, ""max_depth"": 11, ""min_samples_leaf"": 4, ""min_samples_split"": 9, ""criterion"": ""gini"", ""class_weight"": ""balanced""}"
777,2026-06-06T09:26:50.724587+00:00,rf,ranking_extra,777,4885,6,1000,0.6484574305161572,739,261,0.4963981960308472,"[""V176"", ""V255"", ""V191"", ""V224"", ""V215"", ""V483""]","{""n_estimators"": 427, ""max_depth"": 11, ""min_samples_leaf"": 4, ""min_samples_split"": 8, ""criterion"": ""entropy"", ""class_weight"": ""balanced""}"
778,2026-06-06T09:27:45.288504+00:00,rf,ranking_extra,778,5005,3,1000,0.6055244910277939,707,293,0.49696332380058966,"[""V176"", ""V255"", ""V191""]","{""n_estimators"": 153, ""max_depth"": 7, ""min_samples_leaf"": 4, ""min_samples_split"": 5, ""criterion"": ""entropy"", ""class_weight"": null}"
779,2026-06-06T09:30:22.100417+00:00,rf,ranking_extra,779,4940,3,998,0.5896127474191539,702,296,0.4996802728470546,"[""V176"", ""V255"", ""V191""]","{""n_estimators"": 407, ""max_depth"": 4, ""min_samples_leaf"": 1, ""min_samples_split"": 7, ""criterion"": ""entropy"", ""class_weight"": ""balanced""}"
780,2026-06-06T09:32:24.368961+00:00,rf,ranking_extra,780,4995,3,999,0.602715090011142,706,293,0.4993646596920127,"[""V176"", ""V255"", ""V191""]","{""n_estimators"": 324, ""max_depth"": 6, ""min_samples_leaf"": 2, ""min_samples_split"": 3, ""criterion"": ""entropy"", ""class_weight"": ""balanced""}"
781,2026-06-06T09:34:05.122910+00:00,rf,ranking_extra,781,5005,3,994,0.6068542116350281,705,289,0.4989328583904251,"[""V176"", ""V255"", ""V191""]","{""n_estimators"": 263, ""max_depth"": 7, ""min_samples_leaf"": 2, ""min_samples_split"": 9, ""criterion"": ""entropy"", ""class_weight"": ""balanced""}"
782,2026-06-06T09:36:00.232190+00:00,rf,ranking_extra,782,4860,3,999,0.6108185807189989,697,302,0.4969343525666537,"[""V176"", ""V255"", ""V191""]","{""n_estimators"": 326, ""max_depth"": 7, ""min_samples_leaf"": 3, ""min_samples_split"": 4, ""criterion"": ""gini"", ""class_weight"": null}"
783,2026-06-06T09:36:23.366222+00:00,rf,ranking_extra,783,4960,3,1000,0.5938397720380294,704,296,0.497495844409397,"[""V176"", ""V255"", ""V191""]","{""n_estimators"": 60, ""max_depth"": 5, ""min_samples_leaf"": 1, ""min_samples_split"": 8, ""criterion"": ""entropy"", ""class_weight"": null}"
784,2026-06-06T09:38:57.297109+00:00,rf,ranking_extra,784,4900,3,997,0.6117737940588172,699,298,0.49681100701592257,"[""V176"", ""V255"", ""V191""]","{""n_estimators"": 443, ""max_depth"": 7, ""min_samples_leaf"": 3, ""min_samples_split"": 2, ""criterion"": ""gini"", ""class_weight"": null}"
785,2026-06-06T09:40:09.594386+00:00,rf,ranking_extra,785,4760,6,995,0.6382023099049755,729,266,0.4933892074416443,"[""V176"", ""V255"", ""V191"", ""V224"", ""V215"", ""V483""]","{""n_estimators"": 199, ""max_depth"": 10, ""min_samples_leaf"": 2, ""min_samples_split"": 6, ""criterion"": ""gini"", ""class_weight"": null}"
786,2026-06-06T09:41:40.065809+00:00,rf,ranking_extra,786,5060,3,998,0.5960074436624329,710,288,0.4973454225929941,"[""V176"", ""V255"", ""V191""]","{""n_estimators"": 266, ""max_depth"": 5, ""min_samples_leaf"": 1, ""min_samples_split"": 2, ""criterion"": ""gini"", ""class_weight"": null}"
787,2026-06-06T09:43:40.252700+00:00,rf,ranking_extra,787,4840,6,1000,0.6340321812761035,736,264,0.4946684191917057,"[""V176"", ""V255"", ""V191"", ""V224"", ""V215"", ""V483""]","{""n_estimators"": 336, ""max_depth"": 9, ""min_samples_leaf"": 4, ""min_samples_split"": 4, ""criterion"": ""gini"", ""class_weight"": null}"
788,2026-06-06T09:44:16.145613+00:00,rf,ranking_extra,788,4965,3,999,0.6084492204563694,704,295,0.49602764991757703,"[""V176"", ""V255"", ""V191""]","{""n_estimators"": 95, ""max_depth"": 8, ""min_samples_leaf"": 1, ""min_samples_split"": 7, ""criterion"": ""entropy"", ""class_weight"": null}"
789,2026-06-06T09:47:12.190515+00:00,rf,ranking_extra,789,4870,6,1000,0.6466961355769306,738,262,0.49318224668064203,"[""V176"", ""V255"", ""V191"", ""V224"", ""V215"", ""V483""]","{""n_estimators"": 484, ""max_depth"": 11, ""min_samples_leaf"": 3, ""min_samples_split"": 4, ""criterion"": ""gini"", ""class_weight"": null}"
790,2026-06-06T09:47:49.762166+00:00,rf,ranking_extra,790,4835,5,999,0.6440366274920968,722,277,0.49292474663013264,"[""V176"", ""V255"", ""V191"", ""V224"", ""V215""]","{""n_estimators"": 101, ""max_depth"": 11, ""min_samples_leaf"": 3, ""min_samples_split"": 8, ""criterion"": ""gini"", ""class_weight"": null}"
791,2026-06-06T09:49:42.671109+00:00,rf,ranking_extra,791,4885,3,1000,0.6138553945252645,699,301,0.49892133857674936,"[""V176"", ""V255"", ""V191""]","{""n_estimators"": 290, ""max_depth"": 8, ""min_samples_leaf"": 1, ""min_samples_split"": 2, ""criterion"": ""entropy"", ""class_weight"": ""balanced""}"
792,2026-06-06T09:52:52.944706+00:00,rf,ranking_extra,792,4850,3,998,0.6126832364283709,696,302,0.4991954875682788,"[""V176"", ""V255"", ""V191""]","{""n_estimators"": 497, ""max_depth"": 7, ""min_samples_leaf"": 1, ""min_samples_split"": 4, ""criterion"": ""gini"", ""class_weight"": ""balanced""}"
793,2026-06-06T09:53:56.362025+00:00,rf,ranking_extra,793,4820,4,1000,0.6282571487737041,708,292,0.4943952357946133,"[""V176"", ""V255"", ""V191"", ""V224""]","{""n_estimators"": 175, ""max_depth"": 10, ""min_samples_leaf"": 3, ""min_samples_split"": 2, ""criterion"": ""gini"", ""class_weight"": null}"
794,2026-06-06T09:55:04.371551+00:00,rf,ranking_extra,794,4825,6,1000,0.6296714799529926,735,265,0.49722181888645783,"[""V176"", ""V255"", ""V191"", ""V224"", ""V215"", ""V483""]","{""n_estimators"": 175, ""max_depth"": 8, ""min_samples_leaf"": 4, ""min_samples_split"": 4, ""criterion"": ""gini"", ""class_weight"": ""balanced""}"
795,2026-06-06T09:56:34.272626+00:00,rf,ranking_extra,795,4870,3,1000,0.6167095589169945,698,302,0.49866207093290266,"[""V176"", ""V255"", ""V191""]","{""n_estimators"": 229, ""max_depth"": 8, ""min_samples_leaf"": 1, ""min_samples_split"": 7, ""criterion"": ""gini"", ""class_weight"": ""balanced""}"
796,2026-06-06T09:58:40.792916+00:00,rf,ranking_extra,796,4935,5,1000,0.6386735540982608,729,271,0.4947534825024895,"[""V176"", ""V255"", ""V191"", ""V224"", ""V215""]","{""n_estimators"": 342, ""max_depth"": 10, ""min_samples_leaf"": 4, ""min_samples_split"": 4, ""criterion"": ""entropy"", ""class_weight"": null}"
797,2026-06-06T10:00:22.890651+00:00,rf,ranking_extra,797,4900,6,1000,0.6443940683400391,740,260,0.4934329657063382,"[""V176"", ""V255"", ""V191"", ""V224"", ""V215"", ""V483""]","{""n_estimators"": 280, ""max_depth"": 11, ""min_samples_leaf"": 3, ""min_samples_split"": 4, ""criterion"": ""entropy"", ""class_weight"": null}"
798,2026-06-06T10:02:59.851307+00:00,rf,ranking_extra,798,4930,6,1000,0.6425181324065479,742,258,0.4953779345601416,"[""V176"", ""V255"", ""V191"", ""V224"", ""V215"", ""V483""]","{""n_estimators"": 419, ""max_depth"": 10, ""min_samples_leaf"": 4, ""min_samples_split"": 8, ""criterion"": ""gini"", ""class_weight"": ""balanced""}"
799,2026-06-06T10:05:31.300377+00:00,rf,ranking_extra,799,5005,6,997,0.6340519286183368,746,251,0.4935239853117042,"[""V176"", ""V255"", ""V191"", ""V224"", ""V215"", ""V483""]","{""n_estimators"": 438, ""max_depth"": 10, ""min_samples_leaf"": 1, ""min_samples_split"": 5, ""criterion"": ""entropy"", ""class_weight"": null}"
800,2026-06-06T10:08:09.632584+00:00,rf,ranking_extra,800,4955,3,998,0.6072555702850628,703,295,0.4970387649316184,"[""V176"", ""V255"", ""V191""]","{""n_estimators"": 455, ""max_depth"": 7, ""min_samples_leaf"": 4, ""min_samples_split"": 8, ""criterion"": ""entropy"", ""class_weight"": null}"
801,2026-06-06T10:10:29.834711+00:00,rf,ranking_extra,801,4840,6,1000,0.6465795600737094,736,264,0.4926439778456506,"[""V176"", ""V255"", ""V191"", ""V224"", ""V215"", ""V483""]","{""n_estimators"": 385, ""max_depth"": 11, ""min_samples_leaf"": 3, ""min_samples_split"": 5, ""criterion"": ""gini"", ""class_weight"": null}"
802,2026-06-06T10:12:19.910718+00:00,rf,ranking_extra,802,4955,3,998,0.5982206734264163,703,295,0.49706911535125364,"[""V176"", ""V255"", ""V191""]","{""n_estimators"": 324, ""max_depth"": 5, ""min_samples_leaf"": 4, ""min_samples_split"": 2, ""criterion"": ""gini"", ""class_weight"": null}"
803,2026-06-06T10:13:43.728459+00:00,rf,ranking_extra,803,4945,3,1000,0.6009941304023999,703,297,0.49708152294339636,"[""V176"", ""V255"", ""V191""]","{""n_estimators"": 242, ""max_depth"": 6, ""min_samples_leaf"": 2, ""min_samples_split"": 7, ""criterion"": ""entropy"", ""class_weight"": null}"
804,2026-06-06T10:14:21.273620+00:00,rf,ranking_extra,804,4995,3,999,0.5953782181056536,706,293,0.4966859163154378,"[""V176"", ""V255"", ""V191""]","{""n_estimators"": 111, ""max_depth"": 5, ""min_samples_leaf"": 2, ""min_samples_split"": 4, ""criterion"": ""gini"", ""class_weight"": null}"
805,2026-06-06T10:16:48.579520+00:00,rf,ranking_extra,805,4980,5,997,0.6386631577454821,731,266,0.4952356411236746,"[""V176"", ""V255"", ""V191"", ""V224"", ""V215""]","{""n_estimators"": 371, ""max_depth"": 11, ""min_samples_leaf"": 1, ""min_samples_split"": 4, ""criterion"": ""entropy"", ""class_weight"": ""balanced""}"
806,2026-06-06T10:17:37.199492+00:00,rf,ranking_extra,806,4710,6,996,0.642432257448156,726,270,0.4939015919673417,"[""V176"", ""V255"", ""V191"", ""V224"", ""V215"", ""V483""]","{""n_estimators"": 122, ""max_depth"": 11, ""min_samples_leaf"": 1, ""min_samples_split"": 5, ""criterion"": ""gini"", ""class_weight"": ""balanced""}"
807,2026-06-06T10:18:06.260841+00:00,rf,ranking_extra,807,4710,3,999,0.6285044755146428,687,312,0.4949659429881274,"[""V176"", ""V255"", ""V191""]","{""n_estimators"": 75, ""max_depth"": 11, ""min_samples_leaf"": 1, ""min_samples_split"": 6, ""criterion"": ""gini"", ""class_weight"": null}"
808,2026-06-06T10:20:54.895383+00:00,rf,ranking_extra,808,4905,5,1000,0.6376740074766516,727,273,0.49677576407948265,"[""V176"", ""V255"", ""V191"", ""V224"", ""V215""]","{""n_estimators"": 446, ""max_depth"": 9, ""min_samples_leaf"": 4, ""min_samples_split"": 5, ""criterion"": ""gini"", ""class_weight"": ""balanced""}"
809,2026-06-06T10:22:41.721568+00:00,rf,ranking_extra,809,4945,3,1000,0.6148242502573994,703,297,0.4965399818090431,"[""V176"", ""V255"", ""V191""]","{""n_estimators"": 295, ""max_depth"": 9, ""min_samples_leaf"": 3, ""min_samples_split"": 7, ""criterion"": ""entropy"", ""class_weight"": null}"
810,2026-06-06T10:24:52.408435+00:00,rf,ranking_extra,810,5020,3,997,0.5895301600540663,707,290,0.49957559549839226,"[""V176"", ""V255"", ""V191""]","{""n_estimators"": 351, ""max_depth"": 4, ""min_samples_leaf"": 4, ""min_samples_split"": 3, ""criterion"": ""entropy"", ""class_weight"": ""balanced""}"
811,2026-06-06T10:27:36.841112+00:00,rf,ranking_extra,811,4720,6,1000,0.6444593783180311,728,272,0.4941495794351639,"[""V176"", ""V255"", ""V191"", ""V224"", ""V215"", ""V483""]","{""n_estimators"": 422, ""max_depth"": 11, ""min_samples_leaf"": 1, ""min_samples_split"": 7, ""criterion"": ""gini"", ""class_weight"": ""balanced""}"
812,2026-06-06T10:29:48.490939+00:00,rf,ranking_extra,812,4900,3,1000,0.5980941883385628,700,300,0.49726390835573037,"[""V176"", ""V255"", ""V191""]","{""n_estimators"": 376, ""max_depth"": 5, ""min_samples_leaf"": 2, ""min_samples_split"": 8, ""criterion"": ""gini"", ""class_weight"": null}"
813,2026-06-06T10:32:22.561749+00:00,rf,ranking_extra,813,4990,3,1000,0.5898493579023837,706,294,0.49736230597506875,"[""V176"", ""V255"", ""V191""]","{""n_estimators"": 442, ""max_depth"": 4, ""min_samples_leaf"": 1, ""min_samples_split"": 5, ""criterion"": ""entropy"", ""class_weight"": null}"
814,2026-06-06T10:32:59.450078+00:00,rf,ranking_extra,814,4870,3,1000,0.6028299740084236,698,302,0.4974258166081096,"[""V176"", ""V255"", ""V191""]","{""n_estimators"": 105, ""max_depth"": 6, ""min_samples_leaf"": 1, ""min_samples_split"": 3, ""criterion"": ""gini"", ""class_weight"": null}"
815,2026-06-06T10:34:21.888351+00:00,rf,ranking_extra,815,4980,3,996,0.6080159904734224,704,292,0.49901302561469874,"[""V176"", ""V255"", ""V191""]","{""n_estimators"": 215, ""max_depth"": 6, ""min_samples_leaf"": 4, ""min_samples_split"": 8, ""criterion"": ""gini"", ""class_weight"": ""balanced""}"
816,2026-06-06T10:35:59.852259+00:00,rf,ranking_extra,816,4900,3,1000,0.5921824424305148,700,300,0.49981562767980187,"[""V176"", ""V255"", ""V191""]","{""n_estimators"": 262, ""max_depth"": 4, ""min_samples_leaf"": 1, ""min_samples_split"": 7, ""criterion"": ""entropy"", ""class_weight"": ""balanced""}"
817,2026-06-06T10:36:46.425598+00:00,rf,ranking_extra,817,4920,3,999,0.6020797198201964,701,298,0.4974407889234135,"[""V176"", ""V255"", ""V191""]","{""n_estimators"": 134, ""max_depth"": 6, ""min_samples_leaf"": 1, ""min_samples_split"": 5, ""criterion"": ""gini"", ""class_weight"": null}"
818,2026-06-06T10:38:37.125523+00:00,rf,ranking_extra,818,4995,3,999,0.6006346743207448,706,293,0.4967090131176515,"[""V176"", ""V255"", ""V191""]","{""n_estimators"": 313, ""max_depth"": 6, ""min_samples_leaf"": 3, ""min_samples_split"": 4, ""criterion"": ""entropy"", ""class_weight"": null}"
819,2026-06-06T10:41:11.581018+00:00,rf,ranking_extra,819,5015,6,995,0.645999925559337,746,249,0.4938962643634313,"[""V176"", ""V255"", ""V191"", ""V224"", ""V215"", ""V483""]","{""n_estimators"": 423, ""max_depth"": 11, ""min_samples_leaf"": 4, ""min_samples_split"": 6, ""criterion"": ""entropy"", ""class_weight"": null}"
820,2026-06-06T10:44:20.561501+00:00,rf,ranking_extra,820,4875,5,1000,0.6329769964006564,725,275,0.49536407441069114,"[""V176"", ""V255"", ""V191"", ""V224"", ""V215""]","{""n_estimators"": 499, ""max_depth"": 9, ""min_samples_leaf"": 1, ""min_samples_split"": 3, ""criterion"": ""gini"", ""class_weight"": ""balanced""}"
821,2026-06-06T10:45:41.644590+00:00,rf,ranking_extra,821,5035,3,1000,0.608273164385217,709,291,0.496482068942231,"[""V176"", ""V255"", ""V191""]","{""n_estimators"": 227, ""max_depth"": 7, ""min_samples_leaf"": 4, ""min_samples_split"": 3, ""criterion"": ""entropy"", ""class_weight"": null}"
822,2026-06-06T10:47:29.465518+00:00,rf,ranking_extra,822,4890,5,1000,0.6365591678270417,726,274,0.49317651027804316,"[""V176"", ""V255"", ""V191"", ""V224"", ""V215""]","{""n_estimators"": 289, ""max_depth"": 11, ""min_samples_leaf"": 1, ""min_samples_split"": 5, ""criterion"": ""entropy"", ""class_weight"": null}"
823,2026-06-06T10:49:27.683937+00:00,rf,ranking_extra,823,4950,3,999,0.5944270269693811,703,296,0.49704868289976567,"[""V176"", ""V255"", ""V191""]","{""n_estimators"": 344, ""max_depth"": 5, ""min_samples_leaf"": 4, ""min_samples_split"": 9, ""criterion"": ""entropy"", ""class_weight"": null}"
824,2026-06-06T10:51:09.584620+00:00,rf,ranking_extra,824,4810,3,997,0.6241366022327501,693,304,0.4981528520670879,"[""V176"", ""V255"", ""V191""]","{""n_estimators"": 266, ""max_depth"": 9, ""min_samples_leaf"": 2, ""min_samples_split"": 4, ""criterion"": ""gini"", ""class_weight"": ""balanced""}"
825,2026-06-06T10:53:29.939802+00:00,rf,ranking_extra,825,4915,3,1000,0.6033796922329667,701,299,0.4991695011852313,"[""V176"", ""V255"", ""V191""]","{""n_estimators"": 371, ""max_depth"": 6, ""min_samples_leaf"": 2, ""min_samples_split"": 5, ""criterion"": ""entropy"", ""class_weight"": ""balanced""}"
826,2026-06-06T10:55:29.852466+00:00,rf,ranking_extra,826,5025,5,1000,0.6238960406431701,735,265,0.49758103253484276,"[""V176"", ""V255"", ""V191"", ""V224"", ""V215""]","{""n_estimators"": 309, ""max_depth"": 8, ""min_samples_leaf"": 3, ""min_samples_split"": 2, ""criterion"": ""entropy"", ""class_weight"": ""balanced""}"
827,2026-06-06T10:56:07.530387+00:00,rf,ranking_extra,827,4945,3,1000,0.6101877758892877,703,297,0.49702421871722674,"[""V176"", ""V255"", ""V191""]","{""n_estimators"": 99, ""max_depth"": 8, ""min_samples_leaf"": 2, ""min_samples_split"": 4, ""criterion"": ""entropy"", ""class_weight"": null}"
828,2026-06-06T10:57:17.743053+00:00,rf,ranking_extra,828,4915,6,1000,0.630702751210678,741,259,0.4949740595094143,"[""V176"", ""V255"", ""V191"", ""V224"", ""V215"", ""V483""]","{""n_estimators"": 187, ""max_depth"": 9, ""min_samples_leaf"": 2, ""min_samples_split"": 8, ""criterion"": ""entropy"", ""class_weight"": null}"
829,2026-06-06T10:59:25.485555+00:00,rf,ranking_extra,829,4905,3,999,0.6124025469892207,700,299,0.49918198400635044,"[""V176"", ""V255"", ""V191""]","{""n_estimators"": 339, ""max_depth"": 7, ""min_samples_leaf"": 1, ""min_samples_split"": 5, ""criterion"": ""gini"", ""class_weight"": ""balanced""}"
830,2026-06-06T11:01:54.184181+00:00,rf,ranking_extra,830,5050,3,1000,0.6060504871025223,710,290,0.49705012022376904,"[""V176"", ""V255"", ""V191""]","{""n_estimators"": 417, ""max_depth"": 7, ""min_samples_leaf"": 1, ""min_samples_split"": 8, ""criterion"": ""entropy"", ""class_weight"": null}"
831,2026-06-06T11:02:37.487582+00:00,rf,ranking_extra,831,4965,3,996,0.5959255865200275,703,293,0.4969441988094587,"[""V176"", ""V255"", ""V191""]","{""n_estimators"": 126, ""max_depth"": 5, ""min_samples_leaf"": 4, ""min_samples_split"": 6, ""criterion"": ""gini"", ""class_weight"": null}"
832,2026-06-06T11:03:28.507112+00:00,rf,ranking_extra,832,5005,3,1000,0.6001262082290958,707,293,0.49677099574194544,"[""V176"", ""V255"", ""V191""]","{""n_estimators"": 140, ""max_depth"": 6, ""min_samples_leaf"": 4, ""min_samples_split"": 3, ""criterion"": ""entropy"", ""class_weight"": null}"
833,2026-06-06T11:04:18.932256+00:00,rf,ranking_extra,833,4860,5,1000,0.6332275750591547,724,276,0.493308141270606,"[""V176"", ""V255"", ""V191"", ""V224"", ""V215""]","{""n_estimators"": 139, ""max_depth"": 9, ""min_samples_leaf"": 1, ""min_samples_split"": 5, ""criterion"": ""gini"", ""class_weight"": null}"
834,2026-06-06T11:06:57.697482+00:00,rf,ranking_extra,834,4995,3,993,0.6145253188548849,704,289,0.49917783003998284,"[""V176"", ""V255"", ""V191""]","{""n_estimators"": 411, ""max_depth"": 8, ""min_samples_leaf"": 1, ""min_samples_split"": 3, ""criterion"": ""entropy"", ""class_weight"": ""balanced""}"
835,2026-06-06T11:07:28.940025+00:00,rf,ranking_extra,835,4830,3,999,0.6166688465084872,695,304,0.4985408894275157,"[""V176"", ""V255"", ""V191""]","{""n_estimators"": 78, ""max_depth"": 8, ""min_samples_leaf"": 1, ""min_samples_split"": 8, ""criterion"": ""gini"", ""class_weight"": ""balanced""}"
836,2026-06-06T11:08:25.462939+00:00,rf,ranking_extra,836,4935,3,999,0.6113833785951717,702,297,0.49841938592465695,"[""V176"", ""V255"", ""V191""]","{""n_estimators"": 143, ""max_depth"": 7, ""min_samples_leaf"": 1, ""min_samples_split"": 5, ""criterion"": ""entropy"", ""class_weight"": ""balanced""}"
837,2026-06-06T11:10:32.101324+00:00,rf,ranking_extra,837,4730,6,998,0.6421500820951442,728,270,0.4952692207140563,"[""V176"", ""V255"", ""V191"", ""V224"", ""V215"", ""V483""]","{""n_estimators"": 329, ""max_depth"": 10, ""min_samples_leaf"": 3, ""min_samples_split"": 8, ""criterion"": ""gini"", ""class_weight"": ""balanced""}"
838,2026-06-06T11:11:35.628713+00:00,rf,ranking_extra,838,4940,3,998,0.6111395417828972,702,296,0.4983605828167914,"[""V176"", ""V255"", ""V191""]","{""n_estimators"": 162, ""max_depth"": 8, ""min_samples_leaf"": 1, ""min_samples_split"": 8, ""criterion"": ""entropy"", ""class_weight"": ""balanced""}"
839,2026-06-06T11:12:33.164970+00:00,rf,ranking_extra,839,4955,3,998,0.6180160324104723,703,295,0.4988924323965466,"[""V176"", ""V255"", ""V191""]","{""n_estimators"": 143, ""max_depth"": 9, ""min_samples_leaf"": 3, ""min_samples_split"": 8, ""criterion"": ""entropy"", ""class_weight"": ""balanced""}"
